#Hora	Tint	Ta	Tsa	Hr	Hc	T1	T2	<T12>	Keq2
#1	2	3	4	5	6	7	8	9	10
0.00	35.81	24.05	24.05	3.42	1.80	32.020597	35.285283	33.751414	0.580167
0.00	35.81	24.04	24.04	3.42	1.80	32.014888	35.280916	33.746401	0.580168
0.01	35.80	24.03	24.03	3.42	1.80	32.009178	35.276548	33.741387	0.580169
0.01	35.80	24.02	24.02	3.42	1.80	32.003467	35.272178	33.736371	0.580171
0.01	35.79	24.02	24.02	3.42	1.80	31.997755	35.267806	33.731354	0.580172
0.01	35.79	24.01	24.01	3.42	1.80	31.992042	35.263433	33.726336	0.580173
0.02	35.79	24.00	24.00	3.42	1.80	31.986329	35.259057	33.721317	0.580174
0.02	35.78	23.99	23.99	3.42	1.80	31.980614	35.254680	33.716296	0.580176
0.02	35.78	23.98	23.98	3.42	1.80	31.974899	35.250301	33.711273	0.580177
0.03	35.77	23.98	23.98	3.42	1.80	31.969183	35.245920	33.706250	0.580178
0.03	35.77	23.97	23.97	3.42	1.80	31.963466	35.241538	33.701225	0.580179
0.03	35.76	23.96	23.96	3.42	1.80	31.957748	35.237153	33.696198	0.580180
0.03	35.76	23.95	23.95	3.42	1.80	31.952029	35.232767	33.691171	0.580182
0.04	35.76	23.95	23.95	3.42	1.80	31.946310	35.228379	33.686142	0.580183
0.04	35.75	23.94	23.94	3.42	1.80	31.940589	35.223990	33.681111	0.580184
0.04	35.75	23.93	23.93	3.42	1.80	31.934868	35.219598	33.676079	0.580185
0.04	35.74	23.92	23.92	3.42	1.80	31.929146	35.215205	33.671046	0.580186
0.05	35.74	23.91	23.91	3.42	1.80	31.923423	35.210810	33.666012	0.580187
0.05	35.74	23.91	23.91	3.42	1.80	31.917699	35.206413	33.660976	0.580188
0.05	35.73	23.90	23.90	3.42	1.80	31.911975	35.202015	33.655939	0.580190
0.06	35.73	23.89	23.89	3.42	1.80	31.906250	35.197615	33.650901	0.580191
0.06	35.72	23.88	23.88	3.42	1.80	31.900523	35.193213	33.645861	0.580192
0.06	35.72	23.88	23.88	3.42	1.80	31.894796	35.188809	33.640820	0.580193
0.06	35.71	23.87	23.87	3.42	1.80	31.889069	35.184403	33.635777	0.580194
0.07	35.71	23.86	23.86	3.42	1.80	31.883340	35.179996	33.630734	0.580195
0.07	35.71	23.85	23.85	3.41	1.80	31.877611	35.175587	33.625689	0.580196
0.07	35.70	23.84	23.84	3.41	1.80	31.871880	35.171176	33.620642	0.580197
0.07	35.70	23.84	23.84	3.41	1.80	31.866149	35.166764	33.615595	0.580198
0.08	35.69	23.83	23.83	3.41	1.80	31.860417	35.162349	33.610546	0.580199
0.08	35.69	23.82	23.82	3.41	1.80	31.854685	35.157933	33.605495	0.580200
0.08	35.69	23.81	23.81	3.41	1.80	31.848951	35.153516	33.600444	0.580201
0.09	35.68	23.81	23.81	3.41	1.80	31.843217	35.149096	33.595391	0.580202
0.09	35.68	23.80	23.80	3.41	1.80	31.837482	35.144675	33.590336	0.580203
0.09	35.67	23.79	23.79	3.41	1.80	31.831746	35.140252	33.585281	0.580204
0.09	35.67	23.78	23.78	3.41	1.80	31.826009	35.135827	33.580224	0.580205
0.10	35.66	23.78	23.78	3.41	1.80	31.820271	35.131400	33.575166	0.580206
0.10	35.66	23.77	23.77	3.41	1.80	31.814533	35.126972	33.570106	0.580207
0.10	35.66	23.76	23.76	3.41	1.80	31.808794	35.122542	33.565046	0.580208
0.11	35.65	23.75	23.75	3.41	1.80	31.803054	35.118110	33.559983	0.580209
0.11	35.65	23.74	23.74	3.41	1.80	31.797313	35.113677	33.554920	0.580210
0.11	35.64	23.74	23.74	3.41	1.81	31.791571	35.109242	33.549855	0.580211
0.11	35.64	23.73	23.73	3.41	1.81	31.785829	35.104805	33.544789	0.580212
0.12	35.63	23.72	23.72	3.41	1.81	31.780086	35.100366	33.539722	0.580212
0.12	35.63	23.71	23.71	3.41	1.81	31.774342	35.095926	33.534654	0.580213
0.12	35.63	23.71	23.71	3.41	1.81	31.768597	35.091484	33.529584	0.580214
0.12	35.62	23.70	23.70	3.41	1.81	31.762851	35.087040	33.524512	0.580215
0.13	35.62	23.69	23.69	3.41	1.81	31.757105	35.082594	33.519440	0.580216
0.13	35.61	23.68	23.68	3.41	1.81	31.751357	35.078147	33.514366	0.580217
0.13	35.61	23.67	23.67	3.41	1.81	31.745609	35.073698	33.509291	0.580218
0.14	35.61	23.67	23.67	3.41	1.81	31.739861	35.069247	33.504215	0.580219
0.14	35.60	23.66	23.66	3.41	1.81	31.734111	35.064794	33.499137	0.580219
0.14	35.60	23.65	23.65	3.41	1.81	31.728361	35.060340	33.494058	0.580220
0.14	35.59	23.64	23.64	3.41	1.81	31.722610	35.055884	33.488978	0.580221
0.15	35.59	23.64	23.64	3.41	1.81	31.716858	35.051427	33.483897	0.580222
0.15	35.58	23.63	23.63	3.41	1.81	31.711105	35.046967	33.478814	0.580223
0.15	35.58	23.62	23.62	3.41	1.81	31.705351	35.042506	33.473730	0.580223
0.16	35.58	23.61	23.61	3.41	1.81	31.699597	35.038043	33.468645	0.580224
0.16	35.57	23.61	23.61	3.41	1.81	31.693842	35.033579	33.463558	0.580225
0.16	35.57	23.60	23.60	3.41	1.81	31.688086	35.029113	33.458470	0.580226
0.16	35.56	23.59	23.59	3.41	1.81	31.682329	35.024645	33.453381	0.580226
0.17	35.56	23.58	23.58	3.41	1.81	31.676572	35.020175	33.448291	0.580227
0.17	35.55	23.57	23.57	3.41	1.81	31.670814	35.015704	33.443199	0.580228
0.17	35.55	23.57	23.57	3.41	1.81	31.665055	35.011230	33.438107	0.580229
0.17	35.55	23.56	23.56	3.41	1.81	31.659295	35.006756	33.433012	0.580229
0.18	35.54	23.55	23.55	3.41	1.81	31.653534	35.002279	33.427917	0.580230
0.18	35.54	23.54	23.54	3.41	1.81	31.647773	34.997801	33.422820	0.580231
0.18	35.53	23.54	23.54	3.41	1.81	31.642011	34.993321	33.417722	0.580231
0.19	35.53	23.53	23.53	3.41	1.81	31.636248	34.988840	33.412623	0.580232
0.19	35.52	23.52	23.52	3.41	1.81	31.630485	34.984356	33.407523	0.580233
0.19	35.52	23.51	23.51	3.41	1.81	31.624720	34.979871	33.402421	0.580233
0.19	35.52	23.51	23.51	3.41	1.81	31.618955	34.975385	33.397318	0.580234
0.20	35.51	23.50	23.50	3.41	1.81	31.613190	34.970896	33.392214	0.580235
0.20	35.51	23.49	23.49	3.41	1.81	31.607423	34.966406	33.387108	0.580235
0.20	35.50	23.48	23.48	3.41	1.81	31.601656	34.961914	33.382001	0.580236
0.21	35.50	23.47	23.47	3.41	1.81	31.595887	34.957421	33.376893	0.580237
0.21	35.49	23.47	23.47	3.41	1.81	31.590119	34.952926	33.371784	0.580237
0.21	35.49	23.46	23.46	3.41	1.81	31.584349	34.948429	33.366674	0.580238
0.21	35.49	23.45	23.45	3.41	1.81	31.578579	34.943931	33.361562	0.580238
0.22	35.48	23.44	23.44	3.41	1.81	31.572808	34.939430	33.356449	0.580239
0.22	35.48	23.44	23.44	3.41	1.81	31.567036	34.934928	33.351335	0.580240
0.22	35.47	23.43	23.43	3.41	1.81	31.561263	34.930425	33.346219	0.580240
0.23	35.47	23.42	23.42	3.41	1.81	31.555490	34.925920	33.341103	0.580241
0.23	35.46	23.41	23.41	3.41	1.81	31.549716	34.921413	33.335985	0.580241
0.23	35.46	23.41	23.41	3.40	1.81	31.543941	34.916904	33.330866	0.580242
0.23	35.46	23.40	23.40	3.40	1.81	31.538166	34.912394	33.325745	0.580242
0.24	35.45	23.39	23.39	3.40	1.81	31.532389	34.907882	33.320624	0.580243
0.24	35.45	23.38	23.38	3.40	1.81	31.526612	34.903368	33.315501	0.580243
0.24	35.44	23.38	23.38	3.40	1.81	31.520835	34.898853	33.310377	0.580244
0.24	35.44	23.37	23.37	3.40	1.81	31.515056	34.894336	33.305251	0.580244
0.25	35.43	23.36	23.36	3.40	1.81	31.509277	34.889817	33.300125	0.580245
0.25	35.43	23.35	23.35	3.40	1.81	31.503497	34.885297	33.294997	0.580245
0.25	35.43	23.34	23.34	3.40	1.81	31.497717	34.880775	33.289868	0.580246
0.26	35.42	23.34	23.34	3.40	1.81	31.491936	34.876251	33.284738	0.580246
0.26	35.42	23.33	23.33	3.40	1.82	31.486154	34.871726	33.279607	0.580247
0.26	35.41	23.32	23.32	3.40	1.82	31.480371	34.867199	33.274474	0.580247
0.26	35.41	23.31	23.31	3.40	1.82	31.474587	34.862670	33.269340	0.580247
0.27	35.40	23.31	23.31	3.40	1.82	31.468803	34.858140	33.264205	0.580248
0.27	35.40	23.30	23.30	3.40	1.82	31.463018	34.853608	33.259069	0.580248
0.27	35.40	23.29	23.29	3.40	1.82	31.457233	34.849074	33.253931	0.580249
0.28	35.39	23.28	23.28	3.40	1.82	31.451447	34.844539	33.248793	0.580249
0.28	35.39	23.28	23.28	3.40	1.82	31.445660	34.840002	33.243653	0.580249
0.28	35.38	23.27	23.27	3.40	1.82	31.439872	34.835464	33.238512	0.580250
0.28	35.38	23.26	23.26	3.40	1.82	31.434084	34.830923	33.233369	0.580250
0.29	35.37	23.25	23.25	3.40	1.82	31.428295	34.826381	33.228226	0.580251
0.29	35.37	23.25	23.25	3.40	1.82	31.422505	34.821838	33.223081	0.580251
0.29	35.37	23.24	23.24	3.40	1.82	31.416715	34.817293	33.217935	0.580251
0.29	35.36	23.23	23.23	3.40	1.82	31.410923	34.812746	33.212788	0.580252
0.30	35.36	23.22	23.22	3.40	1.82	31.405132	34.808197	33.207640	0.580252
0.30	35.35	23.21	23.21	3.40	1.82	31.399339	34.803647	33.202490	0.580252
0.30	35.35	23.21	23.21	3.40	1.82	31.393546	34.799095	33.197339	0.580253
0.31	35.34	23.20	23.20	3.40	1.82	31.387752	34.794542	33.192188	0.580253
0.31	35.34	23.19	23.19	3.40	1.82	31.381958	34.789987	33.187034	0.580253
0.31	35.34	23.18	23.18	3.40	1.82	31.376162	34.785430	33.181880	0.580253
0.31	35.33	23.18	23.18	3.40	1.82	31.370367	34.780872	33.176725	0.580254
0.32	35.33	23.17	23.17	3.40	1.82	31.364570	34.776312	33.171568	0.580254
0.32	35.32	23.16	23.16	3.40	1.82	31.358773	34.771750	33.166410	0.580254
0.32	35.32	23.15	23.15	3.40	1.82	31.352975	34.767187	33.161251	0.580255
0.33	35.31	23.15	23.15	3.40	1.82	31.347176	34.762622	33.156091	0.580255
0.33	35.31	23.14	23.14	3.40	1.82	31.341377	34.758056	33.150930	0.580255
0.33	35.31	23.13	23.13	3.40	1.82	31.335577	34.753488	33.145767	0.580255
0.33	35.30	23.12	23.12	3.40	1.82	31.329777	34.748918	33.140603	0.580255
0.34	35.30	23.12	23.12	3.40	1.82	31.323976	34.744346	33.135438	0.580256
0.34	35.29	23.11	23.11	3.40	1.82	31.318174	34.739773	33.130272	0.580256
0.34	35.29	23.10	23.10	3.40	1.82	31.312371	34.735199	33.125105	0.580256
0.34	35.28	23.09	23.09	3.40	1.82	31.306568	34.730622	33.119937	0.580256
0.35	35.28	23.09	23.09	3.40	1.82	31.300764	34.726044	33.114767	0.580256
0.35	35.27	23.08	23.08	3.40	1.82	31.294960	34.721465	33.109596	0.580257
0.35	35.27	23.07	23.07	3.40	1.82	31.289155	34.716884	33.104424	0.580257
0.36	35.27	23.06	23.06	3.40	1.82	31.283349	34.712301	33.099251	0.580257
0.36	35.26	23.06	23.06	3.40	1.82	31.277542	34.707717	33.094077	0.580257
0.36	35.26	23.05	23.05	3.40	1.82	31.271735	34.703131	33.088902	0.580257
0.36	35.25	23.04	23.04	3.40	1.82	31.265928	34.698543	33.083725	0.580257
0.37	35.25	23.03	23.03	3.40	1.82	31.260119	34.693954	33.078547	0.580257
0.37	35.24	23.03	23.03	3.40	1.82	31.254310	34.689363	33.073369	0.580258
0.37	35.24	23.02	23.02	3.40	1.82	31.248501	34.684771	33.068189	0.580258
0.38	35.24	23.01	23.01	3.40	1.82	31.242691	34.680177	33.063007	0.580258
0.38	35.23	23.00	23.00	3.40	1.82	31.236880	34.675581	33.057825	0.580258
0.38	35.23	23.00	23.00	3.40	1.82	31.231068	34.670984	33.052642	0.580258
0.38	35.22	22.99	22.99	3.40	1.82	31.225256	34.666385	33.047457	0.580258
0.39	35.22	22.98	22.98	3.40	1.82	31.219443	34.661784	33.042271	0.580258
0.39	35.21	22.97	22.97	3.40	1.82	31.213630	34.657182	33.037084	0.580258
0.39	35.21	22.96	22.96	3.39	1.82	31.207816	34.652579	33.031896	0.580258
0.39	35.20	22.96	22.96	3.39	1.82	31.202001	34.647973	33.026707	0.580258
0.40	35.20	22.95	22.95	3.39	1.82	31.196186	34.643366	33.021517	0.580258
0.40	35.20	22.94	22.94	3.39	1.82	31.190370	34.638758	33.016325	0.580258
0.40	35.19	22.93	22.93	3.39	1.82	31.184554	34.634148	33.011133	0.580258
0.41	35.19	22.93	22.93	3.39	1.82	31.178737	34.629536	33.005939	0.580258
0.41	35.18	22.92	22.92	3.39	1.82	31.172919	34.624923	33.000744	0.580258
0.41	35.18	22.91	22.91	3.39	1.82	31.167101	34.620308	32.995548	0.580258
0.41	35.17	22.90	22.90	3.39	1.83	31.161282	34.615692	32.990351	0.580258
0.42	35.17	22.90	22.90	3.39	1.83	31.155463	34.611074	32.985153	0.580258
0.42	35.17	22.89	22.89	3.39	1.83	31.149643	34.606454	32.979953	0.580258
0.42	35.16	22.88	22.88	3.39	1.83	31.143822	34.601833	32.974753	0.580258
0.42	35.16	22.87	22.87	3.39	1.83	31.138001	34.597210	32.969551	0.580258
0.43	35.15	22.87	22.87	3.39	1.83	31.132179	34.592586	32.964349	0.580258
0.43	35.15	22.86	22.86	3.39	1.83	31.126356	34.587960	32.959145	0.580258
0.43	35.14	22.85	22.85	3.39	1.83	31.120533	34.583332	32.953940	0.580258
0.44	35.14	22.84	22.84	3.39	1.83	31.114710	34.578703	32.948734	0.580258
0.44	35.13	22.84	22.84	3.39	1.83	31.108886	34.574073	32.943527	0.580257
0.44	35.13	22.83	22.83	3.39	1.83	31.103061	34.569440	32.938318	0.580257
0.44	35.13	22.82	22.82	3.39	1.83	31.097235	34.564807	32.933109	0.580257
0.45	35.12	22.81	22.81	3.39	1.83	31.091409	34.560171	32.927898	0.580257
0.45	35.12	22.81	22.81	3.39	1.83	31.085583	34.555534	32.922687	0.580257
0.45	35.11	22.80	22.80	3.39	1.83	31.079756	34.550896	32.917474	0.580257
0.46	35.11	22.79	22.79	3.39	1.83	31.073928	34.546256	32.912260	0.580257
0.46	35.10	22.78	22.78	3.39	1.83	31.068100	34.541614	32.907045	0.580256
0.46	35.10	22.78	22.78	3.39	1.83	31.062271	34.536971	32.901829	0.580256
0.46	35.09	22.77	22.77	3.39	1.83	31.056442	34.532326	32.896612	0.580256
0.47	35.09	22.76	22.76	3.39	1.83	31.050612	34.527680	32.891394	0.580256
0.47	35.09	22.75	22.75	3.39	1.83	31.044781	34.523032	32.886175	0.580256
0.47	35.08	22.75	22.75	3.39	1.83	31.038950	34.518382	32.880954	0.580255
0.47	35.08	22.74	22.74	3.39	1.83	31.033119	34.513731	32.875733	0.580255
0.48	35.07	22.73	22.73	3.39	1.83	31.027286	34.509079	32.870510	0.580255
0.48	35.07	22.72	22.72	3.39	1.83	31.021454	34.504424	32.865286	0.580255
0.48	35.06	22.72	22.72	3.39	1.83	31.015620	34.499769	32.860062	0.580255
0.49	35.06	22.71	22.71	3.39	1.83	31.009787	34.495111	32.854836	0.580254
0.49	35.05	22.70	22.70	3.39	1.83	31.003952	34.490453	32.849609	0.580254
0.49	35.05	22.69	22.69	3.39	1.83	30.998117	34.485792	32.844381	0.580254
0.49	35.05	22.69	22.69	3.39	1.83	30.992282	34.481130	32.839152	0.580254
0.50	35.04	22.68	22.68	3.39	1.83	30.986446	34.476467	32.833922	0.580253
0.50	35.04	22.67	22.67	3.39	1.83	30.980609	34.471802	32.828690	0.580253
0.50	35.03	22.66	22.66	3.39	1.83	30.974772	34.467135	32.823458	0.580253
0.51	35.03	22.66	22.66	3.39	1.83	30.968934	34.462467	32.818225	0.580252
0.51	35.02	22.65	22.65	3.39	1.83	30.963096	34.457798	32.812990	0.580252
0.51	35.02	22.64	22.64	3.39	1.83	30.957258	34.453126	32.807755	0.580252
0.51	35.01	22.64	22.64	3.39	1.83	30.951418	34.448454	32.802518	0.580251
0.52	35.01	22.63	22.63	3.39	1.83	30.945579	34.443780	32.797280	0.580251
0.52	35.01	22.62	22.62	3.39	1.83	30.939738	34.439104	32.792042	0.580251
0.52	35.00	22.61	22.61	3.39	1.83	30.933897	34.434426	32.786802	0.580250
0.53	35.00	22.61	22.61	3.39	1.83	30.928056	34.429748	32.781561	0.580250
0.53	34.99	22.60	22.60	3.39	1.83	30.922214	34.425067	32.776319	0.580250
0.53	34.99	22.59	22.59	3.39	1.83	30.916372	34.420385	32.771076	0.580249
0.53	34.98	22.58	22.58	3.39	1.83	30.910529	34.415702	32.765832	0.580249
0.54	34.98	22.58	22.58	3.39	1.83	30.904686	34.411017	32.760587	0.580248
0.54	34.97	22.57	22.57	3.39	1.83	30.898842	34.406330	32.755341	0.580248
0.54	34.97	22.56	22.56	3.39	1.83	30.892997	34.401642	32.750094	0.580248
0.54	34.97	22.55	22.55	3.39	1.83	30.887152	34.396953	32.744846	0.580247
0.55	34.96	22.55	22.55	3.39	1.83	30.881307	34.392262	32.739596	0.580247
0.55	34.96	22.54	22.54	3.39	1.83	30.875461	34.387569	32.734346	0.580246
0.55	34.95	22.53	22.53	3.38	1.83	30.869614	34.382875	32.729095	0.580246
0.56	34.95	22.52	22.52	3.38	1.83	30.863768	34.378180	32.723842	0.580245
0.56	34.94	22.52	22.52	3.38	1.83	30.857920	34.373482	32.718589	0.580245
0.56	34.94	22.51	22.51	3.38	1.83	30.852072	34.368784	32.713334	0.580245
0.56	34.93	22.50	22.50	3.38	1.83	30.846224	34.364084	32.708079	0.580244
0.57	34.93	22.49	22.49	3.38	1.83	30.840375	34.359382	32.702822	0.580244
0.57	34.92	22.49	22.49	3.38	1.83	30.834525	34.354679	32.697565	0.580243
0.57	34.92	22.48	22.48	3.38	1.83	30.828675	34.349974	32.692306	0.580243
0.57	34.92	22.47	22.47	3.38	1.83	30.822825	34.345268	32.687047	0.580242
0.58	34.91	22.46	22.46	3.38	1.83	30.816974	34.340560	32.681786	0.580242
0.58	34.91	22.46	22.46	3.38	1.84	30.811123	34.335851	32.676524	0.580241
0.58	34.90	22.45	22.45	3.38	1.84	30.805271	34.331140	32.671262	0.580240
0.59	34.90	22.44	22.44	3.38	1.84	30.799419	34.326428	32.665998	0.580240
0.59	34.89	22.43	22.43	3.38	1.84	30.793566	34.321714	32.660733	0.580239
0.59	34.89	22.43	22.43	3.38	1.84	30.787713	34.316999	32.655467	0.580239
0.59	34.88	22.42	22.42	3.38	1.84	30.781859	34.312282	32.650201	0.580238
0.60	34.88	22.41	22.41	3.38	1.84	30.776005	34.307564	32.644933	0.580238
0.60	34.88	22.41	22.41	3.38	1.84	30.770150	34.302844	32.639664	0.580237
0.60	34.87	22.40	22.40	3.38	1.84	30.764295	34.298123	32.634394	0.580236
0.61	34.87	22.39	22.39	3.38	1.84	30.758439	34.293401	32.629123	0.580236
0.61	34.86	22.38	22.38	3.38	1.84	30.752583	34.288676	32.623852	0.580235
0.61	34.86	22.38	22.38	3.38	1.84	30.746727	34.283951	32.618579	0.580235
0.61	34.85	22.37	22.37	3.38	1.84	30.740870	34.279224	32.613305	0.580234
0.62	34.85	22.36	22.36	3.38	1.84	30.735012	34.274495	32.608030	0.580233
0.62	34.84	22.35	22.35	3.38	1.84	30.729155	34.269765	32.602754	0.580233
0.62	34.84	22.35	22.35	3.38	1.84	30.723296	34.265033	32.597477	0.580232
0.62	34.83	22.34	22.34	3.38	1.84	30.717438	34.260300	32.592199	0.580231
0.63	34.83	22.33	22.33	3.38	1.84	30.711578	34.255566	32.586921	0.580231
0.63	34.83	22.32	22.32	3.38	1.84	30.705719	34.250830	32.581641	0.580230
0.63	34.82	22.32	22.32	3.38	1.84	30.699859	34.246092	32.576360	0.580229
0.64	34.82	22.31	22.31	3.38	1.84	30.693998	34.241353	32.571078	0.580229
0.64	34.81	22.30	22.30	3.38	1.84	30.688137	34.236613	32.565795	0.580228
0.64	34.81	22.30	22.30	3.38	1.84	30.682276	34.231871	32.560512	0.580227
0.64	34.80	22.29	22.29	3.38	1.84	30.676414	34.227127	32.555227	0.580227
0.65	34.80	22.28	22.28	3.38	1.84	30.670552	34.222382	32.549941	0.580226
0.65	34.79	22.27	22.27	3.38	1.84	30.664689	34.217636	32.544654	0.580225
0.65	34.79	22.27	22.27	3.38	1.84	30.658826	34.212888	32.539367	0.580224
0.66	34.78	22.26	22.26	3.38	1.84	30.652962	34.208139	32.534078	0.580224
0.66	34.78	22.25	22.25	3.38	1.84	30.647098	34.203388	32.528788	0.580223
0.66	34.78	22.24	22.24	3.38	1.84	30.641234	34.198636	32.523497	0.580222
0.66	34.77	22.24	22.24	3.38	1.84	30.635369	34.193882	32.518206	0.580221
0.67	34.77	22.23	22.23	3.38	1.84	30.629504	34.189127	32.512913	0.580221
0.67	34.76	22.22	22.22	3.38	1.84	30.623638	34.184371	32.507620	0.580220
0.67	34.76	22.21	22.21	3.38	1.84	30.617772	34.179613	32.502325	0.580219
0.68	34.75	22.21	22.21	3.38	1.84	30.611905	34.174853	32.497030	0.580218
0.68	34.75	22.20	22.20	3.38	1.84	30.606039	34.170092	32.491733	0.580217
0.68	34.74	22.19	22.19	3.38	1.84	30.600171	34.165330	32.486436	0.580216
0.68	34.74	22.19	22.19	3.38	1.84	30.594304	34.160566	32.481137	0.580216
0.69	34.73	22.18	22.18	3.38	1.84	30.588435	34.155801	32.475838	0.580215
0.69	34.73	22.17	22.17	3.38	1.84	30.582567	34.151034	32.470538	0.580214
0.69	34.73	22.16	22.16	3.38	1.84	30.576698	34.146266	32.465236	0.580213
0.69	34.72	22.16	22.16	3.38	1.84	30.570829	34.141496	32.459934	0.580212
0.70	34.72	22.15	22.15	3.38	1.84	30.564959	34.136725	32.454631	0.580211
0.70	34.71	22.14	22.14	3.38	1.84	30.559089	34.131952	32.449327	0.580211
0.70	34.71	22.13	22.13	3.38	1.84	30.553219	34.127178	32.444022	0.580210
0.71	34.70	22.13	22.13	3.38	1.84	30.547348	34.122403	32.438716	0.580209
0.71	34.70	22.12	22.12	3.38	1.84	30.541476	34.117626	32.433409	0.580208
0.71	34.69	22.11	22.11	3.37	1.84	30.535605	34.112848	32.428101	0.580207
0.71	34.69	22.10	22.10	3.37	1.84	30.529733	34.108068	32.422792	0.580206
0.72	34.68	22.10	22.10	3.37	1.84	30.523860	34.103287	32.417482	0.580205
0.72	34.68	22.09	22.09	3.37	1.84	30.517988	34.098504	32.412172	0.580204
0.72	34.67	22.08	22.08	3.37	1.84	30.512114	34.093720	32.406860	0.580203
0.72	34.67	22.08	22.08	3.37	1.84	30.506241	34.088935	32.401547	0.580202
0.73	34.67	22.07	22.07	3.37	1.84	30.500367	34.084148	32.396234	0.580201
0.73	34.66	22.06	22.06	3.37	1.84	30.494493	34.079360	32.390919	0.580200
0.73	34.66	22.05	22.05	3.37	1.84	30.488618	34.074570	32.385604	0.580199
0.74	34.65	22.05	22.05	3.37	1.84	30.482743	34.069779	32.380288	0.580198
0.74	34.65	22.04	22.04	3.37	1.84	30.476868	34.064986	32.374970	0.580197
0.74	34.64	22.03	22.03	3.37	1.84	30.470992	34.060193	32.369652	0.580196
0.74	34.64	22.03	22.03	3.37	1.84	30.465116	34.055397	32.364333	0.580195
0.75	34.63	22.02	22.02	3.37	1.84	30.459240	34.050600	32.359013	0.580194
0.75	34.63	22.01	22.01	3.37	1.84	30.453363	34.045802	32.353692	0.580193
0.75	34.62	22.00	22.00	3.37	1.84	30.447486	34.041002	32.348370	0.580192
0.76	34.62	22.00	22.00	3.37	1.84	30.441608	34.036201	32.343048	0.580191
0.76	34.61	21.99	21.99	3.37	1.85	30.435730	34.031399	32.337724	0.580190
0.76	34.61	21.98	21.98	3.37	1.85	30.429852	34.026595	32.332399	0.580189
0.76	34.61	21.97	21.97	3.37	1.85	30.423974	34.021790	32.327074	0.580188
0.77	34.60	21.97	21.97	3.37	1.85	30.418095	34.016983	32.321747	0.580187
0.77	34.60	21.96	21.96	3.37	1.85	30.412215	34.012175	32.316420	0.580186
0.77	34.59	21.95	21.95	3.37	1.85	30.406336	34.007366	32.311092	0.580185
0.78	34.59	21.95	21.95	3.37	1.85	30.400456	34.002555	32.305763	0.580184
0.78	34.58	21.94	21.94	3.37	1.85	30.394576	33.997742	32.300433	0.580183
0.78	34.58	21.93	21.93	3.37	1.85	30.388695	33.992929	32.295102	0.580182
0.78	34.57	21.92	21.92	3.37	1.85	30.382814	33.988114	32.289770	0.580180
0.79	34.57	21.92	21.92	3.37	1.85	30.376933	33.983297	32.284437	0.580179
0.79	34.56	21.91	21.91	3.37	1.85	30.371052	33.978479	32.279104	0.580178
0.79	34.56	21.90	21.90	3.37	1.85	30.365170	33.973660	32.273769	0.580177
0.79	34.55	21.89	21.89	3.37	1.85	30.359288	33.968839	32.268434	0.580176
0.80	34.55	21.89	21.89	3.37	1.85	30.353405	33.964017	32.263098	0.580175
0.80	34.55	21.88	21.88	3.37	1.85	30.347522	33.959194	32.257761	0.580174
0.80	34.54	21.87	21.87	3.37	1.85	30.341639	33.954369	32.252423	0.580172
0.81	34.54	21.87	21.87	3.37	1.85	30.335756	33.949543	32.247084	0.580171
0.81	34.53	21.86	21.86	3.37	1.85	30.329872	33.944715	32.241744	0.580170
0.81	34.53	21.85	21.85	3.37	1.85	30.323988	33.939886	32.236403	0.580169
0.81	34.52	21.84	21.84	3.37	1.85	30.318104	33.935056	32.231062	0.580168
0.82	34.52	21.84	21.84	3.37	1.85	30.312219	33.930224	32.225719	0.580166
0.82	34.51	21.83	21.83	3.37	1.85	30.306334	33.925391	32.220376	0.580165
0.82	34.51	21.82	21.82	3.37	1.85	30.300449	33.920557	32.215032	0.580164
0.82	34.50	21.82	21.82	3.37	1.85	30.294563	33.915721	32.209687	0.580163
0.83	34.50	21.81	21.81	3.37	1.85	30.288677	33.910883	32.204341	0.580161
0.83	34.49	21.80	21.80	3.37	1.85	30.282791	33.906045	32.198994	0.580160
0.83	34.49	21.79	21.79	3.37	1.85	30.276905	33.901205	32.193646	0.580159
0.84	34.49	21.79	21.79	3.37	1.85	30.271018	33.896364	32.188298	0.580158
0.84	34.48	21.78	21.78	3.37	1.85	30.265131	33.891521	32.182948	0.580156
0.84	34.48	21.77	21.77	3.37	1.85	30.259244	33.886677	32.177598	0.580155
0.84	34.47	21.77	21.77	3.37	1.85	30.253356	33.881831	32.172247	0.580154
0.85	34.47	21.76	21.76	3.37	1.85	30.247468	33.876984	32.166895	0.580153
0.85	34.46	21.75	21.75	3.37	1.85	30.241580	33.872136	32.161542	0.580151
0.85	34.46	21.74	21.74	3.37	1.85	30.235691	33.867287	32.156189	0.580150
0.86	34.45	21.74	21.74	3.37	1.85	30.229803	33.862436	32.150834	0.580149
0.86	34.45	21.73	21.73	3.37	1.85	30.223914	33.857584	32.145479	0.580147
0.86	34.44	21.72	21.72	3.37	1.85	30.218025	33.852730	32.140123	0.580146
0.86	34.44	21.72	21.72	3.37	1.85	30.212135	33.847875	32.134766	0.580145
0.87	34.43	21.71	21.71	3.36	1.85	30.206245	33.843019	32.129408	0.580143
0.87	34.43	21.70	21.70	3.36	1.85	30.200355	33.838161	32.124049	0.580142
0.87	34.42	21.69	21.69	3.36	1.85	30.194465	33.833302	32.118689	0.580140
0.88	34.42	21.69	21.69	3.36	1.85	30.188574	33.828442	32.113329	0.580139
0.88	34.42	21.68	21.68	3.36	1.85	30.182683	33.823580	32.107968	0.580138
0.88	34.41	21.67	21.67	3.36	1.85	30.176792	33.818717	32.102606	0.580136
0.88	34.41	21.67	21.67	3.36	1.85	30.170901	33.813853	32.097243	0.580135
0.89	34.40	21.66	21.66	3.36	1.85	30.165009	33.808987	32.091879	0.580133
0.89	34.40	21.65	21.65	3.36	1.85	30.159118	33.804120	32.086515	0.580132
0.89	34.39	21.64	21.64	3.36	1.85	30.153225	33.799252	32.081149	0.580131
0.89	34.39	21.64	21.64	3.36	1.85	30.147333	33.794382	32.075783	0.580129
0.90	34.38	21.63	21.63	3.36	1.85	30.141441	33.789511	32.070416	0.580128
0.90	34.38	21.62	21.62	3.36	1.85	30.135548	33.784638	32.065048	0.580126
0.90	34.37	21.62	21.62	3.36	1.85	30.129655	33.779765	32.059679	0.580125
0.91	34.37	21.61	21.61	3.36	1.85	30.123761	33.774890	32.054310	0.580123
0.91	34.36	21.60	21.60	3.36	1.85	30.117868	33.770013	32.048940	0.580122
0.91	34.36	21.59	21.59	3.36	1.85	30.111974	33.765136	32.043568	0.580120
0.91	34.35	21.59	21.59	3.36	1.85	30.106080	33.760257	32.038197	0.580119
0.92	34.35	21.58	21.58	3.36	1.85	30.100186	33.755376	32.032824	0.580117
0.92	34.34	21.57	21.57	3.36	1.85	30.094291	33.750494	32.027450	0.580116
0.92	34.34	21.57	21.57	3.36	1.85	30.088397	33.745611	32.022076	0.580114
0.93	34.34	21.56	21.56	3.36	1.85	30.082502	33.740727	32.016701	0.580113
0.93	34.33	21.55	21.55	3.36	1.85	30.076607	33.735841	32.011325	0.580111
0.93	34.33	21.54	21.54	3.36	1.85	30.070711	33.730955	32.005948	0.580110
0.93	34.32	21.54	21.54	3.36	1.85	30.064816	33.726066	32.000570	0.580108
0.94	34.32	21.53	21.53	3.36	1.85	30.058920	33.721177	31.995192	0.580107
0.94	34.31	21.52	21.52	3.36	1.85	30.053024	33.716286	31.989813	0.580105
0.94	34.31	21.52	21.52	3.36	1.85	30.047128	33.711394	31.984433	0.580104
0.94	34.30	21.51	21.51	3.36	1.85	30.041232	33.706500	31.979052	0.580102
0.95	34.30	21.50	21.50	3.36	1.85	30.035335	33.701605	31.973671	0.580101
0.95	34.29	21.50	21.50	3.36	1.86	30.029438	33.696709	31.968288	0.580099
0.95	34.29	21.49	21.49	3.36	1.86	30.023541	33.691812	31.962905	0.580097
0.96	34.28	21.48	21.48	3.36	1.86	30.017644	33.686913	31.957521	0.580096
0.96	34.28	21.47	21.47	3.36	1.86	30.011747	33.682013	31.952137	0.580094
0.96	34.27	21.47	21.47	3.36	1.86	30.005849	33.677112	31.946751	0.580092
0.96	34.27	21.46	21.46	3.36	1.86	29.999951	33.672209	31.941365	0.580091
0.97	34.26	21.45	21.45	3.36	1.86	29.994053	33.667305	31.935978	0.580089
0.97	34.26	21.45	21.45	3.36	1.86	29.988155	33.662400	31.930590	0.580088
0.97	34.26	21.44	21.44	3.36	1.86	29.982257	33.657493	31.925201	0.580086
0.97	34.25	21.43	21.43	3.36	1.86	29.976358	33.652585	31.919812	0.580084
0.98	34.25	21.42	21.42	3.36	1.86	29.970459	33.647676	31.914422	0.580083
0.98	34.24	21.42	21.42	3.36	1.86	29.964561	33.642766	31.909031	0.580081
0.98	34.24	21.41	21.41	3.36	1.86	29.958661	33.637854	31.903639	0.580079
0.99	34.23	21.40	21.40	3.36	1.86	29.952762	33.632941	31.898247	0.580078
0.99	34.23	21.40	21.40	3.36	1.86	29.946863	33.628027	31.892854	0.580076
0.99	34.22	21.39	21.39	3.36	1.86	29.940963	33.623111	31.887460	0.580074
0.99	34.22	21.38	21.38	3.36	1.86	29.935063	33.618195	31.882065	0.580072
1.00	34.21	21.38	21.38	3.36	1.86	29.929164	33.613277	31.876670	0.580071
1.00	34.21	21.37	21.37	3.36	1.86	29.923263	33.608357	31.871274	0.580069
1.00	34.20	21.36	21.36	3.36	1.86	29.917363	33.603437	31.865877	0.580067
1.01	34.20	21.35	21.35	3.36	1.86	29.911463	33.598515	31.860479	0.580066
1.01	34.19	21.35	21.35	3.36	1.86	29.905562	33.593591	31.855080	0.580064
1.01	34.19	21.34	21.34	3.36	1.86	29.899662	33.588667	31.849681	0.580062
1.01	34.18	21.33	21.33	3.36	1.86	29.893761	33.583741	31.844281	0.580060
1.02	34.18	21.33	21.33	3.36	1.86	29.887860	33.578814	31.838880	0.580058
1.02	34.17	21.32	21.32	3.36	1.86	29.881958	33.573886	31.833479	0.580057
1.02	34.17	21.31	21.31	3.35	1.86	29.876057	33.568956	31.828077	0.580055
1.02	34.17	21.31	21.31	3.35	1.86	29.870156	33.564026	31.822674	0.580053
1.03	34.16	21.30	21.30	3.35	1.86	29.864254	33.559094	31.817270	0.580051
1.03	34.16	21.29	21.29	3.35	1.86	29.858352	33.554160	31.811866	0.580050
1.03	34.15	21.28	21.28	3.35	1.86	29.852450	33.549226	31.806461	0.580048
1.04	34.15	21.28	21.28	3.35	1.86	29.846548	33.544290	31.801055	0.580046
1.04	34.14	21.27	21.27	3.35	1.86	29.840646	33.539353	31.795648	0.580044
1.04	34.14	21.26	21.26	3.35	1.86	29.834744	33.534414	31.790241	0.580042
1.04	34.13	21.26	21.26	3.35	1.86	29.828841	33.529475	31.784833	0.580040
1.05	34.13	21.25	21.25	3.35	1.86	29.822939	33.524534	31.779424	0.580038
1.05	34.12	21.24	21.24	3.35	1.86	29.817036	33.519592	31.774015	0.580037
1.05	34.12	21.24	21.24	3.35	1.86	29.811133	33.514649	31.768604	0.580035
1.06	34.11	21.23	21.23	3.35	1.86	29.805230	33.509704	31.763193	0.580033
1.06	34.11	21.22	21.22	3.35	1.86	29.799327	33.504758	31.757782	0.580031
1.06	34.10	21.22	21.22	3.35	1.86	29.793424	33.499811	31.752369	0.580029
1.06	34.10	21.21	21.21	3.35	1.86	29.787521	33.494863	31.746956	0.580027
1.07	34.09	21.20	21.20	3.35	1.86	29.781617	33.489913	31.741542	0.580025
1.07	34.09	21.19	21.19	3.35	1.86	29.775714	33.484962	31.736128	0.580023
1.07	34.08	21.19	21.19	3.35	1.86	29.769810	33.480010	31.730713	0.580021
1.07	34.08	21.18	21.18	3.35	1.86	29.763907	33.475057	31.725297	0.580019
1.08	34.07	21.17	21.17	3.35	1.86	29.758003	33.470103	31.719880	0.580018
1.08	34.07	21.17	21.17	3.35	1.86	29.752099	33.465147	31.714463	0.580016
1.08	34.06	21.16	21.16	3.35	1.86	29.746195	33.460190	31.709045	0.580014
1.09	34.06	21.15	21.15	3.35	1.86	29.740291	33.455232	31.703626	0.580012
1.09	34.06	21.15	21.15	3.35	1.86	29.734386	33.450272	31.698207	0.580010
1.09	34.05	21.14	21.14	3.35	1.86	29.728482	33.445312	31.692787	0.580008
1.09	34.05	21.13	21.13	3.35	1.86	29.722578	33.440350	31.687366	0.580006
1.10	34.04	21.13	21.13	3.35	1.86	29.716673	33.435387	31.681944	0.580004
1.10	34.04	21.12	21.12	3.35	1.86	29.710769	33.430422	31.676522	0.580002
1.10	34.03	21.11	21.11	3.35	1.86	29.704864	33.425457	31.671099	0.580000
1.11	34.03	21.10	21.10	3.35	1.86	29.698959	33.420490	31.665676	0.579998
1.11	34.02	21.10	21.10	3.35	1.86	29.693054	33.415522	31.660251	0.579996
1.11	34.02	21.09	21.09	3.35	1.86	29.687149	33.410553	31.654826	0.579994
1.11	34.01	21.08	21.08	3.35	1.86	29.681244	33.405583	31.649401	0.579992
1.12	34.01	21.08	21.08	3.35	1.86	29.675339	33.400611	31.643974	0.579990
1.12	34.00	21.07	21.07	3.35	1.86	29.669434	33.395638	31.638547	0.579988
1.12	34.00	21.06	21.06	3.35	1.86	29.663529	33.390664	31.633120	0.579985
1.12	33.99	21.06	21.06	3.35	1.86	29.657624	33.385689	31.627692	0.579983
1.13	33.99	21.05	21.05	3.35	1.86	29.651718	33.380712	31.622263	0.579981
1.13	33.98	21.04	21.04	3.35	1.86	29.645813	33.375735	31.616833	0.579979
1.13	33.98	21.04	21.04	3.35	1.86	29.639907	33.370756	31.611403	0.579977
1.14	33.97	21.03	21.03	3.35	1.86	29.634002	33.365776	31.605972	0.579975
1.14	33.97	21.02	21.02	3.35	1.86	29.628096	33.360795	31.600540	0.579973
1.14	33.96	21.01	21.01	3.35	1.86	29.622190	33.355812	31.595108	0.579971
1.14	33.96	21.01	21.01	3.35	1.86	29.616285	33.350829	31.589675	0.579969
1.15	33.95	21.00	21.00	3.35	1.86	29.610379	33.345844	31.584241	0.579967
1.15	33.95	20.99	20.99	3.35	1.86	29.604473	33.340858	31.578807	0.579964
1.15	33.94	20.99	20.99	3.35	1.86	29.598567	33.335871	31.573372	0.579962
1.16	33.94	20.98	20.98	3.35	1.86	29.592661	33.330882	31.567936	0.579960
1.16	33.94	20.97	20.97	3.35	1.86	29.586755	33.325893	31.562500	0.579958
1.16	33.93	20.97	20.97	3.35	1.86	29.580849	33.320902	31.557063	0.579956
1.16	33.93	20.96	20.96	3.35	1.87	29.574943	33.315910	31.551625	0.579954
1.17	33.92	20.95	20.95	3.35	1.87	29.569037	33.310917	31.546187	0.579951
1.17	33.92	20.95	20.95	3.35	1.87	29.563131	33.305922	31.540748	0.579949
1.17	33.91	20.94	20.94	3.35	1.87	29.557225	33.300927	31.535309	0.579947
1.18	33.91	20.93	20.93	3.35	1.87	29.551319	33.295930	31.529869	0.579945
1.18	33.90	20.93	20.93	3.34	1.87	29.545413	33.290932	31.524428	0.579943
1.18	33.90	20.92	20.92	3.34	1.87	29.539507	33.285933	31.518987	0.579940
1.18	33.89	20.91	20.91	3.34	1.87	29.533600	33.280933	31.513545	0.579938
1.19	33.89	20.91	20.91	3.34	1.87	29.527694	33.275932	31.508102	0.579936
1.19	33.88	20.90	20.90	3.34	1.87	29.521788	33.270929	31.502659	0.579934
1.19	33.88	20.89	20.89	3.34	1.87	29.515881	33.265926	31.497215	0.579932
1.19	33.87	20.89	20.89	3.34	1.87	29.509975	33.260921	31.491770	0.579929
1.20	33.87	20.88	20.88	3.34	1.87	29.504069	33.255915	31.486325	0.579927
1.20	33.86	20.87	20.87	3.34	1.87	29.498163	33.250908	31.480880	0.579925
1.20	33.86	20.86	20.86	3.34	1.87	29.492256	33.245899	31.475433	0.579922
1.21	33.85	20.86	20.86	3.34	1.87	29.486350	33.240890	31.469986	0.579920
1.21	33.85	20.85	20.85	3.34	1.87	29.480443	33.235879	31.464538	0.579918
1.21	33.84	20.84	20.84	3.34	1.87	29.474537	33.230867	31.459090	0.579916
1.21	33.84	20.84	20.84	3.34	1.87	29.468631	33.225854	31.453641	0.579913
1.22	33.83	20.83	20.83	3.34	1.87	29.462724	33.220840	31.448192	0.579911
1.22	33.83	20.82	20.82	3.34	1.87	29.456818	33.215825	31.442742	0.579909
1.22	33.82	20.82	20.82	3.34	1.87	29.450912	33.210808	31.437291	0.579906
1.23	33.82	20.81	20.81	3.34	1.87	29.445005	33.205791	31.431840	0.579904
1.23	33.81	20.80	20.80	3.34	1.87	29.439099	33.200772	31.426388	0.579902
1.23	33.81	20.80	20.80	3.34	1.87	29.433193	33.195752	31.420935	0.579899
1.23	33.80	20.79	20.79	3.34	1.87	29.427286	33.190731	31.415482	0.579897
1.24	33.80	20.78	20.78	3.34	1.87	29.421380	33.185709	31.410029	0.579895
1.24	33.79	20.78	20.78	3.34	1.87	29.415474	33.180686	31.404574	0.579892
1.24	33.79	20.77	20.77	3.34	1.87	29.409568	33.175661	31.399120	0.579890
1.24	33.78	20.76	20.76	3.34	1.87	29.403661	33.170635	31.393664	0.579887
1.25	33.78	20.76	20.76	3.34	1.87	29.397755	33.165609	31.388208	0.579885
1.25	33.78	20.75	20.75	3.34	1.87	29.391849	33.160581	31.382751	0.579883
1.25	33.77	20.74	20.74	3.34	1.87	29.385943	33.155552	31.377294	0.579880
1.26	33.77	20.74	20.74	3.34	1.87	29.380037	33.150522	31.371836	0.579878
1.26	33.76	20.73	20.73	3.34	1.87	29.374131	33.145491	31.366378	0.579875
1.26	33.76	20.72	20.72	3.34	1.87	29.368225	33.140458	31.360919	0.579873
1.26	33.75	20.72	20.72	3.34	1.87	29.362319	33.135425	31.355459	0.579870
1.27	33.75	20.71	20.71	3.34	1.87	29.356413	33.130390	31.349999	0.579868
1.27	33.74	20.70	20.70	3.34	1.87	29.350507	33.125354	31.344538	0.579866
1.27	33.74	20.70	20.70	3.34	1.87	29.344601	33.120317	31.339077	0.579863
1.27	33.73	20.69	20.69	3.34	1.87	29.338695	33.115279	31.333615	0.579861
1.28	33.73	20.68	20.68	3.34	1.87	29.332790	33.110240	31.328153	0.579858
1.28	33.72	20.68	20.68	3.34	1.87	29.326884	33.105200	31.322690	0.579856
1.28	33.72	20.67	20.67	3.34	1.87	29.320978	33.100159	31.317226	0.579853
1.29	33.71	20.66	20.66	3.34	1.87	29.315073	33.095116	31.311762	0.579851
1.29	33.71	20.66	20.66	3.34	1.87	29.309167	33.090073	31.306297	0.579848
1.29	33.70	20.65	20.65	3.34	1.87	29.303262	33.085028	31.300832	0.579846
1.29	33.70	20.64	20.64	3.34	1.87	29.297356	33.079982	31.295366	0.579843
1.30	33.69	20.64	20.64	3.34	1.87	29.291451	33.074935	31.289900	0.579841
1.30	33.69	20.63	20.63	3.34	1.87	29.285546	33.069887	31.284433	0.579838
1.30	33.68	20.62	20.62	3.34	1.87	29.279640	33.064838	31.278966	0.579836
1.31	33.68	20.62	20.62	3.34	1.87	29.273735	33.059788	31.273498	0.579833
1.31	33.67	20.61	20.61	3.34	1.87	29.267830	33.054737	31.268029	0.579830
1.31	33.67	20.60	20.60	3.34	1.87	29.261925	33.049684	31.262560	0.579828
1.31	33.66	20.59	20.59	3.34	1.87	29.256020	33.044631	31.257090	0.579825
1.32	33.66	20.59	20.59	3.34	1.87	29.250115	33.039576	31.251620	0.579823
1.32	33.65	20.58	20.58	3.34	1.87	29.244211	33.034521	31.246149	0.579820
1.32	33.65	20.57	20.57	3.34	1.87	29.238306	33.029464	31.240678	0.579818
1.32	33.64	20.57	20.57	3.34	1.87	29.232401	33.024406	31.235206	0.579815
1.33	33.64	20.56	20.56	3.34	1.87	29.226497	33.019347	31.229734	0.579812
1.33	33.63	20.55	20.55	3.34	1.87	29.220592	33.014287	31.224261	0.579810
1.33	33.63	20.55	20.55	3.33	1.87	29.214688	33.009226	31.218787	0.579807
1.34	33.62	20.54	20.54	3.33	1.87	29.208784	33.004164	31.213313	0.579804
1.34	33.62	20.53	20.53	3.33	1.87	29.202880	32.999100	31.207839	0.579802
1.34	33.61	20.53	20.53	3.33	1.87	29.196976	32.994036	31.202364	0.579799
1.34	33.61	20.52	20.52	3.33	1.87	29.191072	32.988971	31.196888	0.579797
1.35	33.60	20.52	20.52	3.33	1.87	29.185168	32.983904	31.191412	0.579794
1.35	33.60	20.51	20.51	3.33	1.87	29.179264	32.978837	31.185936	0.579791
1.35	33.59	20.50	20.50	3.33	1.87	29.173361	32.973768	31.180459	0.579788
1.36	33.59	20.50	20.50	3.33	1.87	29.167457	32.968698	31.174981	0.579786
1.36	33.58	20.49	20.49	3.33	1.87	29.161554	32.963627	31.169503	0.579783
1.36	33.58	20.48	20.48	3.33	1.87	29.155651	32.958555	31.164024	0.579780
1.36	33.57	20.48	20.48	3.33	1.87	29.149747	32.953483	31.158545	0.579778
1.37	33.57	20.47	20.47	3.33	1.87	29.143844	32.948409	31.153065	0.579775
1.37	33.56	20.46	20.46	3.33	1.87	29.137941	32.943333	31.147585	0.579772
1.37	33.56	20.46	20.46	3.33	1.87	29.132039	32.938257	31.142105	0.579770
1.38	33.55	20.45	20.45	3.33	1.87	29.126136	32.933180	31.136623	0.579767
1.38	33.55	20.44	20.44	3.33	1.87	29.120234	32.928102	31.131142	0.579764
1.38	33.54	20.44	20.44	3.33	1.87	29.114331	32.923023	31.125660	0.579761
1.38	33.54	20.43	20.43	3.33	1.87	29.108429	32.917942	31.120177	0.579759
1.39	33.54	20.42	20.42	3.33	1.87	29.102527	32.912861	31.114694	0.579756
1.39	33.53	20.42	20.42	3.33	1.87	29.096625	32.907778	31.109210	0.579753
1.39	33.53	20.41	20.41	3.33	1.87	29.090723	32.902695	31.103726	0.579750
1.39	33.52	20.40	20.40	3.33	1.87	29.084821	32.897610	31.098241	0.579748
1.40	33.52	20.40	20.40	3.33	1.87	29.078920	32.892525	31.092756	0.579745
1.40	33.51	20.39	20.39	3.33	1.88	29.073018	32.887438	31.087271	0.579742
1.40	33.51	20.38	20.38	3.33	1.88	29.067117	32.882350	31.081784	0.579739
1.41	33.50	20.38	20.38	3.33	1.88	29.061216	32.877262	31.076298	0.579736
1.41	33.50	20.37	20.37	3.33	1.88	29.055315	32.872172	31.070811	0.579733
1.41	33.49	20.36	20.36	3.33	1.88	29.049414	32.867081	31.065323	0.579731
1.41	33.49	20.36	20.36	3.33	1.88	29.043513	32.861989	31.059835	0.579728
1.42	33.48	20.35	20.35	3.33	1.88	29.037613	32.856896	31.054347	0.579725
1.42	33.48	20.34	20.34	3.33	1.88	29.031712	32.851802	31.048858	0.579722
1.42	33.47	20.34	20.34	3.33	1.88	29.025812	32.846707	31.043368	0.579719
1.43	33.47	20.33	20.33	3.33	1.88	29.019912	32.841611	31.037878	0.579716
1.43	33.46	20.32	20.32	3.33	1.88	29.014012	32.836514	31.032388	0.579714
1.43	33.46	20.32	20.32	3.33	1.88	29.008113	32.831416	31.026897	0.579711
1.43	33.45	20.31	20.31	3.33	1.88	29.002213	32.826317	31.021406	0.579708
1.44	33.45	20.30	20.30	3.33	1.88	28.996314	32.821217	31.015914	0.579705
1.44	33.44	20.30	20.30	3.33	1.88	28.990414	32.816116	31.010422	0.579702
1.44	33.44	20.29	20.29	3.33	1.88	28.984515	32.811014	31.004929	0.579699
1.44	33.43	20.28	20.28	3.33	1.88	28.978617	32.805911	30.999436	0.579696
1.45	33.43	20.28	20.28	3.33	1.88	28.972718	32.800806	30.993942	0.579693
1.45	33.42	20.27	20.27	3.33	1.88	28.966820	32.795701	30.988448	0.579690
1.45	33.42	20.26	20.26	3.33	1.88	28.960921	32.790595	30.982954	0.579687
1.46	33.41	20.26	20.26	3.33	1.88	28.955023	32.785488	30.977459	0.579684
1.46	33.41	20.25	20.25	3.33	1.88	28.949125	32.780380	30.971963	0.579682
1.46	33.40	20.25	20.25	3.33	1.88	28.943228	32.775270	30.966468	0.579679
1.46	33.40	20.24	20.24	3.33	1.88	28.937330	32.770160	30.960971	0.579676
1.47	33.39	20.23	20.23	3.33	1.88	28.931433	32.765049	30.955475	0.579673
1.47	33.39	20.23	20.23	3.33	1.88	28.925536	32.759937	30.949977	0.579670
1.47	33.38	20.22	20.22	3.33	1.88	28.919639	32.754823	30.944480	0.579667
1.48	33.38	20.21	20.21	3.33	1.88	28.913742	32.749709	30.938982	0.579664
1.48	33.37	20.21	20.21	3.33	1.88	28.907846	32.744594	30.933483	0.579661
1.48	33.37	20.20	20.20	3.33	1.88	28.901949	32.739478	30.927985	0.579658
1.48	33.36	20.19	20.19	3.33	1.88	28.896053	32.734361	30.922485	0.579655
1.49	33.36	20.19	20.19	3.32	1.88	28.890157	32.729242	30.916985	0.579652
1.49	33.35	20.18	20.18	3.32	1.88	28.884262	32.724123	30.911485	0.579649
1.49	33.35	20.17	20.17	3.32	1.88	28.878366	32.719003	30.905985	0.579646
1.49	33.34	20.17	20.17	3.32	1.88	28.872471	32.713882	30.900484	0.579643
1.50	33.34	20.16	20.16	3.32	1.88	28.866576	32.708759	30.894982	0.579640
1.50	33.33	20.15	20.15	3.32	1.88	28.860681	32.703636	30.889480	0.579636
1.50	33.33	20.15	20.15	3.32	1.88	28.854787	32.698512	30.883978	0.579633
1.51	33.32	20.14	20.14	3.32	1.88	28.848892	32.693387	30.878475	0.579630
1.51	33.32	20.14	20.14	3.32	1.88	28.842998	32.688261	30.872972	0.579627
1.51	33.31	20.13	20.13	3.32	1.88	28.837104	32.683134	30.867469	0.579624
1.51	33.31	20.12	20.12	3.32	1.88	28.831211	32.678006	30.861965	0.579621
1.52	33.30	20.12	20.12	3.32	1.88	28.825317	32.672877	30.856461	0.579618
1.52	33.30	20.11	20.11	3.32	1.88	28.819424	32.667747	30.850956	0.579615
1.52	33.29	20.10	20.10	3.32	1.88	28.813531	32.662616	30.845451	0.579612
1.52	33.29	20.10	20.10	3.32	1.88	28.807639	32.657484	30.839945	0.579609
1.53	33.28	20.09	20.09	3.32	1.88	28.801746	32.652351	30.834439	0.579606
1.53	33.28	20.08	20.08	3.32	1.88	28.795854	32.647217	30.828933	0.579602
1.53	33.27	20.08	20.08	3.32	1.88	28.789962	32.642082	30.823426	0.579599
1.54	33.27	20.07	20.07	3.32	1.88	28.784070	32.636946	30.817919	0.579596
1.54	33.26	20.06	20.06	3.32	1.88	28.778179	32.631809	30.812412	0.579593
1.54	33.26	20.06	20.06	3.32	1.88	28.772288	32.626672	30.806904	0.579590
1.54	33.25	20.05	20.05	3.32	1.88	28.766397	32.621533	30.801396	0.579587
1.55	33.25	20.05	20.05	3.32	1.88	28.760506	32.616393	30.795887	0.579583
1.55	33.24	20.04	20.04	3.32	1.88	28.754616	32.611253	30.790378	0.579580
1.55	33.24	20.03	20.03	3.32	1.88	28.748726	32.606111	30.784868	0.579577
1.56	33.23	20.03	20.03	3.32	1.88	28.742836	32.600969	30.779359	0.579574
1.56	33.23	20.02	20.02	3.32	1.88	28.736946	32.595825	30.773849	0.579571
1.56	33.22	20.01	20.01	3.32	1.88	28.731057	32.590681	30.768338	0.579567
1.56	33.22	20.01	20.01	3.32	1.88	28.725168	32.585535	30.762827	0.579564
1.57	33.21	20.00	20.00	3.32	1.88	28.719279	32.580389	30.757316	0.579561
1.57	33.21	19.99	19.99	3.32	1.88	28.713391	32.575242	30.751804	0.579558
1.57	33.20	19.99	19.99	3.32	1.88	28.707502	32.570094	30.746292	0.579555
1.57	33.20	19.98	19.98	3.32	1.88	28.701614	32.564945	30.740780	0.579551
1.58	33.19	19.97	19.97	3.32	1.88	28.695727	32.559795	30.735267	0.579548
1.58	33.19	19.97	19.97	3.32	1.88	28.689839	32.554644	30.729754	0.579545
1.58	33.18	19.96	19.96	3.32	1.88	28.683952	32.549492	30.724240	0.579542
1.59	33.18	19.96	19.96	3.32	1.88	28.678066	32.544339	30.718727	0.579538
1.59	33.17	19.95	19.95	3.32	1.88	28.672179	32.539185	30.713212	0.579535
1.59	33.17	19.94	19.94	3.32	1.88	28.666293	32.534030	30.707698	0.579532
1.59	33.16	19.94	19.94	3.32	1.88	28.660407	32.528875	30.702183	0.579528
1.60	33.16	19.93	19.93	3.32	1.88	28.654521	32.523718	30.696668	0.579525
1.60	33.15	19.92	19.92	3.32	1.88	28.648636	32.518561	30.691152	0.579522
1.60	33.15	19.92	19.92	3.32	1.88	28.642751	32.513402	30.685636	0.579518
1.61	33.14	19.91	19.91	3.32	1.88	28.636866	32.508243	30.680120	0.579515
1.61	33.14	19.90	19.90	3.32	1.88	28.630982	32.503083	30.674603	0.579512
1.61	33.13	19.90	19.90	3.32	1.88	28.625098	32.497921	30.669086	0.579508
1.61	33.13	19.89	19.89	3.32	1.88	28.619214	32.492759	30.663569	0.579505
1.62	33.12	19.89	19.89	3.32	1.88	28.613331	32.487596	30.658051	0.579502
1.62	33.12	19.88	19.88	3.32	1.88	28.607448	32.482432	30.652533	0.579498
1.62	33.11	19.87	19.87	3.32	1.88	28.601565	32.477268	30.647015	0.579495
1.62	33.11	19.87	19.87	3.32	1.88	28.595682	32.472102	30.641496	0.579492
1.63	33.10	19.86	19.86	3.32	1.88	28.589800	32.466935	30.635977	0.579488
1.63	33.10	19.85	19.85	3.32	1.88	28.583918	32.461768	30.630458	0.579485
1.63	33.09	19.85	19.85	3.32	1.88	28.578037	32.456599	30.624939	0.579482
1.64	33.09	19.84	19.84	3.32	1.88	28.572156	32.451430	30.619419	0.579478
1.64	33.08	19.84	19.84	3.31	1.88	28.566275	32.446260	30.613898	0.579475
1.64	33.08	19.83	19.83	3.31	1.88	28.560394	32.441088	30.608378	0.579471
1.64	33.07	19.82	19.82	3.31	1.88	28.554514	32.435916	30.602857	0.579468
1.65	33.07	19.82	19.82	3.31	1.88	28.548634	32.430743	30.597336	0.579464
1.65	33.06	19.81	19.81	3.31	1.88	28.542755	32.425570	30.591814	0.579461
1.65	33.06	19.80	19.80	3.31	1.88	28.536875	32.420395	30.586292	0.579458
1.66	33.05	19.80	19.80	3.31	1.88	28.530997	32.415219	30.580770	0.579454
1.66	33.05	19.79	19.79	3.31	1.88	28.525118	32.410043	30.575248	0.579451
1.66	33.04	19.79	19.79	3.31	1.88	28.519240	32.404865	30.569725	0.579447
1.66	33.04	19.78	19.78	3.31	1.88	28.513362	32.399687	30.564202	0.579444
1.67	33.03	19.77	19.77	3.31	1.88	28.507485	32.394508	30.558679	0.579440
1.67	33.03	19.77	19.77	3.31	1.88	28.501608	32.389328	30.553155	0.579437
1.67	33.02	19.76	19.76	3.31	1.88	28.495731	32.384147	30.547631	0.579433
1.68	33.02	19.75	19.75	3.31	1.88	28.489855	32.378965	30.542107	0.579430
1.68	33.01	19.75	19.75	3.31	1.89	28.483979	32.373783	30.536582	0.579426
1.68	33.01	19.74	19.74	3.31	1.89	28.478103	32.368599	30.531057	0.579423
1.68	33.00	19.73	19.73	3.31	1.89	28.472228	32.363415	30.525532	0.579419
1.69	33.00	19.73	19.73	3.31	1.89	28.466353	32.358229	30.520007	0.579416
1.69	32.99	19.72	19.72	3.31	1.89	28.460479	32.353043	30.514481	0.579412
1.69	32.99	19.72	19.72	3.31	1.89	28.454604	32.347856	30.508955	0.579409
1.69	32.98	19.71	19.71	3.31	1.89	28.448731	32.342668	30.503429	0.579405
1.70	32.98	19.70	19.70	3.31	1.89	28.442857	32.337480	30.497902	0.579402
1.70	32.97	19.70	19.70	3.31	1.89	28.436984	32.332290	30.492376	0.579398
1.70	32.97	19.69	19.69	3.31	1.89	28.431112	32.327100	30.486848	0.579394
1.71	32.96	19.69	19.69	3.31	1.89	28.425239	32.321908	30.481321	0.579391
1.71	32.95	19.68	19.68	3.31	1.89	28.419367	32.316716	30.475793	0.579387
1.71	32.95	19.67	19.67	3.31	1.89	28.413496	32.311523	30.470266	0.579384
1.71	32.94	19.67	19.67	3.31	1.89	28.407625	32.306329	30.464737	0.579380
1.72	32.94	19.66	19.66	3.31	1.89	28.401754	32.301134	30.459209	0.579377
1.72	32.93	19.65	19.65	3.31	1.89	28.395884	32.295939	30.453680	0.579373
1.72	32.93	19.65	19.65	3.31	1.89	28.390014	32.290742	30.448151	0.579369
1.73	32.92	19.64	19.64	3.31	1.89	28.384145	32.285545	30.442622	0.579366
1.73	32.92	19.64	19.64	3.31	1.89	28.378275	32.280347	30.437092	0.579362
1.73	32.91	19.63	19.63	3.31	1.89	28.372407	32.275148	30.431563	0.579358
1.73	32.91	19.62	19.62	3.31	1.89	28.366539	32.269948	30.426033	0.579355
1.74	32.90	19.62	19.62	3.31	1.89	28.360671	32.264748	30.420502	0.579351
1.74	32.90	19.61	19.61	3.31	1.89	28.354803	32.259546	30.414972	0.579348
1.74	32.89	19.60	19.60	3.31	1.89	28.348936	32.254344	30.409441	0.579344
1.74	32.89	19.60	19.60	3.31	1.89	28.343070	32.249141	30.403910	0.579340
1.75	32.88	19.59	19.59	3.31	1.89	28.337203	32.243937	30.398379	0.579336
1.75	32.88	19.59	19.59	3.31	1.89	28.331337	32.238732	30.392847	0.579333
1.75	32.87	19.58	19.58	3.31	1.89	28.325472	32.233526	30.387316	0.579329
1.76	32.87	19.57	19.57	3.31	1.89	28.319607	32.228320	30.381784	0.579325
1.76	32.86	19.57	19.57	3.31	1.89	28.313743	32.223112	30.376252	0.579322
1.76	32.86	19.56	19.56	3.31	1.89	28.307879	32.217904	30.370719	0.579318
1.76	32.85	19.56	19.56	3.31	1.89	28.302015	32.212695	30.365186	0.579314
1.77	32.85	19.55	19.55	3.31	1.89	28.296152	32.207485	30.359654	0.579311
1.77	32.84	19.54	19.54	3.31	1.89	28.290289	32.202275	30.354120	0.579307
1.77	32.84	19.54	19.54	3.31	1.89	28.284426	32.197063	30.348587	0.579303
1.77	32.83	19.53	19.53	3.31	1.89	28.278564	32.191851	30.343053	0.579299
1.78	32.83	19.52	19.52	3.31	1.89	28.272703	32.186638	30.337520	0.579296
1.78	32.82	19.52	19.52	3.31	1.89	28.266842	32.181424	30.331986	0.579292
1.78	32.82	19.51	19.51	3.31	1.89	28.260981	32.176210	30.326451	0.579288
1.79	32.81	19.51	19.51	3.31	1.89	28.255121	32.170994	30.320917	0.579284
1.79	32.81	19.50	19.50	3.31	1.89	28.249261	32.165778	30.315382	0.579281
1.79	32.80	19.49	19.49	3.31	1.89	28.243402	32.160561	30.309847	0.579277
1.79	32.80	19.49	19.49	3.30	1.89	28.237543	32.155343	30.304312	0.579273
1.80	32.79	19.48	19.48	3.30	1.89	28.231685	32.150124	30.298777	0.579269
1.80	32.79	19.48	19.48	3.30	1.89	28.225827	32.144905	30.293241	0.579265
1.80	32.78	19.47	19.47	3.30	1.89	28.219970	32.139685	30.287706	0.579262
1.81	32.78	19.46	19.46	3.30	1.89	28.214113	32.134464	30.282170	0.579258
1.81	32.77	19.46	19.46	3.30	1.89	28.208256	32.129242	30.276634	0.579254
1.81	32.77	19.45	19.45	3.30	1.89	28.202400	32.124019	30.271097	0.579250
1.81	32.76	19.45	19.45	3.30	1.89	28.196545	32.118796	30.265561	0.579246
1.82	32.76	19.44	19.44	3.30	1.89	28.190690	32.113571	30.260024	0.579242
1.82	32.75	19.43	19.43	3.30	1.89	28.184835	32.108346	30.254487	0.579239
1.82	32.75	19.43	19.43	3.30	1.89	28.178981	32.103121	30.248950	0.579235
1.82	32.74	19.42	19.42	3.30	1.89	28.173127	32.097894	30.243413	0.579231
1.83	32.74	19.41	19.41	3.30	1.89	28.167274	32.092667	30.237875	0.579227
1.83	32.73	19.41	19.41	3.30	1.89	28.161421	32.087438	30.232337	0.579223
1.83	32.73	19.40	19.40	3.30	1.89	28.155569	32.082209	30.226800	0.579219
1.84	32.72	19.40	19.40	3.30	1.89	28.149717	32.076980	30.221262	0.579215
1.84	32.72	19.39	19.39	3.30	1.89	28.143866	32.071749	30.215723	0.579211
1.84	32.71	19.38	19.38	3.30	1.89	28.138015	32.066518	30.210185	0.579207
1.84	32.71	19.38	19.38	3.30	1.89	28.132165	32.061286	30.204646	0.579204
1.85	32.70	19.37	19.37	3.30	1.89	28.126315	32.056053	30.199108	0.579200
1.85	32.70	19.37	19.37	3.30	1.89	28.120466	32.050820	30.193569	0.579196
1.85	32.69	19.36	19.36	3.30	1.89	28.114617	32.045585	30.188030	0.579192
1.86	32.68	19.35	19.35	3.30	1.89	28.108769	32.040350	30.182490	0.579188
1.86	32.68	19.35	19.35	3.30	1.89	28.102921	32.035114	30.176951	0.579184
1.86	32.67	19.34	19.34	3.30	1.89	28.097074	32.029878	30.171411	0.579180
1.86	32.67	19.34	19.34	3.30	1.89	28.091227	32.024640	30.165871	0.579176
1.87	32.66	19.33	19.33	3.30	1.89	28.085381	32.019402	30.160332	0.579172
1.87	32.66	19.32	19.32	3.30	1.89	28.079535	32.014163	30.154791	0.579168
1.87	32.65	19.32	19.32	3.30	1.89	28.073690	32.008924	30.149251	0.579164
1.88	32.65	19.31	19.31	3.30	1.89	28.067845	32.003683	30.143711	0.579160
1.88	32.64	19.31	19.31	3.30	1.89	28.062001	31.998442	30.138170	0.579156
1.88	32.64	19.30	19.30	3.30	1.89	28.056158	31.993200	30.132630	0.579152
1.88	32.63	19.29	19.29	3.30	1.89	28.050314	31.987958	30.127089	0.579148
1.89	32.63	19.29	19.29	3.30	1.89	28.044472	31.982714	30.121548	0.579144
1.89	32.62	19.28	19.28	3.30	1.89	28.038630	31.977470	30.116007	0.579140
1.89	32.62	19.28	19.28	3.30	1.89	28.032788	31.972225	30.110465	0.579136
1.89	32.61	19.27	19.27	3.30	1.89	28.026947	31.966980	30.104924	0.579132
1.90	32.61	19.26	19.26	3.30	1.89	28.021107	31.961733	30.099382	0.579128
1.90	32.60	19.26	19.26	3.30	1.89	28.015267	31.956486	30.093841	0.579124
1.90	32.60	19.25	19.25	3.30	1.89	28.009427	31.951238	30.088299	0.579120
1.91	32.59	19.25	19.25	3.30	1.89	28.003588	31.945990	30.082757	0.579116
1.91	32.59	19.24	19.24	3.30	1.89	27.997750	31.940741	30.077215	0.579112
1.91	32.58	19.23	19.23	3.30	1.89	27.991912	31.935491	30.071673	0.579108
1.91	32.58	19.23	19.23	3.30	1.89	27.986075	31.930240	30.066130	0.579104
1.92	32.57	19.22	19.22	3.30	1.89	27.980238	31.924988	30.060588	0.579099
1.92	32.57	19.22	19.22	3.30	1.89	27.974402	31.919736	30.055045	0.579095
1.92	32.56	19.21	19.21	3.30	1.89	27.968567	31.914483	30.049502	0.579091
1.93	32.56	19.21	19.21	3.30	1.89	27.962732	31.909230	30.043960	0.579087
1.93	32.55	19.20	19.20	3.30	1.89	27.956897	31.903975	30.038417	0.579083
1.93	32.55	19.19	19.19	3.30	1.89	27.951063	31.898720	30.032874	0.579079
1.93	32.54	19.19	19.19	3.30	1.89	27.945230	31.893465	30.027330	0.579075
1.94	32.54	19.18	19.18	3.30	1.89	27.939397	31.888208	30.021787	0.579071
1.94	32.53	19.18	19.18	3.30	1.89	27.933565	31.882951	30.016244	0.579067
1.94	32.53	19.17	19.17	3.30	1.89	27.927733	31.877693	30.010700	0.579062
1.94	32.52	19.16	19.16	3.30	1.89	27.921902	31.872434	30.005157	0.579058
1.95	32.52	19.16	19.16	3.29	1.89	27.916072	31.867175	29.999613	0.579054
1.95	32.51	19.15	19.15	3.29	1.89	27.910242	31.861915	29.994069	0.579050
1.95	32.51	19.15	19.15	3.29	1.89	27.904413	31.856654	29.988525	0.579046
1.96	32.50	19.14	19.14	3.29	1.89	27.898584	31.851393	29.982981	0.579042
1.96	32.49	19.13	19.13	3.29	1.89	27.892756	31.846131	29.977437	0.579037
1.96	32.49	19.13	19.13	3.29	1.89	27.886928	31.840868	29.971893	0.579033
1.96	32.48	19.12	19.12	3.29	1.89	27.881101	31.835604	29.966348	0.579029
1.97	32.48	19.12	19.12	3.29	1.89	27.875275	31.830340	29.960804	0.579025
1.97	32.47	19.11	19.11	3.29	1.89	27.869449	31.825075	29.955260	0.579021
1.97	32.47	19.10	19.10	3.29	1.89	27.863624	31.819810	29.949715	0.579016
1.98	32.46	19.10	19.10	3.29	1.89	27.857799	31.814543	29.944170	0.579012
1.98	32.46	19.09	19.09	3.29	1.89	27.851975	31.809276	29.938626	0.579008
1.98	32.45	19.09	19.09	3.29	1.89	27.846152	31.804009	29.933081	0.579004
1.98	32.45	19.08	19.08	3.29	1.89	27.840329	31.798741	29.927536	0.578999
1.99	32.44	19.08	19.08	3.29	1.89	27.834507	31.793472	29.921991	0.578995
1.99	32.44	19.07	19.07	3.29	1.89	27.828685	31.788202	29.916446	0.578991
1.99	32.43	19.06	19.06	3.29	1.89	27.822864	31.782931	29.910901	0.578987
1.99	32.43	19.06	19.06	3.29	1.89	27.817044	31.777660	29.905356	0.578982
2.00	32.42	19.05	19.05	3.29	1.89	27.811224	31.772389	29.899810	0.578978
2.00	32.42	19.05	19.05	3.29	1.89	27.805405	31.767116	29.894265	0.578974
2.00	32.41	19.04	19.04	3.29	1.89	27.799586	31.761843	29.888720	0.578969
2.01	32.41	19.03	19.03	3.29	1.89	27.793768	31.756570	29.883174	0.578965
2.01	32.40	19.03	19.03	3.29	1.89	27.787951	31.751295	29.877629	0.578961
2.01	32.40	19.02	19.02	3.29	1.89	27.782134	31.746020	29.872083	0.578957
2.01	32.39	19.02	19.02	3.29	1.89	27.776318	31.740744	29.866538	0.578952
2.02	32.39	19.01	19.01	3.29	1.89	27.770503	31.735468	29.860992	0.578948
2.02	32.38	19.01	19.01	3.29	1.89	27.764688	31.730191	29.855446	0.578944
2.02	32.38	19.00	19.00	3.29	1.89	27.758874	31.724913	29.849901	0.578939
2.02	32.37	18.99	18.99	3.29	1.90	27.753060	31.719635	29.844355	0.578935
2.03	32.37	18.99	18.99	3.29	1.90	27.747247	31.714356	29.838809	0.578931
2.03	32.36	18.98	18.98	3.29	1.90	27.741435	31.709076	29.833263	0.578926
2.03	32.36	18.98	18.98	3.29	1.90	27.735623	31.703796	29.827717	0.578922
2.04	32.35	18.97	18.97	3.29	1.90	27.729812	31.698515	29.822171	0.578917
2.04	32.34	18.96	18.96	3.29	1.90	27.724002	31.693233	29.816625	0.578913
2.04	32.34	18.96	18.96	3.29	1.90	27.718192	31.687951	29.811079	0.578909
2.04	32.33	18.95	18.95	3.29	1.90	27.712383	31.682668	29.805533	0.578904
2.05	32.33	18.95	18.95	3.29	1.90	27.706575	31.677385	29.799987	0.578900
2.05	32.32	18.94	18.94	3.29	1.90	27.700767	31.672100	29.794441	0.578895
2.05	32.32	18.94	18.94	3.29	1.90	27.694960	31.666816	29.788894	0.578891
2.06	32.31	18.93	18.93	3.29	1.90	27.689154	31.661530	29.783348	0.578887
2.06	32.31	18.92	18.92	3.29	1.90	27.683348	31.656244	29.777802	0.578882
2.06	32.30	18.92	18.92	3.29	1.90	27.677543	31.650957	29.772256	0.578878
2.06	32.30	18.91	18.91	3.29	1.90	27.671738	31.645670	29.766709	0.578873
2.07	32.29	18.91	18.91	3.29	1.90	27.665935	31.640382	29.761163	0.578869
2.07	32.29	18.90	18.90	3.29	1.90	27.660132	31.635093	29.755617	0.578864
2.07	32.28	18.90	18.90	3.29	1.90	27.654329	31.629804	29.750070	0.578860
2.08	32.28	18.89	18.89	3.29	1.90	27.648527	31.624514	29.744524	0.578856
2.08	32.27	18.88	18.88	3.29	1.90	27.642726	31.619224	29.738978	0.578851
2.08	32.27	18.88	18.88	3.29	1.90	27.636926	31.613933	29.733431	0.578847
2.08	32.26	18.87	18.87	3.29	1.90	27.631126	31.608641	29.727885	0.578842
2.09	32.26	18.87	18.87	3.29	1.90	27.625327	31.603349	29.722339	0.578838
2.09	32.25	18.86	18.86	3.29	1.90	27.619529	31.598056	29.716792	0.578833
2.09	32.25	18.86	18.86	3.29	1.90	27.613731	31.592762	29.711246	0.578829
2.09	32.24	18.85	18.85	3.29	1.90	27.607934	31.587468	29.705700	0.578824
2.10	32.24	18.84	18.84	3.29	1.90	27.602138	31.582173	29.700153	0.578820
2.10	32.23	18.84	18.84	3.28	1.90	27.596342	31.576878	29.694607	0.578815
2.10	32.23	18.83	18.83	3.28	1.90	27.590548	31.571582	29.689061	0.578811
2.11	32.22	18.83	18.83	3.28	1.90	27.584753	31.566285	29.683514	0.578806
2.11	32.22	18.82	18.82	3.28	1.90	27.578960	31.560988	29.677968	0.578801
2.11	32.21	18.82	18.82	3.28	1.90	27.573167	31.555690	29.672421	0.578797
2.11	32.20	18.81	18.81	3.28	1.90	27.567375	31.550392	29.666875	0.578792
2.12	32.20	18.80	18.80	3.28	1.90	27.561584	31.545093	29.661329	0.578788
2.12	32.19	18.80	18.80	3.28	1.90	27.555793	31.539793	29.655783	0.578783
2.12	32.19	18.79	18.79	3.28	1.90	27.550003	31.534493	29.650236	0.578779
2.12	32.18	18.79	18.79	3.28	1.90	27.544214	31.529192	29.644690	0.578774
2.13	32.18	18.78	18.78	3.28	1.90	27.538425	31.523891	29.639144	0.578769
2.13	32.17	18.78	18.78	3.28	1.90	27.532637	31.518589	29.633598	0.578765
2.13	32.17	18.77	18.77	3.28	1.90	27.526850	31.513286	29.628052	0.578760
2.14	32.16	18.76	18.76	3.28	1.90	27.521064	31.507983	29.622506	0.578756
2.14	32.16	18.76	18.76	3.28	1.90	27.515278	31.502680	29.616959	0.578751
2.14	32.15	18.75	18.75	3.28	1.90	27.509493	31.497375	29.611413	0.578746
2.14	32.15	18.75	18.75	3.28	1.90	27.503709	31.492071	29.605867	0.578742
2.15	32.14	18.74	18.74	3.28	1.90	27.497926	31.486765	29.600321	0.578737
2.15	32.14	18.74	18.74	3.28	1.90	27.492143	31.481459	29.594776	0.578733
2.15	32.13	18.73	18.73	3.28	1.90	27.486361	31.476152	29.589230	0.578728
2.16	32.13	18.73	18.73	3.28	1.90	27.480580	31.470845	29.583684	0.578723
2.16	32.12	18.72	18.72	3.28	1.90	27.474799	31.465538	29.578138	0.578719
2.16	32.12	18.71	18.71	3.28	1.90	27.469020	31.460229	29.572592	0.578714
2.16	32.11	18.71	18.71	3.28	1.90	27.463241	31.454920	29.567047	0.578709
2.17	32.11	18.70	18.70	3.28	1.90	27.457462	31.449611	29.561501	0.578705
2.17	32.10	18.70	18.70	3.28	1.90	27.451685	31.444301	29.555955	0.578700
2.17	32.10	18.69	18.69	3.28	1.90	27.445908	31.438991	29.550410	0.578695
2.17	32.09	18.69	18.69	3.28	1.90	27.440132	31.433679	29.544864	0.578691
2.18	32.08	18.68	18.68	3.28	1.90	27.434357	31.428368	29.539319	0.578686
2.18	32.08	18.67	18.67	3.28	1.90	27.428582	31.423056	29.533774	0.578681
2.18	32.07	18.67	18.67	3.28	1.90	27.422808	31.417743	29.528228	0.578676
2.19	32.07	18.66	18.66	3.28	1.90	27.417035	31.412429	29.522683	0.578672
2.19	32.06	18.66	18.66	3.28	1.90	27.411263	31.407116	29.517138	0.578667
2.19	32.06	18.65	18.65	3.28	1.90	27.405492	31.401801	29.511593	0.578662
2.19	32.05	18.65	18.65	3.28	1.90	27.399721	31.396486	29.506048	0.578657
2.20	32.05	18.64	18.64	3.28	1.90	27.393951	31.391171	29.500503	0.578653
2.20	32.04	18.64	18.64	3.28	1.90	27.388182	31.385855	29.494958	0.578648
2.20	32.04	18.63	18.63	3.28	1.90	27.382413	31.380538	29.489413	0.578643
2.21	32.03	18.62	18.62	3.28	1.90	27.376646	31.375221	29.483869	0.578638
2.21	32.03	18.62	18.62	3.28	1.90	27.370879	31.369903	29.478324	0.578634
2.21	32.02	18.61	18.61	3.28	1.90	27.365113	31.364585	29.472780	0.578629
2.21	32.02	18.61	18.61	3.28	1.90	27.359348	31.359266	29.467235	0.578624
2.22	32.01	18.60	18.60	3.28	1.90	27.353583	31.353947	29.461691	0.578619
2.22	32.01	18.60	18.60	3.28	1.90	27.347819	31.348627	29.456147	0.578614
2.22	32.00	18.59	18.59	3.28	1.90	27.342057	31.343307	29.450602	0.578610
2.23	32.00	18.59	18.59	3.28	1.90	27.336294	31.337986	29.445058	0.578605
2.23	31.99	18.58	18.58	3.28	1.90	27.330533	31.332665	29.439514	0.578600
2.23	31.99	18.58	18.58	3.28	1.90	27.324773	31.327343	29.433971	0.578595
2.23	31.98	18.57	18.57	3.28	1.90	27.319013	31.322020	29.428427	0.578590
2.24	31.98	18.56	18.56	3.28	1.90	27.313254	31.316697	29.422883	0.578586
2.24	31.97	18.56	18.56	3.28	1.90	27.307496	31.311374	29.417340	0.578581
2.24	31.96	18.55	18.55	3.28	1.90	27.301738	31.306050	29.411796	0.578576
2.24	31.96	18.55	18.55	3.28	1.90	27.295982	31.300726	29.406253	0.578571
2.25	31.95	18.54	18.54	3.28	1.90	27.290226	31.295401	29.400710	0.578566
2.25	31.95	18.54	18.54	3.28	1.90	27.284471	31.290075	29.395166	0.578561
2.25	31.94	18.53	18.53	3.28	1.90	27.278717	31.284749	29.389623	0.578556
2.26	31.94	18.53	18.53	3.27	1.90	27.272964	31.279423	29.384081	0.578551
2.26	31.93	18.52	18.52	3.27	1.90	27.267211	31.274096	29.378538	0.578547
2.26	31.93	18.51	18.51	3.27	1.90	27.261460	31.268768	29.372995	0.578542
2.26	31.92	18.51	18.51	3.27	1.90	27.255709	31.263440	29.367453	0.578537
2.27	31.92	18.50	18.50	3.27	1.90	27.249959	31.258112	29.361910	0.578532
2.27	31.91	18.50	18.50	3.27	1.90	27.244210	31.252783	29.356368	0.578527
2.27	31.91	18.49	18.49	3.27	1.90	27.238461	31.247453	29.350826	0.578522
2.27	31.90	18.49	18.49	3.27	1.90	27.232714	31.242123	29.345284	0.578517
2.28	31.90	18.48	18.48	3.27	1.90	27.226967	31.236793	29.339742	0.578512
2.28	31.89	18.48	18.48	3.27	1.90	27.221221	31.231462	29.334200	0.578507
2.28	31.89	18.47	18.47	3.27	1.90	27.215476	31.226130	29.328658	0.578502
2.29	31.88	18.47	18.47	3.27	1.90	27.209732	31.220798	29.323117	0.578497
2.29	31.88	18.46	18.46	3.27	1.90	27.203989	31.215466	29.317576	0.578492
2.29	31.87	18.45	18.45	3.27	1.90	27.198247	31.210133	29.312035	0.578487
2.29	31.86	18.45	18.45	3.27	1.90	27.192505	31.204799	29.306493	0.578482
2.30	31.86	18.44	18.44	3.27	1.90	27.186764	31.199465	29.300953	0.578477
2.30	31.85	18.44	18.44	3.27	1.90	27.181024	31.194131	29.295412	0.578472
2.30	31.85	18.43	18.43	3.27	1.90	27.175285	31.188796	29.289871	0.578467
2.31	31.84	18.43	18.43	3.27	1.90	27.169547	31.183461	29.284331	0.578462
2.31	31.84	18.42	18.42	3.27	1.90	27.163809	31.178125	29.278790	0.578457
2.31	31.83	18.42	18.42	3.27	1.90	27.158073	31.172789	29.273250	0.578452
2.31	31.83	18.41	18.41	3.27	1.90	27.152337	31.167452	29.267710	0.578447
2.32	31.82	18.41	18.41	3.27	1.90	27.146602	31.162115	29.262171	0.578442
2.32	31.82	18.40	18.40	3.27	1.90	27.140869	31.156777	29.256631	0.578437
2.32	31.81	18.40	18.40	3.27	1.90	27.135135	31.151439	29.251091	0.578432
2.33	31.81	18.39	18.39	3.27	1.90	27.129403	31.146101	29.245552	0.578427
2.33	31.80	18.38	18.38	3.27	1.90	27.123672	31.140762	29.240013	0.578422
2.33	31.80	18.38	18.38	3.27	1.90	27.117942	31.135422	29.234474	0.578417
2.33	31.79	18.37	18.37	3.27	1.90	27.112212	31.130082	29.228935	0.578412
2.34	31.79	18.37	18.37	3.27	1.90	27.106483	31.124742	29.223397	0.578407
2.34	31.78	18.36	18.36	3.27	1.90	27.100755	31.119401	29.217858	0.578402
2.34	31.78	18.36	18.36	3.27	1.90	27.095029	31.114060	29.212320	0.578397
2.34	31.77	18.35	18.35	3.27	1.90	27.089302	31.108718	29.206782	0.578392
2.35	31.76	18.35	18.35	3.27	1.90	27.083577	31.103376	29.201244	0.578387
2.35	31.76	18.34	18.34	3.27	1.90	27.077853	31.098033	29.195706	0.578382
2.35	31.75	18.34	18.34	3.27	1.90	27.072130	31.092690	29.190169	0.578377
2.36	31.75	18.33	18.33	3.27	1.90	27.066407	31.087347	29.184631	0.578371
2.36	31.74	18.33	18.33	3.27	1.90	27.060686	31.082003	29.179094	0.578366
2.36	31.74	18.32	18.32	3.27	1.90	27.054965	31.076658	29.173557	0.578361
2.36	31.73	18.31	18.31	3.27	1.90	27.049245	31.071314	29.168020	0.578356
2.37	31.73	18.31	18.31	3.27	1.90	27.043526	31.065968	29.162484	0.578351
2.37	31.72	18.30	18.30	3.27	1.90	27.037808	31.060623	29.156947	0.578346
2.37	31.72	18.30	18.30	3.27	1.90	27.032091	31.055277	29.151411	0.578341
2.38	31.71	18.29	18.29	3.27	1.90	27.026375	31.049930	29.145875	0.578335
2.38	31.71	18.29	18.29	3.27	1.90	27.020660	31.044583	29.140339	0.578330
2.38	31.70	18.28	18.28	3.27	1.90	27.014945	31.039236	29.134804	0.578325
2.38	31.70	18.28	18.28	3.27	1.90	27.009232	31.033888	29.129268	0.578320
2.39	31.69	18.27	18.27	3.27	1.90	27.003519	31.028540	29.123733	0.578315
2.39	31.69	18.27	18.27	3.27	1.90	26.997808	31.023191	29.118198	0.578310
2.39	31.68	18.26	18.26	3.27	1.90	26.992097	31.017842	29.112664	0.578304
2.39	31.68	18.26	18.26	3.27	1.90	26.986387	31.012493	29.107129	0.578299
2.40	31.67	18.25	18.25	3.27	1.90	26.980679	31.007143	29.101595	0.578294
2.40	31.66	18.25	18.25	3.27	1.90	26.974971	31.001792	29.096061	0.578289
2.40	31.66	18.24	18.24	3.27	1.90	26.969264	30.996442	29.090527	0.578284
2.41	31.65	18.24	18.24	3.27	1.90	26.963558	30.991091	29.084993	0.578278
2.41	31.65	18.23	18.23	3.26	1.90	26.957852	30.985739	29.079460	0.578273
2.41	31.64	18.23	18.23	3.26	1.90	26.952148	30.980387	29.073927	0.578268
2.41	31.64	18.22	18.22	3.26	1.90	26.946445	30.975035	29.068394	0.578263
2.42	31.63	18.21	18.21	3.26	1.90	26.940743	30.969682	29.062861	0.578257
2.42	31.63	18.21	18.21	3.26	1.90	26.935041	30.964329	29.057329	0.578252
2.42	31.62	18.20	18.20	3.26	1.90	26.929341	30.958976	29.051797	0.578247
2.42	31.62	18.20	18.20	3.26	1.90	26.923642	30.953622	29.046265	0.578242
2.43	31.61	18.19	18.19	3.26	1.90	26.917943	30.948267	29.040733	0.578236
2.43	31.61	18.19	18.19	3.26	1.90	26.912245	30.942913	29.035201	0.578231
2.43	31.60	18.18	18.18	3.26	1.90	26.906549	30.937558	29.029670	0.578226
2.44	31.60	18.18	18.18	3.26	1.90	26.900853	30.932202	29.024139	0.578220
2.44	31.59	18.17	18.17	3.26	1.90	26.895159	30.926846	29.018608	0.578215
2.44	31.59	18.17	18.17	3.26	1.90	26.889465	30.921490	29.013078	0.578210
2.44	31.58	18.16	18.16	3.26	1.90	26.883772	30.916134	29.007547	0.578205
2.45	31.57	18.16	18.16	3.26	1.90	26.878080	30.910777	29.002017	0.578199
2.45	31.57	18.15	18.15	3.26	1.90	26.872389	30.905419	28.996488	0.578194
2.45	31.56	18.15	18.15	3.26	1.90	26.866700	30.900061	28.990958	0.578189
2.46	31.56	18.14	18.14	3.26	1.90	26.861011	30.894703	28.985429	0.578183
2.46	31.55	18.14	18.14	3.26	1.90	26.855323	30.889345	28.979900	0.578178
2.46	31.55	18.13	18.13	3.26	1.90	26.849636	30.883986	28.974371	0.578173
2.46	31.54	18.13	18.13	3.26	1.90	26.843950	30.878627	28.968843	0.578167
2.47	31.54	18.12	18.12	3.26	1.90	26.838265	30.873267	28.963315	0.578162
2.47	31.53	18.12	18.12	3.26	1.90	26.832581	30.867907	28.957787	0.578156
2.47	31.53	18.11	18.11	3.26	1.90	26.826898	30.862547	28.952259	0.578151
2.48	31.52	18.11	18.11	3.26	1.90	26.821216	30.857186	28.946732	0.578146
2.48	31.52	18.10	18.10	3.26	1.90	26.815535	30.851825	28.941205	0.578140
2.48	31.51	18.09	18.09	3.26	1.90	26.809855	30.846464	28.935678	0.578135
2.48	31.51	18.09	18.09	3.26	1.90	26.804175	30.841102	28.930151	0.578130
2.49	31.50	18.08	18.08	3.26	1.90	26.798497	30.835740	28.924625	0.578124
2.49	31.50	18.08	18.08	3.26	1.90	26.792820	30.830378	28.919099	0.578119
2.49	31.49	18.07	18.07	3.26	1.90	26.787144	30.825015	28.913574	0.578113
2.49	31.48	18.07	18.07	3.26	1.90	26.781469	30.819652	28.908048	0.578108
2.50	31.48	18.06	18.06	3.26	1.90	26.775795	30.814288	28.902523	0.578102
2.50	31.47	18.06	18.06	3.26	1.90	26.770122	30.808924	28.896998	0.578097
2.50	31.47	18.05	18.05	3.26	1.90	26.764450	30.803560	28.891474	0.578092
2.51	31.46	18.05	18.05	3.26	1.90	26.758779	30.798196	28.885950	0.578086
2.51	31.46	18.04	18.04	3.26	1.90	26.753109	30.792831	28.880426	0.578081
2.51	31.45	18.04	18.04	3.26	1.90	26.747440	30.787466	28.874902	0.578075
2.51	31.45	18.03	18.03	3.26	1.90	26.741772	30.782100	28.869379	0.578070
2.52	31.44	18.03	18.03	3.26	1.90	26.736105	30.776734	28.863856	0.578064
2.52	31.44	18.02	18.02	3.26	1.90	26.730439	30.771368	28.858333	0.578059
2.52	31.43	18.02	18.02	3.26	1.90	26.724774	30.766002	28.852811	0.578053
2.52	31.43	18.01	18.01	3.26	1.90	26.719110	30.760635	28.847289	0.578048
2.53	31.42	18.01	18.01	3.26	1.90	26.713447	30.755268	28.841767	0.578042
2.53	31.42	18.00	18.00	3.26	1.90	26.707785	30.749900	28.836246	0.578037
2.53	31.41	18.00	18.00	3.26	1.90	26.702124	30.744532	28.830724	0.578031
2.54	31.41	17.99	17.99	3.26	1.90	26.696464	30.739164	28.825204	0.578026
2.54	31.40	17.99	17.99	3.26	1.90	26.690806	30.733796	28.819683	0.578020
2.54	31.39	17.98	17.98	3.26	1.90	26.685148	30.728427	28.814163	0.578015
2.54	31.39	17.98	17.98	3.26	1.90	26.679491	30.723058	28.808643	0.578009
2.55	31.38	17.97	17.97	3.26	1.91	26.673836	30.717688	28.803124	0.578004
2.55	31.38	17.97	17.97	3.26	1.91	26.668181	30.712319	28.797604	0.577998
2.55	31.37	17.96	17.96	3.26	1.91	26.662527	30.706949	28.792086	0.577993
2.56	31.37	17.96	17.96	3.26	1.91	26.656875	30.701578	28.786567	0.577987
2.56	31.36	17.95	17.95	3.26	1.91	26.651223	30.696208	28.781049	0.577981
2.56	31.36	17.95	17.95	3.26	1.91	26.645573	30.690837	28.775531	0.577976
2.56	31.35	17.94	17.94	3.25	1.91	26.639924	30.685466	28.770014	0.577970
2.57	31.35	17.94	17.94	3.25	1.91	26.634275	30.680094	28.764496	0.577965
2.57	31.34	17.93	17.93	3.25	1.91	26.628628	30.674722	28.758980	0.577959
2.57	31.34	17.93	17.93	3.25	1.91	26.622982	30.669350	28.753463	0.577954
2.58	31.33	17.92	17.92	3.25	1.91	26.617337	30.663978	28.747947	0.577948
2.58	31.33	17.92	17.92	3.25	1.91	26.611693	30.658605	28.742431	0.577942
2.58	31.32	17.91	17.91	3.25	1.91	26.606050	30.653232	28.736916	0.577937
2.58	31.32	17.91	17.91	3.25	1.91	26.600408	30.647859	28.731401	0.577931
2.59	31.31	17.90	17.90	3.25	1.91	26.594767	30.642485	28.725886	0.577925
2.59	31.30	17.90	17.90	3.25	1.91	26.589127	30.637111	28.720372	0.577920
2.59	31.30	17.89	17.89	3.25	1.91	26.583488	30.631737	28.714858	0.577914
2.59	31.29	17.89	17.89	3.25	1.91	26.577851	30.626363	28.709344	0.577909
2.60	31.29	17.88	17.88	3.25	1.91	26.572214	30.620988	28.703831	0.577903
2.60	31.28	17.88	17.88	3.25	1.91	26.566579	30.615613	28.698318	0.577897
2.60	31.28	17.87	17.87	3.25	1.91	26.560944	30.610238	28.692805	0.577892
2.61	31.27	17.87	17.87	3.25	1.91	26.555311	30.604862	28.687293	0.577886
2.61	31.27	17.86	17.86	3.25	1.91	26.549679	30.599487	28.681781	0.577880
2.61	31.26	17.86	17.86	3.25	1.91	26.544048	30.594111	28.676270	0.577875
2.61	31.26	17.85	17.85	3.25	1.91	26.538418	30.588734	28.670759	0.577869
2.62	31.25	17.85	17.85	3.25	1.91	26.532789	30.583358	28.665248	0.577863
2.62	31.25	17.84	17.84	3.25	1.91	26.527161	30.577981	28.659738	0.577857
2.62	31.24	17.84	17.84	3.25	1.91	26.521534	30.572604	28.654228	0.577852
2.62	31.24	17.83	17.83	3.25	1.91	26.515909	30.567226	28.648718	0.577846
2.63	31.23	17.83	17.83	3.25	1.91	26.510284	30.561849	28.643209	0.577840
2.63	31.22	17.82	17.82	3.25	1.91	26.504661	30.556471	28.637700	0.577835
2.63	31.22	17.82	17.82	3.25	1.91	26.499038	30.551093	28.632192	0.577829
2.64	31.21	17.81	17.81	3.25	1.91	26.493417	30.545714	28.626684	0.577823
2.64	31.21	17.81	17.81	3.25	1.91	26.487797	30.540336	28.621176	0.577817
2.64	31.20	17.80	17.80	3.25	1.91	26.482178	30.534957	28.615669	0.577812
2.64	31.20	17.80	17.80	3.25	1.91	26.476560	30.529578	28.610162	0.577806
2.65	31.19	17.79	17.79	3.25	1.91	26.470944	30.524198	28.604656	0.577800
2.65	31.19	17.79	17.79	3.25	1.91	26.465328	30.518819	28.599150	0.577794
2.65	31.18	17.78	17.78	3.25	1.91	26.459713	30.513439	28.593644	0.577789
2.66	31.18	17.78	17.78	3.25	1.91	26.454100	30.508059	28.588139	0.577783
2.66	31.17	17.77	17.77	3.25	1.91	26.448488	30.502678	28.582634	0.577777
2.66	31.17	17.77	17.77	3.25	1.91	26.442877	30.497298	28.577130	0.577771
2.66	31.16	17.76	17.76	3.25	1.91	26.437267	30.491917	28.571626	0.577765
2.67	31.16	17.76	17.76	3.25	1.91	26.431658	30.486536	28.566122	0.577760
2.67	31.15	17.75	17.75	3.25	1.91	26.426050	30.481155	28.560619	0.577754
2.67	31.14	17.75	17.75	3.25	1.91	26.420444	30.475773	28.555116	0.577748
2.67	31.14	17.74	17.74	3.25	1.91	26.414838	30.470391	28.549614	0.577742
2.68	31.13	17.74	17.74	3.25	1.91	26.409234	30.465010	28.544112	0.577736
2.68	31.13	17.74	17.74	3.25	1.91	26.403631	30.459627	28.538611	0.577731
2.68	31.12	17.73	17.73	3.25	1.91	26.398029	30.454245	28.533110	0.577725
2.69	31.12	17.73	17.73	3.25	1.91	26.392428	30.448862	28.527609	0.577719
2.69	31.11	17.72	17.72	3.25	1.91	26.386828	30.443479	28.522109	0.577713
2.69	31.11	17.72	17.72	3.25	1.91	26.381230	30.438096	28.516609	0.577707
2.69	31.10	17.71	17.71	3.25	1.91	26.375632	30.432713	28.511110	0.577701
2.70	31.10	17.71	17.71	3.25	1.91	26.370036	30.427330	28.505611	0.577695
2.70	31.09	17.70	17.70	3.25	1.91	26.364441	30.421946	28.500112	0.577690
2.70	31.09	17.70	17.70	3.25	1.91	26.358847	30.416562	28.494614	0.577684
2.71	31.08	17.69	17.69	3.25	1.91	26.353254	30.411178	28.489117	0.577678
2.71	31.08	17.69	17.69	3.25	1.91	26.347663	30.405794	28.483620	0.577672
2.71	31.07	17.68	17.68	3.25	1.91	26.342072	30.400409	28.478123	0.577666
2.71	31.06	17.68	17.68	3.25	1.91	26.336483	30.395025	28.472627	0.577660
2.72	31.06	17.67	17.67	3.25	1.91	26.330895	30.389640	28.467131	0.577654
2.72	31.05	17.67	17.67	3.24	1.91	26.325308	30.384255	28.461636	0.577648
2.72	31.05	17.66	17.66	3.24	1.91	26.319722	30.378869	28.456141	0.577642
2.73	31.04	17.66	17.66	3.24	1.91	26.314138	30.373484	28.450646	0.577636
2.73	31.04	17.65	17.65	3.24	1.91	26.308554	30.368098	28.445152	0.577630
2.73	31.03	17.65	17.65	3.24	1.91	26.302972	30.362712	28.439659	0.577625
2.73	31.03	17.64	17.64	3.24	1.91	26.297391	30.357326	28.434166	0.577619
2.74	31.02	17.64	17.64	3.24	1.91	26.291811	30.351940	28.428673	0.577613
2.74	31.02	17.63	17.63	3.24	1.91	26.286233	30.346554	28.423181	0.577607
2.74	31.01	17.63	17.63	3.24	1.91	26.280655	30.341167	28.417689	0.577601
2.74	31.01	17.62	17.62	3.24	1.91	26.275079	30.335780	28.412198	0.577595
2.75	31.00	17.62	17.62	3.24	1.91	26.269504	30.330393	28.406707	0.577589
2.75	31.00	17.62	17.62	3.24	1.91	26.263930	30.325006	28.401217	0.577583
2.75	30.99	17.61	17.61	3.24	1.91	26.258358	30.319619	28.395727	0.577577
2.76	30.98	17.61	17.61	3.24	1.91	26.252786	30.314231	28.390238	0.577571
2.76	30.98	17.60	17.60	3.24	1.91	26.247216	30.308844	28.384749	0.577565
2.76	30.97	17.60	17.60	3.24	1.91	26.241647	30.303456	28.379261	0.577559
2.76	30.97	17.59	17.59	3.24	1.91	26.236079	30.298068	28.373773	0.577553
2.77	30.96	17.59	17.59	3.24	1.91	26.230512	30.292680	28.368286	0.577547
2.77	30.96	17.58	17.58	3.24	1.91	26.224947	30.287292	28.362799	0.577541
2.77	30.95	17.58	17.58	3.24	1.91	26.219383	30.281903	28.357312	0.577535
2.77	30.95	17.57	17.57	3.24	1.91	26.213820	30.276514	28.351826	0.577529
2.78	30.94	17.57	17.57	3.24	1.91	26.208258	30.271126	28.346341	0.577523
2.78	30.94	17.56	17.56	3.24	1.91	26.202698	30.265737	28.340856	0.577517
2.78	30.93	17.56	17.56	3.24	1.91	26.197138	30.260348	28.335372	0.577511
2.79	30.93	17.55	17.55	3.24	1.91	26.191580	30.254958	28.329888	0.577504
2.79	30.92	17.55	17.55	3.24	1.91	26.186023	30.249569	28.324404	0.577498
2.79	30.91	17.54	17.54	3.24	1.91	26.180468	30.244180	28.318921	0.577492
2.79	30.91	17.54	17.54	3.24	1.91	26.174913	30.238790	28.313439	0.577486
2.80	30.90	17.54	17.54	3.24	1.91	26.169360	30.233400	28.307957	0.577480
2.80	30.90	17.53	17.53	3.24	1.91	26.163808	30.228010	28.302476	0.577474
2.80	30.89	17.53	17.53	3.24	1.91	26.158257	30.222620	28.296995	0.577468
2.81	30.89	17.52	17.52	3.24	1.91	26.152708	30.217230	28.291514	0.577462
2.81	30.88	17.52	17.52	3.24	1.91	26.147160	30.211839	28.286034	0.577456
2.81	30.88	17.51	17.51	3.24	1.91	26.141613	30.206449	28.280555	0.577450
2.81	30.87	17.51	17.51	3.24	1.91	26.136067	30.201058	28.275076	0.577444
2.82	30.87	17.50	17.50	3.24	1.91	26.130523	30.195667	28.269598	0.577437
2.82	30.86	17.50	17.50	3.24	1.91	26.124979	30.190277	28.264120	0.577431
2.82	30.86	17.49	17.49	3.24	1.91	26.119437	30.184886	28.258643	0.577425
2.83	30.85	17.49	17.49	3.24	1.91	26.113897	30.179494	28.253166	0.577419
2.83	30.85	17.48	17.48	3.24	1.91	26.108357	30.174103	28.247690	0.577413
2.83	30.84	17.48	17.48	3.24	1.91	26.102819	30.168712	28.242214	0.577407
2.83	30.83	17.48	17.48	3.24	1.91	26.097282	30.163320	28.236739	0.577401
2.84	30.83	17.47	17.47	3.24	1.91	26.091746	30.157929	28.231265	0.577394
2.84	30.82	17.47	17.47	3.24	1.91	26.086212	30.152537	28.225791	0.577388
2.84	30.82	17.46	17.46	3.24	1.91	26.080679	30.147145	28.220317	0.577382
2.84	30.81	17.46	17.46	3.24	1.91	26.075147	30.141753	28.214844	0.577376
2.85	30.81	17.45	17.45	3.24	1.91	26.069616	30.136361	28.209372	0.577370
2.85	30.80	17.45	17.45	3.24	1.91	26.064087	30.130969	28.203900	0.577363
2.85	30.80	17.44	17.44	3.24	1.91	26.058559	30.125577	28.198428	0.577357
2.86	30.79	17.44	17.44	3.24	1.91	26.053032	30.120184	28.192957	0.577351
2.86	30.79	17.43	17.43	3.24	1.91	26.047507	30.114792	28.187487	0.577345
2.86	30.78	17.43	17.43	3.24	1.91	26.041982	30.109399	28.182018	0.577339
2.86	30.78	17.42	17.42	3.24	1.91	26.036459	30.104006	28.176548	0.577332
2.87	30.77	17.42	17.42	3.24	1.91	26.030938	30.098614	28.171080	0.577326
2.87	30.77	17.42	17.42	3.24	1.91	26.025417	30.093221	28.165612	0.577320
2.87	30.76	17.41	17.41	3.24	1.91	26.019898	30.087828	28.160144	0.577314
2.88	30.75	17.41	17.41	3.24	1.91	26.014381	30.082435	28.154677	0.577307
2.88	30.75	17.40	17.40	3.23	1.91	26.008864	30.077041	28.149211	0.577301
2.88	30.74	17.40	17.40	3.23	1.91	26.003349	30.071648	28.143745	0.577295
2.88	30.74	17.39	17.39	3.23	1.91	25.997835	30.066255	28.138280	0.577289
2.89	30.73	17.39	17.39	3.23	1.91	25.992323	30.060861	28.132815	0.577282
2.89	30.73	17.38	17.38	3.23	1.91	25.986811	30.055468	28.127351	0.577276
2.89	30.72	17.38	17.38	3.23	1.91	25.981301	30.050074	28.121888	0.577270
2.89	30.72	17.37	17.37	3.23	1.91	25.975793	30.044681	28.116425	0.577263
2.90	30.71	17.37	17.37	3.23	1.91	25.970285	30.039287	28.110963	0.577257
2.90	30.71	17.37	17.37	3.23	1.91	25.964779	30.033893	28.105501	0.577251
2.90	30.70	17.36	17.36	3.23	1.91	25.959274	30.028499	28.100040	0.577245
2.91	30.70	17.36	17.36	3.23	1.91	25.953771	30.023105	28.094579	0.577238
2.91	30.69	17.35	17.35	3.23	1.91	25.948269	30.017711	28.089119	0.577232
2.91	30.68	17.35	17.35	3.23	1.91	25.942768	30.012317	28.083660	0.577226
2.91	30.68	17.34	17.34	3.23	1.91	25.937269	30.006923	28.078201	0.577219
2.92	30.67	17.34	17.34	3.23	1.91	25.931771	30.001529	28.072743	0.577213
2.92	30.67	17.33	17.33	3.23	1.91	25.926274	29.996135	28.067285	0.577207
2.92	30.66	17.33	17.33	3.23	1.91	25.920778	29.990740	28.061828	0.577200
2.92	30.66	17.33	17.33	3.23	1.91	25.915284	29.985346	28.056372	0.577194
2.93	30.65	17.32	17.32	3.23	1.91	25.909791	29.979952	28.050916	0.577187
2.93	30.65	17.32	17.32	3.23	1.91	25.904300	29.974557	28.045460	0.577181
2.93	30.64	17.31	17.31	3.23	1.91	25.898810	29.969163	28.040006	0.577175
2.94	30.64	17.31	17.31	3.23	1.91	25.893321	29.963768	28.034552	0.577168
2.94	30.63	17.30	17.30	3.23	1.91	25.887833	29.958373	28.029098	0.577162
2.94	30.63	17.30	17.30	3.23	1.91	25.882347	29.952979	28.023646	0.577156
2.94	30.62	17.29	17.29	3.23	1.91	25.876862	29.947584	28.018193	0.577149
2.95	30.61	17.29	17.29	3.23	1.91	25.871379	29.942189	28.012742	0.577143
2.95	30.61	17.29	17.29	3.23	1.91	25.865897	29.936795	28.007291	0.577136
2.95	30.60	17.28	17.28	3.23	1.91	25.860416	29.931400	28.001841	0.577130
2.96	30.60	17.28	17.28	3.23	1.91	25.854937	29.926005	27.996391	0.577124
2.96	30.59	17.27	17.27	3.23	1.91	25.849459	29.920610	27.990942	0.577117
2.96	30.59	17.27	17.27	3.23	1.91	25.843982	29.915215	27.985493	0.577111
2.96	30.58	17.26	17.26	3.23	1.91	25.838507	29.909820	27.980045	0.577104
2.97	30.58	17.26	17.26	3.23	1.91	25.833033	29.904425	27.974598	0.577098
2.97	30.57	17.25	17.25	3.23	1.91	25.827560	29.899030	27.969152	0.577091
2.97	30.57	17.25	17.25	3.23	1.91	25.822089	29.893635	27.963706	0.577085
2.98	30.56	17.25	17.25	3.23	1.91	25.816619	29.888240	27.958260	0.577078
2.98	30.56	17.24	17.24	3.23	1.91	25.811151	29.882845	27.952816	0.577072
2.98	30.55	17.24	17.24	3.23	1.91	25.805684	29.877450	27.947372	0.577065
2.98	30.55	17.23	17.23	3.23	1.91	25.800218	29.872055	27.941928	0.577059
2.99	30.54	17.23	17.23	3.23	1.91	25.794754	29.866660	27.936485	0.577053
2.99	30.53	17.22	17.22	3.23	1.91	25.789291	29.861264	27.931043	0.577046
2.99	30.53	17.22	17.22	3.23	1.91	25.783829	29.855869	27.925602	0.577040
2.99	30.52	17.22	17.22	3.23	1.91	25.778369	29.850474	27.920161	0.577033
3.00	30.52	17.21	17.21	3.23	1.91	25.772910	29.845079	27.914721	0.577027
3.00	30.51	17.21	17.21	3.23	1.91	25.767452	29.839684	27.909281	0.577020
3.00	30.51	17.20	17.20	3.23	1.91	25.761996	29.834289	27.903843	0.577013
3.01	30.50	17.20	17.20	3.23	1.91	25.756542	29.828893	27.898404	0.577007
3.01	30.50	17.19	17.19	3.23	1.91	25.751088	29.823498	27.892967	0.577000
3.01	30.49	17.19	17.19	3.23	1.91	25.745637	29.818103	27.887530	0.576994
3.01	30.49	17.19	17.19	3.23	1.91	25.740186	29.812708	27.882094	0.576987
3.02	30.48	17.18	17.18	3.23	1.91	25.734737	29.807313	27.876658	0.576981
3.02	30.48	17.18	17.18	3.23	1.91	25.729289	29.801917	27.871223	0.576974
3.02	30.47	17.17	17.17	3.23	1.91	25.723843	29.796522	27.865789	0.576968
3.02	30.46	17.17	17.17	3.23	1.91	25.718398	29.791127	27.860355	0.576961
3.03	30.46	17.16	17.16	3.23	1.91	25.712955	29.785732	27.854923	0.576955
3.03	30.45	17.16	17.16	3.23	1.91	25.707513	29.780337	27.849490	0.576948
3.03	30.45	17.15	17.15	3.23	1.91	25.702072	29.774942	27.844059	0.576941
3.04	30.44	17.15	17.15	3.22	1.91	25.696633	29.769547	27.838628	0.576935
3.04	30.44	17.15	17.15	3.22	1.91	25.691195	29.764152	27.833198	0.576928
3.04	30.43	17.14	17.14	3.22	1.91	25.685759	29.758757	27.827768	0.576922
3.04	30.43	17.14	17.14	3.22	1.91	25.680324	29.753362	27.822340	0.576915
3.05	30.42	17.13	17.13	3.22	1.91	25.674890	29.747967	27.816911	0.576908
3.05	30.42	17.13	17.13	3.22	1.91	25.669458	29.742572	27.811484	0.576902
3.05	30.41	17.13	17.13	3.22	1.91	25.664027	29.737177	27.806057	0.576895
3.06	30.41	17.12	17.12	3.22	1.91	25.658598	29.731782	27.800631	0.576888
3.06	30.40	17.12	17.12	3.22	1.91	25.653170	29.726387	27.795206	0.576882
3.06	30.39	17.11	17.11	3.22	1.91	25.647744	29.720992	27.789781	0.576875
3.06	30.39	17.11	17.11	3.22	1.91	25.642319	29.715598	27.784357	0.576869
3.07	30.38	17.10	17.10	3.22	1.91	25.636895	29.710203	27.778934	0.576862
3.07	30.38	17.10	17.10	3.22	1.91	25.631473	29.704808	27.773511	0.576855
3.07	30.37	17.10	17.10	3.22	1.91	25.626052	29.699414	27.768090	0.576849
3.08	30.37	17.09	17.09	3.22	1.91	25.620633	29.694019	27.762668	0.576842
3.08	30.36	17.09	17.09	3.22	1.91	25.615215	29.688624	27.757248	0.576835
3.08	30.36	17.08	17.08	3.22	1.91	25.609799	29.683230	27.751828	0.576829
3.08	30.35	17.08	17.08	3.22	1.91	25.604384	29.677835	27.746409	0.576822
3.09	30.35	17.07	17.07	3.22	1.91	25.598971	29.672441	27.740991	0.576815
3.09	30.34	17.07	17.07	3.22	1.91	25.593559	29.667047	27.735573	0.576808
3.09	30.34	17.07	17.07	3.22	1.91	25.588148	29.661652	27.730157	0.576802
3.09	30.33	17.06	17.06	3.22	1.91	25.582739	29.656258	27.724740	0.576795
3.10	30.32	17.06	17.06	3.22	1.91	25.577332	29.650864	27.719325	0.576788
3.10	30.32	17.05	17.05	3.22	1.91	25.571926	29.645470	27.713910	0.576782
3.10	30.31	17.05	17.05	3.22	1.91	25.566521	29.640076	27.708496	0.576775
3.11	30.31	17.05	17.05	3.22	1.91	25.561118	29.634682	27.703083	0.576768
3.11	30.30	17.04	17.04	3.22	1.91	25.555716	29.629288	27.697671	0.576761
3.11	30.30	17.04	17.04	3.22	1.91	25.550316	29.623894	27.692259	0.576755
3.11	30.29	17.03	17.03	3.22	1.91	25.544917	29.618500	27.686848	0.576748
3.12	30.29	17.03	17.03	3.22	1.91	25.539520	29.613107	27.681438	0.576741
3.12	30.28	17.02	17.02	3.22	1.91	25.534124	29.607713	27.676028	0.576734
3.12	30.28	17.02	17.02	3.22	1.91	25.528729	29.602320	27.670619	0.576728
3.12	30.27	17.02	17.02	3.22	1.91	25.523336	29.596926	27.665211	0.576721
3.13	30.27	17.01	17.01	3.22	1.91	25.517945	29.591533	27.659804	0.576714
3.13	30.26	17.01	17.01	3.22	1.91	25.512555	29.586140	27.654397	0.576707
3.13	30.25	17.00	17.00	3.22	1.91	25.507167	29.580746	27.648991	0.576700
3.14	30.25	17.00	17.00	3.22	1.91	25.501780	29.575353	27.643586	0.576694
3.14	30.24	17.00	17.00	3.22	1.91	25.496394	29.569960	27.638182	0.576687
3.14	30.24	16.99	16.99	3.22	1.91	25.491010	29.564567	27.632778	0.576680
3.14	30.23	16.99	16.99	3.22	1.91	25.485628	29.559175	27.627375	0.576673
3.15	30.23	16.98	16.98	3.22	1.91	25.480247	29.553782	27.621973	0.576666
3.15	30.22	16.98	16.98	3.22	1.91	25.474867	29.548389	27.616572	0.576660
3.15	30.22	16.98	16.98	3.22	1.91	25.469489	29.542997	27.611171	0.576653
3.16	30.21	16.97	16.97	3.22	1.91	25.464113	29.537604	27.605772	0.576646
3.16	30.21	16.97	16.97	3.22	1.91	25.458738	29.532212	27.600373	0.576639
3.16	30.20	16.96	16.96	3.22	1.91	25.453365	29.526820	27.594974	0.576632
3.16	30.20	16.96	16.96	3.22	1.91	25.447993	29.521428	27.589577	0.576625
3.17	30.19	16.95	16.95	3.22	1.91	25.442622	29.516036	27.584180	0.576619
3.17	30.18	16.95	16.95	3.22	1.91	25.437253	29.510644	27.578784	0.576612
3.17	30.18	16.95	16.95	3.22	1.91	25.431886	29.505252	27.573389	0.576605
3.17	30.17	16.94	16.94	3.22	1.91	25.426520	29.499860	27.567995	0.576598
3.18	30.17	16.94	16.94	3.22	1.91	25.421156	29.494469	27.562601	0.576591
3.18	30.16	16.93	16.93	3.22	1.91	25.415793	29.489077	27.557208	0.576584
3.18	30.16	16.93	16.93	3.22	1.91	25.410431	29.483686	27.551816	0.576577
3.19	30.15	16.93	16.93	3.22	1.91	25.405072	29.478295	27.546425	0.576570
3.19	30.15	16.92	16.92	3.22	1.91	25.399713	29.472904	27.541035	0.576563
3.19	30.14	16.92	16.92	3.22	1.91	25.394357	29.467513	27.535645	0.576557
3.19	30.14	16.91	16.91	3.22	1.91	25.389001	29.462122	27.530256	0.576550
3.20	30.13	16.91	16.91	3.21	1.91	25.383648	29.456731	27.524868	0.576543
3.20	30.13	16.91	16.91	3.21	1.91	25.378296	29.451341	27.519481	0.576536
3.20	30.12	16.90	16.90	3.21	1.91	25.372945	29.445950	27.514094	0.576529
3.21	30.11	16.90	16.90	3.21	1.91	25.367596	29.440560	27.508708	0.576522
3.21	30.11	16.89	16.89	3.21	1.91	25.362248	29.435170	27.503324	0.576515
3.21	30.10	16.89	16.89	3.21	1.91	25.356902	29.429780	27.497939	0.576508
3.21	30.10	16.89	16.89	3.21	1.91	25.351558	29.424390	27.492556	0.576501
3.22	30.09	16.88	16.88	3.21	1.91	25.346215	29.419000	27.487174	0.576494
3.22	30.09	16.88	16.88	3.21	1.91	25.340874	29.413611	27.481792	0.576487
3.22	30.08	16.87	16.87	3.21	1.91	25.335534	29.408221	27.476411	0.576480
3.23	30.08	16.87	16.87	3.21	1.91	25.330196	29.402832	27.471031	0.576473
3.23	30.07	16.87	16.87	3.21	1.91	25.324859	29.397443	27.465652	0.576466
3.23	30.07	16.86	16.86	3.21	1.91	25.319524	29.392054	27.460273	0.576459
3.23	30.06	16.86	16.86	3.21	1.91	25.314190	29.386665	27.454896	0.576452
3.24	30.06	16.85	16.85	3.21	1.91	25.308858	29.381276	27.449519	0.576445
3.24	30.05	16.85	16.85	3.21	1.91	25.303528	29.375888	27.444143	0.576438
3.24	30.04	16.85	16.85	3.21	1.91	25.298199	29.370500	27.438768	0.576431
3.24	30.04	16.84	16.84	3.21	1.91	25.292872	29.365111	27.433394	0.576424
3.25	30.03	16.84	16.84	3.21	1.91	25.287546	29.359723	27.428020	0.576417
3.25	30.03	16.83	16.83	3.21	1.91	25.282222	29.354336	27.422648	0.576410
3.25	30.02	16.83	16.83	3.21	1.91	25.276899	29.348948	27.417276	0.576403
3.26	30.02	16.83	16.83	3.21	1.91	25.271578	29.343560	27.411905	0.576396
3.26	30.01	16.82	16.82	3.21	1.91	25.266259	29.338173	27.406535	0.576389
3.26	30.01	16.82	16.82	3.21	1.91	25.260941	29.332786	27.401166	0.576382
3.26	30.00	16.82	16.82	3.21	1.91	25.255625	29.327399	27.395797	0.576375
3.27	30.00	16.81	16.81	3.21	1.91	25.250310	29.322012	27.390429	0.576368
3.27	29.99	16.81	16.81	3.21	1.91	25.244997	29.316625	27.385063	0.576361
3.27	29.99	16.80	16.80	3.21	1.91	25.239685	29.311239	27.379697	0.576354
3.27	29.98	16.80	16.80	3.21	1.91	25.234376	29.305853	27.374332	0.576346
3.28	29.97	16.80	16.80	3.21	1.91	25.229067	29.300467	27.368968	0.576339
3.28	29.97	16.79	16.79	3.21	1.91	25.223761	29.295081	27.363604	0.576332
3.28	29.96	16.79	16.79	3.21	1.91	25.218455	29.289695	27.358242	0.576325
3.29	29.96	16.78	16.78	3.21	1.91	25.213152	29.284310	27.352880	0.576318
3.29	29.95	16.78	16.78	3.21	1.91	25.207850	29.278924	27.347519	0.576311
3.29	29.95	16.78	16.78	3.21	1.91	25.202550	29.273539	27.342159	0.576304
3.29	29.94	16.77	16.77	3.21	1.91	25.197251	29.268154	27.336800	0.576297
3.30	29.94	16.77	16.77	3.21	1.91	25.191954	29.262770	27.331442	0.576290
3.30	29.93	16.77	16.77	3.21	1.91	25.186658	29.257385	27.326085	0.576282
3.30	29.93	16.76	16.76	3.21	1.91	25.181364	29.252001	27.320728	0.576275
3.31	29.92	16.76	16.76	3.21	1.91	25.176072	29.246617	27.315373	0.576268
3.31	29.92	16.75	16.75	3.21	1.91	25.170782	29.241233	27.310018	0.576261
3.31	29.91	16.75	16.75	3.21	1.91	25.165492	29.235849	27.304664	0.576254
3.31	29.90	16.75	16.75	3.21	1.91	25.160205	29.230465	27.299311	0.576247
3.32	29.90	16.74	16.74	3.21	1.91	25.154919	29.225082	27.293959	0.576240
3.32	29.89	16.74	16.74	3.21	1.91	25.149635	29.219699	27.288608	0.576232
3.32	29.89	16.73	16.73	3.21	1.91	25.144353	29.214316	27.283258	0.576225
3.33	29.88	16.73	16.73	3.21	1.91	25.139072	29.208934	27.277908	0.576218
3.33	29.88	16.73	16.73	3.21	1.91	25.133792	29.203551	27.272560	0.576211
3.33	29.87	16.72	16.72	3.21	1.91	25.128515	29.198169	27.267212	0.576204
3.33	29.87	16.72	16.72	3.21	1.91	25.123239	29.192787	27.261865	0.576196
3.34	29.86	16.72	16.72	3.21	1.91	25.117964	29.187405	27.256519	0.576189
3.34	29.86	16.71	16.71	3.21	1.91	25.112691	29.182024	27.251174	0.576182
3.34	29.85	16.71	16.71	3.21	1.91	25.107420	29.176643	27.245830	0.576175
3.34	29.85	16.70	16.70	3.21	1.91	25.102151	29.171261	27.240487	0.576168
3.35	29.84	16.70	16.70	3.21	1.91	25.096883	29.165881	27.235145	0.576160
3.35	29.83	16.70	16.70	3.21	1.91	25.091617	29.160500	27.229803	0.576153
3.35	29.83	16.69	16.69	3.21	1.91	25.086352	29.155120	27.224463	0.576146
3.36	29.82	16.69	16.69	3.21	1.91	25.081089	29.149740	27.219123	0.576139
3.36	29.82	16.69	16.69	3.20	1.91	25.075828	29.144360	27.213785	0.576131
3.36	29.81	16.68	16.68	3.20	1.91	25.070569	29.138980	27.208447	0.576124
3.36	29.81	16.68	16.68	3.20	1.91	25.065311	29.133601	27.203110	0.576117
3.37	29.80	16.67	16.67	3.20	1.91	25.060054	29.128222	27.197774	0.576110
3.37	29.80	16.67	16.67	3.20	1.91	25.054800	29.122843	27.192439	0.576102
3.37	29.79	16.67	16.67	3.20	1.91	25.049547	29.117464	27.187105	0.576095
3.38	29.79	16.66	16.66	3.20	1.91	25.044296	29.112086	27.181772	0.576088
3.38	29.78	16.66	16.66	3.20	1.91	25.039046	29.106708	27.176440	0.576080
3.38	29.78	16.66	16.66	3.20	1.91	25.033798	29.101330	27.171108	0.576073
3.38	29.77	16.65	16.65	3.20	1.91	25.028552	29.095952	27.165778	0.576066
3.39	29.76	16.65	16.65	3.20	1.91	25.023307	29.090575	27.160449	0.576059
3.39	29.76	16.64	16.64	3.20	1.91	25.018064	29.085198	27.155120	0.576051
3.39	29.75	16.64	16.64	3.20	1.91	25.012823	29.079821	27.149792	0.576044
3.39	29.75	16.64	16.64	3.20	1.91	25.007583	29.074444	27.144466	0.576037
3.40	29.74	16.63	16.63	3.20	1.91	25.002345	29.069068	27.139140	0.576029
3.40	29.74	16.63	16.63	3.20	1.91	24.997109	29.063692	27.133815	0.576022
3.40	29.73	16.63	16.63	3.20	1.91	24.991875	29.058316	27.128491	0.576015
3.41	29.73	16.62	16.62	3.20	1.91	24.986642	29.052941	27.123168	0.576007
3.41	29.72	16.62	16.62	3.20	1.91	24.981411	29.047566	27.117846	0.576000
3.41	29.72	16.62	16.62	3.20	1.91	24.976181	29.042191	27.112525	0.575992
3.41	29.71	16.61	16.61	3.20	1.91	24.970953	29.036816	27.107205	0.575985
3.42	29.71	16.61	16.61	3.20	1.91	24.965727	29.031442	27.101886	0.575978
3.42	29.70	16.60	16.60	3.20	1.91	24.960503	29.026068	27.096568	0.575970
3.42	29.69	16.60	16.60	3.20	1.91	24.955280	29.020694	27.091251	0.575963
3.42	29.69	16.60	16.60	3.20	1.91	24.950059	29.015320	27.085935	0.575956
3.43	29.68	16.59	16.59	3.20	1.91	24.944840	29.009947	27.080619	0.575948
3.43	29.68	16.59	16.59	3.20	1.91	24.939622	29.004574	27.075305	0.575941
3.43	29.67	16.59	16.59	3.20	1.91	24.934407	28.999201	27.069992	0.575933
3.44	29.67	16.58	16.58	3.20	1.91	24.929192	28.993829	27.064679	0.575926
3.44	29.66	16.58	16.58	3.20	1.91	24.923980	28.988457	27.059368	0.575919
3.44	29.66	16.58	16.58	3.20	1.91	24.918769	28.983085	27.054057	0.575911
3.44	29.65	16.57	16.57	3.20	1.91	24.913560	28.977714	27.048748	0.575904
3.45	29.65	16.57	16.57	3.20	1.91	24.908353	28.972343	27.043439	0.575896
3.45	29.64	16.56	16.56	3.20	1.91	24.903147	28.966972	27.038132	0.575889
3.45	29.64	16.56	16.56	3.20	1.91	24.897943	28.961601	27.032825	0.575881
3.46	29.63	16.56	16.56	3.20	1.91	24.892741	28.956231	27.027519	0.575874
3.46	29.62	16.55	16.55	3.20	1.91	24.887541	28.950861	27.022215	0.575867
3.46	29.62	16.55	16.55	3.20	1.91	24.882342	28.945492	27.016911	0.575859
3.46	29.61	16.55	16.55	3.20	1.91	24.877145	28.940122	27.011608	0.575852
3.47	29.61	16.54	16.54	3.20	1.91	24.871950	28.934753	27.006307	0.575844
3.47	29.60	16.54	16.54	3.20	1.91	24.866756	28.929385	27.001006	0.575837
3.47	29.60	16.54	16.54	3.20	1.91	24.861565	28.924016	26.995706	0.575829
3.48	29.59	16.53	16.53	3.20	1.91	24.856375	28.918648	26.990407	0.575822
3.48	29.59	16.53	16.53	3.20	1.91	24.851186	28.913281	26.985110	0.575814
3.48	29.58	16.53	16.53	3.20	1.91	24.846000	28.907913	26.979813	0.575807
3.48	29.58	16.52	16.52	3.20	1.91	24.840815	28.902546	26.974517	0.575799
3.49	29.57	16.52	16.52	3.20	1.91	24.835632	28.897179	26.969222	0.575792
3.49	29.57	16.51	16.51	3.20	1.91	24.830450	28.891813	26.963929	0.575784
3.49	29.56	16.51	16.51	3.20	1.91	24.825271	28.886447	26.958636	0.575777
3.49	29.55	16.51	16.51	3.20	1.91	24.820093	28.881081	26.953344	0.575769
3.50	29.55	16.50	16.50	3.20	1.91	24.814917	28.875716	26.948054	0.575762
3.50	29.54	16.50	16.50	3.20	1.91	24.809743	28.870351	26.942764	0.575754
3.50	29.54	16.50	16.50	3.20	1.91	24.804570	28.864986	26.937475	0.575746
3.51	29.53	16.49	16.49	3.20	1.91	24.799399	28.859622	26.932187	0.575739
3.51	29.53	16.49	16.49	3.20	1.91	24.794230	28.854258	26.926901	0.575731
3.51	29.52	16.49	16.49	3.20	1.91	24.789063	28.848894	26.921615	0.575724
3.51	29.52	16.48	16.48	3.20	1.91	24.783897	28.843531	26.916330	0.575716
3.52	29.51	16.48	16.48	3.20	1.91	24.778734	28.838168	26.911047	0.575709
3.52	29.51	16.48	16.48	3.20	1.91	24.773572	28.832805	26.905764	0.575701
3.52	29.50	16.47	16.47	3.19	1.91	24.768411	28.827443	26.900483	0.575694
3.52	29.50	16.47	16.47	3.19	1.91	24.763253	28.822081	26.895202	0.575686
3.53	29.49	16.47	16.47	3.19	1.91	24.758096	28.816720	26.889923	0.575678
3.53	29.48	16.46	16.46	3.19	1.91	24.752941	28.811358	26.884644	0.575671
3.53	29.48	16.46	16.46	3.19	1.91	24.747788	28.805998	26.879367	0.575663
3.54	29.47	16.46	16.46	3.19	1.91	24.742637	28.800637	26.874090	0.575656
3.54	29.47	16.45	16.45	3.19	1.91	24.737487	28.795277	26.868815	0.575648
3.54	29.46	16.45	16.45	3.19	1.91	24.732339	28.789917	26.863540	0.575640
3.54	29.46	16.45	16.45	3.19	1.91	24.727193	28.784558	26.858267	0.575633
3.55	29.45	16.44	16.44	3.19	1.91	24.722049	28.779199	26.852995	0.575625
3.55	29.45	16.44	16.44	3.19	1.91	24.716907	28.773840	26.847724	0.575617
3.55	29.44	16.44	16.44	3.19	1.91	24.711766	28.768482	26.842453	0.575610
3.56	29.44	16.43	16.43	3.19	1.91	24.706627	28.763124	26.837184	0.575602
3.56	29.43	16.43	16.43	3.19	1.91	24.701490	28.757767	26.831916	0.575594
3.56	29.43	16.43	16.43	3.19	1.91	24.696355	28.752410	26.826649	0.575587
3.56	29.42	16.42	16.42	3.19	1.91	24.691222	28.747053	26.821383	0.575579
3.57	29.41	16.42	16.42	3.19	1.91	24.686090	28.741696	26.816118	0.575571
3.57	29.41	16.42	16.42	3.19	1.91	24.680960	28.736340	26.810854	0.575564
3.57	29.40	16.41	16.41	3.19	1.91	24.675832	28.730985	26.805592	0.575556
3.58	29.40	16.41	16.41	3.19	1.91	24.670706	28.725630	26.800330	0.575548
3.58	29.39	16.41	16.41	3.19	1.91	24.665582	28.720275	26.795069	0.575541
3.58	29.39	16.40	16.40	3.19	1.91	24.660459	28.714921	26.789809	0.575533
3.58	29.38	16.40	16.40	3.19	1.91	24.655338	28.709567	26.784551	0.575525
3.59	29.38	16.39	16.39	3.19	1.91	24.650219	28.704213	26.779293	0.575518
3.59	29.37	16.39	16.39	3.19	1.91	24.645102	28.698860	26.774037	0.575510
3.59	29.37	16.39	16.39	3.19	1.91	24.639987	28.693507	26.768782	0.575502
3.59	29.36	16.38	16.38	3.19	1.91	24.634873	28.688155	26.763527	0.575494
3.60	29.36	16.38	16.38	3.19	1.91	24.629761	28.682803	26.758274	0.575487
3.60	29.35	16.38	16.38	3.19	1.91	24.624652	28.677451	26.753022	0.575479
3.60	29.34	16.37	16.37	3.19	1.91	24.619544	28.672100	26.747771	0.575471
3.61	29.34	16.37	16.37	3.19	1.91	24.614437	28.666749	26.742521	0.575463
3.61	29.33	16.37	16.37	3.19	1.91	24.609333	28.661399	26.737272	0.575456
3.61	29.33	16.37	16.37	3.19	1.91	24.604230	28.656049	26.732024	0.575448
3.61	29.32	16.36	16.36	3.19	1.91	24.599130	28.650699	26.726778	0.575440
3.62	29.32	16.36	16.36	3.19	1.91	24.594031	28.645350	26.721532	0.575432
3.62	29.31	16.36	16.36	3.19	1.91	24.588934	28.640002	26.716288	0.575425
3.62	29.31	16.35	16.35	3.19	1.91	24.583839	28.634653	26.711044	0.575417
3.62	29.30	16.35	16.35	3.19	1.91	24.578745	28.629305	26.705802	0.575409
3.63	29.30	16.35	16.35	3.19	1.91	24.573654	28.623958	26.700561	0.575401
3.63	29.29	16.34	16.34	3.19	1.91	24.568564	28.618611	26.695321	0.575393
3.63	29.29	16.34	16.34	3.19	1.91	24.563476	28.613265	26.690082	0.575386
3.64	29.28	16.34	16.34	3.19	1.91	24.558390	28.607918	26.684844	0.575378
3.64	29.27	16.33	16.33	3.19	1.91	24.553306	28.602573	26.679607	0.575370
3.64	29.27	16.33	16.33	3.19	1.91	24.548224	28.597228	26.674371	0.575362
3.64	29.26	16.33	16.33	3.19	1.91	24.543144	28.591883	26.669137	0.575354
3.65	29.26	16.32	16.32	3.19	1.91	24.538065	28.586538	26.663903	0.575347
3.65	29.25	16.32	16.32	3.19	1.91	24.532988	28.581194	26.658671	0.575339
3.65	29.25	16.32	16.32	3.19	1.91	24.527914	28.575851	26.653440	0.575331
3.66	29.24	16.31	16.31	3.19	1.91	24.522841	28.570508	26.648209	0.575323
3.66	29.24	16.31	16.31	3.19	1.91	24.517770	28.565165	26.642980	0.575315
3.66	29.23	16.31	16.31	3.19	1.91	24.512700	28.559823	26.637753	0.575307
3.66	29.23	16.30	16.30	3.19	1.91	24.507633	28.554482	26.632526	0.575299
3.67	29.22	16.30	16.30	3.19	1.91	24.502568	28.549140	26.627300	0.575292
3.67	29.22	16.30	16.30	3.19	1.91	24.497504	28.543800	26.622076	0.575284
3.67	29.21	16.29	16.29	3.19	1.91	24.492442	28.538459	26.616852	0.575276
3.67	29.20	16.29	16.29	3.19	1.91	24.487382	28.533119	26.611630	0.575268
3.68	29.20	16.29	16.29	3.19	1.91	24.482324	28.527780	26.606409	0.575260
3.68	29.19	16.28	16.28	3.19	1.91	24.477268	28.522441	26.601189	0.575252
3.68	29.19	16.28	16.28	3.19	1.91	24.472214	28.517103	26.595970	0.575244
3.69	29.18	16.28	16.28	3.19	1.91	24.467162	28.511765	26.590752	0.575236
3.69	29.18	16.27	16.27	3.18	1.91	24.462111	28.506427	26.585536	0.575228
3.69	29.17	16.27	16.27	3.18	1.91	24.457063	28.501090	26.580320	0.575221
3.69	29.17	16.27	16.27	3.18	1.91	24.452016	28.495753	26.575106	0.575213
3.70	29.16	16.27	16.27	3.18	1.90	24.446972	28.490417	26.569893	0.575205
3.70	29.16	16.26	16.26	3.18	1.90	24.441929	28.485082	26.564681	0.575197
3.70	29.15	16.26	16.26	3.18	1.90	24.436888	28.479746	26.559470	0.575189
3.71	29.15	16.26	16.26	3.18	1.90	24.431849	28.474412	26.554261	0.575181
3.71	29.14	16.25	16.25	3.18	1.90	24.426812	28.469078	26.549052	0.575173
3.71	29.13	16.25	16.25	3.18	1.90	24.421776	28.463744	26.543845	0.575165
3.71	29.13	16.25	16.25	3.18	1.90	24.416743	28.458411	26.538638	0.575157
3.72	29.12	16.24	16.24	3.18	1.90	24.411712	28.453078	26.533433	0.575149
3.72	29.12	16.24	16.24	3.18	1.90	24.406682	28.447746	26.528229	0.575141
3.72	29.11	16.24	16.24	3.18	1.90	24.401654	28.442414	26.523027	0.575133
3.73	29.11	16.23	16.23	3.18	1.90	24.396629	28.437083	26.517825	0.575125
3.73	29.10	16.23	16.23	3.18	1.90	24.391605	28.431752	26.512625	0.575117
3.73	29.10	16.23	16.23	3.18	1.90	24.386583	28.426422	26.507426	0.575109
3.73	29.09	16.22	16.22	3.18	1.90	24.381563	28.421092	26.502228	0.575101
3.74	29.09	16.22	16.22	3.18	1.90	24.376545	28.415763	26.497031	0.575093
3.74	29.08	16.22	16.22	3.18	1.90	24.371529	28.410434	26.491835	0.575085
3.74	29.08	16.22	16.22	3.18	1.90	24.366515	28.405106	26.486640	0.575077
3.74	29.07	16.21	16.21	3.18	1.90	24.361503	28.399778	26.481447	0.575069
3.75	29.06	16.21	16.21	3.18	1.90	24.356492	28.394450	26.476255	0.575061
3.75	29.06	16.21	16.21	3.18	1.90	24.351484	28.389124	26.471064	0.575053
3.75	29.05	16.20	16.20	3.18	1.90	24.346477	28.383798	26.465874	0.575045
3.76	29.05	16.20	16.20	3.18	1.90	24.341473	28.378472	26.460686	0.575037
3.76	29.04	16.20	16.20	3.18	1.90	24.336470	28.373147	26.455498	0.575029
3.76	29.04	16.19	16.19	3.18	1.90	24.331470	28.367822	26.450312	0.575021
3.76	29.03	16.19	16.19	3.18	1.90	24.326471	28.362498	26.445127	0.575013
3.77	29.03	16.19	16.19	3.18	1.90	24.321474	28.357174	26.439943	0.575005
3.77	29.02	16.18	16.18	3.18	1.90	24.316479	28.351851	26.434760	0.574997
3.77	29.02	16.18	16.18	3.18	1.90	24.311486	28.346528	26.429579	0.574988
3.77	29.01	16.18	16.18	3.18	1.90	24.306495	28.341206	26.424399	0.574980
3.78	29.01	16.18	16.18	3.18	1.90	24.301506	28.335885	26.419220	0.574972
3.78	29.00	16.17	16.17	3.18	1.90	24.296519	28.330564	26.414042	0.574964
3.78	29.00	16.17	16.17	3.18	1.90	24.291534	28.325243	26.408865	0.574956
3.79	28.99	16.17	16.17	3.18	1.90	24.286551	28.319924	26.403690	0.574948
3.79	28.98	16.16	16.16	3.18	1.90	24.281570	28.314604	26.398516	0.574940
3.79	28.98	16.16	16.16	3.18	1.90	24.276591	28.309285	26.393343	0.574932
3.79	28.97	16.16	16.16	3.18	1.90	24.271614	28.303967	26.388171	0.574924
3.80	28.97	16.15	16.15	3.18	1.90	24.266638	28.298649	26.383000	0.574916
3.80	28.96	16.15	16.15	3.18	1.90	24.261665	28.293332	26.377831	0.574907
3.80	28.96	16.15	16.15	3.18	1.90	24.256694	28.288015	26.372663	0.574899
3.81	28.95	16.15	16.15	3.18	1.90	24.251724	28.282699	26.367496	0.574891
3.81	28.95	16.14	16.14	3.18	1.90	24.246757	28.277384	26.362330	0.574883
3.81	28.94	16.14	16.14	3.18	1.90	24.241791	28.272069	26.357166	0.574875
3.81	28.94	16.14	16.14	3.18	1.90	24.236828	28.266754	26.352003	0.574867
3.82	28.93	16.13	16.13	3.18	1.90	24.231866	28.261440	26.346841	0.574858
3.82	28.93	16.13	16.13	3.18	1.90	24.226907	28.256127	26.341680	0.574850
3.82	28.92	16.13	16.13	3.18	1.90	24.221949	28.250814	26.336520	0.574842
3.83	28.91	16.13	16.13	3.18	1.90	24.216994	28.245502	26.331362	0.574834
3.83	28.91	16.12	16.12	3.18	1.90	24.212040	28.240190	26.326205	0.574826
3.83	28.90	16.12	16.12	3.18	1.90	24.207089	28.234879	26.321049	0.574818
3.83	28.90	16.12	16.12	3.18	1.90	24.202139	28.229569	26.315895	0.574809
3.84	28.89	16.11	16.11	3.18	1.90	24.197192	28.224259	26.310741	0.574801
3.84	28.89	16.11	16.11	3.18	1.90	24.192246	28.218949	26.305589	0.574793
3.84	28.88	16.11	16.11	3.18	1.90	24.187302	28.213640	26.300438	0.574785
3.84	28.88	16.11	16.11	3.18	1.90	24.182361	28.208332	26.295289	0.574777
3.85	28.87	16.10	16.10	3.18	1.90	24.177421	28.203024	26.290140	0.574768
3.85	28.87	16.10	16.10	3.18	1.90	24.172484	28.197717	26.284993	0.574760
3.85	28.86	16.10	16.10	3.18	1.90	24.167548	28.192411	26.279847	0.574752
3.86	28.86	16.09	16.09	3.18	1.90	24.162614	28.187105	26.274703	0.574744
3.86	28.85	16.09	16.09	3.17	1.90	24.157683	28.181800	26.269560	0.574735
3.86	28.84	16.09	16.09	3.17	1.90	24.152753	28.176495	26.264418	0.574727
3.86	28.84	16.09	16.09	3.17	1.90	24.147826	28.171191	26.259277	0.574719
3.87	28.83	16.08	16.08	3.17	1.90	24.142900	28.165887	26.254137	0.574711
3.87	28.83	16.08	16.08	3.17	1.90	24.137976	28.160584	26.248999	0.574702
3.87	28.82	16.08	16.08	3.17	1.90	24.133055	28.155282	26.243862	0.574694
3.88	28.82	16.07	16.07	3.17	1.90	24.128135	28.149980	26.238726	0.574686
3.88	28.81	16.07	16.07	3.17	1.90	24.123218	28.144679	26.233592	0.574677
3.88	28.81	16.07	16.07	3.17	1.90	24.118302	28.139378	26.228459	0.574669
3.88	28.80	16.07	16.07	3.17	1.90	24.113389	28.134078	26.223327	0.574661
3.89	28.80	16.06	16.06	3.17	1.90	24.108477	28.128779	26.218196	0.574653
3.89	28.79	16.06	16.06	3.17	1.90	24.103568	28.123480	26.213067	0.574644
3.89	28.79	16.06	16.06	3.17	1.90	24.098661	28.118182	26.207939	0.574636
3.89	28.78	16.05	16.05	3.17	1.90	24.093755	28.112884	26.202812	0.574628
3.90	28.78	16.05	16.05	3.17	1.90	24.088852	28.107587	26.197686	0.574619
3.90	28.77	16.05	16.05	3.17	1.90	24.083951	28.102291	26.192562	0.574611
3.90	28.76	16.05	16.05	3.17	1.90	24.079051	28.096995	26.187439	0.574603
3.91	28.76	16.04	16.04	3.17	1.90	24.074154	28.091700	26.182317	0.574594
3.91	28.75	16.04	16.04	3.17	1.90	24.069259	28.086406	26.177197	0.574586
3.91	28.75	16.04	16.04	3.17	1.90	24.064366	28.081112	26.172078	0.574578
3.91	28.74	16.03	16.03	3.17	1.90	24.059475	28.075819	26.166960	0.574569
3.92	28.74	16.03	16.03	3.17	1.90	24.054586	28.070526	26.161844	0.574561
3.92	28.73	16.03	16.03	3.17	1.90	24.049699	28.065234	26.156729	0.574553
3.92	28.73	16.03	16.03	3.17	1.90	24.044814	28.059943	26.151615	0.574544
3.92	28.72	16.02	16.02	3.17	1.90	24.039931	28.054652	26.146502	0.574536
3.93	28.72	16.02	16.02	3.17	1.90	24.035050	28.049362	26.141391	0.574527
3.93	28.71	16.02	16.02	3.17	1.90	24.030171	28.044073	26.136281	0.574519
3.93	28.71	16.02	16.02	3.17	1.90	24.025294	28.038784	26.131172	0.574511
3.94	28.70	16.01	16.01	3.17	1.90	24.020420	28.033496	26.126065	0.574502
3.94	28.70	16.01	16.01	3.17	1.90	24.015547	28.028208	26.120959	0.574494
3.94	28.69	16.01	16.01	3.17	1.90	24.010676	28.022921	26.115854	0.574485
3.94	28.68	16.00	16.00	3.17	1.90	24.005808	28.017635	26.110751	0.574477
3.95	28.68	16.00	16.00	3.17	1.90	24.000941	28.012349	26.105649	0.574469
3.95	28.67	16.00	16.00	3.17	1.90	23.996077	28.007064	26.100548	0.574460
3.95	28.67	16.00	16.00	3.17	1.90	23.991215	28.001780	26.095449	0.574452
3.96	28.66	15.99	15.99	3.17	1.90	23.986355	27.996496	26.090351	0.574443
3.96	28.66	15.99	15.99	3.17	1.90	23.981496	27.991213	26.085254	0.574435
3.96	28.65	15.99	15.99	3.17	1.90	23.976640	27.985931	26.080159	0.574426
3.96	28.65	15.99	15.99	3.17	1.90	23.971786	27.980649	26.075064	0.574418
3.97	28.64	15.98	15.98	3.17	1.90	23.966934	27.975368	26.069972	0.574409
3.97	28.64	15.98	15.98	3.17	1.90	23.962085	27.970088	26.064880	0.574401
3.97	28.63	15.98	15.98	3.17	1.90	23.957237	27.964808	26.059790	0.574393
3.98	28.63	15.98	15.98	3.17	1.90	23.952391	27.959529	26.054701	0.574384
3.98	28.62	15.97	15.97	3.17	1.90	23.947548	27.954251	26.049614	0.574376
3.98	28.61	15.97	15.97	3.17	1.90	23.942706	27.948973	26.044528	0.574367
3.98	28.61	15.97	15.97	3.17	1.90	23.937867	27.943696	26.039443	0.574359
3.99	28.60	15.96	15.96	3.17	1.90	23.933029	27.938420	26.034360	0.574350
3.99	28.60	15.96	15.96	3.17	1.90	23.928194	27.933144	26.029278	0.574342
3.99	28.59	15.96	15.96	3.17	1.90	23.923361	27.927869	26.024197	0.574333
3.99	28.59	15.96	15.96	3.17	1.90	23.918530	27.922595	26.019118	0.574325
4.00	28.58	15.95	15.95	3.17	1.90	23.913701	27.917321	26.014040	0.574316
4.00	28.58	15.95	15.95	3.17	1.90	23.908874	27.912048	26.008963	0.574308
4.00	28.57	15.95	15.95	3.17	1.90	23.904049	27.906776	26.003888	0.574299
4.01	28.57	15.95	15.95	3.17	1.90	23.899227	27.901504	25.998814	0.574290
4.01	28.56	15.94	15.94	3.17	1.90	23.894406	27.896233	25.993741	0.574282
4.01	28.56	15.94	15.94	3.17	1.90	23.889588	27.890963	25.988670	0.574273
4.01	28.55	15.94	15.94	3.17	1.90	23.884772	27.885694	25.983600	0.574265
4.02	28.55	15.94	15.94	3.17	1.90	23.879957	27.880425	25.978532	0.574256
4.02	28.54	15.93	15.93	3.17	1.90	23.875145	27.875157	25.973465	0.574248
4.02	28.53	15.93	15.93	3.17	1.90	23.870335	27.869889	25.968399	0.574239
4.03	28.53	15.93	15.93	3.17	1.90	23.865528	27.864622	25.963335	0.574231
4.03	28.52	15.93	15.93	3.17	1.90	23.860722	27.859356	25.958272	0.574222
4.03	28.52	15.92	15.92	3.16	1.90	23.855918	27.854091	25.953210	0.574213
4.03	28.51	15.92	15.92	3.16	1.90	23.851117	27.848826	25.948150	0.574205
4.04	28.51	15.92	15.92	3.16	1.90	23.846317	27.843563	25.943091	0.574196
4.04	28.50	15.92	15.92	3.16	1.90	23.841520	27.838299	25.938034	0.574188
4.04	28.50	15.91	15.91	3.16	1.90	23.836725	27.833037	25.932978	0.574179
4.04	28.49	15.91	15.91	3.16	1.90	23.831932	27.827775	25.927923	0.574170
4.05	28.49	15.91	15.91	3.16	1.90	23.827141	27.822514	25.922870	0.574162
4.05	28.48	15.91	15.91	3.16	1.90	23.822353	27.817254	25.917818	0.574153
4.05	28.48	15.90	15.90	3.16	1.90	23.817566	27.811994	25.912767	0.574145
4.06	28.47	15.90	15.90	3.16	1.90	23.812782	27.806735	25.907718	0.574136
4.06	28.47	15.90	15.90	3.16	1.90	23.807999	27.801477	25.902670	0.574127
4.06	28.46	15.90	15.90	3.16	1.90	23.803219	27.796219	25.897624	0.574119
4.06	28.46	15.89	15.89	3.16	1.90	23.798441	27.790963	25.892579	0.574110
4.07	28.45	15.89	15.89	3.16	1.90	23.793666	27.785707	25.887535	0.574101
4.07	28.44	15.89	15.89	3.16	1.90	23.788892	27.780451	25.882493	0.574093
4.07	28.44	15.89	15.89	3.16	1.90	23.784120	27.775197	25.877453	0.574084
4.08	28.43	15.88	15.88	3.16	1.90	23.779351	27.769943	25.872413	0.574075
4.08	28.43	15.88	15.88	3.16	1.90	23.774584	27.764690	25.867375	0.574067
4.08	28.42	15.88	15.88	3.16	1.90	23.769819	27.759437	25.862339	0.574058
4.08	28.42	15.88	15.88	3.16	1.90	23.765056	27.754186	25.857304	0.574049
4.09	28.41	15.87	15.87	3.16	1.90	23.760295	27.748935	25.852270	0.574041
4.09	28.41	15.87	15.87	3.16	1.90	23.755536	27.743685	25.847238	0.574032
4.09	28.40	15.87	15.87	3.16	1.90	23.750780	27.738435	25.842207	0.574023
4.09	28.40	15.87	15.87	3.16	1.90	23.746026	27.733187	25.837177	0.574015
4.10	28.39	15.86	15.86	3.16	1.90	23.741273	27.727939	25.832149	0.574006
4.10	28.39	15.86	15.86	3.16	1.90	23.736524	27.722692	25.827123	0.573997
4.10	28.38	15.86	15.86	3.16	1.90	23.731776	27.717445	25.822098	0.573988
4.11	28.38	15.86	15.86	3.16	1.90	23.727030	27.712200	25.817074	0.573980
4.11	28.37	15.85	15.85	3.16	1.90	23.722287	27.706955	25.812052	0.573971
4.11	28.36	15.85	15.85	3.16	1.90	23.717545	27.701711	25.807031	0.573962
4.11	28.36	15.85	15.85	3.16	1.90	23.712806	27.696467	25.802011	0.573953
4.12	28.35	15.85	15.85	3.16	1.90	23.708069	27.691225	25.796993	0.573945
4.12	28.35	15.84	15.84	3.16	1.90	23.703335	27.685983	25.791977	0.573936
4.12	28.34	15.84	15.84	3.16	1.90	23.698602	27.680742	25.786962	0.573927
4.12	28.34	15.84	15.84	3.16	1.90	23.693872	27.675501	25.781948	0.573918
4.13	28.33	15.84	15.84	3.16	1.90	23.689144	27.670262	25.776936	0.573910
4.13	28.33	15.83	15.83	3.16	1.90	23.684418	27.665023	25.771925	0.573901
4.13	28.32	15.83	15.83	3.16	1.90	23.679694	27.659785	25.766915	0.573892
4.14	28.32	15.83	15.83	3.16	1.90	23.674972	27.654548	25.761908	0.573883
4.14	28.31	15.83	15.83	3.16	1.90	23.670253	27.649312	25.756901	0.573874
4.14	28.31	15.83	15.83	3.16	1.90	23.665536	27.644076	25.751896	0.573866
4.14	28.30	15.82	15.82	3.16	1.90	23.660821	27.638841	25.746892	0.573857
4.15	28.30	15.82	15.82	3.16	1.90	23.656108	27.633607	25.741890	0.573848
4.15	28.29	15.82	15.82	3.16	1.90	23.651397	27.628374	25.736890	0.573839
4.15	28.28	15.82	15.82	3.16	1.90	23.646689	27.623141	25.731890	0.573830
4.16	28.28	15.81	15.81	3.16	1.90	23.641983	27.617909	25.726893	0.573822
4.16	28.27	15.81	15.81	3.16	1.90	23.637279	27.612678	25.721896	0.573813
4.16	28.27	15.81	15.81	3.16	1.90	23.632577	27.607448	25.716902	0.573804
4.16	28.26	15.81	15.81	3.16	1.90	23.627877	27.602219	25.711908	0.573795
4.17	28.26	15.80	15.80	3.16	1.90	23.623180	27.596990	25.706916	0.573786
4.17	28.25	15.80	15.80	3.16	1.90	23.618485	27.591762	25.701926	0.573777
4.17	28.25	15.80	15.80	3.16	1.90	23.613792	27.586536	25.696937	0.573769
4.17	28.24	15.80	15.80	3.16	1.90	23.609101	27.581309	25.691950	0.573760
4.18	28.24	15.80	15.80	3.16	1.90	23.604413	27.576084	25.686964	0.573751
4.18	28.23	15.79	15.79	3.16	1.90	23.599726	27.570859	25.681979	0.573742
4.18	28.23	15.79	15.79	3.16	1.90	23.595042	27.565636	25.676996	0.573733
4.19	28.22	15.79	15.79	3.16	1.90	23.590361	27.560413	25.672014	0.573724
4.19	28.22	15.79	15.79	3.16	1.90	23.585681	27.555191	25.667034	0.573715
4.19	28.21	15.78	15.78	3.16	1.90	23.581004	27.549969	25.662056	0.573706
4.19	28.21	15.78	15.78	3.16	1.90	23.576328	27.544749	25.657079	0.573697
4.20	28.20	15.78	15.78	3.16	1.90	23.571655	27.539529	25.652103	0.573689
4.20	28.19	15.78	15.78	3.16	1.90	23.566985	27.534310	25.647129	0.573680
4.20	28.19	15.78	15.78	3.16	1.90	23.562316	27.529092	25.642156	0.573671
4.21	28.18	15.77	15.77	3.15	1.90	23.557650	27.523875	25.637185	0.573662
4.21	28.18	15.77	15.77	3.15	1.89	23.552986	27.518659	25.632215	0.573653
4.21	28.17	15.77	15.77	3.15	1.89	23.548324	27.513443	25.627247	0.573644
4.21	28.17	15.77	15.77	3.15	1.89	23.543665	27.508228	25.622281	0.573635
4.22	28.16	15.76	15.76	3.15	1.89	23.539008	27.503014	25.617316	0.573626
4.22	28.16	15.76	15.76	3.15	1.89	23.534353	27.497801	25.612352	0.573617
4.22	28.15	15.76	15.76	3.15	1.89	23.529700	27.492589	25.607390	0.573608
4.22	28.15	15.76	15.76	3.15	1.89	23.525049	27.487378	25.602429	0.573599
4.23	28.14	15.76	15.76	3.15	1.89	23.520401	27.482167	25.597470	0.573590
4.23	28.14	15.75	15.75	3.15	1.89	23.515755	27.476957	25.592512	0.573581
4.23	28.13	15.75	15.75	3.15	1.89	23.511111	27.471748	25.587556	0.573572
4.24	28.13	15.75	15.75	3.15	1.89	23.506470	27.466540	25.582602	0.573563
4.24	28.12	15.75	15.75	3.15	1.89	23.501831	27.461333	25.577649	0.573554
4.24	28.12	15.74	15.74	3.15	1.89	23.497194	27.456127	25.572697	0.573545
4.24	28.11	15.74	15.74	3.15	1.89	23.492559	27.450921	25.567747	0.573536
4.25	28.10	15.74	15.74	3.15	1.89	23.487927	27.445716	25.562798	0.573527
4.25	28.10	15.74	15.74	3.15	1.89	23.483296	27.440513	25.557851	0.573518
4.25	28.09	15.74	15.74	3.15	1.89	23.478669	27.435310	25.552906	0.573509
4.26	28.09	15.73	15.73	3.15	1.89	23.474043	27.430108	25.547962	0.573500
4.26	28.08	15.73	15.73	3.15	1.89	23.469420	27.424906	25.543020	0.573491
4.26	28.08	15.73	15.73	3.15	1.89	23.464798	27.419706	25.538079	0.573482
4.26	28.07	15.73	15.73	3.15	1.89	23.460180	27.414506	25.533139	0.573473
4.27	28.07	15.73	15.73	3.15	1.89	23.455563	27.409308	25.528202	0.573464
4.27	28.06	15.72	15.72	3.15	1.89	23.450949	27.404110	25.523265	0.573455
4.27	28.06	15.72	15.72	3.15	1.89	23.446337	27.398913	25.518331	0.573446
4.28	28.05	15.72	15.72	3.15	1.89	23.441727	27.393717	25.513397	0.573437
4.28	28.05	15.72	15.72	3.15	1.89	23.437120	27.388522	25.508466	0.573428
4.28	28.04	15.71	15.71	3.15	1.89	23.432515	27.383327	25.503536	0.573419
4.28	28.04	15.71	15.71	3.15	1.89	23.427912	27.378134	25.498607	0.573410
4.29	28.03	15.71	15.71	3.15	1.89	23.423311	27.372941	25.493680	0.573401
4.29	28.03	15.71	15.71	3.15	1.89	23.418713	27.367750	25.488755	0.573392
4.29	28.02	15.71	15.71	3.15	1.89	23.414117	27.362559	25.483831	0.573383
4.29	28.01	15.70	15.70	3.15	1.89	23.409523	27.357369	25.478908	0.573373
4.30	28.01	15.70	15.70	3.15	1.89	23.404932	27.352180	25.473987	0.573364
4.30	28.00	15.70	15.70	3.15	1.89	23.400343	27.346992	25.469068	0.573355
4.30	28.00	15.70	15.70	3.15	1.89	23.395756	27.341805	25.464150	0.573346
4.31	27.99	15.70	15.70	3.15	1.89	23.391172	27.336618	25.459234	0.573337
4.31	27.99	15.69	15.69	3.15	1.89	23.386589	27.331433	25.454320	0.573328
4.31	27.98	15.69	15.69	3.15	1.89	23.382010	27.326248	25.449407	0.573319
4.31	27.98	15.69	15.69	3.15	1.89	23.377432	27.321064	25.444495	0.573310
4.32	27.97	15.69	15.69	3.15	1.89	23.372857	27.315882	25.439585	0.573301
4.32	27.97	15.69	15.69	3.15	1.89	23.368284	27.310700	25.434677	0.573291
4.32	27.96	15.68	15.68	3.15	1.89	23.363713	27.305519	25.429770	0.573282
4.33	27.96	15.68	15.68	3.15	1.89	23.359145	27.300339	25.424865	0.573273
4.33	27.95	15.68	15.68	3.15	1.89	23.354579	27.295159	25.419962	0.573264
4.33	27.95	15.68	15.68	3.15	1.89	23.350015	27.289981	25.415060	0.573255
4.33	27.94	15.68	15.68	3.15	1.89	23.345454	27.284804	25.410159	0.573246
4.34	27.94	15.67	15.67	3.15	1.89	23.340895	27.279627	25.405260	0.573236
4.34	27.93	15.67	15.67	3.15	1.89	23.336338	27.274452	25.400363	0.573227
4.34	27.93	15.67	15.67	3.15	1.89	23.331784	27.269277	25.395467	0.573218
4.34	27.92	15.67	15.67	3.15	1.89	23.327232	27.264103	25.390573	0.573209
4.35	27.91	15.67	15.67	3.15	1.89	23.322682	27.258931	25.385681	0.573200
4.35	27.91	15.66	15.66	3.15	1.89	23.318134	27.253759	25.380790	0.573190
4.35	27.90	15.66	15.66	3.15	1.89	23.313589	27.248588	25.375900	0.573181
4.36	27.90	15.66	15.66	3.15	1.89	23.309047	27.243418	25.371013	0.573172
4.36	27.89	15.66	15.66	3.15	1.89	23.304506	27.238249	25.366126	0.573163
4.36	27.89	15.66	15.66	3.15	1.89	23.299968	27.233080	25.361242	0.573154
4.36	27.88	15.65	15.65	3.15	1.89	23.295432	27.227913	25.356359	0.573144
4.37	27.88	15.65	15.65	3.15	1.89	23.290899	27.222747	25.351478	0.573135
4.37	27.87	15.65	15.65	3.15	1.89	23.286368	27.217582	25.346598	0.573126
4.37	27.87	15.65	15.65	3.15	1.89	23.281839	27.212417	25.341720	0.573117
4.38	27.86	15.65	15.65	3.15	1.89	23.277313	27.207254	25.336843	0.573107
4.38	27.86	15.64	15.64	3.15	1.89	23.272789	27.202091	25.331968	0.573098
4.38	27.85	15.64	15.64	3.15	1.89	23.268267	27.196929	25.327095	0.573089
4.38	27.85	15.64	15.64	3.15	1.89	23.263748	27.191769	25.322223	0.573080
4.39	27.84	15.64	15.64	3.14	1.89	23.259231	27.186609	25.317353	0.573070
4.39	27.84	15.64	15.64	3.14	1.89	23.254716	27.181450	25.312484	0.573061
4.39	27.83	15.64	15.64	3.14	1.89	23.250204	27.176292	25.307618	0.573052
4.39	27.83	15.63	15.63	3.14	1.89	23.245694	27.171135	25.302752	0.573043
4.40	27.82	15.63	15.63	3.14	1.89	23.241186	27.165979	25.297889	0.573033
4.40	27.81	15.63	15.63	3.14	1.89	23.236681	27.160824	25.293027	0.573024
4.40	27.81	15.63	15.63	3.14	1.89	23.232178	27.155670	25.288166	0.573015
4.41	27.80	15.63	15.63	3.14	1.89	23.227678	27.150517	25.283307	0.573005
4.41	27.80	15.62	15.62	3.14	1.89	23.223180	27.145365	25.278450	0.572996
4.41	27.79	15.62	15.62	3.14	1.89	23.218684	27.140214	25.273595	0.572987
4.41	27.79	15.62	15.62	3.14	1.89	23.214191	27.135064	25.268741	0.572977
4.42	27.78	15.62	15.62	3.14	1.89	23.209700	27.129914	25.263889	0.572968
4.42	27.78	15.62	15.62	3.14	1.89	23.205211	27.124766	25.259038	0.572959
4.42	27.77	15.61	15.61	3.14	1.89	23.200725	27.119619	25.254189	0.572949
4.42	27.77	15.61	15.61	3.14	1.89	23.196241	27.114473	25.249342	0.572940
4.43	27.76	15.61	15.61	3.14	1.89	23.191760	27.109327	25.244496	0.572931
4.43	27.76	15.61	15.61	3.14	1.89	23.187281	27.104183	25.239652	0.572921
4.43	27.75	15.61	15.61	3.14	1.89	23.182804	27.099039	25.234810	0.572912
4.44	27.75	15.61	15.61	3.14	1.89	23.178330	27.093897	25.229969	0.572903
4.44	27.74	15.60	15.60	3.14	1.89	23.173858	27.088756	25.225130	0.572893
4.44	27.74	15.60	15.60	3.14	1.89	23.169388	27.083615	25.220292	0.572884
4.44	27.73	15.60	15.60	3.14	1.89	23.164921	27.078476	25.215456	0.572874
4.45	27.73	15.60	15.60	3.14	1.89	23.160456	27.073337	25.210622	0.572865
4.45	27.72	15.60	15.60	3.14	1.89	23.155994	27.068200	25.205790	0.572856
4.45	27.72	15.60	15.60	3.14	1.89	23.151534	27.063063	25.200959	0.572846
4.46	27.71	15.59	15.59	3.14	1.89	23.147076	27.057927	25.196130	0.572837
4.46	27.70	15.59	15.59	3.14	1.89	23.142621	27.052793	25.191302	0.572827
4.46	27.70	15.59	15.59	3.14	1.89	23.138168	27.047659	25.186476	0.572818
4.46	27.69	15.59	15.59	3.14	1.89	23.133718	27.042527	25.181652	0.572809
4.47	27.69	15.59	15.59	3.14	1.89	23.129270	27.037395	25.176829	0.572799
4.47	27.68	15.58	15.58	3.14	1.89	23.124824	27.032265	25.172009	0.572790
4.47	27.68	15.58	15.58	3.14	1.89	23.120381	27.027135	25.167189	0.572780
4.47	27.67	15.58	15.58	3.14	1.89	23.115940	27.022007	25.162372	0.572771
4.48	27.67	15.58	15.58	3.14	1.89	23.111502	27.016879	25.157556	0.572761
4.48	27.66	15.58	15.58	3.14	1.89	23.107066	27.011752	25.152742	0.572752
4.48	27.66	15.58	15.58	3.14	1.89	23.102633	27.006627	25.147929	0.572742
4.49	27.65	15.57	15.57	3.14	1.89	23.098201	27.001502	25.143118	0.572733
4.49	27.65	15.57	15.57	3.14	1.89	23.093773	26.996379	25.138309	0.572724
4.49	27.64	15.57	15.57	3.14	1.89	23.089346	26.991256	25.133502	0.572714
4.49	27.64	15.57	15.57	3.14	1.89	23.084923	26.986135	25.128696	0.572705
4.50	27.63	15.57	15.57	3.14	1.89	23.080501	26.981015	25.123892	0.572695
4.50	27.63	15.57	15.57	3.14	1.89	23.076082	26.975895	25.119089	0.572686
4.50	27.62	15.56	15.56	3.14	1.89	23.071665	26.970777	25.114289	0.572676
4.51	27.62	15.56	15.56	3.14	1.89	23.067251	26.965659	25.109490	0.572667
4.51	27.61	15.56	15.56	3.14	1.89	23.062840	26.960543	25.104692	0.572657
4.51	27.61	15.56	15.56	3.14	1.89	23.058430	26.955428	25.099897	0.572648
4.51	27.60	15.56	15.56	3.14	1.89	23.054023	26.950313	25.095103	0.572638
4.52	27.59	15.56	15.56	3.14	1.89	23.049619	26.945200	25.090310	0.572629
4.52	27.59	15.55	15.55	3.14	1.89	23.045217	26.940088	25.085520	0.572619
4.52	27.58	15.55	15.55	3.14	1.89	23.040817	26.934977	25.080731	0.572610
4.53	27.58	15.55	15.55	3.14	1.89	23.036420	26.929866	25.075944	0.572600
4.53	27.57	15.55	15.55	3.14	1.89	23.032026	26.924757	25.071158	0.572590
4.53	27.57	15.55	15.55	3.14	1.89	23.027633	26.919649	25.066375	0.572581
4.53	27.56	15.55	15.55	3.14	1.89	23.023243	26.914542	25.061593	0.572571
4.54	27.56	15.54	15.54	3.14	1.89	23.018856	26.909436	25.056812	0.572562
4.54	27.55	15.54	15.54	3.14	1.89	23.014471	26.904331	25.052034	0.572552
4.54	27.55	15.54	15.54	3.14	1.88	23.010089	26.899227	25.047257	0.572543
4.54	27.54	15.54	15.54	3.14	1.88	23.005709	26.894125	25.042482	0.572533
4.55	27.54	15.54	15.54	3.14	1.88	23.001331	26.889023	25.037708	0.572523
4.55	27.53	15.54	15.54	3.14	1.88	22.996956	26.883922	25.032936	0.572514
4.55	27.53	15.53	15.53	3.14	1.88	22.992583	26.878822	25.028166	0.572504
4.56	27.52	15.53	15.53	3.14	1.88	22.988213	26.873724	25.023398	0.572495
4.56	27.52	15.53	15.53	3.14	1.88	22.983845	26.868626	25.018631	0.572485
4.56	27.51	15.53	15.53	3.14	1.88	22.979480	26.863530	25.013867	0.572475
4.56	27.51	15.53	15.53	3.14	1.88	22.975117	26.858434	25.009103	0.572466
4.57	27.50	15.53	15.53	3.14	1.88	22.970757	26.853340	25.004342	0.572456
4.57	27.50	15.53	15.53	3.13	1.88	22.966399	26.848246	24.999582	0.572447
4.57	27.49	15.52	15.52	3.13	1.88	22.962044	26.843154	24.994824	0.572437
4.58	27.49	15.52	15.52	3.13	1.88	22.957691	26.838063	24.990068	0.572427
4.58	27.48	15.52	15.52	3.13	1.88	22.953340	26.832973	24.985314	0.572418
4.58	27.47	15.52	15.52	3.13	1.88	22.948992	26.827884	24.980561	0.572408
4.58	27.47	15.52	15.52	3.13	1.88	22.944647	26.822796	24.975810	0.572398
4.59	27.46	15.52	15.52	3.13	1.88	22.940304	26.817709	24.971061	0.572389
4.59	27.46	15.51	15.51	3.13	1.88	22.935963	26.812623	24.966313	0.572379
4.59	27.45	15.51	15.51	3.13	1.88	22.931625	26.807539	24.961567	0.572369
4.59	27.45	15.51	15.51	3.13	1.88	22.927289	26.802455	24.956823	0.572360
4.60	27.44	15.51	15.51	3.13	1.88	22.922956	26.797372	24.952081	0.572350
4.60	27.44	15.51	15.51	3.13	1.88	22.918626	26.792291	24.947341	0.572340
4.60	27.43	15.51	15.51	3.13	1.88	22.914298	26.787211	24.942602	0.572331
4.61	27.43	15.51	15.51	3.13	1.88	22.909972	26.782131	24.937865	0.572321
4.61	27.42	15.50	15.50	3.13	1.88	22.905649	26.777053	24.933130	0.572311
4.61	27.42	15.50	15.50	3.13	1.88	22.901328	26.771976	24.928396	0.572302
4.61	27.41	15.50	15.50	3.13	1.88	22.897010	26.766900	24.923665	0.572292
4.62	27.41	15.50	15.50	3.13	1.88	22.892694	26.761825	24.918935	0.572282
4.62	27.40	15.50	15.50	3.13	1.88	22.888381	26.756751	24.914206	0.572272
4.62	27.40	15.50	15.50	3.13	1.88	22.884070	26.751679	24.909480	0.572263
4.62	27.39	15.50	15.50	3.13	1.88	22.879762	26.746607	24.904755	0.572253
4.63	27.39	15.49	15.49	3.13	1.88	22.875456	26.741537	24.900032	0.572243
4.63	27.38	15.49	15.49	3.13	1.88	22.871153	26.736467	24.895311	0.572233
4.63	27.38	15.49	15.49	3.13	1.88	22.866852	26.731399	24.890592	0.572224
4.64	27.37	15.49	15.49	3.13	1.88	22.862554	26.726332	24.885874	0.572214
4.64	27.37	15.49	15.49	3.13	1.88	22.858258	26.721266	24.881158	0.572204
4.64	27.36	15.49	15.49	3.13	1.88	22.853965	26.716201	24.876444	0.572194
4.64	27.36	15.49	15.49	3.13	1.88	22.849675	26.711137	24.871732	0.572185
4.65	27.35	15.48	15.48	3.13	1.88	22.845386	26.706074	24.867022	0.572175
4.65	27.35	15.48	15.48	3.13	1.88	22.841101	26.701013	24.862313	0.572165
4.65	27.34	15.48	15.48	3.13	1.88	22.836818	26.695952	24.857606	0.572155
4.66	27.33	15.48	15.48	3.13	1.88	22.832537	26.690893	24.852901	0.572146
4.66	27.33	15.48	15.48	3.13	1.88	22.828259	26.685835	24.848198	0.572136
4.66	27.32	15.48	15.48	3.13	1.88	22.823983	26.680778	24.843496	0.572126
4.66	27.32	15.48	15.48	3.13	1.88	22.819710	26.675722	24.838796	0.572116
4.67	27.31	15.47	15.47	3.13	1.88	22.815440	26.670667	24.834098	0.572106
4.67	27.31	15.47	15.47	3.13	1.88	22.811172	26.665613	24.829402	0.572096
4.67	27.30	15.47	15.47	3.13	1.88	22.806906	26.660561	24.824708	0.572087
4.67	27.30	15.47	15.47	3.13	1.88	22.802643	26.655509	24.820015	0.572077
4.68	27.29	15.47	15.47	3.13	1.88	22.798383	26.650459	24.815325	0.572067
4.68	27.29	15.47	15.47	3.13	1.88	22.794125	26.645410	24.810636	0.572057
4.68	27.28	15.47	15.47	3.13	1.88	22.789870	26.640362	24.805948	0.572047
4.69	27.28	15.47	15.47	3.13	1.88	22.785617	26.635315	24.801263	0.572037
4.69	27.27	15.46	15.46	3.13	1.88	22.781367	26.630269	24.796580	0.572028
4.69	27.27	15.46	15.46	3.13	1.88	22.777119	26.625225	24.791898	0.572018
4.69	27.26	15.46	15.46	3.13	1.88	22.772874	26.620181	24.787218	0.572008
4.70	27.26	15.46	15.46	3.13	1.88	22.768631	26.615139	24.782540	0.571998
4.70	27.25	15.46	15.46	3.13	1.88	22.764391	26.610098	24.777864	0.571988
4.70	27.25	15.46	15.46	3.13	1.88	22.760154	26.605058	24.773189	0.571978
4.71	27.24	15.46	15.46	3.13	1.88	22.755919	26.600019	24.768516	0.571968
4.71	27.24	15.45	15.45	3.13	1.88	22.751686	26.594982	24.763846	0.571958
4.71	27.23	15.45	15.45	3.13	1.88	22.747456	26.589945	24.759177	0.571949
4.71	27.23	15.45	15.45	3.13	1.88	22.743229	26.584910	24.754509	0.571939
4.72	27.22	15.45	15.45	3.13	1.88	22.739004	26.579876	24.749844	0.571929
4.72	27.22	15.45	15.45	3.13	1.88	22.734782	26.574843	24.745180	0.571919
4.72	27.21	15.45	15.45	3.13	1.88	22.730562	26.569811	24.740519	0.571909
4.72	27.21	15.45	15.45	3.13	1.88	22.726345	26.564780	24.735859	0.571899
4.73	27.20	15.45	15.45	3.13	1.88	22.722130	26.559751	24.731201	0.571889
4.73	27.20	15.44	15.44	3.13	1.88	22.717918	26.554723	24.726545	0.571879
4.73	27.19	15.44	15.44	3.13	1.88	22.713709	26.549696	24.721890	0.571869
4.74	27.19	15.44	15.44	3.13	1.88	22.709502	26.544670	24.717238	0.571859
4.74	27.18	15.44	15.44	3.13	1.88	22.705298	26.539645	24.712587	0.571849
4.74	27.17	15.44	15.44	3.13	1.88	22.701096	26.534621	24.707938	0.571839
4.74	27.17	15.44	15.44	3.13	1.88	22.696897	26.529599	24.703291	0.571829
4.75	27.16	15.44	15.44	3.13	1.88	22.692700	26.524578	24.698646	0.571819
4.75	27.16	15.44	15.44	3.13	1.88	22.688506	26.519558	24.694002	0.571809
4.75	27.15	15.44	15.44	3.13	1.88	22.684315	26.514539	24.689361	0.571799
4.76	27.15	15.43	15.43	3.13	1.88	22.680126	26.509521	24.684721	0.571789
4.76	27.14	15.43	15.43	3.12	1.88	22.675940	26.504505	24.680084	0.571779
4.76	27.14	15.43	15.43	3.12	1.88	22.671756	26.499490	24.675448	0.571769
4.76	27.13	15.43	15.43	3.12	1.88	22.667575	26.494476	24.670814	0.571759
4.77	27.13	15.43	15.43	3.12	1.88	22.663396	26.489463	24.666181	0.571749
4.77	27.12	15.43	15.43	3.12	1.88	22.659220	26.484451	24.661551	0.571739
4.77	27.12	15.43	15.43	3.12	1.88	22.655047	26.479441	24.656922	0.571729
4.78	27.11	15.43	15.43	3.12	1.88	22.650876	26.474431	24.652296	0.571719
4.78	27.11	15.42	15.42	3.12	1.88	22.646708	26.469423	24.647671	0.571709
4.78	27.10	15.42	15.42	3.12	1.88	22.642542	26.464416	24.643048	0.571699
4.78	27.10	15.42	15.42	3.12	1.88	22.638379	26.459411	24.638427	0.571689
4.79	27.09	15.42	15.42	3.12	1.88	22.634219	26.454406	24.633808	0.571679
4.79	27.09	15.42	15.42	3.12	1.88	22.630061	26.449403	24.629190	0.571669
4.79	27.08	15.42	15.42	3.12	1.88	22.625906	26.444401	24.624575	0.571659
4.79	27.08	15.42	15.42	3.12	1.88	22.621753	26.439400	24.619961	0.571649
4.80	27.07	15.42	15.42	3.12	1.88	22.617603	26.434401	24.615350	0.571639
4.80	27.07	15.42	15.42	3.12	1.88	22.613456	26.429402	24.610740	0.571629
4.80	27.06	15.41	15.41	3.12	1.88	22.609311	26.424405	24.606132	0.571619
4.81	27.06	15.41	15.41	3.12	1.87	22.605169	26.419409	24.601526	0.571609
4.81	27.05	15.41	15.41	3.12	1.87	22.601029	26.414415	24.596922	0.571599
4.81	27.05	15.41	15.41	3.12	1.87	22.596892	26.409421	24.592319	0.571589
4.81	27.04	15.41	15.41	3.12	1.87	22.592758	26.404429	24.587719	0.571578
4.82	27.04	15.41	15.41	3.12	1.87	22.588626	26.399438	24.583121	0.571568
4.82	27.03	15.41	15.41	3.12	1.87	22.584497	26.394448	24.578524	0.571558
4.82	27.03	15.41	15.41	3.12	1.87	22.580370	26.389460	24.573929	0.571548
4.83	27.02	15.41	15.41	3.12	1.87	22.576246	26.384472	24.569336	0.571538
4.83	27.02	15.40	15.40	3.12	1.87	22.572125	26.379486	24.564745	0.571528
4.83	27.01	15.40	15.40	3.12	1.87	22.568006	26.374501	24.560156	0.571518
4.83	27.01	15.40	15.40	3.12	1.87	22.563890	26.369518	24.555569	0.571508
4.84	27.00	15.40	15.40	3.12	1.87	22.559777	26.364536	24.550984	0.571497
4.84	27.00	15.40	15.40	3.12	1.87	22.555666	26.359554	24.546400	0.571487
4.84	26.99	15.40	15.40	3.12	1.87	22.551558	26.354575	24.541819	0.571477
4.84	26.98	15.40	15.40	3.12	1.87	22.547452	26.349596	24.537239	0.571467
4.85	26.98	15.40	15.40	3.12	1.87	22.543349	26.344619	24.532662	0.571457
4.85	26.97	15.40	15.40	3.12	1.87	22.539249	26.339643	24.528086	0.571447
4.85	26.97	15.40	15.40	3.12	1.87	22.535151	26.334668	24.523512	0.571436
4.86	26.96	15.39	15.39	3.12	1.87	22.531056	26.329694	24.518940	0.571426
4.86	26.96	15.39	15.39	3.12	1.87	22.526964	26.324722	24.514370	0.571416
4.86	26.95	15.39	15.39	3.12	1.87	22.522874	26.319751	24.509802	0.571406
4.86	26.95	15.39	15.39	3.12	1.87	22.518787	26.314781	24.505236	0.571396
4.87	26.94	15.39	15.39	3.12	1.87	22.514702	26.309812	24.500672	0.571386
4.87	26.94	15.39	15.39	3.12	1.87	22.510620	26.304845	24.496109	0.571375
4.87	26.93	15.39	15.39	3.12	1.87	22.506541	26.299879	24.491549	0.571365
4.88	26.93	15.39	15.39	3.12	1.87	22.502465	26.294914	24.486991	0.571355
4.88	26.92	15.39	15.39	3.12	1.87	22.498391	26.289951	24.482434	0.571345
4.88	26.92	15.39	15.39	3.12	1.87	22.494319	26.284989	24.477879	0.571334
4.88	26.91	15.38	15.38	3.12	1.87	22.490251	26.280028	24.473327	0.571324
4.89	26.91	15.38	15.38	3.12	1.87	22.486185	26.275068	24.468776	0.571314
4.89	26.90	15.38	15.38	3.12	1.87	22.482122	26.270110	24.464227	0.571304
4.89	26.90	15.38	15.38	3.12	1.87	22.478061	26.265152	24.459680	0.571293
4.89	26.89	15.38	15.38	3.12	1.87	22.474003	26.260197	24.455135	0.571283
4.90	26.89	15.38	15.38	3.12	1.87	22.469948	26.255242	24.450592	0.571273
4.90	26.88	15.38	15.38	3.12	1.87	22.465895	26.250289	24.446051	0.571263
4.90	26.88	15.38	15.38	3.12	1.87	22.461845	26.245337	24.441512	0.571252
4.91	26.87	15.38	15.38	3.12	1.87	22.457798	26.240386	24.436974	0.571242
4.91	26.87	15.38	15.38	3.12	1.87	22.453753	26.235437	24.432439	0.571232
4.91	26.86	15.38	15.38	3.12	1.87	22.449711	26.230489	24.427906	0.571222
4.91	26.86	15.37	15.37	3.12	1.87	22.445671	26.225542	24.423374	0.571211
4.92	26.85	15.37	15.37	3.12	1.87	22.441635	26.220596	24.418845	0.571201
4.92	26.85	15.37	15.37	3.12	1.87	22.437601	26.215652	24.414317	0.571191
4.92	26.84	15.37	15.37	3.12	1.87	22.433569	26.210709	24.409792	0.571180
4.92	26.84	15.37	15.37	3.12	1.87	22.429541	26.205768	24.405268	0.571170
4.93	26.83	15.37	15.37	3.12	1.87	22.425515	26.200827	24.400747	0.571160
4.93	26.83	15.37	15.37	3.12	1.87	22.421491	26.195888	24.396227	0.571149
4.93	26.82	15.37	15.37	3.12	1.87	22.417471	26.190950	24.391709	0.571139
4.94	26.82	15.37	15.37	3.12	1.87	22.413453	26.186014	24.387194	0.571129
4.94	26.81	15.37	15.37	3.12	1.87	22.409438	26.181079	24.382680	0.571118
4.94	26.81	15.37	15.37	3.12	1.87	22.405425	26.176145	24.378168	0.571108
4.94	26.80	15.37	15.37	3.12	1.87	22.401415	26.171213	24.373658	0.571098
4.95	26.80	15.36	15.36	3.12	1.87	22.397408	26.166282	24.369150	0.571087
4.95	26.79	15.36	15.36	3.12	1.87	22.393403	26.161352	24.364644	0.571077
4.95	26.79	15.36	15.36	3.11	1.87	22.389401	26.156423	24.360140	0.571066
4.96	26.78	15.36	15.36	3.11	1.87	22.385402	26.151496	24.355638	0.571056
4.96	26.78	15.36	15.36	3.11	1.87	22.381406	26.146570	24.351138	0.571046
4.96	26.77	15.36	15.36	3.11	1.87	22.377412	26.141646	24.346640	0.571035
4.96	26.77	15.36	15.36	3.11	1.87	22.373421	26.136722	24.342144	0.571025
4.97	26.76	15.36	15.36	3.11	1.87	22.369433	26.131800	24.337650	0.571015
4.97	26.76	15.36	15.36	3.11	1.87	22.365447	26.126880	24.333158	0.571004
4.97	26.75	15.36	15.36	3.11	1.87	22.361464	26.121961	24.328668	0.570994
4.97	26.75	15.36	15.36	3.11	1.87	22.357484	26.117043	24.324180	0.570983
4.98	26.74	15.36	15.36	3.11	1.87	22.353506	26.112126	24.319694	0.570973
4.98	26.74	15.35	15.35	3.11	1.87	22.349531	26.107211	24.315209	0.570962
4.98	26.73	15.35	15.35	3.11	1.87	22.345559	26.102297	24.310727	0.570952
4.99	26.73	15.35	15.35	3.11	1.87	22.341590	26.097384	24.306247	0.570942
4.99	26.72	15.35	15.35	3.11	1.87	22.337623	26.092473	24.301769	0.570931
4.99	26.72	15.35	15.35	3.11	1.87	22.333659	26.087563	24.297293	0.570921
4.99	26.71	15.35	15.35	3.11	1.87	22.329697	26.082655	24.292818	0.570910
5.00	26.71	15.35	15.35	3.11	1.87	22.325739	26.077748	24.288346	0.570900
5.00	26.70	15.35	15.35	3.11	1.87	22.321783	26.072842	24.283876	0.570889
5.00	26.70	15.35	15.35	3.11	1.87	22.317830	26.067937	24.279408	0.570879
5.01	26.69	15.35	15.35	3.11	1.87	22.313879	26.063034	24.274942	0.570868
5.01	26.68	15.35	15.35	3.11	1.87	22.309932	26.058132	24.270477	0.570858
5.01	26.68	15.35	15.35	3.11	1.87	22.305987	26.053232	24.266015	0.570847
5.01	26.67	15.35	15.35	3.11	1.87	22.302044	26.048333	24.261555	0.570837
5.02	26.67	15.35	15.35	3.11	1.87	22.298105	26.043435	24.257097	0.570826
5.02	26.66	15.34	15.34	3.11	1.87	22.294168	26.038539	24.252641	0.570816
5.02	26.66	15.34	15.34	3.11	1.87	22.290234	26.033644	24.248187	0.570805
5.03	26.65	15.34	15.34	3.11	1.87	22.286302	26.028750	24.243734	0.570795
5.03	26.65	15.34	15.34	3.11	1.87	22.282374	26.023858	24.239284	0.570784
5.03	26.64	15.34	15.34	3.11	1.87	22.278448	26.018967	24.234836	0.570774
5.03	26.64	15.34	15.34	3.11	1.86	22.274525	26.014078	24.230390	0.570763
5.04	26.63	15.34	15.34	3.11	1.86	22.270604	26.009190	24.225946	0.570753
5.04	26.63	15.34	15.34	3.11	1.86	22.266686	26.004303	24.221504	0.570742
5.04	26.62	15.34	15.34	3.11	1.86	22.262771	25.999417	24.217064	0.570732
5.04	26.62	15.34	15.34	3.11	1.86	22.258859	25.994533	24.212626	0.570721
5.05	26.61	15.34	15.34	3.11	1.86	22.254950	25.989651	24.208190	0.570711
5.05	26.61	15.34	15.34	3.11	1.86	22.251043	25.984770	24.203756	0.570700
5.05	26.60	15.34	15.34	3.11	1.86	22.247139	25.979890	24.199324	0.570689
5.06	26.60	15.34	15.34	3.11	1.86	22.243238	25.975011	24.194894	0.570679
5.06	26.59	15.34	15.34	3.11	1.86	22.239339	25.970134	24.190466	0.570668
5.06	26.59	15.33	15.33	3.11	1.86	22.235443	25.965258	24.186041	0.570658
5.06	26.58	15.33	15.33	3.11	1.86	22.231550	25.960384	24.181617	0.570647
5.07	26.58	15.33	15.33	3.11	1.86	22.227660	25.955511	24.177195	0.570636
5.07	26.57	15.33	15.33	3.11	1.86	22.223773	25.950640	24.172775	0.570626
5.07	26.57	15.33	15.33	3.11	1.86	22.219888	25.945769	24.168358	0.570615
5.08	26.56	15.33	15.33	3.11	1.86	22.216006	25.940901	24.163942	0.570605
5.08	26.56	15.33	15.33	3.11	1.86	22.212126	25.936033	24.159529	0.570594
5.08	26.55	15.33	15.33	3.11	1.86	22.208250	25.931167	24.155117	0.570583
5.08	26.55	15.33	15.33	3.11	1.86	22.204376	25.926303	24.150708	0.570573
5.09	26.54	15.33	15.33	3.11	1.86	22.200505	25.921440	24.146300	0.570562
5.09	26.54	15.33	15.33	3.11	1.86	22.196637	25.916578	24.141895	0.570551
5.09	26.53	15.33	15.33	3.11	1.86	22.192772	25.911718	24.137492	0.570541
5.09	26.53	15.33	15.33	3.11	1.86	22.188909	25.906859	24.133090	0.570530
5.10	26.52	15.33	15.33	3.11	1.86	22.185049	25.902001	24.128691	0.570519
5.10	26.52	15.33	15.33	3.11	1.86	22.181192	25.897145	24.124294	0.570509
5.10	26.51	15.33	15.33	3.11	1.86	22.177338	25.892291	24.119899	0.570498
5.11	26.51	15.33	15.33	3.11	1.86	22.173486	25.887437	24.115506	0.570487
5.11	26.50	15.33	15.33	3.11	1.86	22.169637	25.882585	24.111115	0.570477
5.11	26.50	15.32	15.32	3.11	1.86	22.165791	25.877735	24.106726	0.570466
5.11	26.49	15.32	15.32	3.11	1.86	22.161948	25.872886	24.102339	0.570455
5.12	26.49	15.32	15.32	3.11	1.86	22.158107	25.868038	24.097954	0.570445
5.12	26.48	15.32	15.32	3.11	1.86	22.154270	25.863192	24.093572	0.570434
5.12	26.48	15.32	15.32	3.11	1.86	22.150435	25.858348	24.089191	0.570423
5.12	26.47	15.32	15.32	3.11	1.86	22.146603	25.853504	24.084813	0.570413
5.13	26.47	15.32	15.32	3.11	1.86	22.142773	25.848662	24.080436	0.570402
5.13	26.46	15.32	15.32	3.11	1.86	22.138947	25.843822	24.076062	0.570391
5.13	26.46	15.32	15.32	3.11	1.86	22.135123	25.838983	24.071689	0.570380
5.14	26.45	15.32	15.32	3.11	1.86	22.131302	25.834145	24.067319	0.570370
5.14	26.45	15.32	15.32	3.11	1.86	22.127484	25.829309	24.062951	0.570359
5.14	26.44	15.32	15.32	3.11	1.86	22.123668	25.824475	24.058585	0.570348
5.14	26.44	15.32	15.32	3.11	1.86	22.119856	25.819641	24.054221	0.570337
5.15	26.43	15.32	15.32	3.11	1.86	22.116046	25.814809	24.049859	0.570327
5.15	26.43	15.32	15.32	3.11	1.86	22.112239	25.809979	24.045499	0.570316
5.15	26.42	15.32	15.32	3.10	1.86	22.108435	25.805150	24.041142	0.570305
5.16	26.42	15.32	15.32	3.10	1.86	22.104633	25.800323	24.036786	0.570294
5.16	26.41	15.32	15.32	3.10	1.86	22.100835	25.795497	24.032433	0.570284
5.16	26.41	15.32	15.32	3.10	1.86	22.097039	25.790672	24.028081	0.570273
5.16	26.40	15.32	15.32	3.10	1.86	22.093246	25.785849	24.023732	0.570262
5.17	26.40	15.32	15.32	3.10	1.86	22.089456	25.781027	24.019385	0.570251
5.17	26.39	15.32	15.32	3.10	1.86	22.085668	25.776207	24.015039	0.570240
5.17	26.39	15.31	15.31	3.10	1.86	22.081884	25.771388	24.010696	0.570230
5.17	26.38	15.31	15.31	3.10	1.86	22.078102	25.766571	24.006355	0.570219
5.18	26.38	15.31	15.31	3.10	1.86	22.074323	25.761755	24.002017	0.570208
5.18	26.37	15.31	15.31	3.10	1.86	22.070547	25.756941	23.997680	0.570197
5.18	26.37	15.31	15.31	3.10	1.86	22.066773	25.752128	23.993345	0.570186
5.19	26.36	15.31	15.31	3.10	1.86	22.063003	25.747317	23.989013	0.570175
5.19	26.36	15.31	15.31	3.10	1.86	22.059235	25.742507	23.984682	0.570165
5.19	26.35	15.31	15.31	3.10	1.86	22.055470	25.737698	23.980354	0.570154
5.19	26.35	15.31	15.31	3.10	1.86	22.051708	25.732891	23.976028	0.570143
5.20	26.34	15.31	15.31	3.10	1.86	22.047949	25.728086	23.971704	0.570132
5.20	26.34	15.31	15.31	3.10	1.86	22.044192	25.723282	23.967382	0.570121
5.20	26.33	15.31	15.31	3.10	1.86	22.040439	25.718479	23.963062	0.570110
5.21	26.33	15.31	15.31	3.10	1.86	22.036688	25.713678	23.958744	0.570099
5.21	26.32	15.31	15.31	3.10	1.86	22.032940	25.708878	23.954429	0.570089
5.21	26.32	15.31	15.31	3.10	1.86	22.029195	25.704080	23.950115	0.570078
5.21	26.31	15.31	15.31	3.10	1.86	22.025453	25.699284	23.945804	0.570067
5.22	26.31	15.31	15.31	3.10	1.86	22.021713	25.694488	23.941495	0.570056
5.22	26.30	15.31	15.31	3.10	1.86	22.017976	25.689695	23.937188	0.570045
5.22	26.30	15.31	15.31	3.10	1.86	22.014243	25.684903	23.932883	0.570034
5.22	26.29	15.31	15.31	3.10	1.86	22.010512	25.680112	23.928580	0.570023
5.23	26.29	15.31	15.31	3.10	1.86	22.006784	25.675323	23.924279	0.570012
5.23	26.28	15.31	15.31	3.10	1.86	22.003058	25.670535	23.919981	0.570001
5.23	26.28	15.31	15.31	3.10	1.85	21.999336	25.665749	23.915684	0.569990
5.24	26.27	15.31	15.31	3.10	1.85	21.995616	25.660964	23.911390	0.569979
5.24	26.27	15.31	15.31	3.10	1.85	21.991899	25.656181	23.907098	0.569968
5.24	26.26	15.31	15.31	3.10	1.85	21.988186	25.651399	23.902808	0.569958
5.24	26.26	15.31	15.31	3.10	1.85	21.984474	25.646619	23.898520	0.569947
5.25	26.26	15.31	15.31	3.10	1.85	21.980766	25.641840	23.894234	0.569936
5.25	26.25	15.31	15.31	3.10	1.85	21.977061	25.637063	23.889951	0.569925
5.25	26.25	15.31	15.31	3.10	1.85	21.973358	25.632287	23.885669	0.569914
5.26	26.24	15.31	15.31	3.10	1.85	21.969659	25.627513	23.881390	0.569903
5.26	26.24	15.30	15.30	3.10	1.85	21.965962	25.622740	23.877113	0.569892
5.26	26.23	15.30	15.30	3.10	1.85	21.962268	25.617969	23.872838	0.569881
5.26	26.23	15.30	15.30	3.10	1.85	21.958577	25.613200	23.868565	0.569870
5.27	26.22	15.30	15.30	3.10	1.85	21.954888	25.608432	23.864295	0.569859
5.27	26.22	15.30	15.30	3.10	1.85	21.951203	25.603665	23.860026	0.569848
5.27	26.21	15.30	15.30	3.10	1.85	21.947521	25.598900	23.855760	0.569837
5.28	26.21	15.30	15.30	3.10	1.85	21.943841	25.594136	23.851496	0.569826
5.28	26.20	15.30	15.30	3.10	1.85	21.940164	25.589374	23.847234	0.569815
5.28	26.20	15.30	15.30	3.10	1.85	21.936490	25.584614	23.842974	0.569804
5.28	26.19	15.30	15.30	3.10	1.85	21.932819	25.579855	23.838716	0.569793
5.29	26.19	15.30	15.30	3.10	1.85	21.929151	25.575098	23.834461	0.569782
5.29	26.18	15.30	15.30	3.10	1.85	21.925485	25.570342	23.830207	0.569770
5.29	26.18	15.30	15.30	3.10	1.85	21.921823	25.565587	23.825956	0.569759
5.29	26.17	15.30	15.30	3.10	1.85	21.918163	25.560834	23.821707	0.569748
5.30	26.17	15.30	15.30	3.10	1.85	21.914507	25.556083	23.817460	0.569737
5.30	26.16	15.30	15.30	3.10	1.85	21.910853	25.551333	23.813216	0.569726
5.30	26.16	15.30	15.30	3.10	1.85	21.907202	25.546585	23.808973	0.569715
5.31	26.15	15.30	15.30	3.10	1.85	21.903554	25.541838	23.804733	0.569704
5.31	26.15	15.30	15.30	3.10	1.85	21.899908	25.537093	23.800495	0.569693
5.31	26.14	15.30	15.30	3.10	1.85	21.896266	25.532350	23.796259	0.569682
5.31	26.14	15.30	15.30	3.10	1.85	21.892627	25.527608	23.792025	0.569671
5.32	26.13	15.30	15.30	3.10	1.85	21.888990	25.522867	23.787794	0.569660
5.32	26.13	15.30	15.30	3.10	1.85	21.885356	25.518128	23.783564	0.569649
5.32	26.12	15.30	15.30	3.10	1.85	21.881725	25.513391	23.779337	0.569638
5.33	26.12	15.30	15.30	3.10	1.85	21.878098	25.508655	23.775112	0.569626
5.33	26.11	15.30	15.30	3.10	1.85	21.874473	25.503921	23.770889	0.569615
5.33	26.11	15.30	15.30	3.10	1.85	21.870850	25.499188	23.766669	0.569604
5.33	26.10	15.30	15.30	3.10	1.85	21.867231	25.494457	23.762450	0.569593
5.34	26.10	15.30	15.30	3.10	1.85	21.863615	25.489727	23.758234	0.569582
5.34	26.09	15.30	15.30	3.10	1.85	21.860001	25.484999	23.754020	0.569571
5.34	26.09	15.30	15.30	3.10	1.85	21.856391	25.480273	23.749808	0.569560
5.34	26.08	15.30	15.30	3.10	1.85	21.852783	25.475548	23.745598	0.569548
5.35	26.08	15.30	15.30	3.10	1.85	21.849178	25.470825	23.741391	0.569537
5.35	26.07	15.30	15.30	3.10	1.85	21.845576	25.466103	23.737186	0.569526
5.35	26.07	15.30	15.30	3.10	1.85	21.841977	25.461383	23.732983	0.569515
5.36	26.06	15.30	15.30	3.10	1.85	21.838381	25.456664	23.728782	0.569504
5.36	26.06	15.30	15.30	3.10	1.85	21.834788	25.451947	23.724583	0.569492
5.36	26.05	15.30	15.30	3.09	1.85	21.831198	25.447231	23.720387	0.569481
5.36	26.05	15.30	15.30	3.09	1.85	21.827610	25.442518	23.716193	0.569470
5.37	26.04	15.30	15.30	3.09	1.85	21.824026	25.437805	23.712001	0.569459
5.37	26.04	15.30	15.30	3.09	1.85	21.820444	25.433095	23.707811	0.569448
5.37	26.03	15.30	15.30	3.09	1.85	21.816866	25.428385	23.703623	0.569436
5.38	26.03	15.30	15.30	3.09	1.85	21.813290	25.423678	23.699438	0.569425
5.38	26.02	15.30	15.30	3.09	1.85	21.809717	25.418972	23.695255	0.569414
5.38	26.02	15.30	15.30	3.09	1.85	21.806147	25.414267	23.691074	0.569403
5.38	26.01	15.30	15.30	3.09	1.85	21.802580	25.409565	23.686895	0.569392
5.39	26.01	15.30	15.30	3.09	1.85	21.799016	25.404863	23.682719	0.569380
5.39	26.00	15.30	15.31	3.09	1.85	21.795455	25.400164	23.678545	0.569369
5.39	26.00	15.30	15.31	3.09	1.85	21.791897	25.395466	23.674373	0.569358
5.39	25.99	15.30	15.31	3.09	1.85	21.788342	25.390769	23.670203	0.569347
5.40	25.99	15.30	15.31	3.09	1.85	21.784789	25.386075	23.666036	0.569335
5.40	25.99	15.30	15.31	3.09	1.85	21.781240	25.381381	23.661870	0.569324
5.40	25.98	15.30	15.31	3.09	1.85	21.777693	25.376690	23.657707	0.569313
5.41	25.98	15.30	15.32	3.09	1.85	21.774150	25.372000	23.653546	0.569301
5.41	25.97	15.30	15.32	3.09	1.85	21.770609	25.367311	23.649388	0.569290
5.41	25.97	15.30	15.32	3.09	1.85	21.767072	25.362625	23.645231	0.569279
5.41	25.96	15.30	15.32	3.09	1.84	21.763538	25.357939	23.641077	0.569268
5.42	25.96	15.30	15.32	3.09	1.84	21.760007	25.353256	23.636926	0.569256
5.42	25.95	15.30	15.32	3.09	1.84	21.756479	25.348574	23.632776	0.569245
5.42	25.95	15.30	15.33	3.09	1.84	21.752955	25.343893	23.628629	0.569234
5.42	25.94	15.30	15.33	3.09	1.84	21.749434	25.339215	23.624484	0.569222
5.43	25.94	15.30	15.33	3.09	1.84	21.745916	25.334538	23.620341	0.569211
5.43	25.93	15.30	15.33	3.09	1.84	21.742402	25.329862	23.616201	0.569200
5.43	25.93	15.30	15.33	3.09	1.84	21.738892	25.325188	23.612063	0.569188
5.44	25.92	15.30	15.33	3.09	1.84	21.735385	25.320516	23.607928	0.569177
5.44	25.92	15.30	15.34	3.09	1.84	21.731882	25.315845	23.603794	0.569165
5.44	25.91	15.30	15.34	3.09	1.84	21.728383	25.311176	23.599664	0.569154
5.44	25.91	15.30	15.34	3.09	1.84	21.724887	25.306509	23.595535	0.569143
5.45	25.90	15.30	15.34	3.09	1.84	21.721396	25.301843	23.591409	0.569131
5.45	25.90	15.30	15.34	3.09	1.84	21.717908	25.297179	23.587286	0.569120
5.45	25.89	15.30	15.34	3.09	1.84	21.714425	25.292517	23.583165	0.569108
5.46	25.89	15.30	15.35	3.09	1.84	21.710945	25.287856	23.579047	0.569097
5.46	25.88	15.30	15.35	3.09	1.84	21.707470	25.283197	23.574931	0.569085
5.46	25.88	15.30	15.35	3.09	1.84	21.703999	25.278539	23.570817	0.569074
5.46	25.87	15.30	15.35	3.09	1.84	21.700532	25.273883	23.566706	0.569063
5.47	25.87	15.30	15.35	3.09	1.84	21.697069	25.269229	23.562598	0.569051
5.47	25.86	15.30	15.35	3.09	1.84	21.693611	25.264576	23.558492	0.569040
5.47	25.86	15.30	15.36	3.09	1.84	21.690157	25.259925	23.554389	0.569028
5.47	25.85	15.31	15.36	3.09	1.84	21.686707	25.255276	23.550288	0.569016
5.48	25.85	15.31	15.36	3.09	1.84	21.683261	25.250628	23.546191	0.569005
5.48	25.84	15.31	15.36	3.09	1.84	21.679820	25.245982	23.542095	0.568993
5.48	25.84	15.31	15.36	3.09	1.84	21.676384	25.241338	23.538003	0.568982
5.49	25.83	15.31	15.37	3.09	1.84	21.672952	25.236695	23.533913	0.568970
5.49	25.83	15.31	15.37	3.09	1.84	21.669524	25.232054	23.529826	0.568959
5.49	25.82	15.31	15.37	3.09	1.84	21.666101	25.227415	23.525741	0.568947
5.49	25.82	15.31	15.37	3.09	1.84	21.662683	25.222777	23.521660	0.568935
5.50	25.82	15.31	15.37	3.09	1.84	21.659269	25.218141	23.517581	0.568924
5.50	25.81	15.31	15.37	3.09	1.84	21.655860	25.213507	23.513504	0.568912
5.50	25.81	15.31	15.38	3.09	1.84	21.652455	25.208875	23.509431	0.568900
5.51	25.80	15.31	15.38	3.09	1.84	21.649055	25.204244	23.505360	0.568889
5.51	25.80	15.31	15.38	3.09	1.84	21.645660	25.199614	23.501293	0.568877
5.51	25.79	15.31	15.38	3.09	1.84	21.642269	25.194987	23.497228	0.568865
5.51	25.79	15.31	15.38	3.09	1.84	21.638883	25.190361	23.493166	0.568854
5.52	25.78	15.31	15.39	3.09	1.84	21.635502	25.185737	23.489106	0.568842
5.52	25.78	15.31	15.39	3.09	1.84	21.632125	25.181114	23.485050	0.568830
5.52	25.77	15.31	15.39	3.09	1.84	21.628753	25.176493	23.480997	0.568818
5.53	25.77	15.31	15.39	3.09	1.84	21.625386	25.171874	23.476946	0.568807
5.53	25.76	15.31	15.39	3.09	1.84	21.622024	25.167257	23.472898	0.568795
5.53	25.76	15.31	15.40	3.09	1.84	21.618667	25.162641	23.468854	0.568783
5.53	25.75	15.31	15.40	3.09	1.84	21.615314	25.158028	23.464812	0.568771
5.54	25.75	15.31	15.40	3.09	1.84	21.611966	25.153415	23.460773	0.568759
5.54	25.74	15.31	15.40	3.09	1.84	21.608623	25.148805	23.456738	0.568748
5.54	25.74	15.31	15.40	3.09	1.84	21.605285	25.144196	23.452705	0.568736
5.54	25.73	15.32	15.41	3.09	1.84	21.601951	25.139589	23.448675	0.568724
5.55	25.73	15.32	15.41	3.09	1.84	21.598623	25.134984	23.444648	0.568712
5.55	25.72	15.32	15.41	3.09	1.84	21.595299	25.130381	23.440624	0.568700
5.55	25.72	15.32	15.41	3.09	1.84	21.591980	25.125779	23.436604	0.568688
5.56	25.71	15.32	15.41	3.09	1.84	21.588666	25.121179	23.432586	0.568676
5.56	25.71	15.32	15.42	3.09	1.84	21.585357	25.116581	23.428571	0.568664
5.56	25.70	15.32	15.42	3.09	1.84	21.582053	25.111984	23.424560	0.568652
5.56	25.70	15.32	15.42	3.09	1.84	21.578753	25.107390	23.420551	0.568640
5.57	25.70	15.32	15.42	3.09	1.84	21.575459	25.102797	23.416546	0.568628
5.57	25.69	15.32	15.42	3.09	1.84	21.572169	25.098206	23.412543	0.568616
5.57	25.69	15.32	15.43	3.09	1.84	21.568885	25.093616	23.408544	0.568604
5.58	25.68	15.32	15.43	3.09	1.83	21.565605	25.089029	23.404548	0.568592
5.58	25.68	15.32	15.43	3.09	1.83	21.562330	25.084443	23.400555	0.568580
5.58	25.67	15.32	15.43	3.08	1.83	21.559060	25.079859	23.396565	0.568568
5.58	25.67	15.32	15.43	3.08	1.83	21.555795	25.075277	23.392579	0.568556
5.59	25.66	15.32	15.44	3.08	1.83	21.552535	25.070696	23.388595	0.568544
5.59	25.66	15.32	15.44	3.08	1.83	21.549280	25.066118	23.384615	0.568532
5.59	25.65	15.33	15.44	3.08	1.83	21.546030	25.061541	23.380637	0.568520
5.59	25.65	15.33	15.44	3.08	1.83	21.542785	25.056966	23.376663	0.568507
5.60	25.64	15.33	15.45	3.08	1.83	21.539545	25.052393	23.372693	0.568495
5.60	25.64	15.33	15.45	3.08	1.83	21.536309	25.047822	23.368725	0.568483
5.60	25.63	15.33	15.45	3.08	1.83	21.533079	25.043253	23.364761	0.568471
5.61	25.63	15.33	15.45	3.08	1.83	21.529854	25.038685	23.360799	0.568459
5.61	25.62	15.33	15.45	3.08	1.83	21.526633	25.034119	23.356841	0.568446
5.61	25.62	15.33	15.46	3.08	1.83	21.523418	25.029556	23.352887	0.568434
5.61	25.61	15.33	15.46	3.08	1.83	21.520207	25.024993	23.348935	0.568422
5.62	25.61	15.33	15.46	3.08	1.83	21.517002	25.020433	23.344987	0.568410
5.62	25.60	15.33	15.46	3.08	1.83	21.513801	25.015875	23.341042	0.568397
5.62	25.60	15.33	15.47	3.08	1.83	21.510606	25.011319	23.337100	0.568385
5.62	25.59	15.33	15.47	3.08	1.83	21.507415	25.006764	23.333162	0.568373
5.63	25.59	15.33	15.47	3.08	1.83	21.504229	25.002211	23.329226	0.568360
5.63	25.59	15.33	15.47	3.08	1.83	21.501049	24.997661	23.325295	0.568348
5.63	25.58	15.34	15.47	3.08	1.83	21.497873	24.993112	23.321366	0.568336
5.64	25.58	15.34	15.48	3.08	1.83	21.494703	24.988565	23.317441	0.568323
5.64	25.57	15.34	15.48	3.08	1.83	21.491537	24.984020	23.313518	0.568311
5.64	25.57	15.34	15.48	3.08	1.83	21.488376	24.979477	23.309600	0.568299
5.64	25.56	15.34	15.48	3.08	1.83	21.485221	24.974935	23.305684	0.568286
5.65	25.56	15.34	15.49	3.08	1.83	21.482070	24.970396	23.301772	0.568274
5.65	25.55	15.34	15.49	3.08	1.83	21.478925	24.965858	23.297863	0.568261
5.65	25.55	15.34	15.49	3.08	1.83	21.475784	24.961323	23.293958	0.568249
5.66	25.54	15.34	15.49	3.08	1.83	21.472648	24.956789	23.290056	0.568236
5.66	25.54	15.34	15.50	3.08	1.83	21.469518	24.952258	23.286157	0.568224
5.66	25.53	15.34	15.50	3.08	1.83	21.466392	24.947728	23.282262	0.568211
5.66	25.53	15.34	15.50	3.08	1.83	21.463271	24.943200	23.278369	0.568199
5.67	25.52	15.35	15.50	3.08	1.83	21.460156	24.938674	23.274481	0.568186
5.67	25.52	15.35	15.50	3.08	1.83	21.457045	24.934150	23.270595	0.568174
5.67	25.51	15.35	15.51	3.08	1.83	21.453940	24.929628	23.266713	0.568161
5.67	25.51	15.35	15.51	3.08	1.83	21.450839	24.925108	23.262835	0.568149
5.68	25.50	15.35	15.51	3.08	1.83	21.447744	24.920590	23.258959	0.568136
5.68	25.50	15.35	15.51	3.08	1.83	21.444653	24.916074	23.255088	0.568123
5.68	25.50	15.35	15.52	3.08	1.83	21.441568	24.911560	23.251219	0.568111
5.69	25.49	15.35	15.52	3.08	1.83	21.438487	24.907048	23.247354	0.568098
5.69	25.49	15.35	15.52	3.08	1.83	21.435412	24.902538	23.243492	0.568085
5.69	25.48	15.35	15.52	3.08	1.83	21.432341	24.898030	23.239634	0.568073
5.69	25.48	15.35	15.53	3.08	1.83	21.429276	24.893524	23.235779	0.568060
5.70	25.47	15.36	15.53	3.08	1.83	21.426215	24.889020	23.231928	0.568047
5.70	25.47	15.36	15.53	3.08	1.83	21.423160	24.884517	23.228080	0.568035
5.70	25.46	15.36	15.53	3.08	1.83	21.420110	24.880017	23.224235	0.568022
5.71	25.46	15.36	15.54	3.08	1.83	21.417064	24.875519	23.220394	0.568009
5.71	25.45	15.36	15.54	3.08	1.83	21.414024	24.871023	23.216556	0.567996
5.71	25.45	15.36	15.54	3.08	1.83	21.410989	24.866529	23.212721	0.567984
5.71	25.44	15.36	15.54	3.08	1.83	21.407958	24.862037	23.208891	0.567971
5.72	25.44	15.36	15.55	3.08	1.82	21.404933	24.857547	23.205063	0.567958
5.72	25.43	15.36	15.55	3.08	1.82	21.401913	24.853059	23.201239	0.567945
5.72	25.43	15.36	15.55	3.08	1.82	21.398898	24.848573	23.197418	0.567932
5.72	25.42	15.37	15.55	3.08	1.82	21.395888	24.844089	23.193601	0.567919
5.73	25.42	15.37	15.56	3.08	1.82	21.392883	24.839607	23.189788	0.567907
5.73	25.42	15.37	15.56	3.08	1.82	21.389882	24.835127	23.185977	0.567894
5.73	25.41	15.37	15.56	3.08	1.82	21.386887	24.830649	23.182171	0.567881
5.74	25.41	15.37	15.56	3.08	1.82	21.383897	24.826174	23.178367	0.567868
5.74	25.40	15.37	15.57	3.08	1.82	21.380912	24.821700	23.174567	0.567855
5.74	25.40	15.37	15.57	3.08	1.82	21.377933	24.817228	23.170771	0.567842
5.74	25.39	15.37	15.57	3.08	1.82	21.374958	24.812759	23.166978	0.567829
5.75	25.39	15.37	15.58	3.08	1.82	21.371988	24.808291	23.163189	0.567816
5.75	25.38	15.38	15.58	3.08	1.82	21.369023	24.803826	23.159403	0.567803
5.75	25.38	15.38	15.58	3.08	1.82	21.366063	24.799362	23.155620	0.567790
5.76	25.37	15.38	15.58	3.08	1.82	21.363108	24.794901	23.151841	0.567777
5.76	25.37	15.38	15.59	3.08	1.82	21.360159	24.790442	23.148066	0.567764
5.76	25.36	15.38	15.59	3.08	1.82	21.357214	24.785985	23.144294	0.567751
5.76	25.36	15.38	15.59	3.08	1.82	21.354274	24.781530	23.140526	0.567738
5.77	25.35	15.38	15.59	3.08	1.82	21.351340	24.777077	23.136761	0.567725
5.77	25.35	15.38	15.60	3.08	1.82	21.348410	24.772627	23.132999	0.567712
5.77	25.35	15.39	15.60	3.08	1.82	21.345486	24.768178	23.129241	0.567699
5.78	25.34	15.39	15.60	3.08	1.82	21.342566	24.763731	23.125487	0.567685
5.78	25.34	15.39	15.60	3.08	1.82	21.339652	24.759287	23.121736	0.567672
5.78	25.33	15.39	15.61	3.08	1.82	21.336742	24.754845	23.117989	0.567659
5.78	25.33	15.39	15.61	3.08	1.82	21.333838	24.750405	23.114245	0.567646
5.79	25.32	15.39	15.61	3.08	1.82	21.330939	24.745967	23.110504	0.567633
5.79	25.32	15.39	15.62	3.08	1.82	21.328045	24.741531	23.106768	0.567620
5.79	25.31	15.39	15.62	3.08	1.82	21.325155	24.737097	23.103034	0.567606
5.79	25.31	15.40	15.62	3.08	1.82	21.322271	24.732665	23.099305	0.567593
5.80	25.30	15.40	15.62	3.08	1.82	21.319392	24.728236	23.095578	0.567580
5.80	25.30	15.40	15.63	3.08	1.82	21.316518	24.723809	23.091856	0.567567
5.80	25.29	15.40	15.63	3.08	1.82	21.313649	24.719384	23.088137	0.567553
5.81	25.29	15.40	15.63	3.08	1.82	21.310785	24.714961	23.084421	0.567540
5.81	25.28	15.40	15.64	3.08	1.82	21.307926	24.710540	23.080709	0.567527
5.81	25.28	15.40	15.64	3.08	1.82	21.305072	24.706121	23.077001	0.567513
5.81	25.28	15.40	15.64	3.08	1.82	21.302223	24.701705	23.073296	0.567500
5.82	25.27	15.41	15.64	3.07	1.82	21.299380	24.697291	23.069594	0.567487
5.82	25.27	15.41	15.65	3.07	1.82	21.296541	24.692878	23.065897	0.567473
5.82	25.26	15.41	15.65	3.07	1.82	21.293707	24.688469	23.062202	0.567460
5.83	25.26	15.41	15.65	3.07	1.82	21.290879	24.684061	23.058512	0.567447
5.83	25.25	15.41	15.65	3.07	1.82	21.288055	24.679655	23.054825	0.567433
5.83	25.25	15.41	15.66	3.07	1.82	21.285236	24.675252	23.051141	0.567420
5.83	25.24	15.41	15.66	3.07	1.82	21.282423	24.670851	23.047461	0.567406
5.84	25.24	15.41	15.66	3.07	1.82	21.279615	24.666452	23.043785	0.567393
5.84	25.23	15.42	15.67	3.07	1.82	21.276811	24.662055	23.040112	0.567379
5.84	25.23	15.42	15.67	3.07	1.81	21.274013	24.657661	23.036443	0.567366
5.84	25.22	15.42	15.67	3.07	1.81	21.271220	24.653268	23.032777	0.567352
5.85	25.22	15.42	15.68	3.07	1.81	21.268431	24.648878	23.029115	0.567339
5.85	25.22	15.42	15.68	3.07	1.81	21.265648	24.644490	23.025457	0.567325
5.85	25.21	15.42	15.68	3.07	1.81	21.262870	24.640105	23.021802	0.567312
5.86	25.21	15.42	15.68	3.07	1.81	21.260097	24.635721	23.018150	0.567298
5.86	25.20	15.43	15.69	3.07	1.81	21.257329	24.631340	23.014503	0.567285
5.86	25.20	15.43	15.69	3.07	1.81	21.254566	24.626961	23.010859	0.567271
5.86	25.19	15.43	15.69	3.07	1.81	21.251808	24.622585	23.007218	0.567258
5.87	25.19	15.43	15.70	3.07	1.81	21.249055	24.618210	23.003581	0.567244
5.87	25.18	15.43	15.70	3.07	1.81	21.246308	24.613838	22.999948	0.567230
5.87	25.18	15.43	15.70	3.07	1.81	21.243565	24.609468	22.996318	0.567217
5.88	25.17	15.44	15.70	3.07	1.81	21.240827	24.605100	22.992692	0.567203
5.88	25.17	15.44	15.71	3.07	1.81	21.238095	24.600735	22.989070	0.567189
5.88	25.16	15.44	15.71	3.07	1.81	21.235367	24.596372	22.985451	0.567176
5.88	25.16	15.44	15.71	3.07	1.81	21.232645	24.592011	22.981836	0.567162
5.89	25.16	15.44	15.72	3.07	1.81	21.229927	24.587652	22.978224	0.567148
5.89	25.15	15.44	15.72	3.07	1.81	21.227215	24.583296	22.974616	0.567134
5.89	25.15	15.44	15.72	3.07	1.81	21.224508	24.578942	22.971012	0.567121
5.89	25.14	15.45	15.73	3.07	1.81	21.221805	24.574590	22.967411	0.567107
5.90	25.14	15.45	15.73	3.07	1.81	21.219108	24.570240	22.963814	0.567093
5.90	25.13	15.45	15.73	3.07	1.81	21.216416	24.565893	22.960221	0.567079
5.90	25.13	15.45	15.74	3.07	1.81	21.213729	24.561548	22.956631	0.567066
5.91	25.12	15.45	15.74	3.07	1.81	21.211047	24.557206	22.953045	0.567052
5.91	25.12	15.45	15.74	3.07	1.81	21.208370	24.552865	22.949462	0.567038
5.91	25.11	15.46	15.74	3.07	1.81	21.205698	24.548527	22.945883	0.567024
5.91	25.11	15.46	15.75	3.07	1.81	21.203031	24.544192	22.942308	0.567010
5.92	25.10	15.46	15.75	3.07	1.81	21.200370	24.539858	22.938737	0.566996
5.92	25.10	15.46	15.75	3.07	1.81	21.197713	24.535527	22.935169	0.566982
5.92	25.10	15.46	15.76	3.07	1.81	21.195061	24.531199	22.931604	0.566969
5.92	25.09	15.46	15.76	3.07	1.81	21.192415	24.526872	22.928044	0.566955
5.93	25.09	15.47	15.76	3.07	1.81	21.189773	24.522548	22.924487	0.566941
5.93	25.08	15.47	15.77	3.07	1.81	21.187137	24.518226	22.920933	0.566927
5.93	25.08	15.47	15.77	3.07	1.81	21.184505	24.513907	22.917384	0.566913
5.94	25.07	15.47	15.77	3.07	1.81	21.181879	24.509590	22.913838	0.566899
5.94	25.07	15.47	15.78	3.07	1.81	21.179258	24.505275	22.910295	0.566885
5.94	25.06	15.47	15.78	3.07	1.81	21.176642	24.500963	22.906756	0.566871
5.94	25.06	15.48	15.78	3.07	1.81	21.174031	24.496652	22.903221	0.566857
5.95	25.05	15.48	15.79	3.07	1.81	21.171425	24.492345	22.899690	0.566843
5.95	25.05	15.48	15.79	3.07	1.81	21.168824	24.488039	22.896162	0.566829
5.95	25.05	15.48	15.79	3.07	1.81	21.166228	24.483736	22.892638	0.566815
5.96	25.04	15.48	15.80	3.07	1.80	21.163637	24.479436	22.889118	0.566800
5.96	25.04	15.48	15.80	3.07	1.80	21.161051	24.475138	22.885601	0.566786
5.96	25.03	15.49	15.80	3.07	1.80	21.158471	24.470842	22.882088	0.566772
5.96	25.03	15.49	15.81	3.07	1.80	21.155895	24.466548	22.878579	0.566758
5.97	25.02	15.49	15.81	3.07	1.80	21.153324	24.462257	22.875073	0.566744
5.97	25.02	15.49	15.81	3.07	1.80	21.150759	24.457968	22.871571	0.566730
5.97	25.01	15.49	15.82	3.07	1.80	21.148199	24.453682	22.868073	0.566716
5.97	25.01	15.50	15.82	3.07	1.80	21.145643	24.449398	22.864579	0.566701
5.98	25.00	15.50	15.82	3.07	1.80	21.143093	24.445116	22.861088	0.566687
5.98	25.00	15.50	15.83	3.07	1.80	21.140548	24.440837	22.857601	0.566673
5.98	25.00	15.50	15.83	3.07	1.80	21.138008	24.436560	22.854117	0.566659
5.99	24.99	15.50	15.83	3.07	1.80	21.135473	24.432286	22.850637	0.566645
5.99	24.99	15.50	15.84	3.07	1.80	21.132943	24.428014	22.847161	0.566630
5.99	24.98	15.51	15.84	3.07	1.80	21.130418	24.423744	22.843689	0.566616
5.99	24.98	15.51	15.84	3.07	1.80	21.127898	24.419477	22.840220	0.566602
6.00	24.97	15.51	15.85	3.07	1.80	21.125383	24.415212	22.836755	0.566587
6.00	24.97	15.51	15.85	3.07	1.80	21.122874	24.410950	22.833294	0.566573
6.00	24.96	15.51	15.85	3.07	1.80	21.120369	24.406690	22.829836	0.566559
6.01	24.96	15.52	15.86	3.07	1.80	21.117870	24.402432	22.826383	0.566544
6.01	24.95	15.52	15.86	3.07	1.80	21.115375	24.398177	22.822932	0.566530
6.01	24.95	15.52	15.86	3.07	1.80	21.112886	24.393925	22.819486	0.566516
6.01	24.95	15.52	15.87	3.07	1.80	21.110402	24.389674	22.816043	0.566501
6.02	24.94	15.52	15.87	3.07	1.80	21.107922	24.385427	22.812604	0.566487
6.02	24.94	15.53	15.87	3.07	1.80	21.105448	24.381181	22.809169	0.566472
6.02	24.93	15.53	15.88	3.07	1.80	21.102979	24.376938	22.805738	0.566458
6.03	24.93	15.53	15.88	3.07	1.80	21.100515	24.372698	22.802310	0.566444
6.03	24.92	15.53	15.88	3.07	1.80	21.098057	24.368460	22.798886	0.566429
6.03	24.92	15.53	15.89	3.07	1.80	21.095603	24.364224	22.795465	0.566415
6.03	24.91	15.53	15.89	3.07	1.80	21.093154	24.359991	22.792049	0.566400
6.04	24.91	15.54	15.89	3.07	1.80	21.090710	24.355761	22.788636	0.566386
6.04	24.91	15.54	15.90	3.07	1.80	21.088272	24.351533	22.785227	0.566371
6.04	24.90	15.54	15.90	3.07	1.80	21.085838	24.347307	22.781822	0.566356
6.04	24.90	15.54	15.90	3.07	1.80	21.083410	24.343084	22.778420	0.566342
6.05	24.89	15.54	15.91	3.07	1.80	21.080987	24.338863	22.775022	0.566327
6.05	24.89	15.55	15.91	3.07	1.80	21.078569	24.334645	22.771628	0.566313
6.05	24.88	15.55	15.91	3.07	1.80	21.076155	24.330429	22.768237	0.566298
6.06	24.88	15.55	15.92	3.07	1.80	21.073747	24.326216	22.764851	0.566284
6.06	24.87	15.55	15.92	3.07	1.80	21.071344	24.322005	22.761468	0.566269
6.06	24.87	15.56	15.93	3.07	1.79	21.068947	24.317797	22.758089	0.566254
6.06	24.86	15.56	15.93	3.07	1.79	21.066554	24.313591	22.754713	0.566240
6.07	24.86	15.56	15.93	3.07	1.79	21.064166	24.309387	22.751342	0.566225
6.07	24.86	15.56	15.94	3.07	1.79	21.061783	24.305187	22.747974	0.566210
6.07	24.85	15.56	15.94	3.07	1.79	21.059406	24.300988	22.744610	0.566196
6.08	24.85	15.57	15.94	3.06	1.79	21.057033	24.296793	22.741249	0.566181
6.08	24.84	15.57	15.95	3.06	1.79	21.054666	24.292599	22.737893	0.566166
6.08	24.84	15.57	15.95	3.06	1.79	21.052304	24.288409	22.734540	0.566151
6.08	24.83	15.57	15.95	3.06	1.79	21.049947	24.284220	22.731191	0.566137
6.09	24.83	15.57	15.96	3.06	1.79	21.047595	24.280035	22.727845	0.566122
6.09	24.82	15.58	15.96	3.06	1.79	21.045248	24.275851	22.724504	0.566107
6.09	24.82	15.58	15.96	3.06	1.79	21.042906	24.271671	22.721166	0.566092
6.09	24.82	15.58	15.97	3.06	1.79	21.040569	24.267493	22.717832	0.566077
6.10	24.81	15.58	15.97	3.06	1.79	21.038237	24.263317	22.714502	0.566062
6.10	24.81	15.58	15.98	3.06	1.79	21.035911	24.259144	22.711175	0.566048
6.10	24.80	15.59	15.98	3.06	1.79	21.033589	24.254973	22.707853	0.566033
6.11	24.80	15.59	15.98	3.06	1.79	21.031273	24.250806	22.704534	0.566018
6.11	24.79	15.59	15.99	3.06	1.79	21.028961	24.246640	22.701219	0.566003
6.11	24.79	15.59	15.99	3.06	1.79	21.026655	24.242477	22.697907	0.565988
6.11	24.78	15.60	15.99	3.06	1.79	21.024354	24.238317	22.694600	0.565973
6.12	24.78	15.60	16.00	3.06	1.79	21.022058	24.234159	22.691296	0.565958
6.12	24.78	15.60	16.00	3.06	1.79	21.019767	24.230004	22.687996	0.565943
6.12	24.77	15.60	16.01	3.06	1.79	21.017481	24.225851	22.684700	0.565928
6.12	24.77	15.60	16.01	3.06	1.79	21.015200	24.221701	22.681408	0.565913
6.13	24.76	15.61	16.01	3.06	1.79	21.012924	24.217554	22.678119	0.565898
6.13	24.76	15.61	16.02	3.06	1.79	21.010654	24.213409	22.674835	0.565883
6.13	24.75	15.61	16.02	3.06	1.79	21.008388	24.209267	22.671554	0.565868
6.14	24.75	15.61	16.02	3.06	1.79	21.006128	24.205127	22.668277	0.565853
6.14	24.74	15.62	16.03	3.06	1.79	21.003873	24.200990	22.665003	0.565838
6.14	24.74	15.62	16.03	3.06	1.79	21.001622	24.196855	22.661734	0.565823
6.14	24.74	15.62	16.04	3.06	1.79	20.999377	24.192723	22.658468	0.565808
6.15	24.73	15.62	16.04	3.06	1.79	20.997137	24.188594	22.655206	0.565793
6.15	24.73	15.63	16.04	3.06	1.79	20.994902	24.184467	22.651948	0.565778
6.15	24.72	15.63	16.05	3.06	1.79	20.992673	24.180343	22.648694	0.565763
6.16	24.72	15.63	16.05	3.06	1.79	20.990448	24.176221	22.645443	0.565747
6.16	24.71	15.63	16.05	3.06	1.79	20.988228	24.172102	22.642197	0.565732
6.16	24.71	15.64	16.06	3.06	1.78	20.986014	24.167986	22.638954	0.565717
6.16	24.70	15.64	16.06	3.06	1.78	20.983805	24.163872	22.635715	0.565702
6.17	24.70	15.64	16.07	3.06	1.78	20.981600	24.159761	22.632480	0.565687
6.17	24.70	15.64	16.07	3.06	1.78	20.979401	24.155652	22.629248	0.565671
6.17	24.69	15.64	16.07	3.06	1.78	20.977207	24.151546	22.626021	0.565656
6.17	24.69	15.65	16.08	3.06	1.78	20.975018	24.147443	22.622797	0.565641
6.18	24.68	15.65	16.08	3.06	1.78	20.972834	24.143342	22.619577	0.565626
6.18	24.68	15.65	16.09	3.06	1.78	20.970655	24.139244	22.616361	0.565610
6.18	24.67	15.65	16.09	3.06	1.78	20.968482	24.135149	22.613149	0.565595
6.19	24.67	15.66	16.09	3.06	1.78	20.966313	24.131056	22.609941	0.565580
6.19	24.67	15.66	16.10	3.06	1.78	20.964150	24.126966	22.606736	0.565564
6.19	24.66	15.66	16.10	3.06	1.78	20.961991	24.122879	22.603536	0.565549
6.19	24.66	15.66	16.11	3.06	1.78	20.959838	24.118794	22.600339	0.565534
6.20	24.65	15.67	16.11	3.06	1.78	20.957690	24.114712	22.597146	0.565518
6.20	24.65	15.67	16.11	3.06	1.78	20.955547	24.110632	22.593957	0.565503
6.20	24.64	15.67	16.12	3.06	1.78	20.953409	24.106555	22.590771	0.565487
6.21	24.64	15.67	16.12	3.06	1.78	20.951276	24.102481	22.587590	0.565472
6.21	24.63	15.68	16.13	3.06	1.78	20.949149	24.098409	22.584412	0.565457
6.21	24.63	15.68	16.13	3.06	1.78	20.947026	24.094341	22.581239	0.565441
6.21	24.63	15.68	16.13	3.06	1.78	20.944909	24.090274	22.578069	0.565426
6.22	24.62	15.68	16.14	3.06	1.78	20.942796	24.086211	22.574903	0.565410
6.22	24.62	15.69	16.14	3.06	1.78	20.940689	24.082150	22.571741	0.565395
6.22	24.61	15.69	16.15	3.06	1.78	20.938587	24.078092	22.568582	0.565379
6.22	24.61	15.69	16.15	3.06	1.78	20.936490	24.074036	22.565428	0.565364
6.23	24.60	15.69	16.15	3.06	1.78	20.934398	24.069984	22.562277	0.565348
6.23	24.60	15.70	16.16	3.06	1.78	20.932311	24.065933	22.559131	0.565332
6.23	24.60	15.70	16.16	3.06	1.78	20.930230	24.061886	22.555988	0.565317
6.24	24.59	15.70	16.17	3.06	1.78	20.928153	24.057841	22.552849	0.565301
6.24	24.59	15.70	16.17	3.06	1.78	20.926082	24.053799	22.549714	0.565286
6.24	24.58	15.71	16.17	3.06	1.78	20.924016	24.049760	22.546583	0.565270
6.24	24.58	15.71	16.18	3.06	1.78	20.921954	24.045723	22.543455	0.565254
6.25	24.57	15.71	16.18	3.06	1.78	20.919898	24.041689	22.540332	0.565239
6.25	24.57	15.71	16.19	3.06	1.78	20.917847	24.037658	22.537212	0.565223
6.25	24.57	15.72	16.19	3.06	1.77	20.915801	24.033630	22.534096	0.565207
6.26	24.56	15.72	16.19	3.06	1.77	20.913761	24.029604	22.530985	0.565192
6.26	24.56	15.72	16.20	3.06	1.77	20.911725	24.025581	22.527877	0.565176
6.26	24.55	15.73	16.20	3.06	1.77	20.909695	24.021560	22.524773	0.565160
6.26	24.55	15.73	16.21	3.06	1.77	20.907669	24.017543	22.521672	0.565145
6.27	24.54	15.73	16.21	3.06	1.77	20.905649	24.013528	22.518576	0.565129
6.27	24.54	15.73	16.21	3.06	1.77	20.903634	24.009516	22.515484	0.565113
6.27	24.53	15.74	16.22	3.06	1.77	20.901624	24.005506	22.512395	0.565097
6.28	24.53	15.74	16.22	3.06	1.77	20.899619	24.001499	22.509311	0.565081
6.28	24.53	15.74	16.23	3.06	1.77	20.897619	23.997495	22.506230	0.565066
6.28	24.52	15.74	16.23	3.06	1.77	20.895625	23.993494	22.503153	0.565050
6.28	24.52	15.75	16.24	3.06	1.77	20.893635	23.989496	22.500080	0.565034
6.29	24.51	15.75	16.24	3.06	1.77	20.891651	23.985500	22.497011	0.565018
6.29	24.51	15.75	16.24	3.06	1.77	20.889672	23.981507	22.493946	0.565002
6.29	24.50	15.76	16.25	3.06	1.77	20.887698	23.977517	22.490885	0.564986
6.29	24.50	15.76	16.25	3.06	1.77	20.885729	23.973529	22.487828	0.564970
6.30	24.50	15.76	16.26	3.06	1.77	20.883765	23.969545	22.484774	0.564954
6.30	24.49	15.76	16.26	3.06	1.77	20.881806	23.965563	22.481725	0.564938
6.30	24.49	15.77	16.27	3.06	1.77	20.879852	23.961583	22.478679	0.564922
6.31	24.48	15.77	16.27	3.06	1.77	20.877904	23.957607	22.475638	0.564906
6.31	24.48	15.77	16.27	3.06	1.77	20.875961	23.953633	22.472600	0.564890
6.31	24.47	15.77	16.28	3.06	1.77	20.874022	23.949663	22.469566	0.564874
6.31	24.47	15.78	16.28	3.06	1.77	20.872089	23.945694	22.466536	0.564858
6.32	24.47	15.78	16.29	3.06	1.77	20.870161	23.941729	22.463510	0.564842
6.32	24.46	15.78	16.29	3.06	1.77	20.868238	23.937767	22.460488	0.564826
6.32	24.46	15.79	16.30	3.06	1.77	20.866321	23.933807	22.457470	0.564810
6.33	24.45	15.79	16.30	3.06	1.77	20.864408	23.929850	22.454456	0.564794
6.33	24.45	15.79	16.30	3.06	1.77	20.862501	23.925896	22.451446	0.564778
6.33	24.44	15.79	16.31	3.06	1.77	20.860598	23.921944	22.448439	0.564762
6.33	24.44	15.80	16.31	3.06	1.77	20.858701	23.917996	22.445437	0.564746
6.34	24.44	15.80	16.32	3.06	1.77	20.856809	23.914050	22.442439	0.564730
6.34	24.43	15.80	16.32	3.06	1.77	20.854922	23.910107	22.439444	0.564714
6.34	24.43	15.81	16.33	3.06	1.76	20.853041	23.906167	22.436453	0.564697
6.34	24.42	15.81	16.33	3.06	1.76	20.851164	23.902230	22.433467	0.564681
6.35	24.42	15.81	16.33	3.06	1.76	20.849292	23.898295	22.430484	0.564665
6.35	24.42	15.81	16.34	3.06	1.76	20.847426	23.894363	22.427505	0.564649
6.35	24.41	15.82	16.34	3.06	1.76	20.845565	23.890434	22.424531	0.564632
6.36	24.41	15.82	16.35	3.06	1.76	20.843709	23.886508	22.421560	0.564616
6.36	24.40	15.82	16.35	3.06	1.76	20.841858	23.882585	22.418593	0.564600
6.36	24.40	15.83	16.36	3.06	1.76	20.840012	23.878665	22.415630	0.564584
6.36	24.39	15.83	16.36	3.05	1.76	20.838171	23.874747	22.412671	0.564567
6.37	24.39	15.83	16.37	3.05	1.76	20.836336	23.870832	22.409716	0.564551
6.37	24.39	15.84	16.37	3.05	1.76	20.834505	23.866920	22.406765	0.564535
6.37	24.38	15.84	16.37	3.05	1.76	20.832680	23.863011	22.403817	0.564518
6.38	24.38	15.84	16.38	3.05	1.76	20.830860	23.859105	22.400874	0.564502
6.38	24.37	15.84	16.38	3.05	1.76	20.829045	23.855202	22.397935	0.564486
6.38	24.37	15.85	16.39	3.05	1.76	20.827235	23.851301	22.395000	0.564469
6.38	24.36	15.85	16.39	3.05	1.76	20.825431	23.847404	22.392068	0.564453
6.39	24.36	15.85	16.40	3.05	1.76	20.823631	23.843509	22.389141	0.564436
6.39	24.36	15.86	16.40	3.05	1.76	20.821837	23.839617	22.386218	0.564420
6.39	24.35	15.86	16.41	3.05	1.76	20.820047	23.835728	22.383298	0.564403
6.39	24.35	15.86	16.41	3.05	1.76	20.818263	23.831841	22.380383	0.564387
6.40	24.34	15.87	16.41	3.05	1.76	20.816484	23.827958	22.377471	0.564370
6.40	24.34	15.87	16.42	3.05	1.76	20.814711	23.824077	22.374564	0.564354
6.40	24.33	15.87	16.42	3.05	1.76	20.812942	23.820200	22.371660	0.564337
6.41	24.33	15.87	16.43	3.05	1.76	20.811178	23.816325	22.368761	0.564321
6.41	24.33	15.88	16.43	3.05	1.76	20.809420	23.812453	22.365865	0.564304
6.41	24.32	15.88	16.44	3.05	1.76	20.807667	23.808584	22.362973	0.564288
6.41	24.32	15.88	16.44	3.05	1.76	20.805919	23.804718	22.360086	0.564271
6.42	24.31	15.89	16.45	3.05	1.76	20.804176	23.800855	22.357202	0.564255
6.42	24.31	15.89	16.45	3.05	1.76	20.802438	23.796994	22.354323	0.564238
6.42	24.31	15.89	16.46	3.05	1.76	20.800705	23.793137	22.351447	0.564221
6.42	24.30	15.90	16.46	3.05	1.75	20.798978	23.789282	22.348575	0.564205
6.43	24.30	15.90	16.47	3.05	1.75	20.797256	23.785431	22.345708	0.564188
6.43	24.29	15.90	16.47	3.05	1.75	20.795538	23.781582	22.342844	0.564171
6.43	24.29	15.91	16.47	3.05	1.75	20.793826	23.777736	22.339984	0.564155
6.44	24.28	15.91	16.48	3.05	1.75	20.792120	23.773893	22.337128	0.564138
6.44	24.28	15.91	16.48	3.05	1.75	20.790418	23.770053	22.334277	0.564121
6.44	24.28	15.92	16.49	3.05	1.75	20.788721	23.766216	22.331429	0.564104
6.44	24.27	15.92	16.49	3.05	1.75	20.787030	23.762381	22.328585	0.564088
6.45	24.27	15.92	16.50	3.05	1.75	20.785344	23.758550	22.325746	0.564071
6.45	24.26	15.93	16.50	3.05	1.75	20.783663	23.754722	22.322910	0.564054
6.45	24.26	15.93	16.51	3.05	1.75	20.781987	23.750896	22.320078	0.564037
6.46	24.26	15.93	16.51	3.05	1.75	20.780316	23.747074	22.317251	0.564020
6.46	24.25	15.94	16.52	3.05	1.75	20.778650	23.743254	22.314427	0.564004
6.46	24.25	15.94	16.52	3.05	1.75	20.776990	23.739437	22.311607	0.563987
6.46	24.24	15.94	16.53	3.05	1.75	20.775334	23.735623	22.308792	0.563970
6.47	24.24	15.94	16.53	3.05	1.75	20.773684	23.731813	22.305980	0.563953
6.47	24.23	15.95	16.54	3.05	1.75	20.772039	23.728005	22.303172	0.563936
6.47	24.23	15.95	16.54	3.05	1.75	20.770399	23.724200	22.300369	0.563919
6.47	24.23	15.95	16.54	3.05	1.75	20.768765	23.720398	22.297569	0.563902
6.48	24.22	15.96	16.55	3.05	1.75	20.767135	23.716599	22.294774	0.563885
6.48	24.22	15.96	16.55	3.05	1.75	20.765511	23.712802	22.291982	0.563868
6.48	24.21	15.96	16.56	3.05	1.75	20.763892	23.709009	22.289194	0.563851
6.49	24.21	15.97	16.56	3.05	1.75	20.762278	23.705219	22.286411	0.563834
6.49	24.21	15.97	16.57	3.05	1.75	20.760669	23.701432	22.283631	0.563817
6.49	24.20	15.97	16.57	3.05	1.75	20.759065	23.697647	22.280856	0.563800
6.49	24.20	15.98	16.58	3.05	1.75	20.757466	23.693866	22.278085	0.563783
6.50	24.19	15.98	16.58	3.05	1.75	20.755873	23.690088	22.275317	0.563766
6.50	24.19	15.98	16.59	3.05	1.75	20.754285	23.686312	22.272554	0.563749
6.50	24.19	15.99	16.59	3.05	1.75	20.752702	23.682540	22.269795	0.563732
6.51	24.18	15.99	16.60	3.05	1.74	20.751124	23.678770	22.267039	0.563715
6.51	24.18	15.99	16.60	3.05	1.74	20.749551	23.675004	22.264288	0.563698
6.51	24.17	16.00	16.61	3.05	1.74	20.747984	23.671240	22.261541	0.563680
6.51	24.17	16.00	16.61	3.05	1.74	20.746421	23.667480	22.258798	0.563663
6.52	24.16	16.00	16.62	3.05	1.74	20.744864	23.663722	22.256059	0.563646
6.52	24.16	16.01	16.62	3.05	1.74	20.743312	23.659968	22.253324	0.563629
6.52	24.16	16.01	16.63	3.05	1.74	20.741765	23.656216	22.250593	0.563612
6.53	24.15	16.02	16.63	3.05	1.74	20.740223	23.652468	22.247866	0.563594
6.53	24.15	16.02	16.64	3.05	1.74	20.738687	23.648722	22.245143	0.563577
6.53	24.14	16.02	16.64	3.05	1.74	20.737155	23.644980	22.242424	0.563560
6.53	24.14	16.03	16.65	3.05	1.74	20.735629	23.641240	22.239709	0.563543
6.54	24.14	16.03	16.65	3.05	1.74	20.734108	23.637503	22.236998	0.563525
6.54	24.13	16.03	16.66	3.05	1.74	20.732592	23.633770	22.234291	0.563508
6.54	24.13	16.04	16.66	3.05	1.74	20.731081	23.630039	22.231589	0.563491
6.54	24.12	16.04	16.67	3.05	1.74	20.729576	23.626312	22.228890	0.563473
6.55	24.12	16.04	16.67	3.05	1.74	20.728076	23.622587	22.226196	0.563456
6.55	24.12	16.05	16.68	3.05	1.74	20.726580	23.618866	22.223505	0.563439
6.55	24.11	16.05	16.68	3.05	1.74	20.725090	23.615147	22.220819	0.563421
6.56	24.11	16.05	16.69	3.05	1.74	20.723606	23.611432	22.218136	0.563404
6.56	24.10	16.06	16.69	3.05	1.74	20.722126	23.607719	22.215458	0.563386
6.56	24.10	16.06	16.70	3.05	1.74	20.720651	23.604010	22.212784	0.563369
6.56	24.10	16.06	16.70	3.05	1.74	20.719182	23.600303	22.210114	0.563351
6.57	24.09	16.07	16.71	3.05	1.74	20.717718	23.596600	22.207448	0.563334
6.57	24.09	16.07	16.71	3.05	1.74	20.716259	23.592900	22.204786	0.563316
6.57	24.08	16.07	16.72	3.05	1.74	20.714805	23.589203	22.202128	0.563299
6.58	24.08	16.08	16.72	3.05	1.74	20.713357	23.585508	22.199474	0.563281
6.58	24.08	16.08	16.73	3.05	1.74	20.711913	23.581817	22.196824	0.563264
6.58	24.07	16.09	16.73	3.05	1.74	20.710475	23.578129	22.194179	0.563246
6.58	24.07	16.09	16.74	3.05	1.73	20.709042	23.574444	22.191537	0.563229
6.59	24.06	16.09	16.74	3.05	1.73	20.707614	23.570762	22.188900	0.563211
6.59	24.06	16.10	16.75	3.05	1.73	20.706191	23.567083	22.186266	0.563193
6.59	24.06	16.10	16.75	3.05	1.73	20.704774	23.563407	22.183637	0.563176
6.59	24.05	16.10	16.76	3.05	1.73	20.703361	23.559734	22.181012	0.563158
6.60	24.05	16.11	16.76	3.05	1.73	20.701954	23.556064	22.178390	0.563140
6.60	24.04	16.11	16.77	3.05	1.73	20.700552	23.552397	22.175773	0.563123
6.60	24.04	16.11	16.77	3.05	1.73	20.699155	23.548734	22.173160	0.563105
6.61	24.04	16.12	16.78	3.05	1.73	20.697764	23.545073	22.170551	0.563087
6.61	24.03	16.12	16.78	3.05	1.73	20.696377	23.541416	22.167947	0.563069
6.61	24.03	16.13	16.79	3.05	1.73	20.694996	23.537761	22.165346	0.563052
6.61	24.02	16.13	16.79	3.05	1.73	20.693620	23.534110	22.162749	0.563034
6.62	24.02	16.13	16.80	3.05	1.73	20.692249	23.530461	22.160157	0.563016
6.62	24.02	16.14	16.80	3.05	1.73	20.690883	23.526816	22.157568	0.562998
6.62	24.01	16.14	16.81	3.05	1.73	20.689523	23.523174	22.154984	0.562980
6.62	24.01	16.14	16.81	3.05	1.73	20.688167	23.519535	22.152404	0.562963
6.63	24.00	16.15	16.82	3.05	1.73	20.686817	23.515899	22.149828	0.562945
6.63	24.00	16.15	16.82	3.05	1.73	20.685472	23.512266	22.147256	0.562927
6.63	24.00	16.15	16.83	3.05	1.73	20.684132	23.508636	22.144688	0.562909
6.64	23.99	16.16	16.83	3.05	1.73	20.682798	23.505010	22.142124	0.562891
6.64	23.99	16.16	16.84	3.05	1.73	20.681468	23.501386	22.139565	0.562873
6.64	23.98	16.17	16.84	3.05	1.73	20.680144	23.497766	22.137009	0.562855
6.64	23.98	16.17	16.85	3.05	1.73	20.678825	23.494148	22.134458	0.562837
6.65	23.98	16.17	16.85	3.05	1.73	20.677511	23.490534	22.131911	0.562819
6.65	23.97	16.18	16.86	3.05	1.73	20.676202	23.486923	22.129367	0.562801
6.65	23.97	16.18	16.86	3.05	1.73	20.674899	23.483315	22.126828	0.562783
6.66	23.96	16.19	16.87	3.05	1.72	20.673601	23.479710	22.124293	0.562765
6.66	23.96	16.19	16.87	3.05	1.72	20.672308	23.476108	22.121763	0.562747
6.66	23.96	16.19	16.88	3.05	1.72	20.671020	23.472510	22.119236	0.562729
6.66	23.95	16.20	16.89	3.05	1.72	20.669737	23.468914	22.116713	0.562711
6.67	23.95	16.20	16.89	3.05	1.72	20.668460	23.465322	22.114195	0.562693
6.67	23.94	16.20	16.90	3.05	1.72	20.667187	23.461732	22.111681	0.562675
6.67	23.94	16.21	16.90	3.05	1.72	20.665920	23.458146	22.109171	0.562657
6.67	23.94	16.21	16.91	3.05	1.72	20.664658	23.454563	22.106665	0.562638
6.68	23.93	16.22	16.91	3.05	1.72	20.663401	23.450983	22.104163	0.562620
6.68	23.93	16.22	16.92	3.05	1.72	20.662150	23.447406	22.101665	0.562602
6.68	23.92	16.22	16.92	3.05	1.72	20.660903	23.443833	22.099171	0.562584
6.69	23.92	16.23	16.93	3.05	1.72	20.659662	23.440262	22.096682	0.562566
6.69	23.92	16.23	16.93	3.05	1.72	20.658426	23.436695	22.094196	0.562547
6.69	23.91	16.24	16.94	3.05	1.72	20.657196	23.433131	22.091715	0.562529
6.69	23.91	16.24	16.94	3.05	1.72	20.655970	23.429570	22.089238	0.562511
6.70	23.90	16.24	16.95	3.05	1.72	20.654750	23.426012	22.086765	0.562493
6.70	23.90	16.25	16.95	3.05	1.72	20.653534	23.422457	22.084297	0.562474
6.70	23.90	16.25	16.96	3.05	1.72	20.652324	23.418906	22.081832	0.562456
6.71	23.89	16.25	16.97	3.04	1.72	20.651120	23.415357	22.079371	0.562438
6.71	23.89	16.26	16.97	3.04	1.72	20.649920	23.411812	22.076915	0.562419
6.71	23.88	16.26	16.98	3.04	1.72	20.648726	23.408270	22.074463	0.562401
6.71	23.88	16.27	16.98	3.04	1.72	20.647537	23.404731	22.072015	0.562382
6.72	23.88	16.27	16.99	3.04	1.72	20.646353	23.401196	22.069571	0.562364
6.72	23.87	16.27	16.99	3.04	1.72	20.645174	23.397663	22.067131	0.562345
6.72	23.87	16.28	17.00	3.04	1.72	20.644000	23.394134	22.064696	0.562327
6.72	23.87	16.28	17.00	3.04	1.71	20.642832	23.390608	22.062265	0.562309
6.73	23.86	16.29	17.01	3.04	1.71	20.641669	23.387085	22.059837	0.562290
6.73	23.86	16.29	17.01	3.04	1.71	20.640511	23.383565	22.057414	0.562271
6.73	23.85	16.29	17.02	3.04	1.71	20.639358	23.380048	22.054995	0.562253
6.74	23.85	16.30	17.02	3.04	1.71	20.638210	23.376535	22.052581	0.562234
6.74	23.85	16.30	17.03	3.04	1.71	20.637068	23.373024	22.050170	0.562216
6.74	23.84	16.31	17.04	3.04	1.71	20.635931	23.369517	22.047764	0.562197
6.74	23.84	16.31	17.04	3.04	1.71	20.634799	23.366014	22.045361	0.562179
6.75	23.83	16.31	17.05	3.04	1.71	20.633672	23.362513	22.042963	0.562160
6.75	23.83	16.32	17.05	3.04	1.71	20.632550	23.359015	22.040570	0.562141
6.75	23.83	16.32	17.06	3.04	1.71	20.631434	23.355521	22.038180	0.562123
6.76	23.82	16.33	17.06	3.04	1.71	20.630323	23.352030	22.035794	0.562104
6.76	23.82	16.33	17.07	3.04	1.71	20.629217	23.348542	22.033413	0.562085
6.76	23.81	16.34	17.07	3.04	1.71	20.628116	23.345058	22.031036	0.562067
6.76	23.81	16.34	17.08	3.04	1.71	20.627021	23.341576	22.028663	0.562048
6.77	23.81	16.34	17.09	3.04	1.71	20.625930	23.338098	22.026294	0.562029
6.77	23.80	16.35	17.09	3.04	1.71	20.624845	23.334623	22.023929	0.562010
6.77	23.80	16.35	17.10	3.04	1.71	20.623765	23.331151	22.021569	0.561992
6.78	23.80	16.36	17.10	3.04	1.71	20.622691	23.327683	22.019213	0.561973
6.78	23.79	16.36	17.11	3.04	1.71	20.621621	23.324218	22.016861	0.561954
6.78	23.79	16.36	17.11	3.04	1.71	20.620557	23.320755	22.014513	0.561935
6.78	23.78	16.37	17.12	3.04	1.71	20.619498	23.317297	22.012169	0.561916
6.79	23.78	16.37	17.12	3.04	1.71	20.618444	23.313841	22.009830	0.561897
6.79	23.78	16.38	17.13	3.04	1.71	20.617395	23.310389	22.007494	0.561878
6.79	23.77	16.38	17.14	3.04	1.71	20.616352	23.306939	22.005163	0.561859
6.79	23.77	16.39	17.14	3.04	1.70	20.615314	23.303494	22.002836	0.561841
6.80	23.77	16.39	17.15	3.04	1.70	20.614281	23.300051	22.000513	0.561822
6.80	23.76	16.39	17.15	3.04	1.70	20.613253	23.296612	21.998195	0.561803
6.80	23.76	16.40	17.16	3.04	1.70	20.612230	23.293175	21.995881	0.561784
6.81	23.75	16.40	17.16	3.04	1.70	20.611213	23.289742	21.993570	0.561765
6.81	23.75	16.41	17.17	3.04	1.70	20.610201	23.286313	21.991265	0.561746
6.81	23.75	16.41	17.18	3.04	1.70	20.609194	23.282886	21.988963	0.561727
6.81	23.74	16.41	17.18	3.04	1.70	20.608192	23.279463	21.986665	0.561707
6.82	23.74	16.42	17.19	3.04	1.70	20.607195	23.276043	21.984372	0.561688
6.82	23.73	16.42	17.19	3.04	1.70	20.606204	23.272627	21.982083	0.561669
6.82	23.73	16.43	17.20	3.04	1.70	20.605218	23.269213	21.979798	0.561650
6.83	23.73	16.43	17.20	3.04	1.70	20.604237	23.265803	21.977517	0.561631
6.83	23.72	16.44	17.21	3.04	1.70	20.603261	23.262397	21.975241	0.561612
6.83	23.72	16.44	17.21	3.04	1.70	20.602291	23.258993	21.972969	0.561593
6.83	23.72	16.44	17.22	3.04	1.70	20.601326	23.255593	21.970701	0.561573
6.84	23.71	16.45	17.23	3.04	1.70	20.600366	23.252196	21.968437	0.561554
6.84	23.71	16.45	17.23	3.04	1.70	20.599411	23.248802	21.966177	0.561535
6.84	23.70	16.46	17.24	3.04	1.70	20.598461	23.245412	21.963922	0.561516
6.84	23.70	16.46	17.24	3.04	1.70	20.597517	23.242024	21.961671	0.561496
6.85	23.70	16.47	17.25	3.04	1.70	20.596578	23.238640	21.959424	0.561477
6.85	23.69	16.47	17.26	3.04	1.70	20.595644	23.235260	21.957181	0.561458
6.85	23.69	16.47	17.26	3.04	1.70	20.594715	23.231883	21.954943	0.561438
6.86	23.69	16.48	17.27	3.04	1.70	20.593792	23.228509	21.952708	0.561419
6.86	23.68	16.48	17.27	3.04	1.70	20.592873	23.225138	21.950478	0.561400
6.86	23.68	16.49	17.28	3.04	1.69	20.591960	23.221770	21.948253	0.561380
6.86	23.67	16.49	17.28	3.04	1.69	20.591052	23.218406	21.946031	0.561361
6.87	23.67	16.50	17.29	3.04	1.69	20.590150	23.215046	21.943814	0.561341
6.87	23.67	16.50	17.30	3.04	1.69	20.589252	23.211688	21.941601	0.561322
6.87	23.66	16.51	17.30	3.04	1.69	20.588360	23.208334	21.939392	0.561303
6.88	23.66	16.51	17.31	3.04	1.69	20.587473	23.204983	21.937187	0.561283
6.88	23.66	16.51	17.31	3.04	1.69	20.586591	23.201635	21.934987	0.561264
6.88	23.65	16.52	17.32	3.04	1.69	20.585715	23.198291	21.932791	0.561244
6.88	23.65	16.52	17.32	3.04	1.69	20.584844	23.194950	21.930599	0.561224
6.89	23.64	16.53	17.33	3.04	1.69	20.583978	23.191613	21.928411	0.561205
6.89	23.64	16.53	17.34	3.04	1.69	20.583117	23.188278	21.926228	0.561185
6.89	23.64	16.54	17.34	3.04	1.69	20.582261	23.184947	21.924048	0.561166
6.89	23.63	16.54	17.35	3.04	1.69	20.581411	23.181620	21.921873	0.561146
6.90	23.63	16.55	17.35	3.04	1.69	20.580565	23.178295	21.919703	0.561126
6.90	23.63	16.55	17.36	3.04	1.69	20.579725	23.174974	21.917536	0.561107
6.90	23.62	16.55	17.37	3.04	1.69	20.578891	23.171657	21.915374	0.561087
6.91	23.62	16.56	17.37	3.04	1.69	20.578061	23.168342	21.913216	0.561067
6.91	23.61	16.56	17.38	3.04	1.69	20.577237	23.165031	21.911062	0.561048
6.91	23.61	16.57	17.38	3.04	1.69	20.576418	23.161724	21.908913	0.561028
6.91	23.61	16.57	17.39	3.04	1.69	20.575604	23.158419	21.906768	0.561008
6.92	23.60	16.58	17.40	3.04	1.69	20.574795	23.155118	21.904627	0.560988
6.92	23.60	16.58	17.40	3.04	1.69	20.573992	23.151821	21.902490	0.560968
6.92	23.60	16.59	17.41	3.04	1.69	20.573194	23.148526	21.900358	0.560949
6.92	23.59	16.59	17.41	3.04	1.68	20.572401	23.145235	21.898230	0.560929
6.93	23.59	16.60	17.42	3.04	1.68	20.571613	23.141948	21.896106	0.560909
6.93	23.59	16.60	17.43	3.04	1.68	20.570831	23.138664	21.893986	0.560889
6.93	23.58	16.60	17.43	3.04	1.68	20.570053	23.135383	21.891871	0.560869
6.94	23.58	16.61	17.44	3.04	1.68	20.569281	23.132105	21.889760	0.560849
6.94	23.57	16.61	17.44	3.04	1.68	20.568515	23.128831	21.887653	0.560829
6.94	23.57	16.62	17.45	3.04	1.68	20.567753	23.125560	21.885550	0.560809
6.94	23.57	16.62	17.46	3.04	1.68	20.566997	23.122293	21.883452	0.560789
6.95	23.56	16.63	17.46	3.04	1.68	20.566246	23.119029	21.881358	0.560769
6.95	23.56	16.63	17.47	3.04	1.68	20.565500	23.115768	21.879268	0.560749
6.95	23.56	16.64	17.47	3.04	1.68	20.564759	23.112511	21.877183	0.560729
6.96	23.55	16.64	17.48	3.04	1.68	20.564024	23.109257	21.875102	0.560709
6.96	23.55	16.65	17.49	3.04	1.68	20.563293	23.106006	21.873025	0.560689
6.96	23.54	16.65	17.49	3.04	1.68	20.562568	23.102759	21.870952	0.560669
6.96	23.54	16.66	17.50	3.04	1.68	20.561849	23.099515	21.868884	0.560649
6.97	23.54	16.66	17.50	3.04	1.68	20.561134	23.096275	21.866819	0.560629
6.97	23.53	16.66	17.51	3.04	1.68	20.560425	23.093038	21.864760	0.560608
6.97	23.53	16.67	17.52	3.04	1.68	20.559721	23.089804	21.862704	0.560588
6.97	23.53	16.67	17.52	3.04	1.68	20.559022	23.086574	21.860653	0.560568
6.98	23.52	16.68	17.53	3.04	1.68	20.558328	23.083347	21.858606	0.560548
6.98	23.52	16.68	17.53	3.04	1.68	20.557640	23.080124	21.856563	0.560527
6.98	23.52	16.69	17.54	3.04	1.68	20.556957	23.076904	21.854525	0.560507
6.99	23.51	16.69	17.55	3.04	1.67	20.556279	23.073687	21.852491	0.560487
6.99	23.51	16.70	17.55	3.04	1.67	20.555606	23.070474	21.850461	0.560467
6.99	23.51	16.70	17.56	3.04	1.67	20.554939	23.067264	21.848435	0.560446
6.99	23.50	16.71	17.56	3.04	1.67	20.554277	23.064058	21.846414	0.560426
7.00	23.50	16.71	17.57	3.04	1.67	20.553620	23.060854	21.844397	0.560405
7.00	23.49	16.72	17.58	3.04	1.67	20.552968	23.057655	21.842385	0.560385
7.00	23.49	16.72	17.58	3.04	1.67	20.552322	23.054459	21.840376	0.560365
7.01	23.49	16.73	17.59	3.04	1.67	20.551680	23.051266	21.838372	0.560344
7.01	23.48	16.73	17.60	3.04	1.67	20.551044	23.048076	21.836372	0.560324
7.01	23.48	16.74	17.60	3.04	1.67	20.550414	23.044890	21.834377	0.560303
7.01	23.48	16.74	17.61	3.04	1.67	20.549788	23.041708	21.832386	0.560283
7.02	23.47	16.75	17.61	3.04	1.67	20.549168	23.038529	21.830399	0.560262
7.02	23.47	16.75	17.62	3.04	1.67	20.548553	23.035353	21.828416	0.560242
7.02	23.47	16.75	17.63	3.04	1.67	20.547943	23.032181	21.826438	0.560221
7.03	23.46	16.76	17.63	3.04	1.67	20.547338	23.029012	21.824464	0.560200
7.03	23.46	16.76	17.64	3.04	1.67	20.546739	23.025847	21.822495	0.560180
7.03	23.45	16.77	17.65	3.04	1.67	20.546145	23.022685	21.820529	0.560159
7.03	23.45	16.77	17.65	3.04	1.67	20.545556	23.019526	21.818568	0.560139
7.04	23.45	16.78	17.66	3.04	1.67	20.544972	23.016371	21.816612	0.560118
7.04	23.44	16.78	17.66	3.04	1.67	20.544394	23.013219	21.814659	0.560097
7.04	23.44	16.79	17.67	3.04	1.67	20.543821	23.010071	21.812711	0.560076
7.04	23.44	16.79	17.68	3.04	1.66	20.543253	23.006926	21.810767	0.560056
7.05	23.43	16.80	17.68	3.04	1.66	20.542690	23.003785	21.808828	0.560035
7.05	23.43	16.80	17.69	3.04	1.66	20.542132	23.000647	21.806893	0.560014
7.05	23.43	16.81	17.70	3.04	1.66	20.541580	22.997513	21.804962	0.559993
7.06	23.42	16.81	17.70	3.04	1.66	20.541033	22.994382	21.803036	0.559972
7.06	23.42	16.82	17.71	3.04	1.66	20.540491	22.991254	21.801113	0.559952
7.06	23.42	16.82	17.71	3.04	1.66	20.539955	22.988130	21.799196	0.559931
7.06	23.41	16.83	17.72	3.04	1.66	20.539424	22.985010	21.797282	0.559910
7.07	23.41	16.83	17.73	3.04	1.66	20.538898	22.981892	21.795373	0.559889
7.07	23.41	16.84	17.73	3.04	1.66	20.538377	22.978779	21.793468	0.559868
7.07	23.40	16.84	17.74	3.04	1.66	20.537861	22.975669	21.791567	0.559847
7.08	23.40	16.85	17.75	3.04	1.66	20.537351	22.972562	21.789671	0.559826
7.08	23.39	16.85	17.75	3.04	1.66	20.536846	22.969459	21.787779	0.559805
7.08	23.39	16.86	17.76	3.04	1.66	20.536346	22.966359	21.785892	0.559784
7.08	23.39	16.86	17.77	3.04	1.66	20.535851	22.963262	21.784008	0.559763
7.09	23.38	16.87	17.77	3.04	1.66	20.535362	22.960170	21.782130	0.559742
7.09	23.38	16.87	17.78	3.04	1.66	20.534878	22.957080	21.780255	0.559721
7.09	23.38	16.88	17.78	3.04	1.66	20.534399	22.953994	21.778385	0.559700
7.09	23.37	16.88	17.79	3.04	1.66	20.533925	22.950912	21.776519	0.559678
7.10	23.37	16.89	17.80	3.04	1.66	20.533457	22.947833	21.774657	0.559657
7.10	23.37	16.89	17.80	3.04	1.66	20.532994	22.944758	21.772800	0.559636
7.10	23.36	16.90	17.81	3.04	1.65	20.532536	22.941686	21.770947	0.559615
7.11	23.36	16.90	17.82	3.04	1.65	20.532083	22.938617	21.769099	0.559594
7.11	23.36	16.91	17.82	3.04	1.65	20.531636	22.935552	21.767255	0.559572
7.11	23.35	16.91	17.83	3.04	1.65	20.531193	22.932491	21.765415	0.559551
7.11	23.35	16.92	17.84	3.04	1.65	20.530757	22.929433	21.763579	0.559530
7.12	23.35	16.92	17.84	3.04	1.65	20.530325	22.926378	21.761748	0.559508
7.12	23.34	16.93	17.85	3.04	1.65	20.529898	22.923328	21.759921	0.559487
7.12	23.34	16.93	17.86	3.04	1.65	20.529477	22.920280	21.758099	0.559466
7.12	23.34	16.94	17.86	3.04	1.65	20.529061	22.917236	21.756281	0.559444
7.13	23.33	16.94	17.87	3.04	1.65	20.528650	22.914196	21.754467	0.559423
7.13	23.33	16.95	17.87	3.04	1.65	20.528245	22.911159	21.752657	0.559402
7.13	23.33	16.95	17.88	3.04	1.65	20.527845	22.908125	21.750852	0.559380
7.14	23.32	16.96	17.89	3.04	1.65	20.527450	22.905095	21.749052	0.559359
7.14	23.32	16.96	17.89	3.04	1.65	20.527060	22.902069	21.747255	0.559337
7.14	23.31	16.97	17.90	3.04	1.65	20.526675	22.899046	21.745463	0.559316
7.14	23.31	16.97	17.91	3.03	1.65	20.526296	22.896027	21.743676	0.559294
7.15	23.31	16.98	17.91	3.03	1.65	20.525922	22.893011	21.741892	0.559272
7.15	23.30	16.98	17.92	3.03	1.65	20.525553	22.889999	21.740113	0.559251
7.15	23.30	16.99	17.93	3.03	1.65	20.525190	22.886990	21.738339	0.559229
7.16	23.30	16.99	17.93	3.03	1.65	20.524831	22.883985	21.736568	0.559208
7.16	23.29	17.00	17.94	3.03	1.64	20.524478	22.880983	21.734803	0.559186
7.16	23.29	17.00	17.95	3.03	1.64	20.524130	22.877985	21.733041	0.559164
7.16	23.29	17.01	17.95	3.03	1.64	20.523788	22.874990	21.731284	0.559142
7.17	23.28	17.02	17.96	3.03	1.64	20.523450	22.871999	21.729531	0.559121
7.17	23.28	17.02	17.97	3.03	1.64	20.523118	22.869011	21.727783	0.559099
7.17	23.28	17.03	17.97	3.03	1.64	20.522791	22.866027	21.726039	0.559077
7.17	23.27	17.03	17.98	3.03	1.64	20.522470	22.863047	21.724299	0.559055
7.18	23.27	17.04	17.99	3.03	1.64	20.522153	22.860070	21.722564	0.559033
7.18	23.27	17.04	17.99	3.03	1.64	20.521842	22.857097	21.720833	0.559012
7.18	23.26	17.05	18.00	3.03	1.64	20.521536	22.854127	21.719106	0.558990
7.19	23.26	17.05	18.01	3.03	1.64	20.521236	22.851160	21.717384	0.558968
7.19	23.26	17.06	18.01	3.03	1.64	20.520940	22.848198	21.715666	0.558946
7.19	23.25	17.06	18.02	3.03	1.64	20.520650	22.845238	21.713953	0.558924
7.19	23.25	17.07	18.03	3.03	1.64	20.520365	22.842283	21.712244	0.558902
7.20	23.25	17.07	18.03	3.03	1.64	20.520086	22.839331	21.710539	0.558880
7.20	23.24	17.08	18.04	3.03	1.64	20.519811	22.836382	21.708839	0.558858
7.20	23.24	17.08	18.05	3.03	1.64	20.519542	22.833437	21.707143	0.558836
7.21	23.24	17.09	18.05	3.03	1.64	20.519278	22.830496	21.705452	0.558814
7.21	23.23	17.09	18.06	3.03	1.64	20.519020	22.827558	21.703764	0.558792
7.21	23.23	17.10	18.07	3.03	1.64	20.518766	22.824624	21.702082	0.558770
7.21	23.23	17.10	18.07	3.03	1.63	20.518518	22.821693	21.700403	0.558747
7.22	23.22	17.11	18.08	3.03	1.63	20.518275	22.818766	21.698729	0.558725
7.22	23.22	17.12	18.09	3.03	1.63	20.518037	22.815842	21.697060	0.558703
7.22	23.22	17.12	18.09	3.03	1.63	20.517805	22.812923	21.695394	0.558681
7.22	23.21	17.13	18.10	3.03	1.63	20.517578	22.810006	21.693734	0.558659
7.23	23.21	17.13	18.11	3.03	1.63	20.517356	22.807093	21.692077	0.558636
7.23	23.21	17.14	18.11	3.03	1.63	20.517139	22.804184	21.690425	0.558614
7.23	23.20	17.14	18.12	3.03	1.63	20.516928	22.801278	21.688777	0.558592
7.24	23.20	17.15	18.13	3.03	1.63	20.516722	22.798376	21.687134	0.558569
7.24	23.20	17.15	18.13	3.03	1.63	20.516521	22.795478	21.685495	0.558547
7.24	23.19	17.16	18.14	3.03	1.63	20.516325	22.792583	21.683861	0.558525
7.24	23.19	17.16	18.15	3.03	1.63	20.516134	22.789692	21.682231	0.558502
7.25	23.19	17.17	18.15	3.03	1.63	20.515949	22.786804	21.680605	0.558480
7.25	23.18	17.17	18.16	3.03	1.63	20.515769	22.783920	21.678984	0.558457
7.25	23.18	17.18	18.17	3.03	1.63	20.515594	22.781039	21.677367	0.558435
7.26	23.18	17.19	18.17	3.03	1.63	20.515425	22.778163	21.675754	0.558412
7.26	23.17	17.19	18.18	3.03	1.63	20.515261	22.775289	21.674146	0.558390
7.26	23.17	17.20	18.19	3.03	1.63	20.515102	22.772420	21.672542	0.558367
7.26	23.17	17.20	18.19	3.03	1.63	20.514948	22.769553	21.670943	0.558344
7.27	23.16	17.21	18.20	3.03	1.62	20.514800	22.766691	21.669348	0.558322
7.27	23.16	17.21	18.21	3.03	1.62	20.514656	22.763832	21.667758	0.558299
7.27	23.16	17.22	18.21	3.03	1.62	20.514518	22.760977	21.666172	0.558277
7.28	23.15	17.22	18.22	3.03	1.62	20.514386	22.758125	21.664590	0.558254
7.28	23.15	17.23	18.23	3.03	1.62	20.514258	22.755277	21.663013	0.558231
7.28	23.15	17.23	18.24	3.03	1.62	20.514136	22.752433	21.661440	0.558208
7.28	23.14	17.24	18.24	3.03	1.62	20.514019	22.749592	21.659871	0.558186
7.29	23.14	17.25	18.25	3.03	1.62	20.513907	22.746755	21.658307	0.558163
7.29	23.14	17.25	18.26	3.03	1.62	20.513800	22.743921	21.656748	0.558140
7.29	23.13	17.26	18.26	3.03	1.62	20.513699	22.741091	21.655192	0.558117
7.29	23.13	17.26	18.27	3.03	1.62	20.513603	22.738265	21.653641	0.558094
7.30	23.13	17.27	18.28	3.03	1.62	20.513512	22.735442	21.652095	0.558071
7.30	23.12	17.27	18.28	3.03	1.62	20.513427	22.732623	21.650553	0.558048
7.30	23.12	17.28	18.29	3.03	1.62	20.513347	22.729808	21.649016	0.558025
7.31	23.12	17.28	18.30	3.03	1.62	20.513272	22.726996	21.647482	0.558002
7.31	23.11	17.29	18.30	3.03	1.62	20.513202	22.724188	21.645954	0.557979
7.31	23.11	17.30	18.31	3.03	1.62	20.513137	22.721383	21.644429	0.557956
7.31	23.11	17.30	18.32	3.03	1.62	20.513078	22.718583	21.642909	0.557933
7.32	23.11	17.31	18.32	3.03	1.61	20.513024	22.715785	21.641394	0.557910
7.32	23.10	17.31	18.33	3.03	1.61	20.512975	22.712992	21.639883	0.557887
7.32	23.10	17.32	18.34	3.03	1.61	20.512931	22.710202	21.638376	0.557864
7.33	23.10	17.32	18.35	3.03	1.61	20.512893	22.707416	21.636874	0.557841
7.33	23.09	17.33	18.35	3.03	1.61	20.512860	22.704633	21.635376	0.557818
7.33	23.09	17.33	18.36	3.03	1.61	20.512832	22.701854	21.633883	0.557794
7.33	23.09	17.34	18.37	3.03	1.61	20.512810	22.699079	21.632394	0.557771
7.34	23.08	17.35	18.37	3.03	1.61	20.512792	22.696307	21.630909	0.557748
7.34	23.08	17.35	18.38	3.03	1.61	20.512780	22.693539	21.629429	0.557725
7.34	23.08	17.36	18.39	3.03	1.61	20.512773	22.690774	21.627954	0.557701
7.34	23.07	17.36	18.39	3.03	1.61	20.512772	22.688014	21.626483	0.557678
7.35	23.07	17.37	18.40	3.03	1.61	20.512776	22.685257	21.625016	0.557654
7.35	23.07	17.37	18.41	3.03	1.61	20.512784	22.682503	21.623553	0.557631
7.35	23.06	17.38	18.42	3.03	1.61	20.512799	22.679754	21.622096	0.557608
7.36	23.06	17.39	18.42	3.03	1.61	20.512818	22.677007	21.620642	0.557584
7.36	23.06	17.39	18.43	3.03	1.61	20.512843	22.674265	21.619193	0.557561
7.36	23.05	17.40	18.44	3.03	1.61	20.512873	22.671526	21.617748	0.557537
7.36	23.05	17.40	18.44	3.03	1.61	20.512908	22.668791	21.616308	0.557514
7.37	23.05	17.41	18.45	3.03	1.60	20.512948	22.666060	21.614872	0.557490
7.37	23.04	17.41	18.46	3.03	1.60	20.512994	22.663332	21.613441	0.557466
7.37	23.04	17.42	18.47	3.03	1.60	20.513045	22.660608	21.612014	0.557443
7.38	23.04	17.43	18.47	3.03	1.60	20.513101	22.657888	21.610592	0.557419
7.38	23.03	17.43	18.48	3.03	1.60	20.513162	22.655171	21.609174	0.557395
7.38	23.03	17.44	18.49	3.03	1.60	20.513229	22.652458	21.607760	0.557372
7.38	23.03	17.44	18.49	3.03	1.60	20.513300	22.649749	21.606351	0.557348
7.39	23.03	17.45	18.50	3.03	1.60	20.513378	22.647043	21.604947	0.557324
7.39	23.02	17.45	18.51	3.03	1.60	20.513460	22.644341	21.603546	0.557300
7.39	23.02	17.46	18.51	3.03	1.60	20.513548	22.641643	21.602151	0.557277
7.39	23.02	17.47	18.52	3.03	1.60	20.513640	22.638949	21.600759	0.557253
7.40	23.01	17.47	18.53	3.03	1.60	20.513738	22.636258	21.599372	0.557229
7.40	23.01	17.48	18.54	3.03	1.60	20.513842	22.633571	21.597990	0.557205
7.40	23.01	17.48	18.54	3.03	1.60	20.513950	22.630887	21.596612	0.557181
7.41	23.00	17.49	18.55	3.03	1.60	20.514064	22.628207	21.595239	0.557157
7.41	23.00	17.50	18.56	3.03	1.60	20.514183	22.625531	21.593870	0.557133
7.41	23.00	17.50	18.56	3.03	1.60	20.514308	22.622859	21.592505	0.557109
7.41	22.99	17.51	18.57	3.03	1.60	20.514437	22.620190	21.591145	0.557085
7.42	22.99	17.51	18.58	3.03	1.59	20.514572	22.617526	21.589789	0.557061
7.42	22.99	17.52	18.59	3.03	1.59	20.514712	22.614864	21.588438	0.557037
7.42	22.98	17.52	18.59	3.03	1.59	20.514857	22.612207	21.587091	0.557013
7.42	22.98	17.53	18.60	3.03	1.59	20.515008	22.609553	21.585749	0.556988
7.43	22.98	17.54	18.61	3.03	1.59	20.515164	22.606903	21.584411	0.556964
7.43	22.98	17.54	18.62	3.03	1.59	20.515325	22.604257	21.583077	0.556940
7.43	22.97	17.55	18.62	3.03	1.59	20.515491	22.601614	21.581748	0.556916
7.44	22.97	17.55	18.63	3.03	1.59	20.515662	22.598975	21.580424	0.556891
7.44	22.97	17.56	18.64	3.03	1.59	20.515839	22.596340	21.579104	0.556867
7.44	22.96	17.57	18.64	3.03	1.59	20.516021	22.593708	21.577788	0.556843
7.44	22.96	17.57	18.65	3.03	1.59	20.516208	22.591080	21.576477	0.556818
7.45	22.96	17.58	18.66	3.03	1.59	20.516401	22.588456	21.575171	0.556794
7.45	22.95	17.58	18.67	3.03	1.59	20.516598	22.585836	21.573868	0.556769
7.45	22.95	17.59	18.67	3.03	1.59	20.516801	22.583219	21.572571	0.556745
7.46	22.95	17.60	18.68	3.03	1.59	20.517010	22.580607	21.571277	0.556721
7.46	22.94	17.60	18.69	3.03	1.59	20.517223	22.577997	21.569989	0.556696
7.46	22.94	17.61	18.69	3.03	1.59	20.517442	22.575392	21.568704	0.556671
7.46	22.94	17.61	18.70	3.03	1.58	20.517666	22.572790	21.567424	0.556647
7.47	22.94	17.62	18.71	3.03	1.58	20.517895	22.570192	21.566149	0.556622
7.47	22.93	17.63	18.72	3.03	1.58	20.518129	22.567598	21.564878	0.556598
7.47	22.93	17.63	18.72	3.03	1.58	20.518369	22.565008	21.563612	0.556573
7.47	22.93	17.64	18.73	3.03	1.58	20.518614	22.562421	21.562350	0.556548
7.48	22.92	17.64	18.74	3.03	1.58	20.518864	22.559838	21.561092	0.556523
7.48	22.92	17.65	18.75	3.03	1.58	20.519119	22.557259	21.559839	0.556499
7.48	22.92	17.66	18.75	3.03	1.58	20.519380	22.554684	21.558591	0.556474
7.49	22.91	17.66	18.76	3.03	1.58	20.519646	22.552112	21.557346	0.556449
7.49	22.91	17.67	18.77	3.03	1.58	20.519917	22.549544	21.556107	0.556424
7.49	22.91	17.67	18.78	3.03	1.58	20.520193	22.546980	21.554872	0.556399
7.49	22.91	17.68	18.78	3.03	1.58	20.520475	22.544419	21.553641	0.556374
7.50	22.90	17.69	18.79	3.03	1.58	20.520762	22.541862	21.552415	0.556349
7.50	22.90	17.69	18.80	3.03	1.58	20.521054	22.539310	21.551193	0.556324
7.50	22.90	17.70	18.81	3.03	1.58	20.521351	22.536760	21.549976	0.556299
7.51	22.89	17.70	18.81	3.03	1.58	20.521654	22.534215	21.548763	0.556274
7.51	22.89	17.71	18.82	3.03	1.58	20.521961	22.531673	21.547555	0.556249
7.51	22.89	17.72	18.83	3.03	1.57	20.522274	22.529135	21.546351	0.556224
7.51	22.88	17.72	18.83	3.03	1.57	20.522593	22.526601	21.545152	0.556199
7.52	22.88	17.73	18.84	3.03	1.57	20.522916	22.524071	21.543957	0.556174
7.52	22.88	17.73	18.85	3.03	1.57	20.523245	22.521544	21.542767	0.556149
7.52	22.88	17.74	18.86	3.03	1.57	20.523579	22.519021	21.541581	0.556123
7.53	22.87	17.75	18.86	3.03	1.57	20.523918	22.516502	21.540400	0.556098
7.53	22.87	17.75	18.87	3.03	1.57	20.524263	22.513987	21.539223	0.556073
7.53	22.87	17.76	18.88	3.03	1.57	20.524612	22.511476	21.538050	0.556048
7.53	22.86	17.76	18.89	3.03	1.57	20.524967	22.508968	21.536882	0.556022
7.54	22.86	17.77	18.89	3.03	1.57	20.525327	22.506464	21.535719	0.555997
7.54	22.86	17.78	18.90	3.03	1.57	20.525693	22.503964	21.534560	0.555971
7.54	22.85	17.78	18.91	3.03	1.57	20.526063	22.501467	21.533406	0.555946
7.54	22.85	17.79	18.92	3.03	1.57	20.526439	22.498975	21.532256	0.555920
7.55	22.85	17.80	18.92	3.03	1.57	20.526820	22.496486	21.531110	0.555895
7.55	22.85	17.80	18.93	3.03	1.57	20.527207	22.494001	21.529969	0.555869
7.55	22.84	17.81	18.94	3.03	1.57	20.527598	22.491520	21.528833	0.555844
7.56	22.84	17.81	18.95	3.03	1.56	20.527995	22.489042	21.527701	0.555818
7.56	22.84	17.82	18.95	3.03	1.56	20.528397	22.486569	21.526573	0.555793
7.56	22.83	17.83	18.96	3.03	1.56	20.528805	22.484099	21.525450	0.555767
7.56	22.83	17.83	18.97	3.03	1.56	20.529217	22.481633	21.524332	0.555741
7.57	22.83	17.84	18.98	3.03	1.56	20.529635	22.479171	21.523218	0.555715
7.57	22.83	17.84	18.98	3.03	1.56	20.530058	22.476712	21.522108	0.555690
7.57	22.82	17.85	18.99	3.03	1.56	20.530486	22.474257	21.521003	0.555664
7.58	22.82	17.86	19.00	3.03	1.56	20.530919	22.471807	21.519903	0.555638
7.58	22.82	17.86	19.01	3.03	1.56	20.531358	22.469359	21.518807	0.555612
7.58	22.81	17.87	19.01	3.03	1.56	20.531802	22.466916	21.517715	0.555586
7.58	22.81	17.88	19.02	3.03	1.56	20.532251	22.464477	21.516628	0.555560
7.59	22.81	17.88	19.03	3.03	1.56	20.532706	22.462041	21.515546	0.555534
7.59	22.81	17.89	19.04	3.03	1.56	20.533165	22.459609	21.514468	0.555508
7.59	22.80	17.89	19.04	3.03	1.56	20.533630	22.457181	21.513394	0.555482
7.59	22.80	17.90	19.05	3.03	1.56	20.534100	22.454757	21.512325	0.555456
7.60	22.80	17.91	19.06	3.03	1.56	20.534576	22.452337	21.511261	0.555430
7.60	22.79	17.91	19.07	3.03	1.55	20.535056	22.449920	21.510201	0.555404
7.60	22.79	17.92	19.07	3.03	1.55	20.535542	22.447507	21.509146	0.555378
7.61	22.79	17.93	19.08	3.03	1.55	20.536033	22.445098	21.508095	0.555351
7.61	22.79	17.93	19.09	3.03	1.55	20.536529	22.442693	21.507048	0.555325
7.61	22.78	17.94	19.10	3.03	1.55	20.537031	22.440292	21.506006	0.555299
7.61	22.78	17.95	19.11	3.03	1.55	20.537537	22.437895	21.504969	0.555272
7.62	22.78	17.95	19.11	3.03	1.55	20.538049	22.435501	21.503936	0.555246
7.62	22.77	17.96	19.12	3.03	1.55	20.538566	22.433111	21.502907	0.555220
7.62	22.77	17.96	19.13	3.03	1.55	20.539089	22.430725	21.501883	0.555193
7.62	22.77	17.97	19.14	3.03	1.55	20.539616	22.428343	21.500864	0.555167
7.63	22.77	17.98	19.14	3.03	1.55	20.540149	22.425965	21.499849	0.555140
7.63	22.76	17.98	19.15	3.03	1.55	20.540687	22.423590	21.498839	0.555114
7.63	22.76	17.99	19.16	3.03	1.55	20.541231	22.421219	21.497833	0.555087
7.64	22.76	18.00	19.17	3.03	1.55	20.541779	22.418853	21.496832	0.555061
7.64	22.75	18.00	19.17	3.03	1.55	20.542333	22.416490	21.495835	0.555034
7.64	22.75	18.01	19.18	3.03	1.54	20.542892	22.414130	21.494842	0.555007
7.64	22.75	18.02	19.19	3.03	1.54	20.543456	22.411775	21.493855	0.554980
7.65	22.75	18.02	19.20	3.03	1.54	20.544026	22.409424	21.492871	0.554954
7.65	22.74	18.03	19.21	3.03	1.54	20.544600	22.407076	21.491892	0.554927
7.65	22.74	18.03	19.21	3.03	1.54	20.545180	22.404732	21.490918	0.554900
7.66	22.74	18.04	19.22	3.03	1.54	20.545765	22.402392	21.489948	0.554873
7.66	22.73	18.05	19.23	3.03	1.54	20.546356	22.400056	21.488983	0.554846
7.66	22.73	18.05	19.24	3.03	1.54	20.546951	22.397724	21.488023	0.554819
7.66	22.73	18.06	19.24	3.03	1.54	20.547552	22.395396	21.487066	0.554792
7.67	22.73	18.07	19.25	3.03	1.54	20.548158	22.393071	21.486115	0.554765
7.67	22.72	18.07	19.26	3.03	1.54	20.548769	22.390750	21.485168	0.554738
7.67	22.72	18.08	19.27	3.03	1.54	20.549386	22.388434	21.484225	0.554711
7.67	22.72	18.09	19.27	3.03	1.54	20.550007	22.386121	21.483287	0.554684
7.68	22.71	18.09	19.28	3.03	1.54	20.550634	22.383812	21.482353	0.554657
7.68	22.71	18.10	19.29	3.03	1.54	20.551267	22.381506	21.481424	0.554630
7.68	22.71	18.11	19.30	3.03	1.53	20.551904	22.379205	21.480500	0.554603
7.69	22.71	18.11	19.31	3.03	1.53	20.552546	22.376907	21.479580	0.554575
7.69	22.70	18.12	19.31	3.03	1.53	20.553194	22.374614	21.478664	0.554548
7.69	22.70	18.13	19.32	3.03	1.53	20.553847	22.372324	21.477753	0.554521
7.69	22.70	18.13	19.33	3.03	1.53	20.554505	22.370038	21.476847	0.554493
7.70	22.70	18.14	19.34	3.03	1.53	20.555169	22.367756	21.475945	0.554466
7.70	22.69	18.14	19.35	3.03	1.53	20.555838	22.365478	21.475048	0.554438
7.70	22.69	18.15	19.35	3.03	1.53	20.556511	22.363204	21.474155	0.554411
7.71	22.69	18.16	19.36	3.03	1.53	20.557191	22.360933	21.473266	0.554383
7.71	22.68	18.16	19.37	3.03	1.53	20.557875	22.358667	21.472383	0.554356
7.71	22.68	18.17	19.38	3.03	1.53	20.558564	22.356404	21.471503	0.554328
7.71	22.68	18.18	19.38	3.03	1.53	20.559259	22.354145	21.470629	0.554301
7.72	22.68	18.18	19.39	3.03	1.53	20.559959	22.351890	21.469758	0.554273
7.72	22.67	18.19	19.40	3.03	1.53	20.560664	22.349639	21.468893	0.554245
7.72	22.67	18.20	19.41	3.03	1.53	20.561375	22.347392	21.468032	0.554217
7.72	22.67	18.20	19.42	3.03	1.52	20.562090	22.345149	21.467175	0.554190
7.73	22.67	18.21	19.42	3.03	1.52	20.562811	22.342909	21.466323	0.554162
7.73	22.66	18.22	19.43	3.03	1.52	20.563537	22.340674	21.465475	0.554134
7.73	22.66	18.22	19.44	3.03	1.52	20.564269	22.338442	21.464632	0.554106
7.74	22.66	18.23	19.45	3.03	1.52	20.565005	22.336214	21.463794	0.554078
7.74	22.65	18.24	19.46	3.03	1.52	20.565747	22.333991	21.462960	0.554050
7.74	22.65	18.24	19.46	3.03	1.52	20.566494	22.331771	21.462131	0.554022
7.74	22.65	18.25	19.47	3.03	1.52	20.567246	22.329555	21.461306	0.553994
7.75	22.65	18.26	19.48	3.03	1.52	20.568003	22.327342	21.460485	0.553966
7.75	22.64	18.26	19.49	3.03	1.52	20.568766	22.325134	21.459670	0.553938
7.75	22.64	18.27	19.49	3.03	1.52	20.569534	22.322930	21.458858	0.553909
7.76	22.64	18.28	19.50	3.03	1.52	20.570306	22.320729	21.458052	0.553881
7.76	22.64	18.28	19.51	3.03	1.52	20.571085	22.318533	21.457249	0.553853
7.76	22.63	18.29	19.52	3.03	1.52	20.571868	22.316340	21.456452	0.553825
7.76	22.63	18.30	19.53	3.03	1.51	20.572657	22.314151	21.455659	0.553796
7.77	22.63	18.30	19.53	3.03	1.51	20.573450	22.311967	21.454870	0.553768
7.77	22.63	18.31	19.54	3.03	1.51	20.574250	22.309786	21.454086	0.553739
7.77	22.62	18.32	19.55	3.03	1.51	20.575054	22.307609	21.453307	0.553711
7.78	22.62	18.32	19.56	3.03	1.51	20.575863	22.305435	21.452532	0.553682
7.78	22.62	18.33	19.57	3.03	1.51	20.576678	22.303266	21.451761	0.553654
7.78	22.61	18.34	19.57	3.03	1.51	20.577498	22.301101	21.450996	0.553625
7.78	22.61	18.34	19.58	3.03	1.51	20.578323	22.298940	21.450234	0.553597
7.79	22.61	18.35	19.59	3.03	1.51	20.579153	22.296782	21.449478	0.553568
7.79	22.61	18.36	19.60	3.03	1.51	20.579988	22.294628	21.448725	0.553539
7.79	22.60	18.36	19.61	3.03	1.51	20.580829	22.292479	21.447978	0.553510
7.79	22.60	18.37	19.61	3.03	1.51	20.581675	22.290333	21.447235	0.553482
7.80	22.60	18.38	19.62	3.03	1.51	20.582526	22.288191	21.446496	0.553453
7.80	22.60	18.38	19.63	3.03	1.51	20.583382	22.286053	21.445762	0.553424
7.80	22.59	18.39	19.64	3.03	1.50	20.584244	22.283919	21.445033	0.553395
7.81	22.59	18.40	19.65	3.03	1.50	20.585111	22.281789	21.444308	0.553366
7.81	22.59	18.40	19.65	3.03	1.50	20.585983	22.279663	21.443587	0.553337
7.81	22.59	18.41	19.66	3.03	1.50	20.586860	22.277541	21.442871	0.553308
7.81	22.58	18.42	19.67	3.03	1.50	20.587742	22.275423	21.442160	0.553279
7.82	22.58	18.43	19.68	3.03	1.50	20.588629	22.273308	21.441453	0.553250
7.82	22.58	18.43	19.69	3.03	1.50	20.589522	22.271198	21.440751	0.553220
7.82	22.58	18.44	19.70	3.03	1.50	20.590420	22.269092	21.440054	0.553191
7.83	22.57	18.45	19.70	3.03	1.50	20.591323	22.266989	21.439360	0.553162
7.83	22.57	18.45	19.71	3.03	1.50	20.592231	22.264890	21.438672	0.553132
7.83	22.57	18.46	19.72	3.03	1.50	20.593145	22.262796	21.437988	0.553103
7.83	22.57	18.47	19.73	3.03	1.50	20.594064	22.260705	21.437308	0.553074
7.84	22.56	18.47	19.74	3.03	1.50	20.594987	22.258618	21.436634	0.553044
7.84	22.56	18.48	19.74	3.03	1.50	20.595917	22.256535	21.435963	0.553015
7.84	22.56	18.49	19.75	3.03	1.49	20.596851	22.254457	21.435298	0.552985
7.84	22.56	18.49	19.76	3.03	1.49	20.597790	22.252382	21.434636	0.552956
7.85	22.55	18.50	19.77	3.03	1.49	20.598735	22.250311	21.433980	0.552926
7.85	22.55	18.51	19.78	3.03	1.49	20.599685	22.248244	21.433328	0.552896
7.85	22.55	18.51	19.78	3.03	1.49	20.600640	22.246180	21.432680	0.552866
7.86	22.55	18.52	19.79	3.03	1.49	20.601600	22.244121	21.432037	0.552837
7.86	22.54	18.53	19.80	3.03	1.49	20.602566	22.242066	21.431399	0.552807
7.86	22.54	18.53	19.81	3.03	1.49	20.603536	22.240015	21.430765	0.552777
7.86	22.54	18.54	19.82	3.03	1.49	20.604512	22.237967	21.430135	0.552747
7.87	22.53	18.55	19.83	3.03	1.49	20.605493	22.235924	21.429511	0.552717
7.87	22.53	18.56	19.83	3.03	1.49	20.606479	22.233885	21.428890	0.552687
7.87	22.53	18.56	19.84	3.03	1.49	20.607471	22.231849	21.428275	0.552657
7.88	22.53	18.57	19.85	3.03	1.49	20.608467	22.229818	21.427664	0.552627
7.88	22.52	18.58	19.86	3.03	1.48	20.609469	22.227790	21.427057	0.552597
7.88	22.52	18.58	19.87	3.03	1.48	20.610476	22.225766	21.426455	0.552567
7.88	22.52	18.59	19.87	3.03	1.48	20.611488	22.223747	21.425858	0.552536
7.89	22.52	18.60	19.88	3.03	1.48	20.612506	22.221731	21.425265	0.552506
7.89	22.51	18.60	19.89	3.03	1.48	20.613528	22.219719	21.424676	0.552476
7.89	22.51	18.61	19.90	3.03	1.48	20.614556	22.217712	21.424093	0.552445
7.89	22.51	18.62	19.91	3.03	1.48	20.615589	22.215708	21.423514	0.552415
7.90	22.51	18.63	19.92	3.03	1.48	20.616627	22.213708	21.422939	0.552384
7.90	22.51	18.63	19.92	3.03	1.48	20.617670	22.211712	21.422369	0.552354
7.90	22.50	18.64	19.93	3.03	1.48	20.618719	22.209720	21.421803	0.552323
7.91	22.50	18.65	19.94	3.03	1.48	20.619772	22.207733	21.421242	0.552293
7.91	22.50	18.65	19.95	3.03	1.48	20.620831	22.205749	21.420686	0.552262
7.91	22.50	18.66	19.96	3.03	1.48	20.621895	22.203769	21.420134	0.552231
7.91	22.49	18.67	19.97	3.03	1.48	20.622964	22.201793	21.419587	0.552201
7.92	22.49	18.67	19.97	3.03	1.47	20.624039	22.199821	21.419044	0.552170
7.92	22.49	18.68	19.98	3.03	1.47	20.625118	22.197853	21.418506	0.552139
7.92	22.49	18.69	19.99	3.03	1.47	20.626203	22.195889	21.417973	0.552108
7.92	22.48	18.70	20.00	3.03	1.47	20.627293	22.193929	21.417444	0.552077
7.93	22.48	18.70	20.01	3.03	1.47	20.628388	22.191972	21.416919	0.552046
7.93	22.48	18.71	20.01	3.03	1.47	20.629488	22.190020	21.416399	0.552015
7.93	22.48	18.72	20.02	3.03	1.47	20.630594	22.188072	21.415884	0.551984
7.94	22.47	18.72	20.03	3.03	1.47	20.631704	22.186128	21.415373	0.551953
7.94	22.47	18.73	20.04	3.03	1.47	20.632820	22.184188	21.414867	0.551921
7.94	22.47	18.74	20.05	3.03	1.47	20.633941	22.182252	21.414366	0.551890
7.94	22.47	18.74	20.06	3.03	1.47	20.635067	22.180320	21.413869	0.551859
7.95	22.46	18.75	20.06	3.03	1.47	20.636199	22.178391	21.413376	0.551827
7.95	22.46	18.76	20.07	3.03	1.46	20.637335	22.176467	21.412888	0.551796
7.95	22.46	18.77	20.08	3.03	1.46	20.638477	22.174547	21.412405	0.551765
7.96	22.46	18.77	20.09	3.03	1.46	20.639624	22.172631	21.411926	0.551733
7.96	22.45	18.78	20.10	3.03	1.46	20.640776	22.170719	21.411452	0.551701
7.96	22.45	18.79	20.11	3.03	1.46	20.641933	22.168810	21.410982	0.551670
7.96	22.45	18.79	20.11	3.03	1.46	20.643095	22.166906	21.410517	0.551638
7.97	22.45	18.80	20.12	3.03	1.46	20.644263	22.165006	21.410057	0.551606
7.97	22.44	18.81	20.13	3.03	1.46	20.645435	22.163110	21.409601	0.551575
7.97	22.44	18.82	20.14	3.03	1.46	20.646613	22.161217	21.409150	0.551543
7.97	22.44	18.82	20.15	3.03	1.46	20.647796	22.159329	21.408703	0.551511
7.98	22.44	18.83	20.16	3.03	1.46	20.648984	22.157445	21.408261	0.551479
7.98	22.43	18.84	20.17	3.03	1.46	20.650178	22.155565	21.407823	0.551447
7.98	22.43	18.84	20.17	3.03	1.46	20.651376	22.153688	21.407390	0.551415
7.99	22.43	18.85	20.18	3.03	1.45	20.652580	22.151816	21.406961	0.551383
7.99	22.43	18.86	20.19	3.03	1.45	20.653789	22.149948	21.406537	0.551351
7.99	22.43	18.87	20.20	3.03	1.45	20.655003	22.148084	21.406118	0.551318
7.99	22.42	18.87	20.21	3.03	1.45	20.656222	22.146224	21.405703	0.551286
8.00	22.42	18.88	20.22	3.03	1.45	20.657446	22.144367	21.405293	0.551254
8.00	22.42	18.89	20.22	3.03	1.45	20.658676	22.142515	21.404888	0.551222
8.00	22.42	18.90	20.23	3.03	1.45	20.659911	22.140667	21.404487	0.551189
8.01	22.41	18.90	20.24	3.03	1.45	20.661150	22.138823	21.404090	0.551157
8.01	22.41	18.91	20.25	3.03	1.45	20.662395	22.136983	21.403698	0.551124
8.01	22.41	18.92	20.26	3.03	1.45	20.663645	22.135147	21.403311	0.551091
8.01	22.41	18.92	20.27	3.03	1.45	20.664901	22.133315	21.402928	0.551059
8.02	22.40	18.93	20.28	3.03	1.45	20.666161	22.131487	21.402550	0.551026
8.02	22.40	18.94	20.28	3.03	1.44	20.667427	22.129662	21.402176	0.550993
8.02	22.40	18.95	20.29	3.03	1.44	20.668698	22.127842	21.401807	0.550961
8.03	22.40	18.95	20.30	3.03	1.44	20.669974	22.126026	21.401443	0.550928
8.03	22.40	18.96	20.31	3.03	1.44	20.671255	22.124214	21.401083	0.550895
8.03	22.39	18.97	20.32	3.03	1.44	20.672541	22.122406	21.400728	0.550862
8.03	22.39	18.98	20.33	3.03	1.44	20.673832	22.120602	21.400377	0.550829
8.04	22.39	18.98	20.33	3.03	1.44	20.675129	22.118803	21.400031	0.550796
8.04	22.39	18.99	20.34	3.03	1.44	20.676430	22.117007	21.399689	0.550762
8.04	22.38	19.00	20.35	3.03	1.44	20.677737	22.115215	21.399352	0.550729
8.04	22.38	19.00	20.36	3.03	1.44	20.679049	22.113427	21.399020	0.550696
8.05	22.38	19.01	20.37	3.03	1.44	20.680366	22.111643	21.398692	0.550663
8.05	22.38	19.02	20.38	3.03	1.44	20.681689	22.109863	21.398369	0.550629
8.05	22.37	19.03	20.39	3.03	1.43	20.683016	22.108088	21.398050	0.550596
8.06	22.37	19.03	20.39	3.03	1.43	20.684349	22.106316	21.397736	0.550562
8.06	22.37	19.04	20.40	3.03	1.43	20.685687	22.104548	21.397426	0.550529
8.06	22.37	19.05	20.41	3.03	1.43	20.687029	22.102785	21.397121	0.550495
8.06	22.37	19.06	20.42	3.03	1.43	20.688377	22.101025	21.396821	0.550461
8.07	22.36	19.06	20.43	3.03	1.43	20.689731	22.099269	21.396525	0.550428
8.07	22.36	19.07	20.44	3.03	1.43	20.691089	22.097518	21.396234	0.550394
8.07	22.36	19.08	20.45	3.03	1.43	20.692452	22.095770	21.395947	0.550360
8.07	22.36	19.09	20.45	3.03	1.43	20.693821	22.094027	21.395665	0.550326
8.08	22.35	19.09	20.46	3.03	1.43	20.695195	22.092288	21.395388	0.550292
8.08	22.35	19.10	20.47	3.03	1.43	20.696574	22.090552	21.395115	0.550258
8.08	22.35	19.11	20.48	3.03	1.43	20.697958	22.088821	21.394846	0.550224
8.09	22.35	19.11	20.49	3.03	1.42	20.699347	22.087094	21.394583	0.550190
8.09	22.35	19.12	20.50	3.03	1.42	20.700741	22.085370	21.394324	0.550155
8.09	22.34	19.13	20.51	3.03	1.42	20.702141	22.083651	21.394069	0.550121
8.09	22.34	19.14	20.51	3.03	1.42	20.703545	22.081936	21.393819	0.550087
8.10	22.34	19.14	20.52	3.03	1.42	20.704955	22.080225	21.393574	0.550052
8.10	22.34	19.15	20.53	3.03	1.42	20.706370	22.078518	21.393333	0.550018
8.10	22.33	19.16	20.54	3.03	1.42	20.707790	22.076815	21.393096	0.549983
8.11	22.33	19.17	20.55	3.03	1.42	20.709215	22.075116	21.392865	0.549949
8.11	22.33	19.17	20.56	3.03	1.42	20.710645	22.073421	21.392638	0.549914
8.11	22.33	19.18	20.57	3.03	1.42	20.712080	22.071730	21.392415	0.549879
8.11	22.33	19.19	20.58	3.03	1.42	20.713521	22.070044	21.392197	0.549845
8.12	22.32	19.20	20.58	3.03	1.41	20.714966	22.068361	21.391984	0.549810
8.12	22.32	19.20	20.59	3.03	1.41	20.716417	22.066682	21.391775	0.549775
8.12	22.32	19.21	20.60	3.03	1.41	20.717873	22.065008	21.391571	0.549740
8.12	22.32	19.22	20.61	3.03	1.41	20.719334	22.063337	21.391371	0.549705
8.13	22.32	19.23	20.62	3.03	1.41	20.720800	22.061671	21.391176	0.549670
8.13	22.31	19.23	20.63	3.03	1.41	20.722272	22.060008	21.390986	0.549634
8.13	22.31	19.24	20.64	3.03	1.41	20.723748	22.058350	21.390800	0.549599
8.14	22.31	19.25	20.64	3.03	1.41	20.725230	22.056695	21.390619	0.549564
8.14	22.31	19.26	20.65	3.03	1.41	20.726716	22.055045	21.390442	0.549528
8.14	22.30	19.26	20.66	3.03	1.41	20.728208	22.053399	21.390270	0.549493
8.14	22.30	19.27	20.67	3.03	1.41	20.729705	22.051757	21.390102	0.549457
8.15	22.30	19.28	20.68	3.03	1.40	20.731207	22.050119	21.389939	0.549422
8.15	22.30	19.29	20.69	3.03	1.40	20.732714	22.048485	21.389781	0.549386
8.15	22.30	19.29	20.70	3.03	1.40	20.734226	22.046855	21.389627	0.549350
8.16	22.29	19.30	20.71	3.03	1.40	20.735744	22.045229	21.389478	0.549315
8.16	22.29	19.31	20.71	3.03	1.40	20.737266	22.043608	21.389333	0.549279
8.16	22.29	19.32	20.72	3.03	1.40	20.738794	22.041990	21.389193	0.549243
8.16	22.29	19.32	20.73	3.03	1.40	20.740326	22.040376	21.389058	0.549207
8.17	22.29	19.33	20.74	3.03	1.40	20.741864	22.038767	21.388927	0.549171
8.17	22.28	19.34	20.75	3.03	1.40	20.743407	22.037161	21.388800	0.549134
8.17	22.28	19.35	20.76	3.03	1.40	20.744955	22.035560	21.388679	0.549098
8.18	22.28	19.35	20.77	3.03	1.40	20.746508	22.033963	21.388562	0.549062
8.18	22.28	19.36	20.78	3.03	1.39	20.748067	22.032369	21.388449	0.549026
8.18	22.27	19.37	20.78	3.03	1.39	20.749630	22.030780	21.388341	0.548989
8.18	22.27	19.38	20.79	3.03	1.39	20.751199	22.029195	21.388238	0.548953
8.19	22.27	19.38	20.80	3.03	1.39	20.752772	22.027614	21.388139	0.548916
8.19	22.27	19.39	20.81	3.03	1.39	20.754351	22.026037	21.388045	0.548879
8.19	22.27	19.40	20.82	3.03	1.39	20.755935	22.024465	21.387955	0.548843
8.19	22.26	19.41	20.83	3.03	1.39	20.757524	22.022896	21.387870	0.548806
8.20	22.26	19.42	20.84	3.03	1.39	20.759118	22.021331	21.387790	0.548769
8.20	22.26	19.42	20.85	3.03	1.39	20.760717	22.019771	21.387714	0.548732
8.20	22.26	19.43	20.86	3.03	1.39	20.762321	22.018214	21.387642	0.548695
8.21	22.26	19.44	20.86	3.03	1.39	20.763931	22.016662	21.387576	0.548658
8.21	22.25	19.45	20.87	3.03	1.38	20.765545	22.015113	21.387513	0.548621
8.21	22.25	19.45	20.88	3.03	1.38	20.767165	22.013569	21.387456	0.548584
8.21	22.25	19.46	20.89	3.03	1.38	20.768789	22.012029	21.387403	0.548546
8.22	22.25	19.47	20.90	3.03	1.38	20.770419	22.010493	21.387355	0.548509
8.22	22.25	19.48	20.91	3.03	1.38	20.772054	22.008961	21.387311	0.548471
8.22	22.24	19.48	20.92	3.03	1.38	20.773694	22.007433	21.387272	0.548434
8.22	22.24	19.49	20.93	3.03	1.38	20.775339	22.005909	21.387237	0.548396
8.23	22.24	19.50	20.93	3.03	1.38	20.776989	22.004390	21.387207	0.548359
8.23	22.24	19.51	20.94	3.03	1.38	20.778645	22.002874	21.387181	0.548321
8.23	22.24	19.52	20.95	3.03	1.38	20.780305	22.001363	21.387161	0.548283
8.24	22.23	19.52	20.96	3.03	1.37	20.781970	21.999855	21.387144	0.548245
8.24	22.23	19.53	20.97	3.03	1.37	20.783641	21.998352	21.387133	0.548207
8.24	22.23	19.54	20.98	3.03	1.37	20.785317	21.996853	21.387125	0.548169
8.24	22.23	19.55	20.99	3.03	1.37	20.786997	21.995358	21.387123	0.548131
8.25	22.23	19.55	21.00	3.03	1.37	20.788683	21.993867	21.387125	0.548092
8.25	22.22	19.56	21.01	3.03	1.37	20.790374	21.992380	21.387132	0.548054
8.25	22.22	19.57	21.01	3.03	1.37	20.792070	21.990897	21.387143	0.548016
8.26	22.22	19.58	21.02	3.03	1.37	20.793771	21.989419	21.387159	0.547977
8.26	22.22	19.58	21.03	3.03	1.37	20.795477	21.987944	21.387179	0.547939
8.26	22.22	19.59	21.04	3.03	1.37	20.797188	21.986473	21.387204	0.547900
8.26	22.21	19.60	21.05	3.03	1.36	20.798905	21.985007	21.387233	0.547861
8.27	22.21	19.61	21.06	3.03	1.36	20.800626	21.983545	21.387268	0.547822
8.27	22.21	19.62	21.07	3.03	1.36	20.802353	21.982087	21.387306	0.547784
8.27	22.21	19.62	21.08	3.03	1.36	20.804084	21.980633	21.387350	0.547745
8.28	22.21	19.63	21.09	3.03	1.36	20.805821	21.979183	21.387397	0.547705
8.28	22.20	19.64	21.10	3.03	1.36	20.807563	21.977737	21.387450	0.547666
8.28	22.20	19.65	21.10	3.03	1.36	20.809309	21.976295	21.387507	0.547627
8.28	22.20	19.65	21.11	3.03	1.36	20.811061	21.974858	21.387569	0.547588
8.29	22.20	19.66	21.12	3.03	1.36	20.812818	21.973424	21.387635	0.547548
8.29	22.20	19.67	21.13	3.03	1.36	20.814580	21.971995	21.387706	0.547509
8.29	22.19	19.68	21.14	3.03	1.35	20.816347	21.970569	21.387781	0.547469
8.29	22.19	19.69	21.15	3.03	1.35	20.818120	21.969148	21.387861	0.547430
8.30	22.19	19.69	21.16	3.03	1.35	20.819897	21.967731	21.387945	0.547390
8.30	22.19	19.70	21.17	3.03	1.35	20.821679	21.966318	21.388035	0.547350
8.30	22.19	19.71	21.18	3.03	1.35	20.823467	21.964910	21.388128	0.547310
8.31	22.18	19.72	21.19	3.03	1.35	20.825259	21.963505	21.388227	0.547270
8.31	22.18	19.73	21.19	3.03	1.35	20.827057	21.962104	21.388329	0.547230
8.31	22.18	19.73	21.20	3.03	1.35	20.828859	21.960708	21.388437	0.547190
8.31	22.18	19.74	21.21	3.03	1.35	20.830667	21.959316	21.388549	0.547149
8.32	22.18	19.75	21.22	3.03	1.35	20.832480	21.957927	21.388666	0.547109
8.32	22.18	19.76	21.23	3.03	1.34	20.834298	21.956543	21.388787	0.547069
8.32	22.17	19.76	21.24	3.03	1.34	20.836120	21.955163	21.388913	0.547028
8.32	22.17	19.77	21.25	3.03	1.34	20.837948	21.953787	21.389043	0.546987
8.33	22.17	19.78	21.26	3.03	1.34	20.839781	21.952416	21.389178	0.546947
8.33	22.17	19.79	21.27	3.03	1.34	20.841619	21.951048	21.389317	0.546906
8.33	22.17	19.80	21.28	3.03	1.34	20.843463	21.949685	21.389462	0.546865
8.34	22.16	19.80	21.28	3.03	1.34	20.845311	21.948325	21.389610	0.546824
8.34	22.16	19.81	21.29	3.03	1.34	20.847164	21.946970	21.389764	0.546783
8.34	22.16	19.82	21.30	3.03	1.34	20.849022	21.945619	21.389921	0.546742
8.34	22.16	19.83	21.31	3.03	1.33	20.850886	21.944272	21.390084	0.546700
8.35	22.16	19.84	21.32	3.03	1.33	20.852754	21.942929	21.390251	0.546659
8.35	22.15	19.84	21.33	3.03	1.33	20.854627	21.941591	21.390422	0.546617
8.35	22.15	19.85	21.34	3.03	1.33	20.856506	21.940256	21.390599	0.546576
8.36	22.15	19.86	21.35	3.03	1.33	20.858390	21.938926	21.390779	0.546534
8.36	22.15	19.87	21.36	3.03	1.33	20.860278	21.937599	21.390965	0.546492
8.36	22.15	19.88	21.37	3.03	1.33	20.862172	21.936277	21.391155	0.546450
8.36	22.15	19.88	21.38	3.03	1.33	20.864071	21.934959	21.391349	0.546408
8.37	22.14	19.89	21.38	3.03	1.33	20.865974	21.933645	21.391548	0.546366
8.37	22.14	19.90	21.39	3.03	1.33	20.867883	21.932335	21.391752	0.546324
8.37	22.14	19.91	21.40	3.03	1.32	20.869797	21.931030	21.391960	0.546282
8.38	22.14	19.92	21.41	3.03	1.32	20.871716	21.929728	21.392173	0.546240
8.38	22.14	19.92	21.42	3.03	1.32	20.873640	21.928431	21.392390	0.546197
8.38	22.13	19.93	21.43	3.03	1.32	20.875569	21.927138	21.392612	0.546154
8.38	22.13	19.94	21.44	3.03	1.32	20.877503	21.925849	21.392839	0.546112
8.39	22.13	19.95	21.45	3.03	1.32	20.879442	21.924564	21.393070	0.546069
8.39	22.13	19.96	21.46	3.03	1.32	20.881386	21.923283	21.393306	0.546026
8.39	22.13	19.96	21.47	3.03	1.32	20.883335	21.922006	21.393546	0.545983
8.39	22.13	19.97	21.48	3.03	1.32	20.885289	21.920734	21.393791	0.545940
8.40	22.12	19.98	21.49	3.03	1.31	20.887248	21.919465	21.394041	0.545897
8.40	22.12	19.99	21.49	3.03	1.31	20.889213	21.918201	21.394295	0.545853
8.40	22.12	20.00	21.50	3.03	1.31	20.891182	21.916941	21.394553	0.545810
8.41	22.12	20.00	21.51	3.03	1.31	20.893156	21.915685	21.394816	0.545766
8.41	22.12	20.01	21.52	3.03	1.31	20.895136	21.914433	21.395084	0.545723
8.41	22.12	20.02	21.53	3.03	1.31	20.897120	21.913185	21.395356	0.545679
8.41	22.11	20.03	21.54	3.03	1.31	20.899109	21.911942	21.395633	0.545635
8.42	22.11	20.04	21.55	3.03	1.31	20.901104	21.910702	21.395915	0.545591
8.42	22.11	20.04	21.56	3.03	1.30	20.903103	21.909467	21.396201	0.545547
8.42	22.11	20.05	21.57	3.03	1.30	20.905108	21.908236	21.396492	0.545503
8.43	22.11	20.06	21.58	3.03	1.30	20.907117	21.907009	21.396787	0.545459
8.43	22.10	20.07	21.59	3.03	1.30	20.909132	21.905786	21.397087	0.545414
8.43	22.10	20.08	21.60	3.03	1.30	20.911151	21.904568	21.397391	0.545370
8.43	22.10	20.08	21.60	3.03	1.30	20.913176	21.903353	21.397700	0.545325
8.44	22.10	20.09	21.61	3.03	1.30	20.915206	21.902143	21.398014	0.545280
8.44	22.10	20.10	21.62	3.03	1.30	20.917240	21.900937	21.398332	0.545236
8.44	22.10	20.11	21.63	3.03	1.30	20.919280	21.899735	21.398654	0.545191
8.44	22.09	20.12	21.64	3.03	1.29	20.921325	21.898537	21.398982	0.545145
8.45	22.09	20.13	21.65	3.03	1.29	20.923374	21.897343	21.399313	0.545100
8.45	22.09	20.13	21.66	3.03	1.29	20.925429	21.896154	21.399650	0.545055
8.45	22.09	20.14	21.67	3.03	1.29	20.927489	21.894968	21.399991	0.545009
8.46	22.09	20.15	21.68	3.03	1.29	20.929553	21.893787	21.400336	0.544964
8.46	22.09	20.16	21.69	3.03	1.29	20.931623	21.892610	21.400687	0.544918
8.46	22.08	20.17	21.70	3.03	1.29	20.933698	21.891437	21.401041	0.544872
8.46	22.08	20.17	21.71	3.03	1.29	20.935778	21.890268	21.401400	0.544826
8.47	22.08	20.18	21.72	3.03	1.29	20.937862	21.889103	21.401764	0.544780
8.47	22.08	20.19	21.73	3.03	1.28	20.939952	21.887943	21.402133	0.544734
8.47	22.08	20.20	21.73	3.03	1.28	20.942047	21.886787	21.402506	0.544688
8.47	22.08	20.21	21.74	3.03	1.28	20.944147	21.885634	21.402883	0.544642
8.48	22.07	20.21	21.75	3.03	1.28	20.946251	21.884486	21.403265	0.544595
8.48	22.07	20.22	21.76	3.03	1.28	20.948361	21.883343	21.403652	0.544548
8.48	22.07	20.23	21.77	3.03	1.28	20.950476	21.882203	21.404043	0.544501
8.49	22.07	20.24	21.78	3.03	1.28	20.952596	21.881067	21.404439	0.544455
8.49	22.07	20.25	21.79	3.03	1.28	20.954721	21.879936	21.404840	0.544408
8.49	22.07	20.26	21.80	3.03	1.27	20.956850	21.878809	21.405245	0.544360
8.49	22.06	20.26	21.81	3.03	1.27	20.958985	21.877686	21.405654	0.544313
8.50	22.06	20.27	21.82	3.03	1.27	20.961125	21.876567	21.406068	0.544266
8.50	22.06	20.28	21.83	3.03	1.27	20.963270	21.875452	21.406487	0.544218
8.50	22.06	20.29	21.84	3.03	1.27	20.965420	21.874342	21.406910	0.544170
8.51	22.06	20.30	21.85	3.03	1.27	20.967574	21.873235	21.407338	0.544122
8.51	22.06	20.31	21.86	3.03	1.27	20.969734	21.872133	21.407771	0.544074
8.51	22.05	20.31	21.87	3.03	1.27	20.971899	21.871035	21.408207	0.544026
8.51	22.05	20.32	21.87	3.03	1.26	20.974069	21.869941	21.408649	0.543978
8.52	22.05	20.33	21.88	3.03	1.26	20.976243	21.868851	21.409095	0.543930
8.52	22.05	20.34	21.89	3.03	1.26	20.978423	21.867766	21.409546	0.543881
8.52	22.05	20.35	21.90	3.03	1.26	20.980608	21.866684	21.410001	0.543833
8.53	22.05	20.35	21.91	3.03	1.26	20.982797	21.865607	21.410461	0.543784
8.53	22.05	20.36	21.92	3.03	1.26	20.984992	21.864534	21.410925	0.543735
8.53	22.04	20.37	21.93	3.03	1.26	20.987192	21.863465	21.411394	0.543686
8.53	22.04	20.38	21.94	3.03	1.26	20.989396	21.862401	21.411868	0.543636
8.54	22.04	20.39	21.95	3.03	1.25	20.991606	21.861340	21.412346	0.543587
8.54	22.04	20.40	21.96	3.03	1.25	20.993821	21.860284	21.412828	0.543538
8.54	22.04	20.40	21.97	3.03	1.25	20.996040	21.859232	21.413315	0.543488
8.54	22.04	20.41	21.98	3.03	1.25	20.998265	21.858184	21.413807	0.543438
8.55	22.03	20.42	21.99	3.03	1.25	21.000494	21.857140	21.414303	0.543388
8.55	22.03	20.43	22.00	3.03	1.25	21.002729	21.856100	21.414804	0.543338
8.55	22.03	20.44	22.01	3.03	1.25	21.004968	21.855065	21.415310	0.543288
8.56	22.03	20.45	22.02	3.03	1.25	21.007213	21.854033	21.415820	0.543237
8.56	22.03	20.45	22.02	3.03	1.24	21.009462	21.853006	21.416334	0.543187
8.56	22.03	20.46	22.03	3.03	1.24	21.011717	21.851983	21.416853	0.543136
8.56	22.03	20.47	22.04	3.03	1.24	21.013976	21.850964	21.417377	0.543085
8.57	22.02	20.48	22.05	3.03	1.24	21.016240	21.849950	21.417905	0.543034
8.57	22.02	20.49	22.06	3.03	1.24	21.018510	21.848939	21.418438	0.542983
8.57	22.02	20.50	22.07	3.03	1.24	21.020784	21.847933	21.418976	0.542932
8.57	22.02	20.50	22.08	3.03	1.24	21.023063	21.846931	21.419517	0.542880
8.58	22.02	20.51	22.09	3.03	1.23	21.025347	21.845933	21.420064	0.542829
8.58	22.02	20.52	22.10	3.03	1.23	21.027636	21.844939	21.420615	0.542777
8.58	22.01	20.53	22.11	3.03	1.23	21.029930	21.843950	21.421171	0.542725
8.59	22.01	20.54	22.12	3.03	1.23	21.032230	21.842964	21.421731	0.542673
8.59	22.01	20.55	22.13	3.03	1.23	21.034534	21.841983	21.422295	0.542621
8.59	22.01	20.55	22.14	3.03	1.23	21.036843	21.841006	21.422865	0.542568
8.59	22.01	20.56	22.15	3.03	1.23	21.039156	21.840033	21.423439	0.542516
8.60	22.01	20.57	22.16	3.03	1.23	21.041475	21.839065	21.424017	0.542463
8.60	22.01	20.58	22.17	3.03	1.22	21.043799	21.838100	21.424600	0.542410
8.60	22.00	20.59	22.18	3.03	1.22	21.046128	21.837140	21.425187	0.542357
8.61	22.00	20.60	22.19	3.03	1.22	21.048462	21.836184	21.425779	0.542303
8.61	22.00	20.60	22.20	3.03	1.22	21.050800	21.835232	21.426376	0.542250
8.61	22.00	20.61	22.20	3.03	1.22	21.053144	21.834284	21.426977	0.542196
8.61	22.00	20.62	22.21	3.03	1.22	21.055493	21.833340	21.427583	0.542143
8.62	22.00	20.63	22.22	3.03	1.22	21.057846	21.832401	21.428193	0.542089
8.62	22.00	20.64	22.23	3.03	1.21	21.060205	21.831466	21.428808	0.542034
8.62	21.99	20.65	22.24	3.03	1.21	21.062568	21.830535	21.429427	0.541980
8.62	21.99	20.66	22.25	3.03	1.21	21.064936	21.829608	21.430051	0.541926
8.63	21.99	20.66	22.26	3.03	1.21	21.067310	21.828685	21.430680	0.541871
8.63	21.99	20.67	22.27	3.03	1.21	21.069688	21.827767	21.431313	0.541816
8.63	21.99	20.68	22.28	3.03	1.21	21.072071	21.826852	21.431950	0.541761
8.64	21.99	20.69	22.29	3.03	1.21	21.074459	21.825942	21.432592	0.541706
8.64	21.99	20.70	22.30	3.03	1.20	21.076852	21.825036	21.433239	0.541650
8.64	21.98	20.71	22.31	3.03	1.20	21.079250	21.824135	21.433890	0.541595
8.64	21.98	20.71	22.32	3.03	1.20	21.081653	21.823237	21.434546	0.541539
8.65	21.98	20.72	22.33	3.03	1.20	21.084061	21.822344	21.435206	0.541483
8.65	21.98	20.73	22.34	3.03	1.20	21.086474	21.821455	21.435871	0.541427
8.65	21.98	20.74	22.35	3.03	1.20	21.088892	21.820570	21.436540	0.541370
8.66	21.98	20.75	22.36	3.03	1.20	21.091314	21.819689	21.437214	0.541314
8.66	21.98	20.76	22.37	3.03	1.19	21.093742	21.818812	21.437893	0.541257
8.66	21.97	20.77	22.38	3.03	1.19	21.096174	21.817940	21.438576	0.541200
8.66	21.97	20.77	22.39	3.03	1.19	21.098612	21.817072	21.439263	0.541143
8.67	21.97	20.78	22.40	3.03	1.19	21.101054	21.816208	21.439955	0.541085
8.67	21.97	20.79	22.41	3.03	1.19	21.103501	21.815348	21.440652	0.541028
8.67	21.97	20.80	22.42	3.03	1.19	21.105954	21.814492	21.441353	0.540970
8.68	21.97	20.81	22.42	3.03	1.18	21.108411	21.813641	21.442059	0.540912
8.68	21.97	20.82	22.43	3.03	1.18	21.110873	21.812793	21.442769	0.540854
8.68	21.96	20.83	22.44	3.03	1.18	21.113340	21.811950	21.443484	0.540795
8.68	21.96	20.83	22.45	3.03	1.18	21.115812	21.811111	21.444203	0.540736
8.69	21.96	20.84	22.46	3.03	1.18	21.118288	21.810277	21.444927	0.540678
8.69	21.96	20.85	22.47	3.03	1.18	21.120770	21.809446	21.445656	0.540619
8.69	21.96	20.86	22.48	3.03	1.18	21.123257	21.808620	21.446389	0.540559
8.69	21.96	20.87	22.49	3.03	1.17	21.125748	21.807798	21.447126	0.540500
8.70	21.96	20.88	22.50	3.03	1.17	21.128245	21.806980	21.447868	0.540440
8.70	21.95	20.89	22.51	3.03	1.17	21.130746	21.806166	21.448615	0.540380
8.70	21.95	20.89	22.52	3.03	1.17	21.133252	21.805356	21.449366	0.540320
8.71	21.95	20.90	22.53	3.03	1.17	21.135763	21.804551	21.450122	0.540259
8.71	21.95	20.91	22.54	3.03	1.17	21.138280	21.803750	21.450882	0.540199
8.71	21.95	20.92	22.55	3.03	1.16	21.140800	21.802953	21.451647	0.540138
8.71	21.95	20.93	22.56	3.03	1.16	21.143326	21.802160	21.452416	0.540077
8.72	21.95	20.94	22.57	3.03	1.16	21.145857	21.801372	21.453190	0.540015
8.72	21.95	20.95	22.58	3.03	1.16	21.148393	21.800587	21.453968	0.539954
8.72	21.94	20.95	22.59	3.03	1.16	21.150933	21.799807	21.454751	0.539892
8.72	21.94	20.96	22.60	3.03	1.16	21.153479	21.799031	21.455538	0.539830
8.73	21.94	20.97	22.61	3.03	1.15	21.156029	21.798259	21.456330	0.539768
8.73	21.94	20.98	22.62	3.03	1.15	21.158584	21.797492	21.457126	0.539705
8.73	21.94	20.99	22.63	3.03	1.15	21.161145	21.796728	21.457927	0.539642
8.74	21.94	21.00	22.64	3.03	1.15	21.163710	21.795969	21.458733	0.539579
8.74	21.94	21.01	22.65	3.03	1.15	21.166280	21.795214	21.459543	0.539516
8.74	21.94	21.01	22.66	3.03	1.15	21.168854	21.794463	21.460358	0.539452
8.74	21.93	21.02	22.67	3.03	1.15	21.171434	21.793716	21.461177	0.539388
8.75	21.93	21.03	22.68	3.03	1.14	21.174019	21.792974	21.462000	0.539324
8.75	21.93	21.04	22.69	3.03	1.14	21.176608	21.792236	21.462828	0.539260
8.75	21.93	21.05	22.70	3.03	1.14	21.179203	21.791502	21.463661	0.539195
8.76	21.93	21.06	22.71	3.03	1.14	21.181802	21.790772	21.464498	0.539131
8.76	21.93	21.07	22.71	3.03	1.14	21.184406	21.790046	21.465340	0.539065
8.76	21.93	21.08	22.72	3.03	1.13	21.187015	21.789325	21.466186	0.539000
8.76	21.93	21.08	22.73	3.03	1.13	21.189629	21.788607	21.467037	0.538934
8.77	21.92	21.09	22.74	3.03	1.13	21.192248	21.787894	21.467892	0.538868
8.77	21.92	21.10	22.75	3.03	1.13	21.194871	21.787185	21.468752	0.538802
8.77	21.92	21.11	22.76	3.03	1.13	21.197500	21.786481	21.469616	0.538735
8.78	21.92	21.12	22.77	3.03	1.13	21.200133	21.785780	21.470485	0.538669
8.78	21.92	21.13	22.78	3.03	1.12	21.202772	21.785084	21.471358	0.538601
8.78	21.92	21.14	22.79	3.03	1.12	21.205415	21.784392	21.472236	0.538534
8.78	21.92	21.14	22.80	3.03	1.12	21.208063	21.783704	21.473118	0.538466
8.79	21.92	21.15	22.81	3.03	1.12	21.210716	21.783020	21.474005	0.538398
8.79	21.91	21.16	22.82	3.03	1.12	21.213374	21.782341	21.474897	0.538330
8.79	21.91	21.17	22.83	3.03	1.12	21.216036	21.781665	21.475793	0.538261
8.79	21.91	21.18	22.84	3.03	1.11	21.218704	21.780994	21.476693	0.538192
8.80	21.91	21.19	22.85	3.03	1.11	21.221376	21.780327	21.477598	0.538123
8.80	21.91	21.20	22.86	3.03	1.11	21.224053	21.779665	21.478507	0.538053
8.80	21.91	21.21	22.87	3.03	1.11	21.226735	21.779006	21.479421	0.537984
8.81	21.91	21.21	22.88	3.03	1.11	21.229422	21.778352	21.480340	0.537913
8.81	21.91	21.22	22.89	3.03	1.10	21.232114	21.777702	21.481263	0.537843
8.81	21.91	21.23	22.90	3.03	1.10	21.234811	21.777056	21.482190	0.537772
8.81	21.90	21.24	22.91	3.03	1.10	21.237513	21.776414	21.483122	0.537701
8.82	21.90	21.25	22.92	3.03	1.10	21.240219	21.775777	21.484059	0.537629
8.82	21.90	21.26	22.93	3.03	1.10	21.242930	21.775143	21.485000	0.537557
8.82	21.90	21.27	22.94	3.03	1.10	21.245646	21.774514	21.485945	0.537485
8.82	21.90	21.28	22.95	3.03	1.09	21.248367	21.773889	21.486895	0.537413
8.83	21.90	21.28	22.96	3.03	1.09	21.251093	21.773268	21.487850	0.537340
8.83	21.90	21.29	22.97	3.03	1.09	21.253824	21.772652	21.488809	0.537266
8.83	21.90	21.30	22.98	3.03	1.09	21.256559	21.772040	21.489773	0.537193
8.84	21.89	21.31	22.99	3.03	1.09	21.259300	21.771431	21.490741	0.537119
8.84	21.89	21.32	23.00	3.03	1.08	21.262045	21.770828	21.491713	0.537044
8.84	21.89	21.33	23.01	3.03	1.08	21.264795	21.770228	21.492690	0.536970
8.84	21.89	21.34	23.02	3.03	1.08	21.267550	21.769632	21.493672	0.536894
8.85	21.89	21.35	23.03	3.03	1.08	21.270310	21.769041	21.494658	0.536819
8.85	21.89	21.36	23.04	3.03	1.08	21.273074	21.768454	21.495648	0.536743
8.85	21.89	21.36	23.05	3.03	1.07	21.275844	21.767871	21.496643	0.536667
8.86	21.89	21.37	23.06	3.03	1.07	21.278618	21.767292	21.497643	0.536590
8.86	21.89	21.38	23.07	3.03	1.07	21.281397	21.766717	21.498647	0.536513
8.86	21.88	21.39	23.08	3.03	1.07	21.284181	21.766147	21.499655	0.536435
8.86	21.88	21.40	23.09	3.03	1.07	21.286970	21.765581	21.500668	0.536358
8.87	21.88	21.41	23.10	3.03	1.06	21.289763	21.765019	21.501686	0.536279
8.87	21.88	21.42	23.11	3.03	1.06	21.292562	21.764461	21.502708	0.536201
8.87	21.88	21.43	23.12	3.03	1.06	21.295365	21.763908	21.503734	0.536121
8.88	21.88	21.43	23.13	3.03	1.06	21.298173	21.763358	21.504765	0.536042
8.88	21.88	21.44	23.14	3.03	1.06	21.300986	21.762813	21.505800	0.535962
8.88	21.88	21.45	23.15	3.03	1.05	21.303804	21.762272	21.506840	0.535881
8.88	21.88	21.46	23.16	3.03	1.05	21.306627	21.761735	21.507885	0.535800
8.89	21.88	21.47	23.17	3.03	1.05	21.309454	21.761203	21.508934	0.535719
8.89	21.87	21.48	23.18	3.03	1.05	21.312286	21.760674	21.509987	0.535637
8.89	21.87	21.49	23.19	3.03	1.05	21.315123	21.760150	21.511045	0.535555
8.89	21.87	21.50	23.20	3.03	1.04	21.317965	21.759630	21.512107	0.535472
8.90	21.87	21.51	23.21	3.03	1.04	21.320812	21.759114	21.513174	0.535389
8.90	21.87	21.51	23.22	3.03	1.04	21.323664	21.758603	21.514245	0.535305
8.90	21.87	21.52	23.23	3.03	1.04	21.326520	21.758095	21.515321	0.535221
8.91	21.87	21.53	23.24	3.03	1.03	21.329381	21.757592	21.516401	0.535136
8.91	21.87	21.54	23.25	3.03	1.03	21.332247	21.757093	21.517486	0.535051
8.91	21.87	21.55	23.26	3.03	1.03	21.335118	21.756598	21.518575	0.534965
8.91	21.86	21.56	23.27	3.03	1.03	21.337994	21.756108	21.519669	0.534879
8.92	21.86	21.57	23.28	3.03	1.03	21.340874	21.755621	21.520767	0.534792
8.92	21.86	21.58	23.29	3.03	1.02	21.343759	21.755139	21.521870	0.534705
8.92	21.86	21.59	23.30	3.03	1.02	21.346649	21.754661	21.522977	0.534617
8.93	21.86	21.60	23.31	3.03	1.02	21.349544	21.754187	21.524089	0.534529
8.93	21.86	21.60	23.31	3.03	1.02	21.352444	21.753717	21.525205	0.534440
8.93	21.86	21.61	23.32	3.03	1.01	21.355349	21.753252	21.526325	0.534350
8.93	21.86	21.62	23.33	3.03	1.01	21.358258	21.752791	21.527450	0.534260
8.94	21.86	21.63	23.34	3.03	1.01	21.361172	21.752334	21.528579	0.534169
8.94	21.86	21.64	23.35	3.03	1.01	21.364091	21.751881	21.529713	0.534078
8.94	21.85	21.65	23.36	3.03	1.00	21.367015	21.751432	21.530852	0.533986
8.94	21.85	21.66	23.37	3.03	1.00	21.369943	21.750987	21.531995	0.533894
8.95	21.85	21.67	23.38	3.03	1.00	21.372877	21.750547	21.533142	0.533801
8.95	21.85	21.68	23.39	3.03	1.00	21.375815	21.750111	21.534294	0.533707
8.95	21.85	21.68	23.40	3.03	0.99	21.378758	21.749679	21.535450	0.533613
8.96	21.85	21.69	23.41	3.03	0.99	21.381706	21.749251	21.536610	0.533518
8.96	21.85	21.70	23.42	3.03	0.99	21.384658	21.748828	21.537776	0.533422
8.96	21.85	21.71	23.43	3.03	0.99	21.387615	21.748408	21.538945	0.533325
8.96	21.85	21.72	23.44	3.03	0.98	21.390578	21.747993	21.540119	0.533228
8.97	21.85	21.73	23.45	3.03	0.98	21.393545	21.747582	21.541298	0.533131
8.97	21.85	21.74	23.46	3.03	0.98	21.396516	21.747176	21.542481	0.533032
8.97	21.84	21.75	23.47	3.03	0.98	21.399493	21.746773	21.543668	0.532933
8.97	21.84	21.76	23.48	3.03	0.97	21.402474	21.746374	21.544860	0.532833
8.98	21.84	21.77	23.49	3.03	0.97	21.405460	21.745980	21.546056	0.532733
8.98	21.84	21.77	23.50	3.03	0.97	21.408451	21.745590	21.547257	0.532631
8.98	21.84	21.78	23.51	3.03	0.97	21.411447	21.745204	21.548462	0.532529
8.99	21.84	21.79	23.52	3.03	0.96	21.414447	21.744823	21.549672	0.532426
8.99	21.84	21.80	23.53	3.03	0.96	21.417453	21.744445	21.550886	0.532322
8.99	21.84	21.81	23.54	3.03	0.96	21.420463	21.744072	21.552104	0.532218
8.99	21.84	21.82	23.55	3.03	0.96	21.423478	21.743703	21.553327	0.532113
9.00	21.84	21.83	23.56	3.03	0.95	21.426497	21.743338	21.554554	0.532006
9.00	21.84	21.84	23.57	3.03	0.95	21.429522	21.742977	21.555786	0.531899
9.00	21.83	21.85	23.58	3.03	0.95	21.432551	21.742621	21.557022	0.531791
9.01	21.83	21.86	23.59	3.03	0.94	21.435585	21.742268	21.558263	0.531683
9.01	21.83	21.87	23.60	3.03	0.94	21.438624	21.741920	21.559508	0.531573
9.01	21.83	21.87	23.61	3.03	0.94	21.441667	21.741576	21.560758	0.531462
9.01	21.83	21.88	23.63	3.03	0.94	21.444716	21.741236	21.562012	0.531351
9.02	21.83	21.89	23.64	3.03	0.93	21.447769	21.740901	21.563270	0.531238
9.02	21.83	21.90	23.65	3.03	0.93	21.450827	21.740569	21.564533	0.531125
9.02	21.83	21.91	23.66	3.03	0.93	21.453889	21.740242	21.565800	0.531010
9.03	21.83	21.92	23.67	3.03	0.92	21.456957	21.739919	21.567072	0.530895
9.03	21.83	21.93	23.68	3.03	0.92	21.460029	21.739600	21.568348	0.530778
9.03	21.83	21.94	23.69	3.03	0.92	21.463106	21.739285	21.569628	0.530660
9.03	21.83	21.95	23.70	3.03	0.91	21.466188	21.738975	21.570913	0.530542
9.04	21.82	21.96	23.71	3.03	0.91	21.469275	21.738668	21.572203	0.530422
9.04	21.82	21.97	23.72	3.03	0.91	21.472366	21.738366	21.573496	0.530301
9.04	21.82	21.97	23.73	3.03	0.91	21.475462	21.738068	21.574794	0.530179
9.04	21.82	21.98	23.74	3.03	0.90	21.478563	21.737774	21.576097	0.530055
9.05	21.82	21.99	23.75	3.03	0.90	21.481669	21.737485	21.577404	0.529931
9.05	21.82	22.00	23.76	3.03	0.90	21.484779	21.737199	21.578715	0.529805
9.05	21.82	22.01	23.77	3.03	0.89	21.487895	21.736918	21.580031	0.529678
9.06	21.82	22.02	23.78	3.03	0.89	21.491015	21.736641	21.581351	0.529550
9.06	21.82	22.03	23.79	3.03	0.89	21.494140	21.736368	21.582676	0.529420
9.06	21.82	22.04	23.80	3.03	0.88	21.497269	21.736099	21.584005	0.529289
9.06	21.82	22.05	23.81	3.03	0.88	21.500403	21.735834	21.585338	0.529156
9.07	21.82	22.06	23.82	3.03	0.88	21.503543	21.735574	21.586676	0.529023
9.07	21.81	22.07	23.83	3.03	0.87	21.506687	21.735318	21.588018	0.528887
9.07	21.81	22.07	23.84	3.03	0.87	21.509835	21.735066	21.589365	0.528750
9.07	21.81	22.08	23.85	3.03	0.86	21.512989	21.734818	21.590716	0.528612
9.08	21.81	22.09	23.86	3.03	0.86	21.516147	21.734574	21.592071	0.528472
9.08	21.81	22.10	23.87	3.03	0.86	21.519310	21.734334	21.593431	0.528330
9.08	21.81	22.11	23.88	3.03	0.85	21.522478	21.734099	21.594795	0.528187
9.09	21.81	22.12	23.89	3.03	0.85	21.525650	21.733868	21.596163	0.528042
9.09	21.81	22.13	23.90	3.03	0.85	21.528828	21.733641	21.597536	0.527895
9.09	21.81	22.14	23.91	3.03	0.84	21.532010	21.733418	21.598913	0.527746
9.09	21.81	22.15	23.92	3.03	0.84	21.535197	21.733199	21.600295	0.527596
9.10	21.81	22.16	23.93	3.03	0.83	21.538388	21.732984	21.601681	0.527443
9.10	21.81	22.17	23.94	3.03	0.83	21.541585	21.732774	21.603071	0.527289
9.10	21.81	22.18	23.95	3.03	0.83	21.544786	21.732568	21.604465	0.527132
9.11	21.81	22.18	23.96	3.03	0.82	21.547992	21.732366	21.605864	0.526973
9.11	21.80	22.19	23.97	3.03	0.82	21.551203	21.732168	21.607268	0.526812
9.11	21.80	22.20	23.98	3.03	0.81	21.554418	21.731974	21.608676	0.526649
9.11	21.80	22.21	23.99	3.03	0.81	21.557639	21.731784	21.610088	0.526484
9.12	21.80	22.22	24.00	3.03	0.81	21.560864	21.731599	21.611504	0.526316
9.12	21.80	22.23	24.01	3.03	0.80	21.564094	21.731417	21.612925	0.526145
9.12	21.80	22.24	24.02	3.03	0.80	21.567329	21.731240	21.614350	0.525972
9.12	21.80	22.25	24.03	3.03	0.79	21.570568	21.731067	21.615779	0.525796
9.13	21.80	22.26	24.04	3.03	0.79	21.573812	21.730899	21.617213	0.525618
9.13	21.80	22.27	24.05	3.03	0.78	21.577061	21.730734	21.618651	0.525436
9.13	21.80	22.28	24.06	3.03	0.78	21.580315	21.730573	21.620093	0.525252
9.14	21.80	22.29	24.07	3.03	0.77	21.583574	21.730417	21.621540	0.525064
9.14	21.80	22.30	24.08	3.03	0.77	21.586837	21.730265	21.622991	0.524873
9.14	21.80	22.30	24.09	3.03	0.76	21.590106	21.730117	21.624446	0.524679
9.14	21.80	22.31	24.10	3.03	0.76	21.593379	21.729973	21.625906	0.524481
9.15	21.79	22.32	24.11	3.03	0.75	21.596657	21.729833	21.627370	0.524279
9.15	21.79	22.33	24.12	3.03	0.75	21.599939	21.729697	21.628838	0.524074
9.15	21.79	22.34	24.13	3.03	0.74	21.603227	21.729566	21.630311	0.523865
9.16	21.79	22.35	24.14	3.03	0.74	21.606519	21.729439	21.631788	0.523651
9.16	21.79	22.36	24.15	3.03	0.73	21.609816	21.729316	21.633269	0.523433
9.16	21.79	22.37	24.16	3.03	0.73	21.613118	21.729197	21.634754	0.523210
9.16	21.79	22.38	24.17	3.03	0.72	21.616425	21.729082	21.636244	0.522982
9.17	21.79	22.39	24.18	3.03	0.71	21.619737	21.728971	21.637737	0.522749
9.17	21.79	22.40	24.19	3.03	0.71	21.623053	21.728865	21.639236	0.522511
9.17	21.79	22.41	24.20	3.03	0.70	21.626375	21.728762	21.640738	0.522266
9.18	21.79	22.42	24.21	3.03	0.69	21.629701	21.728664	21.642245	0.522016
9.18	21.79	22.43	24.22	3.03	0.69	21.633032	21.728570	21.643755	0.521759
9.18	21.79	22.43	24.23	3.03	0.68	21.636368	21.728480	21.645270	0.521496
9.18	21.79	22.44	24.24	3.03	0.67	21.639709	21.728394	21.646790	0.521224
9.19	21.79	22.45	24.25	3.03	0.67	21.643054	21.728313	21.648313	0.520946
9.19	21.79	22.46	24.26	3.03	0.66	21.646405	21.728235	21.649841	0.520658
9.19	21.78	22.47	24.27	3.03	0.65	21.649761	21.728162	21.651372	0.520362
9.19	21.78	22.48	24.29	3.03	0.64	21.653121	21.728093	21.652908	0.520056
9.20	21.78	22.49	24.30	3.03	0.64	21.656486	21.728028	21.654449	0.519739
9.20	21.78	22.50	24.31	3.03	0.63	21.659857	21.727967	21.655993	0.519411
9.20	21.78	22.51	24.32	3.03	0.62	21.663232	21.727910	21.657541	0.519071
9.21	21.78	22.52	24.33	3.03	0.61	21.666612	21.727858	21.659093	0.518717
9.21	21.78	22.53	24.34	3.03	0.60	21.669998	21.727810	21.660650	0.518348
9.21	21.78	22.54	24.35	3.03	0.59	21.673388	21.727766	21.662211	0.517963
9.21	21.78	22.55	24.36	3.03	0.58	21.676784	21.727726	21.663775	0.517559
9.22	21.78	22.56	24.37	3.03	0.57	21.680184	21.727690	21.665344	0.517135
9.22	21.78	22.57	24.38	3.03	0.56	21.683590	21.727659	21.666916	0.516688
9.22	21.78	22.57	24.39	3.03	0.55	21.687001	21.727632	21.668493	0.516214
9.22	21.78	22.58	24.40	3.03	0.53	21.690417	21.727609	21.670073	0.515710
9.23	21.78	22.59	24.41	3.03	0.52	21.693839	21.727590	21.671657	0.515170
9.23	21.78	22.60	24.42	3.03	0.50	21.697266	21.727576	21.673245	0.514588
9.23	21.78	22.61	24.43	3.04	0.49	21.700698	21.727566	21.674836	0.513956
9.24	21.78	22.62	24.44	3.04	0.48	21.704136	21.727561	21.676432	0.513539
9.24	21.78	22.63	24.45	3.04	0.48	21.707576	21.727557	21.678032	0.513541
9.24	21.77	22.64	24.46	3.04	0.48	21.711018	21.727555	21.679637	0.513543
9.24	21.77	22.65	24.47	3.04	0.48	21.714465	21.727557	21.681246	0.513545
9.25	21.77	22.66	24.48	3.04	0.48	21.717916	21.727562	21.682861	0.513547
9.25	21.77	22.67	24.49	3.04	0.48	21.721372	21.727571	21.684481	0.513549
9.25	21.77	22.68	24.50	3.04	0.48	21.724831	21.727583	21.686105	0.513551
9.26	21.77	22.69	24.51	3.04	0.48	21.728296	21.727598	21.687734	0.513553
9.26	21.77	22.70	24.52	3.04	0.48	21.731765	21.727617	21.689368	0.513556
9.26	21.77	22.71	24.53	3.04	0.48	21.735238	21.727640	21.691006	0.513558
9.26	21.77	22.72	24.54	3.04	0.48	21.738716	21.727666	21.692650	0.513560
9.27	21.77	22.72	24.55	3.04	0.48	21.742199	21.727697	21.694298	0.513562
9.27	21.77	22.73	24.56	3.04	0.48	21.745686	21.727731	21.695951	0.513564
9.27	21.77	22.74	24.57	3.04	0.48	21.749178	21.727768	21.697608	0.513566
9.28	21.77	22.75	24.58	3.04	0.48	21.752674	21.727810	21.699270	0.513590
9.28	21.77	22.76	24.59	3.04	0.49	21.756172	21.727854	21.700938	0.514264
9.28	21.77	22.77	24.60	3.04	0.51	21.759671	21.727900	21.702611	0.514879
9.28	21.77	22.78	24.61	3.04	0.52	21.763173	21.727950	21.704291	0.515449
9.29	21.77	22.79	24.62	3.04	0.54	21.766679	21.728003	21.705976	0.515979
9.29	21.77	22.80	24.64	3.04	0.55	21.770190	21.728060	21.707666	0.516475
9.29	21.77	22.81	24.65	3.04	0.56	21.773704	21.728121	21.709362	0.516944
9.29	21.77	22.82	24.66	3.04	0.57	21.777223	21.728186	21.711064	0.517387
9.30	21.77	22.83	24.67	3.04	0.58	21.780746	21.728255	21.712770	0.517808
9.30	21.76	22.84	24.68	3.04	0.59	21.784274	21.728328	21.714482	0.518209
9.30	21.76	22.85	24.69	3.04	0.60	21.787806	21.728406	21.716199	0.518593
9.31	21.76	22.86	24.70	3.04	0.61	21.791342	21.728487	21.717921	0.518962
9.31	21.76	22.87	24.71	3.04	0.62	21.794883	21.728573	21.719648	0.519315
9.31	21.76	22.88	24.72	3.04	0.63	21.798429	21.728663	21.721380	0.519656
9.31	21.76	22.89	24.73	3.04	0.64	21.801979	21.728757	21.723117	0.519985
9.32	21.76	22.89	24.74	3.04	0.65	21.805534	21.728856	21.724859	0.520303
9.32	21.76	22.90	24.75	3.04	0.66	21.809093	21.728959	21.726605	0.520611
9.32	21.76	22.91	24.76	3.04	0.66	21.812657	21.729067	21.728357	0.520909
9.32	21.76	22.92	24.77	3.04	0.67	21.816225	21.729178	21.730113	0.521198
9.33	21.76	22.93	24.78	3.04	0.68	21.819797	21.729295	21.731874	0.521479
9.33	21.76	22.94	24.79	3.04	0.68	21.823374	21.729415	21.733640	0.521753
9.33	21.76	22.95	24.80	3.04	0.69	21.826956	21.729540	21.735411	0.522020
9.34	21.76	22.96	24.81	3.04	0.70	21.830542	21.729670	21.737186	0.522279
9.34	21.76	22.97	24.82	3.04	0.70	21.834133	21.729803	21.738966	0.522533
9.34	21.76	22.98	24.83	3.04	0.71	21.837728	21.729942	21.740750	0.522780
9.34	21.76	22.99	24.84	3.04	0.72	21.841327	21.730084	21.742539	0.523022
9.35	21.76	23.00	24.85	3.04	0.72	21.844931	21.730231	21.744333	0.523258
9.35	21.76	23.01	24.86	3.04	0.73	21.848540	21.730383	21.746131	0.523490
9.35	21.76	23.02	24.87	3.04	0.73	21.852153	21.730539	21.747934	0.523716
9.36	21.76	23.03	24.88	3.04	0.74	21.855770	21.730699	21.749742	0.523938
9.36	21.76	23.04	24.89	3.04	0.75	21.859392	21.730864	21.751554	0.524156
9.36	21.76	23.05	24.91	3.04	0.75	21.863018	21.731034	21.753370	0.524369
9.36	21.76	23.06	24.92	3.04	0.76	21.866649	21.731207	21.755192	0.524579
9.37	21.76	23.07	24.93	3.04	0.76	21.870284	21.731386	21.757017	0.524784
9.37	21.76	23.08	24.94	3.04	0.77	21.873923	21.731568	21.758847	0.524986
9.37	21.75	23.08	24.95	3.04	0.77	21.877567	21.731755	21.760682	0.525185
9.38	21.75	23.09	24.96	3.04	0.78	21.881215	21.731947	21.762521	0.525380
9.38	21.75	23.10	24.97	3.04	0.78	21.884868	21.732143	21.764365	0.525572
9.38	21.75	23.11	24.98	3.04	0.79	21.888524	21.732343	21.766213	0.525760
9.38	21.75	23.12	24.99	3.04	0.79	21.892186	21.732548	21.768065	0.525946
9.39	21.75	23.13	25.00	3.04	0.80	21.895851	21.732758	21.769922	0.526129
9.39	21.75	23.14	25.01	3.04	0.80	21.899521	21.732971	21.771784	0.526309
9.39	21.75	23.15	25.02	3.04	0.80	21.903196	21.733190	21.773650	0.526487
9.39	21.75	23.16	25.03	3.04	0.81	21.906875	21.733412	21.775520	0.526662
9.40	21.75	23.17	25.04	3.04	0.81	21.910558	21.733639	21.777395	0.526834
9.40	21.75	23.18	25.05	3.04	0.82	21.914245	21.733871	21.779274	0.527004
9.40	21.75	23.19	25.06	3.04	0.82	21.917937	21.734107	21.781157	0.527172
9.41	21.75	23.20	25.07	3.04	0.83	21.921633	21.734347	21.783045	0.527337
9.41	21.75	23.21	25.08	3.04	0.83	21.925333	21.734592	21.784938	0.527501
9.41	21.75	23.22	25.09	3.04	0.83	21.929038	21.734841	21.786834	0.527662
9.41	21.75	23.23	25.10	3.04	0.84	21.932747	21.735095	21.788736	0.527821
9.42	21.75	23.24	25.11	3.04	0.84	21.936460	21.735353	21.790641	0.527978
9.42	21.75	23.25	25.12	3.04	0.85	21.940178	21.735616	21.792551	0.528133
9.42	21.75	23.26	25.13	3.04	0.85	21.943900	21.735883	21.794465	0.528287
9.43	21.75	23.27	25.15	3.04	0.85	21.947626	21.736154	21.796384	0.528438
9.43	21.75	23.28	25.16	3.04	0.86	21.951356	21.736430	21.798307	0.528588
9.43	21.75	23.29	25.17	3.04	0.86	21.955091	21.736710	21.800234	0.528736
9.43	21.75	23.30	25.18	3.04	0.86	21.958830	21.736995	21.802166	0.528883
9.44	21.75	23.30	25.19	3.04	0.87	21.962573	21.737284	21.804102	0.529027
9.44	21.75	23.31	25.20	3.04	0.87	21.966321	21.737578	21.806042	0.529171
9.44	21.75	23.32	25.21	3.04	0.88	21.970072	21.737876	21.807987	0.529312
9.44	21.75	23.33	25.22	3.04	0.88	21.973828	21.738178	21.809936	0.529452
9.45	21.75	23.34	25.23	3.04	0.88	21.977589	21.738485	21.811890	0.529591
9.45	21.75	23.35	25.24	3.04	0.89	21.981353	21.738796	21.813847	0.529728
9.45	21.75	23.36	25.25	3.04	0.89	21.985122	21.739112	21.815809	0.529864
9.46	21.75	23.37	25.26	3.04	0.89	21.988895	21.739432	21.817776	0.529999
9.46	21.75	23.38	25.27	3.04	0.90	21.992672	21.739757	21.819747	0.530132
9.46	21.75	23.39	25.28	3.04	0.90	21.996453	21.740085	21.821722	0.530264
9.46	21.75	23.40	25.29	3.04	0.90	22.000239	21.740419	21.823701	0.530394
9.47	21.75	23.41	25.30	3.04	0.91	22.004029	21.740756	21.825685	0.530524
9.47	21.75	23.42	25.31	3.04	0.91	22.007823	21.741099	21.827673	0.530652
9.47	21.75	23.43	25.32	3.04	0.91	22.011621	21.741445	21.829665	0.530779
9.47	21.75	23.44	25.33	3.04	0.92	22.015424	21.741796	21.831662	0.530905
9.48	21.75	23.45	25.34	3.04	0.92	22.019230	21.742151	21.833663	0.531030
9.48	21.75	23.46	25.36	3.04	0.92	22.023041	21.742511	21.835668	0.531153
9.48	21.75	23.47	25.37	3.04	0.93	22.026856	21.742875	21.837677	0.531276
9.49	21.75	23.48	25.38	3.04	0.93	22.030675	21.743244	21.839691	0.531397
9.49	21.74	23.49	25.39	3.04	0.93	22.034499	21.743617	21.841709	0.531518
9.49	21.74	23.50	25.40	3.04	0.93	22.038326	21.743994	21.843732	0.531637
9.49	21.74	23.51	25.41	3.04	0.94	22.042158	21.744376	21.845759	0.531756
9.50	21.74	23.52	25.42	3.04	0.94	22.045994	21.744762	21.847790	0.531873
9.50	21.74	23.53	25.43	3.04	0.94	22.049834	21.745153	21.849825	0.531990
9.50	21.74	23.54	25.44	3.04	0.95	22.053678	21.745548	21.851864	0.532105
9.51	21.74	23.55	25.45	3.04	0.95	22.057527	21.745947	21.853908	0.532220
9.51	21.74	23.56	25.46	3.04	0.95	22.061379	21.746351	21.855956	0.532334
9.51	21.74	23.57	25.47	3.04	0.95	22.065236	21.746759	21.858009	0.532446
9.51	21.74	23.58	25.48	3.04	0.96	22.069097	21.747172	21.860066	0.532558
9.52	21.74	23.58	25.49	3.04	0.96	22.072962	21.747589	21.862127	0.532670
9.52	21.74	23.59	25.50	3.04	0.96	22.076831	21.748010	21.864192	0.532780
9.52	21.74	23.60	25.51	3.04	0.97	22.080704	21.748436	21.866261	0.532889
9.53	21.74	23.61	25.52	3.04	0.97	22.084582	21.748866	21.868335	0.532998
9.53	21.74	23.62	25.53	3.04	0.97	22.088463	21.749301	21.870413	0.533106
9.53	21.74	23.63	25.54	3.04	0.97	22.092349	21.749740	21.872496	0.533213
9.53	21.74	23.64	25.56	3.04	0.98	22.096239	21.750183	21.874582	0.533319
9.54	21.74	23.65	25.57	3.04	0.98	22.100133	21.750631	21.876673	0.533425
9.54	21.74	23.66	25.58	3.04	0.98	22.104031	21.751083	21.878768	0.533530
9.54	21.74	23.67	25.59	3.04	0.98	22.107933	21.751539	21.880867	0.533634
9.54	21.74	23.68	25.60	3.04	0.99	22.111839	21.752000	21.882971	0.533737
9.55	21.74	23.69	25.61	3.04	0.99	22.115750	21.752466	21.885079	0.533840
9.55	21.74	23.70	25.62	3.04	0.99	22.119664	21.752935	21.887191	0.533942
9.55	21.74	23.71	25.63	3.04	0.99	22.123583	21.753409	21.889308	0.534043
9.56	21.74	23.72	25.64	3.04	1.00	22.127505	21.753888	21.891428	0.534144
9.56	21.74	23.73	25.65	3.04	1.00	22.131432	21.754371	21.893553	0.534244
9.56	21.74	23.74	25.66	3.04	1.00	22.135363	21.754858	21.895682	0.534343
9.56	21.74	23.75	25.67	3.04	1.00	22.139298	21.755350	21.897816	0.534442
9.57	21.74	23.76	25.68	3.04	1.01	22.143237	21.755846	21.899953	0.534540
9.57	21.74	23.77	25.69	3.04	1.01	22.147180	21.756346	21.902095	0.534637
9.57	21.74	23.78	25.70	3.04	1.01	22.151127	21.756851	21.904241	0.534734
9.57	21.74	23.79	25.71	3.04	1.01	22.155078	21.757361	21.906392	0.534831
9.58	21.74	23.80	25.72	3.04	1.02	22.159034	21.757874	21.908546	0.534926
9.58	21.74	23.81	25.73	3.04	1.02	22.162993	21.758392	21.910705	0.535021
9.58	21.74	23.82	25.75	3.04	1.02	22.166956	21.758915	21.912868	0.535116
9.59	21.74	23.83	25.76	3.04	1.02	22.170924	21.759441	21.915036	0.535210
9.59	21.74	23.84	25.77	3.04	1.03	22.174895	21.759973	21.917207	0.535303
9.59	21.74	23.85	25.78	3.04	1.03	22.178871	21.760508	21.919383	0.535396
9.59	21.74	23.86	25.79	3.04	1.03	22.182851	21.761048	21.921563	0.535488
9.60	21.74	23.87	25.80	3.04	1.03	22.186834	21.761593	21.923747	0.535580
9.60	21.74	23.88	25.81	3.04	1.03	22.190822	21.762141	21.925936	0.535671
9.60	21.74	23.89	25.82	3.04	1.04	22.194814	21.762695	21.928128	0.535762
9.61	21.74	23.90	25.83	3.04	1.04	22.198810	21.763252	21.930325	0.535852
9.61	21.74	23.91	25.84	3.04	1.04	22.202809	21.763814	21.932527	0.535942
9.61	21.74	23.92	25.85	3.04	1.04	22.206813	21.764380	21.934732	0.536031
9.61	21.74	23.93	25.86	3.04	1.05	22.210821	21.764951	21.936942	0.536120
9.62	21.74	23.94	25.87	3.04	1.05	22.214833	21.765526	21.939155	0.536208
9.62	21.74	23.95	25.88	3.04	1.05	22.218849	21.766106	21.941373	0.536296
9.62	21.74	23.96	25.89	3.04	1.05	22.222869	21.766689	21.943596	0.536383
9.62	21.74	23.97	25.90	3.04	1.05	22.226893	21.767278	21.945822	0.536470
9.63	21.74	23.97	25.91	3.04	1.06	22.230921	21.767870	21.948053	0.536556
9.63	21.74	23.98	25.93	3.04	1.06	22.234953	21.768467	21.950288	0.536642
9.63	21.74	23.99	25.94	3.04	1.06	22.238989	21.769069	21.952527	0.536727
9.64	21.74	24.00	25.95	3.04	1.06	22.243029	21.769675	21.954770	0.536812
9.64	21.74	24.01	25.96	3.04	1.07	22.247073	21.770285	21.957018	0.536897
9.64	21.74	24.02	25.97	3.04	1.07	22.251121	21.770899	21.959269	0.536981
9.64	21.74	24.03	25.98	3.04	1.07	22.255173	21.771518	21.961525	0.537065
9.65	21.74	24.04	25.99	3.04	1.07	22.259229	21.772142	21.963786	0.537148
9.65	21.74	24.05	26.00	3.04	1.07	22.263289	21.772769	21.966050	0.537231
9.65	21.74	24.06	26.01	3.04	1.08	22.267352	21.773402	21.968318	0.537313
9.66	21.74	24.07	26.02	3.04	1.08	22.271420	21.774038	21.970591	0.537395
9.66	21.74	24.08	26.03	3.04	1.08	22.275492	21.774679	21.972868	0.537477
9.66	21.74	24.09	26.04	3.04	1.08	22.279568	21.775324	21.975149	0.537558
9.66	21.74	24.10	26.05	3.04	1.08	22.283648	21.775974	21.977435	0.537639
9.67	21.74	24.11	26.06	3.04	1.09	22.287732	21.776628	21.979724	0.537720
9.67	21.74	24.12	26.07	3.04	1.09	22.291819	21.777287	21.982018	0.537800
9.67	21.74	24.13	26.08	3.05	1.09	22.295911	21.777949	21.984316	0.537879
9.68	21.74	24.14	26.10	3.05	1.09	22.300007	21.778617	21.986618	0.537959
9.68	21.74	24.15	26.11	3.05	1.09	22.304106	21.779288	21.988924	0.538038
9.68	21.74	24.16	26.12	3.05	1.10	22.308210	21.779964	21.991235	0.538116
9.68	21.74	24.17	26.13	3.05	1.10	22.312317	21.780645	21.993550	0.538195
9.69	21.74	24.18	26.14	3.05	1.10	22.316429	21.781329	21.995868	0.538273
9.69	21.74	24.19	26.15	3.05	1.10	22.320544	21.782018	21.998191	0.538350
9.69	21.75	24.20	26.16	3.05	1.10	22.324664	21.782712	22.000519	0.538427
9.69	21.75	24.21	26.17	3.05	1.10	22.328787	21.783410	22.002850	0.538504
9.70	21.75	24.22	26.18	3.05	1.11	22.332914	21.784112	22.005186	0.538581
9.70	21.75	24.23	26.19	3.05	1.11	22.337045	21.784819	22.007525	0.538657
9.70	21.75	24.24	26.20	3.05	1.11	22.341180	21.785530	22.009869	0.538733
9.71	21.75	24.25	26.21	3.05	1.11	22.345319	21.786245	22.012218	0.538808
9.71	21.75	24.26	26.22	3.05	1.11	22.349462	21.786965	22.014570	0.538883
9.71	21.75	24.27	26.23	3.05	1.12	22.353609	21.787689	22.016926	0.538958
9.71	21.75	24.28	26.24	3.05	1.12	22.357760	21.788418	22.019287	0.539033
9.72	21.75	24.29	26.26	3.05	1.12	22.361914	21.789151	22.021652	0.539107
9.72	21.75	24.30	26.27	3.05	1.12	22.366073	21.789888	22.024021	0.539181
9.72	21.75	24.31	26.28	3.05	1.12	22.370235	21.790630	22.026394	0.539254
9.72	21.75	24.32	26.29	3.05	1.12	22.374402	21.791376	22.028771	0.539327
9.73	21.75	24.33	26.30	3.05	1.13	22.378572	21.792127	22.031153	0.539400
9.73	21.75	24.34	26.31	3.05	1.13	22.382746	21.792882	22.033538	0.539473
9.73	21.75	24.35	26.32	3.05	1.13	22.386924	21.793641	22.035928	0.539545
9.74	21.75	24.36	26.33	3.05	1.13	22.391106	21.794405	22.038322	0.539618
9.74	21.75	24.37	26.34	3.05	1.13	22.395292	21.795173	22.040720	0.539689
9.74	21.75	24.38	26.35	3.05	1.14	22.399482	21.795945	22.043123	0.539761
9.74	21.75	24.39	26.36	3.05	1.14	22.403675	21.796722	22.045529	0.539832
9.75	21.75	24.40	26.37	3.05	1.14	22.407873	21.797503	22.047940	0.539903
9.75	21.75	24.41	26.38	3.05	1.14	22.412074	21.798289	22.050355	0.539974
9.75	21.75	24.42	26.39	3.05	1.14	22.416279	21.799078	22.052773	0.540044
9.76	21.75	24.43	26.40	3.05	1.14	22.420488	21.799873	22.055196	0.540114
9.76	21.75	24.44	26.42	3.05	1.15	22.424701	21.800672	22.057624	0.540184
9.76	21.75	24.45	26.43	3.05	1.15	22.428918	21.801475	22.060055	0.540253
9.76	21.75	24.46	26.44	3.05	1.15	22.433139	21.802282	22.062491	0.540323
9.77	21.75	24.47	26.45	3.05	1.15	22.437363	21.803094	22.064930	0.540392
9.77	21.75	24.48	26.46	3.05	1.15	22.441592	21.803910	22.067374	0.540460
9.77	21.75	24.49	26.47	3.05	1.15	22.445824	21.804731	22.069822	0.540529
9.78	21.75	24.50	26.48	3.05	1.16	22.450060	21.805556	22.072274	0.540597
9.78	21.75	24.51	26.49	3.05	1.16	22.454300	21.806385	22.074730	0.540665
9.78	21.75	24.52	26.50	3.05	1.16	22.458544	21.807219	22.077191	0.540733
9.78	21.75	24.53	26.51	3.05	1.16	22.462791	21.808057	22.079655	0.540800
9.79	21.75	24.54	26.52	3.05	1.16	22.467043	21.808899	22.082124	0.540867
9.79	21.75	24.55	26.53	3.05	1.16	22.471298	21.809746	22.084596	0.540934
9.79	21.75	24.56	26.54	3.05	1.17	22.475557	21.810598	22.087073	0.541001
9.79	21.75	24.57	26.55	3.05	1.17	22.479820	21.811453	22.089554	0.541068
9.80	21.75	24.58	26.57	3.05	1.17	22.484087	21.812313	22.092040	0.541134
9.80	21.75	24.59	26.58	3.05	1.17	22.488357	21.813178	22.094529	0.541200
9.80	21.75	24.60	26.59	3.05	1.17	22.492632	21.814046	22.097022	0.541266
9.81	21.76	24.61	26.60	3.05	1.17	22.496910	21.814919	22.099520	0.541331
9.81	21.76	24.62	26.61	3.05	1.18	22.501192	21.815797	22.102021	0.541396
9.81	21.76	24.63	26.62	3.05	1.18	22.505478	21.816679	22.104527	0.541462
9.81	21.76	24.64	26.63	3.05	1.18	22.509767	21.817565	22.107037	0.541526
9.82	21.76	24.65	26.64	3.05	1.18	22.514061	21.818456	22.109551	0.541591
9.82	21.76	24.66	26.65	3.05	1.18	22.518358	21.819351	22.112069	0.541655
9.82	21.76	24.67	26.66	3.05	1.18	22.522659	21.820250	22.114591	0.541720
9.82	21.76	24.68	26.67	3.05	1.18	22.526964	21.821154	22.117118	0.541784
9.83	21.76	24.69	26.68	3.05	1.19	22.531272	21.822062	22.119648	0.541847
9.83	21.76	24.70	26.69	3.05	1.19	22.535585	21.822975	22.122183	0.541911
9.83	21.76	24.71	26.70	3.05	1.19	22.539901	21.823891	22.124722	0.541974
9.84	21.76	24.72	26.72	3.05	1.19	22.544221	21.824813	22.127264	0.542037
9.84	21.76	24.73	26.73	3.05	1.19	22.548545	21.825738	22.129811	0.542100
9.84	21.76	24.74	26.74	3.05	1.19	22.552872	21.826668	22.132362	0.542163
9.84	21.76	24.75	26.75	3.05	1.20	22.557203	21.827603	22.134917	0.542225
9.85	21.76	24.76	26.76	3.05	1.20	22.561538	21.828541	22.137477	0.542287
9.85	21.76	24.77	26.77	3.05	1.20	22.565877	21.829485	22.140040	0.542350
9.85	21.76	24.78	26.78	3.05	1.20	22.570220	21.830432	22.142607	0.542411
9.86	21.76	24.79	26.79	3.05	1.20	22.574566	21.831384	22.145179	0.542473
9.86	21.76	24.80	26.80	3.05	1.20	22.578916	21.832340	22.147755	0.542535
9.86	21.76	24.81	26.81	3.05	1.20	22.583270	21.833301	22.150334	0.542596
9.86	21.76	24.82	26.82	3.05	1.21	22.587628	21.834266	22.152918	0.542657
9.87	21.76	24.83	26.83	3.05	1.21	22.591989	21.835235	22.155506	0.542718
9.87	21.76	24.84	26.84	3.05	1.21	22.596354	21.836209	22.158098	0.542778
9.87	21.76	24.85	26.85	3.05	1.21	22.600723	21.837187	22.160694	0.542839
9.88	21.76	24.86	26.87	3.05	1.21	22.605096	21.838169	22.163294	0.542899
9.88	21.77	24.87	26.88	3.05	1.21	22.609472	21.839156	22.165898	0.542959
9.88	21.77	24.88	26.89	3.05	1.21	22.613852	21.840147	22.168507	0.543019
9.88	21.77	24.89	26.90	3.05	1.22	22.618236	21.841143	22.171119	0.543079
9.89	21.77	24.90	26.91	3.05	1.22	22.622623	21.842143	22.173736	0.543138
9.89	21.77	24.91	26.92	3.05	1.22	22.627014	21.843147	22.176356	0.543198
9.89	21.77	24.92	26.93	3.05	1.22	22.631409	21.844156	22.178981	0.543257
9.89	21.77	24.93	26.94	3.05	1.22	22.635808	21.845169	22.181610	0.543316
9.90	21.77	24.94	26.95	3.05	1.22	22.640211	21.846186	22.184242	0.543375
9.90	21.77	24.95	26.96	3.05	1.22	22.644617	21.847208	22.186879	0.543433
9.90	21.77	24.96	26.97	3.05	1.23	22.649026	21.848234	22.189520	0.543492
9.91	21.77	24.97	26.98	3.05	1.23	22.653440	21.849264	22.192165	0.543550
9.91	21.77	24.98	26.99	3.05	1.23	22.657857	21.850299	22.194814	0.543608
9.91	21.77	24.99	27.01	3.05	1.23	22.662278	21.851338	22.197467	0.543666
9.91	21.77	25.00	27.02	3.05	1.23	22.666703	21.852382	22.200125	0.543724
9.92	21.77	25.01	27.03	3.05	1.23	22.671131	21.853430	22.202786	0.543782
9.92	21.77	25.02	27.04	3.05	1.23	22.675563	21.854482	22.205451	0.543839
9.92	21.77	25.03	27.05	3.05	1.24	22.679999	21.855539	22.208121	0.543896
9.93	21.77	25.04	27.06	3.05	1.24	22.684438	21.856600	22.210794	0.543953
9.93	21.77	25.05	27.07	3.05	1.24	22.688881	21.857665	22.213472	0.544010
9.93	21.77	25.06	27.08	3.05	1.24	22.693328	21.858735	22.216153	0.544067
9.93	21.77	25.07	27.09	3.05	1.24	22.697778	21.859809	22.218839	0.544124
9.94	21.78	25.08	27.10	3.05	1.24	22.702232	21.860887	22.221528	0.544180
9.94	21.78	25.09	27.11	3.05	1.24	22.706690	21.861970	22.224222	0.544236
9.94	21.78	25.10	27.12	3.05	1.25	22.711152	21.863057	22.226920	0.544292
9.94	21.78	25.11	27.13	3.05	1.25	22.715617	21.864149	22.229622	0.544348
9.95	21.78	25.12	27.15	3.05	1.25	22.720086	21.865245	22.232328	0.544404
9.95	21.78	25.13	27.16	3.05	1.25	22.724558	21.866345	22.235038	0.544460
9.95	21.78	25.14	27.17	3.05	1.25	22.729034	21.867450	22.237751	0.544515
9.96	21.78	25.15	27.18	3.05	1.25	22.733514	21.868559	22.240469	0.544571
9.96	21.78	25.16	27.19	3.05	1.25	22.737997	21.869672	22.243192	0.544626
9.96	21.78	25.17	27.20	3.05	1.25	22.742484	21.870790	22.245918	0.544681
9.96	21.78	25.18	27.21	3.05	1.26	22.746975	21.871912	22.248648	0.544736
9.97	21.78	25.19	27.22	3.05	1.26	22.751469	21.873038	22.251382	0.544791
9.97	21.78	25.20	27.23	3.05	1.26	22.755967	21.874169	22.254120	0.544845
9.97	21.78	25.21	27.24	3.05	1.26	22.760469	21.875304	22.256862	0.544900
9.97	21.78	25.22	27.25	3.05	1.26	22.764974	21.876443	22.259608	0.544954
9.98	21.78	25.23	27.26	3.05	1.26	22.769483	21.877587	22.262359	0.545008
9.98	21.78	25.24	27.27	3.05	1.26	22.773995	21.878735	22.265113	0.545062
9.98	21.79	25.25	27.29	3.05	1.27	22.778511	21.879888	22.267871	0.545116
9.99	21.79	25.26	27.30	3.05	1.27	22.783031	21.881045	22.270634	0.545170
9.99	21.79	25.27	27.31	3.05	1.27	22.787554	21.882206	22.273400	0.545223
9.99	21.79	25.28	27.32	3.05	1.27	22.792081	21.883371	22.276170	0.545277
9.99	21.79	25.29	27.33	3.05	1.27	22.796612	21.884541	22.278945	0.545330
10.00	21.79	25.30	27.34	3.05	1.27	22.801146	21.885716	22.281723	0.545383
10.00	21.79	25.31	27.35	3.05	1.27	22.805684	21.886894	22.284506	0.545436
10.00	21.79	25.32	27.36	3.05	1.27	22.810225	21.888077	22.287292	0.545489
10.01	21.79	25.33	27.37	3.05	1.28	22.814770	21.889264	22.290082	0.545542
10.01	21.79	25.34	27.38	3.05	1.28	22.819319	21.890456	22.292877	0.545594
10.01	21.79	25.35	27.39	3.05	1.28	22.823871	21.891652	22.295675	0.545647
10.01	21.79	25.36	27.40	3.06	1.28	22.828427	21.892852	22.298478	0.545699
10.02	21.79	25.37	27.41	3.06	1.28	22.832986	21.894057	22.301284	0.545751
10.02	21.79	25.38	27.43	3.06	1.28	22.837549	21.895266	22.304095	0.545803
10.02	21.79	25.39	27.44	3.06	1.28	22.842115	21.896479	22.306909	0.545855
10.03	21.79	25.40	27.45	3.06	1.28	22.846685	21.897697	22.309728	0.545907
10.03	21.80	25.41	27.46	3.06	1.29	22.851259	21.898919	22.312550	0.545959
10.03	21.80	25.42	27.47	3.06	1.29	22.855836	21.900146	22.315377	0.546010
10.03	21.80	25.43	27.48	3.06	1.29	22.860417	21.901376	22.318207	0.546062
10.04	21.80	25.44	27.49	3.06	1.29	22.865001	21.902611	22.321041	0.546113
10.04	21.80	25.45	27.50	3.06	1.29	22.869589	21.903851	22.323880	0.546164
10.04	21.80	25.46	27.51	3.06	1.29	22.874181	21.905094	22.326722	0.546215
10.04	21.80	25.47	27.52	3.06	1.29	22.878776	21.906343	22.329569	0.546266
10.05	21.80	25.48	27.53	3.06	1.29	22.883374	21.907595	22.332419	0.546317
10.05	21.80	25.49	27.54	3.06	1.30	22.887976	21.908852	22.335274	0.546367
10.05	21.80	25.50	27.56	3.06	1.30	22.892582	21.910113	22.338132	0.546418
10.06	21.80	25.51	27.57	3.06	1.30	22.897191	21.911378	22.340994	0.546468
10.06	21.80	25.52	27.58	3.06	1.30	22.901804	21.912648	22.343861	0.546519
10.06	21.80	25.53	27.59	3.06	1.30	22.906420	21.913922	22.346731	0.546569
10.06	21.80	25.54	27.60	3.06	1.30	22.911040	21.915201	22.349605	0.546619
10.07	21.81	25.55	27.61	3.06	1.30	22.915664	21.916483	22.352483	0.546669
10.07	21.81	25.56	27.62	3.06	1.30	22.920291	21.917771	22.355366	0.546719
10.07	21.81	25.57	27.63	3.06	1.30	22.924921	21.919062	22.358252	0.546768
10.07	21.81	25.58	27.64	3.06	1.31	22.929555	21.920358	22.361142	0.546818
10.08	21.81	25.59	27.65	3.06	1.31	22.934192	21.921658	22.364036	0.546867
10.08	21.81	25.60	27.66	3.06	1.31	22.938833	21.922962	22.366934	0.546917
10.08	21.81	25.61	27.67	3.06	1.31	22.943478	21.924271	22.369836	0.546966
10.09	21.81	25.62	27.68	3.06	1.31	22.948126	21.925584	22.372742	0.547015
10.09	21.81	25.63	27.70	3.06	1.31	22.952777	21.926902	22.375652	0.547064
10.09	21.81	25.64	27.71	3.06	1.31	22.957432	21.928223	22.378566	0.547113
10.09	21.81	25.65	27.72	3.06	1.31	22.962091	21.929550	22.381484	0.547162
10.10	21.81	25.66	27.73	3.06	1.32	22.966753	21.930880	22.384406	0.547210
10.10	21.81	25.67	27.74	3.06	1.32	22.971419	21.932215	22.387332	0.547259
10.10	21.82	25.68	27.75	3.06	1.32	22.976088	21.933554	22.390261	0.547307
10.11	21.82	25.69	27.76	3.06	1.32	22.980760	21.934897	22.393195	0.547356
10.11	21.82	25.70	27.77	3.06	1.32	22.985436	21.936245	22.396133	0.547404
10.11	21.82	25.72	27.78	3.06	1.32	22.990116	21.937597	22.399074	0.547452
10.11	21.82	25.73	27.79	3.06	1.32	22.994798	21.938953	22.402020	0.547500
10.12	21.82	25.74	27.80	3.06	1.32	22.999485	21.940314	22.404969	0.547548
10.12	21.82	25.75	27.81	3.06	1.32	23.004175	21.941679	22.407922	0.547595
10.12	21.82	25.76	27.83	3.06	1.33	23.008868	21.943048	22.410880	0.547643
10.12	21.82	25.77	27.84	3.06	1.33	23.013565	21.944422	22.413841	0.547691
10.13	21.82	25.78	27.85	3.06	1.33	23.018265	21.945800	22.416806	0.547738
10.13	21.82	25.79	27.86	3.06	1.33	23.022969	21.947182	22.419775	0.547786
10.13	21.82	25.80	27.87	3.06	1.33	23.027676	21.948569	22.422748	0.547833
10.14	21.83	25.81	27.88	3.06	1.33	23.032387	21.949960	22.425725	0.547880
10.14	21.83	25.82	27.89	3.06	1.33	23.037101	21.951355	22.428706	0.547927
10.14	21.83	25.83	27.90	3.06	1.33	23.041819	21.952755	22.431691	0.547974
10.14	21.83	25.84	27.91	3.06	1.33	23.046540	21.954159	22.434680	0.548021
10.15	21.83	25.85	27.92	3.06	1.34	23.051264	21.955567	22.437673	0.548068
10.15	21.83	25.86	27.93	3.06	1.34	23.055992	21.956979	22.440669	0.548114
10.15	21.83	25.87	27.94	3.06	1.34	23.060724	21.958396	22.443670	0.548161
10.16	21.83	25.88	27.96	3.06	1.34	23.065458	21.959817	22.446674	0.548207
10.16	21.83	25.89	27.97	3.06	1.34	23.070197	21.961243	22.449683	0.548253
10.16	21.83	25.90	27.98	3.06	1.34	23.074938	21.962672	22.452695	0.548300
10.16	21.83	25.91	27.99	3.06	1.34	23.079683	21.964107	22.455711	0.548346
10.17	21.83	25.92	28.00	3.06	1.34	23.084432	21.965545	22.458731	0.548392
10.17	21.84	25.93	28.01	3.06	1.34	23.089184	21.966988	22.461755	0.548438
10.17	21.84	25.94	28.02	3.06	1.35	23.093939	21.968435	22.464783	0.548484
10.18	21.84	25.95	28.03	3.06	1.35	23.098698	21.969886	22.467815	0.548529
10.18	21.84	25.96	28.04	3.06	1.35	23.103460	21.971342	22.470850	0.548575
10.18	21.84	25.97	28.05	3.06	1.35	23.108226	21.972801	22.473890	0.548621
10.18	21.84	25.98	28.06	3.06	1.35	23.112995	21.974266	22.476934	0.548666
10.19	21.84	25.99	28.07	3.06	1.35	23.117767	21.975734	22.479981	0.548711
10.19	21.84	26.00	28.09	3.06	1.35	23.122543	21.977207	22.483032	0.548757
10.19	21.84	26.01	28.10	3.06	1.35	23.127322	21.978684	22.486087	0.548802
10.19	21.84	26.02	28.11	3.06	1.35	23.132105	21.980166	22.489146	0.548847
10.20	21.84	26.03	28.12	3.06	1.35	23.136891	21.981651	22.492209	0.548892
10.20	21.85	26.04	28.13	3.06	1.36	23.141680	21.983141	22.495276	0.548937
10.20	21.85	26.05	28.14	3.06	1.36	23.146473	21.984636	22.498347	0.548982
10.21	21.85	26.06	28.15	3.06	1.36	23.151269	21.986134	22.501421	0.549026
10.21	21.85	26.07	28.16	3.06	1.36	23.156068	21.987637	22.504500	0.549071
10.21	21.85	26.08	28.17	3.06	1.36	23.160871	21.989144	22.507582	0.549116
10.21	21.85	26.09	28.18	3.06	1.36	23.165677	21.990656	22.510669	0.549160
10.22	21.85	26.10	28.19	3.06	1.36	23.170487	21.992172	22.513759	0.549204
10.22	21.85	26.11	28.20	3.06	1.36	23.175300	21.993692	22.516853	0.549249
10.22	21.85	26.12	28.22	3.06	1.36	23.180116	21.995216	22.519950	0.549293
10.22	21.85	26.13	28.23	3.06	1.37	23.184936	21.996745	22.523052	0.549337
10.23	21.86	26.14	28.24	3.06	1.37	23.189759	21.998278	22.526158	0.549381
10.23	21.86	26.15	28.25	3.06	1.37	23.194585	21.999815	22.529267	0.549425
10.23	21.86	26.16	28.26	3.06	1.37	23.199415	22.001357	22.532381	0.549469
10.24	21.86	26.17	28.27	3.06	1.37	23.204248	22.002903	22.535498	0.549512
10.24	21.86	26.18	28.28	3.06	1.37	23.209085	22.004453	22.538619	0.549556
10.24	21.86	26.19	28.29	3.06	1.37	23.213924	22.006007	22.541744	0.549600
10.24	21.86	26.20	28.30	3.06	1.37	23.218767	22.007566	22.544872	0.549643
10.25	21.86	26.21	28.31	3.06	1.37	23.223614	22.009129	22.548005	0.549687
10.25	21.86	26.22	28.32	3.06	1.37	23.228464	22.010696	22.551141	0.549730
10.25	21.86	26.24	28.33	3.06	1.38	23.233317	22.012268	22.554282	0.549773
10.26	21.87	26.25	28.35	3.06	1.38	23.238173	22.013844	22.557426	0.549816
10.26	21.87	26.26	28.36	3.06	1.38	23.243033	22.015424	22.560574	0.549859
10.26	21.87	26.27	28.37	3.06	1.38	23.247896	22.017008	22.563726	0.549902
10.26	21.87	26.28	28.38	3.06	1.38	23.252762	22.018597	22.566881	0.549945
10.27	21.87	26.29	28.39	3.06	1.38	23.257632	22.020190	22.570041	0.549988
10.27	21.87	26.30	28.40	3.06	1.38	23.262505	22.021787	22.573204	0.550031
10.27	21.87	26.31	28.41	3.06	1.38	23.267381	22.023389	22.576371	0.550073
10.28	21.87	26.32	28.42	3.06	1.38	23.272261	22.024994	22.579542	0.550116
10.28	21.87	26.33	28.43	3.06	1.38	23.277144	22.026604	22.582717	0.550159
10.28	21.88	26.34	28.44	3.06	1.39	23.282030	22.028219	22.585896	0.550201
10.28	21.88	26.35	28.45	3.06	1.39	23.286919	22.029837	22.589078	0.550243
10.29	21.88	26.36	28.46	3.06	1.39	23.291812	22.031460	22.592265	0.550286
10.29	21.88	26.37	28.48	3.06	1.39	23.296708	22.033088	22.595455	0.550328
10.29	21.88	26.38	28.49	3.06	1.39	23.301608	22.034719	22.598649	0.550370
10.29	21.88	26.39	28.50	3.06	1.39	23.306510	22.036355	22.601847	0.550412
10.30	21.88	26.40	28.51	3.06	1.39	23.311416	22.037995	22.605048	0.550454
10.30	21.88	26.41	28.52	3.06	1.39	23.316325	22.039639	22.608254	0.550496
10.30	21.88	26.42	28.53	3.07	1.39	23.321238	22.041287	22.611463	0.550537
10.31	21.89	26.43	28.54	3.07	1.39	23.326154	22.042940	22.614676	0.550579
10.31	21.89	26.44	28.55	3.07	1.40	23.331073	22.044597	22.617893	0.550621
10.31	21.89	26.45	28.56	3.07	1.40	23.335995	22.046259	22.621114	0.550662
10.31	21.89	26.46	28.57	3.07	1.40	23.340920	22.047924	22.624338	0.550704
10.32	21.89	26.47	28.58	3.07	1.40	23.345849	22.049594	22.627566	0.550745
10.32	21.89	26.48	28.59	3.07	1.40	23.350781	22.051268	22.630799	0.550787
10.32	21.89	26.49	28.61	3.07	1.40	23.355716	22.052947	22.634034	0.550828
10.32	21.89	26.50	28.62	3.07	1.40	23.360655	22.054629	22.637274	0.550869
10.33	21.89	26.51	28.63	3.07	1.40	23.365597	22.056316	22.640518	0.550910
10.33	21.90	26.52	28.64	3.07	1.40	23.370542	22.058007	22.643765	0.550951
10.33	21.90	26.53	28.65	3.07	1.40	23.375490	22.059703	22.647016	0.550992
10.34	21.90	26.54	28.66	3.07	1.40	23.380441	22.061402	22.650271	0.551033
10.34	21.90	26.55	28.67	3.07	1.41	23.385396	22.063106	22.653529	0.551074
10.34	21.90	26.56	28.68	3.07	1.41	23.390354	22.064814	22.656792	0.551115
10.34	21.90	26.57	28.69	3.07	1.41	23.395315	22.066527	22.660058	0.551155
10.35	21.90	26.58	28.70	3.07	1.41	23.400279	22.068243	22.663328	0.551196
10.35	21.90	26.59	28.71	3.07	1.41	23.405247	22.069964	22.666602	0.551236
10.35	21.90	26.60	28.72	3.07	1.41	23.410218	22.071690	22.669879	0.551277
10.36	21.91	26.61	28.74	3.07	1.41	23.415192	22.073419	22.673161	0.551317
10.36	21.91	26.62	28.75	3.07	1.41	23.420169	22.075153	22.676446	0.551357
10.36	21.91	26.63	28.76	3.07	1.41	23.425149	22.076891	22.679735	0.551398
10.36	21.91	26.64	28.77	3.07	1.41	23.430133	22.078633	22.683027	0.551438
10.37	21.91	26.66	28.78	3.07	1.41	23.435120	22.080379	22.686324	0.551478
10.37	21.91	26.67	28.79	3.07	1.42	23.440110	22.082130	22.689624	0.551518
10.37	21.91	26.68	28.80	3.07	1.42	23.445103	22.083885	22.692928	0.551558
10.38	21.91	26.69	28.81	3.07	1.42	23.450100	22.085644	22.696236	0.551598
10.38	21.92	26.70	28.82	3.07	1.42	23.455099	22.087407	22.699547	0.551638
10.38	21.92	26.71	28.83	3.07	1.42	23.460102	22.089175	22.702862	0.551677
10.38	21.92	26.72	28.84	3.07	1.42	23.465108	22.090947	22.706181	0.551717
10.39	21.92	26.73	28.85	3.07	1.42	23.470117	22.092723	22.709504	0.551757
10.39	21.92	26.74	28.87	3.07	1.42	23.475129	22.094503	22.712831	0.551796
10.39	21.92	26.75	28.88	3.07	1.42	23.480145	22.096288	22.716161	0.551836
10.39	21.92	26.76	28.89	3.07	1.42	23.485163	22.098077	22.719495	0.551875
10.40	21.92	26.77	28.90	3.07	1.42	23.490185	22.099870	22.722833	0.551915
10.40	21.93	26.78	28.91	3.07	1.43	23.495210	22.101667	22.726174	0.551954
10.40	21.93	26.79	28.92	3.07	1.43	23.500238	22.103468	22.729519	0.551993
10.41	21.93	26.80	28.93	3.07	1.43	23.505270	22.105274	22.732868	0.552032
10.41	21.93	26.81	28.94	3.07	1.43	23.510304	22.107084	22.736221	0.552071
10.41	21.93	26.82	28.95	3.07	1.43	23.515342	22.108898	22.739578	0.552110
10.41	21.93	26.83	28.96	3.07	1.43	23.520382	22.110717	22.742938	0.552149
10.42	21.93	26.84	28.97	3.07	1.43	23.525426	22.112539	22.746302	0.552188
10.42	21.93	26.85	28.98	3.07	1.43	23.530473	22.114366	22.749669	0.552227
10.42	21.94	26.86	29.00	3.07	1.43	23.535523	22.116197	22.753041	0.552266
10.43	21.94	26.87	29.01	3.07	1.43	23.540577	22.118033	22.756416	0.552304
10.43	21.94	26.88	29.02	3.07	1.43	23.545633	22.119872	22.759794	0.552343
10.43	21.94	26.89	29.03	3.07	1.44	23.550693	22.121716	22.763177	0.552382
10.43	21.94	26.90	29.04	3.07	1.44	23.555755	22.123564	22.766563	0.552420
10.44	21.94	26.91	29.05	3.07	1.44	23.560821	22.125416	22.769953	0.552459
10.44	21.94	26.92	29.06	3.07	1.44	23.565890	22.127272	22.773347	0.552497
10.44	21.94	26.93	29.07	3.07	1.44	23.570962	22.129133	22.776744	0.552535
10.44	21.95	26.94	29.08	3.07	1.44	23.576037	22.130998	22.780145	0.552574
10.45	21.95	26.95	29.09	3.07	1.44	23.581115	22.132867	22.783550	0.552612
10.45	21.95	26.96	29.10	3.07	1.44	23.586197	22.134740	22.786959	0.552650
10.45	21.95	26.97	29.11	3.07	1.44	23.591281	22.136618	22.790371	0.552688
10.46	21.95	26.98	29.13	3.07	1.44	23.596368	22.138499	22.793787	0.552726
10.46	21.95	26.99	29.14	3.07	1.44	23.601459	22.140385	22.797206	0.552764
10.46	21.95	27.00	29.15	3.07	1.45	23.606553	22.142275	22.800630	0.552802
10.46	21.96	27.01	29.16	3.07	1.45	23.611650	22.144170	22.804057	0.552840
10.47	21.96	27.03	29.17	3.07	1.45	23.616749	22.146068	22.807487	0.552877
10.47	21.96	27.04	29.18	3.07	1.45	23.621852	22.147971	22.810922	0.552915
10.47	21.96	27.05	29.19	3.07	1.45	23.626958	22.149878	22.814360	0.552953
10.47	21.96	27.06	29.20	3.07	1.45	23.632068	22.151789	22.817802	0.552990
10.48	21.96	27.07	29.21	3.07	1.45	23.637180	22.153704	22.821247	0.553028
10.48	21.96	27.08	29.22	3.07	1.45	23.642295	22.155624	22.824696	0.553065
10.48	21.97	27.09	29.23	3.07	1.45	23.647413	22.157548	22.828149	0.553103
10.49	21.97	27.10	29.24	3.07	1.45	23.652535	22.159476	22.831605	0.553140
10.49	21.97	27.11	29.26	3.07	1.45	23.657659	22.161408	22.835066	0.553177
10.49	21.97	27.12	29.27	3.07	1.45	23.662787	22.163344	22.838529	0.553215
10.49	21.97	27.13	29.28	3.07	1.46	23.667917	22.165285	22.841997	0.553252
10.50	21.97	27.14	29.29	3.07	1.46	23.673051	22.167229	22.845468	0.553289
10.50	21.97	27.15	29.30	3.07	1.46	23.678187	22.169178	22.848943	0.553326
10.50	21.98	27.16	29.31	3.07	1.46	23.683327	22.171131	22.852421	0.553363
10.51	21.98	27.17	29.32	3.07	1.46	23.688470	22.173089	22.855904	0.553400
10.51	21.98	27.18	29.33	3.07	1.46	23.693616	22.175050	22.859389	0.553437
10.51	21.98	27.19	29.34	3.07	1.46	23.698764	22.177016	22.862879	0.553474
10.51	21.98	27.20	29.35	3.07	1.46	23.703916	22.178986	22.866372	0.553510
10.52	21.98	27.21	29.36	3.07	1.46	23.709071	22.180960	22.869869	0.553547
10.52	21.98	27.22	29.37	3.07	1.46	23.714229	22.182938	22.873369	0.553584
10.52	21.99	27.23	29.38	3.07	1.46	23.719390	22.184920	22.876873	0.553620
10.53	21.99	27.24	29.40	3.07	1.46	23.724554	22.186907	22.880381	0.553657
10.53	21.99	27.25	29.41	3.07	1.47	23.729721	22.188898	22.883893	0.553693
10.53	21.99	27.26	29.42	3.07	1.47	23.734891	22.190893	22.887408	0.553730
10.53	21.99	27.27	29.43	3.07	1.47	23.740063	22.192892	22.890926	0.553766
10.54	21.99	27.28	29.44	3.07	1.47	23.745239	22.194895	22.894449	0.553802
10.54	21.99	27.29	29.45	3.07	1.47	23.750418	22.196902	22.897975	0.553839
10.54	22.00	27.30	29.46	3.07	1.47	23.755600	22.198914	22.901504	0.553875
10.54	22.00	27.31	29.47	3.07	1.47	23.760785	22.200930	22.905037	0.553911
10.55	22.00	27.32	29.48	3.07	1.47	23.765973	22.202950	22.908574	0.553947
10.55	22.00	27.33	29.49	3.07	1.47	23.771164	22.204974	22.912115	0.553983
10.55	22.00	27.34	29.50	3.07	1.47	23.776358	22.207002	22.915659	0.554019
10.56	22.00	27.35	29.51	3.07	1.47	23.781555	22.209035	22.919207	0.554055
10.56	22.00	27.36	29.53	3.07	1.47	23.786755	22.211072	22.922758	0.554091
10.56	22.01	27.38	29.54	3.08	1.48	23.791957	22.213112	22.926313	0.554127
10.56	22.01	27.39	29.55	3.08	1.48	23.797163	22.215157	22.929871	0.554163
10.57	22.01	27.40	29.56	3.08	1.48	23.802372	22.217207	22.933434	0.554198
10.57	22.01	27.41	29.57	3.08	1.48	23.807584	22.219260	22.937000	0.554234
10.57	22.01	27.42	29.58	3.08	1.48	23.812798	22.221317	22.940569	0.554270
10.57	22.01	27.43	29.59	3.08	1.48	23.818016	22.223379	22.944142	0.554305
10.58	22.02	27.44	29.60	3.08	1.48	23.823237	22.225445	22.947719	0.554341
10.58	22.02	27.45	29.61	3.08	1.48	23.828460	22.227515	22.951299	0.554376
10.58	22.02	27.46	29.62	3.08	1.48	23.833687	22.229589	22.954883	0.554412
10.59	22.02	27.47	29.63	3.08	1.48	23.838916	22.231667	22.958470	0.554447
10.59	22.02	27.48	29.64	3.08	1.48	23.844149	22.233749	22.962061	0.554482
10.59	22.02	27.49	29.66	3.08	1.48	23.849384	22.235836	22.965656	0.554518
10.59	22.02	27.50	29.67	3.08	1.48	23.854622	22.237927	22.969254	0.554553
10.60	22.03	27.51	29.68	3.08	1.49	23.859863	22.240022	22.972856	0.554588
10.60	22.03	27.52	29.69	3.08	1.49	23.865108	22.242121	22.976461	0.554623
10.60	22.03	27.53	29.70	3.08	1.49	23.870355	22.244224	22.980070	0.554658
10.61	22.03	27.54	29.71	3.08	1.49	23.875605	22.246331	22.983683	0.554693
10.61	22.03	27.55	29.72	3.08	1.49	23.880857	22.248443	22.987299	0.554728
10.61	22.03	27.56	29.73	3.08	1.49	23.886113	22.250558	22.990919	0.554763
10.61	22.04	27.57	29.74	3.08	1.49	23.891372	22.252678	22.994542	0.554798
10.62	22.04	27.58	29.75	3.08	1.49	23.896634	22.254802	22.998169	0.554833
10.62	22.04	27.59	29.76	3.08	1.49	23.901898	22.256930	23.001799	0.554868
10.62	22.04	27.60	29.77	3.08	1.49	23.907165	22.259062	23.005433	0.554902
10.62	22.04	27.61	29.78	3.08	1.49	23.912436	22.261198	23.009071	0.554937
10.63	22.04	27.62	29.80	3.08	1.49	23.917709	22.263339	23.012712	0.554972
10.63	22.05	27.63	29.81	3.08	1.49	23.922985	22.265483	23.016357	0.555006
10.63	22.05	27.64	29.82	3.08	1.50	23.928264	22.267632	23.020005	0.555041
10.64	22.05	27.65	29.83	3.08	1.50	23.933546	22.269785	23.023657	0.555075
10.64	22.05	27.66	29.84	3.08	1.50	23.938831	22.271942	23.027312	0.555110
10.64	22.05	27.67	29.85	3.08	1.50	23.944118	22.274103	23.030971	0.555144
10.64	22.05	27.68	29.86	3.08	1.50	23.949409	22.276268	23.034634	0.555178
10.65	22.05	27.69	29.87	3.08	1.50	23.954702	22.278437	23.038300	0.555212
10.65	22.06	27.70	29.88	3.08	1.50	23.959999	22.280611	23.041969	0.555247
10.65	22.06	27.72	29.89	3.08	1.50	23.965298	22.282788	23.045643	0.555281
10.66	22.06	27.73	29.90	3.08	1.50	23.970600	22.284970	23.049319	0.555315
10.66	22.06	27.74	29.91	3.08	1.50	23.975905	22.287156	23.053000	0.555349
10.66	22.06	27.75	29.93	3.08	1.50	23.981212	22.289346	23.056683	0.555383
10.66	22.06	27.76	29.94	3.08	1.50	23.986523	22.291540	23.060371	0.555417
10.67	22.07	27.77	29.95	3.08	1.50	23.991836	22.293738	23.064061	0.555451
10.67	22.07	27.78	29.96	3.08	1.51	23.997153	22.295940	23.067756	0.555485
10.67	22.07	27.79	29.97	3.08	1.51	24.002472	22.298146	23.071454	0.555519
10.68	22.07	27.80	29.98	3.08	1.51	24.007794	22.300357	23.075155	0.555553
10.68	22.07	27.81	29.99	3.08	1.51	24.013118	22.302572	23.078860	0.555586
10.68	22.07	27.82	30.00	3.08	1.51	24.018446	22.304790	23.082569	0.555620
10.68	22.08	27.83	30.01	3.08	1.51	24.023776	22.307013	23.086281	0.555654
10.69	22.08	27.84	30.02	3.08	1.51	24.029110	22.309240	23.089996	0.555687
10.69	22.08	27.85	30.03	3.08	1.51	24.034446	22.311471	23.093715	0.555721
10.69	22.08	27.86	30.04	3.08	1.51	24.039785	22.313706	23.097438	0.555754
10.69	22.08	27.87	30.05	3.08	1.51	24.045126	22.315945	23.101164	0.555788
10.70	22.09	27.88	30.07	3.08	1.51	24.050471	22.318189	23.104893	0.555821
10.70	22.09	27.89	30.08	3.08	1.51	24.055818	22.320436	23.108626	0.555855
10.70	22.09	27.90	30.09	3.08	1.51	24.061168	22.322688	23.112363	0.555888
10.71	22.09	27.91	30.10	3.08	1.51	24.066521	22.324943	23.116103	0.555921
10.71	22.09	27.92	30.11	3.08	1.52	24.071877	22.327203	23.119846	0.555955
10.71	22.09	27.93	30.12	3.08	1.52	24.077236	22.329467	23.123593	0.555988
10.71	22.10	27.94	30.13	3.08	1.52	24.082597	22.331735	23.127344	0.556021
10.72	22.10	27.95	30.14	3.08	1.52	24.087961	22.334007	23.131098	0.556054
10.72	22.10	27.96	30.15	3.08	1.52	24.093328	22.336283	23.134855	0.556087
10.72	22.10	27.97	30.16	3.08	1.52	24.098698	22.338563	23.138616	0.556120
10.72	22.10	27.98	30.17	3.08	1.52	24.104070	22.340847	23.142381	0.556153
10.73	22.10	27.99	30.18	3.08	1.52	24.109445	22.343136	23.146149	0.556186
10.73	22.11	28.00	30.19	3.08	1.52	24.114823	22.345428	23.149920	0.556219
10.73	22.11	28.01	30.21	3.08	1.52	24.120204	22.347725	23.153695	0.556252
10.74	22.11	28.02	30.22	3.08	1.52	24.125588	22.350025	23.157474	0.556285
10.74	22.11	28.03	30.23	3.08	1.52	24.130974	22.352330	23.161256	0.556318
10.74	22.11	28.05	30.24	3.08	1.52	24.136363	22.354639	23.165041	0.556350
10.74	22.11	28.06	30.25	3.08	1.53	24.141755	22.356952	23.168830	0.556383
10.75	22.12	28.07	30.26	3.08	1.53	24.147150	22.359268	23.172622	0.556416
10.75	22.12	28.08	30.27	3.08	1.53	24.152547	22.361589	23.176418	0.556448
10.75	22.12	28.09	30.28	3.08	1.53	24.157947	22.363914	23.180217	0.556481
10.76	22.12	28.10	30.29	3.08	1.53	24.163350	22.366244	23.184020	0.556513
10.76	22.12	28.11	30.30	3.08	1.53	24.168755	22.368577	23.187826	0.556546
10.76	22.13	28.12	30.31	3.08	1.53	24.174164	22.370914	23.191635	0.556578
10.76	22.13	28.13	30.32	3.08	1.53	24.179575	22.373255	23.195448	0.556611
10.77	22.13	28.14	30.33	3.08	1.53	24.184988	22.375601	23.199265	0.556643
10.77	22.13	28.15	30.34	3.08	1.53	24.190405	22.377950	23.203085	0.556675
10.77	22.13	28.16	30.36	3.08	1.53	24.195824	22.380304	23.206908	0.556707
10.78	22.13	28.17	30.37	3.08	1.53	24.201246	22.382661	23.210735	0.556740
10.78	22.14	28.18	30.38	3.08	1.53	24.206670	22.385023	23.214565	0.556772
10.78	22.14	28.19	30.39	3.08	1.53	24.212098	22.387389	23.218399	0.556804
10.78	22.14	28.20	30.40	3.08	1.53	24.217528	22.389758	23.222236	0.556836
10.79	22.14	28.21	30.41	3.08	1.54	24.222961	22.392132	23.226076	0.556868
10.79	22.14	28.22	30.42	3.08	1.54	24.228396	22.394510	23.229920	0.556900
10.79	22.15	28.23	30.43	3.08	1.54	24.233834	22.396892	23.233768	0.556932
10.79	22.15	28.24	30.44	3.08	1.54	24.239275	22.399278	23.237619	0.556964
10.80	22.15	28.25	30.45	3.09	1.54	24.244719	22.401668	23.241473	0.556996
10.80	22.15	28.26	30.46	3.09	1.54	24.250165	22.404062	23.245331	0.557028
10.80	22.15	28.27	30.47	3.09	1.54	24.255614	22.406460	23.249192	0.557060
10.81	22.16	28.28	30.48	3.09	1.54	24.261065	22.408862	23.253056	0.557091
10.81	22.16	28.29	30.50	3.09	1.54	24.266519	22.411268	23.256924	0.557123
10.81	22.16	28.30	30.51	3.09	1.54	24.271976	22.413678	23.260795	0.557155
10.81	22.16	28.31	30.52	3.09	1.54	24.277436	22.416093	23.264670	0.557186
10.82	22.16	28.32	30.53	3.09	1.54	24.282898	22.418511	23.268548	0.557218
10.82	22.16	28.33	30.54	3.09	1.54	24.288363	22.420933	23.272430	0.557250
10.82	22.17	28.34	30.55	3.09	1.54	24.293831	22.423360	23.276315	0.557281
10.82	22.17	28.35	30.56	3.09	1.55	24.299301	22.425790	23.280203	0.557313
10.83	22.17	28.36	30.57	3.09	1.55	24.304774	22.428224	23.284095	0.557344
10.83	22.17	28.38	30.58	3.09	1.55	24.310249	22.430663	23.287990	0.557376
10.83	22.17	28.39	30.59	3.09	1.55	24.315728	22.433105	23.291888	0.557407
10.84	22.18	28.40	30.60	3.09	1.55	24.321208	22.435552	23.295790	0.557438
10.84	22.18	28.41	30.61	3.09	1.55	24.326692	22.438002	23.299696	0.557470
10.84	22.18	28.42	30.62	3.09	1.55	24.332178	22.440457	23.303604	0.557501
10.84	22.18	28.43	30.63	3.09	1.55	24.337667	22.442915	23.307516	0.557532
10.85	22.18	28.44	30.65	3.09	1.55	24.343158	22.445378	23.311432	0.557563
10.85	22.19	28.45	30.66	3.09	1.55	24.348652	22.447845	23.315350	0.557594
10.85	22.19	28.46	30.67	3.09	1.55	24.354149	22.450315	23.319273	0.557625
10.86	22.19	28.47	30.68	3.09	1.55	24.359648	22.452790	23.323198	0.557657
10.86	22.19	28.48	30.69	3.09	1.55	24.365150	22.455269	23.327127	0.557688
10.86	22.19	28.49	30.70	3.09	1.55	24.370654	22.457751	23.331059	0.557719
10.86	22.20	28.50	30.71	3.09	1.55	24.376161	22.460238	23.334995	0.557750
10.87	22.20	28.51	30.72	3.09	1.56	24.381671	22.462729	23.338934	0.557780
10.87	22.20	28.52	30.73	3.09	1.56	24.387183	22.465223	23.342876	0.557811
10.87	22.20	28.53	30.74	3.09	1.56	24.392698	22.467722	23.346822	0.557842
10.88	22.20	28.54	30.75	3.09	1.56	24.398216	22.470225	23.350771	0.557873
10.88	22.21	28.55	30.76	3.09	1.56	24.403736	22.472731	23.354724	0.557904
10.88	22.21	28.56	30.77	3.09	1.56	24.409258	22.475242	23.358679	0.557934
10.88	22.21	28.57	30.78	3.09	1.56	24.414784	22.477757	23.362638	0.557965
10.89	22.21	28.58	30.79	3.09	1.56	24.420311	22.480275	23.366601	0.557996
10.89	22.21	28.59	30.81	3.09	1.56	24.425842	22.482798	23.370567	0.558026
10.89	22.22	28.60	30.82	3.09	1.56	24.431375	22.485325	23.374536	0.558057
10.89	22.22	28.61	30.83	3.09	1.56	24.436910	22.487856	23.378508	0.558088
10.90	22.22	28.62	30.84	3.09	1.56	24.442448	22.490390	23.382484	0.558118
10.90	22.22	28.63	30.85	3.09	1.56	24.447989	22.492929	23.386463	0.558149
10.90	22.22	28.64	30.86	3.09	1.56	24.453532	22.495472	23.390446	0.558179
10.91	22.23	28.65	30.87	3.09	1.56	24.459078	22.498018	23.394432	0.558209
10.91	22.23	28.66	30.88	3.09	1.57	24.464626	22.500569	23.398421	0.558240
10.91	22.23	28.67	30.89	3.09	1.57	24.470177	22.503123	23.402413	0.558270
10.91	22.23	28.68	30.90	3.09	1.57	24.475731	22.505682	23.406409	0.558300
10.92	22.23	28.69	30.91	3.09	1.57	24.481287	22.508245	23.410408	0.558331
10.92	22.24	28.70	30.92	3.09	1.57	24.486845	22.510811	23.414410	0.558361
10.92	22.24	28.71	30.93	3.09	1.57	24.492406	22.513382	23.418416	0.558391
10.93	22.24	28.73	30.94	3.09	1.57	24.497970	22.515956	23.422425	0.558421
10.93	22.24	28.74	30.96	3.09	1.57	24.503536	22.518535	23.426437	0.558451
10.93	22.24	28.75	30.97	3.09	1.57	24.509105	22.521117	23.430453	0.558481
10.93	22.25	28.76	30.98	3.09	1.57	24.514676	22.523704	23.434472	0.558511
10.94	22.25	28.77	30.99	3.09	1.57	24.520249	22.526294	23.438494	0.558541
10.94	22.25	28.78	31.00	3.09	1.57	24.525826	22.528888	23.442519	0.558571
10.94	22.25	28.79	31.01	3.09	1.57	24.531404	22.531487	23.446548	0.558601
10.94	22.25	28.80	31.02	3.09	1.57	24.536985	22.534089	23.450580	0.558631
10.95	22.26	28.81	31.03	3.09	1.57	24.542569	22.536695	23.454616	0.558661
10.95	22.26	28.82	31.04	3.09	1.57	24.548155	22.539305	23.458654	0.558691
10.95	22.26	28.83	31.05	3.09	1.58	24.553744	22.541919	23.462696	0.558721
10.96	22.26	28.84	31.06	3.09	1.58	24.559335	22.544538	23.466742	0.558750
10.96	22.27	28.85	31.07	3.09	1.58	24.564929	22.547160	23.470790	0.558780
10.96	22.27	28.86	31.08	3.09	1.58	24.570525	22.549786	23.474842	0.558810
10.96	22.27	28.87	31.09	3.09	1.58	24.576124	22.552416	23.478897	0.558839
10.97	22.27	28.88	31.10	3.09	1.58	24.581725	22.555050	23.482955	0.558869
10.97	22.27	28.89	31.11	3.09	1.58	24.587329	22.557687	23.487017	0.558899
10.97	22.28	28.90	31.13	3.09	1.58	24.592935	22.560329	23.491082	0.558928
10.97	22.28	28.91	31.14	3.09	1.58	24.598543	22.562975	23.495150	0.558958
10.98	22.28	28.92	31.15	3.09	1.58	24.604154	22.565625	23.499221	0.558987
10.98	22.28	28.93	31.16	3.09	1.58	24.609768	22.568278	23.503296	0.559017
10.98	22.28	28.94	31.17	3.09	1.58	24.615384	22.570936	23.507374	0.559046
10.99	22.29	28.95	31.18	3.09	1.58	24.621002	22.573598	23.511455	0.559075
10.99	22.29	28.96	31.19	3.09	1.58	24.626623	22.576263	23.515539	0.559105
10.99	22.29	28.97	31.20	3.09	1.58	24.632246	22.578932	23.519627	0.559134
10.99	22.29	28.98	31.21	3.09	1.58	24.637872	22.581606	23.523718	0.559163
11.00	22.30	28.99	31.22	3.09	1.59	24.643500	22.584283	23.527812	0.559193
11.00	22.30	29.00	31.23	3.09	1.59	24.649131	22.586964	23.531909	0.559222
11.00	22.30	29.01	31.24	3.09	1.59	24.654764	22.589649	23.536010	0.559251
11.01	22.30	29.02	31.25	3.09	1.59	24.660399	22.592338	23.540114	0.559280
11.01	22.30	29.03	31.26	3.09	1.59	24.666037	22.595031	23.544221	0.559309
11.01	22.31	29.04	31.27	3.09	1.59	24.671677	22.597728	23.548331	0.559338
11.01	22.31	29.05	31.28	3.09	1.59	24.677320	22.600429	23.552444	0.559367
11.02	22.31	29.06	31.30	3.10	1.59	24.682965	22.603134	23.556561	0.559396
11.02	22.31	29.07	31.31	3.10	1.59	24.688613	22.605842	23.560681	0.559425
11.02	22.32	29.08	31.32	3.10	1.59	24.694263	22.608555	23.564804	0.559454
11.03	22.32	29.09	31.33	3.10	1.59	24.699915	22.611271	23.568931	0.559483
11.03	22.32	29.11	31.34	3.10	1.59	24.705570	22.613992	23.573060	0.559512
11.03	22.32	29.12	31.35	3.10	1.59	24.711227	22.616716	23.577193	0.559541
11.03	22.32	29.13	31.36	3.10	1.59	24.716887	22.619444	23.581329	0.559570
11.04	22.33	29.14	31.37	3.10	1.59	24.722549	22.622176	23.585468	0.559599
11.04	22.33	29.15	31.38	3.10	1.59	24.728213	22.624912	23.589611	0.559627
11.04	22.33	29.16	31.39	3.10	1.60	24.733880	22.627652	23.593756	0.559656
11.04	22.33	29.17	31.40	3.10	1.60	24.739549	22.630396	23.597905	0.559685
11.05	22.34	29.18	31.41	3.10	1.60	24.745221	22.633144	23.602057	0.559713
11.05	22.34	29.19	31.42	3.10	1.60	24.750895	22.635896	23.606212	0.559742
11.05	22.34	29.20	31.43	3.10	1.60	24.756571	22.638651	23.610371	0.559771
11.06	22.34	29.21	31.44	3.10	1.60	24.762249	22.641411	23.614532	0.559799
11.06	22.34	29.22	31.45	3.10	1.60	24.767930	22.644174	23.618697	0.559828
11.06	22.35	29.23	31.47	3.10	1.60	24.773614	22.646941	23.622865	0.559856
11.06	22.35	29.24	31.48	3.10	1.60	24.779299	22.649712	23.627036	0.559885
11.07	22.35	29.25	31.49	3.10	1.60	24.784987	22.652487	23.631211	0.559913
11.07	22.35	29.26	31.50	3.10	1.60	24.790678	22.655266	23.635388	0.559942
11.07	22.36	29.27	31.51	3.10	1.60	24.796371	22.658049	23.639569	0.559970
11.07	22.36	29.28	31.52	3.10	1.60	24.802066	22.660835	23.643752	0.559998
11.08	22.36	29.29	31.53	3.10	1.60	24.807763	22.663626	23.647939	0.560027
11.08	22.36	29.30	31.54	3.10	1.60	24.813463	22.666420	23.652130	0.560055
11.08	22.36	29.31	31.55	3.10	1.60	24.819165	22.669218	23.656323	0.560083
11.09	22.37	29.32	31.56	3.10	1.60	24.824869	22.672021	23.660519	0.560111
11.09	22.37	29.33	31.57	3.10	1.61	24.830576	22.674827	23.664719	0.560140
11.09	22.37	29.34	31.58	3.10	1.61	24.836285	22.677636	23.668922	0.560168
11.09	22.37	29.35	31.59	3.10	1.61	24.841996	22.680450	23.673128	0.560196
11.10	22.38	29.36	31.60	3.10	1.61	24.847710	22.683268	23.677337	0.560224
11.10	22.38	29.37	31.61	3.10	1.61	24.853426	22.686089	23.681549	0.560252
11.10	22.38	29.38	31.62	3.10	1.61	24.859144	22.688915	23.685764	0.560280
11.11	22.38	29.39	31.63	3.10	1.61	24.864865	22.691744	23.689983	0.560308
11.11	22.39	29.40	31.64	3.10	1.61	24.870588	22.694577	23.694204	0.560336
11.11	22.39	29.41	31.66	3.10	1.61	24.876313	22.697414	23.698429	0.560364
11.11	22.39	29.42	31.67	3.10	1.61	24.882041	22.700255	23.702657	0.560392
11.12	22.39	29.43	31.68	3.10	1.61	24.887770	22.703099	23.706888	0.560420
11.12	22.39	29.44	31.69	3.10	1.61	24.893502	22.705948	23.711122	0.560448
11.12	22.40	29.45	31.70	3.10	1.61	24.899237	22.708800	23.715360	0.560475
11.12	22.40	29.46	31.71	3.10	1.61	24.904973	22.711656	23.719600	0.560503
11.13	22.40	29.47	31.72	3.10	1.61	24.910712	22.714516	23.723843	0.560531
11.13	22.40	29.48	31.73	3.10	1.61	24.916453	22.717380	23.728090	0.560559
11.13	22.41	29.49	31.74	3.10	1.61	24.922197	22.720248	23.732340	0.560586
11.14	22.41	29.50	31.75	3.10	1.62	24.927943	22.723119	23.736593	0.560614
11.14	22.41	29.51	31.76	3.10	1.62	24.933690	22.725995	23.740849	0.560642
11.14	22.41	29.52	31.77	3.10	1.62	24.939441	22.728874	23.745108	0.560669
11.14	22.42	29.54	31.78	3.10	1.62	24.945193	22.731757	23.749370	0.560697
11.15	22.42	29.55	31.79	3.10	1.62	24.950948	22.734644	23.753635	0.560724
11.15	22.42	29.56	31.80	3.10	1.62	24.956705	22.737535	23.757903	0.560752
11.15	22.42	29.57	31.81	3.10	1.62	24.962464	22.740429	23.762175	0.560780
11.16	22.43	29.58	31.82	3.10	1.62	24.968225	22.743328	23.766449	0.560807
11.16	22.43	29.59	31.83	3.10	1.62	24.973989	22.746230	23.770727	0.560834
11.16	22.43	29.60	31.84	3.10	1.62	24.979755	22.749136	23.775008	0.560862
11.16	22.43	29.61	31.86	3.10	1.62	24.985523	22.752046	23.779291	0.560889
11.17	22.44	29.62	31.87	3.10	1.62	24.991293	22.754960	23.783578	0.560917
11.17	22.44	29.63	31.88	3.10	1.62	24.997066	22.757877	23.787868	0.560944
11.17	22.44	29.64	31.89	3.10	1.62	25.002841	22.760798	23.792161	0.560971
11.18	22.44	29.65	31.90	3.10	1.62	25.008618	22.763724	23.796457	0.560998
11.18	22.45	29.66	31.91	3.10	1.62	25.014397	22.766652	23.800757	0.561026
11.18	22.45	29.67	31.92	3.10	1.62	25.020178	22.769585	23.805059	0.561053
11.18	22.45	29.68	31.93	3.10	1.62	25.025962	22.772522	23.809364	0.561080
11.19	22.45	29.69	31.94	3.10	1.63	25.031748	22.775462	23.813672	0.561107
11.19	22.45	29.70	31.95	3.10	1.63	25.037536	22.778406	23.817984	0.561134
11.19	22.46	29.71	31.96	3.10	1.63	25.043326	22.781354	23.822298	0.561161
11.19	22.46	29.72	31.97	3.10	1.63	25.049118	22.784306	23.826616	0.561188
11.20	22.46	29.73	31.98	3.10	1.63	25.054913	22.787262	23.830936	0.561216
11.20	22.46	29.74	31.99	3.10	1.63	25.060709	22.790221	23.835260	0.561243
11.20	22.47	29.75	32.00	3.10	1.63	25.066508	22.793184	23.839587	0.561269
11.21	22.47	29.76	32.01	3.10	1.63	25.072309	22.796151	23.843916	0.561296
11.21	22.47	29.77	32.02	3.10	1.63	25.078112	22.799122	23.848249	0.561323
11.21	22.47	29.78	32.03	3.10	1.63	25.083918	22.802097	23.852585	0.561350
11.21	22.48	29.79	32.04	3.10	1.63	25.089725	22.805075	23.856924	0.561377
11.22	22.48	29.80	32.05	3.10	1.63	25.095535	22.808057	23.861265	0.561404
11.22	22.48	29.81	32.06	3.10	1.63	25.101347	22.811043	23.865610	0.561431
11.22	22.48	29.82	32.08	3.10	1.63	25.107161	22.814033	23.869958	0.561458
11.22	22.49	29.83	32.09	3.11	1.63	25.112977	22.817026	23.874309	0.561484
11.23	22.49	29.84	32.10	3.11	1.63	25.118795	22.820024	23.878663	0.561511
11.23	22.49	29.85	32.11	3.11	1.63	25.124616	22.823025	23.883020	0.561538
11.23	22.49	29.86	32.12	3.11	1.63	25.130439	22.826029	23.887380	0.561564
11.24	22.50	29.87	32.13	3.11	1.64	25.136263	22.829038	23.891743	0.561591
11.24	22.50	29.88	32.14	3.11	1.64	25.142090	22.832050	23.896109	0.561618
11.24	22.50	29.89	32.15	3.11	1.64	25.147919	22.835066	23.900478	0.561644
11.24	22.50	29.90	32.16	3.11	1.64	25.153750	22.838086	23.904850	0.561671
11.25	22.51	29.91	32.17	3.11	1.64	25.159583	22.841110	23.909225	0.561697
11.25	22.51	29.92	32.18	3.11	1.64	25.165419	22.844137	23.913603	0.561724
11.25	22.51	29.93	32.19	3.11	1.64	25.171256	22.847169	23.917984	0.561750
11.26	22.51	29.94	32.20	3.11	1.64	25.177096	22.850204	23.922368	0.561777
11.26	22.52	29.95	32.21	3.11	1.64	25.182937	22.853242	23.926754	0.561803
11.26	22.52	29.96	32.22	3.11	1.64	25.188781	22.856285	23.931144	0.561830
11.26	22.52	29.97	32.23	3.11	1.64	25.194627	22.859331	23.935537	0.561856
11.27	22.53	29.98	32.24	3.11	1.64	25.200475	22.862381	23.939933	0.561882
11.27	22.53	29.99	32.25	3.11	1.64	25.206325	22.865435	23.944332	0.561909
11.27	22.53	30.00	32.26	3.11	1.64	25.212177	22.868492	23.948734	0.561935
11.28	22.53	30.01	32.27	3.11	1.64	25.218031	22.871553	23.953139	0.561961
11.28	22.54	30.02	32.28	3.11	1.64	25.223887	22.874618	23.957547	0.561988
11.28	22.54	30.03	32.29	3.11	1.64	25.229745	22.877687	23.961957	0.562014
11.28	22.54	30.04	32.30	3.11	1.64	25.235606	22.880759	23.966371	0.562040
11.29	22.54	30.05	32.32	3.11	1.65	25.241468	22.883835	23.970788	0.562066
11.29	22.55	30.06	32.33	3.11	1.65	25.247333	22.886915	23.975207	0.562092
11.29	22.55	30.07	32.34	3.11	1.65	25.253199	22.889999	23.979630	0.562118
11.29	22.55	30.09	32.35	3.11	1.65	25.259068	22.893086	23.984055	0.562144
11.30	22.55	30.10	32.36	3.11	1.65	25.264939	22.896177	23.988484	0.562170
11.30	22.56	30.11	32.37	3.11	1.65	25.270811	22.899272	23.992915	0.562196
11.30	22.56	30.12	32.38	3.11	1.65	25.276686	22.902371	23.997350	0.562222
11.31	22.56	30.13	32.39	3.11	1.65	25.282563	22.905473	24.001787	0.562248
11.31	22.56	30.14	32.40	3.11	1.65	25.288442	22.908579	24.006227	0.562274
11.31	22.57	30.15	32.41	3.11	1.65	25.294323	22.911689	24.010670	0.562300
11.31	22.57	30.16	32.42	3.11	1.65	25.300205	22.914802	24.015117	0.562326
11.32	22.57	30.17	32.43	3.11	1.65	25.306090	22.917919	24.019566	0.562352
11.32	22.57	30.18	32.44	3.11	1.65	25.311977	22.921040	24.024018	0.562378
11.32	22.58	30.19	32.45	3.11	1.65	25.317866	22.924164	24.028472	0.562404
11.32	22.58	30.20	32.46	3.11	1.65	25.323757	22.927293	24.032930	0.562430
11.33	22.58	30.21	32.47	3.11	1.65	25.329650	22.930425	24.037391	0.562455
11.33	22.59	30.22	32.48	3.11	1.65	25.335545	22.933560	24.041855	0.562481
11.33	22.59	30.23	32.49	3.11	1.65	25.341442	22.936700	24.046321	0.562507
11.34	22.59	30.24	32.50	3.11	1.65	25.347341	22.939843	24.050791	0.562532
11.34	22.59	30.25	32.51	3.11	1.65	25.353242	22.942989	24.055263	0.562558
11.34	22.60	30.26	32.52	3.11	1.66	25.359145	22.946140	24.059738	0.562584
11.34	22.60	30.27	32.53	3.11	1.66	25.365050	22.949294	24.064217	0.562609
11.35	22.60	30.28	32.54	3.11	1.66	25.370957	22.952452	24.068698	0.562635
11.35	22.60	30.29	32.55	3.11	1.66	25.376866	22.955613	24.073182	0.562661
11.35	22.61	30.30	32.56	3.11	1.66	25.382777	22.958779	24.077668	0.562686
11.36	22.61	30.31	32.57	3.11	1.66	25.388690	22.961948	24.082158	0.562712
11.36	22.61	30.32	32.59	3.11	1.66	25.394604	22.965120	24.086651	0.562737
11.36	22.61	30.33	32.60	3.11	1.66	25.400521	22.968296	24.091146	0.562763
11.36	22.62	30.34	32.61	3.11	1.66	25.406440	22.971476	24.095645	0.562788
11.37	22.62	30.35	32.62	3.11	1.66	25.412361	22.974660	24.100146	0.562813
11.37	22.62	30.36	32.63	3.11	1.66	25.418283	22.977847	24.104650	0.562839
11.37	22.63	30.37	32.64	3.11	1.66	25.424208	22.981038	24.109157	0.562864
11.38	22.63	30.38	32.65	3.11	1.66	25.430135	22.984233	24.113667	0.562889
11.38	22.63	30.39	32.66	3.11	1.66	25.436063	22.987431	24.118180	0.562915
11.38	22.63	30.40	32.67	3.11	1.66	25.441994	22.990633	24.122696	0.562940
11.38	22.64	30.41	32.68	3.11	1.66	25.447926	22.993839	24.127214	0.562965
11.39	22.64	30.42	32.69	3.11	1.66	25.453860	22.997048	24.131735	0.562991
11.39	22.64	30.43	32.70	3.11	1.66	25.459796	23.000261	24.136260	0.563016
11.39	22.64	30.44	32.71	3.11	1.66	25.465735	23.003478	24.140787	0.563041
11.39	22.65	30.45	32.72	3.11	1.67	25.471675	23.006698	24.145317	0.563066
11.40	22.65	30.46	32.73	3.11	1.67	25.477617	23.009922	24.149849	0.563091
11.40	22.65	30.47	32.74	3.11	1.67	25.483561	23.013150	24.154385	0.563116
11.40	22.66	30.48	32.75	3.11	1.67	25.489506	23.016381	24.158923	0.563142
11.41	22.66	30.49	32.76	3.11	1.67	25.495454	23.019616	24.163465	0.563167
11.41	22.66	30.50	32.77	3.11	1.67	25.501404	23.022854	24.168009	0.563192
11.41	22.66	30.51	32.78	3.11	1.67	25.507355	23.026097	24.172556	0.563217
11.41	22.67	30.52	32.79	3.11	1.67	25.513309	23.029342	24.177105	0.563242
11.42	22.67	30.53	32.80	3.11	1.67	25.519264	23.032592	24.181658	0.563267
11.42	22.67	30.54	32.81	3.12	1.67	25.525221	23.035845	24.186213	0.563292
11.42	22.67	30.55	32.82	3.12	1.67	25.531180	23.039102	24.190772	0.563316
11.43	22.68	30.56	32.83	3.12	1.67	25.537141	23.042362	24.195333	0.563341
11.43	22.68	30.57	32.84	3.12	1.67	25.543104	23.045626	24.199896	0.563366
11.43	22.68	30.58	32.85	3.12	1.67	25.549069	23.048894	24.204463	0.563391
11.43	22.69	30.59	32.86	3.12	1.67	25.555035	23.052165	24.209033	0.563416
11.44	22.69	30.60	32.87	3.12	1.67	25.561004	23.055440	24.213605	0.563441
11.44	22.69	30.61	32.88	3.12	1.67	25.566974	23.058718	24.218180	0.563466
11.44	22.69	30.62	32.89	3.12	1.67	25.572946	23.062000	24.222758	0.563490
11.44	22.70	30.63	32.90	3.12	1.67	25.578920	23.065286	24.227339	0.563515
11.45	22.70	30.64	32.91	3.12	1.67	25.584896	23.068575	24.231922	0.563540
11.45	22.70	30.65	32.92	3.12	1.67	25.590874	23.071868	24.236508	0.563564
11.45	22.71	30.66	32.93	3.12	1.68	25.596853	23.075165	24.241097	0.563589
11.46	22.71	30.67	32.95	3.12	1.68	25.602835	23.078465	24.245689	0.563614
11.46	22.71	30.68	32.96	3.12	1.68	25.608818	23.081769	24.250284	0.563638
11.46	22.71	30.69	32.97	3.12	1.68	25.614803	23.085076	24.254881	0.563663
11.46	22.72	30.70	32.98	3.12	1.68	25.620790	23.088387	24.259481	0.563687
11.47	22.72	30.71	32.99	3.12	1.68	25.626779	23.091702	24.264084	0.563712
11.47	22.72	30.72	33.00	3.12	1.68	25.632769	23.095020	24.268690	0.563737
11.47	22.73	30.73	33.01	3.12	1.68	25.638761	23.098342	24.273298	0.563761
11.47	22.73	30.74	33.02	3.12	1.68	25.644755	23.101667	24.277910	0.563785
11.48	22.73	30.75	33.03	3.12	1.68	25.650751	23.104996	24.282524	0.563810
11.48	22.73	30.76	33.04	3.12	1.68	25.656749	23.108329	24.287140	0.563834
11.48	22.74	30.77	33.05	3.12	1.68	25.662749	23.111665	24.291760	0.563859
11.49	22.74	30.78	33.06	3.12	1.68	25.668750	23.115005	24.296382	0.563883
11.49	22.74	30.79	33.07	3.12	1.68	25.674753	23.118348	24.301007	0.563907
11.49	22.75	30.80	33.08	3.12	1.68	25.680758	23.121695	24.305635	0.563932
11.49	22.75	30.81	33.09	3.12	1.68	25.686765	23.125046	24.310265	0.563956
11.50	22.75	30.82	33.10	3.12	1.68	25.692773	23.128400	24.314899	0.563980
11.50	22.75	30.83	33.11	3.12	1.68	25.698783	23.131757	24.319535	0.564005
11.50	22.76	30.84	33.12	3.12	1.68	25.704795	23.135118	24.324173	0.564029
11.51	22.76	30.85	33.13	3.12	1.68	25.710809	23.138483	24.328815	0.564053
11.51	22.76	30.86	33.14	3.12	1.68	25.716825	23.141852	24.333459	0.564077
11.51	22.77	30.87	33.15	3.12	1.69	25.722842	23.145224	24.338106	0.564101
11.51	22.77	30.88	33.16	3.12	1.69	25.728861	23.148599	24.342756	0.564126
11.52	22.77	30.89	33.17	3.12	1.69	25.734882	23.151978	24.347408	0.564150
11.52	22.77	30.90	33.18	3.12	1.69	25.740905	23.155361	24.352063	0.564174
11.52	22.78	30.91	33.19	3.12	1.69	25.746929	23.158747	24.356721	0.564198
11.53	22.78	30.92	33.20	3.12	1.69	25.752955	23.162136	24.361381	0.564222
11.53	22.78	30.93	33.21	3.12	1.69	25.758983	23.165530	24.366044	0.564246
11.53	22.79	30.94	33.22	3.12	1.69	25.765012	23.168927	24.370710	0.564270
11.53	22.79	30.95	33.23	3.12	1.69	25.771044	23.172327	24.375379	0.564294
11.54	22.79	30.96	33.24	3.12	1.69	25.777077	23.175731	24.380050	0.564318
11.54	22.79	30.97	33.25	3.12	1.69	25.783111	23.179138	24.384724	0.564342
11.54	22.80	30.98	33.26	3.12	1.69	25.789148	23.182549	24.389401	0.564366
11.54	22.80	30.99	33.27	3.12	1.69	25.795186	23.185964	24.394080	0.564390
11.55	22.80	31.00	33.28	3.12	1.69	25.801226	23.189382	24.398762	0.564414
11.55	22.81	31.01	33.29	3.12	1.69	25.807267	23.192803	24.403447	0.564437
11.55	22.81	31.02	33.30	3.12	1.69	25.813311	23.196229	24.408134	0.564461
11.56	22.81	31.03	33.31	3.12	1.69	25.819356	23.199657	24.412824	0.564485
11.56	22.82	31.04	33.32	3.12	1.69	25.825402	23.203089	24.417517	0.564509
11.56	22.82	31.05	33.33	3.12	1.69	25.831451	23.206525	24.422213	0.564533
11.56	22.82	31.06	33.34	3.12	1.69	25.837501	23.209964	24.426911	0.564556
11.57	22.82	31.07	33.35	3.12	1.69	25.843553	23.213407	24.431612	0.564580
11.57	22.83	31.08	33.36	3.12	1.70	25.849606	23.216853	24.436315	0.564604
11.57	22.83	31.09	33.37	3.12	1.70	25.855661	23.220303	24.441021	0.564628
11.57	22.83	31.10	33.38	3.12	1.70	25.861718	23.223756	24.445730	0.564651
11.58	22.84	31.11	33.39	3.12	1.70	25.867776	23.227213	24.450441	0.564675
11.58	22.84	31.12	33.40	3.12	1.70	25.873836	23.230673	24.455155	0.564698
11.58	22.84	31.13	33.41	3.12	1.70	25.879898	23.234137	24.459872	0.564722
11.59	22.85	31.14	33.42	3.12	1.70	25.885962	23.237605	24.464591	0.564746
11.59	22.85	31.15	33.43	3.12	1.70	25.892027	23.241075	24.469313	0.564769
11.59	22.85	31.16	33.44	3.12	1.70	25.898093	23.244550	24.474038	0.564793
11.59	22.85	31.17	33.45	3.12	1.70	25.904162	23.248028	24.478765	0.564816
11.60	22.86	31.18	33.46	3.12	1.70	25.910232	23.251509	24.483495	0.564840
11.60	22.86	31.19	33.47	3.12	1.70	25.916303	23.254994	24.488228	0.564863
11.60	22.86	31.20	33.48	3.12	1.70	25.922377	23.258482	24.492963	0.564887
11.61	22.87	31.21	33.49	3.12	1.70	25.928452	23.261974	24.497700	0.564910
11.61	22.87	31.22	33.50	3.13	1.70	25.934528	23.265469	24.502441	0.564933
11.61	22.87	31.23	33.51	3.13	1.70	25.940606	23.268968	24.507184	0.564957
11.61	22.88	31.24	33.52	3.13	1.70	25.946686	23.272470	24.511929	0.564980
11.62	22.88	31.25	33.53	3.13	1.70	25.952768	23.275976	24.516678	0.565003
11.62	22.88	31.26	33.54	3.13	1.70	25.958851	23.279485	24.521429	0.565027
11.62	22.88	31.27	33.55	3.13	1.70	25.964935	23.282998	24.526182	0.565050
11.62	22.89	31.28	33.56	3.13	1.70	25.971021	23.286514	24.530938	0.565073
11.63	22.89	31.29	33.57	3.13	1.70	25.977109	23.290033	24.535697	0.565096
11.63	22.89	31.30	33.58	3.13	1.71	25.983199	23.293557	24.540458	0.565120
11.63	22.90	31.31	33.59	3.13	1.71	25.989290	23.297083	24.545222	0.565143
11.64	22.90	31.32	33.60	3.13	1.71	25.995382	23.300613	24.549988	0.565166
11.64	22.90	31.33	33.61	3.13	1.71	26.001477	23.304147	24.554757	0.565189
11.64	22.91	31.34	33.62	3.13	1.71	26.007572	23.307684	24.559529	0.565212
11.64	22.91	31.35	33.63	3.13	1.71	26.013670	23.311224	24.564303	0.565236
11.65	22.91	31.36	33.64	3.13	1.71	26.019769	23.314768	24.569080	0.565259
11.65	22.92	31.37	33.65	3.13	1.71	26.025869	23.318315	24.573859	0.565282
11.65	22.92	31.38	33.66	3.13	1.71	26.031971	23.321866	24.578641	0.565305
11.66	22.92	31.39	33.67	3.13	1.71	26.038075	23.325420	24.583425	0.565328
11.66	22.92	31.40	33.68	3.13	1.71	26.044180	23.328978	24.588212	0.565351
11.66	22.93	31.41	33.69	3.13	1.71	26.050287	23.332539	24.593002	0.565374
11.66	22.93	31.42	33.70	3.13	1.71	26.056395	23.336103	24.597794	0.565397
11.67	22.93	31.43	33.71	3.13	1.71	26.062505	23.339671	24.602589	0.565420
11.67	22.94	31.44	33.72	3.13	1.71	26.068616	23.343243	24.607386	0.565443
11.67	22.94	31.45	33.73	3.13	1.71	26.074729	23.346817	24.612186	0.565466
11.68	22.94	31.46	33.74	3.13	1.71	26.080844	23.350396	24.616988	0.565488
11.68	22.95	31.47	33.75	3.13	1.71	26.086960	23.353977	24.621793	0.565511
11.68	22.95	31.48	33.76	3.13	1.71	26.093077	23.357562	24.626600	0.565534
11.68	22.95	31.49	33.77	3.13	1.71	26.099196	23.361151	24.631410	0.565557
11.69	22.96	31.50	33.78	3.13	1.71	26.105317	23.364743	24.636223	0.565580
11.69	22.96	31.51	33.79	3.13	1.71	26.111439	23.368338	24.641038	0.565603
11.69	22.96	31.52	33.80	3.13	1.71	26.117562	23.371937	24.645855	0.565625
11.69	22.97	31.53	33.81	3.13	1.72	26.123687	23.375539	24.650675	0.565648
11.70	22.97	31.54	33.82	3.13	1.72	26.129814	23.379145	24.655498	0.565671
11.70	22.97	31.55	33.83	3.13	1.72	26.135942	23.382754	24.660323	0.565693
11.70	22.98	31.56	33.84	3.13	1.72	26.142072	23.386366	24.665151	0.565716
11.71	22.98	31.57	33.85	3.13	1.72	26.148203	23.389982	24.669981	0.565739
11.71	22.98	31.58	33.86	3.13	1.72	26.154335	23.393601	24.674813	0.565761
11.71	22.98	31.59	33.87	3.13	1.72	26.160469	23.397224	24.679648	0.565784
11.71	22.99	31.60	33.88	3.13	1.72	26.166605	23.400850	24.684486	0.565807
11.72	22.99	31.61	33.89	3.13	1.72	26.172742	23.404479	24.689326	0.565829
11.72	22.99	31.62	33.90	3.13	1.72	26.178880	23.408112	24.694169	0.565852
11.72	23.00	31.63	33.91	3.13	1.72	26.185020	23.411748	24.699014	0.565874
11.72	23.00	31.64	33.92	3.13	1.72	26.191162	23.415388	24.703862	0.565897
11.73	23.00	31.65	33.93	3.13	1.72	26.197304	23.419031	24.708712	0.565919
11.73	23.01	31.66	33.94	3.13	1.72	26.203449	23.422677	24.713564	0.565942
11.73	23.01	31.66	33.95	3.13	1.72	26.209594	23.426327	24.718419	0.565964
11.74	23.01	31.67	33.96	3.13	1.72	26.215742	23.429980	24.723277	0.565987
11.74	23.02	31.68	33.97	3.13	1.72	26.221890	23.433636	24.728137	0.566009
11.74	23.02	31.69	33.98	3.13	1.72	26.228040	23.437296	24.732999	0.566031
11.74	23.02	31.70	33.99	3.13	1.72	26.234192	23.440959	24.737864	0.566054
11.75	23.03	31.71	34.00	3.13	1.72	26.240345	23.444626	24.742732	0.566076
11.75	23.03	31.72	34.01	3.13	1.72	26.246499	23.448296	24.747602	0.566099
11.75	23.03	31.73	34.02	3.13	1.72	26.252655	23.451969	24.752474	0.566121
11.76	23.04	31.74	34.03	3.13	1.72	26.258812	23.455646	24.757349	0.566143
11.76	23.04	31.75	34.04	3.13	1.72	26.264971	23.459326	24.762226	0.566165
11.76	23.04	31.76	34.05	3.13	1.73	26.271131	23.463009	24.767106	0.566188
11.76	23.05	31.77	34.06	3.13	1.73	26.277293	23.466696	24.771988	0.566210
11.77	23.05	31.78	34.07	3.13	1.73	26.283456	23.470386	24.776873	0.566232
11.77	23.05	31.79	34.08	3.13	1.73	26.289620	23.474080	24.781760	0.566254
11.77	23.06	31.80	34.09	3.13	1.73	26.295786	23.477776	24.786649	0.566276
11.78	23.06	31.81	34.10	3.13	1.73	26.301953	23.481477	24.791541	0.566299
11.78	23.06	31.82	34.11	3.13	1.73	26.308121	23.485180	24.796435	0.566321
11.78	23.07	31.83	34.12	3.13	1.73	26.314291	23.488887	24.801332	0.566343
11.78	23.07	31.84	34.13	3.13	1.73	26.320462	23.492597	24.806231	0.566365
11.79	23.07	31.85	34.14	3.13	1.73	26.326635	23.496310	24.811133	0.566387
11.79	23.07	31.86	34.15	3.14	1.73	26.332809	23.500027	24.816037	0.566409
11.79	23.08	31.87	34.16	3.14	1.73	26.338984	23.503747	24.820943	0.566431
11.79	23.08	31.88	34.17	3.14	1.73	26.345161	23.507471	24.825852	0.566453
11.80	23.08	31.89	34.18	3.14	1.73	26.351339	23.511198	24.830763	0.566475
11.80	23.09	31.90	34.19	3.14	1.73	26.357518	23.514928	24.835677	0.566497
11.80	23.09	31.91	34.20	3.14	1.73	26.363699	23.518661	24.840593	0.566519
11.81	23.09	31.92	34.21	3.14	1.73	26.369881	23.522398	24.845511	0.566541
11.81	23.10	31.93	34.22	3.14	1.73	26.376065	23.526138	24.850432	0.566563
11.81	23.10	31.94	34.23	3.14	1.73	26.382250	23.529881	24.855356	0.566585
11.81	23.10	31.95	34.24	3.14	1.73	26.388436	23.533628	24.860281	0.566607
11.82	23.11	31.96	34.25	3.14	1.73	26.394624	23.537378	24.865209	0.566629
11.82	23.11	31.97	34.26	3.14	1.73	26.400812	23.541131	24.870140	0.566650
11.82	23.11	31.98	34.27	3.14	1.73	26.407003	23.544888	24.875072	0.566672
11.82	23.12	31.99	34.28	3.14	1.73	26.413194	23.548648	24.880007	0.566694
11.83	23.12	32.00	34.29	3.14	1.73	26.419387	23.552411	24.884945	0.566716
11.83	23.12	32.01	34.30	3.14	1.74	26.425581	23.556177	24.889885	0.566738
11.83	23.13	32.02	34.31	3.14	1.74	26.431776	23.559947	24.894827	0.566759
11.84	23.13	32.03	34.32	3.14	1.74	26.437973	23.563720	24.899772	0.566781
11.84	23.13	32.04	34.33	3.14	1.74	26.444171	23.567497	24.904719	0.566803
11.84	23.14	32.05	34.34	3.14	1.74	26.450371	23.571276	24.909668	0.566824
11.84	23.14	32.06	34.35	3.14	1.74	26.456571	23.575059	24.914620	0.566846
11.85	23.14	32.07	34.36	3.14	1.74	26.462773	23.578845	24.919574	0.566868
11.85	23.15	32.08	34.37	3.14	1.74	26.468976	23.582635	24.924530	0.566889
11.85	23.15	32.08	34.38	3.14	1.74	26.475181	23.586428	24.929489	0.566911
11.86	23.15	32.09	34.39	3.14	1.74	26.481387	23.590224	24.934450	0.566933
11.86	23.16	32.10	34.40	3.14	1.74	26.487594	23.594023	24.939413	0.566954
11.86	23.16	32.11	34.41	3.14	1.74	26.493802	23.597825	24.944379	0.566976
11.86	23.16	32.12	34.42	3.14	1.74	26.500012	23.601631	24.949347	0.566997
11.87	23.17	32.13	34.43	3.14	1.74	26.506223	23.605440	24.954318	0.567019
11.87	23.17	32.14	34.44	3.14	1.74	26.512435	23.609253	24.959290	0.567040
11.87	23.17	32.15	34.45	3.14	1.74	26.518648	23.613068	24.964265	0.567062
11.88	23.18	32.16	34.45	3.14	1.74	26.524863	23.616887	24.969243	0.567083
11.88	23.18	32.17	34.46	3.14	1.74	26.531079	23.620709	24.974222	0.567105
11.88	23.19	32.18	34.47	3.14	1.74	26.537296	23.624534	24.979204	0.567126
11.88	23.19	32.19	34.48	3.14	1.74	26.543514	23.628363	24.984189	0.567147
11.89	23.19	32.20	34.49	3.14	1.74	26.549734	23.632195	24.989175	0.567169
11.89	23.20	32.21	34.50	3.14	1.74	26.555955	23.636030	24.994164	0.567190
11.89	23.20	32.22	34.51	3.14	1.74	26.562177	23.639868	24.999155	0.567211
11.89	23.20	32.23	34.52	3.14	1.74	26.568400	23.643710	25.004149	0.567233
11.90	23.21	32.24	34.53	3.14	1.74	26.574624	23.647554	25.009145	0.567254
11.90	23.21	32.25	34.54	3.14	1.75	26.580850	23.651402	25.014143	0.567275
11.90	23.21	32.26	34.55	3.14	1.75	26.587077	23.655254	25.019143	0.567297
11.91	23.22	32.27	34.56	3.14	1.75	26.593305	23.659108	25.024146	0.567318
11.91	23.22	32.28	34.57	3.14	1.75	26.599535	23.662966	25.029151	0.567339
11.91	23.22	32.29	34.58	3.14	1.75	26.605765	23.666827	25.034158	0.567360
11.91	23.23	32.30	34.59	3.14	1.75	26.611997	23.670691	25.039167	0.567382
11.92	23.23	32.31	34.60	3.14	1.75	26.618230	23.674558	25.044179	0.567403
11.92	23.23	32.32	34.61	3.14	1.75	26.624464	23.678429	25.049193	0.567424
11.92	23.24	32.33	34.62	3.14	1.75	26.630699	23.682302	25.054209	0.567445
11.93	23.24	32.34	34.63	3.14	1.75	26.636936	23.686179	25.059228	0.567466
11.93	23.24	32.35	34.64	3.14	1.75	26.643174	23.690060	25.064249	0.567487
11.93	23.25	32.36	34.65	3.14	1.75	26.649412	23.693943	25.069272	0.567508
11.93	23.25	32.36	34.66	3.14	1.75	26.655652	23.697829	25.074297	0.567529
11.94	23.25	32.37	34.67	3.14	1.75	26.661894	23.701719	25.079325	0.567550
11.94	23.26	32.38	34.68	3.14	1.75	26.668136	23.705612	25.084354	0.567571
11.94	23.26	32.39	34.69	3.14	1.75	26.674379	23.709508	25.089386	0.567592
11.94	23.26	32.40	34.70	3.14	1.75	26.680624	23.713408	25.094421	0.567613
11.95	23.27	32.41	34.71	3.14	1.75	26.686870	23.717310	25.099457	0.567634
11.95	23.27	32.42	34.72	3.14	1.75	26.693117	23.721216	25.104496	0.567655
11.95	23.27	32.43	34.73	3.14	1.75	26.699365	23.725125	25.109537	0.567676
11.96	23.28	32.44	34.74	3.14	1.75	26.705614	23.729037	25.114580	0.567697
11.96	23.28	32.45	34.74	3.14	1.75	26.711864	23.732952	25.119625	0.567718
11.96	23.28	32.46	34.75	3.14	1.75	26.718116	23.736870	25.124673	0.567739
11.96	23.29	32.47	34.76	3.15	1.75	26.724368	23.740792	25.129723	0.567760
11.97	23.29	32.48	34.77	3.15	1.75	26.730622	23.744717	25.134775	0.567781
11.97	23.30	32.49	34.78	3.15	1.75	26.736877	23.748645	25.139829	0.567802
11.97	23.30	32.50	34.79	3.15	1.75	26.743133	23.752576	25.144886	0.567822
11.97	23.30	32.51	34.80	3.15	1.76	26.749390	23.756510	25.149944	0.567843
11.98	23.31	32.52	34.81	3.15	1.76	26.755648	23.760448	25.155005	0.567864
11.98	23.31	32.53	34.82	3.15	1.76	26.761907	23.764388	25.160068	0.567885
11.98	23.31	32.54	34.83	3.15	1.76	26.768168	23.768332	25.165133	0.567905
11.99	23.32	32.55	34.84	3.15	1.76	26.774429	23.772279	25.170201	0.567926
11.99	23.32	32.56	34.85	3.15	1.76	26.780692	23.776229	25.175270	0.567947
11.99	23.32	32.57	34.86	3.15	1.76	26.786955	23.780182	25.180342	0.567968
11.99	23.33	32.58	34.87	3.15	1.76	26.793220	23.784138	25.185416	0.567988
12.00	23.33	32.59	34.88	3.15	1.76	26.799486	23.788098	25.190492	0.568009
12.00	23.33	32.59	34.89	3.15	1.76	26.805753	23.792060	25.195571	0.568029
12.00	23.34	32.60	34.90	3.15	1.76	26.812021	23.796026	25.200651	0.568050
12.01	23.34	32.61	34.92	3.15	1.76	26.818290	23.799995	25.205734	0.568071
12.01	23.34	32.62	34.93	3.15	1.76	26.824560	23.803967	25.210819	0.568091
12.01	23.35	32.63	34.95	3.15	1.76	26.830831	23.807942	25.215906	0.568112
12.01	23.35	32.64	34.96	3.15	1.76	26.837103	23.811920	25.220995	0.568132
12.02	23.36	32.65	34.98	3.15	1.76	26.843376	23.815901	25.226086	0.568153
12.02	23.36	32.66	34.99	3.15	1.76	26.849650	23.819886	25.231179	0.568173
12.02	23.36	32.67	35.01	3.15	1.76	26.855926	23.823873	25.236275	0.568194
12.03	23.37	32.68	35.02	3.15	1.76	26.862202	23.827864	25.241373	0.568214
12.03	23.37	32.69	35.04	3.15	1.76	26.868480	23.831858	25.246473	0.568235
12.03	23.37	32.70	35.06	3.15	1.76	26.874760	23.835855	25.251575	0.568255
12.03	23.38	32.71	35.07	3.15	1.76	26.881041	23.839855	25.256679	0.568276
12.04	23.38	32.72	35.09	3.15	1.76	26.887324	23.843858	25.261785	0.568296
12.04	23.38	32.73	35.10	3.15	1.76	26.893609	23.847864	25.266894	0.568316
12.04	23.39	32.74	35.12	3.15	1.76	26.899896	23.851873	25.272005	0.568337
12.04	23.39	32.75	35.13	3.15	1.76	26.906185	23.855886	25.277118	0.568357
12.05	23.39	32.76	35.15	3.15	1.76	26.912478	23.859901	25.282234	0.568378
12.05	23.40	32.77	35.16	3.15	1.77	26.918773	23.863920	25.287352	0.568398
12.05	23.40	32.78	35.18	3.15	1.77	26.925071	23.867942	25.292472	0.568418
12.06	23.41	32.79	35.19	3.15	1.77	26.931373	23.871966	25.297595	0.568439
12.06	23.41	32.79	35.21	3.15	1.77	26.937679	23.875994	25.302721	0.568459
12.06	23.41	32.80	35.22	3.15	1.77	26.943989	23.880025	25.307849	0.568479
12.06	23.42	32.81	35.24	3.15	1.77	26.950302	23.884059	25.312980	0.568500
12.07	23.42	32.82	35.25	3.15	1.77	26.956620	23.888096	25.318113	0.568520
12.07	23.42	32.83	35.27	3.15	1.77	26.962943	23.892137	25.323249	0.568541
12.07	23.43	32.84	35.28	3.15	1.77	26.969270	23.896180	25.328388	0.568561
12.07	23.43	32.85	35.30	3.15	1.77	26.975602	23.900226	25.333530	0.568581
12.08	23.43	32.86	35.31	3.15	1.77	26.981939	23.904275	25.338675	0.568602
12.08	23.44	32.87	35.33	3.15	1.77	26.988281	23.908328	25.343822	0.568622
12.08	23.44	32.88	35.34	3.15	1.77	26.994629	23.912383	25.348973	0.568643
12.09	23.45	32.89	35.36	3.15	1.77	27.000982	23.916442	25.354127	0.568663
12.09	23.45	32.90	35.37	3.15	1.77	27.007341	23.920504	25.359284	0.568684
12.09	23.45	32.91	35.39	3.15	1.77	27.013705	23.924569	25.364444	0.568704
12.09	23.46	32.92	35.40	3.15	1.77	27.020075	23.928636	25.369608	0.568725
12.10	23.46	32.93	35.42	3.15	1.77	27.026452	23.932707	25.374775	0.568745
12.10	23.46	32.94	35.43	3.15	1.77	27.032834	23.936781	25.379945	0.568766
12.10	23.47	32.95	35.45	3.15	1.77	27.039223	23.940858	25.385118	0.568786
12.11	23.47	32.96	35.46	3.15	1.77	27.045618	23.944938	25.390295	0.568807
12.11	23.48	32.96	35.48	3.15	1.77	27.052019	23.949021	25.395476	0.568827
12.11	23.48	32.97	35.49	3.15	1.77	27.058426	23.953108	25.400660	0.568848
12.11	23.48	32.98	35.51	3.15	1.77	27.064841	23.957197	25.405848	0.568868
12.12	23.49	32.99	35.52	3.15	1.77	27.071261	23.961289	25.411040	0.568889
12.12	23.49	33.00	35.54	3.15	1.77	27.077689	23.965385	25.416235	0.568910
12.12	23.49	33.01	35.55	3.15	1.77	27.084123	23.969483	25.421434	0.568930
12.12	23.50	33.02	35.57	3.15	1.77	27.090564	23.973585	25.426637	0.568951
12.13	23.50	33.03	35.58	3.15	1.78	27.097012	23.977690	25.431844	0.568972
12.13	23.50	33.04	35.60	3.15	1.78	27.103466	23.981797	25.437055	0.568993
12.13	23.51	33.05	35.61	3.16	1.78	27.109928	23.985908	25.442269	0.569013
12.14	23.51	33.06	35.63	3.16	1.78	27.116396	23.990022	25.447488	0.569034
12.14	23.52	33.07	35.64	3.16	1.78	27.122871	23.994139	25.452711	0.569055
12.14	23.52	33.08	35.66	3.16	1.78	27.129354	23.998260	25.457938	0.569076
12.14	23.52	33.09	35.67	3.16	1.78	27.135843	24.002383	25.463169	0.569097
12.15	23.53	33.10	35.69	3.16	1.78	27.142340	24.006509	25.468404	0.569117
12.15	23.53	33.11	35.70	3.16	1.78	27.148844	24.010639	25.473643	0.569138
12.15	23.53	33.11	35.72	3.16	1.78	27.155354	24.014772	25.478887	0.569159
12.16	23.54	33.12	35.73	3.16	1.78	27.161872	24.018907	25.484134	0.569180
12.16	23.54	33.13	35.75	3.16	1.78	27.168398	24.023046	25.489387	0.569201
12.16	23.55	33.14	35.76	3.16	1.78	27.174930	24.027188	25.494643	0.569222
12.16	23.55	33.15	35.78	3.16	1.78	27.181469	24.031334	25.499904	0.569243
12.17	23.55	33.16	35.79	3.16	1.78	27.188016	24.035482	25.505169	0.569264
12.17	23.56	33.17	35.81	3.16	1.78	27.194570	24.039634	25.510439	0.569285
12.17	23.56	33.18	35.82	3.16	1.78	27.201131	24.043789	25.515713	0.569306
12.18	23.56	33.19	35.84	3.16	1.78	27.207700	24.047947	25.520992	0.569327
12.18	23.57	33.20	35.85	3.16	1.78	27.214276	24.052108	25.526275	0.569349
12.18	23.57	33.21	35.87	3.16	1.78	27.220859	24.056272	25.531563	0.569370
12.18	23.58	33.22	35.88	3.16	1.78	27.227449	24.060440	25.536855	0.569391
12.19	23.58	33.23	35.90	3.16	1.78	27.234046	24.064610	25.542152	0.569412
12.19	23.58	33.24	35.91	3.16	1.78	27.240651	24.068784	25.547454	0.569433
12.19	23.59	33.25	35.92	3.16	1.78	27.247263	24.072962	25.552760	0.569455
12.19	23.59	33.25	35.94	3.16	1.78	27.253883	24.077142	25.558071	0.569476
12.20	23.59	33.26	35.95	3.16	1.78	27.260509	24.081326	25.563387	0.569497
12.20	23.60	33.27	35.97	3.16	1.78	27.267143	24.085513	25.568707	0.569518
12.20	23.60	33.28	35.98	3.16	1.79	27.273784	24.089703	25.574032	0.569540
12.21	23.61	33.29	36.00	3.16	1.79	27.280432	24.093896	25.579362	0.569561
12.21	23.61	33.30	36.01	3.16	1.79	27.287088	24.098093	25.584697	0.569582
12.21	23.61	33.31	36.03	3.16	1.79	27.293751	24.102293	25.590036	0.569604
12.21	23.62	33.32	36.04	3.16	1.79	27.300421	24.106497	25.595380	0.569625
12.22	23.62	33.33	36.06	3.16	1.79	27.307098	24.110703	25.600729	0.569647
12.22	23.62	33.34	36.07	3.16	1.79	27.313783	24.114913	25.606083	0.569668
12.22	23.63	33.35	36.09	3.16	1.79	27.320475	24.119126	25.611442	0.569690
12.22	23.63	33.36	36.10	3.16	1.79	27.327174	24.123343	25.616806	0.569711
12.23	23.64	33.37	36.12	3.16	1.79	27.333880	24.127563	25.622174	0.569733
12.23	23.64	33.38	36.13	3.16	1.79	27.340593	24.131786	25.627548	0.569754
12.23	23.64	33.38	36.15	3.16	1.79	27.347314	24.136013	25.632926	0.569776
12.24	23.65	33.39	36.16	3.16	1.79	27.354041	24.140243	25.638309	0.569797
12.24	23.65	33.40	36.18	3.16	1.79	27.360776	24.144476	25.643698	0.569819
12.24	23.66	33.41	36.19	3.16	1.79	27.367518	24.148713	25.649091	0.569841
12.24	23.66	33.42	36.21	3.16	1.79	27.374267	24.152953	25.654489	0.569862
12.25	23.66	33.43	36.22	3.16	1.79	27.381023	24.157196	25.659892	0.569884
12.25	23.67	33.44	36.24	3.16	1.79	27.387787	24.161443	25.665300	0.569906
12.25	23.67	33.45	36.25	3.16	1.79	27.394557	24.165694	25.670713	0.569927
12.26	23.67	33.46	36.27	3.16	1.79	27.401334	24.169947	25.676132	0.569949
12.26	23.68	33.47	36.28	3.16	1.79	27.408119	24.174204	25.681555	0.569971
12.26	23.68	33.48	36.29	3.16	1.79	27.414911	24.178465	25.686983	0.569993
12.26	23.69	33.49	36.31	3.16	1.79	27.421709	24.182729	25.692416	0.570014
12.27	23.69	33.50	36.32	3.16	1.79	27.428515	24.186996	25.697854	0.570036
12.27	23.69	33.50	36.34	3.16	1.79	27.435327	24.191267	25.703298	0.570058
12.27	23.70	33.51	36.35	3.16	1.79	27.442147	24.195542	25.708746	0.570080
12.28	23.70	33.52	36.37	3.16	1.79	27.448973	24.199819	25.714200	0.570102
12.28	23.71	33.53	36.38	3.16	1.80	27.455807	24.204101	25.719658	0.570124
12.28	23.71	33.54	36.40	3.16	1.80	27.462647	24.208386	25.725122	0.570146
12.28	23.71	33.55	36.41	3.16	1.80	27.469495	24.212674	25.730590	0.570168
12.29	23.72	33.56	36.43	3.16	1.80	27.476349	24.216966	25.736064	0.570189
12.29	23.72	33.57	36.44	3.16	1.80	27.483210	24.221261	25.741543	0.570211
12.29	23.72	33.58	36.46	3.16	1.80	27.490078	24.225560	25.747027	0.570233
12.29	23.73	33.59	36.47	3.17	1.80	27.496953	24.229862	25.752516	0.570255
12.30	23.73	33.60	36.49	3.17	1.80	27.503835	24.234168	25.758010	0.570277
12.30	23.74	33.61	36.50	3.17	1.80	27.510723	24.238477	25.763509	0.570299
12.30	23.74	33.62	36.52	3.17	1.80	27.517618	24.242790	25.769013	0.570322
12.31	23.74	33.62	36.53	3.17	1.80	27.524520	24.247106	25.774522	0.570344
12.31	23.75	33.63	36.54	3.17	1.80	27.531429	24.251426	25.780037	0.570366
12.31	23.75	33.64	36.56	3.17	1.80	27.538345	24.255750	25.785556	0.570388
12.31	23.76	33.65	36.57	3.17	1.80	27.545267	24.260077	25.791081	0.570410
12.32	23.76	33.66	36.59	3.17	1.80	27.552196	24.264408	25.796611	0.570432
12.32	23.76	33.67	36.60	3.17	1.80	27.559132	24.268742	25.802146	0.570454
12.32	23.77	33.68	36.62	3.17	1.80	27.566074	24.273080	25.807686	0.570476
12.32	23.77	33.69	36.63	3.17	1.80	27.573023	24.277421	25.813231	0.570498
12.33	23.78	33.70	36.65	3.17	1.80	27.579979	24.281766	25.818781	0.570521
12.33	23.78	33.71	36.66	3.17	1.80	27.586941	24.286115	25.824336	0.570543
12.33	23.78	33.72	36.68	3.17	1.80	27.593910	24.290467	25.829897	0.570565
12.34	23.79	33.72	36.69	3.17	1.80	27.600886	24.294823	25.835462	0.570587
12.34	23.79	33.73	36.71	3.17	1.80	27.607868	24.299183	25.841033	0.570610
12.34	23.80	33.74	36.72	3.17	1.80	27.614857	24.303546	25.846609	0.570632
12.34	23.80	33.75	36.73	3.17	1.80	27.621852	24.307913	25.852190	0.570654
12.35	23.80	33.76	36.75	3.17	1.81	27.628853	24.312283	25.857776	0.570676
12.35	23.81	33.77	36.76	3.17	1.81	27.635861	24.316657	25.863367	0.570699
12.35	23.81	33.78	36.78	3.17	1.81	27.642876	24.321035	25.868963	0.570721
12.36	23.82	33.79	36.79	3.17	1.81	27.649897	24.325416	25.874564	0.570743
12.36	23.82	33.80	36.81	3.17	1.81	27.656925	24.329801	25.880170	0.570766
12.36	23.82	33.81	36.82	3.17	1.81	27.663959	24.334190	25.885782	0.570788
12.36	23.83	33.82	36.84	3.17	1.81	27.670999	24.338582	25.891398	0.570811
12.37	23.83	33.82	36.85	3.17	1.81	27.678046	24.342978	25.897020	0.570833
12.37	23.84	33.83	36.87	3.17	1.81	27.685099	24.347378	25.902647	0.570855
12.37	23.84	33.84	36.88	3.17	1.81	27.692158	24.351781	25.908279	0.570878
12.38	23.84	33.85	36.89	3.17	1.81	27.699224	24.356188	25.913915	0.570900
12.38	23.85	33.86	36.91	3.17	1.81	27.706296	24.360599	25.919557	0.570923
12.38	23.85	33.87	36.92	3.17	1.81	27.713374	24.365014	25.925205	0.570945
12.38	23.86	33.88	36.94	3.17	1.81	27.720459	24.369432	25.930857	0.570968
12.39	23.86	33.89	36.95	3.17	1.81	27.727550	24.373854	25.936514	0.570990
12.39	23.86	33.90	36.97	3.17	1.81	27.734647	24.378279	25.942176	0.571013
12.39	23.87	33.91	36.98	3.17	1.81	27.741750	24.382709	25.947843	0.571035
12.39	23.87	33.92	37.00	3.17	1.81	27.748860	24.387142	25.953516	0.571058
12.40	23.88	33.92	37.01	3.17	1.81	27.755975	24.391579	25.959193	0.571080
12.40	23.88	33.93	37.02	3.17	1.81	27.763097	24.396019	25.964876	0.571103
12.40	23.88	33.94	37.04	3.17	1.81	27.770225	24.400463	25.970563	0.571125
12.41	23.89	33.95	37.05	3.17	1.81	27.777359	24.404911	25.976256	0.571148
12.41	23.89	33.96	37.07	3.17	1.81	27.784499	24.409363	25.981953	0.571170
12.41	23.90	33.97	37.08	3.17	1.81	27.791646	24.413819	25.987656	0.571193
12.41	23.90	33.98	37.10	3.17	1.81	27.798798	24.418278	25.993364	0.571215
12.42	23.90	33.99	37.11	3.17	1.81	27.805956	24.422741	25.999076	0.571238
12.42	23.91	34.00	37.13	3.17	1.82	27.813121	24.427208	26.004794	0.571261
12.42	23.91	34.01	37.14	3.17	1.82	27.820291	24.431679	26.010517	0.571283
12.43	23.92	34.01	37.15	3.17	1.82	27.827468	24.436153	26.016244	0.571306
12.43	23.92	34.02	37.17	3.17	1.82	27.834650	24.440631	26.021977	0.571329
12.43	23.92	34.03	37.18	3.17	1.82	27.841838	24.445113	26.027715	0.571351
12.43	23.93	34.04	37.20	3.17	1.82	27.849032	24.449599	26.033457	0.571374
12.44	23.93	34.05	37.21	3.17	1.82	27.856233	24.454088	26.039205	0.571397
12.44	23.94	34.06	37.23	3.17	1.82	27.863439	24.458581	26.044958	0.571419
12.44	23.94	34.07	37.24	3.17	1.82	27.870651	24.463079	26.050715	0.571442
12.44	23.94	34.08	37.26	3.17	1.82	27.877868	24.467579	26.056478	0.571465
12.45	23.95	34.09	37.27	3.18	1.82	27.885092	24.472084	26.062245	0.571487
12.45	23.95	34.09	37.28	3.18	1.82	27.892321	24.476593	26.068018	0.571510
12.45	23.96	34.10	37.30	3.18	1.82	27.899557	24.481105	26.073795	0.571533
12.46	23.96	34.11	37.31	3.18	1.82	27.906798	24.485621	26.079578	0.571556
12.46	23.96	34.12	37.33	3.18	1.82	27.914045	24.490141	26.085365	0.571578
12.46	23.97	34.13	37.34	3.18	1.82	27.921297	24.494665	26.091157	0.571601
12.46	23.97	34.14	37.36	3.18	1.82	27.928555	24.499192	26.096955	0.571624
12.47	23.98	34.15	37.37	3.18	1.82	27.935819	24.503724	26.102757	0.571647
12.47	23.98	34.16	37.39	3.18	1.82	27.943089	24.508259	26.108564	0.571669
12.47	23.98	34.17	37.40	3.18	1.82	27.950365	24.512798	26.114376	0.571692
12.47	23.99	34.18	37.41	3.18	1.82	27.957646	24.517341	26.120192	0.571715
12.48	23.99	34.18	37.43	3.18	1.82	27.964932	24.521888	26.126014	0.571738
12.48	24.00	34.19	37.44	3.18	1.82	27.972225	24.526438	26.131841	0.571761
12.48	24.00	34.20	37.46	3.18	1.82	27.979522	24.530993	26.137672	0.571783
12.49	24.01	34.21	37.47	3.18	1.82	27.986826	24.535551	26.143509	0.571806
12.49	24.01	34.22	37.49	3.18	1.83	27.994135	24.540113	26.149350	0.571829
12.49	24.01	34.23	37.50	3.18	1.83	28.001450	24.544679	26.155196	0.571852
12.49	24.02	34.24	37.51	3.18	1.83	28.008770	24.549249	26.161047	0.571875
12.50	24.02	34.25	37.53	3.18	1.83	28.016095	24.553823	26.166903	0.571898
12.50	24.03	34.26	37.54	3.18	1.83	28.023427	24.558401	26.172763	0.571920
12.50	24.03	34.26	37.56	3.18	1.83	28.030763	24.562982	26.178629	0.571943
12.51	24.03	34.27	37.57	3.18	1.83	28.038105	24.567567	26.184499	0.571966
12.51	24.04	34.28	37.59	3.18	1.83	28.045453	24.572157	26.190374	0.571989
12.51	24.04	34.29	37.60	3.18	1.83	28.052806	24.576750	26.196254	0.572012
12.51	24.05	34.30	37.61	3.18	1.83	28.060164	24.581347	26.202139	0.572035
12.52	24.05	34.31	37.63	3.18	1.83	28.067528	24.585947	26.208029	0.572058
12.52	24.06	34.32	37.64	3.18	1.83	28.074897	24.590552	26.213923	0.572081
12.52	24.06	34.33	37.66	3.18	1.83	28.082272	24.595161	26.219822	0.572103
12.53	24.06	34.33	37.67	3.18	1.83	28.089651	24.599773	26.225726	0.572126
12.53	24.07	34.34	37.68	3.18	1.83	28.097036	24.604390	26.231635	0.572149
12.53	24.07	34.35	37.70	3.18	1.83	28.104427	24.609010	26.237548	0.572172
12.53	24.08	34.36	37.71	3.18	1.83	28.111823	24.613634	26.243466	0.572195
12.54	24.08	34.37	37.73	3.18	1.83	28.119224	24.618262	26.249389	0.572218
12.54	24.08	34.38	37.74	3.18	1.83	28.126630	24.622894	26.255317	0.572241
12.54	24.09	34.39	37.76	3.18	1.83	28.134041	24.627530	26.261250	0.572264
12.54	24.09	34.40	37.77	3.18	1.83	28.141458	24.632170	26.267187	0.572287
12.55	24.10	34.41	37.78	3.18	1.83	28.148880	24.636813	26.273129	0.572310
12.55	24.10	34.41	37.80	3.18	1.83	28.156307	24.641461	26.279075	0.572333
12.55	24.11	34.42	37.81	3.18	1.83	28.163739	24.646112	26.285027	0.572356
12.56	24.11	34.43	37.83	3.18	1.83	28.171177	24.650768	26.290983	0.572379
12.56	24.11	34.44	37.84	3.18	1.83	28.178619	24.655427	26.296943	0.572402
12.56	24.12	34.45	37.85	3.18	1.84	28.186067	24.660090	26.302909	0.572425
12.56	24.12	34.46	37.87	3.18	1.84	28.193519	24.664757	26.308879	0.572448
12.57	24.13	34.47	37.88	3.18	1.84	28.200977	24.669428	26.314854	0.572470
12.57	24.13	34.48	37.90	3.18	1.84	28.208440	24.674103	26.320833	0.572493
12.57	24.13	34.48	37.91	3.18	1.84	28.215908	24.678782	26.326817	0.572516
12.57	24.14	34.49	37.93	3.18	1.84	28.223381	24.683465	26.332806	0.572539
12.58	24.14	34.50	37.94	3.18	1.84	28.230859	24.688152	26.338799	0.572562
12.58	24.15	34.51	37.95	3.18	1.84	28.238342	24.692842	26.344797	0.572585
12.58	24.15	34.52	37.97	3.18	1.84	28.245830	24.697537	26.350800	0.572608
12.59	24.16	34.53	37.98	3.18	1.84	28.253322	24.702235	26.356807	0.572631
12.59	24.16	34.54	38.00	3.18	1.84	28.260820	24.706938	26.362819	0.572654
12.59	24.16	34.55	38.01	3.19	1.84	28.268323	24.711644	26.368836	0.572677
12.59	24.17	34.55	38.02	3.19	1.84	28.275831	24.716354	26.374857	0.572700
12.60	24.17	34.56	38.04	3.19	1.84	28.283343	24.721069	26.380883	0.572723
12.60	24.18	34.57	38.05	3.19	1.84	28.290860	24.725787	26.386913	0.572746
12.60	24.18	34.58	38.07	3.19	1.84	28.298383	24.730509	26.392948	0.572769
12.61	24.19	34.59	38.08	3.19	1.84	28.305910	24.735235	26.398987	0.572792
12.61	24.19	34.60	38.09	3.19	1.84	28.313442	24.739965	26.405031	0.572815
12.61	24.19	34.61	38.11	3.19	1.84	28.320978	24.744699	26.411080	0.572838
12.61	24.20	34.61	38.12	3.19	1.84	28.328520	24.749437	26.417133	0.572861
12.62	24.20	34.62	38.14	3.19	1.84	28.336066	24.754178	26.423190	0.572884
12.62	24.21	34.63	38.15	3.19	1.84	28.343617	24.758924	26.429253	0.572907
12.62	24.21	34.64	38.16	3.19	1.84	28.351173	24.763674	26.435319	0.572930
12.62	24.22	34.65	38.18	3.19	1.84	28.358734	24.768428	26.441391	0.572953
12.63	24.22	34.66	38.19	3.19	1.84	28.366299	24.773185	26.447466	0.572976
12.63	24.22	34.67	38.21	3.19	1.85	28.373869	24.777947	26.453546	0.573000
12.63	24.23	34.68	38.22	3.19	1.85	28.381444	24.782712	26.459631	0.573023
12.64	24.23	34.68	38.23	3.19	1.85	28.389023	24.787482	26.465720	0.573046
12.64	24.24	34.69	38.25	3.19	1.85	28.396607	24.792255	26.471814	0.573069
12.64	24.24	34.70	38.26	3.19	1.85	28.404195	24.797032	26.477912	0.573092
12.64	24.25	34.71	38.28	3.19	1.85	28.411788	24.801814	26.484015	0.573115
12.65	24.25	34.72	38.29	3.19	1.85	28.419386	24.806599	26.490122	0.573138
12.65	24.25	34.73	38.30	3.19	1.85	28.426989	24.811388	26.496233	0.573161
12.65	24.26	34.74	38.32	3.19	1.85	28.434595	24.816181	26.502349	0.573184
12.66	24.26	34.74	38.33	3.19	1.85	28.442207	24.820979	26.508470	0.573207
12.66	24.27	34.75	38.35	3.19	1.85	28.449823	24.825780	26.514595	0.573230
12.66	24.27	34.76	38.36	3.19	1.85	28.457443	24.830585	26.520724	0.573253
12.66	24.28	34.77	38.37	3.19	1.85	28.465069	24.835394	26.526858	0.573276
12.67	24.28	34.78	38.39	3.19	1.85	28.472698	24.840207	26.532996	0.573299
12.67	24.28	34.79	38.40	3.19	1.85	28.480332	24.845024	26.539138	0.573322
12.67	24.29	34.80	38.42	3.19	1.85	28.487970	24.849845	26.545285	0.573345
12.68	24.29	34.80	38.43	3.19	1.85	28.495613	24.854670	26.551436	0.573368
12.68	24.30	34.81	38.44	3.19	1.85	28.503261	24.859498	26.557592	0.573391
12.68	24.30	34.82	38.46	3.19	1.85	28.510912	24.864331	26.563752	0.573414
12.68	24.31	34.83	38.47	3.19	1.85	28.518568	24.869168	26.569916	0.573437
12.69	24.31	34.84	38.49	3.19	1.85	28.526229	24.874009	26.576085	0.573460
12.69	24.32	34.85	38.50	3.19	1.85	28.533894	24.878853	26.582258	0.573483
12.69	24.32	34.86	38.51	3.19	1.85	28.541563	24.883702	26.588435	0.573506
12.69	24.32	34.86	38.53	3.19	1.85	28.549236	24.888555	26.594617	0.573529
12.70	24.33	34.87	38.54	3.19	1.85	28.556914	24.893411	26.600803	0.573552
12.70	24.33	34.88	38.55	3.19	1.85	28.564596	24.898272	26.606993	0.573575
12.70	24.34	34.89	38.57	3.19	1.86	28.572283	24.903137	26.613188	0.573598
12.71	24.34	34.90	38.58	3.19	1.86	28.579974	24.908005	26.619387	0.573621
12.71	24.35	34.91	38.60	3.19	1.86	28.587668	24.912878	26.625590	0.573644
12.71	24.35	34.92	38.61	3.19	1.86	28.595368	24.917754	26.631797	0.573667
12.71	24.36	34.92	38.62	3.19	1.86	28.603071	24.922635	26.638009	0.573690
12.72	24.36	34.93	38.64	3.19	1.86	28.610779	24.927519	26.644225	0.573713
12.72	24.36	34.94	38.65	3.19	1.86	28.618490	24.932407	26.650445	0.573736
12.72	24.37	34.95	38.66	3.19	1.86	28.626206	24.937300	26.656670	0.573759
12.72	24.37	34.96	38.68	3.19	1.86	28.633927	24.942196	26.662899	0.573782
12.73	24.38	34.97	38.69	3.19	1.86	28.641651	24.947096	26.669132	0.573805
12.73	24.38	34.98	38.71	3.20	1.86	28.649379	24.952001	26.675369	0.573828
12.73	24.39	34.98	38.72	3.20	1.86	28.657112	24.956909	26.681611	0.573851
12.74	24.39	34.99	38.73	3.20	1.86	28.664849	24.961821	26.687856	0.573874
12.74	24.39	35.00	38.75	3.20	1.86	28.672589	24.966738	26.694106	0.573897
12.74	24.40	35.01	38.76	3.20	1.86	28.680334	24.971658	26.700360	0.573920
12.74	24.40	35.02	38.77	3.20	1.86	28.688083	24.976582	26.706619	0.573943
12.75	24.41	35.03	38.79	3.20	1.86	28.695836	24.981510	26.712881	0.573966
12.75	24.41	35.03	38.80	3.20	1.86	28.703593	24.986442	26.719148	0.573989
12.75	24.42	35.04	38.82	3.20	1.86	28.711354	24.991378	26.725419	0.574012
12.76	24.42	35.05	38.83	3.20	1.86	28.719119	24.996318	26.731694	0.574035
12.76	24.43	35.06	38.84	3.20	1.86	28.726888	25.001262	26.737973	0.574058
12.76	24.43	35.07	38.86	3.20	1.86	28.734661	25.006210	26.744256	0.574081
12.76	24.44	35.08	38.87	3.20	1.86	28.742438	25.011162	26.750544	0.574104
12.77	24.44	35.09	38.88	3.20	1.86	28.750218	25.016118	26.756835	0.574127
12.77	24.44	35.09	38.90	3.20	1.86	28.758003	25.021078	26.763131	0.574150
12.77	24.45	35.10	38.91	3.20	1.86	28.765792	25.026042	26.769431	0.574173
12.78	24.45	35.11	38.93	3.20	1.87	28.773584	25.031010	26.775735	0.574196
12.78	24.46	35.12	38.94	3.20	1.87	28.781381	25.035982	26.782043	0.574219
12.78	24.46	35.13	38.95	3.20	1.87	28.789181	25.040958	26.788355	0.574242
12.78	24.47	35.14	38.97	3.20	1.87	28.796985	25.045938	26.794671	0.574265
12.79	24.47	35.14	38.98	3.20	1.87	28.804793	25.050921	26.800991	0.574288
12.79	24.48	35.15	38.99	3.20	1.87	28.812605	25.055909	26.807316	0.574310
12.79	24.48	35.16	39.01	3.20	1.87	28.820421	25.060901	26.813644	0.574333
12.79	24.48	35.17	39.02	3.20	1.87	28.828240	25.065897	26.819977	0.574356
12.80	24.49	35.18	39.03	3.20	1.87	28.836063	25.070896	26.826313	0.574379
12.80	24.49	35.19	39.05	3.20	1.87	28.843890	25.075900	26.832654	0.574402
12.80	24.50	35.19	39.06	3.20	1.87	28.851721	25.080908	26.838999	0.574425
12.81	24.50	35.20	39.08	3.20	1.87	28.859555	25.085919	26.845347	0.574448
12.81	24.51	35.21	39.09	3.20	1.87	28.867394	25.090935	26.851700	0.574471
12.81	24.51	35.22	39.10	3.20	1.87	28.875235	25.095954	26.858057	0.574494
12.81	24.52	35.23	39.12	3.20	1.87	28.883081	25.100978	26.864417	0.574517
12.82	24.52	35.24	39.13	3.20	1.87	28.890930	25.106005	26.870782	0.574540
12.82	24.53	35.24	39.14	3.20	1.87	28.898783	25.111037	26.877151	0.574563
12.82	24.53	35.25	39.16	3.20	1.87	28.906640	25.116072	26.883523	0.574585
12.82	24.53	35.26	39.17	3.20	1.87	28.914500	25.121112	26.889900	0.574608
12.83	24.54	35.27	39.18	3.20	1.87	28.922364	25.126155	26.896281	0.574631
12.83	24.54	35.28	39.20	3.20	1.87	28.930232	25.131202	26.902665	0.574654
12.83	24.55	35.29	39.21	3.20	1.87	28.938103	25.136254	26.909054	0.574677
12.84	24.55	35.29	39.22	3.20	1.87	28.945977	25.141309	26.915446	0.574700
12.84	24.56	35.30	39.24	3.20	1.87	28.953856	25.146368	26.921843	0.574723
12.84	24.56	35.31	39.25	3.20	1.87	28.961737	25.151432	26.928243	0.574745
12.84	24.57	35.32	39.26	3.20	1.87	28.969623	25.156499	26.934647	0.574768
12.85	24.57	35.33	39.28	3.20	1.88	28.977512	25.161570	26.941056	0.574791
12.85	24.58	35.34	39.29	3.20	1.88	28.985404	25.166645	26.947468	0.574814
12.85	24.58	35.34	39.31	3.20	1.88	28.993300	25.171724	26.953884	0.574837
12.86	24.58	35.35	39.32	3.20	1.88	29.001199	25.176807	26.960304	0.574860
12.86	24.59	35.36	39.33	3.20	1.88	29.009102	25.181894	26.966727	0.574882
12.86	24.59	35.37	39.35	3.20	1.88	29.017009	25.186985	26.973155	0.574905
12.86	24.60	35.38	39.36	3.20	1.88	29.024918	25.192080	26.979587	0.574928
12.87	24.60	35.39	39.37	3.21	1.88	29.032832	25.197179	26.986022	0.574951
12.87	24.61	35.39	39.39	3.21	1.88	29.040748	25.202282	26.992461	0.574974
12.87	24.61	35.40	39.40	3.21	1.88	29.048668	25.207389	26.998904	0.574996
12.88	24.62	35.41	39.41	3.21	1.88	29.056592	25.212499	27.005351	0.575019
12.88	24.62	35.42	39.43	3.21	1.88	29.064519	25.217614	27.011802	0.575042
12.88	24.63	35.43	39.44	3.21	1.88	29.072449	25.222733	27.018257	0.575065
12.88	24.63	35.43	39.45	3.21	1.88	29.080382	25.227855	27.024715	0.575088
12.89	24.64	35.44	39.47	3.21	1.88	29.088319	25.232982	27.031178	0.575110
12.89	24.64	35.45	39.48	3.21	1.88	29.096259	25.238113	27.037644	0.575133
12.89	24.65	35.46	39.49	3.21	1.88	29.104203	25.243247	27.044114	0.575156
12.89	24.65	35.47	39.51	3.21	1.88	29.112150	25.248385	27.050587	0.575179
12.90	24.65	35.48	39.52	3.21	1.88	29.120100	25.253528	27.057065	0.575201
12.90	24.66	35.48	39.53	3.21	1.88	29.128053	25.258674	27.063546	0.575224
12.90	24.66	35.49	39.55	3.21	1.88	29.136010	25.263825	27.070031	0.575247
12.91	24.67	35.50	39.56	3.21	1.88	29.143970	25.268979	27.076520	0.575269
12.91	24.67	35.51	39.57	3.21	1.88	29.151933	25.274137	27.083012	0.575292
12.91	24.68	35.52	39.59	3.21	1.88	29.159899	25.279299	27.089509	0.575315
12.91	24.68	35.53	39.60	3.21	1.88	29.167869	25.284465	27.096009	0.575338
12.92	24.69	35.53	39.61	3.21	1.88	29.175842	25.289635	27.102512	0.575360
12.92	24.69	35.54	39.63	3.21	1.88	29.183818	25.294809	27.109020	0.575383
12.92	24.70	35.55	39.64	3.21	1.89	29.191797	25.299987	27.115531	0.575406
12.93	24.70	35.56	39.65	3.21	1.89	29.199779	25.305169	27.122046	0.575428
12.93	24.71	35.57	39.67	3.21	1.89	29.207765	25.310355	27.128565	0.575451
12.93	24.71	35.57	39.68	3.21	1.89	29.215753	25.315545	27.135087	0.575474
12.93	24.72	35.58	39.69	3.21	1.89	29.223745	25.320738	27.141613	0.575496
12.94	24.72	35.59	39.71	3.21	1.89	29.231740	25.325936	27.148143	0.575519
12.94	24.72	35.60	39.72	3.21	1.89	29.239738	25.331138	27.154676	0.575542
12.94	24.73	35.61	39.73	3.21	1.89	29.247738	25.336343	27.161213	0.575564
12.94	24.73	35.61	39.75	3.21	1.89	29.255743	25.341553	27.167754	0.575587
12.95	24.74	35.62	39.76	3.21	1.89	29.263750	25.346766	27.174298	0.575609
12.95	24.74	35.63	39.77	3.21	1.89	29.271760	25.351983	27.180846	0.575632
12.95	24.75	35.64	39.79	3.21	1.89	29.279773	25.357205	27.187398	0.575655
12.96	24.75	35.65	39.80	3.21	1.89	29.287789	25.362430	27.193953	0.575677
12.96	24.76	35.65	39.81	3.21	1.89	29.295808	25.367659	27.200512	0.575700
12.96	24.76	35.66	39.83	3.21	1.89	29.303830	25.372892	27.207075	0.575722
12.96	24.77	35.67	39.84	3.21	1.89	29.311856	25.378129	27.213641	0.575745
12.97	24.77	35.68	39.85	3.21	1.89	29.319884	25.383370	27.220211	0.575768
12.97	24.78	35.69	39.86	3.21	1.89	29.327915	25.388614	27.226784	0.575790
12.97	24.78	35.70	39.88	3.21	1.89	29.335949	25.393863	27.233361	0.575813
12.97	24.79	35.70	39.89	3.21	1.89	29.343986	25.399116	27.239942	0.575835
12.98	24.79	35.71	39.90	3.21	1.89	29.352026	25.404372	27.246526	0.575858
12.98	24.80	35.72	39.92	3.21	1.89	29.360068	25.409633	27.253113	0.575880
12.98	24.80	35.73	39.93	3.21	1.89	29.368114	25.414897	27.259705	0.575903
12.99	24.81	35.74	39.94	3.21	1.89	29.376163	25.420165	27.266300	0.575925
12.99	24.81	35.74	39.96	3.21	1.89	29.384214	25.425438	27.272898	0.575948
12.99	24.81	35.75	39.97	3.21	1.89	29.392268	25.430714	27.279500	0.575970
12.99	24.82	35.76	39.98	3.21	1.89	29.400325	25.435994	27.286105	0.575993
13.00	24.82	35.77	40.00	3.22	1.90	29.408385	25.441278	27.292714	0.576015
13.00	24.83	35.78	40.01	3.22	1.90	29.416448	25.446566	27.299327	0.576038
13.00	24.83	35.78	40.02	3.22	1.90	29.424514	25.451857	27.305943	0.576060
13.01	24.84	35.79	40.04	3.22	1.90	29.432582	25.457153	27.312562	0.576083
13.01	24.84	35.80	40.05	3.22	1.90	29.440653	25.462453	27.319185	0.576105
13.01	24.85	35.81	40.06	3.22	1.90	29.448727	25.467756	27.325812	0.576127
13.01	24.85	35.82	40.07	3.22	1.90	29.456804	25.473063	27.332442	0.576150
13.02	24.86	35.82	40.09	3.22	1.90	29.464883	25.478375	27.339075	0.576172
13.02	24.86	35.83	40.10	3.22	1.90	29.472965	25.483690	27.345712	0.576195
13.02	24.87	35.84	40.11	3.22	1.90	29.481050	25.489009	27.352353	0.576217
13.03	24.87	35.85	40.13	3.22	1.90	29.489138	25.494332	27.358996	0.576240
13.03	24.88	35.86	40.14	3.22	1.90	29.497228	25.499659	27.365644	0.576262
13.03	24.88	35.86	40.15	3.22	1.90	29.505321	25.504989	27.372295	0.576284
13.03	24.89	35.87	40.17	3.22	1.90	29.513416	25.510324	27.378949	0.576307
13.04	24.89	35.88	40.18	3.22	1.90	29.521515	25.515663	27.385606	0.576329
13.04	24.90	35.89	40.19	3.22	1.90	29.529616	25.521005	27.392267	0.576351
13.04	24.90	35.89	40.20	3.22	1.90	29.537719	25.526351	27.398932	0.576374
13.04	24.91	35.90	40.22	3.22	1.90	29.545825	25.531701	27.405600	0.576396
13.05	24.91	35.91	40.23	3.22	1.90	29.553934	25.537055	27.412271	0.576418
13.05	24.92	35.92	40.24	3.22	1.90	29.562045	25.542413	27.418946	0.576441
13.05	24.92	35.93	40.26	3.22	1.90	29.570159	25.547775	27.425624	0.576463
13.06	24.93	35.93	40.27	3.22	1.90	29.578276	25.553141	27.432305	0.576485
13.06	24.93	35.94	40.28	3.22	1.90	29.586395	25.558510	27.438990	0.576508
13.06	24.94	35.95	40.30	3.22	1.90	29.594517	25.563884	27.445678	0.576530
13.06	24.94	35.96	40.31	3.22	1.90	29.602641	25.569261	27.452370	0.576552
13.07	24.95	35.97	40.32	3.22	1.90	29.610768	25.574642	27.459065	0.576574
13.07	24.95	35.97	40.33	3.22	1.90	29.618897	25.580027	27.465763	0.576597
13.07	24.96	35.98	40.35	3.22	1.90	29.627029	25.585416	27.472464	0.576619
13.07	24.96	35.99	40.36	3.22	1.91	29.635163	25.590809	27.479169	0.576641
13.08	24.97	36.00	40.37	3.22	1.91	29.643300	25.596205	27.485878	0.576663
13.08	24.97	36.00	40.39	3.22	1.91	29.651439	25.601606	27.492589	0.576686
13.08	24.98	36.01	40.40	3.22	1.91	29.659581	25.607010	27.499304	0.576708
13.09	24.98	36.02	40.41	3.22	1.91	29.667725	25.612418	27.506022	0.576730
13.09	24.99	36.03	40.42	3.22	1.91	29.675871	25.617830	27.512744	0.576752
13.09	24.99	36.04	40.44	3.22	1.91	29.684020	25.623246	27.519468	0.576774
13.09	24.99	36.04	40.45	3.22	1.91	29.692172	25.628666	27.526196	0.576797
13.10	25.00	36.05	40.46	3.22	1.91	29.700326	25.634090	27.532928	0.576819
13.10	25.00	36.06	40.48	3.22	1.91	29.708482	25.639517	27.539662	0.576841
13.10	25.01	36.07	40.49	3.22	1.91	29.716640	25.644948	27.546400	0.576863
13.11	25.01	36.08	40.50	3.22	1.91	29.724801	25.650383	27.553141	0.576885
13.11	25.02	36.08	40.51	3.22	1.91	29.732965	25.655822	27.559886	0.576907
13.11	25.02	36.09	40.53	3.22	1.91	29.741130	25.661265	27.566633	0.576929
13.11	25.03	36.10	40.54	3.22	1.91	29.749298	25.666712	27.573384	0.576951
13.12	25.03	36.11	40.55	3.22	1.91	29.757468	25.672162	27.580138	0.576974
13.12	25.04	36.11	40.57	3.22	1.91	29.765641	25.677616	27.586895	0.576996
13.12	25.04	36.12	40.58	3.22	1.91	29.773816	25.683075	27.593656	0.577018
13.12	25.05	36.13	40.59	3.23	1.91	29.781993	25.688536	27.600419	0.577040
13.13	25.05	36.14	40.60	3.23	1.91	29.790173	25.694002	27.607186	0.577062
13.13	25.06	36.15	40.62	3.23	1.91	29.798354	25.699472	27.613956	0.577084
13.13	25.06	36.15	40.63	3.23	1.91	29.806538	25.704945	27.620730	0.577106
13.14	25.07	36.16	40.64	3.23	1.91	29.814725	25.710422	27.627506	0.577128
13.14	25.07	36.17	40.65	3.23	1.91	29.822913	25.715903	27.634286	0.577150
13.14	25.08	36.18	40.67	3.23	1.91	29.831104	25.721388	27.641069	0.577172
13.14	25.08	36.18	40.68	3.23	1.91	29.839297	25.726877	27.647855	0.577194
13.15	25.09	36.19	40.69	3.23	1.91	29.847492	25.732369	27.654644	0.577216
13.15	25.09	36.20	40.71	3.23	1.91	29.855689	25.737866	27.661436	0.577238
13.15	25.10	36.21	40.72	3.23	1.91	29.863888	25.743366	27.668231	0.577260
13.16	25.10	36.21	40.73	3.23	1.92	29.872090	25.748870	27.675030	0.577282
13.16	25.11	36.22	40.74	3.23	1.92	29.880294	25.754377	27.681831	0.577304
13.16	25.11	36.23	40.76	3.23	1.92	29.888500	25.759889	27.688636	0.577326
13.16	25.12	36.24	40.77	3.23	1.92	29.896708	25.765404	27.695444	0.577348
13.17	25.12	36.25	40.78	3.23	1.92	29.904918	25.770923	27.702255	0.577369
13.17	25.13	36.25	40.79	3.23	1.92	29.913130	25.776446	27.709069	0.577391
13.17	25.13	36.26	40.81	3.23	1.92	29.921345	25.781973	27.715886	0.577413
13.18	25.14	36.27	40.82	3.23	1.92	29.929561	25.787503	27.722707	0.577435
13.18	25.14	36.28	40.83	3.23	1.92	29.937780	25.793037	27.729530	0.577457
13.18	25.15	36.28	40.84	3.23	1.92	29.946000	25.798575	27.736356	0.577479
13.18	25.15	36.29	40.86	3.23	1.92	29.954223	25.804117	27.743186	0.577501
13.19	25.16	36.30	40.87	3.23	1.92	29.962448	25.809663	27.750018	0.577522
13.19	25.16	36.31	40.88	3.23	1.92	29.970674	25.815212	27.756854	0.577544
13.19	25.17	36.31	40.89	3.23	1.92	29.978903	25.820765	27.763693	0.577566
13.19	25.18	36.32	40.91	3.23	1.92	29.987134	25.826322	27.770534	0.577588
13.20	25.18	36.33	40.92	3.23	1.92	29.995367	25.831883	27.777379	0.577610
13.20	25.19	36.34	40.93	3.23	1.92	30.003601	25.837447	27.784227	0.577631
13.20	25.19	36.34	40.95	3.23	1.92	30.011838	25.843015	27.791078	0.577653
13.21	25.20	36.35	40.96	3.23	1.92	30.020077	25.848587	27.797931	0.577675
13.21	25.20	36.36	40.97	3.23	1.92	30.028318	25.854163	27.804788	0.577697
13.21	25.21	36.37	40.98	3.23	1.92	30.036560	25.859742	27.811648	0.577719
13.21	25.21	36.37	41.00	3.23	1.92	30.044805	25.865325	27.818511	0.577740
13.22	25.22	36.38	41.01	3.23	1.92	30.053051	25.870912	27.825376	0.577762
13.22	25.22	36.39	41.02	3.23	1.92	30.061300	25.876503	27.832245	0.577784
13.22	25.23	36.40	41.03	3.23	1.92	30.069550	25.882098	27.839117	0.577805
13.22	25.23	36.40	41.05	3.23	1.92	30.077802	25.887696	27.845991	0.577827
13.23	25.24	36.41	41.06	3.23	1.92	30.086056	25.893298	27.852869	0.577849
13.23	25.24	36.42	41.07	3.23	1.92	30.094312	25.898903	27.859749	0.577870
13.23	25.25	36.43	41.08	3.23	1.92	30.102570	25.904513	27.866633	0.577892
13.24	25.25	36.44	41.10	3.23	1.92	30.110830	25.910126	27.873519	0.577914
13.24	25.26	36.44	41.11	3.23	1.93	30.119091	25.915743	27.880409	0.577935
13.24	25.26	36.45	41.12	3.23	1.93	30.127355	25.921363	27.887301	0.577957
13.24	25.27	36.46	41.13	3.23	1.93	30.135620	25.926988	27.894196	0.577978
13.25	25.27	36.47	41.14	3.23	1.93	30.143887	25.932616	27.901094	0.578000
13.25	25.28	36.47	41.16	3.24	1.93	30.152156	25.938248	27.907995	0.578022
13.25	25.28	36.48	41.17	3.24	1.93	30.160426	25.943883	27.914899	0.578043
13.26	25.29	36.49	41.18	3.24	1.93	30.168698	25.949522	27.921806	0.578065
13.26	25.29	36.50	41.19	3.24	1.93	30.176973	25.955165	27.928716	0.578086
13.26	25.30	36.50	41.21	3.24	1.93	30.185248	25.960812	27.935628	0.578108
13.26	25.30	36.51	41.22	3.24	1.93	30.193526	25.966462	27.942544	0.578129
13.27	25.31	36.52	41.23	3.24	1.93	30.201805	25.972116	27.949462	0.578151
13.27	25.31	36.52	41.24	3.24	1.93	30.210086	25.977774	27.956383	0.578172
13.27	25.32	36.53	41.26	3.24	1.93	30.218369	25.983435	27.963307	0.578194
13.28	25.32	36.54	41.27	3.24	1.93	30.226654	25.989100	27.970234	0.578215
13.28	25.33	36.55	41.28	3.24	1.93	30.234940	25.994769	27.977164	0.578237
13.28	25.33	36.55	41.29	3.24	1.93	30.243228	26.000442	27.984096	0.578258
13.28	25.34	36.56	41.31	3.24	1.93	30.251517	26.006118	27.991031	0.578280
13.29	25.34	36.57	41.32	3.24	1.93	30.259809	26.011798	27.997970	0.578301
13.29	25.35	36.58	41.33	3.24	1.93	30.268102	26.017482	28.004911	0.578323
13.29	25.36	36.58	41.34	3.24	1.93	30.276396	26.023169	28.011854	0.578344
13.29	25.36	36.59	41.35	3.24	1.93	30.284692	26.028860	28.018801	0.578365
13.30	25.37	36.60	41.37	3.24	1.93	30.292990	26.034554	28.025750	0.578387
13.30	25.37	36.61	41.38	3.24	1.93	30.301289	26.040253	28.032702	0.578408
13.30	25.38	36.61	41.39	3.24	1.93	30.309590	26.045955	28.039657	0.578430
13.31	25.38	36.62	41.40	3.24	1.93	30.317893	26.051660	28.046615	0.578451
13.31	25.39	36.63	41.42	3.24	1.93	30.326197	26.057370	28.053575	0.578472
13.31	25.39	36.64	41.43	3.24	1.93	30.334503	26.063082	28.060539	0.578494
13.31	25.40	36.64	41.44	3.24	1.93	30.342810	26.068799	28.067505	0.578515
13.32	25.40	36.65	41.45	3.24	1.93	30.351119	26.074519	28.074473	0.578536
13.32	25.41	36.66	41.47	3.24	1.93	30.359430	26.080243	28.081445	0.578557
13.32	25.41	36.67	41.48	3.24	1.93	30.367742	26.085971	28.088419	0.578579
13.32	25.42	36.67	41.49	3.24	1.94	30.376055	26.091702	28.095396	0.578600
13.33	25.42	36.68	41.50	3.24	1.94	30.384370	26.097437	28.102375	0.578621
13.33	25.43	36.69	41.51	3.24	1.94	30.392686	26.103175	28.109358	0.578642
13.33	25.43	36.69	41.53	3.24	1.94	30.401004	26.108918	28.116343	0.578664
13.34	25.44	36.70	41.54	3.24	1.94	30.409324	26.114663	28.123331	0.578685
13.34	25.44	36.71	41.55	3.24	1.94	30.417645	26.120413	28.130321	0.578706
13.34	25.45	36.72	41.56	3.24	1.94	30.425967	26.126166	28.137314	0.578727
13.34	25.45	36.72	41.57	3.24	1.94	30.434291	26.131922	28.144310	0.578748
13.35	25.46	36.73	41.59	3.24	1.94	30.442616	26.137683	28.151308	0.578770
13.35	25.47	36.74	41.60	3.24	1.94	30.450943	26.143447	28.158309	0.578791
13.35	25.47	36.75	41.61	3.24	1.94	30.459271	26.149214	28.165313	0.578812
13.36	25.48	36.75	41.62	3.24	1.94	30.467601	26.154985	28.172320	0.578833
13.36	25.48	36.76	41.64	3.24	1.94	30.475932	26.160760	28.179329	0.578854
13.36	25.49	36.77	41.65	3.24	1.94	30.484264	26.166538	28.186340	0.578875
13.36	25.49	36.77	41.66	3.24	1.94	30.492598	26.172320	28.193355	0.578896
13.37	25.50	36.78	41.67	3.24	1.94	30.500933	26.178106	28.200372	0.578918
13.37	25.50	36.79	41.68	3.24	1.94	30.509270	26.183895	28.207391	0.578939
13.37	25.51	36.80	41.70	3.24	1.94	30.517608	26.189688	28.214414	0.578960
13.38	25.51	36.80	41.71	3.25	1.94	30.525947	26.195484	28.221438	0.578981
13.38	25.52	36.81	41.72	3.25	1.94	30.534287	26.201284	28.228466	0.579002
13.38	25.52	36.82	41.73	3.25	1.94	30.542629	26.207087	28.235496	0.579023
13.38	25.53	36.83	41.74	3.25	1.94	30.550972	26.212895	28.242528	0.579044
13.39	25.53	36.83	41.76	3.25	1.94	30.559317	26.218705	28.249564	0.579065
13.39	25.54	36.84	41.77	3.25	1.94	30.567663	26.224520	28.256601	0.579086
13.39	25.55	36.85	41.78	3.25	1.94	30.576010	26.230337	28.263642	0.579107
13.39	25.55	36.85	41.79	3.25	1.94	30.584358	26.236159	28.270685	0.579128
13.40	25.56	36.86	41.80	3.25	1.94	30.592708	26.241984	28.277730	0.579149
13.40	25.56	36.87	41.82	3.25	1.94	30.601059	26.247812	28.284778	0.579170
13.40	25.57	36.88	41.83	3.25	1.94	30.609411	26.253644	28.291829	0.579190
13.41	25.57	36.88	41.84	3.25	1.94	30.617764	26.259480	28.298882	0.579211
13.41	25.58	36.89	41.85	3.25	1.94	30.626119	26.265319	28.305937	0.579232
13.41	25.58	36.90	41.86	3.25	1.94	30.634474	26.271162	28.312995	0.579253
13.41	25.59	36.90	41.88	3.25	1.95	30.642831	26.277008	28.320056	0.579274
13.42	25.59	36.91	41.89	3.25	1.95	30.651190	26.282858	28.327119	0.579295
13.42	25.60	36.92	41.90	3.25	1.95	30.659549	26.288712	28.334185	0.579316
13.42	25.60	36.93	41.91	3.25	1.95	30.667910	26.294569	28.341253	0.579337
13.43	25.61	36.93	41.92	3.25	1.95	30.676272	26.300429	28.348324	0.579357
13.43	25.61	36.94	41.94	3.25	1.95	30.684635	26.306293	28.355397	0.579378
13.43	25.62	36.95	41.95	3.25	1.95	30.692999	26.312161	28.362472	0.579399
13.43	25.63	36.95	41.96	3.25	1.95	30.701364	26.318032	28.369550	0.579420
13.44	25.63	36.96	41.97	3.25	1.95	30.709730	26.323906	28.376631	0.579441
13.44	25.64	36.97	41.98	3.25	1.95	30.718098	26.329785	28.383714	0.579461
13.44	25.64	36.98	41.99	3.25	1.95	30.726466	26.335666	28.390799	0.579482
13.44	25.65	36.98	42.01	3.25	1.95	30.734836	26.341551	28.397887	0.579503
13.45	25.65	36.99	42.02	3.25	1.95	30.743207	26.347440	28.404978	0.579523
13.45	25.66	37.00	42.03	3.25	1.95	30.751579	26.353332	28.412070	0.579544
13.45	25.66	37.00	42.04	3.25	1.95	30.759952	26.359228	28.419165	0.579565
13.46	25.67	37.01	42.05	3.25	1.95	30.768326	26.365127	28.426263	0.579586
13.46	25.67	37.02	42.07	3.25	1.95	30.776701	26.371030	28.433363	0.579606
13.46	25.68	37.02	42.08	3.25	1.95	30.785077	26.376936	28.440466	0.579627
13.46	25.69	37.03	42.09	3.25	1.95	30.793454	26.382846	28.447570	0.579648
13.47	25.69	37.04	42.10	3.25	1.95	30.801833	26.388759	28.454678	0.579668
13.47	25.70	37.05	42.11	3.25	1.95	30.810212	26.394675	28.461787	0.579689
13.47	25.70	37.05	42.12	3.25	1.95	30.818592	26.400596	28.468899	0.579709
13.47	25.71	37.06	42.14	3.25	1.95	30.826974	26.406519	28.476014	0.579730
13.48	25.71	37.07	42.15	3.25	1.95	30.835356	26.412446	28.483130	0.579751
13.48	25.72	37.07	42.16	3.25	1.95	30.843739	26.418377	28.490249	0.579771
13.48	25.72	37.08	42.17	3.25	1.95	30.852123	26.424311	28.497371	0.579792
13.49	25.73	37.09	42.18	3.25	1.95	30.860509	26.430248	28.504495	0.579812
13.49	25.73	37.09	42.19	3.25	1.95	30.868895	26.436189	28.511621	0.579833
13.49	25.74	37.10	42.21	3.25	1.95	30.877282	26.442134	28.518749	0.579853
13.49	25.75	37.11	42.22	3.26	1.95	30.885670	26.448081	28.525880	0.579874
13.50	25.75	37.12	42.23	3.26	1.95	30.894059	26.454033	28.533013	0.579894
13.50	25.76	37.12	42.24	3.26	1.95	30.902449	26.459987	28.540149	0.579915
13.50	25.76	37.13	42.25	3.26	1.95	30.910840	26.465946	28.547286	0.579935
13.51	25.77	37.14	42.26	3.26	1.95	30.919232	26.471907	28.554426	0.579956
13.51	25.77	37.14	42.28	3.26	1.96	30.927624	26.477872	28.561569	0.579976
13.51	25.78	37.15	42.29	3.26	1.96	30.936018	26.483841	28.568713	0.579996
13.51	25.78	37.16	42.30	3.26	1.96	30.944412	26.489813	28.575860	0.580017
13.52	25.79	37.16	42.31	3.26	1.96	30.952807	26.495788	28.583009	0.580037
13.52	25.80	37.17	42.32	3.26	1.96	30.961204	26.501767	28.590161	0.580058
13.52	25.80	37.18	42.33	3.26	1.96	30.969601	26.507749	28.597315	0.580078
13.53	25.81	37.18	42.35	3.26	1.96	30.977998	26.513735	28.604471	0.580098
13.53	25.81	37.19	42.36	3.26	1.96	30.986397	26.519724	28.611629	0.580119
13.53	25.82	37.20	42.37	3.26	1.96	30.994796	26.525716	28.618789	0.580139
13.53	25.82	37.21	42.38	3.26	1.96	31.003197	26.531712	28.625952	0.580159
13.54	25.83	37.21	42.39	3.26	1.96	31.011598	26.537711	28.633117	0.580180
13.54	25.83	37.22	42.40	3.26	1.96	31.020000	26.543714	28.640284	0.580200
13.54	25.84	37.23	42.42	3.26	1.96	31.028402	26.549720	28.647454	0.580220
13.54	25.85	37.23	42.43	3.26	1.96	31.036806	26.555729	28.654625	0.580240
13.55	25.85	37.24	42.44	3.26	1.96	31.045210	26.561742	28.661799	0.580261
13.55	25.86	37.25	42.45	3.26	1.96	31.053615	26.567758	28.668975	0.580281
13.55	25.86	37.25	42.46	3.26	1.96	31.062021	26.573778	28.676154	0.580301
13.56	25.87	37.26	42.47	3.26	1.96	31.070427	26.579801	28.683334	0.580321
13.56	25.87	37.27	42.48	3.26	1.96	31.078835	26.585827	28.690517	0.580341
13.56	25.88	37.27	42.50	3.26	1.96	31.087242	26.591857	28.697702	0.580362
13.56	25.88	37.28	42.51	3.26	1.96	31.095651	26.597890	28.704889	0.580382
13.57	25.89	37.29	42.52	3.26	1.96	31.104060	26.603927	28.712078	0.580402
13.57	25.90	37.29	42.53	3.26	1.96	31.112471	26.609966	28.719269	0.580422
13.57	25.90	37.30	42.54	3.26	1.96	31.120881	26.616009	28.726462	0.580442
13.57	25.91	37.31	42.55	3.26	1.96	31.129293	26.622056	28.733658	0.580462
13.58	25.91	37.31	42.56	3.26	1.96	31.137705	26.628106	28.740856	0.580482
13.58	25.92	37.32	42.58	3.26	1.96	31.146118	26.634159	28.748056	0.580503
13.58	25.92	37.33	42.59	3.26	1.96	31.154531	26.640216	28.755258	0.580523
13.59	25.93	37.34	42.60	3.26	1.96	31.162945	26.646275	28.762462	0.580543
13.59	25.93	37.34	42.61	3.26	1.96	31.171360	26.652339	28.769668	0.580563
13.59	25.94	37.35	42.62	3.26	1.96	31.179775	26.658405	28.776876	0.580583
13.59	25.95	37.36	42.63	3.26	1.96	31.188191	26.664475	28.784087	0.580603
13.60	25.95	37.36	42.64	3.26	1.96	31.196608	26.670548	28.791299	0.580623
13.60	25.96	37.37	42.66	3.26	1.96	31.205025	26.676625	28.798514	0.580643
13.60	25.96	37.38	42.67	3.26	1.96	31.213443	26.682705	28.805731	0.580663
13.61	25.97	37.38	42.68	3.26	1.97	31.221861	26.688788	28.812949	0.580683
13.61	25.97	37.39	42.69	3.26	1.97	31.230280	26.694874	28.820170	0.580703
13.61	25.98	37.40	42.70	3.26	1.97	31.238699	26.700964	28.827393	0.580723
13.61	25.99	37.40	42.71	3.27	1.97	31.247119	26.707057	28.834618	0.580742
13.62	25.99	37.41	42.72	3.27	1.97	31.255540	26.713153	28.841845	0.580762
13.62	26.00	37.42	42.73	3.27	1.97	31.263961	26.719253	28.849074	0.580782
13.62	26.00	37.42	42.75	3.27	1.97	31.272383	26.725356	28.856305	0.580802
13.62	26.01	37.43	42.76	3.27	1.97	31.280805	26.731462	28.863538	0.580822
13.63	26.01	37.44	42.77	3.27	1.97	31.289228	26.737571	28.870774	0.580842
13.63	26.02	37.44	42.78	3.27	1.97	31.297651	26.743684	28.878011	0.580862
13.63	26.02	37.45	42.79	3.27	1.97	31.306075	26.749800	28.885250	0.580881
13.64	26.03	37.46	42.80	3.27	1.97	31.314499	26.755920	28.892491	0.580901
13.64	26.04	37.46	42.81	3.27	1.97	31.322923	26.762042	28.899734	0.580921
13.64	26.04	37.47	42.83	3.27	1.97	31.331349	26.768168	28.906980	0.580941
13.64	26.05	37.48	42.84	3.27	1.97	31.339774	26.774297	28.914227	0.580961
13.65	26.05	37.48	42.85	3.27	1.97	31.348200	26.780429	28.921476	0.580980
13.65	26.06	37.49	42.86	3.27	1.97	31.356627	26.786565	28.928727	0.581000
13.65	26.06	37.50	42.87	3.27	1.97	31.365054	26.792704	28.935980	0.581020
13.66	26.07	37.50	42.88	3.27	1.97	31.373481	26.798846	28.943235	0.581040
13.66	26.08	37.51	42.89	3.27	1.97	31.381909	26.804991	28.950492	0.581059
13.66	26.08	37.52	42.90	3.27	1.97	31.390337	26.811140	28.957751	0.581079
13.66	26.09	37.52	42.91	3.27	1.97	31.398766	26.817292	28.965012	0.581099
13.67	26.09	37.53	42.93	3.27	1.97	31.407195	26.823447	28.972275	0.581118
13.67	26.10	37.53	42.94	3.27	1.97	31.415624	26.829605	28.979540	0.581138
13.67	26.10	37.54	42.95	3.27	1.97	31.424054	26.835766	28.986807	0.581158
13.68	26.11	37.55	42.96	3.27	1.97	31.432484	26.841931	28.994075	0.581177
13.68	26.12	37.55	42.97	3.27	1.97	31.440915	26.848099	29.001346	0.581197
13.68	26.12	37.56	42.98	3.27	1.97	31.449346	26.854270	29.008618	0.581216
13.68	26.13	37.57	42.99	3.27	1.97	31.457777	26.860444	29.015893	0.581236
13.69	26.13	37.57	43.00	3.27	1.97	31.466209	26.866622	29.023169	0.581255
13.69	26.14	37.58	43.01	3.27	1.97	31.474641	26.872803	29.030447	0.581275
13.69	26.14	37.59	43.03	3.27	1.97	31.483073	26.878987	29.037727	0.581295
13.69	26.15	37.59	43.04	3.27	1.97	31.491505	26.885174	29.045009	0.581314
13.70	26.16	37.60	43.05	3.27	1.97	31.499938	26.891364	29.052293	0.581334
13.70	26.16	37.61	43.06	3.27	1.97	31.508371	26.897557	29.059579	0.581353
13.70	26.17	37.61	43.07	3.27	1.97	31.516805	26.903754	29.066866	0.581373
13.71	26.17	37.62	43.08	3.27	1.97	31.525238	26.909954	29.074156	0.581392
13.71	26.18	37.63	43.09	3.27	1.98	31.533672	26.916157	29.081447	0.581411
13.71	26.18	37.63	43.10	3.27	1.98	31.542107	26.922363	29.088740	0.581431
13.71	26.19	37.64	43.11	3.27	1.98	31.550541	26.928572	29.096035	0.581450
13.72	26.20	37.65	43.12	3.27	1.98	31.558976	26.934785	29.103331	0.581470
13.72	26.20	37.65	43.14	3.27	1.98	31.567411	26.941000	29.110630	0.581489
13.72	26.21	37.66	43.15	3.27	1.98	31.575846	26.947219	29.117930	0.581508
13.72	26.21	37.66	43.16	3.27	1.98	31.584282	26.953441	29.125233	0.581528
13.73	26.22	37.67	43.17	3.27	1.98	31.592717	26.959666	29.132536	0.581547
13.73	26.23	37.68	43.18	3.28	1.98	31.601153	26.965894	29.139842	0.581566
13.73	26.23	37.68	43.19	3.28	1.98	31.609589	26.972126	29.147150	0.581586
13.74	26.24	37.69	43.20	3.28	1.98	31.618025	26.978360	29.154459	0.581605
13.74	26.24	37.70	43.21	3.28	1.98	31.626462	26.984598	29.161770	0.581624
13.74	26.25	37.70	43.22	3.28	1.98	31.634898	26.990838	29.169083	0.581644
13.74	26.25	37.71	43.23	3.28	1.98	31.643335	26.997082	29.176398	0.581663
13.75	26.26	37.72	43.24	3.28	1.98	31.651772	27.003329	29.183714	0.581682
13.75	26.27	37.72	43.26	3.28	1.98	31.660209	27.009579	29.191032	0.581701
13.75	26.27	37.73	43.27	3.28	1.98	31.668646	27.015832	29.198352	0.581721
13.76	26.28	37.73	43.28	3.28	1.98	31.677084	27.022089	29.205674	0.581740
13.76	26.28	37.74	43.29	3.28	1.98	31.685521	27.028348	29.212997	0.581759
13.76	26.29	37.75	43.30	3.28	1.98	31.693959	27.034610	29.220322	0.581778
13.76	26.30	37.75	43.31	3.28	1.98	31.702397	27.040876	29.227649	0.581797
13.77	26.30	37.76	43.32	3.28	1.98	31.710834	27.047145	29.234978	0.581816
13.77	26.31	37.77	43.33	3.28	1.98	31.719272	27.053416	29.242308	0.581836
13.77	26.31	37.77	43.34	3.28	1.98	31.727710	27.059691	29.249640	0.581855
13.78	26.32	37.78	43.35	3.28	1.98	31.736148	27.065969	29.256974	0.581874
13.78	26.32	37.79	43.36	3.28	1.98	31.744586	27.072250	29.264309	0.581893
13.78	26.33	37.79	43.37	3.28	1.98	31.753024	27.078534	29.271646	0.581912
13.78	26.34	37.80	43.39	3.28	1.98	31.761463	27.084821	29.278985	0.581931
13.79	26.34	37.80	43.40	3.28	1.98	31.769901	27.091111	29.286325	0.581950
13.79	26.35	37.81	43.41	3.28	1.98	31.778339	27.097404	29.293667	0.581969
13.79	26.35	37.82	43.42	3.28	1.98	31.786778	27.103700	29.301011	0.581988
13.79	26.36	37.82	43.43	3.28	1.98	31.795216	27.110000	29.308356	0.582007
13.80	26.37	37.83	43.44	3.28	1.98	31.803654	27.116302	29.315703	0.582026
13.80	26.37	37.84	43.45	3.28	1.98	31.812093	27.122607	29.323052	0.582045
13.80	26.38	37.84	43.46	3.28	1.98	31.820531	27.128916	29.330402	0.582064
13.81	26.38	37.85	43.47	3.28	1.98	31.828969	27.135227	29.337754	0.582083
13.81	26.39	37.85	43.48	3.28	1.98	31.837408	27.141541	29.345108	0.582102
13.81	26.40	37.86	43.49	3.28	1.98	31.845846	27.147859	29.352463	0.582121
13.81	26.40	37.87	43.50	3.28	1.98	31.854284	27.154179	29.359819	0.582140
13.82	26.41	37.87	43.51	3.28	1.98	31.862722	27.160503	29.367178	0.582159
13.82	26.41	37.88	43.52	3.28	1.99	31.871161	27.166829	29.374538	0.582177
13.82	26.42	37.89	43.54	3.28	1.99	31.879599	27.173159	29.381899	0.582196
13.82	26.42	37.89	43.55	3.28	1.99	31.888037	27.179491	29.389263	0.582215
13.83	26.43	37.90	43.56	3.28	1.99	31.896475	27.185827	29.396627	0.582234
13.83	26.44	37.90	43.57	3.28	1.99	31.904913	27.192165	29.403994	0.582253
13.83	26.44	37.91	43.58	3.28	1.99	31.913350	27.198506	29.411361	0.582272
13.84	26.45	37.92	43.59	3.28	1.99	31.921788	27.204851	29.418731	0.582290
13.84	26.45	37.92	43.60	3.28	1.99	31.930226	27.211198	29.426102	0.582309
13.84	26.46	37.93	43.61	3.28	1.99	31.938663	27.217549	29.433474	0.582328
13.84	26.47	37.93	43.62	3.28	1.99	31.947100	27.223902	29.440849	0.582347
13.85	26.47	37.94	43.63	3.29	1.99	31.955538	27.230258	29.448224	0.582365
13.85	26.48	37.95	43.64	3.29	1.99	31.963975	27.236618	29.455601	0.582384
13.85	26.48	37.95	43.65	3.29	1.99	31.972412	27.242980	29.462980	0.582403
13.86	26.49	37.96	43.66	3.29	1.99	31.980848	27.249345	29.470360	0.582421
13.86	26.50	37.97	43.67	3.29	1.99	31.989285	27.255713	29.477742	0.582440
13.86	26.50	37.97	43.68	3.29	1.99	31.997721	27.262084	29.485125	0.582459
13.86	26.51	37.98	43.69	3.29	1.99	32.006158	27.268458	29.492510	0.582477
13.87	26.51	37.98	43.70	3.29	1.99	32.014594	27.274835	29.499896	0.582496
13.87	26.52	37.99	43.71	3.29	1.99	32.023030	27.281215	29.507284	0.582515
13.87	26.53	38.00	43.73	3.29	1.99	32.031465	27.287598	29.514673	0.582533
13.88	26.53	38.00	43.74	3.29	1.99	32.039901	27.293983	29.522064	0.582552
13.88	26.54	38.01	43.75	3.29	1.99	32.048336	27.300372	29.529456	0.582570
13.88	26.54	38.01	43.76	3.29	1.99	32.056771	27.306764	29.536850	0.582589
13.88	26.55	38.02	43.77	3.29	1.99	32.065206	27.313158	29.544245	0.582607
13.89	26.56	38.03	43.78	3.29	1.99	32.073640	27.319555	29.551641	0.582626
13.89	26.56	38.03	43.79	3.29	1.99	32.082075	27.325956	29.559039	0.582645
13.89	26.57	38.04	43.80	3.29	1.99	32.090509	27.332359	29.566438	0.582663
13.89	26.57	38.04	43.81	3.29	1.99	32.098943	27.338765	29.573839	0.582681
13.90	26.58	38.05	43.82	3.29	1.99	32.107376	27.345174	29.581242	0.582700
13.90	26.59	38.06	43.83	3.29	1.99	32.115809	27.351586	29.588645	0.582718
13.90	26.59	38.06	43.84	3.29	1.99	32.124242	27.358000	29.596050	0.582737
13.91	26.60	38.07	43.85	3.29	1.99	32.132675	27.364418	29.603457	0.582755
13.91	26.60	38.07	43.86	3.29	1.99	32.141107	27.370838	29.610865	0.582774
13.91	26.61	38.08	43.87	3.29	1.99	32.149539	27.377262	29.618274	0.582792
13.91	26.62	38.09	43.88	3.29	1.99	32.157971	27.383688	29.625685	0.582810
13.92	26.62	38.09	43.89	3.29	1.99	32.166403	27.390117	29.633097	0.582829
13.92	26.63	38.10	43.90	3.29	1.99	32.174834	27.396549	29.640511	0.582847
13.92	26.63	38.10	43.91	3.29	1.99	32.183264	27.402983	29.647925	0.582865
13.93	26.64	38.11	43.92	3.29	1.99	32.191695	27.409421	29.655342	0.582884
13.93	26.65	38.12	43.93	3.29	1.99	32.200125	27.415861	29.662759	0.582902
13.93	26.65	38.12	43.94	3.29	1.99	32.208555	27.422305	29.670178	0.582920
13.93	26.66	38.13	43.95	3.29	1.99	32.216984	27.428751	29.677598	0.582939
13.94	26.66	38.13	43.96	3.29	1.99	32.225413	27.435200	29.685020	0.582957
13.94	26.67	38.14	43.97	3.29	2.00	32.233841	27.441651	29.692443	0.582975
13.94	26.68	38.15	43.98	3.29	2.00	32.242270	27.448106	29.699867	0.582993
13.94	26.68	38.15	43.99	3.29	2.00	32.250697	27.454563	29.707293	0.583012
13.95	26.69	38.16	44.00	3.29	2.00	32.259125	27.461023	29.714720	0.583030
13.95	26.69	38.16	44.01	3.29	2.00	32.267552	27.467486	29.722148	0.583048
13.95	26.70	38.17	44.02	3.29	2.00	32.275978	27.473952	29.729578	0.583066
13.96	26.71	38.17	44.03	3.29	2.00	32.284404	27.480421	29.737009	0.583084
13.96	26.71	38.18	44.04	3.29	2.00	32.292830	27.486892	29.744441	0.583102
13.96	26.72	38.19	44.05	3.30	2.00	32.301255	27.493366	29.751874	0.583121
13.96	26.72	38.19	44.06	3.30	2.00	32.309680	27.499843	29.759309	0.583139
13.97	26.73	38.20	44.08	3.30	2.00	32.318104	27.506323	29.766745	0.583157
13.97	26.74	38.20	44.09	3.30	2.00	32.326528	27.512805	29.774182	0.583175
13.97	26.74	38.21	44.10	3.30	2.00	32.334951	27.519291	29.781621	0.583193
13.97	26.75	38.22	44.11	3.30	2.00	32.343374	27.525779	29.789061	0.583211
13.98	26.76	38.22	44.12	3.30	2.00	32.351797	27.532269	29.796502	0.583229
13.98	26.76	38.23	44.13	3.30	2.00	32.360219	27.538763	29.803944	0.583247
13.98	26.77	38.23	44.14	3.30	2.00	32.368640	27.545259	29.811388	0.583265
13.99	26.77	38.24	44.15	3.30	2.00	32.377061	27.551758	29.818832	0.583283
13.99	26.78	38.24	44.16	3.30	2.00	32.385481	27.558260	29.826278	0.583301
13.99	26.79	38.25	44.17	3.30	2.00	32.393901	27.564765	29.833726	0.583319
13.99	26.79	38.26	44.18	3.30	2.00	32.402320	27.571272	29.841174	0.583337
14.00	26.80	38.26	44.19	3.30	2.00	32.410739	27.577782	29.848624	0.583355
14.00	26.80	38.27	44.20	3.30	2.00	32.419157	27.584294	29.856075	0.583373
14.00	26.81	38.27	44.21	3.30	2.00	32.427575	27.590810	29.863527	0.583391
14.01	26.82	38.28	44.22	3.30	2.00	32.435992	27.597328	29.870980	0.583408
14.01	26.82	38.28	44.23	3.30	2.00	32.444408	27.603849	29.878435	0.583426
14.01	26.83	38.29	44.24	3.30	2.00	32.452824	27.610372	29.885890	0.583444
14.01	26.83	38.30	44.25	3.30	2.00	32.461240	27.616899	29.893347	0.583462
14.02	26.84	38.30	44.26	3.30	2.00	32.469654	27.623428	29.900805	0.583480
14.02	26.85	38.31	44.27	3.30	2.00	32.478069	27.629959	29.908264	0.583498
14.02	26.85	38.31	44.28	3.30	2.00	32.486482	27.636494	29.915724	0.583515
14.03	26.86	38.32	44.29	3.30	2.00	32.494895	27.643031	29.923186	0.583533
14.03	26.87	38.32	44.30	3.30	2.00	32.503307	27.649570	29.930648	0.583551
14.03	26.87	38.33	44.31	3.30	2.00	32.511719	27.656113	29.938112	0.583569
14.03	26.88	38.34	44.32	3.30	2.00	32.520130	27.662658	29.945577	0.583586
14.04	26.88	38.34	44.33	3.30	2.00	32.528540	27.669205	29.953043	0.583604
14.04	26.89	38.35	44.34	3.30	2.00	32.536950	27.675756	29.960510	0.583622
14.04	26.90	38.35	44.35	3.30	2.00	32.545359	27.682309	29.967978	0.583640
14.04	26.90	38.36	44.35	3.30	2.00	32.553768	27.688864	29.975448	0.583657
14.05	26.91	38.36	44.36	3.30	2.00	32.562175	27.695423	29.982918	0.583675
14.05	26.92	38.37	44.37	3.30	2.00	32.570583	27.701984	29.990390	0.583693
14.05	26.92	38.38	44.38	3.30	2.00	32.578989	27.708547	29.997862	0.583710
14.06	26.93	38.38	44.39	3.30	2.00	32.587395	27.715114	30.005336	0.583728
14.06	26.93	38.39	44.40	3.30	2.00	32.595800	27.721682	30.012811	0.583745
14.06	26.94	38.39	44.41	3.30	2.00	32.604204	27.728254	30.020287	0.583763
14.06	26.95	38.40	44.42	3.30	2.00	32.612607	27.734828	30.027764	0.583781
14.07	26.95	38.40	44.43	3.30	2.00	32.621010	27.741405	30.035242	0.583798
14.07	26.96	38.41	44.44	3.30	2.01	32.629412	27.747984	30.042721	0.583816
14.07	26.96	38.41	44.45	3.30	2.01	32.637814	27.754566	30.050201	0.583833
14.07	26.97	38.42	44.46	3.31	2.01	32.646214	27.761151	30.057682	0.583851
14.08	26.98	38.43	44.47	3.31	2.01	32.654614	27.767738	30.065164	0.583868
14.08	26.98	38.43	44.48	3.31	2.01	32.663013	27.774327	30.072647	0.583886
14.08	26.99	38.44	44.49	3.31	2.01	32.671412	27.780920	30.080132	0.583903
14.09	27.00	38.44	44.50	3.31	2.01	32.679809	27.787515	30.087617	0.583920
14.09	27.00	38.45	44.51	3.31	2.01	32.688206	27.794112	30.095103	0.583938
14.09	27.01	38.45	44.52	3.31	2.01	32.696602	27.800712	30.102591	0.583955
14.09	27.01	38.46	44.53	3.31	2.01	32.704997	27.807315	30.110079	0.583973
14.10	27.02	38.46	44.54	3.31	2.01	32.713391	27.813920	30.117568	0.583990
14.10	27.03	38.47	44.55	3.31	2.01	32.721785	27.820528	30.125058	0.584008
14.10	27.03	38.48	44.56	3.31	2.01	32.730178	27.827138	30.132550	0.584025
14.11	27.04	38.48	44.57	3.31	2.01	32.738570	27.833751	30.140042	0.584042
14.11	27.05	38.49	44.58	3.31	2.01	32.746961	27.840366	30.147535	0.584060
14.11	27.05	38.49	44.59	3.31	2.01	32.755351	27.846984	30.155029	0.584077
14.11	27.06	38.50	44.60	3.31	2.01	32.763740	27.853605	30.162524	0.584094
14.12	27.06	38.50	44.61	3.31	2.01	32.772129	27.860228	30.170020	0.584111
14.12	27.07	38.51	44.62	3.31	2.01	32.780517	27.866853	30.177518	0.584129
14.12	27.08	38.51	44.63	3.31	2.01	32.788903	27.873481	30.185016	0.584146
14.12	27.08	38.52	44.64	3.31	2.01	32.797289	27.880112	30.192514	0.584163
14.13	27.09	38.52	44.65	3.31	2.01	32.805674	27.886745	30.200014	0.584180
14.13	27.10	38.53	44.66	3.31	2.01	32.814059	27.893381	30.207515	0.584198
14.13	27.10	38.54	44.67	3.31	2.01	32.822442	27.900019	30.215017	0.584215
14.14	27.11	38.54	44.67	3.31	2.01	32.830824	27.906659	30.222519	0.584232
14.14	27.11	38.55	44.68	3.31	2.01	32.839206	27.913302	30.230023	0.584249
14.14	27.12	38.55	44.69	3.31	2.01	32.847586	27.919948	30.237527	0.584266
14.14	27.13	38.56	44.70	3.31	2.01	32.855966	27.926596	30.245033	0.584283
14.15	27.13	38.56	44.71	3.31	2.01	32.864345	27.933247	30.252539	0.584300
14.15	27.14	38.57	44.72	3.31	2.01	32.872722	27.939900	30.260046	0.584318
14.15	27.15	38.57	44.73	3.31	2.01	32.881099	27.946555	30.267554	0.584335
14.16	27.15	38.58	44.74	3.31	2.01	32.889475	27.953213	30.275063	0.584352
14.16	27.16	38.58	44.75	3.31	2.01	32.897850	27.959874	30.282572	0.584369
14.16	27.16	38.59	44.76	3.31	2.01	32.906224	27.966537	30.290083	0.584386
14.16	27.17	38.59	44.77	3.31	2.01	32.914597	27.973202	30.297594	0.584403
14.17	27.18	38.60	44.78	3.31	2.01	32.922969	27.979870	30.305106	0.584420
14.17	27.18	38.61	44.79	3.31	2.01	32.931340	27.986540	30.312620	0.584437
14.17	27.19	38.61	44.80	3.31	2.01	32.939710	27.993213	30.320133	0.584454
14.18	27.20	38.62	44.81	3.31	2.01	32.948079	27.999888	30.327648	0.584471
14.18	27.20	38.62	44.82	3.31	2.01	32.956447	28.006565	30.335164	0.584488
14.18	27.21	38.63	44.83	3.31	2.01	32.964814	28.013245	30.342680	0.584505
14.18	27.22	38.63	44.84	3.31	2.01	32.973180	28.019928	30.350197	0.584522
14.19	27.22	38.64	44.84	3.31	2.01	32.981545	28.026612	30.357715	0.584538
14.19	27.23	38.64	44.85	3.32	2.01	32.989908	28.033299	30.365234	0.584555
14.19	27.23	38.65	44.86	3.32	2.01	32.998271	28.039989	30.372754	0.584572
14.19	27.24	38.65	44.87	3.32	2.01	33.006633	28.046681	30.380274	0.584589
14.20	27.25	38.66	44.88	3.32	2.01	33.014994	28.053375	30.387795	0.584606
14.20	27.25	38.66	44.89	3.32	2.01	33.023354	28.060072	30.395317	0.584623
14.20	27.26	38.67	44.90	3.32	2.01	33.031712	28.066771	30.402840	0.584640
14.21	27.27	38.67	44.91	3.32	2.01	33.040070	28.073473	30.410364	0.584656
14.21	27.27	38.68	44.92	3.32	2.01	33.048426	28.080177	30.417888	0.584673
14.21	27.28	38.68	44.93	3.32	2.01	33.056781	28.086883	30.425413	0.584690
14.21	27.29	38.69	44.94	3.32	2.02	33.065136	28.093592	30.432939	0.584707
14.22	27.29	38.69	44.95	3.32	2.02	33.073489	28.100303	30.440465	0.584723
14.22	27.30	38.70	44.96	3.32	2.02	33.081841	28.107016	30.447992	0.584740
14.22	27.30	38.70	44.97	3.32	2.02	33.090192	28.113732	30.455520	0.584757
14.22	27.31	38.71	44.97	3.32	2.02	33.098541	28.120450	30.463049	0.584773
14.23	27.32	38.72	44.98	3.32	2.02	33.106890	28.127171	30.470578	0.584790
14.23	27.32	38.72	44.99	3.32	2.02	33.115238	28.133893	30.478108	0.584807
14.23	27.33	38.73	45.00	3.32	2.02	33.123584	28.140618	30.485639	0.584823
14.24	27.34	38.73	45.01	3.32	2.02	33.131929	28.147346	30.493171	0.584840
14.24	27.34	38.74	45.02	3.32	2.02	33.140273	28.154076	30.500703	0.584857
14.24	27.35	38.74	45.03	3.32	2.02	33.148616	28.160808	30.508236	0.584873
14.24	27.36	38.75	45.04	3.32	2.02	33.156958	28.167542	30.515769	0.584890
14.25	27.36	38.75	45.05	3.32	2.02	33.165298	28.174279	30.523304	0.584906
14.25	27.37	38.76	45.06	3.32	2.02	33.173638	28.181018	30.530839	0.584923
14.25	27.37	38.76	45.07	3.32	2.02	33.181976	28.187759	30.538374	0.584939
14.26	27.38	38.77	45.08	3.32	2.02	33.190313	28.194503	30.545910	0.584956
14.26	27.39	38.77	45.08	3.32	2.02	33.198648	28.201249	30.553447	0.584972
14.26	27.39	38.78	45.09	3.32	2.02	33.206983	28.207997	30.560985	0.584989
14.26	27.40	38.78	45.10	3.32	2.02	33.215316	28.214747	30.568523	0.585005
14.27	27.41	38.79	45.11	3.32	2.02	33.223648	28.221500	30.576062	0.585022
14.27	27.41	38.79	45.12	3.32	2.02	33.231979	28.228255	30.583601	0.585038
14.27	27.42	38.80	45.13	3.32	2.02	33.240309	28.235012	30.591141	0.585055
14.28	27.43	38.80	45.14	3.32	2.02	33.248637	28.241772	30.598682	0.585071
14.28	27.43	38.81	45.15	3.32	2.02	33.256964	28.248533	30.606223	0.585087
14.28	27.44	38.81	45.16	3.32	2.02	33.265290	28.255297	30.613765	0.585104
14.28	27.45	38.82	45.17	3.32	2.02	33.273614	28.262064	30.621308	0.585120
14.29	27.45	38.82	45.17	3.32	2.02	33.281938	28.268832	30.628851	0.585137
14.29	27.46	38.83	45.18	3.32	2.02	33.290260	28.275603	30.636394	0.585153
14.29	27.46	38.83	45.19	3.32	2.02	33.298580	28.282376	30.643939	0.585169
14.29	27.47	38.84	45.20	3.32	2.02	33.306900	28.289151	30.651484	0.585185
14.30	27.48	38.84	45.21	3.32	2.02	33.315218	28.295929	30.659029	0.585202
14.30	27.48	38.85	45.22	3.33	2.02	33.323535	28.302708	30.666575	0.585218
14.30	27.49	38.85	45.23	3.33	2.02	33.331850	28.309490	30.674122	0.585234
14.31	27.50	38.86	45.24	3.33	2.02	33.340164	28.316274	30.681669	0.585251
14.31	27.50	38.86	45.25	3.33	2.02	33.348477	28.323060	30.689216	0.585267
14.31	27.51	38.87	45.26	3.33	2.02	33.356788	28.329849	30.696764	0.585283
14.31	27.52	38.87	45.26	3.33	2.02	33.365099	28.336640	30.704313	0.585299
14.32	27.52	38.88	45.27	3.33	2.02	33.373407	28.343432	30.711862	0.585315
14.32	27.53	38.88	45.28	3.33	2.02	33.381715	28.350227	30.719412	0.585331
14.32	27.54	38.89	45.29	3.33	2.02	33.390021	28.357025	30.726962	0.585348
14.32	27.54	38.89	45.30	3.33	2.02	33.398326	28.363824	30.734513	0.585364
14.33	27.55	38.90	45.31	3.33	2.02	33.406629	28.370626	30.742065	0.585380
14.33	27.56	38.90	45.32	3.33	2.02	33.414931	28.377429	30.749616	0.585396
14.33	27.56	38.91	45.33	3.33	2.02	33.423231	28.384235	30.757169	0.585412
14.34	27.57	38.91	45.33	3.33	2.02	33.431530	28.391043	30.764721	0.585428
14.34	27.57	38.92	45.34	3.33	2.02	33.439828	28.397853	30.772275	0.585444
14.34	27.58	38.92	45.35	3.33	2.02	33.448125	28.404666	30.779829	0.585460
14.34	27.59	38.93	45.36	3.33	2.02	33.456419	28.411480	30.787383	0.585476
14.35	27.59	38.93	45.37	3.33	2.02	33.464713	28.418297	30.794937	0.585492
14.35	27.60	38.93	45.38	3.33	2.02	33.473005	28.425115	30.802493	0.585508
14.35	27.61	38.94	45.39	3.33	2.02	33.481296	28.431936	30.810048	0.585524
14.36	27.61	38.94	45.40	3.33	2.02	33.489585	28.438759	30.817604	0.585540
14.36	27.62	38.95	45.40	3.33	2.02	33.497872	28.445584	30.825161	0.585556
14.36	27.63	38.95	45.41	3.33	2.02	33.506159	28.452411	30.832718	0.585572
14.36	27.63	38.96	45.42	3.33	2.02	33.514444	28.459241	30.840275	0.585588
14.37	27.64	38.96	45.43	3.33	2.02	33.522727	28.466072	30.847833	0.585604
14.37	27.65	38.97	45.44	3.33	2.02	33.531009	28.472906	30.855391	0.585620
14.37	27.65	38.97	45.45	3.33	2.02	33.539289	28.479741	30.862950	0.585635
14.38	27.66	38.98	45.46	3.33	2.02	33.547568	28.486579	30.870509	0.585651
14.38	27.67	38.98	45.47	3.33	2.03	33.555845	28.493419	30.878068	0.585667
14.38	27.67	38.99	45.47	3.33	2.03	33.564121	28.500260	30.885628	0.585683
14.38	27.68	38.99	45.48	3.33	2.03	33.572396	28.507104	30.893188	0.585699
14.39	27.69	39.00	45.49	3.33	2.03	33.580668	28.513950	30.900749	0.585715
14.39	27.69	39.00	45.50	3.33	2.03	33.588940	28.520798	30.908310	0.585730
14.39	27.70	39.01	45.51	3.33	2.03	33.597210	28.527648	30.915871	0.585746
14.39	27.70	39.01	45.52	3.33	2.03	33.605478	28.534500	30.923433	0.585762
14.40	27.71	39.02	45.53	3.33	2.03	33.613745	28.541354	30.930995	0.585778
14.40	27.72	39.02	45.53	3.33	2.03	33.622010	28.548211	30.938557	0.585793
14.40	27.72	39.03	45.54	3.33	2.03	33.630273	28.555069	30.946120	0.585809
14.41	27.73	39.03	45.55	3.33	2.03	33.638535	28.561929	30.953683	0.585825
14.41	27.74	39.03	45.56	3.33	2.03	33.646796	28.568791	30.961247	0.585840
14.41	27.74	39.04	45.57	3.34	2.03	33.655055	28.575656	30.968810	0.585856
14.41	27.75	39.04	45.58	3.34	2.03	33.663312	28.582522	30.976374	0.585872
14.42	27.76	39.05	45.59	3.34	2.03	33.671568	28.589390	30.983939	0.585887
14.42	27.76	39.05	45.59	3.34	2.03	33.679822	28.596261	30.991504	0.585903
14.42	27.77	39.06	45.60	3.34	2.03	33.688075	28.603133	30.999069	0.585918
14.43	27.78	39.06	45.61	3.34	2.03	33.696326	28.610007	31.006634	0.585934
14.43	27.78	39.07	45.62	3.34	2.03	33.704575	28.616883	31.014200	0.585949
14.43	27.79	39.07	45.63	3.34	2.03	33.712823	28.623762	31.021766	0.585965
14.43	27.80	39.08	45.64	3.34	2.03	33.721069	28.630642	31.029332	0.585980
14.44	27.80	39.08	45.64	3.34	2.03	33.729313	28.637524	31.036898	0.585996
14.44	27.81	39.09	45.65	3.34	2.03	33.737556	28.644408	31.044465	0.586011
14.44	27.82	39.09	45.66	3.34	2.03	33.745797	28.651295	31.052032	0.586027
14.44	27.82	39.10	45.67	3.34	2.03	33.754037	28.658183	31.059599	0.586042
14.45	27.83	39.10	45.68	3.34	2.03	33.762274	28.665073	31.067167	0.586058
14.45	27.84	39.10	45.69	3.34	2.03	33.770511	28.671965	31.074735	0.586073
14.45	27.84	39.11	45.70	3.34	2.03	33.778745	28.678859	31.082303	0.586089
14.46	27.85	39.11	45.70	3.34	2.03	33.786978	28.685755	31.089871	0.586104
14.46	27.86	39.12	45.71	3.34	2.03	33.795209	28.692653	31.097440	0.586119
14.46	27.86	39.12	45.72	3.34	2.03	33.803439	28.699552	31.105009	0.586135
14.46	27.87	39.13	45.73	3.34	2.03	33.811666	28.706454	31.112578	0.586150
14.47	27.88	39.13	45.74	3.34	2.03	33.819892	28.713358	31.120147	0.586165
14.47	27.88	39.14	45.75	3.34	2.03	33.828117	28.720263	31.127716	0.586181
14.47	27.89	39.14	45.75	3.34	2.03	33.836339	28.727171	31.135286	0.586196
14.47	27.90	39.14	45.76	3.34	2.03	33.844560	28.734080	31.142856	0.586211
14.48	27.90	39.15	45.77	3.34	2.03	33.852779	28.740991	31.150426	0.586227
14.48	27.91	39.15	45.78	3.34	2.03	33.860997	28.747905	31.157996	0.586242
14.48	27.92	39.16	45.79	3.34	2.03	33.869212	28.754820	31.165566	0.586257
14.49	27.92	39.16	45.79	3.34	2.03	33.877426	28.761736	31.173137	0.586272
14.49	27.93	39.17	45.80	3.34	2.03	33.885639	28.768655	31.180707	0.586287
14.49	27.94	39.17	45.81	3.34	2.03	33.893849	28.775576	31.188278	0.586303
14.49	27.94	39.18	45.82	3.34	2.03	33.902058	28.782499	31.195849	0.586318
14.50	27.95	39.18	45.83	3.34	2.03	33.910265	28.789423	31.203421	0.586333
14.50	27.96	39.19	45.84	3.34	2.03	33.918470	28.796349	31.210992	0.586348
14.50	27.96	39.19	45.84	3.34	2.03	33.926673	28.803277	31.218563	0.586363
14.51	27.97	39.19	45.85	3.34	2.03	33.934874	28.810207	31.226135	0.586378
14.51	27.98	39.20	45.86	3.34	2.03	33.943074	28.817139	31.233707	0.586393
14.51	27.98	39.20	45.87	3.34	2.03	33.951272	28.824073	31.241279	0.586409
14.51	27.99	39.21	45.88	3.34	2.03	33.959468	28.831008	31.248851	0.586424
14.52	28.00	39.21	45.88	3.34	2.03	33.967662	28.837946	31.256423	0.586439
14.52	28.00	39.22	45.89	3.34	2.03	33.975855	28.844885	31.263995	0.586454
14.52	28.01	39.22	45.90	3.35	2.03	33.984045	28.851826	31.271567	0.586469
14.53	28.02	39.22	45.91	3.35	2.03	33.992234	28.858768	31.279140	0.586484
14.53	28.02	39.23	45.92	3.35	2.03	34.000421	28.865713	31.286712	0.586499
14.53	28.03	39.23	45.92	3.35	2.03	34.008606	28.872659	31.294285	0.586514
14.53	28.04	39.24	45.93	3.35	2.03	34.016789	28.879607	31.301857	0.586529
14.54	28.04	39.24	45.94	3.35	2.03	34.024971	28.886557	31.309430	0.586543
14.54	28.05	39.25	45.95	3.35	2.03	34.033150	28.893509	31.317003	0.586558
14.54	28.06	39.25	45.96	3.35	2.03	34.041328	28.900463	31.324576	0.586573
14.54	28.06	39.25	45.96	3.35	2.03	34.049504	28.907418	31.332149	0.586588
14.55	28.07	39.26	45.97	3.35	2.03	34.057677	28.914375	31.339722	0.586603
14.55	28.08	39.26	45.98	3.35	2.03	34.065849	28.921334	31.347295	0.586618
14.55	28.08	39.27	45.99	3.35	2.03	34.074019	28.928295	31.354868	0.586633
14.56	28.09	39.27	46.00	3.35	2.03	34.082188	28.935257	31.362441	0.586648
14.56	28.10	39.28	46.00	3.35	2.03	34.090354	28.942221	31.370014	0.586662
14.56	28.10	39.28	46.01	3.35	2.03	34.098518	28.949187	31.377587	0.586677
14.56	28.11	39.28	46.02	3.35	2.03	34.106680	28.956155	31.385160	0.586692
14.57	28.12	39.29	46.03	3.35	2.03	34.114841	28.963124	31.392733	0.586707
14.57	28.12	39.29	46.04	3.35	2.03	34.122999	28.970095	31.400306	0.586721
14.57	28.13	39.30	46.04	3.35	2.03	34.131156	28.977068	31.407879	0.586736
14.57	28.14	39.30	46.05	3.35	2.04	34.139311	28.984042	31.415453	0.586751
14.58	28.14	39.31	46.06	3.35	2.04	34.147463	28.991019	31.423026	0.586766
14.58	28.15	39.31	46.07	3.35	2.04	34.155614	28.997997	31.430599	0.586780
14.58	28.16	39.31	46.08	3.35	2.04	34.163763	29.004976	31.438172	0.586795
14.59	28.16	39.32	46.08	3.35	2.04	34.171909	29.011958	31.445745	0.586810
14.59	28.17	39.32	46.09	3.35	2.04	34.180054	29.018941	31.453318	0.586824
14.59	28.18	39.33	46.10	3.35	2.04	34.188197	29.025925	31.460891	0.586839
14.59	28.18	39.33	46.11	3.35	2.04	34.196338	29.032912	31.468464	0.586853
14.60	28.19	39.34	46.12	3.35	2.04	34.204476	29.039900	31.476037	0.586868
14.60	28.20	39.34	46.12	3.35	2.04	34.212613	29.046890	31.483609	0.586883
14.60	28.20	39.34	46.13	3.35	2.04	34.220748	29.053881	31.491182	0.586897
14.61	28.21	39.35	46.14	3.35	2.04	34.228880	29.060874	31.498755	0.586912
14.61	28.22	39.35	46.15	3.35	2.04	34.237011	29.067869	31.506327	0.586926
14.61	28.22	39.36	46.15	3.35	2.04	34.245140	29.074866	31.513900	0.586941
14.61	28.23	39.36	46.16	3.35	2.04	34.253266	29.081864	31.521472	0.586955
14.62	28.24	39.36	46.17	3.35	2.04	34.261391	29.088863	31.529045	0.586970
14.62	28.24	39.37	46.18	3.35	2.04	34.269514	29.095865	31.536617	0.586984
14.62	28.25	39.37	46.18	3.35	2.04	34.277634	29.102868	31.544189	0.586998
14.62	28.26	39.38	46.19	3.35	2.04	34.285752	29.109872	31.551761	0.587013
14.63	28.26	39.38	46.20	3.35	2.04	34.293869	29.116879	31.559333	0.587027
14.63	28.27	39.38	46.21	3.35	2.04	34.301983	29.123887	31.566904	0.587042
14.63	28.28	39.39	46.22	3.36	2.04	34.310095	29.130896	31.574476	0.587056
14.64	28.28	39.39	46.22	3.36	2.04	34.318205	29.137907	31.582048	0.587070
14.64	28.29	39.40	46.23	3.36	2.04	34.326313	29.144920	31.589619	0.587085
14.64	28.30	39.40	46.24	3.36	2.04	34.334419	29.151934	31.597190	0.587099
14.64	28.30	39.40	46.25	3.36	2.04	34.342523	29.158950	31.604761	0.587113
14.65	28.31	39.41	46.25	3.36	2.04	34.350625	29.165967	31.612332	0.587128
14.65	28.32	39.41	46.26	3.36	2.04	34.358724	29.172987	31.619903	0.587142
14.65	28.32	39.42	46.27	3.36	2.04	34.366821	29.180007	31.627473	0.587156
14.66	28.33	39.42	46.28	3.36	2.04	34.374917	29.187029	31.635044	0.587171
14.66	28.34	39.42	46.28	3.36	2.04	34.383010	29.194053	31.642614	0.587185
14.66	28.34	39.43	46.29	3.36	2.04	34.391101	29.201079	31.650184	0.587199
14.66	28.35	39.43	46.30	3.36	2.04	34.399190	29.208105	31.657754	0.587213
14.67	28.36	39.44	46.31	3.36	2.04	34.407277	29.215134	31.665324	0.587227
14.67	28.36	39.44	46.31	3.36	2.04	34.415361	29.222164	31.672893	0.587242
14.67	28.37	39.44	46.32	3.36	2.04	34.423443	29.229195	31.680462	0.587256
14.68	28.38	39.45	46.33	3.36	2.04	34.431524	29.236228	31.688031	0.587270
14.68	28.39	39.45	46.34	3.36	2.04	34.439602	29.243263	31.695600	0.587284
14.68	28.39	39.46	46.34	3.36	2.04	34.447677	29.250299	31.703169	0.587298
14.68	28.40	39.46	46.35	3.36	2.04	34.455751	29.257337	31.710737	0.587312
14.69	28.41	39.46	46.36	3.36	2.04	34.463823	29.264376	31.718305	0.587326
14.69	28.41	39.47	46.37	3.36	2.04	34.471892	29.271417	31.725873	0.587340
14.69	28.42	39.47	46.37	3.36	2.04	34.479959	29.278459	31.733441	0.587354
14.69	28.43	39.48	46.38	3.36	2.04	34.488024	29.285503	31.741008	0.587368
14.70	28.43	39.48	46.39	3.36	2.04	34.496086	29.292548	31.748575	0.587382
14.70	28.44	39.48	46.40	3.36	2.04	34.504147	29.299594	31.756142	0.587396
14.70	28.45	39.49	46.40	3.36	2.04	34.512205	29.306643	31.763708	0.587410
14.71	28.45	39.49	46.41	3.36	2.04	34.520261	29.313692	31.771275	0.587424
14.71	28.46	39.50	46.42	3.36	2.04	34.528314	29.320743	31.778841	0.587438
14.71	28.47	39.50	46.43	3.36	2.04	34.536366	29.327796	31.786406	0.587452
14.71	28.47	39.50	46.43	3.36	2.04	34.544415	29.334850	31.793972	0.587466
14.72	28.48	39.51	46.44	3.36	2.04	34.552462	29.341905	31.801537	0.587480
14.72	28.49	39.51	46.45	3.36	2.04	34.560506	29.348962	31.809102	0.587494
14.72	28.49	39.51	46.45	3.36	2.04	34.568548	29.356021	31.816666	0.587508
14.72	28.50	39.52	46.46	3.36	2.04	34.576588	29.363081	31.824231	0.587521
14.73	28.51	39.52	46.47	3.36	2.04	34.584626	29.370142	31.831794	0.587535
14.73	28.51	39.53	46.48	3.36	2.04	34.592662	29.377204	31.839358	0.587549
14.73	28.52	39.53	46.48	3.36	2.04	34.600695	29.384269	31.846921	0.587563
14.74	28.53	39.53	46.49	3.36	2.04	34.608726	29.391334	31.854484	0.587577
14.74	28.54	39.54	46.50	3.36	2.04	34.616754	29.398401	31.862047	0.587590
14.74	28.54	39.54	46.51	3.36	2.04	34.624780	29.405470	31.869609	0.587604
14.74	28.55	39.54	46.51	3.37	2.04	34.632804	29.412539	31.877171	0.587618
14.75	28.56	39.55	46.52	3.37	2.04	34.640826	29.419610	31.884732	0.587632
14.75	28.56	39.55	46.53	3.37	2.04	34.648845	29.426683	31.892293	0.587645
14.75	28.57	39.56	46.53	3.37	2.04	34.656862	29.433757	31.899854	0.587659
14.76	28.58	39.56	46.54	3.37	2.04	34.664876	29.440832	31.907414	0.587673
14.76	28.58	39.56	46.55	3.37	2.04	34.672888	29.447909	31.914974	0.587686
14.76	28.59	39.57	46.56	3.37	2.04	34.680898	29.454987	31.922534	0.587700
14.76	28.60	39.57	46.56	3.37	2.04	34.688906	29.462067	31.930093	0.587714
14.77	28.60	39.57	46.57	3.37	2.04	34.696911	29.469148	31.937652	0.587727
14.77	28.61	39.58	46.58	3.37	2.04	34.704913	29.476230	31.945210	0.587741
14.77	28.62	39.58	46.58	3.37	2.04	34.712914	29.483313	31.952768	0.587754
14.78	28.62	39.59	46.59	3.37	2.04	34.720912	29.490398	31.960326	0.587768
14.78	28.63	39.59	46.60	3.37	2.04	34.728907	29.497484	31.967883	0.587781
14.78	28.64	39.59	46.61	3.37	2.04	34.736900	29.504572	31.975439	0.587795
14.78	28.64	39.60	46.61	3.37	2.04	34.744891	29.511661	31.982996	0.587808
14.79	28.65	39.60	46.62	3.37	2.04	34.752879	29.518751	31.990552	0.587822
14.79	28.66	39.60	46.63	3.37	2.04	34.760865	29.525843	31.998107	0.587835
14.79	28.67	39.61	46.63	3.37	2.04	34.768848	29.532936	32.005662	0.587849
14.79	28.67	39.61	46.64	3.37	2.04	34.776829	29.540030	32.013216	0.587862
14.80	28.68	39.61	46.65	3.37	2.04	34.784808	29.547125	32.020770	0.587876
14.80	28.69	39.62	46.65	3.37	2.04	34.792784	29.554222	32.028324	0.587889
14.80	28.69	39.62	46.66	3.37	2.04	34.800758	29.561320	32.035877	0.587903
14.81	28.70	39.62	46.67	3.37	2.04	34.808729	29.568420	32.043430	0.587916
14.81	28.71	39.63	46.68	3.37	2.04	34.816698	29.575520	32.050982	0.587929
14.81	28.71	39.63	46.68	3.37	2.04	34.824664	29.582622	32.058533	0.587943
14.81	28.72	39.64	46.69	3.37	2.04	34.832628	29.589725	32.066084	0.587956
14.82	28.73	39.64	46.70	3.37	2.04	34.840589	29.596830	32.073635	0.587969
14.82	28.73	39.64	46.70	3.37	2.04	34.848548	29.603936	32.081185	0.587983
14.82	28.74	39.65	46.71	3.37	2.04	34.856504	29.611043	32.088735	0.587996
14.82	28.75	39.65	46.72	3.37	2.04	34.864458	29.618151	32.096284	0.588009
14.83	28.75	39.65	46.72	3.37	2.04	34.872409	29.625261	32.103832	0.588022
14.83	28.76	39.66	46.73	3.37	2.04	34.880358	29.632371	32.111380	0.588036
14.83	28.77	39.66	46.74	3.37	2.05	34.888305	29.639483	32.118928	0.588049
14.84	28.78	39.66	46.74	3.37	2.05	34.896248	29.646597	32.126475	0.588062
14.84	28.78	39.67	46.75	3.37	2.05	34.904190	29.653711	32.134021	0.588075
14.84	28.79	39.67	46.76	3.37	2.05	34.912128	29.660827	32.141567	0.588088
14.84	28.80	39.67	46.77	3.37	2.05	34.920065	29.667944	32.149112	0.588101
14.85	28.80	39.68	46.77	3.37	2.05	34.927998	29.675062	32.156657	0.588115
14.85	28.81	39.68	46.78	3.37	2.05	34.935929	29.682181	32.164201	0.588128
14.85	28.82	39.68	46.79	3.37	2.05	34.943858	29.689302	32.171745	0.588141
14.86	28.82	39.69	46.79	3.37	2.05	34.951784	29.696423	32.179288	0.588154
14.86	28.83	39.69	46.80	3.38	2.05	34.959707	29.703546	32.186830	0.588167
14.86	28.84	39.69	46.81	3.38	2.05	34.967628	29.710670	32.194372	0.588180
14.86	28.84	39.70	46.81	3.38	2.05	34.975546	29.717796	32.201913	0.588193
14.87	28.85	39.70	46.82	3.38	2.05	34.983462	29.724922	32.209454	0.588206
14.87	28.86	39.70	46.83	3.38	2.05	34.991375	29.732050	32.216994	0.588219
14.87	28.87	39.71	46.83	3.38	2.05	34.999286	29.739179	32.224533	0.588232
14.88	28.87	39.71	46.84	3.38	2.05	35.007193	29.746308	32.232072	0.588245
14.88	28.88	39.72	46.85	3.38	2.05	35.015099	29.753440	32.239610	0.588258
14.88	28.89	39.72	46.85	3.38	2.05	35.023001	29.760572	32.247148	0.588271
14.88	28.89	39.72	46.86	3.38	2.05	35.030901	29.767705	32.254684	0.588284
14.89	28.90	39.73	46.87	3.38	2.05	35.038799	29.774840	32.262221	0.588297
14.89	28.91	39.73	46.87	3.38	2.05	35.046694	29.781975	32.269756	0.588310
14.89	28.91	39.73	46.88	3.38	2.05	35.054586	29.789112	32.277291	0.588322
14.89	28.92	39.74	46.89	3.38	2.05	35.062475	29.796250	32.284826	0.588335
14.90	28.93	39.74	46.89	3.38	2.05	35.070362	29.803389	32.292359	0.588348
14.90	28.93	39.74	46.90	3.38	2.05	35.078246	29.810529	32.299892	0.588361
14.90	28.94	39.74	46.91	3.38	2.05	35.086128	29.817671	32.307424	0.588374
14.91	28.95	39.75	46.91	3.38	2.05	35.094007	29.824813	32.314956	0.588386
14.91	28.96	39.75	46.92	3.38	2.05	35.101883	29.831956	32.322487	0.588399
14.91	28.96	39.75	46.93	3.38	2.05	35.109756	29.839101	32.330017	0.588412
14.91	28.97	39.76	46.93	3.38	2.05	35.117627	29.846247	32.337547	0.588425
14.92	28.98	39.76	46.94	3.38	2.05	35.125495	29.853393	32.345075	0.588437
14.92	28.98	39.76	46.95	3.38	2.05	35.133361	29.860541	32.352604	0.588450
14.92	28.99	39.77	46.95	3.38	2.05	35.141223	29.867690	32.360131	0.588463
14.93	29.00	39.77	46.96	3.38	2.05	35.149084	29.874840	32.367658	0.588476
14.93	29.00	39.77	46.96	3.38	2.05	35.156941	29.881991	32.375184	0.588488
14.93	29.01	39.78	46.97	3.38	2.05	35.164795	29.889143	32.382709	0.588501
14.93	29.02	39.78	46.98	3.38	2.05	35.172647	29.896296	32.390233	0.588513
14.94	29.03	39.78	46.98	3.38	2.05	35.180496	29.903450	32.397757	0.588526
14.94	29.03	39.79	46.99	3.38	2.05	35.188343	29.910605	32.405280	0.588539
14.94	29.04	39.79	47.00	3.38	2.05	35.196187	29.917761	32.412802	0.588551
14.94	29.05	39.79	47.00	3.38	2.05	35.204027	29.924919	32.420324	0.588564
14.95	29.05	39.80	47.01	3.38	2.05	35.211866	29.932077	32.427844	0.588576
14.95	29.06	39.80	47.02	3.38	2.05	35.219701	29.939236	32.435364	0.588589
14.95	29.07	39.80	47.02	3.38	2.05	35.227534	29.946396	32.442883	0.588601
14.96	29.07	39.81	47.03	3.38	2.05	35.235364	29.953558	32.450402	0.588614
14.96	29.08	39.81	47.04	3.38	2.05	35.243191	29.960720	32.457919	0.588626
14.96	29.09	39.81	47.04	3.38	2.05	35.251015	29.967883	32.465436	0.588639
14.96	29.09	39.82	47.05	3.38	2.05	35.258836	29.975047	32.472952	0.588651
14.97	29.10	39.82	47.05	3.38	2.05	35.266655	29.982213	32.480467	0.588664
14.97	29.11	39.82	47.06	3.39	2.05	35.274471	29.989379	32.487982	0.588676
14.97	29.12	39.82	47.07	3.39	2.05	35.282284	29.996546	32.495495	0.588688
14.97	29.12	39.83	47.07	3.39	2.05	35.290095	30.003714	32.503008	0.588701
14.98	29.13	39.83	47.08	3.39	2.05	35.297902	30.010883	32.510520	0.588713
14.98	29.14	39.83	47.09	3.39	2.05	35.305707	30.018053	32.518031	0.588725
14.98	29.14	39.84	47.09	3.39	2.05	35.313509	30.025224	32.525542	0.588738
14.99	29.15	39.84	47.10	3.39	2.05	35.321308	30.032396	32.533051	0.588750
14.99	29.16	39.84	47.10	3.39	2.05	35.329104	30.039569	32.540560	0.588762
14.99	29.16	39.85	47.11	3.39	2.05	35.336897	30.046743	32.548067	0.588775
14.99	29.17	39.85	47.12	3.39	2.05	35.344688	30.053918	32.555574	0.588787
15.00	29.18	39.85	47.12	3.39	2.05	35.352475	30.061094	32.563080	0.588799
15.00	29.19	39.86	47.13	3.39	2.05	35.360260	30.068270	32.570585	0.588811
15.00	29.19	39.86	47.14	3.39	2.05	35.368042	30.075448	32.578090	0.588824
15.01	29.20	39.86	47.14	3.39	2.05	35.375821	30.082626	32.585593	0.588836
15.01	29.21	39.86	47.15	3.39	2.05	35.383597	30.089806	32.593095	0.588848
15.01	29.21	39.87	47.15	3.39	2.05	35.391371	30.096986	32.600597	0.588860
15.01	29.22	39.87	47.16	3.39	2.05	35.399141	30.104167	32.608098	0.588872
15.02	29.23	39.87	47.17	3.39	2.05	35.406908	30.111349	32.615598	0.588884
15.02	29.23	39.88	47.17	3.39	2.05	35.414673	30.118532	32.623096	0.588896
15.02	29.24	39.88	47.18	3.39	2.05	35.422435	30.125716	32.630594	0.588909
15.03	29.25	39.88	47.18	3.39	2.05	35.430193	30.132901	32.638091	0.588921
15.03	29.26	39.88	47.19	3.39	2.05	35.437949	30.140086	32.645588	0.588933
15.03	29.26	39.89	47.20	3.39	2.05	35.445702	30.147273	32.653083	0.588945
15.03	29.27	39.89	47.20	3.39	2.05	35.453452	30.154460	32.660577	0.588957
15.04	29.28	39.89	47.21	3.39	2.05	35.461199	30.161648	32.668070	0.588969
15.04	29.28	39.90	47.21	3.39	2.05	35.468943	30.168837	32.675563	0.588981
15.04	29.29	39.90	47.22	3.39	2.05	35.476685	30.176027	32.683054	0.588993
15.04	29.30	39.90	47.23	3.39	2.05	35.484423	30.183217	32.690545	0.589005
15.05	29.31	39.90	47.23	3.39	2.05	35.492158	30.190409	32.698034	0.589017
15.05	29.31	39.91	47.24	3.39	2.05	35.499890	30.197601	32.705523	0.589029
15.05	29.32	39.91	47.24	3.39	2.05	35.507620	30.204794	32.713010	0.589040
15.06	29.33	39.91	47.25	3.39	2.05	35.515346	30.211988	32.720497	0.589052
15.06	29.33	39.92	47.26	3.39	2.05	35.523069	30.219183	32.727983	0.589064
15.06	29.34	39.92	47.26	3.39	2.05	35.530790	30.226379	32.735467	0.589076
15.06	29.35	39.92	47.27	3.39	2.05	35.538507	30.233575	32.742951	0.589088
15.07	29.35	39.92	47.27	3.39	2.05	35.546222	30.240772	32.750433	0.589100
15.07	29.36	39.93	47.28	3.39	2.05	35.553933	30.247970	32.757915	0.589112
15.07	29.37	39.93	47.29	3.39	2.05	35.561642	30.255169	32.765396	0.589123
15.07	29.38	39.93	47.29	3.39	2.05	35.569347	30.262368	32.772875	0.589135
15.08	29.38	39.94	47.30	3.39	2.05	35.577049	30.269568	32.780354	0.589147
15.08	29.39	39.94	47.30	3.40	2.05	35.584749	30.276769	32.787831	0.589159
15.08	29.40	39.94	47.31	3.40	2.05	35.592445	30.283971	32.795308	0.589170
15.09	29.40	39.94	47.31	3.40	2.05	35.600138	30.291174	32.802783	0.589182
15.09	29.41	39.95	47.32	3.40	2.05	35.607829	30.298377	32.810258	0.589194
15.09	29.42	39.95	47.33	3.40	2.05	35.615516	30.305581	32.817731	0.589205
15.09	29.42	39.95	47.33	3.40	2.05	35.623200	30.312786	32.825203	0.589217
15.10	29.43	39.96	47.34	3.40	2.05	35.630881	30.319991	32.832674	0.589229
15.10	29.44	39.96	47.34	3.40	2.05	35.638559	30.327198	32.840145	0.589240
15.10	29.45	39.96	47.35	3.40	2.05	35.646234	30.334405	32.847614	0.589252
15.11	29.45	39.96	47.36	3.40	2.05	35.653906	30.341612	32.855082	0.589264
15.11	29.46	39.97	47.36	3.40	2.05	35.661575	30.348821	32.862549	0.589275
15.11	29.47	39.97	47.37	3.40	2.05	35.669240	30.356030	32.870015	0.589287
15.11	29.47	39.97	47.37	3.40	2.05	35.676903	30.363240	32.877479	0.589298
15.12	29.48	39.97	47.38	3.40	2.05	35.684563	30.370450	32.884943	0.589310
15.12	29.49	39.98	47.38	3.40	2.05	35.692219	30.377661	32.892405	0.589321
15.12	29.50	39.98	47.39	3.40	2.05	35.699872	30.384873	32.899867	0.589333
15.12	29.50	39.98	47.40	3.40	2.05	35.707523	30.392086	32.907327	0.589344
15.13	29.51	39.98	47.40	3.40	2.05	35.715170	30.399299	32.914786	0.589356
15.13	29.52	39.99	47.41	3.40	2.05	35.722814	30.406513	32.922244	0.589367
15.13	29.52	39.99	47.41	3.40	2.05	35.730455	30.413727	32.929701	0.589379
15.14	29.53	39.99	47.42	3.40	2.05	35.738092	30.420943	32.937157	0.589390
15.14	29.54	40.00	47.42	3.40	2.05	35.745727	30.428159	32.944612	0.589401
15.14	29.54	40.00	47.43	3.40	2.05	35.753358	30.435375	32.952065	0.589413
15.14	29.55	40.00	47.43	3.40	2.05	35.760987	30.442592	32.959518	0.589424
15.15	29.56	40.00	47.44	3.40	2.05	35.768612	30.449810	32.966969	0.589435
15.15	29.57	40.01	47.45	3.40	2.05	35.776234	30.457029	32.974419	0.589447
15.15	29.57	40.01	47.45	3.40	2.05	35.783853	30.464248	32.981868	0.589458
15.16	29.58	40.01	47.46	3.40	2.05	35.791468	30.471467	32.989315	0.589469
15.16	29.59	40.01	47.46	3.40	2.05	35.799081	30.478688	32.996762	0.589481
15.16	29.59	40.02	47.47	3.40	2.05	35.806690	30.485909	33.004207	0.589492
15.16	29.60	40.02	47.47	3.40	2.05	35.814296	30.493130	33.011651	0.589503
15.17	29.61	40.02	47.48	3.40	2.05	35.821899	30.500352	33.019094	0.589514
15.17	29.62	40.02	47.48	3.40	2.05	35.829499	30.507575	33.026536	0.589526
15.17	29.62	40.03	47.49	3.40	2.05	35.837095	30.514798	33.033976	0.589537
15.18	29.63	40.03	47.49	3.40	2.05	35.844688	30.522022	33.041416	0.589548
15.18	29.64	40.03	47.50	3.40	2.05	35.852278	30.529247	33.048854	0.589559
15.18	29.64	40.03	47.51	3.40	2.05	35.859865	30.536472	33.056291	0.589570
15.18	29.65	40.04	47.51	3.40	2.05	35.867449	30.543697	33.063726	0.589581
15.19	29.66	40.04	47.52	3.40	2.05	35.875029	30.550923	33.071160	0.589592
15.19	29.67	40.04	47.52	3.40	2.05	35.882606	30.558150	33.078594	0.589603
15.19	29.67	40.04	47.53	3.41	2.05	35.890180	30.565377	33.086025	0.589615
15.19	29.68	40.05	47.53	3.41	2.05	35.897751	30.572605	33.093456	0.589626
15.20	29.69	40.05	47.54	3.41	2.05	35.905318	30.579834	33.100885	0.589637
15.20	29.69	40.05	47.54	3.41	2.05	35.912882	30.587063	33.108314	0.589648
15.20	29.70	40.05	47.55	3.41	2.05	35.920443	30.594292	33.115740	0.589659
15.21	29.71	40.06	47.55	3.41	2.05	35.928001	30.601522	33.123166	0.589670
15.21	29.72	40.06	47.56	3.41	2.05	35.935555	30.608752	33.130590	0.589681
15.21	29.72	40.06	47.56	3.41	2.05	35.943106	30.615983	33.138013	0.589692
15.21	29.73	40.06	47.57	3.41	2.05	35.950654	30.623215	33.145435	0.589702
15.22	29.74	40.06	47.58	3.41	2.05	35.958198	30.630447	33.152855	0.589713
15.22	29.74	40.07	47.58	3.41	2.05	35.965740	30.637680	33.160274	0.589724
15.22	29.75	40.07	47.59	3.41	2.05	35.973277	30.644913	33.167692	0.589735
15.22	29.76	40.07	47.59	3.41	2.05	35.980812	30.652146	33.175109	0.589746
15.23	29.76	40.07	47.60	3.41	2.05	35.988343	30.659380	33.182524	0.589757
15.23	29.77	40.08	47.60	3.41	2.05	35.995871	30.666615	33.189938	0.589768
15.23	29.78	40.08	47.61	3.41	2.05	36.003396	30.673849	33.197350	0.589779
15.24	29.79	40.08	47.61	3.41	2.05	36.010917	30.681085	33.204761	0.589789
15.24	29.79	40.08	47.62	3.41	2.05	36.018435	30.688321	33.212171	0.589800
15.24	29.80	40.09	47.62	3.41	2.05	36.025949	30.695557	33.219580	0.589811
15.24	29.81	40.09	47.63	3.41	2.05	36.033461	30.702794	33.226987	0.589822
15.25	29.81	40.09	47.63	3.41	2.05	36.040969	30.710031	33.234393	0.589832
15.25	29.82	40.09	47.64	3.41	2.05	36.048473	30.717269	33.241797	0.589843
15.25	29.83	40.09	47.64	3.41	2.05	36.055974	30.724507	33.249200	0.589854
15.26	29.84	40.10	47.65	3.41	2.05	36.063472	30.731745	33.256602	0.589864
15.26	29.84	40.10	47.65	3.41	2.05	36.070967	30.738984	33.264002	0.589875
15.26	29.85	40.10	47.66	3.41	2.05	36.078458	30.746224	33.271401	0.589886
15.26	29.86	40.10	47.66	3.41	2.05	36.085945	30.753463	33.278799	0.589896
15.27	29.86	40.11	47.67	3.41	2.05	36.093430	30.760703	33.286195	0.589907
15.27	29.87	40.11	47.67	3.41	2.05	36.100911	30.767944	33.293590	0.589918
15.27	29.88	40.11	47.68	3.41	2.05	36.108388	30.775185	33.300983	0.589928
15.28	29.89	40.11	47.68	3.41	2.05	36.115862	30.782426	33.308375	0.589939
15.28	29.89	40.11	47.69	3.41	2.05	36.123333	30.789668	33.315765	0.589949
15.28	29.90	40.12	47.69	3.41	2.05	36.130800	30.796910	33.323154	0.589960
15.28	29.91	40.12	47.70	3.41	2.05	36.138264	30.804153	33.330542	0.589970
15.29	29.91	40.12	47.70	3.41	2.05	36.145724	30.811396	33.337928	0.589981
15.29	29.92	40.12	47.71	3.41	2.05	36.153181	30.818639	33.345313	0.589991
15.29	29.93	40.13	47.71	3.41	2.05	36.160635	30.825883	33.352697	0.590002
15.29	29.94	40.13	47.72	3.41	2.05	36.168085	30.833126	33.360079	0.590012
15.30	29.94	40.13	47.72	3.41	2.05	36.175532	30.840371	33.367459	0.590023
15.30	29.95	40.13	47.73	3.41	2.05	36.182975	30.847615	33.374838	0.590033
15.30	29.96	40.13	47.73	3.41	2.05	36.190415	30.854860	33.382216	0.590043
15.31	29.96	40.14	47.74	3.42	2.05	36.197851	30.862106	33.389592	0.590054
15.31	29.97	40.14	47.74	3.42	2.05	36.205284	30.869351	33.396966	0.590064
15.31	29.98	40.14	47.75	3.42	2.05	36.212713	30.876597	33.404339	0.590074
15.31	29.99	40.14	47.75	3.42	2.05	36.220139	30.883844	33.411711	0.590085
15.32	29.99	40.14	47.76	3.42	2.05	36.227562	30.891090	33.419081	0.590095
15.32	30.00	40.15	47.76	3.42	2.05	36.234980	30.898337	33.426450	0.590105
15.32	30.01	40.15	47.77	3.42	2.05	36.242396	30.905584	33.433817	0.590116
15.32	30.01	40.15	47.77	3.42	2.05	36.249808	30.912832	33.441183	0.590126
15.33	30.02	40.15	47.78	3.42	2.05	36.257216	30.920080	33.448547	0.590136
15.33	30.03	40.15	47.78	3.42	2.05	36.264621	30.927328	33.455909	0.590146
15.33	30.04	40.16	47.79	3.42	2.05	36.272022	30.934576	33.463270	0.590156
15.34	30.04	40.16	47.79	3.42	2.05	36.279420	30.941825	33.470630	0.590167
15.34	30.05	40.16	47.80	3.42	2.05	36.286815	30.949074	33.477988	0.590177
15.34	30.06	40.16	47.80	3.42	2.05	36.294206	30.956323	33.485345	0.590187
15.34	30.06	40.16	47.81	3.42	2.05	36.301593	30.963572	33.492700	0.590197
15.35	30.07	40.17	47.81	3.42	2.05	36.308977	30.970822	33.500053	0.590207
15.35	30.08	40.17	47.81	3.42	2.05	36.316357	30.978072	33.507405	0.590217
15.35	30.09	40.17	47.82	3.42	2.05	36.323733	30.985322	33.514755	0.590227
15.36	30.09	40.17	47.82	3.42	2.05	36.331106	30.992572	33.522104	0.590237
15.36	30.10	40.17	47.83	3.42	2.05	36.338476	30.999823	33.529451	0.590247
15.36	30.11	40.18	47.83	3.42	2.05	36.345842	31.007074	33.536797	0.590258
15.36	30.11	40.18	47.84	3.42	2.05	36.353204	31.014325	33.544141	0.590268
15.37	30.12	40.18	47.84	3.42	2.05	36.360563	31.021576	33.551483	0.590278
15.37	30.13	40.18	47.85	3.42	2.05	36.367918	31.028827	33.558824	0.590287
15.37	30.14	40.18	47.85	3.42	2.05	36.375270	31.036079	33.566163	0.590297
15.38	30.14	40.19	47.86	3.42	2.05	36.382618	31.043331	33.573501	0.590307
15.38	30.15	40.19	47.86	3.42	2.05	36.389962	31.050583	33.580837	0.590317
15.38	30.16	40.19	47.87	3.42	2.05	36.397303	31.057835	33.588171	0.590327
15.38	30.16	40.19	47.87	3.42	2.05	36.404641	31.065088	33.595504	0.590337
15.39	30.17	40.19	47.87	3.42	2.05	36.411974	31.072340	33.602835	0.590347
15.39	30.18	40.20	47.88	3.42	2.05	36.419304	31.079593	33.610165	0.590357
15.39	30.19	40.20	47.88	3.42	2.05	36.426630	31.086846	33.617493	0.590367
15.39	30.19	40.20	47.89	3.42	2.05	36.433953	31.094099	33.624819	0.590376
15.40	30.20	40.20	47.89	3.42	2.05	36.441272	31.101353	33.632143	0.590386
15.40	30.21	40.20	47.90	3.42	2.05	36.448588	31.108606	33.639466	0.590396
15.40	30.22	40.20	47.90	3.42	2.05	36.455900	31.115860	33.646788	0.590406
15.41	30.22	40.21	47.91	3.42	2.05	36.463208	31.123113	33.654107	0.590416
15.41	30.23	40.21	47.91	3.42	2.05	36.470512	31.130367	33.661425	0.590425
15.41	30.24	40.21	47.92	3.42	2.05	36.477813	31.137621	33.668742	0.590435
15.41	30.24	40.21	47.92	3.42	2.05	36.485110	31.144875	33.676056	0.590445
15.42	30.25	40.21	47.92	3.42	2.05	36.492404	31.152129	33.683369	0.590454
15.42	30.26	40.22	47.93	3.43	2.05	36.499694	31.159384	33.690681	0.590464
15.42	30.27	40.22	47.93	3.43	2.05	36.506980	31.166638	33.697990	0.590474
15.43	30.27	40.22	47.94	3.43	2.05	36.514262	31.173893	33.705298	0.590483
15.43	30.28	40.22	47.94	3.43	2.05	36.521541	31.181147	33.712604	0.590493
15.43	30.29	40.22	47.95	3.43	2.05	36.528816	31.188402	33.719909	0.590503
15.43	30.29	40.22	47.95	3.43	2.05	36.536088	31.195657	33.727211	0.590512
15.44	30.30	40.23	47.95	3.43	2.05	36.543355	31.202912	33.734512	0.590522
15.44	30.31	40.23	47.96	3.43	2.05	36.550619	31.210167	33.741812	0.590531
15.44	30.32	40.23	47.96	3.43	2.05	36.557880	31.217422	33.749109	0.590541
15.44	30.32	40.23	47.97	3.43	2.05	36.565136	31.224677	33.756405	0.590550
15.45	30.33	40.23	47.97	3.43	2.05	36.572389	31.231932	33.763699	0.590560
15.45	30.34	40.23	47.98	3.43	2.05	36.579638	31.239187	33.770992	0.590569
15.45	30.34	40.24	47.98	3.43	2.05	36.586883	31.246442	33.778282	0.590579
15.46	30.35	40.24	47.98	3.43	2.05	36.594125	31.253698	33.785571	0.590588
15.46	30.36	40.24	47.99	3.43	2.05	36.601363	31.260953	33.792858	0.590597
15.46	30.37	40.24	47.99	3.43	2.05	36.608597	31.268208	33.800144	0.590607
15.46	30.37	40.24	48.00	3.43	2.05	36.615827	31.275464	33.807427	0.590616
15.47	30.38	40.24	48.00	3.43	2.05	36.623054	31.282719	33.814709	0.590626
15.47	30.39	40.25	48.01	3.43	2.05	36.630276	31.289975	33.821989	0.590635
15.47	30.39	40.25	48.01	3.43	2.05	36.637496	31.297230	33.829267	0.590644
15.47	30.40	40.25	48.01	3.43	2.05	36.644711	31.304485	33.836544	0.590654
15.48	30.41	40.25	48.02	3.43	2.05	36.651922	31.311741	33.843818	0.590663
15.48	30.42	40.25	48.02	3.43	2.05	36.659130	31.318996	33.851091	0.590672
15.48	30.42	40.25	48.03	3.43	2.05	36.666334	31.326252	33.858362	0.590681
15.49	30.43	40.26	48.03	3.43	2.05	36.673534	31.333507	33.865631	0.590691
15.49	30.44	40.26	48.03	3.43	2.05	36.680730	31.340762	33.872899	0.590700
15.49	30.45	40.26	48.04	3.43	2.05	36.687923	31.348018	33.880164	0.590709
15.49	30.45	40.26	48.04	3.43	2.05	36.695111	31.355273	33.887428	0.590718
15.50	30.46	40.26	48.05	3.43	2.05	36.702296	31.362528	33.894690	0.590728
15.50	30.47	40.26	48.05	3.43	2.05	36.709477	31.369784	33.901950	0.590737
15.50	30.47	40.26	48.06	3.43	2.05	36.716654	31.377039	33.909208	0.590746
15.51	30.48	40.27	48.06	3.43	2.05	36.723828	31.384294	33.916464	0.590755
15.51	30.49	40.27	48.06	3.43	2.05	36.730997	31.391549	33.923719	0.590764
15.51	30.50	40.27	48.07	3.43	2.05	36.738163	31.398804	33.930972	0.590773
15.51	30.50	40.27	48.07	3.43	2.05	36.745325	31.406059	33.938222	0.590782
15.52	30.51	40.27	48.08	3.43	2.05	36.752483	31.413314	33.945471	0.590791
15.52	30.52	40.27	48.08	3.43	2.05	36.759637	31.420569	33.952718	0.590800
15.52	30.52	40.27	48.08	3.43	2.05	36.766787	31.427823	33.959963	0.590809
15.53	30.53	40.28	48.09	3.43	2.05	36.773933	31.435078	33.967207	0.590818
15.53	30.54	40.28	48.09	3.43	2.05	36.781076	31.442333	33.974448	0.590827
15.53	30.55	40.28	48.10	3.43	2.05	36.788215	31.449587	33.981687	0.590836
15.53	30.55	40.28	48.10	3.44	2.05	36.795349	31.456841	33.988925	0.590845
15.54	30.56	40.28	48.10	3.44	2.05	36.802480	31.464095	33.996161	0.590854
15.54	30.57	40.28	48.11	3.44	2.05	36.809607	31.471349	34.003394	0.590863
15.54	30.57	40.28	48.11	3.44	2.05	36.816730	31.478603	34.010626	0.590872
15.54	30.58	40.29	48.11	3.44	2.05	36.823849	31.485857	34.017856	0.590881
15.55	30.59	40.29	48.12	3.44	2.05	36.830965	31.493111	34.025084	0.590890
15.55	30.60	40.29	48.12	3.44	2.05	36.838076	31.500364	34.032310	0.590898
15.55	30.60	40.29	48.13	3.44	2.05	36.845183	31.507618	34.039534	0.590907
15.56	30.61	40.29	48.13	3.44	2.05	36.852287	31.514871	34.046756	0.590916
15.56	30.62	40.29	48.13	3.44	2.05	36.859386	31.522124	34.053977	0.590925
15.56	30.63	40.29	48.14	3.44	2.05	36.866482	31.529377	34.061195	0.590934
15.56	30.63	40.30	48.14	3.44	2.05	36.873574	31.536630	34.068411	0.590942
15.57	30.64	40.30	48.15	3.44	2.05	36.880661	31.543882	34.075625	0.590951
15.57	30.65	40.30	48.15	3.44	2.05	36.887745	31.551135	34.082838	0.590960
15.57	30.65	40.30	48.15	3.44	2.05	36.894825	31.558387	34.090048	0.590969
15.57	30.66	40.30	48.16	3.44	2.05	36.901901	31.565639	34.097257	0.590977
15.58	30.67	40.30	48.16	3.44	2.05	36.908973	31.572891	34.104463	0.590986
15.58	30.68	40.30	48.16	3.44	2.05	36.916041	31.580143	34.111667	0.590994
15.58	30.68	40.30	48.17	3.44	2.05	36.923105	31.587394	34.118870	0.591003
15.59	30.69	40.31	48.17	3.44	2.05	36.930165	31.594645	34.126070	0.591012
15.59	30.70	40.31	48.18	3.44	2.05	36.937221	31.601896	34.133269	0.591020
15.59	30.70	40.31	48.18	3.44	2.05	36.944273	31.609147	34.140465	0.591029
15.59	30.71	40.31	48.18	3.44	2.05	36.951321	31.616398	34.147659	0.591037
15.60	30.72	40.31	48.19	3.44	2.05	36.958365	31.623648	34.154852	0.591046
15.60	30.73	40.31	48.19	3.44	2.05	36.965405	31.630898	34.162042	0.591054
15.60	30.73	40.31	48.19	3.44	2.05	36.972441	31.638148	34.169230	0.591063
15.61	30.74	40.31	48.20	3.44	2.05	36.979473	31.645398	34.176417	0.591071
15.61	30.75	40.32	48.20	3.44	2.05	36.986501	31.652647	34.183601	0.591080
15.61	30.76	40.32	48.20	3.44	2.05	36.993525	31.659896	34.190783	0.591088
15.61	30.76	40.32	48.21	3.44	2.05	37.000545	31.667145	34.197963	0.591097
15.62	30.77	40.32	48.21	3.44	2.05	37.007561	31.674394	34.205141	0.591105
15.62	30.78	40.32	48.21	3.44	2.05	37.014573	31.681642	34.212317	0.591114
15.62	30.78	40.32	48.22	3.44	2.05	37.021580	31.688890	34.219491	0.591122
15.62	30.79	40.32	48.22	3.44	2.05	37.028584	31.696138	34.226663	0.591130
15.63	30.80	40.32	48.23	3.44	2.05	37.035584	31.703385	34.233833	0.591139
15.63	30.81	40.33	48.23	3.44	2.05	37.042580	31.710632	34.241001	0.591147
15.63	30.81	40.33	48.23	3.44	2.05	37.049571	31.717879	34.248166	0.591155
15.64	30.82	40.33	48.24	3.44	2.05	37.056559	31.725126	34.255330	0.591164
15.64	30.83	40.33	48.24	3.44	2.05	37.063542	31.732372	34.262491	0.591172
15.64	30.83	40.33	48.24	3.44	2.05	37.070521	31.739618	34.269650	0.591180
15.64	30.84	40.33	48.25	3.44	2.05	37.077497	31.746863	34.276808	0.591188
15.65	30.85	40.33	48.25	3.44	2.05	37.084468	31.754109	34.283963	0.591197
15.65	30.86	40.33	48.25	3.45	2.05	37.091435	31.761354	34.291116	0.591205
15.65	30.86	40.33	48.26	3.45	2.05	37.098398	31.768598	34.298266	0.591213
15.66	30.87	40.33	48.26	3.45	2.05	37.105357	31.775842	34.305415	0.591221
15.66	30.88	40.34	48.26	3.45	2.05	37.112312	31.783086	34.312562	0.591229
15.66	30.89	40.34	48.27	3.45	2.05	37.119263	31.790330	34.319706	0.591237
15.66	30.89	40.34	48.27	3.45	2.05	37.126209	31.797573	34.326848	0.591245
15.67	30.90	40.34	48.27	3.45	2.05	37.133152	31.804816	34.333988	0.591254
15.67	30.91	40.34	48.28	3.45	2.05	37.140090	31.812058	34.341126	0.591262
15.67	30.91	40.34	48.28	3.45	2.05	37.147024	31.819300	34.348262	0.591270
15.68	30.92	40.34	48.28	3.45	2.05	37.153954	31.826542	34.355396	0.591278
15.68	30.93	40.34	48.29	3.45	2.05	37.160880	31.833783	34.362527	0.591286
15.68	30.94	40.34	48.29	3.45	2.05	37.167802	31.841024	34.369657	0.591294
15.68	30.94	40.34	48.29	3.45	2.05	37.174720	31.848265	34.376784	0.591302
15.69	30.95	40.35	48.30	3.45	2.05	37.181633	31.855505	34.383909	0.591310
15.69	30.96	40.35	48.30	3.45	2.05	37.188543	31.862745	34.391031	0.591318
15.69	30.96	40.35	48.30	3.45	2.05	37.195448	31.869984	34.398152	0.591326
15.69	30.97	40.35	48.31	3.45	2.05	37.202349	31.877223	34.405270	0.591333
15.70	30.98	40.35	48.31	3.45	2.05	37.209246	31.884461	34.412386	0.591341
15.70	30.99	40.35	48.31	3.45	2.05	37.216138	31.891699	34.419500	0.591349
15.70	30.99	40.35	48.32	3.45	2.05	37.223027	31.898937	34.426612	0.591357
15.71	31.00	40.35	48.32	3.45	2.05	37.229911	31.906174	34.433721	0.591365
15.71	31.01	40.35	48.32	3.45	2.05	37.236791	31.913411	34.440829	0.591373
15.71	31.02	40.35	48.32	3.45	2.05	37.243667	31.920647	34.447934	0.591381
15.71	31.02	40.36	48.33	3.45	2.05	37.250539	31.927883	34.455036	0.591388
15.72	31.03	40.36	48.33	3.45	2.05	37.257406	31.935118	34.462137	0.591396
15.72	31.04	40.36	48.33	3.45	2.05	37.264269	31.942353	34.469235	0.591404
15.72	31.04	40.36	48.34	3.45	2.05	37.271128	31.949588	34.476331	0.591412
15.72	31.05	40.36	48.34	3.45	2.05	37.277983	31.956821	34.483425	0.591419
15.73	31.06	40.36	48.34	3.45	2.05	37.284834	31.964055	34.490516	0.591427
15.73	31.07	40.36	48.35	3.45	2.05	37.291680	31.971288	34.497606	0.591435
15.73	31.07	40.36	48.35	3.45	2.05	37.298522	31.978520	34.504693	0.591442
15.74	31.08	40.36	48.35	3.45	2.05	37.305360	31.985752	34.511777	0.591450
15.74	31.09	40.36	48.36	3.45	2.05	37.312194	31.992984	34.518860	0.591458
15.74	31.09	40.36	48.36	3.45	2.05	37.319023	32.000215	34.525940	0.591465
15.74	31.10	40.36	48.36	3.45	2.05	37.325848	32.007445	34.533018	0.591473
15.75	31.11	40.36	48.36	3.45	2.05	37.332669	32.014675	34.540093	0.591480
15.75	31.12	40.37	48.37	3.45	2.05	37.339486	32.021905	34.547166	0.591488
15.75	31.12	40.37	48.37	3.45	2.05	37.346298	32.029133	34.554237	0.591495
15.76	31.13	40.37	48.37	3.45	2.05	37.353106	32.036362	34.561306	0.591503
15.76	31.14	40.37	48.38	3.45	2.05	37.359910	32.043589	34.568372	0.591510
15.76	31.15	40.37	48.38	3.45	2.05	37.366709	32.050817	34.575436	0.591518
15.76	31.15	40.37	48.38	3.45	2.05	37.373505	32.058043	34.582497	0.591525
15.77	31.16	40.37	48.39	3.46	2.05	37.380296	32.065270	34.589557	0.591533
15.77	31.17	40.37	48.39	3.46	2.05	37.387082	32.072495	34.596614	0.591540
15.77	31.17	40.37	48.39	3.46	2.05	37.393865	32.079720	34.603668	0.591548
15.78	31.18	40.37	48.39	3.46	2.05	37.400643	32.086945	34.610720	0.591555
15.78	31.19	40.37	48.40	3.46	2.05	37.407416	32.094168	34.617770	0.591562
15.78	31.20	40.37	48.40	3.46	2.05	37.414186	32.101392	34.624818	0.591570
15.78	31.20	40.37	48.40	3.46	2.05	37.420951	32.108614	34.631863	0.591577
15.79	31.21	40.37	48.41	3.46	2.05	37.427711	32.115837	34.638906	0.591584
15.79	31.22	40.38	48.41	3.46	2.05	37.434468	32.123058	34.645946	0.591592
15.79	31.23	40.38	48.41	3.46	2.05	37.441220	32.130279	34.652984	0.591599
15.79	31.23	40.38	48.41	3.46	2.05	37.447968	32.137499	34.660020	0.591606
15.80	31.24	40.38	48.42	3.46	2.05	37.454711	32.144719	34.667053	0.591613
15.80	31.25	40.38	48.42	3.46	2.05	37.461450	32.151938	34.674084	0.591621
15.80	31.25	40.38	48.42	3.46	2.05	37.468185	32.159156	34.681112	0.591628
15.81	31.26	40.38	48.42	3.46	2.05	37.474915	32.166374	34.688138	0.591635
15.81	31.27	40.38	48.43	3.46	2.05	37.481641	32.173591	34.695162	0.591642
15.81	31.28	40.38	48.43	3.46	2.05	37.488363	32.180808	34.702183	0.591649
15.81	31.28	40.38	48.43	3.46	2.05	37.495080	32.188024	34.709202	0.591656
15.82	31.29	40.38	48.44	3.46	2.05	37.501793	32.195239	34.716218	0.591663
15.82	31.30	40.38	48.44	3.46	2.05	37.508501	32.202453	34.723232	0.591671
15.82	31.30	40.38	48.44	3.46	2.05	37.515205	32.209667	34.730244	0.591678
15.82	31.31	40.38	48.44	3.46	2.05	37.521905	32.216880	34.737253	0.591685
15.83	31.32	40.38	48.45	3.46	2.05	37.528600	32.224093	34.744259	0.591692
15.83	31.33	40.38	48.45	3.46	2.05	37.535291	32.231305	34.751263	0.591699
15.83	31.33	40.38	48.45	3.46	2.05	37.541977	32.238516	34.758265	0.591706
15.84	31.34	40.39	48.45	3.46	2.05	37.548659	32.245726	34.765264	0.591713
15.84	31.35	40.39	48.46	3.46	2.05	37.555337	32.252936	34.772261	0.591720
15.84	31.36	40.39	48.46	3.46	2.05	37.562010	32.260145	34.779255	0.591727
15.84	31.36	40.39	48.46	3.46	2.05	37.568679	32.267354	34.786247	0.591734
15.85	31.37	40.39	48.46	3.46	2.05	37.575343	32.274561	34.793237	0.591740
15.85	31.38	40.39	48.47	3.46	2.05	37.582003	32.281768	34.800223	0.591747
15.85	31.38	40.39	48.47	3.46	2.05	37.588659	32.288975	34.807208	0.591754
15.86	31.39	40.39	48.47	3.46	2.05	37.595310	32.296180	34.814190	0.591761
15.86	31.40	40.39	48.47	3.46	2.05	37.601956	32.303385	34.821169	0.591768
15.86	31.41	40.39	48.48	3.46	2.05	37.608599	32.310589	34.828146	0.591775
15.86	31.41	40.39	48.48	3.46	2.05	37.615236	32.317792	34.835120	0.591782
15.87	31.42	40.39	48.48	3.46	2.05	37.621870	32.324995	34.842092	0.591788
15.87	31.43	40.39	48.48	3.46	2.05	37.628498	32.332197	34.849061	0.591795
15.87	31.43	40.39	48.49	3.46	2.05	37.635123	32.339398	34.856028	0.591802
15.88	31.44	40.39	48.49	3.46	2.05	37.641742	32.346598	34.862992	0.591808
15.88	31.45	40.39	48.49	3.46	2.05	37.648358	32.353797	34.869954	0.591815
15.88	31.46	40.39	48.49	3.46	2.05	37.654969	32.360996	34.876913	0.591822
15.88	31.46	40.39	48.50	3.47	2.05	37.661575	32.368194	34.883870	0.591829
15.89	31.47	40.39	48.50	3.47	2.05	37.668177	32.375391	34.890824	0.591835
15.89	31.48	40.39	48.50	3.47	2.05	37.674774	32.382588	34.897775	0.591842
15.89	31.49	40.39	48.50	3.47	2.05	37.681367	32.389783	34.904724	0.591848
15.89	31.49	40.39	48.51	3.47	2.05	37.687955	32.396978	34.911671	0.591855
15.90	31.50	40.39	48.51	3.47	2.05	37.694539	32.404172	34.918615	0.591862
15.90	31.51	40.39	48.51	3.47	2.05	37.701119	32.411365	34.925556	0.591868
15.90	31.51	40.39	48.51	3.47	2.05	37.707693	32.418558	34.932495	0.591875
15.91	31.52	40.40	48.51	3.47	2.05	37.714264	32.425749	34.939431	0.591881
15.91	31.53	40.40	48.52	3.47	2.05	37.720829	32.432940	34.946364	0.591888
15.91	31.54	40.40	48.52	3.47	2.05	37.727391	32.440130	34.953295	0.591894
15.91	31.54	40.40	48.52	3.47	2.05	37.733947	32.447319	34.960223	0.591901
15.92	31.55	40.40	48.52	3.47	2.05	37.740499	32.454507	34.967149	0.591907
15.92	31.56	40.40	48.53	3.47	2.05	37.747047	32.461694	34.974072	0.591914
15.92	31.57	40.40	48.53	3.47	2.05	37.753590	32.468881	34.980992	0.591920
15.93	31.57	40.40	48.53	3.47	2.05	37.760128	32.476066	34.987910	0.591926
15.93	31.58	40.40	48.53	3.47	2.05	37.766662	32.483251	34.994825	0.591933
15.93	31.59	40.40	48.53	3.47	2.05	37.773192	32.490435	35.001738	0.591939
15.93	31.59	40.40	48.54	3.47	2.05	37.779716	32.497618	35.008648	0.591945
15.94	31.60	40.40	48.54	3.47	2.05	37.786237	32.504800	35.015555	0.591952
15.94	31.61	40.40	48.54	3.47	2.05	37.792752	32.511981	35.022460	0.591958
15.94	31.62	40.40	48.54	3.47	2.05	37.799263	32.519162	35.029362	0.591964
15.94	31.62	40.40	48.55	3.47	2.05	37.805770	32.526341	35.036261	0.591970
15.95	31.63	40.40	48.55	3.47	2.05	37.812272	32.533520	35.043158	0.591977
15.95	31.64	40.40	48.55	3.47	2.05	37.818769	32.540697	35.050052	0.591983
15.95	31.64	40.40	48.55	3.47	2.05	37.825261	32.547874	35.056943	0.591989
15.96	31.65	40.40	48.55	3.47	2.05	37.831749	32.555050	35.063832	0.591995
15.96	31.66	40.40	48.56	3.47	2.05	37.838233	32.562225	35.070718	0.592001
15.96	31.67	40.40	48.56	3.47	2.05	37.844712	32.569399	35.077601	0.592008
15.96	31.67	40.40	48.56	3.47	2.05	37.851186	32.576572	35.084482	0.592014
15.97	31.68	40.40	48.56	3.47	2.05	37.857655	32.583744	35.091360	0.592020
15.97	31.69	40.40	48.56	3.47	2.05	37.864120	32.590915	35.098235	0.592026
15.97	31.70	40.40	48.57	3.47	2.05	37.870581	32.598085	35.105107	0.592032
15.97	31.70	40.40	48.57	3.47	2.05	37.877036	32.605255	35.111977	0.592038
15.98	31.71	40.40	48.57	3.47	2.05	37.883487	32.612423	35.118844	0.592044
15.98	31.72	40.40	48.57	3.47	2.05	37.889934	32.619590	35.125709	0.592050
15.98	31.72	40.40	48.57	3.47	2.05	37.896375	32.626757	35.132570	0.592056
15.99	31.73	40.40	48.58	3.47	2.05	37.902812	32.633922	35.139429	0.592062
15.99	31.74	40.40	48.58	3.47	2.05	37.909245	32.641086	35.146285	0.592068
15.99	31.75	40.40	48.58	3.47	2.05	37.915672	32.648250	35.153139	0.592074
15.99	31.75	40.40	48.58	3.47	2.05	37.922095	32.655412	35.159990	0.592080
16.00	31.76	40.40	48.58	3.47	2.05	37.928514	32.662574	35.166837	0.592086
16.00	31.77	40.40	48.59	3.47	2.05	37.934928	32.669734	35.173683	0.592092
16.00	31.77	40.40	48.59	3.47	2.05	37.941337	32.676893	35.180525	0.592097
16.01	31.78	40.40	48.59	3.48	2.05	37.947741	32.684052	35.187365	0.592103
16.01	31.79	40.40	48.59	3.48	2.05	37.954140	32.691209	35.194202	0.592109
16.01	31.80	40.40	48.59	3.48	2.05	37.960535	32.698366	35.201036	0.592115
16.01	31.80	40.40	48.59	3.48	2.05	37.966926	32.705521	35.207867	0.592121
16.02	31.81	40.40	48.60	3.48	2.05	37.973311	32.712675	35.214696	0.592127
16.02	31.82	40.40	48.60	3.48	2.05	37.979692	32.719829	35.221521	0.592132
16.02	31.83	40.40	48.60	3.48	2.05	37.986068	32.726981	35.228344	0.592138
16.02	31.83	40.40	48.60	3.48	2.05	37.992439	32.734132	35.235165	0.592144
16.03	31.84	40.40	48.60	3.48	2.05	37.998806	32.741282	35.241982	0.592149
16.03	31.85	40.40	48.61	3.48	2.05	38.005168	32.748431	35.248797	0.592155
16.03	31.85	40.40	48.61	3.48	2.05	38.011525	32.755579	35.255608	0.592161
16.04	31.86	40.40	48.61	3.48	2.05	38.017878	32.762726	35.262417	0.592166
16.04	31.87	40.40	48.61	3.48	2.05	38.024225	32.769872	35.269223	0.592172
16.04	31.88	40.40	48.61	3.48	2.05	38.030568	32.777017	35.276027	0.592178
16.04	31.88	40.40	48.61	3.48	2.05	38.036906	32.784161	35.282827	0.592183
16.05	31.89	40.40	48.62	3.48	2.05	38.043240	32.791303	35.289625	0.592189
16.05	31.90	40.40	48.62	3.48	2.05	38.049569	32.798445	35.296420	0.592194
16.05	31.90	40.40	48.62	3.48	2.05	38.055893	32.805585	35.303211	0.592200
16.06	31.91	40.40	48.62	3.48	2.05	38.062212	32.812724	35.310001	0.592205
16.06	31.92	40.40	48.62	3.48	2.05	38.068526	32.819863	35.316787	0.592211
16.06	31.93	40.40	48.62	3.48	2.04	38.074836	32.827000	35.323570	0.592216
16.06	31.93	40.40	48.63	3.48	2.04	38.081141	32.834136	35.330351	0.592222
16.07	31.94	40.40	48.63	3.48	2.04	38.087441	32.841270	35.337128	0.592227
16.07	31.95	40.40	48.63	3.48	2.04	38.093736	32.848404	35.343903	0.592232
16.07	31.96	40.40	48.63	3.48	2.04	38.100027	32.855537	35.350675	0.592238
16.07	31.96	40.40	48.63	3.48	2.04	38.106313	32.862668	35.357444	0.592243
16.08	31.97	40.40	48.63	3.48	2.04	38.112594	32.869798	35.364210	0.592249
16.08	31.98	40.40	48.64	3.48	2.04	38.118870	32.876928	35.370973	0.592254
16.08	31.98	40.40	48.64	3.48	2.04	38.125141	32.884056	35.377734	0.592259
16.09	31.99	40.40	48.64	3.48	2.04	38.131408	32.891182	35.384491	0.592264
16.09	32.00	40.40	48.64	3.48	2.04	38.137670	32.898308	35.391246	0.592270
16.09	32.01	40.40	48.64	3.48	2.04	38.143927	32.905432	35.397997	0.592275
16.09	32.01	40.40	48.64	3.48	2.04	38.150179	32.912556	35.404746	0.592280
16.10	32.02	40.40	48.65	3.48	2.04	38.156427	32.919678	35.411492	0.592285
16.10	32.03	40.40	48.65	3.48	2.04	38.162669	32.926799	35.418235	0.592291
16.10	32.03	40.40	48.65	3.48	2.04	38.168907	32.933918	35.424974	0.592296
16.11	32.04	40.40	48.65	3.48	2.04	38.175140	32.941037	35.431711	0.592301
16.11	32.05	40.40	48.65	3.48	2.04	38.181369	32.948154	35.438446	0.592306
16.11	32.06	40.40	48.65	3.48	2.04	38.187592	32.955270	35.445177	0.592311
16.11	32.06	40.40	48.65	3.48	2.04	38.193811	32.962385	35.451905	0.592316
16.12	32.07	40.40	48.66	3.48	2.04	38.200025	32.969499	35.458630	0.592321
16.12	32.08	40.40	48.66	3.48	2.04	38.206234	32.976611	35.465352	0.592326
16.12	32.09	40.39	48.66	3.48	2.04	38.212438	32.983722	35.472072	0.592332
16.12	32.09	40.39	48.66	3.48	2.04	38.218637	32.990832	35.478788	0.592337
16.13	32.10	40.39	48.66	3.49	2.04	38.224832	32.997941	35.485502	0.592342
16.13	32.11	40.39	48.66	3.49	2.04	38.231022	33.005049	35.492212	0.592347
16.13	32.11	40.39	48.66	3.49	2.04	38.237207	33.012155	35.498920	0.592351
16.14	32.12	40.39	48.67	3.49	2.04	38.243387	33.019260	35.505624	0.592356
16.14	32.13	40.39	48.67	3.49	2.04	38.249563	33.026363	35.512326	0.592361
16.14	32.14	40.39	48.67	3.49	2.04	38.255733	33.033466	35.519024	0.592366
16.14	32.14	40.39	48.67	3.49	2.04	38.261899	33.040567	35.525720	0.592371
16.15	32.15	40.39	48.67	3.49	2.04	38.268060	33.047667	35.532413	0.592376
16.15	32.16	40.39	48.67	3.49	2.04	38.274216	33.054766	35.539102	0.592381
16.15	32.16	40.39	48.67	3.49	2.04	38.280367	33.061863	35.545789	0.592386
16.16	32.17	40.39	48.68	3.49	2.04	38.286514	33.068959	35.552472	0.592391
16.16	32.18	40.39	48.68	3.49	2.04	38.292656	33.076054	35.559153	0.592395
16.16	32.19	40.39	48.68	3.49	2.04	38.298793	33.083147	35.565831	0.592400
16.16	32.19	40.39	48.68	3.49	2.04	38.304925	33.090239	35.572505	0.592405
16.17	32.20	40.39	48.68	3.49	2.04	38.311052	33.097330	35.579177	0.592410
16.17	32.21	40.39	48.68	3.49	2.04	38.317174	33.104419	35.585846	0.592414
16.17	32.21	40.39	48.68	3.49	2.04	38.323292	33.111508	35.592511	0.592419
16.18	32.22	40.39	48.68	3.49	2.04	38.329405	33.118594	35.599174	0.592424
16.18	32.23	40.39	48.69	3.49	2.04	38.335513	33.125680	35.605833	0.592428
16.18	32.24	40.39	48.69	3.49	2.04	38.341616	33.132764	35.612490	0.592433
16.18	32.24	40.39	48.69	3.49	2.04	38.347714	33.139847	35.619143	0.592438
16.19	32.25	40.39	48.69	3.49	2.04	38.353808	33.146928	35.625794	0.592442
16.19	32.26	40.39	48.69	3.49	2.04	38.359896	33.154009	35.632441	0.592447
16.19	32.27	40.39	48.69	3.49	2.04	38.365980	33.161087	35.639086	0.592451
16.19	32.27	40.39	48.69	3.49	2.04	38.372059	33.168165	35.645727	0.592456
16.20	32.28	40.39	48.69	3.49	2.04	38.378133	33.175241	35.652365	0.592461
16.20	32.29	40.39	48.70	3.49	2.04	38.384203	33.182315	35.659001	0.592465
16.20	32.29	40.39	48.70	3.49	2.04	38.390267	33.189389	35.665633	0.592470
16.21	32.30	40.39	48.70	3.49	2.04	38.396327	33.196461	35.672262	0.592474
16.21	32.31	40.38	48.70	3.49	2.04	38.402382	33.203531	35.678888	0.592479
16.21	32.32	40.38	48.70	3.49	2.04	38.408432	33.210600	35.685511	0.592483
16.21	32.32	40.38	48.70	3.49	2.04	38.414477	33.217668	35.692131	0.592487
16.22	32.33	40.38	48.70	3.49	2.04	38.420518	33.224734	35.698748	0.592492
16.22	32.34	40.38	48.70	3.49	2.04	38.426553	33.231799	35.705362	0.592496
16.22	32.34	40.38	48.71	3.49	2.04	38.432584	33.238863	35.711972	0.592501
16.23	32.35	40.38	48.71	3.49	2.04	38.438610	33.245925	35.718580	0.592505
16.23	32.36	40.38	48.71	3.49	2.04	38.444631	33.252985	35.725185	0.592509
16.23	32.37	40.38	48.71	3.49	2.04	38.450647	33.260045	35.731786	0.592514
16.23	32.37	40.38	48.71	3.49	2.04	38.456658	33.267102	35.738385	0.592518
16.24	32.38	40.38	48.71	3.49	2.04	38.462665	33.274159	35.744980	0.592522
16.24	32.39	40.38	48.71	3.49	2.04	38.468667	33.281214	35.751572	0.592526
16.24	32.39	40.38	48.71	3.49	2.04	38.474663	33.288267	35.758161	0.592531
16.24	32.40	40.38	48.71	3.49	2.04	38.480656	33.295319	35.764747	0.592535
16.25	32.41	40.38	48.72	3.49	2.04	38.486643	33.302370	35.771330	0.592539
16.25	32.42	40.38	48.72	3.49	2.04	38.492625	33.309419	35.777910	0.592543
16.25	32.42	40.38	48.72	3.50	2.04	38.498603	33.316466	35.784487	0.592547
16.26	32.43	40.38	48.72	3.50	2.04	38.504575	33.323513	35.791061	0.592551
16.26	32.44	40.38	48.72	3.50	2.04	38.510543	33.330557	35.797631	0.592556
16.26	32.44	40.38	48.72	3.50	2.04	38.516506	33.337600	35.804198	0.592560
16.26	32.45	40.38	48.72	3.50	2.04	38.522464	33.344642	35.810763	0.592564
16.27	32.46	40.38	48.72	3.50	2.04	38.528418	33.351682	35.817324	0.592568
16.27	32.47	40.37	48.72	3.50	2.04	38.534366	33.358721	35.823882	0.592572
16.27	32.47	40.37	48.72	3.50	2.04	38.540310	33.365758	35.830437	0.592576
16.27	32.48	40.37	48.73	3.50	2.04	38.546248	33.372794	35.836989	0.592580
16.28	32.49	40.37	48.73	3.50	2.04	38.552182	33.379828	35.843537	0.592584
16.28	32.49	40.37	48.73	3.50	2.04	38.558111	33.386861	35.850083	0.592588
16.28	32.50	40.37	48.73	3.50	2.04	38.564036	33.393892	35.856625	0.592592
16.29	32.51	40.37	48.73	3.50	2.04	38.569955	33.400922	35.863164	0.592596
16.29	32.52	40.37	48.73	3.50	2.04	38.575870	33.407950	35.869700	0.592600
16.29	32.52	40.37	48.73	3.50	2.04	38.581779	33.414976	35.876233	0.592604
16.29	32.53	40.37	48.73	3.50	2.04	38.587684	33.422001	35.882763	0.592608
16.30	32.54	40.37	48.73	3.50	2.04	38.593584	33.429025	35.889290	0.592611
16.30	32.54	40.37	48.73	3.50	2.04	38.599479	33.436047	35.895813	0.592615
16.30	32.55	40.37	48.73	3.50	2.04	38.605369	33.443067	35.902334	0.592619
16.31	32.56	40.37	48.73	3.50	2.04	38.611255	33.450086	35.908851	0.592623
16.31	32.57	40.37	48.74	3.50	2.04	38.617135	33.457104	35.915365	0.592627
16.31	32.57	40.37	48.74	3.50	2.04	38.623011	33.464119	35.921876	0.592630
16.31	32.58	40.37	48.74	3.50	2.04	38.628882	33.471133	35.928383	0.592634
16.32	32.59	40.37	48.74	3.50	2.04	38.634748	33.478146	35.934888	0.592638
16.32	32.59	40.36	48.74	3.50	2.04	38.640609	33.485157	35.941389	0.592642
16.32	32.60	40.36	48.74	3.50	2.03	38.646466	33.492166	35.947887	0.592645
16.32	32.61	40.36	48.74	3.50	2.03	38.652317	33.499174	35.954382	0.592649
16.33	32.62	40.36	48.74	3.50	2.03	38.658164	33.506180	35.960874	0.592653
16.33	32.62	40.36	48.74	3.50	2.03	38.664005	33.513185	35.967362	0.592656
16.33	32.63	40.36	48.74	3.50	2.03	38.669842	33.520188	35.973848	0.592660
16.34	32.64	40.36	48.74	3.50	2.03	38.675674	33.527189	35.980330	0.592664
16.34	32.64	40.36	48.74	3.50	2.03	38.681501	33.534189	35.986809	0.592667
16.34	32.65	40.36	48.75	3.50	2.03	38.687324	33.541187	35.993285	0.592671
16.34	32.66	40.36	48.75	3.50	2.03	38.693141	33.548184	35.999757	0.592674
16.35	32.67	40.36	48.75	3.50	2.03	38.698954	33.555179	36.006227	0.592678
16.35	32.67	40.36	48.75	3.50	2.03	38.704761	33.562172	36.012693	0.592681
16.35	32.68	40.36	48.75	3.50	2.03	38.710564	33.569164	36.019156	0.592685
16.36	32.69	40.36	48.75	3.50	2.03	38.716362	33.576154	36.025616	0.592688
16.36	32.69	40.36	48.75	3.50	2.03	38.722155	33.583142	36.032072	0.592692
16.36	32.70	40.35	48.75	3.50	2.03	38.727944	33.590129	36.038526	0.592695
16.36	32.71	40.35	48.75	3.50	2.03	38.733727	33.597114	36.044976	0.592699
16.37	32.72	40.35	48.75	3.50	2.03	38.739505	33.604098	36.051423	0.592702
16.37	32.72	40.35	48.75	3.50	2.03	38.745279	33.611079	36.057866	0.592705
16.37	32.73	40.35	48.75	3.50	2.03	38.751048	33.618059	36.064307	0.592709
16.38	32.74	40.35	48.75	3.50	2.03	38.756812	33.625038	36.070744	0.592712
16.38	32.74	40.35	48.75	3.51	2.03	38.762571	33.632015	36.077178	0.592715
16.38	32.75	40.35	48.75	3.51	2.03	38.768325	33.638990	36.083609	0.592719
16.38	32.76	40.35	48.76	3.51	2.03	38.774074	33.645963	36.090036	0.592722
16.39	32.77	40.35	48.76	3.51	2.03	38.779819	33.652935	36.096461	0.592725
16.39	32.77	40.35	48.76	3.51	2.03	38.785558	33.659905	36.102882	0.592729
16.39	32.78	40.35	48.76	3.51	2.03	38.791293	33.666873	36.109300	0.592732
16.39	32.79	40.35	48.76	3.51	2.03	38.797022	33.673840	36.115714	0.592735
16.40	32.79	40.35	48.76	3.51	2.03	38.802747	33.680804	36.122125	0.592738
16.40	32.80	40.34	48.76	3.51	2.03	38.808467	33.687768	36.128533	0.592741
16.40	32.81	40.34	48.76	3.51	2.03	38.814182	33.694729	36.134938	0.592745
16.41	32.82	40.34	48.76	3.51	2.03	38.819893	33.701689	36.141340	0.592748
16.41	32.82	40.34	48.76	3.51	2.03	38.825598	33.708647	36.147738	0.592751
16.41	32.83	40.34	48.76	3.51	2.03	38.831299	33.715603	36.154133	0.592754
16.41	32.84	40.34	48.76	3.51	2.03	38.836994	33.722557	36.160525	0.592757
16.42	32.84	40.34	48.76	3.51	2.03	38.842685	33.729510	36.166913	0.592760
16.42	32.85	40.34	48.76	3.51	2.03	38.848371	33.736461	36.173298	0.592763
16.42	32.86	40.34	48.76	3.51	2.03	38.854052	33.743411	36.179680	0.592766
16.43	32.87	40.34	48.76	3.51	2.03	38.859728	33.750358	36.186059	0.592769
16.43	32.87	40.34	48.76	3.51	2.03	38.865399	33.757304	36.192434	0.592772
16.43	32.88	40.34	48.76	3.51	2.03	38.871065	33.764248	36.198806	0.592775
16.43	32.89	40.34	48.76	3.51	2.03	38.876727	33.771190	36.205175	0.592778
16.44	32.89	40.33	48.76	3.51	2.03	38.882383	33.778131	36.211540	0.592781
16.44	32.90	40.33	48.77	3.51	2.03	38.888035	33.785069	36.217903	0.592784
16.44	32.91	40.33	48.77	3.51	2.03	38.893682	33.792006	36.224261	0.592787
16.44	32.92	40.33	48.77	3.51	2.03	38.899323	33.798941	36.230617	0.592790
16.45	32.92	40.33	48.77	3.51	2.03	38.904960	33.805875	36.236969	0.592793
16.45	32.93	40.33	48.77	3.51	2.03	38.910592	33.812806	36.243318	0.592796
16.45	32.94	40.33	48.77	3.51	2.03	38.916220	33.819736	36.249664	0.592798
16.46	32.94	40.33	48.77	3.51	2.03	38.921842	33.826664	36.256006	0.592801
16.46	32.95	40.33	48.77	3.51	2.03	38.927459	33.833590	36.262345	0.592804
16.46	32.96	40.33	48.77	3.51	2.03	38.933072	33.840515	36.268681	0.592807
16.46	32.97	40.33	48.77	3.51	2.03	38.938679	33.847437	36.275014	0.592810
16.47	32.97	40.32	48.77	3.51	2.03	38.944282	33.854358	36.281343	0.592812
16.47	32.98	40.32	48.77	3.51	2.03	38.949880	33.861277	36.287668	0.592815
16.47	32.99	40.32	48.77	3.51	2.03	38.955472	33.868194	36.293991	0.592818
16.48	32.99	40.32	48.77	3.51	2.03	38.961060	33.875109	36.300310	0.592820
16.48	33.00	40.32	48.77	3.51	2.03	38.966643	33.882022	36.306626	0.592823
16.48	33.01	40.32	48.77	3.51	2.03	38.972222	33.888934	36.312938	0.592826
16.48	33.01	40.32	48.77	3.51	2.03	38.977795	33.895844	36.319247	0.592828
16.49	33.02	40.32	48.77	3.51	2.03	38.983363	33.902751	36.325553	0.592831
16.49	33.03	40.32	48.77	3.51	2.03	38.988927	33.909657	36.331856	0.592834
16.49	33.04	40.32	48.77	3.51	2.03	38.994485	33.916562	36.338155	0.592836
16.49	33.04	40.32	48.77	3.51	2.03	39.000039	33.923464	36.344451	0.592839
16.50	33.05	40.31	48.77	3.51	2.03	39.005587	33.930364	36.350743	0.592841
16.50	33.06	40.31	48.77	3.51	2.03	39.011131	33.937263	36.357032	0.592844
16.50	33.06	40.31	48.77	3.51	2.03	39.016670	33.944159	36.363318	0.592846
16.51	33.07	40.31	48.77	3.51	2.03	39.022204	33.951054	36.369600	0.592849
16.51	33.08	40.31	48.77	3.52	2.03	39.027733	33.957947	36.375879	0.592851
16.51	33.09	40.31	48.77	3.52	2.03	39.033257	33.964838	36.382155	0.592854
16.51	33.09	40.31	48.77	3.52	2.03	39.038776	33.971727	36.388427	0.592856
16.52	33.10	40.31	48.77	3.52	2.03	39.044291	33.978614	36.394696	0.592859
16.52	33.11	40.31	48.77	3.52	2.03	39.049800	33.985500	36.400962	0.592861
16.52	33.11	40.31	48.77	3.52	2.03	39.055304	33.992383	36.407224	0.592863
16.52	33.12	40.30	48.77	3.52	2.02	39.060804	33.999265	36.413483	0.592866
16.53	33.13	40.30	48.77	3.52	2.02	39.066299	34.006144	36.419738	0.592868
16.53	33.14	40.30	48.77	3.52	2.02	39.071788	34.013022	36.425990	0.592870
16.53	33.14	40.30	48.77	3.52	2.02	39.077273	34.019898	36.432239	0.592873
16.54	33.15	40.30	48.77	3.52	2.02	39.082753	34.026771	36.438484	0.592875
16.54	33.16	40.30	48.77	3.52	2.02	39.088228	34.033643	36.444726	0.592877
16.54	33.16	40.30	48.77	3.52	2.02	39.093698	34.040513	36.450964	0.592880
16.54	33.17	40.30	48.77	3.52	2.02	39.099163	34.047381	36.457199	0.592882
16.55	33.18	40.30	48.77	3.52	2.02	39.104623	34.054247	36.463431	0.592884
16.55	33.18	40.30	48.77	3.52	2.02	39.110078	34.061111	36.469659	0.592886
16.55	33.19	40.29	48.77	3.52	2.02	39.115528	34.067974	36.475884	0.592888
16.56	33.20	40.29	48.77	3.52	2.02	39.120974	34.074834	36.482106	0.592891
16.56	33.21	40.29	48.77	3.52	2.02	39.126414	34.081692	36.488324	0.592893
16.56	33.21	40.29	48.77	3.52	2.02	39.131849	34.088548	36.494539	0.592895
16.56	33.22	40.29	48.77	3.52	2.02	39.137280	34.095403	36.500750	0.592897
16.57	33.23	40.29	48.77	3.52	2.02	39.142705	34.102255	36.506958	0.592899
16.57	33.23	40.29	48.77	3.52	2.02	39.148126	34.109105	36.513162	0.592901
16.57	33.24	40.29	48.77	3.52	2.02	39.153542	34.115954	36.519363	0.592903
16.57	33.25	40.29	48.77	3.52	2.02	39.158952	34.122800	36.525561	0.592905
16.58	33.26	40.28	48.77	3.52	2.02	39.164358	34.129645	36.531755	0.592907
16.58	33.26	40.28	48.77	3.52	2.02	39.169759	34.136487	36.537946	0.592909
16.58	33.27	40.28	48.77	3.52	2.02	39.175155	34.143327	36.544133	0.592911
16.59	33.28	40.28	48.77	3.52	2.02	39.180546	34.150166	36.550317	0.592913
16.59	33.28	40.28	48.77	3.52	2.02	39.185932	34.157002	36.556497	0.592915
16.59	33.29	40.28	48.77	3.52	2.02	39.191313	34.163837	36.562674	0.592917
16.59	33.30	40.28	48.77	3.52	2.02	39.196689	34.170669	36.568848	0.592919
16.60	33.30	40.28	48.77	3.52	2.02	39.202060	34.177499	36.575018	0.592921
16.60	33.31	40.28	48.77	3.52	2.02	39.207427	34.184328	36.581185	0.592923
16.60	33.32	40.27	48.77	3.52	2.02	39.212788	34.191154	36.587348	0.592925
16.61	33.33	40.27	48.77	3.52	2.02	39.218144	34.197978	36.593508	0.592926
16.61	33.33	40.27	48.77	3.52	2.02	39.223496	34.204800	36.599664	0.592928
16.61	33.34	40.27	48.77	3.52	2.02	39.228842	34.211621	36.605817	0.592930
16.61	33.35	40.27	48.77	3.52	2.02	39.234183	34.218439	36.611966	0.592932
16.62	33.35	40.27	48.77	3.52	2.02	39.239520	34.225255	36.618112	0.592934
16.62	33.36	40.27	48.77	3.52	2.02	39.244851	34.232069	36.624255	0.592935
16.62	33.37	40.27	48.77	3.52	2.02	39.250178	34.238881	36.630394	0.592937
16.62	33.37	40.27	48.77	3.52	2.02	39.255500	34.245691	36.636529	0.592939
16.63	33.38	40.26	48.77	3.52	2.02	39.260816	34.252499	36.642661	0.592940
16.63	33.39	40.26	48.77	3.52	2.02	39.266128	34.259305	36.648790	0.592942
16.63	33.40	40.26	48.77	3.52	2.02	39.271435	34.266108	36.654915	0.592944
16.64	33.40	40.26	48.77	3.52	2.02	39.276736	34.272910	36.661037	0.592945
16.64	33.41	40.26	48.77	3.52	2.02	39.282033	34.279710	36.667155	0.592947
16.64	33.42	40.26	48.77	3.53	2.02	39.287325	34.286507	36.673269	0.592949
16.64	33.42	40.26	48.77	3.53	2.02	39.292612	34.293302	36.679381	0.592950
16.65	33.43	40.26	48.77	3.53	2.02	39.297894	34.300096	36.685488	0.592952
16.65	33.44	40.25	48.77	3.53	2.02	39.303170	34.306887	36.691592	0.592953
16.65	33.44	40.25	48.77	3.53	2.02	39.308442	34.313676	36.697693	0.592955
16.66	33.45	40.25	48.77	3.53	2.02	39.313709	34.320463	36.703790	0.592956
16.66	33.46	40.25	48.77	3.53	2.02	39.318971	34.327248	36.709884	0.592958
16.66	33.47	40.25	48.77	3.53	2.02	39.324228	34.334031	36.715974	0.592959
16.66	33.47	40.25	48.77	3.53	2.02	39.329480	34.340811	36.722061	0.592961
16.67	33.48	40.25	48.77	3.53	2.02	39.334727	34.347590	36.728144	0.592962
16.67	33.49	40.25	48.77	3.53	2.02	39.339969	34.354366	36.734224	0.592964
16.67	33.49	40.24	48.77	3.53	2.02	39.345206	34.361141	36.740300	0.592965
16.68	33.50	40.24	48.77	3.53	2.02	39.350438	34.367913	36.746372	0.592966
16.68	33.51	40.24	48.77	3.53	2.02	39.355665	34.374683	36.752442	0.592968
16.68	33.51	40.24	48.77	3.53	2.02	39.360888	34.381451	36.758507	0.592969
16.68	33.52	40.24	48.76	3.53	2.02	39.366105	34.388216	36.764569	0.592970
16.69	33.53	40.24	48.76	3.53	2.02	39.371317	34.394980	36.770628	0.592972
16.69	33.54	40.24	48.76	3.53	2.02	39.376524	34.401741	36.776683	0.592973
16.69	33.54	40.23	48.76	3.53	2.02	39.381726	34.408501	36.782734	0.592974
16.69	33.55	40.23	48.76	3.53	2.02	39.386923	34.415258	36.788782	0.592976
16.70	33.56	40.23	48.76	3.53	2.01	39.392115	34.422013	36.794826	0.592977
16.70	33.56	40.23	48.76	3.53	2.01	39.397302	34.428765	36.800867	0.592978
16.70	33.57	40.23	48.76	3.53	2.01	39.402485	34.435516	36.806905	0.592979
16.71	33.58	40.23	48.76	3.53	2.01	39.407662	34.442264	36.812938	0.592980
16.71	33.58	40.23	48.76	3.53	2.01	39.412834	34.449011	36.818969	0.592982
16.71	33.59	40.23	48.76	3.53	2.01	39.418001	34.455755	36.824995	0.592983
16.71	33.60	40.22	48.76	3.53	2.01	39.423163	34.462496	36.831018	0.592984
16.72	33.61	40.22	48.76	3.53	2.01	39.428320	34.469236	36.837038	0.592985
16.72	33.61	40.22	48.76	3.53	2.01	39.433472	34.475974	36.843054	0.592986
16.72	33.62	40.22	48.76	3.53	2.01	39.438620	34.482709	36.849066	0.592987
16.73	33.63	40.22	48.76	3.53	2.01	39.443762	34.489442	36.855075	0.592988
16.73	33.63	40.22	48.76	3.53	2.01	39.448899	34.496173	36.861080	0.592989
16.73	33.64	40.22	48.76	3.53	2.01	39.454031	34.502901	36.867082	0.592990
16.73	33.65	40.21	48.76	3.53	2.01	39.459158	34.509628	36.873080	0.592991
16.74	33.65	40.21	48.76	3.53	2.01	39.464280	34.516352	36.879075	0.592992
16.74	33.66	40.21	48.75	3.53	2.01	39.469397	34.523074	36.885066	0.592993
16.74	33.67	40.21	48.75	3.53	2.01	39.474509	34.529794	36.891053	0.592994
16.74	33.67	40.21	48.75	3.53	2.01	39.479616	34.536511	36.897037	0.592995
16.75	33.68	40.21	48.75	3.53	2.01	39.484718	34.543226	36.903017	0.592996
16.75	33.69	40.21	48.75	3.53	2.01	39.489815	34.549939	36.908994	0.592997
16.75	33.70	40.20	48.75	3.53	2.01	39.494907	34.556650	36.914967	0.592998
16.76	33.70	40.20	48.75	3.53	2.01	39.499994	34.563359	36.920936	0.592999
16.76	33.71	40.20	48.75	3.53	2.01	39.505076	34.570065	36.926902	0.592999
16.76	33.72	40.20	48.75	3.53	2.01	39.510153	34.576769	36.932865	0.593000
16.76	33.72	40.20	48.75	3.53	2.01	39.515225	34.583471	36.938823	0.593001
16.77	33.73	40.20	48.75	3.53	2.01	39.520292	34.590170	36.944778	0.593002
16.77	33.74	40.20	48.75	3.53	2.01	39.525353	34.596868	36.950730	0.593003
16.77	33.74	40.19	48.75	3.53	2.01	39.530410	34.603562	36.956678	0.593003
16.77	33.75	40.19	48.75	3.53	2.01	39.535462	34.610255	36.962622	0.593004
16.78	33.76	40.19	48.75	3.54	2.01	39.540509	34.616946	36.968562	0.593005
16.78	33.77	40.19	48.74	3.54	2.01	39.545550	34.623634	36.974499	0.593005
16.78	33.77	40.19	48.74	3.54	2.01	39.550587	34.630319	36.980433	0.593006
16.79	33.78	40.19	48.74	3.54	2.01	39.555619	34.637003	36.986363	0.593007
16.79	33.79	40.19	48.74	3.54	2.01	39.560645	34.643684	36.992289	0.593007
16.79	33.79	40.18	48.74	3.54	2.01	39.565667	34.650363	36.998211	0.593008
16.79	33.80	40.18	48.74	3.54	2.01	39.570683	34.657040	37.004130	0.593009
16.80	33.81	40.18	48.74	3.54	2.01	39.575695	34.663714	37.010045	0.593009
16.80	33.81	40.18	48.74	3.54	2.01	39.580701	34.670386	37.015957	0.593010
16.80	33.82	40.18	48.74	3.54	2.01	39.585702	34.677056	37.021865	0.593010
16.81	33.83	40.18	48.74	3.54	2.01	39.590699	34.683723	37.027769	0.593011
16.81	33.83	40.17	48.74	3.54	2.01	39.595690	34.690388	37.033670	0.593011
16.81	33.84	40.17	48.74	3.54	2.01	39.600676	34.697051	37.039567	0.593012
16.81	33.85	40.17	48.74	3.54	2.01	39.605657	34.703711	37.045460	0.593012
16.82	33.85	40.17	48.73	3.54	2.01	39.610634	34.710369	37.051350	0.593013
16.82	33.86	40.17	48.73	3.54	2.01	39.615605	34.717025	37.057236	0.593013
16.82	33.87	40.17	48.73	3.54	2.01	39.620571	34.723678	37.063119	0.593014
16.82	33.88	40.17	48.73	3.54	2.01	39.625531	34.730330	37.068997	0.593014
16.83	33.88	40.16	48.73	3.54	2.01	39.630487	34.736978	37.074872	0.593014
16.83	33.89	40.16	48.73	3.54	2.01	39.635438	34.743625	37.080744	0.593015
16.83	33.90	40.16	48.73	3.54	2.01	39.640384	34.750268	37.086612	0.593015
16.84	33.90	40.16	48.73	3.54	2.01	39.645325	34.756910	37.092476	0.593015
16.84	33.91	40.16	48.73	3.54	2.01	39.650260	34.763549	37.098336	0.593016
16.84	33.92	40.16	48.73	3.54	2.01	39.655191	34.770186	37.104193	0.593016
16.84	33.92	40.15	48.73	3.54	2.01	39.660116	34.776821	37.110046	0.593016
16.85	33.93	40.15	48.72	3.54	2.01	39.665037	34.783453	37.115895	0.593016
16.85	33.94	40.15	48.72	3.54	2.00	39.669952	34.790083	37.121741	0.593017
16.85	33.94	40.15	48.72	3.54	2.00	39.674862	34.796710	37.127583	0.593017
16.86	33.95	40.15	48.72	3.54	2.00	39.679768	34.803335	37.133421	0.593017
16.86	33.96	40.15	48.72	3.54	2.00	39.684668	34.809957	37.139256	0.593017
16.86	33.97	40.14	48.72	3.54	2.00	39.689563	34.816578	37.145087	0.593017
16.86	33.97	40.14	48.72	3.54	2.00	39.694453	34.823195	37.150914	0.593018
16.87	33.98	40.14	48.72	3.54	2.00	39.699338	34.829811	37.156738	0.593018
16.87	33.99	40.14	48.72	3.54	2.00	39.704218	34.836424	37.162558	0.593018
16.87	33.99	40.14	48.72	3.54	2.00	39.709092	34.843034	37.168374	0.593018
16.88	34.00	40.14	48.71	3.54	2.00	39.713962	34.849642	37.174186	0.593018
16.88	34.01	40.13	48.71	3.54	2.00	39.718827	34.856248	37.179995	0.593018
16.88	34.01	40.13	48.71	3.54	2.00	39.723686	34.862851	37.185800	0.593018
16.88	34.02	40.13	48.71	3.54	2.00	39.728541	34.869452	37.191601	0.593018
16.89	34.03	40.13	48.71	3.54	2.00	39.733390	34.876051	37.197399	0.593018
16.89	34.03	40.13	48.71	3.54	2.00	39.738234	34.882647	37.203193	0.593018
16.89	34.04	40.13	48.71	3.54	2.00	39.743073	34.889240	37.208983	0.593018
16.89	34.05	40.12	48.71	3.54	2.00	39.747907	34.895831	37.214769	0.593018
16.90	34.05	40.12	48.71	3.54	2.00	39.752736	34.902420	37.220552	0.593018
16.90	34.06	40.12	48.70	3.54	2.00	39.757560	34.909006	37.226331	0.593018
16.90	34.07	40.12	48.70	3.54	2.00	39.762379	34.915590	37.232106	0.593018
16.91	34.07	40.12	48.70	3.54	2.00	39.767193	34.922171	37.237878	0.593017
16.91	34.08	40.12	48.70	3.54	2.00	39.772001	34.928750	37.243645	0.593017
16.91	34.09	40.11	48.70	3.54	2.00	39.776805	34.935327	37.249409	0.593017
16.91	34.10	40.11	48.70	3.54	2.00	39.781603	34.941901	37.255170	0.593017
16.92	34.10	40.11	48.70	3.54	2.00	39.786396	34.948472	37.260926	0.593017
16.92	34.11	40.11	48.70	3.55	2.00	39.791184	34.955041	37.266679	0.593016
16.92	34.12	40.11	48.69	3.55	2.00	39.795968	34.961608	37.272428	0.593016
16.93	34.12	40.11	48.69	3.55	2.00	39.800745	34.968172	37.278173	0.593016
16.93	34.13	40.10	48.69	3.55	2.00	39.805518	34.974733	37.283915	0.593016
16.93	34.14	40.10	48.69	3.55	2.00	39.810286	34.981292	37.289653	0.593015
16.93	34.14	40.10	48.69	3.55	2.00	39.815049	34.987849	37.295387	0.593015
16.94	34.15	40.10	48.69	3.55	2.00	39.819806	34.994403	37.301117	0.593015
16.94	34.16	40.10	48.69	3.55	2.00	39.824559	35.000954	37.306843	0.593014
16.94	34.16	40.09	48.69	3.55	2.00	39.829306	35.007503	37.312566	0.593014
16.94	34.17	40.09	48.68	3.55	2.00	39.834048	35.014050	37.318285	0.593014
16.95	34.18	40.09	48.68	3.55	2.00	39.838785	35.020594	37.324000	0.593013
16.95	34.18	40.09	48.68	3.55	2.00	39.843517	35.027136	37.329711	0.593013
16.95	34.19	40.09	48.68	3.55	2.00	39.848244	35.033675	37.335419	0.593012
16.96	34.20	40.09	48.68	3.55	2.00	39.852965	35.040211	37.341123	0.593012
16.96	34.20	40.08	48.68	3.55	2.00	39.857682	35.046745	37.346823	0.593011
16.96	34.21	40.08	48.68	3.55	2.00	39.862393	35.053276	37.352519	0.593011
16.96	34.22	40.08	48.68	3.55	2.00	39.867099	35.059805	37.358212	0.593010
16.97	34.22	40.08	48.67	3.55	2.00	39.871801	35.066332	37.363900	0.593010
16.97	34.23	40.08	48.67	3.55	2.00	39.876497	35.072855	37.369585	0.593009
16.97	34.24	40.07	48.67	3.55	2.00	39.881187	35.079377	37.375266	0.593009
16.98	34.25	40.07	48.67	3.55	2.00	39.885873	35.085895	37.380943	0.593008
16.98	34.25	40.07	48.67	3.55	2.00	39.890554	35.092411	37.386617	0.593007
16.98	34.26	40.07	48.67	3.55	2.00	39.895229	35.098925	37.392287	0.593007
16.98	34.27	40.07	48.67	3.55	2.00	39.899900	35.105436	37.397952	0.593006
16.99	34.27	40.07	48.66	3.55	2.00	39.904565	35.111945	37.403615	0.593005
16.99	34.28	40.06	48.66	3.55	1.99	39.909225	35.118450	37.409273	0.593005
16.99	34.29	40.06	48.66	3.55	1.99	39.913880	35.124954	37.414927	0.593004
16.99	34.29	40.06	48.66	3.55	1.99	39.918529	35.131455	37.420578	0.593003
17.00	34.30	40.06	48.66	3.55	1.99	39.923174	35.137953	37.426225	0.593002
17.00	34.31	40.06	48.66	3.55	1.99	39.927813	35.144448	37.431867	0.593002
17.00	34.31	40.05	48.66	3.55	1.99	39.932448	35.150941	37.437507	0.593001
17.01	34.32	40.05	48.65	3.55	1.99	39.937077	35.157432	37.443142	0.593000
17.01	34.33	40.05	48.65	3.55	1.99	39.941701	35.163920	37.448773	0.592999
17.01	34.33	40.05	48.65	3.55	1.99	39.946320	35.170405	37.454401	0.592998
17.01	34.34	40.05	48.65	3.55	1.99	39.950933	35.176887	37.460025	0.592998
17.02	34.35	40.04	48.65	3.55	1.99	39.955542	35.183368	37.465645	0.592997
17.02	34.35	40.04	48.65	3.55	1.99	39.960145	35.189845	37.471261	0.592996
17.02	34.36	40.04	48.65	3.55	1.99	39.964743	35.196320	37.476873	0.592995
17.02	34.37	40.04	48.64	3.55	1.99	39.969336	35.202792	37.482482	0.592994
17.03	34.37	40.04	48.64	3.55	1.99	39.973924	35.209262	37.488086	0.592993
17.03	34.38	40.03	48.64	3.55	1.99	39.978507	35.215728	37.493687	0.592992
17.03	34.39	40.03	48.64	3.55	1.99	39.983085	35.222193	37.499284	0.592991
17.04	34.39	40.03	48.64	3.55	1.99	39.987657	35.228654	37.504877	0.592990
17.04	34.40	40.03	48.64	3.55	1.99	39.992224	35.235114	37.510466	0.592989
17.04	34.41	40.03	48.63	3.55	1.99	39.996786	35.241570	37.516051	0.592988
17.04	34.41	40.02	48.63	3.55	1.99	40.001343	35.248024	37.521633	0.592987
17.05	34.42	40.02	48.63	3.55	1.99	40.005895	35.254475	37.527210	0.592986
17.05	34.43	40.02	48.63	3.55	1.99	40.010441	35.260923	37.532784	0.592985
17.05	34.43	40.02	48.63	3.55	1.99	40.014983	35.267369	37.538354	0.592984
17.06	34.44	40.02	48.63	3.55	1.99	40.019519	35.273812	37.543920	0.592982
17.06	34.45	40.01	48.62	3.55	1.99	40.024050	35.280253	37.549482	0.592981
17.06	34.45	40.01	48.62	3.55	1.99	40.028575	35.286691	37.555040	0.592980
17.06	34.46	40.01	48.62	3.56	1.99	40.033096	35.293126	37.560594	0.592979
17.07	34.47	40.01	48.62	3.56	1.99	40.037611	35.299559	37.566145	0.592978
17.07	34.47	40.01	48.62	3.56	1.99	40.042122	35.305989	37.571691	0.592976
17.07	34.48	40.00	48.62	3.56	1.99	40.046627	35.312416	37.577234	0.592975
17.07	34.49	40.00	48.61	3.56	1.99	40.051127	35.318840	37.582773	0.592974
17.08	34.50	40.00	48.61	3.56	1.99	40.055621	35.325262	37.588307	0.592973
17.08	34.50	40.00	48.61	3.56	1.99	40.060111	35.331681	37.593838	0.592971
17.08	34.51	40.00	48.61	3.56	1.99	40.064595	35.338098	37.599365	0.592970
17.09	34.52	39.99	48.61	3.56	1.99	40.069074	35.344511	37.604889	0.592969
17.09	34.52	39.99	48.61	3.56	1.99	40.073548	35.350922	37.610408	0.592967
17.09	34.53	39.99	48.60	3.56	1.99	40.078017	35.357331	37.615923	0.592966
17.09	34.54	39.99	48.60	3.56	1.99	40.082480	35.363737	37.621435	0.592965
17.10	34.54	39.99	48.60	3.56	1.99	40.086938	35.370139	37.626942	0.592963
17.10	34.55	39.98	48.60	3.56	1.99	40.091391	35.376540	37.632446	0.592962
17.10	34.56	39.98	48.60	3.56	1.99	40.095839	35.382937	37.637945	0.592960
17.11	34.56	39.98	48.59	3.56	1.99	40.100282	35.389332	37.643441	0.592959
17.11	34.57	39.98	48.59	3.56	1.99	40.104719	35.395724	37.648933	0.592957
17.11	34.58	39.98	48.59	3.56	1.99	40.109152	35.402113	37.654421	0.592956
17.11	34.58	39.97	48.59	3.56	1.99	40.113579	35.408500	37.659905	0.592954
17.12	34.59	39.97	48.59	3.56	1.98	40.118000	35.414884	37.665385	0.592953
17.12	34.60	39.97	48.59	3.56	1.98	40.122417	35.421265	37.670861	0.592951
17.12	34.60	39.97	48.58	3.56	1.98	40.126828	35.427644	37.676333	0.592949
17.12	34.61	39.96	48.58	3.56	1.98	40.131235	35.434019	37.681802	0.592948
17.13	34.62	39.96	48.58	3.56	1.98	40.135636	35.440392	37.687266	0.592946
17.13	34.62	39.96	48.58	3.56	1.98	40.140031	35.446762	37.692726	0.592945
17.13	34.63	39.96	48.58	3.56	1.98	40.144422	35.453130	37.698183	0.592943
17.14	34.64	39.96	48.57	3.56	1.98	40.148807	35.459495	37.703635	0.592941
17.14	34.64	39.95	48.57	3.56	1.98	40.153187	35.465856	37.709084	0.592939
17.14	34.65	39.95	48.57	3.56	1.98	40.157562	35.472216	37.714528	0.592938
17.14	34.66	39.95	48.57	3.56	1.98	40.161931	35.478572	37.719969	0.592936
17.15	34.66	39.95	48.57	3.56	1.98	40.166296	35.484926	37.725406	0.592934
17.15	34.67	39.95	48.56	3.56	1.98	40.170655	35.491276	37.730838	0.592932
17.15	34.68	39.94	48.56	3.56	1.98	40.175009	35.497624	37.736267	0.592931
17.16	34.68	39.94	48.56	3.56	1.98	40.179358	35.503970	37.741692	0.592929
17.16	34.69	39.94	48.56	3.56	1.98	40.183701	35.510312	37.747112	0.592927
17.16	34.70	39.94	48.56	3.56	1.98	40.188039	35.516652	37.752529	0.592925
17.16	34.70	39.93	48.55	3.56	1.98	40.192372	35.522989	37.757942	0.592923
17.17	34.71	39.93	48.55	3.56	1.98	40.196700	35.529323	37.763351	0.592921
17.17	34.72	39.93	48.55	3.56	1.98	40.201022	35.535654	37.768756	0.592919
17.17	34.72	39.93	48.55	3.56	1.98	40.205339	35.541983	37.774157	0.592918
17.18	34.73	39.93	48.55	3.56	1.98	40.209651	35.548309	37.779554	0.592916
17.18	34.74	39.92	48.54	3.56	1.98	40.213958	35.554631	37.784947	0.592914
17.18	34.74	39.92	48.54	3.56	1.98	40.218260	35.560952	37.790336	0.592912
17.18	34.75	39.92	48.54	3.56	1.98	40.222556	35.567269	37.795721	0.592910
17.19	34.76	39.92	48.54	3.56	1.98	40.226847	35.573583	37.801102	0.592908
17.19	34.76	39.91	48.54	3.56	1.98	40.231133	35.579895	37.806479	0.592906
17.19	34.77	39.91	48.53	3.56	1.98	40.235413	35.586204	37.811851	0.592903
17.19	34.78	39.91	48.53	3.56	1.98	40.239688	35.592510	37.817220	0.592901
17.20	34.78	39.91	48.53	3.56	1.98	40.243958	35.598813	37.822585	0.592899
17.20	34.79	39.90	48.53	3.56	1.98	40.248223	35.605113	37.827946	0.592897
17.20	34.79	39.90	48.52	3.56	1.98	40.252482	35.611411	37.833303	0.592895
17.21	34.80	39.90	48.52	3.56	1.98	40.256736	35.617705	37.838656	0.592893
17.21	34.81	39.90	48.52	3.56	1.98	40.260985	35.623997	37.844005	0.592891
17.21	34.81	39.90	48.52	3.56	1.98	40.265229	35.630286	37.849350	0.592888
17.21	34.82	39.89	48.52	3.57	1.98	40.269467	35.636572	37.854691	0.592886
17.22	34.83	39.89	48.51	3.57	1.98	40.273700	35.642855	37.860028	0.592884
17.22	34.83	39.89	48.51	3.57	1.98	40.277928	35.649136	37.865361	0.592882
17.22	34.84	39.89	48.51	3.57	1.98	40.282151	35.655413	37.870689	0.592879
17.23	34.85	39.88	48.51	3.57	1.98	40.286368	35.661688	37.876014	0.592877
17.23	34.85	39.88	48.50	3.57	1.98	40.290580	35.667959	37.881335	0.592875
17.23	34.86	39.88	48.50	3.57	1.98	40.294787	35.674228	37.886652	0.592873
17.23	34.87	39.88	48.50	3.57	1.98	40.298988	35.680494	37.891964	0.592870
17.24	34.87	39.87	48.50	3.57	1.97	40.303184	35.686757	37.897273	0.592868
17.24	34.88	39.87	48.50	3.57	1.97	40.307375	35.693018	37.902578	0.592865
17.24	34.89	39.87	48.49	3.57	1.97	40.311561	35.699275	37.907878	0.592863
17.24	34.89	39.87	48.49	3.57	1.97	40.315741	35.705529	37.913175	0.592861
17.25	34.90	39.87	48.49	3.57	1.97	40.319916	35.711781	37.918467	0.592858
17.25	34.91	39.86	48.49	3.57	1.97	40.324086	35.718030	37.923756	0.592856
17.25	34.91	39.86	48.48	3.57	1.97	40.328250	35.724275	37.929040	0.592853
17.26	34.92	39.86	48.48	3.57	1.97	40.332410	35.730518	37.934320	0.592851
17.26	34.93	39.86	48.48	3.57	1.97	40.336563	35.736758	37.939597	0.592848
17.26	34.93	39.85	48.48	3.57	1.97	40.340712	35.742995	37.944869	0.592846
17.26	34.94	39.85	48.48	3.57	1.97	40.344855	35.749229	37.950137	0.592843
17.27	34.95	39.85	48.47	3.57	1.97	40.348993	35.755460	37.955401	0.592840
17.27	34.95	39.85	48.47	3.57	1.97	40.353126	35.761689	37.960661	0.592838
17.27	34.96	39.84	48.47	3.57	1.97	40.357253	35.767914	37.965917	0.592835
17.27	34.97	39.84	48.47	3.57	1.97	40.361375	35.774137	37.971169	0.592833
17.28	34.97	39.84	48.46	3.57	1.97	40.365492	35.780356	37.976416	0.592830
17.28	34.98	39.84	48.46	3.57	1.97	40.369604	35.786573	37.981660	0.592827
17.28	34.99	39.83	48.46	3.57	1.97	40.373710	35.792786	37.986900	0.592824
17.29	34.99	39.83	48.46	3.57	1.97	40.377811	35.798997	37.992135	0.592822
17.29	35.00	39.83	48.45	3.57	1.97	40.381906	35.805205	37.997367	0.592819
17.29	35.01	39.83	48.45	3.57	1.97	40.385996	35.811409	38.002594	0.592816
17.29	35.01	39.82	48.45	3.57	1.97	40.390081	35.817611	38.007817	0.592813
17.30	35.02	39.82	48.45	3.57	1.97	40.394161	35.823810	38.013036	0.592811
17.30	35.02	39.82	48.44	3.57	1.97	40.398235	35.830006	38.018251	0.592808
17.30	35.03	39.82	48.44	3.57	1.97	40.402304	35.836199	38.023462	0.592805
17.31	35.04	39.81	48.44	3.57	1.97	40.406368	35.842389	38.028669	0.592802
17.31	35.04	39.81	48.44	3.57	1.97	40.410426	35.848576	38.033872	0.592799
17.31	35.05	39.81	48.43	3.57	1.97	40.414479	35.854760	38.039071	0.592796
17.31	35.06	39.81	48.43	3.57	1.97	40.418527	35.860941	38.044265	0.592793
17.32	35.06	39.80	48.43	3.57	1.97	40.422569	35.867119	38.049456	0.592791
17.32	35.07	39.80	48.43	3.57	1.97	40.426606	35.873294	38.054642	0.592788
17.32	35.08	39.80	48.42	3.57	1.97	40.430638	35.879466	38.059824	0.592785
17.32	35.08	39.80	48.42	3.57	1.97	40.434664	35.885636	38.065002	0.592782
17.33	35.09	39.79	48.42	3.57	1.97	40.438685	35.891802	38.070176	0.592779
17.33	35.10	39.79	48.42	3.57	1.97	40.442701	35.897965	38.075346	0.592776
17.33	35.10	39.79	48.41	3.57	1.97	40.446711	35.904125	38.080512	0.592773
17.34	35.11	39.79	48.41	3.57	1.97	40.450716	35.910282	38.085673	0.592769
17.34	35.12	39.78	48.41	3.57	1.97	40.454716	35.916436	38.090831	0.592766
17.34	35.12	39.78	48.41	3.57	1.97	40.458710	35.922587	38.095984	0.592763
17.34	35.13	39.78	48.40	3.57	1.97	40.462699	35.928735	38.101133	0.592760
17.35	35.14	39.78	48.40	3.57	1.96	40.466683	35.934881	38.106278	0.592757
17.35	35.14	39.77	48.40	3.57	1.96	40.470661	35.941023	38.111419	0.592754
17.35	35.15	39.77	48.39	3.57	1.96	40.474634	35.947162	38.116556	0.592751
17.36	35.15	39.77	48.39	3.57	1.96	40.478602	35.953298	38.121688	0.592747
17.36	35.16	39.77	48.39	3.57	1.96	40.482564	35.959431	38.126817	0.592744
17.36	35.17	39.76	48.39	3.57	1.96	40.486521	35.965561	38.131941	0.592741
17.36	35.17	39.76	48.38	3.57	1.96	40.490473	35.971688	38.137061	0.592738
17.37	35.18	39.76	48.38	3.57	1.96	40.494419	35.977812	38.142177	0.592734
17.37	35.19	39.76	48.38	3.57	1.96	40.498360	35.983932	38.147289	0.592731
17.37	35.19	39.75	48.38	3.58	1.96	40.502295	35.990050	38.152397	0.592728
17.38	35.20	39.75	48.37	3.58	1.96	40.506225	35.996165	38.157501	0.592724
17.38	35.21	39.75	48.37	3.58	1.96	40.510150	36.002277	38.162600	0.592721
17.38	35.21	39.75	48.37	3.58	1.96	40.514069	36.008385	38.167695	0.592718
17.38	35.22	39.74	48.37	3.58	1.96	40.517983	36.014491	38.172786	0.592714
17.39	35.23	39.74	48.36	3.58	1.96	40.521892	36.020594	38.177873	0.592711
17.39	35.23	39.74	48.36	3.58	1.96	40.525795	36.026693	38.182956	0.592707
17.39	35.24	39.74	48.36	3.58	1.96	40.529693	36.032789	38.188034	0.592704
17.39	35.25	39.73	48.35	3.58	1.96	40.533586	36.038883	38.193108	0.592700
17.40	35.25	39.73	48.35	3.58	1.96	40.537473	36.044973	38.198179	0.592697
17.40	35.26	39.73	48.35	3.58	1.96	40.541355	36.051060	38.203245	0.592693
17.40	35.26	39.73	48.35	3.58	1.96	40.545231	36.057144	38.208306	0.592690
17.41	35.27	39.72	48.34	3.58	1.96	40.549103	36.063225	38.213364	0.592686
17.41	35.28	39.72	48.34	3.58	1.96	40.552968	36.069303	38.218417	0.592683
17.41	35.28	39.72	48.34	3.58	1.96	40.556829	36.075378	38.223467	0.592679
17.41	35.29	39.71	48.33	3.58	1.96	40.560683	36.081450	38.228511	0.592675
17.42	35.30	39.71	48.33	3.58	1.96	40.564533	36.087519	38.233552	0.592672
17.42	35.30	39.71	48.33	3.58	1.96	40.568377	36.093584	38.238589	0.592668
17.42	35.31	39.71	48.33	3.58	1.96	40.572216	36.099647	38.243621	0.592664
17.43	35.32	39.70	48.32	3.58	1.96	40.576049	36.105706	38.248649	0.592661
17.43	35.32	39.70	48.32	3.58	1.96	40.579877	36.111762	38.253673	0.592657
17.43	35.33	39.70	48.32	3.58	1.96	40.583700	36.117815	38.258693	0.592653
17.43	35.33	39.70	48.31	3.58	1.96	40.587517	36.123865	38.263709	0.592650
17.44	35.34	39.69	48.31	3.58	1.96	40.591329	36.129912	38.268720	0.592646
17.44	35.35	39.69	48.31	3.58	1.96	40.595136	36.135956	38.273727	0.592642
17.44	35.35	39.69	48.31	3.58	1.96	40.598937	36.141997	38.278730	0.592638
17.44	35.36	39.68	48.30	3.58	1.96	40.602732	36.148034	38.283729	0.592634
17.45	35.37	39.68	48.30	3.58	1.96	40.606522	36.154069	38.288723	0.592630
17.45	35.37	39.68	48.30	3.58	1.96	40.610307	36.160100	38.293714	0.592627
17.45	35.38	39.68	48.29	3.58	1.96	40.614087	36.166128	38.298700	0.592623
17.46	35.39	39.67	48.29	3.58	1.95	40.617861	36.172153	38.303681	0.592619
17.46	35.39	39.67	48.29	3.58	1.95	40.621629	36.178175	38.308659	0.592615
17.46	35.40	39.67	48.28	3.58	1.95	40.625393	36.184193	38.313632	0.592611
17.46	35.41	39.67	48.28	3.58	1.95	40.629150	36.190209	38.318601	0.592607
17.47	35.41	39.66	48.28	3.58	1.95	40.632903	36.196221	38.323566	0.592603
17.47	35.42	39.66	48.28	3.58	1.95	40.636650	36.202230	38.328527	0.592599
17.47	35.42	39.66	48.27	3.58	1.95	40.640391	36.208236	38.333483	0.592595
17.48	35.43	39.65	48.27	3.58	1.95	40.644128	36.214239	38.338435	0.592591
17.48	35.44	39.65	48.27	3.58	1.95	40.647858	36.220239	38.343383	0.592587
17.48	35.44	39.65	48.26	3.58	1.95	40.651584	36.226236	38.348326	0.592583
17.48	35.45	39.65	48.26	3.58	1.95	40.655303	36.232229	38.353266	0.592578
17.49	35.46	39.64	48.26	3.58	1.95	40.659018	36.238219	38.358201	0.592574
17.49	35.46	39.64	48.25	3.58	1.95	40.662727	36.244206	38.363131	0.592570
17.49	35.47	39.64	48.25	3.58	1.95	40.666431	36.250190	38.368058	0.592566
17.49	35.48	39.64	48.25	3.58	1.95	40.670129	36.256171	38.372980	0.592562
17.50	35.48	39.63	48.24	3.58	1.95	40.673822	36.262148	38.377898	0.592558
17.50	35.49	39.63	48.24	3.58	1.95	40.677509	36.268122	38.382812	0.592553
17.50	35.49	39.63	48.24	3.58	1.95	40.681191	36.274093	38.387721	0.592549
17.51	35.50	39.62	48.23	3.58	1.95	40.684867	36.280061	38.392627	0.592545
17.51	35.51	39.62	48.23	3.58	1.95	40.688538	36.286026	38.397527	0.592540
17.51	35.51	39.62	48.23	3.58	1.95	40.692204	36.291987	38.402424	0.592536
17.51	35.52	39.62	48.23	3.58	1.95	40.695864	36.297946	38.407316	0.592532
17.52	35.53	39.61	48.22	3.58	1.95	40.699519	36.303901	38.412204	0.592527
17.52	35.53	39.61	48.22	3.58	1.95	40.703168	36.309852	38.417088	0.592523
17.52	35.54	39.61	48.22	3.58	1.95	40.706812	36.315801	38.421968	0.592519
17.52	35.54	39.60	48.21	3.58	1.95	40.710451	36.321746	38.426843	0.592514
17.53	35.55	39.60	48.21	3.58	1.95	40.714083	36.327689	38.431714	0.592510
17.53	35.56	39.60	48.21	3.58	1.95	40.717711	36.333627	38.436580	0.592505
17.53	35.56	39.60	48.20	3.58	1.95	40.721333	36.339563	38.441443	0.592501
17.54	35.57	39.59	48.20	3.59	1.95	40.724950	36.345496	38.446301	0.592496
17.54	35.58	39.59	48.20	3.59	1.95	40.728561	36.351425	38.451154	0.592492
17.54	35.58	39.59	48.19	3.59	1.95	40.732167	36.357351	38.456004	0.592487
17.54	35.59	39.58	48.19	3.59	1.95	40.735767	36.363274	38.460849	0.592483
17.55	35.59	39.58	48.19	3.59	1.95	40.739362	36.369193	38.465689	0.592478
17.55	35.60	39.58	48.18	3.59	1.95	40.742951	36.375109	38.470526	0.592473
17.55	35.61	39.57	48.18	3.59	1.95	40.746535	36.381022	38.475358	0.592469
17.56	35.61	39.57	48.18	3.59	1.94	40.750113	36.386932	38.480186	0.592464
17.56	35.62	39.57	48.17	3.59	1.94	40.753686	36.392839	38.485009	0.592459
17.56	35.63	39.57	48.17	3.59	1.94	40.757254	36.398742	38.489828	0.592455
17.56	35.63	39.56	48.17	3.59	1.94	40.760816	36.404642	38.494643	0.592450
17.57	35.64	39.56	48.16	3.59	1.94	40.764372	36.410538	38.499454	0.592445
17.57	35.65	39.56	48.16	3.59	1.94	40.767924	36.416432	38.504260	0.592441
17.57	35.65	39.55	48.16	3.59	1.94	40.771469	36.422322	38.509062	0.592436
17.57	35.66	39.55	48.15	3.59	1.94	40.775009	36.428209	38.513859	0.592431
17.58	35.66	39.55	48.15	3.59	1.94	40.778544	36.434092	38.518653	0.592426
17.58	35.67	39.55	48.15	3.59	1.94	40.782073	36.439973	38.523441	0.592421
17.58	35.68	39.54	48.14	3.59	1.94	40.785597	36.445850	38.528226	0.592417
17.59	35.68	39.54	48.14	3.59	1.94	40.789115	36.451723	38.533006	0.592412
17.59	35.69	39.54	48.14	3.59	1.94	40.792628	36.457594	38.537782	0.592407
17.59	35.70	39.53	48.13	3.59	1.94	40.796135	36.463461	38.542553	0.592402
17.59	35.70	39.53	48.13	3.59	1.94	40.799637	36.469325	38.547320	0.592397
17.60	35.71	39.53	48.13	3.59	1.94	40.803133	36.475185	38.552083	0.592392
17.60	35.71	39.52	48.12	3.59	1.94	40.806624	36.481043	38.556842	0.592387
17.60	35.72	39.52	48.12	3.59	1.94	40.810110	36.486896	38.561596	0.592382
17.61	35.73	39.52	48.12	3.59	1.94	40.813590	36.492747	38.566345	0.592377
17.61	35.73	39.52	48.11	3.59	1.94	40.817064	36.498594	38.571091	0.592372
17.61	35.74	39.51	48.11	3.59	1.94	40.820533	36.504438	38.575832	0.592367
17.61	35.75	39.51	48.10	3.59	1.94	40.823996	36.510279	38.580568	0.592362
17.62	35.75	39.51	48.10	3.59	1.94	40.827454	36.516116	38.585300	0.592357
17.62	35.76	39.50	48.10	3.59	1.94	40.830907	36.521950	38.590028	0.592352
17.62	35.76	39.50	48.09	3.59	1.94	40.834353	36.527781	38.594752	0.592346
17.62	35.77	39.50	48.09	3.59	1.94	40.837795	36.533608	38.599471	0.592341
17.63	35.78	39.49	48.09	3.59	1.94	40.841231	36.539432	38.604186	0.592336
17.63	35.78	39.49	48.08	3.59	1.94	40.844661	36.545253	38.608896	0.592331
17.63	35.79	39.49	48.08	3.59	1.94	40.848086	36.551070	38.613602	0.592326
17.64	35.79	39.49	48.08	3.59	1.94	40.851506	36.556884	38.618303	0.592320
17.64	35.80	39.48	48.07	3.59	1.94	40.854919	36.562695	38.623001	0.592315
17.64	35.81	39.48	48.07	3.59	1.94	40.858328	36.568502	38.627693	0.592310
17.64	35.81	39.48	48.07	3.59	1.94	40.861731	36.574306	38.632382	0.592305
17.65	35.82	39.47	48.06	3.59	1.94	40.865128	36.580107	38.637066	0.592299
17.65	35.83	39.47	48.06	3.59	1.93	40.868520	36.585904	38.641745	0.592294
17.65	35.83	39.47	48.05	3.59	1.93	40.871906	36.591698	38.646421	0.592288
17.66	35.84	39.46	48.05	3.59	1.93	40.875287	36.597488	38.651091	0.592283
17.66	35.84	39.46	48.05	3.59	1.93	40.878662	36.603275	38.655758	0.592278
17.66	35.85	39.46	48.04	3.59	1.93	40.882032	36.609059	38.660420	0.592272
17.66	35.86	39.45	48.04	3.59	1.93	40.885397	36.614839	38.665077	0.592267
17.67	35.86	39.45	48.04	3.59	1.93	40.888755	36.620616	38.669731	0.592261
17.67	35.87	39.45	48.03	3.59	1.93	40.892108	36.626390	38.674379	0.592256
17.67	35.87	39.44	48.03	3.59	1.93	40.895456	36.632160	38.679024	0.592250
17.68	35.88	39.44	48.03	3.59	1.93	40.898798	36.637927	38.683664	0.592245
17.68	35.89	39.44	48.02	3.59	1.93	40.902135	36.643690	38.688299	0.592239
17.68	35.89	39.44	48.02	3.59	1.93	40.905466	36.649450	38.692930	0.592234
17.68	35.90	39.43	48.01	3.59	1.93	40.908792	36.655207	38.697557	0.592228
17.69	35.91	39.43	48.01	3.59	1.93	40.912112	36.660960	38.702179	0.592222
17.69	35.91	39.43	48.01	3.59	1.93	40.915426	36.666710	38.706797	0.592217
17.69	35.92	39.42	48.00	3.59	1.93	40.918735	36.672457	38.711410	0.592211
17.69	35.92	39.42	48.00	3.59	1.93	40.922039	36.678200	38.716019	0.592205
17.70	35.93	39.42	48.00	3.59	1.93	40.925337	36.683939	38.720624	0.592200
17.70	35.94	39.41	47.99	3.59	1.93	40.928629	36.689676	38.725224	0.592194
17.70	35.94	39.41	47.99	3.59	1.93	40.931916	36.695408	38.729820	0.592188
17.71	35.95	39.41	47.98	3.59	1.93	40.935197	36.701138	38.734411	0.592182
17.71	35.95	39.40	47.98	3.60	1.93	40.938473	36.706864	38.738998	0.592177
17.71	35.96	39.40	47.98	3.60	1.93	40.941743	36.712586	38.743580	0.592171
17.71	35.97	39.40	47.97	3.60	1.93	40.945008	36.718305	38.748158	0.592165
17.72	35.97	39.39	47.97	3.60	1.93	40.948267	36.724021	38.752731	0.592159
17.72	35.98	39.39	47.96	3.60	1.93	40.951520	36.729733	38.757300	0.592153
17.72	35.99	39.39	47.96	3.60	1.93	40.954768	36.735442	38.761865	0.592147
17.73	35.99	39.38	47.96	3.60	1.93	40.958011	36.741147	38.766425	0.592141
17.73	36.00	39.38	47.95	3.60	1.93	40.961248	36.746849	38.770980	0.592135
17.73	36.00	39.38	47.95	3.60	1.93	40.964479	36.752548	38.775531	0.592130
17.73	36.01	39.37	47.95	3.60	1.93	40.967705	36.758243	38.780078	0.592124
17.74	36.02	39.37	47.94	3.60	1.93	40.970925	36.763934	38.784620	0.592118
17.74	36.02	39.37	47.94	3.60	1.93	40.974140	36.769622	38.789158	0.592112
17.74	36.03	39.36	47.93	3.60	1.93	40.977349	36.775307	38.793691	0.592105
17.74	36.03	39.36	47.93	3.60	1.92	40.980552	36.780988	38.798220	0.592099
17.75	36.04	39.36	47.93	3.60	1.92	40.983750	36.786666	38.802744	0.592093
17.75	36.05	39.36	47.92	3.60	1.92	40.986943	36.792340	38.807264	0.592087
17.75	36.05	39.35	47.92	3.60	1.92	40.990130	36.798011	38.811779	0.592081
17.76	36.06	39.35	47.91	3.60	1.92	40.993311	36.803678	38.816290	0.592075
17.76	36.06	39.35	47.91	3.60	1.92	40.996487	36.809342	38.820796	0.592069
17.76	36.07	39.34	47.91	3.60	1.92	40.999657	36.815002	38.825298	0.592063
17.76	36.08	39.34	47.90	3.60	1.92	41.002821	36.820659	38.829796	0.592056
17.77	36.08	39.34	47.90	3.60	1.92	41.005980	36.826312	38.834289	0.592050
17.77	36.09	39.33	47.89	3.60	1.92	41.009134	36.831962	38.838777	0.592044
17.77	36.09	39.33	47.89	3.60	1.92	41.012281	36.837609	38.843261	0.592038
17.77	36.10	39.33	47.89	3.60	1.92	41.015424	36.843251	38.847740	0.592031
17.78	36.11	39.32	47.88	3.60	1.92	41.018560	36.848891	38.852215	0.592025
17.78	36.11	39.32	47.88	3.60	1.92	41.021691	36.854527	38.856686	0.592019
17.78	36.12	39.32	47.87	3.60	1.92	41.024817	36.860159	38.861152	0.592012
17.79	36.12	39.31	47.87	3.60	1.92	41.027937	36.865788	38.865613	0.592006
17.79	36.13	39.31	47.87	3.60	1.92	41.031051	36.871413	38.870070	0.591999
17.79	36.14	39.31	47.86	3.60	1.92	41.034160	36.877035	38.874522	0.591993
17.79	36.14	39.30	47.86	3.60	1.92	41.037263	36.882654	38.878970	0.591986
17.80	36.15	39.30	47.85	3.60	1.92	41.040360	36.888268	38.883413	0.591980
17.80	36.15	39.30	47.85	3.60	1.92	41.043452	36.893880	38.887852	0.591974
17.80	36.16	39.29	47.84	3.60	1.92	41.046539	36.899488	38.892287	0.591967
17.81	36.17	39.29	47.84	3.60	1.92	41.049620	36.905092	38.896716	0.591960
17.81	36.17	39.29	47.84	3.60	1.92	41.052695	36.910693	38.901142	0.591954
17.81	36.18	39.28	47.83	3.60	1.92	41.055764	36.916290	38.905562	0.591947
17.81	36.18	39.28	47.83	3.60	1.92	41.058828	36.921883	38.909978	0.591941
17.82	36.19	39.28	47.82	3.60	1.92	41.061887	36.927474	38.914390	0.591934
17.82	36.20	39.27	47.82	3.60	1.92	41.064939	36.933060	38.918797	0.591927
17.82	36.20	39.27	47.82	3.60	1.92	41.067987	36.938643	38.923200	0.591921
17.82	36.21	39.27	47.81	3.60	1.92	41.071028	36.944223	38.927598	0.591914
17.83	36.21	39.26	47.81	3.60	1.92	41.074064	36.949799	38.931991	0.591907
17.83	36.22	39.26	47.80	3.60	1.91	41.077094	36.955371	38.936380	0.591901
17.83	36.23	39.25	47.80	3.60	1.91	41.080119	36.960940	38.940765	0.591894
17.84	36.23	39.25	47.79	3.60	1.91	41.083138	36.966505	38.945145	0.591887
17.84	36.24	39.25	47.79	3.60	1.91	41.086152	36.972067	38.949520	0.591880
17.84	36.24	39.24	47.79	3.60	1.91	41.089160	36.977625	38.953891	0.591873
17.84	36.25	39.24	47.78	3.60	1.91	41.092162	36.983180	38.958257	0.591867
17.85	36.26	39.24	47.78	3.60	1.91	41.095159	36.988731	38.962619	0.591860
17.85	36.26	39.23	47.77	3.60	1.91	41.098150	36.994278	38.966976	0.591853
17.85	36.27	39.23	47.77	3.60	1.91	41.101135	36.999822	38.971328	0.591846
17.86	36.27	39.23	47.76	3.60	1.91	41.104115	37.005362	38.975676	0.591839
17.86	36.28	39.22	47.76	3.60	1.91	41.107089	37.010899	38.980020	0.591832
17.86	36.29	39.22	47.76	3.60	1.91	41.110057	37.016432	38.984359	0.591825
17.86	36.29	39.22	47.75	3.60	1.91	41.113020	37.021961	38.988693	0.591818
17.87	36.30	39.21	47.75	3.60	1.91	41.115978	37.027487	38.993023	0.591811
17.87	36.30	39.21	47.74	3.60	1.91	41.118929	37.033010	38.997348	0.591804
17.87	36.31	39.21	47.74	3.60	1.91	41.121875	37.038529	39.001668	0.591797
17.88	36.32	39.20	47.73	3.60	1.91	41.124816	37.044044	39.005984	0.591790
17.88	36.32	39.20	47.73	3.60	1.91	41.127750	37.049555	39.010296	0.591783
17.88	36.33	39.20	47.73	3.60	1.91	41.130680	37.055063	39.014603	0.591776
17.88	36.33	39.19	47.72	3.60	1.91	41.133603	37.060568	39.018905	0.591768
17.89	36.34	39.19	47.72	3.60	1.91	41.136521	37.066068	39.023203	0.591761
17.89	36.35	39.19	47.71	3.60	1.91	41.139433	37.071565	39.027496	0.591754
17.89	36.35	39.18	47.71	3.60	1.91	41.142340	37.077059	39.031784	0.591747
17.89	36.36	39.18	47.70	3.61	1.91	41.145241	37.082549	39.036068	0.591740
17.90	36.36	39.17	47.70	3.61	1.91	41.148136	37.088035	39.040347	0.591732
17.90	36.37	39.17	47.69	3.61	1.91	41.151026	37.093518	39.044622	0.591725
17.90	36.38	39.17	47.69	3.61	1.91	41.153910	37.098997	39.048892	0.591718
17.91	36.38	39.16	47.69	3.61	1.91	41.156788	37.104472	39.053158	0.591710
17.91	36.39	39.16	47.68	3.61	1.91	41.159661	37.109944	39.057419	0.591703
17.91	36.39	39.16	47.68	3.61	1.91	41.162528	37.115412	39.061675	0.591696
17.91	36.40	39.15	47.67	3.61	1.91	41.165389	37.120876	39.065927	0.591688
17.92	36.40	39.15	47.67	3.61	1.90	41.168245	37.126337	39.070174	0.591681
17.92	36.41	39.15	47.66	3.61	1.90	41.171095	37.131795	39.074416	0.591673
17.92	36.42	39.14	47.66	3.61	1.90	41.173939	37.137248	39.078654	0.591666
17.93	36.42	39.14	47.65	3.61	1.90	41.176778	37.142698	39.082887	0.591658
17.93	36.43	39.14	47.65	3.61	1.90	41.179611	37.148144	39.087116	0.591651
17.93	36.43	39.13	47.64	3.61	1.90	41.182439	37.153587	39.091340	0.591643
17.93	36.44	39.13	47.64	3.61	1.90	41.185260	37.159026	39.095559	0.591636
17.94	36.45	39.13	47.64	3.61	1.90	41.188077	37.164461	39.099774	0.591628
17.94	36.45	39.12	47.63	3.61	1.90	41.190887	37.169893	39.103984	0.591621
17.94	36.46	39.12	47.63	3.61	1.90	41.193692	37.175321	39.108190	0.591613
17.94	36.46	39.11	47.62	3.61	1.90	41.196491	37.180745	39.112390	0.591605
17.95	36.47	39.11	47.62	3.61	1.90	41.199284	37.186165	39.116587	0.591598
17.95	36.48	39.11	47.61	3.61	1.90	41.202072	37.191582	39.120778	0.591590
17.95	36.48	39.10	47.61	3.61	1.90	41.204854	37.196996	39.124965	0.591582
17.96	36.49	39.10	47.60	3.61	1.90	41.207631	37.202405	39.129148	0.591575
17.96	36.49	39.10	47.60	3.61	1.90	41.210402	37.207811	39.133325	0.591567
17.96	36.50	39.09	47.59	3.61	1.90	41.213167	37.213213	39.137498	0.591559
17.96	36.50	39.09	47.59	3.61	1.90	41.215926	37.218612	39.141667	0.591551
17.97	36.51	39.09	47.58	3.61	1.90	41.218680	37.224007	39.145830	0.591543
17.97	36.52	39.08	47.58	3.61	1.90	41.221428	37.229398	39.149989	0.591536
17.97	36.52	39.08	47.58	3.61	1.90	41.224170	37.234785	39.154144	0.591528
17.98	36.53	39.07	47.57	3.61	1.90	41.226907	37.240169	39.158294	0.591520
17.98	36.53	39.07	47.57	3.61	1.90	41.229638	37.245549	39.162439	0.591512
17.98	36.54	39.07	47.56	3.61	1.90	41.232363	37.250925	39.166579	0.591504
17.98	36.54	39.06	47.56	3.61	1.90	41.235083	37.256298	39.170715	0.591496
17.99	36.55	39.06	47.55	3.61	1.90	41.237797	37.261667	39.174846	0.591488
17.99	36.56	39.06	47.55	3.61	1.90	41.240505	37.267032	39.178973	0.591480
17.99	36.56	39.05	47.54	3.61	1.90	41.243208	37.272393	39.183095	0.591472
17.99	36.57	39.05	47.54	3.61	1.90	41.245905	37.277751	39.187212	0.591464
18.00	36.57	39.04	47.53	3.61	1.89	41.248596	37.283105	39.191324	0.591456
18.00	36.58	39.04	47.53	3.61	1.89	41.251281	37.288456	39.195432	0.591448
18.00	36.59	39.04	47.52	3.61	1.89	41.253961	37.293802	39.199535	0.591440
18.01	36.59	39.03	47.52	3.61	1.89	41.256635	37.299145	39.203634	0.591431
18.01	36.60	39.03	47.51	3.61	1.89	41.259304	37.304484	39.207727	0.591423
18.01	36.60	39.03	47.51	3.61	1.89	41.261966	37.309820	39.211817	0.591415
18.01	36.61	39.02	47.50	3.61	1.89	41.264623	37.315151	39.215901	0.591407
18.02	36.61	39.02	47.50	3.61	1.89	41.267275	37.320479	39.219981	0.591399
18.02	36.62	39.02	47.49	3.61	1.89	41.269920	37.325803	39.224056	0.591390
18.02	36.63	39.01	47.49	3.61	1.89	41.272560	37.331124	39.228126	0.591382
18.02	36.63	39.01	47.48	3.61	1.89	41.275194	37.336440	39.232192	0.591374
18.03	36.64	39.00	47.48	3.61	1.89	41.277823	37.341753	39.236253	0.591365
18.03	36.64	39.00	47.48	3.61	1.89	41.280446	37.347062	39.240309	0.591357
18.03	36.65	39.00	47.47	3.61	1.89	41.283063	37.352368	39.244361	0.591349
18.04	36.65	38.99	47.47	3.61	1.89	41.285674	37.357670	39.248407	0.591340
18.04	36.66	38.99	47.46	3.61	1.89	41.288280	37.362967	39.252450	0.591332
18.04	36.67	38.99	47.46	3.61	1.89	41.290880	37.368262	39.256487	0.591323
18.04	36.67	38.98	47.45	3.61	1.89	41.293474	37.373552	39.260520	0.591315
18.05	36.68	38.98	47.45	3.61	1.89	41.296062	37.378838	39.264548	0.591306
18.05	36.68	38.97	47.44	3.61	1.89	41.298645	37.384121	39.268571	0.591298
18.05	36.69	38.97	47.44	3.61	1.89	41.301222	37.389400	39.272590	0.591289
18.06	36.69	38.97	47.43	3.61	1.89	41.303793	37.394676	39.276604	0.591281
18.06	36.70	38.96	47.43	3.61	1.89	41.306359	37.399947	39.280613	0.591272
18.06	36.71	38.96	47.42	3.61	1.89	41.308919	37.405215	39.284617	0.591264
18.06	36.71	38.95	47.42	3.61	1.89	41.311473	37.410479	39.288617	0.591255
18.07	36.72	38.95	47.41	3.61	1.89	41.314021	37.415739	39.292612	0.591246
18.07	36.72	38.95	47.41	3.61	1.89	41.316564	37.420995	39.296603	0.591238
18.07	36.73	38.94	47.40	3.61	1.89	41.319101	37.426248	39.300588	0.591229
18.07	36.73	38.94	47.40	3.61	1.89	41.321632	37.431496	39.304569	0.591220
18.08	36.74	38.94	47.39	3.61	1.88	41.324158	37.436741	39.308545	0.591212
18.08	36.75	38.93	47.39	3.61	1.88	41.326677	37.441982	39.312517	0.591203
18.08	36.75	38.93	47.38	3.61	1.88	41.329191	37.447220	39.316483	0.591194
18.09	36.76	38.92	47.38	3.61	1.88	41.331700	37.452453	39.320445	0.591185
18.09	36.76	38.92	47.37	3.61	1.88	41.334202	37.457683	39.324402	0.591176
18.09	36.77	38.92	47.37	3.61	1.88	41.336699	37.462909	39.328355	0.591167
18.09	36.77	38.91	47.36	3.62	1.88	41.339190	37.468131	39.332303	0.591159
18.10	36.78	38.91	47.36	3.62	1.88	41.341675	37.473349	39.336246	0.591150
18.10	36.79	38.90	47.35	3.62	1.88	41.344155	37.478563	39.340184	0.591141
18.10	36.79	38.90	47.35	3.62	1.88	41.346629	37.483774	39.344117	0.591132
18.11	36.80	38.90	47.34	3.62	1.88	41.349097	37.488981	39.348046	0.591123
18.11	36.80	38.89	47.34	3.62	1.88	41.351559	37.494184	39.351970	0.591114
18.11	36.81	38.89	47.33	3.62	1.88	41.354016	37.499383	39.355889	0.591105
18.11	36.81	38.89	47.32	3.62	1.88	41.356467	37.504578	39.359804	0.591096
18.12	36.82	38.88	47.32	3.62	1.88	41.358912	37.509770	39.363713	0.591087
18.12	36.83	38.88	47.31	3.62	1.88	41.361351	37.514957	39.367618	0.591077
18.12	36.83	38.87	47.31	3.62	1.88	41.363785	37.520141	39.371518	0.591068
18.12	36.84	38.87	47.30	3.62	1.88	41.366213	37.525321	39.375414	0.591059
18.13	36.84	38.87	47.30	3.62	1.88	41.368635	37.530497	39.379305	0.591050
18.13	36.85	38.86	47.29	3.62	1.88	41.371051	37.535669	39.383190	0.591041
18.13	36.85	38.86	47.29	3.62	1.88	41.373462	37.540837	39.387071	0.591032
18.14	36.86	38.85	47.28	3.62	1.88	41.375866	37.546002	39.390948	0.591022
18.14	36.86	38.85	47.28	3.62	1.88	41.378265	37.551163	39.394819	0.591013
18.14	36.87	38.85	47.27	3.62	1.88	41.380659	37.556319	39.398686	0.591004
18.14	36.88	38.84	47.27	3.62	1.88	41.383046	37.561472	39.402548	0.590994
18.15	36.88	38.84	47.26	3.62	1.88	41.385428	37.566621	39.406405	0.590985
18.15	36.89	38.83	47.26	3.62	1.88	41.387804	37.571766	39.410258	0.590976
18.15	36.89	38.83	47.25	3.62	1.87	41.390174	37.576908	39.414106	0.590966
18.16	36.90	38.83	47.25	3.62	1.87	41.392539	37.582045	39.417948	0.590957
18.16	36.90	38.82	47.24	3.62	1.87	41.394897	37.587179	39.421786	0.590948
18.16	36.91	38.82	47.24	3.62	1.87	41.397250	37.592308	39.425620	0.590938
18.16	36.91	38.81	47.23	3.62	1.87	41.399597	37.597434	39.429448	0.590929
18.17	36.92	38.81	47.23	3.62	1.87	41.401939	37.602556	39.433272	0.590919
18.17	36.93	38.81	47.22	3.62	1.87	41.404274	37.607674	39.437091	0.590910
18.17	36.93	38.80	47.22	3.62	1.87	41.406604	37.612788	39.440905	0.590900
18.18	36.94	38.80	47.21	3.62	1.87	41.408928	37.617899	39.444714	0.590890
18.18	36.94	38.79	47.20	3.62	1.87	41.411246	37.623005	39.448519	0.590881
18.18	36.95	38.79	47.20	3.62	1.87	41.413559	37.628107	39.452319	0.590871
18.18	36.95	38.79	47.19	3.62	1.87	41.415866	37.633206	39.456113	0.590862
18.19	36.96	38.78	47.19	3.62	1.87	41.418167	37.638300	39.459904	0.590852
18.19	36.96	38.78	47.18	3.62	1.87	41.420462	37.643391	39.463689	0.590842
18.19	36.97	38.77	47.18	3.62	1.87	41.422751	37.648478	39.467469	0.590832
18.19	36.98	38.77	47.17	3.62	1.87	41.425035	37.653561	39.471245	0.590823
18.20	36.98	38.77	47.17	3.62	1.87	41.427312	37.658640	39.475016	0.590813
18.20	36.99	38.76	47.16	3.62	1.87	41.429584	37.663715	39.478782	0.590803
18.20	36.99	38.76	47.16	3.62	1.87	41.431850	37.668786	39.482543	0.590793
18.21	37.00	38.75	47.15	3.62	1.87	41.434111	37.673853	39.486299	0.590783
18.21	37.00	38.75	47.15	3.62	1.87	41.436365	37.678917	39.490051	0.590774
18.21	37.01	38.75	47.14	3.62	1.87	41.438614	37.683976	39.493798	0.590764
18.21	37.01	38.74	47.13	3.62	1.87	41.440857	37.689032	39.497540	0.590754
18.22	37.02	38.74	47.13	3.62	1.87	41.443094	37.694083	39.501277	0.590744
18.22	37.03	38.73	47.12	3.62	1.87	41.445326	37.699131	39.505009	0.590734
18.22	37.03	38.73	47.12	3.62	1.87	41.447551	37.704174	39.508736	0.590724
18.23	37.04	38.73	47.11	3.62	1.87	41.449771	37.709214	39.512459	0.590714
18.23	37.04	38.72	47.11	3.62	1.86	41.451985	37.714250	39.516177	0.590704
18.23	37.05	38.72	47.10	3.62	1.86	41.454194	37.719282	39.519890	0.590694
18.23	37.05	38.71	47.10	3.62	1.86	41.456396	37.724310	39.523598	0.590684
18.24	37.06	38.71	47.09	3.62	1.86	41.458593	37.729333	39.527301	0.590673
18.24	37.06	38.71	47.08	3.62	1.86	41.460783	37.734353	39.530999	0.590663
18.24	37.07	38.70	47.08	3.62	1.86	41.462968	37.739369	39.534693	0.590653
18.24	37.08	38.70	47.07	3.62	1.86	41.465147	37.744382	39.538382	0.590643
18.25	37.08	38.69	47.07	3.62	1.86	41.467321	37.749390	39.542065	0.590633
18.25	37.09	38.69	47.06	3.62	1.86	41.469488	37.754394	39.545744	0.590623
18.25	37.09	38.68	47.06	3.62	1.86	41.471650	37.759394	39.549418	0.590612
18.26	37.10	38.68	47.05	3.62	1.86	41.473806	37.764390	39.553088	0.590602
18.26	37.10	38.68	47.05	3.62	1.86	41.475956	37.769382	39.556752	0.590592
18.26	37.11	38.67	47.04	3.62	1.86	41.478100	37.774371	39.560412	0.590581
18.26	37.11	38.67	47.03	3.62	1.86	41.480239	37.779355	39.564066	0.590571
18.27	37.12	38.66	47.03	3.62	1.86	41.482372	37.784335	39.567716	0.590561
18.27	37.12	38.66	47.02	3.62	1.86	41.484498	37.789312	39.571361	0.590550
18.27	37.13	38.66	47.02	3.62	1.86	41.486620	37.794284	39.575001	0.590540
18.27	37.14	38.65	47.01	3.62	1.86	41.488735	37.799252	39.578636	0.590529
18.28	37.14	38.65	47.01	3.62	1.86	41.490844	37.804217	39.582267	0.590519
18.28	37.15	38.64	47.00	3.62	1.86	41.492948	37.809177	39.585892	0.590508
18.28	37.15	38.64	47.00	3.62	1.86	41.495045	37.814134	39.589513	0.590498
18.29	37.16	38.63	46.99	3.62	1.86	41.497137	37.819086	39.593129	0.590487
18.29	37.16	38.63	46.98	3.62	1.86	41.499223	37.824034	39.596739	0.590477
18.29	37.17	38.63	46.98	3.62	1.86	41.501304	37.828979	39.600345	0.590466
18.29	37.17	38.62	46.97	3.62	1.86	41.503378	37.833919	39.603947	0.590455
18.30	37.18	38.62	46.97	3.62	1.85	41.505447	37.838855	39.607543	0.590445
18.30	37.18	38.61	46.96	3.62	1.85	41.507509	37.843788	39.611134	0.590434
18.30	37.19	38.61	46.96	3.62	1.85	41.509566	37.848716	39.614720	0.590423
18.31	37.19	38.61	46.95	3.62	1.85	41.511617	37.853641	39.618302	0.590412
18.31	37.20	38.60	46.94	3.62	1.85	41.513663	37.858561	39.621879	0.590402
18.31	37.21	38.60	46.94	3.63	1.85	41.515702	37.863477	39.625450	0.590391
18.31	37.21	38.59	46.93	3.63	1.85	41.517735	37.868390	39.629017	0.590380
18.32	37.22	38.59	46.93	3.63	1.85	41.519763	37.873298	39.632579	0.590369
18.32	37.22	38.58	46.92	3.63	1.85	41.521785	37.878202	39.636136	0.590358
18.32	37.23	38.58	46.91	3.63	1.85	41.523801	37.883102	39.639688	0.590347
18.32	37.23	38.58	46.91	3.63	1.85	41.525811	37.887999	39.643236	0.590337
18.33	37.24	38.57	46.90	3.63	1.85	41.527816	37.892891	39.646778	0.590326
18.33	37.24	38.57	46.90	3.63	1.85	41.529814	37.897779	39.650315	0.590315
18.33	37.25	38.56	46.89	3.63	1.85	41.531807	37.902663	39.653848	0.590304
18.34	37.25	38.56	46.89	3.63	1.85	41.533794	37.907543	39.657376	0.590293
18.34	37.26	38.55	46.88	3.63	1.85	41.535775	37.912419	39.660898	0.590282
18.34	37.26	38.55	46.87	3.63	1.85	41.537750	37.917291	39.664416	0.590271
18.34	37.27	38.55	46.87	3.63	1.85	41.539719	37.922159	39.667929	0.590259
18.35	37.28	38.54	46.86	3.63	1.85	41.541682	37.927023	39.671437	0.590248
18.35	37.28	38.54	46.86	3.63	1.85	41.543640	37.931883	39.674940	0.590237
18.35	37.29	38.53	46.85	3.63	1.85	41.545592	37.936738	39.678438	0.590226
18.36	37.29	38.53	46.84	3.63	1.85	41.547537	37.941590	39.681931	0.590215
18.36	37.30	38.52	46.84	3.63	1.85	41.549477	37.946438	39.685420	0.590204
18.36	37.30	38.52	46.83	3.63	1.85	41.551412	37.951281	39.688903	0.590192
18.36	37.31	38.52	46.83	3.63	1.85	41.553340	37.956121	39.692381	0.590181
18.37	37.31	38.51	46.82	3.63	1.84	41.555262	37.960956	39.695855	0.590170
18.37	37.32	38.51	46.81	3.63	1.84	41.557179	37.965788	39.699323	0.590158
18.37	37.32	38.50	46.81	3.63	1.84	41.559089	37.970615	39.702787	0.590147
18.38	37.33	38.50	46.80	3.63	1.84	41.560994	37.975438	39.706246	0.590136
18.38	37.33	38.49	46.80	3.63	1.84	41.562893	37.980257	39.709699	0.590124
18.38	37.34	38.49	46.79	3.63	1.84	41.564786	37.985072	39.713148	0.590113
18.38	37.34	38.49	46.79	3.63	1.84	41.566673	37.989883	39.716592	0.590101
18.39	37.35	38.48	46.78	3.63	1.84	41.568555	37.994690	39.720031	0.590090
18.39	37.35	38.48	46.77	3.63	1.84	41.570430	37.999493	39.723465	0.590078
18.39	37.36	38.47	46.77	3.63	1.84	41.572300	38.004292	39.726894	0.590067
18.39	37.37	38.47	46.76	3.63	1.84	41.574164	38.009086	39.730318	0.590055
18.40	37.37	38.46	46.75	3.63	1.84	41.576021	38.013877	39.733737	0.590044
18.40	37.38	38.46	46.75	3.63	1.84	41.577873	38.018663	39.737151	0.590032
18.40	37.38	38.45	46.74	3.63	1.84	41.579719	38.023446	39.740561	0.590020
18.41	37.39	38.45	46.74	3.63	1.84	41.581560	38.028224	39.743965	0.590009
18.41	37.39	38.45	46.73	3.63	1.84	41.583394	38.032998	39.747364	0.589997
18.41	37.40	38.44	46.72	3.63	1.84	41.585222	38.037768	39.750759	0.589985
18.41	37.40	38.44	46.72	3.63	1.84	41.587045	38.042534	39.754148	0.589974
18.42	37.41	38.43	46.71	3.63	1.84	41.588862	38.047296	39.757532	0.589962
18.42	37.41	38.43	46.71	3.63	1.84	41.590673	38.052053	39.760912	0.589950
18.42	37.42	38.42	46.70	3.63	1.84	41.592478	38.056807	39.764286	0.589938
18.43	37.42	38.42	46.69	3.63	1.84	41.594277	38.061556	39.767656	0.589926
18.43	37.43	38.42	46.69	3.63	1.84	41.596070	38.066302	39.771020	0.589915
18.43	37.43	38.41	46.68	3.63	1.84	41.597857	38.071043	39.774380	0.589903
18.43	37.44	38.41	46.68	3.63	1.84	41.599638	38.075780	39.777735	0.589891
18.44	37.44	38.40	46.67	3.63	1.83	41.601414	38.080513	39.781084	0.589879
18.44	37.45	38.40	46.66	3.63	1.83	41.603184	38.085242	39.784429	0.589867
18.44	37.45	38.39	46.66	3.63	1.83	41.604947	38.089967	39.787768	0.589855
18.44	37.46	38.39	46.65	3.63	1.83	41.606705	38.094687	39.791103	0.589843
18.45	37.46	38.38	46.64	3.63	1.83	41.608457	38.099404	39.794433	0.589831
18.45	37.47	38.38	46.64	3.63	1.83	41.610203	38.104116	39.797758	0.589819
18.45	37.48	38.38	46.63	3.63	1.83	41.611943	38.108824	39.801077	0.589806
18.46	37.48	38.37	46.63	3.63	1.83	41.613677	38.113528	39.804392	0.589794
18.46	37.49	38.37	46.62	3.63	1.83	41.615406	38.118228	39.807702	0.589782
18.46	37.49	38.36	46.61	3.63	1.83	41.617128	38.122924	39.811007	0.589770
18.46	37.50	38.36	46.61	3.63	1.83	41.618845	38.127615	39.814306	0.589758
18.47	37.50	38.35	46.60	3.63	1.83	41.620555	38.132302	39.817601	0.589745
18.47	37.51	38.35	46.60	3.63	1.83	41.622260	38.136986	39.820891	0.589733
18.47	37.51	38.34	46.59	3.63	1.83	41.623959	38.141665	39.824176	0.589721
18.48	37.52	38.34	46.58	3.63	1.83	41.625652	38.146340	39.827456	0.589709
18.48	37.52	38.33	46.58	3.63	1.83	41.627339	38.151010	39.830730	0.589696
18.48	37.53	38.33	46.57	3.63	1.83	41.629020	38.155677	39.834000	0.589684
18.48	37.53	38.33	46.56	3.63	1.83	41.630695	38.160339	39.837265	0.589671
18.49	37.54	38.32	46.56	3.63	1.83	41.632365	38.164998	39.840525	0.589659
18.49	37.54	38.32	46.55	3.63	1.83	41.634028	38.169652	39.843779	0.589646
18.49	37.55	38.31	46.54	3.63	1.83	41.635686	38.174302	39.847029	0.589634
18.49	37.55	38.31	46.54	3.63	1.83	41.637337	38.178947	39.850274	0.589621
18.50	37.56	38.30	46.53	3.63	1.83	41.638983	38.183589	39.853514	0.589609
18.50	37.56	38.30	46.53	3.63	1.82	41.640623	38.188226	39.856748	0.589596
18.50	37.57	38.29	46.52	3.63	1.82	41.642256	38.192859	39.859978	0.589584
18.51	37.57	38.29	46.51	3.63	1.82	41.643884	38.197488	39.863203	0.589571
18.51	37.58	38.29	46.51	3.63	1.82	41.645506	38.202113	39.866422	0.589558
18.51	37.58	38.28	46.50	3.63	1.82	41.647122	38.206734	39.869637	0.589546
18.51	37.59	38.28	46.49	3.63	1.82	41.648733	38.211350	39.872846	0.589533
18.52	37.59	38.27	46.49	3.63	1.82	41.650337	38.215962	39.876051	0.589520
18.52	37.60	38.27	46.48	3.63	1.82	41.651935	38.220570	39.879251	0.589508
18.52	37.60	38.26	46.47	3.63	1.82	41.653528	38.225174	39.882445	0.589495
18.52	37.61	38.26	46.47	3.63	1.82	41.655114	38.229774	39.885635	0.589482
18.53	37.61	38.25	46.46	3.63	1.82	41.656695	38.234369	39.888819	0.589469
18.53	37.62	38.25	46.46	3.63	1.82	41.658269	38.238960	39.891998	0.589456
18.53	37.62	38.24	46.45	3.63	1.82	41.659838	38.243547	39.895173	0.589443
18.54	37.63	38.24	46.44	3.63	1.82	41.661401	38.248130	39.898342	0.589430
18.54	37.63	38.23	46.44	3.63	1.82	41.662958	38.252709	39.901506	0.589417
18.54	37.64	38.23	46.43	3.63	1.82	41.664509	38.257283	39.904666	0.589405
18.54	37.64	38.23	46.42	3.63	1.82	41.666054	38.261853	39.907820	0.589392
18.55	37.65	38.22	46.42	3.63	1.82	41.667593	38.266419	39.910969	0.589378
18.55	37.65	38.22	46.41	3.63	1.82	41.669126	38.270981	39.914113	0.589365
18.55	37.66	38.21	46.40	3.63	1.82	41.670653	38.275538	39.917252	0.589352
18.56	37.66	38.21	46.40	3.63	1.82	41.672174	38.280091	39.920386	0.589339
18.56	37.67	38.20	46.39	3.64	1.82	41.673690	38.284640	39.923515	0.589326
18.56	37.67	38.20	46.38	3.64	1.82	41.675199	38.289185	39.926639	0.589313
18.56	37.68	38.19	46.38	3.64	1.81	41.676702	38.293726	39.929758	0.589300
18.57	37.69	38.19	46.37	3.64	1.81	41.678200	38.298262	39.932872	0.589286
18.57	37.69	38.18	46.36	3.64	1.81	41.679691	38.302794	39.935981	0.589273
18.57	37.70	38.18	46.36	3.64	1.81	41.681177	38.307322	39.939084	0.589260
18.57	37.70	38.17	46.35	3.64	1.81	41.682657	38.311845	39.942183	0.589247
18.58	37.71	38.17	46.34	3.64	1.81	41.684131	38.316364	39.945277	0.589233
18.58	37.71	38.17	46.34	3.64	1.81	41.685598	38.320879	39.948365	0.589220
18.58	37.72	38.16	46.33	3.64	1.81	41.687060	38.325390	39.951448	0.589206
18.59	37.72	38.16	46.32	3.64	1.81	41.688516	38.329897	39.954527	0.589193
18.59	37.73	38.15	46.32	3.64	1.81	41.689966	38.334399	39.957600	0.589180
18.59	37.73	38.15	46.31	3.64	1.81	41.691410	38.338897	39.960668	0.589166
18.59	37.74	38.14	46.30	3.64	1.81	41.692848	38.343391	39.963731	0.589153
18.60	37.74	38.14	46.30	3.64	1.81	41.694280	38.347880	39.966790	0.589139
18.60	37.75	38.13	46.29	3.64	1.81	41.695706	38.352366	39.969843	0.589125
18.60	37.75	38.13	46.28	3.64	1.81	41.697127	38.356847	39.972890	0.589112
18.61	37.76	38.12	46.28	3.64	1.81	41.698541	38.361323	39.975933	0.589098
18.61	37.76	38.12	46.27	3.64	1.81	41.699949	38.365796	39.978971	0.589085
18.61	37.77	38.11	46.26	3.64	1.81	41.701352	38.370264	39.982004	0.589071
18.61	37.77	38.11	46.26	3.64	1.81	41.702748	38.374728	39.985031	0.589057
18.62	37.78	38.10	46.25	3.64	1.81	41.704138	38.379187	39.988054	0.589043
18.62	37.78	38.10	46.24	3.64	1.81	41.705523	38.383643	39.991071	0.589030
18.62	37.78	38.09	38.09	3.64	1.81	41.706901	38.388094	39.994084	0.589016
18.62	37.79	38.09	38.09	3.64	1.80	41.708274	38.392540	39.997091	0.589002
18.63	37.79	38.09	38.09	3.64	1.80	41.709641	38.396983	40.000093	0.588988
18.63	37.80	38.08	38.08	3.64	1.80	41.711001	38.401421	40.003090	0.588974
18.63	37.80	38.08	38.08	3.64	1.80	41.712354	38.405855	40.006082	0.588960
18.64	37.81	38.07	38.07	3.64	1.80	41.713693	38.410284	40.009068	0.588946
18.64	37.81	38.07	38.07	3.64	1.80	41.715001	38.414710	40.012048	0.588932
18.64	37.82	38.06	38.06	3.64	1.80	41.716246	38.419130	40.015018	0.588918
18.64	37.82	38.06	38.06	3.64	1.80	41.717387	38.423547	40.017975	0.588902
18.65	37.83	38.05	38.05	3.64	1.80	41.718375	38.427959	40.020914	0.588886
18.65	37.83	38.05	38.05	3.64	1.80	41.719162	38.432367	40.023827	0.588869
18.65	37.84	38.04	38.04	3.64	1.80	41.719705	38.436770	40.026709	0.588849
18.66	37.84	38.04	38.04	3.64	1.80	41.719966	38.441169	40.029550	0.588828
18.66	37.85	38.03	38.03	3.64	1.80	41.719917	38.445563	40.032345	0.588805
18.66	37.85	38.03	38.03	3.64	1.80	41.719536	38.449952	40.035086	0.588780
18.66	37.86	38.02	38.02	3.64	1.80	41.718807	38.454337	40.037767	0.588753
18.67	37.86	38.02	38.02	3.64	1.80	41.717724	38.458716	40.040382	0.588723
18.67	37.87	38.01	38.01	3.64	1.80	41.716284	38.463091	40.042926	0.588691
18.67	37.87	38.01	38.01	3.64	1.79	41.714488	38.467461	40.045394	0.588657
18.68	37.88	38.00	38.00	3.64	1.79	41.712341	38.471826	40.047782	0.588620
18.68	37.88	38.00	38.00	3.64	1.79	41.709851	38.476186	40.050086	0.588581
18.68	37.89	37.99	37.99	3.64	1.79	41.707027	38.480540	40.052305	0.588539
18.68	37.89	37.99	37.99	3.64	1.79	41.703881	38.484890	40.054435	0.588496
18.69	37.90	37.98	37.98	3.64	1.79	41.700424	38.489233	40.056476	0.588450
18.69	37.90	37.98	37.98	3.64	1.79	41.696670	38.493572	40.058424	0.588403
18.69	37.91	37.98	37.98	3.64	1.79	41.692632	38.497904	40.060279	0.588353
18.69	37.91	37.97	37.97	3.64	1.79	41.688323	38.502230	40.062042	0.588302
18.70	37.92	37.97	37.97	3.64	1.78	41.683756	38.506550	40.063710	0.588249
18.70	37.92	37.96	37.96	3.64	1.78	41.678943	38.510864	40.065284	0.588194
18.70	37.93	37.96	37.96	3.64	1.78	41.673899	38.515171	40.066764	0.588137
18.71	37.93	37.95	37.95	3.64	1.78	41.668635	38.519470	40.068151	0.588079
18.71	37.94	37.95	37.95	3.64	1.78	41.663164	38.523762	40.069444	0.588020
18.71	37.94	37.94	37.94	3.64	1.78	41.657496	38.528046	40.070644	0.587959
18.71	37.95	37.94	37.94	3.64	1.78	41.651643	38.532322	40.071753	0.587896
18.72	37.95	37.93	37.93	3.64	1.77	41.645616	38.536590	40.072771	0.587833
18.72	37.96	37.93	37.93	3.64	1.77	41.639425	38.540848	40.073699	0.587768
18.72	37.96	37.92	37.92	3.64	1.77	41.633079	38.545096	40.074538	0.587702
18.73	37.97	37.92	37.92	3.64	1.77	41.626588	38.549335	40.075290	0.587635
18.73	37.97	37.91	37.91	3.64	1.77	41.619960	38.553563	40.075956	0.587567
18.73	37.98	37.91	37.91	3.64	1.77	41.613204	38.557780	40.076536	0.587498
18.73	37.98	37.90	37.90	3.64	1.76	41.606328	38.561985	40.077033	0.587428
18.74	37.98	37.90	37.90	3.64	1.76	41.599339	38.566179	40.077448	0.587357
18.74	37.99	37.89	37.89	3.64	1.76	41.592244	38.570361	40.077782	0.587285
18.74	37.99	37.89	37.89	3.64	1.76	41.585050	38.574529	40.078037	0.587213
18.74	38.00	37.88	37.88	3.64	1.76	41.577763	38.578685	40.078214	0.587140
18.75	38.00	37.88	37.88	3.64	1.75	41.570390	38.582826	40.078315	0.587066
18.75	38.01	37.87	37.87	3.64	1.75	41.562936	38.586954	40.078342	0.586991
18.75	38.01	37.87	37.87	3.64	1.75	41.555406	38.591067	40.078295	0.586916
18.76	38.02	37.86	37.86	3.64	1.75	41.547806	38.595165	40.078177	0.586840
18.76	38.02	37.86	37.86	3.64	1.75	41.540140	38.599247	40.077989	0.586763
18.76	38.03	37.85	37.85	3.64	1.75	41.532412	38.603314	40.077732	0.586686
18.76	38.03	37.85	37.85	3.64	1.74	41.524628	38.607365	40.077409	0.586608
18.77	38.04	37.84	37.84	3.64	1.74	41.516791	38.611399	40.077020	0.586530
18.77	38.04	37.84	37.84	3.64	1.74	41.508906	38.615416	40.076567	0.586452
18.77	38.05	37.83	37.83	3.64	1.74	41.500975	38.619416	40.076052	0.586373
18.77	38.05	37.83	37.83	3.64	1.74	41.493002	38.623399	40.075477	0.586293
18.78	38.06	37.82	37.82	3.64	1.73	41.484990	38.627364	40.074842	0.586213
18.78	38.06	37.82	37.82	3.64	1.73	41.476943	38.631311	40.074148	0.586133
18.78	38.07	37.81	37.81	3.64	1.73	41.468863	38.635239	40.073399	0.586052
18.79	38.07	37.81	37.81	3.64	1.73	41.460754	38.639150	40.072594	0.585971
18.79	38.08	37.80	37.80	3.64	1.73	41.452617	38.643041	40.071736	0.585890
18.79	38.08	37.80	37.80	3.64	1.72	41.444455	38.646913	40.070826	0.585808
18.79	38.08	37.79	37.79	3.64	1.72	41.436271	38.650766	40.069864	0.585726
18.80	38.09	37.79	37.79	3.64	1.72	41.428066	38.654600	40.068853	0.585644
18.80	38.09	37.78	37.78	3.64	1.72	41.419843	38.658415	40.067794	0.585562
18.80	38.10	37.78	37.78	3.64	1.72	41.411604	38.662209	40.066688	0.585479
18.81	38.10	37.77	37.77	3.64	1.71	41.403350	38.665984	40.065536	0.585396
18.81	38.11	37.77	37.77	3.64	1.71	41.395084	38.669739	40.064339	0.585313
18.81	38.11	37.76	37.76	3.64	1.71	41.386806	38.673474	40.063099	0.585229
18.81	38.12	37.76	37.76	3.64	1.71	41.378519	38.677189	40.061817	0.585146
18.82	38.12	37.75	37.75	3.64	1.70	41.370225	38.680884	40.060494	0.585062
18.82	38.13	37.75	37.75	3.64	1.70	41.361923	38.684559	40.059131	0.584978
18.82	38.13	37.74	37.74	3.64	1.70	41.353617	38.688213	40.057730	0.584894
18.82	38.14	37.74	37.74	3.64	1.70	41.345306	38.691847	40.056291	0.584809
18.83	38.14	37.73	37.73	3.64	1.70	41.336993	38.695460	40.054815	0.584725
18.83	38.15	37.73	37.73	3.64	1.69	41.328678	38.699053	40.053304	0.584640
18.83	38.15	37.72	37.72	3.64	1.69	41.320362	38.702626	40.051758	0.584555
18.84	38.15	37.72	37.72	3.64	1.69	41.312047	38.706178	40.050178	0.584471
18.84	38.16	37.71	37.71	3.64	1.69	41.303733	38.709710	40.048566	0.584385
18.84	38.16	37.71	37.71	3.64	1.69	41.295421	38.713221	40.046923	0.584300
18.84	38.17	37.70	37.70	3.64	1.68	41.287113	38.716712	40.045249	0.584215
18.85	38.17	37.70	37.70	3.64	1.68	41.278809	38.720183	40.043545	0.584129
18.85	38.18	37.69	37.69	3.64	1.68	41.270509	38.723633	40.041812	0.584044
18.85	38.18	37.69	37.69	3.64	1.68	41.262215	38.727063	40.040051	0.583958
18.86	38.19	37.68	37.68	3.64	1.68	41.253927	38.730472	40.038263	0.583872
18.86	38.19	37.68	37.68	3.64	1.67	41.245646	38.733862	40.036448	0.583787
18.86	38.20	37.67	37.67	3.64	1.67	41.237372	38.737231	40.034608	0.583701
18.86	38.20	37.67	37.67	3.64	1.67	41.229106	38.740580	40.032743	0.583615
18.87	38.21	37.66	37.66	3.64	1.67	41.220849	38.743909	40.030854	0.583528
18.87	38.21	37.66	37.66	3.64	1.67	41.212601	38.747218	40.028941	0.583442
18.87	38.21	37.65	37.65	3.63	1.66	41.204362	38.750507	40.027006	0.583356
18.88	38.22	37.65	37.65	3.63	1.66	41.196133	38.753776	40.025049	0.583270
18.88	38.22	37.64	37.64	3.63	1.66	41.187915	38.757026	40.023071	0.583183
18.88	38.23	37.64	37.64	3.63	1.66	41.179708	38.760256	40.021072	0.583097
18.88	38.23	37.63	37.63	3.63	1.65	41.171512	38.763466	40.019053	0.583010
18.89	38.24	37.63	37.63	3.63	1.65	41.163328	38.766656	40.017015	0.582923
18.89	38.24	37.62	37.62	3.63	1.65	41.155156	38.769828	40.014959	0.582837
18.89	38.25	37.62	37.62	3.63	1.65	41.146996	38.772980	40.012884	0.582750
18.89	38.25	37.61	37.61	3.63	1.65	41.138849	38.776113	40.010791	0.582663
18.90	38.25	37.61	37.61	3.63	1.64	41.130714	38.779226	40.008682	0.582576
18.90	38.26	37.60	37.60	3.63	1.64	41.122593	38.782321	40.006557	0.582489
18.90	38.26	37.60	37.60	3.63	1.64	41.114486	38.785397	40.004415	0.582402
18.91	38.27	37.59	37.59	3.63	1.64	41.106392	38.788454	40.002258	0.582315
18.91	38.27	37.59	37.59	3.63	1.64	41.098312	38.791492	40.000086	0.582228
18.91	38.28	37.58	37.58	3.63	1.63	41.090246	38.794511	39.997900	0.582141
18.91	38.28	37.57	37.57	3.63	1.63	41.082195	38.797512	39.995700	0.582054
18.92	38.29	37.57	37.57	3.63	1.63	41.074158	38.800495	39.993487	0.581967
18.92	38.29	37.56	37.56	3.63	1.63	41.066136	38.803459	39.991261	0.581879
18.92	38.29	37.56	37.56	3.63	1.62	41.058130	38.806406	39.989022	0.581792
18.93	38.30	37.55	37.55	3.63	1.62	41.050138	38.809334	39.986771	0.581705
18.93	38.30	37.55	37.55	3.63	1.62	41.042161	38.812244	39.984509	0.581617
18.93	38.31	37.54	37.54	3.63	1.62	41.034200	38.815136	39.982235	0.581530
18.93	38.31	37.54	37.54	3.63	1.62	41.026254	38.818011	39.979950	0.581442
18.94	38.32	37.53	37.53	3.63	1.61	41.018324	38.820868	39.977655	0.581355
18.94	38.32	37.53	37.53	3.63	1.61	41.010410	38.823707	39.975350	0.581267
18.94	38.33	37.52	37.52	3.63	1.61	41.002512	38.826529	39.973035	0.581180
18.94	38.33	37.52	37.52	3.63	1.61	40.994630	38.829334	39.970711	0.581092
18.95	38.33	37.51	37.51	3.63	1.61	40.986763	38.832121	39.968378	0.581004
18.95	38.34	37.51	37.51	3.63	1.60	40.978913	38.834891	39.966035	0.580917
18.95	38.34	37.50	37.50	3.63	1.60	40.971079	38.837645	39.963685	0.580829
18.96	38.35	37.50	37.50	3.63	1.60	40.963262	38.840381	39.961326	0.580741
18.96	38.35	37.49	37.49	3.63	1.60	40.955460	38.843101	39.958960	0.580653
18.96	38.36	37.49	37.49	3.63	1.59	40.947676	38.845804	39.956586	0.580565
18.96	38.36	37.48	37.48	3.63	1.59	40.939907	38.848490	39.954205	0.580477
18.97	38.36	37.48	37.48	3.63	1.59	40.932155	38.851160	39.951818	0.580389
18.97	38.37	37.47	37.47	3.63	1.59	40.924420	38.853813	39.949423	0.580301
18.97	38.37	37.47	37.47	3.63	1.59	40.916702	38.856451	39.947022	0.580213
18.98	38.38	37.46	37.46	3.63	1.58	40.909000	38.859072	39.944615	0.580125
18.98	38.38	37.45	37.45	3.63	1.58	40.901314	38.861677	39.942202	0.580037
18.98	38.39	37.45	37.45	3.63	1.58	40.893646	38.864266	39.939784	0.579949
18.98	38.39	37.44	37.44	3.63	1.58	40.885994	38.866839	39.937360	0.579861
18.99	38.39	37.44	37.44	3.63	1.57	40.878359	38.869397	39.934931	0.579773
18.99	38.40	37.43	37.43	3.63	1.57	40.870740	38.871939	39.932497	0.579684
18.99	38.40	37.43	37.43	3.63	1.57	40.863139	38.874465	39.930058	0.579596
18.99	38.41	37.42	37.42	3.63	1.57	40.855554	38.876976	39.927615	0.579508
19.00	38.41	37.42	37.42	3.63	1.57	40.847986	38.879471	39.925167	0.579419
19.00	38.41	37.41	37.41	3.63	1.56	40.840435	38.881951	39.922715	0.579331
19.00	38.42	37.41	37.41	3.63	1.56	40.832900	38.884416	39.920260	0.579242
19.01	38.42	37.40	37.40	3.63	1.56	40.825382	38.886866	39.917800	0.579154
19.01	38.43	37.40	37.40	3.63	1.56	40.817882	38.889301	39.915337	0.579065
19.01	38.43	37.39	37.39	3.63	1.56	40.810397	38.891720	39.912871	0.578976
19.01	38.44	37.39	37.39	3.63	1.55	40.802930	38.894126	39.910402	0.578888
19.02	38.44	37.38	37.38	3.63	1.55	40.795479	38.896516	39.907929	0.578799
19.02	38.44	37.38	37.38	3.63	1.55	40.788045	38.898892	39.905453	0.578710
19.02	38.45	37.37	37.37	3.63	1.55	40.780628	38.901253	39.902975	0.578621
19.02	38.45	37.36	37.36	3.63	1.54	40.773228	38.903599	39.900494	0.578533
19.03	38.46	37.36	37.36	3.63	1.54	40.765844	38.905932	39.898011	0.578444
19.03	38.46	37.35	37.35	3.63	1.54	40.758477	38.908250	39.895525	0.578355
19.03	38.46	37.35	37.35	3.63	1.54	40.751126	38.910553	39.893037	0.578266
19.04	38.47	37.34	37.34	3.63	1.54	40.743792	38.912843	39.890547	0.578177
19.04	38.47	37.34	37.34	3.63	1.53	40.736475	38.915118	39.888056	0.578087
19.04	38.48	37.33	37.33	3.63	1.53	40.729174	38.917380	39.885562	0.577998
19.04	38.48	37.33	37.33	3.63	1.53	40.721890	38.919628	39.883067	0.577909
19.05	38.48	37.32	37.32	3.63	1.53	40.714622	38.921861	39.880570	0.577820
19.05	38.49	37.32	37.32	3.63	1.52	40.707370	38.924082	39.878072	0.577730
19.05	38.49	37.31	37.31	3.63	1.52	40.700135	38.926288	39.875572	0.577641
19.06	38.50	37.31	37.31	3.63	1.52	40.692917	38.928481	39.873071	0.577551
19.06	38.50	37.30	37.30	3.63	1.52	40.685714	38.930660	39.870569	0.577462
19.06	38.50	37.29	37.29	3.63	1.52	40.678528	38.932826	39.868066	0.577372
19.06	38.51	37.29	37.29	3.63	1.51	40.671358	38.934979	39.865562	0.577283
19.07	38.51	37.28	37.28	3.63	1.51	40.664205	38.937118	39.863058	0.577193
19.07	38.51	37.28	37.28	3.63	1.51	40.657068	38.939244	39.860552	0.577103
19.07	38.52	37.27	37.27	3.63	1.51	40.649946	38.941357	39.858046	0.577013
19.07	38.52	37.27	37.27	3.63	1.50	40.642841	38.943456	39.855539	0.576924
19.08	38.53	37.26	37.26	3.63	1.50	40.635752	38.945543	39.853032	0.576834
19.08	38.53	37.26	37.26	3.63	1.50	40.628679	38.947617	39.850524	0.576744
19.08	38.53	37.25	37.25	3.63	1.50	40.621622	38.949678	39.848016	0.576654
19.09	38.54	37.25	37.25	3.63	1.50	40.614580	38.951726	39.845508	0.576563
19.09	38.54	37.24	37.24	3.63	1.49	40.607555	38.953761	39.842999	0.576473
19.09	38.54	37.24	37.24	3.63	1.49	40.600546	38.955784	39.840491	0.576383
19.09	38.55	37.23	37.23	3.63	1.49	40.593552	38.957794	39.837982	0.576292
19.10	38.55	37.22	37.22	3.63	1.49	40.586574	38.959792	39.835473	0.576202
19.10	38.56	37.22	37.22	3.63	1.48	40.579611	38.961777	39.832965	0.576112
19.10	38.56	37.21	37.21	3.63	1.48	40.572664	38.963750	39.830456	0.576021
19.11	38.56	37.21	37.21	3.63	1.48	40.565733	38.965710	39.827948	0.575930
19.11	38.57	37.20	37.20	3.63	1.48	40.558817	38.967658	39.825440	0.575840
19.11	38.57	37.20	37.20	3.63	1.48	40.551917	38.969594	39.822932	0.575749
19.11	38.57	37.19	37.19	3.63	1.47	40.545032	38.971517	39.820425	0.575658
19.12	38.58	37.19	37.19	3.63	1.47	40.538163	38.973429	39.817918	0.575567
19.12	38.58	37.18	37.18	3.63	1.47	40.531309	38.975328	39.815411	0.575476
19.12	38.59	37.18	37.18	3.63	1.47	40.524470	38.977216	39.812905	0.575385
19.12	38.59	37.17	37.17	3.63	1.46	40.517646	38.979091	39.810400	0.575293
19.13	38.59	37.16	37.16	3.63	1.46	40.510838	38.980955	39.807895	0.575202
19.13	38.60	37.16	37.16	3.63	1.46	40.504044	38.982807	39.805391	0.575111
19.13	38.60	37.15	37.15	3.63	1.46	40.497266	38.984647	39.802887	0.575019
19.14	38.60	37.15	37.15	3.63	1.46	40.490502	38.986475	39.800384	0.574928
19.14	38.61	37.14	37.14	3.63	1.45	40.483754	38.988292	39.797882	0.574836
19.14	38.61	37.14	37.14	3.63	1.45	40.477020	38.990097	39.795380	0.574744
19.14	38.61	37.13	37.13	3.63	1.45	40.470302	38.991890	39.792880	0.574652
19.15	38.62	37.13	37.13	3.63	1.45	40.463598	38.993672	39.790380	0.574561
19.15	38.62	37.12	37.12	3.63	1.44	40.456908	38.995443	39.787881	0.574468
19.15	38.62	37.11	37.11	3.63	1.44	40.450234	38.997202	39.785383	0.574376
19.16	38.63	37.11	37.11	3.63	1.44	40.443574	38.998950	39.782886	0.574284
19.16	38.63	37.10	37.10	3.63	1.44	40.436928	39.000686	39.780390	0.574192
19.16	38.63	37.10	37.10	3.63	1.44	40.430297	39.002411	39.777895	0.574099
19.16	38.64	37.09	37.09	3.63	1.43	40.423681	39.004125	39.775401	0.574007
19.17	38.64	37.09	37.09	3.63	1.43	40.417078	39.005828	39.772908	0.573914
19.17	38.64	37.08	37.08	3.63	1.43	40.410491	39.007520	39.770416	0.573821
19.17	38.65	37.08	37.08	3.63	1.43	40.403917	39.009201	39.767925	0.573729
19.18	38.65	37.07	37.07	3.63	1.42	40.397358	39.010870	39.765435	0.573636
19.18	38.65	37.06	37.06	3.63	1.42	40.390812	39.012529	39.762946	0.573543
19.18	38.66	37.06	37.06	3.63	1.42	40.384281	39.014177	39.760459	0.573449
19.18	38.66	37.05	37.05	3.63	1.42	40.377764	39.015814	39.757972	0.573356
19.19	38.66	37.05	37.05	3.63	1.41	40.371261	39.017440	39.755487	0.573263
19.19	38.67	37.04	37.04	3.63	1.41	40.364772	39.019056	39.753003	0.573169
19.19	38.67	37.04	37.04	3.62	1.41	40.358297	39.020660	39.750520	0.573075
19.19	38.67	37.03	37.03	3.62	1.41	40.351835	39.022254	39.748039	0.572982
19.20	38.68	37.03	37.03	3.62	1.41	40.345387	39.023838	39.745558	0.572888
19.20	38.68	37.02	37.02	3.62	1.40	40.338953	39.025411	39.743079	0.572794
19.20	38.68	37.01	37.01	3.62	1.40	40.332533	39.026973	39.740602	0.572700
19.21	38.69	37.01	37.01	3.62	1.40	40.326126	39.028525	39.738125	0.572605
19.21	38.69	37.00	37.00	3.62	1.40	40.319733	39.030066	39.735650	0.572511
19.21	38.69	37.00	37.00	3.62	1.39	40.313353	39.031597	39.733176	0.572416
19.21	38.70	36.99	36.99	3.62	1.39	40.306987	39.033117	39.730703	0.572322
19.22	38.70	36.99	36.99	3.62	1.39	40.300634	39.034627	39.728232	0.572227
19.22	38.70	36.98	36.98	3.62	1.39	40.294294	39.036127	39.725762	0.572132
19.22	38.71	36.98	36.98	3.62	1.38	40.287967	39.037617	39.723294	0.572037
19.23	38.71	36.97	36.97	3.62	1.38	40.281654	39.039096	39.720826	0.571942
19.23	38.71	36.96	36.96	3.62	1.38	40.275354	39.040565	39.718360	0.571846
19.23	38.72	36.96	36.96	3.62	1.38	40.269067	39.042024	39.715896	0.571751
19.23	38.72	36.95	36.95	3.62	1.37	40.262793	39.043473	39.713433	0.571655
19.24	38.72	36.95	36.95	3.62	1.37	40.256532	39.044912	39.710971	0.571559
19.24	38.72	36.94	36.94	3.62	1.37	40.250284	39.046341	39.708510	0.571464
19.24	38.73	36.94	36.94	3.62	1.37	40.244048	39.047760	39.706051	0.571367
19.24	38.73	36.93	36.93	3.62	1.37	40.237826	39.049169	39.703594	0.571271
19.25	38.73	36.92	36.92	3.62	1.36	40.231616	39.050568	39.701138	0.571175
19.25	38.74	36.92	36.92	3.62	1.36	40.225419	39.051957	39.698683	0.571078
19.25	38.74	36.91	36.91	3.62	1.36	40.219234	39.053336	39.696229	0.570982
19.26	38.74	36.91	36.91	3.62	1.36	40.213062	39.054706	39.693777	0.570885
19.26	38.75	36.90	36.90	3.62	1.35	40.206903	39.056066	39.691326	0.570788
19.26	38.75	36.90	36.90	3.62	1.35	40.200756	39.057416	39.688877	0.570690
19.26	38.75	36.89	36.89	3.62	1.35	40.194621	39.058756	39.686429	0.570593
19.27	38.75	36.88	36.88	3.62	1.35	40.188499	39.060087	39.683983	0.570495
19.27	38.76	36.88	36.88	3.62	1.34	40.182389	39.061408	39.681537	0.570398
19.27	38.76	36.87	36.87	3.62	1.34	40.176291	39.062720	39.679094	0.570300
19.27	38.76	36.87	36.87	3.62	1.34	40.170206	39.064022	39.676651	0.570202
19.28	38.77	36.86	36.86	3.62	1.34	40.164132	39.065314	39.674210	0.570104
19.28	38.77	36.86	36.86	3.62	1.33	40.158071	39.066597	39.671771	0.570005
19.28	38.77	36.85	36.85	3.62	1.33	40.152022	39.067871	39.669333	0.569906
19.29	38.77	36.85	36.85	3.62	1.33	40.145984	39.069135	39.666896	0.569808
19.29	38.78	36.84	36.84	3.62	1.33	40.139959	39.070390	39.664460	0.569709
19.29	38.78	36.83	36.83	3.62	1.32	40.133945	39.071635	39.662026	0.569609
19.29	38.78	36.83	36.83	3.62	1.32	40.127944	39.072872	39.659594	0.569510
19.30	38.78	36.82	36.82	3.62	1.32	40.121954	39.074099	39.657162	0.569410
19.30	38.79	36.82	36.82	3.62	1.32	40.115975	39.075316	39.654733	0.569311
19.30	38.79	36.81	36.81	3.62	1.31	40.110009	39.076525	39.652304	0.569211
19.31	38.79	36.81	36.81	3.62	1.31	40.104054	39.077724	39.649877	0.569110
19.31	38.80	36.80	36.80	3.62	1.31	40.098110	39.078914	39.647451	0.569010
19.31	38.80	36.79	36.79	3.62	1.31	40.092178	39.080095	39.645027	0.568909
19.31	38.80	36.79	36.79	3.62	1.30	40.086257	39.081267	39.642603	0.568809
19.32	38.80	36.78	36.78	3.62	1.30	40.080348	39.082430	39.640182	0.568708
19.32	38.81	36.78	36.78	3.62	1.30	40.074450	39.083584	39.637761	0.568606
19.32	38.81	36.77	36.77	3.62	1.30	40.068563	39.084729	39.635342	0.568505
19.32	38.81	36.76	36.76	3.62	1.29	40.062688	39.085865	39.632924	0.568403
19.33	38.81	36.76	36.76	3.62	1.29	40.056823	39.086992	39.630508	0.568301
19.33	38.82	36.75	36.75	3.62	1.29	40.050970	39.088110	39.628093	0.568199
19.33	38.82	36.75	36.75	3.62	1.29	40.045128	39.089219	39.625679	0.568096
19.34	38.82	36.74	36.74	3.62	1.28	40.039297	39.090320	39.623266	0.567994
19.34	38.82	36.74	36.74	3.62	1.28	40.033476	39.091411	39.620855	0.567891
19.34	38.83	36.73	36.73	3.62	1.28	40.027667	39.092494	39.618445	0.567788
19.34	38.83	36.72	36.72	3.62	1.28	40.021869	39.093568	39.616036	0.567684
19.35	38.83	36.72	36.72	3.62	1.27	40.016081	39.094634	39.613629	0.567581
19.35	38.83	36.71	36.71	3.62	1.27	40.010304	39.095691	39.611223	0.567477
19.35	38.84	36.71	36.71	3.62	1.27	40.004538	39.096739	39.608818	0.567373
19.36	38.84	36.70	36.70	3.62	1.27	39.998782	39.097778	39.606414	0.567268
19.36	38.84	36.70	36.70	3.62	1.26	39.993037	39.098809	39.604012	0.567163
19.36	38.84	36.69	36.69	3.62	1.26	39.987303	39.099831	39.601611	0.567058
19.36	38.85	36.68	36.68	3.62	1.26	39.981579	39.100845	39.599211	0.566953
19.37	38.85	36.68	36.68	3.62	1.26	39.975865	39.101850	39.596812	0.566848
19.37	38.85	36.67	36.67	3.62	1.25	39.970162	39.102847	39.594415	0.566742
19.37	38.85	36.67	36.67	3.62	1.25	39.964469	39.103835	39.592019	0.566636
19.38	38.86	36.66	36.66	3.62	1.25	39.958787	39.104815	39.589624	0.566529
19.38	38.86	36.65	36.65	3.62	1.25	39.953114	39.105786	39.587230	0.566423
19.38	38.86	36.65	36.65	3.62	1.24	39.947452	39.106749	39.584837	0.566316
19.38	38.86	36.64	36.64	3.62	1.24	39.941800	39.107704	39.582445	0.566208
19.39	38.87	36.64	36.64	3.62	1.24	39.936158	39.108650	39.580055	0.566101
19.39	38.87	36.63	36.63	3.62	1.23	39.930526	39.109588	39.577666	0.565993
19.39	38.87	36.63	36.63	3.62	1.23	39.924905	39.110518	39.575278	0.565885
19.39	38.87	36.62	36.62	3.62	1.23	39.919293	39.111440	39.572891	0.565776
19.40	38.88	36.61	36.61	3.62	1.23	39.913691	39.112353	39.570505	0.565667
19.40	38.88	36.61	36.61	3.62	1.22	39.908099	39.113258	39.568120	0.565558
19.40	38.88	36.60	36.60	3.62	1.22	39.902516	39.114155	39.565737	0.565448
19.41	38.88	36.60	36.60	3.62	1.22	39.896944	39.115044	39.563354	0.565339
19.41	38.88	36.59	36.59	3.62	1.22	39.891381	39.115925	39.560973	0.565228
19.41	38.89	36.58	36.58	3.62	1.21	39.885827	39.116797	39.558592	0.565118
19.41	38.89	36.58	36.58	3.62	1.21	39.880284	39.117662	39.556213	0.565007
19.42	38.89	36.57	36.57	3.62	1.21	39.874750	39.118519	39.553835	0.564895
19.42	38.89	36.57	36.57	3.62	1.20	39.869225	39.119367	39.551458	0.564784
19.42	38.90	36.56	36.56	3.62	1.20	39.863710	39.120208	39.549082	0.564672
19.43	38.90	36.55	36.55	3.62	1.20	39.858204	39.121040	39.546707	0.564559
19.43	38.90	36.55	36.55	3.62	1.20	39.852708	39.121865	39.544333	0.564447
19.43	38.90	36.54	36.54	3.62	1.19	39.847221	39.122682	39.541960	0.564333
19.43	38.90	36.54	36.54	3.62	1.19	39.841743	39.123490	39.539588	0.564220
19.44	38.91	36.53	36.53	3.62	1.19	39.836275	39.124291	39.537217	0.564106
19.44	38.91	36.53	36.53	3.62	1.18	39.830815	39.125084	39.534847	0.563991
19.44	38.91	36.52	36.52	3.62	1.18	39.825365	39.125870	39.532478	0.563877
19.44	38.91	36.51	36.51	3.62	1.18	39.819924	39.126647	39.530110	0.563761
19.45	38.91	36.51	36.51	3.62	1.18	39.814492	39.127417	39.527742	0.563646
19.45	38.92	36.50	36.50	3.62	1.17	39.809069	39.128179	39.525376	0.563530
19.45	38.92	36.50	36.50	3.62	1.17	39.803655	39.128933	39.523011	0.563413
19.46	38.92	36.49	36.49	3.62	1.17	39.798250	39.129680	39.520647	0.563296
19.46	38.92	36.48	36.48	3.62	1.16	39.792853	39.130419	39.518283	0.563179
19.46	38.93	36.48	36.48	3.62	1.16	39.787466	39.131150	39.515921	0.563061
19.46	38.93	36.47	36.47	3.62	1.16	39.782087	39.131874	39.513559	0.562942
19.47	38.93	36.47	36.47	3.62	1.16	39.776717	39.132590	39.511199	0.562824
19.47	38.93	36.46	36.46	3.62	1.15	39.771356	39.133298	39.508839	0.562704
19.47	38.93	36.45	36.45	3.62	1.15	39.766003	39.133999	39.506480	0.562584
19.48	38.93	36.45	36.45	3.62	1.15	39.760659	39.134692	39.504122	0.562464
19.48	38.94	36.44	36.44	3.62	1.14	39.755323	39.135378	39.501764	0.562343
19.48	38.94	36.44	36.44	3.62	1.14	39.749996	39.136056	39.499408	0.562222
19.48	38.94	36.43	36.43	3.62	1.14	39.744678	39.136727	39.497052	0.562100
19.49	38.94	36.42	36.42	3.62	1.13	39.739367	39.137391	39.494698	0.561978
19.49	38.94	36.42	36.42	3.62	1.13	39.734066	39.138047	39.492344	0.561855
19.49	38.95	36.41	36.41	3.62	1.13	39.728772	39.138695	39.489990	0.561731
19.49	38.95	36.41	36.41	3.62	1.13	39.723487	39.139336	39.487638	0.561607
19.50	38.95	36.40	36.40	3.62	1.12	39.718210	39.139970	39.485286	0.561482
19.50	38.95	36.39	36.39	3.62	1.12	39.712941	39.140597	39.482936	0.561357
19.50	38.95	36.39	36.39	3.62	1.12	39.707681	39.141216	39.480585	0.561231
19.51	38.96	36.38	36.38	3.62	1.11	39.702428	39.141828	39.478236	0.561105
19.51	38.96	36.38	36.38	3.62	1.11	39.697184	39.142432	39.475888	0.560978
19.51	38.96	36.37	36.37	3.62	1.11	39.691947	39.143030	39.473540	0.560850
19.51	38.96	36.36	36.36	3.62	1.10	39.686719	39.143620	39.471193	0.560722
19.52	38.96	36.36	36.36	3.62	1.10	39.681498	39.144203	39.468846	0.560593
19.52	38.97	36.35	36.35	3.62	1.10	39.676286	39.144779	39.466500	0.560463
19.52	38.97	36.35	36.35	3.62	1.09	39.671081	39.145347	39.464155	0.560333
19.52	38.97	36.34	36.34	3.62	1.09	39.665884	39.145909	39.461811	0.560202
19.53	38.97	36.33	36.33	3.61	1.09	39.660695	39.146463	39.459467	0.560070
19.53	38.97	36.33	36.33	3.61	1.08	39.655514	39.147010	39.457124	0.559938
19.53	38.97	36.32	36.32	3.61	1.08	39.650340	39.147550	39.454782	0.559805
19.54	38.98	36.32	36.32	3.61	1.08	39.645174	39.148083	39.452440	0.559671
19.54	38.98	36.31	36.31	3.61	1.07	39.640015	39.148609	39.450099	0.559536
19.54	38.98	36.30	36.30	3.61	1.07	39.634865	39.149128	39.447758	0.559401
19.54	38.98	36.30	36.30	3.61	1.07	39.629721	39.149640	39.445418	0.559265
19.55	38.98	36.29	36.29	3.61	1.06	39.624585	39.150145	39.443079	0.559128
19.55	38.98	36.29	36.29	3.61	1.06	39.619457	39.150643	39.440740	0.558990
19.55	38.99	36.28	36.28	3.61	1.06	39.614336	39.151134	39.438402	0.558851
19.56	38.99	36.27	36.27	3.61	1.05	39.609222	39.151619	39.436065	0.558712
19.56	38.99	36.27	36.27	3.61	1.05	39.604116	39.152096	39.433728	0.558571
19.56	38.99	36.26	36.26	3.61	1.05	39.599017	39.152566	39.431391	0.558430
19.56	38.99	36.26	36.26	3.61	1.04	39.593925	39.153030	39.429056	0.558288
19.57	38.99	36.25	36.25	3.61	1.04	39.588841	39.153487	39.426720	0.558145
19.57	39.00	36.24	36.24	3.61	1.04	39.583763	39.153936	39.424385	0.558001
19.57	39.00	36.24	36.24	3.61	1.03	39.578693	39.154379	39.422051	0.557856
19.57	39.00	36.23	36.23	3.61	1.03	39.573630	39.154816	39.419717	0.557710
19.58	39.00	36.23	36.23	3.61	1.02	39.568573	39.155245	39.417384	0.557563
19.58	39.00	36.22	36.22	3.61	1.02	39.563524	39.155668	39.415051	0.557415
19.58	39.00	36.21	36.21	3.61	1.02	39.558482	39.156084	39.412719	0.557266
19.59	39.00	36.21	36.21	3.61	1.01	39.553447	39.156493	39.410387	0.557116
19.59	39.01	36.20	36.20	3.61	1.01	39.548418	39.156896	39.408055	0.556965
19.59	39.01	36.19	36.19	3.61	1.01	39.543397	39.157292	39.405725	0.556812
19.59	39.01	36.19	36.19	3.61	1.00	39.538382	39.157681	39.403394	0.556659
19.60	39.01	36.18	36.18	3.61	1.00	39.533374	39.158064	39.401064	0.556504
19.60	39.01	36.18	36.18	3.61	0.99	39.528373	39.158440	39.398734	0.556348
19.60	39.01	36.17	36.17	3.61	0.99	39.523378	39.158810	39.396405	0.556191
19.61	39.02	36.16	36.16	3.61	0.99	39.518390	39.159172	39.394076	0.556032
19.61	39.02	36.16	36.16	3.61	0.98	39.513409	39.159529	39.391748	0.555873
19.61	39.02	36.15	36.15	3.61	0.98	39.508434	39.159879	39.389420	0.555712
19.61	39.02	36.15	36.15	3.61	0.97	39.503466	39.160222	39.387092	0.555549
19.62	39.02	36.14	36.14	3.61	0.97	39.498505	39.160559	39.384765	0.555385
19.62	39.02	36.13	36.13	3.61	0.97	39.493549	39.160889	39.382438	0.555220
19.62	39.02	36.13	36.13	3.61	0.96	39.488601	39.161213	39.380111	0.555053
19.62	39.03	36.12	36.12	3.61	0.96	39.483658	39.161530	39.377785	0.554885
19.63	39.03	36.11	36.11	3.61	0.95	39.478722	39.161841	39.375459	0.554715
19.63	39.03	36.11	36.11	3.61	0.95	39.473792	39.162146	39.373134	0.554544
19.63	39.03	36.10	36.10	3.61	0.94	39.468869	39.162444	39.370809	0.554371
19.64	39.03	36.10	36.10	3.61	0.94	39.463952	39.162735	39.368484	0.554196
19.64	39.03	36.09	36.09	3.61	0.94	39.459041	39.163021	39.366159	0.554019
19.64	39.03	36.08	36.08	3.61	0.93	39.454136	39.163300	39.363835	0.553841
19.64	39.04	36.08	36.08	3.61	0.93	39.449237	39.163573	39.361511	0.553660
19.65	39.04	36.07	36.07	3.61	0.92	39.444345	39.163839	39.359187	0.553478
19.65	39.04	36.07	36.07	3.61	0.92	39.439458	39.164099	39.356864	0.553294
19.65	39.04	36.06	36.06	3.61	0.91	39.434577	39.164353	39.354541	0.553108
19.66	39.04	36.05	36.05	3.61	0.91	39.429703	39.164601	39.352218	0.552920
19.66	39.04	36.05	36.05	3.61	0.90	39.424834	39.164842	39.349895	0.552729
19.66	39.04	36.04	36.04	3.61	0.90	39.419971	39.165077	39.347573	0.552536
19.66	39.04	36.03	36.03	3.61	0.89	39.415114	39.165306	39.345251	0.552341
19.67	39.05	36.03	36.03	3.61	0.89	39.410263	39.165529	39.342929	0.552144
19.67	39.05	36.02	36.02	3.61	0.88	39.405418	39.165745	39.340608	0.551944
19.67	39.05	36.02	36.02	3.61	0.88	39.400578	39.165956	39.338286	0.551742
19.68	39.05	36.01	36.01	3.61	0.87	39.395745	39.166160	39.335965	0.551536
19.68	39.05	36.00	36.00	3.61	0.87	39.390916	39.166358	39.333644	0.551328
19.68	39.05	36.00	36.00	3.61	0.86	39.386094	39.166550	39.331323	0.551118
19.68	39.05	35.99	35.99	3.61	0.86	39.381277	39.166736	39.329003	0.550904
19.69	39.05	35.98	35.98	3.61	0.85	39.376465	39.166916	39.326682	0.550687
19.69	39.06	35.98	35.98	3.61	0.85	39.371660	39.167090	39.324362	0.550467
19.69	39.06	35.97	35.97	3.61	0.84	39.366859	39.167257	39.322042	0.550243
19.69	39.06	35.97	35.97	3.61	0.83	39.362064	39.167419	39.319722	0.550016
19.70	39.06	35.96	35.96	3.61	0.83	39.357275	39.167575	39.317403	0.549786
19.70	39.06	35.95	35.95	3.61	0.82	39.352491	39.167725	39.315083	0.549551
19.70	39.06	35.95	35.95	3.61	0.82	39.347712	39.167869	39.312764	0.549313
19.71	39.06	35.94	35.94	3.61	0.81	39.342938	39.168006	39.310445	0.549070
19.71	39.06	35.93	35.93	3.61	0.80	39.338170	39.168138	39.308126	0.548823
19.71	39.06	35.93	35.93	3.61	0.80	39.333407	39.168264	39.305807	0.548571
19.71	39.07	35.92	35.92	3.61	0.79	39.328649	39.168384	39.303489	0.548315
19.72	39.07	35.92	35.92	3.61	0.79	39.323896	39.168498	39.301170	0.548053
19.72	39.07	35.91	35.91	3.61	0.78	39.319149	39.168606	39.298852	0.547786
19.72	39.07	35.90	35.90	3.61	0.77	39.314406	39.168709	39.296534	0.547514
19.73	39.07	35.90	35.90	3.61	0.76	39.309668	39.168805	39.294216	0.547235
19.73	39.07	35.89	35.89	3.61	0.76	39.304936	39.168896	39.291898	0.546950
19.73	39.07	35.88	35.88	3.61	0.75	39.300208	39.168981	39.289581	0.546658
19.73	39.07	35.88	35.88	3.61	0.74	39.295485	39.169060	39.287263	0.546360
19.74	39.07	35.87	35.87	3.61	0.73	39.290767	39.169133	39.284946	0.546053
19.74	39.08	35.87	35.87	3.61	0.73	39.286054	39.169200	39.282629	0.545739
19.74	39.08	35.86	35.86	3.61	0.72	39.281346	39.169262	39.280312	0.545416
19.74	39.08	35.85	35.85	3.61	0.71	39.276642	39.169318	39.277995	0.545083
19.75	39.08	35.85	35.85	3.61	0.70	39.271943	39.169368	39.275678	0.544741
19.75	39.08	35.84	35.84	3.61	0.69	39.267248	39.169412	39.273362	0.544387
19.75	39.08	35.83	35.83	3.61	0.68	39.262558	39.169450	39.271046	0.544022
19.76	39.08	35.83	35.83	3.61	0.67	39.257873	39.169483	39.268730	0.543644
19.76	39.08	35.82	35.82	3.61	0.66	39.253192	39.169510	39.266414	0.543252
19.76	39.08	35.82	35.82	3.61	0.65	39.248515	39.169532	39.264099	0.542844
19.76	39.08	35.81	35.81	3.61	0.64	39.243842	39.169547	39.261783	0.542420
19.77	39.09	35.80	35.80	3.61	0.63	39.239174	39.169557	39.259469	0.541977
19.77	39.09	35.80	35.80	3.61	0.62	39.234510	39.169561	39.257154	0.541512
19.77	39.09	35.79	35.79	3.61	0.61	39.229850	39.169559	39.254840	0.541024
19.77	39.09	35.78	35.78	3.61	0.59	39.225194	39.169552	39.252526	0.540509
19.78	39.09	35.78	35.78	3.61	0.58	39.220542	39.169539	39.250213	0.539963
19.78	39.09	35.77	35.77	3.61	0.57	39.215893	39.169520	39.247900	0.539381
19.78	39.09	35.76	35.76	3.61	0.55	39.211248	39.169495	39.245588	0.538756
19.79	39.09	35.76	35.76	3.61	0.53	39.206607	39.169464	39.243276	0.538081
19.79	39.09	35.75	35.75	3.61	0.51	39.201968	39.169427	39.240965	0.537343
19.79	39.09	35.75	35.75	3.61	0.49	39.197333	39.169385	39.238655	0.536527
19.79	39.09	35.74	35.74	3.61	0.48	39.192701	39.169336	39.236347	0.535900
19.80	39.10	35.73	35.73	3.61	0.48	39.188078	39.169286	39.234037	0.535896
19.80	39.10	35.73	35.73	3.61	0.48	39.183462	39.169233	39.231726	0.535893
19.80	39.10	35.72	35.72	3.61	0.48	39.178852	39.169176	39.229414	0.535890
19.81	39.10	35.71	35.71	3.61	0.48	39.174248	39.169116	39.227101	0.535887
19.81	39.10	35.71	35.71	3.61	0.48	39.169648	39.169051	39.224786	0.535884
19.81	39.10	35.70	35.70	3.61	0.48	39.165053	39.168982	39.222471	0.535881
19.81	39.10	35.69	35.69	3.61	0.48	39.160463	39.168908	39.220154	0.535877
19.82	39.10	35.69	35.69	3.61	0.48	39.155877	39.168830	39.217837	0.535874
19.82	39.10	35.68	35.68	3.61	0.48	39.151296	39.168747	39.215518	0.535871
19.82	39.10	35.68	35.68	3.61	0.48	39.146719	39.168660	39.213198	0.535868
19.82	39.10	35.67	35.67	3.61	0.48	39.142147	39.168568	39.210877	0.536197
19.83	39.10	35.66	35.66	3.61	0.51	39.137587	39.168475	39.208553	0.537016
19.83	39.10	35.66	35.66	3.61	0.52	39.133034	39.168379	39.206226	0.537751
19.83	39.11	35.65	35.65	3.61	0.54	39.128487	39.168278	39.203897	0.538420
19.84	39.11	35.64	35.64	3.61	0.56	39.123945	39.168173	39.201565	0.539035
19.84	39.11	35.64	35.64	3.61	0.57	39.119408	39.168064	39.199230	0.539605
19.84	39.11	35.63	35.63	3.61	0.59	39.114875	39.167949	39.196894	0.540137
19.84	39.11	35.62	35.62	3.61	0.60	39.110346	39.167829	39.194555	0.540636
19.85	39.11	35.62	35.62	3.61	0.61	39.105822	39.167703	39.192215	0.541107
19.85	39.11	35.61	35.61	3.61	0.62	39.101301	39.167573	39.189873	0.541554
19.85	39.11	35.60	35.60	3.61	0.63	39.096785	39.167437	39.187530	0.541978
19.86	39.11	35.60	35.60	3.61	0.64	39.092272	39.167295	39.185185	0.542382
19.86	39.11	35.59	35.59	3.61	0.65	39.087764	39.167149	39.182839	0.542769
19.86	39.11	35.59	35.59	3.61	0.66	39.083259	39.166996	39.180491	0.543140
19.86	39.11	35.58	35.58	3.61	0.67	39.078758	39.166838	39.178142	0.543496
19.87	39.11	35.57	35.57	3.61	0.68	39.074261	39.166675	39.175792	0.543838
19.87	39.11	35.57	35.57	3.61	0.69	39.069767	39.166505	39.173440	0.544168
19.87	39.12	35.56	35.56	3.61	0.70	39.065278	39.166331	39.171088	0.544487
19.88	39.12	35.55	35.55	3.60	0.71	39.060792	39.166151	39.168734	0.544796
19.88	39.12	35.55	35.55	3.60	0.71	39.056310	39.165965	39.166380	0.545094
19.88	39.12	35.54	35.54	3.60	0.72	39.051831	39.165773	39.164024	0.545384
19.88	39.12	35.53	35.53	3.60	0.73	39.047356	39.165576	39.161667	0.545665
19.89	39.12	35.53	35.53	3.60	0.74	39.042885	39.165374	39.159309	0.545938
19.89	39.12	35.52	35.52	3.60	0.74	39.038418	39.165165	39.156951	0.546203
19.89	39.12	35.51	35.51	3.60	0.75	39.033954	39.164952	39.154591	0.546461
19.89	39.12	35.51	35.51	3.60	0.76	39.029494	39.164732	39.152231	0.546713
19.90	39.12	35.50	35.50	3.60	0.76	39.025037	39.164507	39.149869	0.546959
19.90	39.12	35.49	35.49	3.60	0.77	39.020584	39.164277	39.147507	0.547198
19.90	39.12	35.49	35.49	3.60	0.77	39.016135	39.164041	39.145144	0.547432
19.91	39.12	35.48	35.48	3.60	0.78	39.011689	39.163799	39.142780	0.547661
19.91	39.12	35.48	35.48	3.60	0.79	39.007246	39.163552	39.140415	0.547884
19.91	39.12	35.47	35.47	3.60	0.79	39.002808	39.163300	39.138050	0.548102
19.91	39.12	35.46	35.46	3.60	0.80	38.998372	39.163042	39.135684	0.548316
19.92	39.12	35.46	35.46	3.60	0.80	38.993940	39.162778	39.133316	0.548526
19.92	39.13	35.45	35.45	3.60	0.81	38.989512	39.162509	39.130948	0.548731
19.92	39.13	35.44	35.44	3.60	0.81	38.985087	39.162235	39.128580	0.548932
19.93	39.13	35.44	35.44	3.60	0.82	38.980666	39.161955	39.126210	0.549130
19.93	39.13	35.43	35.43	3.60	0.82	38.976248	39.161669	39.123840	0.549323
19.93	39.13	35.42	35.42	3.60	0.83	38.971833	39.161379	39.121469	0.549513
19.93	39.13	35.42	35.42	3.60	0.83	38.967422	39.161082	39.119098	0.549700
19.94	39.13	35.41	35.41	3.60	0.84	38.963014	39.160781	39.116725	0.549883
19.94	39.13	35.40	35.40	3.60	0.84	38.958609	39.160474	39.114352	0.550063
19.94	39.13	35.40	35.40	3.60	0.85	38.954208	39.160162	39.111978	0.550240
19.94	39.13	35.39	35.39	3.60	0.85	38.949810	39.159844	39.109603	0.550414
19.95	39.13	35.38	35.38	3.60	0.86	38.945416	39.159521	39.107228	0.550585
19.95	39.13	35.38	35.38	3.60	0.86	38.941025	39.159193	39.104852	0.550754
19.95	39.13	35.37	35.37	3.60	0.87	38.936637	39.158859	39.102475	0.550919
19.96	39.13	35.36	35.36	3.60	0.87	38.932252	39.158520	39.100097	0.551082
19.96	39.13	35.36	35.36	3.60	0.87	38.927871	39.158176	39.097719	0.551243
19.96	39.13	35.35	35.35	3.60	0.88	38.923492	39.157827	39.095340	0.551401
19.96	39.13	35.34	35.34	3.60	0.88	38.919117	39.157472	39.092960	0.551557
19.97	39.13	35.34	35.34	3.60	0.89	38.914746	39.157112	39.090579	0.551711
19.97	39.13	35.33	35.33	3.60	0.89	38.910377	39.156747	39.088198	0.551862
19.97	39.13	35.32	35.32	3.60	0.89	38.906011	39.156376	39.085816	0.552012
19.98	39.13	35.32	35.32	3.60	0.90	38.901649	39.156001	39.083433	0.552159
19.98	39.13	35.31	35.31	3.60	0.90	38.897290	39.155620	39.081049	0.552304
19.98	39.14	35.30	35.30	3.60	0.91	38.892934	39.155234	39.078665	0.552447
19.98	39.14	35.30	35.30	3.60	0.91	38.888580	39.154843	39.076280	0.552589
19.99	39.14	35.29	35.29	3.60	0.91	38.884230	39.154447	39.073894	0.552728
19.99	39.14	35.29	35.29	3.60	0.92	38.879883	39.154046	39.071507	0.552866
19.99	39.14	35.28	35.28	3.60	0.92	38.875540	39.153639	39.069120	0.553002
19.99	39.14	35.27	35.27	3.60	0.92	38.871199	39.153228	39.066732	0.553136
20.00	39.14	35.27	35.27	3.60	0.93	38.866861	39.152811	39.064343	0.553269
20.00	39.14	35.26	35.26	3.60	0.93	38.862526	39.152389	39.061953	0.553400
20.00	39.14	35.25	35.25	3.60	0.93	38.858194	39.151963	39.059563	0.553529
20.01	39.14	35.25	35.25	3.60	0.94	38.853864	39.151531	39.057171	0.553657
20.01	39.14	35.24	35.24	3.60	0.94	38.849538	39.151094	39.054779	0.553783
20.01	39.14	35.23	35.23	3.60	0.94	38.845215	39.150652	39.052387	0.553908
20.01	39.14	35.23	35.23	3.60	0.95	38.840895	39.150205	39.049993	0.554031
20.02	39.14	35.22	35.22	3.60	0.95	38.836577	39.149753	39.047599	0.554153
20.02	39.14	35.21	35.21	3.60	0.95	38.832262	39.149296	39.045203	0.554274
20.02	39.14	35.21	35.21	3.60	0.96	38.827950	39.148834	39.042807	0.554393
20.02	39.14	35.20	35.20	3.60	0.96	38.823641	39.148367	39.040411	0.554511
20.03	39.14	35.19	35.19	3.60	0.96	38.819335	39.147895	39.038013	0.554628
20.03	39.14	35.19	35.19	3.60	0.97	38.815031	39.147419	39.035614	0.554743
20.03	39.14	35.18	35.18	3.60	0.97	38.810731	39.146937	39.033215	0.554857
20.04	39.14	35.17	35.17	3.60	0.97	38.806433	39.146450	39.030815	0.554970
20.04	39.14	35.17	35.17	3.60	0.97	38.802137	39.145959	39.028414	0.555082
20.04	39.14	35.16	35.16	3.60	0.98	38.797845	39.145462	39.026012	0.555193
20.04	39.14	35.15	35.15	3.60	0.98	38.793555	39.144961	39.023610	0.555302
20.05	39.14	35.15	35.15	3.60	0.98	38.789267	39.144455	39.021206	0.555411
20.05	39.14	35.14	35.14	3.60	0.99	38.784983	39.143943	39.018802	0.555518
20.05	39.14	35.13	35.13	3.60	0.99	38.780701	39.143427	39.016396	0.555624
20.06	39.14	35.13	35.13	3.60	0.99	38.776421	39.142907	39.013990	0.555730
20.06	39.14	35.12	35.12	3.60	0.99	38.772145	39.142381	39.011583	0.555834
20.06	39.14	35.11	35.11	3.60	1.00	38.767870	39.141850	39.009175	0.555937
20.06	39.14	35.11	35.11	3.60	1.00	38.763599	39.141315	39.006767	0.556039
20.07	39.14	35.10	35.10	3.60	1.00	38.759329	39.140775	39.004357	0.556140
20.07	39.14	35.09	35.09	3.60	1.00	38.755063	39.140230	39.001947	0.556241
20.07	39.14	35.09	35.09	3.60	1.01	38.750799	39.139680	38.999535	0.556340
20.07	39.14	35.08	35.08	3.60	1.01	38.746537	39.139126	38.997123	0.556439
20.08	39.14	35.07	35.07	3.60	1.01	38.742278	39.138566	38.994710	0.556536
20.08	39.14	35.07	35.07	3.60	1.02	38.738021	39.138002	38.992296	0.556633
20.08	39.14	35.06	35.06	3.60	1.02	38.733767	39.137434	38.989880	0.556729
20.09	39.15	35.05	35.05	3.60	1.02	38.729515	39.136860	38.987464	0.556824
20.09	39.15	35.05	35.05	3.60	1.02	38.725265	39.136282	38.985048	0.556918
20.09	39.15	35.04	35.04	3.60	1.03	38.721018	39.135699	38.982630	0.557011
20.09	39.15	35.03	35.03	3.60	1.03	38.716773	39.135111	38.980211	0.557104
20.10	39.15	35.03	35.03	3.60	1.03	38.712531	39.134519	38.977791	0.557196
20.10	39.15	35.02	35.02	3.60	1.03	38.708290	39.133922	38.975370	0.557287
20.10	39.15	35.01	35.01	3.60	1.04	38.704053	39.133320	38.972949	0.557377
20.11	39.15	35.01	35.01	3.60	1.04	38.699817	39.132713	38.970526	0.557466
20.11	39.15	35.00	35.00	3.60	1.04	38.695584	39.132102	38.968103	0.557555
20.11	39.15	34.99	34.99	3.60	1.04	38.691353	39.131486	38.965678	0.557643
20.11	39.15	34.99	34.99	3.60	1.04	38.687124	39.130866	38.963252	0.557730
20.12	39.15	34.98	34.98	3.60	1.05	38.682897	39.130241	38.960826	0.557817
20.12	39.15	34.97	34.97	3.60	1.05	38.678673	39.129611	38.958398	0.557903
20.12	39.15	34.96	34.96	3.60	1.05	38.674451	39.128977	38.955970	0.557988
20.12	39.15	34.96	34.96	3.60	1.05	38.670231	39.128338	38.953540	0.558072
20.13	39.15	34.95	34.95	3.60	1.06	38.666013	39.127694	38.951110	0.558156
20.13	39.15	34.94	34.94	3.60	1.06	38.661797	39.127046	38.948678	0.558239
20.13	39.15	34.94	34.94	3.60	1.06	38.657583	39.126393	38.946246	0.558322
20.14	39.15	34.93	34.93	3.60	1.06	38.653372	39.125736	38.943812	0.558404
20.14	39.15	34.92	34.92	3.60	1.06	38.649162	39.125074	38.941378	0.558485
20.14	39.15	34.92	34.92	3.60	1.07	38.644955	39.124408	38.938942	0.558566
20.14	39.15	34.91	34.91	3.60	1.07	38.640749	39.123737	38.936505	0.558646
20.15	39.15	34.90	34.90	3.60	1.07	38.636546	39.123061	38.934067	0.558725
20.15	39.15	34.90	34.90	3.60	1.07	38.632345	39.122381	38.931629	0.558804
20.15	39.15	34.89	34.89	3.60	1.08	38.628145	39.121697	38.929189	0.558882
20.16	39.15	34.88	34.88	3.60	1.08	38.623948	39.121007	38.926748	0.558960
20.16	39.15	34.88	34.88	3.60	1.08	38.619753	39.120314	38.924306	0.559037
20.16	39.15	34.87	34.87	3.60	1.08	38.615559	39.119616	38.921863	0.559114
20.16	39.15	34.86	34.86	3.60	1.08	38.611368	39.118913	38.919419	0.559190
20.17	39.15	34.86	34.86	3.60	1.09	38.607178	39.118206	38.916973	0.559265
20.17	39.15	34.85	34.85	3.60	1.09	38.602990	39.117494	38.914527	0.559340
20.17	39.15	34.84	34.84	3.60	1.09	38.598805	39.116778	38.912080	0.559415
20.18	39.15	34.84	34.84	3.60	1.09	38.594621	39.116058	38.909631	0.559489
20.18	39.15	34.83	34.83	3.60	1.09	38.590439	39.115333	38.907182	0.559562
20.18	39.15	34.82	34.82	3.60	1.10	38.586258	39.114603	38.904731	0.559635
20.18	39.15	34.82	34.82	3.60	1.10	38.582080	39.113869	38.902279	0.559708
20.19	39.15	34.81	34.81	3.60	1.10	38.577903	39.113131	38.899826	0.559779
20.19	39.15	34.80	34.80	3.60	1.10	38.573728	39.112388	38.897372	0.559851
20.19	39.15	34.80	34.80	3.60	1.10	38.569555	39.111641	38.894917	0.559922
20.19	39.15	34.79	34.79	3.60	1.10	38.565384	39.110890	38.892460	0.559992
20.20	39.15	34.78	34.78	3.60	1.11	38.561214	39.110134	38.890003	0.560062
20.20	39.15	34.77	34.77	3.60	1.11	38.557047	39.109373	38.887544	0.560132
20.20	39.15	34.77	34.77	3.60	1.11	38.552880	39.108609	38.885085	0.560201
20.21	39.15	34.76	34.76	3.60	1.11	38.548716	39.107840	38.882624	0.560269
20.21	39.15	34.75	34.75	3.59	1.11	38.544553	39.107066	38.880162	0.560338
20.21	39.15	34.75	34.75	3.59	1.12	38.540392	39.106288	38.877698	0.560405
20.21	39.15	34.74	34.74	3.59	1.12	38.536233	39.105506	38.875234	0.560473
20.22	39.14	34.73	34.73	3.59	1.12	38.532075	39.104720	38.872768	0.560539
20.22	39.14	34.73	34.73	3.59	1.12	38.527919	39.103929	38.870301	0.560606
20.22	39.14	34.72	34.72	3.59	1.12	38.523764	39.103133	38.867833	0.560672
20.23	39.14	34.71	34.71	3.59	1.12	38.519611	39.102334	38.865364	0.560738
20.23	39.14	34.71	34.71	3.59	1.13	38.515459	39.101530	38.862894	0.560803
20.23	39.14	34.70	34.70	3.59	1.13	38.511309	39.100722	38.860422	0.560868
20.23	39.14	34.69	34.69	3.59	1.13	38.507161	39.099909	38.857949	0.560932
20.24	39.14	34.69	34.69	3.59	1.13	38.503014	39.099093	38.855475	0.560996
20.24	39.14	34.68	34.68	3.59	1.13	38.498869	39.098272	38.853000	0.561059
20.24	39.14	34.67	34.67	3.59	1.14	38.494725	39.097446	38.850524	0.561123
20.24	39.14	34.67	34.67	3.59	1.14	38.490583	39.096617	38.848046	0.561186
20.25	39.14	34.66	34.66	3.59	1.14	38.486442	39.095783	38.845567	0.561248
20.25	39.14	34.65	34.65	3.59	1.14	38.482302	39.094945	38.843087	0.561310
20.25	39.14	34.64	34.64	3.59	1.14	38.478164	39.094102	38.840606	0.561372
20.26	39.14	34.64	34.64	3.59	1.14	38.474028	39.093256	38.838123	0.561433
20.26	39.14	34.63	34.63	3.59	1.15	38.469892	39.092405	38.835639	0.561494
20.26	39.14	34.62	34.62	3.59	1.15	38.465759	39.091550	38.833154	0.561555
20.26	39.14	34.62	34.62	3.59	1.15	38.461626	39.090690	38.830668	0.561615
20.27	39.14	34.61	34.61	3.59	1.15	38.457495	39.089827	38.828180	0.561675
20.27	39.14	34.60	34.60	3.59	1.15	38.453365	39.088959	38.825691	0.561734
20.27	39.14	34.60	34.60	3.59	1.15	38.449237	39.088087	38.823201	0.561794
20.27	39.14	34.59	34.59	3.59	1.15	38.445110	39.087211	38.820709	0.561853
20.28	39.14	34.58	34.58	3.59	1.16	38.440984	39.086330	38.818217	0.561911
20.28	39.14	34.58	34.58	3.59	1.16	38.436860	39.085446	38.815723	0.561969
20.28	39.14	34.57	34.57	3.59	1.16	38.432737	39.084557	38.813227	0.562027
20.29	39.14	34.56	34.56	3.59	1.16	38.428615	39.083664	38.810731	0.562085
20.29	39.14	34.56	34.56	3.59	1.16	38.424494	39.082767	38.808233	0.562142
20.29	39.14	34.55	34.55	3.59	1.16	38.420375	39.081866	38.805733	0.562199
20.29	39.14	34.54	34.54	3.59	1.17	38.416256	39.080960	38.803233	0.562256
20.30	39.14	34.53	34.53	3.59	1.17	38.412139	39.080051	38.800731	0.562312
20.30	39.14	34.53	34.53	3.59	1.17	38.408024	39.079137	38.798228	0.562368
20.30	39.14	34.52	34.52	3.59	1.17	38.403909	39.078219	38.795723	0.562424
20.31	39.14	34.51	34.51	3.59	1.17	38.399795	39.077297	38.793218	0.562479
20.31	39.14	34.51	34.51	3.59	1.17	38.395683	39.076371	38.790710	0.562534
20.31	39.14	34.50	34.50	3.59	1.17	38.391572	39.075441	38.788202	0.562589
20.31	39.14	34.49	34.49	3.59	1.18	38.387462	39.074507	38.785692	0.562643
20.32	39.14	34.49	34.49	3.59	1.18	38.383353	39.073568	38.783181	0.562697
20.32	39.14	34.48	34.48	3.59	1.18	38.379245	39.072626	38.780668	0.562751
20.32	39.14	34.47	34.47	3.59	1.18	38.375138	39.071679	38.778154	0.562805
20.32	39.14	34.46	34.46	3.59	1.18	38.371033	39.070729	38.775639	0.562858
20.33	39.14	34.46	34.46	3.59	1.18	38.366928	39.069774	38.773122	0.562911
20.33	39.13	34.45	34.45	3.59	1.19	38.362825	39.068815	38.770604	0.562964
20.33	39.13	34.44	34.44	3.59	1.19	38.358722	39.067852	38.768085	0.563017
20.34	39.13	34.44	34.44	3.59	1.19	38.354620	39.066885	38.765564	0.563069
20.34	39.13	34.43	34.43	3.59	1.19	38.350520	39.065914	38.763042	0.563121
20.34	39.13	34.42	34.42	3.59	1.19	38.346420	39.064939	38.760519	0.563173
20.34	39.13	34.42	34.42	3.59	1.19	38.342322	39.063960	38.757994	0.563224
20.35	39.13	34.41	34.41	3.59	1.19	38.338224	39.062977	38.755468	0.563275
20.35	39.13	34.40	34.40	3.59	1.19	38.334128	39.061990	38.752940	0.563326
20.35	39.13	34.40	34.40	3.59	1.20	38.330032	39.060999	38.750411	0.563377
20.36	39.13	34.39	34.39	3.59	1.20	38.325937	39.060004	38.747880	0.563427
20.36	39.13	34.38	34.38	3.59	1.20	38.321844	39.059005	38.745348	0.563477
20.36	39.13	34.37	34.37	3.59	1.20	38.317751	39.058002	38.742815	0.563527
20.36	39.13	34.37	34.37	3.59	1.20	38.313659	39.056994	38.740280	0.563577
20.37	39.13	34.36	34.36	3.59	1.20	38.309567	39.055983	38.737744	0.563626
20.37	39.13	34.35	34.35	3.59	1.20	38.305477	39.054968	38.735207	0.563675
20.37	39.13	34.35	34.35	3.59	1.21	38.301388	39.053949	38.732668	0.563724
20.38	39.13	34.34	34.34	3.59	1.21	38.297299	39.052926	38.730127	0.563773
20.38	39.13	34.33	34.33	3.59	1.21	38.293211	39.051899	38.727585	0.563821
20.38	39.13	34.33	34.33	3.59	1.21	38.289124	39.050868	38.725042	0.563870
20.38	39.13	34.32	34.32	3.59	1.21	38.285038	39.049833	38.722497	0.563918
20.39	39.13	34.31	34.31	3.59	1.21	38.280953	39.048794	38.719951	0.563965
20.39	39.13	34.30	34.30	3.59	1.21	38.276868	39.047751	38.717403	0.564013
20.39	39.13	34.30	34.30	3.59	1.22	38.272785	39.046704	38.714854	0.564060
20.39	39.13	34.29	34.29	3.59	1.22	38.268702	39.045653	38.712304	0.564107
20.40	39.12	34.28	34.28	3.59	1.22	38.264619	39.044599	38.709751	0.564154
20.40	39.12	34.28	34.28	3.59	1.22	38.260538	39.043540	38.707198	0.564201
20.40	39.12	34.27	34.27	3.59	1.22	38.256457	39.042478	38.704643	0.564247
20.41	39.12	34.26	34.26	3.59	1.22	38.252377	39.041411	38.702086	0.564293
20.41	39.12	34.25	34.25	3.59	1.22	38.248297	39.040341	38.699528	0.564339
20.41	39.12	34.25	34.25	3.59	1.22	38.244219	39.039267	38.696969	0.564385
20.41	39.12	34.24	34.24	3.59	1.23	38.240141	39.038189	38.694408	0.564431
20.42	39.12	34.23	34.23	3.59	1.23	38.236063	39.037107	38.691846	0.564476
20.42	39.12	34.23	34.23	3.59	1.23	38.231986	39.036021	38.689282	0.564521
20.42	39.12	34.22	34.22	3.59	1.23	38.227910	39.034931	38.686716	0.564566
20.43	39.12	34.21	34.21	3.59	1.23	38.223835	39.033837	38.684149	0.564611
20.43	39.12	34.21	34.21	3.59	1.23	38.219760	39.032740	38.681581	0.564655
20.43	39.12	34.20	34.20	3.59	1.23	38.215685	39.031638	38.679011	0.564699
20.43	39.12	34.19	34.19	3.59	1.23	38.211612	39.030533	38.676440	0.564744
20.44	39.12	34.18	34.18	3.59	1.24	38.207539	39.029424	38.673867	0.564788
20.44	39.12	34.18	34.18	3.59	1.24	38.203466	39.028311	38.671292	0.564831
20.44	39.12	34.17	34.17	3.59	1.24	38.199394	39.027194	38.668716	0.564875
20.44	39.12	34.16	34.16	3.59	1.24	38.195323	39.026074	38.666139	0.564918
20.45	39.12	34.16	34.16	3.59	1.24	38.191252	39.024949	38.663560	0.564961
20.45	39.11	34.15	34.15	3.59	1.24	38.187181	39.023821	38.660979	0.565004
20.45	39.11	34.14	34.14	3.59	1.24	38.183111	39.022689	38.658397	0.565047
20.46	39.11	34.13	34.13	3.59	1.24	38.179042	39.021553	38.655813	0.565089
20.46	39.11	34.13	34.13	3.59	1.24	38.174973	39.020413	38.653228	0.565132
20.46	39.11	34.12	34.12	3.59	1.25	38.170905	39.019270	38.650641	0.565174
20.46	39.11	34.11	34.11	3.59	1.25	38.166837	39.018123	38.648053	0.565216
20.47	39.11	34.11	34.11	3.59	1.25	38.162769	39.016972	38.645463	0.565258
20.47	39.11	34.10	34.10	3.59	1.25	38.158702	39.015817	38.642871	0.565300
20.47	39.11	34.09	34.09	3.59	1.25	38.154636	39.014658	38.640278	0.565341
20.48	39.11	34.09	34.09	3.59	1.25	38.150570	39.013496	38.637684	0.565382
20.48	39.11	34.08	34.08	3.59	1.25	38.146504	39.012329	38.635088	0.565423
20.48	39.11	34.07	34.07	3.59	1.25	38.142438	39.011159	38.632490	0.565464
20.48	39.11	34.06	34.06	3.59	1.25	38.138373	39.009986	38.629891	0.565505
20.49	39.11	34.06	34.06	3.59	1.26	38.134309	39.008808	38.627290	0.565546
20.49	39.11	34.05	34.05	3.59	1.26	38.130245	39.007627	38.624687	0.565586
20.49	39.11	34.04	34.04	3.59	1.26	38.126181	39.006442	38.622083	0.565626
20.49	39.11	34.04	34.04	3.59	1.26	38.122117	39.005253	38.619478	0.565666
20.50	39.10	34.03	34.03	3.59	1.26	38.118054	39.004061	38.616870	0.565706
20.50	39.10	34.02	34.02	3.59	1.26	38.113991	39.002864	38.614261	0.565746
20.50	39.10	34.01	34.01	3.59	1.26	38.109929	39.001664	38.611651	0.565786
20.51	39.10	34.01	34.01	3.59	1.26	38.105867	39.000461	38.609039	0.565825
20.51	39.10	34.00	34.00	3.59	1.26	38.101805	38.999253	38.606425	0.565864
20.51	39.10	33.99	33.99	3.59	1.27	38.097743	38.998042	38.603810	0.565904
20.51	39.10	33.99	33.99	3.59	1.27	38.093682	38.996827	38.601193	0.565942
20.52	39.10	33.98	33.98	3.59	1.27	38.089621	38.995609	38.598575	0.565981
20.52	39.10	33.97	33.97	3.59	1.27	38.085560	38.994387	38.595955	0.566020
20.52	39.10	33.96	33.96	3.59	1.27	38.081499	38.993161	38.593333	0.566058
20.52	39.10	33.96	33.96	3.58	1.27	38.077439	38.991931	38.590710	0.566097
20.53	39.10	33.95	33.95	3.58	1.27	38.073379	38.990698	38.588085	0.566135
20.53	39.10	33.94	33.94	3.58	1.27	38.069319	38.989461	38.585458	0.566173
20.53	39.10	33.94	33.94	3.58	1.27	38.065259	38.988220	38.582830	0.566211
20.54	39.09	33.93	33.93	3.58	1.28	38.061200	38.986976	38.580200	0.566248
20.54	39.09	33.92	33.92	3.58	1.28	38.057140	38.985728	38.577568	0.566286
20.54	39.09	33.91	33.91	3.58	1.28	38.053081	38.984476	38.574935	0.566323
20.54	39.09	33.91	33.91	3.58	1.28	38.049022	38.983221	38.572300	0.566361
20.55	39.09	33.90	33.90	3.58	1.28	38.044963	38.981962	38.569664	0.566398
20.55	39.09	33.89	33.89	3.58	1.28	38.040905	38.980700	38.567026	0.566435
20.55	39.09	33.89	33.89	3.58	1.28	38.036846	38.979433	38.564386	0.566472
20.56	39.09	33.88	33.88	3.58	1.28	38.032788	38.978164	38.561745	0.566508
20.56	39.09	33.87	33.87	3.58	1.28	38.028730	38.976890	38.559101	0.566545
20.56	39.09	33.86	33.86	3.58	1.29	38.024671	38.975613	38.556457	0.566581
20.56	39.09	33.86	33.86	3.58	1.29	38.020613	38.974332	38.553810	0.566617
20.57	39.09	33.85	33.85	3.58	1.29	38.016555	38.973048	38.551162	0.566653
20.57	39.09	33.84	33.84	3.58	1.29	38.012498	38.971760	38.548512	0.566689
20.57	39.09	33.83	33.83	3.58	1.29	38.008440	38.970468	38.545861	0.566725
20.57	39.08	33.83	33.83	3.58	1.29	38.004382	38.969173	38.543208	0.566761
20.58	39.08	33.82	33.82	3.58	1.29	38.000324	38.967874	38.540553	0.566797
20.58	39.08	33.81	33.81	3.58	1.29	37.996267	38.966572	38.537896	0.566832
20.58	39.08	33.81	33.81	3.58	1.29	37.992209	38.965266	38.535238	0.566867
20.59	39.08	33.80	33.80	3.58	1.29	37.988151	38.963956	38.532578	0.566902
20.59	39.08	33.79	33.79	3.58	1.30	37.984094	38.962643	38.529917	0.566937
20.59	39.08	33.78	33.78	3.58	1.30	37.980036	38.961326	38.527253	0.566972
20.59	39.08	33.78	33.78	3.58	1.30	37.975979	38.960006	38.524588	0.567007
20.60	39.08	33.77	33.77	3.58	1.30	37.971921	38.958682	38.521922	0.567042
20.60	39.08	33.76	33.76	3.58	1.30	37.967863	38.957354	38.519253	0.567076
20.60	39.08	33.76	33.76	3.58	1.30	37.963806	38.956023	38.516583	0.567111
20.61	39.08	33.75	33.75	3.58	1.30	37.959748	38.954689	38.513911	0.567145
20.61	39.07	33.74	33.74	3.58	1.30	37.955690	38.953351	38.511238	0.567179
20.61	39.07	33.73	33.73	3.58	1.30	37.951633	38.952009	38.508563	0.567213
20.61	39.07	33.73	33.73	3.58	1.30	37.947575	38.950664	38.505886	0.567247
20.62	39.07	33.72	33.72	3.58	1.30	37.943517	38.949315	38.503207	0.567281
20.62	39.07	33.71	33.71	3.58	1.31	37.939459	38.947962	38.500527	0.567314
20.62	39.07	33.70	33.70	3.58	1.31	37.935401	38.946607	38.497845	0.567348
20.62	39.07	33.70	33.70	3.58	1.31	37.931343	38.945247	38.495161	0.567381
20.63	39.07	33.69	33.69	3.58	1.31	37.927284	38.943884	38.492475	0.567414
20.63	39.07	33.68	33.68	3.58	1.31	37.923226	38.942518	38.489788	0.567448
20.63	39.07	33.68	33.68	3.58	1.31	37.919167	38.941148	38.487099	0.567481
20.64	39.07	33.67	33.67	3.58	1.31	37.915109	38.939774	38.484408	0.567513
20.64	39.07	33.66	33.66	3.58	1.31	37.911050	38.938397	38.481715	0.567546
20.64	39.06	33.65	33.65	3.58	1.31	37.906991	38.937017	38.479021	0.567579
20.64	39.06	33.65	33.65	3.58	1.31	37.902932	38.935633	38.476325	0.567611
20.65	39.06	33.64	33.64	3.58	1.32	37.898872	38.934245	38.473627	0.567644
20.65	39.06	33.63	33.63	3.58	1.32	37.894813	38.932854	38.470928	0.567676
20.65	39.06	33.63	33.63	3.58	1.32	37.890753	38.931460	38.468226	0.567708
20.66	39.06	33.62	33.62	3.58	1.32	37.886693	38.930062	38.465523	0.567741
20.66	39.06	33.61	33.61	3.58	1.32	37.882633	38.928660	38.462818	0.567773
20.66	39.06	33.60	33.60	3.58	1.32	37.878573	38.927256	38.460112	0.567804
20.66	39.06	33.60	33.60	3.58	1.32	37.874513	38.925847	38.457403	0.567836
20.67	39.06	33.59	33.59	3.58	1.32	37.870452	38.924435	38.454693	0.567868
20.67	39.06	33.58	33.58	3.58	1.32	37.866391	38.923020	38.451981	0.567899
20.67	39.05	33.57	33.57	3.58	1.32	37.862330	38.921601	38.449268	0.567931
20.68	39.05	33.57	33.57	3.58	1.32	37.858268	38.920179	38.446552	0.567962
20.68	39.05	33.56	33.56	3.58	1.33	37.854207	38.918753	38.443835	0.567993
20.68	39.05	33.55	33.55	3.58	1.33	37.850145	38.917324	38.441116	0.568024
20.68	39.05	33.55	33.55	3.58	1.33	37.846082	38.915891	38.438395	0.568055
20.69	39.05	33.54	33.54	3.58	1.33	37.842020	38.914455	38.435673	0.568086
20.69	39.05	33.53	33.53	3.58	1.33	37.837957	38.913016	38.432948	0.568117
20.69	39.05	33.52	33.52	3.58	1.33	37.833894	38.911573	38.430222	0.568148
20.69	39.05	33.52	33.52	3.58	1.33	37.829830	38.910127	38.427494	0.568178
20.70	39.05	33.51	33.51	3.58	1.33	37.825767	38.908677	38.424764	0.568209
20.70	39.05	33.50	33.50	3.58	1.33	37.821703	38.907224	38.422033	0.568239
20.70	39.04	33.49	33.49	3.58	1.33	37.817638	38.905767	38.419299	0.568269
20.71	39.04	33.49	33.49	3.58	1.33	37.813574	38.904307	38.416564	0.568300
20.71	39.04	33.48	33.48	3.58	1.33	37.809508	38.902844	38.413827	0.568330
20.71	39.04	33.47	33.47	3.58	1.34	37.805443	38.901377	38.411088	0.568360
20.71	39.04	33.46	33.46	3.58	1.34	37.801377	38.899906	38.408348	0.568390
20.72	39.04	33.46	33.46	3.58	1.34	37.797311	38.898433	38.405605	0.568419
20.72	39.04	33.45	33.45	3.58	1.34	37.793245	38.896956	38.402861	0.568449
20.72	39.04	33.44	33.44	3.58	1.34	37.789178	38.895475	38.400115	0.568479
20.73	39.04	33.44	33.44	3.58	1.34	37.785110	38.893991	38.397367	0.568508
20.73	39.04	33.43	33.43	3.58	1.34	37.781043	38.892504	38.394618	0.568537
20.73	39.03	33.42	33.42	3.58	1.34	37.776975	38.891014	38.391866	0.568567
20.73	39.03	33.41	33.41	3.58	1.34	37.772906	38.889520	38.389113	0.568596
20.74	39.03	33.41	33.41	3.58	1.34	37.768837	38.888022	38.386358	0.568625
20.74	39.03	33.40	33.40	3.58	1.34	37.764768	38.886521	38.383601	0.568654
20.74	39.03	33.39	33.39	3.58	1.34	37.760698	38.885017	38.380842	0.568683
20.74	39.03	33.38	33.38	3.58	1.35	37.756628	38.883510	38.378081	0.568712
20.75	39.03	33.38	33.38	3.58	1.35	37.752557	38.881999	38.375319	0.568740
20.75	39.03	33.37	33.37	3.58	1.35	37.748486	38.880485	38.372554	0.568769
20.75	39.03	33.36	33.36	3.58	1.35	37.744414	38.878967	38.369788	0.568797
20.76	39.03	33.35	33.35	3.58	1.35	37.740342	38.877446	38.367020	0.568826
20.76	39.02	33.35	33.35	3.58	1.35	37.736270	38.875922	38.364250	0.568854
20.76	39.02	33.34	33.34	3.58	1.35	37.732196	38.874395	38.361479	0.568883
20.76	39.02	33.33	33.33	3.58	1.35	37.728123	38.872864	38.358705	0.568911
20.77	39.02	33.33	33.33	3.58	1.35	37.724049	38.871329	38.355930	0.568939
20.77	39.02	33.32	33.32	3.58	1.35	37.719974	38.869792	38.353152	0.568967
20.77	39.02	33.31	33.31	3.58	1.35	37.715899	38.868251	38.350373	0.568995
20.77	39.02	33.30	33.30	3.58	1.35	37.711824	38.866707	38.347592	0.569022
20.78	39.02	33.30	33.30	3.58	1.36	37.707748	38.865159	38.344810	0.569050
20.78	39.02	33.29	33.29	3.58	1.36	37.703671	38.863608	38.342025	0.569078
20.78	39.01	33.28	33.28	3.58	1.36	37.699594	38.862054	38.339238	0.569105
20.79	39.01	33.27	33.27	3.58	1.36	37.695516	38.860496	38.336450	0.569133
20.79	39.01	33.27	33.27	3.58	1.36	37.691438	38.858935	38.333659	0.569160
20.79	39.01	33.26	33.26	3.58	1.36	37.687359	38.857371	38.330867	0.569187
20.79	39.01	33.25	33.25	3.58	1.36	37.683279	38.855804	38.328073	0.569215
20.80	39.01	33.24	33.24	3.58	1.36	37.679199	38.854233	38.325277	0.569242
20.80	39.01	33.24	33.24	3.58	1.36	37.675119	38.852659	38.322480	0.569269
20.80	39.01	33.23	33.23	3.58	1.36	37.671038	38.851082	38.319680	0.569296
20.81	39.01	33.22	33.22	3.58	1.36	37.666956	38.849501	38.316878	0.569323
20.81	39.00	33.21	33.21	3.58	1.36	37.662873	38.847917	38.314075	0.569349
20.81	39.00	33.21	33.21	3.58	1.37	37.658790	38.846330	38.311270	0.569376
20.81	39.00	33.20	33.20	3.58	1.37	37.654707	38.844739	38.308462	0.569403
20.82	39.00	33.19	33.19	3.57	1.37	37.650623	38.843146	38.305653	0.569429
20.82	39.00	33.18	33.18	3.57	1.37	37.646538	38.841549	38.302842	0.569456
20.82	39.00	33.18	33.18	3.57	1.37	37.642452	38.839948	38.300029	0.569482
20.82	39.00	33.17	33.17	3.57	1.37	37.638366	38.838345	38.297215	0.569508
20.83	39.00	33.16	33.16	3.57	1.37	37.634279	38.836738	38.294398	0.569535
20.83	39.00	33.16	33.16	3.57	1.37	37.630192	38.835128	38.291579	0.569561
20.83	38.99	33.15	33.15	3.57	1.37	37.626104	38.833514	38.288759	0.569587
20.84	38.99	33.14	33.14	3.57	1.37	37.622015	38.831898	38.285936	0.569613
20.84	38.99	33.13	33.13	3.57	1.37	37.617926	38.830278	38.283112	0.569639
20.84	38.99	33.13	33.13	3.57	1.37	37.613836	38.828655	38.280286	0.569665
20.84	38.99	33.12	33.12	3.57	1.37	37.609745	38.827028	38.277458	0.569690
20.85	38.99	33.11	33.11	3.57	1.38	37.605653	38.825399	38.274628	0.569716
20.85	38.99	33.10	33.10	3.57	1.38	37.601561	38.823766	38.271796	0.569742
20.85	38.99	33.10	33.10	3.57	1.38	37.597468	38.822130	38.268962	0.569767
20.86	38.98	33.09	33.09	3.57	1.38	37.593375	38.820490	38.266126	0.569793
20.86	38.98	33.08	33.08	3.57	1.38	37.589280	38.818848	38.263289	0.569818
20.86	38.98	33.07	33.07	3.57	1.38	37.585185	38.817202	38.260449	0.569843
20.86	38.98	33.07	33.07	3.57	1.38	37.581090	38.815553	38.257608	0.569868
20.87	38.98	33.06	33.06	3.57	1.38	37.576993	38.813901	38.254764	0.569894
20.87	38.98	33.05	33.05	3.57	1.38	37.572896	38.812245	38.251919	0.569919
20.87	38.98	33.04	33.04	3.57	1.38	37.568798	38.810587	38.249072	0.569944
20.88	38.98	33.04	33.04	3.57	1.38	37.564699	38.808925	38.246222	0.569969
20.88	38.98	33.03	33.03	3.57	1.38	37.560600	38.807260	38.243371	0.569993
20.88	38.97	33.02	33.02	3.57	1.38	37.556500	38.805592	38.240518	0.570018
20.88	38.97	33.01	33.01	3.57	1.38	37.552398	38.803920	38.237663	0.570043
20.89	38.97	33.01	33.01	3.57	1.39	37.548297	38.802245	38.234806	0.570068
20.89	38.97	33.00	33.00	3.57	1.39	37.544194	38.800567	38.231947	0.570092
20.89	38.97	32.99	32.99	3.57	1.39	37.540091	38.798886	38.229087	0.570117
20.89	38.97	32.98	32.98	3.57	1.39	37.535987	38.797202	38.226224	0.570141
20.90	38.97	32.98	32.98	3.57	1.39	37.531882	38.795515	38.223359	0.570165
20.90	38.97	32.97	32.97	3.57	1.39	37.527776	38.793824	38.220492	0.570190
20.90	38.96	32.96	32.96	3.57	1.39	37.523669	38.792130	38.217624	0.570214
20.91	38.96	32.95	32.95	3.57	1.39	37.519562	38.790433	38.214753	0.570238
20.91	38.96	32.95	32.95	3.57	1.39	37.515454	38.788733	38.211881	0.570262
20.91	38.96	32.94	32.94	3.57	1.39	37.511345	38.787030	38.209006	0.570286
20.91	38.96	32.93	32.93	3.57	1.39	37.507235	38.785323	38.206130	0.570310
20.92	38.96	32.92	32.92	3.57	1.39	37.503124	38.783613	38.203252	0.570334
20.92	38.96	32.92	32.92	3.57	1.39	37.499012	38.781900	38.200372	0.570358
20.92	38.96	32.91	32.91	3.57	1.39	37.494900	38.780184	38.197489	0.570381
20.93	38.95	32.90	32.90	3.57	1.40	37.490787	38.778465	38.194605	0.570405
20.93	38.95	32.89	32.89	3.57	1.40	37.486673	38.776743	38.191719	0.570429
20.93	38.95	32.89	32.89	3.57	1.40	37.482558	38.775017	38.188831	0.570452
20.93	38.95	32.88	32.88	3.57	1.40	37.478442	38.773289	38.185941	0.570476
20.94	38.95	32.87	32.87	3.57	1.40	37.474325	38.771557	38.183049	0.570499
20.94	38.95	32.86	32.86	3.57	1.40	37.470207	38.769822	38.180155	0.570523
20.94	38.95	32.86	32.86	3.57	1.40	37.466089	38.768084	38.177259	0.570546
20.94	38.94	32.85	32.85	3.57	1.40	37.461970	38.766343	38.174361	0.570569
20.95	38.94	32.84	32.84	3.57	1.40	37.457849	38.764598	38.171461	0.570592
20.95	38.94	32.83	32.83	3.57	1.40	37.453728	38.762851	38.168559	0.570615
20.95	38.94	32.83	32.83	3.57	1.40	37.449606	38.761100	38.165655	0.570638
20.96	38.94	32.82	32.82	3.57	1.40	37.445483	38.759346	38.162749	0.570661
20.96	38.94	32.81	32.81	3.57	1.40	37.441359	38.757589	38.159842	0.570684
20.96	38.94	32.80	32.80	3.57	1.40	37.437234	38.755829	38.156932	0.570707
20.96	38.94	32.80	32.80	3.57	1.41	37.433108	38.754066	38.154020	0.570730
20.97	38.93	32.79	32.79	3.57	1.41	37.428982	38.752300	38.151106	0.570752
20.97	38.93	32.78	32.78	3.57	1.41	37.424854	38.750531	38.148191	0.570775
20.97	38.93	32.77	32.77	3.57	1.41	37.420725	38.748758	38.145273	0.570798
20.98	38.93	32.77	32.77	3.57	1.41	37.416596	38.746982	38.142353	0.570820
20.98	38.93	32.76	32.76	3.57	1.41	37.412465	38.745204	38.139431	0.570843
20.98	38.93	32.75	32.75	3.57	1.41	37.408334	38.743422	38.136508	0.570865
20.98	38.93	32.74	32.74	3.57	1.41	37.404201	38.741637	38.133582	0.570887
20.99	38.92	32.74	32.74	3.57	1.41	37.400068	38.739849	38.130654	0.570910
20.99	38.92	32.73	32.73	3.57	1.41	37.395933	38.738058	38.127725	0.570932
20.99	38.92	32.72	32.72	3.57	1.41	37.391798	38.736264	38.124793	0.570954
20.99	38.92	32.71	32.71	3.57	1.41	37.387662	38.734466	38.121860	0.570976
21.00	38.92	32.71	32.71	3.57	1.41	37.383524	38.732666	38.118924	0.570998
21.00	38.92	32.70	32.70	3.57	1.41	37.379386	38.730862	38.115986	0.571020
21.00	38.92	32.69	32.69	3.57	1.41	37.375247	38.729056	38.113047	0.571042
21.01	38.92	32.68	32.68	3.57	1.42	37.371106	38.727246	38.110105	0.571064
21.01	38.91	32.68	32.68	3.57	1.42	37.366965	38.725433	38.107161	0.571086
21.01	38.91	32.67	32.67	3.57	1.42	37.362823	38.723617	38.104216	0.571108
21.01	38.91	32.66	32.66	3.57	1.42	37.358679	38.721799	38.101268	0.571129
21.02	38.91	32.65	32.65	3.57	1.42	37.354535	38.719977	38.098319	0.571151
21.02	38.91	32.65	32.65	3.57	1.42	37.350389	38.718152	38.095367	0.571173
21.02	38.91	32.64	32.64	3.57	1.42	37.346243	38.716323	38.092413	0.571194
21.02	38.91	32.63	32.63	3.57	1.42	37.342095	38.714492	38.089458	0.571216
21.03	38.90	32.62	32.62	3.57	1.42	37.337947	38.712658	38.086500	0.571237
21.03	38.90	32.62	32.62	3.57	1.42	37.333797	38.710821	38.083540	0.571258
21.03	38.90	32.61	32.61	3.57	1.42	37.329647	38.708980	38.080578	0.571280
21.04	38.90	32.60	32.60	3.57	1.42	37.325495	38.707137	38.077615	0.571301
21.04	38.90	32.59	32.59	3.57	1.42	37.321342	38.705290	38.074649	0.571322
21.04	38.90	32.58	32.58	3.57	1.42	37.317188	38.703441	38.071681	0.571343
21.04	38.90	32.58	32.58	3.57	1.42	37.313033	38.701588	38.068711	0.571364
21.05	38.89	32.57	32.57	3.57	1.43	37.308877	38.699733	38.065740	0.571385
21.05	38.89	32.56	32.56	3.57	1.43	37.304720	38.697874	38.062766	0.571406
21.05	38.89	32.55	32.55	3.57	1.43	37.300562	38.696012	38.059790	0.571427
21.06	38.89	32.55	32.55	3.57	1.43	37.296403	38.694148	38.056812	0.571448
21.06	38.89	32.54	32.54	3.57	1.43	37.292243	38.692280	38.053832	0.571469
21.06	38.89	32.53	32.53	3.57	1.43	37.288081	38.690409	38.050850	0.571490
21.06	38.89	32.52	32.52	3.57	1.43	37.283919	38.688535	38.047866	0.571510
21.07	38.88	32.52	32.52	3.57	1.43	37.279755	38.686658	38.044880	0.571531
21.07	38.88	32.51	32.51	3.57	1.43	37.275590	38.684778	38.041892	0.571552
21.07	38.88	32.50	32.50	3.57	1.43	37.271425	38.682895	38.038902	0.571572
21.07	38.88	32.49	32.49	3.57	1.43	37.267258	38.681009	38.035910	0.571593
21.08	38.88	32.49	32.49	3.57	1.43	37.263090	38.679120	38.032916	0.571613
21.08	38.88	32.48	32.48	3.57	1.43	37.258920	38.677228	38.029920	0.571634
21.08	38.88	32.47	32.47	3.57	1.43	37.254750	38.675333	38.026922	0.571654
21.09	38.87	32.46	32.46	3.57	1.43	37.250579	38.673435	38.023922	0.571674
21.09	38.87	32.46	32.46	3.57	1.43	37.246406	38.671534	38.020920	0.571694
21.09	38.87	32.45	32.45	3.56	1.44	37.242232	38.669630	38.017915	0.571715
21.09	38.87	32.44	32.44	3.56	1.44	37.238057	38.667723	38.014909	0.571735
21.10	38.87	32.43	32.43	3.56	1.44	37.233881	38.665813	38.011901	0.571755
21.10	38.87	32.43	32.43	3.56	1.44	37.229704	38.663900	38.008890	0.571775
21.10	38.86	32.42	32.42	3.56	1.44	37.225526	38.661984	38.005878	0.571795
21.11	38.86	32.41	32.41	3.56	1.44	37.221346	38.660065	38.002863	0.571815
21.11	38.86	32.40	32.40	3.56	1.44	37.217165	38.658143	37.999847	0.571835
21.11	38.86	32.39	32.39	3.56	1.44	37.212984	38.656218	37.996828	0.571854
21.11	38.86	32.39	32.39	3.56	1.44	37.208801	38.654290	37.993808	0.571874
21.12	38.86	32.38	32.38	3.56	1.44	37.204616	38.652359	37.990785	0.571894
21.12	38.86	32.37	32.37	3.56	1.44	37.200431	38.650425	37.987760	0.571914
21.12	38.85	32.36	32.36	3.56	1.44	37.196244	38.648488	37.984733	0.571933
21.12	38.85	32.36	32.36	3.56	1.44	37.192057	38.646548	37.981704	0.571953
21.13	38.85	32.35	32.35	3.56	1.44	37.187868	38.644605	37.978674	0.571972
21.13	38.85	32.34	32.34	3.56	1.44	37.183677	38.642659	37.975641	0.571992
21.13	38.85	32.33	32.33	3.56	1.44	37.179486	38.640710	37.972606	0.572011
21.14	38.85	32.33	32.33	3.56	1.44	37.175293	38.638758	37.969569	0.572031
21.14	38.84	32.32	32.32	3.56	1.45	37.171100	38.636803	37.966529	0.572050
21.14	38.84	32.31	32.31	3.56	1.45	37.166905	38.634846	37.963488	0.572070
21.14	38.84	32.30	32.30	3.56	1.45	37.162708	38.632885	37.960445	0.572089
21.15	38.84	32.30	32.30	3.56	1.45	37.158511	38.630921	37.957400	0.572108
21.15	38.84	32.29	32.29	3.56	1.45	37.154312	38.628954	37.954352	0.572127
21.15	38.84	32.28	32.28	3.56	1.45	37.150112	38.626985	37.951303	0.572146
21.16	38.84	32.27	32.27	3.56	1.45	37.145911	38.625012	37.948251	0.572165
21.16	38.83	32.26	32.26	3.56	1.45	37.141709	38.623036	37.945198	0.572184
21.16	38.83	32.26	32.26	3.56	1.45	37.137505	38.621058	37.942142	0.572203
21.16	38.83	32.25	32.25	3.56	1.45	37.133300	38.619076	37.939085	0.572222
21.17	38.83	32.24	32.24	3.56	1.45	37.129094	38.617092	37.936025	0.572241
21.17	38.83	32.23	32.23	3.56	1.45	37.124887	38.615105	37.932963	0.572260
21.17	38.83	32.23	32.23	3.56	1.45	37.120678	38.613114	37.929899	0.572279
21.18	38.82	32.22	32.22	3.56	1.45	37.116468	38.611121	37.926833	0.572298
21.18	38.82	32.21	32.21	3.56	1.45	37.112257	38.609125	37.923765	0.572316
21.18	38.82	32.20	32.20	3.56	1.45	37.108045	38.607126	37.920695	0.572335
21.18	38.82	32.20	32.20	3.56	1.45	37.103831	38.605123	37.917623	0.572354
21.19	38.82	32.19	32.19	3.56	1.46	37.099616	38.603118	37.914549	0.572372
21.19	38.82	32.18	32.18	3.56	1.46	37.095400	38.601110	37.911472	0.572391
21.19	38.81	32.17	32.17	3.56	1.46	37.091182	38.599100	37.908394	0.572409
21.19	38.81	32.16	32.16	3.56	1.46	37.086964	38.597086	37.905313	0.572428
21.20	38.81	32.16	32.16	3.56	1.46	37.082743	38.595069	37.902231	0.572446
21.20	38.81	32.15	32.15	3.56	1.46	37.078522	38.593049	37.899146	0.572464
21.20	38.81	32.14	32.14	3.56	1.46	37.074299	38.591027	37.896060	0.572483
21.21	38.81	32.13	32.13	3.56	1.46	37.070075	38.589001	37.892971	0.572501
21.21	38.81	32.13	32.13	3.56	1.46	37.065850	38.586973	37.889880	0.572519
21.21	38.80	32.12	32.12	3.56	1.46	37.061624	38.584941	37.886787	0.572537
21.21	38.80	32.11	32.11	3.56	1.46	37.057396	38.582907	37.883692	0.572556
21.22	38.80	32.10	32.10	3.56	1.46	37.053167	38.580870	37.880595	0.572574
21.22	38.80	32.10	32.10	3.56	1.46	37.048936	38.578830	37.877496	0.572592
21.22	38.80	32.09	32.09	3.56	1.46	37.044704	38.576787	37.874394	0.572610
21.23	38.80	32.08	32.08	3.56	1.46	37.040471	38.574741	37.871291	0.572628
21.23	38.79	32.07	32.07	3.56	1.46	37.036237	38.572692	37.868185	0.572646
21.23	38.79	32.06	32.06	3.56	1.46	37.032001	38.570640	37.865078	0.572664
21.23	38.79	32.06	32.06	3.56	1.47	37.027764	38.568586	37.861968	0.572681
21.24	38.79	32.05	32.05	3.56	1.47	37.023525	38.566528	37.858857	0.572699
21.24	38.79	32.04	32.04	3.56	1.47	37.019286	38.564468	37.855743	0.572717
21.24	38.79	32.03	32.03	3.56	1.47	37.015044	38.562404	37.852627	0.572735
21.24	38.78	32.03	32.03	3.56	1.47	37.010802	38.560338	37.849509	0.572752
21.25	38.78	32.02	32.02	3.56	1.47	37.006558	38.558269	37.846389	0.572770
21.25	38.78	32.01	32.01	3.56	1.47	37.002313	38.556197	37.843266	0.572788
21.25	38.78	32.00	32.00	3.56	1.47	36.998066	38.554122	37.840142	0.572805
21.26	38.78	32.00	32.00	3.56	1.47	36.993819	38.552044	37.837016	0.572823
21.26	38.78	31.99	31.99	3.56	1.47	36.989569	38.549964	37.833887	0.572840
21.26	38.77	31.98	31.98	3.56	1.47	36.985319	38.547880	37.830757	0.572858
21.26	38.77	31.97	31.97	3.56	1.47	36.981067	38.545794	37.827624	0.572875
21.27	38.77	31.96	31.96	3.56	1.47	36.976813	38.543704	37.824489	0.572892
21.27	38.77	31.96	31.96	3.56	1.47	36.972559	38.541612	37.821352	0.572910
21.27	38.77	31.95	31.95	3.56	1.47	36.968303	38.539517	37.818213	0.572927
21.27	38.76	31.94	31.94	3.56	1.47	36.964045	38.537419	37.815072	0.572944
21.28	38.76	31.93	31.93	3.56	1.47	36.959786	38.535318	37.811929	0.572961
21.28	38.76	31.93	31.93	3.56	1.47	36.955526	38.533214	37.808784	0.572979
21.28	38.76	31.92	31.92	3.56	1.48	36.951265	38.531108	37.805637	0.572996
21.29	38.76	31.91	31.91	3.56	1.48	36.947002	38.528998	37.802487	0.573013
21.29	38.76	31.90	31.90	3.56	1.48	36.942737	38.526886	37.799336	0.573030
21.29	38.75	31.89	31.89	3.56	1.48	36.938471	38.524771	37.796182	0.573047
21.29	38.75	31.89	31.89	3.56	1.48	36.934204	38.522653	37.793026	0.573064
21.30	38.75	31.88	31.88	3.56	1.48	36.929936	38.520532	37.789868	0.573081
21.30	38.75	31.87	31.87	3.56	1.48	36.925666	38.518408	37.786708	0.573098
21.30	38.75	31.86	31.86	3.56	1.48	36.921394	38.516282	37.783546	0.573115
21.31	38.75	31.86	31.86	3.56	1.48	36.917122	38.514152	37.780382	0.573131
21.31	38.74	31.85	31.85	3.56	1.48	36.912847	38.512020	37.777215	0.573148
21.31	38.74	31.84	31.84	3.56	1.48	36.908572	38.509885	37.774047	0.573165
21.31	38.74	31.83	31.83	3.56	1.48	36.904295	38.507747	37.770876	0.573182
21.32	38.74	31.82	31.82	3.56	1.48	36.900016	38.505606	37.767704	0.573198
21.32	38.74	31.82	31.82	3.56	1.48	36.895736	38.503462	37.764529	0.573215
21.32	38.74	31.81	31.81	3.56	1.48	36.891455	38.501316	37.761352	0.573232
21.32	38.73	31.80	31.80	3.56	1.48	36.887172	38.499167	37.758173	0.573248
21.33	38.73	31.79	31.79	3.56	1.48	36.882888	38.497014	37.754992	0.573265
21.33	38.73	31.79	31.79	3.56	1.48	36.878603	38.494859	37.751809	0.573281
21.33	38.73	31.78	31.78	3.56	1.48	36.874316	38.492701	37.748623	0.573298
21.34	38.73	31.77	31.77	3.56	1.49	36.870027	38.490541	37.745436	0.573314
21.34	38.72	31.76	31.76	3.56	1.49	36.865737	38.488377	37.742246	0.573330
21.34	38.72	31.76	31.76	3.56	1.49	36.861446	38.486211	37.739055	0.573347
21.34	38.72	31.75	31.75	3.56	1.49	36.857153	38.484042	37.735861	0.573363
21.35	38.72	31.74	31.74	3.56	1.49	36.852859	38.481870	37.732665	0.573379
21.35	38.72	31.73	31.73	3.55	1.49	36.848563	38.479695	37.729467	0.573396
21.35	38.72	31.72	31.72	3.55	1.49	36.844266	38.477517	37.726267	0.573412
21.36	38.71	31.72	31.72	3.55	1.49	36.839968	38.475336	37.723065	0.573428
21.36	38.71	31.71	31.71	3.55	1.49	36.835668	38.473153	37.719860	0.573444
21.36	38.71	31.70	31.70	3.55	1.49	36.831366	38.470967	37.716654	0.573460
21.36	38.71	31.69	31.69	3.55	1.49	36.827063	38.468778	37.713445	0.573476
21.37	38.71	31.68	31.68	3.55	1.49	36.822759	38.466586	37.710234	0.573492
21.37	38.70	31.68	31.68	3.55	1.49	36.818453	38.464392	37.707021	0.573508
21.37	38.70	31.67	31.67	3.55	1.49	36.814145	38.462194	37.703806	0.573524
21.38	38.70	31.66	31.66	3.55	1.49	36.809837	38.459994	37.700589	0.573540
21.38	38.70	31.65	31.65	3.55	1.49	36.805526	38.457791	37.697370	0.573556
21.38	38.70	31.65	31.65	3.55	1.49	36.801214	38.455585	37.694149	0.573572
21.38	38.70	31.64	31.64	3.55	1.49	36.796901	38.453376	37.690925	0.573588
21.39	38.69	31.63	31.63	3.55	1.49	36.792586	38.451165	37.687700	0.573604
21.39	38.69	31.62	31.62	3.55	1.50	36.788270	38.448951	37.684472	0.573619
21.39	38.69	31.61	31.61	3.55	1.50	36.783952	38.446734	37.681242	0.573635
21.39	38.69	31.61	31.61	3.55	1.50	36.779633	38.444514	37.678010	0.573651
21.40	38.69	31.60	31.60	3.55	1.50	36.775312	38.442291	37.674776	0.573666
21.40	38.68	31.59	31.59	3.55	1.50	36.770990	38.440066	37.671540	0.573682
21.40	38.68	31.58	31.58	3.55	1.50	36.766666	38.437837	37.668301	0.573698
21.41	38.68	31.58	31.58	3.55	1.50	36.762341	38.435606	37.665061	0.573713
21.41	38.68	31.57	31.57	3.55	1.50	36.758014	38.433373	37.661818	0.573729
21.41	38.68	31.56	31.56	3.55	1.50	36.753686	38.431136	37.658573	0.573744
21.41	38.68	31.55	31.55	3.55	1.50	36.749356	38.428897	37.655326	0.573760
21.42	38.67	31.54	31.54	3.55	1.50	36.745025	38.426654	37.652077	0.573775
21.42	38.67	31.54	31.54	3.55	1.50	36.740692	38.424409	37.648826	0.573790
21.42	38.67	31.53	31.53	3.55	1.50	36.736358	38.422162	37.645573	0.573806
21.43	38.67	31.52	31.52	3.55	1.50	36.732022	38.419911	37.642317	0.573821
21.43	38.67	31.51	31.51	3.55	1.50	36.727685	38.417658	37.639060	0.573836
21.43	38.66	31.51	31.51	3.55	1.50	36.723346	38.415402	37.635800	0.573852
21.43	38.66	31.50	31.50	3.55	1.50	36.719006	38.413143	37.632538	0.573867
21.44	38.66	31.49	31.49	3.55	1.50	36.714664	38.410881	37.629274	0.573882
21.44	38.66	31.48	31.48	3.55	1.50	36.710321	38.408617	37.626008	0.573897
21.44	38.66	31.47	31.47	3.55	1.51	36.705976	38.406349	37.622740	0.573912
21.44	38.65	31.47	31.47	3.55	1.51	36.701629	38.404079	37.619470	0.573927
21.45	38.65	31.46	31.46	3.55	1.51	36.697281	38.401807	37.616197	0.573942
21.45	38.65	31.45	31.45	3.55	1.51	36.692932	38.399531	37.612923	0.573957
21.45	38.65	31.44	31.44	3.55	1.51	36.688581	38.397253	37.609646	0.573972
21.46	38.65	31.43	31.43	3.55	1.51	36.684228	38.394972	37.606367	0.573987
21.46	38.65	31.43	31.43	3.55	1.51	36.679874	38.392688	37.603086	0.574002
21.46	38.64	31.42	31.42	3.55	1.51	36.675518	38.390401	37.599803	0.574017
21.46	38.64	31.41	31.41	3.55	1.51	36.671161	38.388112	37.596518	0.574032
21.47	38.64	31.40	31.40	3.55	1.51	36.666802	38.385820	37.593230	0.574047
21.47	38.64	31.40	31.40	3.55	1.51	36.662442	38.383525	37.589941	0.574062
21.47	38.64	31.39	31.39	3.55	1.51	36.658080	38.381227	37.586649	0.574077
21.48	38.63	31.38	31.38	3.55	1.51	36.653717	38.378927	37.583355	0.574091
21.48	38.63	31.37	31.37	3.55	1.51	36.649352	38.376624	37.580059	0.574106
21.48	38.63	31.36	31.36	3.55	1.51	36.644985	38.374318	37.576761	0.574121
21.48	38.63	31.36	31.36	3.55	1.51	36.640617	38.372009	37.573461	0.574135
21.49	38.63	31.35	31.35	3.55	1.51	36.636248	38.369698	37.570158	0.574150
21.49	38.62	31.34	31.34	3.55	1.51	36.631877	38.367384	37.566854	0.574165
21.49	38.62	31.33	31.33	3.55	1.51	36.627504	38.365067	37.563547	0.574179
21.49	38.62	31.32	31.32	3.55	1.51	36.623129	38.362747	37.560238	0.574194
21.50	38.62	31.32	31.32	3.55	1.51	36.618754	38.360425	37.556927	0.574208
21.50	38.62	31.31	31.31	3.55	1.52	36.614376	38.358100	37.553614	0.574223
21.50	38.61	31.30	31.30	3.55	1.52	36.609997	38.355772	37.550299	0.574237
21.51	38.61	31.29	31.29	3.55	1.52	36.605616	38.353442	37.546981	0.574252
21.51	38.61	31.29	31.29	3.55	1.52	36.601234	38.351108	37.543662	0.574266
21.51	38.61	31.28	31.28	3.55	1.52	36.596851	38.348772	37.540340	0.574280
21.51	38.61	31.27	31.27	3.55	1.52	36.592465	38.346433	37.537016	0.574295
21.52	38.60	31.26	31.26	3.55	1.52	36.588078	38.344092	37.533690	0.574309
21.52	38.60	31.25	31.25	3.55	1.52	36.583690	38.341748	37.530362	0.574323
21.52	38.60	31.25	31.25	3.55	1.52	36.579300	38.339401	37.527032	0.574338
21.52	38.60	31.24	31.24	3.55	1.52	36.574908	38.337051	37.523699	0.574352
21.53	38.60	31.23	31.23	3.55	1.52	36.570515	38.334699	37.520365	0.574366
21.53	38.59	31.22	31.22	3.55	1.52	36.566120	38.332343	37.517028	0.574380
21.53	38.59	31.21	31.21	3.55	1.52	36.561724	38.329986	37.513689	0.574394
21.54	38.59	31.21	31.21	3.55	1.52	36.557325	38.327625	37.510348	0.574408
21.54	38.59	31.20	31.20	3.55	1.52	36.552926	38.325262	37.507005	0.574422
21.54	38.59	31.19	31.19	3.55	1.52	36.548525	38.322896	37.503660	0.574436
21.54	38.58	31.18	31.18	3.55	1.52	36.544122	38.320527	37.500312	0.574450
21.55	38.58	31.17	31.17	3.55	1.52	36.539717	38.318155	37.496963	0.574464
21.55	38.58	31.17	31.17	3.55	1.52	36.535311	38.315781	37.493611	0.574478
21.55	38.58	31.16	31.16	3.55	1.52	36.530904	38.313404	37.490257	0.574492
21.56	38.58	31.15	31.15	3.55	1.52	36.526495	38.311025	37.486901	0.574506
21.56	38.57	31.14	31.14	3.55	1.53	36.522084	38.308642	37.483543	0.574520
21.56	38.57	31.14	31.14	3.55	1.53	36.517671	38.306257	37.480183	0.574534
21.56	38.57	31.13	31.13	3.55	1.53	36.513257	38.303869	37.476820	0.574548
21.57	38.57	31.12	31.12	3.55	1.53	36.508842	38.301479	37.473456	0.574562
21.57	38.57	31.11	31.11	3.55	1.53	36.504424	38.299086	37.470089	0.574575
21.57	38.56	31.10	31.10	3.55	1.53	36.500006	38.296690	37.466720	0.574589
21.57	38.56	31.10	31.10	3.55	1.53	36.495585	38.294291	37.463349	0.574603
21.58	38.56	31.09	31.09	3.55	1.53	36.491163	38.291890	37.459976	0.574616
21.58	38.56	31.08	31.08	3.55	1.53	36.486739	38.289486	37.456600	0.574630
21.58	38.56	31.07	31.07	3.55	1.53	36.482314	38.287079	37.453223	0.574644
21.59	38.55	31.06	31.06	3.55	1.53	36.477887	38.284670	37.449843	0.574657
21.59	38.55	31.06	31.06	3.55	1.53	36.473458	38.282258	37.446461	0.574671
21.59	38.55	31.05	31.05	3.55	1.53	36.469028	38.279843	37.443077	0.574684
21.59	38.55	31.04	31.04	3.54	1.53	36.464596	38.277426	37.439691	0.574698
21.60	38.55	31.03	31.03	3.54	1.53	36.460163	38.275005	37.436303	0.574711
21.60	38.54	31.02	31.02	3.54	1.53	36.455728	38.272582	37.432913	0.574725
21.60	38.54	31.02	31.02	3.54	1.53	36.451291	38.270157	37.429520	0.574738
21.61	38.54	31.01	31.01	3.54	1.53	36.446853	38.267729	37.426125	0.574752
21.61	38.54	31.00	31.00	3.54	1.53	36.442413	38.265298	37.422729	0.574765
21.61	38.54	30.99	30.99	3.54	1.53	36.437971	38.262864	37.419330	0.574778
21.61	38.53	30.99	30.99	3.54	1.53	36.433528	38.260428	37.415928	0.574792
21.62	38.53	30.98	30.98	3.54	1.54	36.429083	38.257989	37.412525	0.574805
21.62	38.53	30.97	30.97	3.54	1.54	36.424637	38.255547	37.409120	0.574818
21.62	38.53	30.96	30.96	3.54	1.54	36.420189	38.253103	37.405712	0.574832
21.62	38.52	30.95	30.95	3.54	1.54	36.415739	38.250656	37.402302	0.574845
21.63	38.52	30.95	30.95	3.54	1.54	36.411287	38.248206	37.398890	0.574858
21.63	38.52	30.94	30.94	3.54	1.54	36.406834	38.245754	37.395476	0.574871
21.63	38.52	30.93	30.93	3.54	1.54	36.402380	38.243299	37.392060	0.574884
21.64	38.52	30.92	30.92	3.54	1.54	36.397923	38.240841	37.388642	0.574897
21.64	38.51	30.91	30.91	3.54	1.54	36.393465	38.238381	37.385221	0.574910
21.64	38.51	30.91	30.91	3.54	1.54	36.389006	38.235917	37.381799	0.574924
21.64	38.51	30.90	30.90	3.54	1.54	36.384544	38.233452	37.378374	0.574937
21.65	38.51	30.89	30.89	3.54	1.54	36.380081	38.230983	37.374947	0.574950
21.65	38.51	30.88	30.88	3.54	1.54	36.375617	38.228512	37.371518	0.574963
21.65	38.50	30.87	30.87	3.54	1.54	36.371150	38.226038	37.368086	0.574976
21.66	38.50	30.87	30.87	3.54	1.54	36.366683	38.223562	37.364653	0.574988
21.66	38.50	30.86	30.86	3.54	1.54	36.362213	38.221083	37.361217	0.575001
21.66	38.50	30.85	30.85	3.54	1.54	36.357742	38.218601	37.357780	0.575014
21.66	38.50	30.84	30.84	3.54	1.54	36.353269	38.216117	37.354340	0.575027
21.67	38.49	30.83	30.83	3.54	1.54	36.348794	38.213630	37.350898	0.575040
21.67	38.49	30.83	30.83	3.54	1.54	36.344318	38.211140	37.347453	0.575053
21.67	38.49	30.82	30.82	3.54	1.54	36.339840	38.208648	37.344007	0.575066
21.68	38.49	30.81	30.81	3.54	1.54	36.335361	38.206153	37.340559	0.575078
21.68	38.48	30.80	30.80	3.54	1.55	36.330880	38.203655	37.337108	0.575091
21.68	38.48	30.79	30.79	3.54	1.55	36.326397	38.201155	37.333655	0.575104
21.68	38.48	30.79	30.79	3.54	1.55	36.321912	38.198652	37.330200	0.575116
21.69	38.48	30.78	30.78	3.54	1.55	36.317426	38.196146	37.326743	0.575129
21.69	38.48	30.77	30.77	3.54	1.55	36.312938	38.193638	37.323284	0.575142
21.69	38.47	30.76	30.76	3.54	1.55	36.308449	38.191127	37.319822	0.575154
21.69	38.47	30.75	30.75	3.54	1.55	36.303958	38.188613	37.316359	0.575167
21.70	38.47	30.75	30.75	3.54	1.55	36.299465	38.186097	37.312893	0.575180
21.70	38.47	30.74	30.74	3.54	1.55	36.294970	38.183578	37.309425	0.575192
21.70	38.47	30.73	30.73	3.54	1.55	36.290474	38.181056	37.305955	0.575205
21.71	38.46	30.72	30.72	3.54	1.55	36.285976	38.178532	37.302483	0.575217
21.71	38.46	30.71	30.71	3.54	1.55	36.281477	38.176005	37.299009	0.575230
21.71	38.46	30.71	30.71	3.54	1.55	36.276975	38.173476	37.295532	0.575242
21.71	38.46	30.70	30.70	3.54	1.55	36.272472	38.170944	37.292054	0.575254
21.72	38.45	30.69	30.69	3.54	1.55	36.267968	38.168409	37.288573	0.575267
21.72	38.45	30.68	30.68	3.54	1.55	36.263462	38.165872	37.285090	0.575279
21.72	38.45	30.68	30.68	3.54	1.55	36.258954	38.163332	37.281605	0.575291
21.73	38.45	30.67	30.67	3.54	1.55	36.254444	38.160789	37.278117	0.575304
21.73	38.45	30.66	30.66	3.54	1.55	36.249933	38.158244	37.274628	0.575316
21.73	38.44	30.65	30.65	3.54	1.55	36.245420	38.155696	37.271137	0.575328
21.73	38.44	30.64	30.64	3.54	1.55	36.240905	38.153145	37.267643	0.575341
21.74	38.44	30.64	30.64	3.54	1.55	36.236389	38.150592	37.264147	0.575353
21.74	38.44	30.63	30.63	3.54	1.55	36.231871	38.148036	37.260649	0.575365
21.74	38.43	30.62	30.62	3.54	1.56	36.227351	38.145478	37.257149	0.575377
21.74	38.43	30.61	30.61	3.54	1.56	36.222830	38.142917	37.253646	0.575389
21.75	38.43	30.60	30.60	3.54	1.56	36.218307	38.140353	37.250142	0.575402
21.75	38.43	30.60	30.60	3.54	1.56	36.213782	38.137787	37.246635	0.575414
21.75	38.43	30.59	30.59	3.54	1.56	36.209255	38.135218	37.243127	0.575426
21.76	38.42	30.58	30.58	3.54	1.56	36.204727	38.132646	37.239616	0.575438
21.76	38.42	30.57	30.57	3.54	1.56	36.200197	38.130072	37.236103	0.575450
21.76	38.42	30.56	30.56	3.54	1.56	36.195666	38.127495	37.232587	0.575462
21.76	38.42	30.56	30.56	3.54	1.56	36.191132	38.124916	37.229070	0.575474
21.77	38.41	30.55	30.55	3.54	1.56	36.186597	38.122334	37.225550	0.575486
21.77	38.41	30.54	30.54	3.54	1.56	36.182061	38.119749	37.222029	0.575498
21.77	38.41	30.53	30.53	3.54	1.56	36.177523	38.117162	37.218505	0.575510
21.77	38.41	30.52	30.52	3.54	1.56	36.172982	38.114572	37.214979	0.575522
21.78	38.41	30.52	30.52	3.54	1.56	36.168441	38.111979	37.211451	0.575533
21.78	38.40	30.51	30.51	3.54	1.56	36.163897	38.109384	37.207920	0.575545
21.78	38.40	30.50	30.50	3.54	1.56	36.159352	38.106786	37.204388	0.575557
21.79	38.40	30.49	30.49	3.54	1.56	36.154805	38.104186	37.200853	0.575569
21.79	38.40	30.48	30.48	3.54	1.56	36.150257	38.101583	37.197316	0.575581
21.79	38.39	30.48	30.48	3.54	1.56	36.145707	38.098978	37.193778	0.575592
21.79	38.39	30.47	30.47	3.54	1.56	36.141155	38.096370	37.190237	0.575604
21.80	38.39	30.46	30.46	3.54	1.56	36.136601	38.093759	37.186693	0.575616
21.80	38.39	30.45	30.45	3.54	1.56	36.132046	38.091145	37.183148	0.575628
21.80	38.38	30.44	30.44	3.54	1.56	36.127489	38.088529	37.179600	0.575639
21.81	38.38	30.44	30.44	3.54	1.57	36.122930	38.085911	37.176051	0.575651
21.81	38.38	30.43	30.43	3.54	1.57	36.118369	38.083290	37.172499	0.575663
21.81	38.38	30.42	30.42	3.54	1.57	36.113807	38.080666	37.168945	0.575674
21.81	38.38	30.41	30.41	3.54	1.57	36.109243	38.078040	37.165389	0.575686
21.82	38.37	30.40	30.40	3.54	1.57	36.104678	38.075411	37.161831	0.575697
21.82	38.37	30.40	30.40	3.54	1.57	36.100111	38.072779	37.158270	0.575709
21.82	38.37	30.39	30.39	3.54	1.57	36.095542	38.070145	37.154708	0.575720
21.82	38.37	30.38	30.38	3.53	1.57	36.090971	38.067508	37.151143	0.575732
21.83	38.36	30.37	30.37	3.53	1.57	36.086398	38.064869	37.147576	0.575743
21.83	38.36	30.36	30.36	3.53	1.57	36.081824	38.062227	37.144007	0.575755
21.83	38.36	30.36	30.36	3.53	1.57	36.077249	38.059582	37.140436	0.575766
21.84	38.36	30.35	30.35	3.53	1.57	36.072671	38.056935	37.136862	0.575778
21.84	38.36	30.34	30.34	3.53	1.57	36.068092	38.054286	37.133287	0.575789
21.84	38.35	30.33	30.33	3.53	1.57	36.063511	38.051633	37.129709	0.575800
21.84	38.35	30.32	30.32	3.53	1.57	36.058928	38.048979	37.126130	0.575812
21.85	38.35	30.31	30.31	3.53	1.57	36.054344	38.046321	37.122548	0.575823
21.85	38.35	30.31	30.31	3.53	1.57	36.049758	38.043661	37.118964	0.575834
21.85	38.34	30.30	30.30	3.53	1.57	36.045170	38.040999	37.115377	0.575846
21.86	38.34	30.29	30.29	3.53	1.57	36.040580	38.038333	37.111789	0.575857
21.86	38.34	30.28	30.28	3.53	1.57	36.035989	38.035666	37.108199	0.575868
21.86	38.34	30.27	30.27	3.53	1.57	36.031396	38.032995	37.104606	0.575879
21.86	38.33	30.27	30.27	3.53	1.57	36.026801	38.030322	37.101011	0.575891
21.87	38.33	30.26	30.26	3.53	1.57	36.022205	38.027647	37.097414	0.575902
21.87	38.33	30.25	30.25	3.53	1.57	36.017607	38.024969	37.093815	0.575913
21.87	38.33	30.24	30.24	3.53	1.58	36.013007	38.022288	37.090214	0.575924
21.88	38.32	30.23	30.23	3.53	1.58	36.008405	38.019605	37.086610	0.575935
21.88	38.32	30.23	30.23	3.53	1.58	36.003802	38.016919	37.083005	0.575946
21.88	38.32	30.22	30.22	3.53	1.58	35.999197	38.014231	37.079397	0.575957
21.88	38.32	30.21	30.21	3.53	1.58	35.994590	38.011540	37.075787	0.575968
21.89	38.32	30.20	30.20	3.53	1.58	35.989982	38.008846	37.072175	0.575980
21.89	38.31	30.19	30.19	3.53	1.58	35.985371	38.006150	37.068561	0.575991
21.89	38.31	30.19	30.19	3.53	1.58	35.980759	38.003451	37.064945	0.576002
21.89	38.31	30.18	30.18	3.53	1.58	35.976146	38.000750	37.061327	0.576012
21.90	38.31	30.17	30.17	3.53	1.58	35.971530	37.998047	37.057706	0.576023
21.90	38.30	30.16	30.16	3.53	1.58	35.966913	37.995340	37.054083	0.576034
21.90	38.30	30.15	30.15	3.53	1.58	35.962295	37.992631	37.050458	0.576045
21.91	38.30	30.15	30.15	3.53	1.58	35.957674	37.989920	37.046831	0.576056
21.91	38.30	30.14	30.14	3.53	1.58	35.953052	37.987206	37.043202	0.576067
21.91	38.29	30.13	30.13	3.53	1.58	35.948428	37.984489	37.039571	0.576078
21.91	38.29	30.12	30.12	3.53	1.58	35.943802	37.981770	37.035938	0.576089
21.92	38.29	30.11	30.11	3.53	1.58	35.939175	37.979048	37.032302	0.576100
21.92	38.29	30.11	30.11	3.53	1.58	35.934545	37.976324	37.028664	0.576110
21.92	38.28	30.10	30.10	3.53	1.58	35.929915	37.973597	37.025024	0.576121
21.93	38.28	30.09	30.09	3.53	1.58	35.925282	37.970868	37.021382	0.576132
21.93	38.28	30.08	30.08	3.53	1.58	35.920648	37.968136	37.017738	0.576143
21.93	38.28	30.07	30.07	3.53	1.58	35.916011	37.965402	37.014092	0.576153
21.93	38.27	30.07	30.07	3.53	1.58	35.911374	37.962665	37.010444	0.576164
21.94	38.27	30.06	30.06	3.53	1.58	35.906734	37.959925	37.006793	0.576175
21.94	38.27	30.05	30.05	3.53	1.58	35.902093	37.957183	37.003140	0.576185
21.94	38.27	30.04	30.04	3.53	1.59	35.897450	37.954438	36.999486	0.576196
21.94	38.27	30.03	30.03	3.53	1.59	35.892805	37.951691	36.995829	0.576206
21.95	38.26	30.03	30.03	3.53	1.59	35.888159	37.948941	36.992169	0.576217
21.95	38.26	30.02	30.02	3.53	1.59	35.883510	37.946189	36.988508	0.576228
21.95	38.26	30.01	30.01	3.53	1.59	35.878860	37.943434	36.984845	0.576238
21.96	38.26	30.00	30.00	3.53	1.59	35.874209	37.940677	36.981179	0.576249
21.96	38.25	29.99	29.99	3.53	1.59	35.869555	37.937917	36.977512	0.576259
21.96	38.25	29.98	29.98	3.53	1.59	35.864900	37.935154	36.973842	0.576270
21.96	38.25	29.98	29.98	3.53	1.59	35.860243	37.932389	36.970170	0.576280
21.97	38.25	29.97	29.97	3.53	1.59	35.855585	37.929622	36.966496	0.576291
21.97	38.24	29.96	29.96	3.53	1.59	35.850924	37.926852	36.962819	0.576301
21.97	38.24	29.95	29.95	3.53	1.59	35.846262	37.924079	36.959141	0.576311
21.98	38.24	29.94	29.94	3.53	1.59	35.841599	37.921304	36.955461	0.576322
21.98	38.24	29.94	29.94	3.53	1.59	35.836933	37.918526	36.951778	0.576332
21.98	38.23	29.93	29.93	3.53	1.59	35.832266	37.915746	36.948093	0.576343
21.98	38.23	29.92	29.92	3.53	1.59	35.827597	37.912963	36.944406	0.576353
21.99	38.23	29.91	29.91	3.53	1.59	35.822926	37.910178	36.940717	0.576363
21.99	38.23	29.90	29.90	3.53	1.59	35.818254	37.907390	36.937026	0.576373
21.99	38.22	29.90	29.90	3.53	1.59	35.813579	37.904600	36.933333	0.576384
21.99	38.22	29.89	29.89	3.53	1.59	35.808903	37.901807	36.929637	0.576394
22.00	38.22	29.88	29.88	3.53	1.59	35.804226	37.899011	36.925940	0.576404
22.00	38.22	29.87	29.87	3.53	1.59	35.799546	37.896214	36.922240	0.576414
22.00	38.21	29.86	29.86	3.53	1.59	35.794865	37.893413	36.918538	0.576425
22.01	38.21	29.86	29.86	3.53	1.59	35.790182	37.890610	36.914834	0.576435
22.01	38.21	29.85	29.85	3.53	1.59	35.785498	37.887805	36.911128	0.576445
22.01	38.21	29.84	29.84	3.53	1.59	35.780811	37.884997	36.907420	0.576455
22.01	38.20	29.83	29.83	3.53	1.60	35.776123	37.882186	36.903709	0.576465
22.02	38.20	29.82	29.82	3.53	1.60	35.771434	37.879373	36.899997	0.576475
22.02	38.20	29.82	29.82	3.53	1.60	35.766742	37.876557	36.896282	0.576485
22.02	38.20	29.81	29.81	3.53	1.60	35.762049	37.873739	36.892565	0.576496
22.02	38.19	29.80	29.80	3.53	1.60	35.757354	37.870919	36.888846	0.576506
22.03	38.19	29.79	29.79	3.53	1.60	35.752657	37.868096	36.885125	0.576516
22.03	38.19	29.78	29.78	3.53	1.60	35.747958	37.865270	36.881402	0.576526
22.03	38.19	29.77	29.77	3.53	1.60	35.743258	37.862442	36.877677	0.576536
22.04	38.18	29.77	29.77	3.53	1.60	35.738556	37.859611	36.873949	0.576546
22.04	38.18	29.76	29.76	3.53	1.60	35.733852	37.856778	36.870220	0.576556
22.04	38.18	29.75	29.75	3.53	1.60	35.729147	37.853942	36.866488	0.576565
22.04	38.18	29.74	29.74	3.52	1.60	35.724440	37.851104	36.862754	0.576575
22.05	38.17	29.73	29.73	3.52	1.60	35.719731	37.848263	36.859018	0.576585
22.05	38.17	29.73	29.73	3.52	1.60	35.715020	37.845420	36.855280	0.576595
22.05	38.17	29.72	29.72	3.52	1.60	35.710308	37.842574	36.851540	0.576605
22.06	38.17	29.71	29.71	3.52	1.60	35.705594	37.839726	36.847798	0.576615
22.06	38.16	29.70	29.70	3.52	1.60	35.700878	37.836875	36.844053	0.576625
22.06	38.16	29.69	29.69	3.52	1.60	35.696160	37.834022	36.840307	0.576634
22.06	38.16	29.69	29.69	3.52	1.60	35.691441	37.831166	36.836558	0.576644
22.07	38.16	29.68	29.68	3.52	1.60	35.686720	37.828308	36.832807	0.576654
22.07	38.15	29.67	29.67	3.52	1.60	35.681997	37.825447	36.829054	0.576664
22.07	38.15	29.66	29.66	3.52	1.60	35.677272	37.822584	36.825299	0.576674
22.07	38.15	29.65	29.65	3.52	1.60	35.672546	37.819718	36.821542	0.576683
22.08	38.15	29.65	29.65	3.52	1.60	35.667818	37.816850	36.817782	0.576693
22.08	38.14	29.64	29.64	3.52	1.60	35.663088	37.813979	36.814021	0.576703
22.08	38.14	29.63	29.63	3.52	1.60	35.658357	37.811106	36.810257	0.576712
22.09	38.14	29.62	29.62	3.52	1.61	35.653623	37.808230	36.806492	0.576722
22.09	38.14	29.61	29.61	3.52	1.61	35.648888	37.805352	36.802724	0.576732
22.09	38.13	29.60	29.60	3.52	1.61	35.644152	37.802471	36.798954	0.576741
22.09	38.13	29.60	29.60	3.52	1.61	35.639413	37.799588	36.795182	0.576751
22.10	38.13	29.59	29.59	3.52	1.61	35.634673	37.796702	36.791408	0.576760
22.10	38.13	29.58	29.58	3.52	1.61	35.629931	37.793814	36.787631	0.576770
22.10	38.12	29.57	29.57	3.52	1.61	35.625187	37.790923	36.783853	0.576779
22.11	38.12	29.56	29.56	3.52	1.61	35.620442	37.788030	36.780072	0.576789
22.11	38.12	29.56	29.56	3.52	1.61	35.615695	37.785135	36.776290	0.576798
22.11	38.12	29.55	29.55	3.52	1.61	35.610946	37.782236	36.772505	0.576808
22.11	38.11	29.54	29.54	3.52	1.61	35.606195	37.779336	36.768718	0.576817
22.12	38.11	29.53	29.53	3.52	1.61	35.601443	37.776433	36.764929	0.576827
22.12	38.11	29.52	29.52	3.52	1.61	35.596689	37.773527	36.761138	0.576836
22.12	38.11	29.52	29.52	3.52	1.61	35.591933	37.770619	36.757345	0.576846
22.12	38.10	29.51	29.51	3.52	1.61	35.587175	37.767708	36.753549	0.576855
22.13	38.10	29.50	29.50	3.52	1.61	35.582416	37.764795	36.749752	0.576864
22.13	38.10	29.49	29.49	3.52	1.61	35.577655	37.761880	36.745952	0.576874
22.13	38.09	29.48	29.48	3.52	1.61	35.572892	37.758962	36.742150	0.576883
22.14	38.09	29.48	29.48	3.52	1.61	35.568127	37.756041	36.738347	0.576892
22.14	38.09	29.47	29.47	3.52	1.61	35.563361	37.753118	36.734541	0.576902
22.14	38.09	29.46	29.46	3.52	1.61	35.558593	37.750193	36.730733	0.576911
22.14	38.08	29.45	29.45	3.52	1.61	35.553823	37.747265	36.726922	0.576920
22.15	38.08	29.44	29.44	3.52	1.61	35.549052	37.744335	36.723110	0.576930
22.15	38.08	29.43	29.43	3.52	1.61	35.544279	37.741402	36.719296	0.576939
22.15	38.08	29.43	29.43	3.52	1.61	35.539504	37.738466	36.715479	0.576948
22.16	38.07	29.42	29.42	3.52	1.61	35.534727	37.735529	36.711661	0.576957
22.16	38.07	29.41	29.41	3.52	1.61	35.529949	37.732588	36.707840	0.576966
22.16	38.07	29.40	29.40	3.52	1.62	35.525169	37.729646	36.704017	0.576976
22.16	38.07	29.39	29.39	3.52	1.62	35.520387	37.726700	36.700192	0.576985
22.17	38.06	29.39	29.39	3.52	1.62	35.515603	37.723753	36.696365	0.576994
22.17	38.06	29.38	29.38	3.52	1.62	35.510818	37.720802	36.692536	0.577003
22.17	38.06	29.37	29.37	3.52	1.62	35.506031	37.717850	36.688705	0.577012
22.18	38.06	29.36	29.36	3.52	1.62	35.501242	37.714895	36.684871	0.577021
22.18	38.05	29.35	29.35	3.52	1.62	35.496451	37.711937	36.681036	0.577030
22.18	38.05	29.35	29.35	3.52	1.62	35.491659	37.708977	36.677198	0.577039
22.18	38.05	29.34	29.34	3.52	1.62	35.486865	37.706015	36.673359	0.577048
22.19	38.05	29.33	29.33	3.52	1.62	35.482069	37.703050	36.669517	0.577057
22.19	38.04	29.32	29.32	3.52	1.62	35.477272	37.700082	36.665673	0.577066
22.19	38.04	29.31	29.31	3.52	1.62	35.472472	37.697113	36.661827	0.577075
22.19	38.04	29.30	29.30	3.52	1.62	35.467671	37.694140	36.657979	0.577084
22.20	38.03	29.30	29.30	3.52	1.62	35.462869	37.691166	36.654129	0.577093
22.20	38.03	29.29	29.29	3.52	1.62	35.458064	37.688188	36.650277	0.577102
22.20	38.03	29.28	29.28	3.52	1.62	35.453258	37.685209	36.646422	0.577111
22.21	38.03	29.27	29.27	3.52	1.62	35.448450	37.682227	36.642566	0.577120
22.21	38.02	29.26	29.26	3.52	1.62	35.443641	37.679242	36.638707	0.577129
22.21	38.02	29.26	29.26	3.52	1.62	35.438829	37.676255	36.634846	0.577138
22.21	38.02	29.25	29.25	3.52	1.62	35.434016	37.673265	36.630984	0.577147
22.22	38.02	29.24	29.24	3.52	1.62	35.429201	37.670274	36.627119	0.577156
22.22	38.01	29.23	29.23	3.52	1.62	35.424385	37.667279	36.623252	0.577164
22.22	38.01	29.22	29.22	3.52	1.62	35.419567	37.664282	36.619383	0.577173
22.23	38.01	29.21	29.21	3.52	1.62	35.414747	37.661283	36.615511	0.577182
22.23	38.01	29.21	29.21	3.52	1.62	35.409925	37.658281	36.611638	0.577191
22.23	38.00	29.20	29.20	3.52	1.62	35.405101	37.655277	36.607763	0.577199
22.23	38.00	29.19	29.19	3.52	1.62	35.400276	37.652271	36.603885	0.577208
22.24	38.00	29.18	29.18	3.52	1.62	35.395449	37.649262	36.600006	0.577217
22.24	37.99	29.17	29.17	3.52	1.63	35.390621	37.646250	36.596124	0.577226
22.24	37.99	29.17	29.17	3.52	1.63	35.385790	37.643236	36.592240	0.577234
22.24	37.99	29.16	29.16	3.52	1.63	35.380958	37.640220	36.588354	0.577243
22.25	37.99	29.15	29.15	3.52	1.63	35.376124	37.637201	36.584466	0.577252
22.25	37.98	29.14	29.14	3.52	1.63	35.371289	37.634180	36.580576	0.577260
22.25	37.98	29.13	29.13	3.52	1.63	35.366452	37.631156	36.576684	0.577269
22.26	37.98	29.13	29.13	3.51	1.63	35.361613	37.628130	36.572790	0.577278
22.26	37.98	29.12	29.12	3.51	1.63	35.356772	37.625101	36.568894	0.577286
22.26	37.97	29.11	29.11	3.51	1.63	35.351929	37.622070	36.564995	0.577295
22.26	37.97	29.10	29.10	3.51	1.63	35.347085	37.619037	36.561095	0.577303
22.27	37.97	29.09	29.09	3.51	1.63	35.342239	37.616001	36.557192	0.577312
22.27	37.96	29.08	29.08	3.51	1.63	35.337392	37.612963	36.553288	0.577320
22.27	37.96	29.08	29.08	3.51	1.63	35.332542	37.609922	36.549381	0.577329
22.27	37.96	29.07	29.07	3.51	1.63	35.327691	37.606879	36.545472	0.577337
22.28	37.96	29.06	29.06	3.51	1.63	35.322839	37.603833	36.541561	0.577346
22.28	37.95	29.05	29.05	3.51	1.63	35.317984	37.600785	36.537648	0.577354
22.28	37.95	29.04	29.04	3.51	1.63	35.313128	37.597735	36.533733	0.577363
22.29	37.95	29.04	29.04	3.51	1.63	35.308270	37.594682	36.529816	0.577371
22.29	37.95	29.03	29.03	3.51	1.63	35.303410	37.591627	36.525897	0.577380
22.29	37.94	29.02	29.02	3.51	1.63	35.298549	37.588569	36.521975	0.577388
22.29	37.94	29.01	29.01	3.51	1.63	35.293686	37.585509	36.518052	0.577396
22.30	37.94	29.00	29.00	3.51	1.63	35.288821	37.582446	36.514126	0.577405
22.30	37.93	29.00	29.00	3.51	1.63	35.283954	37.579381	36.510199	0.577413
22.30	37.93	28.99	28.99	3.51	1.63	35.279086	37.576314	36.506269	0.577421
22.31	37.93	28.98	28.98	3.51	1.63	35.274216	37.573244	36.502337	0.577430
22.31	37.93	28.97	28.97	3.51	1.63	35.269344	37.570172	36.498404	0.577438
22.31	37.92	28.96	28.96	3.51	1.63	35.264471	37.567097	36.494468	0.577446
22.31	37.92	28.95	28.95	3.51	1.63	35.259596	37.564020	36.490530	0.577455
22.32	37.92	28.95	28.95	3.51	1.64	35.254719	37.560940	36.486590	0.577463
22.32	37.92	28.94	28.94	3.51	1.64	35.249840	37.557858	36.482648	0.577471
22.32	37.91	28.93	28.93	3.51	1.64	35.244960	37.554774	36.478703	0.577479
22.32	37.91	28.92	28.92	3.51	1.64	35.240078	37.551687	36.474757	0.577488
22.33	37.91	28.91	28.91	3.51	1.64	35.235194	37.548598	36.470809	0.577496
22.33	37.90	28.91	28.91	3.51	1.64	35.230309	37.545507	36.466858	0.577504
22.33	37.90	28.90	28.90	3.51	1.64	35.225422	37.542413	36.462906	0.577512
22.34	37.90	28.89	28.89	3.51	1.64	35.220533	37.539316	36.458951	0.577520
22.34	37.90	28.88	28.88	3.51	1.64	35.215642	37.536217	36.454995	0.577528
22.34	37.89	28.87	28.87	3.51	1.64	35.210750	37.533116	36.451036	0.577536
22.34	37.89	28.86	28.86	3.51	1.64	35.205856	37.530013	36.447075	0.577545
22.35	37.89	28.86	28.86	3.51	1.64	35.200960	37.526907	36.443112	0.577553
22.35	37.88	28.85	28.85	3.51	1.64	35.196063	37.523798	36.439147	0.577561
22.35	37.88	28.84	28.84	3.51	1.64	35.191164	37.520687	36.435180	0.577569
22.36	37.88	28.83	28.83	3.51	1.64	35.186263	37.517574	36.431211	0.577577
22.36	37.88	28.82	28.82	3.51	1.64	35.181360	37.514458	36.427240	0.577585
22.36	37.87	28.82	28.82	3.51	1.64	35.176456	37.511340	36.423267	0.577593
22.36	37.87	28.81	28.81	3.51	1.64	35.171550	37.508220	36.419292	0.577601
22.37	37.87	28.80	28.80	3.51	1.64	35.166642	37.505097	36.415314	0.577609
22.37	37.86	28.79	28.79	3.51	1.64	35.161733	37.501972	36.411335	0.577617
22.37	37.86	28.78	28.78	3.51	1.64	35.156822	37.498844	36.407354	0.577625
22.38	37.86	28.77	28.77	3.51	1.64	35.151909	37.495714	36.403370	0.577633
22.38	37.86	28.77	28.77	3.51	1.64	35.146995	37.492582	36.399385	0.577641
22.38	37.85	28.76	28.76	3.51	1.64	35.142079	37.489447	36.395397	0.577649
22.38	37.85	28.75	28.75	3.51	1.64	35.137161	37.486310	36.391407	0.577656
22.39	37.85	28.74	28.74	3.51	1.64	35.132241	37.483170	36.387415	0.577664
22.39	37.85	28.73	28.73	3.51	1.64	35.127320	37.480028	36.383422	0.577672
22.39	37.84	28.73	28.73	3.51	1.64	35.122397	37.476884	36.379426	0.577680
22.39	37.84	28.72	28.72	3.51	1.64	35.117472	37.473737	36.375428	0.577688
22.40	37.84	28.71	28.71	3.51	1.65	35.112546	37.470588	36.371428	0.577696
22.40	37.83	28.70	28.70	3.51	1.65	35.107617	37.467436	36.367426	0.577703
22.40	37.83	28.69	28.69	3.51	1.65	35.102688	37.464282	36.363422	0.577711
22.41	37.83	28.68	28.68	3.51	1.65	35.097756	37.461126	36.359416	0.577719
22.41	37.83	28.68	28.68	3.51	1.65	35.092823	37.457967	36.355407	0.577727
22.41	37.82	28.67	28.67	3.51	1.65	35.087888	37.454806	36.351397	0.577735
22.41	37.82	28.66	28.66	3.51	1.65	35.082951	37.451643	36.347385	0.577742
22.42	37.82	28.65	28.65	3.51	1.65	35.078013	37.448477	36.343370	0.577750
22.42	37.81	28.64	28.64	3.51	1.65	35.073073	37.445308	36.339354	0.577758
22.42	37.81	28.64	28.64	3.51	1.65	35.068131	37.442138	36.335336	0.577765
22.43	37.81	28.63	28.63	3.51	1.65	35.063188	37.438965	36.331315	0.577773
22.43	37.81	28.62	28.62	3.51	1.65	35.058243	37.435789	36.327292	0.577781
22.43	37.80	28.61	28.61	3.51	1.65	35.053296	37.432612	36.323268	0.577788
22.43	37.80	28.60	28.60	3.51	1.65	35.048348	37.429431	36.319241	0.577796
22.44	37.80	28.60	28.60	3.51	1.65	35.043398	37.426249	36.315212	0.577804
22.44	37.79	28.59	28.59	3.51	1.65	35.038446	37.423064	36.311182	0.577811
22.44	37.79	28.58	28.58	3.51	1.65	35.033492	37.419877	36.307149	0.577819
22.44	37.79	28.57	28.57	3.51	1.65	35.028537	37.416687	36.303114	0.577826
22.45	37.78	28.56	28.56	3.51	1.65	35.023580	37.413495	36.299077	0.577834
22.45	37.78	28.55	28.55	3.51	1.65	35.018622	37.410300	36.295038	0.577841
22.45	37.78	28.55	28.55	3.51	1.65	35.013661	37.407104	36.290997	0.577849
22.46	37.78	28.54	28.54	3.51	1.65	35.008699	37.403905	36.286954	0.577856
22.46	37.77	28.53	28.53	3.51	1.65	35.003736	37.400703	36.282909	0.577864
22.46	37.77	28.52	28.52	3.50	1.65	34.998770	37.397499	36.278862	0.577871
22.46	37.77	28.51	28.51	3.50	1.65	34.993803	37.394293	36.274813	0.577879
22.47	37.76	28.51	28.51	3.50	1.65	34.988835	37.391084	36.270762	0.577886
22.47	37.76	28.50	28.50	3.50	1.65	34.983864	37.387873	36.266709	0.577894
22.47	37.76	28.49	28.49	3.50	1.65	34.978892	37.384660	36.262653	0.577901
22.48	37.76	28.48	28.48	3.50	1.65	34.973918	37.381444	36.258596	0.577909
22.48	37.75	28.47	28.47	3.50	1.65	34.968943	37.378226	36.254537	0.577916
22.48	37.75	28.46	28.46	3.50	1.66	34.963966	37.375006	36.250475	0.577923
22.48	37.75	28.46	28.46	3.50	1.66	34.958987	37.371783	36.246412	0.577931
22.49	37.74	28.45	28.45	3.50	1.66	34.954006	37.368558	36.242347	0.577938
22.49	37.74	28.44	28.44	3.50	1.66	34.949024	37.365330	36.238279	0.577945
22.49	37.74	28.43	28.43	3.50	1.66	34.944040	37.362100	36.234210	0.577953
22.49	37.74	28.42	28.42	3.50	1.66	34.939055	37.358868	36.230138	0.577960
22.50	37.73	28.42	28.42	3.50	1.66	34.934068	37.355633	36.226065	0.577967
22.50	37.73	28.41	28.41	3.50	1.66	34.929079	37.352397	36.221989	0.577975
22.50	37.73	28.40	28.40	3.50	1.66	34.924088	37.349157	36.217911	0.577982
22.51	37.72	28.39	28.39	3.50	1.66	34.919096	37.345916	36.213832	0.577989
22.51	37.72	28.38	28.38	3.50	1.66	34.914102	37.342672	36.209750	0.577996
22.51	37.72	28.37	28.37	3.50	1.66	34.909107	37.339425	36.205666	0.578004
22.51	37.72	28.37	28.37	3.50	1.66	34.904109	37.336176	36.201581	0.578011
22.52	37.71	28.36	28.36	3.50	1.66	34.899111	37.332925	36.197493	0.578018
22.52	37.71	28.35	28.35	3.50	1.66	34.894110	37.329672	36.193403	0.578025
22.52	37.71	28.34	28.34	3.50	1.66	34.889108	37.326416	36.189311	0.578032
22.52	37.70	28.33	28.33	3.50	1.66	34.884104	37.323158	36.185218	0.578039
22.53	37.70	28.33	28.33	3.50	1.66	34.879098	37.319898	36.181122	0.578047
22.53	37.70	28.32	28.32	3.50	1.66	34.874091	37.316635	36.177024	0.578054
22.53	37.69	28.31	28.31	3.50	1.66	34.869082	37.313370	36.172924	0.578061
22.54	37.69	28.30	28.30	3.50	1.66	34.864071	37.310102	36.168822	0.578068
22.54	37.69	28.29	28.29	3.50	1.66	34.859059	37.306832	36.164718	0.578075
22.54	37.69	28.28	28.28	3.50	1.66	34.854045	37.303560	36.160612	0.578082
22.54	37.68	28.28	28.28	3.50	1.66	34.849030	37.300286	36.156505	0.578089
22.55	37.68	28.27	28.27	3.50	1.66	34.844013	37.297009	36.152395	0.578096
22.55	37.68	28.26	28.26	3.50	1.66	34.838994	37.293730	36.148283	0.578103
22.55	37.67	28.25	28.25	3.50	1.66	34.833973	37.290448	36.144169	0.578110
22.56	37.67	28.24	28.24	3.50	1.66	34.828951	37.287164	36.140053	0.578117
22.56	37.67	28.24	28.24	3.50	1.66	34.823927	37.283878	36.135935	0.578124
22.56	37.66	28.23	28.23	3.50	1.66	34.818902	37.280589	36.131815	0.578131
22.56	37.66	28.22	28.22	3.50	1.66	34.813874	37.277298	36.127693	0.578138
22.57	37.66	28.21	28.21	3.50	1.67	34.808846	37.274005	36.123569	0.578145
22.57	37.66	28.20	28.20	3.50	1.67	34.803815	37.270710	36.119443	0.578152
22.57	37.65	28.19	28.19	3.50	1.67	34.798783	37.267412	36.115314	0.578159
22.57	37.65	28.19	28.19	3.50	1.67	34.793749	37.264112	36.111184	0.578166
22.58	37.65	28.18	28.18	3.50	1.67	34.788714	37.260809	36.107052	0.578173
22.58	37.64	28.17	28.17	3.50	1.67	34.783677	37.257504	36.102918	0.578180
22.58	37.64	28.16	28.16	3.50	1.67	34.778638	37.254197	36.098782	0.578186
22.59	37.64	28.15	28.15	3.50	1.67	34.773597	37.250887	36.094644	0.578193
22.59	37.63	28.15	28.15	3.50	1.67	34.768555	37.247576	36.090504	0.578200
22.59	37.63	28.14	28.14	3.50	1.67	34.763512	37.244261	36.086362	0.578207
22.59	37.63	28.13	28.13	3.50	1.67	34.758466	37.240945	36.082218	0.578214
22.60	37.63	28.12	28.12	3.50	1.67	34.753419	37.237626	36.078072	0.578221
22.60	37.62	28.11	28.11	3.50	1.67	34.748371	37.234305	36.073924	0.578227
22.60	37.62	28.10	28.10	3.50	1.67	34.743320	37.230981	36.069774	0.578234
22.61	37.62	28.10	28.10	3.50	1.67	34.738268	37.227656	36.065622	0.578241
22.61	37.61	28.09	28.09	3.50	1.67	34.733215	37.224327	36.061467	0.578248
22.61	37.61	28.08	28.08	3.50	1.67	34.728160	37.220997	36.057311	0.578254
22.61	37.61	28.07	28.07	3.50	1.67	34.723103	37.217664	36.053153	0.578261
22.62	37.60	28.06	28.06	3.50	1.67	34.718044	37.214329	36.048993	0.578268
22.62	37.60	28.06	28.06	3.50	1.67	34.712984	37.210992	36.044831	0.578274
22.62	37.60	28.05	28.05	3.50	1.67	34.707922	37.207652	36.040667	0.578281
22.62	37.60	28.04	28.04	3.50	1.67	34.702859	37.204310	36.036501	0.578288
22.63	37.59	28.03	28.03	3.50	1.67	34.697794	37.200966	36.032333	0.578294
22.63	37.59	28.02	28.02	3.50	1.67	34.692727	37.197619	36.028163	0.578301
22.63	37.59	28.01	28.01	3.50	1.67	34.687659	37.194270	36.023991	0.578308
22.64	37.58	28.01	28.01	3.50	1.67	34.682589	37.190919	36.019817	0.578314
22.64	37.58	28.00	28.00	3.50	1.67	34.677517	37.187565	36.015641	0.578321
22.64	37.58	27.99	27.99	3.50	1.67	34.672444	37.184209	36.011463	0.578327
22.64	37.57	27.98	27.98	3.50	1.67	34.667369	37.180851	36.007283	0.578334
22.65	37.57	27.97	27.97	3.50	1.67	34.662293	37.177491	36.003101	0.578340
22.65	37.57	27.97	27.97	3.50	1.67	34.657215	37.174128	35.998917	0.578347
22.65	37.56	27.96	27.96	3.50	1.67	34.652135	37.170763	35.994731	0.578354
22.66	37.56	27.95	27.95	3.50	1.68	34.647054	37.167395	35.990544	0.578360
22.66	37.56	27.94	27.94	3.49	1.68	34.641971	37.164026	35.986354	0.578367
22.66	37.56	27.93	27.93	3.49	1.68	34.636886	37.160654	35.982162	0.578373
22.66	37.55	27.92	27.92	3.49	1.68	34.631800	37.157279	35.977968	0.578380
22.67	37.55	27.92	27.92	3.49	1.68	34.626712	37.153903	35.973772	0.578386
22.67	37.55	27.91	27.91	3.49	1.68	34.621623	37.150524	35.969574	0.578392
22.67	37.54	27.90	27.90	3.49	1.68	34.616532	37.147143	35.965375	0.578399
22.68	37.54	27.89	27.89	3.49	1.68	34.611439	37.143759	35.961173	0.578405
22.68	37.54	27.88	27.88	3.49	1.68	34.606344	37.140373	35.956969	0.578412
22.68	37.53	27.88	27.88	3.49	1.68	34.601249	37.136985	35.952764	0.578418
22.68	37.53	27.87	27.87	3.49	1.68	34.596151	37.133595	35.948556	0.578424
22.69	37.53	27.86	27.86	3.49	1.68	34.591052	37.130202	35.944346	0.578431
22.69	37.52	27.85	27.85	3.49	1.68	34.585951	37.126807	35.940135	0.578437
22.69	37.52	27.84	27.84	3.49	1.68	34.580849	37.123410	35.935921	0.578444
22.69	37.52	27.83	27.83	3.49	1.68	34.575745	37.120010	35.931706	0.578450
22.70	37.52	27.83	27.83	3.49	1.68	34.570639	37.116608	35.927488	0.578456
22.70	37.51	27.82	27.82	3.49	1.68	34.565532	37.113204	35.923269	0.578462
22.70	37.51	27.81	27.81	3.49	1.68	34.560423	37.109798	35.919047	0.578469
22.71	37.51	27.80	27.80	3.49	1.68	34.555312	37.106389	35.914824	0.578475
22.71	37.50	27.79	27.79	3.49	1.68	34.550200	37.102978	35.910598	0.578481
22.71	37.50	27.79	27.79	3.49	1.68	34.545087	37.099564	35.906371	0.578488
22.71	37.50	27.78	27.78	3.49	1.68	34.539971	37.096149	35.902142	0.578494
22.72	37.49	27.77	27.77	3.49	1.68	34.534854	37.092731	35.897910	0.578500
22.72	37.49	27.76	27.76	3.49	1.68	34.529736	37.089311	35.893677	0.578506
22.72	37.49	27.75	27.75	3.49	1.68	34.524616	37.085888	35.889442	0.578512
22.73	37.48	27.74	27.74	3.49	1.68	34.519494	37.082464	35.885205	0.578519
22.73	37.48	27.74	27.74	3.49	1.68	34.514371	37.079037	35.880966	0.578525
22.73	37.48	27.73	27.73	3.49	1.68	34.509246	37.075607	35.876725	0.578531
22.73	37.47	27.72	27.72	3.49	1.68	34.504119	37.072176	35.872482	0.578537
22.74	37.47	27.71	27.71	3.49	1.68	34.498991	37.068742	35.868237	0.578543
22.74	37.47	27.70	27.70	3.49	1.68	34.493862	37.065306	35.863990	0.578549
22.74	37.47	27.70	27.70	3.49	1.68	34.488730	37.061867	35.859741	0.578555
22.74	37.46	27.69	27.69	3.49	1.68	34.483597	37.058427	35.855490	0.578562
22.75	37.46	27.68	27.68	3.49	1.69	34.478463	37.054984	35.851238	0.578568
22.75	37.46	27.67	27.67	3.49	1.69	34.473327	37.051538	35.846983	0.578574
22.75	37.45	27.66	27.66	3.49	1.69	34.468189	37.048091	35.842726	0.578580
22.76	37.45	27.65	27.65	3.49	1.69	34.463050	37.044641	35.838468	0.578586
22.76	37.45	27.65	27.65	3.49	1.69	34.457909	37.041189	35.834207	0.578592
22.76	37.44	27.64	27.64	3.49	1.69	34.452767	37.037735	35.829944	0.578598
22.76	37.44	27.63	27.63	3.49	1.69	34.447623	37.034278	35.825680	0.578604
22.77	37.44	27.62	27.62	3.49	1.69	34.442477	37.030819	35.821414	0.578610
22.77	37.43	27.61	27.61	3.49	1.69	34.437330	37.027358	35.817145	0.578616
22.77	37.43	27.60	27.60	3.49	1.69	34.432181	37.023895	35.812875	0.578622
22.77	37.43	27.60	27.60	3.49	1.69	34.427031	37.020429	35.808603	0.578628
22.78	37.42	27.59	27.59	3.49	1.69	34.421879	37.016961	35.804329	0.578634
22.78	37.42	27.58	27.58	3.49	1.69	34.416725	37.013491	35.800053	0.578640
22.78	37.42	27.57	27.57	3.49	1.69	34.411570	37.010019	35.795774	0.578646
22.79	37.41	27.56	27.56	3.49	1.69	34.406414	37.006544	35.791494	0.578651
22.79	37.41	27.56	27.56	3.49	1.69	34.401255	37.003067	35.787213	0.578657
22.79	37.41	27.55	27.55	3.49	1.69	34.396096	36.999588	35.782929	0.578663
22.79	37.41	27.54	27.54	3.49	1.69	34.390934	36.996107	35.778643	0.578669
22.80	37.40	27.53	27.53	3.49	1.69	34.385771	36.992623	35.774355	0.578675
22.80	37.40	27.52	27.52	3.49	1.69	34.380607	36.989137	35.770066	0.578681
22.80	37.40	27.51	27.51	3.49	1.69	34.375441	36.985649	35.765774	0.578687
22.81	37.39	27.51	27.51	3.49	1.69	34.370273	36.982158	35.761480	0.578692
22.81	37.39	27.50	27.50	3.49	1.69	34.365104	36.978665	35.757185	0.578698
22.81	37.39	27.49	27.49	3.49	1.69	34.359933	36.975170	35.752888	0.578704
22.81	37.38	27.48	27.48	3.49	1.69	34.354761	36.971673	35.748588	0.578710
22.82	37.38	27.47	27.47	3.49	1.69	34.349587	36.968174	35.744287	0.578716
22.82	37.38	27.47	27.47	3.49	1.69	34.344411	36.964672	35.739984	0.578721
22.82	37.37	27.46	27.46	3.49	1.69	34.339234	36.961168	35.735679	0.578727
22.82	37.37	27.45	27.45	3.49	1.69	34.334055	36.957662	35.731372	0.578733
22.83	37.37	27.44	27.44	3.49	1.69	34.328875	36.954153	35.727063	0.578739
22.83	37.36	27.43	27.43	3.49	1.69	34.323693	36.950642	35.722752	0.578744
22.83	37.36	27.42	27.42	3.49	1.69	34.318510	36.947129	35.718439	0.578750
22.84	37.36	27.42	27.42	3.49	1.69	34.313325	36.943614	35.714125	0.578756
22.84	37.35	27.41	27.41	3.49	1.69	34.308139	36.940097	35.709808	0.578761
22.84	37.35	27.40	27.40	3.49	1.70	34.302951	36.936577	35.705490	0.578767
22.84	37.35	27.39	27.39	3.49	1.70	34.297761	36.933055	35.701169	0.578773
22.85	37.34	27.38	27.38	3.48	1.70	34.292570	36.929531	35.696847	0.578778
22.85	37.34	27.38	27.38	3.48	1.70	34.287378	36.926004	35.692523	0.578784
22.85	37.34	27.37	27.37	3.48	1.70	34.282183	36.922476	35.688196	0.578789
22.86	37.33	27.36	27.36	3.48	1.70	34.276988	36.918945	35.683868	0.578795
22.86	37.33	27.35	27.35	3.48	1.70	34.271790	36.915412	35.679538	0.578801
22.86	37.33	27.34	27.34	3.48	1.70	34.266591	36.911876	35.675206	0.578806
22.86	37.32	27.33	27.33	3.48	1.70	34.261391	36.908339	35.670873	0.578812
22.87	37.32	27.33	27.33	3.48	1.70	34.256189	36.904799	35.666537	0.578817
22.87	37.32	27.32	27.32	3.48	1.70	34.250986	36.901257	35.662199	0.578823
22.87	37.31	27.31	27.31	3.48	1.70	34.245781	36.897712	35.657860	0.578828
22.88	37.31	27.30	27.30	3.48	1.70	34.240574	36.894166	35.653518	0.578834
22.88	37.31	27.29	27.29	3.48	1.70	34.235366	36.890617	35.649175	0.578839
22.88	37.31	27.29	27.29	3.48	1.70	34.230156	36.887066	35.644830	0.578845
22.88	37.30	27.28	27.28	3.48	1.70	34.224945	36.883513	35.640483	0.578850
22.89	37.30	27.27	27.27	3.48	1.70	34.219733	36.879957	35.636133	0.578856
22.89	37.30	27.26	27.26	3.48	1.70	34.214518	36.876400	35.631783	0.578861
22.89	37.29	27.25	27.25	3.48	1.70	34.209303	36.872840	35.627430	0.578867
22.89	37.29	27.24	27.24	3.48	1.70	34.204085	36.869278	35.623075	0.578872
22.90	37.29	27.24	27.24	3.48	1.70	34.198866	36.865713	35.618718	0.578877
22.90	37.28	27.23	27.23	3.48	1.70	34.193646	36.862147	35.614360	0.578883
22.90	37.28	27.22	27.22	3.48	1.70	34.188424	36.858578	35.609999	0.578888
22.91	37.28	27.21	27.21	3.48	1.70	34.183201	36.855007	35.605637	0.578894
22.91	37.27	27.20	27.20	3.48	1.70	34.177976	36.851434	35.601273	0.578899
22.91	37.27	27.20	27.20	3.48	1.70	34.172749	36.847858	35.596907	0.578904
22.91	37.27	27.19	27.19	3.48	1.70	34.167521	36.844281	35.592539	0.578910
22.92	37.26	27.18	27.18	3.48	1.70	34.162292	36.840701	35.588169	0.578915
22.92	37.26	27.17	27.17	3.48	1.70	34.157061	36.837119	35.583797	0.578920
22.92	37.26	27.16	27.16	3.48	1.70	34.151828	36.833534	35.579423	0.578926
22.93	37.25	27.16	27.16	3.48	1.70	34.146594	36.829948	35.575048	0.578931
22.93	37.25	27.15	27.15	3.48	1.70	34.141359	36.826359	35.570670	0.578936
22.93	37.25	27.14	27.14	3.48	1.70	34.136121	36.822768	35.566291	0.578941
22.93	37.24	27.13	27.13	3.48	1.70	34.130883	36.819175	35.561910	0.578947
22.94	37.24	27.12	27.12	3.48	1.71	34.125643	36.815579	35.557527	0.578952
22.94	37.24	27.11	27.11	3.48	1.71	34.120401	36.811982	35.553142	0.578957
22.94	37.23	27.11	27.11	3.48	1.71	34.115158	36.808382	35.548755	0.578962
22.94	37.23	27.10	27.10	3.48	1.71	34.109913	36.804780	35.544366	0.578968
22.95	37.23	27.09	27.09	3.48	1.71	34.104667	36.801176	35.539976	0.578973
22.95	37.22	27.08	27.08	3.48	1.71	34.099419	36.797569	35.535583	0.578978
22.95	37.22	27.07	27.07	3.48	1.71	34.094170	36.793961	35.531189	0.578983
22.96	37.22	27.07	27.07	3.48	1.71	34.088919	36.790350	35.526793	0.578988
22.96	37.21	27.06	27.06	3.48	1.71	34.083667	36.786737	35.522395	0.578993
22.96	37.21	27.05	27.05	3.48	1.71	34.078414	36.783122	35.517995	0.578999
22.96	37.21	27.04	27.04	3.48	1.71	34.073158	36.779504	35.513593	0.579004
22.97	37.20	27.03	27.03	3.48	1.71	34.067902	36.775885	35.509189	0.579009
22.97	37.20	27.02	27.02	3.48	1.71	34.062643	36.772263	35.504783	0.579014
22.97	37.20	27.02	27.02	3.48	1.71	34.057384	36.768639	35.500376	0.579019
22.98	37.19	27.01	27.01	3.48	1.71	34.052123	36.765013	35.495967	0.579024
22.98	37.19	27.00	27.00	3.48	1.71	34.046860	36.761384	35.491555	0.579029
22.98	37.19	26.99	26.99	3.48	1.71	34.041596	36.757754	35.487142	0.579034
22.98	37.18	26.98	26.98	3.48	1.71	34.036330	36.754121	35.482728	0.579039
22.99	37.18	26.98	26.98	3.48	1.71	34.031063	36.750486	35.478311	0.579044
22.99	37.18	26.97	26.97	3.48	1.71	34.025794	36.746849	35.473892	0.579049
22.99	37.17	26.96	26.96	3.48	1.71	34.020524	36.743209	35.469472	0.579054
22.99	37.17	26.95	26.95	3.48	1.71	34.015252	36.739568	35.465049	0.579059
23.00	37.17	26.94	26.94	3.48	1.71	34.009979	36.735924	35.460625	0.579064
23.00	37.16	26.93	26.93	3.48	1.71	34.004705	36.732278	35.456199	0.579069
23.00	37.16	26.93	26.93	3.48	1.71	33.999429	36.728630	35.451771	0.579074
23.01	37.16	26.92	26.92	3.48	1.71	33.994151	36.724979	35.447341	0.579079
23.01	37.15	26.91	26.91	3.48	1.71	33.988872	36.721327	35.442910	0.579084
23.01	37.15	26.90	26.90	3.48	1.71	33.983591	36.717672	35.438476	0.579089
23.01	37.15	26.89	26.89	3.48	1.71	33.978309	36.714015	35.434041	0.579094
23.02	37.14	26.89	26.89	3.48	1.71	33.973026	36.710356	35.429604	0.579099
23.02	37.14	26.88	26.88	3.48	1.71	33.967741	36.706695	35.425165	0.579104
23.02	37.14	26.87	26.87	3.48	1.71	33.962455	36.703032	35.420724	0.579109
23.02	37.13	26.86	26.86	3.48	1.71	33.957167	36.699366	35.416281	0.579114
23.03	37.13	26.85	26.85	3.48	1.71	33.951877	36.695698	35.411837	0.579118
23.03	37.13	26.84	26.84	3.48	1.71	33.946586	36.692028	35.407390	0.579123
23.03	37.12	26.84	26.84	3.47	1.71	33.941294	36.688356	35.402942	0.579128
23.04	37.12	26.83	26.83	3.47	1.72	33.936000	36.684682	35.398492	0.579133
23.04	37.12	26.82	26.82	3.47	1.72	33.930705	36.681006	35.394040	0.579138
23.04	37.11	26.81	26.81	3.47	1.72	33.925408	36.677327	35.389586	0.579143
23.04	37.11	26.80	26.80	3.47	1.72	33.920110	36.673646	35.385131	0.579147
23.05	37.11	26.80	26.80	3.47	1.72	33.914811	36.669963	35.380673	0.579152
23.05	37.10	26.79	26.79	3.47	1.72	33.909510	36.666278	35.376214	0.579157
23.05	37.10	26.78	26.78	3.47	1.72	33.904207	36.662591	35.371753	0.579162
23.06	37.09	26.77	26.77	3.47	1.72	33.898903	36.658901	35.367290	0.579166
23.06	37.09	26.76	26.76	3.47	1.72	33.893598	36.655210	35.362825	0.579171
23.06	37.09	26.75	26.75	3.47	1.72	33.888291	36.651516	35.358358	0.579176
23.06	37.08	26.75	26.75	3.47	1.72	33.882982	36.647820	35.353890	0.579181
23.07	37.08	26.74	26.74	3.47	1.72	33.877672	36.644122	35.349420	0.579185
23.07	37.08	26.73	26.73	3.47	1.72	33.872361	36.640421	35.344948	0.579190
23.07	37.07	26.72	26.72	3.47	1.72	33.867048	36.636719	35.340474	0.579195
23.07	37.07	26.71	26.71	3.47	1.72	33.861734	36.633014	35.335998	0.579199
23.08	37.07	26.71	26.71	3.47	1.72	33.856419	36.629307	35.331520	0.579204
23.08	37.06	26.70	26.70	3.47	1.72	33.851102	36.625598	35.327041	0.579209
23.08	37.06	26.69	26.69	3.47	1.72	33.845783	36.621887	35.322560	0.579213
23.09	37.06	26.68	26.68	3.47	1.72	33.840463	36.618174	35.318077	0.579218
23.09	37.05	26.67	26.67	3.47	1.72	33.835142	36.614459	35.313592	0.579222
23.09	37.05	26.67	26.67	3.47	1.72	33.829819	36.610741	35.309105	0.579227
23.09	37.05	26.66	26.66	3.47	1.72	33.824495	36.607021	35.304617	0.579232
23.10	37.04	26.65	26.65	3.47	1.72	33.819169	36.603299	35.300126	0.579236
23.10	37.04	26.64	26.64	3.47	1.72	33.813842	36.599575	35.295634	0.579241
23.10	37.04	26.63	26.63	3.47	1.72	33.808513	36.595849	35.291140	0.579245
23.11	37.03	26.62	26.62	3.47	1.72	33.803183	36.592121	35.286644	0.579250
23.11	37.03	26.62	26.62	3.47	1.72	33.797852	36.588390	35.282147	0.579254
23.11	37.03	26.61	26.61	3.47	1.72	33.792519	36.584658	35.277647	0.579259
23.11	37.02	26.60	26.60	3.47	1.72	33.787185	36.580923	35.273146	0.579263
23.12	37.02	26.59	26.59	3.47	1.72	33.781849	36.577186	35.268643	0.579268
23.12	37.02	26.58	26.58	3.47	1.72	33.776512	36.573447	35.264138	0.579272
23.12	37.01	26.58	26.58	3.47	1.72	33.771173	36.569706	35.259632	0.579277
23.12	37.01	26.57	26.57	3.47	1.72	33.765833	36.565962	35.255123	0.579281
23.13	37.01	26.56	26.56	3.47	1.72	33.760492	36.562217	35.250613	0.579286
23.13	37.00	26.55	26.55	3.47	1.72	33.755149	36.558469	35.246101	0.579290
23.13	37.00	26.54	26.54	3.47	1.72	33.749805	36.554719	35.241587	0.579294
23.14	37.00	26.53	26.53	3.47	1.72	33.744459	36.550967	35.237072	0.579299
23.14	36.99	26.53	26.53	3.47	1.73	33.739112	36.547213	35.232554	0.579303
23.14	36.99	26.52	26.52	3.47	1.73	33.733764	36.543457	35.228035	0.579308
23.14	36.98	26.51	26.51	3.47	1.73	33.728414	36.539699	35.223514	0.579312
23.15	36.98	26.50	26.50	3.47	1.73	33.723062	36.535938	35.218991	0.579316
23.15	36.98	26.49	26.49	3.47	1.73	33.717710	36.532176	35.214467	0.579321
23.15	36.97	26.49	26.49	3.47	1.73	33.712356	36.528411	35.209940	0.579325
23.16	36.97	26.48	26.48	3.47	1.73	33.707000	36.524644	35.205412	0.579329
23.16	36.97	26.47	26.47	3.47	1.73	33.701643	36.520875	35.200882	0.579334
23.16	36.96	26.46	26.46	3.47	1.73	33.696285	36.517104	35.196350	0.579338
23.16	36.96	26.45	26.45	3.47	1.73	33.690925	36.513331	35.191817	0.579342
23.17	36.96	26.45	26.45	3.47	1.73	33.685564	36.509555	35.187281	0.579347
23.17	36.95	26.44	26.44	3.47	1.73	33.680201	36.505778	35.182744	0.579351
23.17	36.95	26.43	26.43	3.47	1.73	33.674837	36.501998	35.178205	0.579355
23.18	36.95	26.42	26.42	3.47	1.73	33.669472	36.498216	35.173665	0.579360
23.18	36.94	26.41	26.41	3.47	1.73	33.664105	36.494432	35.169122	0.579364
23.18	36.94	26.40	26.40	3.47	1.73	33.658737	36.490646	35.164578	0.579368
23.18	36.94	26.40	26.40	3.47	1.73	33.653368	36.486858	35.160032	0.579372
23.19	36.93	26.39	26.39	3.47	1.73	33.647997	36.483068	35.155484	0.579376
23.19	36.93	26.38	26.38	3.47	1.73	33.642624	36.479276	35.150934	0.579381
23.19	36.93	26.37	26.37	3.47	1.73	33.637251	36.475481	35.146383	0.579385
23.19	36.92	26.36	26.36	3.47	1.73	33.631876	36.471684	35.141830	0.579389
23.20	36.92	26.36	26.36	3.47	1.73	33.626499	36.467886	35.137275	0.579393
23.20	36.91	26.35	26.35	3.47	1.73	33.621121	36.464085	35.132718	0.579397
23.20	36.91	26.34	26.34	3.47	1.73	33.615742	36.460282	35.128160	0.579401
23.21	36.91	26.33	26.33	3.47	1.73	33.610362	36.456477	35.123600	0.579406
23.21	36.90	26.32	26.32	3.47	1.73	33.604980	36.452670	35.119038	0.579410
23.21	36.90	26.32	26.32	3.47	1.73	33.599596	36.448860	35.114474	0.579414
23.21	36.90	26.31	26.31	3.46	1.73	33.594211	36.445049	35.109908	0.579418
23.22	36.89	26.30	26.30	3.46	1.73	33.588825	36.441235	35.105341	0.579422
23.22	36.89	26.29	26.29	3.46	1.73	33.583438	36.437420	35.100772	0.579426
23.22	36.89	26.28	26.28	3.46	1.73	33.578049	36.433602	35.096201	0.579430
23.23	36.88	26.27	26.27	3.46	1.73	33.572659	36.429782	35.091628	0.579434
23.23	36.88	26.27	26.27	3.46	1.73	33.567267	36.425960	35.087054	0.579438
23.23	36.88	26.26	26.26	3.46	1.73	33.561874	36.422136	35.082478	0.579442
23.23	36.87	26.25	26.25	3.46	1.73	33.556480	36.418310	35.077900	0.579446
23.24	36.87	26.24	26.24	3.46	1.73	33.551084	36.414482	35.073321	0.579450
23.24	36.87	26.23	26.23	3.46	1.73	33.545687	36.410651	35.068739	0.579454
23.24	36.86	26.23	26.23	3.46	1.73	33.540289	36.406819	35.064156	0.579458
23.24	36.86	26.22	26.22	3.46	1.74	33.534889	36.402984	35.059571	0.579462
23.25	36.85	26.21	26.21	3.46	1.74	33.529488	36.399148	35.054985	0.579466
23.25	36.85	26.20	26.20	3.46	1.74	33.524085	36.395309	35.050396	0.579470
23.25	36.85	26.19	26.19	3.46	1.74	33.518681	36.391468	35.045806	0.579474
23.26	36.84	26.19	26.19	3.46	1.74	33.513276	36.387625	35.041214	0.579478
23.26	36.84	26.18	26.18	3.46	1.74	33.507870	36.383780	35.036620	0.579482
23.26	36.84	26.17	26.17	3.46	1.74	33.502462	36.379933	35.032025	0.579486
23.26	36.83	26.16	26.16	3.46	1.74	33.497053	36.376084	35.027428	0.579490
23.27	36.83	26.15	26.15	3.46	1.74	33.491642	36.372232	35.022829	0.579494
23.27	36.83	26.14	26.14	3.46	1.74	33.486230	36.368379	35.018228	0.579498
23.27	36.82	26.14	26.14	3.46	1.74	33.480817	36.364523	35.013626	0.579502
23.27	36.82	26.13	26.13	3.46	1.74	33.475402	36.360666	35.009022	0.579505
23.28	36.82	26.12	26.12	3.46	1.74	33.469986	36.356806	35.004416	0.579509
23.28	36.81	26.11	26.11	3.46	1.74	33.464569	36.352944	34.999809	0.579513
23.28	36.81	26.10	26.10	3.46	1.74	33.459150	36.349081	34.995199	0.579517
23.29	36.80	26.10	26.10	3.46	1.74	33.453730	36.345215	34.990588	0.579521
23.29	36.80	26.09	26.09	3.46	1.74	33.448309	36.341347	34.985976	0.579525
23.29	36.80	26.08	26.08	3.46	1.74	33.442886	36.337477	34.981361	0.579528
23.29	36.79	26.07	26.07	3.46	1.74	33.437462	36.333604	34.976745	0.579532
23.30	36.79	26.06	26.06	3.46	1.74	33.432037	36.329730	34.972127	0.579536
23.30	36.79	26.06	26.06	3.46	1.74	33.426610	36.325854	34.967507	0.579540
23.30	36.78	26.05	26.05	3.46	1.74	33.421182	36.321975	34.962886	0.579544
23.31	36.78	26.04	26.04	3.46	1.74	33.415753	36.318095	34.958263	0.579547
23.31	36.78	26.03	26.03	3.46	1.74	33.410322	36.314212	34.953638	0.579551
23.31	36.77	26.02	26.02	3.46	1.74	33.404890	36.310328	34.949011	0.579555
23.31	36.77	26.02	26.02	3.46	1.74	33.399457	36.306441	34.944383	0.579558
23.32	36.76	26.01	26.01	3.46	1.74	33.394023	36.302552	34.939753	0.579562
23.32	36.76	26.00	26.00	3.46	1.74	33.388587	36.298661	34.935121	0.579566
23.32	36.76	25.99	25.99	3.46	1.74	33.383149	36.294768	34.930488	0.579569
23.32	36.75	25.98	25.98	3.46	1.74	33.377711	36.290873	34.925853	0.579573
23.33	36.75	25.97	25.97	3.46	1.74	33.372271	36.286976	34.921216	0.579577
23.33	36.75	25.97	25.97	3.46	1.74	33.366830	36.283077	34.916577	0.579580
23.33	36.74	25.96	25.96	3.46	1.74	33.361387	36.279176	34.911937	0.579584
23.34	36.74	25.95	25.95	3.46	1.74	33.355944	36.275273	34.907295	0.579588
23.34	36.74	25.94	25.94	3.46	1.74	33.350498	36.271367	34.902651	0.579591
23.34	36.73	25.93	25.93	3.46	1.74	33.345052	36.267460	34.898006	0.579595
23.34	36.73	25.93	25.93	3.46	1.74	33.339604	36.263551	34.893359	0.579599
23.35	36.72	25.92	25.92	3.46	1.74	33.334155	36.259639	34.888710	0.579602
23.35	36.72	25.91	25.91	3.46	1.74	33.328705	36.255725	34.884059	0.579606
23.35	36.72	25.90	25.90	3.46	1.74	33.323253	36.251810	34.879407	0.579609
23.36	36.71	25.89	25.89	3.46	1.75	33.317801	36.247892	34.874753	0.579613
23.36	36.71	25.89	25.89	3.46	1.75	33.312346	36.243972	34.870097	0.579616
23.36	36.71	25.88	25.88	3.46	1.75	33.306891	36.240051	34.865440	0.579620
23.36	36.70	25.87	25.87	3.46	1.75	33.301434	36.236127	34.860781	0.579623
23.37	36.70	25.86	25.86	3.46	1.75	33.295976	36.232201	34.856120	0.579627
23.37	36.70	25.85	25.85	3.46	1.75	33.290517	36.228273	34.851458	0.579630
23.37	36.69	25.85	25.85	3.46	1.75	33.285056	36.224343	34.846793	0.579634
23.38	36.69	25.84	25.84	3.46	1.75	33.279594	36.220411	34.842128	0.579637
23.38	36.68	25.83	25.83	3.46	1.75	33.274131	36.216477	34.837460	0.579641
23.38	36.68	25.82	25.82	3.46	1.75	33.268666	36.212541	34.832791	0.579644
23.38	36.68	25.81	25.81	3.46	1.75	33.263200	36.208602	34.828120	0.579648
23.39	36.67	25.80	25.80	3.46	1.75	33.257733	36.204662	34.823447	0.579651
23.39	36.67	25.80	25.80	3.46	1.75	33.252265	36.200720	34.818773	0.579655
23.39	36.67	25.79	25.79	3.45	1.75	33.246795	36.196775	34.814097	0.579658
23.39	36.66	25.78	25.78	3.45	1.75	33.241324	36.192829	34.809419	0.579662
23.40	36.66	25.77	25.77	3.45	1.75	33.235852	36.188881	34.804740	0.579665
23.40	36.66	25.76	25.76	3.45	1.75	33.230379	36.184930	34.800059	0.579668
23.40	36.65	25.76	25.76	3.45	1.75	33.224904	36.180978	34.795376	0.579672
23.41	36.65	25.75	25.75	3.45	1.75	33.219428	36.177023	34.790692	0.579675
23.41	36.64	25.74	25.74	3.45	1.75	33.213951	36.173067	34.786006	0.579678
23.41	36.64	25.73	25.73	3.45	1.75	33.208472	36.169108	34.781318	0.579682
23.41	36.64	25.72	25.72	3.45	1.75	33.202993	36.165147	34.776629	0.579685
23.42	36.63	25.72	25.72	3.45	1.75	33.197512	36.161185	34.771938	0.579688
23.42	36.63	25.71	25.71	3.45	1.75	33.192029	36.157220	34.767245	0.579692
23.42	36.63	25.70	25.70	3.45	1.75	33.186546	36.153253	34.762551	0.579695
23.43	36.62	25.69	25.69	3.45	1.75	33.181061	36.149284	34.757855	0.579698
23.43	36.62	25.68	25.68	3.45	1.75	33.175575	36.145314	34.753157	0.579702
23.43	36.61	25.68	25.68	3.45	1.75	33.170087	36.141341	34.748457	0.579705
23.43	36.61	25.67	25.67	3.45	1.75	33.164599	36.137366	34.743756	0.579708
23.44	36.61	25.66	25.66	3.45	1.75	33.159109	36.133389	34.739054	0.579711
23.44	36.60	25.65	25.65	3.45	1.75	33.153618	36.129410	34.734349	0.579715
23.44	36.60	25.64	25.64	3.45	1.75	33.148125	36.125429	34.729643	0.579718
23.44	36.60	25.64	25.64	3.45	1.75	33.142632	36.121446	34.724935	0.579721
23.45	36.59	25.63	25.63	3.45	1.75	33.137137	36.117461	34.720226	0.579724
23.45	36.59	25.62	25.62	3.45	1.75	33.131641	36.113474	34.715515	0.579728
23.45	36.58	25.61	25.61	3.45	1.75	33.126144	36.109485	34.710802	0.579731
23.46	36.58	25.60	25.60	3.45	1.75	33.120645	36.105494	34.706088	0.579734
23.46	36.58	25.60	25.60	3.45	1.75	33.115145	36.101501	34.701372	0.579737
23.46	36.57	25.59	25.59	3.45	1.75	33.109644	36.097506	34.696654	0.579740
23.46	36.57	25.58	25.58	3.45	1.75	33.104142	36.093509	34.691935	0.579743
23.47	36.57	25.57	25.57	3.45	1.75	33.098638	36.089510	34.687214	0.579746
23.47	36.56	25.56	25.56	3.45	1.76	33.093134	36.085509	34.682491	0.579750
23.47	36.56	25.55	25.55	3.45	1.76	33.087628	36.081505	34.677767	0.579753
23.48	36.55	25.55	25.55	3.45	1.76	33.082121	36.077500	34.673041	0.579756
23.48	36.55	25.54	25.54	3.45	1.76	33.076612	36.073493	34.668314	0.579759
23.48	36.55	25.53	25.53	3.45	1.76	33.071103	36.069484	34.663584	0.579762
23.48	36.54	25.52	25.52	3.45	1.76	33.065592	36.065473	34.658854	0.579765
23.49	36.54	25.51	25.51	3.45	1.76	33.060080	36.061460	34.654121	0.579768
23.49	36.54	25.51	25.51	3.45	1.76	33.054566	36.057444	34.649387	0.579771
23.49	36.53	25.50	25.50	3.45	1.76	33.049052	36.053427	34.644651	0.579774
23.49	36.53	25.49	25.49	3.45	1.76	33.043536	36.049408	34.639914	0.579777
23.50	36.52	25.48	25.48	3.45	1.76	33.038019	36.045387	34.635175	0.579780
23.50	36.52	25.47	25.47	3.45	1.76	33.032501	36.041364	34.630434	0.579783
23.50	36.52	25.47	25.47	3.45	1.76	33.026981	36.037338	34.625692	0.579786
23.51	36.51	25.46	25.46	3.45	1.76	33.021461	36.033311	34.620948	0.579789
23.51	36.51	25.45	25.45	3.45	1.76	33.015939	36.029282	34.616203	0.579792
23.51	36.51	25.44	25.44	3.45	1.76	33.010416	36.025251	34.611455	0.579795
23.51	36.50	25.43	25.43	3.45	1.76	33.004892	36.021218	34.606707	0.579798
23.52	36.50	25.43	25.43	3.45	1.76	32.999366	36.017183	34.601956	0.579801
23.52	36.49	25.42	25.42	3.45	1.76	32.993840	36.013145	34.597204	0.579804
23.52	36.49	25.41	25.41	3.45	1.76	32.988312	36.009106	34.592450	0.579807
23.52	36.49	25.40	25.40	3.45	1.76	32.982783	36.005065	34.587695	0.579810
23.53	36.48	25.39	25.39	3.45	1.76	32.977253	36.001022	34.582938	0.579813
23.53	36.48	25.39	25.39	3.45	1.76	32.971721	35.996977	34.578180	0.579816
23.53	36.48	25.38	25.38	3.45	1.76	32.966189	35.992930	34.573420	0.579819
23.54	36.47	25.37	25.37	3.45	1.76	32.960655	35.988881	34.568658	0.579822
23.54	36.47	25.36	25.36	3.45	1.76	32.955120	35.984829	34.563895	0.579825
23.54	36.46	25.35	25.35	3.45	1.76	32.949584	35.980776	34.559130	0.579827
23.54	36.46	25.35	25.35	3.45	1.76	32.944046	35.976721	34.554363	0.579830
23.55	36.46	25.34	25.34	3.45	1.76	32.938508	35.972664	34.549595	0.579833
23.55	36.45	25.33	25.33	3.45	1.76	32.932968	35.968605	34.544825	0.579836
23.55	36.45	25.32	25.32	3.45	1.76	32.927427	35.964544	34.540054	0.579839
23.56	36.45	25.31	25.31	3.45	1.76	32.921885	35.960481	34.535281	0.579842
23.56	36.44	25.31	25.31	3.45	1.76	32.916342	35.956416	34.530506	0.579844
23.56	36.44	25.30	25.30	3.45	1.76	32.910797	35.952349	34.525730	0.579847
23.56	36.43	25.29	25.29	3.45	1.76	32.905252	35.948280	34.520952	0.579850
23.57	36.43	25.28	25.28	3.44	1.76	32.899705	35.944209	34.516172	0.579853
23.57	36.43	25.27	25.27	3.44	1.76	32.894157	35.940137	34.511391	0.579855
23.57	36.42	25.27	25.27	3.44	1.76	32.888608	35.936062	34.506609	0.579858
23.57	36.42	25.26	25.26	3.44	1.76	32.883058	35.931985	34.501825	0.579861
23.58	36.41	25.25	25.25	3.44	1.76	32.877506	35.927906	34.497039	0.579864
23.58	36.41	25.24	25.24	3.44	1.76	32.871953	35.923825	34.492251	0.579866
23.58	36.41	25.23	25.23	3.44	1.76	32.866400	35.919743	34.487462	0.579869
23.59	36.40	25.23	25.23	3.44	1.77	32.860845	35.915658	34.482672	0.579872
23.59	36.40	25.22	25.22	3.44	1.77	32.855289	35.911571	34.477880	0.579875
23.59	36.40	25.21	25.21	3.44	1.77	32.849731	35.907483	34.473086	0.579877
23.59	36.39	25.20	25.20	3.44	1.77	32.844173	35.903392	34.468291	0.579880
23.60	36.39	25.19	25.19	3.44	1.77	32.838613	35.899300	34.463494	0.579883
23.60	36.38	25.19	25.19	3.44	1.77	32.833053	35.895205	34.458695	0.579885
23.60	36.38	25.18	25.18	3.44	1.77	32.827491	35.891109	34.453895	0.579888
23.61	36.38	25.17	25.17	3.44	1.77	32.821928	35.887010	34.449093	0.579891
23.61	36.37	25.16	25.16	3.44	1.77	32.816363	35.882910	34.444290	0.579893
23.61	36.37	25.15	25.15	3.44	1.77	32.810798	35.878808	34.439485	0.579896
23.61	36.36	25.15	25.15	3.44	1.77	32.805232	35.874703	34.434679	0.579898
23.62	36.36	25.14	25.14	3.44	1.77	32.799664	35.870597	34.429871	0.579901
23.62	36.36	25.13	25.13	3.44	1.77	32.794095	35.866489	34.425061	0.579904
23.62	36.35	25.12	25.12	3.44	1.77	32.788525	35.862379	34.420250	0.579906
23.62	36.35	25.11	25.11	3.44	1.77	32.782954	35.858267	34.415438	0.579909
23.63	36.35	25.11	25.11	3.44	1.77	32.777382	35.854153	34.410623	0.579911
23.63	36.34	25.10	25.10	3.44	1.77	32.771809	35.850037	34.405807	0.579914
23.63	36.34	25.09	25.09	3.44	1.77	32.766234	35.845919	34.400990	0.579916
23.64	36.33	25.08	25.08	3.44	1.77	32.760659	35.841799	34.396171	0.579919
23.64	36.33	25.07	25.07	3.44	1.77	32.755082	35.837677	34.391351	0.579921
23.64	36.33	25.07	25.07	3.44	1.77	32.749504	35.833553	34.386528	0.579924
23.64	36.32	25.06	25.06	3.44	1.77	32.743925	35.829428	34.381705	0.579926
23.65	36.32	25.05	25.05	3.44	1.77	32.738345	35.825300	34.376880	0.579929
23.65	36.31	25.04	25.04	3.44	1.77	32.732764	35.821170	34.372053	0.579931
23.65	36.31	25.03	25.03	3.44	1.77	32.727182	35.817039	34.367224	0.579934
23.66	36.31	25.03	25.03	3.44	1.77	32.721598	35.812905	34.362395	0.579936
23.66	36.30	25.02	25.02	3.44	1.77	32.716014	35.808770	34.357563	0.579939
23.66	36.30	25.01	25.01	3.44	1.77	32.710428	35.804632	34.352730	0.579941
23.66	36.30	25.00	25.00	3.44	1.77	32.704841	35.800493	34.347896	0.579944
23.67	36.29	24.99	24.99	3.44	1.77	32.699253	35.796352	34.343060	0.579946
23.67	36.29	24.99	24.99	3.44	1.77	32.693664	35.792209	34.338222	0.579948
23.67	36.28	24.98	24.98	3.44	1.77	32.688074	35.788064	34.333383	0.579951
23.68	36.28	24.97	24.97	3.44	1.77	32.682483	35.783917	34.328542	0.579953
23.68	36.28	24.96	24.96	3.44	1.77	32.676891	35.779768	34.323700	0.579956
23.68	36.27	24.95	24.95	3.44	1.77	32.671297	35.775617	34.318856	0.579958
23.68	36.27	24.95	24.95	3.44	1.77	32.665703	35.771464	34.314011	0.579960
23.69	36.26	24.94	24.94	3.44	1.77	32.660107	35.767309	34.309164	0.579963
23.69	36.26	24.93	24.93	3.44	1.77	32.654511	35.763153	34.304315	0.579965
23.69	36.26	24.92	24.92	3.44	1.77	32.648913	35.758994	34.299465	0.579967
23.69	36.25	24.91	24.91	3.44	1.77	32.643314	35.754834	34.294614	0.579970
23.70	36.25	24.91	24.91	3.44	1.77	32.637714	35.750671	34.289761	0.579972
23.70	36.24	24.90	24.90	3.44	1.77	32.632113	35.746507	34.284906	0.579974
23.70	36.24	24.89	24.89	3.44	1.77	32.626511	35.742341	34.280050	0.579977
23.71	36.24	24.88	24.88	3.44	1.77	32.620907	35.738173	34.275193	0.579979
23.71	36.23	24.87	24.87	3.44	1.78	32.615303	35.734003	34.270333	0.579981
23.71	36.23	24.87	24.87	3.44	1.78	32.609698	35.729831	34.265473	0.579983
23.71	36.23	24.86	24.86	3.44	1.78	32.604091	35.725657	34.260610	0.579986
23.72	36.22	24.85	24.85	3.44	1.78	32.598483	35.721481	34.255747	0.579988
23.72	36.22	24.84	24.84	3.44	1.78	32.592875	35.717303	34.250882	0.579990
23.72	36.21	24.83	24.83	3.44	1.78	32.587265	35.713124	34.246015	0.579992
23.73	36.21	24.83	24.83	3.44	1.78	32.581654	35.708942	34.241146	0.579995
23.73	36.21	24.82	24.82	3.44	1.78	32.576042	35.704759	34.236277	0.579997
23.73	36.20	24.81	24.81	3.44	1.78	32.570429	35.700573	34.231405	0.579999
23.73	36.20	24.80	24.80	3.44	1.78	32.564815	35.696386	34.226533	0.580001
23.74	36.19	24.80	24.80	3.43	1.78	32.559200	35.692197	34.221658	0.580003
23.74	36.19	24.79	24.79	3.43	1.78	32.553584	35.688006	34.216782	0.580005
23.74	36.19	24.78	24.78	3.43	1.78	32.547967	35.683813	34.211905	0.580008
23.74	36.18	24.77	24.77	3.43	1.78	32.542349	35.679618	34.207026	0.580010
23.75	36.18	24.76	24.76	3.43	1.78	32.536729	35.675421	34.202146	0.580012
23.75	36.17	24.76	24.76	3.43	1.78	32.531109	35.671222	34.197264	0.580014
23.75	36.17	24.75	24.75	3.43	1.78	32.525487	35.667022	34.192380	0.580016
23.76	36.17	24.74	24.74	3.43	1.78	32.519865	35.662819	34.187496	0.580018
23.76	36.16	24.73	24.73	3.43	1.78	32.514241	35.658615	34.182609	0.580020
23.76	36.16	24.72	24.72	3.43	1.78	32.508617	35.654409	34.177721	0.580022
23.76	36.15	24.72	24.72	3.43	1.78	32.502991	35.650201	34.172832	0.580024
23.77	36.15	24.71	24.71	3.43	1.78	32.497364	35.645991	34.167941	0.580027
23.77	36.15	24.70	24.70	3.43	1.78	32.491737	35.641779	34.163049	0.580029
23.77	36.14	24.69	24.69	3.43	1.78	32.486108	35.637565	34.158155	0.580031
23.77	36.14	24.68	24.68	3.43	1.78	32.480478	35.633349	34.153259	0.580033
23.78	36.13	24.68	24.68	3.43	1.78	32.474847	35.629131	34.148362	0.580035
23.78	36.13	24.67	24.67	3.43	1.78	32.469215	35.624912	34.143464	0.580037
23.78	36.13	24.66	24.66	3.43	1.78	32.463582	35.620691	34.138564	0.580039
23.79	36.12	24.65	24.65	3.43	1.78	32.457948	35.616467	34.133663	0.580041
23.79	36.12	24.64	24.64	3.43	1.78	32.452313	35.612242	34.128760	0.580043
23.79	36.11	24.64	24.64	3.43	1.78	32.446677	35.608015	34.123856	0.580045
23.79	36.11	24.63	24.63	3.43	1.78	32.441040	35.603786	34.118950	0.580047
23.80	36.11	24.62	24.62	3.43	1.78	32.435402	35.599556	34.114043	0.580049
23.80	36.10	24.61	24.61	3.43	1.78	32.429763	35.595323	34.109134	0.580051
23.80	36.10	24.61	24.61	3.43	1.78	32.424123	35.591089	34.104224	0.580053
23.81	36.09	24.60	24.60	3.43	1.78	32.418481	35.586852	34.099312	0.580055
23.81	36.09	24.59	24.59	3.43	1.78	32.412839	35.582614	34.094399	0.580056
23.81	36.09	24.58	24.58	3.43	1.78	32.407196	35.578374	34.089484	0.580058
23.81	36.08	24.57	24.57	3.43	1.78	32.401552	35.574132	34.084568	0.580060
23.82	36.08	24.57	24.57	3.43	1.78	32.395906	35.569888	34.079651	0.580062
23.82	36.07	24.56	24.56	3.43	1.78	32.390260	35.565642	34.074732	0.580064
23.82	36.07	24.55	24.55	3.43	1.78	32.384613	35.561394	34.069811	0.580066
23.82	36.07	24.54	24.54	3.43	1.78	32.378965	35.557145	34.064889	0.580068
23.83	36.06	24.53	24.53	3.43	1.78	32.373315	35.552894	34.059966	0.580070
23.83	36.06	24.53	24.53	3.43	1.78	32.367665	35.548640	34.055041	0.580072
23.83	36.05	24.52	24.52	3.43	1.78	32.362014	35.544385	34.050114	0.580073
23.84	36.05	24.51	24.51	3.43	1.79	32.356361	35.540128	34.045187	0.580075
23.84	36.05	24.50	24.50	3.43	1.79	32.350708	35.535870	34.040257	0.580077
23.84	36.04	24.49	24.49	3.43	1.79	32.345054	35.531609	34.035326	0.580079
23.84	36.04	24.49	24.49	3.43	1.79	32.339399	35.527347	34.030394	0.580081
23.85	36.03	24.48	24.48	3.43	1.79	32.333742	35.523082	34.025461	0.580082
23.85	36.03	24.47	24.47	3.43	1.79	32.328085	35.518816	34.020526	0.580084
23.85	36.03	24.46	24.46	3.43	1.79	32.322427	35.514548	34.015589	0.580086
23.86	36.02	24.46	24.46	3.43	1.79	32.316767	35.510278	34.010651	0.580088
23.86	36.02	24.45	24.45	3.43	1.79	32.311107	35.506006	34.005711	0.580090
23.86	36.01	24.44	24.44	3.43	1.79	32.305446	35.501733	34.000771	0.580091
23.86	36.01	24.43	24.43	3.43	1.79	32.299784	35.497457	33.995828	0.580093
23.87	36.01	24.42	24.42	3.43	1.79	32.294120	35.493180	33.990884	0.580095
23.87	36.00	24.42	24.42	3.43	1.79	32.288456	35.488901	33.985939	0.580096
23.87	36.00	24.41	24.41	3.43	1.79	32.282791	35.484620	33.980993	0.580098
23.88	35.99	24.40	24.40	3.43	1.79	32.277125	35.480337	33.976044	0.580100
23.88	35.99	24.39	24.39	3.43	1.79	32.271458	35.476052	33.971095	0.580102
23.88	35.99	24.38	24.38	3.43	1.79	32.265790	35.471766	33.966144	0.580103
23.88	35.98	24.38	24.38	3.43	1.79	32.260121	35.467477	33.961191	0.580105
23.89	35.98	24.37	24.37	3.43	1.79	32.254451	35.463187	33.956238	0.580107
23.89	35.97	24.36	24.36	3.43	1.79	32.248780	35.458895	33.951282	0.580108
23.89	35.97	24.35	24.35	3.43	1.79	32.243108	35.454601	33.946326	0.580110
23.89	35.97	24.34	24.34	3.43	1.79	32.237435	35.450305	33.941367	0.580111
23.90	35.96	24.34	24.34	3.43	1.79	32.231761	35.446008	33.936408	0.580113
23.90	35.96	24.33	24.33	3.43	1.79	32.226086	35.441708	33.931447	0.580115
23.90	35.95	24.32	24.32	3.42	1.79	32.220410	35.437407	33.926485	0.580116
23.91	35.95	24.31	24.31	3.42	1.79	32.214733	35.433104	33.921521	0.580118
23.91	35.95	24.31	24.31	3.42	1.79	32.209056	35.428799	33.916555	0.580120
23.91	35.94	24.30	24.30	3.42	1.79	32.203377	35.424492	33.911589	0.580121
23.91	35.94	24.29	24.29	3.42	1.79	32.197697	35.420184	33.906621	0.580123
23.92	35.93	24.28	24.28	3.42	1.79	32.192017	35.415873	33.901651	0.580124
23.92	35.93	24.27	24.27	3.42	1.79	32.186335	35.411561	33.896680	0.580126
23.92	35.93	24.27	24.27	3.42	1.79	32.180653	35.407247	33.891708	0.580127
23.93	35.92	24.26	24.26	3.42	1.79	32.174969	35.402931	33.886734	0.580129
23.93	35.92	24.25	24.25	3.42	1.79	32.169285	35.398614	33.881759	0.580130
23.93	35.91	24.24	24.24	3.42	1.79	32.163600	35.394294	33.876782	0.580132
23.93	35.91	24.23	24.23	3.42	1.79	32.157914	35.389973	33.871804	0.580133
23.94	35.90	24.23	24.23	3.42	1.79	32.152226	35.385650	33.866825	0.580135
23.94	35.90	24.22	24.22	3.42	1.79	32.146538	35.381325	33.861844	0.580136
23.94	35.90	24.21	24.21	3.42	1.79	32.140849	35.376998	33.856862	0.580138
23.94	35.89	24.20	24.20	3.42	1.79	32.135159	35.372670	33.851878	0.580139
23.95	35.89	24.20	24.20	3.42	1.79	32.129468	35.368339	33.846893	0.580141
23.95	35.88	24.19	24.19	3.42	1.79	32.123777	35.364007	33.841907	0.580142
23.95	35.88	24.18	24.18	3.42	1.79	32.118084	35.359673	33.836919	0.580144
23.96	35.88	24.17	24.17	3.42	1.79	32.112390	35.355337	33.831930	0.580145
23.96	35.87	24.16	24.16	3.42	1.79	32.106696	35.351000	33.826940	0.580147
23.96	35.87	24.16	24.16	3.42	1.79	32.101000	35.346660	33.821948	0.580148
23.96	35.86	24.15	24.15	3.42	1.79	32.095304	35.342319	33.816954	0.580149
23.97	35.86	24.14	24.14	3.42	1.79	32.089606	35.337976	33.811960	0.580151
23.97	35.86	24.13	24.13	3.42	1.80	32.083908	35.333631	33.806963	0.580152
23.97	35.85	24.13	24.13	3.42	1.80	32.078209	35.329285	33.801966	0.580153
23.98	35.85	24.12	24.12	3.42	1.80	32.072509	35.324936	33.796967	0.580155
23.98	35.84	24.11	24.11	3.42	1.80	32.066808	35.320586	33.791967	0.580156
23.98	35.84	24.10	24.10	3.42	1.80	32.061106	35.316234	33.786965	0.580158
23.98	35.84	24.09	24.09	3.42	1.80	32.055403	35.311880	33.781962	0.580159
23.99	35.83	24.09	24.09	3.42	1.80	32.049700	35.307524	33.776958	0.580160
23.99	35.83	24.08	24.08	3.42	1.80	32.043995	35.303167	33.771952	0.580162
23.99	35.82	24.07	24.07	3.42	1.80	32.038290	35.298808	33.766945	0.580163
23.99	35.82	24.06	24.06	3.42	1.80	32.032583	35.294447	33.761936	0.580164
24.00	35.81	24.06	24.06	3.42	1.80	32.026876	35.290084	33.756926	0.580165
24.00	35.81	24.05	24.05	3.42	1.80	32.021168	35.285720	33.751915	0.580167
