#Hora	Tint	Ta	Tsa	Hr	Hc	T1	T2	<T12>	Keq2
#1	2	3	4	5	6	7	8	9	10
0.00	28.54	24.05	24.05	3.29	1.32	29.336807	30.383068	29.957998	0.552636
0.00	28.54	24.04	24.04	3.29	1.32	29.331280	30.379780	29.953577	0.552661
0.01	28.54	24.03	24.03	3.29	1.32	29.325753	30.376491	29.949157	0.552685
0.01	28.54	24.02	24.02	3.29	1.32	29.320226	30.373203	29.944736	0.552709
0.01	28.54	24.02	24.02	3.29	1.32	29.314699	30.369914	29.940315	0.552734
0.01	28.54	24.01	24.01	3.29	1.32	29.309173	30.366626	29.935894	0.552758
0.02	28.54	24.00	24.00	3.29	1.32	29.303646	30.363337	29.931474	0.552782
0.02	28.54	23.99	23.99	3.29	1.32	29.298120	30.360048	29.927053	0.552807
0.02	28.54	23.98	23.98	3.29	1.32	29.292594	30.356758	29.922632	0.552831
0.03	28.54	23.98	23.98	3.29	1.33	29.287068	30.353469	29.918211	0.552855
0.03	28.54	23.97	23.97	3.29	1.33	29.281543	30.350179	29.913790	0.552879
0.03	28.54	23.96	23.96	3.29	1.33	29.276017	30.346889	29.909369	0.552903
0.03	28.54	23.95	23.95	3.29	1.33	29.270492	30.343599	29.904948	0.552927
0.04	28.54	23.95	23.95	3.29	1.33	29.264967	30.340309	29.900528	0.552951
0.04	28.54	23.94	23.94	3.29	1.33	29.259442	30.337019	29.896107	0.552974
0.04	28.54	23.93	23.93	3.29	1.33	29.253917	30.333728	29.891686	0.552998
0.04	28.54	23.92	23.92	3.29	1.33	29.248393	30.330437	29.887265	0.553022
0.05	28.54	23.91	23.91	3.29	1.33	29.242869	30.327146	29.882844	0.553046
0.05	28.54	23.91	23.91	3.29	1.33	29.237345	30.323855	29.878423	0.553069
0.05	28.54	23.90	23.90	3.29	1.33	29.231821	30.320564	29.874002	0.553093
0.06	28.54	23.89	23.89	3.29	1.33	29.226298	30.317272	29.869581	0.553116
0.06	28.54	23.88	23.88	3.29	1.33	29.220775	30.313981	29.865161	0.553140
0.06	28.54	23.88	23.88	3.29	1.34	29.215252	30.310689	29.860740	0.553163
0.06	28.54	23.87	23.87	3.29	1.34	29.209729	30.307397	29.856319	0.553187
0.07	28.54	23.86	23.86	3.29	1.34	29.204206	30.304105	29.851898	0.553210
0.07	28.54	23.85	23.85	3.29	1.34	29.198684	30.300812	29.847477	0.553233
0.07	28.54	23.84	23.84	3.29	1.34	29.193162	30.297520	29.843056	0.553257
0.07	28.54	23.84	23.84	3.29	1.34	29.187640	30.294227	29.838635	0.553280
0.08	28.54	23.83	23.83	3.29	1.34	29.182119	30.290934	29.834215	0.553303
0.08	28.54	23.82	23.82	3.29	1.34	29.176597	30.287641	29.829794	0.553326
0.08	28.54	23.81	23.81	3.29	1.34	29.171076	30.284348	29.825373	0.553349
0.09	28.54	23.81	23.81	3.29	1.34	29.165555	30.281055	29.820952	0.553372
0.09	28.54	23.80	23.80	3.29	1.34	29.160035	30.277761	29.816532	0.553395
0.09	28.54	23.79	23.79	3.29	1.34	29.154514	30.274467	29.812111	0.553418
0.09	28.54	23.78	23.78	3.29	1.34	29.148994	30.271173	29.807690	0.553441
0.10	28.54	23.78	23.78	3.29	1.34	29.143474	30.267879	29.803269	0.553464
0.10	28.54	23.77	23.77	3.29	1.35	29.137954	30.264585	29.798849	0.553487
0.10	28.54	23.76	23.76	3.29	1.35	29.132435	30.261291	29.794428	0.553509
0.11	28.54	23.75	23.75	3.29	1.35	29.126915	30.257996	29.790008	0.553532
0.11	28.54	23.74	23.74	3.29	1.35	29.121396	30.254701	29.785587	0.553555
0.11	28.54	23.74	23.74	3.29	1.35	29.115878	30.251406	29.781166	0.553577
0.11	28.54	23.73	23.73	3.29	1.35	29.110359	30.248111	29.776746	0.553600
0.12	28.54	23.72	23.72	3.29	1.35	29.104841	30.244816	29.772325	0.553622
0.12	28.54	23.71	23.71	3.29	1.35	29.099323	30.241521	29.767905	0.553645
0.12	28.54	23.71	23.71	3.29	1.35	29.093805	30.238225	29.763484	0.553667
0.12	28.54	23.70	23.70	3.29	1.35	29.088287	30.234929	29.759064	0.553690
0.13	28.54	23.69	23.69	3.29	1.35	29.082770	30.231634	29.754644	0.553712
0.13	28.54	23.68	23.68	3.29	1.35	29.077253	30.228337	29.750223	0.553734
0.13	28.54	23.67	23.67	3.29	1.35	29.071736	30.225041	29.745803	0.553756
0.14	28.54	23.67	23.67	3.29	1.35	29.066219	30.221745	29.741382	0.553779
0.14	28.54	23.66	23.66	3.29	1.36	29.060703	30.218448	29.736962	0.553801
0.14	28.54	23.65	23.65	3.29	1.36	29.055187	30.215152	29.732542	0.553823
0.14	28.54	23.64	23.64	3.29	1.36	29.049671	30.211855	29.728122	0.553845
0.15	28.54	23.64	23.64	3.29	1.36	29.044155	30.208558	29.723702	0.553867
0.15	28.54	23.63	23.63	3.29	1.36	29.038640	30.205261	29.719281	0.553889
0.15	28.54	23.62	23.62	3.29	1.36	29.033125	30.201963	29.714861	0.553911
0.16	28.54	23.61	23.61	3.29	1.36	29.027610	30.198666	29.710441	0.553933
0.16	28.54	23.61	23.61	3.29	1.36	29.022095	30.195368	29.706021	0.553955
0.16	28.54	23.60	23.60	3.29	1.36	29.016581	30.192070	29.701601	0.553976
0.16	28.54	23.59	23.59	3.29	1.36	29.011067	30.188773	29.697181	0.553998
0.17	28.54	23.58	23.58	3.29	1.36	29.005553	30.185474	29.692761	0.554020
0.17	28.54	23.57	23.57	3.28	1.36	29.000039	30.182176	29.688342	0.554042
0.17	28.54	23.57	23.57	3.28	1.36	28.994526	30.178878	29.683922	0.554063
0.17	28.54	23.56	23.56	3.28	1.36	28.989013	30.175579	29.679502	0.554085
0.18	28.54	23.55	23.55	3.28	1.37	28.983500	30.172281	29.675082	0.554106
0.18	28.54	23.54	23.54	3.28	1.37	28.977988	30.168982	29.670663	0.554128
0.18	28.54	23.54	23.54	3.28	1.37	28.972475	30.165683	29.666243	0.554149
0.19	28.54	23.53	23.53	3.28	1.37	28.966963	30.162384	29.661824	0.554171
0.19	28.54	23.52	23.52	3.28	1.37	28.961452	30.159084	29.657404	0.554192
0.19	28.54	23.51	23.51	3.28	1.37	28.955940	30.155785	29.652985	0.554214
0.19	28.54	23.51	23.51	3.28	1.37	28.950429	30.152485	29.648565	0.554235
0.20	28.54	23.50	23.50	3.28	1.37	28.944918	30.149186	29.644146	0.554256
0.20	28.54	23.49	23.49	3.28	1.37	28.939408	30.145886	29.639726	0.554277
0.20	28.54	23.48	23.48	3.28	1.37	28.933897	30.142586	29.635307	0.554299
0.21	28.54	23.47	23.47	3.28	1.37	28.928387	30.139286	29.630888	0.554320
0.21	28.54	23.47	23.47	3.28	1.37	28.922877	30.135985	29.626469	0.554341
0.21	28.54	23.46	23.46	3.28	1.37	28.917368	30.132685	29.622050	0.554362
0.21	28.54	23.45	23.45	3.28	1.37	28.911859	30.129384	29.617631	0.554383
0.22	28.54	23.44	23.44	3.28	1.38	28.906350	30.126084	29.613212	0.554404
0.22	28.54	23.44	23.44	3.28	1.38	28.900841	30.122783	29.608793	0.554425
0.22	28.54	23.43	23.43	3.28	1.38	28.895333	30.119482	29.604374	0.554446
0.23	28.54	23.42	23.42	3.28	1.38	28.889825	30.116181	29.599955	0.554467
0.23	28.54	23.41	23.41	3.28	1.38	28.884317	30.112880	29.595536	0.554488
0.23	28.54	23.41	23.41	3.28	1.38	28.878809	30.109578	29.591118	0.554508
0.23	28.54	23.40	23.40	3.28	1.38	28.873302	30.106277	29.586699	0.554529
0.24	28.54	23.39	23.39	3.28	1.38	28.867795	30.102975	29.582281	0.554550
0.24	28.54	23.38	23.38	3.28	1.38	28.862289	30.099673	29.577862	0.554570
0.24	28.54	23.38	23.38	3.28	1.38	28.856782	30.096371	29.573444	0.554591
0.24	28.54	23.37	23.37	3.28	1.38	28.851276	30.093069	29.569026	0.554612
0.25	28.54	23.36	23.36	3.28	1.38	28.845771	30.089767	29.564607	0.554632
0.25	28.54	23.35	23.35	3.28	1.38	28.840265	30.086465	29.560189	0.554653
0.25	28.54	23.34	23.34	3.28	1.38	28.834760	30.083162	29.555771	0.554673
0.26	28.54	23.34	23.34	3.28	1.38	28.829255	30.079860	29.551353	0.554694
0.26	28.54	23.33	23.33	3.28	1.39	28.823751	30.076557	29.546935	0.554714
0.26	28.54	23.32	23.32	3.28	1.39	28.818247	30.073254	29.542517	0.554734
0.26	28.54	23.31	23.31	3.28	1.39	28.812743	30.069951	29.538099	0.554755
0.27	28.54	23.31	23.31	3.28	1.39	28.807239	30.066648	29.533682	0.554775
0.27	28.54	23.30	23.30	3.28	1.39	28.801736	30.063345	29.529264	0.554795
0.27	28.54	23.29	23.29	3.28	1.39	28.796233	30.060041	29.524846	0.554816
0.28	28.54	23.28	23.28	3.28	1.39	28.790730	30.056738	29.520429	0.554836
0.28	28.54	23.28	23.28	3.28	1.39	28.785228	30.053434	29.516011	0.554856
0.28	28.54	23.27	23.27	3.28	1.39	28.779726	30.050130	29.511594	0.554876
0.28	28.54	23.26	23.26	3.28	1.39	28.774224	30.046826	29.507177	0.554896
0.29	28.54	23.25	23.25	3.28	1.39	28.768723	30.043522	29.502760	0.554916
0.29	28.54	23.25	23.25	3.28	1.39	28.763222	30.040218	29.498343	0.554936
0.29	28.54	23.24	23.24	3.28	1.39	28.757721	30.036914	29.493926	0.554956
0.29	28.54	23.23	23.23	3.28	1.39	28.752221	30.033610	29.489509	0.554976
0.30	28.54	23.22	23.22	3.28	1.39	28.746721	30.030305	29.485092	0.554996
0.30	28.54	23.21	23.21	3.28	1.39	28.741221	30.027001	29.480675	0.555016
0.30	28.54	23.21	23.21	3.28	1.40	28.735722	30.023696	29.476259	0.555035
0.31	28.54	23.20	23.20	3.28	1.40	28.730223	30.020391	29.471842	0.555055
0.31	28.54	23.19	23.19	3.28	1.40	28.724724	30.017086	29.467426	0.555075
0.31	28.54	23.18	23.18	3.28	1.40	28.719226	30.013781	29.463009	0.555095
0.31	28.54	23.18	23.18	3.28	1.40	28.713727	30.010476	29.458593	0.555114
0.32	28.54	23.17	23.17	3.28	1.40	28.708230	30.007171	29.454177	0.555134
0.32	28.54	23.16	23.16	3.28	1.40	28.702732	30.003865	29.449761	0.555153
0.32	28.54	23.15	23.15	3.28	1.40	28.697235	30.000560	29.445345	0.555173
0.33	28.54	23.15	23.15	3.28	1.40	28.691739	29.997254	29.440929	0.555192
0.33	28.54	23.14	23.14	3.28	1.40	28.686242	29.993948	29.436513	0.555212
0.33	28.54	23.13	23.13	3.28	1.40	28.680746	29.990642	29.432097	0.555231
0.33	28.54	23.12	23.12	3.28	1.40	28.675251	29.987336	29.427682	0.555251
0.34	28.54	23.12	23.12	3.28	1.40	28.669755	29.984030	29.423266	0.555270
0.34	28.54	23.11	23.11	3.28	1.40	28.664260	29.980724	29.418851	0.555290
0.34	28.54	23.10	23.10	3.28	1.40	28.658766	29.977418	29.414436	0.555309
0.34	28.54	23.09	23.09	3.28	1.41	28.653272	29.974111	29.410021	0.555328
0.35	28.54	23.09	23.09	3.28	1.41	28.647778	29.970805	29.405606	0.555347
0.35	28.54	23.08	23.08	3.28	1.41	28.642284	29.967498	29.401191	0.555367
0.35	28.54	23.07	23.07	3.28	1.41	28.636791	29.964191	29.396776	0.555386
0.36	28.54	23.06	23.06	3.28	1.41	28.631298	29.960884	29.392361	0.555405
0.36	28.54	23.06	23.06	3.28	1.41	28.625806	29.957577	29.387947	0.555424
0.36	28.54	23.05	23.05	3.28	1.41	28.620314	29.954270	29.383532	0.555443
0.36	28.54	23.04	23.04	3.27	1.41	28.614822	29.950963	29.379118	0.555462
0.37	28.54	23.03	23.03	3.27	1.41	28.609331	29.947656	29.374703	0.555481
0.37	28.54	23.03	23.03	3.27	1.41	28.603840	29.944348	29.370289	0.555500
0.37	28.54	23.02	23.02	3.27	1.41	28.598349	29.941041	29.365875	0.555519
0.38	28.54	23.01	23.01	3.27	1.41	28.592859	29.937733	29.361461	0.555538
0.38	28.54	23.00	23.00	3.27	1.41	28.587369	29.934426	29.357048	0.555557
0.38	28.54	23.00	23.00	3.27	1.41	28.581880	29.931118	29.352634	0.555575
0.38	28.54	22.99	22.99	3.27	1.41	28.576390	29.927810	29.348220	0.555594
0.39	28.54	22.98	22.98	3.27	1.41	28.570902	29.924502	29.343807	0.555613
0.39	28.54	22.97	22.97	3.27	1.42	28.565413	29.921194	29.339394	0.555632
0.39	28.54	22.96	22.96	3.27	1.42	28.559925	29.917886	29.334981	0.555650
0.39	28.54	22.96	22.96	3.27	1.42	28.554438	29.914577	29.330568	0.555669
0.40	28.54	22.95	22.95	3.27	1.42	28.548951	29.911269	29.326155	0.555688
0.40	28.54	22.94	22.94	3.27	1.42	28.543464	29.907961	29.321742	0.555706
0.40	28.54	22.93	22.93	3.27	1.42	28.537977	29.904652	29.317329	0.555725
0.41	28.54	22.93	22.93	3.27	1.42	28.532491	29.901343	29.312917	0.555743
0.41	28.54	22.92	22.92	3.27	1.42	28.527006	29.898035	29.308504	0.555762
0.41	28.54	22.91	22.91	3.27	1.42	28.521521	29.894726	29.304092	0.555780
0.41	28.54	22.90	22.90	3.27	1.42	28.516036	29.891417	29.299680	0.555799
0.42	28.54	22.90	22.90	3.27	1.42	28.510551	29.888108	29.295268	0.555817
0.42	28.54	22.89	22.89	3.27	1.42	28.505067	29.884799	29.290856	0.555835
0.42	28.54	22.88	22.88	3.27	1.42	28.499584	29.881489	29.286444	0.555854
0.42	28.54	22.87	22.87	3.27	1.42	28.494100	29.878180	29.282033	0.555872
0.43	28.54	22.87	22.87	3.27	1.42	28.488617	29.874871	29.277621	0.555890
0.43	28.54	22.86	22.86	3.27	1.42	28.483135	29.871561	29.273210	0.555909
0.43	28.54	22.85	22.85	3.27	1.42	28.477653	29.868252	29.268799	0.555927
0.44	28.54	22.84	22.84	3.27	1.43	28.472171	29.864942	29.264388	0.555945
0.44	28.54	22.84	22.84	3.27	1.43	28.466690	29.861632	29.259977	0.555963
0.44	28.54	22.83	22.83	3.27	1.43	28.461209	29.858323	29.255566	0.555981
0.44	28.54	22.82	22.82	3.27	1.43	28.455729	29.855013	29.251156	0.555999
0.45	28.54	22.81	22.81	3.27	1.43	28.450249	29.851703	29.246745	0.556017
0.45	28.54	22.81	22.81	3.27	1.43	28.444769	29.848393	29.242335	0.556035
0.45	28.54	22.80	22.80	3.27	1.43	28.439290	29.845082	29.237925	0.556053
0.46	28.54	22.79	22.79	3.27	1.43	28.433811	29.841772	29.233515	0.556071
0.46	28.54	22.78	22.78	3.27	1.43	28.428333	29.838462	29.229105	0.556089
0.46	28.54	22.78	22.78	3.27	1.43	28.422855	29.835151	29.224695	0.556107
0.46	28.54	22.77	22.77	3.27	1.43	28.417378	29.831841	29.220286	0.556125
0.47	28.54	22.76	22.76	3.27	1.43	28.411901	29.828530	29.215877	0.556143
0.47	28.54	22.75	22.75	3.27	1.43	28.406424	29.825220	29.211467	0.556160
0.47	28.54	22.75	22.75	3.27	1.43	28.400948	29.821909	29.207058	0.556178
0.47	28.54	22.74	22.74	3.27	1.43	28.395472	29.818598	29.202649	0.556196
0.48	28.54	22.73	22.73	3.27	1.43	28.389997	29.815288	29.198241	0.556214
0.48	28.54	22.72	22.72	3.27	1.44	28.384522	29.811977	29.193832	0.556231
0.48	28.54	22.72	22.72	3.27	1.44	28.379047	29.808666	29.189424	0.556249
0.49	28.54	22.71	22.71	3.27	1.44	28.373573	29.805355	29.185015	0.556266
0.49	28.54	22.70	22.70	3.27	1.44	28.368100	29.802043	29.180607	0.556284
0.49	28.54	22.69	22.69	3.27	1.44	28.362626	29.798732	29.176200	0.556302
0.49	28.54	22.69	22.69	3.27	1.44	28.357154	29.795421	29.171792	0.556319
0.50	28.54	22.68	22.68	3.27	1.44	28.351682	29.792110	29.167384	0.556337
0.50	28.54	22.67	22.67	3.27	1.44	28.346210	29.788798	29.162977	0.556354
0.50	28.54	22.66	22.66	3.27	1.44	28.340738	29.785487	29.158570	0.556371
0.51	28.54	22.66	22.66	3.27	1.44	28.335267	29.782175	29.154162	0.556389
0.51	28.54	22.65	22.65	3.27	1.44	28.329797	29.778863	29.149756	0.556406
0.51	28.54	22.64	22.64	3.27	1.44	28.324327	29.775552	29.145349	0.556423
0.51	28.54	22.64	22.64	3.27	1.44	28.318857	29.772240	29.140942	0.556441
0.52	28.54	22.63	22.63	3.27	1.44	28.313388	29.768928	29.136536	0.556458
0.52	28.54	22.62	22.62	3.27	1.44	28.307919	29.765616	29.132130	0.556475
0.52	28.54	22.61	22.61	3.27	1.44	28.302451	29.762304	29.127724	0.556492
0.53	28.54	22.61	22.61	3.27	1.44	28.296984	29.758992	29.123318	0.556510
0.53	28.54	22.60	22.60	3.27	1.45	28.291516	29.755680	29.118912	0.556527
0.53	28.54	22.59	22.59	3.27	1.45	28.286049	29.752368	29.114507	0.556544
0.53	28.54	22.58	22.58	3.27	1.45	28.280583	29.749056	29.110102	0.556561
0.54	28.54	22.58	22.58	3.27	1.45	28.275117	29.745744	29.105697	0.556578
0.54	28.54	22.57	22.57	3.27	1.45	28.269652	29.742431	29.101292	0.556595
0.54	28.54	22.56	22.56	3.27	1.45	28.264187	29.739119	29.096887	0.556612
0.54	28.54	22.55	22.55	3.27	1.45	28.258722	29.735807	29.092482	0.556629
0.55	28.54	22.55	22.55	3.27	1.45	28.253258	29.732494	29.088078	0.556646
0.55	28.54	22.54	22.54	3.27	1.45	28.247795	29.729182	29.083674	0.556663
0.55	28.54	22.53	22.53	3.27	1.45	28.242332	29.725869	29.079270	0.556680
0.56	28.54	22.52	22.52	3.27	1.45	28.236869	29.722556	29.074866	0.556697
0.56	28.54	22.52	22.52	3.26	1.45	28.231407	29.719244	29.070463	0.556714
0.56	28.54	22.51	22.51	3.26	1.45	28.225945	29.715931	29.066059	0.556730
0.56	28.54	22.50	22.50	3.26	1.45	28.220484	29.712618	29.061656	0.556747
0.57	28.54	22.49	22.49	3.26	1.45	28.215023	29.709305	29.057253	0.556764
0.57	28.54	22.49	22.49	3.26	1.45	28.209563	29.705992	29.052850	0.556781
0.57	28.54	22.48	22.48	3.26	1.45	28.204104	29.702679	29.048448	0.556797
0.57	28.54	22.47	22.47	3.26	1.45	28.198644	29.699366	29.044045	0.556814
0.58	28.54	22.46	22.46	3.26	1.46	28.193186	29.696053	29.039643	0.556831
0.58	28.54	22.46	22.46	3.26	1.46	28.187727	29.692740	29.035241	0.556847
0.58	28.54	22.45	22.45	3.26	1.46	28.182270	29.689427	29.030839	0.556864
0.59	28.54	22.44	22.44	3.26	1.46	28.176812	29.686114	29.026438	0.556880
0.59	28.54	22.43	22.43	3.26	1.46	28.171356	29.682801	29.022036	0.556897
0.59	28.54	22.43	22.43	3.26	1.46	28.165899	29.679487	29.017635	0.556913
0.59	28.54	22.42	22.42	3.26	1.46	28.160444	29.676174	29.013234	0.556930
0.60	28.54	22.41	22.41	3.26	1.46	28.154988	29.672861	29.008833	0.556946
0.60	28.54	22.41	22.41	3.26	1.46	28.149534	29.669547	29.004433	0.556963
0.60	28.54	22.40	22.40	3.26	1.46	28.144079	29.666234	29.000033	0.556979
0.61	28.54	22.39	22.39	3.26	1.46	28.138626	29.662920	28.995632	0.556995
0.61	28.54	22.38	22.38	3.26	1.46	28.133172	29.659607	28.991233	0.557012
0.61	28.54	22.38	22.38	3.26	1.46	28.127720	29.656293	28.986833	0.557028
0.61	28.54	22.37	22.37	3.26	1.46	28.122268	29.652980	28.982433	0.557044
0.62	28.54	22.36	22.36	3.26	1.46	28.116816	29.649666	28.978034	0.557060
0.62	28.54	22.35	22.35	3.26	1.46	28.111365	29.646352	28.973635	0.557077
0.62	28.54	22.35	22.35	3.26	1.46	28.105914	29.643039	28.969236	0.557093
0.62	28.54	22.34	22.34	3.26	1.46	28.100464	29.639725	28.964838	0.557109
0.63	28.54	22.33	22.33	3.26	1.47	28.095014	29.636411	28.960440	0.557125
0.63	28.54	22.32	22.32	3.26	1.47	28.089565	29.633097	28.956041	0.557141
0.63	28.54	22.32	22.32	3.26	1.47	28.084117	29.629783	28.951643	0.557157
0.64	28.54	22.31	22.31	3.26	1.47	28.078669	29.626470	28.947246	0.557173
0.64	28.54	22.30	22.30	3.26	1.47	28.073221	29.623156	28.942848	0.557189
0.64	28.54	22.30	22.30	3.26	1.47	28.067774	29.619842	28.938451	0.557205
0.64	28.54	22.29	22.29	3.26	1.47	28.062328	29.616528	28.934054	0.557221
0.65	28.54	22.28	22.28	3.26	1.47	28.056882	29.613214	28.929657	0.557237
0.65	28.54	22.27	22.27	3.26	1.47	28.051436	29.609900	28.925261	0.557253
0.65	28.54	22.27	22.27	3.26	1.47	28.045991	29.606586	28.920865	0.557269
0.66	28.54	22.26	22.26	3.26	1.47	28.040547	29.603272	28.916469	0.557285
0.66	28.54	22.25	22.25	3.26	1.47	28.035103	29.599957	28.912073	0.557301
0.66	28.54	22.24	22.24	3.26	1.47	28.029660	29.596643	28.907677	0.557317
0.66	28.54	22.24	22.24	3.26	1.47	28.024217	29.593329	28.903282	0.557332
0.67	28.54	22.23	22.23	3.26	1.47	28.018775	29.590015	28.898887	0.557348
0.67	28.54	22.22	22.22	3.26	1.47	28.013334	29.586701	28.894492	0.557364
0.67	28.54	22.21	22.21	3.26	1.47	28.007893	29.583387	28.890097	0.557380
0.68	28.54	22.21	22.21	3.26	1.47	28.002452	29.580072	28.885703	0.557395
0.68	28.54	22.20	22.20	3.26	1.48	27.997012	29.576758	28.881309	0.557411
0.68	28.54	22.19	22.19	3.26	1.48	27.991573	29.573444	28.876915	0.557427
0.68	28.54	22.19	22.19	3.26	1.48	27.986134	29.570130	28.872521	0.557442
0.69	28.54	22.18	22.18	3.26	1.48	27.980695	29.566815	28.868128	0.557458
0.69	28.54	22.17	22.17	3.26	1.48	27.975258	29.563501	28.863735	0.557473
0.69	28.54	22.16	22.16	3.26	1.48	27.969820	29.560187	28.859342	0.557489
0.69	28.54	22.16	22.16	3.26	1.48	27.964384	29.556872	28.854949	0.557504
0.70	28.54	22.15	22.15	3.26	1.48	27.958948	29.553558	28.850557	0.557520
0.70	28.54	22.14	22.14	3.26	1.48	27.953512	29.550243	28.846165	0.557535
0.70	28.54	22.13	22.13	3.26	1.48	27.948077	29.546929	28.841773	0.557551
0.71	28.54	22.13	22.13	3.26	1.48	27.942643	29.543615	28.837381	0.557566
0.71	28.54	22.12	22.12	3.26	1.48	27.937209	29.540300	28.832990	0.557581
0.71	28.54	22.11	22.11	3.26	1.48	27.931776	29.536986	28.828599	0.557597
0.71	28.54	22.10	22.10	3.26	1.48	27.926343	29.533671	28.824208	0.557612
0.72	28.54	22.10	22.10	3.26	1.48	27.920911	29.530357	28.819817	0.557627
0.72	28.54	22.09	22.09	3.26	1.48	27.915479	29.527042	28.815427	0.557643
0.72	28.54	22.08	22.08	3.26	1.48	27.910049	29.523728	28.811037	0.557658
0.72	28.54	22.08	22.08	3.26	1.48	27.904618	29.520414	28.806647	0.557673
0.73	28.54	22.07	22.07	3.26	1.48	27.899188	29.517099	28.802258	0.557688
0.73	28.54	22.06	22.06	3.26	1.49	27.893759	29.513785	28.797868	0.557703
0.73	28.54	22.05	22.05	3.26	1.49	27.888331	29.510470	28.793480	0.557719
0.74	28.54	22.05	22.05	3.26	1.49	27.882902	29.507156	28.789091	0.557734
0.74	28.54	22.04	22.04	3.26	1.49	27.877475	29.503841	28.784702	0.557749
0.74	28.54	22.03	22.03	3.26	1.49	27.872048	29.500527	28.780314	0.557764
0.74	28.54	22.03	22.03	3.26	1.49	27.866622	29.497212	28.775926	0.557779
0.75	28.54	22.02	22.02	3.26	1.49	27.861196	29.493898	28.771539	0.557794
0.75	28.54	22.01	22.01	3.26	1.49	27.855771	29.490583	28.767151	0.557809
0.75	28.54	22.00	22.00	3.26	1.49	27.850347	29.487269	28.762764	0.557824
0.76	28.54	22.00	22.00	3.25	1.49	27.844923	29.483954	28.758378	0.557839
0.76	28.54	21.99	21.99	3.25	1.49	27.839499	29.480640	28.753991	0.557854
0.76	28.54	21.98	21.98	3.25	1.49	27.834077	29.477325	28.749605	0.557869
0.76	28.54	21.97	21.97	3.25	1.49	27.828655	29.474011	28.745219	0.557884
0.77	28.54	21.97	21.97	3.25	1.49	27.823233	29.470696	28.740833	0.557898
0.77	28.54	21.96	21.96	3.25	1.49	27.817812	29.467382	28.736448	0.557913
0.77	28.54	21.95	21.95	3.25	1.49	27.812392	29.464067	28.732063	0.557928
0.78	28.54	21.95	21.95	3.25	1.49	27.806972	29.460753	28.727678	0.557943
0.78	28.54	21.94	21.94	3.25	1.49	27.801553	29.457439	28.723294	0.557958
0.78	28.54	21.93	21.93	3.25	1.49	27.796135	29.454124	28.718909	0.557972
0.78	28.54	21.92	21.92	3.25	1.50	27.790717	29.450810	28.714525	0.557987
0.79	28.54	21.92	21.92	3.25	1.50	27.785300	29.447495	28.710142	0.558002
0.79	28.54	21.91	21.91	3.25	1.50	27.779883	29.444181	28.705758	0.558016
0.79	28.54	21.90	21.90	3.25	1.50	27.774467	29.440867	28.701375	0.558031
0.79	28.54	21.89	21.89	3.25	1.50	27.769051	29.437552	28.696993	0.558046
0.80	28.54	21.89	21.89	3.25	1.50	27.763637	29.434238	28.692610	0.558060
0.80	28.54	21.88	21.88	3.25	1.50	27.758223	29.430924	28.688228	0.558075
0.80	28.54	21.87	21.87	3.25	1.50	27.752809	29.427609	28.683846	0.558089
0.81	28.54	21.87	21.87	3.25	1.50	27.747396	29.424295	28.679465	0.558104
0.81	28.54	21.86	21.86	3.25	1.50	27.741984	29.420981	28.675083	0.558118
0.81	28.54	21.85	21.85	3.25	1.50	27.736572	29.417667	28.670702	0.558133
0.81	28.54	21.84	21.84	3.25	1.50	27.731161	29.414352	28.666322	0.558147
0.82	28.54	21.84	21.84	3.25	1.50	27.725751	29.411038	28.661942	0.558162
0.82	28.54	21.83	21.83	3.25	1.50	27.720341	29.407724	28.657561	0.558176
0.82	28.54	21.82	21.82	3.25	1.50	27.714932	29.404410	28.653182	0.558190
0.82	28.54	21.82	21.82	3.25	1.50	27.709524	29.401096	28.648802	0.558205
0.83	28.54	21.81	21.81	3.25	1.50	27.704116	29.397781	28.644423	0.558219
0.83	28.54	21.80	21.80	3.25	1.50	27.698709	29.394467	28.640045	0.558233
0.83	28.54	21.79	21.79	3.25	1.50	27.693302	29.391153	28.635666	0.558248
0.84	28.54	21.79	21.79	3.25	1.50	27.687896	29.387839	28.631288	0.558262
0.84	28.54	21.78	21.78	3.25	1.51	27.682491	29.384525	28.626910	0.558276
0.84	28.54	21.77	21.77	3.25	1.51	27.677086	29.381211	28.622533	0.558290
0.84	28.54	21.77	21.77	3.25	1.51	27.671683	29.377897	28.618155	0.558305
0.85	28.54	21.76	21.76	3.25	1.51	27.666279	29.374583	28.613778	0.558319
0.85	28.54	21.75	21.75	3.25	1.51	27.660877	29.371270	28.609402	0.558333
0.85	28.54	21.74	21.74	3.25	1.51	27.655475	29.367956	28.605026	0.558347
0.86	28.54	21.74	21.74	3.25	1.51	27.650073	29.364642	28.600650	0.558361
0.86	28.54	21.73	21.73	3.25	1.51	27.644673	29.361328	28.596274	0.558375
0.86	28.54	21.72	21.72	3.25	1.51	27.639273	29.358014	28.591899	0.558389
0.86	28.54	21.72	21.72	3.25	1.51	27.633873	29.354701	28.587524	0.558403
0.87	28.54	21.71	21.71	3.25	1.51	27.628475	29.351387	28.583149	0.558417
0.87	28.54	21.70	21.70	3.25	1.51	27.623077	29.348073	28.578775	0.558431
0.87	28.54	21.69	21.69	3.25	1.51	27.617679	29.344760	28.574401	0.558445
0.88	28.54	21.69	21.69	3.25	1.51	27.612283	29.341446	28.570028	0.558459
0.88	28.54	21.68	21.68	3.25	1.51	27.606887	29.338133	28.565654	0.558473
0.88	28.54	21.67	21.67	3.25	1.51	27.601491	29.334819	28.561281	0.558487
0.88	28.54	21.67	21.67	3.25	1.51	27.596097	29.331506	28.556909	0.558501
0.89	28.54	21.66	21.66	3.25	1.51	27.590703	29.328192	28.552536	0.558515
0.89	28.54	21.65	21.65	3.25	1.51	27.585309	29.324879	28.548164	0.558529
0.89	28.54	21.64	21.64	3.25	1.51	27.579917	29.321565	28.543793	0.558542
0.89	28.54	21.64	21.64	3.25	1.52	27.574525	29.318252	28.539422	0.558556
0.90	28.54	21.63	21.63	3.25	1.52	27.569134	29.314939	28.535051	0.558570
0.90	28.54	21.62	21.62	3.25	1.52	27.563743	29.311626	28.530680	0.558584
0.90	28.54	21.62	21.62	3.25	1.52	27.558353	29.308313	28.526310	0.558597
0.91	28.54	21.61	21.61	3.25	1.52	27.552964	29.305000	28.521940	0.558611
0.91	28.54	21.60	21.60	3.25	1.52	27.547575	29.301687	28.517571	0.558625
0.91	28.54	21.59	21.59	3.25	1.52	27.542188	29.298374	28.513201	0.558639
0.91	28.54	21.59	21.59	3.25	1.52	27.536800	29.295061	28.508832	0.558652
0.92	28.54	21.58	21.58	3.25	1.52	27.531414	29.291748	28.504464	0.558666
0.92	28.54	21.57	21.57	3.25	1.52	27.526028	29.288435	28.500096	0.558679
0.92	28.54	21.57	21.57	3.25	1.52	27.520643	29.285122	28.495728	0.558693
0.93	28.54	21.56	21.56	3.25	1.52	27.515259	29.281809	28.491361	0.558706
0.93	28.54	21.55	21.55	3.25	1.52	27.509875	29.278497	28.486994	0.558720
0.93	28.54	21.54	21.54	3.25	1.52	27.504492	29.275184	28.482627	0.558733
0.93	28.54	21.54	21.54	3.25	1.52	27.499110	29.271871	28.478261	0.558747
0.94	28.54	21.53	21.53	3.25	1.52	27.493729	29.268559	28.473895	0.558760
0.94	28.54	21.52	21.52	3.25	1.52	27.488348	29.265247	28.469529	0.558774
0.94	28.54	21.52	21.52	3.25	1.52	27.482968	29.261934	28.465164	0.558787
0.94	28.54	21.51	21.51	3.25	1.52	27.477588	29.258622	28.460799	0.558801
0.95	28.54	21.50	21.50	3.25	1.52	27.472210	29.255310	28.456434	0.558814
0.95	28.54	21.50	21.50	3.25	1.53	27.466832	29.251997	28.452070	0.558827
0.95	28.54	21.49	21.49	3.24	1.53	27.461454	29.248685	28.447706	0.558841
0.96	28.54	21.48	21.48	3.24	1.53	27.456078	29.245373	28.443343	0.558854
0.96	28.54	21.47	21.47	3.24	1.53	27.450702	29.242061	28.438980	0.558867
0.96	28.54	21.47	21.47	3.24	1.53	27.445327	29.238749	28.434617	0.558881
0.96	28.54	21.46	21.46	3.24	1.53	27.439953	29.235437	28.430255	0.558894
0.97	28.54	21.45	21.45	3.24	1.53	27.434579	29.232125	28.425893	0.558907
0.97	28.54	21.45	21.45	3.24	1.53	27.429206	29.228814	28.421531	0.558920
0.97	28.54	21.44	21.44	3.24	1.53	27.423834	29.225502	28.417170	0.558934
0.97	28.54	21.43	21.43	3.24	1.53	27.418462	29.222190	28.412809	0.558947
0.98	28.54	21.42	21.42	3.24	1.53	27.413092	29.218879	28.408449	0.558960
0.98	28.54	21.42	21.42	3.24	1.53	27.407722	29.215567	28.404089	0.558973
0.98	28.54	21.41	21.41	3.24	1.53	27.402352	29.212256	28.399729	0.558986
0.99	28.54	21.40	21.40	3.24	1.53	27.396984	29.208945	28.395370	0.558999
0.99	28.54	21.40	21.40	3.24	1.53	27.391616	29.205633	28.391011	0.559012
0.99	28.54	21.39	21.39	3.24	1.53	27.386249	29.202322	28.386652	0.559025
0.99	28.54	21.38	21.38	3.24	1.53	27.380883	29.199011	28.382294	0.559038
1.00	28.54	21.38	21.38	3.24	1.53	27.375517	29.195700	28.377937	0.559051
1.00	28.54	21.37	21.37	3.24	1.53	27.370152	29.192389	28.373579	0.559064
1.00	28.54	21.36	21.36	3.24	1.53	27.364788	29.189078	28.369222	0.559077
1.01	28.54	21.35	21.35	3.24	1.53	27.359425	29.185768	28.364866	0.559090
1.01	28.54	21.35	21.35	3.24	1.54	27.354062	29.182457	28.360509	0.559103
1.01	28.54	21.34	21.34	3.24	1.54	27.348701	29.179146	28.356154	0.559116
1.01	28.54	21.33	21.33	3.24	1.54	27.343340	29.175836	28.351798	0.559129
1.02	28.54	21.33	21.33	3.24	1.54	27.337979	29.172525	28.347443	0.559142
1.02	28.54	21.32	21.32	3.24	1.54	27.332620	29.169215	28.343089	0.559155
1.02	28.54	21.31	21.31	3.24	1.54	27.327261	29.165905	28.338734	0.559167
1.02	28.54	21.31	21.31	3.24	1.54	27.321903	29.162594	28.334381	0.559180
1.03	28.54	21.30	21.30	3.24	1.54	27.316546	29.159284	28.330027	0.559193
1.03	28.54	21.29	21.29	3.24	1.54	27.311189	29.155974	28.325674	0.559206
1.03	28.54	21.28	21.28	3.24	1.54	27.305834	29.152664	28.321322	0.559218
1.04	28.54	21.28	21.28	3.24	1.54	27.300479	29.149354	28.316970	0.559231
1.04	28.54	21.27	21.27	3.24	1.54	27.295124	29.146045	28.312618	0.559244
1.04	28.54	21.26	21.26	3.24	1.54	27.289771	29.142735	28.308266	0.559256
1.04	28.54	21.26	21.26	3.24	1.54	27.284418	29.139425	28.303915	0.559269
1.05	28.54	21.25	21.25	3.24	1.54	27.279066	29.136116	28.299565	0.559282
1.05	28.54	21.24	21.24	3.24	1.54	27.273715	29.132806	28.295215	0.559294
1.05	28.54	21.24	21.24	3.24	1.54	27.268365	29.129497	28.290865	0.559307
1.06	28.54	21.23	21.23	3.24	1.54	27.263015	29.126188	28.286516	0.559320
1.06	28.54	21.22	21.22	3.24	1.54	27.257667	29.122879	28.282167	0.559332
1.06	28.54	21.22	21.22	3.24	1.54	27.252319	29.119570	28.277818	0.559345
1.06	28.54	21.21	21.21	3.24	1.54	27.246972	29.116261	28.273470	0.559357
1.07	28.54	21.20	21.20	3.24	1.54	27.241625	29.112952	28.269123	0.559370
1.07	28.54	21.19	21.19	3.24	1.55	27.236280	29.109643	28.264775	0.559382
1.07	28.54	21.19	21.19	3.24	1.55	27.230935	29.106335	28.260429	0.559395
1.07	28.54	21.18	21.18	3.24	1.55	27.225591	29.103026	28.256082	0.559407
1.08	28.54	21.17	21.17	3.24	1.55	27.220247	29.099718	28.251736	0.559419
1.08	28.54	21.17	21.17	3.24	1.55	27.214905	29.096409	28.247391	0.559432
1.08	28.54	21.16	21.16	3.24	1.55	27.209563	29.093101	28.243046	0.559444
1.09	28.54	21.15	21.15	3.24	1.55	27.204223	29.089793	28.238701	0.559457
1.09	28.54	21.15	21.15	3.24	1.55	27.198883	29.086485	28.234357	0.559469
1.09	28.54	21.14	21.14	3.24	1.55	27.193543	29.083177	28.230013	0.559481
1.09	28.54	21.13	21.13	3.24	1.55	27.188205	29.079869	28.225670	0.559494
1.10	28.54	21.13	21.13	3.24	1.55	27.182867	29.076562	28.221327	0.559506
1.10	28.54	21.12	21.12	3.24	1.55	27.177530	29.073254	28.216984	0.559518
1.10	28.54	21.11	21.11	3.24	1.55	27.172194	29.069947	28.212642	0.559530
1.11	28.54	21.10	21.10	3.24	1.55	27.166859	29.066639	28.208301	0.559543
1.11	28.54	21.10	21.10	3.24	1.55	27.161525	29.063332	28.203960	0.559555
1.11	28.54	21.09	21.09	3.24	1.55	27.156191	29.060025	28.199619	0.559567
1.11	28.54	21.08	21.08	3.24	1.55	27.150858	29.056718	28.195279	0.559579
1.12	28.54	21.08	21.08	3.24	1.55	27.145527	29.053411	28.190939	0.559591
1.12	28.54	21.07	21.07	3.24	1.55	27.140195	29.050104	28.186599	0.559603
1.12	28.54	21.06	21.06	3.24	1.55	27.134865	29.046798	28.182260	0.559616
1.12	28.54	21.06	21.06	3.24	1.55	27.129536	29.043491	28.177922	0.559628
1.13	28.54	21.05	21.05	3.24	1.55	27.124207	29.040185	28.173584	0.559640
1.13	28.54	21.04	21.04	3.24	1.56	27.118879	29.036878	28.169246	0.559652
1.13	28.54	21.04	21.04	3.24	1.56	27.113552	29.033572	28.164909	0.559664
1.14	28.54	21.03	21.03	3.24	1.56	27.108226	29.030266	28.160572	0.559676
1.14	28.54	21.02	21.02	3.24	1.56	27.102901	29.026960	28.156236	0.559688
1.14	28.54	21.01	21.01	3.24	1.56	27.097576	29.023654	28.151900	0.559700
1.14	28.54	21.01	21.01	3.24	1.56	27.092253	29.020349	28.147565	0.559712
1.15	28.54	21.00	21.00	3.24	1.56	27.086930	29.017043	28.143230	0.559724
1.15	28.54	20.99	20.99	3.23	1.56	27.081608	29.013738	28.138896	0.559736
1.15	28.54	20.99	20.99	3.23	1.56	27.076287	29.010432	28.134562	0.559748
1.16	28.54	20.98	20.98	3.23	1.56	27.070966	29.007127	28.130228	0.559759
1.16	28.54	20.97	20.97	3.23	1.56	27.065647	29.003822	28.125895	0.559771
1.16	28.54	20.97	20.97	3.23	1.56	27.060328	29.000517	28.121562	0.559783
1.16	28.54	20.96	20.96	3.23	1.56	27.055010	28.997212	28.117230	0.559795
1.17	28.54	20.95	20.95	3.23	1.56	27.049693	28.993908	28.112899	0.559807
1.17	28.54	20.95	20.95	3.23	1.56	27.044377	28.990603	28.108568	0.559819
1.17	28.54	20.94	20.94	3.23	1.56	27.039062	28.987299	28.104237	0.559830
1.18	28.54	20.93	20.93	3.23	1.56	27.033748	28.983994	28.099907	0.559842
1.18	28.54	20.93	20.93	3.23	1.56	27.028434	28.980690	28.095577	0.559854
1.18	28.54	20.92	20.92	3.23	1.56	27.023122	28.977386	28.091248	0.559866
1.18	28.54	20.91	20.91	3.23	1.56	27.017810	28.974082	28.086919	0.559877
1.19	28.54	20.91	20.91	3.23	1.56	27.012499	28.970779	28.082590	0.559889
1.19	28.54	20.90	20.90	3.23	1.56	27.007189	28.967475	28.078263	0.559901
1.19	28.54	20.89	20.89	3.23	1.56	27.001880	28.964172	28.073935	0.559912
1.19	28.54	20.89	20.89	3.23	1.57	26.996571	28.960868	28.069608	0.559924
1.20	28.54	20.88	20.88	3.23	1.57	26.991264	28.957565	28.065282	0.559936
1.20	28.54	20.87	20.87	3.23	1.57	26.985957	28.954262	28.060956	0.559947
1.20	28.54	20.86	20.86	3.23	1.57	26.980652	28.950959	28.056630	0.559959
1.21	28.54	20.86	20.86	3.23	1.57	26.975347	28.947656	28.052305	0.559970
1.21	28.54	20.85	20.85	3.23	1.57	26.970043	28.944354	28.047981	0.559982
1.21	28.54	20.84	20.84	3.23	1.57	26.964740	28.941051	28.043657	0.559993
1.21	28.54	20.84	20.84	3.23	1.57	26.959437	28.937749	28.039333	0.560005
1.22	28.54	20.83	20.83	3.23	1.57	26.954136	28.934447	28.035010	0.560016
1.22	28.54	20.82	20.82	3.23	1.57	26.948836	28.931145	28.030688	0.560028
1.22	28.54	20.82	20.82	3.23	1.57	26.943536	28.927843	28.026366	0.560039
1.23	28.54	20.81	20.81	3.23	1.57	26.938237	28.924541	28.022044	0.560051
1.23	28.54	20.80	20.80	3.23	1.57	26.932939	28.921240	28.017723	0.560062
1.23	28.54	20.80	20.80	3.23	1.57	26.927643	28.917938	28.013403	0.560074
1.23	28.54	20.79	20.79	3.23	1.57	26.922347	28.914637	28.009083	0.560085
1.24	28.54	20.78	20.78	3.23	1.57	26.917051	28.911336	28.004763	0.560096
1.24	28.54	20.78	20.78	3.23	1.57	26.911757	28.908035	28.000444	0.560108
1.24	28.54	20.77	20.77	3.23	1.57	26.906464	28.904734	27.996126	0.560119
1.24	28.54	20.76	20.76	3.23	1.57	26.901171	28.901434	27.991808	0.560130
1.25	28.54	20.76	20.76	3.23	1.57	26.895880	28.898133	27.987490	0.560142
1.25	28.54	20.75	20.75	3.23	1.57	26.890589	28.894833	27.983173	0.560153
1.25	28.54	20.74	20.74	3.23	1.57	26.885299	28.891533	27.978856	0.560164
1.26	28.54	20.74	20.74	3.23	1.57	26.880011	28.888233	27.974540	0.560175
1.26	28.54	20.73	20.73	3.23	1.58	26.874723	28.884933	27.970225	0.560187
1.26	28.54	20.72	20.72	3.23	1.58	26.869436	28.881633	27.965910	0.560198
1.26	28.54	20.72	20.72	3.23	1.58	26.864150	28.878334	27.961595	0.560209
1.27	28.54	20.71	20.71	3.23	1.58	26.858864	28.875034	27.957282	0.560220
1.27	28.54	20.70	20.70	3.23	1.58	26.853580	28.871735	27.952968	0.560231
1.27	28.54	20.70	20.70	3.23	1.58	26.848297	28.868436	27.948655	0.560242
1.27	28.54	20.69	20.69	3.23	1.58	26.843014	28.865137	27.944343	0.560254
1.28	28.54	20.68	20.68	3.23	1.58	26.837733	28.861839	27.940031	0.560265
1.28	28.54	20.68	20.68	3.23	1.58	26.832452	28.858540	27.935719	0.560276
1.28	28.54	20.67	20.67	3.23	1.58	26.827172	28.855242	27.931409	0.560287
1.29	28.54	20.66	20.66	3.23	1.58	26.821894	28.851944	27.927098	0.560298
1.29	28.54	20.66	20.66	3.23	1.58	26.816616	28.848646	27.922789	0.560309
1.29	28.54	20.65	20.65	3.23	1.58	26.811339	28.845348	27.918479	0.560320
1.29	28.54	20.64	20.64	3.23	1.58	26.806063	28.842050	27.914170	0.560331
1.30	28.54	20.64	20.64	3.23	1.58	26.800788	28.838753	27.909862	0.560342
1.30	28.54	20.63	20.63	3.23	1.58	26.795514	28.835455	27.905555	0.560353
1.30	28.54	20.62	20.62	3.23	1.58	26.790240	28.832158	27.901247	0.560364
1.31	28.54	20.62	20.62	3.23	1.58	26.784968	28.828861	27.896941	0.560375
1.31	28.54	20.61	20.61	3.23	1.58	26.779697	28.825564	27.892635	0.560386
1.31	28.54	20.60	20.60	3.23	1.58	26.774427	28.822268	27.888329	0.560397
1.31	28.54	20.59	20.59	3.23	1.58	26.769157	28.818971	27.884024	0.560407
1.32	28.54	20.59	20.59	3.23	1.58	26.763889	28.815675	27.879720	0.560418
1.32	28.54	20.58	20.58	3.23	1.58	26.758621	28.812379	27.875416	0.560429
1.32	28.54	20.57	20.57	3.23	1.58	26.753354	28.809083	27.871112	0.560440
1.32	28.54	20.57	20.57	3.23	1.59	26.748089	28.805787	27.866809	0.560451
1.33	28.54	20.56	20.56	3.23	1.59	26.742824	28.802492	27.862507	0.560462
1.33	28.54	20.55	20.55	3.23	1.59	26.737560	28.799197	27.858205	0.560472
1.33	28.54	20.55	20.55	3.23	1.59	26.732297	28.795902	27.853904	0.560483
1.34	28.54	20.54	20.54	3.23	1.59	26.727036	28.792607	27.849603	0.560494
1.34	28.54	20.53	20.53	3.23	1.59	26.721775	28.789312	27.845303	0.560505
1.34	28.54	20.53	20.53	3.23	1.59	26.716515	28.786017	27.841004	0.560515
1.34	28.54	20.52	20.52	3.23	1.59	26.711256	28.782723	27.836705	0.560526
1.35	28.54	20.52	20.52	3.23	1.59	26.705998	28.779429	27.832406	0.560537
1.35	28.54	20.51	20.51	3.23	1.59	26.700741	28.776135	27.828108	0.560547
1.35	28.54	20.50	20.50	3.22	1.59	26.695485	28.772841	27.823811	0.560558
1.36	28.54	20.50	20.50	3.22	1.59	26.690230	28.769547	27.819514	0.560569
1.36	28.54	20.49	20.49	3.22	1.59	26.684975	28.766254	27.815218	0.560579
1.36	28.54	20.48	20.48	3.22	1.59	26.679722	28.762961	27.810922	0.560590
1.36	28.54	20.48	20.48	3.22	1.59	26.674470	28.759668	27.806627	0.560600
1.37	28.54	20.47	20.47	3.22	1.59	26.669219	28.756375	27.802333	0.560611
1.37	28.54	20.46	20.46	3.22	1.59	26.663969	28.753082	27.798039	0.560622
1.37	28.54	20.46	20.46	3.22	1.59	26.658719	28.749790	27.793745	0.560632
1.38	28.54	20.45	20.45	3.22	1.59	26.653471	28.746498	27.789452	0.560643
1.38	28.54	20.44	20.44	3.22	1.59	26.648224	28.743205	27.785160	0.560653
1.38	28.54	20.44	20.44	3.22	1.59	26.642977	28.739914	27.780868	0.560664
1.38	28.54	20.43	20.43	3.22	1.59	26.637732	28.736622	27.776577	0.560674
1.39	28.54	20.42	20.42	3.22	1.59	26.632488	28.733331	27.772287	0.560685
1.39	28.54	20.42	20.42	3.22	1.59	26.627244	28.730039	27.767996	0.560695
1.39	28.54	20.41	20.41	3.22	1.60	26.622002	28.726748	27.763707	0.560705
1.39	28.54	20.40	20.40	3.22	1.60	26.616761	28.723458	27.759418	0.560716
1.40	28.54	20.40	20.40	3.22	1.60	26.611520	28.720167	27.755130	0.560726
1.40	28.54	20.39	20.39	3.22	1.60	26.606281	28.716877	27.750842	0.560737
1.40	28.54	20.38	20.38	3.22	1.60	26.601042	28.713587	27.746555	0.560747
1.41	28.54	20.38	20.38	3.22	1.60	26.595805	28.710297	27.742268	0.560757
1.41	28.54	20.37	20.37	3.22	1.60	26.590569	28.707007	27.737983	0.560768
1.41	28.54	20.36	20.36	3.22	1.60	26.585333	28.703717	27.733697	0.560778
1.41	28.54	20.36	20.36	3.22	1.60	26.580099	28.700428	27.729412	0.560788
1.42	28.54	20.35	20.35	3.22	1.60	26.574865	28.697139	27.725128	0.560798
1.42	28.54	20.34	20.34	3.22	1.60	26.569633	28.693850	27.720844	0.560809
1.42	28.54	20.34	20.34	3.22	1.60	26.564402	28.690561	27.716561	0.560819
1.43	28.54	20.33	20.33	3.22	1.60	26.559171	28.687273	27.712279	0.560829
1.43	28.54	20.32	20.32	3.22	1.60	26.553942	28.683985	27.707997	0.560839
1.43	28.54	20.32	20.32	3.22	1.60	26.548714	28.680697	27.703716	0.560850
1.43	28.54	20.31	20.31	3.22	1.60	26.543486	28.677409	27.699435	0.560860
1.44	28.54	20.30	20.30	3.22	1.60	26.538260	28.674121	27.695155	0.560870
1.44	28.54	20.30	20.30	3.22	1.60	26.533035	28.670834	27.690876	0.560880
1.44	28.54	20.29	20.29	3.22	1.60	26.527811	28.667547	27.686597	0.560890
1.44	28.54	20.28	20.28	3.22	1.60	26.522587	28.664260	27.682318	0.560900
1.45	28.54	20.28	20.28	3.22	1.60	26.517365	28.660973	27.678041	0.560910
1.45	28.54	20.27	20.27	3.22	1.60	26.512144	28.657687	27.673764	0.560921
1.45	28.54	20.26	20.26	3.22	1.60	26.506924	28.654400	27.669487	0.560931
1.46	28.54	20.26	20.26	3.22	1.60	26.501705	28.651114	27.665211	0.560941
1.46	28.54	20.25	20.25	3.22	1.60	26.496487	28.647829	27.660936	0.560951
1.46	28.54	20.25	20.25	3.22	1.60	26.491269	28.644543	27.656661	0.560961
1.46	28.54	20.24	20.24	3.22	1.61	26.486053	28.641258	27.652387	0.560971
1.47	28.54	20.23	20.23	3.22	1.61	26.480838	28.637973	27.648114	0.560981
1.47	28.54	20.23	20.23	3.22	1.61	26.475625	28.634688	27.643841	0.560991
1.47	28.54	20.22	20.22	3.22	1.61	26.470412	28.631403	27.639569	0.561001
1.48	28.54	20.21	20.21	3.22	1.61	26.465200	28.628119	27.635297	0.561011
1.48	28.54	20.21	20.21	3.22	1.61	26.459989	28.624835	27.631026	0.561021
1.48	28.54	20.20	20.20	3.22	1.61	26.454779	28.621551	27.626756	0.561030
1.48	28.54	20.19	20.19	3.22	1.61	26.449570	28.618267	27.622486	0.561040
1.49	28.54	20.19	20.19	3.22	1.61	26.444363	28.614984	27.618217	0.561050
1.49	28.54	20.18	20.18	3.22	1.61	26.439156	28.611701	27.613949	0.561060
1.49	28.54	20.17	20.17	3.22	1.61	26.433951	28.608418	27.609681	0.561070
1.49	28.54	20.17	20.17	3.22	1.61	26.428746	28.605135	27.605414	0.561080
1.50	28.54	20.16	20.16	3.22	1.61	26.423543	28.601853	27.601147	0.561090
1.50	28.54	20.15	20.15	3.22	1.61	26.418340	28.598570	27.596881	0.561099
1.50	28.54	20.15	20.15	3.22	1.61	26.413139	28.595288	27.592616	0.561109
1.51	28.54	20.14	20.14	3.22	1.61	26.407939	28.592007	27.588351	0.561119
1.51	28.54	20.14	20.14	3.22	1.61	26.402739	28.588725	27.584087	0.561129
1.51	28.54	20.13	20.13	3.22	1.61	26.397541	28.585444	27.579823	0.561139
1.51	28.54	20.12	20.12	3.22	1.61	26.392344	28.582163	27.575560	0.561148
1.52	28.54	20.12	20.12	3.22	1.61	26.387148	28.578882	27.571298	0.561158
1.52	28.54	20.11	20.11	3.22	1.61	26.381953	28.575602	27.567037	0.561168
1.52	28.54	20.10	20.10	3.22	1.61	26.376759	28.572322	27.562776	0.561177
1.52	28.54	20.10	20.10	3.22	1.61	26.371567	28.569042	27.558515	0.561187
1.53	28.54	20.09	20.09	3.22	1.61	26.366375	28.565762	27.554256	0.561197
1.53	28.54	20.08	20.08	3.22	1.61	26.361184	28.562482	27.549997	0.561206
1.53	28.54	20.08	20.08	3.22	1.61	26.355995	28.559203	27.545738	0.561216
1.54	28.54	20.07	20.07	3.22	1.62	26.350806	28.555924	27.541481	0.561226
1.54	28.54	20.06	20.06	3.22	1.62	26.345619	28.552645	27.537223	0.561235
1.54	28.54	20.06	20.06	3.22	1.62	26.340432	28.549367	27.532967	0.561245
1.54	28.54	20.05	20.05	3.22	1.62	26.335247	28.546089	27.528711	0.561254
1.55	28.54	20.05	20.05	3.22	1.62	26.330063	28.542811	27.524456	0.561264
1.55	28.54	20.04	20.04	3.22	1.62	26.324880	28.539533	27.520202	0.561273
1.55	28.54	20.03	20.03	3.22	1.62	26.319698	28.536256	27.515948	0.561283
1.56	28.54	20.03	20.03	3.21	1.62	26.314517	28.532979	27.511695	0.561292
1.56	28.54	20.02	20.02	3.21	1.62	26.309338	28.529702	27.507442	0.561302
1.56	28.54	20.01	20.01	3.21	1.62	26.304159	28.526425	27.503190	0.561311
1.56	28.54	20.01	20.01	3.21	1.62	26.298981	28.523149	27.498939	0.561321
1.57	28.54	20.00	20.00	3.21	1.62	26.293805	28.519873	27.494688	0.561330
1.57	28.54	19.99	19.99	3.21	1.62	26.288629	28.516597	27.490438	0.561340
1.57	28.54	19.99	19.99	3.21	1.62	26.283455	28.513321	27.486189	0.561349
1.57	28.54	19.98	19.98	3.21	1.62	26.278282	28.510046	27.481941	0.561359
1.58	28.54	19.97	19.97	3.21	1.62	26.273110	28.506771	27.477693	0.561368
1.58	28.54	19.97	19.97	3.21	1.62	26.267939	28.503496	27.473446	0.561377
1.58	28.54	19.96	19.96	3.21	1.62	26.262769	28.500222	27.469199	0.561387
1.59	28.54	19.96	19.96	3.21	1.62	26.257601	28.496948	27.464953	0.561396
1.59	28.54	19.95	19.95	3.21	1.62	26.252433	28.493674	27.460708	0.561405
1.59	28.54	19.94	19.94	3.21	1.62	26.247266	28.490400	27.456463	0.561415
1.59	28.54	19.94	19.94	3.21	1.62	26.242101	28.487127	27.452219	0.561424
1.60	28.54	19.93	19.93	3.21	1.62	26.236937	28.483854	27.447976	0.561433
1.60	28.54	19.92	19.92	3.21	1.62	26.231774	28.480581	27.443734	0.561443
1.60	28.54	19.92	19.92	3.21	1.62	26.226612	28.477309	27.439492	0.561452
1.61	28.54	19.91	19.91	3.21	1.62	26.221451	28.474036	27.435251	0.561461
1.61	28.54	19.90	19.90	3.21	1.63	26.216291	28.470764	27.431010	0.561470
1.61	28.54	19.90	19.90	3.21	1.63	26.211132	28.467493	27.426770	0.561480
1.61	28.54	19.89	19.89	3.21	1.63	26.205975	28.464221	27.422531	0.561489
1.62	28.54	19.89	19.89	3.21	1.63	26.200819	28.460950	27.418293	0.561498
1.62	28.54	19.88	19.88	3.21	1.63	26.195663	28.457679	27.414055	0.561507
1.62	28.54	19.87	19.87	3.21	1.63	26.190509	28.454409	27.409818	0.561516
1.62	28.54	19.87	19.87	3.21	1.63	26.185356	28.451139	27.405581	0.561526
1.63	28.54	19.86	19.86	3.21	1.63	26.180205	28.447869	27.401346	0.561535
1.63	28.54	19.85	19.85	3.21	1.63	26.175054	28.444599	27.397111	0.561544
1.63	28.54	19.85	19.85	3.21	1.63	26.169904	28.441329	27.392876	0.561553
1.64	28.54	19.84	19.84	3.21	1.63	26.164756	28.438060	27.388643	0.561562
1.64	28.54	19.84	19.84	3.21	1.63	26.159609	28.434792	27.384410	0.561571
1.64	28.54	19.83	19.83	3.21	1.63	26.154463	28.431523	27.380178	0.561580
1.64	28.54	19.82	19.82	3.21	1.63	26.149318	28.428255	27.375946	0.561589
1.65	28.54	19.82	19.82	3.21	1.63	26.144174	28.424987	27.371715	0.561598
1.65	28.54	19.81	19.81	3.21	1.63	26.139031	28.421719	27.367485	0.561607
1.65	28.54	19.80	19.80	3.21	1.63	26.133890	28.418452	27.363256	0.561616
1.66	28.54	19.80	19.80	3.21	1.63	26.128749	28.415185	27.359027	0.561625
1.66	28.54	19.79	19.79	3.21	1.63	26.123610	28.411918	27.354799	0.561634
1.66	28.54	19.79	19.79	3.21	1.63	26.118472	28.408652	27.350572	0.561643
1.66	28.54	19.78	19.78	3.21	1.63	26.113335	28.405386	27.346345	0.561652
1.67	28.54	19.77	19.77	3.21	1.63	26.108200	28.402120	27.342119	0.561661
1.67	28.54	19.77	19.77	3.21	1.63	26.103065	28.398854	27.337894	0.561670
1.67	28.54	19.76	19.76	3.21	1.63	26.097932	28.395589	27.333669	0.561679
1.68	28.54	19.75	19.75	3.21	1.63	26.092800	28.392324	27.329445	0.561688
1.68	28.54	19.75	19.75	3.21	1.63	26.087669	28.389060	27.325222	0.561697
1.68	28.54	19.74	19.74	3.21	1.63	26.082539	28.385795	27.321000	0.561706
1.68	28.54	19.73	19.73	3.21	1.63	26.077410	28.382531	27.316778	0.561714
1.69	28.54	19.73	19.73	3.21	1.64	26.072283	28.379268	27.312558	0.561723
1.69	28.54	19.72	19.72	3.21	1.64	26.067156	28.376004	27.308337	0.561732
1.69	28.54	19.72	19.72	3.21	1.64	26.062031	28.372741	27.304118	0.561741
1.69	28.54	19.71	19.71	3.21	1.64	26.056907	28.369479	27.299899	0.561750
1.70	28.54	19.70	19.70	3.21	1.64	26.051785	28.366216	27.295681	0.561758
1.70	28.54	19.70	19.70	3.21	1.64	26.046663	28.362954	27.291464	0.561767
1.70	28.54	19.69	19.69	3.21	1.64	26.041543	28.359692	27.287247	0.561776
1.71	28.54	19.69	19.69	3.21	1.64	26.036424	28.356431	27.283031	0.561785
1.71	28.54	19.68	19.68	3.21	1.64	26.031306	28.353170	27.278816	0.561793
1.71	28.54	19.67	19.67	3.21	1.64	26.026189	28.349909	27.274602	0.561802
1.71	28.54	19.67	19.67	3.21	1.64	26.021073	28.346648	27.270388	0.561811
1.72	28.54	19.66	19.66	3.21	1.64	26.015959	28.343388	27.266175	0.561820
1.72	28.54	19.65	19.65	3.21	1.64	26.010845	28.340128	27.261963	0.561828
1.72	28.54	19.65	19.65	3.21	1.64	26.005733	28.336868	27.257752	0.561837
1.73	28.54	19.64	19.64	3.21	1.64	26.000623	28.333609	27.253541	0.561846
1.73	28.54	19.64	19.64	3.21	1.64	25.995513	28.330350	27.249331	0.561854
1.73	28.54	19.63	19.63	3.21	1.64	25.990405	28.327092	27.245122	0.561863
1.73	28.54	19.62	19.62	3.21	1.64	25.985297	28.323833	27.240913	0.561871
1.74	28.54	19.62	19.62	3.21	1.64	25.980191	28.320575	27.236705	0.561880
1.74	28.54	19.61	19.61	3.21	1.64	25.975086	28.317318	27.232498	0.561889
1.74	28.54	19.60	19.60	3.21	1.64	25.969983	28.314061	27.228292	0.561897
1.74	28.54	19.60	19.60	3.21	1.64	25.964881	28.310804	27.224087	0.561906
1.75	28.54	19.59	19.59	3.21	1.64	25.959779	28.307547	27.219882	0.561914
1.75	28.54	19.59	19.59	3.21	1.64	25.954679	28.304291	27.215678	0.561923
1.75	28.54	19.58	19.58	3.21	1.64	25.949581	28.301035	27.211474	0.561931
1.76	28.54	19.57	19.57	3.21	1.64	25.944483	28.297779	27.207272	0.561940
1.76	28.54	19.57	19.57	3.21	1.64	25.939387	28.294524	27.203070	0.561948
1.76	28.54	19.56	19.56	3.20	1.64	25.934292	28.291269	27.198869	0.561957
1.76	28.54	19.56	19.56	3.20	1.65	25.929198	28.288014	27.194669	0.561965
1.77	28.54	19.55	19.55	3.20	1.65	25.924105	28.284760	27.190469	0.561974
1.77	28.54	19.54	19.54	3.20	1.65	25.919014	28.281506	27.186271	0.561982
1.77	28.54	19.54	19.54	3.20	1.65	25.913924	28.278252	27.182073	0.561991
1.77	28.54	19.53	19.53	3.20	1.65	25.908835	28.274999	27.177875	0.561999
1.78	28.54	19.52	19.52	3.20	1.65	25.903747	28.271746	27.173679	0.562007
1.78	28.54	19.52	19.52	3.20	1.65	25.898661	28.268494	27.169483	0.562016
1.78	28.54	19.51	19.51	3.20	1.65	25.893576	28.265241	27.165288	0.562024
1.79	28.54	19.51	19.51	3.20	1.65	25.888492	28.261989	27.161094	0.562032
1.79	28.54	19.50	19.50	3.20	1.65	25.883409	28.258738	27.156901	0.562041
1.79	28.54	19.49	19.49	3.20	1.65	25.878327	28.255487	27.152708	0.562049
1.79	28.54	19.49	19.49	3.20	1.65	25.873247	28.252236	27.148516	0.562057
1.80	28.54	19.48	19.48	3.20	1.65	25.868168	28.248985	27.144325	0.562066
1.80	28.54	19.48	19.48	3.20	1.65	25.863091	28.245735	27.140135	0.562074
1.80	28.54	19.47	19.47	3.20	1.65	25.858014	28.242485	27.135945	0.562082
1.81	28.54	19.46	19.46	3.20	1.65	25.852939	28.239236	27.131757	0.562091
1.81	28.54	19.46	19.46	3.20	1.65	25.847865	28.235987	27.127569	0.562099
1.81	28.54	19.45	19.45	3.20	1.65	25.842792	28.232738	27.123381	0.562107
1.81	28.54	19.45	19.45	3.20	1.65	25.837721	28.229490	27.119195	0.562115
1.82	28.54	19.44	19.44	3.20	1.65	25.832650	28.226242	27.115009	0.562123
1.82	28.54	19.43	19.43	3.20	1.65	25.827581	28.222994	27.110825	0.562132
1.82	28.54	19.43	19.43	3.20	1.65	25.822514	28.219747	27.106641	0.562140
1.82	28.54	19.42	19.42	3.20	1.65	25.817447	28.216500	27.102457	0.562148
1.83	28.54	19.41	19.41	3.20	1.65	25.812382	28.213253	27.098275	0.562156
1.83	28.54	19.41	19.41	3.20	1.65	25.807318	28.210007	27.094093	0.562164
1.83	28.54	19.40	19.40	3.20	1.65	25.802256	28.206761	27.089912	0.562172
1.84	28.54	19.40	19.40	3.20	1.65	25.797194	28.203515	27.085732	0.562181
1.84	28.54	19.39	19.39	3.20	1.65	25.792134	28.200270	27.081553	0.562189
1.84	28.54	19.38	19.38	3.20	1.65	25.787075	28.197025	27.077374	0.562197
1.84	28.54	19.38	19.38	3.20	1.66	25.782018	28.193781	27.073197	0.562205
1.85	28.54	19.37	19.37	3.20	1.66	25.776962	28.190537	27.069020	0.562213
1.85	28.54	19.37	19.37	3.20	1.66	25.771907	28.187293	27.064843	0.562221
1.85	28.54	19.36	19.36	3.20	1.66	25.766853	28.184050	27.060668	0.562229
1.86	28.54	19.35	19.35	3.20	1.66	25.761801	28.180807	27.056494	0.562237
1.86	28.54	19.35	19.35	3.20	1.66	25.756749	28.177564	27.052320	0.562245
1.86	28.54	19.34	19.34	3.20	1.66	25.751700	28.174322	27.048147	0.562253
1.86	28.54	19.34	19.34	3.20	1.66	25.746651	28.171080	27.043975	0.562261
1.87	28.54	19.33	19.33	3.20	1.66	25.741604	28.167839	27.039804	0.562269
1.87	28.54	19.32	19.32	3.20	1.66	25.736558	28.164598	27.035633	0.562277
1.87	28.54	19.32	19.32	3.20	1.66	25.731513	28.161357	27.031463	0.562285
1.88	28.54	19.31	19.31	3.20	1.66	25.726470	28.158117	27.027294	0.562293
1.88	28.54	19.31	19.31	3.20	1.66	25.721428	28.154877	27.023126	0.562301
1.88	28.54	19.30	19.30	3.20	1.66	25.716387	28.151637	27.018959	0.562309
1.88	28.54	19.29	19.29	3.20	1.66	25.711347	28.148398	27.014793	0.562317
1.89	28.54	19.29	19.29	3.20	1.66	25.706309	28.145159	27.010627	0.562325
1.89	28.54	19.28	19.28	3.20	1.66	25.701272	28.141921	27.006462	0.562332
1.89	28.54	19.28	19.28	3.20	1.66	25.696237	28.138683	27.002298	0.562340
1.89	28.54	19.27	19.27	3.20	1.66	25.691203	28.135445	26.998135	0.562348
1.90	28.54	19.26	19.26	3.20	1.66	25.686170	28.132208	26.993973	0.562356
1.90	28.54	19.26	19.26	3.20	1.66	25.681138	28.128971	26.989811	0.562364
1.90	28.54	19.25	19.25	3.20	1.66	25.676108	28.125735	26.985651	0.562372
1.91	28.54	19.25	19.25	3.20	1.66	25.671079	28.122498	26.981491	0.562379
1.91	28.54	19.24	19.24	3.20	1.66	25.666051	28.119263	26.977332	0.562387
1.91	28.54	19.23	19.23	3.20	1.66	25.661025	28.116027	26.973174	0.562395
1.91	28.54	19.23	19.23	3.20	1.66	25.656000	28.112792	26.969016	0.562403
1.92	28.54	19.22	19.22	3.20	1.66	25.650976	28.109558	26.964860	0.562411
1.92	28.54	19.22	19.22	3.20	1.66	25.645953	28.106324	26.960704	0.562418
1.92	28.54	19.21	19.21	3.20	1.66	25.640932	28.103090	26.956549	0.562426
1.93	28.54	19.21	19.21	3.20	1.66	25.635913	28.099857	26.952395	0.562434
1.93	28.54	19.20	19.20	3.20	1.67	25.630894	28.096624	26.948242	0.562442
1.93	28.54	19.19	19.19	3.20	1.67	25.625877	28.093391	26.944089	0.562449
1.93	28.54	19.19	19.19	3.20	1.67	25.620861	28.090159	26.939938	0.562457
1.94	28.54	19.18	19.18	3.20	1.67	25.615847	28.086927	26.935787	0.562465
1.94	28.54	19.18	19.18	3.20	1.67	25.610834	28.083696	26.931637	0.562472
1.94	28.54	19.17	19.17	3.20	1.67	25.605822	28.080465	26.927488	0.562480
1.94	28.54	19.16	19.16	3.20	1.67	25.600812	28.077234	26.923340	0.562487
1.95	28.54	19.16	19.16	3.20	1.67	25.595803	28.074004	26.919193	0.562495
1.95	28.54	19.15	19.15	3.20	1.67	25.590795	28.070774	26.915047	0.562503
1.95	28.54	19.15	19.15	3.20	1.67	25.585788	28.067545	26.910901	0.562510
1.96	28.54	19.14	19.14	3.20	1.67	25.580783	28.064316	26.906756	0.562518
1.96	28.54	19.13	19.13	3.20	1.67	25.575780	28.061087	26.902612	0.562525
1.96	28.54	19.13	19.13	3.20	1.67	25.570777	28.057859	26.898469	0.562533
1.96	28.54	19.12	19.12	3.20	1.67	25.565776	28.054631	26.894327	0.562541
1.97	28.54	19.12	19.12	3.20	1.67	25.560777	28.051404	26.890186	0.562548
1.97	28.54	19.11	19.11	3.19	1.67	25.555778	28.048177	26.886045	0.562556
1.97	28.54	19.10	19.10	3.19	1.67	25.550782	28.044951	26.881906	0.562563
1.98	28.54	19.10	19.10	3.19	1.67	25.545786	28.041725	26.877767	0.562571
1.98	28.54	19.09	19.09	3.19	1.67	25.540792	28.038499	26.873629	0.562578
1.98	28.54	19.09	19.09	3.19	1.67	25.535799	28.035274	26.869492	0.562586
1.98	28.54	19.08	19.08	3.19	1.67	25.530807	28.032049	26.865356	0.562593
1.99	28.54	19.08	19.08	3.19	1.67	25.525817	28.028825	26.861221	0.562601
1.99	28.54	19.07	19.07	3.19	1.67	25.520829	28.025601	26.857086	0.562608
1.99	28.54	19.06	19.06	3.19	1.67	25.515841	28.022377	26.852953	0.562615
1.99	28.54	19.06	19.06	3.19	1.67	25.510855	28.019154	26.848820	0.562623
2.00	28.54	19.05	19.05	3.19	1.67	25.505871	28.015931	26.844688	0.562630
2.00	28.54	19.05	19.05	3.19	1.67	25.500887	28.012709	26.840557	0.562638
2.00	28.54	19.04	19.04	3.19	1.67	25.495906	28.009487	26.836427	0.562645
2.01	28.54	19.03	19.03	3.19	1.67	25.490925	28.006265	26.832298	0.562652
2.01	28.54	19.03	19.03	3.19	1.67	25.485946	28.003044	26.828170	0.562660
2.01	28.54	19.02	19.02	3.19	1.67	25.480968	27.999824	26.824042	0.562667
2.01	28.54	19.02	19.02	3.19	1.68	25.475992	27.996604	26.819916	0.562674
2.02	28.54	19.01	19.01	3.19	1.68	25.471017	27.993384	26.815790	0.562682
2.02	28.54	19.01	19.01	3.19	1.68	25.466043	27.990164	26.811665	0.562689
2.02	28.54	19.00	19.00	3.19	1.68	25.461071	27.986946	26.807541	0.562696
2.02	28.54	18.99	18.99	3.19	1.68	25.456100	27.983727	26.803418	0.562704
2.03	28.54	18.99	18.99	3.19	1.68	25.451131	27.980509	26.799296	0.562711
2.03	28.54	18.98	18.98	3.19	1.68	25.446163	27.977291	26.795175	0.562718
2.03	28.54	18.98	18.98	3.19	1.68	25.441196	27.974074	26.791055	0.562725
2.04	28.54	18.97	18.97	3.19	1.68	25.436231	27.970858	26.786935	0.562733
2.04	28.54	18.96	18.96	3.19	1.68	25.431267	27.967641	26.782817	0.562740
2.04	28.54	18.96	18.96	3.19	1.68	25.426305	27.964425	26.778699	0.562747
2.04	28.54	18.95	18.95	3.19	1.68	25.421344	27.961210	26.774582	0.562754
2.05	28.54	18.95	18.95	3.19	1.68	25.416384	27.957995	26.770466	0.562761
2.05	28.54	18.94	18.94	3.19	1.68	25.411426	27.954781	26.766351	0.562769
2.05	28.54	18.94	18.94	3.19	1.68	25.406469	27.951566	26.762237	0.562776
2.06	28.54	18.93	18.93	3.19	1.68	25.401514	27.948353	26.758124	0.562783
2.06	28.54	18.92	18.92	3.19	1.68	25.396560	27.945140	26.754012	0.562790
2.06	28.54	18.92	18.92	3.19	1.68	25.391607	27.941927	26.749900	0.562797
2.06	28.54	18.91	18.91	3.19	1.68	25.386656	27.938715	26.745790	0.562804
2.07	28.54	18.91	18.91	3.19	1.68	25.381706	27.935503	26.741680	0.562811
2.07	28.54	18.90	18.90	3.19	1.68	25.376758	27.932291	26.737572	0.562819
2.07	28.54	18.90	18.90	3.19	1.68	25.371811	27.929080	26.733464	0.562826
2.08	28.54	18.89	18.89	3.19	1.68	25.366866	27.925870	26.729357	0.562833
2.08	28.54	18.88	18.88	3.19	1.68	25.361922	27.922660	26.725251	0.562840
2.08	28.54	18.88	18.88	3.19	1.68	25.356979	27.919450	26.721146	0.562847
2.08	28.54	18.87	18.87	3.19	1.68	25.352038	27.916241	26.717042	0.562854
2.09	28.54	18.87	18.87	3.19	1.68	25.347098	27.913032	26.712939	0.562861
2.09	28.54	18.86	18.86	3.19	1.68	25.342160	27.909824	26.708837	0.562868
2.09	28.54	18.86	18.86	3.19	1.68	25.337223	27.906616	26.704736	0.562875
2.09	28.54	18.85	18.85	3.19	1.68	25.332287	27.903409	26.700635	0.562882
2.10	28.54	18.84	18.84	3.19	1.68	25.327353	27.900202	26.696536	0.562889
2.10	28.54	18.84	18.84	3.19	1.68	25.322421	27.896996	26.692437	0.562896
2.10	28.54	18.83	18.83	3.19	1.69	25.317489	27.893790	26.688339	0.562903
2.11	28.54	18.83	18.83	3.19	1.69	25.312560	27.890584	26.684243	0.562910
2.11	28.54	18.82	18.82	3.19	1.69	25.307631	27.887379	26.680147	0.562917
2.11	28.54	18.82	18.82	3.19	1.69	25.302705	27.884175	26.676052	0.562924
2.11	28.54	18.81	18.81	3.19	1.69	25.297779	27.880970	26.671958	0.562931
2.12	28.54	18.80	18.80	3.19	1.69	25.292855	27.877767	26.667865	0.562938
2.12	28.54	18.80	18.80	3.19	1.69	25.287933	27.874564	26.663773	0.562944
2.12	28.54	18.79	18.79	3.19	1.69	25.283012	27.871361	26.659682	0.562951
2.12	28.54	18.79	18.79	3.19	1.69	25.278092	27.868159	26.655592	0.562958
2.13	28.54	18.78	18.78	3.19	1.69	25.273174	27.864957	26.651503	0.562965
2.13	28.54	18.78	18.78	3.19	1.69	25.268257	27.861756	26.647414	0.562972
2.13	28.54	18.77	18.77	3.19	1.69	25.263342	27.858555	26.643327	0.562979
2.14	28.54	18.76	18.76	3.19	1.69	25.258428	27.855354	26.639241	0.562986
2.14	28.54	18.76	18.76	3.19	1.69	25.253516	27.852155	26.635155	0.562992
2.14	28.54	18.75	18.75	3.19	1.69	25.248605	27.848955	26.631071	0.562999
2.14	28.54	18.75	18.75	3.19	1.69	25.243696	27.845756	26.626987	0.563006
2.15	28.54	18.74	18.74	3.19	1.69	25.238788	27.842558	26.622904	0.563013
2.15	28.54	18.74	18.74	3.19	1.69	25.233882	27.839360	26.618823	0.563019
2.15	28.54	18.73	18.73	3.19	1.69	25.228977	27.836162	26.614742	0.563026
2.16	28.54	18.73	18.73	3.19	1.69	25.224073	27.832965	26.610662	0.563033
2.16	28.54	18.72	18.72	3.19	1.69	25.219171	27.829769	26.606583	0.563040
2.16	28.54	18.71	18.71	3.19	1.69	25.214271	27.826573	26.602505	0.563046
2.16	28.54	18.71	18.71	3.19	1.69	25.209372	27.823377	26.598428	0.563053
2.17	28.54	18.70	18.70	3.19	1.69	25.204474	27.820182	26.594352	0.563060
2.17	28.54	18.70	18.70	3.19	1.69	25.199578	27.816988	26.590277	0.563067
2.17	28.54	18.69	18.69	3.19	1.69	25.194683	27.813793	26.586203	0.563073
2.17	28.54	18.69	18.69	3.19	1.69	25.189790	27.810600	26.582130	0.563080
2.18	28.54	18.68	18.68	3.19	1.69	25.184899	27.807407	26.578058	0.563087
2.18	28.54	18.67	18.67	3.19	1.69	25.180009	27.804214	26.573987	0.563093
2.18	28.54	18.67	18.67	3.18	1.69	25.175120	27.801022	26.569917	0.563100
2.19	28.54	18.66	18.66	3.18	1.69	25.170233	27.797830	26.565847	0.563106
2.19	28.54	18.66	18.66	3.18	1.69	25.165347	27.794639	26.561779	0.563113
2.19	28.54	18.65	18.65	3.18	1.69	25.160463	27.791448	26.557712	0.563120
2.19	28.54	18.65	18.65	3.18	1.70	25.155580	27.788258	26.553646	0.563126
2.20	28.54	18.64	18.64	3.18	1.70	25.150699	27.785069	26.549580	0.563133
2.20	28.54	18.64	18.64	3.18	1.70	25.145819	27.781879	26.545516	0.563139
2.20	28.54	18.63	18.63	3.18	1.70	25.140941	27.778691	26.541452	0.563146
2.21	28.54	18.62	18.62	3.18	1.70	25.136064	27.775502	26.537390	0.563153
2.21	28.54	18.62	18.62	3.18	1.70	25.131189	27.772315	26.533328	0.563159
2.21	28.54	18.61	18.61	3.18	1.70	25.126316	27.769128	26.529268	0.563166
2.21	28.54	18.61	18.61	3.18	1.70	25.121443	27.765941	26.525208	0.563172
2.22	28.54	18.60	18.60	3.18	1.70	25.116573	27.762755	26.521150	0.563179
2.22	28.54	18.60	18.60	3.18	1.70	25.111704	27.759569	26.517092	0.563185
2.22	28.54	18.59	18.59	3.18	1.70	25.106836	27.756384	26.513036	0.563192
2.23	28.54	18.59	18.59	3.18	1.70	25.101970	27.753199	26.508980	0.563198
2.23	28.54	18.58	18.58	3.18	1.70	25.097105	27.750015	26.504926	0.563205
2.23	28.54	18.58	18.58	3.18	1.70	25.092242	27.746831	26.500872	0.563211
2.23	28.54	18.57	18.57	3.18	1.70	25.087381	27.743648	26.496820	0.563217
2.24	28.54	18.56	18.56	3.18	1.70	25.082521	27.740466	26.492768	0.563224
2.24	28.54	18.56	18.56	3.18	1.70	25.077662	27.737284	26.488717	0.563230
2.24	28.54	18.55	18.55	3.18	1.70	25.072805	27.734102	26.484668	0.563237
2.24	28.54	18.55	18.55	3.18	1.70	25.067950	27.730921	26.480619	0.563243
2.25	28.54	18.54	18.54	3.18	1.70	25.063096	27.727740	26.476571	0.563249
2.25	28.54	18.54	18.54	3.18	1.70	25.058244	27.724560	26.472525	0.563256
2.25	28.54	18.53	18.53	3.18	1.70	25.053393	27.721381	26.468479	0.563262
2.26	28.54	18.53	18.53	3.18	1.70	25.048543	27.718202	26.464435	0.563269
2.26	28.54	18.52	18.52	3.18	1.70	25.043696	27.715023	26.460391	0.563275
2.26	28.54	18.51	18.51	3.18	1.70	25.038849	27.711845	26.456348	0.563281
2.26	28.54	18.51	18.51	3.18	1.70	25.034005	27.708668	26.452307	0.563288
2.27	28.54	18.50	18.50	3.18	1.70	25.029162	27.705491	26.448266	0.563294
2.27	28.54	18.50	18.50	3.18	1.70	25.024320	27.702314	26.444227	0.563300
2.27	28.54	18.49	18.49	3.18	1.70	25.019480	27.699138	26.440188	0.563306
2.27	28.54	18.49	18.49	3.18	1.70	25.014641	27.695963	26.436150	0.563313
2.28	28.54	18.48	18.48	3.18	1.70	25.009804	27.692788	26.432114	0.563319
2.28	28.54	18.48	18.48	3.18	1.70	25.004969	27.689614	26.428078	0.563325
2.28	28.54	18.47	18.47	3.18	1.70	25.000135	27.686440	26.424044	0.563332
2.29	28.54	18.47	18.47	3.18	1.70	24.995303	27.683267	26.420010	0.563338
2.29	28.54	18.46	18.46	3.18	1.71	24.990472	27.680094	26.415978	0.563344
2.29	28.54	18.45	18.45	3.18	1.71	24.985643	27.676922	26.411946	0.563350
2.29	28.54	18.45	18.45	3.18	1.71	24.980815	27.673750	26.407916	0.563356
2.30	28.54	18.44	18.44	3.18	1.71	24.975989	27.670579	26.403886	0.563363
2.30	28.54	18.44	18.44	3.18	1.71	24.971165	27.667408	26.399858	0.563369
2.30	28.54	18.43	18.43	3.18	1.71	24.966342	27.664238	26.395830	0.563375
2.31	28.54	18.43	18.43	3.18	1.71	24.961520	27.661069	26.391804	0.563381
2.31	28.54	18.42	18.42	3.18	1.71	24.956700	27.657900	26.387779	0.563387
2.31	28.54	18.42	18.42	3.18	1.71	24.951882	27.654731	26.383754	0.563393
2.31	28.54	18.41	18.41	3.18	1.71	24.947066	27.651563	26.379731	0.563400
2.32	28.54	18.41	18.41	3.18	1.71	24.942250	27.648396	26.375709	0.563406
2.32	28.54	18.40	18.40	3.18	1.71	24.937437	27.645229	26.371688	0.563412
2.32	28.54	18.40	18.40	3.18	1.71	24.932625	27.642063	26.367667	0.563418
2.33	28.54	18.39	18.39	3.18	1.71	24.927815	27.638897	26.363648	0.563424
2.33	28.54	18.38	18.38	3.18	1.71	24.923006	27.635732	26.359630	0.563430
2.33	28.54	18.38	18.38	3.18	1.71	24.918199	27.632567	26.355613	0.563436
2.33	28.54	18.37	18.37	3.18	1.71	24.913393	27.629403	26.351597	0.563442
2.34	28.54	18.37	18.37	3.18	1.71	24.908589	27.626239	26.347582	0.563448
2.34	28.54	18.36	18.36	3.18	1.71	24.903786	27.623076	26.343568	0.563454
2.34	28.54	18.36	18.36	3.18	1.71	24.898986	27.619914	26.339555	0.563460
2.34	28.54	18.35	18.35	3.18	1.71	24.894186	27.616752	26.335543	0.563466
2.35	28.54	18.35	18.35	3.18	1.71	24.889389	27.613591	26.331533	0.563472
2.35	28.54	18.34	18.34	3.18	1.71	24.884593	27.610430	26.327523	0.563478
2.35	28.54	18.34	18.34	3.18	1.71	24.879798	27.607270	26.323514	0.563484
2.36	28.54	18.33	18.33	3.18	1.71	24.875005	27.604110	26.319506	0.563490
2.36	28.54	18.33	18.33	3.18	1.71	24.870214	27.600951	26.315500	0.563496
2.36	28.54	18.32	18.32	3.18	1.71	24.865424	27.597792	26.311494	0.563502
2.36	28.54	18.31	18.31	3.18	1.71	24.860636	27.594634	26.307490	0.563508
2.37	28.54	18.31	18.31	3.18	1.71	24.855850	27.591477	26.303486	0.563514
2.37	28.54	18.30	18.30	3.18	1.71	24.851065	27.588320	26.299484	0.563520
2.37	28.54	18.30	18.30	3.18	1.71	24.846281	27.585163	26.295483	0.563526
2.38	28.54	18.29	18.29	3.18	1.71	24.841500	27.582007	26.291482	0.563532
2.38	28.54	18.29	18.29	3.18	1.71	24.836720	27.578852	26.287483	0.563538
2.38	28.54	18.28	18.28	3.18	1.71	24.831941	27.575698	26.283485	0.563544
2.38	28.54	18.28	18.28	3.18	1.71	24.827164	27.572543	26.279488	0.563549
2.39	28.54	18.27	18.27	3.18	1.71	24.822389	27.569390	26.275492	0.563555
2.39	28.54	18.27	18.27	3.18	1.72	24.817616	27.566237	26.271497	0.563561
2.39	28.54	18.26	18.26	3.18	1.72	24.812844	27.563085	26.267503	0.563567
2.39	28.54	18.26	18.26	3.18	1.72	24.808073	27.559933	26.263510	0.563573
2.40	28.54	18.25	18.25	3.18	1.72	24.803305	27.556781	26.259519	0.563579
2.40	28.54	18.25	18.25	3.18	1.72	24.798537	27.553631	26.255528	0.563584
2.40	28.54	18.24	18.24	3.17	1.72	24.793772	27.550481	26.251538	0.563590
2.41	28.54	18.24	18.24	3.17	1.72	24.789008	27.547331	26.247550	0.563596
2.41	28.54	18.23	18.23	3.17	1.72	24.784246	27.544182	26.243563	0.563602
2.41	28.54	18.23	18.23	3.17	1.72	24.779485	27.541034	26.239576	0.563608
2.41	28.54	18.22	18.22	3.17	1.72	24.774726	27.537886	26.235591	0.563613
2.42	28.54	18.21	18.21	3.17	1.72	24.769969	27.534739	26.231607	0.563619
2.42	28.54	18.21	18.21	3.17	1.72	24.765213	27.531592	26.227624	0.563625
2.42	28.54	18.20	18.20	3.17	1.72	24.760459	27.528446	26.223642	0.563631
2.42	28.54	18.20	18.20	3.17	1.72	24.755707	27.525300	26.219661	0.563636
2.43	28.54	18.19	18.19	3.17	1.72	24.750956	27.522155	26.215681	0.563642
2.43	28.54	18.19	18.19	3.17	1.72	24.746207	27.519011	26.211702	0.563648
2.43	28.54	18.18	18.18	3.17	1.72	24.741460	27.515867	26.207724	0.563653
2.44	28.54	18.18	18.18	3.17	1.72	24.736714	27.512724	26.203748	0.563659
2.44	28.54	18.17	18.17	3.17	1.72	24.731970	27.509582	26.199772	0.563665
2.44	28.54	18.17	18.17	3.17	1.72	24.727227	27.506440	26.195798	0.563670
2.44	28.54	18.16	18.16	3.17	1.72	24.722486	27.503298	26.191825	0.563676
2.45	28.54	18.16	18.16	3.17	1.72	24.717747	27.500157	26.187852	0.563682
2.45	28.54	18.15	18.15	3.17	1.72	24.713009	27.497017	26.183881	0.563687
2.45	28.54	18.15	18.15	3.17	1.72	24.708273	27.493878	26.179911	0.563693
2.46	28.54	18.14	18.14	3.17	1.72	24.703539	27.490739	26.175942	0.563699
2.46	28.54	18.14	18.14	3.17	1.72	24.698807	27.487600	26.171975	0.563704
2.46	28.54	18.13	18.13	3.17	1.72	24.694076	27.484462	26.168008	0.563710
2.46	28.54	18.13	18.13	3.17	1.72	24.689346	27.481325	26.164042	0.563715
2.47	28.54	18.12	18.12	3.17	1.72	24.684619	27.478188	26.160078	0.563721
2.47	28.54	18.12	18.12	3.17	1.72	24.679893	27.475052	26.156115	0.563727
2.47	28.54	18.11	18.11	3.17	1.72	24.675169	27.471917	26.152152	0.563732
2.48	28.54	18.11	18.11	3.17	1.72	24.670446	27.468782	26.148191	0.563738
2.48	28.54	18.10	18.10	3.17	1.72	24.665725	27.465648	26.144231	0.563743
2.48	28.54	18.09	18.09	3.17	1.72	24.661006	27.462514	26.140272	0.563749
2.48	28.54	18.09	18.09	3.17	1.72	24.656288	27.459381	26.136314	0.563754
2.49	28.54	18.08	18.08	3.17	1.72	24.651573	27.456248	26.132358	0.563760
2.49	28.54	18.08	18.08	3.17	1.72	24.646858	27.453117	26.128402	0.563765
2.49	28.54	18.07	18.07	3.17	1.73	24.642146	27.449985	26.124448	0.563771
2.49	28.54	18.07	18.07	3.17	1.73	24.637435	27.446855	26.120494	0.563776
2.50	28.54	18.06	18.06	3.17	1.73	24.632726	27.443725	26.116542	0.563782
2.50	28.54	18.06	18.06	3.17	1.73	24.628018	27.440595	26.112591	0.563787
2.50	28.54	18.05	18.05	3.17	1.73	24.623313	27.437466	26.108641	0.563793
2.51	28.54	18.05	18.05	3.17	1.73	24.618608	27.434338	26.104692	0.563798
2.51	28.54	18.04	18.04	3.17	1.73	24.613906	27.431211	26.100744	0.563803
2.51	28.54	18.04	18.04	3.17	1.73	24.609205	27.428084	26.096798	0.563809
2.51	28.54	18.03	18.03	3.17	1.73	24.604506	27.424957	26.092852	0.563814
2.52	28.54	18.03	18.03	3.17	1.73	24.599809	27.421832	26.088908	0.563820
2.52	28.54	18.02	18.02	3.17	1.73	24.595113	27.418707	26.084965	0.563825
2.52	28.54	18.02	18.02	3.17	1.73	24.590420	27.415582	26.081023	0.563830
2.52	28.54	18.01	18.01	3.17	1.73	24.585727	27.412458	26.077082	0.563836
2.53	28.54	18.01	18.01	3.17	1.73	24.581037	27.409335	26.073142	0.563841
2.53	28.54	18.00	18.00	3.17	1.73	24.576348	27.406212	26.069203	0.563846
2.53	28.54	18.00	18.00	3.17	1.73	24.571661	27.403090	26.065266	0.563852
2.54	28.54	17.99	17.99	3.17	1.73	24.566976	27.399969	26.061330	0.563857
2.54	28.54	17.99	17.99	3.17	1.73	24.562292	27.396848	26.057394	0.563862
2.54	28.54	17.98	17.98	3.17	1.73	24.557610	27.393728	26.053460	0.563868
2.54	28.54	17.98	17.98	3.17	1.73	24.552930	27.390608	26.049527	0.563873
2.55	28.54	17.97	17.97	3.17	1.73	24.548251	27.387489	26.045595	0.563878
2.55	28.54	17.97	17.97	3.17	1.73	24.543574	27.384371	26.041665	0.563884
2.55	28.54	17.96	17.96	3.17	1.73	24.538899	27.381253	26.037735	0.563889
2.56	28.54	17.96	17.96	3.17	1.73	24.534226	27.378136	26.033807	0.563894
2.56	28.54	17.95	17.95	3.17	1.73	24.529554	27.375020	26.029880	0.563899
2.56	28.54	17.95	17.95	3.17	1.73	24.524884	27.371904	26.025954	0.563905
2.56	28.54	17.94	17.94	3.17	1.73	24.520216	27.368789	26.022029	0.563910
2.57	28.54	17.94	17.94	3.17	1.73	24.515550	27.365675	26.018105	0.563915
2.57	28.54	17.93	17.93	3.17	1.73	24.510885	27.362561	26.014183	0.563920
2.57	28.54	17.93	17.93	3.17	1.73	24.506222	27.359448	26.010261	0.563926
2.58	28.54	17.92	17.92	3.17	1.73	24.501560	27.356335	26.006341	0.563931
2.58	28.54	17.92	17.92	3.17	1.73	24.496901	27.353223	26.002422	0.563936
2.58	28.54	17.91	17.91	3.17	1.73	24.492243	27.350112	25.998504	0.563941
2.58	28.54	17.91	17.91	3.17	1.73	24.487587	27.347001	25.994587	0.563946
2.59	28.54	17.90	17.90	3.17	1.73	24.482933	27.343891	25.990672	0.563951
2.59	28.54	17.90	17.90	3.17	1.73	24.478280	27.340782	25.986757	0.563957
2.59	28.54	17.89	17.89	3.17	1.73	24.473629	27.337673	25.982844	0.563962
2.59	28.54	17.89	17.89	3.17	1.73	24.468980	27.334565	25.978932	0.563967
2.60	28.54	17.88	17.88	3.17	1.73	24.464333	27.331458	25.975021	0.563972
2.60	28.54	17.88	17.88	3.17	1.74	24.459687	27.328351	25.971111	0.563977
2.60	28.54	17.87	17.87	3.17	1.74	24.455043	27.325245	25.967203	0.563982
2.61	28.54	17.87	17.87	3.17	1.74	24.450401	27.322139	25.963295	0.563987
2.61	28.54	17.86	17.86	3.17	1.74	24.445761	27.319034	25.959389	0.563992
2.61	28.54	17.86	17.86	3.17	1.74	24.441122	27.315930	25.955484	0.563997
2.61	28.54	17.85	17.85	3.17	1.74	24.436485	27.312827	25.951580	0.564003
2.62	28.54	17.85	17.85	3.17	1.74	24.431850	27.309724	25.947677	0.564008
2.62	28.54	17.84	17.84	3.17	1.74	24.427217	27.306621	25.943776	0.564013
2.62	28.54	17.84	17.84	3.17	1.74	24.422585	27.303520	25.939875	0.564018
2.62	28.54	17.83	17.83	3.16	1.74	24.417956	27.300419	25.935976	0.564023
2.63	28.54	17.83	17.83	3.16	1.74	24.413327	27.297319	25.932078	0.564028
2.63	28.54	17.82	17.82	3.16	1.74	24.408701	27.294219	25.928182	0.564033
2.63	28.54	17.82	17.82	3.16	1.74	24.404077	27.291120	25.924286	0.564038
2.64	28.54	17.81	17.81	3.16	1.74	24.399454	27.288022	25.920392	0.564043
2.64	28.54	17.81	17.81	3.16	1.74	24.394833	27.284924	25.916499	0.564048
2.64	28.54	17.80	17.80	3.16	1.74	24.390214	27.281827	25.912607	0.564053
2.64	28.54	17.80	17.80	3.16	1.74	24.385596	27.278731	25.908716	0.564058
2.65	28.54	17.79	17.79	3.16	1.74	24.380981	27.275635	25.904826	0.564063
2.65	28.54	17.79	17.79	3.16	1.74	24.376367	27.272540	25.900938	0.564068
2.65	28.54	17.78	17.78	3.16	1.74	24.371755	27.269446	25.897051	0.564072
2.66	28.54	17.78	17.78	3.16	1.74	24.367144	27.266353	25.893165	0.564077
2.66	28.54	17.77	17.77	3.16	1.74	24.362536	27.263260	25.889280	0.564082
2.66	28.54	17.77	17.77	3.16	1.74	24.357929	27.260167	25.885396	0.564087
2.66	28.54	17.76	17.76	3.16	1.74	24.353324	27.257076	25.881514	0.564092
2.67	28.54	17.76	17.76	3.16	1.74	24.348721	27.253985	25.877633	0.564097
2.67	28.54	17.75	17.75	3.16	1.74	24.344120	27.250894	25.873753	0.564102
2.67	28.54	17.75	17.75	3.16	1.74	24.339520	27.247805	25.869874	0.564107
2.67	28.54	17.74	17.74	3.16	1.74	24.334922	27.244716	25.865996	0.564112
2.68	28.54	17.74	17.74	3.16	1.74	24.330326	27.241628	25.862120	0.564117
2.68	28.54	17.74	17.74	3.16	1.74	24.325732	27.238540	25.858245	0.564121
2.68	28.54	17.73	17.73	3.16	1.74	24.321140	27.235453	25.854371	0.564126
2.69	28.54	17.73	17.73	3.16	1.74	24.316549	27.232367	25.850498	0.564131
2.69	28.54	17.72	17.72	3.16	1.74	24.311960	27.229281	25.846627	0.564136
2.69	28.54	17.72	17.72	3.16	1.74	24.307373	27.226197	25.842756	0.564141
2.69	28.54	17.71	17.71	3.16	1.74	24.302788	27.223112	25.838887	0.564145
2.70	28.54	17.71	17.71	3.16	1.74	24.298205	27.220029	25.835019	0.564150
2.70	28.54	17.70	17.70	3.16	1.74	24.293623	27.216946	25.831153	0.564155
2.70	28.54	17.70	17.70	3.16	1.74	24.289043	27.213864	25.827287	0.564160
2.71	28.54	17.69	17.69	3.16	1.74	24.284465	27.210783	25.823423	0.564165
2.71	28.54	17.69	17.69	3.16	1.74	24.279889	27.207702	25.819560	0.564169
2.71	28.54	17.68	17.68	3.16	1.75	24.275315	27.204622	25.815699	0.564174
2.71	28.54	17.68	17.68	3.16	1.75	24.270743	27.201542	25.811838	0.564179
2.72	28.54	17.67	17.67	3.16	1.75	24.266172	27.198464	25.807979	0.564183
2.72	28.54	17.67	17.67	3.16	1.75	24.261603	27.195386	25.804121	0.564188
2.72	28.54	17.66	17.66	3.16	1.75	24.257036	27.192309	25.800264	0.564193
2.73	28.54	17.66	17.66	3.16	1.75	24.252471	27.189232	25.796408	0.564198
2.73	28.54	17.65	17.65	3.16	1.75	24.247907	27.186156	25.792554	0.564202
2.73	28.54	17.65	17.65	3.16	1.75	24.243346	27.183081	25.788701	0.564207
2.73	28.54	17.64	17.64	3.16	1.75	24.238786	27.180006	25.784849	0.564212
2.74	28.54	17.64	17.64	3.16	1.75	24.234228	27.176933	25.780999	0.564216
2.74	28.54	17.63	17.63	3.16	1.75	24.229672	27.173859	25.777149	0.564221
2.74	28.54	17.63	17.63	3.16	1.75	24.225118	27.170787	25.773301	0.564226
2.74	28.54	17.62	17.62	3.16	1.75	24.220565	27.167715	25.769454	0.564230
2.75	28.54	17.62	17.62	3.16	1.75	24.216015	27.164644	25.765609	0.564235
2.75	28.54	17.62	17.62	3.16	1.75	24.211466	27.161574	25.761764	0.564240
2.75	28.54	17.61	17.61	3.16	1.75	24.206919	27.158504	25.757921	0.564244
2.76	28.54	17.61	17.61	3.16	1.75	24.202374	27.155436	25.754079	0.564249
2.76	28.54	17.60	17.60	3.16	1.75	24.197831	27.152367	25.750238	0.564253
2.76	28.54	17.60	17.60	3.16	1.75	24.193290	27.149300	25.746399	0.564258
2.76	28.54	17.59	17.59	3.16	1.75	24.188750	27.146233	25.742561	0.564262
2.77	28.54	17.59	17.59	3.16	1.75	24.184212	27.143167	25.738724	0.564267
2.77	28.54	17.58	17.58	3.16	1.75	24.179677	27.140102	25.734888	0.564272
2.77	28.54	17.58	17.58	3.16	1.75	24.175143	27.137037	25.731054	0.564276
2.77	28.54	17.57	17.57	3.16	1.75	24.170610	27.133973	25.727221	0.564281
2.78	28.54	17.57	17.57	3.16	1.75	24.166080	27.130910	25.723389	0.564285
2.78	28.54	17.56	17.56	3.16	1.75	24.161552	27.127848	25.719559	0.564290
2.78	28.54	17.56	17.56	3.16	1.75	24.157025	27.124786	25.715729	0.564294
2.79	28.54	17.55	17.55	3.16	1.75	24.152501	27.121725	25.711901	0.564299
2.79	28.54	17.55	17.55	3.16	1.75	24.147978	27.118664	25.708074	0.564303
2.79	28.54	17.54	17.54	3.16	1.75	24.143457	27.115605	25.704249	0.564308
2.79	28.54	17.54	17.54	3.16	1.75	24.138938	27.112546	25.700425	0.564312
2.80	28.54	17.54	17.54	3.16	1.75	24.134420	27.109488	25.696602	0.564317
2.80	28.54	17.53	17.53	3.16	1.75	24.129905	27.106430	25.692780	0.564321
2.80	28.54	17.53	17.53	3.16	1.75	24.125392	27.103373	25.688959	0.564326
2.81	28.54	17.52	17.52	3.16	1.75	24.120880	27.100317	25.685140	0.564330
2.81	28.54	17.52	17.52	3.16	1.75	24.116370	27.097262	25.681322	0.564334
2.81	28.54	17.51	17.51	3.16	1.75	24.111862	27.094208	25.677506	0.564339
2.81	28.54	17.51	17.51	3.16	1.75	24.107356	27.091154	25.673690	0.564343
2.82	28.54	17.50	17.50	3.16	1.75	24.102852	27.088101	25.669876	0.564348
2.82	28.54	17.50	17.50	3.16	1.75	24.098350	27.085048	25.666064	0.564352
2.82	28.54	17.49	17.49	3.16	1.75	24.093850	27.081997	25.662252	0.564356
2.83	28.54	17.49	17.49	3.16	1.75	24.089351	27.078946	25.658442	0.564361
2.83	28.54	17.48	17.48	3.16	1.76	24.084855	27.075896	25.654633	0.564365
2.83	28.54	17.48	17.48	3.16	1.76	24.080360	27.072846	25.650825	0.564370
2.83	28.54	17.48	17.48	3.16	1.76	24.075867	27.069798	25.647019	0.564374
2.84	28.54	17.47	17.47	3.16	1.76	24.071376	27.066750	25.643214	0.564378
2.84	28.54	17.47	17.47	3.16	1.76	24.066887	27.063702	25.639410	0.564383
2.84	28.54	17.46	17.46	3.16	1.76	24.062400	27.060656	25.635608	0.564387
2.84	28.54	17.46	17.46	3.16	1.76	24.057915	27.057610	25.631806	0.564391
2.85	28.54	17.45	17.45	3.16	1.76	24.053432	27.054565	25.628007	0.564396
2.85	28.54	17.45	17.45	3.16	1.76	24.048950	27.051521	25.624208	0.564400
2.85	28.54	17.44	17.44	3.16	1.76	24.044471	27.048477	25.620411	0.564404
2.86	28.54	17.44	17.44	3.15	1.76	24.039993	27.045435	25.616615	0.564408
2.86	28.54	17.43	17.43	3.15	1.76	24.035517	27.042393	25.612820	0.564413
2.86	28.54	17.43	17.43	3.15	1.76	24.031043	27.039351	25.609027	0.564417
2.86	28.54	17.42	17.42	3.15	1.76	24.026572	27.036311	25.605234	0.564421
2.87	28.54	17.42	17.42	3.15	1.76	24.022102	27.033271	25.601444	0.564426
2.87	28.54	17.42	17.42	3.15	1.76	24.017633	27.030232	25.597654	0.564430
2.87	28.54	17.41	17.41	3.15	1.76	24.013167	27.027194	25.593866	0.564434
2.88	28.54	17.41	17.41	3.15	1.76	24.008703	27.024156	25.590079	0.564438
2.88	28.54	17.40	17.40	3.15	1.76	24.004241	27.021119	25.586294	0.564442
2.88	28.54	17.40	17.40	3.15	1.76	23.999780	27.018083	25.582509	0.564447
2.88	28.54	17.39	17.39	3.15	1.76	23.995322	27.015048	25.578726	0.564451
2.89	28.54	17.39	17.39	3.15	1.76	23.990865	27.012013	25.574945	0.564455
2.89	28.54	17.38	17.38	3.15	1.76	23.986410	27.008980	25.571164	0.564459
2.89	28.54	17.38	17.38	3.15	1.76	23.981958	27.005947	25.567385	0.564463
2.89	28.54	17.37	17.37	3.15	1.76	23.977507	27.002914	25.563608	0.564468
2.90	28.54	17.37	17.37	3.15	1.76	23.973058	26.999883	25.559831	0.564472
2.90	28.54	17.37	17.37	3.15	1.76	23.968611	26.996852	25.556056	0.564476
2.90	28.54	17.36	17.36	3.15	1.76	23.964166	26.993822	25.552283	0.564480
2.91	28.54	17.36	17.36	3.15	1.76	23.959723	26.990793	25.548510	0.564484
2.91	28.54	17.35	17.35	3.15	1.76	23.955282	26.987764	25.544739	0.564488
2.91	28.54	17.35	17.35	3.15	1.76	23.950842	26.984737	25.540969	0.564492
2.91	28.54	17.34	17.34	3.15	1.76	23.946405	26.981710	25.537201	0.564497
2.92	28.54	17.34	17.34	3.15	1.76	23.941970	26.978684	25.533434	0.564501
2.92	28.54	17.33	17.33	3.15	1.76	23.937536	26.975658	25.529668	0.564505
2.92	28.54	17.33	17.33	3.15	1.76	23.933105	26.972634	25.525904	0.564509
2.92	28.54	17.33	17.33	3.15	1.76	23.928675	26.969610	25.522141	0.564513
2.93	28.54	17.32	17.32	3.15	1.76	23.924247	26.966587	25.518379	0.564517
2.93	28.54	17.32	17.32	3.15	1.76	23.919822	26.963564	25.514618	0.564521
2.93	28.54	17.31	17.31	3.15	1.76	23.915398	26.960543	25.510859	0.564525
2.94	28.54	17.31	17.31	3.15	1.76	23.910976	26.957522	25.507101	0.564529
2.94	28.54	17.30	17.30	3.15	1.76	23.906557	26.954502	25.503345	0.564533
2.94	28.54	17.30	17.30	3.15	1.76	23.902139	26.951483	25.499590	0.564537
2.94	28.54	17.29	17.29	3.15	1.76	23.897723	26.948464	25.495836	0.564541
2.95	28.54	17.29	17.29	3.15	1.76	23.893309	26.945447	25.492084	0.564545
2.95	28.54	17.29	17.29	3.15	1.76	23.888897	26.942430	25.488333	0.564549
2.95	28.54	17.28	17.28	3.15	1.77	23.884487	26.939414	25.484583	0.564553
2.96	28.54	17.28	17.28	3.15	1.77	23.880079	26.936399	25.480835	0.564557
2.96	28.54	17.27	17.27	3.15	1.77	23.875673	26.933384	25.477088	0.564561
2.96	28.54	17.27	17.27	3.15	1.77	23.871268	26.930370	25.473342	0.564565
2.96	28.54	17.26	17.26	3.15	1.77	23.866866	26.927357	25.469598	0.564569
2.97	28.54	17.26	17.26	3.15	1.77	23.862466	26.924345	25.465855	0.564573
2.97	28.54	17.25	17.25	3.15	1.77	23.858068	26.921334	25.462113	0.564577
2.97	28.54	17.25	17.25	3.15	1.77	23.853672	26.918323	25.458373	0.564581
2.98	28.54	17.25	17.25	3.15	1.77	23.849277	26.915313	25.454634	0.564585
2.98	28.54	17.24	17.24	3.15	1.77	23.844885	26.912304	25.450896	0.564589
2.98	28.54	17.24	17.24	3.15	1.77	23.840495	26.909296	25.447160	0.564593
2.98	28.54	17.23	17.23	3.15	1.77	23.836106	26.906289	25.443425	0.564597
2.99	28.54	17.23	17.23	3.15	1.77	23.831720	26.903282	25.439692	0.564600
2.99	28.54	17.22	17.22	3.15	1.77	23.827335	26.900276	25.435960	0.564604
2.99	28.54	17.22	17.22	3.15	1.77	23.822953	26.897271	25.432229	0.564608
2.99	28.54	17.22	17.22	3.15	1.77	23.818573	26.894267	25.428500	0.564612
3.00	28.54	17.21	17.21	3.15	1.77	23.814194	26.891263	25.424772	0.564616
3.00	28.54	17.21	17.21	3.15	1.77	23.809818	26.888261	25.421045	0.564620
3.00	28.54	17.20	17.20	3.15	1.77	23.805443	26.885259	25.417320	0.564624
3.01	28.54	17.20	17.20	3.15	1.77	23.801071	26.882258	25.413596	0.564627
3.01	28.54	17.19	17.19	3.15	1.77	23.796700	26.879257	25.409874	0.564631
3.01	28.54	17.19	17.19	3.15	1.77	23.792332	26.876258	25.406152	0.564635
3.01	28.54	17.19	17.19	3.15	1.77	23.787965	26.873259	25.402433	0.564639
3.02	28.54	17.18	17.18	3.15	1.77	23.783601	26.870261	25.398714	0.564643
3.02	28.54	17.18	17.18	3.15	1.77	23.779238	26.867264	25.394997	0.564646
3.02	28.54	17.17	17.17	3.15	1.77	23.774877	26.864268	25.391282	0.564650
3.02	28.54	17.17	17.17	3.15	1.77	23.770519	26.861273	25.387567	0.564654
3.03	28.54	17.16	17.16	3.15	1.77	23.766162	26.858278	25.383855	0.564658
3.03	28.54	17.16	17.16	3.15	1.77	23.761808	26.855284	25.380143	0.564662
3.03	28.54	17.15	17.15	3.15	1.77	23.757455	26.852291	25.376433	0.564665
3.04	28.54	17.15	17.15	3.15	1.77	23.753105	26.849299	25.372724	0.564669
3.04	28.54	17.15	17.15	3.15	1.77	23.748756	26.846308	25.369017	0.564673
3.04	28.54	17.14	17.14	3.15	1.77	23.744410	26.843317	25.365311	0.564676
3.04	28.54	17.14	17.14	3.15	1.77	23.740066	26.840327	25.361606	0.564680
3.05	28.54	17.13	17.13	3.15	1.77	23.735723	26.837338	25.357903	0.564684
3.05	28.54	17.13	17.13	3.15	1.77	23.731383	26.834350	25.354202	0.564688
3.05	28.54	17.13	17.13	3.15	1.77	23.727044	26.831363	25.350501	0.564691
3.06	28.54	17.12	17.12	3.15	1.77	23.722708	26.828376	25.346802	0.564695
3.06	28.54	17.12	17.12	3.15	1.77	23.718373	26.825391	25.343105	0.564699
3.06	28.54	17.11	17.11	3.15	1.77	23.714041	26.822406	25.339408	0.564702
3.06	28.54	17.11	17.11	3.15	1.77	23.709711	26.819422	25.335714	0.564706
3.07	28.54	17.10	17.10	3.15	1.77	23.705382	26.816439	25.332020	0.564710
3.07	28.54	17.10	17.10	3.15	1.77	23.701056	26.813456	25.328328	0.564713
3.07	28.54	17.10	17.10	3.15	1.77	23.696732	26.810475	25.324638	0.564717
3.08	28.54	17.09	17.09	3.15	1.77	23.692410	26.807494	25.320949	0.564721
3.08	28.54	17.09	17.09	3.15	1.77	23.688090	26.804514	25.317261	0.564724
3.08	28.54	17.08	17.08	3.15	1.77	23.683771	26.801535	25.313574	0.564728
3.08	28.54	17.08	17.08	3.15	1.78	23.679455	26.798557	25.309889	0.564731
3.09	28.54	17.07	17.07	3.15	1.78	23.675141	26.795579	25.306206	0.564735
3.09	28.54	17.07	17.07	3.15	1.78	23.670829	26.792603	25.302524	0.564739
3.09	28.54	17.07	17.07	3.14	1.78	23.666519	26.789627	25.298843	0.564742
3.09	28.54	17.06	17.06	3.14	1.78	23.662211	26.786652	25.295164	0.564746
3.10	28.54	17.06	17.06	3.14	1.78	23.657905	26.783678	25.291486	0.564749
3.10	28.54	17.05	17.05	3.14	1.78	23.653601	26.780705	25.287809	0.564753
3.10	28.54	17.05	17.05	3.14	1.78	23.649300	26.777732	25.284134	0.564756
3.11	28.54	17.05	17.05	3.14	1.78	23.645000	26.774761	25.280461	0.564760
3.11	28.54	17.04	17.04	3.14	1.78	23.640702	26.771790	25.276789	0.564764
3.11	28.54	17.04	17.04	3.14	1.78	23.636406	26.768820	25.273118	0.564767
3.11	28.54	17.03	17.03	3.14	1.78	23.632113	26.765851	25.269448	0.564771
3.12	28.54	17.03	17.03	3.14	1.78	23.627821	26.762883	25.265781	0.564774
3.12	28.54	17.02	17.02	3.14	1.78	23.623532	26.759915	25.262114	0.564778
3.12	28.54	17.02	17.02	3.14	1.78	23.619244	26.756949	25.258449	0.564781
3.12	28.54	17.02	17.02	3.14	1.78	23.614959	26.753983	25.254785	0.564785
3.13	28.54	17.01	17.01	3.14	1.78	23.610676	26.751018	25.251123	0.564788
3.13	28.54	17.01	17.01	3.14	1.78	23.606394	26.748054	25.247462	0.564792
3.13	28.54	17.00	17.00	3.14	1.78	23.602115	26.745091	25.243803	0.564795
3.14	28.54	17.00	17.00	3.14	1.78	23.597838	26.742129	25.240145	0.564798
3.14	28.54	17.00	17.00	3.14	1.78	23.593563	26.739167	25.236488	0.564802
3.14	28.54	16.99	16.99	3.14	1.78	23.589290	26.736207	25.232833	0.564805
3.14	28.54	16.99	16.99	3.14	1.78	23.585019	26.733247	25.229180	0.564809
3.15	28.54	16.98	16.98	3.14	1.78	23.580750	26.730288	25.225528	0.564812
3.15	28.54	16.98	16.98	3.14	1.78	23.576483	26.727330	25.221877	0.564816
3.15	28.54	16.98	16.98	3.14	1.78	23.572219	26.724373	25.218228	0.564819
3.16	28.54	16.97	16.97	3.14	1.78	23.567956	26.721417	25.214580	0.564822
3.16	28.54	16.97	16.97	3.14	1.78	23.563695	26.718461	25.210933	0.564826
3.16	28.54	16.96	16.96	3.14	1.78	23.559437	26.715507	25.207288	0.564829
3.16	28.54	16.96	16.96	3.14	1.78	23.555181	26.712553	25.203645	0.564833
3.17	28.54	16.95	16.95	3.14	1.78	23.550926	26.709600	25.200003	0.564836
3.17	28.54	16.95	16.95	3.14	1.78	23.546674	26.706648	25.196362	0.564839
3.17	28.54	16.95	16.95	3.14	1.78	23.542424	26.703697	25.192723	0.564843
3.17	28.54	16.94	16.94	3.14	1.78	23.538176	26.700747	25.189085	0.564846
3.18	28.54	16.94	16.94	3.14	1.78	23.533930	26.697797	25.185449	0.564849
3.18	28.54	16.93	16.93	3.14	1.78	23.529686	26.694849	25.181814	0.564853
3.18	28.54	16.93	16.93	3.14	1.78	23.525444	26.691901	25.178181	0.564856
3.19	28.54	16.93	16.93	3.14	1.78	23.521205	26.688954	25.174549	0.564859
3.19	28.54	16.92	16.92	3.14	1.78	23.516967	26.686008	25.170919	0.564863
3.19	28.54	16.92	16.92	3.14	1.78	23.512732	26.683063	25.167290	0.564866
3.19	28.54	16.91	16.91	3.14	1.78	23.508498	26.680119	25.163662	0.564869
3.20	28.54	16.91	16.91	3.14	1.78	23.504267	26.677175	25.160036	0.564873
3.20	28.54	16.91	16.91	3.14	1.78	23.500038	26.674233	25.156412	0.564876
3.20	28.54	16.90	16.90	3.14	1.78	23.495811	26.671291	25.152788	0.564879
3.21	28.54	16.90	16.90	3.14	1.78	23.491586	26.668351	25.149167	0.564882
3.21	28.54	16.89	16.89	3.14	1.78	23.487363	26.665411	25.145547	0.564886
3.21	28.54	16.89	16.89	3.14	1.78	23.483142	26.662472	25.141928	0.564889
3.21	28.54	16.89	16.89	3.14	1.78	23.478923	26.659534	25.138311	0.564892
3.22	28.54	16.88	16.88	3.14	1.78	23.474707	26.656596	25.134695	0.564895
3.22	28.54	16.88	16.88	3.14	1.78	23.470493	26.653660	25.131081	0.564899
3.22	28.54	16.87	16.87	3.14	1.79	23.466280	26.650725	25.127468	0.564902
3.23	28.54	16.87	16.87	3.14	1.79	23.462070	26.647790	25.123856	0.564905
3.23	28.54	16.87	16.87	3.14	1.79	23.457862	26.644856	25.120247	0.564908
3.23	28.54	16.86	16.86	3.14	1.79	23.453656	26.641924	25.116638	0.564911
3.23	28.54	16.86	16.86	3.14	1.79	23.449452	26.638992	25.113031	0.564915
3.24	28.54	16.85	16.85	3.14	1.79	23.445251	26.636061	25.109426	0.564918
3.24	28.54	16.85	16.85	3.14	1.79	23.441051	26.633131	25.105822	0.564921
3.24	28.54	16.85	16.85	3.14	1.79	23.436854	26.630201	25.102219	0.564924
3.24	28.54	16.84	16.84	3.14	1.79	23.432658	26.627273	25.098619	0.564927
3.25	28.54	16.84	16.84	3.14	1.79	23.428465	26.624345	25.095019	0.564930
3.25	28.54	16.83	16.83	3.14	1.79	23.424274	26.621419	25.091421	0.564933
3.25	28.54	16.83	16.83	3.14	1.79	23.420085	26.618493	25.087825	0.564937
3.26	28.54	16.83	16.83	3.14	1.79	23.415898	26.615568	25.084230	0.564940
3.26	28.54	16.82	16.82	3.14	1.79	23.411714	26.612645	25.080636	0.564943
3.26	28.54	16.82	16.82	3.14	1.79	23.407531	26.609722	25.077044	0.564946
3.26	28.54	16.82	16.82	3.14	1.79	23.403351	26.606799	25.073453	0.564949
3.27	28.54	16.81	16.81	3.14	1.79	23.399172	26.603878	25.069864	0.564952
3.27	28.54	16.81	16.81	3.14	1.79	23.394996	26.600958	25.066277	0.564955
3.27	28.54	16.80	16.80	3.14	1.79	23.390822	26.598038	25.062691	0.564958
3.27	28.54	16.80	16.80	3.14	1.79	23.386651	26.595120	25.059106	0.564961
3.28	28.54	16.80	16.80	3.14	1.79	23.382481	26.592202	25.055523	0.564964
3.28	28.54	16.79	16.79	3.14	1.79	23.378313	26.589286	25.051942	0.564968
3.28	28.54	16.79	16.79	3.14	1.79	23.374148	26.586370	25.048362	0.564971
3.29	28.54	16.78	16.78	3.14	1.79	23.369985	26.583455	25.044783	0.564974
3.29	28.54	16.78	16.78	3.14	1.79	23.365824	26.580541	25.041206	0.564977
3.29	28.54	16.78	16.78	3.14	1.79	23.361665	26.577628	25.037631	0.564980
3.29	28.54	16.77	16.77	3.14	1.79	23.357508	26.574716	25.034057	0.564983
3.30	28.54	16.77	16.77	3.14	1.79	23.353353	26.571804	25.030484	0.564986
3.30	28.54	16.77	16.77	3.14	1.79	23.349201	26.568894	25.026913	0.564989
3.30	28.54	16.76	16.76	3.14	1.79	23.345051	26.565985	25.023344	0.564992
3.31	28.54	16.76	16.76	3.14	1.79	23.340903	26.563076	25.019776	0.564995
3.31	28.54	16.75	16.75	3.14	1.79	23.336757	26.560169	25.016209	0.564998
3.31	28.54	16.75	16.75	3.14	1.79	23.332613	26.557262	25.012644	0.565001
3.31	28.54	16.75	16.75	3.14	1.79	23.328471	26.554356	25.009081	0.565004
3.32	28.54	16.74	16.74	3.14	1.79	23.324332	26.551451	25.005519	0.565007
3.32	28.54	16.74	16.74	3.14	1.79	23.320195	26.548547	25.001959	0.565010
3.32	28.54	16.73	16.73	3.14	1.79	23.316059	26.545644	24.998400	0.565012
3.33	28.54	16.73	16.73	3.14	1.79	23.311926	26.542742	24.994843	0.565015
3.33	28.54	16.73	16.73	3.14	1.79	23.307796	26.539841	24.991287	0.565018
3.33	28.54	16.72	16.72	3.14	1.79	23.303667	26.536941	24.987732	0.565021
3.33	28.54	16.72	16.72	3.14	1.79	23.299541	26.534041	24.984180	0.565024
3.34	28.54	16.72	16.72	3.14	1.79	23.295416	26.531143	24.980629	0.565027
3.34	28.54	16.71	16.71	3.13	1.79	23.291294	26.528245	24.977079	0.565030
3.34	28.54	16.71	16.71	3.13	1.79	23.287175	26.525349	24.973531	0.565033
3.34	28.54	16.70	16.70	3.13	1.79	23.283057	26.522453	24.969984	0.565036
3.35	28.54	16.70	16.70	3.13	1.79	23.278941	26.519558	24.966439	0.565039
3.35	28.54	16.70	16.70	3.13	1.79	23.274828	26.516665	24.962895	0.565042
3.35	28.54	16.69	16.69	3.13	1.79	23.270717	26.513772	24.959353	0.565044
3.36	28.54	16.69	16.69	3.13	1.79	23.266608	26.510880	24.955813	0.565047
3.36	28.54	16.69	16.69	3.13	1.79	23.262501	26.507989	24.952274	0.565050
3.36	28.54	16.68	16.68	3.13	1.79	23.258397	26.505099	24.948737	0.565053
3.36	28.54	16.68	16.68	3.13	1.79	23.254294	26.502210	24.945201	0.565056
3.37	28.54	16.67	16.67	3.13	1.79	23.250194	26.499321	24.941666	0.565059
3.37	28.54	16.67	16.67	3.13	1.80	23.246096	26.496434	24.938134	0.565061
3.37	28.54	16.67	16.67	3.13	1.80	23.242001	26.493548	24.934602	0.565064
3.38	28.54	16.66	16.66	3.13	1.80	23.237907	26.490662	24.931073	0.565067
3.38	28.54	16.66	16.66	3.13	1.80	23.233816	26.487778	24.927545	0.565070
3.38	28.54	16.66	16.66	3.13	1.80	23.229727	26.484894	24.924018	0.565073
3.38	28.54	16.65	16.65	3.13	1.80	23.225640	26.482012	24.920493	0.565075
3.39	28.54	16.65	16.65	3.13	1.80	23.221555	26.479130	24.916970	0.565078
3.39	28.54	16.64	16.64	3.13	1.80	23.217472	26.476250	24.913448	0.565081
3.39	28.54	16.64	16.64	3.13	1.80	23.213392	26.473370	24.909927	0.565084
3.39	28.54	16.64	16.64	3.13	1.80	23.209314	26.470491	24.906409	0.565086
3.40	28.54	16.63	16.63	3.13	1.80	23.205238	26.467613	24.902891	0.565089
3.40	28.54	16.63	16.63	3.13	1.80	23.201164	26.464736	24.899376	0.565092
3.40	28.54	16.63	16.63	3.13	1.80	23.197093	26.461860	24.895861	0.565095
3.41	28.54	16.62	16.62	3.13	1.80	23.193024	26.458985	24.892349	0.565097
3.41	28.54	16.62	16.62	3.13	1.80	23.188957	26.456111	24.888838	0.565100
3.41	28.54	16.62	16.62	3.13	1.80	23.184892	26.453238	24.885328	0.565103
3.41	28.54	16.61	16.61	3.13	1.80	23.180829	26.450366	24.881821	0.565105
3.42	28.54	16.61	16.61	3.13	1.80	23.176769	26.447495	24.878314	0.565108
3.42	28.54	16.60	16.60	3.13	1.80	23.172711	26.444625	24.874809	0.565111
3.42	28.54	16.60	16.60	3.13	1.80	23.168655	26.441755	24.871306	0.565114
3.42	28.54	16.60	16.60	3.13	1.80	23.164601	26.438887	24.867805	0.565116
3.43	28.54	16.59	16.59	3.13	1.80	23.160550	26.436020	24.864305	0.565119
3.43	28.54	16.59	16.59	3.13	1.80	23.156500	26.433153	24.860806	0.565122
3.43	28.54	16.59	16.59	3.13	1.80	23.152454	26.430288	24.857309	0.565124
3.44	28.54	16.58	16.58	3.13	1.80	23.148409	26.427423	24.853814	0.565127
3.44	28.54	16.58	16.58	3.13	1.80	23.144366	26.424560	24.850320	0.565129
3.44	28.54	16.58	16.58	3.13	1.80	23.140326	26.421697	24.846828	0.565132
3.44	28.54	16.57	16.57	3.13	1.80	23.136288	26.418836	24.843337	0.565135
3.45	28.54	16.57	16.57	3.13	1.80	23.132252	26.415975	24.839848	0.565137
3.45	28.54	16.56	16.56	3.13	1.80	23.128219	26.413115	24.836361	0.565140
3.45	28.54	16.56	16.56	3.13	1.80	23.124187	26.410257	24.832875	0.565143
3.46	28.54	16.56	16.56	3.13	1.80	23.120158	26.407399	24.829391	0.565145
3.46	28.54	16.55	16.55	3.13	1.80	23.116131	26.404542	24.825908	0.565148
3.46	28.54	16.55	16.55	3.13	1.80	23.112107	26.401687	24.822427	0.565150
3.46	28.54	16.55	16.55	3.13	1.80	23.108085	26.398832	24.818948	0.565153
3.47	28.54	16.54	16.54	3.13	1.80	23.104064	26.395978	24.815470	0.565155
3.47	28.54	16.54	16.54	3.13	1.80	23.100047	26.393125	24.811993	0.565158
3.47	28.54	16.54	16.54	3.13	1.80	23.096031	26.390273	24.808519	0.565161
3.48	28.54	16.53	16.53	3.13	1.80	23.092018	26.387422	24.805046	0.565163
3.48	28.54	16.53	16.53	3.13	1.80	23.088007	26.384572	24.801574	0.565166
3.48	28.54	16.53	16.53	3.13	1.80	23.083998	26.381723	24.798104	0.565168
3.48	28.54	16.52	16.52	3.13	1.80	23.079991	26.378875	24.794636	0.565171
3.49	28.54	16.52	16.52	3.13	1.80	23.075987	26.376028	24.791169	0.565173
3.49	28.54	16.51	16.51	3.13	1.80	23.071985	26.373182	24.787704	0.565176
3.49	28.54	16.51	16.51	3.13	1.80	23.067986	26.370337	24.784240	0.565178
3.49	28.54	16.51	16.51	3.13	1.80	23.063988	26.367493	24.780778	0.565181
3.50	28.54	16.50	16.50	3.13	1.80	23.059993	26.364650	24.777318	0.565183
3.50	28.54	16.50	16.50	3.13	1.80	23.056000	26.361808	24.773859	0.565186
3.50	28.54	16.50	16.50	3.13	1.80	23.052009	26.358967	24.770402	0.565188
3.51	28.54	16.49	16.49	3.13	1.80	23.048021	26.356127	24.766947	0.565191
3.51	28.54	16.49	16.49	3.13	1.80	23.044035	26.353287	24.763493	0.565193
3.51	28.54	16.49	16.49	3.13	1.80	23.040051	26.350449	24.760041	0.565196
3.51	28.54	16.48	16.48	3.13	1.80	23.036069	26.347612	24.756590	0.565198
3.52	28.54	16.48	16.48	3.13	1.80	23.032090	26.344776	24.753141	0.565200
3.52	28.54	16.48	16.48	3.13	1.80	23.028113	26.341941	24.749693	0.565203
3.52	28.54	16.47	16.47	3.13	1.80	23.024138	26.339107	24.746247	0.565205
3.52	28.54	16.47	16.47	3.13	1.80	23.020166	26.336273	24.742803	0.565208
3.53	28.54	16.47	16.47	3.13	1.81	23.016196	26.333441	24.739361	0.565210
3.53	28.54	16.46	16.46	3.13	1.81	23.012228	26.330610	24.735920	0.565212
3.53	28.54	16.46	16.46	3.13	1.81	23.008262	26.327780	24.732480	0.565215
3.54	28.54	16.46	16.46	3.13	1.81	23.004299	26.324951	24.729042	0.565217
3.54	28.54	16.45	16.45	3.13	1.81	23.000338	26.322122	24.725606	0.565220
3.54	28.54	16.45	16.45	3.13	1.81	22.996379	26.319295	24.722172	0.565222
3.54	28.54	16.45	16.45	3.13	1.81	22.992423	26.316469	24.718739	0.565224
3.55	28.54	16.44	16.44	3.13	1.81	22.988469	26.313644	24.715308	0.565227
3.55	28.54	16.44	16.44	3.13	1.81	22.984517	26.310820	24.711878	0.565229
3.55	28.54	16.44	16.44	3.13	1.81	22.980568	26.307996	24.708450	0.565231
3.56	28.54	16.43	16.43	3.13	1.81	22.976620	26.305174	24.705024	0.565234
3.56	28.54	16.43	16.43	3.13	1.81	22.972675	26.302353	24.701599	0.565236
3.56	28.54	16.43	16.43	3.13	1.81	22.968733	26.299533	24.698176	0.565238
3.56	28.54	16.42	16.42	3.13	1.81	22.964792	26.296714	24.694754	0.565241
3.57	28.54	16.42	16.42	3.13	1.81	22.960854	26.293895	24.691334	0.565243
3.57	28.54	16.42	16.42	3.13	1.81	22.956919	26.291078	24.687916	0.565245
3.57	28.54	16.41	16.41	3.13	1.81	22.952985	26.288262	24.684500	0.565248
3.58	28.54	16.41	16.41	3.13	1.81	22.949054	26.285447	24.681085	0.565250
3.58	28.54	16.41	16.41	3.13	1.81	22.945126	26.282633	24.677671	0.565252
3.58	28.54	16.40	16.40	3.13	1.81	22.941199	26.279820	24.674260	0.565255
3.58	28.54	16.40	16.40	3.13	1.81	22.937275	26.277008	24.670850	0.565257
3.59	28.54	16.39	16.39	3.13	1.81	22.933353	26.274196	24.667441	0.565259
3.59	28.54	16.39	16.39	3.13	1.81	22.929434	26.271386	24.664035	0.565261
3.59	28.54	16.39	16.39	3.13	1.81	22.925516	26.268577	24.660630	0.565264
3.59	28.54	16.38	16.38	3.12	1.81	22.921602	26.265769	24.657226	0.565266
3.60	28.54	16.38	16.38	3.12	1.81	22.917689	26.262962	24.653825	0.565268
3.60	28.54	16.38	16.38	3.12	1.81	22.913779	26.260156	24.650424	0.565270
3.60	28.54	16.37	16.37	3.12	1.81	22.909871	26.257351	24.647026	0.565272
3.61	28.54	16.37	16.37	3.12	1.81	22.905965	26.254547	24.643629	0.565275
3.61	28.54	16.37	16.37	3.12	1.81	22.902062	26.251745	24.640234	0.565277
3.61	28.54	16.37	16.37	3.12	1.81	22.898161	26.248943	24.636840	0.565279
3.61	28.54	16.36	16.36	3.12	1.81	22.894263	26.246142	24.633449	0.565281
3.62	28.54	16.36	16.36	3.12	1.81	22.890366	26.243342	24.630058	0.565283
3.62	28.54	16.36	16.36	3.12	1.81	22.886472	26.240543	24.626670	0.565286
3.62	28.54	16.35	16.35	3.12	1.81	22.882581	26.237745	24.623283	0.565288
3.62	28.54	16.35	16.35	3.12	1.81	22.878692	26.234949	24.619898	0.565290
3.63	28.54	16.35	16.35	3.12	1.81	22.874805	26.232153	24.616514	0.565292
3.63	28.54	16.34	16.34	3.12	1.81	22.870920	26.229358	24.613132	0.565294
3.63	28.54	16.34	16.34	3.12	1.81	22.867038	26.226564	24.609752	0.565296
3.64	28.54	16.34	16.34	3.12	1.81	22.863158	26.223772	24.606374	0.565299
3.64	28.54	16.33	16.33	3.12	1.81	22.859281	26.220980	24.602997	0.565301
3.64	28.54	16.33	16.33	3.12	1.81	22.855405	26.218190	24.599621	0.565303
3.64	28.54	16.33	16.33	3.12	1.81	22.851533	26.215400	24.596248	0.565305
3.65	28.54	16.32	16.32	3.12	1.81	22.847662	26.212612	24.592876	0.565307
3.65	28.54	16.32	16.32	3.12	1.81	22.843794	26.209824	24.589506	0.565309
3.65	28.54	16.32	16.32	3.12	1.81	22.839928	26.207038	24.586137	0.565311
3.66	28.54	16.31	16.31	3.12	1.81	22.836065	26.204253	24.582770	0.565313
3.66	28.54	16.31	16.31	3.12	1.81	22.832204	26.201468	24.579405	0.565315
3.66	28.54	16.31	16.31	3.12	1.81	22.828345	26.198685	24.576042	0.565318
3.66	28.54	16.30	16.30	3.12	1.81	22.824488	26.195903	24.572680	0.565320
3.67	28.54	16.30	16.30	3.12	1.81	22.820634	26.193122	24.569320	0.565322
3.67	28.54	16.30	16.30	3.12	1.81	22.816783	26.190341	24.565961	0.565324
3.67	28.54	16.29	16.29	3.12	1.81	22.812933	26.187562	24.562605	0.565326
3.67	28.54	16.29	16.29	3.12	1.81	22.809087	26.184784	24.559250	0.565328
3.68	28.54	16.29	16.29	3.12	1.81	22.805242	26.182007	24.555896	0.565330
3.68	28.54	16.28	16.28	3.12	1.81	22.801400	26.179231	24.552544	0.565332
3.68	28.54	16.28	16.28	3.12	1.81	22.797560	26.176456	24.549194	0.565334
3.69	28.54	16.28	16.28	3.12	1.81	22.793723	26.173683	24.545846	0.565336
3.69	28.54	16.27	16.27	3.12	1.81	22.789887	26.170910	24.542499	0.565338
3.69	28.54	16.27	16.27	3.12	1.81	22.786055	26.168138	24.539154	0.565340
3.69	28.54	16.27	16.27	3.12	1.81	22.782224	26.165367	24.535811	0.565342
3.70	28.54	16.27	16.27	3.12	1.81	22.778396	26.162598	24.532470	0.565344
3.70	28.54	16.26	16.26	3.12	1.82	22.774571	26.159829	24.529130	0.565346
3.70	28.54	16.26	16.26	3.12	1.82	22.770748	26.157062	24.525792	0.565348
3.71	28.54	16.26	16.26	3.12	1.82	22.766927	26.154295	24.522455	0.565350
3.71	28.54	16.25	16.25	3.12	1.82	22.763108	26.151530	24.519120	0.565352
3.71	28.54	16.25	16.25	3.12	1.82	22.759292	26.148766	24.515787	0.565354
3.71	28.54	16.25	16.25	3.12	1.82	22.755479	26.146002	24.512456	0.565356
3.72	28.54	16.24	16.24	3.12	1.82	22.751667	26.143240	24.509126	0.565358
3.72	28.54	16.24	16.24	3.12	1.82	22.747858	26.140479	24.505798	0.565360
3.72	28.54	16.24	16.24	3.12	1.82	22.744052	26.137719	24.502472	0.565362
3.73	28.54	16.23	16.23	3.12	1.82	22.740248	26.134960	24.499147	0.565363
3.73	28.54	16.23	16.23	3.12	1.82	22.736446	26.132202	24.495824	0.565365
3.73	28.54	16.23	16.23	3.12	1.82	22.732647	26.129445	24.492503	0.565367
3.73	28.54	16.22	16.22	3.12	1.82	22.728850	26.126689	24.489184	0.565369
3.74	28.54	16.22	16.22	3.12	1.82	22.725055	26.123935	24.485866	0.565371
3.74	28.54	16.22	16.22	3.12	1.82	22.721263	26.121181	24.482550	0.565373
3.74	28.54	16.22	16.22	3.12	1.82	22.717473	26.118428	24.479236	0.565375
3.74	28.54	16.21	16.21	3.12	1.82	22.713686	26.115677	24.475923	0.565377
3.75	28.54	16.21	16.21	3.12	1.82	22.709901	26.112926	24.472612	0.565379
3.75	28.54	16.21	16.21	3.12	1.82	22.706118	26.110177	24.469303	0.565380
3.75	28.54	16.20	16.20	3.12	1.82	22.702338	26.107429	24.465996	0.565382
3.76	28.54	16.20	16.20	3.12	1.82	22.698560	26.104682	24.462690	0.565384
3.76	28.54	16.20	16.20	3.12	1.82	22.694785	26.101935	24.459386	0.565386
3.76	28.54	16.19	16.19	3.12	1.82	22.691012	26.099190	24.456084	0.565388
3.76	28.54	16.19	16.19	3.12	1.82	22.687241	26.096446	24.452783	0.565390
3.77	28.54	16.19	16.19	3.12	1.82	22.683473	26.093703	24.449484	0.565391
3.77	28.54	16.18	16.18	3.12	1.82	22.679708	26.090962	24.446187	0.565393
3.77	28.54	16.18	16.18	3.12	1.82	22.675944	26.088221	24.442892	0.565395
3.77	28.54	16.18	16.18	3.12	1.82	22.672183	26.085481	24.439598	0.565397
3.78	28.54	16.18	16.18	3.12	1.82	22.668425	26.082743	24.436306	0.565399
3.78	28.54	16.17	16.17	3.12	1.82	22.664669	26.080005	24.433016	0.565400
3.78	28.54	16.17	16.17	3.12	1.82	22.660915	26.077269	24.429728	0.565402
3.79	28.54	16.17	16.17	3.12	1.82	22.657164	26.074534	24.426441	0.565404
3.79	28.54	16.16	16.16	3.12	1.82	22.653415	26.071799	24.423156	0.565406
3.79	28.54	16.16	16.16	3.12	1.82	22.649669	26.069066	24.419873	0.565408
3.79	28.54	16.16	16.16	3.12	1.82	22.645925	26.066334	24.416591	0.565409
3.80	28.54	16.15	16.15	3.12	1.82	22.642183	26.063603	24.413312	0.565411
3.80	28.54	16.15	16.15	3.12	1.82	22.638444	26.060873	24.410034	0.565413
3.80	28.54	16.15	16.15	3.12	1.82	22.634708	26.058145	24.406757	0.565415
3.81	28.54	16.15	16.15	3.12	1.82	22.630973	26.055417	24.403483	0.565416
3.81	28.54	16.14	16.14	3.12	1.82	22.627242	26.052691	24.400210	0.565418
3.81	28.54	16.14	16.14	3.12	1.82	22.623512	26.049965	24.396939	0.565420
3.81	28.54	16.14	16.14	3.12	1.82	22.619785	26.047241	24.393670	0.565421
3.82	28.54	16.13	16.13	3.12	1.82	22.616061	26.044517	24.390402	0.565423
3.82	28.54	16.13	16.13	3.12	1.82	22.612339	26.041795	24.387136	0.565425
3.82	28.54	16.13	16.13	3.12	1.82	22.608619	26.039074	24.383872	0.565427
3.83	28.54	16.13	16.13	3.12	1.82	22.604902	26.036354	24.380610	0.565428
3.83	28.54	16.12	16.12	3.12	1.82	22.601187	26.033635	24.377349	0.565430
3.83	28.54	16.12	16.12	3.12	1.82	22.597475	26.030918	24.374091	0.565432
3.83	28.54	16.12	16.12	3.12	1.82	22.593765	26.028201	24.370833	0.565433
3.84	28.54	16.11	16.11	3.12	1.82	22.590058	26.025486	24.367578	0.565435
3.84	28.54	16.11	16.11	3.12	1.82	22.586353	26.022771	24.364325	0.565437
3.84	28.54	16.11	16.11	3.12	1.82	22.582651	26.020058	24.361073	0.565438
3.84	28.54	16.11	16.11	3.12	1.82	22.578950	26.017346	24.357823	0.565440
3.85	28.54	16.10	16.10	3.12	1.82	22.575253	26.014634	24.354575	0.565441
3.85	28.54	16.10	16.10	3.12	1.82	22.571558	26.011924	24.351328	0.565443
3.85	28.54	16.10	16.10	3.12	1.82	22.567865	26.009216	24.348083	0.565445
3.86	28.54	16.09	16.09	3.12	1.82	22.564175	26.006508	24.344840	0.565446
3.86	28.54	16.09	16.09	3.12	1.82	22.560487	26.003801	24.341599	0.565448
3.86	28.54	16.09	16.09	3.12	1.82	22.556802	26.001096	24.338360	0.565450
3.86	28.54	16.09	16.09	3.11	1.82	22.553119	25.998391	24.335122	0.565451
3.87	28.54	16.08	16.08	3.11	1.82	22.549439	25.995688	24.331886	0.565453
3.87	28.54	16.08	16.08	3.11	1.82	22.545761	25.992986	24.328652	0.565454
3.87	28.54	16.08	16.08	3.11	1.82	22.542085	25.990285	24.325420	0.565456
3.88	28.54	16.07	16.07	3.11	1.82	22.538412	25.987585	24.322189	0.565457
3.88	28.54	16.07	16.07	3.11	1.82	22.534742	25.984886	24.318960	0.565459
3.88	28.54	16.07	16.07	3.11	1.82	22.531074	25.982188	24.315733	0.565461
3.88	28.54	16.07	16.07	3.11	1.82	22.527408	25.979492	24.312508	0.565462
3.89	28.54	16.06	16.06	3.11	1.82	22.523745	25.976796	24.309284	0.565464
3.89	28.54	16.06	16.06	3.11	1.83	22.520084	25.974102	24.306063	0.565465
3.89	28.54	16.06	16.06	3.11	1.83	22.516426	25.971409	24.302843	0.565467
3.89	28.54	16.05	16.05	3.11	1.83	22.512771	25.968717	24.299625	0.565468
3.90	28.54	16.05	16.05	3.11	1.83	22.509117	25.966026	24.296408	0.565470
3.90	28.54	16.05	16.05	3.11	1.83	22.505467	25.963336	24.293194	0.565471
3.90	28.54	16.05	16.05	3.11	1.83	22.501818	25.960647	24.289981	0.565473
3.91	28.54	16.04	16.04	3.11	1.83	22.498173	25.957959	24.286770	0.565474
3.91	28.54	16.04	16.04	3.11	1.83	22.494529	25.955273	24.283561	0.565476
3.91	28.54	16.04	16.04	3.11	1.83	22.490889	25.952588	24.280353	0.565477
3.91	28.54	16.03	16.03	3.11	1.83	22.487250	25.949904	24.277147	0.565479
3.92	28.54	16.03	16.03	3.11	1.83	22.483614	25.947221	24.273944	0.565480
3.92	28.54	16.03	16.03	3.11	1.83	22.479981	25.944539	24.270742	0.565482
3.92	28.54	16.03	16.03	3.11	1.83	22.476350	25.941858	24.267541	0.565483
3.92	28.54	16.02	16.02	3.11	1.83	22.472722	25.939178	24.264343	0.565485
3.93	28.54	16.02	16.02	3.11	1.83	22.469096	25.936500	24.261146	0.565486
3.93	28.54	16.02	16.02	3.11	1.83	22.465473	25.933822	24.257951	0.565487
3.93	28.54	16.02	16.02	3.11	1.83	22.461852	25.931146	24.254758	0.565489
3.94	28.54	16.01	16.01	3.11	1.83	22.458234	25.928471	24.251567	0.565490
3.94	28.54	16.01	16.01	3.11	1.83	22.454618	25.925797	24.248377	0.565492
3.94	28.54	16.01	16.01	3.11	1.83	22.451004	25.923125	24.245190	0.565493
3.94	28.54	16.00	16.00	3.11	1.83	22.447393	25.920453	24.242004	0.565495
3.95	28.54	16.00	16.00	3.11	1.83	22.443785	25.917782	24.238820	0.565496
3.95	28.54	16.00	16.00	3.11	1.83	22.440179	25.915113	24.235637	0.565497
3.95	28.54	16.00	16.00	3.11	1.83	22.436576	25.912445	24.232457	0.565499
3.96	28.54	15.99	15.99	3.11	1.83	22.432975	25.909778	24.229278	0.565500
3.96	28.54	15.99	15.99	3.11	1.83	22.429377	25.907112	24.226101	0.565501
3.96	28.54	15.99	15.99	3.11	1.83	22.425781	25.904447	24.222926	0.565503
3.96	28.54	15.99	15.99	3.11	1.83	22.422187	25.901784	24.219753	0.565504
3.97	28.54	15.98	15.98	3.11	1.83	22.418597	25.899121	24.216582	0.565506
3.97	28.54	15.98	15.98	3.11	1.83	22.415008	25.896460	24.213412	0.565507
3.97	28.54	15.98	15.98	3.11	1.83	22.411423	25.893800	24.210244	0.565508
3.98	28.54	15.98	15.98	3.11	1.83	22.407839	25.891141	24.207078	0.565510
3.98	28.54	15.97	15.97	3.11	1.83	22.404259	25.888483	24.203914	0.565511
3.98	28.54	15.97	15.97	3.11	1.83	22.400680	25.885826	24.200752	0.565512
3.98	28.54	15.97	15.97	3.11	1.83	22.397105	25.883171	24.197591	0.565514
3.99	28.54	15.96	15.96	3.11	1.83	22.393531	25.880516	24.194432	0.565515
3.99	28.54	15.96	15.96	3.11	1.83	22.389961	25.877863	24.191275	0.565516
3.99	28.54	15.96	15.96	3.11	1.83	22.386393	25.875211	24.188120	0.565517
3.99	28.54	15.96	15.96	3.11	1.83	22.382827	25.872560	24.184967	0.565519
4.00	28.54	15.95	15.95	3.11	1.83	22.379264	25.869911	24.181816	0.565520
4.00	28.54	15.95	15.95	3.11	1.83	22.375703	25.867262	24.178666	0.565521
4.00	28.54	15.95	15.95	3.11	1.83	22.372145	25.864615	24.175518	0.565523
4.01	28.54	15.95	15.95	3.11	1.83	22.368590	25.861969	24.172372	0.565524
4.01	28.54	15.94	15.94	3.11	1.83	22.365037	25.859324	24.169228	0.565525
4.01	28.54	15.94	15.94	3.11	1.83	22.361487	25.856680	24.166086	0.565526
4.01	28.54	15.94	15.94	3.11	1.83	22.357939	25.854037	24.162946	0.565528
4.02	28.54	15.94	15.94	3.11	1.83	22.354393	25.851395	24.159807	0.565529
4.02	28.54	15.93	15.93	3.11	1.83	22.350851	25.848755	24.156670	0.565530
4.02	28.54	15.93	15.93	3.11	1.83	22.347310	25.846116	24.153535	0.565531
4.03	28.54	15.93	15.93	3.11	1.83	22.343772	25.843478	24.150402	0.565533
4.03	28.54	15.93	15.93	3.11	1.83	22.340237	25.840841	24.147271	0.565534
4.03	28.54	15.92	15.92	3.11	1.83	22.336705	25.838205	24.144141	0.565535
4.03	28.54	15.92	15.92	3.11	1.83	22.333175	25.835571	24.141014	0.565536
4.04	28.54	15.92	15.92	3.11	1.83	22.329647	25.832938	24.137888	0.565537
4.04	28.54	15.92	15.92	3.11	1.83	22.326122	25.830305	24.134764	0.565539
4.04	28.54	15.91	15.91	3.11	1.83	22.322600	25.827674	24.131642	0.565540
4.04	28.54	15.91	15.91	3.11	1.83	22.319080	25.825045	24.128522	0.565541
4.05	28.54	15.91	15.91	3.11	1.83	22.315562	25.822416	24.125404	0.565542
4.05	28.54	15.91	15.91	3.11	1.83	22.312047	25.819789	24.122287	0.565543
4.05	28.54	15.90	15.90	3.11	1.83	22.308535	25.817162	24.119172	0.565545
4.06	28.54	15.90	15.90	3.11	1.83	22.305026	25.814537	24.116059	0.565546
4.06	28.54	15.90	15.90	3.11	1.83	22.301518	25.811913	24.112949	0.565547
4.06	28.54	15.90	15.90	3.11	1.83	22.298014	25.809291	24.109839	0.565548
4.06	28.54	15.89	15.89	3.11	1.83	22.294512	25.806669	24.106732	0.565549
4.07	28.54	15.89	15.89	3.11	1.83	22.291012	25.804049	24.103627	0.565550
4.07	28.54	15.89	15.89	3.11	1.83	22.287515	25.801430	24.100523	0.565551
4.07	28.54	15.89	15.89	3.11	1.83	22.284021	25.798812	24.097421	0.565553
4.08	28.54	15.88	15.88	3.11	1.83	22.280529	25.796195	24.094322	0.565554
4.08	28.54	15.88	15.88	3.11	1.83	22.277040	25.793580	24.091224	0.565555
4.08	28.54	15.88	15.88	3.11	1.83	22.273554	25.790965	24.088127	0.565556
4.08	28.54	15.88	15.88	3.11	1.83	22.270069	25.788352	24.085033	0.565557
4.09	28.54	15.87	15.87	3.11	1.83	22.266588	25.785740	24.081941	0.565558
4.09	28.54	15.87	15.87	3.11	1.83	22.263109	25.783129	24.078850	0.565559
4.09	28.54	15.87	15.87	3.11	1.83	22.259633	25.780520	24.075762	0.565560
4.09	28.54	15.87	15.87	3.11	1.83	22.256159	25.777911	24.072675	0.565561
4.10	28.54	15.86	15.86	3.11	1.83	22.252688	25.775304	24.069590	0.565562
4.10	28.54	15.86	15.86	3.11	1.83	22.249219	25.772698	24.066507	0.565563
4.10	28.54	15.86	15.86	3.11	1.84	22.245753	25.770093	24.063426	0.565564
4.11	28.54	15.86	15.86	3.11	1.84	22.242290	25.767490	24.060346	0.565565
4.11	28.54	15.85	15.85	3.11	1.84	22.238829	25.764887	24.057269	0.565567
4.11	28.54	15.85	15.85	3.11	1.84	22.235370	25.762286	24.054193	0.565568
4.11	28.54	15.85	15.85	3.11	1.84	22.231915	25.759686	24.051119	0.565569
4.12	28.54	15.85	15.85	3.11	1.84	22.228462	25.757088	24.048048	0.565570
4.12	28.54	15.84	15.84	3.11	1.84	22.225011	25.754490	24.044978	0.565571
4.12	28.54	15.84	15.84	3.11	1.84	22.221563	25.751894	24.041910	0.565572
4.12	28.54	15.84	15.84	3.11	1.84	22.218118	25.749298	24.038843	0.565573
4.13	28.54	15.84	15.84	3.11	1.84	22.214675	25.746704	24.035779	0.565574
4.13	28.54	15.83	15.83	3.11	1.84	22.211235	25.744112	24.032717	0.565575
4.13	28.54	15.83	15.83	3.11	1.84	22.207797	25.741520	24.029656	0.565576
4.14	28.54	15.83	15.83	3.11	1.84	22.204362	25.738930	24.026597	0.565577
4.14	28.54	15.83	15.83	3.11	1.84	22.200930	25.736341	24.023541	0.565578
4.14	28.54	15.83	15.83	3.11	1.84	22.197500	25.733753	24.020486	0.565579
4.14	28.54	15.82	15.82	3.11	1.84	22.194073	25.731166	24.017433	0.565579
4.15	28.54	15.82	15.82	3.11	1.84	22.190648	25.728581	24.014381	0.565580
4.15	28.54	15.82	15.82	3.10	1.84	22.187226	25.725997	24.011332	0.565581
4.15	28.54	15.82	15.82	3.10	1.84	22.183807	25.723414	24.008285	0.565582
4.16	28.54	15.81	15.81	3.10	1.84	22.180390	25.720832	24.005239	0.565583
4.16	28.54	15.81	15.81	3.10	1.84	22.176976	25.718251	24.002196	0.565584
4.16	28.54	15.81	15.81	3.10	1.84	22.173564	25.715672	23.999154	0.565585
4.16	28.54	15.81	15.81	3.10	1.84	22.170155	25.713094	23.996114	0.565586
4.17	28.54	15.80	15.80	3.10	1.84	22.166749	25.710517	23.993077	0.565587
4.17	28.54	15.80	15.80	3.10	1.84	22.163345	25.707941	23.990041	0.565588
4.17	28.54	15.80	15.80	3.10	1.84	22.159944	25.705366	23.987006	0.565589
4.17	28.54	15.80	15.80	3.10	1.84	22.156546	25.702793	23.983974	0.565590
4.18	28.54	15.80	15.80	3.10	1.84	22.153150	25.700221	23.980944	0.565591
4.18	28.54	15.79	15.79	3.10	1.84	22.149756	25.697650	23.977916	0.565591
4.18	28.54	15.79	15.79	3.10	1.84	22.146366	25.695081	23.974889	0.565592
4.19	28.54	15.79	15.79	3.10	1.84	22.142978	25.692512	23.971864	0.565593
4.19	28.54	15.79	15.79	3.10	1.84	22.139592	25.689945	23.968842	0.565594
4.19	28.54	15.78	15.78	3.10	1.84	22.136209	25.687379	23.965821	0.565595
4.19	28.54	15.78	15.78	3.10	1.84	22.132829	25.684815	23.962802	0.565596
4.20	28.54	15.78	15.78	3.10	1.84	22.129452	25.682251	23.959785	0.565597
4.20	28.54	15.78	15.78	3.10	1.84	22.126077	25.679689	23.956770	0.565597
4.20	28.54	15.78	15.78	3.10	1.84	22.122704	25.677128	23.953757	0.565598
4.21	28.54	15.77	15.77	3.10	1.84	22.119335	25.674568	23.950746	0.565599
4.21	28.54	15.77	15.77	3.10	1.84	22.115967	25.672010	23.947736	0.565600
4.21	28.54	15.77	15.77	3.10	1.84	22.112603	25.669453	23.944729	0.565601
4.21	28.54	15.77	15.77	3.10	1.84	22.109241	25.666897	23.941724	0.565602
4.22	28.54	15.76	15.76	3.10	1.84	22.105882	25.664342	23.938720	0.565602
4.22	28.54	15.76	15.76	3.10	1.84	22.102525	25.661788	23.935718	0.565603
4.22	28.54	15.76	15.76	3.10	1.84	22.099172	25.659236	23.932719	0.565604
4.22	28.54	15.76	15.76	3.10	1.84	22.095820	25.656685	23.929721	0.565605
4.23	28.54	15.76	15.76	3.10	1.84	22.092472	25.654135	23.926725	0.565606
4.23	28.54	15.75	15.75	3.10	1.84	22.089126	25.651587	23.923731	0.565606
4.23	28.54	15.75	15.75	3.10	1.84	22.085782	25.649039	23.920739	0.565607
4.24	28.54	15.75	15.75	3.10	1.84	22.082442	25.646493	23.917749	0.565608
4.24	28.54	15.75	15.75	3.10	1.84	22.079103	25.643948	23.914761	0.565609
4.24	28.54	15.74	15.74	3.10	1.84	22.075768	25.641405	23.911774	0.565609
4.24	28.54	15.74	15.74	3.10	1.84	22.072435	25.638862	23.908790	0.565610
4.25	28.54	15.74	15.74	3.10	1.84	22.069105	25.636321	23.905808	0.565611
4.25	28.54	15.74	15.74	3.10	1.84	22.065778	25.633782	23.902827	0.565612
4.25	28.54	15.74	15.74	3.10	1.84	22.062453	25.631243	23.899849	0.565612
4.26	28.54	15.73	15.73	3.10	1.84	22.059131	25.628706	23.896872	0.565613
4.26	28.54	15.73	15.73	3.10	1.84	22.055811	25.626170	23.893897	0.565614
4.26	28.54	15.73	15.73	3.10	1.84	22.052494	25.623635	23.890925	0.565614
4.26	28.54	15.73	15.73	3.10	1.84	22.049180	25.621101	23.887954	0.565615
4.27	28.54	15.73	15.73	3.10	1.84	22.045868	25.618569	23.884985	0.565616
4.27	28.54	15.72	15.72	3.10	1.84	22.042559	25.616038	23.882018	0.565617
4.27	28.54	15.72	15.72	3.10	1.84	22.039253	25.613508	23.879053	0.565617
4.28	28.54	15.72	15.72	3.10	1.84	22.035950	25.610979	23.876090	0.565618
4.28	28.54	15.72	15.72	3.10	1.84	22.032649	25.608452	23.873129	0.565619
4.28	28.54	15.71	15.71	3.10	1.84	22.029350	25.605926	23.870170	0.565619
4.28	28.54	15.71	15.71	3.10	1.84	22.026055	25.603401	23.867212	0.565620
4.29	28.54	15.71	15.71	3.10	1.84	22.022762	25.600878	23.864257	0.565621
4.29	28.54	15.71	15.71	3.10	1.84	22.019471	25.598356	23.861304	0.565621
4.29	28.54	15.71	15.71	3.10	1.84	22.016184	25.595835	23.858352	0.565622
4.29	28.54	15.70	15.70	3.10	1.84	22.012899	25.593315	23.855403	0.565622
4.30	28.54	15.70	15.70	3.10	1.84	22.009617	25.590796	23.852455	0.565623
4.30	28.54	15.70	15.70	3.10	1.84	22.006337	25.588279	23.849510	0.565624
4.30	28.54	15.70	15.70	3.10	1.84	22.003060	25.585763	23.846566	0.565624
4.31	28.54	15.70	15.70	3.10	1.84	21.999786	25.583249	23.843625	0.565625
4.31	28.54	15.69	15.69	3.10	1.84	21.996514	25.580735	23.840685	0.565626
4.31	28.54	15.69	15.69	3.10	1.84	21.993245	25.578223	23.837747	0.565626
4.31	28.54	15.69	15.69	3.10	1.84	21.989979	25.575712	23.834811	0.565627
4.32	28.54	15.69	15.69	3.10	1.84	21.986716	25.573203	23.831878	0.565627
4.32	28.54	15.69	15.69	3.10	1.84	21.983455	25.570695	23.828946	0.565628
4.32	28.54	15.68	15.68	3.10	1.84	21.980196	25.568188	23.826016	0.565629
4.33	28.54	15.68	15.68	3.10	1.84	21.976941	25.565682	23.823088	0.565629
4.33	28.54	15.68	15.68	3.10	1.84	21.973688	25.563177	23.820162	0.565630
4.33	28.54	15.68	15.68	3.10	1.84	21.970438	25.560674	23.817238	0.565630
4.33	28.54	15.68	15.68	3.10	1.84	21.967190	25.558172	23.814316	0.565631
4.34	28.54	15.67	15.67	3.10	1.84	21.963946	25.555672	23.811396	0.565631
4.34	28.54	15.67	15.67	3.10	1.84	21.960704	25.553172	23.808478	0.565632
4.34	28.54	15.67	15.67	3.10	1.84	21.957464	25.550674	23.805561	0.565632
4.34	28.54	15.67	15.67	3.10	1.84	21.954227	25.548178	23.802647	0.565633
4.35	28.54	15.67	15.67	3.10	1.84	21.950993	25.545682	23.799735	0.565633
4.35	28.54	15.66	15.66	3.10	1.85	21.947762	25.543188	23.796825	0.565634
4.35	28.54	15.66	15.66	3.10	1.85	21.944534	25.540695	23.793916	0.565635
4.36	28.54	15.66	15.66	3.10	1.85	21.941308	25.538203	23.791010	0.565635
4.36	28.54	15.66	15.66	3.10	1.85	21.938084	25.535713	23.788106	0.565636
4.36	28.54	15.66	15.66	3.10	1.85	21.934864	25.533224	23.785203	0.565636
4.36	28.54	15.65	15.65	3.10	1.85	21.931646	25.530736	23.782303	0.565637
4.37	28.54	15.65	15.65	3.10	1.85	21.928431	25.528250	23.779405	0.565637
4.37	28.54	15.65	15.65	3.10	1.85	21.925218	25.525764	23.776508	0.565637
4.37	28.54	15.65	15.65	3.10	1.85	21.922009	25.523280	23.773614	0.565638
4.38	28.54	15.65	15.65	3.10	1.85	21.918802	25.520798	23.770721	0.565638
4.38	28.54	15.64	15.64	3.10	1.85	21.915597	25.518316	23.767831	0.565639
4.38	28.54	15.64	15.64	3.10	1.85	21.912396	25.515836	23.764942	0.565639
4.38	28.54	15.64	15.64	3.10	1.85	21.909197	25.513358	23.762056	0.565640
4.39	28.54	15.64	15.64	3.10	1.85	21.906001	25.510880	23.759171	0.565640
4.39	28.54	15.64	15.64	3.10	1.85	21.902807	25.508404	23.756289	0.565641
4.39	28.54	15.64	15.64	3.10	1.85	21.899616	25.505929	23.753408	0.565641
4.39	28.54	15.63	15.63	3.10	1.85	21.896428	25.503456	23.750529	0.565642
4.40	28.54	15.63	15.63	3.10	1.85	21.893243	25.500983	23.747653	0.565642
4.40	28.54	15.63	15.63	3.10	1.85	21.890060	25.498513	23.744778	0.565642
4.40	28.54	15.63	15.63	3.10	1.85	21.886880	25.496043	23.741906	0.565643
4.41	28.54	15.63	15.63	3.10	1.85	21.883703	25.493575	23.739035	0.565643
4.41	28.54	15.62	15.62	3.10	1.85	21.880529	25.491108	23.736166	0.565644
4.41	28.54	15.62	15.62	3.10	1.85	21.877357	25.488642	23.733300	0.565644
4.41	28.54	15.62	15.62	3.10	1.85	21.874188	25.486177	23.730435	0.565644
4.42	28.54	15.62	15.62	3.10	1.85	21.871022	25.483714	23.727572	0.565645
4.42	28.54	15.62	15.62	3.10	1.85	21.867858	25.481252	23.724712	0.565645
4.42	28.54	15.61	15.61	3.10	1.85	21.864697	25.478792	23.721853	0.565646
4.42	28.54	15.61	15.61	3.10	1.85	21.861539	25.476333	23.718997	0.565646
4.43	28.54	15.61	15.61	3.10	1.85	21.858384	25.473875	23.716142	0.565646
4.43	28.54	15.61	15.61	3.10	1.85	21.855231	25.471418	23.713289	0.565647
4.43	28.54	15.61	15.61	3.10	1.85	21.852081	25.468963	23.710439	0.565647
4.44	28.54	15.61	15.61	3.10	1.85	21.848934	25.466509	23.707590	0.565647
4.44	28.54	15.60	15.60	3.10	1.85	21.845789	25.464056	23.704743	0.565648
4.44	28.54	15.60	15.60	3.10	1.85	21.842648	25.461605	23.701899	0.565648
4.44	28.54	15.60	15.60	3.10	1.85	21.839509	25.459155	23.699056	0.565648
4.45	28.54	15.60	15.60	3.10	1.85	21.836372	25.456706	23.696215	0.565649
4.45	28.54	15.60	15.60	3.10	1.85	21.833239	25.454259	23.693377	0.565649
4.45	28.54	15.60	15.60	3.10	1.85	21.830108	25.451813	23.690540	0.565649
4.46	28.54	15.59	15.59	3.09	1.85	21.826980	25.449368	23.687706	0.565650
4.46	28.54	15.59	15.59	3.09	1.85	21.823855	25.446925	23.684873	0.565650
4.46	28.54	15.59	15.59	3.09	1.85	21.820732	25.444483	23.682043	0.565650
4.46	28.54	15.59	15.59	3.09	1.85	21.817612	25.442042	23.679214	0.565650
4.47	28.54	15.59	15.59	3.09	1.85	21.814495	25.439602	23.676387	0.565651
4.47	28.54	15.58	15.58	3.09	1.85	21.811381	25.437164	23.673563	0.565651
4.47	28.54	15.58	15.58	3.09	1.85	21.808269	25.434727	23.670740	0.565651
4.47	28.54	15.58	15.58	3.09	1.85	21.805160	25.432292	23.667920	0.565651
4.48	28.54	15.58	15.58	3.09	1.85	21.802054	25.429858	23.665102	0.565652
4.48	28.54	15.58	15.58	3.09	1.85	21.798951	25.427425	23.662285	0.565652
4.48	28.54	15.58	15.58	3.09	1.85	21.795850	25.424993	23.659471	0.565652
4.49	28.54	15.57	15.57	3.09	1.85	21.792752	25.422563	23.656658	0.565652
4.49	28.54	15.57	15.57	3.09	1.85	21.789657	25.420134	23.653848	0.565653
4.49	28.54	15.57	15.57	3.09	1.85	21.786565	25.417707	23.651040	0.565653
4.49	28.54	15.57	15.57	3.09	1.85	21.783475	25.415281	23.648233	0.565653
4.50	28.54	15.57	15.57	3.09	1.85	21.780389	25.412856	23.645429	0.565653
4.50	28.54	15.57	15.57	3.09	1.85	21.777305	25.410432	23.642627	0.565654
4.50	28.54	15.56	15.56	3.09	1.85	21.774223	25.408010	23.639827	0.565654
4.51	28.54	15.56	15.56	3.09	1.85	21.771145	25.405589	23.637028	0.565654
4.51	28.54	15.56	15.56	3.09	1.85	21.768069	25.403170	23.634232	0.565654
4.51	28.54	15.56	15.56	3.09	1.85	21.764996	25.400751	23.631438	0.565654
4.51	28.54	15.56	15.56	3.09	1.85	21.761926	25.398334	23.628646	0.565655
4.52	28.54	15.56	15.56	3.09	1.85	21.758858	25.395919	23.625856	0.565655
4.52	28.54	15.55	15.55	3.09	1.85	21.755793	25.393505	23.623068	0.565655
4.52	28.54	15.55	15.55	3.09	1.85	21.752732	25.391092	23.620282	0.565655
4.53	28.54	15.55	15.55	3.09	1.85	21.749672	25.388680	23.617498	0.565655
4.53	28.54	15.55	15.55	3.09	1.85	21.746616	25.386270	23.614716	0.565655
4.53	28.54	15.55	15.55	3.09	1.85	21.743562	25.383862	23.611936	0.565656
4.53	28.54	15.55	15.55	3.09	1.85	21.740511	25.381454	23.609158	0.565656
4.54	28.54	15.54	15.54	3.09	1.85	21.737463	25.379048	23.606383	0.565656
4.54	28.54	15.54	15.54	3.09	1.85	21.734418	25.376643	23.603609	0.565656
4.54	28.54	15.54	15.54	3.09	1.85	21.731376	25.374240	23.600837	0.565656
4.54	28.54	15.54	15.54	3.09	1.85	21.728336	25.371838	23.598068	0.565656
4.55	28.54	15.54	15.54	3.09	1.85	21.725299	25.369437	23.595300	0.565656
4.55	28.54	15.54	15.54	3.09	1.85	21.722265	25.367038	23.592534	0.565656
4.55	28.54	15.53	15.53	3.09	1.85	21.719233	25.364640	23.589771	0.565657
4.56	28.54	15.53	15.53	3.09	1.85	21.716205	25.362243	23.587009	0.565657
4.56	28.54	15.53	15.53	3.09	1.85	21.713179	25.359848	23.584250	0.565657
4.56	28.54	15.53	15.53	3.09	1.85	21.710156	25.357454	23.581493	0.565657
4.56	28.54	15.53	15.53	3.09	1.85	21.707135	25.355061	23.578737	0.565657
4.57	28.54	15.53	15.53	3.09	1.85	21.704118	25.352670	23.575984	0.565657
4.57	28.54	15.53	15.53	3.09	1.85	21.701103	25.350280	23.573233	0.565657
4.57	28.54	15.52	15.52	3.09	1.85	21.698091	25.347891	23.570484	0.565657
4.58	28.54	15.52	15.52	3.09	1.85	21.695082	25.345504	23.567737	0.565657
4.58	28.54	15.52	15.52	3.09	1.85	21.692076	25.343118	23.564992	0.565657
4.58	28.54	15.52	15.52	3.09	1.85	21.689072	25.340734	23.562249	0.565657
4.58	28.54	15.52	15.52	3.09	1.85	21.686072	25.338351	23.559508	0.565657
4.59	28.54	15.52	15.52	3.09	1.85	21.683074	25.335969	23.556769	0.565657
4.59	28.54	15.51	15.51	3.09	1.85	21.680079	25.333588	23.554032	0.565657
4.59	28.54	15.51	15.51	3.09	1.85	21.677086	25.331209	23.551297	0.565657
4.59	28.54	15.51	15.51	3.09	1.85	21.674097	25.328832	23.548565	0.565657
4.60	28.54	15.51	15.51	3.09	1.85	21.671110	25.326455	23.545834	0.565657
4.60	28.54	15.51	15.51	3.09	1.85	21.668126	25.324081	23.543106	0.565657
4.60	28.54	15.51	15.51	3.09	1.85	21.665145	25.321707	23.540379	0.565657
4.61	28.54	15.51	15.51	3.09	1.85	21.662167	25.319335	23.537655	0.565657
4.61	28.54	15.50	15.50	3.09	1.85	21.659191	25.316964	23.534933	0.565657
4.61	28.54	15.50	15.50	3.09	1.85	21.656218	25.314594	23.532212	0.565657
4.61	28.54	15.50	15.50	3.09	1.85	21.653248	25.312226	23.529494	0.565657
4.62	28.54	15.50	15.50	3.09	1.85	21.650281	25.309860	23.526778	0.565657
4.62	28.54	15.50	15.50	3.09	1.85	21.647317	25.307494	23.524064	0.565657
4.62	28.54	15.50	15.50	3.09	1.85	21.644356	25.305130	23.521352	0.565657
4.62	28.54	15.50	15.50	3.09	1.85	21.641397	25.302768	23.518642	0.565657
4.63	28.54	15.49	15.49	3.09	1.85	21.638441	25.300406	23.515934	0.565657
4.63	28.54	15.49	15.49	3.09	1.85	21.635488	25.298047	23.513229	0.565657
4.63	28.54	15.49	15.49	3.09	1.85	21.632538	25.295688	23.510525	0.565657
4.64	28.54	15.49	15.49	3.09	1.85	21.629590	25.293331	23.507823	0.565657
4.64	28.54	15.49	15.49	3.09	1.85	21.626646	25.290975	23.505124	0.565657
4.64	28.54	15.49	15.49	3.09	1.85	21.623704	25.288621	23.502427	0.565657
4.64	28.54	15.49	15.49	3.09	1.85	21.620765	25.286268	23.499731	0.565657
4.65	28.54	15.48	15.48	3.09	1.85	21.617829	25.283916	23.497038	0.565657
4.65	28.54	15.48	15.48	3.09	1.85	21.614896	25.281566	23.494347	0.565657
4.65	28.54	15.48	15.48	3.09	1.86	21.611965	25.279217	23.491658	0.565657
4.66	28.54	15.48	15.48	3.09	1.86	21.609037	25.276870	23.488971	0.565656
4.66	28.54	15.48	15.48	3.09	1.86	21.606113	25.274524	23.486286	0.565656
4.66	28.54	15.48	15.48	3.09	1.86	21.603191	25.272179	23.483603	0.565656
4.66	28.54	15.48	15.48	3.09	1.86	21.600271	25.269836	23.480922	0.565656
4.67	28.54	15.47	15.47	3.09	1.86	21.597355	25.267494	23.478244	0.565656
4.67	28.54	15.47	15.47	3.09	1.86	21.594442	25.265153	23.475567	0.565656
4.67	28.54	15.47	15.47	3.09	1.86	21.591531	25.262814	23.472893	0.565656
4.67	28.54	15.47	15.47	3.09	1.86	21.588623	25.260477	23.470220	0.565656
4.68	28.54	15.47	15.47	3.09	1.86	21.585718	25.258140	23.467550	0.565655
4.68	28.54	15.47	15.47	3.09	1.86	21.582816	25.255805	23.464882	0.565655
4.68	28.54	15.47	15.47	3.09	1.86	21.579916	25.253472	23.462216	0.565655
4.69	28.54	15.47	15.47	3.09	1.86	21.577020	25.251139	23.459552	0.565655
4.69	28.54	15.46	15.46	3.09	1.86	21.574126	25.248809	23.456890	0.565655
4.69	28.54	15.46	15.46	3.09	1.86	21.571235	25.246479	23.454230	0.565655
4.69	28.54	15.46	15.46	3.09	1.86	21.568347	25.244151	23.451573	0.565654
4.70	28.54	15.46	15.46	3.09	1.86	21.565462	25.241825	23.448917	0.565654
4.70	28.54	15.46	15.46	3.09	1.86	21.562580	25.239499	23.446264	0.565654
4.70	28.54	15.46	15.46	3.09	1.86	21.559700	25.237176	23.443612	0.565654
4.71	28.54	15.46	15.46	3.09	1.86	21.556824	25.234853	23.440963	0.565654
4.71	28.54	15.45	15.45	3.09	1.86	21.553950	25.232532	23.438316	0.565654
4.71	28.54	15.45	15.45	3.09	1.86	21.551079	25.230213	23.435671	0.565653
4.71	28.54	15.45	15.45	3.09	1.86	21.548211	25.227894	23.433028	0.565653
4.72	28.54	15.45	15.45	3.09	1.86	21.545346	25.225578	23.430387	0.565653
4.72	28.54	15.45	15.45	3.09	1.86	21.542483	25.223262	23.427749	0.565653
4.72	28.54	15.45	15.45	3.09	1.86	21.539624	25.220948	23.425112	0.565652
4.72	28.54	15.45	15.45	3.09	1.86	21.536767	25.218636	23.422478	0.565652
4.73	28.54	15.45	15.45	3.09	1.86	21.533913	25.216325	23.419845	0.565652
4.73	28.54	15.44	15.44	3.09	1.86	21.531062	25.214015	23.417215	0.565652
4.73	28.54	15.44	15.44	3.09	1.86	21.528214	25.211706	23.414587	0.565651
4.74	28.54	15.44	15.44	3.09	1.86	21.525369	25.209399	23.411961	0.565651
4.74	28.54	15.44	15.44	3.09	1.86	21.522526	25.207094	23.409337	0.565651
4.74	28.54	15.44	15.44	3.09	1.86	21.519687	25.204790	23.406715	0.565651
4.74	28.54	15.44	15.44	3.09	1.86	21.516850	25.202487	23.404096	0.565650
4.75	28.54	15.44	15.44	3.09	1.86	21.514016	25.200186	23.401478	0.565650
4.75	28.54	15.44	15.44	3.09	1.86	21.511185	25.197886	23.398863	0.565650
4.75	28.54	15.44	15.44	3.09	1.86	21.508357	25.195587	23.396249	0.565649
4.76	28.54	15.43	15.43	3.09	1.86	21.505532	25.193290	23.393638	0.565649
4.76	28.54	15.43	15.43	3.09	1.86	21.502710	25.190995	23.391029	0.565649
4.76	28.54	15.43	15.43	3.09	1.86	21.499890	25.188700	23.388422	0.565649
4.76	28.54	15.43	15.43	3.09	1.86	21.497073	25.186408	23.385817	0.565648
4.77	28.54	15.43	15.43	3.09	1.86	21.494260	25.184116	23.383215	0.565648
4.77	28.54	15.43	15.43	3.09	1.86	21.491449	25.181826	23.380614	0.565648
4.77	28.54	15.43	15.43	3.09	1.86	21.488641	25.179538	23.378016	0.565647
4.78	28.54	15.43	15.43	3.09	1.86	21.485836	25.177250	23.375420	0.565647
4.78	28.54	15.42	15.42	3.09	1.86	21.483033	25.174965	23.372825	0.565647
4.78	28.54	15.42	15.42	3.09	1.86	21.480234	25.172680	23.370233	0.565646
4.78	28.54	15.42	15.42	3.09	1.86	21.477437	25.170397	23.367644	0.565646
4.79	28.54	15.42	15.42	3.09	1.86	21.474644	25.168116	23.365056	0.565646
4.79	28.54	15.42	15.42	3.08	1.86	21.471853	25.165836	23.362470	0.565645
4.79	28.54	15.42	15.42	3.08	1.86	21.469065	25.163557	23.359887	0.565645
4.79	28.54	15.42	15.42	3.08	1.86	21.466280	25.161280	23.357305	0.565644
4.80	28.54	15.42	15.42	3.08	1.86	21.463498	25.159004	23.354726	0.565644
4.80	28.54	15.42	15.42	3.08	1.86	21.460719	25.156730	23.352149	0.565644
4.80	28.54	15.41	15.41	3.08	1.86	21.457942	25.154457	23.349574	0.565643
4.81	28.54	15.41	15.41	3.08	1.86	21.455169	25.152186	23.347001	0.565643
4.81	28.54	15.41	15.41	3.08	1.86	21.452398	25.149916	23.344431	0.565642
4.81	28.54	15.41	15.41	3.08	1.86	21.449630	25.147647	23.341862	0.565642
4.81	28.54	15.41	15.41	3.08	1.86	21.446866	25.145380	23.339296	0.565642
4.82	28.54	15.41	15.41	3.08	1.86	21.444104	25.143114	23.336732	0.565641
4.82	28.54	15.41	15.41	3.08	1.86	21.441345	25.140850	23.334170	0.565641
4.82	28.54	15.41	15.41	3.08	1.86	21.438588	25.138587	23.331610	0.565640
4.83	28.54	15.41	15.41	3.08	1.86	21.435835	25.136326	23.329052	0.565640
4.83	28.54	15.40	15.40	3.08	1.86	21.433085	25.134066	23.326496	0.565640
4.83	28.54	15.40	15.40	3.08	1.86	21.430337	25.131807	23.323943	0.565639
4.83	28.54	15.40	15.40	3.08	1.86	21.427593	25.129550	23.321392	0.565639
4.84	28.54	15.40	15.40	3.08	1.86	21.424851	25.127294	23.318842	0.565638
4.84	28.54	15.40	15.40	3.08	1.86	21.422112	25.125040	23.316295	0.565638
4.84	28.54	15.40	15.40	3.08	1.86	21.419376	25.122787	23.313751	0.565637
4.84	28.54	15.40	15.40	3.08	1.86	21.416643	25.120536	23.311208	0.565637
4.85	28.54	15.40	15.40	3.08	1.86	21.413913	25.118286	23.308667	0.565636
4.85	28.54	15.40	15.40	3.08	1.86	21.411186	25.116037	23.306129	0.565636
4.85	28.54	15.40	15.40	3.08	1.86	21.408462	25.113790	23.303593	0.565635
4.86	28.54	15.39	15.39	3.08	1.86	21.405740	25.111545	23.301059	0.565635
4.86	28.54	15.39	15.39	3.08	1.86	21.403022	25.109301	23.298527	0.565634
4.86	28.54	15.39	15.39	3.08	1.86	21.400306	25.107058	23.295997	0.565634
4.86	28.54	15.39	15.39	3.08	1.86	21.397594	25.104817	23.293469	0.565633
4.87	28.54	15.39	15.39	3.08	1.86	21.394884	25.102577	23.290944	0.565633
4.87	28.54	15.39	15.39	3.08	1.86	21.392177	25.100339	23.288421	0.565632
4.87	28.54	15.39	15.39	3.08	1.86	21.389473	25.098102	23.285900	0.565632
4.88	28.54	15.39	15.39	3.08	1.86	21.386772	25.095866	23.283381	0.565631
4.88	28.54	15.39	15.39	3.08	1.86	21.384074	25.093632	23.280864	0.565631
4.88	28.54	15.39	15.39	3.08	1.86	21.381379	25.091400	23.278349	0.565630
4.88	28.54	15.38	15.38	3.08	1.86	21.378686	25.089169	23.275837	0.565630
4.89	28.54	15.38	15.38	3.08	1.86	21.375997	25.086939	23.273327	0.565629
4.89	28.54	15.38	15.38	3.08	1.86	21.373311	25.084711	23.270819	0.565629
4.89	28.54	15.38	15.38	3.08	1.86	21.370627	25.082484	23.268313	0.565628
4.89	28.54	15.38	15.38	3.08	1.86	21.367946	25.080259	23.265809	0.565627
4.90	28.54	15.38	15.38	3.08	1.86	21.365269	25.078035	23.263307	0.565627
4.90	28.54	15.38	15.38	3.08	1.86	21.362594	25.075813	23.260808	0.565626
4.90	28.54	15.38	15.38	3.08	1.86	21.359922	25.073592	23.258311	0.565626
4.91	28.54	15.38	15.38	3.08	1.86	21.357253	25.071372	23.255816	0.565625
4.91	28.54	15.38	15.38	3.08	1.86	21.354587	25.069154	23.253323	0.565624
4.91	28.54	15.38	15.38	3.08	1.86	21.351924	25.066938	23.250832	0.565624
4.91	28.54	15.37	15.37	3.08	1.86	21.349264	25.064723	23.248344	0.565623
4.92	28.54	15.37	15.37	3.08	1.86	21.346606	25.062509	23.245857	0.565623
4.92	28.54	15.37	15.37	3.08	1.86	21.343952	25.060297	23.243373	0.565622
4.92	28.54	15.37	15.37	3.08	1.86	21.341301	25.058086	23.240891	0.565621
4.92	28.54	15.37	15.37	3.08	1.86	21.338652	25.055877	23.238411	0.565621
4.93	28.54	15.37	15.37	3.08	1.86	21.336007	25.053669	23.235934	0.565620
4.93	28.54	15.37	15.37	3.08	1.86	21.333364	25.051463	23.233458	0.565620
4.93	28.54	15.37	15.37	3.08	1.86	21.330724	25.049258	23.230985	0.565619
4.94	28.54	15.37	15.37	3.08	1.86	21.328088	25.047055	23.228514	0.565618
4.94	28.54	15.37	15.37	3.08	1.86	21.325454	25.044853	23.226045	0.565618
4.94	28.54	15.37	15.37	3.08	1.86	21.322823	25.042653	23.223578	0.565617
4.94	28.54	15.37	15.37	3.08	1.86	21.320195	25.040454	23.221114	0.565616
4.95	28.54	15.36	15.36	3.08	1.86	21.317570	25.038257	23.218652	0.565616
4.95	28.54	15.36	15.36	3.08	1.86	21.314948	25.036061	23.216192	0.565615
4.95	28.54	15.36	15.36	3.08	1.86	21.312329	25.033866	23.213734	0.565614
4.96	28.54	15.36	15.36	3.08	1.86	21.309713	25.031673	23.211278	0.565614
4.96	28.54	15.36	15.36	3.08	1.86	21.307100	25.029482	23.208824	0.565613
4.96	28.54	15.36	15.36	3.08	1.86	21.304489	25.027292	23.206373	0.565612
4.96	28.54	15.36	15.36	3.08	1.86	21.301882	25.025103	23.203924	0.565612
4.97	28.54	15.36	15.36	3.08	1.86	21.299277	25.022916	23.201477	0.565611
4.97	28.54	15.36	15.36	3.08	1.86	21.296676	25.020730	23.199032	0.565610
4.97	28.54	15.36	15.36	3.08	1.86	21.294078	25.018546	23.196590	0.565609
4.97	28.54	15.36	15.36	3.08	1.86	21.291482	25.016363	23.194149	0.565609
4.98	28.54	15.36	15.36	3.08	1.86	21.288889	25.014182	23.191711	0.565608
4.98	28.54	15.35	15.35	3.08	1.86	21.286300	25.012003	23.189275	0.565607
4.98	28.54	15.35	15.35	3.08	1.86	21.283713	25.009824	23.186842	0.565606
4.99	28.54	15.35	15.35	3.08	1.86	21.281129	25.007648	23.184410	0.565606
4.99	28.54	15.35	15.35	3.08	1.86	21.278548	25.005472	23.181981	0.565605
4.99	28.54	15.35	15.35	3.08	1.86	21.275971	25.003299	23.179554	0.565604
4.99	28.54	15.35	15.35	3.08	1.86	21.273396	25.001126	23.177129	0.565603
5.00	28.54	15.35	15.35	3.08	1.86	21.270824	24.998956	23.174706	0.565603
5.00	28.54	15.35	15.35	3.08	1.86	21.268255	24.996786	23.172285	0.565602
5.00	28.54	15.35	15.35	3.08	1.86	21.265689	24.994618	23.169867	0.565601
5.01	28.54	15.35	15.35	3.08	1.86	21.263126	24.992452	23.167451	0.565600
5.01	28.54	15.35	15.35	3.08	1.86	21.260566	24.990287	23.165037	0.565600
5.01	28.54	15.35	15.35	3.08	1.86	21.258008	24.988124	23.162626	0.565599
5.01	28.54	15.35	15.35	3.08	1.86	21.255454	24.985962	23.160216	0.565598
5.02	28.54	15.35	15.35	3.08	1.86	21.252903	24.983802	23.157809	0.565597
5.02	28.54	15.34	15.34	3.08	1.86	21.250355	24.981643	23.155404	0.565596
5.02	28.54	15.34	15.34	3.08	1.86	21.247809	24.979486	23.153001	0.565596
5.03	28.54	15.34	15.34	3.08	1.86	21.245267	24.977330	23.150600	0.565595
5.03	28.54	15.34	15.34	3.08	1.86	21.242728	24.975175	23.148202	0.565594
5.03	28.54	15.34	15.34	3.08	1.86	21.240191	24.973023	23.145806	0.565593
5.03	28.54	15.34	15.34	3.08	1.86	21.237658	24.970871	23.143412	0.565592
5.04	28.54	15.34	15.34	3.08	1.86	21.235127	24.968721	23.141020	0.565591
5.04	28.54	15.34	15.34	3.08	1.86	21.232600	24.966573	23.138631	0.565591
5.04	28.54	15.34	15.34	3.08	1.86	21.230075	24.964426	23.136243	0.565590
5.04	28.54	15.34	15.34	3.08	1.86	21.227554	24.962281	23.133858	0.565589
5.05	28.54	15.34	15.34	3.08	1.86	21.225035	24.960137	23.131476	0.565588
5.05	28.54	15.34	15.34	3.08	1.86	21.222520	24.957994	23.129095	0.565587
5.05	28.54	15.34	15.34	3.08	1.86	21.220007	24.955854	23.126717	0.565586
5.06	28.54	15.34	15.34	3.08	1.86	21.217497	24.953714	23.124340	0.565585
5.06	28.54	15.34	15.34	3.08	1.86	21.214991	24.951576	23.121967	0.565585
5.06	28.54	15.33	15.33	3.08	1.86	21.212487	24.949440	23.119595	0.565584
5.06	28.54	15.33	15.33	3.08	1.86	21.209986	24.947305	23.117225	0.565583
5.07	28.54	15.33	15.33	3.08	1.86	21.207489	24.945172	23.114858	0.565582
5.07	28.54	15.33	15.33	3.08	1.86	21.204994	24.943040	23.112493	0.565581
5.07	28.54	15.33	15.33	3.08	1.86	21.202502	24.940910	23.110130	0.565580
5.08	28.54	15.33	15.33	3.08	1.86	21.200013	24.938781	23.107770	0.565579
5.08	28.54	15.33	15.33	3.08	1.86	21.197528	24.936654	23.105412	0.565578
5.08	28.54	15.33	15.33	3.08	1.86	21.195045	24.934528	23.103055	0.565577
5.08	28.54	15.33	15.33	3.08	1.86	21.192565	24.932404	23.100702	0.565576
5.09	28.54	15.33	15.33	3.08	1.87	21.190088	24.930281	23.098350	0.565576
5.09	28.54	15.33	15.33	3.08	1.87	21.187614	24.928160	23.096001	0.565575
5.09	28.54	15.33	15.33	3.08	1.87	21.185143	24.926040	23.093654	0.565574
5.09	28.54	15.33	15.33	3.08	1.87	21.182676	24.923922	23.091309	0.565573
5.10	28.54	15.33	15.33	3.08	1.87	21.180211	24.921805	23.088966	0.565572
5.10	28.54	15.33	15.33	3.08	1.87	21.177749	24.919690	23.086626	0.565571
5.10	28.54	15.33	15.33	3.08	1.87	21.175290	24.917576	23.084287	0.565570
5.11	28.54	15.33	15.33	3.08	1.87	21.172834	24.915464	23.081951	0.565569
5.11	28.54	15.33	15.33	3.08	1.87	21.170381	24.913353	23.079618	0.565568
5.11	28.54	15.32	15.32	3.08	1.87	21.167931	24.911244	23.077286	0.565567
5.11	28.54	15.32	15.32	3.08	1.87	21.165484	24.909137	23.074957	0.565566
5.12	28.54	15.32	15.32	3.08	1.87	21.163040	24.907031	23.072630	0.565565
5.12	28.54	15.32	15.32	3.08	1.87	21.160599	24.904926	23.070306	0.565564
5.12	28.54	15.32	15.32	3.08	1.87	21.158162	24.902823	23.067983	0.565563
5.12	28.54	15.32	15.32	3.08	1.87	21.155727	24.900722	23.065663	0.565562
5.13	28.54	15.32	15.32	3.08	1.87	21.153295	24.898622	23.063345	0.565561
5.13	28.54	15.32	15.32	3.08	1.87	21.150866	24.896523	23.061029	0.565560
5.13	28.54	15.32	15.32	3.08	1.87	21.148440	24.894426	23.058716	0.565559
5.14	28.54	15.32	15.32	3.08	1.87	21.146017	24.892331	23.056405	0.565558
5.14	28.54	15.32	15.32	3.08	1.87	21.143597	24.890237	23.054096	0.565557
5.14	28.54	15.32	15.32	3.08	1.87	21.141180	24.888145	23.051789	0.565556
5.14	28.54	15.32	15.32	3.08	1.87	21.138766	24.886054	23.049485	0.565555
5.15	28.54	15.32	15.32	3.08	1.87	21.136355	24.883965	23.047182	0.565554
5.15	28.54	15.32	15.32	3.08	1.87	21.133948	24.881877	23.044882	0.565553
5.15	28.54	15.32	15.32	3.08	1.87	21.131543	24.879791	23.042585	0.565552
5.16	28.54	15.32	15.32	3.08	1.87	21.129141	24.877706	23.040289	0.565551
5.16	28.54	15.32	15.32	3.08	1.87	21.126742	24.875623	23.037996	0.565550
5.16	28.54	15.32	15.32	3.08	1.87	21.124346	24.873541	23.035705	0.565548
5.16	28.54	15.32	15.32	3.07	1.87	21.121953	24.871461	23.033417	0.565547
5.17	28.54	15.32	15.32	3.07	1.87	21.119564	24.869383	23.031130	0.565546
5.17	28.54	15.32	15.32	3.07	1.87	21.117177	24.867306	23.028846	0.565545
5.17	28.54	15.31	15.31	3.07	1.87	21.114793	24.865230	23.026564	0.565544
5.17	28.54	15.31	15.31	3.07	1.87	21.112412	24.863157	23.024285	0.565543
5.18	28.54	15.31	15.31	3.07	1.87	21.110035	24.861084	23.022008	0.565542
5.18	28.54	15.31	15.31	3.07	1.87	21.107660	24.859013	23.019732	0.565541
5.18	28.54	15.31	15.31	3.07	1.87	21.105288	24.856944	23.017460	0.565540
5.19	28.54	15.31	15.31	3.07	1.87	21.102920	24.854876	23.015189	0.565539
5.19	28.54	15.31	15.31	3.07	1.87	21.100554	24.852810	23.012921	0.565538
5.19	28.54	15.31	15.31	3.07	1.87	21.098191	24.850745	23.010655	0.565536
5.19	28.54	15.31	15.31	3.07	1.87	21.095832	24.848682	23.008391	0.565535
5.20	28.54	15.31	15.31	3.07	1.87	21.093475	24.846621	23.006130	0.565534
5.20	28.54	15.31	15.31	3.07	1.87	21.091122	24.844561	23.003871	0.565533
5.20	28.54	15.31	15.31	3.07	1.87	21.088771	24.842502	23.001614	0.565532
5.21	28.54	15.31	15.31	3.07	1.87	21.086424	24.840445	22.999359	0.565531
5.21	28.54	15.31	15.31	3.07	1.87	21.084079	24.838390	22.997107	0.565530
5.21	28.54	15.31	15.31	3.07	1.87	21.081738	24.836336	22.994857	0.565528
5.21	28.54	15.31	15.31	3.07	1.87	21.079399	24.834284	22.992609	0.565527
5.22	28.54	15.31	15.31	3.07	1.87	21.077064	24.832233	22.990364	0.565526
5.22	28.54	15.31	15.31	3.07	1.87	21.074732	24.830184	22.988120	0.565525
5.22	28.54	15.31	15.31	3.07	1.87	21.072402	24.828136	22.985879	0.565524
5.22	28.54	15.31	15.31	3.07	1.87	21.070076	24.826090	22.983641	0.565523
5.23	28.54	15.31	15.31	3.07	1.87	21.067753	24.824046	22.981404	0.565521
5.23	28.54	15.31	15.31	3.07	1.87	21.065433	24.822003	22.979170	0.565520
5.23	28.54	15.31	15.31	3.07	1.87	21.063116	24.819961	22.976939	0.565519
5.24	28.54	15.31	15.31	3.07	1.87	21.060801	24.817922	22.974709	0.565518
5.24	28.54	15.31	15.31	3.07	1.87	21.058490	24.815883	22.972482	0.565516
5.24	28.54	15.31	15.31	3.07	1.87	21.056182	24.813847	22.970257	0.565515
5.24	28.54	15.31	15.31	3.07	1.87	21.053877	24.811811	22.968034	0.565514
5.25	28.54	15.31	15.31	3.07	1.87	21.051575	24.809778	22.965814	0.565513
5.25	28.54	15.31	15.31	3.07	1.87	21.049276	24.807746	22.963596	0.565512
5.25	28.54	15.31	15.31	3.07	1.87	21.046981	24.805715	22.961380	0.565510
5.26	28.54	15.31	15.31	3.07	1.87	21.044688	24.803686	22.959166	0.565509
5.26	28.54	15.30	15.30	3.07	1.87	21.042398	24.801659	22.956955	0.565508
5.26	28.54	15.30	15.30	3.07	1.87	21.040111	24.799633	22.954746	0.565507
5.26	28.54	15.30	15.30	3.07	1.87	21.037827	24.797609	22.952539	0.565505
5.27	28.54	15.30	15.30	3.07	1.87	21.035547	24.795586	22.950335	0.565504
5.27	28.54	15.30	15.30	3.07	1.87	21.033269	24.793565	22.948133	0.565503
5.27	28.54	15.30	15.30	3.07	1.87	21.030995	24.791545	22.945933	0.565502
5.28	28.54	15.30	15.30	3.07	1.87	21.028723	24.789527	22.943736	0.565500
5.28	28.54	15.30	15.30	3.07	1.87	21.026455	24.787511	22.941541	0.565499
5.28	28.54	15.30	15.30	3.07	1.87	21.024189	24.785496	22.939348	0.565498
5.28	28.54	15.30	15.30	3.07	1.87	21.021927	24.783483	22.937157	0.565496
5.29	28.54	15.30	15.30	3.07	1.87	21.019668	24.781471	22.934969	0.565495
5.29	28.54	15.30	15.30	3.07	1.87	21.017411	24.779461	22.932783	0.565494
5.29	28.54	15.30	15.30	3.07	1.87	21.015158	24.777452	22.930599	0.565492
5.29	28.54	15.30	15.30	3.07	1.87	21.012908	24.775445	22.928418	0.565491
5.30	28.54	15.30	15.30	3.07	1.87	21.010661	24.773440	22.926239	0.565490
5.30	28.54	15.30	15.30	3.07	1.87	21.008417	24.771436	22.924062	0.565489
5.30	28.54	15.30	15.30	3.07	1.87	21.006176	24.769434	22.921888	0.565487
5.31	28.54	15.30	15.30	3.07	1.87	21.003938	24.767433	22.919715	0.565486
5.31	28.54	15.30	15.30	3.07	1.87	21.001703	24.765434	22.917546	0.565485
5.31	28.54	15.30	15.30	3.07	1.87	20.999472	24.763436	22.915378	0.565483
5.31	28.54	15.30	15.30	3.07	1.87	20.997243	24.761440	22.913213	0.565482
5.32	28.54	15.30	15.30	3.07	1.87	20.995017	24.759446	22.911050	0.565480
5.32	28.54	15.30	15.30	3.07	1.87	20.992795	24.757453	22.908889	0.565479
5.32	28.54	15.30	15.30	3.07	1.87	20.990575	24.755462	22.906731	0.565478
5.33	28.54	15.30	15.30	3.07	1.87	20.988359	24.753472	22.904575	0.565476
5.33	28.54	15.30	15.30	3.07	1.87	20.986145	24.751484	22.902421	0.565475
5.33	28.54	15.30	15.30	3.07	1.87	20.983935	24.749498	22.900270	0.565474
5.33	28.54	15.30	15.30	3.07	1.87	20.981728	24.747513	22.898121	0.565472
5.34	28.54	15.30	15.30	3.07	1.87	20.979524	24.745529	22.895974	0.565471
5.34	28.54	15.30	15.30	3.07	1.87	20.977322	24.743548	22.893830	0.565469
5.34	28.54	15.30	15.30	3.07	1.87	20.975124	24.741567	22.891687	0.565468
5.34	28.54	15.30	15.30	3.07	1.87	20.972929	24.739589	22.889548	0.565467
5.35	28.54	15.30	15.30	3.07	1.87	20.970738	24.737612	22.887410	0.565465
5.35	28.54	15.30	15.30	3.07	1.87	20.968549	24.735636	22.885275	0.565464
5.35	28.54	15.30	15.30	3.07	1.87	20.966363	24.733663	22.883142	0.565462
5.36	28.54	15.30	15.30	3.07	1.87	20.964180	24.731690	22.881012	0.565461
5.36	28.54	15.30	15.30	3.07	1.87	20.962001	24.729720	22.878883	0.565460
5.36	28.54	15.30	15.30	3.07	1.87	20.959824	24.727751	22.876757	0.565458
5.36	28.54	15.30	15.30	3.07	1.87	20.957651	24.725783	22.874634	0.565457
5.37	28.54	15.30	15.30	3.07	1.87	20.955480	24.723817	22.872513	0.565455
5.37	28.54	15.30	15.30	3.07	1.87	20.953313	24.721853	22.870394	0.565454
5.37	28.54	15.30	15.30	3.07	1.87	20.951149	24.719890	22.868277	0.565452
5.38	28.54	15.30	15.30	3.07	1.87	20.948988	24.717929	22.866163	0.565451
5.38	28.54	15.30	15.30	3.07	1.87	20.946830	24.715970	22.864051	0.565449
5.38	28.54	15.30	15.30	3.07	1.87	20.944675	24.714012	22.861941	0.565448
5.38	28.54	15.30	15.30	3.07	1.87	20.942523	24.712056	22.859834	0.565446
5.39	28.54	15.30	15.30	3.07	1.87	20.940374	24.710101	22.857729	0.565445
5.39	28.54	15.30	15.30	3.07	1.87	20.938229	24.708148	22.855626	0.565444
5.39	28.54	15.30	15.30	3.07	1.87	20.936086	24.706196	22.853526	0.565442
5.39	28.54	15.30	15.31	3.07	1.87	20.933946	24.704246	22.851428	0.565441
5.40	28.54	15.30	15.31	3.07	1.87	20.931810	24.702298	22.849332	0.565439
5.40	28.54	15.30	15.31	3.07	1.87	20.929677	24.700351	22.847239	0.565438
5.40	28.54	15.30	15.31	3.07	1.87	20.927546	24.698406	22.845148	0.565436
5.41	28.54	15.30	15.31	3.07	1.87	20.925419	24.696463	22.843059	0.565434
5.41	28.54	15.30	15.31	3.07	1.87	20.923295	24.694521	22.840973	0.565433
5.41	28.54	15.30	15.31	3.07	1.87	20.921175	24.692581	22.838889	0.565431
5.41	28.54	15.30	15.31	3.07	1.87	20.919057	24.690642	22.836808	0.565430
5.42	28.54	15.30	15.31	3.07	1.87	20.916943	24.688705	22.834728	0.565428
5.42	28.54	15.30	15.31	3.07	1.87	20.914832	24.686769	22.832651	0.565427
5.42	28.54	15.30	15.31	3.07	1.87	20.912724	24.684835	22.830577	0.565425
5.42	28.54	15.30	15.32	3.07	1.87	20.910620	24.682903	22.828505	0.565424
5.43	28.54	15.30	15.32	3.07	1.87	20.908519	24.680972	22.826435	0.565422
5.43	28.54	15.30	15.32	3.07	1.87	20.906421	24.679043	22.824368	0.565421
5.43	28.54	15.30	15.32	3.07	1.87	20.904327	24.677116	22.822303	0.565419
5.44	28.54	15.30	15.32	3.07	1.87	20.902237	24.675190	22.820240	0.565417
5.44	28.54	15.30	15.32	3.07	1.87	20.900150	24.673266	22.818180	0.565416
5.44	28.54	15.30	15.32	3.07	1.87	20.898066	24.671343	22.816122	0.565414
5.44	28.54	15.30	15.32	3.07	1.87	20.895986	24.669422	22.814067	0.565413
5.45	28.54	15.30	15.32	3.07	1.87	20.893910	24.667503	22.812014	0.565411
5.45	28.54	15.30	15.32	3.07	1.87	20.891838	24.665585	22.809964	0.565409
5.45	28.54	15.30	15.33	3.07	1.87	20.889769	24.663669	22.807916	0.565408
5.46	28.54	15.30	15.33	3.07	1.87	20.887704	24.661754	22.805870	0.565406
5.46	28.54	15.30	15.33	3.07	1.87	20.885643	24.659841	22.803827	0.565405
5.46	28.54	15.30	15.33	3.07	1.87	20.883585	24.657930	22.801787	0.565403
5.46	28.54	15.30	15.33	3.07	1.87	20.881531	24.656020	22.799749	0.565401
5.47	28.54	15.30	15.33	3.07	1.87	20.879482	24.654112	22.797714	0.565400
5.47	28.54	15.30	15.33	3.07	1.87	20.877436	24.652206	22.795681	0.565398
5.47	28.54	15.30	15.33	3.07	1.87	20.875394	24.650301	22.793650	0.565396
5.47	28.54	15.31	15.33	3.07	1.87	20.873356	24.648398	22.791623	0.565394
5.48	28.54	15.31	15.34	3.07	1.87	20.871321	24.646496	22.789597	0.565393
5.48	28.54	15.31	15.34	3.07	1.87	20.869291	24.644596	22.787575	0.565391
5.48	28.54	15.31	15.34	3.07	1.87	20.867265	24.642698	22.785555	0.565389
5.49	28.54	15.31	15.34	3.07	1.87	20.865242	24.640801	22.783537	0.565388
5.49	28.54	15.31	15.34	3.07	1.87	20.863224	24.638906	22.781522	0.565386
5.49	28.54	15.31	15.34	3.07	1.87	20.861210	24.637013	22.779510	0.565384
5.49	28.54	15.31	15.34	3.07	1.87	20.859199	24.635121	22.777500	0.565382
5.50	28.54	15.31	15.34	3.07	1.87	20.857193	24.633231	22.775493	0.565381
5.50	28.54	15.31	15.35	3.07	1.87	20.855191	24.631342	22.773489	0.565379
5.50	28.54	15.31	15.35	3.07	1.87	20.853193	24.629455	22.771487	0.565377
5.51	28.54	15.31	15.35	3.07	1.87	20.851199	24.627570	22.769488	0.565375
5.51	28.54	15.31	15.35	3.07	1.87	20.849209	24.625687	22.767492	0.565373
5.51	28.54	15.31	15.35	3.07	1.87	20.847223	24.623805	22.765498	0.565372
5.51	28.54	15.31	15.35	3.07	1.87	20.845242	24.621924	22.763507	0.565370
5.52	28.54	15.31	15.35	3.07	1.87	20.843264	24.620046	22.761519	0.565368
5.52	28.54	15.31	15.35	3.07	1.87	20.841291	24.618168	22.759533	0.565366
5.52	28.54	15.31	15.36	3.07	1.87	20.839321	24.616293	22.757550	0.565364
5.53	28.54	15.31	15.36	3.07	1.87	20.837356	24.614419	22.755570	0.565362
5.53	28.54	15.31	15.36	3.07	1.87	20.835395	24.612547	22.753592	0.565361
5.53	28.54	15.31	15.36	3.07	1.87	20.833439	24.610677	22.751618	0.565359
5.53	28.54	15.31	15.36	3.07	1.87	20.831486	24.608808	22.749646	0.565357
5.54	28.54	15.31	15.36	3.07	1.87	20.829538	24.606941	22.747676	0.565355
5.54	28.54	15.31	15.36	3.07	1.87	20.827594	24.605076	22.745710	0.565353
5.54	28.54	15.31	15.36	3.07	1.87	20.825654	24.603212	22.743746	0.565351
5.54	28.54	15.32	15.37	3.07	1.87	20.823718	24.601350	22.741785	0.565349
5.55	28.54	15.32	15.37	3.07	1.87	20.821786	24.599489	22.739827	0.565347
5.55	28.54	15.32	15.37	3.07	1.87	20.819859	24.597631	22.737872	0.565345
5.55	28.54	15.32	15.37	3.07	1.87	20.817936	24.595773	22.735919	0.565343
5.56	28.54	15.32	15.37	3.07	1.87	20.816017	24.593918	22.733969	0.565341
5.56	28.54	15.32	15.37	3.07	1.87	20.814103	24.592064	22.732022	0.565339
5.56	28.54	15.32	15.37	3.07	1.87	20.812192	24.590212	22.730078	0.565337
5.56	28.54	15.32	15.38	3.07	1.87	20.810286	24.588362	22.728137	0.565335
5.57	28.54	15.32	15.38	3.07	1.87	20.808384	24.586513	22.726198	0.565333
5.57	28.54	15.32	15.38	3.07	1.87	20.806487	24.584666	22.724263	0.565331
5.57	28.54	15.32	15.38	3.07	1.87	20.804594	24.582821	22.722330	0.565329
5.58	28.54	15.32	15.38	3.07	1.87	20.802705	24.580977	22.720400	0.565327
5.58	28.54	15.32	15.38	3.07	1.87	20.800820	24.579135	22.718473	0.565325
5.58	28.54	15.32	15.38	3.07	1.87	20.798939	24.577295	22.716549	0.565323
5.58	28.54	15.32	15.39	3.07	1.87	20.797063	24.575457	22.714627	0.565321
5.59	28.54	15.32	15.39	3.07	1.87	20.795192	24.573620	22.712709	0.565319
5.59	28.54	15.32	15.39	3.07	1.87	20.793324	24.571785	22.710793	0.565317
5.59	28.54	15.33	15.39	3.07	1.87	20.791461	24.569951	22.708880	0.565315
5.59	28.54	15.33	15.39	3.07	1.87	20.789602	24.568120	22.706970	0.565313
5.60	28.54	15.33	15.39	3.06	1.87	20.787747	24.566290	22.705063	0.565311
5.60	28.54	15.33	15.39	3.06	1.87	20.785897	24.564461	22.703159	0.565308
5.60	28.54	15.33	15.40	3.06	1.87	20.784051	24.562635	22.701258	0.565306
5.61	28.54	15.33	15.40	3.06	1.87	20.782209	24.560810	22.699360	0.565304
5.61	28.54	15.33	15.40	3.06	1.87	20.780372	24.558987	22.697464	0.565302
5.61	28.54	15.33	15.40	3.06	1.87	20.778539	24.557165	22.695572	0.565300
5.61	28.54	15.33	15.40	3.06	1.87	20.776710	24.555346	22.693682	0.565298
5.62	28.54	15.33	15.40	3.06	1.87	20.774886	24.553528	22.691796	0.565295
5.62	28.54	15.33	15.41	3.06	1.87	20.773066	24.551712	22.689912	0.565293
5.62	28.54	15.33	15.41	3.06	1.87	20.771250	24.549897	22.688031	0.565291
5.62	28.54	15.33	15.41	3.06	1.87	20.769439	24.548085	22.686154	0.565289
5.63	28.54	15.33	15.41	3.06	1.87	20.767632	24.546274	22.684279	0.565287
5.63	28.54	15.33	15.41	3.06	1.87	20.765830	24.544464	22.682407	0.565284
5.63	28.54	15.34	15.41	3.06	1.87	20.764031	24.542657	22.680538	0.565282
5.64	28.54	15.34	15.41	3.06	1.87	20.762237	24.540851	22.678672	0.565280
5.64	28.54	15.34	15.42	3.06	1.87	20.760448	24.539047	22.676809	0.565278
5.64	28.54	15.34	15.42	3.06	1.87	20.758663	24.537245	22.674949	0.565275
5.64	28.54	15.34	15.42	3.06	1.87	20.756882	24.535444	22.673092	0.565273
5.65	28.54	15.34	15.42	3.06	1.87	20.755106	24.533646	22.671238	0.565271
5.65	28.54	15.34	15.42	3.06	1.87	20.753333	24.531849	22.669387	0.565268
5.65	28.54	15.34	15.42	3.06	1.87	20.751566	24.530054	22.667539	0.565266
5.66	28.54	15.34	15.43	3.06	1.87	20.749802	24.528260	22.665693	0.565264
5.66	28.54	15.34	15.43	3.06	1.87	20.748044	24.526469	22.663851	0.565261
5.66	28.54	15.34	15.43	3.06	1.87	20.746289	24.524679	22.662012	0.565259
5.66	28.54	15.34	15.43	3.06	1.87	20.744539	24.522891	22.660176	0.565257
5.67	28.54	15.35	15.43	3.06	1.87	20.742793	24.521104	22.658343	0.565254
5.67	28.54	15.35	15.44	3.06	1.87	20.741052	24.519320	22.656513	0.565252
5.67	28.54	15.35	15.44	3.06	1.87	20.739315	24.517537	22.654685	0.565249
5.67	28.54	15.35	15.44	3.06	1.87	20.737582	24.515756	22.652861	0.565247
5.68	28.54	15.35	15.44	3.06	1.87	20.735854	24.513977	22.651040	0.565245
5.68	28.54	15.35	15.44	3.06	1.87	20.734130	24.512199	22.649222	0.565242
5.68	28.54	15.35	15.44	3.06	1.87	20.732410	24.510424	22.647407	0.565240
5.69	28.54	15.35	15.45	3.06	1.87	20.730695	24.508650	22.645595	0.565237
5.69	28.54	15.35	15.45	3.06	1.87	20.728985	24.506878	22.643786	0.565235
5.69	28.54	15.35	15.45	3.06	1.87	20.727278	24.505108	22.641980	0.565232
5.69	28.54	15.35	15.45	3.06	1.87	20.725577	24.503339	22.640177	0.565230
5.70	28.54	15.36	15.45	3.06	1.87	20.723879	24.501573	22.638377	0.565227
5.70	28.54	15.36	15.45	3.06	1.87	20.722186	24.499808	22.636580	0.565225
5.70	28.54	15.36	15.46	3.06	1.87	20.720498	24.498045	22.634787	0.565223
5.71	28.54	15.36	15.46	3.06	1.87	20.718813	24.496284	22.632996	0.565220
5.71	28.54	15.36	15.46	3.06	1.87	20.717134	24.494524	22.631208	0.565217
5.71	28.54	15.36	15.46	3.06	1.87	20.715458	24.492767	22.629423	0.565215
5.71	28.54	15.36	15.46	3.06	1.87	20.713787	24.491011	22.627642	0.565212
5.72	28.54	15.36	15.47	3.06	1.87	20.712121	24.489257	22.625863	0.565210
5.72	28.54	15.36	15.47	3.06	1.87	20.710459	24.487505	22.624088	0.565207
5.72	28.54	15.36	15.47	3.06	1.87	20.708801	24.485755	22.622315	0.565205
5.72	28.54	15.37	15.47	3.06	1.87	20.707148	24.484006	22.620546	0.565202
5.73	28.54	15.37	15.47	3.06	1.87	20.705499	24.482260	22.618780	0.565200
5.73	28.54	15.37	15.48	3.06	1.87	20.703855	24.480515	22.617017	0.565197
5.73	28.54	15.37	15.48	3.06	1.87	20.702215	24.478772	22.615257	0.565194
5.74	28.54	15.37	15.48	3.06	1.87	20.700579	24.477031	22.613500	0.565192
5.74	28.54	15.37	15.48	3.06	1.87	20.698948	24.475291	22.611746	0.565189
5.74	28.54	15.37	15.48	3.06	1.87	20.697321	24.473554	22.609995	0.565186
5.74	28.54	15.37	15.48	3.06	1.87	20.695699	24.471818	22.608247	0.565184
5.75	28.54	15.37	15.49	3.06	1.87	20.694081	24.470085	22.606502	0.565181
5.75	28.54	15.38	15.49	3.06	1.87	20.692468	24.468353	22.604761	0.565178
5.75	28.54	15.38	15.49	3.06	1.87	20.690859	24.466623	22.603022	0.565176
5.76	28.54	15.38	15.49	3.06	1.87	20.689255	24.464895	22.601287	0.565173
5.76	28.54	15.38	15.49	3.06	1.87	20.687655	24.463168	22.599555	0.565170
5.76	28.54	15.38	15.50	3.06	1.87	20.686059	24.461444	22.597825	0.565168
5.76	28.54	15.38	15.50	3.06	1.87	20.684468	24.459721	22.596099	0.565165
5.77	28.54	15.38	15.50	3.06	1.87	20.682882	24.458000	22.594376	0.565162
5.77	28.54	15.38	15.50	3.06	1.87	20.681299	24.456282	22.592657	0.565159
5.77	28.54	15.39	15.50	3.06	1.87	20.679722	24.454565	22.590940	0.565157
5.78	28.54	15.39	15.51	3.06	1.87	20.678148	24.452849	22.589226	0.565154
5.78	28.54	15.39	15.51	3.06	1.87	20.676580	24.451136	22.587516	0.565151
5.78	28.54	15.39	15.51	3.06	1.87	20.675015	24.449425	22.585808	0.565148
5.78	28.54	15.39	15.51	3.06	1.87	20.673455	24.447715	22.584104	0.565146
5.79	28.54	15.39	15.52	3.06	1.87	20.671900	24.446008	22.582403	0.565143
5.79	28.54	15.39	15.52	3.06	1.87	20.670349	24.444302	22.580705	0.565140
5.79	28.54	15.39	15.52	3.06	1.87	20.668803	24.442598	22.579010	0.565137
5.79	28.54	15.40	15.52	3.06	1.87	20.667261	24.440896	22.577318	0.565134
5.80	28.54	15.40	15.52	3.06	1.87	20.665723	24.439196	22.575630	0.565132
5.80	28.54	15.40	15.53	3.06	1.87	20.664190	24.437498	22.573944	0.565129
5.80	28.54	15.40	15.53	3.06	1.87	20.662662	24.435801	22.572262	0.565126
5.81	28.54	15.40	15.53	3.06	1.87	20.661137	24.434107	22.570583	0.565123
5.81	28.54	15.40	15.53	3.06	1.87	20.659618	24.432414	22.568907	0.565120
5.81	28.54	15.40	15.53	3.06	1.87	20.658103	24.430724	22.567234	0.565117
5.81	28.54	15.40	15.54	3.06	1.87	20.656592	24.429035	22.565564	0.565114
5.82	28.54	15.41	15.54	3.06	1.87	20.655086	24.427348	22.563898	0.565111
5.82	28.54	15.41	15.54	3.06	1.87	20.653584	24.425663	22.562234	0.565109
5.82	28.54	15.41	15.54	3.06	1.87	20.652087	24.423980	22.560574	0.565106
5.83	28.54	15.41	15.55	3.06	1.87	20.650594	24.422299	22.558917	0.565103
5.83	28.54	15.41	15.55	3.06	1.87	20.649106	24.420620	22.557263	0.565100
5.83	28.54	15.41	15.55	3.06	1.87	20.647622	24.418943	22.555612	0.565097
5.83	28.54	15.41	15.55	3.06	1.87	20.646143	24.417268	22.553965	0.565094
5.84	28.54	15.41	15.55	3.06	1.87	20.644668	24.415594	22.552320	0.565091
5.84	28.54	15.42	15.56	3.06	1.87	20.643198	24.413923	22.550679	0.565088
5.84	28.54	15.42	15.56	3.06	1.87	20.641732	24.412253	22.549041	0.565085
5.84	28.54	15.42	15.56	3.06	1.87	20.640271	24.410585	22.547406	0.565082
5.85	28.54	15.42	15.56	3.06	1.87	20.638814	24.408920	22.545774	0.565079
5.85	28.54	15.42	15.57	3.06	1.87	20.637362	24.407256	22.544146	0.565076
5.85	28.54	15.42	15.57	3.06	1.87	20.635914	24.405594	22.542520	0.565073
5.86	28.54	15.42	15.57	3.06	1.87	20.634471	24.403934	22.540898	0.565070
5.86	28.54	15.43	15.57	3.06	1.87	20.633032	24.402276	22.539279	0.565067
5.86	28.54	15.43	15.57	3.06	1.87	20.631598	24.400620	22.537663	0.565064
5.86	28.54	15.43	15.58	3.06	1.87	20.630168	24.398966	22.536051	0.565061
5.87	28.54	15.43	15.58	3.06	1.87	20.628743	24.397314	22.534441	0.565057
5.87	28.54	15.43	15.58	3.06	1.87	20.627322	24.395663	22.532835	0.565054
5.87	28.54	15.43	15.58	3.06	1.87	20.625906	24.394015	22.531232	0.565051
5.88	28.54	15.44	15.59	3.06	1.87	20.624495	24.392369	22.529632	0.565048
5.88	28.54	15.44	15.59	3.06	1.87	20.623087	24.390724	22.528035	0.565045
5.88	28.54	15.44	15.59	3.06	1.87	20.621685	24.389082	22.526442	0.565042
5.88	28.54	15.44	15.59	3.06	1.87	20.620287	24.387442	22.524851	0.565039
5.89	28.54	15.44	15.60	3.06	1.87	20.618893	24.385803	22.523264	0.565036
5.89	28.54	15.44	15.60	3.06	1.87	20.617504	24.384166	22.521680	0.565032
5.89	28.54	15.44	15.60	3.06	1.87	20.616119	24.382532	22.520100	0.565029
5.89	28.54	15.45	15.60	3.06	1.87	20.614739	24.380899	22.518522	0.565026
5.90	28.54	15.45	15.61	3.06	1.87	20.613364	24.379269	22.516948	0.565023
5.90	28.54	15.45	15.61	3.06	1.87	20.611993	24.377640	22.515377	0.565020
5.90	28.54	15.45	15.61	3.06	1.87	20.610626	24.376013	22.513809	0.565017
5.91	28.54	15.45	15.61	3.06	1.87	20.609264	24.374388	22.512245	0.565013
5.91	28.54	15.45	15.61	3.06	1.87	20.607907	24.372766	22.510683	0.565010
5.91	28.54	15.46	15.62	3.06	1.87	20.606554	24.371145	22.509125	0.565007
5.91	28.54	15.46	15.62	3.06	1.87	20.605206	24.369526	22.507570	0.565004
5.92	28.54	15.46	15.62	3.06	1.87	20.603862	24.367909	22.506019	0.565000
5.92	28.54	15.46	15.62	3.06	1.87	20.602523	24.366294	22.504470	0.564997
5.92	28.54	15.46	15.63	3.06	1.87	20.601188	24.364681	22.502925	0.564994
5.92	28.54	15.46	15.63	3.06	1.87	20.599858	24.363070	22.501383	0.564991
5.93	28.54	15.47	15.63	3.06	1.87	20.598532	24.361462	22.499844	0.564987
5.93	28.54	15.47	15.63	3.06	1.87	20.597211	24.359855	22.498308	0.564984
5.93	28.54	15.47	15.64	3.06	1.87	20.595895	24.358250	22.496776	0.564981
5.94	28.54	15.47	15.64	3.06	1.87	20.594583	24.356647	22.495247	0.564977
5.94	28.54	15.47	15.64	3.06	1.87	20.593275	24.355046	22.493721	0.564974
5.94	28.54	15.47	15.64	3.06	1.87	20.591972	24.353447	22.492199	0.564971
5.94	28.54	15.48	15.65	3.06	1.87	20.590674	24.351850	22.490679	0.564967
5.95	28.54	15.48	15.65	3.06	1.87	20.589380	24.350255	22.489163	0.564964
5.95	28.54	15.48	15.65	3.06	1.87	20.588091	24.348662	22.487650	0.564961
5.95	28.54	15.48	15.66	3.06	1.87	20.586806	24.347071	22.486141	0.564957
5.96	28.54	15.48	15.66	3.06	1.87	20.585526	24.345482	22.484634	0.564954
5.96	28.54	15.48	15.66	3.06	1.87	20.584250	24.343895	22.483131	0.564950
5.96	28.54	15.49	15.66	3.06	1.87	20.582979	24.342310	22.481631	0.564947
5.96	28.54	15.49	15.67	3.06	1.87	20.581713	24.340727	22.480135	0.564944
5.97	28.54	15.49	15.67	3.06	1.87	20.580451	24.339147	22.478641	0.564940
5.97	28.54	15.49	15.67	3.06	1.87	20.579194	24.337568	22.477151	0.564937
5.97	28.54	15.49	15.67	3.06	1.87	20.577941	24.335991	22.475664	0.564933
5.97	28.54	15.50	15.68	3.06	1.87	20.576693	24.334416	22.474181	0.564930
5.98	28.54	15.50	15.68	3.06	1.87	20.575449	24.332843	22.472701	0.564926
5.98	28.54	15.50	15.68	3.06	1.87	20.574210	24.331273	22.471224	0.564923
5.98	28.54	15.50	15.68	3.06	1.87	20.572975	24.329704	22.469750	0.564919
5.99	28.54	15.50	15.69	3.06	1.87	20.571745	24.328137	22.468279	0.564916
5.99	28.54	15.50	15.69	3.06	1.87	20.570520	24.326572	22.466812	0.564912
5.99	28.54	15.51	15.69	3.06	1.87	20.569299	24.325010	22.465348	0.564909
5.99	28.54	15.51	15.69	3.06	1.87	20.568083	24.323449	22.463887	0.564905
6.00	28.54	15.51	15.70	3.06	1.87	20.566871	24.321891	22.462430	0.564902
6.00	28.54	15.51	15.70	3.06	1.87	20.565664	24.320334	22.460976	0.564898
6.00	28.54	15.51	15.70	3.06	1.87	20.564462	24.318780	22.459525	0.564895
6.01	28.54	15.52	15.71	3.06	1.87	20.563264	24.317227	22.458078	0.564891
6.01	28.54	15.52	15.71	3.06	1.87	20.562070	24.315677	22.456633	0.564888
6.01	28.54	15.52	15.71	3.06	1.87	20.560882	24.314128	22.455192	0.564884
6.01	28.54	15.52	15.71	3.06	1.87	20.559697	24.312582	22.453755	0.564880
6.02	28.54	15.52	15.72	3.06	1.87	20.558518	24.311038	22.452320	0.564877
6.02	28.54	15.53	15.72	3.06	1.87	20.557343	24.309496	22.450889	0.564873
6.02	28.54	15.53	15.72	3.06	1.87	20.556172	24.307956	22.449461	0.564870
6.03	28.54	15.53	15.72	3.06	1.87	20.555006	24.306417	22.448037	0.564866
6.03	28.54	15.53	15.73	3.06	1.87	20.553845	24.304881	22.446615	0.564862
6.03	28.54	15.53	15.73	3.06	1.87	20.552688	24.303347	22.445197	0.564859
6.03	28.54	15.53	15.73	3.06	1.87	20.551536	24.301816	22.443783	0.564855
6.04	28.54	15.54	15.74	3.06	1.87	20.550389	24.300286	22.442371	0.564851
6.04	28.54	15.54	15.74	3.06	1.87	20.549246	24.298758	22.440963	0.564848
6.04	28.54	15.54	15.74	3.06	1.87	20.548108	24.297232	22.439559	0.564844
6.04	28.54	15.54	15.74	3.06	1.87	20.546974	24.295709	22.438157	0.564840
6.05	28.54	15.54	15.75	3.06	1.87	20.545845	24.294187	22.436759	0.564837
6.05	28.54	15.55	15.75	3.06	1.87	20.544720	24.292667	22.435364	0.564833
6.05	28.54	15.55	15.75	3.06	1.87	20.543600	24.291150	22.433973	0.564829
6.06	28.54	15.55	15.76	3.06	1.87	20.542485	24.289635	22.432585	0.564825
6.06	28.54	15.55	15.76	3.06	1.87	20.541374	24.288121	22.431200	0.564822
6.06	28.54	15.56	15.76	3.06	1.87	20.540268	24.286610	22.429818	0.564818
6.06	28.54	15.56	15.76	3.06	1.87	20.539167	24.285101	22.428440	0.564814
6.07	28.54	15.56	15.77	3.06	1.87	20.538070	24.283594	22.427065	0.564810
6.07	28.54	15.56	15.77	3.06	1.87	20.536977	24.282089	22.425693	0.564807
6.07	28.54	15.56	15.77	3.06	1.87	20.535890	24.280586	22.424325	0.564803
6.08	28.54	15.57	15.78	3.06	1.87	20.534807	24.279086	22.422960	0.564799
6.08	28.54	15.57	15.78	3.06	1.87	20.533728	24.277587	22.421598	0.564795
6.08	28.54	15.57	15.78	3.06	1.87	20.532654	24.276090	22.420240	0.564791
6.08	28.54	15.57	15.79	3.06	1.87	20.531585	24.274596	22.418885	0.564788
6.09	28.54	15.57	15.79	3.06	1.87	20.530520	24.273104	22.417533	0.564784
6.09	28.54	15.58	15.79	3.06	1.87	20.529460	24.271613	22.416185	0.564780
6.09	28.54	15.58	15.79	3.06	1.87	20.528405	24.270125	22.414840	0.564776
6.09	28.54	15.58	15.80	3.06	1.87	20.527354	24.268639	22.413498	0.564772
6.10	28.54	15.58	15.80	3.06	1.87	20.526308	24.267155	22.412160	0.564768
6.10	28.54	15.58	15.80	3.06	1.87	20.525267	24.265673	22.410825	0.564764
6.10	28.54	15.59	15.81	3.06	1.86	20.524230	24.264194	22.409493	0.564760
6.11	28.54	15.59	15.81	3.06	1.86	20.523197	24.262716	22.408165	0.564757
6.11	28.54	15.59	15.81	3.06	1.86	20.522170	24.261240	22.406840	0.564753
6.11	28.54	15.59	15.82	3.06	1.86	20.521147	24.259767	22.405518	0.564749
6.11	28.54	15.60	15.82	3.06	1.86	20.520128	24.258296	22.404200	0.564745
6.12	28.54	15.60	15.82	3.06	1.86	20.519114	24.256827	22.402885	0.564741
6.12	28.54	15.60	15.82	3.06	1.86	20.518105	24.255359	22.401574	0.564737
6.12	28.54	15.60	15.83	3.06	1.86	20.517101	24.253895	22.400265	0.564733
6.12	28.54	15.60	15.83	3.06	1.86	20.516101	24.252432	22.398960	0.564729
6.13	28.54	15.61	15.83	3.06	1.86	20.515105	24.250971	22.397659	0.564725
6.13	28.54	15.61	15.84	3.06	1.86	20.514115	24.249512	22.396361	0.564721
6.13	28.54	15.61	15.84	3.06	1.86	20.513129	24.248056	22.395066	0.564717
6.14	28.54	15.61	15.84	3.06	1.86	20.512147	24.246602	22.393774	0.564713
6.14	28.54	15.62	15.85	3.06	1.86	20.511171	24.245150	22.392486	0.564709
6.14	28.54	15.62	15.85	3.06	1.86	20.510198	24.243700	22.391202	0.564705
6.14	28.54	15.62	15.85	3.06	1.86	20.509231	24.242252	22.389920	0.564701
6.15	28.54	15.62	15.86	3.06	1.86	20.508268	24.240806	22.388642	0.564697
6.15	28.54	15.63	15.86	3.06	1.86	20.507310	24.239362	22.387367	0.564693
6.15	28.54	15.63	15.86	3.06	1.86	20.506356	24.237921	22.386096	0.564689
6.16	28.54	15.63	15.87	3.06	1.86	20.505408	24.236481	22.384828	0.564685
6.16	28.54	15.63	15.87	3.06	1.86	20.504463	24.235044	22.383564	0.564681
6.16	28.54	15.64	15.87	3.06	1.86	20.503524	24.233609	22.382302	0.564676
6.16	28.54	15.64	15.88	3.06	1.86	20.502589	24.232176	22.381045	0.564672
6.17	28.54	15.64	15.88	3.06	1.86	20.501658	24.230746	22.379790	0.564668
6.17	28.54	15.64	15.88	3.06	1.86	20.500733	24.229317	22.378539	0.564664
6.17	28.54	15.64	15.88	3.06	1.86	20.499812	24.227890	22.377291	0.564660
6.17	28.54	15.65	15.89	3.06	1.86	20.498895	24.226466	22.376047	0.564656
6.18	28.54	15.65	15.89	3.06	1.86	20.497983	24.225044	22.374806	0.564652
6.18	28.54	15.65	15.89	3.06	1.86	20.497076	24.223624	22.373569	0.564648
6.18	28.54	15.65	15.90	3.06	1.86	20.496174	24.222206	22.372334	0.564643
6.19	28.54	15.66	15.90	3.06	1.86	20.495276	24.220791	22.371104	0.564639
6.19	28.54	15.66	15.90	3.06	1.86	20.494383	24.219377	22.369876	0.564635
6.19	28.54	15.66	15.91	3.06	1.86	20.493495	24.217966	22.368652	0.564631
6.19	28.54	15.66	15.91	3.05	1.86	20.492611	24.216557	22.367432	0.564627
6.20	28.54	15.67	15.91	3.05	1.86	20.491732	24.215150	22.366214	0.564622
6.20	28.54	15.67	15.92	3.05	1.86	20.490857	24.213745	22.365001	0.564618
6.20	28.54	15.67	15.92	3.05	1.86	20.489987	24.212342	22.363790	0.564614
6.21	28.54	15.67	15.92	3.05	1.86	20.489122	24.210942	22.362583	0.564610
6.21	28.54	15.68	15.93	3.05	1.86	20.488262	24.209543	22.361379	0.564605
6.21	28.54	15.68	15.93	3.05	1.86	20.487406	24.208147	22.360179	0.564601
6.21	28.54	15.68	15.93	3.05	1.86	20.486555	24.206753	22.358982	0.564597
6.22	28.54	15.68	15.94	3.05	1.86	20.485708	24.205362	22.357789	0.564593
6.22	28.54	15.69	15.94	3.05	1.86	20.484866	24.203972	22.356599	0.564588
6.22	28.54	15.69	15.94	3.05	1.86	20.484029	24.202585	22.355412	0.564584
6.22	28.54	15.69	15.95	3.05	1.86	20.483197	24.201199	22.354229	0.564580
6.23	28.54	15.69	15.95	3.05	1.86	20.482369	24.199816	22.353049	0.564575
6.23	28.54	15.70	15.95	3.05	1.86	20.481546	24.198435	22.351872	0.564571
6.23	28.54	15.70	15.96	3.05	1.86	20.480727	24.197057	22.350699	0.564567
6.24	28.54	15.70	15.96	3.05	1.86	20.479913	24.195680	22.349530	0.564562
6.24	28.54	15.70	15.96	3.05	1.86	20.479104	24.194306	22.348364	0.564558
6.24	28.54	15.71	15.97	3.05	1.86	20.478300	24.192934	22.347201	0.564554
6.24	28.54	15.71	15.97	3.05	1.86	20.477500	24.191564	22.346041	0.564549
6.25	28.54	15.71	15.97	3.05	1.86	20.476705	24.190197	22.344885	0.564545
6.25	28.54	15.71	15.98	3.05	1.86	20.475915	24.188831	22.343733	0.564540
6.25	28.54	15.72	15.98	3.05	1.86	20.475129	24.187468	22.342584	0.564536
6.26	28.54	15.72	15.99	3.05	1.86	20.474348	24.186107	22.341438	0.564532
6.26	28.54	15.72	15.99	3.05	1.86	20.473571	24.184748	22.340296	0.564527
6.26	28.54	15.73	15.99	3.05	1.86	20.472800	24.183391	22.339157	0.564523
6.26	28.54	15.73	16.00	3.05	1.86	20.472033	24.182037	22.338021	0.564518
6.27	28.54	15.73	16.00	3.05	1.86	20.471270	24.180685	22.336889	0.564514
6.27	28.54	15.73	16.00	3.05	1.86	20.470513	24.179335	22.335761	0.564509
6.27	28.54	15.74	16.01	3.05	1.86	20.469760	24.177987	22.334636	0.564505
6.28	28.54	15.74	16.01	3.05	1.86	20.469011	24.176641	22.333514	0.564501
6.28	28.54	15.74	16.01	3.05	1.86	20.468268	24.175298	22.332395	0.564496
6.28	28.54	15.74	16.02	3.05	1.86	20.467529	24.173957	22.331281	0.564492
6.28	28.54	15.75	16.02	3.05	1.86	20.466795	24.172618	22.330169	0.564487
6.29	28.54	15.75	16.02	3.05	1.86	20.466065	24.171281	22.329061	0.564482
6.29	28.54	15.75	16.03	3.05	1.86	20.465340	24.169947	22.327957	0.564478
6.29	28.54	15.76	16.03	3.05	1.86	20.464620	24.168614	22.326855	0.564473
6.29	28.54	15.76	16.03	3.05	1.86	20.463905	24.167284	22.325758	0.564469
6.30	28.54	15.76	16.04	3.05	1.86	20.463194	24.165956	22.324663	0.564464
6.30	28.54	15.76	16.04	3.05	1.86	20.462488	24.164631	22.323573	0.564460
6.30	28.54	15.77	16.05	3.05	1.86	20.461787	24.163308	22.322485	0.564455
6.31	28.54	15.77	16.05	3.05	1.86	20.461090	24.161986	22.321401	0.564451
6.31	28.54	15.77	16.05	3.05	1.86	20.460398	24.160668	22.320321	0.564446
6.31	28.54	15.77	16.06	3.05	1.86	20.459711	24.159351	22.319244	0.564441
6.31	28.54	15.78	16.06	3.05	1.86	20.459028	24.158037	22.318170	0.564437
6.32	28.54	15.78	16.06	3.05	1.86	20.458350	24.156724	22.317100	0.564432
6.32	28.54	15.78	16.07	3.05	1.86	20.457677	24.155414	22.316033	0.564428
6.32	28.54	15.79	16.07	3.05	1.86	20.457009	24.154107	22.314970	0.564423
6.33	28.54	15.79	16.07	3.05	1.86	20.456345	24.152801	22.313910	0.564418
6.33	28.54	15.79	16.08	3.05	1.86	20.455686	24.151498	22.312854	0.564414
6.33	28.54	15.79	16.08	3.05	1.86	20.455032	24.150197	22.311801	0.564409
6.33	28.54	15.80	16.09	3.05	1.86	20.454382	24.148899	22.310752	0.564404
6.34	28.54	15.80	16.09	3.05	1.86	20.453737	24.147602	22.309706	0.564400
6.34	28.54	15.80	16.09	3.05	1.86	20.453097	24.146308	22.308663	0.564395
6.34	28.54	15.81	16.10	3.05	1.86	20.452462	24.145016	22.307624	0.564390
6.34	28.54	15.81	16.10	3.05	1.86	20.451831	24.143726	22.306589	0.564385
6.35	28.54	15.81	16.10	3.05	1.86	20.451205	24.142439	22.305557	0.564381
6.35	28.54	15.81	16.11	3.05	1.86	20.450583	24.141154	22.304528	0.564376
6.35	28.54	15.82	16.11	3.05	1.86	20.449967	24.139871	22.303503	0.564371
6.36	28.54	15.82	16.12	3.05	1.86	20.449355	24.138590	22.302481	0.564366
6.36	28.54	15.82	16.12	3.05	1.86	20.448748	24.137312	22.301463	0.564362
6.36	28.54	15.83	16.12	3.05	1.86	20.448145	24.136036	22.300448	0.564357
6.36	28.54	15.83	16.13	3.05	1.86	20.447547	24.134762	22.299437	0.564352
6.37	28.54	15.83	16.13	3.05	1.86	20.446954	24.133490	22.298429	0.564347
6.37	28.54	15.84	16.13	3.05	1.86	20.446366	24.132221	22.297425	0.564343
6.37	28.54	15.84	16.14	3.05	1.86	20.445782	24.130954	22.296424	0.564338
6.38	28.54	15.84	16.14	3.05	1.86	20.445203	24.129689	22.295426	0.564333
6.38	28.54	15.84	16.15	3.05	1.86	20.444629	24.128427	22.294432	0.564328
6.38	28.54	15.85	16.15	3.05	1.86	20.444060	24.127167	22.293442	0.564323
6.38	28.54	15.85	16.15	3.05	1.86	20.443495	24.125909	22.292455	0.564318
6.39	28.54	15.85	16.16	3.05	1.86	20.442935	24.124653	22.291472	0.564314
6.39	28.54	15.86	16.16	3.05	1.86	20.442380	24.123400	22.290492	0.564309
6.39	28.54	15.86	16.16	3.05	1.86	20.441829	24.122149	22.289515	0.564304
6.39	28.54	15.86	16.17	3.05	1.86	20.441283	24.120900	22.288542	0.564299
6.40	28.54	15.87	16.17	3.05	1.86	20.440742	24.119653	22.287573	0.564294
6.40	28.54	15.87	16.18	3.05	1.86	20.440206	24.118409	22.286607	0.564289
6.40	28.54	15.87	16.18	3.05	1.86	20.439674	24.117167	22.285644	0.564284
6.41	28.54	15.87	16.18	3.05	1.86	20.439147	24.115927	22.284685	0.564279
6.41	28.54	15.88	16.19	3.05	1.86	20.438625	24.114690	22.283729	0.564274
6.41	28.54	15.88	16.19	3.05	1.86	20.438108	24.113455	22.282777	0.564269
6.41	28.54	15.88	16.20	3.05	1.86	20.437595	24.112222	22.281829	0.564264
6.42	28.54	15.89	16.20	3.05	1.86	20.437087	24.110992	22.280884	0.564260
6.42	28.54	15.89	16.20	3.05	1.86	20.436584	24.109764	22.279942	0.564255
6.42	28.54	15.89	16.21	3.05	1.86	20.436085	24.108538	22.279004	0.564250
6.42	28.54	15.90	16.21	3.05	1.86	20.435591	24.107314	22.278069	0.564245
6.43	28.54	15.90	16.22	3.05	1.86	20.435102	24.106093	22.277138	0.564240
6.43	28.54	15.90	16.22	3.05	1.86	20.434618	24.104874	22.276211	0.564235
6.43	28.54	15.91	16.22	3.05	1.86	20.434138	24.103657	22.275286	0.564230
6.44	28.54	15.91	16.23	3.05	1.86	20.433664	24.102443	22.274366	0.564225
6.44	28.54	15.91	16.23	3.05	1.86	20.433194	24.101231	22.273449	0.564219
6.44	28.54	15.92	16.24	3.05	1.86	20.432728	24.100021	22.272535	0.564214
6.44	28.54	15.92	16.24	3.05	1.85	20.432268	24.098814	22.271625	0.564209
6.45	28.54	15.92	16.24	3.05	1.85	20.431812	24.097608	22.270719	0.564204
6.45	28.54	15.93	16.25	3.05	1.85	20.431361	24.096406	22.269816	0.564199
6.45	28.54	15.93	16.25	3.05	1.85	20.430914	24.095205	22.268916	0.564194
6.46	28.54	15.93	16.26	3.05	1.85	20.430473	24.094007	22.268020	0.564189
6.46	28.54	15.94	16.26	3.05	1.85	20.430036	24.092811	22.267127	0.564184
6.46	28.54	15.94	16.26	3.05	1.85	20.429604	24.091618	22.266238	0.564179
6.46	28.54	15.94	16.27	3.05	1.85	20.429176	24.090426	22.265353	0.564174
6.47	28.54	15.94	16.27	3.05	1.85	20.428754	24.089237	22.264471	0.564169
6.47	28.54	15.95	16.28	3.05	1.85	20.428336	24.088051	22.263593	0.564163
6.47	28.54	15.95	16.28	3.05	1.85	20.427922	24.086867	22.262718	0.564158
6.47	28.54	15.95	16.28	3.05	1.85	20.427514	24.085685	22.261846	0.564153
6.48	28.54	15.96	16.29	3.05	1.85	20.427110	24.084505	22.260978	0.564148
6.48	28.54	15.96	16.29	3.05	1.85	20.426712	24.083328	22.260114	0.564143
6.48	28.54	15.96	16.30	3.05	1.85	20.426317	24.082153	22.259253	0.564138
6.49	28.54	15.97	16.30	3.05	1.85	20.425928	24.080980	22.258396	0.564132
6.49	28.54	15.97	16.31	3.05	1.85	20.425543	24.079810	22.257542	0.564127
6.49	28.54	15.97	16.31	3.05	1.85	20.425163	24.078642	22.256692	0.564122
6.49	28.54	15.98	16.31	3.05	1.85	20.424788	24.077477	22.255845	0.564117
6.50	28.54	15.98	16.32	3.05	1.85	20.424418	24.076313	22.255002	0.564112
6.50	28.54	15.98	16.32	3.05	1.85	20.424052	24.075152	22.254162	0.564106
6.50	28.54	15.99	16.33	3.05	1.85	20.423691	24.073994	22.253326	0.564101
6.51	28.54	15.99	16.33	3.05	1.85	20.423335	24.072838	22.252493	0.564096
6.51	28.54	15.99	16.33	3.05	1.85	20.422984	24.071684	22.251664	0.564091
6.51	28.54	16.00	16.34	3.05	1.85	20.422637	24.070532	22.250839	0.564085
6.51	28.54	16.00	16.34	3.05	1.85	20.422296	24.069383	22.250017	0.564080
6.52	28.54	16.00	16.35	3.05	1.85	20.421959	24.068236	22.249198	0.564075
6.52	28.54	16.01	16.35	3.05	1.85	20.421626	24.067092	22.248383	0.564069
6.52	28.54	16.01	16.36	3.05	1.85	20.421299	24.065949	22.247572	0.564064
6.53	28.54	16.02	16.36	3.05	1.85	20.420976	24.064810	22.246764	0.564059
6.53	28.54	16.02	16.36	3.05	1.85	20.420658	24.063672	22.245960	0.564053
6.53	28.54	16.02	16.37	3.05	1.85	20.420345	24.062537	22.245159	0.564048
6.53	28.54	16.03	16.37	3.05	1.85	20.420036	24.061404	22.244362	0.564043
6.54	28.54	16.03	16.38	3.05	1.85	20.419732	24.060274	22.243568	0.564037
6.54	28.54	16.03	16.38	3.05	1.85	20.419433	24.059146	22.242778	0.564032
6.54	28.54	16.04	16.39	3.05	1.85	20.419139	24.058020	22.241992	0.564027
6.54	28.54	16.04	16.39	3.05	1.85	20.418850	24.056897	22.241209	0.564021
6.55	28.54	16.04	16.39	3.05	1.85	20.418565	24.055776	22.240429	0.564016
6.55	28.54	16.05	16.40	3.05	1.85	20.418285	24.054658	22.239653	0.564010
6.55	28.54	16.05	16.40	3.05	1.85	20.418010	24.053541	22.238881	0.564005
6.56	28.54	16.05	16.41	3.05	1.85	20.417740	24.052428	22.238112	0.563999
6.56	28.54	16.06	16.41	3.05	1.85	20.417474	24.051316	22.237347	0.563994
6.56	28.54	16.06	16.42	3.05	1.85	20.417214	24.050207	22.236585	0.563989
6.56	28.54	16.06	16.42	3.05	1.85	20.416958	24.049100	22.235827	0.563983
6.57	28.54	16.07	16.42	3.05	1.85	20.416706	24.047996	22.235072	0.563978
6.57	28.54	16.07	16.43	3.05	1.85	20.416460	24.046894	22.234321	0.563972
6.57	28.54	16.07	16.43	3.05	1.85	20.416218	24.045794	22.233574	0.563967
6.58	28.54	16.08	16.44	3.05	1.85	20.415981	24.044697	22.232830	0.563961
6.58	28.54	16.08	16.44	3.05	1.85	20.415749	24.043602	22.232089	0.563956
6.58	28.54	16.09	16.45	3.05	1.85	20.415522	24.042510	22.231353	0.563950
6.58	28.54	16.09	16.45	3.05	1.85	20.415299	24.041420	22.230619	0.563945
6.59	28.54	16.09	16.45	3.05	1.85	20.415081	24.040332	22.229890	0.563939
6.59	28.54	16.10	16.46	3.05	1.85	20.414868	24.039247	22.229164	0.563933
6.59	28.54	16.10	16.46	3.05	1.85	20.414660	24.038164	22.228441	0.563928
6.59	28.54	16.10	16.47	3.05	1.85	20.414456	24.037083	22.227722	0.563922
6.60	28.54	16.11	16.47	3.05	1.85	20.414258	24.036005	22.227007	0.563917
6.60	28.54	16.11	16.48	3.05	1.85	20.414064	24.034929	22.226295	0.563911
6.60	28.54	16.11	16.48	3.05	1.85	20.413875	24.033856	22.225587	0.563906
6.61	28.54	16.12	16.49	3.05	1.85	20.413690	24.032785	22.224882	0.563900
6.61	28.54	16.12	16.49	3.05	1.85	20.413511	24.031716	22.224181	0.563894
6.61	28.54	16.13	16.49	3.05	1.85	20.413336	24.030650	22.223483	0.563889
6.61	28.54	16.13	16.50	3.05	1.85	20.413166	24.029586	22.222789	0.563883
6.62	28.54	16.13	16.50	3.05	1.85	20.413001	24.028525	22.222099	0.563877
6.62	28.54	16.14	16.51	3.05	1.85	20.412840	24.027466	22.221412	0.563872
6.62	28.54	16.14	16.51	3.05	1.85	20.412685	24.026409	22.220729	0.563866
6.62	28.54	16.14	16.52	3.05	1.85	20.412534	24.025355	22.220049	0.563861
6.63	28.54	16.15	16.52	3.05	1.85	20.412388	24.024303	22.219373	0.563855
6.63	28.54	16.15	16.53	3.05	1.85	20.412246	24.023254	22.218701	0.563849
6.63	28.54	16.15	16.53	3.05	1.85	20.412110	24.022207	22.218032	0.563843
6.64	28.54	16.16	16.54	3.05	1.85	20.411978	24.021163	22.217366	0.563838
6.64	28.54	16.16	16.54	3.05	1.85	20.411851	24.020120	22.216705	0.563832
6.64	28.54	16.17	16.54	3.05	1.85	20.411729	24.019081	22.216046	0.563826
6.64	28.54	16.17	16.55	3.05	1.85	20.411612	24.018043	22.215392	0.563821
6.65	28.54	16.17	16.55	3.05	1.85	20.411499	24.017008	22.214741	0.563815
6.65	28.54	16.18	16.56	3.05	1.85	20.411391	24.015976	22.214093	0.563809
6.65	28.54	16.18	16.56	3.05	1.85	20.411288	24.014946	22.213450	0.563803
6.66	28.54	16.19	16.57	3.05	1.85	20.411190	24.013918	22.212809	0.563797
6.66	28.54	16.19	16.57	3.05	1.85	20.411097	24.012893	22.212173	0.563792
6.66	28.54	16.19	16.58	3.05	1.85	20.411008	24.011870	22.211540	0.563786
6.66	28.54	16.20	16.58	3.05	1.85	20.410924	24.010849	22.210910	0.563780
6.67	28.54	16.20	16.59	3.05	1.85	20.410845	24.009831	22.210284	0.563774
6.67	28.54	16.20	16.59	3.05	1.85	20.410771	24.008816	22.209662	0.563768
6.67	28.54	16.21	16.60	3.05	1.85	20.410702	24.007803	22.209043	0.563763
6.67	28.54	16.21	16.60	3.05	1.85	20.410637	24.006792	22.208428	0.563757
6.68	28.54	16.22	16.60	3.05	1.85	20.410577	24.005784	22.207817	0.563751
6.68	28.54	16.22	16.61	3.05	1.84	20.410522	24.004778	22.207209	0.563745
6.68	28.54	16.22	16.61	3.05	1.84	20.410472	24.003774	22.206605	0.563739
6.69	28.54	16.23	16.62	3.05	1.84	20.410426	24.002773	22.206004	0.563733
6.69	28.54	16.23	16.62	3.05	1.84	20.410386	24.001775	22.205407	0.563727
6.69	28.54	16.24	16.63	3.05	1.84	20.410350	24.000778	22.204814	0.563722
6.69	28.54	16.24	16.63	3.05	1.84	20.410319	23.999785	22.204224	0.563716
6.70	28.54	16.24	16.64	3.05	1.84	20.410292	23.998793	22.203637	0.563710
6.70	28.54	16.25	16.64	3.05	1.84	20.410271	23.997804	22.203055	0.563704
6.70	28.54	16.25	16.65	3.05	1.84	20.410254	23.996818	22.202476	0.563698
6.71	28.54	16.25	16.65	3.05	1.84	20.410243	23.995834	22.201900	0.563692
6.71	28.54	16.26	16.66	3.05	1.84	20.410235	23.994852	22.201328	0.563686
6.71	28.54	16.26	16.66	3.05	1.84	20.410233	23.993873	22.200760	0.563680
6.71	28.54	16.27	16.67	3.05	1.84	20.410236	23.992897	22.200196	0.563674
6.72	28.54	16.27	16.67	3.05	1.84	20.410243	23.991922	22.199635	0.563668
6.72	28.54	16.27	16.68	3.05	1.84	20.410255	23.990951	22.199077	0.563662
6.72	28.54	16.28	16.68	3.05	1.84	20.410272	23.989981	22.198523	0.563656
6.72	28.54	16.28	16.69	3.05	1.84	20.410294	23.989014	22.197973	0.563650
6.73	28.54	16.29	16.69	3.05	1.84	20.410321	23.988050	22.197427	0.563644
6.73	28.54	16.29	16.70	3.05	1.84	20.410352	23.987088	22.196884	0.563638
6.73	28.54	16.29	16.70	3.05	1.84	20.410388	23.986128	22.196344	0.563632
6.74	28.54	16.30	16.70	3.05	1.84	20.410429	23.985171	22.195809	0.563626
6.74	28.54	16.30	16.71	3.05	1.84	20.410475	23.984217	22.195277	0.563620
6.74	28.54	16.31	16.71	3.05	1.84	20.410526	23.983264	22.194748	0.563614
6.74	28.54	16.31	16.72	3.05	1.84	20.410581	23.982315	22.194223	0.563608
6.75	28.54	16.31	16.72	3.05	1.84	20.410641	23.981367	22.193702	0.563601
6.75	28.54	16.32	16.73	3.05	1.84	20.410706	23.980423	22.193184	0.563595
6.75	28.54	16.32	16.73	3.05	1.84	20.410776	23.979480	22.192670	0.563589
6.76	28.54	16.33	16.74	3.05	1.84	20.410851	23.978540	22.192160	0.563583
6.76	28.54	16.33	16.74	3.05	1.84	20.410930	23.977603	22.191653	0.563577
6.76	28.54	16.34	16.75	3.05	1.84	20.411014	23.976668	22.191150	0.563571
6.76	28.54	16.34	16.75	3.05	1.84	20.411104	23.975735	22.190651	0.563565
6.77	28.54	16.34	16.76	3.05	1.84	20.411197	23.974805	22.190155	0.563559
6.77	28.54	16.35	16.76	3.05	1.84	20.411296	23.973878	22.189662	0.563552
6.77	28.54	16.35	16.77	3.05	1.84	20.411400	23.972953	22.189174	0.563546
6.78	28.54	16.36	16.77	3.05	1.84	20.411508	23.972030	22.188689	0.563540
6.78	28.54	16.36	16.78	3.05	1.84	20.411621	23.971110	22.188207	0.563534
6.78	28.54	16.36	16.78	3.05	1.84	20.411739	23.970192	22.187730	0.563528
6.78	28.54	16.37	16.79	3.05	1.84	20.411862	23.969277	22.187256	0.563521
6.79	28.54	16.37	16.79	3.05	1.84	20.411989	23.968364	22.186785	0.563515
6.79	28.54	16.38	16.80	3.05	1.84	20.412122	23.967454	22.186318	0.563509
6.79	28.54	16.38	16.80	3.05	1.84	20.412259	23.966546	22.185855	0.563503
6.79	28.54	16.39	16.81	3.05	1.84	20.412401	23.965641	22.185396	0.563496
6.80	28.54	16.39	16.81	3.05	1.84	20.412548	23.964738	22.184940	0.563490
6.80	28.54	16.39	16.82	3.05	1.84	20.412700	23.963838	22.184487	0.563484
6.80	28.54	16.40	16.82	3.05	1.84	20.412856	23.962940	22.184039	0.563478
6.81	28.54	16.40	16.83	3.05	1.84	20.413017	23.962044	22.183594	0.563471
6.81	28.54	16.41	16.83	3.05	1.84	20.413183	23.961151	22.183152	0.563465
6.81	28.54	16.41	16.84	3.05	1.84	20.413354	23.960261	22.182715	0.563459
6.81	28.54	16.41	16.84	3.05	1.84	20.413530	23.959373	22.182280	0.563452
6.82	28.54	16.42	16.85	3.05	1.84	20.413711	23.958487	22.181850	0.563446
6.82	28.54	16.42	16.85	3.05	1.84	20.413896	23.957604	22.181423	0.563440
6.82	28.54	16.43	16.86	3.05	1.84	20.414086	23.956724	22.181000	0.563433
6.83	28.54	16.43	16.86	3.05	1.84	20.414281	23.955846	22.180580	0.563427
6.83	28.54	16.44	16.87	3.05	1.84	20.414481	23.954970	22.180165	0.563420
6.83	28.54	16.44	16.87	3.05	1.84	20.414686	23.954097	22.179752	0.563414
6.83	28.54	16.44	16.88	3.05	1.84	20.414895	23.953227	22.179344	0.563408
6.84	28.54	16.45	16.88	3.05	1.84	20.415109	23.952359	22.178939	0.563401
6.84	28.54	16.45	16.89	3.05	1.84	20.415328	23.951493	22.178538	0.563395
6.84	28.54	16.46	16.89	3.05	1.84	20.415552	23.950630	22.178140	0.563388
6.84	28.54	16.46	16.90	3.05	1.84	20.415781	23.949770	22.177746	0.563382
6.85	28.54	16.47	16.90	3.05	1.84	20.416015	23.948912	22.177355	0.563376
6.85	28.54	16.47	16.91	3.05	1.84	20.416253	23.948056	22.176969	0.563369
6.85	28.54	16.47	16.91	3.05	1.84	20.416496	23.947203	22.176586	0.563363
6.86	28.54	16.48	16.92	3.05	1.84	20.416744	23.946352	22.176206	0.563356
6.86	28.54	16.48	16.92	3.05	1.84	20.416997	23.945504	22.175831	0.563350
6.86	28.54	16.49	16.93	3.05	1.84	20.417255	23.944659	22.175458	0.563343
6.86	28.54	16.49	16.93	3.05	1.84	20.417517	23.943816	22.175090	0.563337
6.87	28.54	16.50	16.94	3.05	1.84	20.417785	23.942975	22.174725	0.563330
6.87	28.54	16.50	16.95	3.05	1.84	20.418057	23.942137	22.174364	0.563324
6.87	28.54	16.51	16.95	3.05	1.83	20.418334	23.941302	22.174007	0.563317
6.88	28.54	16.51	16.96	3.05	1.83	20.418616	23.940469	22.173653	0.563311
6.88	28.54	16.51	16.96	3.05	1.83	20.418902	23.939638	22.173303	0.563304
6.88	28.54	16.52	16.97	3.05	1.83	20.419194	23.938810	22.172956	0.563297
6.88	28.54	16.52	16.97	3.05	1.83	20.419490	23.937985	22.172613	0.563291
6.89	28.54	16.53	16.98	3.05	1.83	20.419791	23.937162	22.172274	0.563284
6.89	28.54	16.53	16.98	3.05	1.83	20.420097	23.936341	22.171939	0.563278
6.89	28.54	16.54	16.99	3.05	1.83	20.420408	23.935523	22.171607	0.563271
6.89	28.54	16.54	16.99	3.05	1.83	20.420723	23.934708	22.171279	0.563265
6.90	28.54	16.55	17.00	3.05	1.83	20.421044	23.933895	22.170954	0.563258
6.90	28.54	16.55	17.00	3.05	1.83	20.421369	23.933085	22.170633	0.563251
6.90	28.54	16.55	17.01	3.05	1.83	20.421699	23.932277	22.170316	0.563245
6.91	28.54	16.56	17.01	3.05	1.83	20.422034	23.931471	22.170002	0.563238
6.91	28.54	16.56	17.02	3.05	1.83	20.422374	23.930669	22.169693	0.563231
6.91	28.54	16.57	17.02	3.05	1.83	20.422718	23.929868	22.169386	0.563225
6.91	28.54	16.57	17.03	3.05	1.83	20.423067	23.929071	22.169084	0.563218
6.92	28.54	16.58	17.03	3.05	1.83	20.423422	23.928275	22.168785	0.563211
6.92	28.54	16.58	17.04	3.05	1.83	20.423781	23.927483	22.168490	0.563205
6.92	28.54	16.59	17.05	3.05	1.83	20.424145	23.926692	22.168198	0.563198
6.92	28.54	16.59	17.05	3.05	1.83	20.424513	23.925905	22.167910	0.563191
6.93	28.54	16.60	17.06	3.05	1.83	20.424887	23.925120	22.167626	0.563184
6.93	28.54	16.60	17.06	3.05	1.83	20.425265	23.924337	22.167346	0.563178
6.93	28.54	16.60	17.07	3.05	1.83	20.425648	23.923557	22.167069	0.563171
6.94	28.54	16.61	17.07	3.05	1.83	20.426036	23.922779	22.166796	0.563164
6.94	28.54	16.61	17.08	3.05	1.83	20.426429	23.922004	22.166526	0.563157
6.94	28.54	16.62	17.08	3.05	1.83	20.426827	23.921232	22.166260	0.563151
6.94	28.54	16.62	17.09	3.05	1.83	20.427229	23.920462	22.165998	0.563144
6.95	28.54	16.63	17.09	3.05	1.83	20.427636	23.919695	22.165740	0.563137
6.95	28.54	16.63	17.10	3.05	1.83	20.428049	23.918930	22.165485	0.563130
6.95	28.54	16.64	17.10	3.05	1.83	20.428466	23.918167	22.165234	0.563123
6.96	28.54	16.64	17.11	3.05	1.83	20.428887	23.917408	22.164986	0.563117
6.96	28.54	16.65	17.12	3.05	1.83	20.429314	23.916650	22.164743	0.563110
6.96	28.54	16.65	17.12	3.05	1.83	20.429746	23.915896	22.164503	0.563103
6.96	28.54	16.66	17.13	3.05	1.83	20.430182	23.915144	22.164266	0.563096
6.97	28.54	16.66	17.13	3.05	1.83	20.430623	23.914394	22.164033	0.563089
6.97	28.54	16.66	17.14	3.05	1.83	20.431069	23.913647	22.163804	0.563082
6.97	28.54	16.67	17.14	3.05	1.83	20.431520	23.912902	22.163579	0.563075
6.97	28.54	16.67	17.15	3.05	1.83	20.431975	23.912160	22.163357	0.563068
6.98	28.54	16.68	17.15	3.05	1.83	20.432436	23.911421	22.163139	0.563062
6.98	28.54	16.68	17.16	3.05	1.83	20.432901	23.910684	22.162925	0.563055
6.98	28.54	16.69	17.16	3.05	1.83	20.433371	23.909950	22.162714	0.563048
6.99	28.54	16.69	17.17	3.05	1.83	20.433846	23.909218	22.162507	0.563041
6.99	28.54	16.70	17.18	3.05	1.83	20.434326	23.908489	22.162304	0.563034
6.99	28.54	16.70	17.18	3.05	1.83	20.434811	23.907762	22.162105	0.563027
6.99	28.54	16.71	17.19	3.05	1.83	20.435300	23.907038	22.161909	0.563020
7.00	28.54	16.71	17.19	3.05	1.83	20.435794	23.906317	22.161716	0.563013
7.00	28.54	16.72	17.20	3.05	1.83	20.436293	23.905598	22.161528	0.563006
7.00	28.54	16.72	17.20	3.05	1.83	20.436797	23.904881	22.161343	0.562999
7.01	28.54	16.73	17.21	3.05	1.83	20.437306	23.904167	22.161162	0.562992
7.01	28.54	16.73	17.21	3.05	1.83	20.437820	23.903456	22.160985	0.562985
7.01	28.54	16.74	17.22	3.05	1.83	20.438338	23.902747	22.160811	0.562978
7.01	28.54	16.74	17.23	3.05	1.83	20.438861	23.902041	22.160641	0.562971
7.02	28.54	16.75	17.23	3.05	1.83	20.439390	23.901337	22.160474	0.562964
7.02	28.54	16.75	17.24	3.05	1.83	20.439923	23.900636	22.160312	0.562957
7.02	28.54	16.75	17.24	3.05	1.83	20.440460	23.899938	22.160153	0.562950
7.03	28.54	16.76	17.25	3.05	1.83	20.441003	23.899242	22.159997	0.562942
7.03	28.54	16.76	17.25	3.05	1.83	20.441550	23.898548	22.159846	0.562935
7.03	28.54	16.77	17.26	3.05	1.83	20.442103	23.897857	22.159698	0.562928
7.03	28.54	16.77	17.26	3.05	1.83	20.442660	23.897169	22.159554	0.562921
7.04	28.54	16.78	17.27	3.05	1.82	20.443222	23.896484	22.159413	0.562914
7.04	28.54	16.78	17.28	3.05	1.82	20.443789	23.895800	22.159276	0.562907
7.04	28.54	16.79	17.28	3.05	1.82	20.444360	23.895120	22.159143	0.562900
7.04	28.54	16.79	17.29	3.05	1.82	20.444937	23.894442	22.159014	0.562893
7.05	28.54	16.80	17.29	3.05	1.82	20.445518	23.893766	22.158888	0.562885
7.05	28.54	16.80	17.30	3.05	1.82	20.446104	23.893094	22.158766	0.562878
7.05	28.54	16.81	17.30	3.05	1.82	20.446695	23.892423	22.158648	0.562871
7.06	28.54	16.81	17.31	3.05	1.82	20.447291	23.891756	22.158533	0.562864
7.06	28.54	16.82	17.32	3.05	1.82	20.447891	23.891091	22.158422	0.562857
7.06	28.54	16.82	17.32	3.05	1.82	20.448497	23.890428	22.158315	0.562849
7.06	28.54	16.83	17.33	3.05	1.82	20.449107	23.889768	22.158211	0.562842
7.07	28.54	16.83	17.33	3.05	1.82	20.449722	23.889111	22.158111	0.562835
7.07	28.54	16.84	17.34	3.05	1.82	20.450342	23.888456	22.158015	0.562828
7.07	28.54	16.84	17.34	3.05	1.82	20.450967	23.887804	22.157923	0.562821
7.08	28.54	16.85	17.35	3.05	1.82	20.451597	23.887154	22.157834	0.562813
7.08	28.54	16.85	17.36	3.05	1.82	20.452231	23.886507	22.157749	0.562806
7.08	28.54	16.86	17.36	3.05	1.82	20.452871	23.885863	22.157668	0.562799
7.08	28.54	16.86	17.37	3.05	1.82	20.453515	23.885221	22.157590	0.562791
7.09	28.54	16.87	17.37	3.05	1.82	20.454164	23.884581	22.157516	0.562784
7.09	28.54	16.87	17.38	3.05	1.82	20.454817	23.883945	22.157446	0.562777
7.09	28.54	16.88	17.38	3.05	1.82	20.455476	23.883311	22.157379	0.562769
7.09	28.54	16.88	17.39	3.05	1.82	20.456140	23.882679	22.157317	0.562762
7.10	28.54	16.89	17.40	3.05	1.82	20.456808	23.882050	22.157258	0.562755
7.10	28.54	16.89	17.40	3.05	1.82	20.457481	23.881424	22.157202	0.562747
7.10	28.54	16.90	17.41	3.05	1.82	20.458159	23.880800	22.157151	0.562740
7.11	28.54	16.90	17.41	3.05	1.82	20.458842	23.880179	22.157103	0.562733
7.11	28.54	16.91	17.42	3.05	1.82	20.459530	23.879560	22.157058	0.562725
7.11	28.54	16.91	17.43	3.05	1.82	20.460222	23.878944	22.157018	0.562718
7.11	28.54	16.92	17.43	3.05	1.82	20.460919	23.878331	22.156981	0.562710
7.12	28.54	16.92	17.44	3.05	1.82	20.461622	23.877720	22.156948	0.562703
7.12	28.54	16.93	17.44	3.05	1.82	20.462329	23.877112	22.156918	0.562696
7.12	28.54	16.93	17.45	3.05	1.82	20.463040	23.876506	22.156893	0.562688
7.12	28.54	16.94	17.45	3.05	1.82	20.463757	23.875903	22.156871	0.562681
7.13	28.54	16.94	17.46	3.05	1.82	20.464479	23.875303	22.156852	0.562673
7.13	28.54	16.95	17.47	3.05	1.82	20.465205	23.874705	22.156838	0.562666
7.13	28.54	16.95	17.47	3.05	1.82	20.465936	23.874110	22.156827	0.562658
7.14	28.54	16.96	17.48	3.05	1.82	20.466672	23.873517	22.156820	0.562651
7.14	28.54	16.96	17.48	3.05	1.82	20.467413	23.872927	22.156816	0.562643
7.14	28.54	16.97	17.49	3.05	1.82	20.468159	23.872340	22.156817	0.562636
7.14	28.54	16.97	17.50	3.05	1.82	20.468909	23.871755	22.156821	0.562628
7.15	28.54	16.98	17.50	3.05	1.82	20.469665	23.871173	22.156829	0.562621
7.15	28.54	16.98	17.51	3.05	1.82	20.470425	23.870593	22.156840	0.562613
7.15	28.54	16.99	17.51	3.05	1.82	20.471190	23.870016	22.156855	0.562606
7.16	28.54	16.99	17.52	3.05	1.82	20.471960	23.869442	22.156874	0.562598
7.16	28.54	17.00	17.53	3.05	1.82	20.472734	23.868870	22.156897	0.562591
7.16	28.54	17.00	17.53	3.05	1.82	20.473514	23.868301	22.156923	0.562583
7.16	28.54	17.01	17.54	3.05	1.82	20.474298	23.867735	22.156953	0.562575
7.17	28.54	17.02	17.54	3.05	1.82	20.475087	23.867171	22.156987	0.562568
7.17	28.54	17.02	17.55	3.05	1.82	20.475881	23.866609	22.157024	0.562560
7.17	28.54	17.03	17.56	3.05	1.82	20.476680	23.866051	22.157065	0.562552
7.17	28.54	17.03	17.56	3.05	1.82	20.477484	23.865494	22.157110	0.562545
7.18	28.54	17.04	17.57	3.05	1.82	20.478292	23.864941	22.157159	0.562537
7.18	28.54	17.04	17.57	3.05	1.82	20.479106	23.864390	22.157211	0.562530
7.18	28.54	17.05	17.58	3.05	1.81	20.479924	23.863842	22.157267	0.562522
7.19	28.54	17.05	17.59	3.05	1.81	20.480747	23.863296	22.157327	0.562514
7.19	28.54	17.06	17.59	3.05	1.81	20.481575	23.862753	22.157391	0.562507
7.19	28.54	17.06	17.60	3.05	1.81	20.482408	23.862213	22.157458	0.562499
7.19	28.54	17.07	17.60	3.05	1.81	20.483245	23.861675	22.157529	0.562491
7.20	28.54	17.07	17.61	3.05	1.81	20.484088	23.861140	22.157603	0.562483
7.20	28.54	17.08	17.62	3.05	1.81	20.484935	23.860607	22.157682	0.562476
7.20	28.54	17.08	17.62	3.05	1.81	20.485787	23.860077	22.157764	0.562468
7.21	28.54	17.09	17.63	3.05	1.81	20.486644	23.859550	22.157850	0.562460
7.21	28.54	17.09	17.63	3.05	1.81	20.487505	23.859025	22.157939	0.562452
7.21	28.54	17.10	17.64	3.05	1.81	20.488372	23.858503	22.158033	0.562445
7.21	28.54	17.10	17.65	3.05	1.81	20.489243	23.857984	22.158130	0.562437
7.22	28.54	17.11	17.65	3.05	1.81	20.490119	23.857467	22.158231	0.562429
7.22	28.54	17.12	17.66	3.05	1.81	20.491000	23.856953	22.158335	0.562421
7.22	28.54	17.12	17.66	3.05	1.81	20.491886	23.856441	22.158443	0.562413
7.22	28.54	17.13	17.67	3.05	1.81	20.492777	23.855932	22.158555	0.562406
7.23	28.54	17.13	17.68	3.05	1.81	20.493672	23.855426	22.158671	0.562398
7.23	28.54	17.14	17.68	3.05	1.81	20.494573	23.854922	22.158790	0.562390
7.23	28.54	17.14	17.69	3.05	1.81	20.495478	23.854421	22.158913	0.562382
7.24	28.54	17.15	17.69	3.05	1.81	20.496388	23.853923	22.159040	0.562374
7.24	28.54	17.15	17.70	3.05	1.81	20.497303	23.853427	22.159171	0.562366
7.24	28.54	17.16	17.71	3.05	1.81	20.498222	23.852934	22.159305	0.562358
7.24	28.54	17.16	17.71	3.05	1.81	20.499147	23.852444	22.159443	0.562350
7.25	28.54	17.17	17.72	3.05	1.81	20.500076	23.851956	22.159585	0.562343
7.25	28.54	17.17	17.73	3.05	1.81	20.501010	23.851470	22.159730	0.562335
7.25	28.54	17.18	17.73	3.05	1.81	20.501949	23.850988	22.159880	0.562327
7.26	28.54	17.19	17.74	3.05	1.81	20.502893	23.850508	22.160033	0.562319
7.26	28.54	17.19	17.74	3.05	1.81	20.503842	23.850031	22.160189	0.562311
7.26	28.54	17.20	17.75	3.05	1.81	20.504795	23.849556	22.160350	0.562303
7.26	28.54	17.20	17.76	3.05	1.81	20.505754	23.849084	22.160514	0.562295
7.27	28.54	17.21	17.76	3.05	1.81	20.506717	23.848614	22.160682	0.562287
7.27	28.54	17.21	17.77	3.05	1.81	20.507685	23.848148	22.160853	0.562279
7.27	28.54	17.22	17.78	3.05	1.81	20.508658	23.847683	22.161029	0.562271
7.28	28.54	17.22	17.78	3.05	1.81	20.509635	23.847222	22.161208	0.562263
7.28	28.54	17.23	17.79	3.05	1.81	20.510618	23.846763	22.161391	0.562255
7.28	28.54	17.23	17.79	3.05	1.81	20.511605	23.846307	22.161577	0.562247
7.28	28.54	17.24	17.80	3.05	1.81	20.512597	23.845853	22.161768	0.562239
7.29	28.54	17.25	17.81	3.05	1.81	20.513594	23.845402	22.161962	0.562231
7.29	28.54	17.25	17.81	3.05	1.81	20.514596	23.844954	22.162159	0.562223
7.29	28.54	17.26	17.82	3.05	1.81	20.515602	23.844509	22.162361	0.562215
7.29	28.54	17.26	17.83	3.05	1.81	20.516614	23.844066	22.162566	0.562206
7.30	28.54	17.27	17.83	3.05	1.81	20.517630	23.843625	22.162775	0.562198
7.30	28.54	17.27	17.84	3.05	1.81	20.518651	23.843188	22.162988	0.562190
7.30	28.54	17.28	17.84	3.05	1.81	20.519677	23.842752	22.163204	0.562182
7.31	28.54	17.28	17.85	3.05	1.81	20.520708	23.842320	22.163424	0.562174
7.31	28.54	17.29	17.86	3.05	1.81	20.521743	23.841890	22.163648	0.562166
7.31	28.54	17.30	17.86	3.05	1.81	20.522783	23.841463	22.163876	0.562158
7.31	28.54	17.30	17.87	3.05	1.81	20.523829	23.841039	22.164107	0.562149
7.32	28.54	17.31	17.88	3.05	1.80	20.524879	23.840617	22.164343	0.562141
7.32	28.54	17.31	17.88	3.05	1.80	20.525933	23.840198	22.164581	0.562133
7.32	28.54	17.32	17.89	3.05	1.80	20.526993	23.839781	22.164824	0.562125
7.33	28.54	17.32	17.90	3.05	1.80	20.528058	23.839368	22.165070	0.562117
7.33	28.54	17.33	17.90	3.05	1.80	20.529127	23.838956	22.165320	0.562108
7.33	28.54	17.33	17.91	3.05	1.80	20.530201	23.838548	22.165574	0.562100
7.33	28.54	17.34	17.91	3.05	1.80	20.531280	23.838142	22.165832	0.562092
7.34	28.54	17.35	17.92	3.05	1.80	20.532364	23.837739	22.166093	0.562084
7.34	28.54	17.35	17.93	3.05	1.80	20.533452	23.837338	22.166358	0.562075
7.34	28.54	17.36	17.93	3.05	1.80	20.534546	23.836940	22.166627	0.562067
7.34	28.54	17.36	17.94	3.05	1.80	20.535644	23.836545	22.166900	0.562059
7.35	28.54	17.37	17.95	3.05	1.80	20.536747	23.836153	22.167176	0.562051
7.35	28.54	17.37	17.95	3.05	1.80	20.537855	23.835763	22.167456	0.562042
7.35	28.54	17.38	17.96	3.05	1.80	20.538968	23.835376	22.167740	0.562034
7.36	28.54	17.39	17.97	3.05	1.80	20.540085	23.834991	22.168027	0.562026
7.36	28.54	17.39	17.97	3.05	1.80	20.541207	23.834609	22.168318	0.562017
7.36	28.54	17.40	17.98	3.05	1.80	20.542335	23.834230	22.168613	0.562009
7.36	28.54	17.40	17.98	3.05	1.80	20.543467	23.833853	22.168912	0.562001
7.37	28.54	17.41	17.99	3.05	1.80	20.544603	23.833479	22.169214	0.561992
7.37	28.54	17.41	18.00	3.05	1.80	20.545745	23.833108	22.169521	0.561984
7.37	28.54	17.42	18.00	3.05	1.80	20.546891	23.832739	22.169831	0.561975
7.38	28.54	17.43	18.01	3.05	1.80	20.548043	23.832374	22.170144	0.561967
7.38	28.54	17.43	18.02	3.05	1.80	20.549199	23.832010	22.170462	0.561959
7.38	28.54	17.44	18.02	3.05	1.80	20.550360	23.831650	22.170783	0.561950
7.38	28.54	17.44	18.03	3.05	1.80	20.551525	23.831292	22.171108	0.561942
7.39	28.54	17.45	18.04	3.05	1.80	20.552696	23.830937	22.171437	0.561933
7.39	28.54	17.45	18.04	3.05	1.80	20.553871	23.830584	22.171769	0.561925
7.39	28.54	17.46	18.05	3.05	1.80	20.555051	23.830234	22.172105	0.561916
7.39	28.54	17.47	18.06	3.05	1.80	20.556236	23.829887	22.172445	0.561908
7.40	28.54	17.47	18.06	3.05	1.80	20.557426	23.829542	22.172789	0.561899
7.40	28.54	17.48	18.07	3.05	1.80	20.558621	23.829200	22.173136	0.561891
7.40	28.54	17.48	18.08	3.05	1.80	20.559820	23.828861	22.173487	0.561882
7.41	28.54	17.49	18.08	3.05	1.80	20.561024	23.828525	22.173842	0.561874
7.41	28.54	17.50	18.09	3.05	1.80	20.562233	23.828191	22.174201	0.561865
7.41	28.54	17.50	18.10	3.05	1.80	20.563447	23.827860	22.174563	0.561857
7.41	28.54	17.51	18.10	3.05	1.80	20.564666	23.827531	22.174929	0.561848
7.42	28.54	17.51	18.11	3.05	1.80	20.565889	23.827205	22.175299	0.561840
7.42	28.54	17.52	18.12	3.05	1.80	20.567118	23.826882	22.175673	0.561831
7.42	28.54	17.52	18.12	3.05	1.80	20.568351	23.826562	22.176050	0.561822
7.42	28.54	17.53	18.13	3.05	1.80	20.569589	23.826244	22.176431	0.561814
7.43	28.54	17.54	18.14	3.05	1.80	20.570831	23.825929	22.176816	0.561805
7.43	28.54	17.54	18.14	3.05	1.80	20.572079	23.825616	22.177205	0.561796
7.43	28.54	17.55	18.15	3.05	1.80	20.573331	23.825306	22.177597	0.561788
7.44	28.54	17.55	18.16	3.05	1.80	20.574588	23.824999	22.177993	0.561779
7.44	28.54	17.56	18.16	3.05	1.79	20.575850	23.824695	22.178393	0.561770
7.44	28.54	17.57	18.17	3.05	1.79	20.577117	23.824393	22.178796	0.561762
7.44	28.54	17.57	18.18	3.05	1.79	20.578389	23.824094	22.179204	0.561753
7.45	28.54	17.58	18.18	3.05	1.79	20.579665	23.823798	22.179615	0.561744
7.45	28.54	17.58	18.19	3.05	1.79	20.580946	23.823504	22.180030	0.561736
7.45	28.54	17.59	18.20	3.05	1.79	20.582232	23.823213	22.180448	0.561727
7.46	28.54	17.60	18.20	3.05	1.79	20.583523	23.822925	22.180871	0.561718
7.46	28.54	17.60	18.21	3.05	1.79	20.584819	23.822639	22.181297	0.561710
7.46	28.54	17.61	18.22	3.05	1.79	20.586119	23.822356	22.181726	0.561701
7.46	28.54	17.61	18.22	3.05	1.79	20.587424	23.822076	22.182160	0.561692
7.47	28.54	17.62	18.23	3.05	1.79	20.588734	23.821798	22.182597	0.561683
7.47	28.54	17.63	18.24	3.05	1.79	20.590049	23.821524	22.183038	0.561674
7.47	28.54	17.63	18.24	3.05	1.79	20.591369	23.821251	22.183483	0.561666
7.47	28.54	17.64	18.25	3.05	1.79	20.592693	23.820982	22.183932	0.561657
7.48	28.54	17.64	18.26	3.05	1.79	20.594022	23.820715	22.184384	0.561648
7.48	28.54	17.65	18.26	3.05	1.79	20.595357	23.820451	22.184840	0.561639
7.48	28.54	17.66	18.27	3.05	1.79	20.596695	23.820190	22.185300	0.561630
7.49	28.54	17.66	18.28	3.05	1.79	20.598039	23.819931	22.185764	0.561621
7.49	28.54	17.67	18.28	3.05	1.79	20.599387	23.819675	22.186231	0.561613
7.49	28.54	17.67	18.29	3.05	1.79	20.600741	23.819421	22.186702	0.561604
7.49	28.54	17.68	18.30	3.05	1.79	20.602099	23.819171	22.187177	0.561595
7.50	28.54	17.69	18.30	3.05	1.79	20.603462	23.818923	22.187655	0.561586
7.50	28.54	17.69	18.31	3.05	1.79	20.604829	23.818678	22.188138	0.561577
7.50	28.54	17.70	18.32	3.05	1.79	20.606202	23.818435	22.188624	0.561568
7.51	28.54	17.70	18.32	3.05	1.79	20.607579	23.818195	22.189114	0.561559
7.51	28.54	17.71	18.33	3.05	1.79	20.608961	23.817958	22.189607	0.561550
7.51	28.54	17.72	18.34	3.05	1.79	20.610348	23.817723	22.190104	0.561541
7.51	28.54	17.72	18.34	3.05	1.79	20.611739	23.817492	22.190605	0.561532
7.52	28.54	17.73	18.35	3.05	1.79	20.613136	23.817263	22.191110	0.561523
7.52	28.54	17.73	18.36	3.05	1.79	20.614537	23.817036	22.191619	0.561514
7.52	28.54	17.74	18.36	3.05	1.79	20.615943	23.816812	22.192131	0.561505
7.53	28.54	17.75	18.37	3.05	1.79	20.617354	23.816591	22.192647	0.561496
7.53	28.54	17.75	18.38	3.05	1.79	20.618769	23.816373	22.193167	0.561487
7.53	28.54	17.76	18.38	3.05	1.79	20.620190	23.816158	22.193691	0.561478
7.53	28.54	17.76	18.39	3.05	1.79	20.621615	23.815945	22.194218	0.561469
7.54	28.54	17.77	18.40	3.05	1.79	20.623045	23.815734	22.194749	0.561460
7.54	28.54	17.78	18.41	3.05	1.79	20.624480	23.815527	22.195284	0.561451
7.54	28.54	17.78	18.41	3.05	1.79	20.625919	23.815322	22.195822	0.561442
7.54	28.54	17.79	18.42	3.05	1.79	20.627364	23.815120	22.196365	0.561433
7.55	28.54	17.80	18.43	3.05	1.79	20.628813	23.814921	22.196911	0.561424
7.55	28.54	17.80	18.43	3.05	1.79	20.630267	23.814724	22.197461	0.561415
7.55	28.54	17.81	18.44	3.05	1.78	20.631725	23.814530	22.198014	0.561405
7.56	28.54	17.81	18.45	3.05	1.78	20.633189	23.814339	22.198571	0.561396
7.56	28.54	17.82	18.45	3.05	1.78	20.634657	23.814150	22.199133	0.561387
7.56	28.54	17.83	18.46	3.05	1.78	20.636130	23.813964	22.199697	0.561378
7.56	28.54	17.83	18.47	3.05	1.78	20.637608	23.813781	22.200266	0.561369
7.57	28.54	17.84	18.47	3.05	1.78	20.639091	23.813601	22.200838	0.561360
7.57	28.54	17.84	18.48	3.05	1.78	20.640578	23.813423	22.201414	0.561350
7.57	28.54	17.85	18.49	3.05	1.78	20.642070	23.813248	22.201994	0.561341
7.58	28.54	17.86	18.50	3.05	1.78	20.643567	23.813076	22.202578	0.561332
7.58	28.54	17.86	18.50	3.05	1.78	20.645069	23.812906	22.203165	0.561323
7.58	28.54	17.87	18.51	3.05	1.78	20.646576	23.812739	22.203756	0.561313
7.58	28.54	17.88	18.52	3.05	1.78	20.648087	23.812575	22.204351	0.561304
7.59	28.54	17.88	18.52	3.05	1.78	20.649603	23.812414	22.204950	0.561295
7.59	28.54	17.89	18.53	3.05	1.78	20.651124	23.812255	22.205552	0.561286
7.59	28.54	17.89	18.54	3.05	1.78	20.652650	23.812099	22.206158	0.561276
7.59	28.54	17.90	18.54	3.05	1.78	20.654180	23.811945	22.206768	0.561267
7.60	28.54	17.91	18.55	3.05	1.78	20.655716	23.811795	22.207381	0.561258
7.60	28.54	17.91	18.56	3.05	1.78	20.657256	23.811647	22.207999	0.561248
7.60	28.54	17.92	18.57	3.05	1.78	20.658800	23.811502	22.208620	0.561239
7.61	28.54	17.93	18.57	3.05	1.78	20.660350	23.811359	22.209245	0.561230
7.61	28.54	17.93	18.58	3.05	1.78	20.661904	23.811219	22.209873	0.561220
7.61	28.54	17.94	18.59	3.05	1.78	20.663464	23.811082	22.210506	0.561211
7.61	28.54	17.95	18.59	3.05	1.78	20.665027	23.810948	22.211142	0.561201
7.62	28.54	17.95	18.60	3.05	1.78	20.666596	23.810816	22.211782	0.561192
7.62	28.54	17.96	18.61	3.05	1.78	20.668170	23.810687	22.212425	0.561183
7.62	28.54	17.96	18.62	3.05	1.78	20.669748	23.810561	22.213073	0.561173
7.62	28.54	17.97	18.62	3.05	1.78	20.671331	23.810438	22.213724	0.561164
7.63	28.54	17.98	18.63	3.05	1.78	20.672919	23.810317	22.214379	0.561154
7.63	28.54	17.98	18.64	3.05	1.78	20.674511	23.810199	22.215037	0.561145
7.63	28.54	17.99	18.64	3.05	1.78	20.676109	23.810084	22.215699	0.561135
7.64	28.54	18.00	18.65	3.05	1.78	20.677711	23.809971	22.216366	0.561126
7.64	28.54	18.00	18.66	3.05	1.78	20.679317	23.809861	22.217035	0.561116
7.64	28.54	18.01	18.66	3.05	1.78	20.680929	23.809754	22.217709	0.561107
7.64	28.54	18.02	18.67	3.05	1.78	20.682546	23.809650	22.218386	0.561097
7.65	28.54	18.02	18.68	3.05	1.78	20.684167	23.809548	22.219067	0.561088
7.65	28.54	18.03	18.69	3.05	1.78	20.685793	23.809449	22.219752	0.561078
7.65	28.54	18.03	18.69	3.05	1.78	20.687423	23.809352	22.220441	0.561069
7.66	28.54	18.04	18.70	3.05	1.78	20.689059	23.809259	22.221133	0.561059
7.66	28.54	18.05	18.71	3.05	1.78	20.690699	23.809168	22.221829	0.561049
7.66	28.54	18.05	18.71	3.05	1.77	20.692344	23.809080	22.222529	0.561040
7.66	28.54	18.06	18.72	3.05	1.77	20.693994	23.808995	22.223233	0.561030
7.67	28.54	18.07	18.73	3.05	1.77	20.695648	23.808912	22.223940	0.561021
7.67	28.54	18.07	18.74	3.05	1.77	20.697308	23.808832	22.224651	0.561011
7.67	28.54	18.08	18.74	3.05	1.77	20.698972	23.808755	22.225366	0.561001
7.67	28.54	18.09	18.75	3.05	1.77	20.700640	23.808680	22.226085	0.560992
7.68	28.54	18.09	18.76	3.05	1.77	20.702314	23.808608	22.226807	0.560982
7.68	28.54	18.10	18.77	3.05	1.77	20.703992	23.808539	22.227533	0.560972
7.68	28.54	18.11	18.77	3.05	1.77	20.705675	23.808473	22.228263	0.560963
7.69	28.54	18.11	18.78	3.05	1.77	20.707363	23.808409	22.228997	0.560953
7.69	28.54	18.12	18.79	3.05	1.77	20.709056	23.808349	22.229734	0.560943
7.69	28.54	18.13	18.79	3.05	1.77	20.710753	23.808290	22.230475	0.560934
7.69	28.54	18.13	18.80	3.05	1.77	20.712455	23.808235	22.231220	0.560924
7.70	28.54	18.14	18.81	3.05	1.77	20.714162	23.808182	22.231969	0.560914
7.70	28.54	18.14	18.82	3.05	1.77	20.715874	23.808132	22.232721	0.560904
7.70	28.54	18.15	18.82	3.05	1.77	20.717590	23.808085	22.233477	0.560894
7.71	28.54	18.16	18.83	3.05	1.77	20.719311	23.808041	22.234237	0.560885
7.71	28.54	18.16	18.84	3.05	1.77	20.721037	23.807999	22.235000	0.560875
7.71	28.54	18.17	18.84	3.05	1.77	20.722768	23.807960	22.235768	0.560865
7.71	28.54	18.18	18.85	3.05	1.77	20.724503	23.807924	22.236539	0.560855
7.72	28.54	18.18	18.86	3.05	1.77	20.726243	23.807890	22.237314	0.560845
7.72	28.54	18.19	18.87	3.05	1.77	20.727988	23.807859	22.238092	0.560836
7.72	28.54	18.20	18.87	3.05	1.77	20.729738	23.807831	22.238875	0.560826
7.72	28.54	18.20	18.88	3.05	1.77	20.731492	23.807806	22.239661	0.560816
7.73	28.54	18.21	18.89	3.05	1.77	20.733251	23.807783	22.240450	0.560806
7.73	28.54	18.22	18.90	3.05	1.77	20.735015	23.807763	22.241244	0.560796
7.73	28.54	18.22	18.90	3.05	1.77	20.736783	23.807746	22.242041	0.560786
7.74	28.54	18.23	18.91	3.05	1.77	20.738557	23.807731	22.242842	0.560776
7.74	28.54	18.24	18.92	3.05	1.77	20.740335	23.807720	22.243647	0.560766
7.74	28.54	18.24	18.93	3.05	1.77	20.742118	23.807711	22.244456	0.560756
7.74	28.54	18.25	18.93	3.05	1.77	20.743905	23.807704	22.245268	0.560746
7.75	28.54	18.26	18.94	3.05	1.77	20.745698	23.807701	22.246084	0.560736
7.75	28.54	18.26	18.95	3.05	1.77	20.747495	23.807700	22.246904	0.560726
7.75	28.54	18.27	18.95	3.05	1.77	20.749296	23.807702	22.247727	0.560716
7.76	28.54	18.28	18.96	3.05	1.77	20.751103	23.807707	22.248555	0.560706
7.76	28.54	18.28	18.97	3.05	1.77	20.752914	23.807714	22.249386	0.560696
7.76	28.54	18.29	18.98	3.05	1.76	20.754730	23.807724	22.250221	0.560686
7.76	28.54	18.30	18.98	3.05	1.76	20.756551	23.807737	22.251059	0.560676
7.77	28.54	18.30	18.99	3.05	1.76	20.758376	23.807753	22.251901	0.560666
7.77	28.54	18.31	19.00	3.05	1.76	20.760207	23.807771	22.252747	0.560656
7.77	28.54	18.32	19.01	3.05	1.76	20.762042	23.807792	22.253597	0.560646
7.78	28.54	18.32	19.01	3.05	1.76	20.763881	23.807816	22.254451	0.560636
7.78	28.54	18.33	19.02	3.05	1.76	20.765726	23.807843	22.255308	0.560626
7.78	28.54	18.34	19.03	3.05	1.76	20.767575	23.807872	22.256169	0.560616
7.78	28.54	18.34	19.04	3.05	1.76	20.769429	23.807904	22.257033	0.560605
7.79	28.54	18.35	19.04	3.05	1.76	20.771287	23.807939	22.257902	0.560595
7.79	28.54	18.36	19.05	3.05	1.76	20.773150	23.807977	22.258774	0.560585
7.79	28.54	18.36	19.06	3.05	1.76	20.775018	23.808017	22.259650	0.560575
7.79	28.54	18.37	19.07	3.05	1.76	20.776891	23.808060	22.260530	0.560565
7.80	28.54	18.38	19.07	3.05	1.76	20.778769	23.808106	22.261413	0.560554
7.80	28.54	18.38	19.08	3.05	1.76	20.780651	23.808154	22.262300	0.560544
7.80	28.54	18.39	19.09	3.05	1.76	20.782538	23.808206	22.263191	0.560534
7.81	28.54	18.40	19.10	3.05	1.76	20.784430	23.808260	22.264086	0.560524
7.81	28.54	18.40	19.10	3.05	1.76	20.786326	23.808316	22.264984	0.560513
7.81	28.54	18.41	19.11	3.05	1.76	20.788227	23.808376	22.265887	0.560503
7.81	28.54	18.42	19.12	3.05	1.76	20.790133	23.808438	22.266792	0.560493
7.82	28.54	18.43	19.13	3.05	1.76	20.792043	23.808503	22.267702	0.560483
7.82	28.54	18.43	19.13	3.05	1.76	20.793959	23.808571	22.268615	0.560472
7.82	28.54	18.44	19.14	3.05	1.76	20.795879	23.808641	22.269533	0.560462
7.83	28.54	18.45	19.15	3.05	1.76	20.797803	23.808714	22.270453	0.560452
7.83	28.54	18.45	19.16	3.05	1.76	20.799733	23.808790	22.271378	0.560441
7.83	28.54	18.46	19.16	3.05	1.76	20.801667	23.808869	22.272306	0.560431
7.83	28.54	18.47	19.17	3.05	1.76	20.803606	23.808950	22.273238	0.560421
7.84	28.54	18.47	19.18	3.05	1.76	20.805549	23.809034	22.274174	0.560410
7.84	28.54	18.48	19.19	3.05	1.76	20.807497	23.809121	22.275114	0.560400
7.84	28.54	18.49	19.19	3.05	1.76	20.809450	23.809211	22.276057	0.560389
7.84	28.54	18.49	19.20	3.05	1.76	20.811408	23.809303	22.277004	0.560379
7.85	28.54	18.50	19.21	3.05	1.76	20.813371	23.809399	22.277955	0.560368
7.85	28.54	18.51	19.22	3.05	1.76	20.815338	23.809497	22.278909	0.560358
7.85	28.54	18.51	19.22	3.05	1.76	20.817309	23.809597	22.279868	0.560348
7.86	28.54	18.52	19.23	3.05	1.75	20.819286	23.809701	22.280830	0.560337
7.86	28.54	18.53	19.24	3.05	1.75	20.821267	23.809807	22.281795	0.560327
7.86	28.54	18.53	19.25	3.05	1.75	20.823253	23.809916	22.282765	0.560316
7.86	28.54	18.54	19.25	3.05	1.75	20.825244	23.810027	22.283738	0.560306
7.87	28.54	18.55	19.26	3.05	1.75	20.827239	23.810142	22.284715	0.560295
7.87	28.54	18.56	19.27	3.05	1.75	20.829239	23.810259	22.285695	0.560285
7.87	28.54	18.56	19.28	3.05	1.75	20.831244	23.810379	22.286680	0.560274
7.88	28.54	18.57	19.29	3.05	1.75	20.833253	23.810501	22.287668	0.560263
7.88	28.54	18.58	19.29	3.05	1.75	20.835267	23.810627	22.288660	0.560253
7.88	28.54	18.58	19.30	3.05	1.75	20.837286	23.810755	22.289655	0.560242
7.88	28.54	18.59	19.31	3.05	1.75	20.839310	23.810886	22.290655	0.560232
7.89	28.54	18.60	19.32	3.05	1.75	20.841338	23.811019	22.291658	0.560221
7.89	28.54	18.60	19.32	3.05	1.75	20.843371	23.811156	22.292665	0.560210
7.89	28.54	18.61	19.33	3.05	1.75	20.845408	23.811295	22.293675	0.560200
7.89	28.54	18.62	19.34	3.05	1.75	20.847451	23.811437	22.294689	0.560189
7.90	28.54	18.63	19.35	3.05	1.75	20.849498	23.811581	22.295707	0.560178
7.90	28.54	18.63	19.35	3.05	1.75	20.851549	23.811729	22.296729	0.560168
7.90	28.54	18.64	19.36	3.05	1.75	20.853606	23.811879	22.297755	0.560157
7.91	28.54	18.65	19.37	3.05	1.75	20.855667	23.812032	22.298784	0.560146
7.91	28.54	18.65	19.38	3.05	1.75	20.857733	23.812187	22.299817	0.560135
7.91	28.54	18.66	19.39	3.05	1.75	20.859803	23.812346	22.300853	0.560125
7.91	28.54	18.67	19.39	3.05	1.75	20.861878	23.812507	22.301894	0.560114
7.92	28.54	18.67	19.40	3.05	1.75	20.863958	23.812671	22.302938	0.560103
7.92	28.54	18.68	19.41	3.05	1.75	20.866043	23.812837	22.303986	0.560092
7.92	28.54	18.69	19.42	3.05	1.75	20.868132	23.813007	22.305037	0.560082
7.92	28.54	18.70	19.42	3.05	1.75	20.870226	23.813179	22.306092	0.560071
7.93	28.54	18.70	19.43	3.05	1.75	20.872324	23.813354	22.307151	0.560060
7.93	28.54	18.71	19.44	3.05	1.75	20.874427	23.813531	22.308214	0.560049
7.93	28.54	18.72	19.45	3.05	1.75	20.876535	23.813712	22.309281	0.560038
7.94	28.54	18.72	19.45	3.05	1.75	20.878648	23.813895	22.310351	0.560027
7.94	28.54	18.73	19.46	3.05	1.75	20.880765	23.814081	22.311425	0.560017
7.94	28.54	18.74	19.47	3.05	1.75	20.882887	23.814270	22.312503	0.560006
7.94	28.54	18.74	19.48	3.05	1.75	20.885014	23.814461	22.313584	0.559995
7.95	28.54	18.75	19.49	3.05	1.74	20.887145	23.814655	22.314669	0.559984
7.95	28.54	18.76	19.49	3.05	1.74	20.889281	23.814852	22.315758	0.559973
7.95	28.54	18.77	19.50	3.05	1.74	20.891421	23.815052	22.316850	0.559962
7.96	28.54	18.77	19.51	3.05	1.74	20.893567	23.815254	22.317947	0.559951
7.96	28.54	18.78	19.52	3.05	1.74	20.895717	23.815459	22.319047	0.559940
7.96	28.54	18.79	19.53	3.05	1.74	20.897871	23.815667	22.320150	0.559929
7.96	28.54	18.79	19.53	3.06	1.74	20.900031	23.815878	22.321258	0.559918
7.97	28.54	18.80	19.54	3.06	1.74	20.902194	23.816092	22.322369	0.559907
7.97	28.54	18.81	19.55	3.06	1.74	20.904363	23.816308	22.323484	0.559896
7.97	28.54	18.82	19.56	3.06	1.74	20.906536	23.816527	22.324603	0.559885
7.97	28.54	18.82	19.56	3.06	1.74	20.908714	23.816748	22.325725	0.559874
7.98	28.54	18.83	19.57	3.06	1.74	20.910897	23.816973	22.326851	0.559863
7.98	28.54	18.84	19.58	3.06	1.74	20.913084	23.817200	22.327981	0.559852
7.98	28.54	18.84	19.59	3.06	1.74	20.915276	23.817430	22.329114	0.559841
7.99	28.54	18.85	19.60	3.06	1.74	20.917473	23.817663	22.330252	0.559830
7.99	28.54	18.86	19.60	3.06	1.74	20.919674	23.817898	22.331393	0.559818
7.99	28.54	18.87	19.61	3.06	1.74	20.921880	23.818137	22.332537	0.559807
7.99	28.54	18.87	19.62	3.06	1.74	20.924090	23.818378	22.333686	0.559796
8.00	28.54	18.88	19.63	3.06	1.74	20.926306	23.818622	22.334838	0.559785
8.00	28.54	18.89	19.64	3.06	1.74	20.928526	23.818868	22.335994	0.559774
8.00	28.54	18.90	19.64	3.06	1.74	20.930750	23.819117	22.337153	0.559763
8.01	28.54	18.90	19.65	3.06	1.74	20.932979	23.819369	22.338316	0.559751
8.01	28.54	18.91	19.66	3.06	1.74	20.935213	23.819624	22.339483	0.559740
8.01	28.54	18.92	19.67	3.06	1.74	20.937451	23.819882	22.340654	0.559729
8.01	28.54	18.92	19.67	3.06	1.74	20.939695	23.820142	22.341829	0.559718
8.02	28.54	18.93	19.68	3.06	1.74	20.941942	23.820405	22.343007	0.559706
8.02	28.54	18.94	19.69	3.06	1.74	20.944195	23.820671	22.344189	0.559695
8.02	28.54	18.95	19.70	3.06	1.74	20.946452	23.820940	22.345374	0.559684
8.03	28.54	18.95	19.71	3.06	1.74	20.948714	23.821211	22.346563	0.559672
8.03	28.54	18.96	19.71	3.06	1.74	20.950980	23.821485	22.347756	0.559661
8.03	28.54	18.97	19.72	3.06	1.74	20.953251	23.821762	22.348953	0.559650
8.03	28.54	18.98	19.73	3.06	1.73	20.955526	23.822042	22.350154	0.559638
8.04	28.54	18.98	19.74	3.06	1.73	20.957807	23.822324	22.351358	0.559627
8.04	28.54	18.99	19.75	3.06	1.73	20.960092	23.822609	22.352566	0.559616
8.04	28.54	19.00	19.75	3.06	1.73	20.962381	23.822897	22.353777	0.559604
8.04	28.54	19.00	19.76	3.06	1.73	20.964675	23.823188	22.354992	0.559593
8.05	28.54	19.01	19.77	3.06	1.73	20.966974	23.823481	22.356211	0.559581
8.05	28.54	19.02	19.78	3.06	1.73	20.969277	23.823777	22.357434	0.559570
8.05	28.54	19.03	19.79	3.06	1.73	20.971585	23.824076	22.358660	0.559559
8.06	28.54	19.03	19.79	3.06	1.73	20.973898	23.824378	22.359891	0.559547
8.06	28.54	19.04	19.80	3.06	1.73	20.976215	23.824683	22.361124	0.559536
8.06	28.54	19.05	19.81	3.06	1.73	20.978537	23.824990	22.362362	0.559524
8.06	28.54	19.06	19.82	3.06	1.73	20.980864	23.825300	22.363603	0.559513
8.07	28.54	19.06	19.83	3.06	1.73	20.983195	23.825613	22.364848	0.559501
8.07	28.54	19.07	19.83	3.06	1.73	20.985531	23.825928	22.366097	0.559490
8.07	28.54	19.08	19.84	3.06	1.73	20.987871	23.826246	22.367349	0.559478
8.07	28.54	19.09	19.85	3.06	1.73	20.990216	23.826567	22.368605	0.559466
8.08	28.54	19.09	19.86	3.06	1.73	20.992566	23.826891	22.369865	0.559455
8.08	28.54	19.10	19.87	3.06	1.73	20.994920	23.827218	22.371128	0.559443
8.08	28.54	19.11	19.87	3.06	1.73	20.997279	23.827547	22.372395	0.559432
8.09	28.54	19.11	19.88	3.06	1.73	20.999643	23.827879	22.373666	0.559420
8.09	28.54	19.12	19.89	3.06	1.73	21.002011	23.828214	22.374941	0.559408
8.09	28.54	19.13	19.90	3.06	1.73	21.004384	23.828552	22.376219	0.559397
8.09	28.54	19.14	19.91	3.06	1.73	21.006761	23.828892	22.377501	0.559385
8.10	28.54	19.14	19.92	3.06	1.73	21.009143	23.829235	22.378787	0.559373
8.10	28.54	19.15	19.92	3.06	1.73	21.011530	23.829581	22.380076	0.559362
8.10	28.54	19.16	19.93	3.06	1.73	21.013921	23.829930	22.381369	0.559350
8.11	28.54	19.17	19.94	3.06	1.73	21.016317	23.830281	22.382666	0.559338
8.11	28.54	19.17	19.95	3.06	1.73	21.018717	23.830635	22.383967	0.559327
8.11	28.54	19.18	19.96	3.06	1.73	21.021122	23.830992	22.385271	0.559315
8.11	28.54	19.19	19.96	3.06	1.73	21.023532	23.831352	22.386579	0.559303
8.12	28.54	19.20	19.97	3.06	1.72	21.025946	23.831714	22.387890	0.559291
8.12	28.54	19.20	19.98	3.06	1.72	21.028365	23.832080	22.389206	0.559279
8.12	28.54	19.21	19.99	3.06	1.72	21.030788	23.832448	22.390525	0.559268
8.12	28.54	19.22	20.00	3.06	1.72	21.033216	23.832818	22.391847	0.559256
8.13	28.54	19.23	20.00	3.06	1.72	21.035649	23.833192	22.393174	0.559244
8.13	28.54	19.23	20.01	3.06	1.72	21.038086	23.833568	22.394504	0.559232
8.13	28.54	19.24	20.02	3.06	1.72	21.040528	23.833947	22.395837	0.559220
8.14	28.54	19.25	20.03	3.06	1.72	21.042975	23.834329	22.397175	0.559208
8.14	28.54	19.26	20.04	3.06	1.72	21.045426	23.834714	22.398516	0.559196
8.14	28.54	19.26	20.05	3.06	1.72	21.047881	23.835101	22.399861	0.559185
8.14	28.54	19.27	20.05	3.06	1.72	21.050341	23.835491	22.401209	0.559173
8.15	28.54	19.28	20.06	3.06	1.72	21.052806	23.835884	22.402562	0.559161
8.15	28.54	19.29	20.07	3.06	1.72	21.055276	23.836279	22.403917	0.559149
8.15	28.54	19.29	20.08	3.06	1.72	21.057749	23.836678	22.405277	0.559137
8.16	28.54	19.30	20.09	3.06	1.72	21.060228	23.837079	22.406640	0.559125
8.16	28.54	19.31	20.09	3.06	1.72	21.062711	23.837483	22.408007	0.559113
8.16	28.54	19.32	20.10	3.06	1.72	21.065199	23.837889	22.409378	0.559101
8.16	28.54	19.32	20.11	3.06	1.72	21.067691	23.838299	22.410752	0.559089
8.17	28.54	19.33	20.12	3.06	1.72	21.070188	23.838711	22.412130	0.559077
8.17	28.54	19.34	20.13	3.06	1.72	21.072689	23.839126	22.413512	0.559065
8.17	28.54	19.35	20.14	3.06	1.72	21.075196	23.839544	22.414898	0.559052
8.18	28.54	19.35	20.14	3.06	1.72	21.077706	23.839964	22.416287	0.559040
8.18	28.54	19.36	20.15	3.06	1.72	21.080221	23.840387	22.417679	0.559028
8.18	28.54	19.37	20.16	3.06	1.72	21.082741	23.840813	22.419076	0.559016
8.18	28.54	19.38	20.17	3.06	1.72	21.085265	23.841242	22.420476	0.559004
8.19	28.54	19.38	20.18	3.06	1.72	21.087794	23.841674	22.421880	0.558992
8.19	28.54	19.39	20.19	3.06	1.72	21.090328	23.842108	22.423287	0.558980
8.19	28.54	19.40	20.19	3.06	1.72	21.092866	23.842545	22.424699	0.558967
8.19	28.54	19.41	20.20	3.06	1.71	21.095408	23.842985	22.426114	0.558955
8.20	28.54	19.42	20.21	3.06	1.71	21.097956	23.843427	22.427532	0.558943
8.20	28.54	19.42	20.22	3.06	1.71	21.100507	23.843873	22.428954	0.558931
8.20	28.54	19.43	20.23	3.06	1.71	21.103064	23.844321	22.430380	0.558919
8.21	28.54	19.44	20.24	3.06	1.71	21.105624	23.844771	22.431810	0.558906
8.21	28.54	19.45	20.24	3.06	1.71	21.108190	23.845225	22.433243	0.558894
8.21	28.54	19.45	20.25	3.06	1.71	21.110760	23.845681	22.434680	0.558882
8.21	28.54	19.46	20.26	3.06	1.71	21.113334	23.846141	22.436121	0.558869
8.22	28.54	19.47	20.27	3.06	1.71	21.115913	23.846602	22.437565	0.558857
8.22	28.54	19.48	20.28	3.06	1.71	21.118497	23.847067	22.439013	0.558845
8.22	28.54	19.48	20.29	3.06	1.71	21.121085	23.847535	22.440465	0.558832
8.22	28.54	19.49	20.29	3.06	1.71	21.123678	23.848005	22.441920	0.558820
8.23	28.54	19.50	20.30	3.06	1.71	21.126275	23.848478	22.443379	0.558808
8.23	28.54	19.51	20.31	3.06	1.71	21.128877	23.848953	22.444842	0.558795
8.23	28.54	19.52	20.32	3.06	1.71	21.131484	23.849432	22.446308	0.558783
8.24	28.54	19.52	20.33	3.06	1.71	21.134094	23.849913	22.447778	0.558770
8.24	28.54	19.53	20.34	3.06	1.71	21.136710	23.850397	22.449252	0.558758
8.24	28.54	19.54	20.34	3.06	1.71	21.139330	23.850884	22.450729	0.558745
8.24	28.54	19.55	20.35	3.06	1.71	21.141955	23.851373	22.452210	0.558733
8.25	28.54	19.55	20.36	3.06	1.71	21.144584	23.851866	22.453695	0.558720
8.25	28.54	19.56	20.37	3.06	1.71	21.147217	23.852361	22.455183	0.558708
8.25	28.54	19.57	20.38	3.06	1.71	21.149855	23.852858	22.456675	0.558695
8.26	28.54	19.58	20.39	3.06	1.71	21.152498	23.853359	22.458171	0.558683
8.26	28.54	19.58	20.39	3.06	1.71	21.155145	23.853862	22.459670	0.558670
8.26	28.54	19.59	20.40	3.06	1.71	21.157797	23.854368	22.461173	0.558658
8.26	28.54	19.60	20.41	3.06	1.71	21.160454	23.854877	22.462680	0.558645
8.27	28.54	19.61	20.42	3.06	1.71	21.163114	23.855389	22.464191	0.558632
8.27	28.54	19.62	20.43	3.06	1.71	21.165780	23.855903	22.465705	0.558620
8.27	28.54	19.62	20.44	3.06	1.70	21.168450	23.856420	22.467222	0.558607
8.28	28.54	19.63	20.44	3.06	1.70	21.171124	23.856940	22.468744	0.558594
8.28	28.54	19.64	20.45	3.06	1.70	21.173803	23.857463	22.470269	0.558582
8.28	28.54	19.65	20.46	3.06	1.70	21.176487	23.857988	22.471797	0.558569
8.28	28.54	19.65	20.47	3.06	1.70	21.179175	23.858516	22.473330	0.558556
8.29	28.54	19.66	20.48	3.06	1.70	21.181867	23.859047	22.474866	0.558544
8.29	28.54	19.67	20.49	3.06	1.70	21.184564	23.859581	22.476405	0.558531
8.29	28.54	19.68	20.50	3.06	1.70	21.187266	23.860118	22.477949	0.558518
8.29	28.54	19.69	20.50	3.06	1.70	21.189972	23.860657	22.479496	0.558505
8.30	28.54	19.69	20.51	3.06	1.70	21.192682	23.861199	22.481046	0.558493
8.30	28.54	19.70	20.52	3.06	1.70	21.195397	23.861743	22.482600	0.558480
8.30	28.54	19.71	20.53	3.06	1.70	21.198117	23.862291	22.484158	0.558467
8.31	28.54	19.72	20.54	3.06	1.70	21.200841	23.862841	22.485720	0.558454
8.31	28.54	19.73	20.55	3.06	1.70	21.203570	23.863394	22.487285	0.558441
8.31	28.54	19.73	20.56	3.06	1.70	21.206303	23.863950	22.488854	0.558428
8.31	28.54	19.74	20.56	3.06	1.70	21.209041	23.864509	22.490427	0.558416
8.32	28.54	19.75	20.57	3.06	1.70	21.211783	23.865070	22.492003	0.558403
8.32	28.54	19.76	20.58	3.06	1.70	21.214529	23.865634	22.493583	0.558390
8.32	28.54	19.76	20.59	3.06	1.70	21.217281	23.866201	22.495166	0.558377
8.32	28.54	19.77	20.60	3.06	1.70	21.220036	23.866770	22.496753	0.558364
8.33	28.54	19.78	20.61	3.06	1.70	21.222796	23.867343	22.498344	0.558351
8.33	28.54	19.79	20.61	3.06	1.70	21.225561	23.867918	22.499939	0.558338
8.33	28.54	19.80	20.62	3.06	1.70	21.228330	23.868496	22.501537	0.558325
8.34	28.54	19.80	20.63	3.06	1.70	21.231104	23.869076	22.503138	0.558312
8.34	28.54	19.81	20.64	3.06	1.70	21.233882	23.869660	22.504744	0.558299
8.34	28.54	19.82	20.65	3.06	1.70	21.236665	23.870246	22.506353	0.558286
8.34	28.54	19.83	20.66	3.06	1.69	21.239452	23.870835	22.507965	0.558273
8.35	28.54	19.84	20.67	3.06	1.69	21.242243	23.871426	22.509582	0.558260
8.35	28.54	19.84	20.67	3.06	1.69	21.245039	23.872021	22.511202	0.558246
8.35	28.54	19.85	20.68	3.06	1.69	21.247840	23.872618	22.512825	0.558233
8.36	28.54	19.86	20.69	3.06	1.69	21.250645	23.873218	22.514453	0.558220
8.36	28.54	19.87	20.70	3.06	1.69	21.253454	23.873820	22.516083	0.558207
8.36	28.54	19.88	20.71	3.06	1.69	21.256269	23.874426	22.517718	0.558194
8.36	28.54	19.88	20.72	3.06	1.69	21.259087	23.875034	22.519356	0.558181
8.37	28.54	19.89	20.73	3.06	1.69	21.261910	23.875645	22.520998	0.558168
8.37	28.54	19.90	20.73	3.06	1.69	21.264737	23.876259	22.522643	0.558154
8.37	28.54	19.91	20.74	3.06	1.69	21.267569	23.876875	22.524292	0.558141
8.38	28.54	19.92	20.75	3.06	1.69	21.270406	23.877494	22.525945	0.558128
8.38	28.54	19.92	20.76	3.06	1.69	21.273247	23.878116	22.527601	0.558115
8.38	28.54	19.93	20.77	3.06	1.69	21.276092	23.878741	22.529261	0.558101
8.38	28.54	19.94	20.78	3.06	1.69	21.278942	23.879368	22.530925	0.558088
8.39	28.54	19.95	20.79	3.06	1.69	21.281796	23.879999	22.532592	0.558075
8.39	28.54	19.96	20.80	3.06	1.69	21.284655	23.880632	22.534263	0.558061
8.39	28.54	19.96	20.80	3.06	1.69	21.287518	23.881267	22.535937	0.558048
8.39	28.54	19.97	20.81	3.06	1.69	21.290386	23.881906	22.537615	0.558035
8.40	28.54	19.98	20.82	3.06	1.69	21.293258	23.882547	22.539297	0.558021
8.40	28.54	19.99	20.83	3.06	1.69	21.296134	23.883191	22.540983	0.558008
8.40	28.54	20.00	20.84	3.06	1.69	21.299015	23.883838	22.542672	0.557994
8.41	28.54	20.00	20.85	3.06	1.69	21.301901	23.884488	22.544364	0.557981
8.41	28.54	20.01	20.86	3.06	1.69	21.304791	23.885140	22.546060	0.557967
8.41	28.54	20.02	20.86	3.06	1.69	21.307685	23.885795	22.547760	0.557954
8.41	28.54	20.03	20.87	3.06	1.69	21.310584	23.886453	22.549464	0.557940
8.42	28.54	20.04	20.88	3.06	1.68	21.313487	23.887113	22.551171	0.557927
8.42	28.54	20.04	20.89	3.06	1.68	21.316395	23.887777	22.552882	0.557913
8.42	28.54	20.05	20.90	3.06	1.68	21.319307	23.888443	22.554596	0.557900
8.43	28.54	20.06	20.91	3.06	1.68	21.322224	23.889111	22.556314	0.557886
8.43	28.54	20.07	20.92	3.06	1.68	21.325145	23.889783	22.558036	0.557873
8.43	28.54	20.08	20.93	3.06	1.68	21.328070	23.890457	22.559761	0.557859
8.43	28.54	20.08	20.93	3.06	1.68	21.331000	23.891134	22.561490	0.557846
8.44	28.54	20.09	20.94	3.06	1.68	21.333935	23.891814	22.563222	0.557832
8.44	28.54	20.10	20.95	3.06	1.68	21.336873	23.892497	22.564958	0.557818
8.44	28.54	20.11	20.96	3.06	1.68	21.339817	23.893182	22.566698	0.557805
8.44	28.54	20.12	20.97	3.06	1.68	21.342764	23.893870	22.568441	0.557791
8.45	28.54	20.13	20.98	3.06	1.68	21.345717	23.894561	22.570188	0.557777
8.45	28.54	20.13	20.99	3.06	1.68	21.348673	23.895255	22.571938	0.557763
8.45	28.54	20.14	21.00	3.06	1.68	21.351634	23.895951	22.573693	0.557750
8.46	28.54	20.15	21.00	3.06	1.68	21.354599	23.896650	22.575450	0.557736
8.46	28.54	20.16	21.01	3.06	1.68	21.357569	23.897352	22.577212	0.557722
8.46	28.54	20.17	21.02	3.06	1.68	21.360543	23.898056	22.578977	0.557708
8.46	28.54	20.17	21.03	3.06	1.68	21.363522	23.898764	22.580745	0.557695
8.47	28.54	20.18	21.04	3.06	1.68	21.366505	23.899474	22.582517	0.557681
8.47	28.54	20.19	21.05	3.06	1.68	21.369493	23.900187	22.584293	0.557667
8.47	28.54	20.20	21.06	3.06	1.68	21.372485	23.900902	22.586072	0.557653
8.47	28.54	20.21	21.07	3.06	1.68	21.375481	23.901621	22.587855	0.557639
8.48	28.54	20.21	21.07	3.06	1.68	21.378482	23.902342	22.589642	0.557625
8.48	28.54	20.22	21.08	3.06	1.68	21.381487	23.903066	22.591432	0.557611
8.48	28.54	20.23	21.09	3.06	1.67	21.384496	23.903792	22.593226	0.557597
8.49	28.54	20.24	21.10	3.06	1.67	21.387510	23.904521	22.595023	0.557583
8.49	28.54	20.25	21.11	3.06	1.67	21.390529	23.905254	22.596824	0.557569
8.49	28.54	20.26	21.12	3.06	1.67	21.393552	23.905988	22.598629	0.557556
8.49	28.54	20.26	21.13	3.06	1.67	21.396579	23.906726	22.600437	0.557541
8.50	28.54	20.27	21.14	3.06	1.67	21.399610	23.907466	22.602249	0.557527
8.50	28.54	20.28	21.15	3.06	1.67	21.402646	23.908209	22.604064	0.557513
8.50	28.54	20.29	21.15	3.06	1.67	21.405687	23.908955	22.605883	0.557499
8.51	28.54	20.30	21.16	3.06	1.67	21.408731	23.909704	22.607706	0.557485
8.51	28.54	20.31	21.17	3.06	1.67	21.411781	23.910455	22.609532	0.557471
8.51	28.54	20.31	21.18	3.06	1.67	21.414834	23.911209	22.611361	0.557457
8.51	28.54	20.32	21.19	3.06	1.67	21.417892	23.911966	22.613195	0.557443
8.52	28.54	20.33	21.20	3.06	1.67	21.420954	23.912726	22.615032	0.557429
8.52	28.54	20.34	21.21	3.06	1.67	21.424021	23.913488	22.616872	0.557415
8.52	28.54	20.35	21.22	3.06	1.67	21.427092	23.914253	22.618716	0.557400
8.53	28.54	20.35	21.23	3.06	1.67	21.430168	23.915021	22.620564	0.557386
8.53	28.54	20.36	21.23	3.06	1.67	21.433248	23.915791	22.622415	0.557372
8.53	28.54	20.37	21.24	3.06	1.67	21.436332	23.916564	22.624270	0.557358
8.53	28.54	20.38	21.25	3.06	1.67	21.439421	23.917341	22.626129	0.557343
8.54	28.54	20.39	21.26	3.07	1.67	21.442514	23.918119	22.627991	0.557329
8.54	28.54	20.40	21.27	3.07	1.67	21.445611	23.918901	22.629856	0.557315
8.54	28.54	20.40	21.28	3.07	1.67	21.448713	23.919685	22.631725	0.557301
8.54	28.54	20.41	21.29	3.07	1.67	21.451819	23.920472	22.633598	0.557286
8.55	28.54	20.42	21.30	3.07	1.67	21.454929	23.921262	22.635474	0.557272
8.55	28.54	20.43	21.31	3.07	1.66	21.458044	23.922054	22.637354	0.557257
8.55	28.54	20.44	21.31	3.07	1.66	21.461164	23.922850	22.639238	0.557243
8.56	28.54	20.45	21.32	3.07	1.66	21.464287	23.923648	22.641125	0.557229
8.56	28.54	20.45	21.33	3.07	1.66	21.467415	23.924448	22.643016	0.557214
8.56	28.54	20.46	21.34	3.07	1.66	21.470547	23.925252	22.644910	0.557200
8.56	28.54	20.47	21.35	3.07	1.66	21.473684	23.926058	22.646808	0.557185
8.57	28.54	20.48	21.36	3.07	1.66	21.476825	23.926867	22.648709	0.557171
8.57	28.54	20.49	21.37	3.07	1.66	21.479971	23.927679	22.650614	0.557156
8.57	28.54	20.50	21.38	3.07	1.66	21.483120	23.928493	22.652522	0.557142
8.57	28.54	20.50	21.39	3.07	1.66	21.486274	23.929310	22.654435	0.557127
8.58	28.54	20.51	21.40	3.07	1.66	21.489433	23.930130	22.656350	0.557113
8.58	28.54	20.52	21.40	3.07	1.66	21.492596	23.930953	22.658269	0.557098
8.58	28.54	20.53	21.41	3.07	1.66	21.495763	23.931778	22.660192	0.557083
8.59	28.54	20.54	21.42	3.07	1.66	21.498934	23.932606	22.662119	0.557069
8.59	28.54	20.55	21.43	3.07	1.66	21.502110	23.933437	22.664048	0.557054
8.59	28.54	20.55	21.44	3.07	1.66	21.505290	23.934271	22.665982	0.557039
8.59	28.54	20.56	21.45	3.07	1.66	21.508475	23.935107	22.667919	0.557025
8.60	28.54	20.57	21.46	3.07	1.66	21.511664	23.935946	22.669860	0.557010
8.60	28.54	20.58	21.47	3.07	1.66	21.514857	23.936788	22.671804	0.556995
8.60	28.54	20.59	21.48	3.07	1.66	21.518054	23.937632	22.673751	0.556981
8.61	28.54	20.60	21.49	3.07	1.66	21.521256	23.938480	22.675703	0.556966
8.61	28.54	20.60	21.49	3.07	1.66	21.524462	23.939330	22.677658	0.556951
8.61	28.54	20.61	21.50	3.07	1.66	21.527673	23.940182	22.679616	0.556936
8.61	28.54	20.62	21.51	3.07	1.65	21.530888	23.941038	22.681578	0.556921
8.62	28.54	20.63	21.52	3.07	1.65	21.534107	23.941896	22.683543	0.556907
8.62	28.54	20.64	21.53	3.07	1.65	21.537330	23.942757	22.685512	0.556892
8.62	28.54	20.65	21.54	3.07	1.65	21.540558	23.943621	22.687485	0.556877
8.62	28.54	20.66	21.55	3.07	1.65	21.543790	23.944487	22.689461	0.556862
8.63	28.54	20.66	21.56	3.07	1.65	21.547027	23.945356	22.691441	0.556847
8.63	28.54	20.67	21.57	3.07	1.65	21.550268	23.946228	22.693424	0.556832
8.63	28.54	20.68	21.58	3.07	1.65	21.553513	23.947103	22.695411	0.556817
8.64	28.54	20.69	21.58	3.07	1.65	21.556762	23.947980	22.697401	0.556802
8.64	28.54	20.70	21.59	3.07	1.65	21.560016	23.948860	22.699395	0.556787
8.64	28.54	20.71	21.60	3.07	1.65	21.563274	23.949743	22.701393	0.556772
8.64	28.54	20.71	21.61	3.07	1.65	21.566536	23.950629	22.703394	0.556757
8.65	28.54	20.72	21.62	3.07	1.65	21.569803	23.951517	22.705398	0.556742
8.65	28.54	20.73	21.63	3.07	1.65	21.573074	23.952408	22.707406	0.556727
8.65	28.54	20.74	21.64	3.07	1.65	21.576349	23.953302	22.709418	0.556712
8.66	28.54	20.75	21.65	3.07	1.65	21.579628	23.954198	22.711433	0.556697
8.66	28.54	20.76	21.66	3.07	1.65	21.582912	23.955097	22.713452	0.556682
8.66	28.54	20.77	21.67	3.07	1.65	21.586200	23.955999	22.715474	0.556666
8.66	28.54	20.77	21.68	3.07	1.65	21.589493	23.956904	22.717500	0.556651
8.67	28.54	20.78	21.68	3.07	1.65	21.592789	23.957811	22.719529	0.556636
8.67	28.54	20.79	21.69	3.07	1.65	21.596090	23.958721	22.721562	0.556621
8.67	28.54	20.80	21.70	3.07	1.65	21.599396	23.959634	22.723598	0.556606
8.68	28.54	20.81	21.71	3.07	1.65	21.602705	23.960550	22.725638	0.556590
8.68	28.54	20.82	21.72	3.07	1.64	21.606019	23.961468	22.727681	0.556575
8.68	28.54	20.83	21.73	3.07	1.64	21.609337	23.962389	22.729728	0.556560
8.68	28.54	20.83	21.74	3.07	1.64	21.612660	23.963313	22.731779	0.556544
8.69	28.54	20.84	21.75	3.07	1.64	21.615986	23.964239	22.733833	0.556529
8.69	28.54	20.85	21.76	3.07	1.64	21.619317	23.965169	22.735890	0.556514
8.69	28.54	20.86	21.77	3.07	1.64	21.622652	23.966100	22.737951	0.556498
8.69	28.54	20.87	21.78	3.07	1.64	21.625992	23.967035	22.740016	0.556483
8.70	28.54	20.88	21.79	3.07	1.64	21.629336	23.967972	22.742084	0.556468
8.70	28.54	20.89	21.79	3.07	1.64	21.632684	23.968913	22.744156	0.556452
8.70	28.54	20.89	21.80	3.07	1.64	21.636036	23.969855	22.746231	0.556437
8.71	28.54	20.90	21.81	3.07	1.64	21.639393	23.970801	22.748310	0.556421
8.71	28.54	20.91	21.82	3.07	1.64	21.642754	23.971749	22.750392	0.556406
8.71	28.54	20.92	21.83	3.07	1.64	21.646119	23.972700	22.752477	0.556390
8.71	28.54	20.93	21.84	3.07	1.64	21.649488	23.973654	22.754567	0.556375
8.72	28.54	20.94	21.85	3.07	1.64	21.652862	23.974610	22.756659	0.556359
8.72	28.54	20.95	21.86	3.07	1.64	21.656239	23.975569	22.758756	0.556343
8.72	28.54	20.95	21.87	3.07	1.64	21.659622	23.976531	22.760855	0.556328
8.72	28.54	20.96	21.88	3.07	1.64	21.663008	23.977496	22.762959	0.556312
8.73	28.54	20.97	21.89	3.07	1.64	21.666399	23.978463	22.765065	0.556296
8.73	28.54	20.98	21.90	3.07	1.64	21.669794	23.979433	22.767176	0.556281
8.73	28.54	20.99	21.90	3.07	1.64	21.673193	23.980406	22.769289	0.556265
8.74	28.54	21.00	21.91	3.07	1.63	21.676596	23.981381	22.771407	0.556249
8.74	28.54	21.01	21.92	3.07	1.63	21.680004	23.982360	22.773528	0.556234
8.74	28.54	21.01	21.93	3.07	1.63	21.683415	23.983341	22.775652	0.556218
8.74	28.54	21.02	21.94	3.07	1.63	21.686832	23.984324	22.777780	0.556202
8.75	28.54	21.03	21.95	3.07	1.63	21.690252	23.985310	22.779911	0.556186
8.75	28.54	21.04	21.96	3.07	1.63	21.693676	23.986300	22.782046	0.556170
8.75	28.54	21.05	21.97	3.07	1.63	21.697105	23.987291	22.784184	0.556155
8.76	28.54	21.06	21.98	3.07	1.63	21.700538	23.988286	22.786326	0.556139
8.76	28.54	21.07	21.99	3.07	1.63	21.703975	23.989283	22.788471	0.556123
8.76	28.54	21.08	22.00	3.07	1.63	21.707417	23.990283	22.790620	0.556107
8.76	28.54	21.08	22.01	3.07	1.63	21.710863	23.991286	22.792772	0.556091
8.77	28.54	21.09	22.02	3.07	1.63	21.714313	23.992291	22.794928	0.556075
8.77	28.54	21.10	22.03	3.07	1.63	21.717767	23.993299	22.797087	0.556059
8.77	28.54	21.11	22.03	3.07	1.63	21.721225	23.994310	22.799250	0.556043
8.78	28.54	21.12	22.04	3.07	1.63	21.724688	23.995323	22.801416	0.556027
8.78	28.54	21.13	22.05	3.07	1.63	21.728154	23.996339	22.803586	0.556011
8.78	28.54	21.14	22.06	3.07	1.63	21.731625	23.997358	22.805760	0.555995
8.78	28.54	21.14	22.07	3.07	1.63	21.735101	23.998380	22.807936	0.555979
8.79	28.54	21.15	22.08	3.07	1.63	21.738580	23.999404	22.810116	0.555963
8.79	28.54	21.16	22.09	3.07	1.63	21.742064	24.000431	22.812300	0.555946
8.79	28.54	21.17	22.10	3.07	1.63	21.745551	24.001461	22.814487	0.555930
8.79	28.54	21.18	22.11	3.07	1.62	21.749043	24.002493	22.816678	0.555914
8.80	28.54	21.19	22.12	3.07	1.62	21.752540	24.003528	22.818872	0.555898
8.80	28.54	21.20	22.13	3.07	1.62	21.756040	24.004566	22.821070	0.555882
8.80	28.54	21.21	22.14	3.07	1.62	21.759545	24.005607	22.823271	0.555865
8.81	28.54	21.21	22.15	3.07	1.62	21.763053	24.006650	22.825475	0.555849
8.81	28.54	21.22	22.16	3.07	1.62	21.766566	24.007696	22.827684	0.555833
8.81	28.54	21.23	22.16	3.07	1.62	21.770084	24.008745	22.829895	0.555817
8.81	28.54	21.24	22.17	3.07	1.62	21.773605	24.009796	22.832110	0.555800
8.82	28.54	21.25	22.18	3.07	1.62	21.777131	24.010850	22.834329	0.555784
8.82	28.54	21.26	22.19	3.07	1.62	21.780660	24.011907	22.836551	0.555768
8.82	28.54	21.27	22.20	3.07	1.62	21.784194	24.012967	22.838776	0.555751
8.82	28.54	21.28	22.21	3.07	1.62	21.787732	24.014029	22.841005	0.555735
8.83	28.54	21.28	22.22	3.07	1.62	21.791275	24.015094	22.843237	0.555718
8.83	28.54	21.29	22.23	3.07	1.62	21.794821	24.016161	22.845473	0.555702
8.83	28.54	21.30	22.24	3.07	1.62	21.798372	24.017232	22.847712	0.555685
8.84	28.54	21.31	22.25	3.07	1.62	21.801926	24.018305	22.849955	0.555669
8.84	28.54	21.32	22.26	3.07	1.62	21.805485	24.019380	22.852201	0.555652
8.84	28.54	21.33	22.27	3.07	1.62	21.809049	24.020459	22.854451	0.555636
8.84	28.54	21.34	22.28	3.07	1.62	21.812616	24.021540	22.856704	0.555619
8.85	28.54	21.35	22.29	3.07	1.62	21.816187	24.022624	22.858961	0.555602
8.85	28.54	21.36	22.30	3.07	1.62	21.819763	24.023710	22.861221	0.555586
8.85	28.54	21.36	22.31	3.07	1.61	21.823343	24.024799	22.863484	0.555569
8.86	28.54	21.37	22.31	3.07	1.61	21.826927	24.025891	22.865751	0.555552
8.86	28.54	21.38	22.32	3.07	1.61	21.830515	24.026986	22.868022	0.555536
8.86	28.54	21.39	22.33	3.07	1.61	21.834107	24.028083	22.870295	0.555519
8.86	28.54	21.40	22.34	3.07	1.61	21.837703	24.029183	22.872573	0.555502
8.87	28.54	21.41	22.35	3.07	1.61	21.841304	24.030286	22.874854	0.555485
8.87	28.54	21.42	22.36	3.07	1.61	21.844909	24.031391	22.877138	0.555469
8.87	28.54	21.43	22.37	3.07	1.61	21.848517	24.032499	22.879425	0.555452
8.88	28.54	21.43	22.38	3.07	1.61	21.852130	24.033610	22.881716	0.555435
8.88	28.54	21.44	22.39	3.07	1.61	21.855748	24.034723	22.884011	0.555418
8.88	28.54	21.45	22.40	3.07	1.61	21.859369	24.035839	22.886309	0.555401
8.88	28.54	21.46	22.41	3.07	1.61	21.862994	24.036958	22.888610	0.555384
8.89	28.54	21.47	22.42	3.07	1.61	21.866624	24.038080	22.890915	0.555367
8.89	28.54	21.48	22.43	3.07	1.61	21.870257	24.039204	22.893224	0.555350
8.89	28.54	21.49	22.44	3.07	1.61	21.873895	24.040331	22.895535	0.555333
8.89	28.54	21.50	22.45	3.07	1.61	21.877537	24.041461	22.897851	0.555316
8.90	28.54	21.51	22.46	3.07	1.61	21.881183	24.042593	22.900169	0.555299
8.90	28.54	21.51	22.47	3.07	1.61	21.884833	24.043728	22.902491	0.555282
8.90	28.54	21.52	22.48	3.07	1.61	21.888487	24.044865	22.904817	0.555265
8.91	28.54	21.53	22.48	3.07	1.61	21.892146	24.046006	22.907146	0.555248
8.91	28.54	21.54	22.49	3.07	1.60	21.895808	24.047149	22.909478	0.555231
8.91	28.54	21.55	22.50	3.07	1.60	21.899475	24.048295	22.911814	0.555214
8.91	28.54	21.56	22.51	3.07	1.60	21.903146	24.049443	22.914153	0.555197
8.92	28.54	21.57	22.52	3.07	1.60	21.906821	24.050594	22.916496	0.555179
8.92	28.54	21.58	22.53	3.07	1.60	21.910500	24.051748	22.918842	0.555162
8.92	28.54	21.59	22.54	3.07	1.60	21.914183	24.052904	22.921191	0.555145
8.93	28.54	21.60	22.55	3.07	1.60	21.917870	24.054063	22.923544	0.555128
8.93	28.54	21.60	22.56	3.07	1.60	21.921561	24.055225	22.925900	0.555110
8.93	28.54	21.61	22.57	3.07	1.60	21.925256	24.056390	22.928260	0.555093
8.93	28.54	21.62	22.58	3.07	1.60	21.928956	24.057557	22.930623	0.555076
8.94	28.54	21.63	22.59	3.07	1.60	21.932659	24.058727	22.932990	0.555058
8.94	28.54	21.64	22.60	3.07	1.60	21.936367	24.059899	22.935360	0.555041
8.94	28.54	21.65	22.61	3.07	1.60	21.940079	24.061075	22.937733	0.555023
8.94	28.54	21.66	22.62	3.08	1.60	21.943795	24.062253	22.940110	0.555006
8.95	28.54	21.67	22.63	3.08	1.60	21.947514	24.063433	22.942490	0.554989
8.95	28.54	21.68	22.64	3.08	1.60	21.951238	24.064616	22.944874	0.554971
8.95	28.54	21.68	22.65	3.08	1.60	21.954967	24.065802	22.947261	0.554954
8.96	28.54	21.69	22.66	3.08	1.60	21.958699	24.066991	22.949651	0.554936
8.96	28.54	21.70	22.67	3.08	1.60	21.962435	24.068182	22.952045	0.554918
8.96	28.54	21.71	22.67	3.08	1.59	21.966175	24.069376	22.954443	0.554901
8.96	28.54	21.72	22.68	3.08	1.59	21.969920	24.070573	22.956843	0.554883
8.97	28.54	21.73	22.69	3.08	1.59	21.973668	24.071772	22.959247	0.554866
8.97	28.54	21.74	22.70	3.08	1.59	21.977421	24.072974	22.961655	0.554848
8.97	28.54	21.75	22.71	3.08	1.59	21.981177	24.074179	22.964066	0.554830
8.97	28.54	21.76	22.72	3.08	1.59	21.984938	24.075386	22.966480	0.554812
8.98	28.54	21.77	22.73	3.08	1.59	21.988703	24.076596	22.968898	0.554795
8.98	28.54	21.77	22.74	3.08	1.59	21.992471	24.077809	22.971319	0.554777
8.98	28.54	21.78	22.75	3.08	1.59	21.996244	24.079024	22.973743	0.554759
8.99	28.54	21.79	22.76	3.08	1.59	22.000021	24.080242	22.976171	0.554741
8.99	28.54	21.80	22.77	3.08	1.59	22.003802	24.081463	22.978602	0.554723
8.99	28.54	21.81	22.78	3.08	1.59	22.007587	24.082686	22.981037	0.554705
8.99	28.54	21.82	22.79	3.08	1.59	22.011376	24.083912	22.983475	0.554688
9.00	28.54	21.83	22.80	3.08	1.59	22.015169	24.085141	22.985916	0.554670
9.00	28.54	21.84	22.81	3.08	1.59	22.018966	24.086372	22.988361	0.554652
9.00	28.54	21.85	22.82	3.08	1.59	22.022767	24.087606	22.990809	0.554634
9.01	28.54	21.86	22.83	3.08	1.59	22.026573	24.088843	22.993261	0.554616
9.01	28.54	21.87	22.84	3.08	1.59	22.030382	24.090082	22.995716	0.554598
9.01	28.54	21.87	22.85	3.08	1.59	22.034195	24.091325	22.998174	0.554580
9.01	28.54	21.88	22.86	3.08	1.58	22.038012	24.092569	23.000636	0.554561
9.02	28.54	21.89	22.87	3.08	1.58	22.041834	24.093817	23.003101	0.554543
9.02	28.54	21.90	22.88	3.08	1.58	22.045659	24.095067	23.005569	0.554525
9.02	28.54	21.91	22.89	3.08	1.58	22.049488	24.096319	23.008041	0.554507
9.03	28.54	21.92	22.90	3.08	1.58	22.053322	24.097575	23.010516	0.554489
9.03	28.54	21.93	22.91	3.08	1.58	22.057159	24.098833	23.012995	0.554471
9.03	28.54	21.94	22.91	3.08	1.58	22.061001	24.100093	23.015477	0.554452
9.03	28.54	21.95	22.92	3.08	1.58	22.064846	24.101356	23.017962	0.554434
9.04	28.54	21.96	22.93	3.08	1.58	22.068696	24.102622	23.020451	0.554416
9.04	28.54	21.97	22.94	3.08	1.58	22.072549	24.103891	23.022943	0.554397
9.04	28.54	21.97	22.95	3.08	1.58	22.076407	24.105162	23.025438	0.554379
9.04	28.54	21.98	22.96	3.08	1.58	22.080268	24.106436	23.027937	0.554361
9.05	28.54	21.99	22.97	3.08	1.58	22.084134	24.107713	23.030439	0.554342
9.05	28.54	22.00	22.98	3.08	1.58	22.088003	24.108992	23.032944	0.554324
9.05	28.54	22.01	22.99	3.08	1.58	22.091877	24.110274	23.035453	0.554305
9.06	28.54	22.02	23.00	3.08	1.58	22.095754	24.111559	23.037965	0.554287
9.06	28.54	22.03	23.01	3.08	1.58	22.099636	24.112846	23.040481	0.554268
9.06	28.54	22.04	23.02	3.08	1.58	22.103521	24.114136	23.043000	0.554250
9.06	28.54	22.05	23.03	3.08	1.57	22.107411	24.115428	23.045522	0.554231
9.07	28.54	22.06	23.04	3.08	1.57	22.111304	24.116723	23.048048	0.554213
9.07	28.54	22.07	23.05	3.08	1.57	22.115202	24.118021	23.050577	0.554194
9.07	28.54	22.07	23.06	3.08	1.57	22.119103	24.119322	23.053109	0.554175
9.07	28.54	22.08	23.07	3.08	1.57	22.123009	24.120625	23.055644	0.554157
9.08	28.54	22.09	23.08	3.08	1.57	22.126918	24.121930	23.058183	0.554138
9.08	28.54	22.10	23.09	3.08	1.57	22.130832	24.123239	23.060726	0.554119
9.08	28.54	22.11	23.10	3.08	1.57	22.134749	24.124550	23.063271	0.554100
9.09	28.54	22.12	23.11	3.08	1.57	22.138670	24.125864	23.065820	0.554081
9.09	28.54	22.13	23.12	3.08	1.57	22.142596	24.127180	23.068373	0.554063
9.09	28.54	22.14	23.13	3.08	1.57	22.146525	24.128499	23.070929	0.554044
9.09	28.54	22.15	23.14	3.08	1.57	22.150458	24.129821	23.073488	0.554025
9.10	28.54	22.16	23.15	3.08	1.57	22.154396	24.131145	23.076050	0.554006
9.10	28.54	22.17	23.16	3.08	1.57	22.158337	24.132472	23.078616	0.553987
9.10	28.54	22.18	23.17	3.08	1.57	22.162282	24.133801	23.081185	0.553968
9.11	28.54	22.18	23.18	3.08	1.57	22.166231	24.135133	23.083757	0.553949
9.11	28.54	22.19	23.19	3.08	1.57	22.170184	24.136468	23.086333	0.553930
9.11	28.54	22.20	23.20	3.08	1.57	22.174141	24.137806	23.088912	0.553911
9.11	28.54	22.21	23.21	3.08	1.56	22.178102	24.139146	23.091494	0.553892
9.12	28.54	22.22	23.22	3.08	1.56	22.182067	24.140489	23.094080	0.553873
9.12	28.54	22.23	23.23	3.08	1.56	22.186036	24.141834	23.096669	0.553854
9.12	28.54	22.24	23.23	3.08	1.56	22.190009	24.143182	23.099261	0.553834
9.12	28.54	22.25	23.24	3.08	1.56	22.193985	24.144533	23.101857	0.553815
9.13	28.54	22.26	23.25	3.08	1.56	22.197966	24.145886	23.104455	0.553796
9.13	28.54	22.27	23.26	3.08	1.56	22.201951	24.147242	23.107058	0.553777
9.13	28.54	22.28	23.27	3.08	1.56	22.205939	24.148600	23.109663	0.553757
9.14	28.54	22.29	23.28	3.08	1.56	22.209932	24.149962	23.112272	0.553738
9.14	28.54	22.30	23.29	3.08	1.56	22.213928	24.151325	23.114884	0.553719
9.14	28.54	22.30	23.30	3.08	1.56	22.217928	24.152692	23.117500	0.553699
9.14	28.54	22.31	23.31	3.08	1.56	22.221933	24.154061	23.120119	0.553680
9.15	28.54	22.32	23.32	3.08	1.56	22.225941	24.155433	23.122741	0.553661
9.15	28.54	22.33	23.33	3.08	1.56	22.229953	24.156807	23.125366	0.553641
9.15	28.54	22.34	23.34	3.08	1.56	22.233969	24.158184	23.127995	0.553622
9.16	28.54	22.35	23.35	3.08	1.56	22.237989	24.159564	23.130627	0.553602
9.16	28.54	22.36	23.36	3.08	1.56	22.242013	24.160946	23.133262	0.553582
9.16	28.54	22.37	23.37	3.08	1.55	22.246041	24.162331	23.135901	0.553563
9.16	28.54	22.38	23.38	3.08	1.55	22.250072	24.163718	23.138543	0.553543
9.17	28.54	22.39	23.39	3.08	1.55	22.254108	24.165108	23.141188	0.553524
9.17	28.54	22.40	23.40	3.08	1.55	22.258147	24.166501	23.143837	0.553504
9.17	28.54	22.41	23.41	3.08	1.55	22.262191	24.167896	23.146488	0.553484
9.18	28.54	22.42	23.42	3.08	1.55	22.266238	24.169294	23.149144	0.553464
9.18	28.54	22.43	23.43	3.08	1.55	22.270289	24.170695	23.151802	0.553445
9.18	28.54	22.43	23.44	3.08	1.55	22.274344	24.172098	23.154464	0.553425
9.18	28.54	22.44	23.45	3.08	1.55	22.278403	24.173504	23.157129	0.553405
9.19	28.54	22.45	23.46	3.08	1.55	22.282466	24.174912	23.159797	0.553385
9.19	28.54	22.46	23.47	3.08	1.55	22.286533	24.176323	23.162468	0.553365
9.19	28.54	22.47	23.48	3.08	1.55	22.290603	24.177737	23.165143	0.553345
9.19	28.54	22.48	23.49	3.08	1.55	22.294678	24.179153	23.167821	0.553325
9.20	28.54	22.49	23.50	3.08	1.55	22.298756	24.180572	23.170503	0.553305
9.20	28.54	22.50	23.51	3.08	1.55	22.302838	24.181994	23.173187	0.553285
9.20	28.54	22.51	23.52	3.08	1.55	22.306924	24.183418	23.175875	0.553265
9.21	28.54	22.52	23.53	3.08	1.55	22.311014	24.184845	23.178567	0.553245
9.21	28.54	22.53	23.54	3.08	1.54	22.315108	24.186274	23.181261	0.553225
9.21	28.54	22.54	23.55	3.08	1.54	22.319206	24.187706	23.183959	0.553205
9.21	28.54	22.55	23.56	3.08	1.54	22.323307	24.189141	23.186660	0.553185
9.22	28.54	22.56	23.57	3.08	1.54	22.327413	24.190578	23.189364	0.553165
9.22	28.54	22.57	23.58	3.08	1.54	22.331522	24.192018	23.192072	0.553144
9.22	28.54	22.57	23.59	3.08	1.54	22.335635	24.193460	23.194782	0.553124
9.22	28.54	22.58	23.60	3.08	1.54	22.339752	24.194905	23.197497	0.553104
9.23	28.54	22.59	23.61	3.08	1.54	22.343873	24.196353	23.200214	0.553084
9.23	28.54	22.60	23.62	3.08	1.54	22.347998	24.197803	23.202934	0.553063
9.23	28.54	22.61	23.63	3.08	1.54	22.352126	24.199256	23.205658	0.553043
9.24	28.54	22.62	23.64	3.08	1.54	22.356259	24.200711	23.208385	0.553022
9.24	28.54	22.63	23.65	3.08	1.54	22.360395	24.202169	23.211116	0.553002
9.24	28.54	22.64	23.66	3.08	1.54	22.364535	24.203630	23.213849	0.552981
9.24	28.54	22.65	23.67	3.08	1.54	22.368679	24.205093	23.216586	0.552961
9.25	28.54	22.66	23.68	3.08	1.54	22.372827	24.206559	23.219327	0.552940
9.25	28.54	22.67	23.69	3.08	1.54	22.376978	24.208027	23.222070	0.552920
9.25	28.54	22.68	23.70	3.08	1.54	22.381134	24.209498	23.224817	0.552899
9.26	28.54	22.69	23.71	3.08	1.53	22.385293	24.210972	23.227566	0.552878
9.26	28.54	22.70	23.72	3.08	1.53	22.389456	24.212448	23.230320	0.552858
9.26	28.54	22.71	23.73	3.08	1.53	22.393623	24.213927	23.233076	0.552837
9.26	28.54	22.72	23.74	3.08	1.53	22.397794	24.215409	23.235835	0.552816
9.27	28.54	22.72	23.75	3.08	1.53	22.401968	24.216893	23.238598	0.552796
9.27	28.54	22.73	23.76	3.08	1.53	22.406146	24.218379	23.241364	0.552775
9.27	28.54	22.74	23.77	3.08	1.53	22.410329	24.219869	23.244134	0.552754
9.28	28.54	22.75	23.78	3.08	1.53	22.414514	24.221360	23.246906	0.552733
9.28	28.54	22.76	23.79	3.08	1.53	22.418704	24.222855	23.249682	0.552712
9.28	28.54	22.77	23.80	3.09	1.53	22.422898	24.224352	23.252461	0.552691
9.28	28.54	22.78	23.81	3.09	1.53	22.427095	24.225851	23.255243	0.552670
9.29	28.54	22.79	23.82	3.09	1.53	22.431296	24.227353	23.258029	0.552649
9.29	28.54	22.80	23.83	3.09	1.53	22.435501	24.228858	23.260817	0.552628
9.29	28.54	22.81	23.84	3.09	1.53	22.439710	24.230366	23.263609	0.552607
9.29	28.54	22.82	23.85	3.09	1.53	22.443923	24.231876	23.266404	0.552586
9.30	28.54	22.83	23.86	3.09	1.53	22.448139	24.233388	23.269203	0.552565
9.30	28.54	22.84	23.87	3.09	1.52	22.452359	24.234903	23.272004	0.552543
9.30	28.54	22.85	23.88	3.09	1.52	22.456583	24.236421	23.274809	0.552522
9.31	28.54	22.86	23.89	3.09	1.52	22.460811	24.237941	23.277617	0.552501
9.31	28.54	22.87	23.90	3.09	1.52	22.465042	24.239464	23.280428	0.552480
9.31	28.54	22.88	23.91	3.09	1.52	22.469277	24.240989	23.283243	0.552458
9.31	28.54	22.89	23.92	3.09	1.52	22.473516	24.242517	23.286061	0.552437
9.32	28.54	22.89	23.93	3.09	1.52	22.477759	24.244048	23.288881	0.552416
9.32	28.54	22.90	23.94	3.09	1.52	22.482006	24.245581	23.291705	0.552394
9.32	28.54	22.91	23.95	3.09	1.52	22.486256	24.247117	23.294533	0.552373
9.32	28.54	22.92	23.96	3.09	1.52	22.490510	24.248655	23.297363	0.552351
9.33	28.54	22.93	23.97	3.09	1.52	22.494768	24.250196	23.300197	0.552330
9.33	28.54	22.94	23.98	3.09	1.52	22.499029	24.251740	23.303034	0.552308
9.33	28.54	22.95	23.99	3.09	1.52	22.503295	24.253286	23.305874	0.552286
9.34	28.54	22.96	24.00	3.09	1.52	22.507564	24.254834	23.308717	0.552265
9.34	28.54	22.97	24.01	3.09	1.52	22.511837	24.256386	23.311564	0.552243
9.34	28.54	22.98	24.02	3.09	1.51	22.516113	24.257939	23.314413	0.552221
9.34	28.54	22.99	24.03	3.09	1.51	22.520394	24.259496	23.317266	0.552200
9.35	28.54	23.00	24.04	3.09	1.51	22.524678	24.261055	23.320122	0.552178
9.35	28.54	23.01	24.05	3.09	1.51	22.528966	24.262616	23.322981	0.552156
9.35	28.54	23.02	24.06	3.09	1.51	22.533257	24.264180	23.325844	0.552134
9.36	28.54	23.03	24.07	3.09	1.51	22.537552	24.265747	23.328709	0.552112
9.36	28.54	23.04	24.08	3.09	1.51	22.541852	24.267316	23.331578	0.552090
9.36	28.54	23.05	24.09	3.09	1.51	22.546154	24.268888	23.334450	0.552068
9.36	28.54	23.06	24.10	3.09	1.51	22.550461	24.270462	23.337325	0.552046
9.37	28.54	23.07	24.11	3.09	1.51	22.554771	24.272039	23.340204	0.552024
9.37	28.54	23.08	24.12	3.09	1.51	22.559085	24.273618	23.343085	0.552002
9.37	28.54	23.08	24.13	3.09	1.51	22.563403	24.275200	23.345970	0.551980
9.38	28.54	23.09	24.14	3.09	1.51	22.567724	24.276785	23.348858	0.551958
9.38	28.54	23.10	24.15	3.09	1.51	22.572049	24.278372	23.351749	0.551936
9.38	28.54	23.11	24.16	3.09	1.51	22.576378	24.279962	23.354643	0.551914
9.38	28.54	23.12	24.17	3.09	1.51	22.580710	24.281554	23.357540	0.551891
9.39	28.54	23.13	24.18	3.09	1.50	22.585047	24.283149	23.360441	0.551869
9.39	28.54	23.14	24.19	3.09	1.50	22.589387	24.284746	23.363344	0.551847
9.39	28.54	23.15	24.20	3.09	1.50	22.593730	24.286346	23.366251	0.551824
9.39	28.54	23.16	24.21	3.09	1.50	22.598078	24.287948	23.369161	0.551802
9.40	28.54	23.17	24.22	3.09	1.50	22.602429	24.289553	23.372074	0.551779
9.40	28.54	23.18	24.23	3.09	1.50	22.606783	24.291161	23.374991	0.551757
9.40	28.54	23.19	24.24	3.09	1.50	22.611142	24.292771	23.377910	0.551734
9.41	28.54	23.20	24.25	3.09	1.50	22.615504	24.294384	23.380833	0.551712
9.41	28.54	23.21	24.26	3.09	1.50	22.619870	24.295999	23.383759	0.551689
9.41	28.54	23.22	24.27	3.09	1.50	22.624239	24.297617	23.386687	0.551667
9.41	28.54	23.23	24.28	3.09	1.50	22.628612	24.299237	23.389620	0.551644
9.42	28.54	23.24	24.29	3.09	1.50	22.632989	24.300860	23.392555	0.551621
9.42	28.54	23.25	24.30	3.09	1.50	22.637369	24.302485	23.395493	0.551598
9.42	28.54	23.26	24.31	3.09	1.50	22.641754	24.304113	23.398435	0.551576
9.43	28.54	23.27	24.32	3.09	1.50	22.646141	24.305744	23.401379	0.551553
9.43	28.54	23.28	24.33	3.09	1.49	22.650533	24.307377	23.404327	0.551530
9.43	28.54	23.29	24.34	3.09	1.49	22.654928	24.309012	23.407278	0.551507
9.43	28.54	23.30	24.35	3.09	1.49	22.659327	24.310650	23.410232	0.551484
9.44	28.54	23.30	24.36	3.09	1.49	22.663729	24.312291	23.413189	0.551461
9.44	28.54	23.31	24.37	3.09	1.49	22.668136	24.313934	23.416150	0.551438
9.44	28.54	23.32	24.38	3.09	1.49	22.672545	24.315580	23.419113	0.551415
9.44	28.54	23.33	24.39	3.09	1.49	22.676959	24.317228	23.422080	0.551392
9.45	28.54	23.34	24.40	3.09	1.49	22.681376	24.318879	23.425049	0.551369
9.45	28.54	23.35	24.41	3.09	1.49	22.685797	24.320532	23.428022	0.551346
9.45	28.54	23.36	24.42	3.09	1.49	22.690221	24.322188	23.430998	0.551322
9.46	28.54	23.37	24.43	3.09	1.49	22.694649	24.323846	23.433977	0.551299
9.46	28.54	23.38	24.44	3.09	1.49	22.699081	24.325507	23.436960	0.551276
9.46	28.54	23.39	24.45	3.09	1.49	22.703516	24.327171	23.439945	0.551252
9.46	28.54	23.40	24.46	3.09	1.49	22.707955	24.328837	23.442933	0.551229
9.47	28.54	23.41	24.47	3.09	1.48	22.712398	24.330505	23.445925	0.551206
9.47	28.54	23.42	24.48	3.09	1.48	22.716844	24.332176	23.448920	0.551182
9.47	28.54	23.43	24.49	3.09	1.48	22.721294	24.333850	23.451917	0.551159
9.47	28.54	23.44	24.50	3.09	1.48	22.725747	24.335526	23.454918	0.551135
9.48	28.54	23.45	24.51	3.09	1.48	22.730204	24.337205	23.457922	0.551111
9.48	28.54	23.46	24.52	3.09	1.48	22.734665	24.338886	23.460929	0.551088
9.48	28.54	23.47	24.53	3.09	1.48	22.739129	24.340569	23.463940	0.551064
9.49	28.54	23.48	24.54	3.09	1.48	22.743597	24.342256	23.466953	0.551040
9.49	28.54	23.49	24.55	3.09	1.48	22.748069	24.343944	23.469969	0.551017
9.49	28.54	23.50	24.56	3.09	1.48	22.752544	24.345636	23.472989	0.550993
9.49	28.54	23.51	24.57	3.09	1.48	22.757022	24.347329	23.476011	0.550969
9.50	28.54	23.52	24.58	3.09	1.48	22.761505	24.349026	23.479037	0.550945
9.50	28.54	23.53	24.59	3.09	1.48	22.765991	24.350724	23.482066	0.550921
9.50	28.54	23.54	24.60	3.09	1.48	22.770480	24.352426	23.485098	0.550897
9.51	28.54	23.55	24.61	3.09	1.48	22.774973	24.354129	23.488133	0.550873
9.51	28.54	23.56	24.62	3.09	1.47	22.779470	24.355836	23.491171	0.550849
9.51	28.54	23.57	24.63	3.09	1.47	22.783970	24.357545	23.494212	0.550825
9.51	28.54	23.58	24.64	3.09	1.47	22.788474	24.359256	23.497256	0.550801
9.52	28.54	23.58	24.65	3.09	1.47	22.792982	24.360970	23.500303	0.550777
9.52	28.54	23.59	24.66	3.09	1.47	22.797493	24.362686	23.503354	0.550752
9.52	28.54	23.60	24.67	3.09	1.47	22.802007	24.364405	23.506407	0.550728
9.53	28.54	23.61	24.68	3.09	1.47	22.806525	24.366126	23.509464	0.550704
9.53	28.54	23.62	24.69	3.09	1.47	22.811047	24.367850	23.512523	0.550679
9.53	28.54	23.63	24.70	3.09	1.47	22.815572	24.369577	23.515586	0.550655
9.53	28.54	23.64	24.71	3.09	1.47	22.820101	24.371306	23.518652	0.550631
9.54	28.54	23.65	24.72	3.09	1.47	22.824634	24.373037	23.521721	0.550606
9.54	28.54	23.66	24.73	3.09	1.47	22.829170	24.374771	23.524793	0.550581
9.54	28.54	23.67	24.74	3.09	1.47	22.833709	24.376507	23.527867	0.550557
9.54	28.54	23.68	24.75	3.09	1.47	22.838252	24.378246	23.530945	0.550532
9.55	28.54	23.69	24.76	3.09	1.46	22.842799	24.379988	23.534027	0.550508
9.55	28.54	23.70	24.77	3.09	1.46	22.847349	24.381732	23.537111	0.550483
9.55	28.54	23.71	24.78	3.09	1.46	22.851903	24.383478	23.540198	0.550458
9.56	28.54	23.72	24.79	3.09	1.46	22.856460	24.385227	23.543288	0.550433
9.56	28.54	23.73	24.80	3.09	1.46	22.861021	24.386978	23.546381	0.550408
9.56	28.54	23.74	24.81	3.09	1.46	22.865586	24.388732	23.549478	0.550384
9.56	28.54	23.75	24.82	3.09	1.46	22.870154	24.390488	23.552577	0.550359
9.57	28.54	23.76	24.83	3.09	1.46	22.874725	24.392247	23.555680	0.550334
9.57	28.54	23.77	24.84	3.09	1.46	22.879300	24.394009	23.558785	0.550309
9.57	28.54	23.78	24.85	3.09	1.46	22.883879	24.395773	23.561894	0.550283
9.57	28.54	23.79	24.87	3.10	1.46	22.888461	24.397539	23.565005	0.550258
9.58	28.54	23.80	24.88	3.10	1.46	22.893046	24.399308	23.568120	0.550233
9.58	28.54	23.81	24.89	3.10	1.46	22.897635	24.401079	23.571237	0.550208
9.58	28.54	23.82	24.90	3.10	1.45	22.902228	24.402853	23.574358	0.550183
9.59	28.54	23.83	24.91	3.10	1.45	22.906824	24.404629	23.577482	0.550157
9.59	28.54	23.84	24.92	3.10	1.45	22.911423	24.406408	23.580609	0.550132
9.59	28.54	23.85	24.93	3.10	1.45	22.916027	24.408189	23.583738	0.550107
9.59	28.54	23.86	24.94	3.10	1.45	22.920633	24.409973	23.586871	0.550081
9.60	28.54	23.87	24.95	3.10	1.45	22.925243	24.411759	23.590007	0.550056
9.60	28.54	23.88	24.96	3.10	1.45	22.929857	24.413548	23.593146	0.550030
9.60	28.54	23.89	24.97	3.10	1.45	22.934474	24.415339	23.596288	0.550004
9.61	28.54	23.90	24.98	3.10	1.45	22.939095	24.417132	23.599433	0.549979
9.61	28.54	23.91	24.99	3.10	1.45	22.943719	24.418928	23.602581	0.549953
9.61	28.54	23.92	25.00	3.10	1.45	22.948346	24.420727	23.605731	0.549927
9.61	28.54	23.93	25.01	3.10	1.45	22.952977	24.422528	23.608885	0.549902
9.62	28.54	23.94	25.02	3.10	1.45	22.957612	24.424332	23.612042	0.549876
9.62	28.54	23.95	25.03	3.10	1.45	22.962250	24.426138	23.615202	0.549850
9.62	28.54	23.96	25.04	3.10	1.44	22.966891	24.427946	23.618365	0.549824
9.62	28.54	23.97	25.05	3.10	1.44	22.971536	24.429757	23.621531	0.549798
9.63	28.54	23.97	25.06	3.10	1.44	22.976185	24.431570	23.624700	0.549772
9.63	28.54	23.98	25.07	3.10	1.44	22.980837	24.433386	23.627872	0.549746
9.63	28.54	23.99	25.08	3.10	1.44	22.985492	24.435205	23.631047	0.549720
9.64	28.54	24.00	25.09	3.10	1.44	22.990151	24.437025	23.634225	0.549693
9.64	28.54	24.01	25.10	3.10	1.44	22.994813	24.438849	23.637406	0.549667
9.64	28.54	24.02	25.11	3.10	1.44	22.999479	24.440674	23.640590	0.549641
9.64	28.54	24.03	25.12	3.10	1.44	23.004148	24.442503	23.643777	0.549615
9.65	28.54	24.04	25.13	3.10	1.44	23.008821	24.444333	23.646967	0.549588
9.65	28.54	24.05	25.14	3.10	1.44	23.013497	24.446166	23.650160	0.549562
9.65	28.54	24.06	25.15	3.10	1.44	23.018177	24.448002	23.653356	0.549535
9.66	28.54	24.07	25.16	3.10	1.44	23.022860	24.449840	23.656555	0.549509
9.66	28.54	24.08	25.17	3.10	1.43	23.027546	24.451680	23.659757	0.549482
9.66	28.54	24.09	25.18	3.10	1.43	23.032236	24.453523	23.662962	0.549456
9.66	28.54	24.10	25.19	3.10	1.43	23.036929	24.455369	23.666170	0.549429
9.67	28.54	24.11	25.20	3.10	1.43	23.041626	24.457216	23.669381	0.549402
9.67	28.54	24.12	25.21	3.10	1.43	23.046326	24.459067	23.672594	0.549375
9.67	28.54	24.13	25.22	3.10	1.43	23.051030	24.460919	23.675811	0.549348
9.68	28.54	24.14	25.23	3.10	1.43	23.055737	24.462775	23.679031	0.549322
9.68	28.54	24.15	25.24	3.10	1.43	23.060447	24.464632	23.682254	0.549295
9.68	28.54	24.16	25.25	3.10	1.43	23.065161	24.466492	23.685479	0.549268
9.68	28.54	24.17	25.27	3.10	1.43	23.069878	24.468355	23.688708	0.549240
9.69	28.54	24.18	25.28	3.10	1.43	23.074599	24.470220	23.691940	0.549213
9.69	28.54	24.19	25.29	3.10	1.43	23.079323	24.472087	23.695174	0.549186
9.69	28.54	24.20	25.30	3.10	1.42	23.084050	24.473957	23.698412	0.549159
9.69	28.54	24.21	25.31	3.10	1.42	23.088781	24.475829	23.701652	0.549132
9.70	28.54	24.22	25.32	3.10	1.42	23.093516	24.477704	23.704896	0.549104
9.70	28.54	24.23	25.33	3.10	1.42	23.098253	24.479581	23.708142	0.549077
9.70	28.54	24.24	25.34	3.10	1.42	23.102994	24.481461	23.711392	0.549050
9.71	28.54	24.25	25.35	3.10	1.42	23.107739	24.483343	23.714644	0.549022
9.71	28.54	24.26	25.36	3.10	1.42	23.112487	24.485227	23.717899	0.548995
9.71	28.54	24.27	25.37	3.10	1.42	23.117238	24.487114	23.721157	0.548967
9.71	28.54	24.28	25.38	3.10	1.42	23.121993	24.489003	23.724419	0.548939
9.72	28.54	24.29	25.39	3.10	1.42	23.126751	24.490895	23.727683	0.548912
9.72	28.54	24.30	25.40	3.10	1.42	23.131512	24.492789	23.730950	0.548884
9.72	28.54	24.31	25.41	3.10	1.42	23.136277	24.494686	23.734220	0.548856
9.72	28.54	24.32	25.42	3.10	1.42	23.141045	24.496585	23.737493	0.548828
9.73	28.54	24.33	25.43	3.10	1.41	23.145816	24.498486	23.740769	0.548800
9.73	28.54	24.34	25.44	3.10	1.41	23.150591	24.500390	23.744047	0.548772
9.73	28.54	24.35	25.45	3.10	1.41	23.155369	24.502297	23.747329	0.548744
9.74	28.54	24.36	25.46	3.10	1.41	23.160151	24.504205	23.750614	0.548716
9.74	28.54	24.37	25.47	3.10	1.41	23.164936	24.506117	23.753901	0.548688
9.74	28.54	24.38	25.48	3.10	1.41	23.169724	24.508030	23.757192	0.548660
9.74	28.54	24.39	25.49	3.10	1.41	23.174516	24.509946	23.760485	0.548631
9.75	28.54	24.40	25.50	3.10	1.41	23.179311	24.511865	23.763781	0.548603
9.75	28.54	24.41	25.51	3.10	1.41	23.184109	24.513785	23.767081	0.548575
9.75	28.54	24.42	25.52	3.10	1.41	23.188911	24.515709	23.770383	0.548546
9.76	28.54	24.43	25.53	3.10	1.41	23.193716	24.517634	23.773688	0.548518
9.76	28.54	24.44	25.54	3.10	1.41	23.198524	24.519562	23.776996	0.548489
9.76	28.54	24.45	25.55	3.10	1.40	23.203336	24.521493	23.780307	0.548460
9.76	28.54	24.46	25.56	3.10	1.40	23.208151	24.523426	23.783620	0.548432
9.77	28.54	24.47	25.57	3.10	1.40	23.212969	24.525361	23.786937	0.548403
9.77	28.54	24.48	25.59	3.10	1.40	23.217791	24.527299	23.790257	0.548374
9.77	28.54	24.49	25.60	3.10	1.40	23.222616	24.529239	23.793579	0.548345
9.78	28.54	24.50	25.61	3.10	1.40	23.227444	24.531181	23.796905	0.548316
9.78	28.54	24.51	25.62	3.10	1.40	23.232276	24.533126	23.800233	0.548287
9.78	28.54	24.52	25.63	3.10	1.40	23.237111	24.535074	23.803564	0.548258
9.78	28.54	24.53	25.64	3.10	1.40	23.241949	24.537023	23.806898	0.548229
9.79	28.54	24.54	25.65	3.10	1.40	23.246791	24.538975	23.810235	0.548200
9.79	28.54	24.55	25.66	3.10	1.40	23.251635	24.540930	23.813575	0.548171
9.79	28.54	24.56	25.67	3.10	1.40	23.256484	24.542887	23.816918	0.548142
9.79	28.54	24.57	25.68	3.10	1.39	23.261335	24.544846	23.820263	0.548112
9.80	28.54	24.58	25.69	3.10	1.39	23.266190	24.546808	23.823612	0.548083
9.80	28.54	24.59	25.70	3.10	1.39	23.271048	24.548772	23.826963	0.548053
9.80	28.54	24.60	25.71	3.10	1.39	23.275909	24.550738	23.830317	0.548024
9.81	28.54	24.61	25.72	3.10	1.39	23.280774	24.552707	23.833674	0.547994
9.81	28.54	24.62	25.73	3.10	1.39	23.285642	24.554679	23.837034	0.547965
9.81	28.54	24.63	25.74	3.10	1.39	23.290513	24.556652	23.840397	0.547935
9.81	28.54	24.64	25.75	3.10	1.39	23.295387	24.558628	23.843763	0.547905
9.82	28.54	24.65	25.76	3.10	1.39	23.300265	24.560607	23.847132	0.547875
9.82	28.54	24.66	25.77	3.10	1.39	23.305146	24.562588	23.850503	0.547845
9.82	28.54	24.67	25.78	3.10	1.39	23.310030	24.564571	23.853877	0.547815
9.82	28.54	24.68	25.79	3.10	1.38	23.314918	24.566556	23.857255	0.547785
9.83	28.54	24.69	25.80	3.10	1.38	23.319809	24.568544	23.860635	0.547755
9.83	28.54	24.70	25.81	3.10	1.38	23.324703	24.570535	23.864018	0.547725
9.83	28.54	24.71	25.82	3.10	1.38	23.329600	24.572528	23.867403	0.547695
9.84	28.54	24.72	25.83	3.10	1.38	23.334500	24.574523	23.870792	0.547664
9.84	28.54	24.73	25.84	3.10	1.38	23.339404	24.576520	23.874183	0.547634
9.84	28.54	24.74	25.86	3.10	1.38	23.344311	24.578520	23.877578	0.547604
9.84	28.54	24.75	25.87	3.11	1.38	23.349222	24.580522	23.880975	0.547573
9.85	28.54	24.76	25.88	3.11	1.38	23.354135	24.582527	23.884375	0.547543
9.85	28.54	24.77	25.89	3.11	1.38	23.359052	24.584534	23.887778	0.547512
9.85	28.54	24.78	25.90	3.11	1.38	23.363972	24.586543	23.891183	0.547481
9.86	28.54	24.79	25.91	3.11	1.38	23.368895	24.588555	23.894592	0.547450
9.86	28.54	24.80	25.92	3.11	1.37	23.373822	24.590569	23.898003	0.547420
9.86	28.54	24.81	25.93	3.11	1.37	23.378751	24.592586	23.901417	0.547389
9.86	28.54	24.82	25.94	3.11	1.37	23.383684	24.594604	23.904834	0.547358
9.87	28.54	24.83	25.95	3.11	1.37	23.388621	24.596626	23.908254	0.547327
9.87	28.54	24.84	25.96	3.11	1.37	23.393560	24.598649	23.911677	0.547296
9.87	28.54	24.85	25.97	3.11	1.37	23.398502	24.600675	23.915102	0.547264
9.88	28.54	24.86	25.98	3.11	1.37	23.403448	24.602703	23.918531	0.547233
9.88	28.54	24.87	25.99	3.11	1.37	23.408397	24.604734	23.921962	0.547202
9.88	28.54	24.88	26.00	3.11	1.37	23.413349	24.606767	23.925396	0.547170
9.88	28.54	24.89	26.01	3.11	1.37	23.418305	24.608802	23.928832	0.547139
9.89	28.54	24.90	26.02	3.11	1.37	23.423264	24.610840	23.932272	0.547107
9.89	28.54	24.91	26.03	3.11	1.36	23.428225	24.612880	23.935714	0.547076
9.89	28.54	24.92	26.04	3.11	1.36	23.433190	24.614922	23.939160	0.547044
9.89	28.54	24.93	26.05	3.11	1.36	23.438159	24.616967	23.942608	0.547012
9.90	28.54	24.94	26.06	3.11	1.36	23.443130	24.619014	23.946058	0.546981
9.90	28.54	24.95	26.07	3.11	1.36	23.448104	24.621064	23.949512	0.546949
9.90	28.54	24.96	26.08	3.11	1.36	23.453082	24.623115	23.952968	0.546917
9.91	28.54	24.97	26.09	3.11	1.36	23.458063	24.625170	23.956428	0.546885
9.91	28.54	24.98	26.11	3.11	1.36	23.463047	24.627226	23.959890	0.546853
9.91	28.54	24.99	26.12	3.11	1.36	23.468034	24.629285	23.963354	0.546820
9.91	28.54	25.00	26.13	3.11	1.36	23.473025	24.631346	23.966822	0.546788
9.92	28.54	25.01	26.14	3.11	1.35	23.478019	24.633410	23.970292	0.546756
9.92	28.54	25.02	26.15	3.11	1.35	23.483015	24.635475	23.973765	0.546723
9.92	28.54	25.03	26.16	3.11	1.35	23.488015	24.637544	23.977241	0.546691
9.93	28.54	25.04	26.17	3.11	1.35	23.493018	24.639614	23.980720	0.546658
9.93	28.54	25.05	26.18	3.11	1.35	23.498025	24.641687	23.984202	0.546626
9.93	28.54	25.06	26.19	3.11	1.35	23.503034	24.643762	23.987686	0.546593
9.93	28.54	25.07	26.20	3.11	1.35	23.508047	24.645840	23.991173	0.546560
9.94	28.54	25.08	26.21	3.11	1.35	23.513062	24.647920	23.994663	0.546527
9.94	28.54	25.09	26.22	3.11	1.35	23.518081	24.650002	23.998155	0.546494
9.94	28.54	25.10	26.23	3.11	1.35	23.523103	24.652086	24.001651	0.546461
9.94	28.54	25.11	26.24	3.11	1.35	23.528128	24.654173	24.005149	0.546428
9.95	28.54	25.12	26.25	3.11	1.34	23.533156	24.656262	24.008650	0.546395
9.95	28.54	25.13	26.26	3.11	1.34	23.538188	24.658354	24.012153	0.546362
9.95	28.54	25.14	26.27	3.11	1.34	23.543222	24.660447	24.015660	0.546328
9.96	28.54	25.15	26.28	3.11	1.34	23.548260	24.662544	24.019169	0.546295
9.96	28.54	25.16	26.29	3.11	1.34	23.553301	24.664642	24.022681	0.546262
9.96	28.54	25.17	26.30	3.11	1.34	23.558344	24.666743	24.026196	0.546228
9.96	28.54	25.18	26.31	3.11	1.34	23.563391	24.668846	24.029713	0.546194
9.97	28.54	25.19	26.32	3.11	1.34	23.568441	24.670951	24.033233	0.546161
9.97	28.54	25.20	26.34	3.11	1.34	23.573495	24.673059	24.036756	0.546127
9.97	28.54	25.21	26.35	3.11	1.34	23.578551	24.675169	24.040282	0.546093
9.97	28.54	25.22	26.36	3.11	1.33	23.583610	24.677281	24.043810	0.546059
9.98	28.54	25.23	26.37	3.11	1.33	23.588673	24.679396	24.047341	0.546025
9.98	28.54	25.24	26.38	3.11	1.33	23.593738	24.681513	24.050875	0.545991
9.98	28.54	25.25	26.39	3.11	1.33	23.598807	24.683632	24.054412	0.545956
9.99	28.54	25.26	26.40	3.11	1.33	23.603879	24.685754	24.057951	0.545922
9.99	28.54	25.27	26.41	3.11	1.33	23.608954	24.687878	24.061493	0.545888
9.99	28.54	25.28	26.42	3.11	1.33	23.614032	24.690004	24.065038	0.545853
9.99	28.54	25.29	26.43	3.11	1.33	23.619113	24.692132	24.068586	0.545819
10.00	28.54	25.30	26.44	3.11	1.33	23.624197	24.694263	24.072136	0.545784
10.00	28.54	25.31	26.45	3.11	1.33	23.629284	24.696396	24.075689	0.545749
10.00	28.54	25.32	26.46	3.11	1.32	23.634374	24.698532	24.079245	0.545715
10.01	28.54	25.33	26.47	3.11	1.32	23.639468	24.700669	24.082803	0.545680
10.01	28.54	25.34	26.48	3.11	1.32	23.644564	24.702809	24.086364	0.545645
10.01	28.54	25.35	26.49	3.11	1.32	23.649663	24.704951	24.089928	0.545610
10.01	28.54	25.36	26.50	3.11	1.32	23.654766	24.707096	24.093494	0.545574
10.02	28.54	25.37	26.51	3.11	1.32	23.659872	24.709243	24.097064	0.545539
10.02	28.54	25.38	26.52	3.11	1.32	23.664980	24.711392	24.100636	0.545504
10.02	28.54	25.39	26.53	3.11	1.32	23.670092	24.713543	24.104210	0.545468
10.03	28.54	25.40	26.54	3.11	1.32	23.675207	24.715697	24.107788	0.545433
10.03	28.54	25.41	26.56	3.11	1.32	23.680324	24.717853	24.111368	0.545397
10.03	28.54	25.42	26.57	3.11	1.31	23.685445	24.720011	24.114951	0.545362
10.03	28.54	25.43	26.58	3.11	1.31	23.690569	24.722172	24.118536	0.545326
10.04	28.54	25.44	26.59	3.11	1.31	23.695696	24.724335	24.122124	0.545290
10.04	28.54	25.45	26.60	3.11	1.31	23.700826	24.726500	24.125715	0.545254
10.04	28.54	25.46	26.61	3.11	1.31	23.705959	24.728667	24.129309	0.545218
10.04	28.54	25.47	26.62	3.11	1.31	23.711095	24.730837	24.132905	0.545182
10.05	28.54	25.48	26.63	3.11	1.31	23.716234	24.733009	24.136504	0.545145
10.05	28.54	25.49	26.64	3.11	1.31	23.721376	24.735183	24.140105	0.545109
10.05	28.54	25.50	26.65	3.11	1.31	23.726521	24.737359	24.143710	0.545073
10.06	28.54	25.51	26.66	3.11	1.31	23.731669	24.739538	24.147317	0.545036
10.06	28.54	25.52	26.67	3.11	1.30	23.736820	24.741719	24.150926	0.544999
10.06	28.54	25.53	26.68	3.11	1.30	23.741974	24.743903	24.154538	0.544963
10.06	28.54	25.54	26.69	3.11	1.30	23.747131	24.746088	24.158153	0.544926
10.07	28.54	25.55	26.70	3.11	1.30	23.752291	24.748276	24.161771	0.544889
10.07	28.54	25.56	26.71	3.11	1.30	23.757454	24.750466	24.165391	0.544852
10.07	28.54	25.57	26.72	3.11	1.30	23.762620	24.752658	24.169014	0.544815
10.07	28.54	25.58	26.73	3.11	1.30	23.767789	24.754853	24.172640	0.544778
10.08	28.54	25.59	26.74	3.11	1.30	23.772961	24.757050	24.176268	0.544740
10.08	28.54	25.60	26.76	3.11	1.30	23.778136	24.759249	24.179899	0.544703
10.08	28.54	25.61	26.77	3.11	1.29	23.783314	24.761450	24.183532	0.544665
10.09	28.54	25.62	26.78	3.11	1.29	23.788495	24.763654	24.187169	0.544628
10.09	28.54	25.63	26.79	3.11	1.29	23.793679	24.765860	24.190808	0.544590
10.09	28.54	25.64	26.80	3.12	1.29	23.798866	24.768068	24.194449	0.544552
10.09	28.54	25.65	26.81	3.12	1.29	23.804056	24.770278	24.198093	0.544514
10.10	28.54	25.66	26.82	3.12	1.29	23.809249	24.772491	24.201740	0.544476
10.10	28.54	25.67	26.83	3.12	1.29	23.814444	24.774706	24.205389	0.544438
10.10	28.54	25.68	26.84	3.12	1.29	23.819643	24.776923	24.209041	0.544400
10.11	28.54	25.69	26.85	3.12	1.29	23.824845	24.779142	24.212696	0.544362
10.11	28.54	25.70	26.86	3.12	1.29	23.830050	24.781364	24.216353	0.544323
10.11	28.54	25.72	26.87	3.12	1.28	23.835257	24.783588	24.220013	0.544285
10.11	28.54	25.73	26.88	3.12	1.28	23.840468	24.785814	24.223676	0.544246
10.12	28.54	25.74	26.89	3.12	1.28	23.845681	24.788042	24.227341	0.544207
10.12	28.54	25.75	26.90	3.12	1.28	23.850898	24.790273	24.231009	0.544169
10.12	28.54	25.76	26.91	3.12	1.28	23.856117	24.792506	24.234679	0.544130
10.12	28.54	25.77	26.92	3.12	1.28	23.861339	24.794741	24.238353	0.544091
10.13	28.54	25.78	26.93	3.12	1.28	23.866565	24.796978	24.242028	0.544051
10.13	28.54	25.79	26.94	3.12	1.28	23.871793	24.799218	24.245707	0.544012
10.13	28.54	25.80	26.96	3.12	1.28	23.877024	24.801459	24.249387	0.543973
10.14	28.54	25.81	26.97	3.12	1.27	23.882258	24.803703	24.253071	0.543933
10.14	28.54	25.82	26.98	3.12	1.27	23.887495	24.805950	24.256757	0.543894
10.14	28.54	25.83	26.99	3.12	1.27	23.892735	24.808198	24.260446	0.543854
10.14	28.54	25.84	27.00	3.12	1.27	23.897978	24.810449	24.264137	0.543814
10.15	28.54	25.85	27.01	3.12	1.27	23.903223	24.812701	24.267831	0.543774
10.15	28.54	25.86	27.02	3.12	1.27	23.908472	24.814957	24.271527	0.543734
10.15	28.54	25.87	27.03	3.12	1.27	23.913724	24.817214	24.275227	0.543694
10.16	28.54	25.88	27.04	3.12	1.27	23.918978	24.819473	24.278928	0.543653
10.16	28.54	25.89	27.05	3.12	1.26	23.924235	24.821735	24.282632	0.543613
10.16	28.54	25.90	27.06	3.12	1.26	23.929495	24.823999	24.286339	0.543572
10.16	28.54	25.91	27.07	3.12	1.26	23.934759	24.826265	24.290049	0.543532
10.17	28.54	25.92	27.08	3.12	1.26	23.940025	24.828534	24.293761	0.543491
10.17	28.54	25.93	27.09	3.12	1.26	23.945293	24.830804	24.297475	0.543450
10.17	28.54	25.94	27.10	3.12	1.26	23.950565	24.833077	24.301193	0.543409
10.18	28.54	25.95	27.11	3.12	1.26	23.955840	24.835352	24.304912	0.543368
10.18	28.54	25.96	27.12	3.12	1.26	23.961117	24.837629	24.308635	0.543327
10.18	28.54	25.97	27.13	3.12	1.26	23.966398	24.839909	24.312360	0.543285
10.18	28.54	25.98	27.14	3.12	1.25	23.971681	24.842190	24.316087	0.543244
10.19	28.54	25.99	27.16	3.12	1.25	23.976967	24.844474	24.319817	0.543202
10.19	28.54	26.00	27.17	3.12	1.25	23.982256	24.846760	24.323550	0.543161
10.19	28.54	26.01	27.18	3.12	1.25	23.987548	24.849048	24.327285	0.543119
10.19	28.54	26.02	27.19	3.12	1.25	23.992843	24.851339	24.331022	0.543077
10.20	28.54	26.03	27.20	3.12	1.25	23.998140	24.853631	24.334763	0.543035
10.20	28.54	26.04	27.21	3.12	1.25	24.003440	24.855926	24.338505	0.542992
10.20	28.54	26.05	27.22	3.12	1.25	24.008744	24.858223	24.342251	0.542950
10.21	28.54	26.06	27.23	3.12	1.24	24.014050	24.860522	24.345999	0.542907
10.21	28.54	26.07	27.24	3.12	1.24	24.019359	24.862823	24.349749	0.542865
10.21	28.54	26.08	27.25	3.12	1.24	24.024670	24.865127	24.353502	0.542822
10.21	28.54	26.09	27.26	3.12	1.24	24.029985	24.867433	24.357258	0.542779
10.22	28.54	26.10	27.27	3.12	1.24	24.035302	24.869741	24.361016	0.542736
10.22	28.54	26.11	27.28	3.12	1.24	24.040623	24.872051	24.364776	0.542693
10.22	28.54	26.12	27.29	3.12	1.24	24.045946	24.874363	24.368539	0.542650
10.22	28.54	26.13	27.30	3.12	1.24	24.051272	24.876677	24.372305	0.542606
10.23	28.54	26.14	27.31	3.12	1.24	24.056600	24.878994	24.376073	0.542563
10.23	28.54	26.15	27.32	3.12	1.23	24.061932	24.881313	24.379844	0.542519
10.23	28.54	26.16	27.33	3.12	1.23	24.067266	24.883634	24.383617	0.542475
10.24	28.54	26.17	27.35	3.12	1.23	24.072603	24.885957	24.387393	0.542431
10.24	28.54	26.18	27.36	3.12	1.23	24.077943	24.888282	24.391171	0.542387
10.24	28.54	26.19	27.37	3.12	1.23	24.083286	24.890610	24.394952	0.542343
10.24	28.54	26.20	27.38	3.12	1.23	24.088632	24.892939	24.398735	0.542299
10.25	28.54	26.21	27.39	3.12	1.23	24.093980	24.895271	24.402521	0.542254
10.25	28.54	26.22	27.40	3.12	1.23	24.099331	24.897605	24.406309	0.542209
10.25	28.54	26.24	27.41	3.12	1.22	24.104685	24.899941	24.410100	0.542165
10.26	28.54	26.25	27.42	3.12	1.22	24.110042	24.902280	24.413893	0.542120
10.26	28.54	26.26	27.43	3.12	1.22	24.115401	24.904620	24.417689	0.542074
10.26	28.54	26.27	27.44	3.12	1.22	24.120763	24.906963	24.421487	0.542029
10.26	28.54	26.28	27.45	3.12	1.22	24.126129	24.909308	24.425288	0.541984
10.27	28.54	26.29	27.46	3.12	1.22	24.131496	24.911655	24.429091	0.541938
10.27	28.54	26.30	27.47	3.12	1.22	24.136867	24.914004	24.432897	0.541893
10.27	28.54	26.31	27.48	3.12	1.22	24.142240	24.916355	24.436705	0.541847
10.28	28.54	26.32	27.49	3.12	1.21	24.147616	24.918708	24.440516	0.541801
10.28	28.54	26.33	27.50	3.12	1.21	24.152995	24.921064	24.444329	0.541755
10.28	28.54	26.34	27.51	3.12	1.21	24.158377	24.923421	24.448145	0.541708
10.28	28.54	26.35	27.53	3.12	1.21	24.163761	24.925781	24.451963	0.541662
10.29	28.54	26.36	27.54	3.12	1.21	24.169148	24.928143	24.455784	0.541615
10.29	28.54	26.37	27.55	3.12	1.21	24.174538	24.930507	24.459607	0.541569
10.29	28.54	26.38	27.56	3.12	1.21	24.179931	24.932874	24.463433	0.541522
10.29	28.54	26.39	27.57	3.12	1.20	24.185326	24.935242	24.467261	0.541475
10.30	28.54	26.40	27.58	3.12	1.20	24.190725	24.937613	24.471091	0.541427
10.30	28.54	26.41	27.59	3.12	1.20	24.196125	24.939985	24.474924	0.541380
10.30	28.54	26.42	27.60	3.12	1.20	24.201529	24.942360	24.478760	0.541332
10.31	28.54	26.43	27.61	3.12	1.20	24.206935	24.944737	24.482598	0.541285
10.31	28.54	26.44	27.62	3.12	1.20	24.212344	24.947116	24.486438	0.541237
10.31	28.54	26.45	27.63	3.12	1.20	24.217756	24.949497	24.490281	0.541189
10.31	28.54	26.46	27.64	3.12	1.20	24.223171	24.951881	24.494126	0.541140
10.32	28.54	26.47	27.65	3.12	1.19	24.228588	24.954266	24.497974	0.541092
10.32	28.54	26.48	27.66	3.12	1.19	24.234008	24.956654	24.501824	0.541043
10.32	28.54	26.49	27.67	3.13	1.19	24.239430	24.959043	24.505676	0.540995
10.32	28.54	26.50	27.68	3.13	1.19	24.244856	24.961435	24.509531	0.540946
10.33	28.54	26.51	27.69	3.13	1.19	24.250284	24.963829	24.513389	0.540897
10.33	28.54	26.52	27.70	3.13	1.19	24.255714	24.966225	24.517249	0.540847
10.33	28.54	26.53	27.72	3.13	1.19	24.261148	24.968623	24.521111	0.540798
10.34	28.54	26.54	27.73	3.13	1.18	24.266584	24.971023	24.524976	0.540748
10.34	28.54	26.55	27.74	3.13	1.18	24.272023	24.973426	24.528843	0.540699
10.34	28.54	26.56	27.75	3.13	1.18	24.277464	24.975830	24.532712	0.540649
10.34	28.54	26.57	27.76	3.13	1.18	24.282908	24.978237	24.536584	0.540599
10.35	28.54	26.58	27.77	3.13	1.18	24.288355	24.980646	24.540459	0.540548
10.35	28.54	26.59	27.78	3.13	1.18	24.293805	24.983057	24.544336	0.540498
10.35	28.54	26.60	27.79	3.13	1.18	24.299257	24.985469	24.548215	0.540447
10.36	28.54	26.61	27.80	3.13	1.17	24.304712	24.987884	24.552096	0.540396
10.36	28.54	26.62	27.81	3.13	1.17	24.310169	24.990302	24.555980	0.540345
10.36	28.54	26.63	27.82	3.13	1.17	24.315630	24.992721	24.559867	0.540294
10.36	28.54	26.64	27.83	3.13	1.17	24.321093	24.995142	24.563756	0.540242
10.37	28.54	26.66	27.84	3.13	1.17	24.326558	24.997566	24.567647	0.540191
10.37	28.54	26.67	27.85	3.13	1.17	24.332026	24.999991	24.571541	0.540139
10.37	28.54	26.68	27.86	3.13	1.17	24.337497	25.002419	24.575437	0.540087
10.38	28.54	26.69	27.87	3.13	1.16	24.342971	25.004848	24.579335	0.540035
10.38	28.54	26.70	27.88	3.13	1.16	24.348447	25.007280	24.583236	0.539982
10.38	28.54	26.71	27.90	3.13	1.16	24.353926	25.009714	24.587139	0.539930
10.38	28.54	26.72	27.91	3.13	1.16	24.359407	25.012150	24.591045	0.539877
10.39	28.54	26.73	27.92	3.13	1.16	24.364891	25.014588	24.594953	0.539824
10.39	28.54	26.74	27.93	3.13	1.16	24.370378	25.017028	24.598863	0.539770
10.39	28.54	26.75	27.94	3.13	1.16	24.375867	25.019470	24.602776	0.539717
10.39	28.54	26.76	27.95	3.13	1.15	24.381359	25.021915	24.606691	0.539663
10.40	28.54	26.77	27.96	3.13	1.15	24.386854	25.024361	24.610608	0.539609
10.40	28.54	26.78	27.97	3.13	1.15	24.392351	25.026809	24.614528	0.539555
10.40	28.54	26.79	27.98	3.13	1.15	24.397851	25.029260	24.618450	0.539501
10.41	28.54	26.80	27.99	3.13	1.15	24.403353	25.031712	24.622375	0.539447
10.41	28.54	26.81	28.00	3.13	1.15	24.408858	25.034167	24.626302	0.539392
10.41	28.54	26.82	28.01	3.13	1.15	24.414366	25.036624	24.630231	0.539337
10.41	28.54	26.83	28.02	3.13	1.14	24.419876	25.039082	24.634162	0.539282
10.42	28.54	26.84	28.03	3.13	1.14	24.425389	25.041543	24.638096	0.539226
10.42	28.54	26.85	28.04	3.13	1.14	24.430904	25.044006	24.642033	0.539171
10.42	28.54	26.86	28.05	3.13	1.14	24.436422	25.046471	24.645971	0.539115
10.43	28.54	26.87	28.06	3.13	1.14	24.441943	25.048938	24.649912	0.539059
10.43	28.54	26.88	28.08	3.13	1.14	24.447466	25.051407	24.653856	0.539002
10.43	28.54	26.89	28.09	3.13	1.13	24.452992	25.053878	24.657801	0.538946
10.43	28.54	26.90	28.10	3.13	1.13	24.458520	25.056352	24.661749	0.538889
10.44	28.54	26.91	28.11	3.13	1.13	24.464051	25.058827	24.665699	0.538832
10.44	28.54	26.92	28.12	3.13	1.13	24.469585	25.061304	24.669652	0.538775
10.44	28.54	26.93	28.13	3.13	1.13	24.475121	25.063783	24.673607	0.538717
10.44	28.54	26.94	28.14	3.13	1.13	24.480659	25.066265	24.677564	0.538660
10.45	28.54	26.95	28.15	3.13	1.12	24.486201	25.068748	24.681524	0.538602
10.45	28.54	26.96	28.16	3.13	1.12	24.491745	25.071234	24.685486	0.538543
10.45	28.54	26.97	28.17	3.13	1.12	24.497291	25.073721	24.689450	0.538485
10.46	28.54	26.98	28.18	3.13	1.12	24.502840	25.076211	24.693417	0.538426
10.46	28.54	26.99	28.19	3.13	1.12	24.508391	25.078702	24.697386	0.538367
10.46	28.54	27.00	28.20	3.13	1.12	24.513945	25.081196	24.701357	0.538308
10.46	28.54	27.01	28.21	3.13	1.11	24.519502	25.083692	24.705330	0.538248
10.47	28.54	27.03	28.22	3.13	1.11	24.525061	25.086189	24.709306	0.538189
10.47	28.54	27.04	28.23	3.13	1.11	24.530623	25.088689	24.713284	0.538128
10.47	28.54	27.05	28.24	3.13	1.11	24.536187	25.091191	24.717264	0.538068
10.47	28.54	27.06	28.26	3.13	1.11	24.541754	25.093694	24.721247	0.538008
10.48	28.54	27.07	28.27	3.13	1.11	24.547323	25.096200	24.725232	0.537947
10.48	28.54	27.08	28.28	3.13	1.10	24.552895	25.098708	24.729219	0.537886
10.48	28.54	27.09	28.29	3.13	1.10	24.558469	25.101218	24.733209	0.537824
10.49	28.54	27.10	28.30	3.13	1.10	24.564046	25.103730	24.737200	0.537762
10.49	28.54	27.11	28.31	3.13	1.10	24.569625	25.106244	24.741194	0.537700
10.49	28.54	27.12	28.32	3.13	1.10	24.575207	25.108760	24.745191	0.537638
10.49	28.54	27.13	28.33	3.13	1.10	24.580791	25.111277	24.749189	0.537576
10.50	28.54	27.14	28.34	3.13	1.09	24.586378	25.113797	24.753190	0.537513
10.50	28.54	27.15	28.35	3.13	1.09	24.591968	25.116319	24.757193	0.537450
10.50	28.54	27.16	28.36	3.13	1.09	24.597560	25.118843	24.761199	0.537386
10.51	28.54	27.17	28.37	3.13	1.09	24.603154	25.121369	24.765206	0.537322
10.51	28.54	27.18	28.38	3.13	1.09	24.608751	25.123897	24.769216	0.537258
10.51	28.54	27.19	28.39	3.13	1.09	24.614350	25.126427	24.773228	0.537194
10.51	28.54	27.20	28.40	3.13	1.08	24.619952	25.128959	24.777243	0.537129
10.52	28.54	27.21	28.41	3.13	1.08	24.625557	25.131493	24.781259	0.537064
10.52	28.54	27.22	28.42	3.13	1.08	24.631163	25.134029	24.785278	0.536999
10.52	28.54	27.23	28.44	3.13	1.08	24.636773	25.136567	24.789299	0.536933
10.53	28.54	27.24	28.45	3.13	1.08	24.642385	25.139107	24.793323	0.536867
10.53	28.54	27.25	28.46	3.13	1.08	24.647999	25.141649	24.797348	0.536801
10.53	28.54	27.26	28.47	3.13	1.07	24.653616	25.144193	24.801376	0.536735
10.53	28.54	27.27	28.48	3.13	1.07	24.659235	25.146739	24.805406	0.536668
10.54	28.54	27.28	28.49	3.13	1.07	24.664857	25.149287	24.809438	0.536600
10.54	28.54	27.29	28.50	3.13	1.07	24.670481	25.151837	24.813473	0.536533
10.54	28.54	27.30	28.51	3.13	1.07	24.676107	25.154388	24.817510	0.536465
10.54	28.54	27.31	28.52	3.14	1.06	24.681737	25.156942	24.821549	0.536396
10.55	28.54	27.32	28.53	3.14	1.06	24.687368	25.159498	24.825590	0.536328
10.55	28.54	27.33	28.54	3.14	1.06	24.693002	25.162056	24.829633	0.536259
10.55	28.54	27.34	28.55	3.14	1.06	24.698639	25.164616	24.833679	0.536189
10.56	28.54	27.35	28.56	3.14	1.06	24.704277	25.167177	24.837727	0.536119
10.56	28.54	27.36	28.57	3.14	1.05	24.709919	25.169741	24.841777	0.536049
10.56	28.54	27.38	28.58	3.14	1.05	24.715562	25.172307	24.845829	0.535979
10.56	28.54	27.39	28.59	3.14	1.05	24.721209	25.174875	24.849883	0.535908
10.57	28.54	27.40	28.60	3.14	1.05	24.726857	25.177444	24.853940	0.535837
10.57	28.54	27.41	28.62	3.14	1.05	24.732508	25.180016	24.857998	0.535765
10.57	28.54	27.42	28.63	3.14	1.04	24.738162	25.182589	24.862059	0.535693
10.57	28.54	27.43	28.64	3.14	1.04	24.743818	25.185165	24.866123	0.535620
10.58	28.54	27.44	28.65	3.14	1.04	24.749476	25.187742	24.870188	0.535547
10.58	28.54	27.45	28.66	3.14	1.04	24.755137	25.190322	24.874255	0.535474
10.58	28.54	27.46	28.67	3.14	1.04	24.760800	25.192903	24.878325	0.535400
10.59	28.54	27.47	28.68	3.14	1.03	24.766466	25.195487	24.882397	0.535326
10.59	28.54	27.48	28.69	3.14	1.03	24.772134	25.198072	24.886471	0.535252
10.59	28.54	27.49	28.70	3.14	1.03	24.777804	25.200659	24.890547	0.535177
10.59	28.54	27.50	28.71	3.14	1.03	24.783477	25.203248	24.894625	0.535101
10.60	28.54	27.51	28.72	3.14	1.03	24.789152	25.205840	24.898706	0.535026
10.60	28.54	27.52	28.73	3.14	1.02	24.794830	25.208433	24.902788	0.534949
10.60	28.54	27.53	28.74	3.14	1.02	24.800510	25.211028	24.906873	0.534872
10.61	28.54	27.54	28.75	3.14	1.02	24.806192	25.213625	24.910960	0.534795
10.61	28.54	27.55	28.76	3.14	1.02	24.811877	25.216224	24.915049	0.534718
10.61	28.54	27.56	28.77	3.14	1.02	24.817564	25.218824	24.919140	0.534639
10.61	28.54	27.57	28.78	3.14	1.01	24.823253	25.221427	24.923234	0.534561
10.62	28.54	27.58	28.80	3.14	1.01	24.828945	25.224032	24.927329	0.534482
10.62	28.54	27.59	28.81	3.14	1.01	24.834640	25.226639	24.931427	0.534402
10.62	28.54	27.60	28.82	3.14	1.01	24.840336	25.229247	24.935527	0.534322
10.62	28.54	27.61	28.83	3.14	1.01	24.846035	25.231858	24.939629	0.534241
10.63	28.54	27.62	28.84	3.14	1.00	24.851737	25.234470	24.943733	0.534160
10.63	28.54	27.63	28.85	3.14	1.00	24.857440	25.237084	24.947839	0.534079
10.63	28.54	27.64	28.86	3.14	1.00	24.863147	25.239701	24.951947	0.533997
10.64	28.54	27.65	28.87	3.14	1.00	24.868855	25.242319	24.956057	0.533914
10.64	28.54	27.66	28.88	3.14	0.99	24.874566	25.244939	24.960170	0.533831
10.64	28.54	27.67	28.89	3.14	0.99	24.880279	25.247561	24.964284	0.533747
10.64	28.54	27.68	28.90	3.14	0.99	24.885995	25.250185	24.968401	0.533662
10.65	28.54	27.69	28.91	3.14	0.99	24.891713	25.252811	24.972520	0.533578
10.65	28.54	27.70	28.92	3.14	0.99	24.897433	25.255439	24.976641	0.533492
10.65	28.54	27.72	28.93	3.14	0.98	24.903155	25.258068	24.980763	0.533406
10.66	28.54	27.73	28.94	3.14	0.98	24.908880	25.260700	24.984888	0.533319
10.66	28.54	27.74	28.95	3.14	0.98	24.914608	25.263333	24.989016	0.533232
10.66	28.54	27.75	28.96	3.14	0.98	24.920337	25.265969	24.993145	0.533144
10.66	28.54	27.76	28.97	3.14	0.97	24.926069	25.268606	24.997276	0.533056
10.67	28.54	27.77	28.99	3.14	0.97	24.931803	25.271245	25.001409	0.532967
10.67	28.54	27.78	29.00	3.14	0.97	24.937540	25.273886	25.005545	0.532877
10.67	28.54	27.79	29.01	3.14	0.97	24.943279	25.276529	25.009682	0.532787
10.68	28.54	27.80	29.02	3.14	0.96	24.949020	25.279174	25.013822	0.532696
10.68	28.54	27.81	29.03	3.14	0.96	24.954764	25.281821	25.017963	0.532604
10.68	28.54	27.82	29.04	3.14	0.96	24.960509	25.284469	25.022107	0.532511
10.68	28.54	27.83	29.05	3.14	0.96	24.966258	25.287120	25.026253	0.532418
10.69	28.54	27.84	29.06	3.14	0.95	24.972008	25.289772	25.030400	0.532325
10.69	28.54	27.85	29.07	3.14	0.95	24.977761	25.292427	25.034550	0.532230
10.69	28.54	27.86	29.08	3.14	0.95	24.983516	25.295083	25.038702	0.532135
10.69	28.54	27.87	29.09	3.14	0.95	24.989273	25.297741	25.042856	0.532039
10.70	28.54	27.88	29.10	3.14	0.94	24.995033	25.300401	25.047012	0.531942
10.70	28.54	27.89	29.11	3.14	0.94	25.000795	25.303062	25.051169	0.531845
10.70	28.54	27.90	29.12	3.14	0.94	25.006559	25.305726	25.055329	0.531746
10.71	28.54	27.91	29.13	3.14	0.94	25.012326	25.308392	25.059491	0.531647
10.71	28.54	27.92	29.14	3.14	0.93	25.018095	25.311059	25.063655	0.531547
10.71	28.54	27.93	29.15	3.14	0.93	25.023866	25.313728	25.067821	0.531447
10.71	28.54	27.94	29.17	3.14	0.93	25.029640	25.316400	25.071989	0.531345
10.72	28.54	27.95	29.18	3.14	0.92	25.035415	25.319073	25.076159	0.531243
10.72	28.54	27.96	29.19	3.14	0.92	25.041193	25.321747	25.080331	0.531139
10.72	28.54	27.97	29.20	3.14	0.92	25.046974	25.324424	25.084505	0.531035
10.72	28.54	27.98	29.21	3.14	0.92	25.052756	25.327103	25.088681	0.530930
10.73	28.54	27.99	29.22	3.14	0.91	25.058541	25.329783	25.092859	0.530824
10.73	28.54	28.00	29.23	3.14	0.91	25.064328	25.332466	25.097039	0.530717
10.73	28.54	28.01	29.24	3.14	0.91	25.070118	25.335150	25.101221	0.530609
10.74	28.54	28.02	29.25	3.14	0.90	25.075909	25.337836	25.105405	0.530500
10.74	28.54	28.03	29.26	3.14	0.90	25.081703	25.340524	25.109590	0.530391
10.74	28.54	28.05	29.27	3.14	0.90	25.087499	25.343213	25.113778	0.530280
10.74	28.54	28.06	29.28	3.14	0.90	25.093298	25.345905	25.117968	0.530168
10.75	28.54	28.07	29.29	3.14	0.89	25.099099	25.348598	25.122160	0.530055
10.75	28.54	28.08	29.30	3.14	0.89	25.104902	25.351293	25.126353	0.529940
10.75	28.54	28.09	29.31	3.15	0.89	25.110707	25.353990	25.130549	0.529825
10.76	28.54	28.10	29.32	3.15	0.88	25.116514	25.356689	25.134746	0.529709
10.76	28.54	28.11	29.33	3.15	0.88	25.122324	25.359390	25.138946	0.529591
10.76	28.54	28.12	29.34	3.15	0.88	25.128136	25.362093	25.143147	0.529473
10.76	28.54	28.13	29.36	3.15	0.87	25.133950	25.364797	25.147350	0.529353
10.77	28.54	28.14	29.37	3.15	0.87	25.139767	25.367503	25.151556	0.529231
10.77	28.54	28.15	29.38	3.15	0.87	25.145586	25.370211	25.155763	0.529109
10.77	28.54	28.16	29.39	3.15	0.86	25.151407	25.372921	25.159972	0.528985
10.78	28.54	28.17	29.40	3.15	0.86	25.157230	25.375633	25.164183	0.528860
10.78	28.54	28.18	29.41	3.15	0.86	25.163055	25.378347	25.168396	0.528734
10.78	28.54	28.19	29.42	3.15	0.85	25.168883	25.381062	25.172610	0.528606
10.78	28.54	28.20	29.43	3.15	0.85	25.174713	25.383779	25.176827	0.528476
10.79	28.54	28.21	29.44	3.15	0.85	25.180545	25.386498	25.181045	0.528345
10.79	28.54	28.22	29.45	3.15	0.84	25.186380	25.389219	25.185266	0.528213
10.79	28.54	28.23	29.46	3.15	0.84	25.192217	25.391942	25.189488	0.528079
10.79	28.54	28.24	29.47	3.15	0.84	25.198055	25.394666	25.193712	0.527944
10.80	28.54	28.25	29.48	3.15	0.83	25.203897	25.397393	25.197938	0.527806
10.80	28.54	28.26	29.49	3.15	0.83	25.209740	25.400121	25.202166	0.527667
10.80	28.54	28.27	29.50	3.15	0.83	25.215586	25.402851	25.206395	0.527527
10.81	28.54	28.28	29.51	3.15	0.82	25.221434	25.405582	25.210627	0.527384
10.81	28.54	28.29	29.52	3.15	0.82	25.227284	25.408316	25.214860	0.527240
10.81	28.54	28.30	29.53	3.15	0.81	25.233136	25.411051	25.219095	0.527094
10.81	28.54	28.31	29.55	3.15	0.81	25.238991	25.413788	25.223332	0.526946
10.82	28.54	28.32	29.56	3.15	0.81	25.244847	25.416527	25.227571	0.526796
10.82	28.54	28.33	29.57	3.15	0.80	25.250707	25.419268	25.231811	0.526643
10.82	28.54	28.34	29.58	3.15	0.80	25.256568	25.422011	25.236054	0.526489
10.82	28.54	28.35	29.59	3.15	0.79	25.262431	25.424755	25.240298	0.526332
10.83	28.54	28.36	29.60	3.15	0.79	25.268297	25.427501	25.244544	0.526173
10.83	28.54	28.38	29.61	3.15	0.79	25.274165	25.430249	25.248791	0.526012
10.83	28.54	28.39	29.62	3.15	0.78	25.280035	25.432999	25.253041	0.525848
10.84	28.54	28.40	29.63	3.15	0.78	25.285908	25.435751	25.257292	0.525682
10.84	28.54	28.41	29.64	3.15	0.77	25.291783	25.438504	25.261545	0.525513
10.84	28.54	28.42	29.65	3.15	0.77	25.297660	25.441259	25.265799	0.525341
10.84	28.54	28.43	29.66	3.15	0.76	25.303539	25.444016	25.270056	0.525166
10.85	28.54	28.44	29.67	3.15	0.76	25.309420	25.446775	25.274314	0.524989
10.85	28.54	28.45	29.68	3.15	0.75	25.315304	25.449536	25.278574	0.524808
10.85	28.54	28.46	29.69	3.15	0.75	25.321190	25.452298	25.282835	0.524624
10.86	28.54	28.47	29.70	3.15	0.74	25.327078	25.455063	25.287098	0.524437
10.86	28.54	28.48	29.71	3.15	0.74	25.332969	25.457829	25.291363	0.524247
10.86	28.54	28.49	29.72	3.15	0.73	25.338862	25.460596	25.295629	0.524052
10.86	28.54	28.50	29.73	3.15	0.73	25.344757	25.463366	25.299897	0.523854
10.87	28.54	28.51	29.75	3.15	0.72	25.350654	25.466138	25.304167	0.523652
10.87	28.54	28.52	29.76	3.15	0.72	25.356553	25.468911	25.308438	0.523446
10.87	28.54	28.53	29.77	3.15	0.71	25.362455	25.471686	25.312711	0.523236
10.88	28.54	28.54	29.78	3.15	0.71	25.368360	25.474463	25.316986	0.523020
10.88	28.54	28.55	29.79	3.15	0.70	25.374266	25.477242	25.321262	0.522800
10.88	28.54	28.56	29.80	3.15	0.70	25.380175	25.480022	25.325539	0.522575
10.88	28.54	28.57	29.81	3.15	0.69	25.386086	25.482805	25.329819	0.522345
10.89	28.54	28.58	29.82	3.15	0.68	25.391999	25.485589	25.334099	0.522109
10.89	28.54	28.59	29.83	3.15	0.68	25.397915	25.488375	25.338381	0.521867
10.89	28.54	28.60	29.84	3.15	0.67	25.403833	25.491163	25.342665	0.521619
10.89	28.54	28.61	29.85	3.15	0.66	25.409754	25.493953	25.346950	0.521364
10.90	28.54	28.62	29.86	3.15	0.66	25.415677	25.496745	25.351236	0.521101
10.90	28.54	28.63	29.87	3.15	0.65	25.421602	25.499538	25.355524	0.520831
10.90	28.54	28.64	29.88	3.15	0.64	25.427530	25.502334	25.359813	0.520553
10.91	28.54	28.65	29.89	3.15	0.64	25.433460	25.505131	25.364104	0.520266
10.91	28.54	28.66	29.90	3.15	0.63	25.439393	25.507930	25.368396	0.519969
10.91	28.54	28.67	29.91	3.15	0.62	25.445328	25.510732	25.372689	0.519662
10.91	28.54	28.68	29.92	3.15	0.61	25.451266	25.513535	25.376983	0.519344
10.92	28.54	28.69	29.93	3.15	0.60	25.457206	25.516340	25.381279	0.519014
10.92	28.54	28.70	29.94	3.15	0.59	25.463149	25.519147	25.385576	0.518671
10.92	28.54	28.71	29.96	3.15	0.59	25.469095	25.521957	25.389873	0.518313
10.93	28.54	28.73	29.97	3.15	0.58	25.475043	25.524768	25.394172	0.517939
10.93	28.54	28.74	29.98	3.15	0.57	25.480994	25.527582	25.398472	0.517547
10.93	28.54	28.75	29.99	3.15	0.56	25.486948	25.530397	25.402772	0.517135
10.93	28.54	28.76	30.00	3.15	0.54	25.492904	25.533215	25.407074	0.516700
10.94	28.54	28.77	30.01	3.15	0.53	25.498864	25.536035	25.411376	0.516239
10.94	28.54	28.78	30.02	3.15	0.52	25.504827	25.538858	25.415679	0.515749
10.94	28.54	28.79	30.03	3.15	0.51	25.510793	25.541683	25.419982	0.515224
10.94	28.54	28.80	30.04	3.15	0.49	25.516763	25.544511	25.424285	0.514658
10.95	28.54	28.81	30.05	3.15	0.48	25.522737	25.547342	25.428589	0.514074
10.95	28.54	28.82	30.06	3.15	0.48	25.528707	25.550169	25.432894	0.514079
10.95	28.54	28.83	30.07	3.15	0.48	25.534674	25.552993	25.437203	0.514084
10.96	28.54	28.84	30.08	3.16	0.48	25.540641	25.555816	25.441515	0.514090
10.96	28.54	28.85	30.09	3.16	0.48	25.546609	25.558639	25.445831	0.514095
10.96	28.54	28.86	30.10	3.16	0.48	25.552577	25.561462	25.450149	0.514101
10.96	28.54	28.87	30.11	3.16	0.48	25.558546	25.564284	25.454471	0.514106
10.97	28.54	28.88	30.12	3.16	0.48	25.564516	25.567108	25.458795	0.514112
10.97	28.54	28.89	30.13	3.16	0.48	25.570488	25.569932	25.463123	0.514117
10.97	28.54	28.90	30.14	3.16	0.48	25.576461	25.572756	25.467453	0.514123
10.97	28.54	28.91	30.15	3.16	0.48	25.582436	25.575582	25.471787	0.514128
10.98	28.54	28.92	30.17	3.16	0.48	25.588412	25.578408	25.476123	0.514134
10.98	28.54	28.93	30.18	3.16	0.48	25.594390	25.581236	25.480462	0.514139
10.98	28.54	28.94	30.19	3.16	0.48	25.600369	25.584064	25.484804	0.514145
10.99	28.54	28.95	30.20	3.16	0.48	25.606351	25.586893	25.489148	0.514150
10.99	28.54	28.96	30.21	3.16	0.48	25.612333	25.589724	25.493495	0.514156
10.99	28.54	28.97	30.22	3.16	0.48	25.618317	25.592555	25.497845	0.514365
10.99	28.54	28.98	30.23	3.16	0.50	25.624294	25.595381	25.502200	0.514974
11.00	28.54	28.99	30.24	3.16	0.51	25.630268	25.598204	25.506561	0.515536
11.00	28.54	29.00	30.25	3.16	0.52	25.636242	25.601027	25.510927	0.516060
11.00	28.54	29.01	30.26	3.16	0.54	25.642216	25.603851	25.515298	0.516551
11.01	28.54	29.02	30.27	3.16	0.55	25.648191	25.606675	25.519674	0.517014
11.01	28.54	29.03	30.28	3.16	0.56	25.654167	25.609500	25.524054	0.517453
11.01	28.54	29.04	30.29	3.16	0.57	25.660145	25.612326	25.528438	0.517869
11.01	28.54	29.05	30.30	3.16	0.58	25.666125	25.615154	25.532826	0.518267
11.02	28.54	29.06	30.31	3.16	0.59	25.672106	25.617983	25.537218	0.518647
11.02	28.54	29.07	30.32	3.16	0.60	25.678088	25.620814	25.541613	0.519012
11.02	28.54	29.08	30.33	3.16	0.61	25.684073	25.623647	25.546012	0.519362
11.03	28.54	29.09	30.34	3.16	0.62	25.690060	25.626482	25.550415	0.519700
11.03	28.54	29.11	30.35	3.16	0.62	25.696048	25.629318	25.554820	0.520026
11.03	28.54	29.12	30.36	3.16	0.63	25.702039	25.632157	25.559229	0.520341
11.03	28.54	29.13	30.37	3.16	0.64	25.708032	25.634997	25.563641	0.520646
11.04	28.54	29.14	30.38	3.16	0.65	25.714026	25.637840	25.568055	0.520942
11.04	28.54	29.15	30.40	3.16	0.65	25.720023	25.640684	25.572473	0.521229
11.04	28.54	29.16	30.41	3.16	0.66	25.726021	25.643531	25.576893	0.521508
11.04	28.54	29.17	30.42	3.16	0.67	25.732022	25.646379	25.581316	0.521780
11.05	28.54	29.18	30.43	3.16	0.67	25.738024	25.649230	25.585742	0.522045
11.05	28.54	29.19	30.44	3.16	0.68	25.744029	25.652083	25.590170	0.522303
11.05	28.54	29.20	30.45	3.16	0.69	25.750036	25.654937	25.594601	0.522555
11.06	28.54	29.21	30.46	3.16	0.69	25.756044	25.657794	25.599034	0.522801
11.06	28.54	29.22	30.47	3.16	0.70	25.762055	25.660653	25.603470	0.523041
11.06	28.54	29.23	30.48	3.16	0.70	25.768067	25.663514	25.607908	0.523276
11.06	28.54	29.24	30.49	3.16	0.71	25.774082	25.666377	25.612348	0.523506
11.07	28.54	29.25	30.50	3.16	0.72	25.780098	25.669242	25.616791	0.523732
11.07	28.54	29.26	30.51	3.16	0.72	25.786117	25.672109	25.621236	0.523952
11.07	28.54	29.27	30.52	3.16	0.73	25.792137	25.674979	25.625683	0.524169
11.07	28.54	29.28	30.53	3.16	0.73	25.798159	25.677850	25.630132	0.524381
11.08	28.54	29.29	30.54	3.16	0.74	25.804183	25.680723	25.634584	0.524590
11.08	28.54	29.30	30.55	3.16	0.74	25.810210	25.683599	25.639037	0.524795
11.08	28.54	29.31	30.56	3.16	0.75	25.816238	25.686477	25.643493	0.524996
11.09	28.54	29.32	30.57	3.16	0.75	25.822267	25.689356	25.647951	0.525194
11.09	28.54	29.33	30.58	3.16	0.76	25.828299	25.692238	25.652410	0.525388
11.09	28.54	29.34	30.59	3.16	0.76	25.834333	25.695121	25.656872	0.525580
11.09	28.54	29.35	30.60	3.16	0.77	25.840368	25.698007	25.661336	0.525768
11.10	28.54	29.36	30.61	3.16	0.77	25.846405	25.700895	25.665801	0.525953
11.10	28.54	29.37	30.62	3.16	0.78	25.852444	25.703785	25.670269	0.526136
11.10	28.54	29.38	30.64	3.16	0.78	25.858485	25.706676	25.674738	0.526316
11.11	28.54	29.39	30.65	3.16	0.78	25.864528	25.709570	25.679210	0.526493
11.11	28.54	29.40	30.66	3.16	0.79	25.870572	25.712466	25.683683	0.526668
11.11	28.54	29.41	30.67	3.16	0.79	25.876618	25.715364	25.688158	0.526840
11.11	28.54	29.42	30.68	3.16	0.80	25.882666	25.718264	25.692635	0.527010
11.12	28.54	29.43	30.69	3.16	0.80	25.888716	25.721165	25.697114	0.527177
11.12	28.54	29.44	30.70	3.16	0.81	25.894767	25.724069	25.701594	0.527343
11.12	28.54	29.45	30.71	3.16	0.81	25.900820	25.726975	25.706077	0.527506
11.12	28.54	29.46	30.72	3.16	0.81	25.906875	25.729882	25.710561	0.527667
11.13	28.54	29.47	30.73	3.16	0.82	25.912932	25.732792	25.715047	0.527826
11.13	28.54	29.48	30.74	3.16	0.82	25.918990	25.735703	25.719534	0.527983
11.13	28.54	29.49	30.75	3.16	0.82	25.925050	25.738617	25.724024	0.528139
11.14	28.54	29.50	30.76	3.16	0.83	25.931111	25.741532	25.728515	0.528292
11.14	28.54	29.51	30.77	3.16	0.83	25.937174	25.744449	25.733007	0.528444
11.14	28.54	29.52	30.78	3.16	0.84	25.943239	25.747369	25.737502	0.528594
11.14	28.54	29.54	30.79	3.16	0.84	25.949306	25.750290	25.741998	0.528742
11.15	28.54	29.55	30.80	3.16	0.84	25.955374	25.753213	25.746496	0.528888
11.15	28.54	29.56	30.81	3.16	0.85	25.961443	25.756138	25.750996	0.529033
11.15	28.54	29.57	30.82	3.17	0.85	25.967515	25.759065	25.755497	0.529177
11.16	28.54	29.58	30.83	3.17	0.85	25.973588	25.761993	25.760000	0.529319
11.16	28.54	29.59	30.84	3.17	0.86	25.979662	25.764924	25.764504	0.529459
11.16	28.54	29.60	30.85	3.17	0.86	25.985738	25.767856	25.769010	0.529598
11.16	28.54	29.61	30.86	3.17	0.86	25.991816	25.770791	25.773518	0.529736
11.17	28.54	29.62	30.87	3.17	0.87	25.997895	25.773727	25.778028	0.529872
11.17	28.54	29.63	30.88	3.17	0.87	26.003976	25.776665	25.782539	0.530007
11.17	28.54	29.64	30.89	3.17	0.87	26.010058	25.779605	25.787051	0.530141
11.18	28.54	29.65	30.91	3.17	0.88	26.016142	25.782546	25.791566	0.530273
11.18	28.54	29.66	30.92	3.17	0.88	26.022228	25.785490	25.796081	0.530404
11.18	28.54	29.67	30.93	3.17	0.88	26.028314	25.788435	25.800599	0.530534
11.18	28.54	29.68	30.94	3.17	0.89	26.034403	25.791383	25.805118	0.530663
11.19	28.54	29.69	30.95	3.17	0.89	26.040493	25.794332	25.809638	0.530790
11.19	28.54	29.70	30.96	3.17	0.89	26.046584	25.797282	25.814161	0.530917
11.19	28.54	29.71	30.97	3.17	0.90	26.052677	25.800235	25.818684	0.531042
11.19	28.54	29.72	30.98	3.17	0.90	26.058772	25.803190	25.823210	0.531166
11.20	28.54	29.73	30.99	3.17	0.90	26.064867	25.806146	25.827736	0.531289
11.20	28.54	29.74	31.00	3.17	0.90	26.070965	25.809104	25.832265	0.531411
11.20	28.54	29.75	31.01	3.17	0.91	26.077064	25.812064	25.836795	0.531532
11.21	28.54	29.76	31.02	3.17	0.91	26.083164	25.815026	25.841326	0.531652
11.21	28.54	29.77	31.03	3.17	0.91	26.089266	25.817989	25.845859	0.531771
11.21	28.54	29.78	31.04	3.17	0.92	26.095369	25.820955	25.850394	0.531890
11.21	28.54	29.79	31.05	3.17	0.92	26.101473	25.823922	25.854930	0.532007
11.22	28.54	29.80	31.06	3.17	0.92	26.107579	25.826891	25.859467	0.532123
11.22	28.54	29.81	31.07	3.17	0.92	26.113687	25.829861	25.864007	0.532238
11.22	28.54	29.82	31.08	3.17	0.93	26.119795	25.832834	25.868547	0.532353
11.22	28.54	29.83	31.09	3.17	0.93	26.125906	25.835808	25.873089	0.532466
11.23	28.54	29.84	31.10	3.17	0.93	26.132017	25.838784	25.877633	0.532579
11.23	28.54	29.85	31.11	3.17	0.94	26.138130	25.841761	25.882178	0.532691
11.23	28.54	29.86	31.12	3.17	0.94	26.144245	25.844741	25.886725	0.532802
11.24	28.54	29.87	31.13	3.17	0.94	26.150361	25.847722	25.891273	0.532912
11.24	28.54	29.88	31.14	3.17	0.94	26.156478	25.850705	25.895822	0.533022
11.24	28.54	29.89	31.15	3.17	0.95	26.162596	25.853690	25.900373	0.533130
11.24	28.54	29.90	31.16	3.17	0.95	26.168716	25.856676	25.904926	0.533238
11.25	28.54	29.91	31.17	3.17	0.95	26.174837	25.859665	25.909480	0.533345
11.25	28.54	29.92	31.18	3.17	0.95	26.180960	25.862655	25.914036	0.533452
11.25	28.54	29.93	31.19	3.17	0.96	26.187084	25.865646	25.918593	0.533557
11.26	28.54	29.94	31.21	3.17	0.96	26.193209	25.868640	25.923151	0.533662
11.26	28.54	29.95	31.22	3.17	0.96	26.199336	25.871635	25.927711	0.533767
11.26	28.54	29.96	31.23	3.17	0.96	26.205464	25.874632	25.932272	0.533870
11.26	28.54	29.97	31.24	3.17	0.97	26.211593	25.877631	25.936835	0.533973
11.27	28.54	29.98	31.25	3.17	0.97	26.217724	25.880631	25.941400	0.534075
11.27	28.54	29.99	31.26	3.17	0.97	26.223856	25.883633	25.945965	0.534177
11.27	28.54	30.00	31.27	3.17	0.97	26.229989	25.886637	25.950533	0.534278
11.28	28.54	30.01	31.28	3.17	0.98	26.236123	25.889643	25.955101	0.534378
11.28	28.54	30.02	31.29	3.17	0.98	26.242259	25.892650	25.959671	0.534478
11.28	28.54	30.03	31.30	3.17	0.98	26.248396	25.895659	25.964243	0.534577
11.28	28.54	30.04	31.31	3.17	0.98	26.254535	25.898669	25.968816	0.534675
11.29	28.54	30.05	31.32	3.17	0.99	26.260674	25.901682	25.973390	0.534773
11.29	28.54	30.06	31.33	3.17	0.99	26.266815	25.904696	25.977966	0.534870
11.29	28.54	30.07	31.34	3.17	0.99	26.272957	25.907712	25.982543	0.534967
11.29	28.54	30.09	31.35	3.17	0.99	26.279101	25.910729	25.987122	0.535063
11.30	28.54	30.10	31.36	3.17	1.00	26.285245	25.913748	25.991702	0.535158
11.30	28.54	30.11	31.37	3.17	1.00	26.291391	25.916769	25.996284	0.535253
11.30	28.54	30.12	31.38	3.17	1.00	26.297539	25.919792	26.000867	0.535347
11.31	28.54	30.13	31.39	3.17	1.00	26.303687	25.922816	26.005451	0.535441
11.31	28.54	30.14	31.40	3.17	1.00	26.309837	25.925842	26.010037	0.535534
11.31	28.54	30.15	31.41	3.17	1.01	26.315988	25.928870	26.014624	0.535627
11.31	28.54	30.16	31.42	3.17	1.01	26.322140	25.931899	26.019213	0.535719
11.32	28.54	30.17	31.43	3.17	1.01	26.328293	25.934930	26.023803	0.535811
11.32	28.54	30.18	31.44	3.17	1.01	26.334448	25.937963	26.028394	0.535902
11.32	28.54	30.19	31.45	3.17	1.02	26.340603	25.940997	26.032987	0.535993
11.32	28.54	30.20	31.46	3.17	1.02	26.346760	25.944033	26.037581	0.536083
11.33	28.54	30.21	31.47	3.17	1.02	26.352918	25.947071	26.042177	0.536173
11.33	28.54	30.22	31.48	3.17	1.02	26.359078	25.950110	26.046774	0.536262
11.33	28.54	30.23	31.49	3.17	1.02	26.365238	25.953152	26.051373	0.536351
11.34	28.54	30.24	31.50	3.17	1.03	26.371400	25.956194	26.055972	0.536439
11.34	28.54	30.25	31.51	3.17	1.03	26.377563	25.959239	26.060574	0.536527
11.34	28.54	30.26	31.52	3.17	1.03	26.383727	25.962285	26.065176	0.536615
11.34	28.54	30.27	31.53	3.18	1.03	26.389892	25.965333	26.069780	0.536702
11.35	28.54	30.28	31.54	3.18	1.03	26.396059	25.968382	26.074385	0.536788
11.35	28.54	30.29	31.55	3.18	1.04	26.402226	25.971433	26.078992	0.536874
11.35	28.54	30.30	31.57	3.18	1.04	26.408395	25.974486	26.083600	0.536960
11.36	28.54	30.31	31.58	3.18	1.04	26.414565	25.977540	26.088210	0.537045
11.36	28.54	30.32	31.59	3.18	1.04	26.420736	25.980596	26.092820	0.537130
11.36	28.54	30.33	31.60	3.18	1.04	26.426908	25.983654	26.097433	0.537214
11.36	28.54	30.34	31.61	3.18	1.05	26.433082	25.986713	26.102046	0.537298
11.37	28.54	30.35	31.62	3.18	1.05	26.439256	25.989774	26.106661	0.537382
11.37	28.54	30.36	31.63	3.18	1.05	26.445432	25.992836	26.111277	0.537465
11.37	28.54	30.37	31.64	3.18	1.05	26.451608	25.995901	26.115895	0.537548
11.38	28.54	30.38	31.65	3.18	1.05	26.457786	25.998967	26.120514	0.537630
11.38	28.54	30.39	31.66	3.18	1.06	26.463965	26.002034	26.125134	0.537712
11.38	28.54	30.40	31.67	3.18	1.06	26.470145	26.005103	26.129756	0.537794
11.38	28.54	30.41	31.68	3.18	1.06	26.476326	26.008174	26.134379	0.537875
11.39	28.54	30.42	31.69	3.18	1.06	26.482509	26.011246	26.139004	0.537956
11.39	28.54	30.43	31.70	3.18	1.06	26.488692	26.014320	26.143629	0.538036
11.39	28.54	30.44	31.71	3.18	1.07	26.494876	26.017396	26.148256	0.538116
11.39	28.54	30.45	31.72	3.18	1.07	26.501062	26.020473	26.152885	0.538196
11.40	28.54	30.46	31.73	3.18	1.07	26.507249	26.023552	26.157515	0.538275
11.40	28.54	30.47	31.74	3.18	1.07	26.513436	26.026633	26.162146	0.538354
11.40	28.54	30.48	31.75	3.18	1.07	26.519625	26.029715	26.166778	0.538433
11.41	28.54	30.49	31.76	3.18	1.07	26.525815	26.032799	26.171412	0.538511
11.41	28.54	30.50	31.77	3.18	1.08	26.532006	26.035884	26.176047	0.538589
11.41	28.54	30.51	31.78	3.18	1.08	26.538198	26.038971	26.180683	0.538667
11.41	28.54	30.52	31.79	3.18	1.08	26.544391	26.042060	26.185321	0.538744
11.42	28.54	30.53	31.80	3.18	1.08	26.550585	26.045150	26.189960	0.538821
11.42	28.54	30.54	31.81	3.18	1.08	26.556780	26.048242	26.194600	0.538898
11.42	28.54	30.55	31.82	3.18	1.09	26.562976	26.051335	26.199242	0.538974
11.43	28.54	30.56	31.83	3.18	1.09	26.569173	26.054430	26.203885	0.539050
11.43	28.54	30.57	31.84	3.18	1.09	26.575371	26.057527	26.208529	0.539126
11.43	28.54	30.58	31.85	3.18	1.09	26.581571	26.060625	26.213175	0.539201
11.43	28.54	30.59	31.86	3.18	1.09	26.587771	26.063725	26.217822	0.539276
11.44	28.54	30.60	31.87	3.18	1.09	26.593972	26.066827	26.222470	0.539351
11.44	28.54	30.61	31.88	3.18	1.10	26.600174	26.069930	26.227119	0.539425
11.44	28.54	30.62	31.89	3.18	1.10	26.606378	26.073034	26.231770	0.539500
11.44	28.54	30.63	31.90	3.18	1.10	26.612582	26.076140	26.236422	0.539573
11.45	28.54	30.64	31.91	3.18	1.10	26.618787	26.079248	26.241076	0.539647
11.45	28.54	30.65	31.92	3.18	1.10	26.624994	26.082358	26.245730	0.539720
11.45	28.54	30.66	31.93	3.18	1.10	26.631201	26.085469	26.250386	0.539793
11.46	28.54	30.67	31.94	3.18	1.11	26.637409	26.088581	26.255044	0.539866
11.46	28.54	30.68	31.95	3.18	1.11	26.643619	26.091695	26.259702	0.539938
11.46	28.54	30.69	31.96	3.18	1.11	26.649829	26.094811	26.264362	0.540010
11.46	28.54	30.70	31.97	3.18	1.11	26.656040	26.097928	26.269023	0.540082
11.47	28.54	30.71	31.98	3.18	1.11	26.662252	26.101047	26.273685	0.540154
11.47	28.54	30.72	31.99	3.18	1.11	26.668465	26.104168	26.278349	0.540225
11.47	28.54	30.73	32.00	3.18	1.12	26.674679	26.107290	26.283014	0.540296
11.47	28.54	30.74	32.01	3.18	1.12	26.680895	26.110414	26.287680	0.540367
11.48	28.54	30.75	32.02	3.18	1.12	26.687111	26.113539	26.292347	0.540437
11.48	28.54	30.76	32.03	3.18	1.12	26.693328	26.116665	26.297016	0.540507
11.48	28.54	30.77	32.04	3.18	1.12	26.699545	26.119794	26.301686	0.540577
11.49	28.54	30.78	32.05	3.18	1.12	26.705764	26.122924	26.306357	0.540647
11.49	28.54	30.79	32.06	3.18	1.13	26.711984	26.126055	26.311030	0.540716
11.49	28.54	30.80	32.07	3.18	1.13	26.718205	26.129188	26.315703	0.540786
11.49	28.54	30.81	32.08	3.18	1.13	26.724427	26.132323	26.320378	0.540855
11.50	28.54	30.82	32.09	3.18	1.13	26.730649	26.135459	26.325055	0.540923
11.50	28.54	30.83	32.10	3.18	1.13	26.736873	26.138596	26.329732	0.540992
11.50	28.54	30.84	32.11	3.18	1.13	26.743097	26.141736	26.334411	0.541060
11.51	28.54	30.85	32.12	3.18	1.14	26.749322	26.144876	26.339091	0.541128
11.51	28.54	30.86	32.13	3.18	1.14	26.755549	26.148019	26.343772	0.541195
11.51	28.54	30.87	32.15	3.18	1.14	26.761776	26.151163	26.348454	0.541263
11.51	28.54	30.88	32.16	3.18	1.14	26.768004	26.154308	26.353138	0.541330
11.52	28.54	30.89	32.17	3.18	1.14	26.774233	26.157455	26.357823	0.541397
11.52	28.54	30.90	32.18	3.18	1.14	26.780462	26.160603	26.362509	0.541464
11.52	28.54	30.91	32.19	3.18	1.15	26.786693	26.163753	26.367196	0.541530
11.53	28.54	30.92	32.20	3.18	1.15	26.792925	26.166905	26.371885	0.541597
11.53	28.54	30.93	32.21	3.18	1.15	26.799157	26.170058	26.376574	0.541663
11.53	28.54	30.94	32.22	3.18	1.15	26.805390	26.173213	26.381265	0.541728
11.53	28.54	30.95	32.23	3.19	1.15	26.811625	26.176369	26.385958	0.541794
11.54	28.54	30.96	32.24	3.19	1.15	26.817860	26.179527	26.390651	0.541859
11.54	28.54	30.97	32.25	3.19	1.15	26.824095	26.182686	26.395346	0.541925
11.54	28.54	30.98	32.26	3.19	1.16	26.830332	26.185847	26.400041	0.541990
11.54	28.54	30.99	32.27	3.19	1.16	26.836570	26.189009	26.404738	0.542054
11.55	28.54	31.00	32.28	3.19	1.16	26.842808	26.192173	26.409437	0.542119
11.55	28.54	31.01	32.29	3.19	1.16	26.849048	26.195338	26.414136	0.542183
11.55	28.54	31.02	32.30	3.19	1.16	26.855288	26.198505	26.418837	0.542247
11.56	28.54	31.03	32.31	3.19	1.16	26.861529	26.201673	26.423539	0.542311
11.56	28.54	31.04	32.32	3.19	1.16	26.867770	26.204843	26.428241	0.542375
11.56	28.54	31.05	32.33	3.19	1.17	26.874013	26.208014	26.432946	0.542438
11.56	28.54	31.06	32.34	3.19	1.17	26.880256	26.211187	26.437651	0.542502
11.57	28.54	31.07	32.35	3.19	1.17	26.886501	26.214362	26.442358	0.542565
11.57	28.54	31.08	32.36	3.19	1.17	26.892746	26.217538	26.447065	0.542628
11.57	28.54	31.09	32.37	3.19	1.17	26.898991	26.220715	26.451774	0.542690
11.57	28.54	31.10	32.38	3.19	1.17	26.905238	26.223894	26.456484	0.542753
11.58	28.54	31.11	32.39	3.19	1.18	26.911486	26.227074	26.461196	0.542815
11.58	28.54	31.12	32.40	3.19	1.18	26.917734	26.230256	26.465908	0.542877
11.58	28.54	31.13	32.41	3.19	1.18	26.923983	26.233440	26.470622	0.542939
11.59	28.54	31.14	32.42	3.19	1.18	26.930233	26.236625	26.475336	0.543001
11.59	28.54	31.15	32.43	3.19	1.18	26.936483	26.239811	26.480052	0.543062
11.59	28.54	31.16	32.44	3.19	1.18	26.942735	26.242999	26.484769	0.543123
11.59	28.54	31.17	32.45	3.19	1.18	26.948987	26.246188	26.489488	0.543185
11.60	28.54	31.18	32.46	3.19	1.18	26.955240	26.249379	26.494207	0.543245
11.60	28.54	31.19	32.47	3.19	1.19	26.961493	26.252571	26.498927	0.543306
11.60	28.54	31.20	32.48	3.19	1.19	26.967748	26.255765	26.503649	0.543367
11.61	28.54	31.21	32.49	3.19	1.19	26.974003	26.258960	26.508372	0.543427
11.61	28.54	31.22	32.50	3.19	1.19	26.980259	26.262157	26.513096	0.543487
11.61	28.54	31.23	32.51	3.19	1.19	26.986516	26.265356	26.517821	0.543547
11.61	28.54	31.24	32.52	3.19	1.19	26.992773	26.268555	26.522547	0.543607
11.62	28.54	31.25	32.53	3.19	1.19	26.999031	26.271756	26.527275	0.543667
11.62	28.54	31.26	32.54	3.19	1.20	27.005290	26.274959	26.532003	0.543726
11.62	28.54	31.27	32.55	3.19	1.20	27.011550	26.278163	26.536733	0.543786
11.62	28.54	31.28	32.56	3.19	1.20	27.017810	26.281369	26.541463	0.543845
11.63	28.54	31.29	32.57	3.19	1.20	27.024071	26.284576	26.546195	0.543904
11.63	28.54	31.30	32.58	3.19	1.20	27.030333	26.287785	26.550928	0.543963
11.63	28.54	31.31	32.59	3.19	1.20	27.036595	26.290995	26.555662	0.544021
11.64	28.54	31.32	32.60	3.19	1.20	27.042859	26.294206	26.560398	0.544080
11.64	28.54	31.33	32.61	3.19	1.21	27.049123	26.297419	26.565134	0.544138
11.64	28.54	31.34	32.62	3.19	1.21	27.055387	26.300633	26.569871	0.544196
11.64	28.54	31.35	32.63	3.19	1.21	27.061653	26.303849	26.574610	0.544254
11.65	28.54	31.36	32.64	3.19	1.21	27.067919	26.307066	26.579350	0.544312
11.65	28.54	31.37	32.65	3.19	1.21	27.074185	26.310285	26.584090	0.544370
11.65	28.54	31.38	32.66	3.19	1.21	27.080453	26.313505	26.588832	0.544427
11.66	28.54	31.39	32.67	3.19	1.21	27.086721	26.316727	26.593575	0.544485
11.66	28.54	31.40	32.68	3.19	1.21	27.092989	26.319950	26.598319	0.544542
11.66	28.54	31.41	32.69	3.19	1.22	27.099259	26.323175	26.603064	0.544599
11.66	28.54	31.42	32.70	3.19	1.22	27.105529	26.326401	26.607811	0.544656
11.67	28.54	31.43	32.71	3.19	1.22	27.111800	26.329628	26.612558	0.544712
11.67	28.54	31.44	32.72	3.19	1.22	27.118071	26.332857	26.617306	0.544769
11.67	28.54	31.45	32.73	3.19	1.22	27.124343	26.336087	26.622056	0.544825
11.68	28.54	31.46	32.74	3.19	1.22	27.130616	26.339319	26.626806	0.544881
11.68	28.54	31.47	32.75	3.19	1.22	27.136889	26.342552	26.631558	0.544937
11.68	28.54	31.48	32.76	3.19	1.22	27.143163	26.345786	26.636311	0.544993
11.68	28.54	31.49	32.77	3.19	1.23	27.149438	26.349022	26.641064	0.545049
11.69	28.54	31.50	32.78	3.19	1.23	27.155713	26.352260	26.645819	0.545105
11.69	28.54	31.51	32.79	3.19	1.23	27.161989	26.355499	26.650575	0.545160
11.69	28.54	31.52	32.80	3.19	1.23	27.168266	26.358739	26.655332	0.545216
11.69	28.54	31.53	32.81	3.19	1.23	27.174543	26.361981	26.660090	0.545271
11.70	28.54	31.54	32.82	3.19	1.23	27.180820	26.365224	26.664849	0.545326
11.70	28.54	31.55	32.83	3.19	1.23	27.187099	26.368468	26.669609	0.545381
11.70	28.54	31.56	32.84	3.19	1.23	27.193378	26.371714	26.674370	0.545436
11.71	28.54	31.57	32.85	3.19	1.24	27.199657	26.374961	26.679132	0.545490
11.71	28.54	31.58	32.86	3.19	1.24	27.205938	26.378210	26.683895	0.545545
11.71	28.54	31.59	32.87	3.19	1.24	27.212218	26.381460	26.688660	0.545599
11.71	28.54	31.60	32.88	3.19	1.24	27.218500	26.384712	26.693425	0.545653
11.72	28.54	31.61	32.89	3.20	1.24	27.224782	26.387965	26.698191	0.545707
11.72	28.54	31.62	32.90	3.20	1.24	27.231064	26.391219	26.702959	0.545761
11.72	28.54	31.63	32.91	3.20	1.24	27.237347	26.394475	26.707727	0.545815
11.72	28.54	31.64	32.91	3.20	1.24	27.243631	26.397732	26.712496	0.545869
11.73	28.54	31.65	32.92	3.20	1.25	27.249915	26.400990	26.717267	0.545922
11.73	28.54	31.66	32.93	3.20	1.25	27.256200	26.404250	26.722038	0.545975
11.73	28.54	31.66	32.94	3.20	1.25	27.262485	26.407511	26.726811	0.546029
11.74	28.54	31.67	32.95	3.20	1.25	27.268771	26.410774	26.731584	0.546082
11.74	28.54	31.68	32.96	3.20	1.25	27.275058	26.414038	26.736359	0.546135
11.74	28.54	31.69	32.97	3.20	1.25	27.281345	26.417304	26.741134	0.546188
11.74	28.54	31.70	32.98	3.20	1.25	27.287633	26.420570	26.745910	0.546240
11.75	28.54	31.71	32.99	3.20	1.25	27.293921	26.423839	26.750688	0.546293
11.75	28.54	31.72	33.00	3.20	1.26	27.300209	26.427108	26.755466	0.546345
11.75	28.54	31.73	33.01	3.20	1.26	27.306499	26.430379	26.760246	0.546398
11.76	28.54	31.74	33.02	3.20	1.26	27.312788	26.433651	26.765026	0.546450
11.76	28.54	31.75	33.03	3.20	1.26	27.319079	26.436925	26.769808	0.546502
11.76	28.54	31.76	33.04	3.20	1.26	27.325369	26.440200	26.774590	0.546554
11.76	28.54	31.77	33.05	3.20	1.26	27.331661	26.443477	26.779374	0.546606
11.77	28.54	31.78	33.06	3.20	1.26	27.337953	26.446754	26.784158	0.546658
11.77	28.54	31.79	33.07	3.20	1.26	27.344245	26.450034	26.788943	0.546709
11.77	28.54	31.80	33.08	3.20	1.26	27.350538	26.453314	26.793730	0.546761
11.78	28.54	31.81	33.09	3.20	1.27	27.356831	26.456596	26.798517	0.546812
11.78	28.54	31.82	33.10	3.20	1.27	27.363125	26.459879	26.803305	0.546863
11.78	28.54	31.83	33.11	3.20	1.27	27.369419	26.463164	26.808095	0.546914
11.78	28.54	31.84	33.12	3.20	1.27	27.375714	26.466450	26.812885	0.546965
11.79	28.54	31.85	33.13	3.20	1.27	27.382009	26.469737	26.817676	0.547016
11.79	28.54	31.86	33.14	3.20	1.27	27.388305	26.473026	26.822468	0.547067
11.79	28.54	31.87	33.15	3.20	1.27	27.394601	26.476316	26.827261	0.547117
11.79	28.54	31.88	33.16	3.20	1.27	27.400898	26.479607	26.832055	0.547168
11.80	28.54	31.89	33.17	3.20	1.28	27.407195	26.482899	26.836850	0.547218
11.80	28.54	31.90	33.18	3.20	1.28	27.413493	26.486193	26.841646	0.547268
11.80	28.54	31.91	33.19	3.20	1.28	27.419791	26.489489	26.846443	0.547319
11.81	28.54	31.92	33.20	3.20	1.28	27.426089	26.492785	26.851241	0.547369
11.81	28.54	31.93	33.21	3.20	1.28	27.432388	26.496083	26.856039	0.547419
11.81	28.54	31.94	33.22	3.20	1.28	27.438688	26.499383	26.860839	0.547468
11.81	28.54	31.95	33.23	3.20	1.28	27.444988	26.502683	26.865640	0.547518
11.82	28.54	31.96	33.24	3.20	1.28	27.451288	26.505985	26.870441	0.547568
11.82	28.54	31.97	33.25	3.20	1.28	27.457589	26.509289	26.875244	0.547617
11.82	28.54	31.98	33.26	3.20	1.29	27.463890	26.512593	26.880047	0.547666
11.82	28.54	31.99	33.27	3.20	1.29	27.470192	26.515899	26.884851	0.547716
11.83	28.54	32.00	33.28	3.20	1.29	27.476494	26.519207	26.889657	0.547765
11.83	28.54	32.01	33.29	3.20	1.29	27.482796	26.522515	26.894463	0.547814
11.83	28.54	32.02	33.30	3.20	1.29	27.489099	26.525825	26.899270	0.547863
11.84	28.54	32.03	33.31	3.20	1.29	27.495402	26.529136	26.904078	0.547911
11.84	28.54	32.04	33.32	3.20	1.29	27.501706	26.532449	26.908886	0.547960
11.84	28.54	32.05	33.33	3.20	1.29	27.508010	26.535763	26.913696	0.548009
11.84	28.54	32.06	33.34	3.20	1.29	27.514315	26.539078	26.918507	0.548057
11.85	28.54	32.07	33.35	3.20	1.29	27.520620	26.542394	26.923318	0.548106
11.85	28.54	32.08	33.36	3.20	1.30	27.526925	26.545712	26.928131	0.548154
11.85	28.54	32.08	33.37	3.20	1.30	27.533230	26.549031	26.932944	0.548202
11.86	28.54	32.09	33.38	3.20	1.30	27.539536	26.552351	26.937758	0.548250
11.86	28.54	32.10	33.39	3.20	1.30	27.545843	26.555673	26.942573	0.548298
11.86	28.54	32.11	33.40	3.20	1.30	27.552150	26.558996	26.947389	0.548346
11.86	28.54	32.12	33.41	3.20	1.30	27.558457	26.562320	26.952206	0.548394
11.87	28.54	32.13	33.41	3.20	1.30	27.564764	26.565645	26.957024	0.548441
11.87	28.54	32.14	33.42	3.20	1.30	27.571072	26.568972	26.961842	0.548489
11.87	28.54	32.15	33.43	3.20	1.30	27.577380	26.572300	26.966662	0.548536
11.88	28.54	32.16	33.44	3.20	1.31	27.583689	26.575630	26.971482	0.548584
11.88	28.54	32.17	33.45	3.20	1.31	27.589998	26.578960	26.976303	0.548631
11.88	28.54	32.18	33.46	3.20	1.31	27.596307	26.582292	26.981125	0.548678
11.88	28.54	32.19	33.47	3.20	1.31	27.602617	26.585625	26.985948	0.548725
11.89	28.54	32.20	33.48	3.20	1.31	27.608927	26.588960	26.990772	0.548772
11.89	28.54	32.21	33.49	3.20	1.31	27.615237	26.592295	26.995596	0.548819
11.89	28.54	32.22	33.50	3.20	1.31	27.621548	26.595632	27.000422	0.548866
11.89	28.54	32.23	33.51	3.20	1.31	27.627859	26.598971	27.005248	0.548912
11.90	28.54	32.24	33.52	3.21	1.31	27.634170	26.602310	27.010075	0.548959
11.90	28.54	32.25	33.53	3.21	1.31	27.640481	26.605651	27.014903	0.549005
11.90	28.54	32.26	33.54	3.21	1.32	27.646793	26.608993	27.019732	0.549052
11.91	28.54	32.27	33.55	3.21	1.32	27.653105	26.612336	27.024561	0.549098
11.91	28.54	32.28	33.56	3.21	1.32	27.659418	26.615681	27.029392	0.549144
11.91	28.54	32.29	33.57	3.21	1.32	27.665731	26.619026	27.034223	0.549190
11.91	28.54	32.30	33.58	3.21	1.32	27.672044	26.622373	27.039055	0.549236
11.92	28.54	32.31	33.59	3.21	1.32	27.678357	26.625722	27.043888	0.549282
11.92	28.54	32.32	33.60	3.21	1.32	27.684671	26.629071	27.048722	0.549328
11.92	28.54	32.33	33.61	3.21	1.32	27.690985	26.632422	27.053556	0.549373
11.93	28.54	32.34	33.62	3.21	1.32	27.697299	26.635774	27.058391	0.549419
11.93	28.54	32.35	33.63	3.21	1.33	27.703613	26.639127	27.063228	0.549465
11.93	28.54	32.36	33.64	3.21	1.33	27.709928	26.642482	27.068065	0.549510
11.93	28.54	32.36	33.65	3.21	1.33	27.716243	26.645838	27.072902	0.549555
11.94	28.54	32.37	33.66	3.21	1.33	27.722558	26.649195	27.077741	0.549601
11.94	28.54	32.38	33.67	3.21	1.33	27.728874	26.652553	27.082580	0.549646
11.94	28.54	32.39	33.68	3.21	1.33	27.735190	26.655912	27.087420	0.549691
11.94	28.54	32.40	33.69	3.21	1.33	27.741506	26.659273	27.092261	0.549736
11.95	28.54	32.41	33.70	3.21	1.33	27.747822	26.662635	27.097103	0.549781
11.95	28.54	32.42	33.70	3.21	1.33	27.754138	26.665998	27.101945	0.549825
11.95	28.54	32.43	33.71	3.21	1.33	27.760455	26.669362	27.106788	0.549870
11.96	28.54	32.44	33.72	3.21	1.33	27.766772	26.672728	27.111633	0.549915
11.96	28.54	32.45	33.73	3.21	1.34	27.773089	26.676094	27.116477	0.549959
11.96	28.54	32.46	33.74	3.21	1.34	27.779407	26.679462	27.121323	0.550004
11.96	28.54	32.47	33.75	3.21	1.34	27.785724	26.682831	27.126169	0.550048
11.97	28.54	32.48	33.76	3.21	1.34	27.792042	26.686202	27.131016	0.550092
11.97	28.54	32.49	33.77	3.21	1.34	27.798360	26.689573	27.135864	0.550137
11.97	28.54	32.50	33.78	3.21	1.34	27.804679	26.692946	27.140713	0.550181
11.97	28.54	32.51	33.79	3.21	1.34	27.810997	26.696320	27.145562	0.550225
11.98	28.54	32.52	33.80	3.21	1.34	27.817316	26.699695	27.150412	0.550269
11.98	28.54	32.53	33.81	3.21	1.34	27.823635	26.703072	27.155263	0.550313
11.98	28.54	32.54	33.82	3.21	1.34	27.829954	26.706449	27.160115	0.550356
11.99	28.54	32.55	33.83	3.21	1.35	27.836273	26.709828	27.164967	0.550400
11.99	28.54	32.56	33.84	3.21	1.35	27.842592	26.713208	27.169820	0.550444
11.99	28.54	32.57	33.85	3.21	1.35	27.848912	26.716589	27.174674	0.550487
11.99	28.54	32.58	33.86	3.21	1.35	27.855232	26.719972	27.179528	0.550531
12.00	28.54	32.59	33.87	3.21	1.35	27.861552	26.723355	27.184384	0.550574
12.00	28.54	32.59	33.88	3.21	1.35	27.867872	26.726740	27.189240	0.550617
12.00	28.54	32.60	33.89	3.21	1.35	27.874192	26.730126	27.194097	0.550660
12.01	28.54	32.61	33.91	3.21	1.35	27.880513	26.733513	27.198954	0.550703
12.01	28.54	32.62	33.92	3.21	1.35	27.886833	26.736901	27.203812	0.550746
12.01	28.54	32.63	33.94	3.21	1.35	27.893154	26.740291	27.208671	0.550789
12.01	28.54	32.64	33.95	3.21	1.36	27.899475	26.743681	27.213531	0.550832
12.02	28.54	32.65	33.97	3.21	1.36	27.905796	26.747073	27.218391	0.550875
12.02	28.54	32.66	33.98	3.21	1.36	27.912117	26.750466	27.223252	0.550918
12.02	28.54	32.67	34.00	3.21	1.36	27.918439	26.753860	27.228114	0.550960
12.03	28.54	32.68	34.01	3.21	1.36	27.924760	26.757255	27.232976	0.551003
12.03	28.54	32.69	34.03	3.21	1.36	27.931082	26.760652	27.237839	0.551045
12.03	28.54	32.70	34.04	3.21	1.36	27.937405	26.764049	27.242703	0.551088
12.03	28.54	32.71	34.06	3.21	1.36	27.943729	26.767448	27.247568	0.551130
12.04	28.54	32.72	34.07	3.21	1.36	27.950053	26.770848	27.252433	0.551172
12.04	28.54	32.73	34.09	3.21	1.36	27.956378	26.774249	27.257299	0.551215
12.04	28.54	32.74	34.10	3.21	1.36	27.962705	26.777651	27.262166	0.551257
12.04	28.54	32.75	34.12	3.21	1.37	27.969034	26.781054	27.267034	0.551299
12.05	28.54	32.76	34.13	3.21	1.37	27.975364	26.784459	27.271903	0.551341
12.05	28.54	32.77	34.15	3.21	1.37	27.981696	26.787864	27.276773	0.551383
12.05	28.54	32.78	34.16	3.21	1.37	27.988031	26.791271	27.281643	0.551425
12.06	28.54	32.79	34.18	3.21	1.37	27.994368	26.794679	27.286515	0.551467
12.06	28.54	32.79	34.20	3.21	1.37	28.000708	26.798088	27.291388	0.551509
12.06	28.54	32.80	34.21	3.21	1.37	28.007051	26.801498	27.296262	0.551550
12.06	28.54	32.81	34.23	3.21	1.37	28.013397	26.804909	27.301137	0.551592
12.07	28.54	32.82	34.24	3.21	1.37	28.019747	26.808322	27.306014	0.551634
12.07	28.54	32.83	34.26	3.21	1.37	28.026100	26.811735	27.310892	0.551676
12.07	28.54	32.84	34.27	3.21	1.37	28.032457	26.815150	27.315771	0.551717
12.07	28.54	32.85	34.29	3.22	1.38	28.038818	26.818566	27.320651	0.551759
12.08	28.54	32.86	34.30	3.22	1.38	28.045183	26.821983	27.325533	0.551801
12.08	28.54	32.87	34.32	3.22	1.38	28.051552	26.825401	27.330417	0.551842
12.08	28.54	32.88	34.33	3.22	1.38	28.057926	26.828820	27.335302	0.551884
12.09	28.54	32.89	34.35	3.22	1.38	28.064305	26.832240	27.340189	0.551925
12.09	28.54	32.90	34.36	3.22	1.38	28.070688	26.835662	27.345078	0.551967
12.09	28.54	32.91	34.38	3.22	1.38	28.077076	26.839084	27.349968	0.552009
12.09	28.54	32.92	34.39	3.22	1.38	28.083469	26.842508	27.354860	0.552050
12.10	28.54	32.93	34.41	3.22	1.38	28.089868	26.845933	27.359754	0.552092
12.10	28.54	32.94	34.42	3.22	1.38	28.096271	26.849359	27.364650	0.552133
12.10	28.54	32.95	34.44	3.22	1.38	28.102680	26.852786	27.369548	0.552175
12.11	28.54	32.96	34.45	3.22	1.39	28.109094	26.856214	27.374448	0.552216
12.11	28.54	32.96	34.47	3.22	1.39	28.115514	26.859643	27.379350	0.552258
12.11	28.54	32.97	34.48	3.22	1.39	28.121939	26.863074	27.384255	0.552299
12.11	28.54	32.98	34.50	3.22	1.39	28.128370	26.866505	27.389161	0.552341
12.12	28.54	32.99	34.51	3.22	1.39	28.134806	26.869938	27.394070	0.552382
12.12	28.54	33.00	34.53	3.22	1.39	28.141249	26.873372	27.398981	0.552424
12.12	28.54	33.01	34.54	3.22	1.39	28.147697	26.876807	27.403894	0.552465
12.12	28.54	33.02	34.56	3.22	1.39	28.154151	26.880243	27.408810	0.552507
12.13	28.54	33.03	34.57	3.22	1.39	28.160611	26.883680	27.413728	0.552548
12.13	28.54	33.04	34.59	3.22	1.39	28.167077	26.887118	27.418649	0.552590
12.13	28.54	33.05	34.60	3.22	1.39	28.173549	26.890558	27.423572	0.552631
12.14	28.54	33.06	34.62	3.22	1.39	28.180027	26.893999	27.428498	0.552673
12.14	28.54	33.07	34.63	3.22	1.40	28.186511	26.897440	27.433427	0.552714
12.14	28.54	33.08	34.65	3.22	1.40	28.193001	26.900883	27.438358	0.552756
12.14	28.54	33.09	34.66	3.22	1.40	28.199498	26.904328	27.443292	0.552797
12.15	28.54	33.10	34.68	3.22	1.40	28.206001	26.907773	27.448228	0.552839
12.15	28.54	33.11	34.69	3.22	1.40	28.212510	26.911220	27.453167	0.552880
12.15	28.54	33.11	34.71	3.22	1.40	28.219025	26.914667	27.458110	0.552922
12.16	28.54	33.12	34.72	3.22	1.40	28.225546	26.918116	27.463055	0.552963
12.16	28.54	33.13	34.74	3.22	1.40	28.232074	26.921566	27.468002	0.553005
12.16	28.54	33.14	34.75	3.22	1.40	28.238608	26.925018	27.472953	0.553046
12.16	28.54	33.15	34.77	3.22	1.40	28.245149	26.928470	27.477907	0.553088
12.17	28.54	33.16	34.78	3.22	1.40	28.251696	26.931924	27.482863	0.553129
12.17	28.54	33.17	34.80	3.22	1.41	28.258249	26.935379	27.487823	0.553171
12.17	28.54	33.18	34.81	3.22	1.41	28.264808	26.938835	27.492786	0.553212
12.18	28.54	33.19	34.83	3.22	1.41	28.271374	26.942293	27.497752	0.553254
12.18	28.54	33.20	34.84	3.22	1.41	28.277947	26.945751	27.502721	0.553296
12.18	28.54	33.21	34.85	3.22	1.41	28.284525	26.949211	27.507693	0.553337
12.18	28.54	33.22	34.87	3.22	1.41	28.291110	26.952673	27.512668	0.553379
12.19	28.54	33.23	34.88	3.22	1.41	28.297702	26.956135	27.517646	0.553420
12.19	28.54	33.24	34.90	3.22	1.41	28.304300	26.959599	27.522628	0.553462
12.19	28.54	33.25	34.91	3.22	1.41	28.310904	26.963064	27.527613	0.553503
12.19	28.54	33.25	34.93	3.22	1.41	28.317515	26.966530	27.532601	0.553545
12.20	28.54	33.26	34.94	3.22	1.41	28.324132	26.969998	27.537592	0.553586
12.20	28.54	33.27	34.96	3.22	1.42	28.330755	26.973467	27.542587	0.553628
12.20	28.54	33.28	34.97	3.22	1.42	28.337385	26.976937	27.547584	0.553670
12.21	28.54	33.29	34.99	3.22	1.42	28.344021	26.980409	27.552586	0.553711
12.21	28.54	33.30	35.00	3.22	1.42	28.350664	26.983882	27.557590	0.553753
12.21	28.54	33.31	35.02	3.22	1.42	28.357313	26.987356	27.562598	0.553794
12.21	28.54	33.32	35.03	3.22	1.42	28.363968	26.990832	27.567610	0.553836
12.22	28.54	33.33	35.05	3.22	1.42	28.370630	26.994309	27.572624	0.553877
12.22	28.54	33.34	35.06	3.22	1.42	28.377298	26.997787	27.577643	0.553919
12.22	28.54	33.35	35.08	3.22	1.42	28.383972	27.001267	27.582664	0.553961
12.22	28.54	33.36	35.09	3.22	1.42	28.390653	27.004748	27.587689	0.554002
12.23	28.54	33.37	35.11	3.22	1.42	28.397340	27.008231	27.592718	0.554044
12.23	28.54	33.38	35.12	3.22	1.43	28.404033	27.011714	27.597750	0.554085
12.23	28.54	33.38	35.14	3.22	1.43	28.410733	27.015200	27.602786	0.554127
12.24	28.54	33.39	35.15	3.22	1.43	28.417439	27.018687	27.607825	0.554168
12.24	28.54	33.40	35.17	3.22	1.43	28.424151	27.022175	27.612867	0.554210
12.24	28.54	33.41	35.18	3.22	1.43	28.430869	27.025665	27.617914	0.554252
12.24	28.54	33.42	35.20	3.22	1.43	28.437594	27.029156	27.622963	0.554293
12.25	28.54	33.43	35.21	3.22	1.43	28.444325	27.032648	27.628017	0.554335
12.25	28.54	33.44	35.23	3.23	1.43	28.451062	27.036142	27.633073	0.554376
12.25	28.54	33.45	35.24	3.23	1.43	28.457806	27.039638	27.638134	0.554418
12.26	28.54	33.46	35.26	3.23	1.43	28.464555	27.043135	27.643198	0.554459
12.26	28.54	33.47	35.27	3.23	1.43	28.471311	27.046633	27.648265	0.554501
12.26	28.54	33.48	35.29	3.23	1.44	28.478073	27.050133	27.653337	0.554542
12.26	28.54	33.49	35.30	3.23	1.44	28.484841	27.053634	27.658412	0.554584
12.27	28.54	33.50	35.31	3.23	1.44	28.491615	27.057137	27.663490	0.554626
12.27	28.54	33.50	35.33	3.23	1.44	28.498396	27.060642	27.668572	0.554667
12.27	28.54	33.51	35.34	3.23	1.44	28.505182	27.064148	27.673658	0.554709
12.28	28.54	33.52	35.36	3.23	1.44	28.511975	27.067655	27.678747	0.554750
12.28	28.54	33.53	35.37	3.23	1.44	28.518774	27.071164	27.683840	0.554792
12.28	28.54	33.54	35.39	3.23	1.44	28.525578	27.074675	27.688937	0.554833
12.28	28.54	33.55	35.40	3.23	1.44	28.532389	27.078187	27.694037	0.554875
12.29	28.54	33.56	35.42	3.23	1.44	28.539206	27.081701	27.699141	0.554916
12.29	28.54	33.57	35.43	3.23	1.44	28.546029	27.085216	27.704249	0.554958
12.29	28.54	33.58	35.45	3.23	1.45	28.552858	27.088733	27.709360	0.554999
12.29	28.54	33.59	35.46	3.23	1.45	28.559692	27.092252	27.714475	0.555041
12.30	28.54	33.60	35.48	3.23	1.45	28.566533	27.095772	27.719594	0.555082
12.30	28.54	33.61	35.49	3.23	1.45	28.573380	27.099294	27.724717	0.555124
12.30	28.54	33.62	35.51	3.23	1.45	28.580233	27.102817	27.729843	0.555165
12.31	28.54	33.62	35.52	3.23	1.45	28.587091	27.106342	27.734972	0.555207
12.31	28.54	33.63	35.54	3.23	1.45	28.593955	27.109868	27.740106	0.555248
12.31	28.54	33.64	35.55	3.23	1.45	28.600826	27.113396	27.745243	0.555290
12.31	28.54	33.65	35.57	3.23	1.45	28.607702	27.116926	27.750384	0.555331
12.32	28.54	33.66	35.58	3.23	1.45	28.614584	27.120458	27.755529	0.555373
12.32	28.54	33.67	35.59	3.23	1.45	28.621472	27.123991	27.760677	0.555414
12.32	28.54	33.68	35.61	3.23	1.45	28.628365	27.127526	27.765829	0.555455
12.32	28.54	33.69	35.62	3.23	1.46	28.635265	27.131062	27.770985	0.555497
12.33	28.54	33.70	35.64	3.23	1.46	28.642170	27.134600	27.776144	0.555538
12.33	28.54	33.71	35.65	3.23	1.46	28.649081	27.138140	27.781307	0.555580
12.33	28.54	33.72	35.67	3.23	1.46	28.655998	27.141681	27.786474	0.555621
12.34	28.54	33.72	35.68	3.23	1.46	28.662920	27.145225	27.791644	0.555662
12.34	28.54	33.73	35.70	3.23	1.46	28.669848	27.148769	27.796819	0.555704
12.34	28.54	33.74	35.71	3.23	1.46	28.676782	27.152316	27.801997	0.555745
12.34	28.54	33.75	35.73	3.23	1.46	28.683721	27.155864	27.807178	0.555786
12.35	28.54	33.76	35.74	3.23	1.46	28.690666	27.159414	27.812364	0.555828
12.35	28.54	33.77	35.76	3.23	1.46	28.697617	27.162966	27.817553	0.555869
12.35	28.54	33.78	35.77	3.23	1.46	28.704573	27.166520	27.822745	0.555910
12.36	28.54	33.79	35.79	3.23	1.47	28.711535	27.170075	27.827942	0.555952
12.36	28.54	33.80	35.80	3.23	1.47	28.718503	27.173632	27.833142	0.555993
12.36	28.54	33.81	35.81	3.23	1.47	28.725476	27.177190	27.838346	0.556034
12.36	28.54	33.82	35.83	3.23	1.47	28.732454	27.180751	27.843553	0.556075
12.37	28.54	33.82	35.84	3.23	1.47	28.739438	27.184313	27.848764	0.556117
12.37	28.54	33.83	35.86	3.23	1.47	28.746428	27.187877	27.853979	0.556158
12.37	28.54	33.84	35.87	3.23	1.47	28.753423	27.191443	27.859198	0.556199
12.38	28.54	33.85	35.89	3.23	1.47	28.760423	27.195010	27.864420	0.556240
12.38	28.54	33.86	35.90	3.23	1.47	28.767429	27.198579	27.869646	0.556282
12.38	28.54	33.87	35.92	3.23	1.47	28.774440	27.202151	27.874875	0.556323
12.38	28.54	33.88	35.93	3.23	1.47	28.781457	27.205723	27.880109	0.556364
12.39	28.54	33.89	35.95	3.23	1.48	28.788479	27.209298	27.885346	0.556405
12.39	28.54	33.90	35.96	3.23	1.48	28.795506	27.212875	27.890586	0.556446
12.39	28.54	33.91	35.97	3.23	1.48	28.802539	27.216453	27.895831	0.556487
12.39	28.54	33.92	35.99	3.23	1.48	28.809577	27.220033	27.901078	0.556528
12.40	28.54	33.92	36.00	3.23	1.48	28.816620	27.223615	27.906330	0.556569
12.40	28.54	33.93	36.02	3.23	1.48	28.823669	27.227199	27.911585	0.556611
12.40	28.54	33.94	36.03	3.23	1.48	28.830723	27.230784	27.916844	0.556652
12.41	28.54	33.95	36.05	3.23	1.48	28.837782	27.234371	27.922107	0.556693
12.41	28.54	33.96	36.06	3.23	1.48	28.844846	27.237961	27.927373	0.556734
12.41	28.54	33.97	36.08	3.23	1.48	28.851916	27.241552	27.932643	0.556775
12.41	28.54	33.98	36.09	3.24	1.48	28.858991	27.245145	27.937916	0.556816
12.42	28.54	33.99	36.11	3.24	1.48	28.866071	27.248739	27.943193	0.556857
12.42	28.54	34.00	36.12	3.24	1.49	28.873156	27.252336	27.948474	0.556898
12.42	28.54	34.01	36.13	3.24	1.49	28.880246	27.255935	27.953758	0.556939
12.43	28.54	34.01	36.15	3.24	1.49	28.887341	27.259535	27.959046	0.556980
12.43	28.54	34.02	36.16	3.24	1.49	28.894442	27.263137	27.964337	0.557020
12.43	28.54	34.03	36.18	3.24	1.49	28.901547	27.266741	27.969632	0.557061
12.43	28.54	34.04	36.19	3.24	1.49	28.908658	27.270347	27.974931	0.557102
12.44	28.54	34.05	36.21	3.24	1.49	28.915774	27.273955	27.980233	0.557143
12.44	28.54	34.06	36.22	3.24	1.49	28.922894	27.277565	27.985539	0.557184
12.44	28.54	34.07	36.24	3.24	1.49	28.930020	27.281176	27.990849	0.557225
12.44	28.54	34.08	36.25	3.24	1.49	28.937151	27.284790	27.996162	0.557266
12.45	28.54	34.09	36.26	3.24	1.49	28.944286	27.288405	28.001478	0.557306
12.45	28.54	34.09	36.28	3.24	1.50	28.951427	27.292023	28.006798	0.557347
12.45	28.54	34.10	36.29	3.24	1.50	28.958572	27.295642	28.012122	0.557388
12.46	28.54	34.11	36.31	3.24	1.50	28.965723	27.299263	28.017449	0.557429
12.46	28.54	34.12	36.32	3.24	1.50	28.972878	27.302886	28.022780	0.557469
12.46	28.54	34.13	36.34	3.24	1.50	28.980038	27.306511	28.028114	0.557510
12.46	28.54	34.14	36.35	3.24	1.50	28.987204	27.310138	28.033452	0.557551
12.47	28.54	34.15	36.37	3.24	1.50	28.994373	27.313767	28.038794	0.557591
12.47	28.54	34.16	36.38	3.24	1.50	29.001548	27.317398	28.044139	0.557632
12.47	28.54	34.17	36.39	3.24	1.50	29.008728	27.321030	28.049487	0.557673
12.47	28.54	34.18	36.41	3.24	1.50	29.015912	27.324665	28.054839	0.557713
12.48	28.54	34.18	36.42	3.24	1.50	29.023101	27.328301	28.060194	0.557754
12.48	28.54	34.19	36.44	3.24	1.50	29.030295	27.331940	28.065553	0.557794
12.48	28.54	34.20	36.45	3.24	1.51	29.037493	27.335580	28.070916	0.557835
12.49	28.54	34.21	36.47	3.24	1.51	29.044697	27.339223	28.076282	0.557875
12.49	28.54	34.22	36.48	3.24	1.51	29.051905	27.342867	28.081651	0.557916
12.49	28.54	34.23	36.50	3.24	1.51	29.059117	27.346514	28.087024	0.557956
12.49	28.54	34.24	36.51	3.24	1.51	29.066335	27.350162	28.092400	0.557997
12.50	28.54	34.25	36.52	3.24	1.51	29.073557	27.353812	28.097780	0.558037
12.50	28.54	34.26	36.54	3.24	1.51	29.080783	27.357464	28.103163	0.558078
12.50	28.54	34.26	36.55	3.24	1.51	29.088014	27.361118	28.108550	0.558118
12.51	28.54	34.27	36.57	3.24	1.51	29.095250	27.364775	28.113940	0.558158
12.51	28.54	34.28	36.58	3.24	1.51	29.102490	27.368433	28.119334	0.558199
12.51	28.54	34.29	36.60	3.24	1.51	29.109735	27.372093	28.124731	0.558239
12.51	28.54	34.30	36.61	3.24	1.51	29.116985	27.375755	28.130131	0.558279
12.52	28.54	34.31	36.62	3.24	1.52	29.124239	27.379419	28.135535	0.558319
12.52	28.54	34.32	36.64	3.24	1.52	29.131497	27.383085	28.140942	0.558360
12.52	28.54	34.33	36.65	3.24	1.52	29.138760	27.386753	28.146353	0.558400
12.53	28.54	34.33	36.67	3.24	1.52	29.146027	27.390423	28.151767	0.558440
12.53	28.54	34.34	36.68	3.24	1.52	29.153299	27.394095	28.157185	0.558480
12.53	28.54	34.35	36.70	3.24	1.52	29.160576	27.397769	28.162605	0.558521
12.53	28.54	34.36	36.71	3.24	1.52	29.167856	27.401445	28.168030	0.558561
12.54	28.54	34.37	36.72	3.24	1.52	29.175141	27.405123	28.173457	0.558601
12.54	28.54	34.38	36.74	3.24	1.52	29.182431	27.408803	28.178888	0.558641
12.54	28.54	34.39	36.75	3.24	1.52	29.189725	27.412485	28.184322	0.558681
12.54	28.54	34.40	36.77	3.24	1.52	29.197023	27.416169	28.189760	0.558721
12.55	28.54	34.41	36.78	3.24	1.52	29.204325	27.419855	28.195201	0.558761
12.55	28.54	34.41	36.80	3.24	1.53	29.211632	27.423544	28.200645	0.558801
12.55	28.54	34.42	36.81	3.24	1.53	29.218943	27.427234	28.206093	0.558841
12.56	28.54	34.43	36.82	3.24	1.53	29.226258	27.430926	28.211544	0.558881
12.56	28.54	34.44	36.84	3.24	1.53	29.233578	27.434620	28.216998	0.558921
12.56	28.54	34.45	36.85	3.24	1.53	29.240902	27.438316	28.222456	0.558961
12.56	28.54	34.46	36.87	3.24	1.53	29.248230	27.442014	28.227916	0.559001
12.57	28.54	34.47	36.88	3.24	1.53	29.255562	27.445715	28.233381	0.559041
12.57	28.54	34.48	36.90	3.24	1.53	29.262899	27.449417	28.238848	0.559080
12.57	28.54	34.48	36.91	3.25	1.53	29.270239	27.453121	28.244319	0.559120
12.57	28.54	34.49	36.92	3.25	1.53	29.277584	27.456827	28.249793	0.559160
12.58	28.54	34.50	36.94	3.25	1.53	29.284933	27.460536	28.255270	0.559200
12.58	28.54	34.51	36.95	3.25	1.54	29.292286	27.464246	28.260750	0.559239
12.58	28.54	34.52	36.97	3.25	1.54	29.299643	27.467959	28.266234	0.559279
12.59	28.54	34.53	36.98	3.25	1.54	29.307004	27.471673	28.271721	0.559319
12.59	28.54	34.54	36.99	3.25	1.54	29.314370	27.475390	28.277211	0.559358
12.59	28.54	34.55	37.01	3.25	1.54	29.321739	27.479108	28.282705	0.559398
12.59	28.54	34.55	37.02	3.25	1.54	29.329112	27.482829	28.288201	0.559438
12.60	28.54	34.56	37.04	3.25	1.54	29.336490	27.486552	28.293701	0.559477
12.60	28.54	34.57	37.05	3.25	1.54	29.343871	27.490276	28.299204	0.559517
12.60	28.54	34.58	37.07	3.25	1.54	29.351256	27.494003	28.304710	0.559556
12.61	28.54	34.59	37.08	3.25	1.54	29.358646	27.497732	28.310220	0.559596
12.61	28.54	34.60	37.09	3.25	1.54	29.366039	27.501463	28.315732	0.559635
12.61	28.54	34.61	37.11	3.25	1.54	29.373436	27.505196	28.321248	0.559675
12.61	28.54	34.61	37.12	3.25	1.54	29.380838	27.508931	28.326767	0.559714
12.62	28.54	34.62	37.14	3.25	1.55	29.388243	27.512668	28.332289	0.559754
12.62	28.54	34.63	37.15	3.25	1.55	29.395652	27.516407	28.337815	0.559793
12.62	28.54	34.64	37.16	3.25	1.55	29.403064	27.520148	28.343343	0.559832
12.62	28.54	34.65	37.18	3.25	1.55	29.410481	27.523892	28.348875	0.559872
12.63	28.54	34.66	37.19	3.25	1.55	29.417902	27.527637	28.354409	0.559911
12.63	28.54	34.67	37.21	3.25	1.55	29.425326	27.531384	28.359947	0.559950
12.63	28.54	34.68	37.22	3.25	1.55	29.432754	27.535134	28.365488	0.559990
12.64	28.54	34.68	37.23	3.25	1.55	29.440186	27.538885	28.371032	0.560029
12.64	28.54	34.69	37.25	3.25	1.55	29.447622	27.542639	28.376579	0.560068
12.64	28.54	34.70	37.26	3.25	1.55	29.455061	27.546395	28.382129	0.560107
12.64	28.54	34.71	37.28	3.25	1.55	29.462504	27.550153	28.387683	0.560146
12.65	28.54	34.72	37.29	3.25	1.55	29.469951	27.553912	28.393239	0.560185
12.65	28.54	34.73	37.31	3.25	1.56	29.477402	27.557674	28.398799	0.560225
12.65	28.54	34.74	37.32	3.25	1.56	29.484856	27.561438	28.404361	0.560264
12.66	28.54	34.74	37.33	3.25	1.56	29.492314	27.565204	28.409927	0.560303
12.66	28.54	34.75	37.35	3.25	1.56	29.499776	27.568973	28.415495	0.560342
12.66	28.54	34.76	37.36	3.25	1.56	29.507241	27.572743	28.421067	0.560381
12.66	28.54	34.77	37.38	3.25	1.56	29.514710	27.576515	28.426642	0.560420
12.67	28.54	34.78	37.39	3.25	1.56	29.522183	27.580290	28.432219	0.560458
12.67	28.54	34.79	37.40	3.25	1.56	29.529659	27.584066	28.437800	0.560497
12.67	28.54	34.80	37.42	3.25	1.56	29.537139	27.587845	28.443384	0.560536
12.68	28.54	34.80	37.43	3.25	1.56	29.544622	27.591625	28.448971	0.560575
12.68	28.54	34.81	37.45	3.25	1.56	29.552109	27.595408	28.454560	0.560614
12.68	28.54	34.82	37.46	3.25	1.56	29.559599	27.599193	28.460153	0.560653
12.68	28.54	34.83	37.47	3.25	1.57	29.567093	27.602980	28.465749	0.560691
12.69	28.54	34.84	37.49	3.25	1.57	29.574591	27.606769	28.471348	0.560730
12.69	28.54	34.85	37.50	3.25	1.57	29.582092	27.610560	28.476949	0.560769
12.69	28.54	34.86	37.52	3.25	1.57	29.589596	27.614354	28.482554	0.560808
12.69	28.54	34.86	37.53	3.25	1.57	29.597104	27.618149	28.488161	0.560846
12.70	28.54	34.87	37.54	3.25	1.57	29.604615	27.621946	28.493772	0.560885
12.70	28.54	34.88	37.56	3.25	1.57	29.612130	27.625746	28.499385	0.560923
12.70	28.54	34.89	37.57	3.25	1.57	29.619648	27.629547	28.505002	0.560962
12.71	28.54	34.90	37.58	3.25	1.57	29.627169	27.633351	28.510621	0.561001
12.71	28.54	34.91	37.60	3.25	1.57	29.634694	27.637157	28.516243	0.561039
12.71	28.54	34.92	37.61	3.25	1.57	29.642223	27.640965	28.521869	0.561078
12.71	28.54	34.92	37.63	3.25	1.57	29.649754	27.644775	28.527497	0.561116
12.72	28.54	34.93	37.64	3.25	1.57	29.657289	27.648587	28.533127	0.561154
12.72	28.54	34.94	37.65	3.25	1.58	29.664828	27.652401	28.538761	0.561193
12.72	28.54	34.95	37.67	3.25	1.58	29.672369	27.656217	28.544398	0.561231
12.72	28.54	34.96	37.68	3.26	1.58	29.679914	27.660036	28.550038	0.561270
12.73	28.54	34.97	37.70	3.26	1.58	29.687462	27.663856	28.555680	0.561308
12.73	28.54	34.98	37.71	3.26	1.58	29.695014	27.667679	28.561325	0.561346
12.73	28.54	34.98	37.72	3.26	1.58	29.702568	27.671504	28.566973	0.561384
12.74	28.54	34.99	37.74	3.26	1.58	29.710126	27.675330	28.572624	0.561423
12.74	28.54	35.00	37.75	3.26	1.58	29.717687	27.679159	28.578278	0.561461
12.74	28.54	35.01	37.77	3.26	1.58	29.725251	27.682990	28.583935	0.561499
12.74	28.54	35.02	37.78	3.26	1.58	29.732819	27.686823	28.589594	0.561537
12.75	28.54	35.03	37.79	3.26	1.58	29.740390	27.690659	28.595256	0.561575
12.75	28.54	35.03	37.81	3.26	1.58	29.747963	27.694496	28.600922	0.561613
12.75	28.54	35.04	37.82	3.26	1.59	29.755540	27.698335	28.606589	0.561651
12.76	28.54	35.05	37.83	3.26	1.59	29.763120	27.702177	28.612260	0.561690
12.76	28.54	35.06	37.85	3.26	1.59	29.770704	27.706020	28.617933	0.561728
12.76	28.54	35.07	37.86	3.26	1.59	29.778290	27.709866	28.623610	0.561766
12.76	28.54	35.08	37.88	3.26	1.59	29.785879	27.713714	28.629289	0.561803
12.77	28.54	35.09	37.89	3.26	1.59	29.793472	27.717564	28.634970	0.561841
12.77	28.54	35.09	37.90	3.26	1.59	29.801067	27.721416	28.640655	0.561879
12.77	28.54	35.10	37.92	3.26	1.59	29.808666	27.725270	28.646342	0.561917
12.78	28.54	35.11	37.93	3.26	1.59	29.816267	27.729126	28.652032	0.561955
12.78	28.54	35.12	37.94	3.26	1.59	29.823872	27.732985	28.657725	0.561993
12.78	28.54	35.13	37.96	3.26	1.59	29.831479	27.736845	28.663420	0.562031
12.78	28.54	35.14	37.97	3.26	1.59	29.839090	27.740707	28.669118	0.562068
12.79	28.54	35.14	37.99	3.26	1.59	29.846703	27.744572	28.674819	0.562106
12.79	28.54	35.15	38.00	3.26	1.60	29.854320	27.748439	28.680523	0.562144
12.79	28.54	35.16	38.01	3.26	1.60	29.861939	27.752308	28.686229	0.562181
12.79	28.54	35.17	38.03	3.26	1.60	29.869561	27.756179	28.691938	0.562219
12.80	28.54	35.18	38.04	3.26	1.60	29.877187	27.760052	28.697649	0.562257
12.80	28.54	35.19	38.05	3.26	1.60	29.884815	27.763927	28.703363	0.562294
12.80	28.54	35.19	38.07	3.26	1.60	29.892446	27.767804	28.709080	0.562332
12.81	28.54	35.20	38.08	3.26	1.60	29.900080	27.771683	28.714800	0.562369
12.81	28.54	35.21	38.10	3.26	1.60	29.907716	27.775565	28.720522	0.562407
12.81	28.54	35.22	38.11	3.26	1.60	29.915356	27.779448	28.726247	0.562444
12.81	28.54	35.23	38.12	3.26	1.60	29.922998	27.783334	28.731974	0.562482
12.82	28.54	35.24	38.14	3.26	1.60	29.930643	27.787222	28.737705	0.562519
12.82	28.54	35.24	38.15	3.26	1.60	29.938291	27.791112	28.743437	0.562556
12.82	28.54	35.25	38.16	3.26	1.60	29.945942	27.795004	28.749173	0.562594
12.82	28.54	35.26	38.18	3.26	1.61	29.953596	27.798898	28.754911	0.562631
12.83	28.54	35.27	38.19	3.26	1.61	29.961252	27.802794	28.760651	0.562668
12.83	28.54	35.28	38.21	3.26	1.61	29.968911	27.806692	28.766394	0.562705
12.83	28.54	35.29	38.22	3.26	1.61	29.976573	27.810592	28.772140	0.562743
12.84	28.54	35.29	38.23	3.26	1.61	29.984237	27.814495	28.777888	0.562780
12.84	28.54	35.30	38.25	3.26	1.61	29.991904	27.818399	28.783639	0.562817
12.84	28.54	35.31	38.26	3.26	1.61	29.999574	27.822306	28.789393	0.562854
12.84	28.54	35.32	38.27	3.26	1.61	30.007247	27.826215	28.795148	0.562891
12.85	28.54	35.33	38.29	3.26	1.61	30.014922	27.830126	28.800907	0.562928
12.85	28.54	35.34	38.30	3.26	1.61	30.022599	27.834038	28.806668	0.562965
12.85	28.54	35.34	38.31	3.26	1.61	30.030280	27.837953	28.812432	0.563002
12.86	28.54	35.35	38.33	3.26	1.61	30.037963	27.841871	28.818198	0.563039
12.86	28.54	35.36	38.34	3.26	1.61	30.045649	27.845790	28.823966	0.563076
12.86	28.54	35.37	38.36	3.26	1.62	30.053337	27.849711	28.829737	0.563113
12.86	28.54	35.38	38.37	3.26	1.62	30.061028	27.853634	28.835511	0.563150
12.87	28.54	35.39	38.38	3.26	1.62	30.068721	27.857560	28.841287	0.563187
12.87	28.54	35.39	38.40	3.26	1.62	30.076417	27.861487	28.847066	0.563224
12.87	28.54	35.40	38.41	3.26	1.62	30.084115	27.865417	28.852847	0.563261
12.88	28.54	35.41	38.42	3.27	1.62	30.091816	27.869349	28.858630	0.563297
12.88	28.54	35.42	38.44	3.27	1.62	30.099520	27.873283	28.864416	0.563334
12.88	28.54	35.43	38.45	3.27	1.62	30.107226	27.877219	28.870205	0.563371
12.88	28.54	35.43	38.46	3.27	1.62	30.114934	27.881157	28.875996	0.563407
12.89	28.54	35.44	38.48	3.27	1.62	30.122645	27.885097	28.881789	0.563444
12.89	28.54	35.45	38.49	3.27	1.62	30.130359	27.889039	28.887585	0.563481
12.89	28.54	35.46	38.50	3.27	1.62	30.138074	27.892983	28.893383	0.563517
12.89	28.54	35.47	38.52	3.27	1.62	30.145793	27.896929	28.899184	0.563554
12.90	28.54	35.48	38.53	3.27	1.62	30.153513	27.900878	28.904987	0.563590
12.90	28.54	35.48	38.54	3.27	1.63	30.161236	27.904828	28.910792	0.563627
12.90	28.54	35.49	38.56	3.27	1.63	30.168962	27.908781	28.916600	0.563663
12.91	28.54	35.50	38.57	3.27	1.63	30.176690	27.912735	28.922410	0.563700
12.91	28.54	35.51	38.59	3.27	1.63	30.184420	27.916692	28.928223	0.563736
12.91	28.54	35.52	38.60	3.27	1.63	30.192152	27.920651	28.934038	0.563773
12.91	28.54	35.53	38.61	3.27	1.63	30.199887	27.924612	28.939855	0.563809
12.92	28.54	35.53	38.63	3.27	1.63	30.207624	27.928575	28.945675	0.563845
12.92	28.54	35.54	38.64	3.27	1.63	30.215364	27.932540	28.951497	0.563882
12.92	28.54	35.55	38.65	3.27	1.63	30.223106	27.936507	28.957322	0.563918
12.93	28.54	35.56	38.67	3.27	1.63	30.230850	27.940476	28.963148	0.563954
12.93	28.54	35.57	38.68	3.27	1.63	30.238596	27.944447	28.968978	0.563990
12.93	28.54	35.57	38.69	3.27	1.63	30.246345	27.948420	28.974809	0.564027
12.93	28.54	35.58	38.71	3.27	1.63	30.254096	27.952396	28.980643	0.564063
12.94	28.54	35.59	38.72	3.27	1.64	30.261849	27.956373	28.986479	0.564099
12.94	28.54	35.60	38.73	3.27	1.64	30.269604	27.960353	28.992317	0.564135
12.94	28.54	35.61	38.75	3.27	1.64	30.277361	27.964334	28.998158	0.564171
12.94	28.54	35.61	38.76	3.27	1.64	30.285121	27.968318	29.004001	0.564207
12.95	28.54	35.62	38.77	3.27	1.64	30.292883	27.972304	29.009846	0.564243
12.95	28.54	35.63	38.79	3.27	1.64	30.300647	27.976291	29.015694	0.564279
12.95	28.54	35.64	38.80	3.27	1.64	30.308413	27.980281	29.021543	0.564315
12.96	28.54	35.65	38.81	3.27	1.64	30.316182	27.984273	29.027395	0.564351
12.96	28.54	35.65	38.83	3.27	1.64	30.323952	27.988267	29.033250	0.564387
12.96	28.54	35.66	38.84	3.27	1.64	30.331725	27.992263	29.039106	0.564423
12.96	28.54	35.67	38.85	3.27	1.64	30.339499	27.996261	29.044965	0.564458
12.97	28.54	35.68	38.87	3.27	1.64	30.347276	28.000261	29.050826	0.564494
12.97	28.54	35.69	38.88	3.27	1.64	30.355055	28.004263	29.056689	0.564530
12.97	28.54	35.70	38.89	3.27	1.64	30.362836	28.008267	29.062555	0.564566
12.97	28.54	35.70	38.91	3.27	1.65	30.370619	28.012273	29.068423	0.564601
12.98	28.54	35.71	38.92	3.27	1.65	30.378404	28.016282	29.074292	0.564637
12.98	28.54	35.72	38.93	3.27	1.65	30.386191	28.020292	29.080165	0.564673
12.98	28.54	35.73	38.95	3.27	1.65	30.393980	28.024304	29.086039	0.564708
12.99	28.54	35.74	38.96	3.27	1.65	30.401771	28.028319	29.091915	0.564744
12.99	28.54	35.74	38.97	3.27	1.65	30.409564	28.032335	29.097794	0.564779
12.99	28.54	35.75	38.99	3.27	1.65	30.417359	28.036354	29.103675	0.564815
12.99	28.54	35.76	39.00	3.27	1.65	30.425156	28.040374	29.109558	0.564850
13.00	28.54	35.77	39.01	3.27	1.65	30.432955	28.044397	29.115443	0.564886
13.00	28.54	35.78	39.03	3.27	1.65	30.440756	28.048421	29.121330	0.564921
13.00	28.54	35.78	39.04	3.27	1.65	30.448559	28.052448	29.127219	0.564957
13.01	28.54	35.79	39.05	3.27	1.65	30.456364	28.056476	29.133111	0.564992
13.01	28.54	35.80	39.07	3.27	1.65	30.464170	28.060507	29.139005	0.565027
13.01	28.54	35.81	39.08	3.27	1.65	30.471979	28.064540	29.144900	0.565063
13.01	28.54	35.82	39.09	3.27	1.66	30.479789	28.068574	29.150798	0.565098
13.02	28.54	35.82	39.11	3.27	1.66	30.487601	28.072611	29.156698	0.565133
13.02	28.54	35.83	39.12	3.28	1.66	30.495416	28.076650	29.162600	0.565168
13.02	28.54	35.84	39.13	3.28	1.66	30.503232	28.080691	29.168505	0.565204
13.03	28.54	35.85	39.15	3.28	1.66	30.511049	28.084734	29.174411	0.565239
13.03	28.54	35.86	39.16	3.28	1.66	30.518869	28.088778	29.180319	0.565274
13.03	28.54	35.86	39.17	3.28	1.66	30.526690	28.092825	29.186230	0.565309
13.03	28.54	35.87	39.18	3.28	1.66	30.534514	28.096874	29.192142	0.565344
13.04	28.54	35.88	39.20	3.28	1.66	30.542339	28.100925	29.198057	0.565379
13.04	28.54	35.89	39.21	3.28	1.66	30.550165	28.104978	29.203973	0.565414
13.04	28.54	35.89	39.22	3.28	1.66	30.557994	28.109033	29.209892	0.565449
13.04	28.54	35.90	39.24	3.28	1.66	30.565824	28.113090	29.215812	0.565484
13.05	28.54	35.91	39.25	3.28	1.66	30.573656	28.117148	29.221735	0.565519
13.05	28.54	35.92	39.26	3.28	1.66	30.581490	28.121209	29.227660	0.565554
13.05	28.54	35.93	39.28	3.28	1.66	30.589326	28.125272	29.233586	0.565589
13.06	28.54	35.93	39.29	3.28	1.67	30.597163	28.129337	29.239515	0.565624
13.06	28.54	35.94	39.30	3.28	1.67	30.605002	28.133404	29.245446	0.565658
13.06	28.54	35.95	39.32	3.28	1.67	30.612842	28.137473	29.251379	0.565693
13.06	28.54	35.96	39.33	3.28	1.67	30.620684	28.141544	29.257313	0.565728
13.07	28.54	35.97	39.34	3.28	1.67	30.628528	28.145617	29.263250	0.565763
13.07	28.54	35.97	39.36	3.28	1.67	30.636374	28.149692	29.269189	0.565797
13.07	28.54	35.98	39.37	3.28	1.67	30.644221	28.153768	29.275129	0.565832
13.07	28.54	35.99	39.38	3.28	1.67	30.652070	28.157847	29.281072	0.565866
13.08	28.54	36.00	39.39	3.28	1.67	30.659920	28.161928	29.287016	0.565901
13.08	28.54	36.00	39.41	3.28	1.67	30.667772	28.166011	29.292963	0.565936
13.08	28.54	36.01	39.42	3.28	1.67	30.675625	28.170096	29.298911	0.565970
13.09	28.54	36.02	39.43	3.28	1.67	30.683481	28.174182	29.304861	0.566005
13.09	28.54	36.03	39.45	3.28	1.67	30.691337	28.178271	29.310814	0.566039
13.09	28.54	36.04	39.46	3.28	1.67	30.699195	28.182362	29.316768	0.566074
13.09	28.54	36.04	39.47	3.28	1.68	30.707055	28.186454	29.322724	0.566108
13.10	28.54	36.05	39.49	3.28	1.68	30.714916	28.190549	29.328682	0.566142
13.10	28.54	36.06	39.50	3.28	1.68	30.722779	28.194646	29.334642	0.566177
13.10	28.54	36.07	39.51	3.28	1.68	30.730643	28.198744	29.340603	0.566211
13.11	28.54	36.08	39.52	3.28	1.68	30.738509	28.202845	29.346567	0.566245
13.11	28.54	36.08	39.54	3.28	1.68	30.746376	28.206947	29.352532	0.566280
13.11	28.54	36.09	39.55	3.28	1.68	30.754245	28.211052	29.358500	0.566314
13.11	28.54	36.10	39.56	3.28	1.68	30.762115	28.215158	29.364469	0.566348
13.12	28.54	36.11	39.58	3.28	1.68	30.769987	28.219267	29.370440	0.566382
13.12	28.54	36.11	39.59	3.28	1.68	30.777860	28.223377	29.376413	0.566416
13.12	28.54	36.12	39.60	3.28	1.68	30.785734	28.227489	29.382388	0.566450
13.12	28.54	36.13	39.62	3.28	1.68	30.793610	28.231603	29.388364	0.566485
13.13	28.54	36.14	39.63	3.28	1.68	30.801488	28.235720	29.394343	0.566519
13.13	28.54	36.15	39.64	3.28	1.68	30.809366	28.239838	29.400323	0.566553
13.13	28.54	36.15	39.65	3.28	1.68	30.817246	28.243958	29.406305	0.566587
13.14	28.54	36.16	39.67	3.28	1.69	30.825128	28.248080	29.412289	0.566621
13.14	28.54	36.17	39.68	3.28	1.69	30.833010	28.252204	29.418274	0.566655
13.14	28.54	36.18	39.69	3.28	1.69	30.840895	28.256330	29.424262	0.566688
13.14	28.54	36.18	39.71	3.28	1.69	30.848780	28.260457	29.430251	0.566722
13.15	28.54	36.19	39.72	3.28	1.69	30.856667	28.264587	29.436242	0.566756
13.15	28.54	36.20	39.73	3.28	1.69	30.864555	28.268719	29.442235	0.566790
13.15	28.54	36.21	39.74	3.28	1.69	30.872444	28.272852	29.448229	0.566824
13.16	28.54	36.21	39.76	3.28	1.69	30.880335	28.276988	29.454225	0.566858
13.16	28.54	36.22	39.77	3.28	1.69	30.888227	28.281125	29.460223	0.566891
13.16	28.54	36.23	39.78	3.28	1.69	30.896120	28.285265	29.466223	0.566925
13.16	28.54	36.24	39.80	3.29	1.69	30.904014	28.289406	29.472225	0.566959
13.17	28.54	36.25	39.81	3.29	1.69	30.911910	28.293549	29.478228	0.566992
13.17	28.54	36.25	39.82	3.29	1.69	30.919807	28.297694	29.484233	0.567026
13.17	28.54	36.26	39.83	3.29	1.69	30.927705	28.301841	29.490239	0.567060
13.18	28.54	36.27	39.85	3.29	1.69	30.935604	28.305990	29.496248	0.567093
13.18	28.54	36.28	39.86	3.29	1.70	30.943505	28.310141	29.502258	0.567127
13.18	28.54	36.28	39.87	3.29	1.70	30.951407	28.314293	29.508269	0.567160
13.18	28.54	36.29	39.89	3.29	1.70	30.959310	28.318448	29.514283	0.567194
13.19	28.54	36.30	39.90	3.29	1.70	30.967214	28.322605	29.520298	0.567227
13.19	28.54	36.31	39.91	3.29	1.70	30.975119	28.326763	29.526315	0.567260
13.19	28.54	36.31	39.92	3.29	1.70	30.983025	28.330923	29.532333	0.567294
13.19	28.54	36.32	39.94	3.29	1.70	30.990933	28.335085	29.538353	0.567327
13.20	28.54	36.33	39.95	3.29	1.70	30.998841	28.339249	29.544375	0.567360
13.20	28.54	36.34	39.96	3.29	1.70	31.006751	28.343415	29.550398	0.567394
13.20	28.54	36.34	39.97	3.29	1.70	31.014662	28.347583	29.556423	0.567427
13.21	28.54	36.35	39.99	3.29	1.70	31.022574	28.351753	29.562450	0.567460
13.21	28.54	36.36	40.00	3.29	1.70	31.030487	28.355925	29.568478	0.567493
13.21	28.54	36.37	40.01	3.29	1.70	31.038401	28.360098	29.574508	0.567527
13.21	28.54	36.37	40.03	3.29	1.70	31.046316	28.364273	29.580540	0.567560
13.22	28.54	36.38	40.04	3.29	1.70	31.054232	28.368450	29.586573	0.567593
13.22	28.54	36.39	40.05	3.29	1.71	31.062149	28.372630	29.592608	0.567626
13.22	28.54	36.40	40.06	3.29	1.71	31.070068	28.376810	29.598644	0.567659
13.22	28.54	36.40	40.08	3.29	1.71	31.077987	28.380993	29.604682	0.567692
13.23	28.54	36.41	40.09	3.29	1.71	31.085907	28.385178	29.610721	0.567725
13.23	28.54	36.42	40.10	3.29	1.71	31.093828	28.389364	29.616762	0.567758
13.23	28.54	36.43	40.11	3.29	1.71	31.101750	28.393553	29.622805	0.567791
13.24	28.54	36.44	40.13	3.29	1.71	31.109674	28.397743	29.628849	0.567824
13.24	28.54	36.44	40.14	3.29	1.71	31.117598	28.401935	29.634895	0.567857
13.24	28.54	36.45	40.15	3.29	1.71	31.125523	28.406129	29.640942	0.567890
13.24	28.54	36.46	40.17	3.29	1.71	31.133449	28.410325	29.646991	0.567922
13.25	28.54	36.47	40.18	3.29	1.71	31.141376	28.414522	29.653041	0.567955
13.25	28.54	36.47	40.19	3.29	1.71	31.149304	28.418721	29.659093	0.567988
13.25	28.54	36.48	40.20	3.29	1.71	31.157233	28.422923	29.665146	0.568021
13.26	28.54	36.49	40.22	3.29	1.71	31.165162	28.427126	29.671201	0.568053
13.26	28.54	36.50	40.23	3.29	1.71	31.173093	28.431331	29.677258	0.568086
13.26	28.54	36.50	40.24	3.29	1.71	31.181024	28.435537	29.683316	0.568119
13.26	28.54	36.51	40.25	3.29	1.72	31.188957	28.439746	29.689375	0.568151
13.27	28.54	36.52	40.27	3.29	1.72	31.196890	28.443956	29.695436	0.568184
13.27	28.54	36.52	40.28	3.29	1.72	31.204824	28.448168	29.701498	0.568217
13.27	28.54	36.53	40.29	3.29	1.72	31.212759	28.452382	29.707562	0.568249
13.28	28.54	36.54	40.30	3.29	1.72	31.220695	28.456598	29.713627	0.568282
13.28	28.54	36.55	40.32	3.29	1.72	31.228631	28.460816	29.719694	0.568314
13.28	28.54	36.55	40.33	3.29	1.72	31.236568	28.465035	29.725762	0.568347
13.28	28.54	36.56	40.34	3.29	1.72	31.244506	28.469257	29.731832	0.568379
13.29	28.54	36.57	40.35	3.29	1.72	31.252445	28.473480	29.737903	0.568411
13.29	28.54	36.58	40.37	3.29	1.72	31.260385	28.477704	29.743975	0.568444
13.29	28.54	36.58	40.38	3.29	1.72	31.268325	28.481931	29.750049	0.568476
13.29	28.54	36.59	40.39	3.29	1.72	31.276267	28.486159	29.756124	0.568508
13.30	28.54	36.60	40.40	3.29	1.72	31.284209	28.490390	29.762201	0.568541
13.30	28.54	36.61	40.42	3.29	1.72	31.292151	28.494622	29.768279	0.568573
13.30	28.54	36.61	40.43	3.30	1.72	31.300095	28.498855	29.774358	0.568605
13.31	28.54	36.62	40.44	3.30	1.72	31.308039	28.503091	29.780439	0.568637
13.31	28.54	36.63	40.45	3.30	1.73	31.315983	28.507328	29.786522	0.568669
13.31	28.54	36.64	40.47	3.30	1.73	31.323929	28.511567	29.792605	0.568702
13.31	28.54	36.64	40.48	3.30	1.73	31.331875	28.515808	29.798690	0.568734
13.32	28.54	36.65	40.49	3.30	1.73	31.339822	28.520051	29.804777	0.568766
13.32	28.54	36.66	40.50	3.30	1.73	31.347769	28.524295	29.810864	0.568798
13.32	28.54	36.67	40.52	3.30	1.73	31.355718	28.528541	29.816953	0.568830
13.32	28.54	36.67	40.53	3.30	1.73	31.363666	28.532789	29.823044	0.568862
13.33	28.54	36.68	40.54	3.30	1.73	31.371616	28.537039	29.829136	0.568894
13.33	28.54	36.69	40.55	3.30	1.73	31.379566	28.541290	29.835229	0.568926
13.33	28.54	36.69	40.57	3.30	1.73	31.387517	28.545544	29.841323	0.568958
13.34	28.54	36.70	40.58	3.30	1.73	31.395468	28.549798	29.847419	0.568990
13.34	28.54	36.71	40.59	3.30	1.73	31.403420	28.554055	29.853516	0.569021
13.34	28.54	36.72	40.60	3.30	1.73	31.411372	28.558314	29.859614	0.569053
13.34	28.54	36.72	40.61	3.30	1.73	31.419325	28.562574	29.865714	0.569085
13.35	28.54	36.73	40.63	3.30	1.73	31.427279	28.566836	29.871815	0.569117
13.35	28.54	36.74	40.64	3.30	1.73	31.435233	28.571099	29.877917	0.569149
13.35	28.54	36.75	40.65	3.30	1.74	31.443187	28.575365	29.884020	0.569180
13.36	28.54	36.75	40.66	3.30	1.74	31.451143	28.579632	29.890125	0.569212
13.36	28.54	36.76	40.68	3.30	1.74	31.459098	28.583900	29.896231	0.569244
13.36	28.54	36.77	40.69	3.30	1.74	31.467055	28.588171	29.902338	0.569275
13.36	28.54	36.77	40.70	3.30	1.74	31.475011	28.592443	29.908447	0.569307
13.37	28.54	36.78	40.71	3.30	1.74	31.482968	28.596717	29.914557	0.569338
13.37	28.54	36.79	40.73	3.30	1.74	31.490926	28.600993	29.920668	0.569370
13.37	28.54	36.80	40.74	3.30	1.74	31.498884	28.605270	29.926780	0.569401
13.38	28.54	36.80	40.75	3.30	1.74	31.506843	28.609549	29.932893	0.569433
13.38	28.54	36.81	40.76	3.30	1.74	31.514802	28.613830	29.939008	0.569464
13.38	28.54	36.82	40.77	3.30	1.74	31.522762	28.618112	29.945124	0.569496
13.38	28.54	36.83	40.79	3.30	1.74	31.530722	28.622397	29.951241	0.569527
13.39	28.54	36.83	40.80	3.30	1.74	31.538682	28.626682	29.957359	0.569559
13.39	28.54	36.84	40.81	3.30	1.74	31.546643	28.630970	29.963479	0.569590
13.39	28.54	36.85	40.82	3.30	1.74	31.554604	28.635259	29.969599	0.569621
13.39	28.54	36.85	40.84	3.30	1.74	31.562566	28.639550	29.975721	0.569652
13.40	28.54	36.86	40.85	3.30	1.74	31.570527	28.643843	29.981844	0.569684
13.40	28.54	36.87	40.86	3.30	1.75	31.578490	28.648137	29.987968	0.569715
13.40	28.54	36.88	40.87	3.30	1.75	31.586453	28.652433	29.994093	0.569746
13.41	28.54	36.88	40.88	3.30	1.75	31.594416	28.656730	30.000220	0.569777
13.41	28.54	36.89	40.90	3.30	1.75	31.602379	28.661030	30.006347	0.569808
13.41	28.54	36.90	40.91	3.30	1.75	31.610343	28.665331	30.012476	0.569840
13.41	28.54	36.90	40.92	3.30	1.75	31.618307	28.669633	30.018606	0.569871
13.42	28.54	36.91	40.93	3.30	1.75	31.626271	28.673937	30.024737	0.569902
13.42	28.54	36.92	40.94	3.30	1.75	31.634236	28.678243	30.030869	0.569933
13.42	28.54	36.93	40.96	3.30	1.75	31.642201	28.682551	30.037002	0.569964
13.43	28.54	36.93	40.97	3.30	1.75	31.650166	28.686860	30.043137	0.569995
13.43	28.54	36.94	40.98	3.30	1.75	31.658132	28.691171	30.049272	0.570026
13.43	28.54	36.95	40.99	3.30	1.75	31.666098	28.695483	30.055409	0.570057
13.43	28.54	36.95	41.01	3.30	1.75	31.674064	28.699798	30.061546	0.570088
13.44	28.54	36.96	41.02	3.30	1.75	31.682030	28.704113	30.067685	0.570118
13.44	28.54	36.97	41.03	3.30	1.75	31.689997	28.708431	30.073825	0.570149
13.44	28.54	36.98	41.04	3.31	1.75	31.697964	28.712750	30.079965	0.570180
13.44	28.54	36.98	41.05	3.31	1.75	31.705931	28.717070	30.086107	0.570211
13.45	28.54	36.99	41.07	3.31	1.76	31.713898	28.721393	30.092250	0.570242
13.45	28.54	37.00	41.08	3.31	1.76	31.721865	28.725716	30.098394	0.570272
13.45	28.54	37.00	41.09	3.31	1.76	31.729833	28.730042	30.104539	0.570303
13.46	28.54	37.01	41.10	3.31	1.76	31.737801	28.734369	30.110685	0.570334
13.46	28.54	37.02	41.11	3.31	1.76	31.745769	28.738698	30.116832	0.570364
13.46	28.54	37.02	41.13	3.31	1.76	31.753737	28.743028	30.122980	0.570395
13.46	28.54	37.03	41.14	3.31	1.76	31.761706	28.747360	30.129129	0.570426
13.47	28.54	37.04	41.15	3.31	1.76	31.769674	28.751693	30.135279	0.570456
13.47	28.54	37.05	41.16	3.31	1.76	31.777643	28.756028	30.141431	0.570487
13.47	28.54	37.05	41.17	3.31	1.76	31.785611	28.760365	30.147583	0.570517
13.47	28.54	37.06	41.19	3.31	1.76	31.793580	28.764703	30.153736	0.570548
13.48	28.54	37.07	41.20	3.31	1.76	31.801549	28.769043	30.159890	0.570578
13.48	28.54	37.07	41.21	3.31	1.76	31.809518	28.773385	30.166045	0.570609
13.48	28.54	37.08	41.22	3.31	1.76	31.817488	28.777728	30.172201	0.570639
13.49	28.54	37.09	41.23	3.31	1.76	31.825457	28.782072	30.178358	0.570669
13.49	28.54	37.09	41.25	3.31	1.76	31.833426	28.786418	30.184516	0.570700
13.49	28.54	37.10	41.26	3.31	1.76	31.841396	28.790766	30.190675	0.570730
13.49	28.54	37.11	41.27	3.31	1.77	31.849365	28.795115	30.196834	0.570760
13.50	28.54	37.12	41.28	3.31	1.77	31.857335	28.799466	30.202995	0.570791
13.50	28.54	37.12	41.29	3.31	1.77	31.865304	28.803819	30.209157	0.570821
13.50	28.54	37.13	41.31	3.31	1.77	31.873274	28.808173	30.215319	0.570851
13.51	28.54	37.14	41.32	3.31	1.77	31.881243	28.812528	30.221483	0.570881
13.51	28.54	37.14	41.33	3.31	1.77	31.889213	28.816885	30.227647	0.570911
13.51	28.54	37.15	41.34	3.31	1.77	31.897182	28.821244	30.233813	0.570941
13.51	28.54	37.16	41.35	3.31	1.77	31.905152	28.825604	30.239979	0.570972
13.52	28.54	37.16	41.36	3.31	1.77	31.913122	28.829965	30.246146	0.571002
13.52	28.54	37.17	41.38	3.31	1.77	31.921091	28.834329	30.252314	0.571032
13.52	28.54	37.18	41.39	3.31	1.77	31.929061	28.838693	30.258483	0.571062
13.53	28.54	37.18	41.40	3.31	1.77	31.937030	28.843060	30.264653	0.571092
13.53	28.54	37.19	41.41	3.31	1.77	31.944999	28.847427	30.270823	0.571122
13.53	28.54	37.20	41.42	3.31	1.77	31.952969	28.851797	30.276995	0.571152
13.53	28.54	37.21	41.44	3.31	1.77	31.960938	28.856167	30.283167	0.571182
13.54	28.54	37.21	41.45	3.31	1.77	31.968907	28.860540	30.289340	0.571211
13.54	28.54	37.22	41.46	3.31	1.77	31.976876	28.864913	30.295514	0.571241
13.54	28.54	37.23	41.47	3.31	1.77	31.984845	28.869289	30.301689	0.571271
13.54	28.54	37.23	41.48	3.31	1.78	31.992814	28.873666	30.307865	0.571301
13.55	28.54	37.24	41.49	3.31	1.78	32.000783	28.878044	30.314041	0.571331
13.55	28.54	37.25	41.51	3.31	1.78	32.008752	28.882424	30.320218	0.571360
13.55	28.54	37.25	41.52	3.31	1.78	32.016720	28.886805	30.326397	0.571390
13.56	28.54	37.26	41.53	3.31	1.78	32.024688	28.891188	30.332575	0.571420
13.56	28.54	37.27	41.54	3.31	1.78	32.032657	28.895572	30.338755	0.571450
13.56	28.54	37.27	41.55	3.31	1.78	32.040625	28.899958	30.344936	0.571479
13.56	28.54	37.28	41.56	3.31	1.78	32.048592	28.904345	30.351117	0.571509
13.57	28.54	37.29	41.58	3.31	1.78	32.056560	28.908733	30.357299	0.571538
13.57	28.54	37.29	41.59	3.31	1.78	32.064528	28.913124	30.363482	0.571568
13.57	28.54	37.30	41.60	3.31	1.78	32.072495	28.917515	30.369665	0.571597
13.57	28.54	37.31	41.61	3.31	1.78	32.080462	28.921908	30.375850	0.571627
13.58	28.54	37.31	41.62	3.31	1.78	32.088429	28.926303	30.382035	0.571656
13.58	28.54	37.32	41.64	3.32	1.78	32.096395	28.930699	30.388221	0.571686
13.58	28.54	37.33	41.65	3.32	1.78	32.104362	28.935096	30.394407	0.571715
13.59	28.54	37.34	41.66	3.32	1.78	32.112328	28.939495	30.400595	0.571745
13.59	28.54	37.34	41.67	3.32	1.78	32.120294	28.943895	30.406783	0.571774
13.59	28.54	37.35	41.68	3.32	1.78	32.128260	28.948297	30.412971	0.571803
13.59	28.54	37.36	41.69	3.32	1.79	32.136225	28.952700	30.419161	0.571833
13.60	28.54	37.36	41.70	3.32	1.79	32.144190	28.957105	30.425351	0.571862
13.60	28.54	37.37	41.72	3.32	1.79	32.152155	28.961511	30.431542	0.571891
13.60	28.54	37.38	41.73	3.32	1.79	32.160119	28.965918	30.437733	0.571921
13.61	28.54	37.38	41.74	3.32	1.79	32.168084	28.970327	30.443926	0.571950
13.61	28.54	37.39	41.75	3.32	1.79	32.176048	28.974737	30.450119	0.571979
13.61	28.54	37.40	41.76	3.32	1.79	32.184011	28.979149	30.456312	0.572008
13.61	28.54	37.40	41.77	3.32	1.79	32.191974	28.983562	30.462506	0.572037
13.62	28.54	37.41	41.79	3.32	1.79	32.199937	28.987977	30.468701	0.572066
13.62	28.54	37.42	41.80	3.32	1.79	32.207900	28.992393	30.474897	0.572095
13.62	28.54	37.42	41.81	3.32	1.79	32.215862	28.996810	30.481093	0.572125
13.62	28.54	37.43	41.82	3.32	1.79	32.223824	29.001229	30.487290	0.572154
13.63	28.54	37.44	41.83	3.32	1.79	32.231785	29.005649	30.493488	0.572183
13.63	28.54	37.44	41.84	3.32	1.79	32.239746	29.010070	30.499686	0.572212
13.63	28.54	37.45	41.86	3.32	1.79	32.247707	29.014493	30.505884	0.572241
13.64	28.54	37.46	41.87	3.32	1.79	32.255667	29.018917	30.512084	0.572269
13.64	28.54	37.46	41.88	3.32	1.79	32.263627	29.023343	30.518284	0.572298
13.64	28.54	37.47	41.89	3.32	1.79	32.271587	29.027770	30.524484	0.572327
13.64	28.54	37.48	41.90	3.32	1.79	32.279546	29.032198	30.530686	0.572356
13.65	28.54	37.48	41.91	3.32	1.80	32.287505	29.036628	30.536887	0.572385
13.65	28.54	37.49	41.92	3.32	1.80	32.295463	29.041059	30.543090	0.572414
13.65	28.54	37.50	41.94	3.32	1.80	32.303420	29.045492	30.549293	0.572442
13.66	28.54	37.50	41.95	3.32	1.80	32.311378	29.049926	30.555496	0.572471
13.66	28.54	37.51	41.96	3.32	1.80	32.319334	29.054361	30.561700	0.572500
13.66	28.54	37.52	41.97	3.32	1.80	32.327291	29.058797	30.567905	0.572529
13.66	28.54	37.52	41.98	3.32	1.80	32.335247	29.063235	30.574110	0.572557
13.67	28.54	37.53	41.99	3.32	1.80	32.343202	29.067674	30.580316	0.572586
13.67	28.54	37.53	42.00	3.32	1.80	32.351157	29.072115	30.586522	0.572615
13.67	28.54	37.54	42.02	3.32	1.80	32.359111	29.076557	30.592729	0.572643
13.68	28.54	37.55	42.03	3.32	1.80	32.367065	29.081000	30.598937	0.572672
13.68	28.54	37.55	42.04	3.32	1.80	32.375018	29.085444	30.605145	0.572700
13.68	28.54	37.56	42.05	3.32	1.80	32.382971	29.089890	30.611353	0.572729
13.68	28.54	37.57	42.06	3.32	1.80	32.390923	29.094337	30.617562	0.572757
13.69	28.54	37.57	42.07	3.32	1.80	32.398875	29.098786	30.623771	0.572786
13.69	28.54	37.58	42.08	3.32	1.80	32.406826	29.103235	30.629981	0.572814
13.69	28.54	37.59	42.09	3.32	1.80	32.414776	29.107686	30.636192	0.572842
13.69	28.54	37.59	42.11	3.32	1.80	32.422726	29.112139	30.642403	0.572871
13.70	28.54	37.60	42.12	3.32	1.80	32.430676	29.116592	30.648614	0.572899
13.70	28.54	37.61	42.13	3.32	1.81	32.438625	29.121047	30.654826	0.572928
13.70	28.54	37.61	42.14	3.32	1.81	32.446573	29.125503	30.661038	0.572956
13.71	28.54	37.62	42.15	3.32	1.81	32.454520	29.129961	30.667251	0.572984
13.71	28.54	37.63	42.16	3.32	1.81	32.462467	29.134420	30.673464	0.573012
13.71	28.54	37.63	42.17	3.32	1.81	32.470413	29.138880	30.679678	0.573041
13.71	28.54	37.64	42.18	3.32	1.81	32.478359	29.143341	30.685892	0.573069
13.72	28.54	37.65	42.20	3.33	1.81	32.486304	29.147804	30.692107	0.573097
13.72	28.54	37.65	42.21	3.33	1.81	32.494249	29.152268	30.698322	0.573125
13.72	28.54	37.66	42.22	3.33	1.81	32.502192	29.156733	30.704537	0.573153
13.72	28.54	37.66	42.23	3.33	1.81	32.510135	29.161199	30.710753	0.573181
13.73	28.54	37.67	42.24	3.33	1.81	32.518078	29.165667	30.716969	0.573209
13.73	28.54	37.68	42.25	3.33	1.81	32.526019	29.170136	30.723186	0.573237
13.73	28.54	37.68	42.26	3.33	1.81	32.533960	29.174606	30.729403	0.573265
13.74	28.54	37.69	42.27	3.33	1.81	32.541901	29.179077	30.735621	0.573293
13.74	28.54	37.70	42.29	3.33	1.81	32.549840	29.183550	30.741838	0.573321
13.74	28.54	37.70	42.30	3.33	1.81	32.557779	29.188024	30.748057	0.573349
13.74	28.54	37.71	42.31	3.33	1.81	32.565717	29.192499	30.754275	0.573377
13.75	28.54	37.72	42.32	3.33	1.81	32.573654	29.196975	30.760494	0.573405
13.75	28.54	37.72	42.33	3.33	1.81	32.581591	29.201452	30.766714	0.573433
13.75	28.54	37.73	42.34	3.33	1.81	32.589527	29.205931	30.772933	0.573461
13.76	28.54	37.73	42.35	3.33	1.82	32.597462	29.210411	30.779153	0.573489
13.76	28.54	37.74	42.36	3.33	1.82	32.605396	29.214892	30.785374	0.573516
13.76	28.54	37.75	42.37	3.33	1.82	32.613330	29.219375	30.791594	0.573544
13.76	28.54	37.75	42.39	3.33	1.82	32.621263	29.223858	30.797816	0.573572
13.77	28.54	37.76	42.40	3.33	1.82	32.629195	29.228343	30.804037	0.573600
13.77	28.54	37.77	42.41	3.33	1.82	32.637126	29.232829	30.810259	0.573627
13.77	28.54	37.77	42.42	3.33	1.82	32.645056	29.237316	30.816481	0.573655
13.78	28.54	37.78	42.43	3.33	1.82	32.652986	29.241805	30.822703	0.573683
13.78	28.54	37.79	42.44	3.33	1.82	32.660915	29.246294	30.828926	0.573710
13.78	28.54	37.79	42.45	3.33	1.82	32.668843	29.250785	30.835149	0.573738
13.78	28.54	37.80	42.46	3.33	1.82	32.676770	29.255277	30.841372	0.573765
13.79	28.54	37.80	42.47	3.33	1.82	32.684696	29.259770	30.847595	0.573793
13.79	28.54	37.81	42.49	3.33	1.82	32.692621	29.264264	30.853819	0.573821
13.79	28.54	37.82	42.50	3.33	1.82	32.700546	29.268759	30.860043	0.573848
13.79	28.54	37.82	42.51	3.33	1.82	32.708470	29.273256	30.866268	0.573875
13.80	28.54	37.83	42.52	3.33	1.82	32.716392	29.277754	30.872492	0.573903
13.80	28.54	37.84	42.53	3.33	1.82	32.724314	29.282252	30.878717	0.573930
13.80	28.54	37.84	42.54	3.33	1.82	32.732235	29.286752	30.884942	0.573958
13.81	28.54	37.85	42.55	3.33	1.82	32.740155	29.291254	30.891167	0.573985
13.81	28.54	37.85	42.56	3.33	1.82	32.748074	29.295756	30.897393	0.574012
13.81	28.54	37.86	42.57	3.33	1.83	32.755993	29.300259	30.903619	0.574040
13.81	28.54	37.87	42.58	3.33	1.83	32.763910	29.304764	30.909845	0.574067
13.82	28.54	37.87	42.60	3.33	1.83	32.771826	29.309270	30.916071	0.574094
13.82	28.54	37.88	42.61	3.33	1.83	32.779742	29.313776	30.922297	0.574121
13.82	28.54	37.89	42.62	3.33	1.83	32.787656	29.318284	30.928524	0.574149
13.82	28.54	37.89	42.63	3.33	1.83	32.795570	29.322793	30.934751	0.574176
13.83	28.54	37.90	42.64	3.33	1.83	32.803482	29.327303	30.940978	0.574203
13.83	28.54	37.90	42.65	3.33	1.83	32.811394	29.331815	30.947205	0.574230
13.83	28.54	37.91	42.66	3.33	1.83	32.819304	29.336327	30.953433	0.574257
13.84	28.54	37.92	42.67	3.33	1.83	32.827214	29.340841	30.959660	0.574284
13.84	28.54	37.92	42.68	3.33	1.83	32.835123	29.345355	30.965888	0.574311
13.84	28.54	37.93	42.69	3.33	1.83	32.843030	29.349871	30.972116	0.574338
13.84	28.54	37.93	42.70	3.33	1.83	32.850937	29.354387	30.978344	0.574365
13.85	28.54	37.94	42.71	3.33	1.83	32.858842	29.358905	30.984572	0.574392
13.85	28.54	37.95	42.73	3.33	1.83	32.866747	29.363424	30.990800	0.574419
13.85	28.54	37.95	42.74	3.34	1.83	32.874650	29.367944	30.997029	0.574446
13.86	28.54	37.96	42.75	3.34	1.83	32.882553	29.372465	31.003257	0.574473
13.86	28.54	37.97	42.76	3.34	1.83	32.890454	29.376987	31.009486	0.574500
13.86	28.54	37.97	42.77	3.34	1.83	32.898354	29.381511	31.015715	0.574527
13.86	28.54	37.98	42.78	3.34	1.83	32.906253	29.386035	31.021944	0.574554
13.87	28.54	37.98	42.79	3.34	1.83	32.914152	29.390560	31.028173	0.574581
13.87	28.54	37.99	42.80	3.34	1.84	32.922049	29.395086	31.034402	0.574607
13.87	28.54	38.00	42.81	3.34	1.84	32.929945	29.399614	31.040632	0.574634
13.88	28.54	38.00	42.82	3.34	1.84	32.937839	29.404142	31.046861	0.574661
13.88	28.54	38.01	42.83	3.34	1.84	32.945733	29.408672	31.053090	0.574688
13.88	28.54	38.01	42.84	3.34	1.84	32.953626	29.413202	31.059320	0.574714
13.88	28.54	38.02	42.85	3.34	1.84	32.961517	29.417734	31.065550	0.574741
13.89	28.54	38.03	42.87	3.34	1.84	32.969408	29.422266	31.071779	0.574768
13.89	28.54	38.03	42.88	3.34	1.84	32.977297	29.426800	31.078009	0.574794
13.89	28.54	38.04	42.89	3.34	1.84	32.985185	29.431335	31.084239	0.574821
13.89	28.54	38.04	42.90	3.34	1.84	32.993072	29.435870	31.090469	0.574847
13.90	28.54	38.05	42.91	3.34	1.84	33.000958	29.440407	31.096698	0.574874
13.90	28.54	38.06	42.92	3.34	1.84	33.008842	29.444944	31.102928	0.574901
13.90	28.54	38.06	42.93	3.34	1.84	33.016726	29.449483	31.109158	0.574927
13.91	28.54	38.07	42.94	3.34	1.84	33.024608	29.454023	31.115388	0.574954
13.91	28.54	38.07	42.95	3.34	1.84	33.032489	29.458563	31.121618	0.574980
13.91	28.54	38.08	42.96	3.34	1.84	33.040369	29.463105	31.127848	0.575006
13.91	28.54	38.09	42.97	3.34	1.84	33.048247	29.467648	31.134078	0.575033
13.92	28.54	38.09	42.98	3.34	1.84	33.056125	29.472191	31.140308	0.575059
13.92	28.54	38.10	42.99	3.34	1.84	33.064001	29.476736	31.146538	0.575085
13.92	28.54	38.10	43.00	3.34	1.84	33.071876	29.481281	31.152768	0.575112
13.93	28.54	38.11	43.01	3.34	1.84	33.079750	29.485828	31.158998	0.575138
13.93	28.54	38.12	43.02	3.34	1.85	33.087622	29.490375	31.165228	0.575164
13.93	28.54	38.12	43.04	3.34	1.85	33.095493	29.494924	31.171458	0.575191
13.93	28.54	38.13	43.05	3.34	1.85	33.103363	29.499473	31.177688	0.575217
13.94	28.54	38.13	43.06	3.34	1.85	33.111232	29.504024	31.183918	0.575243
13.94	28.54	38.14	43.07	3.34	1.85	33.119099	29.508575	31.190148	0.575269
13.94	28.54	38.15	43.08	3.34	1.85	33.126965	29.513127	31.196377	0.575295
13.94	28.54	38.15	43.09	3.34	1.85	33.134830	29.517680	31.202607	0.575322
13.95	28.54	38.16	43.10	3.34	1.85	33.142694	29.522234	31.208837	0.575348
13.95	28.54	38.16	43.11	3.34	1.85	33.150556	29.526789	31.215066	0.575374
13.95	28.54	38.17	43.12	3.34	1.85	33.158417	29.531345	31.221296	0.575400
13.96	28.54	38.17	43.13	3.34	1.85	33.166276	29.535902	31.227525	0.575426
13.96	28.54	38.18	43.14	3.34	1.85	33.174134	29.540460	31.233754	0.575452
13.96	28.54	38.19	43.15	3.34	1.85	33.181991	29.545019	31.239983	0.575478
13.96	28.54	38.19	43.16	3.34	1.85	33.189847	29.549579	31.246212	0.575504
13.97	28.54	38.20	43.17	3.34	1.85	33.197701	29.554139	31.252441	0.575530
13.97	28.54	38.20	43.18	3.34	1.85	33.205554	29.558701	31.258670	0.575556
13.97	28.54	38.21	43.19	3.34	1.85	33.213405	29.563263	31.264899	0.575582
13.97	28.54	38.22	43.20	3.34	1.85	33.221255	29.567826	31.271128	0.575607
13.98	28.54	38.22	43.21	3.34	1.85	33.229104	29.572391	31.277356	0.575633
13.98	28.54	38.23	43.22	3.34	1.85	33.236951	29.576956	31.283585	0.575659
13.98	28.54	38.23	43.23	3.34	1.85	33.244797	29.581522	31.289813	0.575685
13.99	28.54	38.24	43.24	3.34	1.85	33.252642	29.586088	31.296041	0.575711
13.99	28.54	38.24	43.26	3.35	1.86	33.260485	29.590656	31.302269	0.575736
13.99	28.54	38.25	43.27	3.35	1.86	33.268326	29.595225	31.308496	0.575762
13.99	28.54	38.26	43.28	3.35	1.86	33.276166	29.599794	31.314724	0.575788
14.00	28.54	38.26	43.29	3.35	1.86	33.284005	29.604364	31.320951	0.575813
14.00	28.54	38.27	43.30	3.35	1.86	33.291843	29.608935	31.327179	0.575839
14.00	28.54	38.27	43.31	3.35	1.86	33.299678	29.613507	31.333406	0.575865
14.01	28.54	38.28	43.32	3.35	1.86	33.307513	29.618080	31.339633	0.575890
14.01	28.54	38.28	43.33	3.35	1.86	33.315346	29.622654	31.345859	0.575916
14.01	28.54	38.29	43.34	3.35	1.86	33.323177	29.627229	31.352086	0.575941
14.01	28.54	38.30	43.35	3.35	1.86	33.331007	29.631804	31.358312	0.575967
14.02	28.54	38.30	43.36	3.35	1.86	33.338836	29.636380	31.364538	0.575992
14.02	28.54	38.31	43.37	3.35	1.86	33.346663	29.640957	31.370764	0.576018
14.02	28.54	38.31	43.38	3.35	1.86	33.354488	29.645535	31.376989	0.576043
14.03	28.54	38.32	43.39	3.35	1.86	33.362312	29.650114	31.383215	0.576069
14.03	28.54	38.32	43.40	3.35	1.86	33.370135	29.654693	31.389440	0.576094
14.03	28.54	38.33	43.41	3.35	1.86	33.377956	29.659274	31.395665	0.576120
14.03	28.54	38.34	43.42	3.35	1.86	33.385775	29.663855	31.401890	0.576145
14.04	28.54	38.34	43.43	3.35	1.86	33.393593	29.668437	31.408114	0.576170
14.04	28.54	38.35	43.44	3.35	1.86	33.401409	29.673019	31.414338	0.576196
14.04	28.54	38.35	43.45	3.35	1.86	33.409224	29.677603	31.420562	0.576221
14.04	28.54	38.36	43.46	3.35	1.86	33.417037	29.682187	31.426786	0.576246
14.05	28.54	38.36	43.47	3.35	1.86	33.424849	29.686772	31.433009	0.576272
14.05	28.54	38.37	43.48	3.35	1.87	33.432659	29.691358	31.439232	0.576297
14.05	28.54	38.38	43.49	3.35	1.87	33.440468	29.695945	31.445455	0.576322
14.06	28.54	38.38	43.50	3.35	1.87	33.448275	29.700532	31.451677	0.576347
14.06	28.54	38.39	43.51	3.35	1.87	33.456080	29.705121	31.457899	0.576372
14.06	28.54	38.39	43.52	3.35	1.87	33.463884	29.709710	31.464121	0.576397
14.06	28.54	38.40	43.53	3.35	1.87	33.471686	29.714299	31.470343	0.576422
14.07	28.54	38.40	43.54	3.35	1.87	33.479486	29.718890	31.476564	0.576448
14.07	28.54	38.41	43.55	3.35	1.87	33.487285	29.723481	31.482785	0.576473
14.07	28.54	38.41	43.56	3.35	1.87	33.495082	29.728073	31.489005	0.576498
14.07	28.54	38.42	43.57	3.35	1.87	33.502878	29.732666	31.495225	0.576523
14.08	28.54	38.43	43.58	3.35	1.87	33.510672	29.737259	31.501445	0.576548
14.08	28.54	38.43	43.59	3.35	1.87	33.518464	29.741854	31.507665	0.576573
14.08	28.54	38.44	43.60	3.35	1.87	33.526255	29.746449	31.513884	0.576598
14.09	28.54	38.44	43.61	3.35	1.87	33.534043	29.751044	31.520103	0.576622
14.09	28.54	38.45	43.62	3.35	1.87	33.541831	29.755641	31.526321	0.576647
14.09	28.54	38.45	43.63	3.35	1.87	33.549616	29.760238	31.532539	0.576672
14.09	28.54	38.46	43.64	3.35	1.87	33.557400	29.764836	31.538757	0.576697
14.10	28.54	38.46	43.65	3.35	1.87	33.565182	29.769434	31.544975	0.576722
14.10	28.54	38.47	43.66	3.35	1.87	33.572963	29.774034	31.551191	0.576747
14.10	28.54	38.48	43.67	3.35	1.87	33.580742	29.778634	31.557408	0.576772
14.11	28.54	38.48	43.68	3.35	1.87	33.588519	29.783234	31.563624	0.576796
14.11	28.54	38.49	43.69	3.35	1.87	33.596294	29.787836	31.569840	0.576821
14.11	28.54	38.49	43.70	3.35	1.87	33.604068	29.792438	31.576055	0.576846
14.11	28.54	38.50	43.71	3.35	1.88	33.611839	29.797040	31.582270	0.576870
14.12	28.54	38.50	43.72	3.35	1.88	33.619609	29.801644	31.588485	0.576895
14.12	28.54	38.51	43.73	3.35	1.88	33.627378	29.806248	31.594699	0.576920
14.12	28.54	38.51	43.74	3.35	1.88	33.635144	29.810853	31.600912	0.576944
14.12	28.54	38.52	43.75	3.36	1.88	33.642909	29.815458	31.607126	0.576969
14.13	28.54	38.52	43.76	3.36	1.88	33.650672	29.820064	31.613338	0.576993
14.13	28.54	38.53	43.77	3.36	1.88	33.658433	29.824671	31.619551	0.577018
14.13	28.54	38.54	43.78	3.36	1.88	33.666193	29.829279	31.625763	0.577043
14.14	28.54	38.54	43.79	3.36	1.88	33.673950	29.833887	31.631974	0.577067
14.14	28.54	38.55	43.80	3.36	1.88	33.681706	29.838495	31.638185	0.577092
14.14	28.54	38.55	43.81	3.36	1.88	33.689460	29.843105	31.644395	0.577116
14.14	28.54	38.56	43.82	3.36	1.88	33.697213	29.847715	31.650605	0.577140
14.15	28.54	38.56	43.83	3.36	1.88	33.704963	29.852326	31.656815	0.577165
14.15	28.54	38.57	43.84	3.36	1.88	33.712711	29.856937	31.663024	0.577189
14.15	28.54	38.57	43.85	3.36	1.88	33.720458	29.861549	31.669232	0.577214
14.16	28.54	38.58	43.86	3.36	1.88	33.728203	29.866161	31.675440	0.577238
14.16	28.54	38.58	43.87	3.36	1.88	33.735946	29.870775	31.681648	0.577262
14.16	28.54	38.59	43.88	3.36	1.88	33.743687	29.875388	31.687855	0.577287
14.16	28.54	38.59	43.89	3.36	1.88	33.751426	29.880003	31.694061	0.577311
14.17	28.54	38.60	43.90	3.36	1.88	33.759164	29.884618	31.700267	0.577335
14.17	28.54	38.61	43.91	3.36	1.88	33.766899	29.889233	31.706472	0.577359
14.17	28.54	38.61	43.92	3.36	1.88	33.774633	29.893850	31.712677	0.577383
14.18	28.54	38.62	43.93	3.36	1.88	33.782365	29.898466	31.718882	0.577408
14.18	28.54	38.62	43.94	3.36	1.88	33.790095	29.903084	31.725085	0.577432
14.18	28.54	38.63	43.95	3.36	1.89	33.797822	29.907702	31.731289	0.577456
14.18	28.54	38.63	43.96	3.36	1.89	33.805548	29.912320	31.737491	0.577480
14.19	28.54	38.64	43.97	3.36	1.89	33.813273	29.916939	31.743693	0.577504
14.19	28.54	38.64	43.98	3.36	1.89	33.820995	29.921559	31.749895	0.577528
14.19	28.54	38.65	43.99	3.36	1.89	33.828715	29.926179	31.756096	0.577552
14.19	28.54	38.65	44.00	3.36	1.89	33.836433	29.930800	31.762296	0.577576
14.20	28.54	38.66	44.01	3.36	1.89	33.844149	29.935422	31.768496	0.577600
14.20	28.54	38.66	44.01	3.36	1.89	33.851864	29.940044	31.774695	0.577624
14.20	28.54	38.67	44.02	3.36	1.89	33.859576	29.944666	31.780894	0.577648
14.21	28.54	38.67	44.03	3.36	1.89	33.867287	29.949289	31.787092	0.577672
14.21	28.54	38.68	44.04	3.36	1.89	33.874995	29.953913	31.793289	0.577696
14.21	28.54	38.68	44.05	3.36	1.89	33.882701	29.958537	31.799486	0.577720
14.21	28.54	38.69	44.06	3.36	1.89	33.890406	29.963161	31.805682	0.577744
14.22	28.54	38.69	44.07	3.36	1.89	33.898108	29.967787	31.811878	0.577768
14.22	28.54	38.70	44.08	3.36	1.89	33.905809	29.972412	31.818072	0.577791
14.22	28.54	38.70	44.09	3.36	1.89	33.913507	29.977039	31.824267	0.577815
14.22	28.54	38.71	44.10	3.36	1.89	33.921204	29.981665	31.830460	0.577839
14.23	28.54	38.72	44.11	3.36	1.89	33.928898	29.986293	31.836653	0.577863
14.23	28.54	38.72	44.12	3.36	1.89	33.936590	29.990920	31.842846	0.577886
14.23	28.54	38.73	44.13	3.36	1.89	33.944281	29.995549	31.849037	0.577910
14.24	28.54	38.73	44.14	3.36	1.89	33.951969	30.000178	31.855228	0.577934
14.24	28.54	38.74	44.15	3.36	1.89	33.959655	30.004807	31.861418	0.577957
14.24	28.54	38.74	44.16	3.36	1.89	33.967339	30.009437	31.867608	0.577981
14.24	28.54	38.75	44.17	3.36	1.89	33.975021	30.014067	31.873797	0.578005
14.25	28.54	38.75	44.18	3.36	1.89	33.982701	30.018698	31.879985	0.578028
14.25	28.54	38.76	44.19	3.36	1.90	33.990379	30.023329	31.886173	0.578052
14.25	28.54	38.76	44.20	3.36	1.90	33.998055	30.027961	31.892360	0.578075
14.26	28.54	38.77	44.21	3.36	1.90	34.005729	30.032593	31.898546	0.578099
14.26	28.54	38.77	44.21	3.36	1.90	34.013400	30.037225	31.904731	0.578122
14.26	28.54	38.78	44.22	3.37	1.90	34.021070	30.041858	31.910916	0.578146
14.26	28.54	38.78	44.23	3.37	1.90	34.028737	30.046492	31.917100	0.578169
14.27	28.54	38.79	44.24	3.37	1.90	34.036403	30.051126	31.923283	0.578193
14.27	28.54	38.79	44.25	3.37	1.90	34.044066	30.055760	31.929466	0.578216
14.27	28.54	38.80	44.26	3.37	1.90	34.051727	30.060395	31.935647	0.578240
14.28	28.54	38.80	44.27	3.37	1.90	34.059386	30.065031	31.941829	0.578263
14.28	28.54	38.81	44.28	3.37	1.90	34.067042	30.069666	31.948009	0.578286
14.28	28.54	38.81	44.29	3.37	1.90	34.074697	30.074303	31.954188	0.578310
14.28	28.54	38.82	44.30	3.37	1.90	34.082349	30.078939	31.960367	0.578333
14.29	28.54	38.82	44.31	3.37	1.90	34.090000	30.083576	31.966545	0.578356
14.29	28.54	38.83	44.32	3.37	1.90	34.097648	30.088214	31.972722	0.578379
14.29	28.54	38.83	44.33	3.37	1.90	34.105294	30.092852	31.978899	0.578403
14.29	28.54	38.84	44.34	3.37	1.90	34.112937	30.097490	31.985075	0.578426
14.30	28.54	38.84	44.35	3.37	1.90	34.120579	30.102129	31.991249	0.578449
14.30	28.54	38.85	44.36	3.37	1.90	34.128218	30.106768	31.997424	0.578472
14.30	28.54	38.85	44.36	3.37	1.90	34.135855	30.111407	32.003597	0.578495
14.31	28.54	38.86	44.37	3.37	1.90	34.143490	30.116047	32.009769	0.578518
14.31	28.54	38.86	44.38	3.37	1.90	34.151123	30.120688	32.015941	0.578542
14.31	28.54	38.87	44.39	3.37	1.90	34.158753	30.125328	32.022112	0.578565
14.31	28.54	38.87	44.40	3.37	1.90	34.166381	30.129969	32.028282	0.578588
14.32	28.54	38.88	44.41	3.37	1.90	34.174007	30.134611	32.034451	0.578611
14.32	28.54	38.88	44.42	3.37	1.90	34.181631	30.139253	32.040619	0.578634
14.32	28.54	38.89	44.43	3.37	1.91	34.189252	30.143895	32.046787	0.578657
14.32	28.54	38.89	44.44	3.37	1.91	34.196871	30.148537	32.052954	0.578680
14.33	28.54	38.90	44.45	3.37	1.91	34.204488	30.153180	32.059119	0.578703
14.33	28.54	38.90	44.46	3.37	1.91	34.212103	30.157823	32.065284	0.578726
14.33	28.54	38.91	44.47	3.37	1.91	34.219715	30.162467	32.071449	0.578748
14.34	28.54	38.91	44.48	3.37	1.91	34.227325	30.167111	32.077612	0.578771
14.34	28.54	38.92	44.48	3.37	1.91	34.234933	30.171755	32.083774	0.578794
14.34	28.54	38.92	44.49	3.37	1.91	34.242538	30.176400	32.089936	0.578817
14.34	28.54	38.93	44.50	3.37	1.91	34.250141	30.181045	32.096096	0.578840
14.35	28.54	38.93	44.51	3.37	1.91	34.257742	30.185690	32.102256	0.578863
14.35	28.54	38.93	44.52	3.37	1.91	34.265341	30.190336	32.108415	0.578885
14.35	28.54	38.94	44.53	3.37	1.91	34.272937	30.194982	32.114573	0.578908
14.36	28.54	38.94	44.54	3.37	1.91	34.280531	30.199628	32.120730	0.578931
14.36	28.54	38.95	44.55	3.37	1.91	34.288122	30.204275	32.126886	0.578954
14.36	28.54	38.95	44.56	3.37	1.91	34.295711	30.208922	32.133041	0.578976
14.36	28.54	38.96	44.57	3.37	1.91	34.303298	30.213569	32.139195	0.578999
14.37	28.54	38.96	44.58	3.37	1.91	34.310883	30.218216	32.145349	0.579021
14.37	28.54	38.97	44.58	3.37	1.91	34.318465	30.222864	32.151501	0.579044
14.37	28.54	38.97	44.59	3.37	1.91	34.326044	30.227512	32.157653	0.579067
14.38	28.54	38.98	44.60	3.37	1.91	34.333622	30.232160	32.163803	0.579089
14.38	28.54	38.98	44.61	3.37	1.91	34.341196	30.236809	32.169953	0.579112
14.38	28.54	38.99	44.62	3.37	1.91	34.348769	30.241458	32.176101	0.579134
14.38	28.54	38.99	44.63	3.37	1.91	34.356339	30.246107	32.182249	0.579157
14.39	28.54	39.00	44.64	3.37	1.91	34.363907	30.250757	32.188396	0.579179
14.39	28.54	39.00	44.65	3.37	1.91	34.371472	30.255406	32.194542	0.579202
14.39	28.54	39.01	44.66	3.37	1.91	34.379035	30.260056	32.200686	0.579224
14.39	28.54	39.01	44.66	3.37	1.91	34.386595	30.264707	32.206830	0.579247
14.40	28.54	39.02	44.67	3.38	1.92	34.394153	30.269357	32.212973	0.579269
14.40	28.54	39.02	44.68	3.38	1.92	34.401709	30.274008	32.219115	0.579291
14.40	28.54	39.03	44.69	3.38	1.92	34.409262	30.278659	32.225256	0.579314
14.41	28.54	39.03	44.70	3.38	1.92	34.416813	30.283310	32.231395	0.579336
14.41	28.54	39.03	44.71	3.38	1.92	34.424361	30.287961	32.237534	0.579358
14.41	28.54	39.04	44.72	3.38	1.92	34.431907	30.292613	32.243672	0.579381
14.41	28.54	39.04	44.73	3.38	1.92	34.439450	30.297265	32.249809	0.579403
14.42	28.54	39.05	44.74	3.38	1.92	34.446991	30.301917	32.255944	0.579425
14.42	28.54	39.05	44.74	3.38	1.92	34.454529	30.306570	32.262079	0.579447
14.42	28.54	39.06	44.75	3.38	1.92	34.462065	30.311222	32.268213	0.579470
14.43	28.54	39.06	44.76	3.38	1.92	34.469598	30.315875	32.274345	0.579492
14.43	28.54	39.07	44.77	3.38	1.92	34.477129	30.320528	32.280477	0.579514
14.43	28.54	39.07	44.78	3.38	1.92	34.484657	30.325181	32.286607	0.579536
14.43	28.54	39.08	44.79	3.38	1.92	34.492183	30.329835	32.292737	0.579558
14.44	28.54	39.08	44.80	3.38	1.92	34.499706	30.334488	32.298865	0.579580
14.44	28.54	39.09	44.81	3.38	1.92	34.507227	30.339142	32.304993	0.579602
14.44	28.54	39.09	44.82	3.38	1.92	34.514745	30.343796	32.311119	0.579624
14.44	28.54	39.10	44.82	3.38	1.92	34.522261	30.348450	32.317244	0.579646
14.45	28.54	39.10	44.83	3.38	1.92	34.529774	30.353104	32.323368	0.579668
14.45	28.54	39.10	44.84	3.38	1.92	34.537285	30.357759	32.329491	0.579690
14.45	28.54	39.11	44.85	3.38	1.92	34.544793	30.362413	32.335613	0.579712
14.46	28.54	39.11	44.86	3.38	1.92	34.552298	30.367068	32.341734	0.579734
14.46	28.54	39.12	44.87	3.38	1.92	34.559801	30.371723	32.347853	0.579756
14.46	28.54	39.12	44.88	3.38	1.92	34.567301	30.376378	32.353972	0.579778
14.46	28.54	39.13	44.89	3.38	1.92	34.574799	30.381033	32.360089	0.579800
14.47	28.54	39.13	44.89	3.38	1.92	34.582294	30.385689	32.366206	0.579822
14.47	28.54	39.14	44.90	3.38	1.92	34.589786	30.390344	32.372321	0.579844
14.47	28.54	39.14	44.91	3.38	1.93	34.597276	30.395000	32.378435	0.579865
14.47	28.54	39.14	44.92	3.38	1.93	34.604764	30.399656	32.384548	0.579887
14.48	28.54	39.15	44.93	3.38	1.93	34.612248	30.404312	32.390660	0.579909
14.48	28.54	39.15	44.94	3.38	1.93	34.619730	30.408968	32.396770	0.579931
14.48	28.54	39.16	44.95	3.38	1.93	34.627210	30.413624	32.402880	0.579952
14.49	28.54	39.16	44.95	3.38	1.93	34.634686	30.418280	32.408988	0.579974
14.49	28.54	39.17	44.96	3.38	1.93	34.642161	30.422937	32.415095	0.579996
14.49	28.54	39.17	44.97	3.38	1.93	34.649632	30.427593	32.421201	0.580017
14.49	28.54	39.18	44.98	3.38	1.93	34.657101	30.432250	32.427306	0.580039
14.50	28.54	39.18	44.99	3.38	1.93	34.664567	30.436907	32.433410	0.580061
14.50	28.54	39.19	45.00	3.38	1.93	34.672030	30.441564	32.439512	0.580082
14.50	28.54	39.19	45.01	3.38	1.93	34.679491	30.446221	32.445613	0.580104
14.51	28.54	39.19	45.01	3.38	1.93	34.686949	30.450878	32.451713	0.580125
14.51	28.54	39.20	45.02	3.38	1.93	34.694405	30.455535	32.457812	0.580147
14.51	28.54	39.20	45.03	3.38	1.93	34.701858	30.460192	32.463910	0.580168
14.51	28.54	39.21	45.04	3.38	1.93	34.709308	30.464849	32.470006	0.580190
14.52	28.54	39.21	45.05	3.38	1.93	34.716755	30.469506	32.476102	0.580211
14.52	28.54	39.22	45.06	3.38	1.93	34.724200	30.474164	32.482196	0.580233
14.52	28.54	39.22	45.07	3.38	1.93	34.731641	30.478821	32.488288	0.580254
14.53	28.54	39.22	45.07	3.38	1.93	34.739081	30.483479	32.494380	0.580276
14.53	28.54	39.23	45.08	3.38	1.93	34.746517	30.488136	32.500470	0.580297
14.53	28.54	39.23	45.09	3.38	1.93	34.753951	30.492794	32.506559	0.580318
14.53	28.54	39.24	45.10	3.39	1.93	34.761382	30.497451	32.512647	0.580340
14.54	28.54	39.24	45.11	3.39	1.93	34.768810	30.502109	32.518733	0.580361
14.54	28.54	39.25	45.12	3.39	1.93	34.776235	30.506767	32.524819	0.580382
14.54	28.54	39.25	45.12	3.39	1.93	34.783658	30.511424	32.530903	0.580403
14.54	28.54	39.25	45.13	3.39	1.93	34.791078	30.516082	32.536985	0.580425
14.55	28.54	39.26	45.14	3.39	1.93	34.798495	30.520740	32.543067	0.580446
14.55	28.54	39.26	45.15	3.39	1.93	34.805910	30.525398	32.549147	0.580467
14.55	28.54	39.27	45.16	3.39	1.94	34.813321	30.530055	32.555226	0.580488
14.56	28.54	39.27	45.17	3.39	1.94	34.820730	30.534713	32.561303	0.580510
14.56	28.54	39.28	45.17	3.39	1.94	34.828136	30.539371	32.567380	0.580531
14.56	28.54	39.28	45.18	3.39	1.94	34.835539	30.544029	32.573455	0.580552
14.56	28.54	39.28	45.19	3.39	1.94	34.842940	30.548687	32.579528	0.580573
14.57	28.54	39.29	45.20	3.39	1.94	34.850337	30.553344	32.585600	0.580594
14.57	28.54	39.29	45.21	3.39	1.94	34.857732	30.558002	32.591672	0.580615
14.57	28.54	39.30	45.22	3.39	1.94	34.865124	30.562660	32.597741	0.580636
14.57	28.54	39.30	45.22	3.39	1.94	34.872513	30.567318	32.603810	0.580657
14.58	28.54	39.31	45.23	3.39	1.94	34.879899	30.571975	32.609877	0.580678
14.58	28.54	39.31	45.24	3.39	1.94	34.887283	30.576633	32.615942	0.580699
14.58	28.54	39.31	45.25	3.39	1.94	34.894663	30.581291	32.622007	0.580720
14.59	28.54	39.32	45.26	3.39	1.94	34.902041	30.585948	32.628070	0.580741
14.59	28.54	39.32	45.27	3.39	1.94	34.909416	30.590606	32.634131	0.580762
14.59	28.54	39.33	45.27	3.39	1.94	34.916788	30.595263	32.640191	0.580783
14.59	28.54	39.33	45.28	3.39	1.94	34.924157	30.599921	32.646250	0.580804
14.60	28.54	39.34	45.29	3.39	1.94	34.931523	30.604578	32.652308	0.580824
14.60	28.54	39.34	45.30	3.39	1.94	34.938886	30.609236	32.658364	0.580845
14.60	28.54	39.34	45.31	3.39	1.94	34.946246	30.613893	32.664419	0.580866
14.61	28.54	39.35	45.31	3.39	1.94	34.953604	30.618550	32.670472	0.580887
14.61	28.54	39.35	45.32	3.39	1.94	34.960958	30.623207	32.676524	0.580908
14.61	28.54	39.36	45.33	3.39	1.94	34.968310	30.627864	32.682575	0.580928
14.61	28.54	39.36	45.34	3.39	1.94	34.975659	30.632521	32.688624	0.580949
14.62	28.54	39.36	45.35	3.39	1.94	34.983005	30.637178	32.694672	0.580970
14.62	28.54	39.37	45.35	3.39	1.94	34.990348	30.641835	32.700718	0.580990
14.62	28.54	39.37	45.36	3.39	1.94	34.997687	30.646492	32.706763	0.581011
14.62	28.54	39.38	45.37	3.39	1.94	35.005024	30.651148	32.712806	0.581032
14.63	28.54	39.38	45.38	3.39	1.94	35.012359	30.655805	32.718848	0.581052
14.63	28.54	39.38	45.39	3.39	1.94	35.019690	30.660461	32.724889	0.581073
14.63	28.54	39.39	45.40	3.39	1.94	35.027018	30.665118	32.730928	0.581094
14.64	28.54	39.39	45.40	3.39	1.94	35.034343	30.669774	32.736966	0.581114
14.64	28.54	39.40	45.41	3.39	1.95	35.041665	30.674430	32.743002	0.581135
14.64	28.54	39.40	45.42	3.39	1.95	35.048984	30.679086	32.749037	0.581155
14.64	28.54	39.40	45.43	3.39	1.95	35.056300	30.683742	32.755071	0.581176
14.65	28.54	39.41	45.44	3.39	1.95	35.063614	30.688397	32.761103	0.581196
14.65	28.54	39.41	45.44	3.39	1.95	35.070924	30.693053	32.767133	0.581217
14.65	28.54	39.42	45.45	3.39	1.95	35.078231	30.697708	32.773162	0.581237
14.66	28.54	39.42	45.46	3.39	1.95	35.085535	30.702364	32.779189	0.581257
14.66	28.54	39.42	45.47	3.39	1.95	35.092837	30.707019	32.785215	0.581278
14.66	28.54	39.43	45.48	3.39	1.95	35.100135	30.711674	32.791240	0.581298
14.66	28.54	39.43	45.48	3.39	1.95	35.107430	30.716328	32.797263	0.581318
14.67	28.54	39.44	45.49	3.39	1.95	35.114722	30.720983	32.803284	0.581339
14.67	28.54	39.44	45.50	3.39	1.95	35.122011	30.725638	32.809304	0.581359
14.67	28.54	39.44	45.51	3.40	1.95	35.129297	30.730292	32.815323	0.581379
14.68	28.54	39.45	45.51	3.40	1.95	35.136580	30.734946	32.821340	0.581400
14.68	28.54	39.45	45.52	3.40	1.95	35.143860	30.739600	32.827355	0.581420
14.68	28.54	39.46	45.53	3.40	1.95	35.151137	30.744254	32.833369	0.581440
14.68	28.54	39.46	45.54	3.40	1.95	35.158410	30.748907	32.839382	0.581460
14.69	28.54	39.46	45.55	3.40	1.95	35.165681	30.753561	32.845392	0.581480
14.69	28.54	39.47	45.55	3.40	1.95	35.172949	30.758214	32.851402	0.581501
14.69	28.54	39.47	45.56	3.40	1.95	35.180213	30.762867	32.857409	0.581521
14.69	28.54	39.48	45.57	3.40	1.95	35.187475	30.767520	32.863416	0.581541
14.70	28.54	39.48	45.58	3.40	1.95	35.194733	30.772172	32.869420	0.581561
14.70	28.54	39.48	45.59	3.40	1.95	35.201988	30.776825	32.875423	0.581581
14.70	28.54	39.49	45.59	3.40	1.95	35.209240	30.781477	32.881425	0.581601
14.71	28.54	39.49	45.60	3.40	1.95	35.216489	30.786129	32.887425	0.581621
14.71	28.54	39.50	45.61	3.40	1.95	35.223735	30.790780	32.893423	0.581641
14.71	28.54	39.50	45.62	3.40	1.95	35.230978	30.795432	32.899420	0.581661
14.71	28.54	39.50	45.62	3.40	1.95	35.238218	30.800083	32.905415	0.581681
14.72	28.54	39.51	45.63	3.40	1.95	35.245454	30.804734	32.911408	0.581701
14.72	28.54	39.51	45.64	3.40	1.95	35.252687	30.809385	32.917400	0.581721
14.72	28.54	39.51	45.65	3.40	1.95	35.259918	30.814035	32.923391	0.581741
14.72	28.54	39.52	45.65	3.40	1.96	35.267145	30.818686	32.929379	0.581761
14.73	28.54	39.52	45.66	3.40	1.96	35.274368	30.823336	32.935367	0.581781
14.73	28.54	39.53	45.67	3.40	1.96	35.281589	30.827985	32.941352	0.581800
14.73	28.54	39.53	45.68	3.40	1.96	35.288807	30.832635	32.947336	0.581820
14.74	28.54	39.53	45.69	3.40	1.96	35.296021	30.837284	32.953318	0.581840
14.74	28.54	39.54	45.69	3.40	1.96	35.303232	30.841933	32.959299	0.581860
14.74	28.54	39.54	45.70	3.40	1.96	35.310440	30.846582	32.965278	0.581880
14.74	28.54	39.54	45.71	3.40	1.96	35.317645	30.851230	32.971255	0.581899
14.75	28.54	39.55	45.72	3.40	1.96	35.324846	30.855878	32.977231	0.581919
14.75	28.54	39.55	45.72	3.40	1.96	35.332044	30.860526	32.983205	0.581939
14.75	28.54	39.56	45.73	3.40	1.96	35.339240	30.865173	32.989177	0.581958
14.76	28.54	39.56	45.74	3.40	1.96	35.346431	30.869821	32.995148	0.581978
14.76	28.54	39.56	45.75	3.40	1.96	35.353620	30.874467	33.001117	0.581998
14.76	28.54	39.57	45.75	3.40	1.96	35.360806	30.879114	33.007084	0.582017
14.76	28.54	39.57	45.76	3.40	1.96	35.367988	30.883760	33.013050	0.582037
14.77	28.54	39.57	45.77	3.40	1.96	35.375167	30.888406	33.019014	0.582056
14.77	28.54	39.58	45.78	3.40	1.96	35.382342	30.893052	33.024976	0.582076
14.77	28.54	39.58	45.78	3.40	1.96	35.389515	30.897697	33.030937	0.582096
14.78	28.54	39.59	45.79	3.40	1.96	35.396684	30.902342	33.036895	0.582115
14.78	28.54	39.59	45.80	3.40	1.96	35.403850	30.906987	33.042853	0.582135
14.78	28.54	39.59	45.81	3.40	1.96	35.411012	30.911631	33.048808	0.582154
14.78	28.54	39.60	45.81	3.40	1.96	35.418172	30.916275	33.054762	0.582173
14.79	28.54	39.60	45.82	3.40	1.96	35.425328	30.920919	33.060714	0.582193
14.79	28.54	39.60	45.83	3.40	1.96	35.432481	30.925562	33.066664	0.582212
14.79	28.54	39.61	45.84	3.40	1.96	35.439630	30.930205	33.072613	0.582232
14.79	28.54	39.61	45.84	3.40	1.96	35.446776	30.934848	33.078559	0.582251
14.80	28.54	39.61	45.85	3.40	1.96	35.453919	30.939490	33.084504	0.582270
14.80	28.54	39.62	45.86	3.40	1.96	35.461059	30.944132	33.090448	0.582290
14.80	28.54	39.62	45.87	3.40	1.96	35.468195	30.948774	33.096389	0.582309
14.81	28.54	39.62	45.87	3.40	1.96	35.475328	30.953415	33.102329	0.582328
14.81	28.54	39.63	45.88	3.40	1.96	35.482457	30.958055	33.108267	0.582348
14.81	28.54	39.63	45.89	3.40	1.96	35.489583	30.962696	33.114203	0.582367
14.81	28.54	39.64	45.90	3.41	1.96	35.496706	30.967336	33.120138	0.582386
14.82	28.54	39.64	45.90	3.41	1.96	35.503826	30.971975	33.126071	0.582405
14.82	28.54	39.64	45.91	3.41	1.97	35.510942	30.976615	33.132002	0.582424
14.82	28.54	39.65	45.92	3.41	1.97	35.518055	30.981253	33.137931	0.582444
14.82	28.54	39.65	45.92	3.41	1.97	35.525164	30.985892	33.143858	0.582463
14.83	28.54	39.65	45.93	3.41	1.97	35.532270	30.990530	33.149784	0.582482
14.83	28.54	39.66	45.94	3.41	1.97	35.539373	30.995167	33.155707	0.582501
14.83	28.54	39.66	45.95	3.41	1.97	35.546472	30.999804	33.161629	0.582520
14.84	28.54	39.66	45.95	3.41	1.97	35.553568	31.004441	33.167549	0.582539
14.84	28.54	39.67	45.96	3.41	1.97	35.560661	31.009078	33.173468	0.582558
14.84	28.54	39.67	45.97	3.41	1.97	35.567750	31.013713	33.179384	0.582577
14.84	28.54	39.67	45.98	3.41	1.97	35.574836	31.018349	33.185299	0.582596
14.85	28.54	39.68	45.98	3.41	1.97	35.581918	31.022984	33.191212	0.582615
14.85	28.54	39.68	45.99	3.41	1.97	35.588997	31.027619	33.197123	0.582634
14.85	28.54	39.68	46.00	3.41	1.97	35.596072	31.032253	33.203032	0.582653
14.86	28.54	39.69	46.00	3.41	1.97	35.603145	31.036886	33.208939	0.582672
14.86	28.54	39.69	46.01	3.41	1.97	35.610213	31.041520	33.214845	0.582691
14.86	28.54	39.69	46.02	3.41	1.97	35.617278	31.046152	33.220748	0.582710
14.86	28.54	39.70	46.03	3.41	1.97	35.624340	31.050785	33.226650	0.582729
14.87	28.54	39.70	46.03	3.41	1.97	35.631398	31.055417	33.232550	0.582748
14.87	28.54	39.70	46.04	3.41	1.97	35.638453	31.060048	33.238448	0.582766
14.87	28.54	39.71	46.05	3.41	1.97	35.645505	31.064679	33.244344	0.582785
14.88	28.54	39.71	46.05	3.41	1.97	35.652552	31.069309	33.250238	0.582804
14.88	28.54	39.72	46.06	3.41	1.97	35.659597	31.073939	33.256130	0.582823
14.88	28.54	39.72	46.07	3.41	1.97	35.666638	31.078569	33.262021	0.582841
14.88	28.54	39.72	46.08	3.41	1.97	35.673675	31.083198	33.267909	0.582860
14.89	28.54	39.73	46.08	3.41	1.97	35.680709	31.087826	33.273796	0.582879
14.89	28.54	39.73	46.09	3.41	1.97	35.687740	31.092454	33.279681	0.582897
14.89	28.54	39.73	46.10	3.41	1.97	35.694767	31.097082	33.285564	0.582916
14.89	28.54	39.74	46.10	3.41	1.97	35.701790	31.101708	33.291444	0.582935
14.90	28.54	39.74	46.11	3.41	1.97	35.708810	31.106335	33.297323	0.582953
14.90	28.54	39.74	46.12	3.41	1.97	35.715827	31.110961	33.303200	0.582972
14.90	28.54	39.74	46.12	3.41	1.97	35.722840	31.115586	33.309076	0.582991
14.91	28.54	39.75	46.13	3.41	1.97	35.729849	31.120211	33.314949	0.583009
14.91	28.54	39.75	46.14	3.41	1.97	35.736855	31.124836	33.320820	0.583028
14.91	28.54	39.75	46.15	3.41	1.97	35.743857	31.129459	33.326689	0.583046
14.91	28.54	39.76	46.15	3.41	1.97	35.750856	31.134083	33.332557	0.583065
14.92	28.54	39.76	46.16	3.41	1.98	35.757851	31.138705	33.338422	0.583083
14.92	28.54	39.76	46.17	3.41	1.98	35.764843	31.143328	33.344285	0.583102
14.92	28.54	39.77	46.17	3.41	1.98	35.771831	31.147949	33.350147	0.583120
14.93	28.54	39.77	46.18	3.41	1.98	35.778816	31.152570	33.356006	0.583138
14.93	28.54	39.77	46.19	3.41	1.98	35.785797	31.157191	33.361864	0.583157
14.93	28.54	39.78	46.19	3.41	1.98	35.792774	31.161811	33.367719	0.583175
14.93	28.54	39.78	46.20	3.41	1.98	35.799748	31.166430	33.373573	0.583194
14.94	28.54	39.78	46.21	3.41	1.98	35.806718	31.171049	33.379424	0.583212
14.94	28.54	39.79	46.22	3.41	1.98	35.813685	31.175667	33.385274	0.583230
14.94	28.54	39.79	46.22	3.41	1.98	35.820648	31.180285	33.391121	0.583248
14.94	28.54	39.79	46.23	3.41	1.98	35.827607	31.184902	33.396967	0.583267
14.95	28.54	39.80	46.24	3.41	1.98	35.834563	31.189519	33.402811	0.583285
14.95	28.54	39.80	46.24	3.41	1.98	35.841515	31.194135	33.408652	0.583303
14.95	28.54	39.80	46.25	3.41	1.98	35.848464	31.198750	33.414492	0.583321
14.96	28.54	39.81	46.26	3.42	1.98	35.855409	31.203365	33.420329	0.583340
14.96	28.54	39.81	46.26	3.42	1.98	35.862350	31.207979	33.426164	0.583358
14.96	28.54	39.81	46.27	3.42	1.98	35.869288	31.212592	33.431998	0.583376
14.96	28.54	39.82	46.28	3.42	1.98	35.876222	31.217205	33.437829	0.583394
14.97	28.54	39.82	46.28	3.42	1.98	35.883152	31.221818	33.443658	0.583412
14.97	28.54	39.82	46.29	3.42	1.98	35.890079	31.226429	33.449486	0.583430
14.97	28.54	39.82	46.30	3.42	1.98	35.897002	31.231040	33.455311	0.583448
14.97	28.54	39.83	46.30	3.42	1.98	35.903922	31.235651	33.461134	0.583466
14.98	28.54	39.83	46.31	3.42	1.98	35.910837	31.240261	33.466955	0.583484
14.98	28.54	39.83	46.32	3.42	1.98	35.917749	31.244870	33.472774	0.583502
14.98	28.54	39.84	46.32	3.42	1.98	35.924658	31.249478	33.478591	0.583520
14.99	28.54	39.84	46.33	3.42	1.98	35.931563	31.254086	33.484406	0.583538
14.99	28.54	39.84	46.34	3.42	1.98	35.938464	31.258693	33.490219	0.583556
14.99	28.54	39.85	46.34	3.42	1.98	35.945361	31.263300	33.496029	0.583574
14.99	28.54	39.85	46.35	3.42	1.98	35.952255	31.267906	33.501838	0.583592
15.00	28.54	39.85	46.36	3.42	1.98	35.959144	31.272511	33.507645	0.583610
15.00	28.54	39.86	46.36	3.42	1.98	35.966031	31.277116	33.513449	0.583628
15.00	28.54	39.86	46.37	3.42	1.98	35.972913	31.281720	33.519251	0.583646
15.01	28.54	39.86	46.38	3.42	1.98	35.979792	31.286323	33.525051	0.583664
15.01	28.54	39.86	46.38	3.42	1.98	35.986667	31.290925	33.530849	0.583681
15.01	28.54	39.87	46.39	3.42	1.98	35.993538	31.295527	33.536645	0.583699
15.01	28.54	39.87	46.40	3.42	1.98	36.000406	31.300128	33.542439	0.583717
15.02	28.54	39.87	46.40	3.42	1.98	36.007270	31.304729	33.548231	0.583735
15.02	28.54	39.88	46.41	3.42	1.99	36.014130	31.309329	33.554020	0.583753
15.02	28.54	39.88	46.42	3.42	1.99	36.020986	31.313928	33.559808	0.583770
15.03	28.54	39.88	46.42	3.42	1.99	36.027839	31.318526	33.565593	0.583788
15.03	28.54	39.88	46.43	3.42	1.99	36.034687	31.323124	33.571376	0.583806
15.03	28.54	39.89	46.44	3.42	1.99	36.041532	31.327721	33.577157	0.583823
15.03	28.54	39.89	46.44	3.42	1.99	36.048374	31.332317	33.582936	0.583841
15.04	28.54	39.89	46.45	3.42	1.99	36.055211	31.336913	33.588712	0.583858
15.04	28.54	39.90	46.45	3.42	1.99	36.062045	31.341508	33.594487	0.583876
15.04	28.54	39.90	46.46	3.42	1.99	36.068875	31.346102	33.600259	0.583894
15.04	28.54	39.90	46.47	3.42	1.99	36.075701	31.350695	33.606029	0.583911
15.05	28.54	39.90	46.47	3.42	1.99	36.082523	31.355288	33.611797	0.583929
15.05	28.54	39.91	46.48	3.42	1.99	36.089341	31.359880	33.617563	0.583946
15.05	28.54	39.91	46.49	3.42	1.99	36.096156	31.364471	33.623326	0.583964
15.06	28.54	39.91	46.49	3.42	1.99	36.102967	31.369061	33.629088	0.583981
15.06	28.54	39.92	46.50	3.42	1.99	36.109774	31.373651	33.634847	0.583999
15.06	28.54	39.92	46.51	3.42	1.99	36.116577	31.378240	33.640604	0.584016
15.06	28.54	39.92	46.51	3.42	1.99	36.123376	31.382828	33.646358	0.584033
15.07	28.54	39.92	46.52	3.42	1.99	36.130172	31.387415	33.652111	0.584051
15.07	28.54	39.93	46.52	3.42	1.99	36.136963	31.392002	33.657861	0.584068
15.07	28.54	39.93	46.53	3.42	1.99	36.143751	31.396588	33.663609	0.584086
15.07	28.54	39.93	46.54	3.42	1.99	36.150535	31.401173	33.669355	0.584103
15.08	28.54	39.94	46.54	3.42	1.99	36.157315	31.405757	33.675099	0.584120
15.08	28.54	39.94	46.55	3.42	1.99	36.164091	31.410341	33.680840	0.584138
15.08	28.54	39.94	46.56	3.42	1.99	36.170864	31.414923	33.686579	0.584155
15.09	28.54	39.94	46.56	3.42	1.99	36.177632	31.419505	33.692316	0.584172
15.09	28.54	39.95	46.57	3.42	1.99	36.184397	31.424086	33.698050	0.584189
15.09	28.54	39.95	46.58	3.42	1.99	36.191157	31.428667	33.703783	0.584206
15.09	28.54	39.95	46.58	3.42	1.99	36.197914	31.433246	33.709513	0.584224
15.10	28.54	39.96	46.59	3.42	1.99	36.204667	31.437825	33.715240	0.584241
15.10	28.54	39.96	46.59	3.43	1.99	36.211416	31.442403	33.720966	0.584258
15.10	28.54	39.96	46.60	3.43	1.99	36.218161	31.446980	33.726689	0.584275
15.11	28.54	39.96	46.61	3.43	1.99	36.224902	31.451556	33.732410	0.584292
15.11	28.54	39.97	46.61	3.43	1.99	36.231640	31.456132	33.738129	0.584309
15.11	28.54	39.97	46.62	3.43	1.99	36.238373	31.460706	33.743845	0.584326
15.11	28.54	39.97	46.62	3.43	1.99	36.245102	31.465280	33.749559	0.584343
15.12	28.54	39.97	46.63	3.43	1.99	36.251828	31.469853	33.755271	0.584360
15.12	28.54	39.98	46.64	3.43	1.99	36.258549	31.474425	33.760980	0.584378
15.12	28.54	39.98	46.64	3.43	1.99	36.265267	31.478996	33.766687	0.584395
15.12	28.54	39.98	46.65	3.43	1.99	36.271981	31.483567	33.772392	0.584411
15.13	28.54	39.98	46.66	3.43	1.99	36.278690	31.488136	33.778095	0.584428
15.13	28.54	39.99	46.66	3.43	2.00	36.285396	31.492705	33.783795	0.584445
15.13	28.54	39.99	46.67	3.43	2.00	36.292098	31.497273	33.789493	0.584462
15.14	28.54	39.99	46.67	3.43	2.00	36.298795	31.501840	33.795188	0.584479
15.14	28.54	40.00	46.68	3.43	2.00	36.305489	31.506406	33.800881	0.584496
15.14	28.54	40.00	46.69	3.43	2.00	36.312179	31.510971	33.806572	0.584513
15.14	28.54	40.00	46.69	3.43	2.00	36.318865	31.515535	33.812261	0.584530
15.15	28.54	40.00	46.70	3.43	2.00	36.325547	31.520099	33.817947	0.584547
15.15	28.54	40.01	46.70	3.43	2.00	36.332225	31.524661	33.823630	0.584563
15.15	28.54	40.01	46.71	3.43	2.00	36.338898	31.529223	33.829312	0.584580
15.16	28.54	40.01	46.72	3.43	2.00	36.345568	31.533784	33.834991	0.584597
15.16	28.54	40.01	46.72	3.43	2.00	36.352234	31.538344	33.840667	0.584614
15.16	28.54	40.02	46.73	3.43	2.00	36.358896	31.542902	33.846342	0.584630
15.16	28.54	40.02	46.73	3.43	2.00	36.365554	31.547461	33.852014	0.584647
15.17	28.54	40.02	46.74	3.43	2.00	36.372207	31.552018	33.857683	0.584664
15.17	28.54	40.02	46.75	3.43	2.00	36.378857	31.556574	33.863350	0.584680
15.17	28.54	40.03	46.75	3.43	2.00	36.385503	31.561129	33.869015	0.584697
15.18	28.54	40.03	46.76	3.43	2.00	36.392145	31.565684	33.874677	0.584714
15.18	28.54	40.03	46.76	3.43	2.00	36.398782	31.570237	33.880337	0.584730
15.18	28.54	40.03	46.77	3.43	2.00	36.405416	31.574790	33.885995	0.584747
15.18	28.54	40.04	46.77	3.43	2.00	36.412045	31.579341	33.891650	0.584763
15.19	28.54	40.04	46.78	3.43	2.00	36.418671	31.583892	33.897302	0.584780
15.19	28.54	40.04	46.79	3.43	2.00	36.425292	31.588442	33.902953	0.584796
15.19	28.54	40.04	46.79	3.43	2.00	36.431909	31.592991	33.908600	0.584813
15.19	28.54	40.05	46.80	3.43	2.00	36.438522	31.597538	33.914246	0.584829
15.20	28.54	40.05	46.80	3.43	2.00	36.445132	31.602085	33.919889	0.584846
15.20	28.54	40.05	46.81	3.43	2.00	36.451737	31.606631	33.925529	0.584862
15.20	28.54	40.05	46.82	3.43	2.00	36.458338	31.611176	33.931167	0.584879
15.21	28.54	40.06	46.82	3.43	2.00	36.464934	31.615720	33.936803	0.584895
15.21	28.54	40.06	46.83	3.43	2.00	36.471527	31.620263	33.942436	0.584911
15.21	28.54	40.06	46.83	3.43	2.00	36.478116	31.624805	33.948067	0.584928
15.21	28.54	40.06	46.84	3.43	2.00	36.484700	31.629346	33.953695	0.584944
15.22	28.54	40.06	46.84	3.43	2.00	36.491281	31.633886	33.959321	0.584961
15.22	28.54	40.07	46.85	3.43	2.00	36.497857	31.638425	33.964944	0.584977
15.22	28.54	40.07	46.86	3.43	2.00	36.504429	31.642964	33.970565	0.584993
15.22	28.54	40.07	46.86	3.43	2.00	36.510997	31.647501	33.976183	0.585009
15.23	28.54	40.07	46.87	3.43	2.00	36.517561	31.652037	33.981799	0.585026
15.23	28.54	40.08	46.87	3.43	2.00	36.524121	31.656572	33.987412	0.585042
15.23	28.54	40.08	46.88	3.43	2.00	36.530676	31.661106	33.993023	0.585058
15.24	28.54	40.08	46.88	3.43	2.00	36.537228	31.665639	33.998631	0.585074
15.24	28.54	40.08	46.89	3.43	2.00	36.543775	31.670171	34.004237	0.585090
15.24	28.54	40.09	46.90	3.43	2.00	36.550318	31.674702	34.009840	0.585107
15.24	28.54	40.09	46.90	3.43	2.00	36.556857	31.679232	34.015441	0.585123
15.25	28.54	40.09	46.91	3.43	2.00	36.563392	31.683761	34.021039	0.585139
15.25	28.54	40.09	46.91	3.44	2.01	36.569922	31.688289	34.026635	0.585155
15.25	28.54	40.09	46.92	3.44	2.01	36.576449	31.692816	34.032228	0.585171
15.26	28.54	40.10	46.92	3.44	2.01	36.582971	31.697342	34.037819	0.585187
15.26	28.54	40.10	46.93	3.44	2.01	36.589489	31.701867	34.043407	0.585203
15.26	28.54	40.10	46.93	3.44	2.01	36.596003	31.706391	34.048993	0.585219
15.26	28.54	40.10	46.94	3.44	2.01	36.602513	31.710914	34.054576	0.585235
15.27	28.54	40.11	46.95	3.44	2.01	36.609018	31.715435	34.060156	0.585251
15.27	28.54	40.11	46.95	3.44	2.01	36.615519	31.719956	34.065734	0.585267
15.27	28.54	40.11	46.96	3.44	2.01	36.622016	31.724475	34.071309	0.585283
15.28	28.54	40.11	46.96	3.44	2.01	36.628509	31.728994	34.076882	0.585299
15.28	28.54	40.11	46.97	3.44	2.01	36.634997	31.733511	34.082452	0.585315
15.28	28.54	40.12	46.97	3.44	2.01	36.641482	31.738028	34.088020	0.585331
15.28	28.54	40.12	46.98	3.44	2.01	36.647962	31.742543	34.093585	0.585346
15.29	28.54	40.12	46.98	3.44	2.01	36.654438	31.747057	34.099148	0.585362
15.29	28.54	40.12	46.99	3.44	2.01	36.660909	31.751570	34.104708	0.585378
15.29	28.54	40.13	47.00	3.44	2.01	36.667377	31.756082	34.110265	0.585394
15.29	28.54	40.13	47.00	3.44	2.01	36.673840	31.760593	34.115820	0.585410
15.30	28.54	40.13	47.01	3.44	2.01	36.680298	31.765103	34.121372	0.585425
15.30	28.54	40.13	47.01	3.44	2.01	36.686753	31.769612	34.126921	0.585441
15.30	28.54	40.13	47.02	3.44	2.01	36.693203	31.774120	34.132468	0.585457
15.31	28.54	40.14	47.02	3.44	2.01	36.699649	31.778626	34.138012	0.585472
15.31	28.54	40.14	47.03	3.44	2.01	36.706091	31.783132	34.143554	0.585488
15.31	28.54	40.14	47.03	3.44	2.01	36.712528	31.787636	34.149093	0.585504
15.31	28.54	40.14	47.04	3.44	2.01	36.718962	31.792139	34.154630	0.585519
15.32	28.54	40.14	47.04	3.44	2.01	36.725390	31.796641	34.160163	0.585535
15.32	28.54	40.15	47.05	3.44	2.01	36.731815	31.801142	34.165695	0.585551
15.32	28.54	40.15	47.05	3.44	2.01	36.738235	31.805642	34.171223	0.585566
15.32	28.54	40.15	47.06	3.44	2.01	36.744651	31.810140	34.176749	0.585582
15.33	28.54	40.15	47.06	3.44	2.01	36.751063	31.814638	34.182272	0.585597
15.33	28.54	40.15	47.07	3.44	2.01	36.757470	31.819134	34.187793	0.585613
15.33	28.54	40.16	47.08	3.44	2.01	36.763873	31.823629	34.193311	0.585628
15.34	28.54	40.16	47.08	3.44	2.01	36.770272	31.828124	34.198826	0.585644
15.34	28.54	40.16	47.09	3.44	2.01	36.776666	31.832616	34.204338	0.585659
15.34	28.54	40.16	47.09	3.44	2.01	36.783056	31.837108	34.209848	0.585675
15.34	28.54	40.16	47.10	3.44	2.01	36.789441	31.841599	34.215355	0.585690
15.35	28.54	40.17	47.10	3.44	2.01	36.795823	31.846088	34.220860	0.585706
15.35	28.54	40.17	47.11	3.44	2.01	36.802200	31.850576	34.226362	0.585721
15.35	28.54	40.17	47.11	3.44	2.01	36.808572	31.855063	34.231861	0.585736
15.36	28.54	40.17	47.12	3.44	2.01	36.814940	31.859549	34.237357	0.585752
15.36	28.54	40.17	47.12	3.44	2.01	36.821304	31.864034	34.242851	0.585767
15.36	28.54	40.18	47.13	3.44	2.01	36.827664	31.868517	34.248342	0.585782
15.36	28.54	40.18	47.13	3.44	2.01	36.834019	31.873000	34.253830	0.585798
15.37	28.54	40.18	47.14	3.44	2.01	36.840369	31.877481	34.259316	0.585813
15.37	28.54	40.18	47.14	3.44	2.01	36.846716	31.881961	34.264799	0.585828
15.37	28.54	40.18	47.15	3.44	2.01	36.853057	31.886439	34.270279	0.585843
15.38	28.54	40.19	47.15	3.44	2.01	36.859395	31.890917	34.275757	0.585858
15.38	28.54	40.19	47.16	3.44	2.01	36.865728	31.895393	34.281231	0.585874
15.38	28.54	40.19	47.16	3.44	2.02	36.872057	31.899868	34.286703	0.585889
15.38	28.54	40.19	47.17	3.44	2.02	36.878381	31.904342	34.292173	0.585904
15.39	28.54	40.19	47.17	3.44	2.02	36.884701	31.908815	34.297639	0.585919
15.39	28.54	40.20	47.18	3.44	2.02	36.891016	31.913286	34.303103	0.585934
15.39	28.54	40.20	47.18	3.44	2.02	36.897327	31.917756	34.308564	0.585949
15.39	28.54	40.20	47.19	3.44	2.02	36.903634	31.922225	34.314022	0.585964
15.40	28.54	40.20	47.19	3.44	2.02	36.909936	31.926693	34.319478	0.585979
15.40	28.54	40.20	47.20	3.45	2.02	36.916234	31.931159	34.324930	0.585994
15.40	28.54	40.20	47.20	3.45	2.02	36.922527	31.935624	34.330380	0.586009
15.41	28.54	40.21	47.21	3.45	2.02	36.928816	31.940088	34.335827	0.586024
15.41	28.54	40.21	47.21	3.45	2.02	36.935100	31.944551	34.341272	0.586039
15.41	28.54	40.21	47.22	3.45	2.02	36.941380	31.949012	34.346713	0.586054
15.41	28.54	40.21	47.22	3.45	2.02	36.947656	31.953473	34.352152	0.586069
15.42	28.54	40.21	47.23	3.45	2.02	36.953927	31.957931	34.357588	0.586084
15.42	28.54	40.22	47.23	3.45	2.02	36.960193	31.962389	34.363021	0.586099
15.42	28.54	40.22	47.24	3.45	2.02	36.966455	31.966845	34.368452	0.586114
15.43	28.54	40.22	47.24	3.45	2.02	36.972713	31.971301	34.373879	0.586129
15.43	28.54	40.22	47.25	3.45	2.02	36.978966	31.975754	34.379304	0.586144
15.43	28.54	40.22	47.25	3.45	2.02	36.985214	31.980207	34.384726	0.586159
15.43	28.54	40.22	47.26	3.45	2.02	36.991458	31.984658	34.390145	0.586173
15.44	28.54	40.23	47.26	3.45	2.02	36.997698	31.989108	34.395562	0.586188
15.44	28.54	40.23	47.27	3.45	2.02	37.003933	31.993557	34.400975	0.586203
15.44	28.54	40.23	47.27	3.45	2.02	37.010163	31.998004	34.406386	0.586218
15.44	28.54	40.23	47.28	3.45	2.02	37.016389	32.002450	34.411794	0.586232
15.45	28.54	40.23	47.28	3.45	2.02	37.022611	32.006895	34.417199	0.586247
15.45	28.54	40.23	47.29	3.45	2.02	37.028828	32.011338	34.422601	0.586262
15.45	28.54	40.24	47.29	3.45	2.02	37.035040	32.015780	34.428000	0.586276
15.46	28.54	40.24	47.29	3.45	2.02	37.041248	32.020221	34.433397	0.586291
15.46	28.54	40.24	47.30	3.45	2.02	37.047452	32.024660	34.438790	0.586306
15.46	28.54	40.24	47.30	3.45	2.02	37.053651	32.029098	34.444181	0.586320
15.46	28.54	40.24	47.31	3.45	2.02	37.059845	32.033535	34.449569	0.586335
15.47	28.54	40.24	47.31	3.45	2.02	37.066035	32.037970	34.454954	0.586349
15.47	28.54	40.25	47.32	3.45	2.02	37.072220	32.042404	34.460336	0.586364
15.47	28.54	40.25	47.32	3.45	2.02	37.078400	32.046837	34.465716	0.586378
15.47	28.54	40.25	47.33	3.45	2.02	37.084576	32.051269	34.471092	0.586393
15.48	28.54	40.25	47.33	3.45	2.02	37.090748	32.055699	34.476465	0.586407
15.48	28.54	40.25	47.34	3.45	2.02	37.096915	32.060127	34.481836	0.586422
15.48	28.54	40.25	47.34	3.45	2.02	37.103077	32.064555	34.487204	0.586436
15.49	28.54	40.26	47.35	3.45	2.02	37.109235	32.068981	34.492569	0.586451
15.49	28.54	40.26	47.35	3.45	2.02	37.115388	32.073405	34.497930	0.586465
15.49	28.54	40.26	47.36	3.45	2.02	37.121537	32.077828	34.503289	0.586480
15.49	28.54	40.26	47.36	3.45	2.02	37.127681	32.082250	34.508645	0.586494
15.50	28.54	40.26	47.36	3.45	2.02	37.133820	32.086671	34.513999	0.586508
15.50	28.54	40.26	47.37	3.45	2.02	37.139955	32.091090	34.519349	0.586523
15.50	28.54	40.26	47.37	3.45	2.02	37.146085	32.095507	34.524696	0.586537
15.51	28.54	40.27	47.38	3.45	2.02	37.152210	32.099924	34.530041	0.586551
15.51	28.54	40.27	47.38	3.45	2.02	37.158331	32.104339	34.535382	0.586566
15.51	28.54	40.27	47.39	3.45	2.02	37.164447	32.108752	34.540721	0.586580
15.51	28.54	40.27	47.39	3.45	2.02	37.170559	32.113164	34.546056	0.586594
15.52	28.54	40.27	47.40	3.45	2.02	37.176666	32.117575	34.551389	0.586608
15.52	28.54	40.27	47.40	3.45	2.02	37.182768	32.121984	34.556718	0.586622
15.52	28.54	40.27	47.41	3.45	2.03	37.188866	32.126392	34.562045	0.586637
15.53	28.54	40.28	47.41	3.45	2.03	37.194959	32.130799	34.567369	0.586651
15.53	28.54	40.28	47.41	3.45	2.03	37.201048	32.135204	34.572690	0.586665
15.53	28.54	40.28	47.42	3.45	2.03	37.207131	32.139607	34.578007	0.586679
15.53	28.54	40.28	47.42	3.45	2.03	37.213211	32.144009	34.583322	0.586693
15.54	28.54	40.28	47.43	3.45	2.03	37.219285	32.148410	34.588634	0.586707
15.54	28.54	40.28	47.43	3.45	2.03	37.225355	32.152810	34.593943	0.586721
15.54	28.54	40.28	47.44	3.45	2.03	37.231420	32.157207	34.599249	0.586735
15.54	28.54	40.29	47.44	3.45	2.03	37.237480	32.161604	34.604552	0.586749
15.55	28.54	40.29	47.44	3.45	2.03	37.243536	32.165999	34.609852	0.586763
15.55	28.54	40.29	47.45	3.45	2.03	37.249587	32.170392	34.615149	0.586777
15.55	28.54	40.29	47.45	3.45	2.03	37.255633	32.174784	34.620442	0.586791
15.56	28.54	40.29	47.46	3.46	2.03	37.261675	32.179175	34.625733	0.586805
15.56	28.54	40.29	47.46	3.46	2.03	37.267712	32.183564	34.631021	0.586819
15.56	28.54	40.29	47.47	3.46	2.03	37.273744	32.187952	34.636306	0.586833
15.56	28.54	40.30	47.47	3.46	2.03	37.279772	32.192338	34.641588	0.586847
15.57	28.54	40.30	47.47	3.46	2.03	37.285794	32.196723	34.646867	0.586861
15.57	28.54	40.30	47.48	3.46	2.03	37.291812	32.201106	34.652143	0.586875
15.57	28.54	40.30	47.48	3.46	2.03	37.297826	32.205488	34.657415	0.586889
15.57	28.54	40.30	47.49	3.46	2.03	37.303834	32.209868	34.662685	0.586902
15.58	28.54	40.30	47.49	3.46	2.03	37.309838	32.214247	34.667952	0.586916
15.58	28.54	40.30	47.50	3.46	2.03	37.315838	32.218624	34.673215	0.586930
15.58	28.54	40.30	47.50	3.46	2.03	37.321832	32.223000	34.678476	0.586944
15.59	28.54	40.31	47.50	3.46	2.03	37.327822	32.227375	34.683734	0.586957
15.59	28.54	40.31	47.51	3.46	2.03	37.333806	32.231747	34.688988	0.586971
15.59	28.54	40.31	47.51	3.46	2.03	37.339787	32.236119	34.694240	0.586985
15.59	28.54	40.31	47.52	3.46	2.03	37.345762	32.240488	34.699488	0.586998
15.60	28.54	40.31	47.52	3.46	2.03	37.351733	32.244857	34.704733	0.587012
15.60	28.54	40.31	47.53	3.46	2.03	37.357699	32.249224	34.709975	0.587026
15.60	28.54	40.31	47.53	3.46	2.03	37.363660	32.253589	34.715215	0.587039
15.61	28.54	40.31	47.53	3.46	2.03	37.369616	32.257952	34.720451	0.587053
15.61	28.54	40.32	47.54	3.46	2.03	37.375567	32.262315	34.725684	0.587067
15.61	28.54	40.32	47.54	3.46	2.03	37.381514	32.266675	34.730913	0.587080
15.61	28.54	40.32	47.55	3.46	2.03	37.387456	32.271034	34.736140	0.587094
15.62	28.54	40.32	47.55	3.46	2.03	37.393393	32.275392	34.741364	0.587107
15.62	28.54	40.32	47.55	3.46	2.03	37.399326	32.279748	34.746585	0.587121
15.62	28.54	40.32	47.56	3.46	2.03	37.405253	32.284102	34.751802	0.587134
15.62	28.54	40.32	47.56	3.46	2.03	37.411176	32.288455	34.757016	0.587148
15.63	28.54	40.32	47.57	3.46	2.03	37.417094	32.292807	34.762228	0.587161
15.63	28.54	40.33	47.57	3.46	2.03	37.423007	32.297157	34.767436	0.587174
15.63	28.54	40.33	47.57	3.46	2.03	37.428915	32.301505	34.772641	0.587188
15.64	28.54	40.33	47.58	3.46	2.03	37.434819	32.305852	34.777843	0.587201
15.64	28.54	40.33	47.58	3.46	2.03	37.440717	32.310197	34.783041	0.587215
15.64	28.54	40.33	47.59	3.46	2.03	37.446611	32.314540	34.788237	0.587228
15.64	28.54	40.33	47.59	3.46	2.03	37.452500	32.318882	34.793429	0.587241
15.65	28.54	40.33	47.59	3.46	2.03	37.458384	32.323222	34.798619	0.587255
15.65	28.54	40.33	47.60	3.46	2.03	37.464263	32.327561	34.803805	0.587268
15.65	28.54	40.33	47.60	3.46	2.03	37.470138	32.331898	34.808988	0.587281
15.66	28.54	40.33	47.61	3.46	2.03	37.476007	32.336234	34.814168	0.587294
15.66	28.54	40.34	47.61	3.46	2.03	37.481872	32.340568	34.819345	0.587308
15.66	28.54	40.34	47.61	3.46	2.03	37.487732	32.344900	34.824518	0.587321
15.66	28.54	40.34	47.62	3.46	2.03	37.493587	32.349231	34.829688	0.587334
15.67	28.54	40.34	47.62	3.46	2.03	37.499437	32.353560	34.834856	0.587347
15.67	28.54	40.34	47.62	3.46	2.03	37.505282	32.357888	34.840020	0.587360
15.67	28.54	40.34	47.63	3.46	2.03	37.511122	32.362214	34.845181	0.587374
15.68	28.54	40.34	47.63	3.46	2.03	37.516958	32.366538	34.850338	0.587387
15.68	28.54	40.34	47.64	3.46	2.03	37.522788	32.370861	34.855493	0.587400
15.68	28.54	40.34	47.64	3.46	2.03	37.528614	32.375182	34.860644	0.587413
15.68	28.54	40.34	47.64	3.46	2.04	37.534434	32.379501	34.865792	0.587426
15.69	28.54	40.35	47.65	3.46	2.04	37.540250	32.383819	34.870937	0.587439
15.69	28.54	40.35	47.65	3.46	2.04	37.546061	32.388135	34.876079	0.587452
15.69	28.54	40.35	47.66	3.46	2.04	37.551867	32.392450	34.881217	0.587465
15.69	28.54	40.35	47.66	3.46	2.04	37.557668	32.396763	34.886352	0.587478
15.70	28.54	40.35	47.66	3.46	2.04	37.563464	32.401074	34.891484	0.587491
15.70	28.54	40.35	47.67	3.46	2.04	37.569256	32.405384	34.896613	0.587504
15.70	28.54	40.35	47.67	3.46	2.04	37.575042	32.409692	34.901739	0.587517
15.71	28.54	40.35	47.67	3.46	2.04	37.580823	32.413998	34.906861	0.587530
15.71	28.54	40.35	47.68	3.46	2.04	37.586600	32.418303	34.911980	0.587543
15.71	28.54	40.35	47.68	3.46	2.04	37.592371	32.422605	34.917096	0.587555
15.71	28.54	40.36	47.68	3.46	2.04	37.598138	32.426907	34.922209	0.587568
15.72	28.54	40.36	47.69	3.47	2.04	37.603899	32.431206	34.927318	0.587581
15.72	28.54	40.36	47.69	3.47	2.04	37.609656	32.435504	34.932424	0.587594
15.72	28.54	40.36	47.70	3.47	2.04	37.615408	32.439800	34.937527	0.587607
15.72	28.54	40.36	47.70	3.47	2.04	37.621154	32.444095	34.942627	0.587619
15.73	28.54	40.36	47.70	3.47	2.04	37.626896	32.448388	34.947723	0.587632
15.73	28.54	40.36	47.71	3.47	2.04	37.632633	32.452679	34.952816	0.587645
15.73	28.54	40.36	47.71	3.47	2.04	37.638365	32.456968	34.957906	0.587658
15.74	28.54	40.36	47.71	3.47	2.04	37.644091	32.461256	34.962993	0.587670
15.74	28.54	40.36	47.72	3.47	2.04	37.649813	32.465542	34.968076	0.587683
15.74	28.54	40.36	47.72	3.47	2.04	37.655530	32.469827	34.973156	0.587696
15.74	28.54	40.36	47.72	3.47	2.04	37.661242	32.474109	34.978233	0.587708
15.75	28.54	40.36	47.73	3.47	2.04	37.666949	32.478390	34.983306	0.587721
15.75	28.54	40.37	47.73	3.47	2.04	37.672650	32.482669	34.988376	0.587734
15.75	28.54	40.37	47.73	3.47	2.04	37.678347	32.486947	34.993443	0.587746
15.76	28.54	40.37	47.74	3.47	2.04	37.684039	32.491223	34.998507	0.587759
15.76	28.54	40.37	47.74	3.47	2.04	37.689726	32.495497	35.003567	0.587771
15.76	28.54	40.37	47.74	3.47	2.04	37.695408	32.499769	35.008624	0.587784
15.76	28.54	40.37	47.75	3.47	2.04	37.701084	32.504040	35.013677	0.587796
15.77	28.54	40.37	47.75	3.47	2.04	37.706756	32.508308	35.018728	0.587809
15.77	28.54	40.37	47.75	3.47	2.04	37.712423	32.512575	35.023775	0.587821
15.77	28.54	40.37	47.76	3.47	2.04	37.718085	32.516841	35.028818	0.587834
15.78	28.54	40.37	47.76	3.47	2.04	37.723741	32.521104	35.033859	0.587846
15.78	28.54	40.37	47.77	3.47	2.04	37.729393	32.525366	35.038896	0.587858
15.78	28.54	40.37	47.77	3.47	2.04	37.735039	32.529626	35.043929	0.587871
15.78	28.54	40.37	47.77	3.47	2.04	37.740681	32.533884	35.048959	0.587883
15.79	28.54	40.37	47.78	3.47	2.04	37.746317	32.538141	35.053986	0.587896
15.79	28.54	40.38	47.78	3.47	2.04	37.751948	32.542396	35.059010	0.587908
15.79	28.54	40.38	47.78	3.47	2.04	37.757575	32.546649	35.064030	0.587920
15.79	28.54	40.38	47.79	3.47	2.04	37.763196	32.550900	35.069047	0.587932
15.80	28.54	40.38	47.79	3.47	2.04	37.768812	32.555149	35.074061	0.587945
15.80	28.54	40.38	47.79	3.47	2.04	37.774423	32.559397	35.079071	0.587957
15.80	28.54	40.38	47.79	3.47	2.04	37.780029	32.563643	35.084078	0.587969
15.81	28.54	40.38	47.80	3.47	2.04	37.785630	32.567887	35.089081	0.587981
15.81	28.54	40.38	47.80	3.47	2.04	37.791226	32.572129	35.094081	0.587994
15.81	28.54	40.38	47.80	3.47	2.04	37.796817	32.576370	35.099078	0.588006
15.81	28.54	40.38	47.81	3.47	2.04	37.802402	32.580608	35.104071	0.588018
15.82	28.54	40.38	47.81	3.47	2.04	37.807983	32.584845	35.109061	0.588030
15.82	28.54	40.38	47.81	3.47	2.04	37.813558	32.589080	35.114047	0.588042
15.82	28.54	40.38	47.82	3.47	2.04	37.819128	32.593313	35.119031	0.588054
15.82	28.54	40.38	47.82	3.47	2.04	37.824694	32.597545	35.124010	0.588066
15.83	28.54	40.38	47.82	3.47	2.04	37.830254	32.601774	35.128987	0.588078
15.83	28.54	40.38	47.83	3.47	2.04	37.835809	32.606002	35.133959	0.588090
15.83	28.54	40.38	47.83	3.47	2.04	37.841359	32.610228	35.138929	0.588102
15.84	28.54	40.39	47.83	3.47	2.04	37.846903	32.614452	35.143895	0.588114
15.84	28.54	40.39	47.84	3.47	2.04	37.852443	32.618675	35.148858	0.588126
15.84	28.54	40.39	47.84	3.47	2.04	37.857977	32.622895	35.153817	0.588138
15.84	28.54	40.39	47.84	3.47	2.04	37.863506	32.627114	35.158773	0.588150
15.85	28.54	40.39	47.85	3.47	2.04	37.869031	32.631330	35.163725	0.588162
15.85	28.54	40.39	47.85	3.47	2.04	37.874550	32.635545	35.168674	0.588174
15.85	28.54	40.39	47.85	3.47	2.04	37.880063	32.639758	35.173619	0.588186
15.86	28.54	40.39	47.85	3.47	2.04	37.885572	32.643970	35.178561	0.588198
15.86	28.54	40.39	47.86	3.47	2.04	37.891076	32.648179	35.183500	0.588210
15.86	28.54	40.39	47.86	3.47	2.04	37.896574	32.652386	35.188435	0.588222
15.86	28.54	40.39	47.86	3.47	2.04	37.902067	32.656592	35.193367	0.588233
15.87	28.54	40.39	47.87	3.47	2.04	37.907555	32.660796	35.198295	0.588245
15.87	28.54	40.39	47.87	3.47	2.04	37.913038	32.664998	35.203220	0.588257
15.87	28.54	40.39	47.87	3.47	2.05	37.918515	32.669198	35.208141	0.588269
15.88	28.54	40.39	47.88	3.47	2.05	37.923988	32.673396	35.213059	0.588280
15.88	28.54	40.39	47.88	3.47	2.05	37.929455	32.677592	35.217973	0.588292
15.88	28.54	40.39	47.88	3.47	2.05	37.934917	32.681786	35.222884	0.588304
15.88	28.54	40.39	47.88	3.48	2.05	37.940374	32.685979	35.227792	0.588316
15.89	28.54	40.39	47.89	3.48	2.05	37.945826	32.690169	35.232695	0.588327
15.89	28.54	40.39	47.89	3.48	2.05	37.951272	32.694358	35.237596	0.588339
15.89	28.54	40.39	47.89	3.48	2.05	37.956713	32.698545	35.242493	0.588350
15.89	28.54	40.39	47.90	3.48	2.05	37.962149	32.702729	35.247386	0.588362
15.90	28.54	40.39	47.90	3.48	2.05	37.967580	32.706912	35.252276	0.588374
15.90	28.54	40.39	47.90	3.48	2.05	37.973006	32.711093	35.257163	0.588385
15.90	28.54	40.39	47.90	3.48	2.05	37.978426	32.715273	35.262045	0.588397
15.91	28.54	40.40	47.91	3.48	2.05	37.983841	32.719450	35.266925	0.588408
15.91	28.54	40.40	47.91	3.48	2.05	37.989251	32.723625	35.271801	0.588420
15.91	28.54	40.40	47.91	3.48	2.05	37.994656	32.727798	35.276673	0.588431
15.91	28.54	40.40	47.92	3.48	2.05	38.000055	32.731970	35.281542	0.588443
15.92	28.54	40.40	47.92	3.48	2.05	38.005449	32.736139	35.286407	0.588454
15.92	28.54	40.40	47.92	3.48	2.05	38.010838	32.740307	35.291269	0.588466
15.92	28.54	40.40	47.92	3.48	2.05	38.016222	32.744472	35.296127	0.588477
15.93	28.54	40.40	47.93	3.48	2.05	38.021600	32.748636	35.300982	0.588488
15.93	28.54	40.40	47.93	3.48	2.05	38.026973	32.752798	35.305833	0.588500
15.93	28.54	40.40	47.93	3.48	2.05	38.032341	32.756957	35.310681	0.588511
15.93	28.54	40.40	47.93	3.48	2.05	38.037704	32.761115	35.315525	0.588522
15.94	28.54	40.40	47.94	3.48	2.05	38.043061	32.765271	35.320365	0.588534
15.94	28.54	40.40	47.94	3.48	2.05	38.048413	32.769425	35.325202	0.588545
15.94	28.54	40.40	47.94	3.48	2.05	38.053760	32.773577	35.330036	0.588556
15.94	28.54	40.40	47.95	3.48	2.05	38.059101	32.777727	35.334865	0.588568
15.95	28.54	40.40	47.95	3.48	2.05	38.064438	32.781875	35.339692	0.588579
15.95	28.54	40.40	47.95	3.48	2.05	38.069769	32.786021	35.344514	0.588590
15.95	28.54	40.40	47.95	3.48	2.05	38.075094	32.790165	35.349334	0.588601
15.96	28.54	40.40	47.96	3.48	2.05	38.080414	32.794307	35.354149	0.588612
15.96	28.54	40.40	47.96	3.48	2.05	38.085729	32.798447	35.358961	0.588624
15.96	28.54	40.40	47.96	3.48	2.05	38.091039	32.802585	35.363769	0.588635
15.96	28.54	40.40	47.96	3.48	2.05	38.096343	32.806721	35.368574	0.588646
15.97	28.54	40.40	47.97	3.48	2.05	38.101643	32.810855	35.373375	0.588657
15.97	28.54	40.40	47.97	3.48	2.05	38.106936	32.814987	35.378173	0.588668
15.97	28.54	40.40	47.97	3.48	2.05	38.112225	32.819117	35.382967	0.588679
15.97	28.54	40.40	47.97	3.48	2.05	38.117508	32.823245	35.387757	0.588690
15.98	28.54	40.40	47.98	3.48	2.05	38.122785	32.827371	35.392544	0.588701
15.98	28.54	40.40	47.98	3.48	2.05	38.128058	32.831495	35.397327	0.588712
15.98	28.54	40.40	47.98	3.48	2.05	38.133325	32.835617	35.402107	0.588723
15.99	28.54	40.40	47.98	3.48	2.05	38.138587	32.839737	35.406883	0.588734
15.99	28.54	40.40	47.99	3.48	2.05	38.143843	32.843855	35.411655	0.588745
15.99	28.54	40.40	47.99	3.48	2.05	38.149094	32.847971	35.416423	0.588756
15.99	28.54	40.40	47.99	3.48	2.05	38.154340	32.852085	35.421188	0.588767
16.00	28.54	40.40	47.99	3.48	2.05	38.159580	32.856197	35.425950	0.588778
16.00	28.54	40.40	48.00	3.48	2.05	38.164815	32.860307	35.430708	0.588789
16.00	28.54	40.40	48.00	3.48	2.05	38.170045	32.864415	35.435462	0.588799
16.01	28.54	40.40	48.00	3.48	2.05	38.175269	32.868520	35.440212	0.588810
16.01	28.54	40.40	48.00	3.48	2.05	38.180488	32.872624	35.444959	0.588821
16.01	28.54	40.40	48.01	3.48	2.05	38.185701	32.876726	35.449702	0.588832
16.01	28.54	40.40	48.01	3.48	2.05	38.190909	32.880825	35.454442	0.588843
16.02	28.54	40.40	48.01	3.48	2.05	38.196112	32.884923	35.459177	0.588853
16.02	28.54	40.40	48.01	3.48	2.05	38.201309	32.889018	35.463909	0.588864
16.02	28.54	40.40	48.02	3.48	2.05	38.206501	32.893112	35.468638	0.588875
16.02	28.54	40.40	48.02	3.48	2.05	38.211688	32.897203	35.473363	0.588885
16.03	28.54	40.40	48.02	3.48	2.05	38.216869	32.901292	35.478084	0.588896
16.03	28.54	40.40	48.02	3.48	2.05	38.222044	32.905380	35.482801	0.588907
16.03	28.54	40.40	48.02	3.48	2.05	38.227215	32.909465	35.487515	0.588917
16.04	28.54	40.40	48.03	3.48	2.05	38.232380	32.913548	35.492225	0.588928
16.04	28.54	40.40	48.03	3.48	2.05	38.237539	32.917629	35.496932	0.588939
16.04	28.54	40.40	48.03	3.48	2.05	38.242693	32.921708	35.501634	0.588949
16.04	28.54	40.40	48.03	3.48	2.05	38.247842	32.925784	35.506333	0.588960
16.05	28.54	40.40	48.04	3.48	2.05	38.252985	32.929859	35.511029	0.588970
16.05	28.54	40.40	48.04	3.48	2.05	38.258123	32.933932	35.515720	0.588981
16.05	28.54	40.40	48.04	3.48	2.05	38.263255	32.938002	35.520408	0.588991
16.06	28.54	40.40	48.04	3.48	2.05	38.268382	32.942070	35.525092	0.589002
16.06	28.54	40.40	48.04	3.49	2.05	38.273503	32.946137	35.529773	0.589012
16.06	28.54	40.40	48.05	3.49	2.05	38.278619	32.950201	35.534449	0.589023
16.06	28.54	40.40	48.05	3.49	2.05	38.283730	32.954263	35.539122	0.589033
16.07	28.54	40.40	48.05	3.49	2.05	38.288835	32.958323	35.543792	0.589044
16.07	28.54	40.40	48.05	3.49	2.05	38.293935	32.962380	35.548457	0.589054
16.07	28.54	40.40	48.06	3.49	2.05	38.299029	32.966436	35.553119	0.589064
16.07	28.54	40.40	48.06	3.49	2.05	38.304118	32.970490	35.557777	0.589075
16.08	28.54	40.40	48.06	3.49	2.05	38.309202	32.974541	35.562432	0.589085
16.08	28.54	40.40	48.06	3.49	2.05	38.314280	32.978590	35.567082	0.589095
16.08	28.54	40.40	48.06	3.49	2.05	38.319352	32.982637	35.571729	0.589106
16.09	28.54	40.40	48.07	3.49	2.05	38.324419	32.986682	35.576372	0.589116
16.09	28.54	40.40	48.07	3.49	2.05	38.329481	32.990725	35.581011	0.589126
16.09	28.54	40.40	48.07	3.49	2.05	38.334537	32.994766	35.585647	0.589136
16.09	28.54	40.40	48.07	3.49	2.05	38.339588	32.998804	35.590279	0.589147
16.10	28.54	40.40	48.08	3.49	2.05	38.344633	33.002841	35.594907	0.589157
16.10	28.54	40.40	48.08	3.49	2.05	38.349673	33.006875	35.599531	0.589167
16.10	28.54	40.40	48.08	3.49	2.06	38.354707	33.010907	35.604152	0.589177
16.11	28.54	40.40	48.08	3.49	2.06	38.359736	33.014937	35.608769	0.589187
16.11	28.54	40.40	48.08	3.49	2.06	38.364759	33.018964	35.613382	0.589197
16.11	28.54	40.40	48.09	3.49	2.06	38.369777	33.022990	35.617991	0.589208
16.11	28.54	40.40	48.09	3.49	2.06	38.374790	33.027013	35.622597	0.589218
16.12	28.54	40.40	48.09	3.49	2.06	38.379797	33.031034	35.627198	0.589228
16.12	28.54	40.40	48.09	3.49	2.06	38.384798	33.035053	35.631796	0.589238
16.12	28.54	40.39	48.09	3.49	2.06	38.389795	33.039070	35.636390	0.589248
16.12	28.54	40.39	48.10	3.49	2.06	38.394785	33.043085	35.640981	0.589258
16.13	28.54	40.39	48.10	3.49	2.06	38.399770	33.047097	35.645567	0.589268
16.13	28.54	40.39	48.10	3.49	2.06	38.404750	33.051107	35.650150	0.589278
16.13	28.54	40.39	48.10	3.49	2.06	38.409724	33.055115	35.654729	0.589288
16.14	28.54	40.39	48.10	3.49	2.06	38.414693	33.059121	35.659304	0.589298
16.14	28.54	40.39	48.11	3.49	2.06	38.419657	33.063125	35.663875	0.589307
16.14	28.54	40.39	48.11	3.49	2.06	38.424615	33.067126	35.668443	0.589317
16.14	28.54	40.39	48.11	3.49	2.06	38.429567	33.071125	35.673007	0.589327
16.15	28.54	40.39	48.11	3.49	2.06	38.434514	33.075122	35.677567	0.589337
16.15	28.54	40.39	48.11	3.49	2.06	38.439456	33.079117	35.682123	0.589347
16.15	28.54	40.39	48.12	3.49	2.06	38.444392	33.083110	35.686675	0.589357
16.16	28.54	40.39	48.12	3.49	2.06	38.449322	33.087100	35.691224	0.589367
16.16	28.54	40.39	48.12	3.49	2.06	38.454247	33.091088	35.695769	0.589376
16.16	28.54	40.39	48.12	3.49	2.06	38.459167	33.095074	35.700310	0.589386
16.16	28.54	40.39	48.12	3.49	2.06	38.464081	33.099057	35.704847	0.589396
16.17	28.54	40.39	48.12	3.49	2.06	38.468990	33.103039	35.709380	0.589406
16.17	28.54	40.39	48.13	3.49	2.06	38.473893	33.107018	35.713909	0.589415
16.17	28.54	40.39	48.13	3.49	2.06	38.478791	33.110995	35.718435	0.589425
16.18	28.54	40.39	48.13	3.49	2.06	38.483683	33.114969	35.722957	0.589435
16.18	28.54	40.39	48.13	3.49	2.06	38.488570	33.118942	35.727475	0.589444
16.18	28.54	40.39	48.13	3.49	2.06	38.493452	33.122912	35.731989	0.589454
16.18	28.54	40.39	48.14	3.49	2.06	38.498328	33.126880	35.736499	0.589464
16.19	28.54	40.39	48.14	3.49	2.06	38.503198	33.130845	35.741006	0.589473
16.19	28.54	40.39	48.14	3.49	2.06	38.508063	33.134809	35.745508	0.589483
16.19	28.54	40.39	48.14	3.49	2.06	38.512923	33.138770	35.750007	0.589492
16.19	28.54	40.39	48.14	3.49	2.06	38.517777	33.142728	35.754502	0.589502
16.20	28.54	40.39	48.14	3.49	2.06	38.522626	33.146685	35.758993	0.589511
16.20	28.54	40.39	48.15	3.49	2.06	38.527469	33.150639	35.763480	0.589521
16.20	28.54	40.39	48.15	3.49	2.06	38.532307	33.154591	35.767964	0.589530
16.21	28.54	40.39	48.15	3.49	2.06	38.537139	33.158541	35.772443	0.589540
16.21	28.54	40.38	48.15	3.49	2.06	38.541966	33.162488	35.776919	0.589549
16.21	28.54	40.38	48.15	3.49	2.06	38.546787	33.166433	35.781391	0.589559
16.21	28.54	40.38	48.16	3.49	2.06	38.551603	33.170376	35.785859	0.589568
16.22	28.54	40.38	48.16	3.49	2.06	38.556414	33.174317	35.790323	0.589577
16.22	28.54	40.38	48.16	3.49	2.06	38.561219	33.178255	35.794783	0.589587
16.22	28.54	40.38	48.16	3.49	2.06	38.566018	33.182191	35.799240	0.589596
16.23	28.54	40.38	48.16	3.49	2.06	38.570812	33.186124	35.803692	0.589606
16.23	28.54	40.38	48.16	3.49	2.06	38.575601	33.190056	35.808141	0.589615
16.23	28.54	40.38	48.17	3.49	2.06	38.580384	33.193985	35.812586	0.589624
16.23	28.54	40.38	48.17	3.49	2.06	38.585161	33.197911	35.817027	0.589633
16.24	28.54	40.38	48.17	3.49	2.06	38.589934	33.201836	35.821464	0.589643
16.24	28.54	40.38	48.17	3.49	2.06	38.594700	33.205758	35.825897	0.589652
16.24	28.54	40.38	48.17	3.50	2.06	38.599462	33.209678	35.830327	0.589661
16.24	28.54	40.38	48.17	3.50	2.06	38.604218	33.213595	35.834752	0.589670
16.25	28.54	40.38	48.18	3.50	2.06	38.608968	33.217510	35.839174	0.589680
16.25	28.54	40.38	48.18	3.50	2.06	38.613713	33.221423	35.843592	0.589689
16.25	28.54	40.38	48.18	3.50	2.06	38.618452	33.225333	35.848005	0.589698
16.26	28.54	40.38	48.18	3.50	2.06	38.623186	33.229241	35.852415	0.589707
16.26	28.54	40.38	48.18	3.50	2.06	38.627915	33.233147	35.856821	0.589716
16.26	28.54	40.38	48.18	3.50	2.06	38.632638	33.237050	35.861224	0.589725
16.26	28.54	40.38	48.18	3.50	2.06	38.637356	33.240952	35.865622	0.589734
16.27	28.54	40.38	48.19	3.50	2.06	38.642068	33.244850	35.870016	0.589743
16.27	28.54	40.37	48.19	3.50	2.06	38.646774	33.248747	35.874407	0.589752
16.27	28.54	40.37	48.19	3.50	2.06	38.651476	33.252641	35.878794	0.589762
16.27	28.54	40.37	48.19	3.50	2.06	38.656172	33.256532	35.883177	0.589771
16.28	28.54	40.37	48.19	3.50	2.06	38.660862	33.260421	35.887555	0.589780
16.28	28.54	40.37	48.19	3.50	2.06	38.665547	33.264308	35.891930	0.589788
16.28	28.54	40.37	48.20	3.50	2.06	38.670226	33.268193	35.896301	0.589797
16.29	28.54	40.37	48.20	3.50	2.06	38.674900	33.272075	35.900669	0.589806
16.29	28.54	40.37	48.20	3.50	2.06	38.679569	33.275955	35.905032	0.589815
16.29	28.54	40.37	48.20	3.50	2.06	38.684232	33.279832	35.909391	0.589824
16.29	28.54	40.37	48.20	3.50	2.06	38.688889	33.283707	35.913747	0.589833
16.30	28.54	40.37	48.20	3.50	2.06	38.693541	33.287580	35.918099	0.589842
16.30	28.54	40.37	48.20	3.50	2.06	38.698188	33.291450	35.922446	0.589851
16.30	28.54	40.37	48.21	3.50	2.06	38.702829	33.295318	35.926790	0.589860
16.31	28.54	40.37	48.21	3.50	2.06	38.707465	33.299184	35.931130	0.589868
16.31	28.54	40.37	48.21	3.50	2.06	38.712095	33.303047	35.935466	0.589877
16.31	28.54	40.37	48.21	3.50	2.06	38.716720	33.306908	35.939798	0.589886
16.31	28.54	40.37	48.21	3.50	2.06	38.721339	33.310766	35.944126	0.589895
16.32	28.54	40.37	48.21	3.50	2.06	38.725953	33.314622	35.948450	0.589904
16.32	28.54	40.36	48.21	3.50	2.06	38.730562	33.318476	35.952771	0.589912
16.32	28.54	40.36	48.22	3.50	2.06	38.735165	33.322327	35.957087	0.589921
16.32	28.54	40.36	48.22	3.50	2.06	38.739762	33.326176	35.961399	0.589930
16.33	28.54	40.36	48.22	3.50	2.06	38.744354	33.330022	35.965708	0.589938
16.33	28.54	40.36	48.22	3.50	2.06	38.748941	33.333866	35.970013	0.589947
16.33	28.54	40.36	48.22	3.50	2.06	38.753522	33.337707	35.974313	0.589956
16.34	28.54	40.36	48.22	3.50	2.06	38.758098	33.341546	35.978610	0.589964
16.34	28.54	40.36	48.22	3.50	2.06	38.762668	33.345383	35.982903	0.589973
16.34	28.54	40.36	48.22	3.50	2.06	38.767233	33.349217	35.987192	0.589981
16.34	28.54	40.36	48.23	3.50	2.06	38.771792	33.353049	35.991477	0.589990
16.35	28.54	40.36	48.23	3.50	2.06	38.776346	33.356879	35.995758	0.589998
16.35	28.54	40.36	48.23	3.50	2.06	38.780895	33.360706	36.000035	0.590007
16.35	28.54	40.36	48.23	3.50	2.06	38.785438	33.364530	36.004309	0.590016
16.36	28.54	40.36	48.23	3.50	2.06	38.789975	33.368352	36.008578	0.590024
16.36	28.54	40.36	48.23	3.50	2.06	38.794507	33.372172	36.012843	0.590032
16.36	28.54	40.35	48.23	3.50	2.06	38.799034	33.375989	36.017105	0.590041
16.36	28.54	40.35	48.23	3.50	2.06	38.803555	33.379804	36.021362	0.590049
16.37	28.54	40.35	48.24	3.50	2.06	38.808071	33.383616	36.025616	0.590058
16.37	28.54	40.35	48.24	3.50	2.06	38.812581	33.387426	36.029865	0.590066
16.37	28.54	40.35	48.24	3.50	2.06	38.817086	33.391233	36.034111	0.590075
16.38	28.54	40.35	48.24	3.50	2.06	38.821585	33.395038	36.038353	0.590083
16.38	28.54	40.35	48.24	3.50	2.06	38.826079	33.398841	36.042590	0.590091
16.38	28.54	40.35	48.24	3.50	2.06	38.830567	33.402641	36.046824	0.590100
16.38	28.54	40.35	48.24	3.50	2.06	38.835050	33.406439	36.051054	0.590108
16.39	28.54	40.35	48.24	3.50	2.06	38.839528	33.410234	36.055280	0.590116
16.39	28.54	40.35	48.25	3.50	2.06	38.844000	33.414026	36.059502	0.590125
16.39	28.54	40.35	48.25	3.50	2.06	38.848466	33.417817	36.063720	0.590133
16.39	28.54	40.35	48.25	3.50	2.06	38.852927	33.421604	36.067934	0.590141
16.40	28.54	40.35	48.25	3.50	2.06	38.857383	33.425390	36.072144	0.590149
16.40	28.54	40.34	48.25	3.50	2.06	38.861833	33.429172	36.076350	0.590157
16.40	28.54	40.34	48.25	3.50	2.06	38.866278	33.432953	36.080553	0.590166
16.41	28.54	40.34	48.25	3.50	2.06	38.870717	33.436730	36.084751	0.590174
16.41	28.54	40.34	48.25	3.50	2.06	38.875151	33.440506	36.088945	0.590182
16.41	28.54	40.34	48.25	3.50	2.06	38.879579	33.444279	36.093136	0.590190
16.41	28.54	40.34	48.26	3.50	2.06	38.884002	33.448049	36.097322	0.590198
16.42	28.54	40.34	48.26	3.50	2.06	38.888420	33.451817	36.101504	0.590206
16.42	28.54	40.34	48.26	3.50	2.06	38.892832	33.455582	36.105683	0.590214
16.42	28.54	40.34	48.26	3.50	2.06	38.897238	33.459345	36.109857	0.590223
16.43	28.54	40.34	48.26	3.50	2.06	38.901639	33.463105	36.114028	0.590231
16.43	28.54	40.34	48.26	3.50	2.06	38.906035	33.466863	36.118194	0.590239
16.43	28.54	40.34	48.26	3.50	2.07	38.910425	33.470619	36.122357	0.590247
16.43	28.54	40.34	48.26	3.50	2.07	38.914810	33.474372	36.126515	0.590255
16.44	28.54	40.33	48.26	3.51	2.07	38.919189	33.478122	36.130670	0.590263
16.44	28.54	40.33	48.26	3.51	2.07	38.923563	33.481870	36.134821	0.590271
16.44	28.54	40.33	48.27	3.51	2.07	38.927931	33.485615	36.138967	0.590279
16.44	28.54	40.33	48.27	3.51	2.07	38.932294	33.489358	36.143110	0.590286
16.45	28.54	40.33	48.27	3.51	2.07	38.936651	33.493098	36.147249	0.590294
16.45	28.54	40.33	48.27	3.51	2.07	38.941003	33.496836	36.151384	0.590302
16.45	28.54	40.33	48.27	3.51	2.07	38.945349	33.500571	36.155514	0.590310
16.46	28.54	40.33	48.27	3.51	2.07	38.949690	33.504304	36.159641	0.590318
16.46	28.54	40.33	48.27	3.51	2.07	38.954026	33.508034	36.163764	0.590326
16.46	28.54	40.33	48.27	3.51	2.07	38.958356	33.511762	36.167883	0.590334
16.46	28.54	40.33	48.27	3.51	2.07	38.962681	33.515487	36.171998	0.590342
16.47	28.54	40.32	48.27	3.51	2.07	38.967000	33.519209	36.176108	0.590349
16.47	28.54	40.32	48.27	3.51	2.07	38.971314	33.522929	36.180215	0.590357
16.47	28.54	40.32	48.28	3.51	2.07	38.975622	33.526647	36.184318	0.590365
16.48	28.54	40.32	48.28	3.51	2.07	38.979925	33.530362	36.188417	0.590373
16.48	28.54	40.32	48.28	3.51	2.07	38.984222	33.534074	36.192512	0.590380
16.48	28.54	40.32	48.28	3.51	2.07	38.988514	33.537784	36.196603	0.590388
16.48	28.54	40.32	48.28	3.51	2.07	38.992800	33.541492	36.200690	0.590396
16.49	28.54	40.32	48.28	3.51	2.07	38.997081	33.545196	36.204773	0.590403
16.49	28.54	40.32	48.28	3.51	2.07	39.001357	33.548899	36.208851	0.590411
16.49	28.54	40.32	48.28	3.51	2.07	39.005627	33.552598	36.212926	0.590419
16.49	28.54	40.32	48.28	3.51	2.07	39.009891	33.556295	36.216997	0.590426
16.50	28.54	40.31	48.28	3.51	2.07	39.014150	33.559990	36.221064	0.590434
16.50	28.54	40.31	48.28	3.51	2.07	39.018404	33.563682	36.225127	0.590441
16.50	28.54	40.31	48.28	3.51	2.07	39.022652	33.567371	36.229186	0.590449
16.51	28.54	40.31	48.29	3.51	2.07	39.026895	33.571058	36.233241	0.590457
16.51	28.54	40.31	48.29	3.51	2.07	39.031132	33.574742	36.237292	0.590464
16.51	28.54	40.31	48.29	3.51	2.07	39.035364	33.578424	36.241339	0.590472
16.51	28.54	40.31	48.29	3.51	2.07	39.039590	33.582103	36.245381	0.590479
16.52	28.54	40.31	48.29	3.51	2.07	39.043811	33.585780	36.249420	0.590487
16.52	28.54	40.31	48.29	3.51	2.07	39.048026	33.589454	36.253455	0.590494
16.52	28.54	40.31	48.29	3.51	2.07	39.052236	33.593125	36.257486	0.590502
16.52	28.54	40.30	48.29	3.51	2.07	39.056440	33.596794	36.261513	0.590509
16.53	28.54	40.30	48.29	3.51	2.07	39.060639	33.600460	36.265536	0.590516
16.53	28.54	40.30	48.29	3.51	2.07	39.064833	33.604124	36.269554	0.590524
16.53	28.54	40.30	48.29	3.51	2.07	39.069021	33.607785	36.273569	0.590531
16.54	28.54	40.30	48.29	3.51	2.07	39.073204	33.611443	36.277580	0.590539
16.54	28.54	40.30	48.29	3.51	2.07	39.077381	33.615099	36.281587	0.590546
16.54	28.54	40.30	48.29	3.51	2.07	39.081552	33.618752	36.285589	0.590553
16.54	28.54	40.30	48.30	3.51	2.07	39.085718	33.622403	36.289588	0.590561
16.55	28.54	40.30	48.30	3.51	2.07	39.089879	33.626051	36.293583	0.590568
16.55	28.54	40.30	48.30	3.51	2.07	39.094034	33.629697	36.297573	0.590575
16.55	28.54	40.29	48.30	3.51	2.07	39.098184	33.633339	36.301560	0.590582
16.56	28.54	40.29	48.30	3.51	2.07	39.102329	33.636980	36.305543	0.590590
16.56	28.54	40.29	48.30	3.51	2.07	39.106467	33.640617	36.309521	0.590597
16.56	28.54	40.29	48.30	3.51	2.07	39.110601	33.644252	36.313496	0.590604
16.56	28.54	40.29	48.30	3.51	2.07	39.114729	33.647885	36.317466	0.590611
16.57	28.54	40.29	48.30	3.51	2.07	39.118851	33.651515	36.321433	0.590618
16.57	28.54	40.29	48.30	3.51	2.07	39.122968	33.655142	36.325395	0.590626
16.57	28.54	40.29	48.30	3.51	2.07	39.127079	33.658766	36.329353	0.590633
16.57	28.54	40.29	48.30	3.51	2.07	39.131185	33.662388	36.333308	0.590640
16.58	28.54	40.28	48.30	3.51	2.07	39.135286	33.666007	36.337258	0.590647
16.58	28.54	40.28	48.30	3.51	2.07	39.139381	33.669624	36.341204	0.590654
16.58	28.54	40.28	48.30	3.51	2.07	39.143471	33.673238	36.345147	0.590661
16.59	28.54	40.28	48.30	3.51	2.07	39.147555	33.676850	36.349085	0.590668
16.59	28.54	40.28	48.30	3.51	2.07	39.151633	33.680458	36.353019	0.590675
16.59	28.54	40.28	48.31	3.51	2.07	39.155707	33.684064	36.356949	0.590682
16.59	28.54	40.28	48.31	3.51	2.07	39.159774	33.687668	36.360875	0.590689
16.60	28.54	40.28	48.31	3.51	2.07	39.163837	33.691269	36.364797	0.590696
16.60	28.54	40.28	48.31	3.51	2.07	39.167893	33.694867	36.368715	0.590703
16.60	28.54	40.27	48.31	3.51	2.07	39.171945	33.698463	36.372629	0.590710
16.61	28.54	40.27	48.31	3.51	2.07	39.175991	33.702056	36.376539	0.590717
16.61	28.54	40.27	48.31	3.51	2.07	39.180031	33.705646	36.380445	0.590724
16.61	28.54	40.27	48.31	3.51	2.07	39.184066	33.709233	36.384347	0.590731
16.61	28.54	40.27	48.31	3.51	2.07	39.188095	33.712818	36.388244	0.590738
16.62	28.54	40.27	48.31	3.51	2.07	39.192119	33.716401	36.392138	0.590745
16.62	28.54	40.27	48.31	3.51	2.07	39.196137	33.719980	36.396027	0.590752
16.62	28.54	40.27	48.31	3.51	2.07	39.200150	33.723557	36.399913	0.590758
16.62	28.54	40.27	48.31	3.51	2.07	39.204158	33.727132	36.403795	0.590765
16.63	28.54	40.26	48.31	3.51	2.07	39.208160	33.730703	36.407672	0.590772
16.63	28.54	40.26	48.31	3.51	2.07	39.212157	33.734272	36.411545	0.590779
16.63	28.54	40.26	48.31	3.51	2.07	39.216148	33.737839	36.415415	0.590786
16.64	28.54	40.26	48.31	3.51	2.07	39.220133	33.741402	36.419280	0.590792
16.64	28.54	40.26	48.31	3.51	2.07	39.224113	33.744963	36.423141	0.590799
16.64	28.54	40.26	48.31	3.51	2.07	39.228088	33.748522	36.426998	0.590806
16.64	28.54	40.26	48.31	3.52	2.07	39.232057	33.752077	36.430851	0.590813
16.65	28.54	40.26	48.31	3.52	2.07	39.236021	33.755630	36.434700	0.590819
16.65	28.54	40.25	48.31	3.52	2.07	39.239979	33.759181	36.438545	0.590826
16.65	28.54	40.25	48.31	3.52	2.07	39.243932	33.762728	36.442386	0.590833
16.66	28.54	40.25	48.31	3.52	2.07	39.247879	33.766273	36.446223	0.590839
16.66	28.54	40.25	48.31	3.52	2.07	39.251821	33.769815	36.450055	0.590846
16.66	28.54	40.25	48.31	3.52	2.07	39.255757	33.773355	36.453884	0.590852
16.66	28.54	40.25	48.31	3.52	2.07	39.259688	33.776892	36.457709	0.590859
16.67	28.54	40.25	48.31	3.52	2.07	39.263613	33.780426	36.461529	0.590866
16.67	28.54	40.25	48.32	3.52	2.07	39.267533	33.783957	36.465345	0.590872
16.67	28.54	40.24	48.32	3.52	2.07	39.271447	33.787486	36.469158	0.590879
16.68	28.54	40.24	48.32	3.52	2.07	39.275356	33.791012	36.472966	0.590885
16.68	28.54	40.24	48.32	3.52	2.07	39.279259	33.794536	36.476770	0.590892
16.68	28.54	40.24	48.32	3.52	2.07	39.283157	33.798056	36.480570	0.590898
16.68	28.54	40.24	48.32	3.52	2.07	39.287050	33.801574	36.484366	0.590905
16.69	28.54	40.24	48.32	3.52	2.07	39.290937	33.805090	36.488158	0.590911
16.69	28.54	40.24	48.32	3.52	2.07	39.294818	33.808602	36.491946	0.590918
16.69	28.54	40.23	48.32	3.52	2.07	39.298694	33.812112	36.495730	0.590924
16.69	28.54	40.23	48.32	3.52	2.07	39.302564	33.815619	36.499509	0.590930
16.70	28.54	40.23	48.32	3.52	2.07	39.306429	33.819124	36.503285	0.590937
16.70	28.54	40.23	48.32	3.52	2.07	39.310289	33.822625	36.507056	0.590943
16.70	28.54	40.23	48.32	3.52	2.07	39.314143	33.826124	36.510824	0.590950
16.71	28.54	40.23	48.32	3.52	2.07	39.317991	33.829621	36.514587	0.590956
16.71	28.54	40.23	48.32	3.52	2.07	39.321834	33.833114	36.518346	0.590962
16.71	28.54	40.23	48.32	3.52	2.07	39.325672	33.836605	36.522101	0.590968
16.71	28.54	40.22	48.32	3.52	2.07	39.329504	33.840093	36.525852	0.590975
16.72	28.54	40.22	48.32	3.52	2.07	39.333330	33.843578	36.529599	0.590981
16.72	28.54	40.22	48.32	3.52	2.07	39.337152	33.847061	36.533342	0.590987
16.72	28.54	40.22	48.32	3.52	2.07	39.340967	33.850541	36.537081	0.590994
16.73	28.54	40.22	48.32	3.52	2.07	39.344777	33.854018	36.540815	0.591000
16.73	28.54	40.22	48.32	3.52	2.07	39.348582	33.857493	36.544546	0.591006
16.73	28.54	40.22	48.32	3.52	2.07	39.352381	33.860964	36.548272	0.591012
16.73	28.54	40.21	48.32	3.52	2.07	39.356174	33.864433	36.551994	0.591018
16.74	28.54	40.21	48.32	3.52	2.07	39.359963	33.867899	36.555712	0.591025
16.74	28.54	40.21	48.32	3.52	2.07	39.363745	33.871363	36.559426	0.591031
16.74	28.54	40.21	48.32	3.52	2.07	39.367522	33.874824	36.563136	0.591037
16.74	28.54	40.21	48.32	3.52	2.07	39.371294	33.878282	36.566842	0.591043
16.75	28.54	40.21	48.32	3.52	2.07	39.375060	33.881737	36.570544	0.591049
16.75	28.54	40.21	48.32	3.52	2.07	39.378821	33.885189	36.574242	0.591055
16.75	28.54	40.20	48.32	3.52	2.07	39.382576	33.888639	36.577935	0.591061
16.76	28.54	40.20	48.32	3.52	2.07	39.386326	33.892086	36.581624	0.591067
16.76	28.54	40.20	48.32	3.52	2.07	39.390070	33.895530	36.585310	0.591073
16.76	28.54	40.20	48.32	3.52	2.07	39.393808	33.898972	36.588991	0.591079
16.76	28.54	40.20	48.32	3.52	2.07	39.397542	33.902411	36.592668	0.591085
16.77	28.54	40.20	48.32	3.52	2.07	39.401269	33.905847	36.596341	0.591091
16.77	28.54	40.20	48.32	3.52	2.07	39.404991	33.909280	36.600010	0.591097
16.77	28.54	40.19	48.32	3.52	2.07	39.408708	33.912710	36.603674	0.591103
16.77	28.54	40.19	48.32	3.52	2.07	39.412419	33.916138	36.607335	0.591109
16.78	28.54	40.19	48.32	3.52	2.07	39.416125	33.919563	36.610991	0.591115
16.78	28.54	40.19	48.32	3.52	2.07	39.419825	33.922985	36.614644	0.591121
16.78	28.54	40.19	48.32	3.52	2.07	39.423520	33.926404	36.618292	0.591127
16.79	28.54	40.19	48.32	3.52	2.07	39.427209	33.929821	36.621936	0.591133
16.79	28.54	40.19	48.32	3.52	2.07	39.430893	33.933235	36.625576	0.591138
16.79	28.54	40.18	48.32	3.52	2.07	39.434571	33.936646	36.629211	0.591144
16.79	28.54	40.18	48.32	3.52	2.07	39.438243	33.940054	36.632843	0.591150
16.80	28.54	40.18	48.32	3.52	2.07	39.441910	33.943459	36.636471	0.591156
16.80	28.54	40.18	48.32	3.52	2.07	39.445572	33.946862	36.640094	0.591162
16.80	28.54	40.18	48.32	3.52	2.07	39.449228	33.950262	36.643713	0.591167
16.81	28.54	40.18	48.32	3.52	2.07	39.452879	33.953659	36.647328	0.591173
16.81	28.54	40.17	48.32	3.52	2.07	39.456524	33.957053	36.650939	0.591179
16.81	28.54	40.17	48.31	3.52	2.07	39.460164	33.960445	36.654546	0.591184
16.81	28.54	40.17	48.31	3.52	2.07	39.463798	33.963834	36.658149	0.591190
16.82	28.54	40.17	48.31	3.52	2.07	39.467426	33.967219	36.661747	0.591196
16.82	28.54	40.17	48.31	3.52	2.07	39.471049	33.970603	36.665342	0.591202
16.82	28.54	40.17	48.31	3.52	2.07	39.474667	33.973983	36.668932	0.591207
16.82	28.54	40.17	48.31	3.52	2.07	39.478279	33.977360	36.672518	0.591213
16.83	28.54	40.16	48.31	3.52	2.07	39.481886	33.980735	36.676100	0.591218
16.83	28.54	40.16	48.31	3.52	2.07	39.485487	33.984107	36.679678	0.591224
16.83	28.54	40.16	48.31	3.52	2.07	39.489082	33.987476	36.683252	0.591230
16.84	28.54	40.16	48.31	3.52	2.07	39.492672	33.990843	36.686821	0.591235
16.84	28.54	40.16	48.31	3.52	2.07	39.496257	33.994206	36.690387	0.591241
16.84	28.54	40.16	48.31	3.52	2.07	39.499836	33.997567	36.693948	0.591246
16.84	28.54	40.15	48.31	3.52	2.07	39.503410	34.000925	36.697505	0.591252
16.85	28.54	40.15	48.31	3.52	2.07	39.506978	34.004280	36.701058	0.591257
16.85	28.54	40.15	48.31	3.52	2.07	39.510540	34.007632	36.704607	0.591263
16.85	28.54	40.15	48.31	3.52	2.07	39.514097	34.010982	36.708151	0.591268
16.86	28.54	40.15	48.31	3.52	2.07	39.517648	34.014328	36.711692	0.591274
16.86	28.54	40.15	48.31	3.52	2.07	39.521194	34.017672	36.715228	0.591279
16.86	28.54	40.14	48.31	3.52	2.07	39.524735	34.021013	36.718760	0.591285
16.86	28.54	40.14	48.31	3.52	2.07	39.528270	34.024351	36.722288	0.591290
16.87	28.54	40.14	48.31	3.52	2.07	39.531799	34.027686	36.725812	0.591295
16.87	28.54	40.14	48.31	3.53	2.07	39.535323	34.031019	36.729332	0.591301
16.87	28.54	40.14	48.31	3.53	2.07	39.538841	34.034349	36.732847	0.591306
16.88	28.54	40.14	48.31	3.53	2.07	39.542354	34.037676	36.736359	0.591311
16.88	28.54	40.13	48.31	3.53	2.07	39.545862	34.041000	36.739866	0.591317
16.88	28.54	40.13	48.31	3.53	2.07	39.549363	34.044321	36.743369	0.591322
16.88	28.54	40.13	48.31	3.53	2.07	39.552860	34.047639	36.746868	0.591327
16.89	28.54	40.13	48.31	3.53	2.07	39.556350	34.050955	36.750362	0.591333
16.89	28.54	40.13	48.30	3.53	2.07	39.559836	34.054267	36.753853	0.591338
16.89	28.54	40.13	48.30	3.53	2.07	39.563315	34.057577	36.757339	0.591343
16.89	28.54	40.12	48.30	3.53	2.07	39.566790	34.060884	36.760821	0.591348
16.90	28.54	40.12	48.30	3.53	2.07	39.570258	34.064188	36.764299	0.591353
16.90	28.54	40.12	48.30	3.53	2.07	39.573721	34.067490	36.767773	0.591359
16.90	28.54	40.12	48.30	3.53	2.07	39.577179	34.070788	36.771243	0.591364
16.91	28.54	40.12	48.30	3.53	2.07	39.580631	34.074084	36.774708	0.591369
16.91	28.54	40.12	48.30	3.53	2.07	39.584078	34.077376	36.778169	0.591374
16.91	28.54	40.11	48.30	3.53	2.07	39.587519	34.080666	36.781627	0.591379
16.91	28.54	40.11	48.30	3.53	2.07	39.590954	34.083953	36.785079	0.591384
16.92	28.54	40.11	48.30	3.53	2.07	39.594384	34.087237	36.788528	0.591389
16.92	28.54	40.11	48.30	3.53	2.07	39.597809	34.090519	36.791973	0.591394
16.92	28.54	40.11	48.30	3.53	2.07	39.601228	34.093797	36.795413	0.591400
16.93	28.54	40.11	48.30	3.53	2.07	39.604641	34.097073	36.798849	0.591405
16.93	28.54	40.10	48.30	3.53	2.07	39.608049	34.100346	36.802281	0.591410
16.93	28.54	40.10	48.30	3.53	2.07	39.611451	34.103615	36.805709	0.591415
16.93	28.54	40.10	48.30	3.53	2.07	39.614848	34.106882	36.809133	0.591420
16.94	28.54	40.10	48.29	3.53	2.07	39.618240	34.110147	36.812552	0.591425
16.94	28.54	40.10	48.29	3.53	2.07	39.621625	34.113408	36.815967	0.591430
16.94	28.54	40.09	48.29	3.53	2.07	39.625006	34.116666	36.819378	0.591434
16.94	28.54	40.09	48.29	3.53	2.07	39.628380	34.119922	36.822785	0.591439
16.95	28.54	40.09	48.29	3.53	2.07	39.631750	34.123174	36.826188	0.591444
16.95	28.54	40.09	48.29	3.53	2.07	39.635113	34.126424	36.829586	0.591449
16.95	28.54	40.09	48.29	3.53	2.07	39.638471	34.129671	36.832981	0.591454
16.96	28.54	40.09	48.29	3.53	2.07	39.641824	34.132915	36.836371	0.591459
16.96	28.54	40.08	48.29	3.53	2.07	39.645171	34.136156	36.839757	0.591464
16.96	28.54	40.08	48.29	3.53	2.07	39.648512	34.139395	36.843138	0.591469
16.96	28.54	40.08	48.29	3.53	2.07	39.651848	34.142630	36.846516	0.591473
16.97	28.54	40.08	48.29	3.53	2.07	39.655179	34.145862	36.849889	0.591478
16.97	28.54	40.08	48.29	3.53	2.07	39.658504	34.149092	36.853258	0.591483
16.97	28.54	40.07	48.29	3.53	2.07	39.661823	34.152319	36.856623	0.591488
16.98	28.54	40.07	48.28	3.53	2.07	39.665137	34.155543	36.859984	0.591493
16.98	28.54	40.07	48.28	3.53	2.07	39.668445	34.158763	36.863340	0.591497
16.98	28.54	40.07	48.28	3.53	2.07	39.671748	34.161982	36.866692	0.591502
16.98	28.54	40.07	48.28	3.53	2.07	39.675045	34.165197	36.870040	0.591507
16.99	28.54	40.07	48.28	3.53	2.07	39.678337	34.168409	36.873384	0.591511
16.99	28.54	40.06	48.28	3.53	2.07	39.681623	34.171618	36.876724	0.591516
16.99	28.54	40.06	48.28	3.53	2.07	39.684904	34.174825	36.880059	0.591521
16.99	28.54	40.06	48.28	3.53	2.07	39.688179	34.178028	36.883390	0.591525
17.00	28.54	40.06	48.28	3.53	2.07	39.691448	34.181229	36.886717	0.591530
17.00	28.54	40.06	48.28	3.53	2.07	39.694712	34.184427	36.890040	0.591535
17.00	28.54	40.05	48.28	3.53	2.07	39.697970	34.187621	36.893359	0.591539
17.01	28.54	40.05	48.28	3.53	2.07	39.701223	34.190813	36.896673	0.591544
17.01	28.54	40.05	48.28	3.53	2.07	39.704471	34.194002	36.899983	0.591548
17.01	28.54	40.05	48.27	3.53	2.07	39.707712	34.197188	36.903289	0.591553
17.01	28.54	40.05	48.27	3.53	2.07	39.710949	34.200372	36.906591	0.591557
17.02	28.54	40.04	48.27	3.53	2.07	39.714179	34.203552	36.909888	0.591562
17.02	28.54	40.04	48.27	3.53	2.07	39.717404	34.206729	36.913181	0.591566
17.02	28.54	40.04	48.27	3.53	2.07	39.720624	34.209904	36.916470	0.591571
17.02	28.54	40.04	48.27	3.53	2.07	39.723838	34.213075	36.919755	0.591575
17.03	28.54	40.04	48.27	3.53	2.07	39.727047	34.216244	36.923036	0.591580
17.03	28.54	40.03	48.27	3.53	2.07	39.730249	34.219410	36.926312	0.591584
17.03	28.54	40.03	48.27	3.53	2.07	39.733447	34.222572	36.929584	0.591589
17.04	28.54	40.03	48.27	3.53	2.07	39.736639	34.225732	36.932852	0.591593
17.04	28.54	40.03	48.26	3.53	2.07	39.739825	34.228889	36.936116	0.591597
17.04	28.54	40.03	48.26	3.53	2.07	39.743006	34.232043	36.939375	0.591602
17.04	28.54	40.02	48.26	3.53	2.07	39.746181	34.235194	36.942630	0.591606
17.05	28.54	40.02	48.26	3.53	2.07	39.749350	34.238342	36.945881	0.591610
17.05	28.54	40.02	48.26	3.53	2.07	39.752515	34.241487	36.949128	0.591615
17.05	28.54	40.02	48.26	3.53	2.07	39.755673	34.244630	36.952370	0.591619
17.06	28.54	40.02	48.26	3.53	2.07	39.758826	34.247769	36.955609	0.591623
17.06	28.54	40.01	48.26	3.53	2.07	39.761973	34.250905	36.958843	0.591628
17.06	28.54	40.01	48.26	3.53	2.07	39.765115	34.254039	36.962072	0.591632
17.06	28.54	40.01	48.26	3.53	2.07	39.768251	34.257169	36.965298	0.591636
17.07	28.54	40.01	48.25	3.53	2.07	39.771382	34.260297	36.968519	0.591640
17.07	28.54	40.01	48.25	3.53	2.07	39.774507	34.263421	36.971736	0.591644
17.07	28.54	40.00	48.25	3.53	2.07	39.777627	34.266543	36.974949	0.591649
17.07	28.54	40.00	48.25	3.53	2.07	39.780741	34.269662	36.978158	0.591653
17.08	28.54	40.00	48.25	3.53	2.07	39.783850	34.272778	36.981362	0.591657
17.08	28.54	40.00	48.25	3.53	2.07	39.786952	34.275890	36.984562	0.591661
17.08	28.54	40.00	48.25	3.53	2.07	39.790050	34.279000	36.987758	0.591665
17.09	28.54	39.99	48.25	3.53	2.07	39.793142	34.282107	36.990949	0.591669
17.09	28.54	39.99	48.25	3.53	2.07	39.796228	34.285211	36.994137	0.591673
17.09	28.54	39.99	48.24	3.53	2.07	39.799309	34.288312	36.997320	0.591677
17.09	28.54	39.99	48.24	3.53	2.07	39.802384	34.291410	37.000499	0.591681
17.10	28.54	39.99	48.24	3.53	2.07	39.805453	34.294505	37.003673	0.591686
17.10	28.54	39.98	48.24	3.53	2.07	39.808517	34.297597	37.006843	0.591690
17.10	28.54	39.98	48.24	3.53	2.07	39.811576	34.300687	37.010010	0.591694
17.11	28.54	39.98	48.24	3.53	2.07	39.814628	34.303773	37.013171	0.591698
17.11	28.54	39.98	48.24	3.53	2.07	39.817676	34.306856	37.016329	0.591701
17.11	28.54	39.98	48.24	3.53	2.07	39.820717	34.309936	37.019482	0.591705
17.11	28.54	39.97	48.23	3.53	2.07	39.823754	34.313014	37.022631	0.591709
17.12	28.54	39.97	48.23	3.53	2.07	39.826784	34.316088	37.025776	0.591713
17.12	28.54	39.97	48.23	3.54	2.07	39.829809	34.319159	37.028916	0.591717
17.12	28.54	39.97	48.23	3.54	2.07	39.832829	34.322228	37.032053	0.591721
17.12	28.54	39.96	48.23	3.54	2.07	39.835842	34.325293	37.035185	0.591725
17.13	28.54	39.96	48.23	3.54	2.07	39.838851	34.328356	37.038312	0.591729
17.13	28.54	39.96	48.23	3.54	2.07	39.841853	34.331415	37.041436	0.591733
17.13	28.54	39.96	48.23	3.54	2.07	39.844851	34.334472	37.044555	0.591737
17.14	28.54	39.96	48.22	3.54	2.07	39.847842	34.337525	37.047670	0.591740
17.14	28.54	39.95	48.22	3.54	2.07	39.850828	34.340576	37.050781	0.591744
17.14	28.54	39.95	48.22	3.54	2.07	39.853809	34.343623	37.053887	0.591748
17.14	28.54	39.95	48.22	3.54	2.07	39.856783	34.346668	37.056989	0.591752
17.15	28.54	39.95	48.22	3.54	2.07	39.859753	34.349710	37.060087	0.591755
17.15	28.54	39.95	48.22	3.54	2.07	39.862716	34.352748	37.063180	0.591759
17.15	28.54	39.94	48.22	3.54	2.07	39.865675	34.355784	37.066270	0.591763
17.16	28.54	39.94	48.22	3.54	2.07	39.868627	34.358816	37.069355	0.591767
17.16	28.54	39.94	48.21	3.54	2.07	39.871574	34.361846	37.072436	0.591770
17.16	28.54	39.94	48.21	3.54	2.07	39.874515	34.364873	37.075512	0.591774
17.16	28.54	39.93	48.21	3.54	2.07	39.877451	34.367896	37.078584	0.591778
17.17	28.54	39.93	48.21	3.54	2.07	39.880381	34.370917	37.081652	0.591781
17.17	28.54	39.93	48.21	3.54	2.07	39.883306	34.373935	37.084716	0.591785
17.17	28.54	39.93	48.21	3.54	2.07	39.886225	34.376949	37.087775	0.591788
17.18	28.54	39.93	48.21	3.54	2.07	39.889139	34.379961	37.090830	0.591792
17.18	28.54	39.92	48.20	3.54	2.07	39.892047	34.382970	37.093881	0.591796
17.18	28.54	39.92	48.20	3.54	2.07	39.894949	34.385976	37.096927	0.591799
17.18	28.54	39.92	48.20	3.54	2.07	39.897846	34.388978	37.099970	0.591803
17.19	28.54	39.92	48.20	3.54	2.07	39.900737	34.391978	37.103008	0.591806
17.19	28.54	39.91	48.20	3.54	2.07	39.903622	34.394975	37.106041	0.591810
17.19	28.54	39.91	48.20	3.54	2.07	39.906502	34.397968	37.109071	0.591813
17.19	28.54	39.91	48.20	3.54	2.07	39.909377	34.400959	37.112096	0.591817
17.20	28.54	39.91	48.19	3.54	2.07	39.912246	34.403947	37.115116	0.591820
17.20	28.54	39.90	48.19	3.54	2.07	39.915109	34.406931	37.118133	0.591824
17.20	28.54	39.90	48.19	3.54	2.07	39.917966	34.409913	37.121145	0.591827
17.21	28.54	39.90	48.19	3.54	2.07	39.920818	34.412891	37.124153	0.591830
17.21	28.54	39.90	48.19	3.54	2.07	39.923665	34.415867	37.127157	0.591834
17.21	28.54	39.90	48.19	3.54	2.07	39.926506	34.418840	37.130156	0.591837
17.21	28.54	39.89	48.18	3.54	2.07	39.929341	34.421809	37.133151	0.591841
17.22	28.54	39.89	48.18	3.54	2.07	39.932171	34.424776	37.136142	0.591844
17.22	28.54	39.89	48.18	3.54	2.07	39.934995	34.427739	37.139128	0.591847
17.22	28.54	39.89	48.18	3.54	2.07	39.937813	34.430700	37.142110	0.591851
17.23	28.54	39.88	48.18	3.54	2.07	39.940626	34.433657	37.145088	0.591854
17.23	28.54	39.88	48.18	3.54	2.07	39.943434	34.436612	37.148062	0.591857
17.23	28.54	39.88	48.17	3.54	2.07	39.946235	34.439563	37.151031	0.591860
17.23	28.54	39.88	48.17	3.54	2.07	39.949031	34.442512	37.153996	0.591864
17.24	28.54	39.87	48.17	3.54	2.07	39.951822	34.445457	37.156956	0.591867
17.24	28.54	39.87	48.17	3.54	2.07	39.954607	34.448399	37.159913	0.591870
17.24	28.54	39.87	48.17	3.54	2.07	39.957386	34.451339	37.162865	0.591873
17.24	28.54	39.87	48.17	3.54	2.07	39.960160	34.454275	37.165812	0.591876
17.25	28.54	39.87	48.17	3.54	2.07	39.962928	34.457208	37.168756	0.591880
17.25	28.54	39.86	48.16	3.54	2.07	39.965691	34.460138	37.171695	0.591883
17.25	28.54	39.86	48.16	3.54	2.07	39.968448	34.463065	37.174630	0.591886
17.26	28.54	39.86	48.16	3.54	2.07	39.971199	34.465990	37.177560	0.591889
17.26	28.54	39.86	48.16	3.54	2.07	39.973945	34.468911	37.180486	0.591892
17.26	28.54	39.85	48.16	3.54	2.07	39.976685	34.471829	37.183408	0.591895
17.26	28.54	39.85	48.15	3.54	2.07	39.979419	34.474744	37.186326	0.591898
17.27	28.54	39.85	48.15	3.54	2.07	39.982148	34.477656	37.189239	0.591901
17.27	28.54	39.85	48.15	3.54	2.07	39.984872	34.480565	37.192148	0.591904
17.27	28.54	39.84	48.15	3.54	2.07	39.987589	34.483471	37.195052	0.591907
17.27	28.54	39.84	48.15	3.54	2.07	39.990301	34.486373	37.197953	0.591910
17.28	28.54	39.84	48.15	3.54	2.07	39.993008	34.489273	37.200849	0.591913
17.28	28.54	39.84	48.14	3.54	2.07	39.995709	34.492170	37.203740	0.591916
17.28	28.54	39.83	48.14	3.54	2.07	39.998404	34.495064	37.206627	0.591919
17.29	28.54	39.83	48.14	3.54	2.07	40.001094	34.497954	37.209510	0.591922
17.29	28.54	39.83	48.14	3.54	2.07	40.003778	34.500842	37.212389	0.591925
17.29	28.54	39.83	48.14	3.54	2.07	40.006457	34.503726	37.215263	0.591928
17.29	28.54	39.82	48.14	3.54	2.07	40.009129	34.506608	37.218133	0.591931
17.30	28.54	39.82	48.13	3.54	2.07	40.011797	34.509486	37.220999	0.591934
17.30	28.54	39.82	48.13	3.54	2.07	40.014458	34.512362	37.223860	0.591937
17.30	28.54	39.82	48.13	3.54	2.07	40.017114	34.515234	37.226718	0.591940
17.31	28.54	39.81	48.13	3.54	2.07	40.019765	34.518103	37.229570	0.591942
17.31	28.54	39.81	48.13	3.54	2.07	40.022410	34.520969	37.232419	0.591945
17.31	28.54	39.81	48.12	3.54	2.07	40.025049	34.523832	37.235263	0.591948
17.31	28.54	39.81	48.12	3.54	2.07	40.027683	34.526693	37.238102	0.591951
17.32	28.54	39.80	48.12	3.54	2.07	40.030311	34.529550	37.240938	0.591954
17.32	28.54	39.80	48.12	3.54	2.07	40.032933	34.532403	37.243769	0.591956
17.32	28.54	39.80	48.12	3.54	2.07	40.035550	34.535254	37.246596	0.591959
17.32	28.54	39.80	48.11	3.54	2.07	40.038161	34.538102	37.249418	0.591962
17.33	28.54	39.79	48.11	3.54	2.07	40.040766	34.540947	37.252236	0.591965
17.33	28.54	39.79	48.11	3.54	2.07	40.043366	34.543788	37.255050	0.591967
17.33	28.54	39.79	48.11	3.54	2.07	40.045961	34.546627	37.257859	0.591970
17.34	28.54	39.79	48.11	3.54	2.07	40.048549	34.549462	37.260664	0.591973
17.34	28.54	39.78	48.10	3.54	2.07	40.051132	34.552295	37.263465	0.591975
17.34	28.54	39.78	48.10	3.54	2.07	40.053710	34.555124	37.266261	0.591978
17.34	28.54	39.78	48.10	3.54	2.07	40.056282	34.557950	37.269053	0.591980
17.35	28.54	39.78	48.10	3.54	2.07	40.058848	34.560774	37.271841	0.591983
17.35	28.54	39.77	48.10	3.54	2.07	40.061408	34.563594	37.274624	0.591986
17.35	28.54	39.77	48.09	3.54	2.07	40.063963	34.566411	37.277403	0.591988
17.36	28.54	39.77	48.09	3.54	2.07	40.066513	34.569225	37.280178	0.591991
17.36	28.54	39.77	48.09	3.54	2.07	40.069056	34.572035	37.282948	0.591993
17.36	28.54	39.76	48.09	3.54	2.07	40.071595	34.574843	37.285714	0.591996
17.36	28.54	39.76	48.09	3.54	2.07	40.074127	34.577648	37.288476	0.591998
17.37	28.54	39.76	48.08	3.54	2.07	40.076654	34.580449	37.291233	0.592001
17.37	28.54	39.76	48.08	3.54	2.07	40.079175	34.583248	37.293986	0.592003
17.37	28.54	39.75	48.08	3.54	2.07	40.081691	34.586043	37.296734	0.592006
17.38	28.54	39.75	48.08	3.54	2.07	40.084201	34.588836	37.299478	0.592008
17.38	28.54	39.75	48.08	3.54	2.07	40.086705	34.591625	37.302218	0.592010
17.38	28.54	39.75	48.07	3.54	2.07	40.089204	34.594411	37.304954	0.592013
17.38	28.54	39.74	48.07	3.54	2.07	40.091697	34.597194	37.307685	0.592015
17.39	28.54	39.74	48.07	3.54	2.07	40.094184	34.599974	37.310412	0.592018
17.39	28.54	39.74	48.07	3.54	2.07	40.096666	34.602751	37.313134	0.592020
17.39	28.54	39.74	48.07	3.54	2.07	40.099142	34.605524	37.315852	0.592022
17.39	28.54	39.73	48.06	3.54	2.07	40.101613	34.608295	37.318566	0.592025
17.40	28.54	39.73	48.06	3.54	2.07	40.104078	34.611062	37.321275	0.592027
17.40	28.54	39.73	48.06	3.54	2.07	40.106537	34.613827	37.323980	0.592029
17.40	28.54	39.73	48.06	3.54	2.07	40.108991	34.616588	37.326681	0.592031
17.41	28.54	39.72	48.06	3.54	2.07	40.111439	34.619346	37.329377	0.592034
17.41	28.54	39.72	48.05	3.55	2.07	40.113881	34.622101	37.332069	0.592036
17.41	28.54	39.72	48.05	3.55	2.07	40.116318	34.624853	37.334756	0.592038
17.41	28.54	39.71	48.05	3.55	2.07	40.118749	34.627602	37.337440	0.592040
17.42	28.54	39.71	48.05	3.55	2.07	40.121175	34.630348	37.340118	0.592043
17.42	28.54	39.71	48.04	3.55	2.07	40.123595	34.633091	37.342793	0.592045
17.42	28.54	39.71	48.04	3.55	2.07	40.126009	34.635830	37.345463	0.592047
17.43	28.54	39.70	48.04	3.55	2.07	40.128418	34.638567	37.348128	0.592049
17.43	28.54	39.70	48.04	3.55	2.07	40.130821	34.641300	37.350790	0.592051
17.43	28.54	39.70	48.03	3.55	2.07	40.133218	34.644030	37.353447	0.592053
17.43	28.54	39.70	48.03	3.55	2.07	40.135610	34.646757	37.356099	0.592055
17.44	28.54	39.69	48.03	3.55	2.07	40.137996	34.649481	37.358748	0.592057
17.44	28.54	39.69	48.03	3.55	2.07	40.140376	34.652202	37.361391	0.592059
17.44	28.54	39.69	48.03	3.55	2.07	40.142751	34.654920	37.364031	0.592062
17.44	28.54	39.68	48.02	3.55	2.07	40.145120	34.657634	37.366666	0.592064
17.45	28.54	39.68	48.02	3.55	2.07	40.147484	34.660346	37.369297	0.592066
17.45	28.54	39.68	48.02	3.55	2.07	40.149841	34.663054	37.371923	0.592068
17.45	28.54	39.68	48.02	3.55	2.07	40.152194	34.665759	37.374545	0.592070
17.46	28.54	39.67	48.01	3.55	2.07	40.154540	34.668461	37.377163	0.592072
17.46	28.54	39.67	48.01	3.55	2.07	40.156881	34.671160	37.379776	0.592073
17.46	28.54	39.67	48.01	3.55	2.07	40.159216	34.673856	37.382385	0.592075
17.46	28.54	39.67	48.01	3.55	2.07	40.161546	34.676549	37.384989	0.592077
17.47	28.54	39.66	48.00	3.55	2.07	40.163870	34.679238	37.387589	0.592079
17.47	28.54	39.66	48.00	3.55	2.07	40.166188	34.681925	37.390185	0.592081
17.47	28.54	39.66	48.00	3.55	2.07	40.168501	34.684608	37.392776	0.592083
17.48	28.54	39.65	48.00	3.55	2.07	40.170808	34.687288	37.395363	0.592085
17.48	28.54	39.65	47.99	3.55	2.07	40.173110	34.689965	37.397945	0.592087
17.48	28.54	39.65	47.99	3.55	2.07	40.175405	34.692639	37.400524	0.592088
17.48	28.54	39.65	47.99	3.55	2.07	40.177695	34.695310	37.403097	0.592090
17.49	28.54	39.64	47.99	3.55	2.07	40.179980	34.697977	37.405667	0.592092
17.49	28.54	39.64	47.99	3.55	2.07	40.182259	34.700642	37.408232	0.592094
17.49	28.54	39.64	47.98	3.55	2.07	40.184532	34.703303	37.410792	0.592096
17.49	28.54	39.64	47.98	3.55	2.07	40.186799	34.705961	37.413348	0.592097
17.50	28.54	39.63	47.98	3.55	2.07	40.189061	34.708616	37.415900	0.592099
17.50	28.54	39.63	47.98	3.55	2.07	40.191317	34.711268	37.418448	0.592101
17.50	28.54	39.63	47.97	3.55	2.07	40.193568	34.713917	37.420991	0.592102
17.51	28.54	39.62	47.97	3.55	2.07	40.195813	34.716563	37.423529	0.592104
17.51	28.54	39.62	47.97	3.55	2.07	40.198052	34.719205	37.426063	0.592106
17.51	28.54	39.62	47.97	3.55	2.07	40.200286	34.721844	37.428593	0.592107
17.51	28.54	39.62	47.96	3.55	2.07	40.202514	34.724481	37.431119	0.592109
17.52	28.54	39.61	47.96	3.55	2.07	40.204736	34.727114	37.433640	0.592111
17.52	28.54	39.61	47.96	3.55	2.07	40.206953	34.729743	37.436156	0.592112
17.52	28.54	39.61	47.96	3.55	2.07	40.209164	34.732370	37.438669	0.592114
17.52	28.54	39.60	47.95	3.55	2.07	40.211369	34.734994	37.441176	0.592115
17.53	28.54	39.60	47.95	3.55	2.07	40.213569	34.737614	37.443680	0.592117
17.53	28.54	39.60	47.95	3.55	2.07	40.215763	34.740231	37.446179	0.592118
17.53	28.54	39.60	47.94	3.55	2.07	40.217951	34.742845	37.448674	0.592120
17.54	28.54	39.59	47.94	3.55	2.07	40.220134	34.745456	37.451164	0.592121
17.54	28.54	39.59	47.94	3.55	2.07	40.222311	34.748064	37.453650	0.592123
17.54	28.54	39.59	47.94	3.55	2.07	40.224482	34.750668	37.456131	0.592124
17.54	28.54	39.58	47.93	3.55	2.07	40.226648	34.753270	37.458608	0.592126
17.55	28.54	39.58	47.93	3.55	2.07	40.228808	34.755868	37.461081	0.592127
17.55	28.54	39.58	47.93	3.55	2.07	40.230962	34.758463	37.463549	0.592129
17.55	28.54	39.57	47.93	3.55	2.07	40.233111	34.761055	37.466013	0.592130
17.56	28.54	39.57	47.92	3.55	2.07	40.235254	34.763644	37.468472	0.592132
17.56	28.54	39.57	47.92	3.55	2.07	40.237391	34.766229	37.470927	0.592133
17.56	28.54	39.57	47.92	3.55	2.07	40.239523	34.768812	37.473377	0.592134
17.56	28.54	39.56	47.92	3.55	2.07	40.241649	34.771391	37.475824	0.592136
17.57	28.54	39.56	47.91	3.55	2.07	40.243769	34.773967	37.478265	0.592137
17.57	28.54	39.56	47.91	3.55	2.07	40.245884	34.776540	37.480703	0.592138
17.57	28.54	39.55	47.91	3.55	2.07	40.247993	34.779109	37.483136	0.592140
17.57	28.54	39.55	47.90	3.55	2.07	40.250096	34.781676	37.485564	0.592141
17.58	28.54	39.55	47.90	3.55	2.07	40.252194	34.784239	37.487988	0.592142
17.58	28.54	39.55	47.90	3.55	2.07	40.254286	34.786800	37.490408	0.592143
17.58	28.54	39.54	47.90	3.55	2.07	40.256373	34.789356	37.492823	0.592144
17.59	28.54	39.54	47.89	3.55	2.07	40.258453	34.791910	37.495234	0.592146
17.59	28.54	39.54	47.89	3.55	2.07	40.260528	34.794461	37.497640	0.592147
17.59	28.54	39.53	47.89	3.55	2.07	40.262598	34.797008	37.500042	0.592148
17.59	28.54	39.53	47.89	3.55	2.07	40.264661	34.799553	37.502440	0.592149
17.60	28.54	39.53	47.88	3.55	2.07	40.266719	34.802094	37.504833	0.592150
17.60	28.54	39.52	47.88	3.55	2.07	40.268772	34.804632	37.507221	0.592152
17.60	28.54	39.52	47.88	3.55	2.07	40.270818	34.807166	37.509606	0.592153
17.61	28.54	39.52	47.87	3.55	2.07	40.272859	34.809698	37.511986	0.592154
17.61	28.54	39.52	47.87	3.55	2.07	40.274895	34.812226	37.514361	0.592155
17.61	28.54	39.51	47.87	3.55	2.07	40.276924	34.814751	37.516732	0.592156
17.61	28.54	39.51	47.87	3.55	2.07	40.278948	34.817273	37.519099	0.592157
17.62	28.54	39.51	47.86	3.55	2.07	40.280967	34.819792	37.521461	0.592158
17.62	28.54	39.50	47.86	3.55	2.07	40.282979	34.822308	37.523818	0.592159
17.62	28.54	39.50	47.86	3.55	2.07	40.284986	34.824820	37.526172	0.592160
17.62	28.54	39.50	47.85	3.55	2.07	40.286988	34.827329	37.528521	0.592161
17.63	28.54	39.49	47.85	3.55	2.07	40.288983	34.829835	37.530865	0.592162
17.63	28.54	39.49	47.85	3.55	2.07	40.290973	34.832338	37.533205	0.592163
17.63	28.54	39.49	47.84	3.55	2.07	40.292957	34.834837	37.535541	0.592164
17.64	28.54	39.49	47.84	3.55	2.07	40.294936	34.837334	37.537872	0.592165
17.64	28.54	39.48	47.84	3.55	2.07	40.296909	34.839827	37.540198	0.592166
17.64	28.54	39.48	47.84	3.55	2.07	40.298876	34.842317	37.542521	0.592166
17.64	28.54	39.48	47.83	3.55	2.07	40.300838	34.844804	37.544838	0.592167
17.65	28.54	39.47	47.83	3.55	2.07	40.302793	34.847287	37.547152	0.592168
17.65	28.54	39.47	47.83	3.55	2.07	40.304744	34.849768	37.549461	0.592169
17.65	28.54	39.47	47.82	3.55	2.07	40.306688	34.852245	37.551765	0.592170
17.66	28.54	39.46	47.82	3.55	2.07	40.308627	34.854719	37.554065	0.592171
17.66	28.54	39.46	47.82	3.55	2.07	40.310560	34.857190	37.556361	0.592171
17.66	28.54	39.46	47.82	3.55	2.07	40.312487	34.859657	37.558652	0.592172
17.66	28.54	39.45	47.81	3.55	2.07	40.314409	34.862122	37.560939	0.592173
17.67	28.54	39.45	47.81	3.55	2.07	40.316325	34.864583	37.563221	0.592174
17.67	28.54	39.45	47.81	3.55	2.07	40.318236	34.867041	37.565499	0.592174
17.67	28.54	39.44	47.80	3.55	2.07	40.320140	34.869495	37.567772	0.592175
17.68	28.54	39.44	47.80	3.55	2.07	40.322039	34.871947	37.570041	0.592176
17.68	28.54	39.44	47.80	3.55	2.07	40.323933	34.874395	37.572306	0.592177
17.68	28.54	39.44	47.79	3.55	2.07	40.325820	34.876840	37.574566	0.592177
17.68	28.54	39.43	47.79	3.55	2.07	40.327702	34.879282	37.576822	0.592178
17.69	28.54	39.43	47.79	3.55	2.07	40.329578	34.881721	37.579073	0.592178
17.69	28.54	39.43	47.78	3.55	2.07	40.331449	34.884156	37.581320	0.592179
17.69	28.54	39.42	47.78	3.55	2.07	40.333314	34.886588	37.583562	0.592180
17.69	28.54	39.42	47.78	3.55	2.07	40.335173	34.889017	37.585800	0.592180
17.70	28.54	39.42	47.78	3.55	2.07	40.337026	34.891443	37.588033	0.592181
17.70	28.54	39.41	47.77	3.55	2.07	40.338874	34.893865	37.590262	0.592181
17.70	28.54	39.41	47.77	3.55	2.07	40.340716	34.896285	37.592486	0.592182
17.71	28.54	39.41	47.77	3.55	2.07	40.342553	34.898701	37.594706	0.592182
17.71	28.54	39.40	47.76	3.55	2.07	40.344384	34.901114	37.596922	0.592183
17.71	28.54	39.40	47.76	3.55	2.07	40.346209	34.903523	37.599133	0.592183
17.71	28.54	39.40	47.76	3.55	2.07	40.348028	34.905930	37.601340	0.592184
17.72	28.54	39.39	47.75	3.55	2.07	40.349842	34.908333	37.603542	0.592184
17.72	28.54	39.39	47.75	3.55	2.07	40.351650	34.910733	37.605740	0.592185
17.72	28.54	39.39	47.75	3.55	2.07	40.353452	34.913129	37.607933	0.592185
17.73	28.54	39.38	47.74	3.55	2.07	40.355248	34.915523	37.610122	0.592186
17.73	28.54	39.38	47.74	3.55	2.06	40.357039	34.917913	37.612306	0.592186
17.73	28.54	39.38	47.74	3.55	2.06	40.358824	34.920300	37.614486	0.592186
17.73	28.54	39.37	47.73	3.55	2.06	40.360604	34.922684	37.616662	0.592187
17.74	28.54	39.37	47.73	3.55	2.06	40.362378	34.925064	37.618833	0.592187
17.74	28.54	39.37	47.73	3.55	2.06	40.364146	34.927442	37.620999	0.592187
17.74	28.54	39.36	47.72	3.55	2.06	40.365908	34.929816	37.623161	0.592188
17.74	28.54	39.36	47.72	3.55	2.06	40.367665	34.932187	37.625319	0.592188
17.75	28.54	39.36	47.72	3.55	2.06	40.369416	34.934554	37.627472	0.592188
17.75	28.54	39.36	47.71	3.55	2.06	40.371161	34.936919	37.629621	0.592188
17.75	28.54	39.35	47.71	3.55	2.06	40.372901	34.939280	37.631765	0.592189
17.76	28.54	39.35	47.71	3.55	2.06	40.374634	34.941637	37.633904	0.592189
17.76	28.54	39.35	47.70	3.56	2.06	40.376363	34.943992	37.636040	0.592189
17.76	28.54	39.34	47.70	3.56	2.06	40.378085	34.946343	37.638171	0.592189
17.76	28.54	39.34	47.70	3.56	2.06	40.379802	34.948692	37.640297	0.592189
17.77	28.54	39.34	47.69	3.56	2.06	40.381513	34.951036	37.642419	0.592190
17.77	28.54	39.33	47.69	3.56	2.06	40.383218	34.953378	37.644536	0.592190
17.77	28.54	39.33	47.69	3.56	2.06	40.384918	34.955717	37.646649	0.592190
17.77	28.54	39.33	47.68	3.56	2.06	40.386612	34.958052	37.648757	0.592190
17.78	28.54	39.32	47.68	3.56	2.06	40.388300	34.960384	37.650861	0.592190
17.78	28.54	39.32	47.68	3.56	2.06	40.389983	34.962712	37.652961	0.592190
17.78	28.54	39.32	47.67	3.56	2.06	40.391660	34.965038	37.655056	0.592190
17.79	28.54	39.31	47.67	3.56	2.06	40.393331	34.967360	37.657146	0.592190
17.79	28.54	39.31	47.67	3.56	2.06	40.394996	34.969679	37.659233	0.592190
17.79	28.54	39.31	47.66	3.56	2.06	40.396656	34.971994	37.661314	0.592190
17.79	28.54	39.30	47.66	3.56	2.06	40.398310	34.974307	37.663391	0.592190
17.80	28.54	39.30	47.66	3.56	2.06	40.399958	34.976616	37.665464	0.592190
17.80	28.54	39.30	47.65	3.56	2.06	40.401601	34.978921	37.667532	0.592190
17.80	28.54	39.29	47.65	3.56	2.06	40.403238	34.981224	37.669596	0.592190
17.81	28.54	39.29	47.65	3.56	2.06	40.404869	34.983523	37.671655	0.592190
17.81	28.54	39.29	47.64	3.56	2.06	40.406494	34.985819	37.673710	0.592190
17.81	28.54	39.28	47.64	3.56	2.06	40.408114	34.988112	37.675760	0.592190
17.81	28.54	39.28	47.64	3.56	2.06	40.409728	34.990402	37.677806	0.592190
17.82	28.54	39.28	47.63	3.56	2.06	40.411336	34.992688	37.679847	0.592190
17.82	28.54	39.27	47.63	3.56	2.06	40.412939	34.994971	37.681884	0.592190
17.82	28.54	39.27	47.62	3.56	2.06	40.414536	34.997251	37.683916	0.592189
17.82	28.54	39.27	47.62	3.56	2.06	40.416127	34.999527	37.685944	0.592189
17.83	28.54	39.26	47.62	3.56	2.06	40.417713	35.001801	37.687967	0.592189
17.83	28.54	39.26	47.61	3.56	2.06	40.419292	35.004071	37.689986	0.592189
17.83	28.54	39.25	47.61	3.56	2.06	40.420866	35.006337	37.692000	0.592189
17.84	28.54	39.25	47.61	3.56	2.06	40.422435	35.008601	37.694010	0.592188
17.84	28.54	39.25	47.60	3.56	2.06	40.423997	35.010861	37.696016	0.592188
17.84	28.54	39.24	47.60	3.56	2.06	40.425554	35.013118	37.698016	0.592188
17.84	28.54	39.24	47.60	3.56	2.06	40.427106	35.015371	37.700013	0.592187
17.85	28.54	39.24	47.59	3.56	2.06	40.428651	35.017622	37.702005	0.592187
17.85	28.54	39.23	47.59	3.56	2.06	40.430191	35.019869	37.703992	0.592187
17.85	28.54	39.23	47.59	3.56	2.06	40.431725	35.022112	37.705975	0.592187
17.86	28.54	39.23	47.58	3.56	2.06	40.433253	35.024353	37.707953	0.592186
17.86	28.54	39.22	47.58	3.56	2.06	40.434776	35.026590	37.709927	0.592186
17.86	28.54	39.22	47.57	3.56	2.06	40.436293	35.028824	37.711897	0.592185
17.86	28.54	39.22	47.57	3.56	2.06	40.437804	35.031055	37.713862	0.592185
17.87	28.54	39.21	47.57	3.56	2.06	40.439309	35.033282	37.715822	0.592185
17.87	28.54	39.21	47.56	3.56	2.06	40.440809	35.035506	37.717778	0.592184
17.87	28.54	39.21	47.56	3.56	2.06	40.442303	35.037727	37.719730	0.592184
17.88	28.54	39.20	47.56	3.56	2.06	40.443791	35.039945	37.721677	0.592183
17.88	28.54	39.20	47.55	3.56	2.06	40.445274	35.042159	37.723619	0.592183
17.88	28.54	39.20	47.55	3.56	2.06	40.446751	35.044370	37.725557	0.592182
17.88	28.54	39.19	47.54	3.56	2.06	40.448222	35.046578	37.727491	0.592182
17.89	28.54	39.19	47.54	3.56	2.06	40.449687	35.048782	37.729420	0.592181
17.89	28.54	39.19	47.54	3.56	2.06	40.451147	35.050983	37.731344	0.592181
17.89	28.54	39.18	47.53	3.56	2.06	40.452601	35.053181	37.733264	0.592180
17.89	28.54	39.18	47.53	3.56	2.06	40.454049	35.055376	37.735179	0.592179
17.90	28.54	39.17	47.53	3.56	2.06	40.455492	35.057567	37.737090	0.592179
17.90	28.54	39.17	47.52	3.56	2.06	40.456929	35.059755	37.738997	0.592178
17.90	28.54	39.17	47.52	3.56	2.06	40.458360	35.061939	37.740899	0.592178
17.91	28.54	39.16	47.51	3.56	2.06	40.459785	35.064121	37.742796	0.592177
17.91	28.54	39.16	47.51	3.56	2.06	40.461205	35.066299	37.744689	0.592176
17.91	28.54	39.16	47.51	3.56	2.06	40.462619	35.068474	37.746578	0.592175
17.91	28.54	39.15	47.50	3.56	2.06	40.464027	35.070645	37.748461	0.592175
17.92	28.54	39.15	47.50	3.56	2.06	40.465429	35.072813	37.750341	0.592174
17.92	28.54	39.15	47.50	3.56	2.06	40.466826	35.074978	37.752216	0.592173
17.92	28.54	39.14	47.49	3.56	2.06	40.468217	35.077140	37.754086	0.592173
17.93	28.54	39.14	47.49	3.56	2.06	40.469602	35.079298	37.755952	0.592172
17.93	28.54	39.14	47.48	3.56	2.06	40.470982	35.081453	37.757813	0.592171
17.93	28.54	39.13	47.48	3.56	2.06	40.472355	35.083605	37.759670	0.592170
17.93	28.54	39.13	47.48	3.56	2.06	40.473724	35.085753	37.761523	0.592169
17.94	28.54	39.13	47.47	3.56	2.06	40.475086	35.087899	37.763371	0.592169
17.94	28.54	39.12	47.47	3.56	2.06	40.476442	35.090040	37.765214	0.592168
17.94	28.54	39.12	47.46	3.56	2.06	40.477793	35.092179	37.767053	0.592167
17.94	28.54	39.11	47.46	3.56	2.06	40.479139	35.094314	37.768887	0.592166
17.95	28.54	39.11	47.46	3.56	2.06	40.480478	35.096446	37.770717	0.592165
17.95	28.54	39.11	47.45	3.56	2.06	40.481812	35.098575	37.772542	0.592164
17.95	28.54	39.10	47.45	3.56	2.06	40.483140	35.100700	37.774363	0.592163
17.96	28.54	39.10	47.44	3.56	2.06	40.484462	35.102822	37.776179	0.592162
17.96	28.54	39.10	47.44	3.56	2.06	40.485778	35.104941	37.777991	0.592161
17.96	28.54	39.09	47.44	3.56	2.06	40.487089	35.107056	37.779798	0.592160
17.96	28.54	39.09	47.43	3.56	2.06	40.488394	35.109168	37.781601	0.592159
17.97	28.54	39.09	47.43	3.56	2.06	40.489693	35.111277	37.783399	0.592158
17.97	28.54	39.08	47.42	3.56	2.06	40.490987	35.113382	37.785192	0.592157
17.97	28.54	39.08	47.42	3.56	2.06	40.492275	35.115484	37.786982	0.592156
17.98	28.54	39.07	47.42	3.56	2.06	40.493557	35.117583	37.788766	0.592155
17.98	28.54	39.07	47.41	3.56	2.06	40.494833	35.119679	37.790546	0.592154
17.98	28.54	39.07	47.41	3.56	2.06	40.496104	35.121771	37.792322	0.592153
17.98	28.54	39.06	47.40	3.56	2.06	40.497369	35.123860	37.794093	0.592152
17.99	28.54	39.06	47.40	3.56	2.06	40.498628	35.125945	37.795859	0.592151
17.99	28.54	39.06	47.40	3.56	2.06	40.499881	35.128027	37.797621	0.592150
17.99	28.54	39.05	47.39	3.56	2.06	40.501129	35.130106	37.799379	0.592148
17.99	28.54	39.05	47.39	3.56	2.06	40.502371	35.132182	37.801132	0.592147
18.00	28.54	39.04	47.38	3.56	2.06	40.503607	35.134254	37.802880	0.592146
18.00	28.54	39.04	47.38	3.56	2.06	40.504838	35.136323	37.804624	0.592145
18.00	28.54	39.04	47.38	3.56	2.06	40.506062	35.138389	37.806363	0.592144
18.01	28.54	39.03	47.37	3.56	2.06	40.507281	35.140451	37.808098	0.592142
18.01	28.54	39.03	47.37	3.56	2.06	40.508495	35.142510	37.809828	0.592141
18.01	28.54	39.03	47.36	3.56	2.06	40.509702	35.144566	37.811554	0.592140
18.01	28.54	39.02	47.36	3.56	2.06	40.510904	35.146618	37.813275	0.592139
18.02	28.54	39.02	47.35	3.56	2.06	40.512100	35.148667	37.814992	0.592137
18.02	28.54	39.02	47.35	3.56	2.06	40.513290	35.150713	37.816704	0.592136
18.02	28.54	39.01	47.35	3.56	2.06	40.514475	35.152755	37.818412	0.592135
18.02	28.54	39.01	47.34	3.56	2.06	40.515654	35.154794	37.820115	0.592133
18.03	28.54	39.00	47.34	3.56	2.06	40.516827	35.156830	37.821814	0.592132
18.03	28.54	39.00	47.33	3.56	2.06	40.517994	35.158862	37.823508	0.592130
18.03	28.54	39.00	47.33	3.56	2.06	40.519155	35.160891	37.825197	0.592129
18.04	28.54	38.99	47.33	3.56	2.06	40.520311	35.162917	37.826882	0.592128
18.04	28.54	38.99	47.32	3.56	2.06	40.521461	35.164939	37.828563	0.592126
18.04	28.54	38.99	47.32	3.56	2.06	40.522606	35.166958	37.830239	0.592125
18.04	28.54	38.98	47.31	3.56	2.06	40.523744	35.168974	37.831910	0.592123
18.05	28.54	38.98	47.31	3.56	2.06	40.524877	35.170986	37.833577	0.592122
18.05	28.54	38.97	47.30	3.56	2.06	40.526004	35.172995	37.835239	0.592120
18.05	28.54	38.97	47.30	3.56	2.06	40.527126	35.175001	37.836897	0.592119
18.06	28.54	38.97	47.30	3.56	2.06	40.528241	35.177004	37.838550	0.592117
18.06	28.54	38.96	47.29	3.56	2.06	40.529351	35.179003	37.840199	0.592116
18.06	28.54	38.96	47.29	3.56	2.06	40.530455	35.180998	37.841843	0.592114
18.06	28.54	38.95	47.28	3.56	2.06	40.531554	35.182991	37.843482	0.592113
18.07	28.54	38.95	47.28	3.56	2.06	40.532646	35.184980	37.845118	0.592111
18.07	28.54	38.95	47.27	3.56	2.06	40.533733	35.186965	37.846748	0.592109
18.07	28.54	38.94	47.27	3.56	2.06	40.534814	35.188948	37.848374	0.592108
18.07	28.54	38.94	47.27	3.56	2.06	40.535890	35.190927	37.849995	0.592106
18.08	28.54	38.94	47.26	3.56	2.06	40.536960	35.192902	37.851612	0.592104
18.08	28.54	38.93	47.26	3.56	2.06	40.538023	35.194875	37.853225	0.592103
18.08	28.54	38.93	47.25	3.56	2.05	40.539082	35.196844	37.854832	0.592101
18.09	28.54	38.92	47.25	3.56	2.05	40.540134	35.198809	37.856436	0.592099
18.09	28.54	38.92	47.24	3.56	2.05	40.541181	35.200771	37.858034	0.592098
18.09	28.54	38.92	47.24	3.56	2.05	40.542222	35.202730	37.859629	0.592096
18.09	28.54	38.91	47.23	3.56	2.05	40.543257	35.204686	37.861218	0.592094
18.10	28.54	38.91	47.23	3.56	2.05	40.544286	35.206638	37.862803	0.592092
18.10	28.54	38.90	47.23	3.56	2.05	40.545310	35.208587	37.864384	0.592090
18.10	28.54	38.90	47.22	3.56	2.05	40.546328	35.210533	37.865960	0.592089
18.11	28.54	38.90	47.22	3.56	2.05	40.547340	35.212475	37.867531	0.592087
18.11	28.54	38.89	47.21	3.56	2.05	40.548346	35.214414	37.869098	0.592085
18.11	28.54	38.89	47.21	3.56	2.05	40.549347	35.216349	37.870660	0.592083
18.11	28.54	38.89	47.20	3.56	2.05	40.550342	35.218281	37.872218	0.592081
18.12	28.54	38.88	47.20	3.56	2.05	40.551331	35.220210	37.873771	0.592079
18.12	28.54	38.88	47.19	3.56	2.05	40.552314	35.222135	37.875320	0.592077
18.12	28.54	38.87	47.19	3.56	2.05	40.553292	35.224057	37.876864	0.592075
18.12	28.54	38.87	47.19	3.56	2.05	40.554264	35.225976	37.878404	0.592073
18.13	28.54	38.87	47.18	3.56	2.05	40.555230	35.227891	37.879939	0.592071
18.13	28.54	38.86	47.18	3.56	2.05	40.556191	35.229803	37.881469	0.592069
18.13	28.54	38.86	47.17	3.56	2.05	40.557145	35.231712	37.882995	0.592067
18.14	28.54	38.85	47.17	3.56	2.05	40.558094	35.233617	37.884516	0.592065
18.14	28.54	38.85	47.16	3.56	2.05	40.559037	35.235519	37.886033	0.592063
18.14	28.54	38.85	47.16	3.56	2.05	40.559975	35.237418	37.887546	0.592061
18.14	28.54	38.84	47.15	3.56	2.05	40.560906	35.239313	37.889053	0.592059
18.15	28.54	38.84	47.15	3.56	2.05	40.561832	35.241205	37.890556	0.592057
18.15	28.54	38.83	47.14	3.56	2.05	40.562752	35.243093	37.892055	0.592055
18.15	28.54	38.83	47.14	3.56	2.05	40.563666	35.244978	37.893549	0.592053
18.16	28.54	38.83	47.14	3.56	2.05	40.564575	35.246860	37.895038	0.592051
18.16	28.54	38.82	47.13	3.56	2.05	40.565478	35.248738	37.896523	0.592049
18.16	28.54	38.82	47.13	3.56	2.05	40.566375	35.250613	37.898004	0.592047
18.16	28.54	38.81	47.12	3.56	2.05	40.567266	35.252485	37.899479	0.592044
18.17	28.54	38.81	47.12	3.56	2.05	40.568152	35.254353	37.900951	0.592042
18.17	28.54	38.81	47.11	3.56	2.05	40.569032	35.256218	37.902417	0.592040
18.17	28.54	38.80	47.11	3.56	2.05	40.569906	35.258080	37.903879	0.592038
18.18	28.54	38.80	47.10	3.56	2.05	40.570774	35.259938	37.905337	0.592035
18.18	28.54	38.79	47.10	3.56	2.05	40.571637	35.261793	37.906790	0.592033
18.18	28.54	38.79	47.09	3.56	2.05	40.572493	35.263644	37.908238	0.592031
18.18	28.54	38.79	47.09	3.56	2.05	40.573344	35.265492	37.909682	0.592029
18.19	28.54	38.78	47.08	3.56	2.05	40.574190	35.267337	37.911121	0.592026
18.19	28.54	38.78	47.08	3.56	2.05	40.575029	35.269178	37.912556	0.592024
18.19	28.54	38.77	47.07	3.56	2.05	40.575863	35.271016	37.913986	0.592022
18.19	28.54	38.77	47.07	3.56	2.05	40.576691	35.272851	37.915412	0.592019
18.20	28.54	38.77	47.07	3.56	2.05	40.577513	35.274682	37.916833	0.592017
18.20	28.54	38.76	47.06	3.56	2.05	40.578330	35.276510	37.918249	0.592015
18.20	28.54	38.76	47.06	3.56	2.05	40.579140	35.278334	37.919661	0.592012
18.21	28.54	38.75	47.05	3.56	2.05	40.579945	35.280155	37.921068	0.592010
18.21	28.54	38.75	47.05	3.56	2.05	40.580744	35.281973	37.922471	0.592007
18.21	28.54	38.75	47.04	3.56	2.05	40.581538	35.283787	37.923869	0.592005
18.21	28.54	38.74	47.04	3.56	2.05	40.582326	35.285598	37.925263	0.592002
18.22	28.54	38.74	47.03	3.56	2.05	40.583107	35.287406	37.926652	0.592000
18.22	28.54	38.73	47.03	3.56	2.05	40.583884	35.289210	37.928036	0.591997
18.22	28.54	38.73	47.02	3.56	2.05	40.584654	35.291011	37.929416	0.591995
18.23	28.54	38.73	47.02	3.56	2.05	40.585419	35.292808	37.930791	0.591992
18.23	28.54	38.72	47.01	3.56	2.05	40.586177	35.294602	37.932162	0.591990
18.23	28.54	38.72	47.01	3.56	2.05	40.586931	35.296393	37.933528	0.591987
18.23	28.54	38.71	47.00	3.56	2.05	40.587678	35.298180	37.934890	0.591984
18.24	28.54	38.71	47.00	3.56	2.05	40.588419	35.299964	37.936247	0.591982
18.24	28.54	38.71	46.99	3.56	2.05	40.589155	35.301744	37.937599	0.591979
18.24	28.54	38.70	46.99	3.56	2.05	40.589885	35.303521	37.938947	0.591977
18.24	28.54	38.70	46.98	3.56	2.05	40.590610	35.305295	37.940291	0.591974
18.25	28.54	38.69	46.98	3.56	2.05	40.591328	35.307065	37.941629	0.591971
18.25	28.54	38.69	46.97	3.57	2.05	40.592041	35.308832	37.942963	0.591969
18.25	28.54	38.68	46.97	3.57	2.05	40.592748	35.310596	37.944293	0.591966
18.26	28.54	38.68	46.96	3.57	2.05	40.593449	35.312356	37.945618	0.591963
18.26	28.54	38.68	46.96	3.57	2.05	40.594144	35.314113	37.946938	0.591960
18.26	28.54	38.67	46.95	3.57	2.05	40.594834	35.315866	37.948254	0.591958
18.26	28.54	38.67	46.95	3.57	2.05	40.595518	35.317616	37.949566	0.591955
18.27	28.54	38.66	46.94	3.57	2.05	40.596196	35.319363	37.950872	0.591952
18.27	28.54	38.66	46.94	3.57	2.05	40.596869	35.321106	37.952174	0.591949
18.27	28.54	38.66	46.93	3.57	2.05	40.597535	35.322846	37.953472	0.591946
18.27	28.54	38.65	46.93	3.57	2.05	40.598196	35.324582	37.954765	0.591944
18.28	28.54	38.65	46.92	3.57	2.05	40.598851	35.326315	37.956053	0.591941
18.28	28.54	38.64	46.92	3.57	2.05	40.599500	35.328045	37.957337	0.591938
18.28	28.54	38.64	46.91	3.57	2.05	40.600144	35.329771	37.958616	0.591935
18.29	28.54	38.63	46.91	3.57	2.05	40.600782	35.331494	37.959891	0.591932
18.29	28.54	38.63	46.90	3.57	2.05	40.601414	35.333213	37.961161	0.591929
18.29	28.54	38.63	46.90	3.57	2.05	40.602040	35.334929	37.962426	0.591926
18.29	28.54	38.62	46.89	3.57	2.05	40.602661	35.336642	37.963687	0.591923
18.30	28.54	38.62	46.89	3.57	2.05	40.603275	35.338351	37.964943	0.591920
18.30	28.54	38.61	46.88	3.57	2.05	40.603884	35.340057	37.966195	0.591917
18.30	28.54	38.61	46.88	3.57	2.05	40.604487	35.341760	37.967442	0.591914
18.31	28.54	38.61	46.87	3.57	2.05	40.605085	35.343459	37.968685	0.591911
18.31	28.54	38.60	46.87	3.57	2.05	40.605676	35.345154	37.969923	0.591908
18.31	28.54	38.60	46.86	3.57	2.05	40.606262	35.346847	37.971156	0.591905
18.31	28.54	38.59	46.86	3.57	2.05	40.606842	35.348535	37.972385	0.591902
18.32	28.54	38.59	46.85	3.57	2.05	40.607417	35.350221	37.973609	0.591899
18.32	28.54	38.58	46.85	3.57	2.05	40.607985	35.351903	37.974829	0.591896
18.32	28.54	38.58	46.84	3.57	2.05	40.608548	35.353581	37.976044	0.591893
18.32	28.54	38.58	46.84	3.57	2.05	40.609105	35.355257	37.977254	0.591889
18.33	28.54	38.57	46.83	3.57	2.05	40.609656	35.356928	37.978460	0.591886
18.33	28.54	38.57	46.83	3.57	2.05	40.610202	35.358597	37.979661	0.591883
18.33	28.54	38.56	46.82	3.57	2.05	40.610742	35.360262	37.980858	0.591880
18.34	28.54	38.56	46.82	3.57	2.05	40.611276	35.361923	37.982050	0.591877
18.34	28.54	38.55	46.81	3.57	2.05	40.611804	35.363582	37.983237	0.591873
18.34	28.54	38.55	46.81	3.57	2.04	40.612326	35.365236	37.984420	0.591870
18.34	28.54	38.55	46.80	3.57	2.04	40.612843	35.366888	37.985599	0.591867
18.35	28.54	38.54	46.80	3.57	2.04	40.613354	35.368536	37.986772	0.591864
18.35	28.54	38.54	46.79	3.57	2.04	40.613859	35.370180	37.987941	0.591860
18.35	28.54	38.53	46.79	3.57	2.04	40.614358	35.371821	37.989106	0.591857
18.36	28.54	38.53	46.78	3.57	2.04	40.614852	35.373459	37.990266	0.591854
18.36	28.54	38.52	46.78	3.57	2.04	40.615339	35.375093	37.991421	0.591850
18.36	28.54	38.52	46.77	3.57	2.04	40.615821	35.376724	37.992572	0.591847
18.36	28.54	38.52	46.76	3.57	2.04	40.616298	35.378352	37.993718	0.591844
18.37	28.54	38.51	46.76	3.57	2.04	40.616768	35.379976	37.994860	0.591840
18.37	28.54	38.51	46.75	3.57	2.04	40.617233	35.381596	37.995997	0.591837
18.37	28.54	38.50	46.75	3.57	2.04	40.617692	35.383214	37.997129	0.591833
18.38	28.54	38.50	46.74	3.57	2.04	40.618145	35.384827	37.998257	0.591830
18.38	28.54	38.49	46.74	3.57	2.04	40.618592	35.386438	37.999380	0.591826
18.38	28.54	38.49	46.73	3.57	2.04	40.619034	35.388045	38.000499	0.591823
18.38	28.54	38.49	46.73	3.57	2.04	40.619470	35.389648	38.001613	0.591819
18.39	28.54	38.48	46.72	3.57	2.04	40.619900	35.391249	38.002722	0.591816
18.39	28.54	38.48	46.72	3.57	2.04	40.620324	35.392845	38.003827	0.591812
18.39	28.54	38.47	46.71	3.57	2.04	40.620742	35.394439	38.004927	0.591809
18.39	28.54	38.47	46.71	3.57	2.04	40.621155	35.396028	38.006023	0.591805
18.40	28.54	38.46	46.70	3.57	2.04	40.621562	35.397615	38.007114	0.591802
18.40	28.54	38.46	46.70	3.57	2.04	40.621963	35.399198	38.008200	0.591798
18.40	28.54	38.45	46.69	3.57	2.04	40.622359	35.400777	38.009282	0.591794
18.41	28.54	38.45	46.68	3.57	2.04	40.622748	35.402354	38.010359	0.591791
18.41	28.54	38.45	46.68	3.57	2.04	40.623132	35.403926	38.011432	0.591787
18.41	28.54	38.44	46.67	3.57	2.04	40.623510	35.405496	38.012500	0.591783
18.41	28.54	38.44	46.67	3.57	2.04	40.623883	35.407062	38.013563	0.591780
18.42	28.54	38.43	46.66	3.57	2.04	40.624249	35.408624	38.014622	0.591776
18.42	28.54	38.43	46.66	3.57	2.04	40.624610	35.410183	38.015676	0.591772
18.42	28.54	38.42	46.65	3.57	2.04	40.624965	35.411739	38.016726	0.591769
18.43	28.54	38.42	46.65	3.57	2.04	40.625314	35.413291	38.017771	0.591765
18.43	28.54	38.42	46.64	3.57	2.04	40.625658	35.414840	38.018811	0.591761
18.43	28.54	38.41	46.64	3.57	2.04	40.625995	35.416385	38.019847	0.591757
18.43	28.54	38.41	46.63	3.57	2.04	40.626327	35.417927	38.020878	0.591754
18.44	28.54	38.40	46.63	3.57	2.04	40.626653	35.419466	38.021905	0.591750
18.44	28.54	38.40	46.62	3.57	2.04	40.626974	35.421001	38.022927	0.591746
18.44	28.54	38.39	46.61	3.57	2.04	40.627288	35.422532	38.023944	0.591742
18.44	28.54	38.39	46.61	3.57	2.04	40.627597	35.424060	38.024957	0.591738
18.45	28.54	38.38	46.60	3.57	2.04	40.627900	35.425585	38.025965	0.591734
18.45	28.54	38.38	46.60	3.57	2.04	40.628197	35.427107	38.026968	0.591730
18.45	28.54	38.38	46.59	3.57	2.04	40.628489	35.428624	38.027967	0.591726
18.46	28.54	38.37	46.59	3.57	2.04	40.628774	35.430139	38.028962	0.591722
18.46	28.54	38.37	46.58	3.57	2.04	40.629054	35.431650	38.029951	0.591719
18.46	28.54	38.36	46.58	3.57	2.04	40.629328	35.433158	38.030937	0.591715
18.46	28.54	38.36	46.57	3.57	2.04	40.629597	35.434662	38.031917	0.591711
18.47	28.54	38.35	46.56	3.57	2.04	40.629859	35.436162	38.032893	0.591707
18.47	28.54	38.35	46.56	3.57	2.04	40.630116	35.437660	38.033864	0.591703
18.47	28.54	38.34	46.55	3.57	2.04	40.630367	35.439154	38.034831	0.591699
18.48	28.54	38.34	46.55	3.57	2.04	40.630612	35.440644	38.035793	0.591694
18.48	28.54	38.33	46.54	3.57	2.04	40.630852	35.442131	38.036751	0.591690
18.48	28.54	38.33	46.54	3.57	2.04	40.631086	35.443614	38.037704	0.591686
18.48	28.54	38.33	46.53	3.57	2.04	40.631314	35.445095	38.038652	0.591682
18.49	28.54	38.32	46.52	3.57	2.04	40.631536	35.446571	38.039595	0.591678
18.49	28.54	38.32	46.52	3.57	2.04	40.631752	35.448044	38.040535	0.591674
18.49	28.54	38.31	46.51	3.57	2.04	40.631963	35.449514	38.041469	0.591670
18.49	28.54	38.31	46.51	3.57	2.04	40.632168	35.450980	38.042399	0.591666
18.50	28.54	38.30	46.50	3.57	2.04	40.632367	35.452443	38.043324	0.591661
18.50	28.54	38.30	46.50	3.57	2.04	40.632560	35.453903	38.044245	0.591657
18.50	28.54	38.29	46.49	3.57	2.04	40.632747	35.455359	38.045161	0.591653
18.51	28.54	38.29	46.49	3.57	2.04	40.632929	35.456811	38.046072	0.591649
18.51	28.54	38.29	46.48	3.57	2.04	40.633105	35.458261	38.046979	0.591644
18.51	28.54	38.28	46.47	3.57	2.04	40.633275	35.459706	38.047881	0.591640
18.51	28.54	38.28	46.47	3.57	2.04	40.633439	35.461148	38.048778	0.591636
18.52	28.54	38.27	46.46	3.57	2.04	40.633598	35.462587	38.049671	0.591632
18.52	28.54	38.27	46.46	3.57	2.04	40.633751	35.464023	38.050560	0.591627
18.52	28.54	38.26	46.45	3.57	2.04	40.633898	35.465454	38.051443	0.591623
18.52	28.54	38.26	46.45	3.57	2.04	40.634039	35.466883	38.052322	0.591618
18.53	28.54	38.25	46.44	3.57	2.04	40.634175	35.468308	38.053197	0.591614
18.53	28.54	38.25	46.43	3.57	2.04	40.634304	35.469729	38.054067	0.591610
18.53	28.54	38.24	46.43	3.57	2.04	40.634428	35.471147	38.054932	0.591605
18.54	28.54	38.24	46.42	3.57	2.04	40.634546	35.472562	38.055793	0.591601
18.54	28.54	38.23	46.42	3.57	2.04	40.634659	35.473973	38.056649	0.591596
18.54	28.54	38.23	46.41	3.57	2.04	40.634765	35.475381	38.057500	0.591592
18.54	28.54	38.23	46.40	3.57	2.04	40.634866	35.476785	38.058347	0.591587
18.55	28.54	38.22	46.40	3.57	2.04	40.634961	35.478186	38.059189	0.591583
18.55	28.54	38.22	46.39	3.57	2.04	40.635051	35.479584	38.060026	0.591578
18.55	28.54	38.21	46.39	3.57	2.03	40.635134	35.480977	38.060859	0.591574
18.56	28.54	38.21	46.38	3.57	2.03	40.635212	35.482368	38.061688	0.591569
18.56	28.54	38.20	46.38	3.57	2.03	40.635284	35.483755	38.062511	0.591565
18.56	28.54	38.20	46.37	3.57	2.03	40.635350	35.485139	38.063330	0.591560
18.56	28.54	38.19	46.36	3.57	2.03	40.635410	35.486519	38.064145	0.591556
18.57	28.54	38.19	46.36	3.57	2.03	40.635465	35.487895	38.064955	0.591551
18.57	28.54	38.18	46.35	3.57	2.03	40.635514	35.489269	38.065760	0.591546
18.57	28.54	38.18	46.35	3.57	2.03	40.635557	35.490638	38.066560	0.591542
18.57	28.54	38.17	46.34	3.57	2.03	40.635594	35.492005	38.067356	0.591537
18.58	28.54	38.17	46.33	3.57	2.03	40.635625	35.493367	38.068148	0.591532
18.58	28.54	38.17	46.33	3.57	2.03	40.635651	35.494727	38.068935	0.591528
18.58	28.54	38.16	46.32	3.57	2.03	40.635671	35.496083	38.069717	0.591523
18.59	28.54	38.16	46.32	3.57	2.03	40.635685	35.497435	38.070494	0.591518
18.59	28.54	38.15	46.31	3.57	2.03	40.635694	35.498784	38.071267	0.591513
18.59	28.54	38.15	46.30	3.57	2.03	40.635696	35.500130	38.072035	0.591509
18.59	28.54	38.14	46.30	3.57	2.03	40.635693	35.501472	38.072799	0.591504
18.60	28.54	38.14	46.29	3.57	2.03	40.635684	35.502810	38.073558	0.591499
18.60	28.54	38.13	46.29	3.57	2.03	40.635669	35.504146	38.074312	0.591494
18.60	28.54	38.13	46.28	3.57	2.03	40.635649	35.505477	38.075062	0.591489
18.61	28.54	38.12	46.27	3.57	2.03	40.635623	35.506806	38.075807	0.591485
18.61	28.54	38.12	46.27	3.57	2.03	40.635590	35.508130	38.076548	0.591480
18.61	28.54	38.11	46.26	3.57	2.03	40.635553	35.509452	38.077283	0.591475
18.61	28.54	38.11	46.26	3.57	2.03	40.635509	35.510770	38.078015	0.591470
18.62	28.54	38.10	46.25	3.57	2.03	40.635460	35.512084	38.078741	0.591465
18.62	28.54	38.10	46.24	3.57	2.03	40.635404	35.513395	38.079463	0.591460
18.62	28.54	38.09	38.09	3.57	2.03	40.635343	35.514702	38.080181	0.591455
18.62	28.54	38.09	38.09	3.57	2.03	40.635277	35.516006	38.080894	0.591450
18.63	28.54	38.09	38.09	3.57	2.03	40.635204	35.517307	38.081602	0.591445
18.63	28.54	38.08	38.08	3.57	2.03	40.635126	35.518604	38.082305	0.591440
18.63	28.54	38.08	38.08	3.57	2.03	40.635040	35.519897	38.083004	0.591435
18.64	28.54	38.07	38.07	3.57	2.03	40.634941	35.521188	38.083698	0.591430
18.64	28.54	38.07	38.07	3.57	2.03	40.634810	35.522474	38.084385	0.591425
18.64	28.54	38.06	38.06	3.57	2.03	40.634617	35.523757	38.085064	0.591419
18.64	28.54	38.06	38.06	3.57	2.03	40.634319	35.525037	38.085730	0.591413
18.65	28.54	38.05	38.05	3.57	2.03	40.633868	35.526313	38.086377	0.591406
18.65	28.54	38.05	38.05	3.57	2.03	40.633217	35.527585	38.087000	0.591399
18.65	28.54	38.04	38.04	3.57	2.03	40.632321	35.528854	38.087591	0.591390
18.66	28.54	38.04	38.04	3.57	2.03	40.631144	35.530119	38.088142	0.591379
18.66	28.54	38.03	38.03	3.57	2.03	40.629655	35.531380	38.088647	0.591367
18.66	28.54	38.03	38.03	3.57	2.03	40.627834	35.532637	38.089098	0.591354
18.66	28.54	38.02	38.02	3.57	2.03	40.625665	35.533889	38.089489	0.591339
18.67	28.54	38.02	38.02	3.57	2.03	40.623142	35.535138	38.089813	0.591322
18.67	28.54	38.01	38.01	3.57	2.03	40.620261	35.536383	38.090066	0.591303
18.67	28.54	38.01	38.01	3.57	2.03	40.617023	35.537623	38.090243	0.591283
18.68	28.54	38.00	38.00	3.57	2.03	40.613435	35.538859	38.090340	0.591260
18.68	28.54	38.00	38.00	3.57	2.03	40.609502	35.540091	38.090354	0.591237
18.68	28.54	37.99	37.99	3.57	2.03	40.605236	35.541318	38.090281	0.591211
18.68	28.54	37.99	37.99	3.57	2.02	40.600647	35.542540	38.090119	0.591184
18.69	28.54	37.98	37.98	3.57	2.02	40.595747	35.543758	38.089867	0.591155
18.69	28.54	37.98	37.98	3.57	2.02	40.590549	35.544970	38.089523	0.591125
18.69	28.54	37.98	37.98	3.57	2.02	40.585067	35.546177	38.089085	0.591093
18.69	28.54	37.97	37.97	3.57	2.02	40.579313	35.547379	38.088554	0.591060
18.70	28.54	37.97	37.97	3.57	2.02	40.573301	35.548576	38.087928	0.591026
18.70	28.54	37.96	37.96	3.57	2.02	40.567044	35.549766	38.087208	0.590991
18.70	28.54	37.96	37.96	3.57	2.02	40.560554	35.550950	38.086394	0.590954
18.71	28.54	37.95	37.95	3.57	2.02	40.553844	35.552127	38.085485	0.590916
18.71	28.54	37.95	37.95	3.57	2.02	40.546926	35.553298	38.084483	0.590878
18.71	28.54	37.94	37.94	3.57	2.02	40.539811	35.554461	38.083388	0.590838
18.71	28.54	37.94	37.94	3.57	2.02	40.532511	35.555616	38.082201	0.590797
18.72	28.54	37.93	37.93	3.57	2.01	40.525037	35.556763	38.080922	0.590755
18.72	28.54	37.93	37.93	3.57	2.01	40.517397	35.557902	38.079553	0.590713
18.72	28.54	37.92	37.92	3.57	2.01	40.509603	35.559031	38.078095	0.590670
18.73	28.54	37.92	37.92	3.57	2.01	40.501663	35.560151	38.076549	0.590625
18.73	28.54	37.91	37.91	3.57	2.01	40.493587	35.561261	38.074917	0.590581
18.73	28.54	37.91	37.91	3.57	2.01	40.485381	35.562361	38.073199	0.590535
18.73	28.54	37.90	37.90	3.57	2.01	40.477055	35.563449	38.071398	0.590489
18.74	28.54	37.90	37.90	3.57	2.01	40.468616	35.564526	38.069514	0.590443
18.74	28.54	37.89	37.89	3.57	2.01	40.460071	35.565591	38.067549	0.590396
18.74	28.54	37.89	37.89	3.57	2.01	40.451426	35.566644	38.065505	0.590348
18.74	28.54	37.88	37.88	3.57	2.00	40.442688	35.567684	38.063383	0.590300
18.75	28.54	37.88	37.88	3.57	2.00	40.433864	35.568710	38.061185	0.590251
18.75	28.54	37.87	37.87	3.57	2.00	40.424958	35.569723	38.058912	0.590202
18.75	28.54	37.87	37.87	3.57	2.00	40.415976	35.570722	38.056566	0.590153
18.76	28.54	37.86	37.86	3.57	2.00	40.406923	35.571706	38.054148	0.590103
18.76	28.54	37.86	37.86	3.57	2.00	40.397804	35.572675	38.051660	0.590053
18.76	28.54	37.85	37.85	3.57	2.00	40.388623	35.573629	38.049103	0.590002
18.76	28.54	37.85	37.85	3.57	2.00	40.379386	35.574567	38.046480	0.589951
18.77	28.54	37.84	37.84	3.57	2.00	40.370095	35.575489	38.043791	0.589900
18.77	28.54	37.84	37.84	3.57	1.99	40.360755	35.576394	38.041038	0.589849
18.77	28.54	37.83	37.83	3.57	1.99	40.351370	35.577283	38.038224	0.589797
18.77	28.54	37.83	37.83	3.57	1.99	40.341942	35.578155	38.035348	0.589746
18.78	28.54	37.82	37.82	3.57	1.99	40.332475	35.579009	38.032413	0.589694
18.78	28.54	37.82	37.82	3.57	1.99	40.322973	35.579846	38.029420	0.589641
18.78	28.54	37.81	37.81	3.56	1.99	40.313437	35.580665	38.026371	0.589589
18.79	28.54	37.81	37.81	3.56	1.99	40.303871	35.581465	38.023266	0.589536
18.79	28.54	37.80	37.80	3.56	1.99	40.294278	35.582248	38.020108	0.589484
18.79	28.54	37.80	37.80	3.56	1.98	40.284659	35.583012	38.016899	0.589431
18.79	28.54	37.79	37.79	3.56	1.98	40.275018	35.583757	38.013638	0.589378
18.80	28.54	37.79	37.79	3.56	1.98	40.265356	35.584484	38.010328	0.589325
18.80	28.54	37.78	37.78	3.56	1.98	40.255675	35.585191	38.006969	0.589272
18.80	28.54	37.78	37.78	3.56	1.98	40.245978	35.585879	38.003564	0.589219
18.81	28.54	37.77	37.77	3.56	1.98	40.236266	35.586548	38.000113	0.589165
18.81	28.54	37.77	37.77	3.56	1.98	40.226541	35.587197	37.996618	0.589112
18.81	28.54	37.76	37.76	3.56	1.98	40.216804	35.587827	37.993080	0.589059
18.81	28.54	37.76	37.76	3.56	1.98	40.207058	35.588438	37.989500	0.589005
18.82	28.54	37.75	37.75	3.56	1.97	40.197304	35.589028	37.985879	0.588951
18.82	28.54	37.75	37.75	3.56	1.97	40.187542	35.589599	37.982219	0.588898
18.82	28.54	37.74	37.74	3.56	1.97	40.177775	35.590150	37.978520	0.588844
18.82	28.54	37.74	37.74	3.56	1.97	40.168004	35.590682	37.974784	0.588791
18.83	28.54	37.73	37.73	3.56	1.97	40.158230	35.591193	37.971012	0.588737
18.83	28.54	37.73	37.73	3.56	1.97	40.148454	35.591685	37.967204	0.588683
18.83	28.54	37.72	37.72	3.56	1.97	40.138677	35.592156	37.963362	0.588630
18.84	28.54	37.72	37.72	3.56	1.97	40.128900	35.592608	37.959487	0.588576
18.84	28.54	37.71	37.71	3.56	1.96	40.119124	35.593040	37.955579	0.588522
18.84	28.54	37.71	37.71	3.56	1.96	40.109350	35.593452	37.951641	0.588469
18.84	28.54	37.70	37.70	3.56	1.96	40.099580	35.593844	37.947671	0.588415
18.85	28.54	37.70	37.70	3.56	1.96	40.089812	35.594216	37.943673	0.588362
18.85	28.54	37.69	37.69	3.56	1.96	40.080049	35.594569	37.939646	0.588308
18.85	28.54	37.69	37.69	3.56	1.96	40.070292	35.594902	37.935591	0.588255
18.86	28.54	37.68	37.68	3.56	1.96	40.060540	35.595215	37.931509	0.588201
18.86	28.54	37.68	37.68	3.56	1.96	40.050795	35.595508	37.927401	0.588148
18.86	28.54	37.67	37.67	3.56	1.95	40.041057	35.595782	37.923268	0.588094
18.86	28.54	37.67	37.67	3.56	1.95	40.031327	35.596037	37.919111	0.588041
18.87	28.54	37.66	37.66	3.56	1.95	40.021604	35.596272	37.914929	0.587987
18.87	28.54	37.66	37.66	3.56	1.95	40.011891	35.596487	37.910725	0.587934
18.87	28.54	37.65	37.65	3.56	1.95	40.002187	35.596683	37.906499	0.587881
18.88	28.54	37.65	37.65	3.56	1.95	39.992493	35.596860	37.902251	0.587828
18.88	28.54	37.64	37.64	3.56	1.95	39.982809	35.597018	37.897982	0.587775
18.88	28.54	37.64	37.64	3.56	1.95	39.973136	35.597157	37.893693	0.587722
18.88	28.54	37.63	37.63	3.56	1.95	39.963474	35.597277	37.889384	0.587669
18.89	28.54	37.63	37.63	3.56	1.94	39.953823	35.597379	37.885057	0.587616
18.89	28.54	37.62	37.62	3.56	1.94	39.944184	35.597461	37.880711	0.587563
18.89	28.54	37.62	37.62	3.56	1.94	39.934557	35.597525	37.876348	0.587510
18.89	28.54	37.61	37.61	3.56	1.94	39.924942	35.597570	37.871967	0.587457
18.90	28.54	37.61	37.61	3.56	1.94	39.915340	35.597597	37.867570	0.587404
18.90	28.54	37.60	37.60	3.56	1.94	39.905751	35.597605	37.863157	0.587352
18.90	28.54	37.60	37.60	3.56	1.94	39.896176	35.597595	37.858728	0.587299
18.91	28.54	37.59	37.59	3.56	1.94	39.886614	35.597567	37.854285	0.587247
18.91	28.54	37.59	37.59	3.56	1.93	39.877065	35.597522	37.849827	0.587195
18.91	28.54	37.58	37.58	3.56	1.93	39.867531	35.597458	37.845355	0.587142
18.91	28.54	37.57	37.57	3.56	1.93	39.858011	35.597376	37.840869	0.587090
18.92	28.54	37.57	37.57	3.56	1.93	39.848505	35.597277	37.836371	0.587038
18.92	28.54	37.56	37.56	3.56	1.93	39.839013	35.597160	37.831860	0.586986
18.92	28.54	37.56	37.56	3.56	1.93	39.829537	35.597026	37.827337	0.586934
18.93	28.54	37.55	37.55	3.56	1.93	39.820075	35.596874	37.822802	0.586882
18.93	28.54	37.55	37.55	3.56	1.93	39.810629	35.596705	37.818257	0.586830
18.93	28.54	37.54	37.54	3.56	1.93	39.801197	35.596519	37.813700	0.586779
18.93	28.54	37.54	37.54	3.56	1.92	39.791781	35.596316	37.809133	0.586727
18.94	28.54	37.53	37.53	3.56	1.92	39.782380	35.596096	37.804556	0.586675
18.94	28.54	37.53	37.53	3.56	1.92	39.772995	35.595859	37.799969	0.586624
18.94	28.54	37.52	37.52	3.56	1.92	39.763626	35.595606	37.795372	0.586572
18.94	28.54	37.52	37.52	3.56	1.92	39.754272	35.595336	37.790767	0.586521
18.95	28.54	37.51	37.51	3.56	1.92	39.744935	35.595050	37.786154	0.586470
18.95	28.54	37.51	37.51	3.56	1.92	39.735613	35.594747	37.781531	0.586419
18.95	28.54	37.50	37.50	3.55	1.92	39.726307	35.594428	37.776901	0.586368
18.96	28.54	37.50	37.50	3.55	1.92	39.717017	35.594093	37.772264	0.586317
18.96	28.54	37.49	37.49	3.55	1.91	39.707744	35.593743	37.767619	0.586266
18.96	28.54	37.49	37.49	3.55	1.91	39.698487	35.593376	37.762967	0.586215
18.96	28.54	37.48	37.48	3.55	1.91	39.689246	35.592993	37.758308	0.586165
18.97	28.54	37.48	37.48	3.55	1.91	39.680021	35.592595	37.753642	0.586114
18.97	28.54	37.47	37.47	3.55	1.91	39.670813	35.592181	37.748971	0.586064
18.97	28.54	37.47	37.47	3.55	1.91	39.661621	35.591752	37.744293	0.586013
18.98	28.54	37.46	37.46	3.55	1.91	39.652446	35.591307	37.739610	0.585963
18.98	28.54	37.45	37.45	3.55	1.91	39.643287	35.590847	37.734922	0.585913
18.98	28.54	37.45	37.45	3.55	1.91	39.634145	35.590373	37.730228	0.585863
18.98	28.54	37.44	37.44	3.55	1.90	39.625019	35.589883	37.725529	0.585813
18.99	28.54	37.44	37.44	3.55	1.90	39.615910	35.589378	37.720825	0.585763
18.99	28.54	37.43	37.43	3.55	1.90	39.606818	35.588858	37.716117	0.585713
18.99	28.54	37.43	37.43	3.55	1.90	39.597742	35.588324	37.711405	0.585663
18.99	28.54	37.42	37.42	3.55	1.90	39.588683	35.587775	37.706689	0.585614
19.00	28.54	37.42	37.42	3.55	1.90	39.579640	35.587211	37.701968	0.585564
19.00	28.54	37.41	37.41	3.55	1.90	39.570614	35.586633	37.697244	0.585515
19.00	28.54	37.41	37.41	3.55	1.90	39.561605	35.586041	37.692517	0.585465
19.01	28.54	37.40	37.40	3.55	1.90	39.552612	35.585435	37.687786	0.585416
19.01	28.54	37.40	37.40	3.55	1.89	39.543636	35.584814	37.683052	0.585367
19.01	28.54	37.39	37.39	3.55	1.89	39.534677	35.584180	37.678315	0.585318
19.01	28.54	37.39	37.39	3.55	1.89	39.525734	35.583531	37.673576	0.585269
19.02	28.54	37.38	37.38	3.55	1.89	39.516807	35.582869	37.668833	0.585220
19.02	28.54	37.38	37.38	3.55	1.89	39.507898	35.582193	37.664089	0.585171
19.02	28.54	37.37	37.37	3.55	1.89	39.499005	35.581503	37.659342	0.585122
19.02	28.54	37.36	37.36	3.55	1.89	39.490128	35.580800	37.654592	0.585074
19.03	28.54	37.36	37.36	3.55	1.89	39.481268	35.580084	37.649841	0.585025
19.03	28.54	37.35	37.35	3.55	1.89	39.472425	35.579354	37.645088	0.584977
19.03	28.54	37.35	37.35	3.55	1.88	39.463598	35.578610	37.640333	0.584928
19.04	28.54	37.34	37.34	3.55	1.88	39.454788	35.577854	37.635577	0.584880
19.04	28.54	37.34	37.34	3.55	1.88	39.445994	35.577084	37.630819	0.584832
19.04	28.54	37.33	37.33	3.55	1.88	39.437216	35.576302	37.626060	0.584784
19.04	28.54	37.33	37.33	3.55	1.88	39.428455	35.575506	37.621299	0.584736
19.05	28.54	37.32	37.32	3.55	1.88	39.419710	35.574698	37.616538	0.584688
19.05	28.54	37.32	37.32	3.55	1.88	39.410982	35.573877	37.611775	0.584640
19.05	28.54	37.31	37.31	3.55	1.88	39.402270	35.573043	37.607012	0.584593
19.06	28.54	37.31	37.31	3.55	1.88	39.393574	35.572197	37.602247	0.584545
19.06	28.54	37.30	37.30	3.55	1.87	39.384894	35.571338	37.597483	0.584498
19.06	28.54	37.29	37.29	3.55	1.87	39.376231	35.570467	37.592717	0.584450
19.06	28.54	37.29	37.29	3.55	1.87	39.367583	35.569584	37.587951	0.584403
19.07	28.54	37.28	37.28	3.55	1.87	39.358952	35.568688	37.583185	0.584356
19.07	28.54	37.28	37.28	3.55	1.87	39.350337	35.567780	37.578418	0.584308
19.07	28.54	37.27	37.27	3.55	1.87	39.341738	35.566860	37.573652	0.584261
19.07	28.54	37.27	37.27	3.55	1.87	39.333155	35.565927	37.568885	0.584214
19.08	28.54	37.26	37.26	3.55	1.87	39.324588	35.564983	37.564118	0.584168
19.08	28.54	37.26	37.26	3.55	1.87	39.316037	35.564027	37.559351	0.584121
19.08	28.54	37.25	37.25	3.55	1.87	39.307502	35.563060	37.554584	0.584074
19.09	28.54	37.25	37.25	3.55	1.86	39.298982	35.562080	37.549818	0.584028
19.09	28.54	37.24	37.24	3.55	1.86	39.290479	35.561089	37.545052	0.583981
19.09	28.54	37.24	37.24	3.55	1.86	39.281991	35.560086	37.540286	0.583935
19.09	28.54	37.23	37.23	3.55	1.86	39.273518	35.559072	37.535521	0.583888
19.10	28.54	37.22	37.22	3.55	1.86	39.265062	35.558046	37.530756	0.583842
19.10	28.54	37.22	37.22	3.55	1.86	39.256621	35.557009	37.525991	0.583796
19.10	28.54	37.21	37.21	3.55	1.86	39.248195	35.555961	37.521228	0.583750
19.11	28.54	37.21	37.21	3.55	1.86	39.239786	35.554901	37.516465	0.583704
19.11	28.54	37.20	37.20	3.55	1.86	39.231391	35.553831	37.511702	0.583658
19.11	28.54	37.20	37.20	3.55	1.86	39.223012	35.552749	37.506941	0.583612
19.11	28.54	37.19	37.19	3.55	1.85	39.214648	35.551656	37.502180	0.583567
19.12	28.54	37.19	37.19	3.55	1.85	39.206300	35.550552	37.497420	0.583521
19.12	28.54	37.18	37.18	3.55	1.85	39.197967	35.549438	37.492662	0.583476
19.12	28.54	37.18	37.18	3.54	1.85	39.189649	35.548312	37.487904	0.583430
19.12	28.54	37.17	37.17	3.54	1.85	39.181346	35.547176	37.483147	0.583385
19.13	28.54	37.16	37.16	3.54	1.85	39.173059	35.546029	37.478391	0.583339
19.13	28.54	37.16	37.16	3.54	1.85	39.164786	35.544871	37.473637	0.583294
19.13	28.54	37.15	37.15	3.54	1.85	39.156529	35.543703	37.468884	0.583249
19.14	28.54	37.15	37.15	3.54	1.85	39.148286	35.542525	37.464132	0.583204
19.14	28.54	37.14	37.14	3.54	1.85	39.140059	35.541336	37.459381	0.583159
19.14	28.54	37.14	37.14	3.54	1.84	39.131846	35.540136	37.454631	0.583115
19.14	28.54	37.13	37.13	3.54	1.84	39.123648	35.538926	37.449883	0.583070
19.15	28.54	37.13	37.13	3.54	1.84	39.115464	35.537706	37.445137	0.583025
19.15	28.54	37.12	37.12	3.54	1.84	39.107296	35.536476	37.440391	0.582981
19.15	28.54	37.11	37.11	3.54	1.84	39.099142	35.535236	37.435647	0.582936
19.16	28.54	37.11	37.11	3.54	1.84	39.091003	35.533986	37.430905	0.582892
19.16	28.54	37.10	37.10	3.54	1.84	39.082878	35.532725	37.426164	0.582847
19.16	28.54	37.10	37.10	3.54	1.84	39.074767	35.531455	37.421425	0.582803
19.16	28.54	37.09	37.09	3.54	1.84	39.066671	35.530175	37.416687	0.582759
19.17	28.54	37.09	37.09	3.54	1.84	39.058590	35.528884	37.411951	0.582715
19.17	28.54	37.08	37.08	3.54	1.83	39.050523	35.527585	37.407216	0.582671
19.17	28.54	37.08	37.08	3.54	1.83	39.042470	35.526275	37.402484	0.582627
19.18	28.54	37.07	37.07	3.54	1.83	39.034431	35.524956	37.397752	0.582583
19.18	28.54	37.06	37.06	3.54	1.83	39.026406	35.523627	37.393023	0.582540
19.18	28.54	37.06	37.06	3.54	1.83	39.018396	35.522288	37.388295	0.582496
19.18	28.54	37.05	37.05	3.54	1.83	39.010400	35.520940	37.383569	0.582453
19.19	28.54	37.05	37.05	3.54	1.83	39.002417	35.519583	37.378845	0.582409
19.19	28.54	37.04	37.04	3.54	1.83	38.994449	35.518216	37.374123	0.582366
19.19	28.54	37.04	37.04	3.54	1.83	38.986494	35.516840	37.369402	0.582323
19.19	28.54	37.03	37.03	3.54	1.83	38.978553	35.515455	37.364683	0.582279
19.20	28.54	37.03	37.03	3.54	1.83	38.970626	35.514060	37.359966	0.582236
19.20	28.54	37.02	37.02	3.54	1.82	38.962713	35.512656	37.355251	0.582193
19.20	28.54	37.01	37.01	3.54	1.82	38.954813	35.511243	37.350538	0.582150
19.21	28.54	37.01	37.01	3.54	1.82	38.946927	35.509821	37.345827	0.582107
19.21	28.54	37.00	37.00	3.54	1.82	38.939055	35.508390	37.341118	0.582065
19.21	28.54	37.00	37.00	3.54	1.82	38.931196	35.506950	37.336410	0.582022
19.21	28.54	36.99	36.99	3.54	1.82	38.923351	35.505500	37.331705	0.581979
19.22	28.54	36.99	36.99	3.54	1.82	38.915519	35.504043	37.327001	0.581937
19.22	28.54	36.98	36.98	3.54	1.82	38.907700	35.502576	37.322300	0.581894
19.22	28.54	36.98	36.98	3.54	1.82	38.899894	35.501100	37.317600	0.581852
19.23	28.54	36.97	36.97	3.54	1.82	38.892102	35.499616	37.312903	0.581809
19.23	28.54	36.96	36.96	3.54	1.82	38.884323	35.498123	37.308207	0.581767
19.23	28.54	36.96	36.96	3.54	1.81	38.876557	35.496621	37.303514	0.581725
19.23	28.54	36.95	36.95	3.54	1.81	38.868805	35.495111	37.298822	0.581683
19.24	28.54	36.95	36.95	3.54	1.81	38.861065	35.493592	37.294133	0.581641
19.24	28.54	36.94	36.94	3.54	1.81	38.853338	35.492065	37.289445	0.581599
19.24	28.54	36.94	36.94	3.54	1.81	38.845624	35.490529	37.284760	0.581557
19.24	28.54	36.93	36.93	3.54	1.81	38.837923	35.488985	37.280077	0.581515
19.25	28.54	36.92	36.92	3.54	1.81	38.830235	35.487433	37.275396	0.581474
19.25	28.54	36.92	36.92	3.54	1.81	38.822560	35.485872	37.270717	0.581432
19.25	28.54	36.91	36.91	3.54	1.81	38.814897	35.484303	37.266039	0.581391
19.26	28.54	36.91	36.91	3.54	1.81	38.807247	35.482726	37.261365	0.581349
19.26	28.54	36.90	36.90	3.54	1.81	38.799609	35.481140	37.256692	0.581308
19.26	28.54	36.90	36.90	3.54	1.80	38.791984	35.479547	37.252021	0.581267
19.26	28.54	36.89	36.89	3.54	1.80	38.784372	35.477945	37.247352	0.581225
19.27	28.54	36.88	36.88	3.54	1.80	38.776772	35.476335	37.242686	0.581184
19.27	28.54	36.88	36.88	3.54	1.80	38.769184	35.474718	37.238021	0.581143
19.27	28.54	36.87	36.87	3.54	1.80	38.761609	35.473092	37.233359	0.581102
19.27	28.54	36.87	36.87	3.54	1.80	38.754046	35.471458	37.228699	0.581061
19.28	28.54	36.86	36.86	3.54	1.80	38.746495	35.469817	37.224041	0.581020
19.28	28.54	36.86	36.86	3.54	1.80	38.738957	35.468168	37.219385	0.580980
19.28	28.54	36.85	36.85	3.54	1.80	38.731430	35.466511	37.214731	0.580939
19.29	28.54	36.85	36.85	3.54	1.80	38.723916	35.464846	37.210079	0.580898
19.29	28.54	36.84	36.84	3.54	1.80	38.716413	35.463173	37.205430	0.580858
19.29	28.54	36.83	36.83	3.54	1.79	38.708923	35.461493	37.200783	0.580817
19.29	28.54	36.83	36.83	3.54	1.79	38.701444	35.459805	37.196137	0.580777
19.30	28.54	36.82	36.82	3.53	1.79	38.693978	35.458110	37.191494	0.580737
19.30	28.54	36.82	36.82	3.53	1.79	38.686523	35.456407	37.186853	0.580696
19.30	28.54	36.81	36.81	3.53	1.79	38.679080	35.454697	37.182215	0.580656
19.31	28.54	36.81	36.81	3.53	1.79	38.671649	35.452979	37.177578	0.580616
19.31	28.54	36.80	36.80	3.53	1.79	38.664229	35.451254	37.172943	0.580576
19.31	28.54	36.79	36.79	3.53	1.79	38.656821	35.449521	37.168311	0.580536
19.31	28.54	36.79	36.79	3.53	1.79	38.649425	35.447781	37.163681	0.580496
19.32	28.54	36.78	36.78	3.53	1.79	38.642040	35.446034	37.159053	0.580456
19.32	28.54	36.78	36.78	3.53	1.79	38.634666	35.444279	37.154427	0.580417
19.32	28.54	36.77	36.77	3.53	1.79	38.627304	35.442518	37.149803	0.580377
19.32	28.54	36.76	36.76	3.53	1.78	38.619954	35.440749	37.145181	0.580337
19.33	28.54	36.76	36.76	3.53	1.78	38.612614	35.438973	37.140562	0.580298
19.33	28.54	36.75	36.75	3.53	1.78	38.605286	35.437189	37.135945	0.580258
19.33	28.54	36.75	36.75	3.53	1.78	38.597969	35.435399	37.131329	0.580219
19.34	28.54	36.74	36.74	3.53	1.78	38.590664	35.433602	37.126716	0.580180
19.34	28.54	36.74	36.74	3.53	1.78	38.583369	35.431797	37.122105	0.580141
19.34	28.54	36.73	36.73	3.53	1.78	38.576085	35.429986	37.117496	0.580101
19.34	28.54	36.72	36.72	3.53	1.78	38.568813	35.428168	37.112890	0.580062
19.35	28.54	36.72	36.72	3.53	1.78	38.561552	35.426343	37.108285	0.580023
19.35	28.54	36.71	36.71	3.53	1.78	38.554301	35.424511	37.103683	0.579984
19.35	28.54	36.71	36.71	3.53	1.78	38.547061	35.422673	37.099083	0.579945
19.36	28.54	36.70	36.70	3.53	1.78	38.539832	35.420827	37.094484	0.579907
19.36	28.54	36.70	36.70	3.53	1.77	38.532614	35.418975	37.089888	0.579868
19.36	28.54	36.69	36.69	3.53	1.77	38.525407	35.417116	37.085294	0.579829
19.36	28.54	36.68	36.68	3.53	1.77	38.518210	35.415250	37.080703	0.579791
19.37	28.54	36.68	36.68	3.53	1.77	38.511024	35.413378	37.076113	0.579752
19.37	28.54	36.67	36.67	3.53	1.77	38.503849	35.411499	37.071525	0.579713
19.37	28.54	36.67	36.67	3.53	1.77	38.496684	35.409614	37.066940	0.579675
19.38	28.54	36.66	36.66	3.53	1.77	38.489530	35.407722	37.062356	0.579637
19.38	28.54	36.65	36.65	3.53	1.77	38.482386	35.405824	37.057775	0.579598
19.38	28.54	36.65	36.65	3.53	1.77	38.475252	35.403919	37.053196	0.579560
19.38	28.54	36.64	36.64	3.53	1.77	38.468129	35.402008	37.048619	0.579522
19.39	28.54	36.64	36.64	3.53	1.77	38.461017	35.400090	37.044044	0.579484
19.39	28.54	36.63	36.63	3.53	1.77	38.453914	35.398166	37.039471	0.579446
19.39	28.54	36.63	36.63	3.53	1.76	38.446822	35.396236	37.034900	0.579408
19.39	28.54	36.62	36.62	3.53	1.76	38.439740	35.394299	37.030331	0.579370
19.40	28.54	36.61	36.61	3.53	1.76	38.432668	35.392356	37.025764	0.579332
19.40	28.54	36.61	36.61	3.53	1.76	38.425606	35.390407	37.021200	0.579295
19.40	28.54	36.60	36.60	3.53	1.76	38.418554	35.388452	37.016637	0.579257
19.41	28.54	36.60	36.60	3.53	1.76	38.411512	35.386491	37.012076	0.579219
19.41	28.54	36.59	36.59	3.53	1.76	38.404480	35.384523	37.007518	0.579182
19.41	28.54	36.58	36.58	3.53	1.76	38.397458	35.382549	37.002961	0.579144
19.41	28.54	36.58	36.58	3.53	1.76	38.390446	35.380570	36.998407	0.579107
19.42	28.54	36.57	36.57	3.53	1.76	38.383444	35.378584	36.993855	0.579069
19.42	28.54	36.57	36.57	3.53	1.76	38.376451	35.376592	36.989304	0.579032
19.42	28.54	36.56	36.56	3.53	1.76	38.369468	35.374595	36.984756	0.578995
19.43	28.54	36.55	36.55	3.53	1.75	38.362495	35.372591	36.980210	0.578958
19.43	28.54	36.55	36.55	3.53	1.75	38.355532	35.370581	36.975665	0.578921
19.43	28.54	36.54	36.54	3.53	1.75	38.348578	35.368566	36.971123	0.578883
19.43	28.54	36.54	36.54	3.53	1.75	38.341634	35.366545	36.966583	0.578846
19.44	28.54	36.53	36.53	3.53	1.75	38.334699	35.364518	36.962045	0.578810
19.44	28.54	36.53	36.53	3.53	1.75	38.327774	35.362485	36.957508	0.578773
19.44	28.54	36.52	36.52	3.53	1.75	38.320858	35.360446	36.952974	0.578736
19.44	28.54	36.51	36.51	3.53	1.75	38.313951	35.358402	36.948442	0.578699
19.45	28.54	36.51	36.51	3.53	1.75	38.307054	35.356352	36.943912	0.578662
19.45	28.54	36.50	36.50	3.53	1.75	38.300166	35.354296	36.939383	0.578626
19.45	28.54	36.50	36.50	3.53	1.75	38.293288	35.352235	36.934857	0.578589
19.46	28.54	36.49	36.49	3.53	1.75	38.286419	35.350168	36.930332	0.578553
19.46	28.54	36.48	36.48	3.53	1.75	38.279558	35.348096	36.925810	0.578516
19.46	28.54	36.48	36.48	3.53	1.74	38.272707	35.346018	36.921290	0.578480
19.46	28.54	36.47	36.47	3.53	1.74	38.265865	35.343934	36.916771	0.578444
19.47	28.54	36.47	36.47	3.53	1.74	38.259033	35.341846	36.912254	0.578407
19.47	28.54	36.46	36.46	3.53	1.74	38.252209	35.339751	36.907740	0.578371
19.47	28.54	36.45	36.45	3.53	1.74	38.245394	35.337651	36.903227	0.578335
19.48	28.54	36.45	36.45	3.52	1.74	38.238588	35.335546	36.898716	0.578299
19.48	28.54	36.44	36.44	3.52	1.74	38.231791	35.333435	36.894208	0.578263
19.48	28.54	36.44	36.44	3.52	1.74	38.225003	35.331320	36.889701	0.578227
19.48	28.54	36.43	36.43	3.52	1.74	38.218223	35.329198	36.885196	0.578191
19.49	28.54	36.42	36.42	3.52	1.74	38.211452	35.327072	36.880692	0.578155
19.49	28.54	36.42	36.42	3.52	1.74	38.204691	35.324940	36.876191	0.578119
19.49	28.54	36.41	36.41	3.52	1.74	38.197937	35.322803	36.871692	0.578084
19.49	28.54	36.41	36.41	3.52	1.74	38.191193	35.320661	36.867194	0.578048
19.50	28.54	36.40	36.40	3.52	1.73	38.184457	35.318513	36.862699	0.578012
19.50	28.54	36.39	36.39	3.52	1.73	38.177729	35.316361	36.858205	0.577977
19.50	28.54	36.39	36.39	3.52	1.73	38.171011	35.314203	36.853713	0.577941
19.51	28.54	36.38	36.38	3.52	1.73	38.164300	35.312040	36.849223	0.577906
19.51	28.54	36.38	36.38	3.52	1.73	38.157598	35.309873	36.844735	0.577870
19.51	28.54	36.37	36.37	3.52	1.73	38.150905	35.307700	36.840249	0.577835
19.51	28.54	36.36	36.36	3.52	1.73	38.144220	35.305522	36.835765	0.577800
19.52	28.54	36.36	36.36	3.52	1.73	38.137543	35.303339	36.831282	0.577764
19.52	28.54	36.35	36.35	3.52	1.73	38.130875	35.301151	36.826801	0.577729
19.52	28.54	36.35	36.35	3.52	1.73	38.124214	35.298959	36.822323	0.577694
19.52	28.54	36.34	36.34	3.52	1.73	38.117562	35.296761	36.817846	0.577659
19.53	28.54	36.33	36.33	3.52	1.73	38.110919	35.294558	36.813370	0.577624
19.53	28.54	36.33	36.33	3.52	1.73	38.104283	35.292351	36.808897	0.577589
19.53	28.54	36.32	36.32	3.52	1.73	38.097655	35.290139	36.804425	0.577554
19.54	28.54	36.32	36.32	3.52	1.72	38.091036	35.287922	36.799955	0.577519
19.54	28.54	36.31	36.31	3.52	1.72	38.084425	35.285700	36.795487	0.577485
19.54	28.54	36.30	36.30	3.52	1.72	38.077821	35.283474	36.791021	0.577450
19.54	28.54	36.30	36.30	3.52	1.72	38.071226	35.281242	36.786557	0.577415
19.55	28.54	36.29	36.29	3.52	1.72	38.064638	35.279006	36.782094	0.577380
19.55	28.54	36.29	36.29	3.52	1.72	38.058058	35.276766	36.777633	0.577346
19.55	28.54	36.28	36.28	3.52	1.72	38.051487	35.274520	36.773174	0.577311
19.56	28.54	36.27	36.27	3.52	1.72	38.044923	35.272271	36.768717	0.577277
19.56	28.54	36.27	36.27	3.52	1.72	38.038367	35.270016	36.764261	0.577242
19.56	28.54	36.26	36.26	3.52	1.72	38.031818	35.267757	36.759807	0.577208
19.56	28.54	36.26	36.26	3.52	1.72	38.025277	35.265493	36.755355	0.577174
19.57	28.54	36.25	36.25	3.52	1.72	38.018744	35.263225	36.750904	0.577139
19.57	28.54	36.24	36.24	3.52	1.72	38.012219	35.260952	36.746456	0.577105
19.57	28.54	36.24	36.24	3.52	1.71	38.005701	35.258675	36.742009	0.577071
19.57	28.54	36.23	36.23	3.52	1.71	37.999191	35.256393	36.737564	0.577037
19.58	28.54	36.23	36.23	3.52	1.71	37.992688	35.254107	36.733120	0.577003
19.58	28.54	36.22	36.22	3.52	1.71	37.986193	35.251817	36.728678	0.576969
19.58	28.54	36.21	36.21	3.52	1.71	37.979705	35.249522	36.724238	0.576935
19.59	28.54	36.21	36.21	3.52	1.71	37.973225	35.247223	36.719800	0.576901
19.59	28.54	36.20	36.20	3.52	1.71	37.966752	35.244919	36.715363	0.576867
19.59	28.54	36.19	36.19	3.52	1.71	37.960286	35.242611	36.710928	0.576833
19.59	28.54	36.19	36.19	3.52	1.71	37.953828	35.240299	36.706494	0.576800
19.60	28.54	36.18	36.18	3.52	1.71	37.947377	35.237983	36.702063	0.576766
19.60	28.54	36.18	36.18	3.52	1.71	37.940933	35.235662	36.697633	0.576732
19.60	28.54	36.17	36.17	3.52	1.71	37.934497	35.233337	36.693204	0.576699
19.61	28.54	36.16	36.16	3.52	1.71	37.928068	35.231008	36.688777	0.576665
19.61	28.54	36.16	36.16	3.52	1.71	37.921645	35.228674	36.684352	0.576631
19.61	28.54	36.15	36.15	3.52	1.70	37.915230	35.226337	36.679929	0.576598
19.61	28.54	36.15	36.15	3.52	1.70	37.908822	35.223995	36.675507	0.576564
19.62	28.54	36.14	36.14	3.52	1.70	37.902422	35.221649	36.671087	0.576531
19.62	28.54	36.13	36.13	3.52	1.70	37.896028	35.219299	36.666668	0.576498
19.62	28.54	36.13	36.13	3.52	1.70	37.889641	35.216945	36.662251	0.576464
19.62	28.54	36.12	36.12	3.52	1.70	37.883261	35.214587	36.657836	0.576431
19.63	28.54	36.11	36.11	3.52	1.70	37.876888	35.212225	36.653422	0.576398
19.63	28.54	36.11	36.11	3.52	1.70	37.870522	35.209859	36.649010	0.576365
19.63	28.54	36.10	36.10	3.52	1.70	37.864163	35.207489	36.644600	0.576332
19.64	28.54	36.10	36.10	3.52	1.70	37.857810	35.205115	36.640191	0.576299
19.64	28.54	36.09	36.09	3.52	1.70	37.851465	35.202737	36.635783	0.576266
19.64	28.54	36.08	36.08	3.52	1.70	37.845126	35.200355	36.631377	0.576233
19.64	28.54	36.08	36.08	3.52	1.70	37.838794	35.197969	36.626973	0.576200
19.65	28.54	36.07	36.07	3.52	1.70	37.832468	35.195580	36.622570	0.576167
19.65	28.54	36.07	36.07	3.52	1.70	37.826150	35.193186	36.618169	0.576134
19.65	28.54	36.06	36.06	3.52	1.69	37.819838	35.190789	36.613770	0.576101
19.66	28.54	36.05	36.05	3.52	1.69	37.813532	35.188387	36.609372	0.576069
19.66	28.54	36.05	36.05	3.52	1.69	37.807233	35.185982	36.604975	0.576036
19.66	28.54	36.04	36.04	3.51	1.69	37.800941	35.183574	36.600580	0.576003
19.66	28.54	36.03	36.03	3.51	1.69	37.794655	35.181161	36.596187	0.575971
19.67	28.54	36.03	36.03	3.51	1.69	37.788376	35.178745	36.591795	0.575938
19.67	28.54	36.02	36.02	3.51	1.69	37.782103	35.176325	36.587405	0.575906
19.67	28.54	36.02	36.02	3.51	1.69	37.775836	35.173901	36.583016	0.575873
19.68	28.54	36.01	36.01	3.51	1.69	37.769576	35.171473	36.578629	0.575841
19.68	28.54	36.00	36.00	3.51	1.69	37.763322	35.169042	36.574243	0.575808
19.68	28.54	36.00	36.00	3.51	1.69	37.757075	35.166607	36.569858	0.575776
19.68	28.54	35.99	35.99	3.51	1.69	37.750834	35.164169	36.565476	0.575744
19.69	28.54	35.98	35.98	3.51	1.69	37.744599	35.161727	36.561094	0.575711
19.69	28.54	35.98	35.98	3.51	1.69	37.738370	35.159282	36.556714	0.575679
19.69	28.54	35.97	35.97	3.51	1.68	37.732148	35.156832	36.552336	0.575647
19.69	28.54	35.97	35.97	3.51	1.68	37.725932	35.154380	36.547959	0.575615
19.70	28.54	35.96	35.96	3.51	1.68	37.719721	35.151923	36.543583	0.575583
19.70	28.54	35.95	35.95	3.51	1.68	37.713518	35.149464	36.539209	0.575551
19.70	28.54	35.95	35.95	3.51	1.68	37.707320	35.147001	36.534837	0.575519
19.71	28.54	35.94	35.94	3.51	1.68	37.701128	35.144534	36.530466	0.575487
19.71	28.54	35.93	35.93	3.51	1.68	37.694942	35.142064	36.526096	0.575455
19.71	28.54	35.93	35.93	3.51	1.68	37.688762	35.139590	36.521728	0.575423
19.71	28.54	35.92	35.92	3.51	1.68	37.682589	35.137113	36.517361	0.575391
19.72	28.54	35.92	35.92	3.51	1.68	37.676421	35.134633	36.512995	0.575359
19.72	28.54	35.91	35.91	3.51	1.68	37.670259	35.132149	36.508632	0.575328
19.72	28.54	35.90	35.90	3.51	1.68	37.664103	35.129662	36.504269	0.575296
19.73	28.54	35.90	35.90	3.51	1.68	37.657953	35.127171	36.499908	0.575264
19.73	28.54	35.89	35.89	3.51	1.68	37.651808	35.124677	36.495548	0.575232
19.73	28.54	35.88	35.88	3.51	1.68	37.645670	35.122180	36.491190	0.575201
19.73	28.54	35.88	35.88	3.51	1.68	37.639537	35.119680	36.486833	0.575169
19.74	28.54	35.87	35.87	3.51	1.67	37.633410	35.117176	36.482477	0.575138
19.74	28.54	35.87	35.87	3.51	1.67	37.627289	35.114669	36.478123	0.575106
19.74	28.54	35.86	35.86	3.51	1.67	37.621173	35.112159	36.473770	0.575075
19.74	28.54	35.85	35.85	3.51	1.67	37.615064	35.109645	36.469419	0.575043
19.75	28.54	35.85	35.85	3.51	1.67	37.608959	35.107129	36.465068	0.575012
19.75	28.54	35.84	35.84	3.51	1.67	37.602861	35.104609	36.460720	0.574981
19.75	28.54	35.83	35.83	3.51	1.67	37.596768	35.102086	36.456372	0.574949
19.76	28.54	35.83	35.83	3.51	1.67	37.590680	35.099560	36.452026	0.574918
19.76	28.54	35.82	35.82	3.51	1.67	37.584598	35.097031	36.447681	0.574887
19.76	28.54	35.82	35.82	3.51	1.67	37.578522	35.094498	36.443338	0.574856
19.76	28.54	35.81	35.81	3.51	1.67	37.572451	35.091963	36.438996	0.574825
19.77	28.54	35.80	35.80	3.51	1.67	37.566386	35.089424	36.434655	0.574793
19.77	28.54	35.80	35.80	3.51	1.67	37.560326	35.086882	36.430316	0.574762
19.77	28.54	35.79	35.79	3.51	1.67	37.554271	35.084338	36.425978	0.574731
19.77	28.54	35.78	35.78	3.51	1.67	37.548222	35.081790	36.421641	0.574700
19.78	28.54	35.78	35.78	3.51	1.66	37.542178	35.079239	36.417306	0.574669
19.78	28.54	35.77	35.77	3.51	1.66	37.536139	35.076685	36.412971	0.574638
19.78	28.54	35.76	35.76	3.51	1.66	37.530106	35.074129	36.408639	0.574608
19.79	28.54	35.76	35.76	3.51	1.66	37.524078	35.071569	36.404307	0.574577
19.79	28.54	35.75	35.75	3.51	1.66	37.518055	35.069006	36.399977	0.574546
19.79	28.54	35.75	35.75	3.51	1.66	37.512037	35.066440	36.395648	0.574515
19.79	28.54	35.74	35.74	3.51	1.66	37.506025	35.063872	36.391320	0.574484
19.80	28.54	35.73	35.73	3.51	1.66	37.500018	35.061300	36.386994	0.574454
19.80	28.54	35.73	35.73	3.51	1.66	37.494016	35.058726	36.382668	0.574423
19.80	28.54	35.72	35.72	3.51	1.66	37.488019	35.056149	36.378344	0.574392
19.81	28.54	35.71	35.71	3.51	1.66	37.482027	35.053569	36.374022	0.574362
19.81	28.54	35.71	35.71	3.51	1.66	37.476040	35.050986	36.369700	0.574331
19.81	28.54	35.70	35.70	3.51	1.66	37.470059	35.048400	36.365380	0.574301
19.81	28.54	35.69	35.69	3.51	1.66	37.464082	35.045811	36.361061	0.574270
19.82	28.54	35.69	35.69	3.51	1.66	37.458110	35.043220	36.356743	0.574240
19.82	28.54	35.68	35.68	3.51	1.66	37.452144	35.040626	36.352427	0.574209
19.82	28.54	35.68	35.68	3.51	1.65	37.446182	35.038029	36.348112	0.574179
19.82	28.54	35.67	35.67	3.51	1.65	37.440225	35.035429	36.343797	0.574148
19.83	28.54	35.66	35.66	3.51	1.65	37.434273	35.032826	36.339485	0.574118
19.83	28.54	35.66	35.66	3.51	1.65	37.428326	35.030221	36.335173	0.574088
19.83	28.54	35.65	35.65	3.51	1.65	37.422384	35.027613	36.330862	0.574057
19.84	28.54	35.64	35.64	3.51	1.65	37.416447	35.025003	36.326553	0.574027
19.84	28.54	35.64	35.64	3.51	1.65	37.410514	35.022389	36.322245	0.573997
19.84	28.54	35.63	35.63	3.51	1.65	37.404586	35.019773	36.317938	0.573967
19.84	28.54	35.62	35.62	3.51	1.65	37.398663	35.017155	36.313633	0.573937
19.85	28.54	35.62	35.62	3.51	1.65	37.392745	35.014534	36.309328	0.573906
19.85	28.54	35.61	35.61	3.50	1.65	37.386831	35.011910	36.305025	0.573876
19.85	28.54	35.60	35.60	3.50	1.65	37.380922	35.009283	36.300723	0.573846
19.86	28.54	35.60	35.60	3.50	1.65	37.375018	35.006654	36.296422	0.573816
19.86	28.54	35.59	35.59	3.50	1.65	37.369119	35.004022	36.292122	0.573786
19.86	28.54	35.59	35.59	3.50	1.65	37.363224	35.001388	36.287823	0.573756
19.86	28.54	35.58	35.58	3.50	1.65	37.357333	34.998751	36.283526	0.573726
19.87	28.54	35.57	35.57	3.50	1.64	37.351447	34.996112	36.279229	0.573696
19.87	28.54	35.57	35.57	3.50	1.64	37.345566	34.993470	36.274934	0.573666
19.87	28.54	35.56	35.56	3.50	1.64	37.339689	34.990826	36.270640	0.573637
19.88	28.54	35.55	35.55	3.50	1.64	37.333817	34.988179	36.266347	0.573607
19.88	28.54	35.55	35.55	3.50	1.64	37.327950	34.985530	36.262055	0.573577
19.88	28.54	35.54	35.54	3.50	1.64	37.322086	34.982878	36.257764	0.573547
19.88	28.54	35.53	35.53	3.50	1.64	37.316227	34.980223	36.253475	0.573518
19.89	28.54	35.53	35.53	3.50	1.64	37.310373	34.977567	36.249186	0.573488
19.89	28.54	35.52	35.52	3.50	1.64	37.304523	34.974907	36.244899	0.573458
19.89	28.54	35.51	35.51	3.50	1.64	37.298677	34.972246	36.240612	0.573429
19.89	28.54	35.51	35.51	3.50	1.64	37.292836	34.969582	36.236327	0.573399
19.90	28.54	35.50	35.50	3.50	1.64	37.286999	34.966915	36.232043	0.573369
19.90	28.54	35.49	35.49	3.50	1.64	37.281166	34.964247	36.227760	0.573340
19.90	28.54	35.49	35.49	3.50	1.64	37.275338	34.961575	36.223478	0.573310
19.91	28.54	35.48	35.48	3.50	1.64	37.269514	34.958902	36.219197	0.573281
19.91	28.54	35.48	35.48	3.50	1.64	37.263694	34.956226	36.214917	0.573251
19.91	28.54	35.47	35.47	3.50	1.63	37.257878	34.953548	36.210638	0.573222
19.91	28.54	35.46	35.46	3.50	1.63	37.252067	34.950867	36.206361	0.573192
19.92	28.54	35.46	35.46	3.50	1.63	37.246259	34.948185	36.202084	0.573163
19.92	28.54	35.45	35.45	3.50	1.63	37.240456	34.945500	36.197809	0.573134
19.92	28.54	35.44	35.44	3.50	1.63	37.234657	34.942812	36.193534	0.573104
19.93	28.54	35.44	35.44	3.50	1.63	37.228862	34.940122	36.189261	0.573075
19.93	28.54	35.43	35.43	3.50	1.63	37.223072	34.937431	36.184988	0.573046
19.93	28.54	35.42	35.42	3.50	1.63	37.217285	34.934736	36.180717	0.573016
19.93	28.54	35.42	35.42	3.50	1.63	37.211502	34.932040	36.176446	0.572987
19.94	28.54	35.41	35.41	3.50	1.63	37.205724	34.929341	36.172177	0.572958
19.94	28.54	35.40	35.40	3.50	1.63	37.199949	34.926641	36.167909	0.572929
19.94	28.54	35.40	35.40	3.50	1.63	37.194178	34.923938	36.163641	0.572900
19.94	28.54	35.39	35.39	3.50	1.63	37.188412	34.921233	36.159375	0.572870
19.95	28.54	35.38	35.38	3.50	1.63	37.182649	34.918525	36.155110	0.572841
19.95	28.54	35.38	35.38	3.50	1.63	37.176890	34.915816	36.150846	0.572812
19.95	28.54	35.37	35.37	3.50	1.63	37.171135	34.913104	36.146582	0.572783
19.96	28.54	35.36	35.36	3.50	1.63	37.165384	34.910390	36.142320	0.572754
19.96	28.54	35.36	35.36	3.50	1.62	37.159637	34.907674	36.138059	0.572725
19.96	28.54	35.35	35.35	3.50	1.62	37.153894	34.904956	36.133798	0.572696
19.96	28.54	35.34	35.34	3.50	1.62	37.148155	34.902236	36.129539	0.572667
19.97	28.54	35.34	35.34	3.50	1.62	37.142419	34.899514	36.125281	0.572638
19.97	28.54	35.33	35.33	3.50	1.62	37.136687	34.896790	36.121023	0.572609
19.97	28.54	35.32	35.32	3.50	1.62	37.130959	34.894063	36.116767	0.572581
19.98	28.54	35.32	35.32	3.50	1.62	37.125235	34.891335	36.112512	0.572552
19.98	28.54	35.31	35.31	3.50	1.62	37.119514	34.888604	36.108257	0.572523
19.98	28.54	35.30	35.30	3.50	1.62	37.113797	34.885872	36.104004	0.572494
19.98	28.54	35.30	35.30	3.50	1.62	37.108084	34.883137	36.099751	0.572465
19.99	28.54	35.29	35.29	3.50	1.62	37.102375	34.880401	36.095499	0.572436
19.99	28.54	35.29	35.29	3.50	1.62	37.096669	34.877662	36.091249	0.572408
19.99	28.54	35.28	35.28	3.50	1.62	37.090967	34.874922	36.086999	0.572379
19.99	28.54	35.27	35.27	3.50	1.62	37.085268	34.872179	36.082750	0.572350
20.00	28.54	35.27	35.27	3.50	1.62	37.079573	34.869435	36.078502	0.572322
20.00	28.54	35.26	35.26	3.50	1.62	37.073882	34.866689	36.074255	0.572293
20.00	28.54	35.25	35.25	3.50	1.62	37.068194	34.863940	36.070009	0.572264
20.01	28.54	35.25	35.25	3.50	1.61	37.062510	34.861190	36.065764	0.572236
20.01	28.54	35.24	35.24	3.50	1.61	37.056829	34.858438	36.061520	0.572207
20.01	28.54	35.23	35.23	3.50	1.61	37.051152	34.855684	36.057277	0.572179
20.01	28.54	35.23	35.23	3.50	1.61	37.045478	34.852928	36.053034	0.572150
20.02	28.54	35.22	35.22	3.50	1.61	37.039808	34.850170	36.048793	0.572121
20.02	28.54	35.21	35.21	3.50	1.61	37.034141	34.847410	36.044552	0.572093
20.02	28.54	35.21	35.21	3.50	1.61	37.028478	34.844648	36.040312	0.572064
20.02	28.54	35.20	35.20	3.50	1.61	37.022818	34.841885	36.036074	0.572036
20.03	28.54	35.19	35.19	3.50	1.61	37.017161	34.839119	36.031836	0.572008
20.03	28.54	35.19	35.19	3.50	1.61	37.011508	34.836352	36.027599	0.571979
20.03	28.54	35.18	35.18	3.50	1.61	37.005858	34.833583	36.023362	0.571951
20.04	28.54	35.17	35.17	3.50	1.61	37.000212	34.830812	36.019127	0.571922
20.04	28.54	35.17	35.17	3.50	1.61	36.994569	34.828040	36.014893	0.571894
20.04	28.54	35.16	35.16	3.49	1.61	36.988929	34.825265	36.010659	0.571866
20.04	28.54	35.15	35.15	3.49	1.61	36.983292	34.822489	36.006426	0.571837
20.05	28.54	35.15	35.15	3.49	1.61	36.977659	34.819711	36.002194	0.571809
20.05	28.54	35.14	35.14	3.49	1.61	36.972029	34.816931	35.997963	0.571781
20.05	28.54	35.13	35.13	3.49	1.60	36.966402	34.814149	35.993733	0.571752
20.06	28.54	35.13	35.13	3.49	1.60	36.960779	34.811366	35.989504	0.571724
20.06	28.54	35.12	35.12	3.49	1.60	36.955158	34.808581	35.985275	0.571696
20.06	28.54	35.11	35.11	3.49	1.60	36.949541	34.805794	35.981048	0.571668
20.06	28.54	35.11	35.11	3.49	1.60	36.943927	34.803005	35.976821	0.571640
20.07	28.54	35.10	35.10	3.49	1.60	36.938317	34.800215	35.972595	0.571611
20.07	28.54	35.09	35.09	3.49	1.60	36.932709	34.797423	35.968370	0.571583
20.07	28.54	35.09	35.09	3.49	1.60	36.927104	34.794630	35.964145	0.571555
20.07	28.54	35.08	35.08	3.49	1.60	36.921503	34.791834	35.959922	0.571527
20.08	28.54	35.07	35.07	3.49	1.60	36.915905	34.789037	35.955699	0.571499
20.08	28.54	35.07	35.07	3.49	1.60	36.910309	34.786239	35.951477	0.571471
20.08	28.54	35.06	35.06	3.49	1.60	36.904717	34.783438	35.947256	0.571443
20.09	28.54	35.05	35.05	3.49	1.60	36.899128	34.780636	35.943036	0.571415
20.09	28.54	35.05	35.05	3.49	1.60	36.893542	34.777833	35.938816	0.571387
20.09	28.54	35.04	35.04	3.49	1.60	36.887959	34.775027	35.934597	0.571359
20.09	28.54	35.03	35.03	3.49	1.60	36.882379	34.772220	35.930379	0.571331
20.10	28.54	35.03	35.03	3.49	1.60	36.876802	34.769412	35.926162	0.571303
20.10	28.54	35.02	35.02	3.49	1.59	36.871227	34.766602	35.921946	0.571275
20.10	28.54	35.01	35.01	3.49	1.59	36.865656	34.763790	35.917730	0.571247
20.11	28.54	35.01	35.01	3.49	1.59	36.860088	34.760977	35.913515	0.571219
20.11	28.54	35.00	35.00	3.49	1.59	36.854522	34.758162	35.909301	0.571191
20.11	28.54	34.99	34.99	3.49	1.59	36.848960	34.755345	35.905088	0.571163
20.11	28.54	34.99	34.99	3.49	1.59	36.843400	34.752527	35.900875	0.571135
20.12	28.54	34.98	34.98	3.49	1.59	36.837843	34.749708	35.896664	0.571107
20.12	28.54	34.97	34.97	3.49	1.59	36.832290	34.746887	35.892452	0.571079
20.12	28.54	34.96	34.96	3.49	1.59	36.826738	34.744064	35.888242	0.571052
20.12	28.54	34.96	34.96	3.49	1.59	36.821190	34.741240	35.884033	0.571024
20.13	28.54	34.95	34.95	3.49	1.59	36.815645	34.738414	35.879824	0.570996
20.13	28.54	34.94	34.94	3.49	1.59	36.810102	34.735587	35.875616	0.570968
20.13	28.54	34.94	34.94	3.49	1.59	36.804562	34.732758	35.871408	0.570940
20.14	28.54	34.93	34.93	3.49	1.59	36.799025	34.729928	35.867202	0.570913
20.14	28.54	34.92	34.92	3.49	1.59	36.793491	34.727097	35.862996	0.570885
20.14	28.54	34.92	34.92	3.49	1.59	36.787959	34.724263	35.858791	0.570857
20.14	28.54	34.91	34.91	3.49	1.59	36.782430	34.721429	35.854586	0.570829
20.15	28.54	34.90	34.90	3.49	1.59	36.776904	34.718593	35.850382	0.570802
20.15	28.54	34.90	34.90	3.49	1.58	36.771380	34.715755	35.846179	0.570774
20.15	28.54	34.89	34.89	3.49	1.58	36.765859	34.712916	35.841977	0.570746
20.16	28.54	34.88	34.88	3.49	1.58	36.760341	34.710076	35.837775	0.570719
20.16	28.54	34.88	34.88	3.49	1.58	36.754825	34.707234	35.833574	0.570691
20.16	28.54	34.87	34.87	3.49	1.58	36.749312	34.704391	35.829374	0.570663
20.16	28.54	34.86	34.86	3.49	1.58	36.743802	34.701546	35.825175	0.570636
20.17	28.54	34.86	34.86	3.49	1.58	36.738294	34.698700	35.820976	0.570608
20.17	28.54	34.85	34.85	3.49	1.58	36.732789	34.695852	35.816777	0.570581
20.17	28.54	34.84	34.84	3.49	1.58	36.727286	34.693004	35.812580	0.570553
20.18	28.54	34.84	34.84	3.49	1.58	36.721786	34.690153	35.808383	0.570525
20.18	28.54	34.83	34.83	3.49	1.58	36.716288	34.687302	35.804187	0.570498
20.18	28.54	34.82	34.82	3.49	1.58	36.710793	34.684449	35.799992	0.570470
20.18	28.54	34.82	34.82	3.49	1.58	36.705301	34.681594	35.795797	0.570443
20.19	28.54	34.81	34.81	3.49	1.58	36.699811	34.678739	35.791603	0.570415
20.19	28.54	34.80	34.80	3.49	1.58	36.694323	34.675882	35.787409	0.570388
20.19	28.54	34.80	34.80	3.49	1.58	36.688838	34.673023	35.783216	0.570360
20.19	28.54	34.79	34.79	3.49	1.58	36.683355	34.670164	35.779024	0.570333
20.20	28.54	34.78	34.78	3.49	1.58	36.677875	34.667302	35.774833	0.570305
20.20	28.54	34.77	34.77	3.49	1.57	36.672397	34.664440	35.770642	0.570278
20.20	28.54	34.77	34.77	3.49	1.57	36.666922	34.661576	35.766451	0.570250
20.21	28.54	34.76	34.76	3.49	1.57	36.661449	34.658712	35.762262	0.570223
20.21	28.54	34.75	34.75	3.49	1.57	36.655978	34.655845	35.758073	0.570195
20.21	28.54	34.75	34.75	3.49	1.57	36.650510	34.652978	35.753884	0.570168
20.21	28.54	34.74	34.74	3.49	1.57	36.645044	34.650109	35.749697	0.570141
20.22	28.54	34.73	34.73	3.49	1.57	36.639580	34.647239	35.745510	0.570113
20.22	28.54	34.73	34.73	3.49	1.57	36.634119	34.644367	35.741323	0.570086
20.22	28.54	34.72	34.72	3.49	1.57	36.628660	34.641495	35.737137	0.570058
20.23	28.54	34.71	34.71	3.49	1.57	36.623204	34.638621	35.732952	0.570031
20.23	28.54	34.71	34.71	3.49	1.57	36.617749	34.635746	35.728767	0.570004
20.23	28.54	34.70	34.70	3.49	1.57	36.612297	34.632870	35.724583	0.569976
20.23	28.54	34.69	34.69	3.49	1.57	36.606847	34.629992	35.720400	0.569949
20.24	28.54	34.69	34.69	3.49	1.57	36.601400	34.627113	35.716217	0.569922
20.24	28.54	34.68	34.68	3.48	1.57	36.595955	34.624233	35.712035	0.569894
20.24	28.54	34.67	34.67	3.48	1.57	36.590511	34.621352	35.707853	0.569867
20.24	28.54	34.67	34.67	3.48	1.57	36.585071	34.618469	35.703672	0.569840
20.25	28.54	34.66	34.66	3.48	1.57	36.579632	34.615586	35.699492	0.569813
20.25	28.54	34.65	34.65	3.48	1.56	36.574195	34.612701	35.695312	0.569785
20.25	28.54	34.64	34.64	3.48	1.56	36.568761	34.609815	35.691133	0.569758
20.26	28.54	34.64	34.64	3.48	1.56	36.563329	34.606928	35.686954	0.569731
20.26	28.54	34.63	34.63	3.48	1.56	36.557899	34.604039	35.682776	0.569703
20.26	28.54	34.62	34.62	3.48	1.56	36.552471	34.601150	35.678598	0.569676
20.26	28.54	34.62	34.62	3.48	1.56	36.547045	34.598259	35.674421	0.569649
20.27	28.54	34.61	34.61	3.48	1.56	36.541622	34.595367	35.670245	0.569622
20.27	28.54	34.60	34.60	3.48	1.56	36.536200	34.592474	35.666069	0.569595
20.27	28.54	34.60	34.60	3.48	1.56	36.530780	34.589580	35.661894	0.569567
20.27	28.54	34.59	34.59	3.48	1.56	36.525363	34.586685	35.657719	0.569540
20.28	28.54	34.58	34.58	3.48	1.56	36.519948	34.583789	35.653545	0.569513
20.28	28.54	34.58	34.58	3.48	1.56	36.514534	34.580891	35.649371	0.569486
20.28	28.54	34.57	34.57	3.48	1.56	36.509123	34.577993	35.645198	0.569459
20.29	28.54	34.56	34.56	3.48	1.56	36.503714	34.575093	35.641025	0.569431
20.29	28.54	34.56	34.56	3.48	1.56	36.498307	34.572192	35.636853	0.569404
20.29	28.54	34.55	34.55	3.48	1.56	36.492901	34.569290	35.632682	0.569377
20.29	28.54	34.54	34.54	3.48	1.56	36.487498	34.566387	35.628511	0.569350
20.30	28.54	34.53	34.53	3.48	1.56	36.482097	34.563483	35.624340	0.569323
20.30	28.54	34.53	34.53	3.48	1.55	36.476697	34.560578	35.620170	0.569296
20.30	28.54	34.52	34.52	3.48	1.55	36.471300	34.557672	35.616001	0.569268
20.31	28.54	34.51	34.51	3.48	1.55	36.465905	34.554764	35.611832	0.569241
20.31	28.54	34.51	34.51	3.48	1.55	36.460511	34.551856	35.607663	0.569214
20.31	28.54	34.50	34.50	3.48	1.55	36.455119	34.548947	35.603496	0.569187
20.31	28.54	34.49	34.49	3.48	1.55	36.449730	34.546036	35.599328	0.569160
20.32	28.54	34.49	34.49	3.48	1.55	36.444342	34.543125	35.595161	0.569133
20.32	28.54	34.48	34.48	3.48	1.55	36.438956	34.540212	35.590995	0.569106
20.32	28.54	34.47	34.47	3.48	1.55	36.433572	34.537298	35.586829	0.569079
20.32	28.54	34.46	34.46	3.48	1.55	36.428190	34.534384	35.582664	0.569052
20.33	28.54	34.46	34.46	3.48	1.55	36.422809	34.531468	35.578499	0.569024
20.33	28.54	34.45	34.45	3.48	1.55	36.417431	34.528552	35.574334	0.568997
20.33	28.54	34.44	34.44	3.48	1.55	36.412054	34.525634	35.570170	0.568970
20.34	28.54	34.44	34.44	3.48	1.55	36.406679	34.522715	35.566007	0.568943
20.34	28.54	34.43	34.43	3.48	1.55	36.401306	34.519796	35.561844	0.568916
20.34	28.54	34.42	34.42	3.48	1.55	36.395935	34.516875	35.557682	0.568889
20.34	28.54	34.42	34.42	3.48	1.55	36.390565	34.513953	35.553520	0.568862
20.35	28.54	34.41	34.41	3.48	1.55	36.385197	34.511031	35.549358	0.568835
20.35	28.54	34.40	34.40	3.48	1.54	36.379831	34.508107	35.545197	0.568808
20.35	28.54	34.40	34.40	3.48	1.54	36.374467	34.505183	35.541036	0.568781
20.36	28.54	34.39	34.39	3.48	1.54	36.369104	34.502257	35.536876	0.568754
20.36	28.54	34.38	34.38	3.48	1.54	36.363744	34.499331	35.532717	0.568727
20.36	28.54	34.37	34.37	3.48	1.54	36.358384	34.496403	35.528557	0.568700
20.36	28.54	34.37	34.37	3.48	1.54	36.353027	34.493475	35.524399	0.568673
20.37	28.54	34.36	34.36	3.48	1.54	36.347671	34.490545	35.520240	0.568646
20.37	28.54	34.35	34.35	3.48	1.54	36.342317	34.487615	35.516082	0.568619
20.37	28.54	34.35	34.35	3.48	1.54	36.336965	34.484684	35.511925	0.568592
20.38	28.54	34.34	34.34	3.48	1.54	36.331614	34.481752	35.507768	0.568565
20.38	28.54	34.33	34.33	3.48	1.54	36.326265	34.478819	35.503612	0.568538
20.38	28.54	34.33	34.33	3.48	1.54	36.320918	34.475885	35.499455	0.568511
20.38	28.54	34.32	34.32	3.48	1.54	36.315572	34.472950	35.495300	0.568484
20.39	28.54	34.31	34.31	3.48	1.54	36.310228	34.470014	35.491144	0.568457
20.39	28.54	34.30	34.30	3.48	1.54	36.304885	34.467077	35.486990	0.568430
20.39	28.54	34.30	34.30	3.48	1.54	36.299544	34.464140	35.482835	0.568403
20.39	28.54	34.29	34.29	3.48	1.54	36.294205	34.461201	35.478681	0.568376
20.40	28.54	34.28	34.28	3.48	1.54	36.288867	34.458262	35.474528	0.568349
20.40	28.54	34.28	34.28	3.48	1.54	36.283530	34.455321	35.470374	0.568322
20.40	28.54	34.27	34.27	3.48	1.53	36.278196	34.452380	35.466222	0.568295
20.41	28.54	34.26	34.26	3.48	1.53	36.272862	34.449438	35.462069	0.568268
20.41	28.54	34.25	34.25	3.48	1.53	36.267531	34.446495	35.457917	0.568241
20.41	28.54	34.25	34.25	3.48	1.53	36.262201	34.443552	35.453766	0.568214
20.41	28.54	34.24	34.24	3.48	1.53	36.256872	34.440607	35.449615	0.568187
20.42	28.54	34.23	34.23	3.48	1.53	36.251545	34.437661	35.445464	0.568160
20.42	28.54	34.23	34.23	3.48	1.53	36.246219	34.434715	35.441314	0.568133
20.42	28.54	34.22	34.22	3.48	1.53	36.240895	34.431768	35.437164	0.568106
20.43	28.54	34.21	34.21	3.48	1.53	36.235572	34.428820	35.433014	0.568079
20.43	28.54	34.21	34.21	3.48	1.53	36.230251	34.425871	35.428865	0.568052
20.43	28.54	34.20	34.20	3.48	1.53	36.224931	34.422921	35.424716	0.568025
20.43	28.54	34.19	34.19	3.48	1.53	36.219613	34.419971	35.420568	0.567998
20.44	28.54	34.18	34.18	3.47	1.53	36.214296	34.417019	35.416420	0.567971
20.44	28.54	34.18	34.18	3.47	1.53	36.208981	34.414067	35.412272	0.567944
20.44	28.54	34.17	34.17	3.47	1.53	36.203667	34.411114	35.408125	0.567917
20.44	28.54	34.16	34.16	3.47	1.53	36.198354	34.408161	35.403978	0.567890
20.45	28.54	34.16	34.16	3.47	1.53	36.193043	34.405206	35.399831	0.567863
20.45	28.54	34.15	34.15	3.47	1.53	36.187733	34.402251	35.395685	0.567836
20.45	28.54	34.14	34.14	3.47	1.52	36.182424	34.399294	35.391539	0.567809
20.46	28.54	34.13	34.13	3.47	1.52	36.177117	34.396337	35.387394	0.567782
20.46	28.54	34.13	34.13	3.47	1.52	36.171811	34.393380	35.383249	0.567755
20.46	28.54	34.12	34.12	3.47	1.52	36.166507	34.390421	35.379104	0.567728
20.46	28.54	34.11	34.11	3.47	1.52	36.161204	34.387462	35.374959	0.567701
20.47	28.54	34.11	34.11	3.47	1.52	36.155902	34.384502	35.370815	0.567674
20.47	28.54	34.10	34.10	3.47	1.52	36.150602	34.381541	35.366671	0.567647
20.47	28.54	34.09	34.09	3.47	1.52	36.145303	34.378579	35.362528	0.567620
20.48	28.54	34.09	34.09	3.47	1.52	36.140005	34.375617	35.358385	0.567593
20.48	28.54	34.08	34.08	3.47	1.52	36.134708	34.372653	35.354242	0.567566
20.48	28.54	34.07	34.07	3.47	1.52	36.129413	34.369689	35.350100	0.567539
20.48	28.54	34.06	34.06	3.47	1.52	36.124119	34.366725	35.345958	0.567512
20.49	28.54	34.06	34.06	3.47	1.52	36.118826	34.363759	35.341816	0.567485
20.49	28.54	34.05	34.05	3.47	1.52	36.113535	34.360793	35.337675	0.567458
20.49	28.54	34.04	34.04	3.47	1.52	36.108245	34.357826	35.333533	0.567431
20.49	28.54	34.04	34.04	3.47	1.52	36.102956	34.354858	35.329393	0.567404
20.50	28.54	34.03	34.03	3.47	1.52	36.097668	34.351890	35.325252	0.567377
20.50	28.54	34.02	34.02	3.47	1.52	36.092381	34.348921	35.321112	0.567350
20.50	28.54	34.01	34.01	3.47	1.51	36.087096	34.345951	35.316972	0.567323
20.51	28.54	34.01	34.01	3.47	1.51	36.081812	34.342981	35.312833	0.567296
20.51	28.54	34.00	34.00	3.47	1.51	36.076529	34.340009	35.308693	0.567269
20.51	28.54	33.99	33.99	3.47	1.51	36.071247	34.337037	35.304555	0.567242
20.51	28.54	33.99	33.99	3.47	1.51	36.065967	34.334065	35.300416	0.567215
20.52	28.54	33.98	33.98	3.47	1.51	36.060687	34.331091	35.296278	0.567188
20.52	28.54	33.97	33.97	3.47	1.51	36.055409	34.328117	35.292140	0.567161
20.52	28.54	33.96	33.96	3.47	1.51	36.050132	34.325142	35.288002	0.567134
20.52	28.54	33.96	33.96	3.47	1.51	36.044856	34.322167	35.283864	0.567107
20.53	28.54	33.95	33.95	3.47	1.51	36.039581	34.319190	35.279727	0.567080
20.53	28.54	33.94	33.94	3.47	1.51	36.034307	34.316214	35.275590	0.567053
20.53	28.54	33.94	33.94	3.47	1.51	36.029035	34.313236	35.271454	0.567026
20.54	28.54	33.93	33.93	3.47	1.51	36.023763	34.310258	35.267317	0.566999
20.54	28.54	33.92	33.92	3.47	1.51	36.018493	34.307279	35.263181	0.566972
20.54	28.54	33.91	33.91	3.47	1.51	36.013224	34.304299	35.259046	0.566945
20.54	28.54	33.91	33.91	3.47	1.51	36.007956	34.301319	35.254910	0.566918
20.55	28.54	33.90	33.90	3.47	1.51	36.002688	34.298338	35.250775	0.566891
20.55	28.54	33.89	33.89	3.47	1.51	35.997422	34.295357	35.246640	0.566864
20.55	28.54	33.89	33.89	3.47	1.50	35.992157	34.292374	35.242505	0.566837
20.56	28.54	33.88	33.88	3.47	1.50	35.986893	34.289391	35.238371	0.566810
20.56	28.54	33.87	33.87	3.47	1.50	35.981631	34.286408	35.234237	0.566783
20.56	28.54	33.86	33.86	3.47	1.50	35.976369	34.283424	35.230103	0.566756
20.56	28.54	33.86	33.86	3.47	1.50	35.971108	34.280439	35.225969	0.566729
20.57	28.54	33.85	33.85	3.47	1.50	35.965848	34.277453	35.221836	0.566702
20.57	28.54	33.84	33.84	3.47	1.50	35.960589	34.274467	35.217702	0.566675
20.57	28.54	33.83	33.83	3.47	1.50	35.955331	34.271481	35.213570	0.566647
20.57	28.54	33.83	33.83	3.47	1.50	35.950075	34.268493	35.209437	0.566620
20.58	28.54	33.82	33.82	3.47	1.50	35.944819	34.265505	35.205304	0.566593
20.58	28.54	33.81	33.81	3.47	1.50	35.939564	34.262516	35.201172	0.566566
20.58	28.54	33.81	33.81	3.47	1.50	35.934310	34.259527	35.197040	0.566539
20.59	28.54	33.80	33.80	3.47	1.50	35.929057	34.256537	35.192909	0.566512
20.59	28.54	33.79	33.79	3.47	1.50	35.923805	34.253547	35.188777	0.566485
20.59	28.54	33.78	33.78	3.47	1.50	35.918554	34.250556	35.184646	0.566458
20.59	28.54	33.78	33.78	3.47	1.50	35.913304	34.247564	35.180515	0.566430
20.60	28.54	33.77	33.77	3.47	1.50	35.908055	34.244572	35.176384	0.566403
20.60	28.54	33.76	33.76	3.47	1.50	35.902807	34.241579	35.172254	0.566376
20.60	28.54	33.76	33.76	3.47	1.50	35.897559	34.238585	35.168123	0.566349
20.61	28.54	33.75	33.75	3.47	1.49	35.892313	34.235591	35.163993	0.566322
20.61	28.54	33.74	33.74	3.47	1.49	35.887068	34.232597	35.159863	0.566295
20.61	28.54	33.73	33.73	3.47	1.49	35.881823	34.229601	35.155733	0.566267
20.61	28.54	33.73	33.73	3.47	1.49	35.876579	34.226605	35.151604	0.566240
20.62	28.54	33.72	33.72	3.47	1.49	35.871336	34.223609	35.147475	0.566213
20.62	28.54	33.71	33.71	3.47	1.49	35.866094	34.220612	35.143346	0.566186
20.62	28.54	33.70	33.70	3.47	1.49	35.860853	34.217614	35.139217	0.566159
20.62	28.54	33.70	33.70	3.47	1.49	35.855613	34.214616	35.135088	0.566131
20.63	28.54	33.69	33.69	3.47	1.49	35.850374	34.211617	35.130959	0.566104
20.63	28.54	33.68	33.68	3.47	1.49	35.845135	34.208618	35.126831	0.566077
20.63	28.54	33.68	33.68	3.47	1.49	35.839898	34.205618	35.122703	0.566050
20.64	28.54	33.67	33.67	3.46	1.49	35.834661	34.202618	35.118575	0.566023
20.64	28.54	33.66	33.66	3.46	1.49	35.829425	34.199617	35.114448	0.565995
20.64	28.54	33.65	33.65	3.46	1.49	35.824189	34.196615	35.110320	0.565968
20.64	28.54	33.65	33.65	3.46	1.49	35.818955	34.193613	35.106193	0.565941
20.65	28.54	33.64	33.64	3.46	1.49	35.813721	34.190610	35.102066	0.565913
20.65	28.54	33.63	33.63	3.46	1.49	35.808489	34.187607	35.097939	0.565886
20.65	28.54	33.63	33.63	3.46	1.49	35.803256	34.184603	35.093812	0.565859
20.66	28.54	33.62	33.62	3.46	1.48	35.798025	34.181599	35.089685	0.565832
20.66	28.54	33.61	33.61	3.46	1.48	35.792795	34.178594	35.085559	0.565804
20.66	28.54	33.60	33.60	3.46	1.48	35.787565	34.175589	35.081432	0.565777
20.66	28.54	33.60	33.60	3.46	1.48	35.782336	34.172583	35.077306	0.565750
20.67	28.54	33.59	33.59	3.46	1.48	35.777108	34.169576	35.073180	0.565722
20.67	28.54	33.58	33.58	3.46	1.48	35.771880	34.166569	35.069055	0.565695
20.67	28.54	33.57	33.57	3.46	1.48	35.766654	34.163562	35.064929	0.565668
20.68	28.54	33.57	33.57	3.46	1.48	35.761427	34.160554	35.060804	0.565640
20.68	28.54	33.56	33.56	3.46	1.48	35.756202	34.157545	35.056678	0.565613
20.68	28.54	33.55	33.55	3.46	1.48	35.750978	34.154536	35.052553	0.565585
20.68	28.54	33.55	33.55	3.46	1.48	35.745754	34.151527	35.048428	0.565558
20.69	28.54	33.54	33.54	3.46	1.48	35.740531	34.148517	35.044303	0.565531
20.69	28.54	33.53	33.53	3.46	1.48	35.735308	34.145506	35.040179	0.565503
20.69	28.54	33.52	33.52	3.46	1.48	35.730086	34.142495	35.036054	0.565476
20.69	28.54	33.52	33.52	3.46	1.48	35.724865	34.139483	35.031930	0.565448
20.70	28.54	33.51	33.51	3.46	1.48	35.719645	34.136471	35.027806	0.565421
20.70	28.54	33.50	33.50	3.46	1.48	35.714425	34.133458	35.023682	0.565393
20.70	28.54	33.49	33.49	3.46	1.48	35.709206	34.130445	35.019558	0.565366
20.71	28.54	33.49	33.49	3.46	1.47	35.703988	34.127432	35.015434	0.565338
20.71	28.54	33.48	33.48	3.46	1.47	35.698770	34.124418	35.011310	0.565311
20.71	28.54	33.47	33.47	3.46	1.47	35.693553	34.121403	35.007186	0.565284
20.71	28.54	33.46	33.46	3.46	1.47	35.688336	34.118388	35.003063	0.565256
20.72	28.54	33.46	33.46	3.46	1.47	35.683120	34.115372	34.998940	0.565228
20.72	28.54	33.45	33.45	3.46	1.47	35.677905	34.112356	34.994817	0.565201
20.72	28.54	33.44	33.44	3.46	1.47	35.672691	34.109340	34.990694	0.565173
20.73	28.54	33.44	33.44	3.46	1.47	35.667477	34.106323	34.986571	0.565146
20.73	28.54	33.43	33.43	3.46	1.47	35.662263	34.103305	34.982448	0.565118
20.73	28.54	33.42	33.42	3.46	1.47	35.657050	34.100287	34.978325	0.565091
20.73	28.54	33.41	33.41	3.46	1.47	35.651838	34.097269	34.974203	0.565063
20.74	28.54	33.41	33.41	3.46	1.47	35.646627	34.094250	34.970080	0.565035
20.74	28.54	33.40	33.40	3.46	1.47	35.641416	34.091230	34.965958	0.565008
20.74	28.54	33.39	33.39	3.46	1.47	35.636205	34.088211	34.961835	0.564980
20.74	28.54	33.38	33.38	3.46	1.47	35.630995	34.085190	34.957713	0.564953
20.75	28.54	33.38	33.38	3.46	1.47	35.625786	34.082169	34.953591	0.564925
20.75	28.54	33.37	33.37	3.46	1.47	35.620577	34.079148	34.949469	0.564897
20.75	28.54	33.36	33.36	3.46	1.46	35.615369	34.076126	34.945348	0.564870
20.76	28.54	33.35	33.35	3.46	1.46	35.610161	34.073104	34.941226	0.564842
20.76	28.54	33.35	33.35	3.46	1.46	35.604954	34.070082	34.937104	0.564814
20.76	28.54	33.34	33.34	3.46	1.46	35.599748	34.067059	34.932983	0.564787
20.76	28.54	33.33	33.33	3.46	1.46	35.594542	34.064035	34.928861	0.564759
20.77	28.54	33.33	33.33	3.46	1.46	35.589336	34.061011	34.924740	0.564731
20.77	28.54	33.32	33.32	3.46	1.46	35.584131	34.057987	34.920619	0.564703
20.77	28.54	33.31	33.31	3.46	1.46	35.578927	34.054962	34.916497	0.564676
20.77	28.54	33.30	33.30	3.46	1.46	35.573723	34.051937	34.912376	0.564648
20.78	28.54	33.30	33.30	3.46	1.46	35.568519	34.048911	34.908255	0.564620
20.78	28.54	33.29	33.29	3.46	1.46	35.563316	34.045885	34.904134	0.564592
20.78	28.54	33.28	33.28	3.46	1.46	35.558114	34.042858	34.900013	0.564564
20.79	28.54	33.27	33.27	3.46	1.46	35.552912	34.039831	34.895893	0.564537
20.79	28.54	33.27	33.27	3.46	1.46	35.547710	34.036804	34.891772	0.564509
20.79	28.54	33.26	33.26	3.46	1.46	35.542509	34.033776	34.887651	0.564481
20.79	28.54	33.25	33.25	3.46	1.46	35.537308	34.030748	34.883531	0.564453
20.80	28.54	33.24	33.24	3.46	1.46	35.532108	34.027719	34.879410	0.564425
20.80	28.54	33.24	33.24	3.46	1.46	35.526908	34.024690	34.875290	0.564397
20.80	28.54	33.23	33.23	3.46	1.45	35.521709	34.021660	34.871169	0.564369
20.81	28.54	33.22	33.22	3.46	1.45	35.516510	34.018630	34.867049	0.564341
20.81	28.54	33.21	33.21	3.46	1.45	35.511312	34.015600	34.862929	0.564313
20.81	28.54	33.21	33.21	3.46	1.45	35.506114	34.012569	34.858809	0.564285
20.81	28.54	33.20	33.20	3.46	1.45	35.500916	34.009538	34.854689	0.564257
20.82	28.54	33.19	33.19	3.46	1.45	35.495719	34.006506	34.850569	0.564229
20.82	28.54	33.18	33.18	3.46	1.45	35.490523	34.003474	34.846449	0.564201
20.82	28.54	33.18	33.18	3.46	1.45	35.485326	34.000442	34.842329	0.564173
20.82	28.54	33.17	33.17	3.46	1.45	35.480130	33.997409	34.838209	0.564145
20.83	28.54	33.16	33.16	3.46	1.45	35.474935	33.994376	34.834089	0.564117
20.83	28.54	33.16	33.16	3.46	1.45	35.469740	33.991342	34.829969	0.564089
20.83	28.54	33.15	33.15	3.46	1.45	35.464545	33.988308	34.825849	0.564061
20.84	28.54	33.14	33.14	3.45	1.45	35.459351	33.985274	34.821729	0.564033
20.84	28.54	33.13	33.13	3.45	1.45	35.454157	33.982239	34.817610	0.564005
20.84	28.54	33.13	33.13	3.45	1.45	35.448963	33.979204	34.813490	0.563977
20.84	28.54	33.12	33.12	3.45	1.45	35.443770	33.976168	34.809370	0.563949
20.85	28.54	33.11	33.11	3.45	1.45	35.438577	33.973132	34.805251	0.563920
20.85	28.54	33.10	33.10	3.45	1.44	35.433385	33.970096	34.801131	0.563892
20.85	28.54	33.10	33.10	3.45	1.44	35.428193	33.967059	34.797012	0.563864
20.86	28.54	33.09	33.09	3.45	1.44	35.423001	33.964022	34.792892	0.563836
20.86	28.54	33.08	33.08	3.45	1.44	35.417809	33.960984	34.788773	0.563808
20.86	28.54	33.07	33.07	3.45	1.44	35.412618	33.957946	34.784653	0.563779
20.86	28.54	33.07	33.07	3.45	1.44	35.407427	33.954908	34.780534	0.563751
20.87	28.54	33.06	33.06	3.45	1.44	35.402237	33.951869	34.776415	0.563723
20.87	28.54	33.05	33.05	3.45	1.44	35.397047	33.948830	34.772295	0.563694
20.87	28.54	33.04	33.04	3.45	1.44	35.391857	33.945791	34.768176	0.563666
20.88	28.54	33.04	33.04	3.45	1.44	35.386667	33.942751	34.764056	0.563638
20.88	28.54	33.03	33.03	3.45	1.44	35.381478	33.939711	34.759937	0.563609
20.88	28.54	33.02	33.02	3.45	1.44	35.376289	33.936670	34.755818	0.563581
20.88	28.54	33.01	33.01	3.45	1.44	35.371101	33.933629	34.751698	0.563553
20.89	28.54	33.01	33.01	3.45	1.44	35.365912	33.930588	34.747579	0.563524
20.89	28.54	33.00	33.00	3.45	1.44	35.360724	33.927546	34.743460	0.563496
20.89	28.54	32.99	32.99	3.45	1.44	35.355537	33.924504	34.739340	0.563467
20.89	28.54	32.98	32.98	3.45	1.44	35.350349	33.921462	34.735221	0.563439
20.90	28.54	32.98	32.98	3.45	1.43	35.345162	33.918419	34.731102	0.563411
20.90	28.54	32.97	32.97	3.45	1.43	35.339975	33.915376	34.726983	0.563382
20.90	28.54	32.96	32.96	3.45	1.43	35.334788	33.912333	34.722863	0.563354
20.91	28.54	32.95	32.95	3.45	1.43	35.329602	33.909289	34.718744	0.563325
20.91	28.54	32.95	32.95	3.45	1.43	35.324416	33.906245	34.714625	0.563296
20.91	28.54	32.94	32.94	3.45	1.43	35.319230	33.903200	34.710505	0.563268
20.91	28.54	32.93	32.93	3.45	1.43	35.314044	33.900155	34.706386	0.563239
20.92	28.54	32.92	32.92	3.45	1.43	35.308859	33.897110	34.702267	0.563211
20.92	28.54	32.92	32.92	3.45	1.43	35.303673	33.894064	34.698147	0.563182
20.92	28.54	32.91	32.91	3.45	1.43	35.298488	33.891018	34.694028	0.563153
20.93	28.54	32.90	32.90	3.45	1.43	35.293304	33.887972	34.689909	0.563125
20.93	28.54	32.89	32.89	3.45	1.43	35.288119	33.884926	34.685789	0.563096
20.93	28.54	32.89	32.89	3.45	1.43	35.282935	33.881879	34.681670	0.563067
20.93	28.54	32.88	32.88	3.45	1.43	35.277751	33.878831	34.677550	0.563039
20.94	28.54	32.87	32.87	3.45	1.43	35.272567	33.875784	34.673431	0.563010
20.94	28.54	32.86	32.86	3.45	1.43	35.267383	33.872736	34.669312	0.562981
20.94	28.54	32.86	32.86	3.45	1.43	35.262199	33.869687	34.665192	0.562952
20.94	28.54	32.85	32.85	3.45	1.42	35.257016	33.866639	34.661072	0.562923
20.95	28.54	32.84	32.84	3.45	1.42	35.251833	33.863590	34.656953	0.562895
20.95	28.54	32.83	32.83	3.45	1.42	35.246650	33.860540	34.652833	0.562866
20.95	28.54	32.83	32.83	3.45	1.42	35.241467	33.857491	34.648714	0.562837
20.96	28.54	32.82	32.82	3.45	1.42	35.236285	33.854441	34.644594	0.562808
20.96	28.54	32.81	32.81	3.45	1.42	35.231102	33.851391	34.640474	0.562779
20.96	28.54	32.80	32.80	3.45	1.42	35.225920	33.848340	34.636355	0.562750
20.96	28.54	32.80	32.80	3.45	1.42	35.220738	33.845289	34.632235	0.562721
20.97	28.54	32.79	32.79	3.45	1.42	35.215556	33.842238	34.628115	0.562692
20.97	28.54	32.78	32.78	3.45	1.42	35.210374	33.839186	34.623995	0.562663
20.97	28.54	32.77	32.77	3.45	1.42	35.205192	33.836134	34.619875	0.562634
20.98	28.54	32.77	32.77	3.45	1.42	35.200011	33.833082	34.615755	0.562605
20.98	28.54	32.76	32.76	3.45	1.42	35.194830	33.830029	34.611635	0.562576
20.98	28.54	32.75	32.75	3.45	1.42	35.189648	33.826976	34.607515	0.562547
20.98	28.54	32.74	32.74	3.45	1.42	35.184467	33.823923	34.603395	0.562518
20.99	28.54	32.74	32.74	3.45	1.42	35.179286	33.820870	34.599275	0.562489
20.99	28.54	32.73	32.73	3.45	1.42	35.174105	33.817816	34.595155	0.562460
20.99	28.54	32.72	32.72	3.45	1.41	35.168925	33.814762	34.591035	0.562431
20.99	28.54	32.71	32.71	3.45	1.41	35.163744	33.811707	34.586914	0.562401
21.00	28.54	32.71	32.71	3.45	1.41	35.158564	33.808652	34.582794	0.562372
21.00	28.54	32.70	32.70	3.45	1.41	35.153383	33.805597	34.578673	0.562343
21.00	28.54	32.69	32.69	3.45	1.41	35.148203	33.802542	34.574553	0.562314
21.01	28.54	32.68	32.68	3.45	1.41	35.143023	33.799486	34.570432	0.562284
21.01	28.54	32.68	32.68	3.45	1.41	35.137843	33.796430	34.566312	0.562255
21.01	28.54	32.67	32.67	3.45	1.41	35.132663	33.793374	34.562191	0.562226
21.01	28.54	32.66	32.66	3.45	1.41	35.127483	33.790317	34.558070	0.562196
21.02	28.54	32.65	32.65	3.45	1.41	35.122303	33.787260	34.553950	0.562167
21.02	28.54	32.65	32.65	3.45	1.41	35.117123	33.784203	34.549829	0.562138
21.02	28.54	32.64	32.64	3.45	1.41	35.111943	33.781145	34.545708	0.562108
21.02	28.54	32.63	32.63	3.45	1.41	35.106764	33.778088	34.541587	0.562079
21.03	28.54	32.62	32.62	3.45	1.41	35.101584	33.775029	34.537465	0.562049
21.03	28.54	32.62	32.62	3.45	1.41	35.096405	33.771971	34.533344	0.562020
21.03	28.54	32.61	32.61	3.45	1.41	35.091225	33.768912	34.529223	0.561990
21.04	28.54	32.60	32.60	3.44	1.40	35.086046	33.765853	34.525102	0.561961
21.04	28.54	32.59	32.59	3.44	1.40	35.080867	33.762794	34.520980	0.561931
21.04	28.54	32.58	32.58	3.44	1.40	35.075687	33.759734	34.516859	0.561902
21.04	28.54	32.58	32.58	3.44	1.40	35.070508	33.756674	34.512737	0.561872
21.05	28.54	32.57	32.57	3.44	1.40	35.065329	33.753614	34.508615	0.561842
21.05	28.54	32.56	32.56	3.44	1.40	35.060150	33.750554	34.504494	0.561813
21.05	28.54	32.55	32.55	3.44	1.40	35.054971	33.747493	34.500372	0.561783
21.06	28.54	32.55	32.55	3.44	1.40	35.049792	33.744432	34.496250	0.561753
21.06	28.54	32.54	32.54	3.44	1.40	35.044613	33.741370	34.492128	0.561724
21.06	28.54	32.53	32.53	3.44	1.40	35.039434	33.738309	34.488006	0.561694
21.06	28.54	32.52	32.52	3.44	1.40	35.034255	33.735247	34.483883	0.561664
21.07	28.54	32.52	32.52	3.44	1.40	35.029075	33.732184	34.479761	0.561634
21.07	28.54	32.51	32.51	3.44	1.40	35.023896	33.729122	34.475639	0.561604
21.07	28.54	32.50	32.50	3.44	1.40	35.018717	33.726059	34.471516	0.561574
21.07	28.54	32.49	32.49	3.44	1.40	35.013538	33.722996	34.467393	0.561545
21.08	28.54	32.49	32.49	3.44	1.40	35.008359	33.719933	34.463271	0.561515
21.08	28.54	32.48	32.48	3.44	1.40	35.003180	33.716869	34.459148	0.561485
21.08	28.54	32.47	32.47	3.44	1.39	34.998001	33.713805	34.455025	0.561455
21.09	28.54	32.46	32.46	3.44	1.39	34.992822	33.710741	34.450902	0.561425
21.09	28.54	32.46	32.46	3.44	1.39	34.987643	33.707676	34.446779	0.561395
21.09	28.54	32.45	32.45	3.44	1.39	34.982464	33.704612	34.442655	0.561365
21.09	28.54	32.44	32.44	3.44	1.39	34.977285	33.701546	34.438532	0.561335
21.10	28.54	32.43	32.43	3.44	1.39	34.972106	33.698481	34.434409	0.561304
21.10	28.54	32.43	32.43	3.44	1.39	34.966927	33.695416	34.430285	0.561274
21.10	28.54	32.42	32.42	3.44	1.39	34.961748	33.692350	34.426161	0.561244
21.11	28.54	32.41	32.41	3.44	1.39	34.956569	33.689284	34.422037	0.561214
21.11	28.54	32.40	32.40	3.44	1.39	34.951389	33.686217	34.417913	0.561184
21.11	28.54	32.39	32.39	3.44	1.39	34.946210	33.683150	34.413789	0.561154
21.11	28.54	32.39	32.39	3.44	1.39	34.941031	33.680083	34.409665	0.561123
21.12	28.54	32.38	32.38	3.44	1.39	34.935851	33.677016	34.405541	0.561093
21.12	28.54	32.37	32.37	3.44	1.39	34.930672	33.673949	34.401416	0.561063
21.12	28.54	32.36	32.36	3.44	1.39	34.925492	33.670881	34.397292	0.561032
21.12	28.54	32.36	32.36	3.44	1.38	34.920313	33.667813	34.393167	0.561002
21.13	28.54	32.35	32.35	3.44	1.38	34.915133	33.664745	34.389042	0.560972
21.13	28.54	32.34	32.34	3.44	1.38	34.909954	33.661676	34.384917	0.560941
21.13	28.54	32.33	32.33	3.44	1.38	34.904774	33.658607	34.380792	0.560911
21.14	28.54	32.33	32.33	3.44	1.38	34.899594	33.655538	34.376667	0.560880
21.14	28.54	32.32	32.32	3.44	1.38	34.894414	33.652469	34.372542	0.560850
21.14	28.54	32.31	32.31	3.44	1.38	34.889234	33.649399	34.368416	0.560819
21.14	28.54	32.30	32.30	3.44	1.38	34.884054	33.646329	34.364291	0.560789
21.15	28.54	32.30	32.30	3.44	1.38	34.878874	33.643259	34.360165	0.560758
21.15	28.54	32.29	32.29	3.44	1.38	34.873694	33.640189	34.356039	0.560727
21.15	28.54	32.28	32.28	3.44	1.38	34.868513	33.637118	34.351913	0.560697
21.16	28.54	32.27	32.27	3.44	1.38	34.863333	33.634047	34.347787	0.560666
21.16	28.54	32.26	32.26	3.44	1.38	34.858152	33.630976	34.343660	0.560635
21.16	28.54	32.26	32.26	3.44	1.38	34.852972	33.627904	34.339534	0.560604
21.16	28.54	32.25	32.25	3.44	1.38	34.847791	33.624833	34.335407	0.560574
21.17	28.54	32.24	32.24	3.44	1.38	34.842610	33.621761	34.331281	0.560543
21.17	28.54	32.23	32.23	3.44	1.37	34.837429	33.618689	34.327154	0.560512
21.17	28.54	32.23	32.23	3.44	1.37	34.832248	33.615616	34.323027	0.560481
21.18	28.54	32.22	32.22	3.44	1.37	34.827067	33.612543	34.318900	0.560450
21.18	28.54	32.21	32.21	3.44	1.37	34.821886	33.609470	34.314772	0.560419
21.18	28.54	32.20	32.20	3.44	1.37	34.816704	33.606397	34.310645	0.560388
21.18	28.54	32.20	32.20	3.44	1.37	34.811523	33.603324	34.306517	0.560357
21.19	28.54	32.19	32.19	3.44	1.37	34.806341	33.600250	34.302389	0.560326
21.19	28.54	32.18	32.18	3.44	1.37	34.801159	33.597176	34.298261	0.560295
21.19	28.54	32.17	32.17	3.44	1.37	34.795977	33.594102	34.294133	0.560264
21.19	28.54	32.16	32.16	3.44	1.37	34.790795	33.591027	34.290005	0.560233
21.20	28.54	32.16	32.16	3.44	1.37	34.785613	33.587953	34.285876	0.560202
21.20	28.54	32.15	32.15	3.44	1.37	34.780431	33.584878	34.281748	0.560171
21.20	28.54	32.14	32.14	3.44	1.37	34.775248	33.581802	34.277619	0.560139
21.21	28.54	32.13	32.13	3.44	1.37	34.770065	33.578727	34.273490	0.560108
21.21	28.54	32.13	32.13	3.44	1.37	34.764883	33.575651	34.269361	0.560077
21.21	28.54	32.12	32.12	3.44	1.36	34.759700	33.572575	34.265232	0.560046
21.21	28.54	32.11	32.11	3.44	1.36	34.754516	33.569499	34.261102	0.560014
21.22	28.54	32.10	32.10	3.44	1.36	34.749333	33.566423	34.256973	0.559983
21.22	28.54	32.10	32.10	3.44	1.36	34.744150	33.563346	34.252843	0.559951
21.22	28.54	32.09	32.09	3.44	1.36	34.738966	33.560269	34.248713	0.559920
21.23	28.54	32.08	32.08	3.44	1.36	34.733782	33.557192	34.244583	0.559888
21.23	28.54	32.07	32.07	3.44	1.36	34.728598	33.554114	34.240453	0.559857
21.23	28.54	32.06	32.06	3.44	1.36	34.723414	33.551037	34.236322	0.559825
21.23	28.54	32.06	32.06	3.44	1.36	34.718230	33.547959	34.232192	0.559794
21.24	28.54	32.05	32.05	3.43	1.36	34.713045	33.544881	34.228061	0.559762
21.24	28.54	32.04	32.04	3.43	1.36	34.707860	33.541802	34.223930	0.559731
21.24	28.54	32.03	32.03	3.43	1.36	34.702676	33.538724	34.219799	0.559699
21.24	28.54	32.03	32.03	3.43	1.36	34.697490	33.535645	34.215667	0.559667
21.25	28.54	32.02	32.02	3.43	1.36	34.692305	33.532566	34.211536	0.559635
21.25	28.54	32.01	32.01	3.43	1.36	34.687120	33.529486	34.207404	0.559604
21.25	28.54	32.00	32.00	3.43	1.35	34.681934	33.526407	34.203272	0.559572
21.26	28.54	32.00	32.00	3.43	1.35	34.676748	33.523327	34.199140	0.559540
21.26	28.54	31.99	31.99	3.43	1.35	34.671562	33.520247	34.195008	0.559508
21.26	28.54	31.98	31.98	3.43	1.35	34.666376	33.517167	34.190876	0.559476
21.26	28.54	31.97	31.97	3.43	1.35	34.661189	33.514086	34.186743	0.559444
21.27	28.54	31.96	31.96	3.43	1.35	34.656003	33.511005	34.182610	0.559412
21.27	28.54	31.96	31.96	3.43	1.35	34.650816	33.507924	34.178477	0.559380
21.27	28.54	31.95	31.95	3.43	1.35	34.645629	33.504843	34.174344	0.559348
21.27	28.54	31.94	31.94	3.43	1.35	34.640441	33.501762	34.170210	0.559316
21.28	28.54	31.93	31.93	3.43	1.35	34.635254	33.498680	34.166077	0.559284
21.28	28.54	31.93	31.93	3.43	1.35	34.630066	33.495598	34.161943	0.559252
21.28	28.54	31.92	31.92	3.43	1.35	34.624878	33.492516	34.157809	0.559219
21.29	28.54	31.91	31.91	3.43	1.35	34.619690	33.489434	34.153675	0.559187
21.29	28.54	31.90	31.90	3.43	1.35	34.614501	33.486351	34.149541	0.559155
21.29	28.54	31.89	31.89	3.43	1.35	34.609312	33.483268	34.145406	0.559123
21.29	28.54	31.89	31.89	3.43	1.34	34.604123	33.480185	34.141271	0.559090
21.30	28.54	31.88	31.88	3.43	1.34	34.598934	33.477102	34.137136	0.559058
21.30	28.54	31.87	31.87	3.43	1.34	34.593745	33.474018	34.133001	0.559025
21.30	28.54	31.86	31.86	3.43	1.34	34.588555	33.470935	34.128866	0.558993
21.31	28.54	31.86	31.86	3.43	1.34	34.583365	33.467851	34.124730	0.558960
21.31	28.54	31.85	31.85	3.43	1.34	34.578175	33.464766	34.120594	0.558928
21.31	28.54	31.84	31.84	3.43	1.34	34.572985	33.461682	34.116458	0.558895
21.31	28.54	31.83	31.83	3.43	1.34	34.567794	33.458597	34.112322	0.558863
21.32	28.54	31.82	31.82	3.43	1.34	34.562603	33.455512	34.108186	0.558830
21.32	28.54	31.82	31.82	3.43	1.34	34.557412	33.452427	34.104049	0.558797
21.32	28.54	31.81	31.81	3.43	1.34	34.552220	33.449342	34.099912	0.558765
21.32	28.54	31.80	31.80	3.43	1.34	34.547029	33.446256	34.095775	0.558732
21.33	28.54	31.79	31.79	3.43	1.34	34.541837	33.443171	34.091638	0.558699
21.33	28.54	31.79	31.79	3.43	1.34	34.536644	33.440085	34.087500	0.558666
21.33	28.54	31.78	31.78	3.43	1.34	34.531452	33.436998	34.083363	0.558633
21.34	28.54	31.77	31.77	3.43	1.33	34.526259	33.433912	34.079225	0.558600
21.34	28.54	31.76	31.76	3.43	1.33	34.521066	33.430825	34.075086	0.558567
21.34	28.54	31.76	31.76	3.43	1.33	34.515873	33.427738	34.070948	0.558534
21.34	28.54	31.75	31.75	3.43	1.33	34.510679	33.424651	34.066810	0.558501
21.35	28.54	31.74	31.74	3.43	1.33	34.505485	33.421564	34.062671	0.558468
21.35	28.54	31.73	31.73	3.43	1.33	34.500291	33.418476	34.058532	0.558435
21.35	28.54	31.72	31.72	3.43	1.33	34.495096	33.415388	34.054392	0.558402
21.36	28.54	31.72	31.72	3.43	1.33	34.489902	33.412300	34.050253	0.558369
21.36	28.54	31.71	31.71	3.43	1.33	34.484707	33.409212	34.046113	0.558336
21.36	28.54	31.70	31.70	3.43	1.33	34.479511	33.406124	34.041973	0.558302
21.36	28.54	31.69	31.69	3.43	1.33	34.474316	33.403035	34.037833	0.558269
21.37	28.54	31.68	31.68	3.43	1.33	34.469120	33.399946	34.033693	0.558236
21.37	28.54	31.68	31.68	3.43	1.33	34.463923	33.396857	34.029552	0.558202
21.37	28.54	31.67	31.67	3.43	1.33	34.458727	33.393768	34.025411	0.558169
21.38	28.54	31.66	31.66	3.43	1.32	34.453530	33.390678	34.021270	0.558135
21.38	28.54	31.65	31.65	3.43	1.32	34.448333	33.387588	34.017129	0.558102
21.38	28.54	31.65	31.65	3.43	1.32	34.443135	33.384498	34.012988	0.558068
21.38	28.54	31.64	31.64	3.43	1.32	34.437938	33.381408	34.008846	0.558034
21.39	28.54	31.63	31.63	3.43	1.32	34.432740	33.378318	34.004704	0.558001
21.39	28.54	31.62	31.62	3.43	1.32	34.427541	33.375227	34.000562	0.557967
21.39	28.54	31.61	31.61	3.43	1.32	34.422342	33.372136	33.996419	0.557933
21.39	28.54	31.61	31.61	3.43	1.32	34.417143	33.369045	33.992276	0.557899
21.40	28.54	31.60	31.60	3.43	1.32	34.411944	33.365954	33.988134	0.557866
21.40	28.54	31.59	31.59	3.43	1.32	34.406744	33.362862	33.983990	0.557832
21.40	28.54	31.58	31.58	3.43	1.32	34.401544	33.359771	33.979847	0.557798
21.41	28.54	31.58	31.58	3.43	1.32	34.396344	33.356679	33.975703	0.557764
21.41	28.54	31.57	31.57	3.43	1.32	34.391143	33.353587	33.971559	0.557730
21.41	28.54	31.56	31.56	3.43	1.32	34.385942	33.350494	33.967415	0.557696
21.41	28.54	31.55	31.55	3.43	1.31	34.380741	33.347402	33.963271	0.557662
21.42	28.54	31.54	31.54	3.43	1.31	34.375539	33.344309	33.959126	0.557628
21.42	28.54	31.54	31.54	3.43	1.31	34.370337	33.341216	33.954981	0.557593
21.42	28.54	31.53	31.53	3.43	1.31	34.365135	33.338123	33.950836	0.557559
21.43	28.54	31.52	31.52	3.43	1.31	34.359932	33.335029	33.946691	0.557525
21.43	28.54	31.51	31.51	3.43	1.31	34.354729	33.331936	33.942545	0.557491
21.43	28.54	31.51	31.51	3.43	1.31	34.349526	33.328842	33.938399	0.557456
21.43	28.54	31.50	31.50	3.43	1.31	34.344322	33.325748	33.934253	0.557422
21.44	28.54	31.49	31.49	3.42	1.31	34.339118	33.322654	33.930107	0.557387
21.44	28.54	31.48	31.48	3.42	1.31	34.333914	33.319559	33.925960	0.557353
21.44	28.54	31.47	31.47	3.42	1.31	34.328709	33.316464	33.921813	0.557318
21.44	28.54	31.47	31.47	3.42	1.31	34.323504	33.313370	33.917666	0.557284
21.45	28.54	31.46	31.46	3.42	1.31	34.318298	33.310274	33.913519	0.557249
21.45	28.54	31.45	31.45	3.42	1.30	34.313092	33.307179	33.909371	0.557214
21.45	28.54	31.44	31.44	3.42	1.30	34.307886	33.304084	33.905223	0.557180
21.46	28.54	31.43	31.43	3.42	1.30	34.302680	33.300988	33.901075	0.557145
21.46	28.54	31.43	31.43	3.42	1.30	34.297473	33.297892	33.896927	0.557110
21.46	28.54	31.42	31.42	3.42	1.30	34.292265	33.294796	33.892778	0.557075
21.46	28.54	31.41	31.41	3.42	1.30	34.287058	33.291699	33.888629	0.557040
21.47	28.54	31.40	31.40	3.42	1.30	34.281850	33.288603	33.884480	0.557005
21.47	28.54	31.40	31.40	3.42	1.30	34.276641	33.285506	33.880330	0.556970
21.47	28.54	31.39	31.39	3.42	1.30	34.271432	33.282409	33.876181	0.556935
21.48	28.54	31.38	31.38	3.42	1.30	34.266223	33.279312	33.872031	0.556900
21.48	28.54	31.37	31.37	3.42	1.30	34.261014	33.276214	33.867881	0.556865
21.48	28.54	31.36	31.36	3.42	1.30	34.255804	33.273117	33.863730	0.556830
21.48	28.54	31.36	31.36	3.42	1.30	34.250594	33.270019	33.859579	0.556794
21.49	28.54	31.35	31.35	3.42	1.30	34.245383	33.266921	33.855428	0.556759
21.49	28.54	31.34	31.34	3.42	1.29	34.240172	33.263823	33.851277	0.556724
21.49	28.54	31.33	31.33	3.42	1.29	34.234960	33.260724	33.847125	0.556688
21.49	28.54	31.32	31.32	3.42	1.29	34.229749	33.257625	33.842974	0.556653
21.50	28.54	31.32	31.32	3.42	1.29	34.224536	33.254527	33.838821	0.556617
21.50	28.54	31.31	31.31	3.42	1.29	34.219324	33.251428	33.834669	0.556582
21.50	28.54	31.30	31.30	3.42	1.29	34.214111	33.248328	33.830516	0.556546
21.51	28.54	31.29	31.29	3.42	1.29	34.208897	33.245229	33.826363	0.556510
21.51	28.54	31.29	31.29	3.42	1.29	34.203684	33.242129	33.822210	0.556475
21.51	28.54	31.28	31.28	3.42	1.29	34.198469	33.239029	33.818057	0.556439
21.51	28.54	31.27	31.27	3.42	1.29	34.193255	33.235929	33.813903	0.556403
21.52	28.54	31.26	31.26	3.42	1.29	34.188040	33.232829	33.809749	0.556367
21.52	28.54	31.25	31.25	3.42	1.29	34.182824	33.229728	33.805595	0.556331
21.52	28.54	31.25	31.25	3.42	1.29	34.177609	33.226628	33.801440	0.556295
21.52	28.54	31.24	31.24	3.42	1.28	34.172392	33.223527	33.797285	0.556259
21.53	28.54	31.23	31.23	3.42	1.28	34.167176	33.220426	33.793130	0.556223
21.53	28.54	31.22	31.22	3.42	1.28	34.161959	33.217324	33.788975	0.556187
21.53	28.54	31.21	31.21	3.42	1.28	34.156741	33.214223	33.784819	0.556151
21.54	28.54	31.21	31.21	3.42	1.28	34.151524	33.211121	33.780663	0.556114
21.54	28.54	31.20	31.20	3.42	1.28	34.146305	33.208019	33.776507	0.556078
21.54	28.54	31.19	31.19	3.42	1.28	34.141087	33.204917	33.772350	0.556042
21.54	28.54	31.18	31.18	3.42	1.28	34.135868	33.201814	33.768193	0.556005
21.55	28.54	31.17	31.17	3.42	1.28	34.130648	33.198712	33.764036	0.555969
21.55	28.54	31.17	31.17	3.42	1.28	34.125428	33.195609	33.759879	0.555932
21.55	28.54	31.16	31.16	3.42	1.28	34.120208	33.192506	33.755721	0.555896
21.56	28.54	31.15	31.15	3.42	1.28	34.114987	33.189403	33.751563	0.555859
21.56	28.54	31.14	31.14	3.42	1.27	34.109766	33.186300	33.747405	0.555823
21.56	28.54	31.14	31.14	3.42	1.27	34.104544	33.183196	33.743247	0.555786
21.56	28.54	31.13	31.13	3.42	1.27	34.099322	33.180092	33.739088	0.555749
21.57	28.54	31.12	31.12	3.42	1.27	34.094100	33.176988	33.734929	0.555712
21.57	28.54	31.11	31.11	3.42	1.27	34.088877	33.173884	33.730769	0.555675
21.57	28.54	31.10	31.10	3.42	1.27	34.083653	33.170780	33.726610	0.555638
21.57	28.54	31.10	31.10	3.42	1.27	34.078430	33.167675	33.722450	0.555601
21.58	28.54	31.09	31.09	3.42	1.27	34.073205	33.164570	33.718289	0.555564
21.58	28.54	31.08	31.08	3.42	1.27	34.067981	33.161465	33.714129	0.555527
21.58	28.54	31.07	31.07	3.42	1.27	34.062756	33.158360	33.709968	0.555490
21.59	28.54	31.06	31.06	3.42	1.27	34.057530	33.155255	33.705807	0.555453
21.59	28.54	31.06	31.06	3.42	1.27	34.052304	33.152149	33.701645	0.555415
21.59	28.54	31.05	31.05	3.42	1.27	34.047078	33.149044	33.697484	0.555378
21.59	28.54	31.04	31.04	3.42	1.26	34.041851	33.145938	33.693322	0.555340
21.60	28.54	31.03	31.03	3.42	1.26	34.036624	33.142831	33.689159	0.555303
21.60	28.54	31.02	31.02	3.42	1.26	34.031396	33.139725	33.684997	0.555265
21.60	28.54	31.02	31.02	3.42	1.26	34.026168	33.136618	33.680834	0.555228
21.61	28.54	31.01	31.01	3.42	1.26	34.020939	33.133512	33.676671	0.555190
21.61	28.54	31.00	31.00	3.42	1.26	34.015710	33.130405	33.672507	0.555152
21.61	28.54	30.99	30.99	3.42	1.26	34.010481	33.127297	33.668343	0.555115
21.61	28.54	30.99	30.99	3.42	1.26	34.005251	33.124190	33.664179	0.555077
21.62	28.54	30.98	30.98	3.42	1.26	34.000020	33.121082	33.660015	0.555039
21.62	28.54	30.97	30.97	3.42	1.26	33.994789	33.117975	33.655850	0.555001
21.62	28.54	30.96	30.96	3.42	1.26	33.989558	33.114867	33.651685	0.554963
21.62	28.54	30.95	30.95	3.42	1.26	33.984326	33.111758	33.647520	0.554925
21.63	28.54	30.95	30.95	3.42	1.25	33.979094	33.108650	33.643354	0.554887
21.63	28.54	30.94	30.94	3.42	1.25	33.973861	33.105541	33.639188	0.554848
21.63	28.54	30.93	30.93	3.42	1.25	33.968628	33.102433	33.635022	0.554810
21.64	28.54	30.92	30.92	3.41	1.25	33.963394	33.099324	33.630855	0.554772
21.64	28.54	30.91	30.91	3.41	1.25	33.958160	33.096214	33.626688	0.554733
21.64	28.54	30.91	30.91	3.41	1.25	33.952926	33.093105	33.622521	0.554695
21.64	28.54	30.90	30.90	3.41	1.25	33.947691	33.089995	33.618354	0.554656
21.65	28.54	30.89	30.89	3.41	1.25	33.942455	33.086886	33.614186	0.554618
21.65	28.54	30.88	30.88	3.41	1.25	33.937219	33.083776	33.610018	0.554579
21.65	28.54	30.87	30.87	3.41	1.25	33.931983	33.080666	33.605850	0.554540
21.66	28.54	30.87	30.87	3.41	1.25	33.926746	33.077555	33.601681	0.554502
21.66	28.54	30.86	30.86	3.41	1.25	33.921508	33.074445	33.597512	0.554463
21.66	28.54	30.85	30.85	3.41	1.24	33.916271	33.071334	33.593343	0.554424
21.66	28.54	30.84	30.84	3.41	1.24	33.911032	33.068223	33.589173	0.554385
21.67	28.54	30.83	30.83	3.41	1.24	33.905793	33.065112	33.585003	0.554346
21.67	28.54	30.83	30.83	3.41	1.24	33.900554	33.062000	33.580833	0.554307
21.67	28.54	30.82	30.82	3.41	1.24	33.895314	33.058889	33.576662	0.554267
21.68	28.54	30.81	30.81	3.41	1.24	33.890074	33.055777	33.572491	0.554228
21.68	28.54	30.80	30.80	3.41	1.24	33.884833	33.052665	33.568320	0.554189
21.68	28.54	30.79	30.79	3.41	1.24	33.879592	33.049553	33.564149	0.554149
21.68	28.54	30.79	30.79	3.41	1.24	33.874350	33.046440	33.559977	0.554110
21.69	28.54	30.78	30.78	3.41	1.24	33.869108	33.043328	33.555805	0.554070
21.69	28.54	30.77	30.77	3.41	1.24	33.863866	33.040215	33.551632	0.554031
21.69	28.54	30.76	30.76	3.41	1.23	33.858622	33.037102	33.547459	0.553991
21.69	28.54	30.75	30.75	3.41	1.23	33.853379	33.033989	33.543286	0.553951
21.70	28.54	30.75	30.75	3.41	1.23	33.848135	33.030876	33.539113	0.553912
21.70	28.54	30.74	30.74	3.41	1.23	33.842890	33.027762	33.534939	0.553872
21.70	28.54	30.73	30.73	3.41	1.23	33.837645	33.024648	33.530765	0.553832
21.71	28.54	30.72	30.72	3.41	1.23	33.832399	33.021534	33.526591	0.553792
21.71	28.54	30.71	30.71	3.41	1.23	33.827153	33.018420	33.522416	0.553752
21.71	28.54	30.71	30.71	3.41	1.23	33.821907	33.015306	33.518241	0.553712
21.71	28.54	30.70	30.70	3.41	1.23	33.816660	33.012191	33.514066	0.553671
21.72	28.54	30.69	30.69	3.41	1.23	33.811412	33.009076	33.509890	0.553631
21.72	28.54	30.68	30.68	3.41	1.23	33.806164	33.005962	33.505714	0.553591
21.72	28.54	30.68	30.68	3.41	1.23	33.800915	33.002846	33.501538	0.553550
21.73	28.54	30.67	30.67	3.41	1.22	33.795666	32.999731	33.497361	0.553510
21.73	28.54	30.66	30.66	3.41	1.22	33.790417	32.996615	33.493184	0.553469
21.73	28.54	30.65	30.65	3.41	1.22	33.785166	32.993500	33.489007	0.553428
21.73	28.54	30.64	30.64	3.41	1.22	33.779916	32.990384	33.484830	0.553388
21.74	28.54	30.64	30.64	3.41	1.22	33.774665	32.987268	33.480652	0.553347
21.74	28.54	30.63	30.63	3.41	1.22	33.769413	32.984151	33.476473	0.553306
21.74	28.54	30.62	30.62	3.41	1.22	33.764161	32.981035	33.472295	0.553265
21.74	28.54	30.61	30.61	3.41	1.22	33.758908	32.977918	33.468116	0.553224
21.75	28.54	30.60	30.60	3.41	1.22	33.753655	32.974801	33.463937	0.553183
21.75	28.54	30.60	30.60	3.41	1.22	33.748402	32.971684	33.459757	0.553142
21.75	28.54	30.59	30.59	3.41	1.22	33.743148	32.968567	33.455577	0.553100
21.76	28.54	30.58	30.58	3.41	1.21	33.737893	32.965449	33.451397	0.553059
21.76	28.54	30.57	30.57	3.41	1.21	33.732638	32.962332	33.447217	0.553017
21.76	28.54	30.56	30.56	3.41	1.21	33.727382	32.959214	33.443036	0.552976
21.76	28.54	30.56	30.56	3.41	1.21	33.722126	32.956096	33.438855	0.552934
21.77	28.54	30.55	30.55	3.41	1.21	33.716869	32.952977	33.434673	0.552893
21.77	28.54	30.54	30.54	3.41	1.21	33.711612	32.949859	33.430491	0.552851
21.77	28.54	30.53	30.53	3.41	1.21	33.706354	32.946740	33.426309	0.552809
21.77	28.54	30.52	30.52	3.41	1.21	33.701096	32.943621	33.422126	0.552767
21.78	28.54	30.52	30.52	3.41	1.21	33.695837	32.940502	33.417944	0.552725
21.78	28.54	30.51	30.51	3.41	1.21	33.690578	32.937383	33.413760	0.552683
21.78	28.54	30.50	30.50	3.41	1.21	33.685318	32.934263	33.409577	0.552641
21.79	28.54	30.49	30.49	3.41	1.20	33.680058	32.931144	33.405393	0.552599
21.79	28.54	30.48	30.48	3.41	1.20	33.674797	32.928024	33.401209	0.552556
21.79	28.54	30.48	30.48	3.41	1.20	33.669536	32.924904	33.397024	0.552514
21.79	28.54	30.47	30.47	3.41	1.20	33.664274	32.921784	33.392840	0.552472
21.80	28.54	30.46	30.46	3.41	1.20	33.659011	32.918663	33.388654	0.552429
21.80	28.54	30.45	30.45	3.41	1.20	33.653748	32.915543	33.384469	0.552386
21.80	28.54	30.44	30.44	3.41	1.20	33.648485	32.912422	33.380283	0.552344
21.81	28.54	30.44	30.44	3.41	1.20	33.643221	32.909301	33.376097	0.552301
21.81	28.54	30.43	30.43	3.41	1.20	33.637956	32.906179	33.371910	0.552258
21.81	28.54	30.42	30.42	3.41	1.20	33.632691	32.903058	33.367723	0.552215
21.81	28.54	30.41	30.41	3.41	1.19	33.627426	32.899936	33.363536	0.552172
21.82	28.54	30.40	30.40	3.41	1.19	33.622159	32.896815	33.359349	0.552129
21.82	28.54	30.40	30.40	3.41	1.19	33.616893	32.893693	33.355161	0.552085
21.82	28.54	30.39	30.39	3.41	1.19	33.611626	32.890570	33.350973	0.552042
21.82	28.54	30.38	30.38	3.41	1.19	33.606358	32.887448	33.346784	0.551999
21.83	28.54	30.37	30.37	3.41	1.19	33.601090	32.884325	33.342595	0.551955
21.83	28.54	30.36	30.36	3.41	1.19	33.595821	32.881202	33.338406	0.551911
21.83	28.54	30.36	30.36	3.41	1.19	33.590552	32.878079	33.334216	0.551868
21.84	28.54	30.35	30.35	3.40	1.19	33.585282	32.874956	33.330027	0.551824
21.84	28.54	30.34	30.34	3.40	1.19	33.580011	32.871833	33.325836	0.551780
21.84	28.54	30.33	30.33	3.40	1.19	33.574740	32.868709	33.321646	0.551736
21.84	28.54	30.32	30.32	3.40	1.18	33.569469	32.865586	33.317455	0.551692
21.85	28.54	30.31	30.31	3.40	1.18	33.564197	32.862462	33.313263	0.551648
21.85	28.54	30.31	30.31	3.40	1.18	33.558924	32.859337	33.309072	0.551604
21.85	28.54	30.30	30.30	3.40	1.18	33.553651	32.856213	33.304880	0.551559
21.86	28.54	30.29	30.29	3.40	1.18	33.548378	32.853088	33.300688	0.551515
21.86	28.54	30.28	30.28	3.40	1.18	33.543103	32.849964	33.296495	0.551470
21.86	28.54	30.27	30.27	3.40	1.18	33.537829	32.846839	33.292302	0.551426
21.86	28.54	30.27	30.27	3.40	1.18	33.532554	32.843714	33.288109	0.551381
21.87	28.54	30.26	30.26	3.40	1.18	33.527278	32.840588	33.283915	0.551336
21.87	28.54	30.25	30.25	3.40	1.18	33.522001	32.837463	33.279721	0.551291
21.87	28.54	30.24	30.24	3.40	1.17	33.516724	32.834337	33.275527	0.551246
21.88	28.54	30.23	30.23	3.40	1.17	33.511447	32.831211	33.271332	0.551201
21.88	28.54	30.23	30.23	3.40	1.17	33.506169	32.828085	33.267137	0.551156
21.88	28.54	30.22	30.22	3.40	1.17	33.500891	32.824959	33.262941	0.551111
21.88	28.54	30.21	30.21	3.40	1.17	33.495611	32.821832	33.258746	0.551065
21.89	28.54	30.20	30.20	3.40	1.17	33.490332	32.818705	33.254549	0.551020
21.89	28.54	30.19	30.19	3.40	1.17	33.485052	32.815578	33.250353	0.550974
21.89	28.54	30.19	30.19	3.40	1.17	33.479771	32.812451	33.246156	0.550928
21.89	28.54	30.18	30.18	3.40	1.17	33.474490	32.809324	33.241959	0.550883
21.90	28.54	30.17	30.17	3.40	1.16	33.469208	32.806196	33.237762	0.550837
21.90	28.54	30.16	30.16	3.40	1.16	33.463925	32.803069	33.233564	0.550791
21.90	28.54	30.15	30.15	3.40	1.16	33.458643	32.799941	33.229366	0.550745
21.91	28.54	30.15	30.15	3.40	1.16	33.453359	32.796813	33.225167	0.550698
21.91	28.54	30.14	30.14	3.40	1.16	33.448075	32.793684	33.220968	0.550652
21.91	28.54	30.13	30.13	3.40	1.16	33.442790	32.790556	33.216769	0.550606
21.91	28.54	30.12	30.12	3.40	1.16	33.437505	32.787427	33.212569	0.550559
21.92	28.54	30.11	30.11	3.40	1.16	33.432220	32.784298	33.208369	0.550512
21.92	28.54	30.11	30.11	3.40	1.16	33.426933	32.781169	33.204169	0.550466
21.92	28.54	30.10	30.10	3.40	1.16	33.421646	32.778040	33.199969	0.550419
21.93	28.54	30.09	30.09	3.40	1.15	33.416359	32.774911	33.195768	0.550372
21.93	28.54	30.08	30.08	3.40	1.15	33.411071	32.771781	33.191566	0.550325
21.93	28.54	30.07	30.07	3.40	1.15	33.405783	32.768651	33.187365	0.550278
21.93	28.54	30.07	30.07	3.40	1.15	33.400494	32.765521	33.183162	0.550230
21.94	28.54	30.06	30.06	3.40	1.15	33.395204	32.762391	33.178960	0.550183
21.94	28.54	30.05	30.05	3.40	1.15	33.389914	32.759260	33.174757	0.550135
21.94	28.54	30.04	30.04	3.40	1.15	33.384623	32.756130	33.170554	0.550088
21.94	28.54	30.03	30.03	3.40	1.15	33.379332	32.752999	33.166351	0.550040
21.95	28.54	30.03	30.03	3.40	1.15	33.374040	32.749868	33.162147	0.549992
21.95	28.54	30.02	30.02	3.40	1.14	33.368747	32.746737	33.157943	0.549944
21.95	28.54	30.01	30.01	3.40	1.14	33.363454	32.743605	33.153738	0.549896
21.96	28.54	30.00	30.00	3.40	1.14	33.358161	32.740474	33.149534	0.549848
21.96	28.54	29.99	29.99	3.40	1.14	33.352867	32.737342	33.145328	0.549800
21.96	28.54	29.98	29.98	3.40	1.14	33.347572	32.734210	33.141123	0.549751
21.96	28.54	29.98	29.98	3.40	1.14	33.342277	32.731078	33.136917	0.549703
21.97	28.54	29.97	29.97	3.40	1.14	33.336981	32.727945	33.132711	0.549654
21.97	28.54	29.96	29.96	3.40	1.14	33.331685	32.724813	33.128504	0.549605
21.97	28.54	29.95	29.95	3.40	1.14	33.326388	32.721680	33.124297	0.549556
21.98	28.54	29.94	29.94	3.40	1.14	33.321090	32.718547	33.120090	0.549507
21.98	28.54	29.94	29.94	3.40	1.13	33.315792	32.715414	33.115882	0.549458
21.98	28.54	29.93	29.93	3.40	1.13	33.310493	32.712281	33.111674	0.549409
21.98	28.54	29.92	29.92	3.40	1.13	33.305194	32.709147	33.107466	0.549359
21.99	28.54	29.91	29.91	3.40	1.13	33.299894	32.706013	33.103257	0.549310
21.99	28.54	29.90	29.90	3.40	1.13	33.294594	32.702879	33.099048	0.549260
21.99	28.54	29.90	29.90	3.40	1.13	33.289293	32.699745	33.094838	0.549210
21.99	28.54	29.89	29.89	3.40	1.13	33.283992	32.696611	33.090629	0.549161
22.00	28.54	29.88	29.88	3.40	1.13	33.278690	32.693476	33.086418	0.549111
22.00	28.54	29.87	29.87	3.40	1.12	33.273387	32.690342	33.082208	0.549060
22.00	28.54	29.86	29.86	3.40	1.12	33.268084	32.687207	33.077997	0.549010
22.01	28.54	29.86	29.86	3.40	1.12	33.262780	32.684072	33.073786	0.548960
22.01	28.54	29.85	29.85	3.40	1.12	33.257476	32.680936	33.069574	0.548909
22.01	28.54	29.84	29.84	3.40	1.12	33.252171	32.677801	33.065362	0.548858
22.01	28.54	29.83	29.83	3.40	1.12	33.246865	32.674665	33.061150	0.548808
22.02	28.54	29.82	29.82	3.40	1.12	33.241559	32.671529	33.056937	0.548757
22.02	28.54	29.82	29.82	3.40	1.12	33.236252	32.668393	33.052724	0.548706
22.02	28.54	29.81	29.81	3.40	1.12	33.230945	32.665257	33.048511	0.548654
22.02	28.54	29.80	29.80	3.40	1.11	33.225637	32.662120	33.044297	0.548603
22.03	28.54	29.79	29.79	3.40	1.11	33.220329	32.658984	33.040083	0.548552
22.03	28.54	29.78	29.78	3.40	1.11	33.215020	32.655847	33.035869	0.548500
22.03	28.54	29.77	29.77	3.39	1.11	33.209710	32.652710	33.031654	0.548448
22.04	28.54	29.77	29.77	3.39	1.11	33.204400	32.649572	33.027439	0.548396
22.04	28.54	29.76	29.76	3.39	1.11	33.199090	32.646435	33.023223	0.548344
22.04	28.54	29.75	29.75	3.39	1.11	33.193778	32.643297	33.019007	0.548292
22.04	28.54	29.74	29.74	3.39	1.11	33.188466	32.640160	33.014791	0.548240
22.05	28.54	29.73	29.73	3.39	1.11	33.183154	32.637022	33.010574	0.548187
22.05	28.54	29.73	29.73	3.39	1.10	33.177841	32.633883	33.006357	0.548135
22.05	28.54	29.72	29.72	3.39	1.10	33.172527	32.630745	33.002140	0.548082
22.06	28.54	29.71	29.71	3.39	1.10	33.167213	32.627606	32.997922	0.548029
22.06	28.54	29.70	29.70	3.39	1.10	33.161898	32.624467	32.993704	0.547976
22.06	28.54	29.69	29.69	3.39	1.10	33.156583	32.621328	32.989486	0.547923
22.06	28.54	29.69	29.69	3.39	1.10	33.151267	32.618189	32.985267	0.547869
22.07	28.54	29.68	29.68	3.39	1.10	33.145951	32.615050	32.981048	0.547816
22.07	28.54	29.67	29.67	3.39	1.10	33.140634	32.611910	32.976829	0.547762
22.07	28.54	29.66	29.66	3.39	1.09	33.135316	32.608770	32.972609	0.547708
22.07	28.54	29.65	29.65	3.39	1.09	33.129998	32.605630	32.968389	0.547654
22.08	28.54	29.65	29.65	3.39	1.09	33.124679	32.602490	32.964168	0.547600
22.08	28.54	29.64	29.64	3.39	1.09	33.119359	32.599350	32.959947	0.547546
22.08	28.54	29.63	29.63	3.39	1.09	33.114039	32.596209	32.955726	0.547491
22.09	28.54	29.62	29.62	3.39	1.09	33.108719	32.593069	32.951505	0.547437
22.09	28.54	29.61	29.61	3.39	1.09	33.103398	32.589928	32.947283	0.547382
22.09	28.54	29.60	29.60	3.39	1.09	33.098076	32.586786	32.943060	0.547327
22.09	28.54	29.60	29.60	3.39	1.08	33.092754	32.583645	32.938838	0.547272
22.10	28.54	29.59	29.59	3.39	1.08	33.087431	32.580504	32.934615	0.547217
22.10	28.54	29.58	29.58	3.39	1.08	33.082107	32.577362	32.930391	0.547161
22.10	28.54	29.57	29.57	3.39	1.08	33.076783	32.574220	32.926167	0.547106
22.11	28.54	29.56	29.56	3.39	1.08	33.071458	32.571078	32.921943	0.547050
22.11	28.54	29.56	29.56	3.39	1.08	33.066133	32.567936	32.917719	0.546994
22.11	28.54	29.55	29.55	3.39	1.08	33.060807	32.564793	32.913494	0.546938
22.11	28.54	29.54	29.54	3.39	1.08	33.055481	32.561650	32.909269	0.546882
22.12	28.54	29.53	29.53	3.39	1.07	33.050154	32.558507	32.905043	0.546825
22.12	28.54	29.52	29.52	3.39	1.07	33.044826	32.555364	32.900817	0.546769
22.12	28.54	29.52	29.52	3.39	1.07	33.039498	32.552221	32.896591	0.546712
22.12	28.54	29.51	29.51	3.39	1.07	33.034169	32.549078	32.892364	0.546655
22.13	28.54	29.50	29.50	3.39	1.07	33.028840	32.545934	32.888137	0.546598
22.13	28.54	29.49	29.49	3.39	1.07	33.023510	32.542790	32.883910	0.546541
22.13	28.54	29.48	29.48	3.39	1.07	33.018179	32.539646	32.879682	0.546483
22.14	28.54	29.48	29.48	3.39	1.06	33.012848	32.536502	32.875454	0.546425
22.14	28.54	29.47	29.47	3.39	1.06	33.007516	32.533357	32.871226	0.546368
22.14	28.54	29.46	29.46	3.39	1.06	33.002184	32.530213	32.866997	0.546309
22.14	28.54	29.45	29.45	3.39	1.06	32.996851	32.527068	32.862768	0.546251
22.15	28.54	29.44	29.44	3.39	1.06	32.991518	32.523923	32.858539	0.546193
22.15	28.54	29.43	29.43	3.39	1.06	32.986183	32.520778	32.854309	0.546134
22.15	28.54	29.43	29.43	3.39	1.06	32.980849	32.517632	32.850078	0.546075
22.16	28.54	29.42	29.42	3.39	1.06	32.975513	32.514487	32.845848	0.546016
22.16	28.54	29.41	29.41	3.39	1.05	32.970178	32.511341	32.841617	0.545957
22.16	28.54	29.40	29.40	3.39	1.05	32.964841	32.508195	32.837386	0.545898
22.16	28.54	29.39	29.39	3.39	1.05	32.959504	32.505049	32.833154	0.545838
22.17	28.54	29.39	29.39	3.39	1.05	32.954166	32.501902	32.828922	0.545778
22.17	28.54	29.38	29.38	3.39	1.05	32.948828	32.498756	32.824690	0.545718
22.17	28.54	29.37	29.37	3.39	1.05	32.943489	32.495609	32.820457	0.545658
22.18	28.54	29.36	29.36	3.39	1.05	32.938150	32.492462	32.816224	0.545598
22.18	28.54	29.35	29.35	3.39	1.04	32.932810	32.489315	32.811991	0.545537
22.18	28.54	29.35	29.35	3.39	1.04	32.927469	32.486167	32.807757	0.545476
22.18	28.54	29.34	29.34	3.39	1.04	32.922128	32.483020	32.803523	0.545415
22.19	28.54	29.33	29.33	3.39	1.04	32.916786	32.479872	32.799288	0.545354
22.19	28.54	29.32	29.32	3.39	1.04	32.911444	32.476724	32.795053	0.545293
22.19	28.54	29.31	29.31	3.39	1.04	32.906101	32.473576	32.790818	0.545231
22.19	28.54	29.30	29.30	3.39	1.04	32.900757	32.470428	32.786582	0.545169
22.20	28.54	29.30	29.30	3.39	1.03	32.895413	32.467279	32.782347	0.545107
22.20	28.54	29.29	29.29	3.39	1.03	32.890068	32.464131	32.778110	0.545044
22.20	28.54	29.28	29.28	3.39	1.03	32.884723	32.460982	32.773874	0.544982
22.21	28.54	29.27	29.27	3.39	1.03	32.879377	32.457833	32.769637	0.544919
22.21	28.54	29.26	29.26	3.39	1.03	32.874030	32.454683	32.765399	0.544856
22.21	28.54	29.26	29.26	3.39	1.03	32.868683	32.451534	32.761162	0.544793
22.21	28.54	29.25	29.25	3.39	1.03	32.863335	32.448384	32.756924	0.544729
22.22	28.54	29.24	29.24	3.39	1.02	32.857987	32.445234	32.752685	0.544666
22.22	28.54	29.23	29.23	3.39	1.02	32.852638	32.442084	32.748446	0.544602
22.22	28.54	29.22	29.22	3.39	1.02	32.847288	32.438934	32.744207	0.544537
22.23	28.54	29.21	29.21	3.39	1.02	32.841938	32.435784	32.739968	0.544473
22.23	28.54	29.21	29.21	3.39	1.02	32.836587	32.432633	32.735728	0.544408
22.23	28.54	29.20	29.20	3.38	1.02	32.831236	32.429482	32.731488	0.544343
22.23	28.54	29.19	29.19	3.38	1.02	32.825884	32.426331	32.727247	0.544278
22.24	28.54	29.18	29.18	3.38	1.01	32.820531	32.423180	32.723006	0.544213
22.24	28.54	29.17	29.17	3.38	1.01	32.815178	32.420029	32.718765	0.544147
22.24	28.54	29.17	29.17	3.38	1.01	32.809824	32.416877	32.714524	0.544081
22.24	28.54	29.16	29.16	3.38	1.01	32.804470	32.413725	32.710282	0.544015
22.25	28.54	29.15	29.15	3.38	1.01	32.799115	32.410573	32.706039	0.543949
22.25	28.54	29.14	29.14	3.38	1.01	32.793760	32.407421	32.701797	0.543882
22.25	28.54	29.13	29.13	3.38	1.00	32.788403	32.404269	32.697554	0.543815
22.26	28.54	29.13	29.13	3.38	1.00	32.783047	32.401116	32.693310	0.543748
22.26	28.54	29.12	29.12	3.38	1.00	32.777689	32.397964	32.689067	0.543680
22.26	28.54	29.11	29.11	3.38	1.00	32.772331	32.394811	32.684823	0.543612
22.26	28.54	29.10	29.10	3.38	1.00	32.766973	32.391658	32.680578	0.543544
22.27	28.54	29.09	29.09	3.38	1.00	32.761614	32.388504	32.676333	0.543476
22.27	28.54	29.08	29.08	3.38	0.99	32.756254	32.385351	32.672088	0.543407
22.27	28.54	29.08	29.08	3.38	0.99	32.750893	32.382197	32.667843	0.543338
22.27	28.54	29.07	29.07	3.38	0.99	32.745533	32.379043	32.663597	0.543269
22.28	28.54	29.06	29.06	3.38	0.99	32.740171	32.375889	32.659351	0.543199
22.28	28.54	29.05	29.05	3.38	0.99	32.734809	32.372735	32.655104	0.543130
22.28	28.54	29.04	29.04	3.38	0.99	32.729446	32.369581	32.650858	0.543060
22.29	28.54	29.04	29.04	3.38	0.98	32.724083	32.366426	32.646610	0.542989
22.29	28.54	29.03	29.03	3.38	0.98	32.718719	32.363271	32.642363	0.542918
22.29	28.54	29.02	29.02	3.38	0.98	32.713354	32.360116	32.638115	0.542847
22.29	28.54	29.01	29.01	3.38	0.98	32.707989	32.356961	32.633867	0.542776
22.30	28.54	29.00	29.00	3.38	0.98	32.702623	32.353805	32.629618	0.542704
22.30	28.54	29.00	29.00	3.38	0.98	32.697257	32.350650	32.625369	0.542633
22.30	28.54	28.99	28.99	3.38	0.97	32.691890	32.347494	32.621120	0.542560
22.31	28.54	28.98	28.98	3.38	0.97	32.686522	32.344338	32.616870	0.542488
22.31	28.54	28.97	28.97	3.38	0.97	32.681154	32.341182	32.612620	0.542415
22.31	28.54	28.96	28.96	3.38	0.97	32.675785	32.338026	32.608370	0.542341
22.31	28.54	28.95	28.95	3.38	0.97	32.670416	32.334869	32.604119	0.542268
22.32	28.54	28.95	28.95	3.38	0.97	32.665046	32.331712	32.599868	0.542194
22.32	28.54	28.94	28.94	3.38	0.96	32.659675	32.328555	32.595617	0.542120
22.32	28.54	28.93	28.93	3.38	0.96	32.654304	32.325398	32.591365	0.542045
22.32	28.54	28.92	28.92	3.38	0.96	32.648932	32.322241	32.587113	0.541970
22.33	28.54	28.91	28.91	3.38	0.96	32.643560	32.319084	32.582861	0.541895
22.33	28.54	28.91	28.91	3.38	0.96	32.638187	32.315926	32.578608	0.541819
22.33	28.54	28.90	28.90	3.38	0.96	32.632813	32.312768	32.574355	0.541743
22.34	28.54	28.89	28.89	3.38	0.95	32.627439	32.309610	32.570102	0.541666
22.34	28.54	28.88	28.88	3.38	0.95	32.622064	32.306452	32.565848	0.541589
22.34	28.54	28.87	28.87	3.38	0.95	32.616689	32.303293	32.561594	0.541512
22.34	28.54	28.86	28.86	3.38	0.95	32.611313	32.300135	32.557340	0.541435
22.35	28.54	28.86	28.86	3.38	0.95	32.605936	32.296976	32.553085	0.541357
22.35	28.54	28.85	28.85	3.38	0.94	32.600559	32.293817	32.548830	0.541278
22.35	28.54	28.84	28.84	3.38	0.94	32.595181	32.290658	32.544574	0.541200
22.36	28.54	28.83	28.83	3.38	0.94	32.589802	32.287498	32.540319	0.541120
22.36	28.54	28.82	28.82	3.38	0.94	32.584423	32.284339	32.536063	0.541041
22.36	28.54	28.82	28.82	3.38	0.94	32.579044	32.281179	32.531806	0.540961
22.36	28.54	28.81	28.81	3.38	0.94	32.573663	32.278019	32.527549	0.540880
22.37	28.54	28.80	28.80	3.38	0.93	32.568282	32.274859	32.523292	0.540800
22.37	28.54	28.79	28.79	3.38	0.93	32.562901	32.271699	32.519035	0.540718
22.37	28.54	28.78	28.78	3.38	0.93	32.557519	32.268538	32.514777	0.540637
22.38	28.54	28.77	28.77	3.38	0.93	32.552136	32.265378	32.510519	0.540554
22.38	28.54	28.77	28.77	3.38	0.93	32.546753	32.262217	32.506261	0.540472
22.38	28.54	28.76	28.76	3.38	0.92	32.541369	32.259056	32.502002	0.540389
22.38	28.54	28.75	28.75	3.38	0.92	32.535984	32.255894	32.497743	0.540305
22.39	28.54	28.74	28.74	3.38	0.92	32.530599	32.252733	32.493484	0.540221
22.39	28.54	28.73	28.73	3.38	0.92	32.525213	32.249571	32.489224	0.540137
22.39	28.54	28.73	28.73	3.38	0.92	32.519827	32.246409	32.484964	0.540052
22.39	28.54	28.72	28.72	3.38	0.91	32.514440	32.243247	32.480703	0.539967
22.40	28.54	28.71	28.71	3.38	0.91	32.509052	32.240085	32.476443	0.539881
22.40	28.54	28.70	28.70	3.38	0.91	32.503664	32.236923	32.472182	0.539794
22.40	28.54	28.69	28.69	3.38	0.91	32.498275	32.233760	32.467920	0.539707
22.41	28.54	28.68	28.68	3.38	0.91	32.492886	32.230598	32.463659	0.539620
22.41	28.54	28.68	28.68	3.38	0.90	32.487496	32.227435	32.459397	0.539532
22.41	28.54	28.67	28.67	3.38	0.90	32.482105	32.224272	32.455134	0.539443
22.41	28.54	28.66	28.66	3.38	0.90	32.476714	32.221108	32.450872	0.539354
22.42	28.54	28.65	28.65	3.38	0.90	32.471322	32.217945	32.446609	0.539265
22.42	28.54	28.64	28.64	3.38	0.89	32.465929	32.214781	32.442346	0.539175
22.42	28.54	28.64	28.64	3.38	0.89	32.460536	32.211617	32.438082	0.539084
22.43	28.54	28.63	28.63	3.38	0.89	32.455143	32.208453	32.433818	0.538993
22.43	28.54	28.62	28.62	3.37	0.89	32.449748	32.205289	32.429554	0.538901
22.43	28.54	28.61	28.61	3.37	0.89	32.444353	32.202124	32.425289	0.538808
22.43	28.54	28.60	28.60	3.37	0.88	32.438958	32.198960	32.421024	0.538715
22.44	28.54	28.60	28.60	3.37	0.88	32.433562	32.195795	32.416759	0.538622
22.44	28.54	28.59	28.59	3.37	0.88	32.428165	32.192630	32.412494	0.538527
22.44	28.54	28.58	28.58	3.37	0.88	32.422767	32.189465	32.408228	0.538432
22.44	28.54	28.57	28.57	3.37	0.87	32.417369	32.186300	32.403962	0.538337
22.45	28.54	28.56	28.56	3.37	0.87	32.411971	32.183134	32.399696	0.538241
22.45	28.54	28.55	28.55	3.37	0.87	32.406571	32.179968	32.395429	0.538144
22.45	28.54	28.55	28.55	3.37	0.87	32.401171	32.176802	32.391162	0.538046
22.46	28.54	28.54	28.54	3.37	0.87	32.395771	32.173636	32.386895	0.537948
22.46	28.54	28.53	28.53	3.37	0.86	32.390370	32.170470	32.382627	0.537849
22.46	28.54	28.52	28.52	3.37	0.86	32.384968	32.167304	32.378359	0.537749
22.46	28.54	28.51	28.51	3.37	0.86	32.379566	32.164137	32.374091	0.537649
22.47	28.54	28.51	28.51	3.37	0.86	32.374163	32.160970	32.369822	0.537548
22.47	28.54	28.50	28.50	3.37	0.85	32.368759	32.157803	32.365554	0.537446
22.47	28.54	28.49	28.49	3.37	0.85	32.363355	32.154636	32.361284	0.537343
22.48	28.54	28.48	28.48	3.37	0.85	32.357950	32.151468	32.357015	0.537240
22.48	28.54	28.47	28.47	3.37	0.85	32.352544	32.148301	32.352745	0.537136
22.48	28.54	28.46	28.46	3.37	0.84	32.347138	32.145133	32.348475	0.537031
22.48	28.54	28.46	28.46	3.37	0.84	32.341732	32.141965	32.344205	0.536925
22.49	28.54	28.45	28.45	3.37	0.84	32.336324	32.138797	32.339935	0.536818
22.49	28.54	28.44	28.44	3.37	0.84	32.330916	32.135629	32.335664	0.536711
22.49	28.54	28.43	28.43	3.37	0.83	32.325508	32.132460	32.331393	0.536602
22.49	28.54	28.42	28.42	3.37	0.83	32.320098	32.129291	32.327121	0.536493
22.50	28.54	28.42	28.42	3.37	0.83	32.314688	32.126122	32.322850	0.536383
22.50	28.54	28.41	28.41	3.37	0.82	32.309278	32.122953	32.318578	0.536272
22.50	28.54	28.40	28.40	3.37	0.82	32.303867	32.119784	32.314305	0.536159
22.51	28.54	28.39	28.39	3.37	0.82	32.298455	32.116615	32.310033	0.536046
22.51	28.54	28.38	28.38	3.37	0.82	32.293043	32.113445	32.305760	0.535932
22.51	28.54	28.37	28.37	3.37	0.81	32.287630	32.110275	32.301487	0.535817
22.51	28.54	28.37	28.37	3.37	0.81	32.282216	32.107105	32.297214	0.535701
22.52	28.54	28.36	28.36	3.37	0.81	32.276802	32.103935	32.292940	0.535584
22.52	28.54	28.35	28.35	3.37	0.81	32.271387	32.100765	32.288666	0.535466
22.52	28.54	28.34	28.34	3.37	0.80	32.265971	32.097594	32.284392	0.535346
22.52	28.54	28.33	28.33	3.37	0.80	32.260555	32.094423	32.280118	0.535226
22.53	28.54	28.33	28.33	3.37	0.80	32.255138	32.091252	32.275843	0.535104
22.53	28.54	28.32	28.32	3.37	0.79	32.249721	32.088081	32.271568	0.534981
22.53	28.54	28.31	28.31	3.37	0.79	32.244302	32.084910	32.267293	0.534857
22.54	28.54	28.30	28.30	3.37	0.79	32.238884	32.081738	32.263018	0.534732
22.54	28.54	28.29	28.29	3.37	0.78	32.233464	32.078567	32.258742	0.534605
22.54	28.54	28.28	28.28	3.37	0.78	32.228044	32.075395	32.254466	0.534478
22.54	28.54	28.28	28.28	3.37	0.78	32.222623	32.072223	32.250190	0.534348
22.55	28.54	28.27	28.27	3.37	0.77	32.217202	32.069050	32.245914	0.534218
22.55	28.54	28.26	28.26	3.37	0.77	32.211780	32.065878	32.241637	0.534086
22.55	28.54	28.25	28.25	3.37	0.77	32.206357	32.062705	32.237360	0.533952
22.56	28.54	28.24	28.24	3.37	0.77	32.200934	32.059532	32.233083	0.533817
22.56	28.54	28.24	28.24	3.37	0.76	32.195510	32.056359	32.228806	0.533681
22.56	28.54	28.23	28.23	3.37	0.76	32.190085	32.053186	32.224528	0.533543
22.56	28.54	28.22	28.22	3.37	0.76	32.184660	32.050013	32.220250	0.533403
22.57	28.54	28.21	28.21	3.37	0.75	32.179234	32.046839	32.215973	0.533261
22.57	28.54	28.20	28.20	3.37	0.75	32.173807	32.043665	32.211694	0.533118
22.57	28.54	28.19	28.19	3.37	0.74	32.168380	32.040491	32.207416	0.532973
22.57	28.54	28.19	28.19	3.37	0.74	32.162952	32.037317	32.203137	0.532827
22.58	28.54	28.18	28.18	3.37	0.74	32.157523	32.034142	32.198859	0.532678
22.58	28.54	28.17	28.17	3.37	0.73	32.152094	32.030968	32.194580	0.532528
22.58	28.54	28.16	28.16	3.37	0.73	32.146664	32.027793	32.190301	0.532375
22.59	28.54	28.15	28.15	3.37	0.73	32.141233	32.024618	32.186021	0.532220
22.59	28.54	28.15	28.15	3.37	0.72	32.135802	32.021443	32.181742	0.532064
22.59	28.54	28.14	28.14	3.37	0.72	32.130370	32.018267	32.177462	0.531905
22.59	28.54	28.13	28.13	3.37	0.71	32.124937	32.015091	32.173182	0.531743
22.60	28.54	28.12	28.12	3.37	0.71	32.119504	32.011916	32.168902	0.531580
22.60	28.54	28.11	28.11	3.37	0.71	32.114069	32.008739	32.164622	0.531413
22.60	28.54	28.10	28.10	3.37	0.70	32.108635	32.005563	32.160342	0.531245
22.61	28.54	28.10	28.10	3.37	0.70	32.103199	32.002387	32.156061	0.531073
22.61	28.54	28.09	28.09	3.37	0.69	32.097763	31.999210	32.151781	0.530899
22.61	28.54	28.08	28.08	3.37	0.69	32.092326	31.996033	32.147500	0.530722
22.61	28.54	28.07	28.07	3.37	0.68	32.086888	31.992856	32.143219	0.530542
22.62	28.54	28.06	28.06	3.37	0.68	32.081449	31.989678	32.138938	0.530359
22.62	28.54	28.06	28.06	3.37	0.68	32.076010	31.986501	32.134657	0.530173
22.62	28.54	28.05	28.05	3.36	0.67	32.070570	31.983323	32.130376	0.529983
22.62	28.54	28.04	28.04	3.36	0.67	32.065130	31.980145	32.126095	0.529790
22.63	28.54	28.03	28.03	3.36	0.66	32.059688	31.976966	32.121813	0.529593
22.63	28.54	28.02	28.02	3.36	0.66	32.054246	31.973788	32.117532	0.529392
22.63	28.54	28.01	28.01	3.36	0.65	32.048803	31.970609	32.113251	0.529187
22.64	28.54	28.01	28.01	3.36	0.65	32.043359	31.967430	32.108969	0.528977
22.64	28.54	28.00	28.00	3.36	0.64	32.037915	31.964250	32.104688	0.528763
22.64	28.54	27.99	27.99	3.36	0.64	32.032469	31.961071	32.100406	0.528545
22.64	28.54	27.98	27.98	3.36	0.63	32.027023	31.957891	32.096125	0.528321
22.65	28.54	27.97	27.97	3.36	0.62	32.021576	31.954711	32.091843	0.528092
22.65	28.54	27.97	27.97	3.36	0.62	32.016128	31.951530	32.087562	0.527857
22.65	28.54	27.96	27.96	3.36	0.61	32.010680	31.948349	32.083280	0.527617
22.66	28.54	27.95	27.95	3.36	0.61	32.005230	31.945168	32.078999	0.527370
22.66	28.54	27.94	27.94	3.36	0.60	31.999780	31.941987	32.074718	0.527116
22.66	28.54	27.93	27.93	3.36	0.59	31.994329	31.938805	32.070436	0.526855
22.66	28.54	27.92	27.92	3.36	0.59	31.988876	31.935623	32.066155	0.526586
22.67	28.54	27.92	27.92	3.36	0.58	31.983423	31.932440	32.061875	0.526309
22.67	28.54	27.91	27.91	3.36	0.57	31.977969	31.929257	32.057594	0.526023
22.67	28.54	27.90	27.90	3.36	0.57	31.972514	31.926074	32.053313	0.525727
22.68	28.54	27.89	27.89	3.36	0.56	31.967058	31.922890	32.049033	0.525420
22.68	28.54	27.88	27.88	3.36	0.55	31.961601	31.919706	32.044753	0.525102
22.68	28.54	27.88	27.88	3.36	0.54	31.956143	31.916522	32.040474	0.524771
22.68	28.54	27.87	27.87	3.36	0.53	31.950683	31.913336	32.036194	0.524426
22.69	28.54	27.86	27.86	3.36	0.52	31.945223	31.910151	32.031916	0.524066
22.69	28.54	27.85	27.85	3.36	0.51	31.939761	31.906964	32.027637	0.523689
22.69	28.54	27.84	27.84	3.36	0.50	31.934298	31.903777	32.023360	0.523291
22.69	28.54	27.83	27.83	3.36	0.49	31.928833	31.900590	32.019083	0.522872
22.70	28.54	27.83	27.83	3.36	0.48	31.923367	31.897401	32.014806	0.522428
22.70	28.54	27.82	27.82	3.36	0.48	31.917900	31.894213	32.010530	0.522178
22.70	28.54	27.81	27.81	3.36	0.48	31.912438	31.891029	32.006253	0.522173
22.71	28.54	27.80	27.80	3.36	0.48	31.906978	31.887849	32.001975	0.522167
22.71	28.54	27.79	27.79	3.36	0.48	31.901519	31.884670	31.997695	0.522162
22.71	28.54	27.79	27.79	3.36	0.48	31.896060	31.881492	31.993413	0.522156
22.71	28.54	27.78	27.78	3.36	0.48	31.890602	31.878315	31.989130	0.522150
22.72	28.54	27.77	27.77	3.36	0.48	31.885143	31.875139	31.984846	0.522145
22.72	28.54	27.76	27.76	3.36	0.48	31.879685	31.871963	31.980560	0.522139
22.72	28.54	27.75	27.75	3.36	0.48	31.874226	31.868788	31.976274	0.522134
22.73	28.54	27.74	27.74	3.36	0.48	31.868767	31.865614	31.971986	0.522128
22.73	28.54	27.74	27.74	3.36	0.48	31.863308	31.862440	31.967696	0.522122
22.73	28.54	27.73	27.73	3.36	0.48	31.857849	31.859267	31.963406	0.522117
22.73	28.54	27.72	27.72	3.36	0.48	31.852390	31.856094	31.959115	0.522111
22.74	28.54	27.71	27.71	3.36	0.48	31.846930	31.852921	31.954822	0.522105
22.74	28.54	27.70	27.70	3.36	0.48	31.841469	31.849748	31.950529	0.522100
22.74	28.54	27.70	27.70	3.36	0.48	31.836008	31.846576	31.946234	0.522094
22.74	28.54	27.69	27.69	3.36	0.48	31.830547	31.843403	31.941939	0.522089
22.75	28.54	27.68	27.68	3.36	0.48	31.825086	31.840231	31.937642	0.522083
22.75	28.54	27.67	27.67	3.36	0.48	31.819623	31.837059	31.933345	0.522077
22.75	28.54	27.66	27.66	3.36	0.48	31.814161	31.833887	31.929046	0.522072
22.76	28.54	27.65	27.65	3.36	0.48	31.808698	31.830715	31.924747	0.522066
22.76	28.54	27.65	27.65	3.36	0.48	31.803234	31.827544	31.920446	0.522061
22.76	28.54	27.64	27.64	3.36	0.49	31.797773	31.824374	31.916145	0.522424
22.76	28.54	27.63	27.63	3.36	0.50	31.792317	31.821210	31.911839	0.522853
22.77	28.54	27.62	27.62	3.36	0.51	31.786863	31.818047	31.907531	0.523256
22.77	28.54	27.61	27.61	3.36	0.52	31.781409	31.814885	31.903220	0.523639
22.77	28.54	27.60	27.60	3.36	0.53	31.775956	31.811724	31.898907	0.524003
22.77	28.54	27.60	27.60	3.36	0.54	31.770503	31.808563	31.894591	0.524349
22.78	28.54	27.59	27.59	3.36	0.54	31.765050	31.805403	31.890274	0.524681
22.78	28.54	27.58	27.58	3.36	0.55	31.759597	31.802242	31.885954	0.524999
22.78	28.54	27.57	27.57	3.36	0.56	31.754143	31.799082	31.881632	0.525305
22.79	28.54	27.56	27.56	3.36	0.57	31.748689	31.795921	31.877308	0.525599
22.79	28.54	27.56	27.56	3.36	0.58	31.743235	31.792760	31.872983	0.525883
22.79	28.54	27.55	27.55	3.36	0.58	31.737780	31.789599	31.868656	0.526158
22.79	28.54	27.54	27.54	3.36	0.59	31.732324	31.786438	31.864328	0.526423
22.80	28.54	27.53	27.53	3.36	0.60	31.726868	31.783276	31.859998	0.526681
22.80	28.54	27.52	27.52	3.36	0.60	31.721411	31.780114	31.855667	0.526931
22.80	28.54	27.51	27.51	3.36	0.61	31.715953	31.776951	31.851335	0.527173
22.81	28.54	27.51	27.51	3.36	0.61	31.710495	31.773788	31.847001	0.527409
22.81	28.54	27.50	27.50	3.36	0.62	31.705036	31.770625	31.842666	0.527639
22.81	28.54	27.49	27.49	3.36	0.63	31.699577	31.767461	31.838330	0.527862
22.81	28.54	27.48	27.48	3.36	0.63	31.694116	31.764296	31.833993	0.528081
22.82	28.54	27.47	27.47	3.35	0.64	31.688655	31.761132	31.829655	0.528294
22.82	28.54	27.47	27.47	3.35	0.64	31.683194	31.757966	31.825316	0.528501
22.82	28.54	27.46	27.46	3.35	0.65	31.677731	31.754800	31.820977	0.528705
22.82	28.54	27.45	27.45	3.35	0.65	31.672268	31.751634	31.816636	0.528904
22.83	28.54	27.44	27.44	3.35	0.66	31.666805	31.748467	31.812294	0.529098
22.83	28.54	27.43	27.43	3.35	0.66	31.661340	31.745299	31.807952	0.529289
22.83	28.54	27.42	27.42	3.35	0.67	31.655875	31.742131	31.803609	0.529475
22.84	28.54	27.42	27.42	3.35	0.67	31.650409	31.738963	31.799265	0.529658
22.84	28.54	27.41	27.41	3.35	0.68	31.644943	31.735794	31.794921	0.529838
22.84	28.54	27.40	27.40	3.35	0.68	31.639476	31.732625	31.790575	0.530014
22.84	28.54	27.39	27.39	3.35	0.69	31.634008	31.729455	31.786230	0.530187
22.85	28.54	27.38	27.38	3.35	0.69	31.628540	31.726284	31.781883	0.530356
22.85	28.54	27.38	27.38	3.35	0.70	31.623071	31.723113	31.777536	0.530523
22.85	28.54	27.37	27.37	3.35	0.70	31.617601	31.719942	31.773188	0.530687
22.86	28.54	27.36	27.36	3.35	0.71	31.612131	31.716770	31.768840	0.530848
22.86	28.54	27.35	27.35	3.35	0.71	31.606660	31.713597	31.764491	0.531007
22.86	28.54	27.34	27.34	3.35	0.71	31.601188	31.710424	31.760142	0.531163
22.86	28.54	27.33	27.33	3.35	0.72	31.595716	31.707251	31.755792	0.531316
22.87	28.54	27.33	27.33	3.35	0.72	31.590244	31.704077	31.751441	0.531468
22.87	28.54	27.32	27.32	3.35	0.73	31.584770	31.700903	31.747090	0.531617
22.87	28.54	27.31	27.31	3.35	0.73	31.579296	31.697728	31.742739	0.531763
22.88	28.54	27.30	27.30	3.35	0.73	31.573822	31.694552	31.738387	0.531908
22.88	28.54	27.29	27.29	3.35	0.74	31.568347	31.691377	31.734035	0.532050
22.88	28.54	27.29	27.29	3.35	0.74	31.562871	31.688200	31.729682	0.532191
22.88	28.54	27.28	27.28	3.35	0.74	31.557395	31.685024	31.725329	0.532330
22.89	28.54	27.27	27.27	3.35	0.75	31.551918	31.681846	31.720975	0.532466
22.89	28.54	27.26	27.26	3.35	0.75	31.546441	31.678669	31.716621	0.532601
22.89	28.54	27.25	27.25	3.35	0.75	31.540963	31.675491	31.712267	0.532734
22.89	28.54	27.24	27.24	3.35	0.76	31.535485	31.672312	31.707912	0.532866
22.90	28.54	27.24	27.24	3.35	0.76	31.530006	31.669133	31.703557	0.532996
22.90	28.54	27.23	27.23	3.35	0.77	31.524526	31.665954	31.699202	0.533124
22.90	28.54	27.22	27.22	3.35	0.77	31.519046	31.662774	31.694846	0.533250
22.91	28.54	27.21	27.21	3.35	0.77	31.513566	31.659594	31.690490	0.533376
22.91	28.54	27.20	27.20	3.35	0.78	31.508085	31.656414	31.686133	0.533499
22.91	28.54	27.20	27.20	3.35	0.78	31.502604	31.653233	31.681776	0.533621
22.91	28.54	27.19	27.19	3.35	0.78	31.497122	31.650051	31.677419	0.533742
22.92	28.54	27.18	27.18	3.35	0.78	31.491639	31.646870	31.673062	0.533861
22.92	28.54	27.17	27.17	3.35	0.79	31.486156	31.643687	31.668704	0.533979
22.92	28.54	27.16	27.16	3.35	0.79	31.480673	31.640505	31.664346	0.534096
22.93	28.54	27.16	27.16	3.35	0.79	31.475189	31.637322	31.659987	0.534212
22.93	28.54	27.15	27.15	3.35	0.80	31.469704	31.634138	31.655628	0.534326
22.93	28.54	27.14	27.14	3.35	0.80	31.464220	31.630955	31.651269	0.534439
22.93	28.54	27.13	27.13	3.35	0.80	31.458734	31.627770	31.646910	0.534551
22.94	28.54	27.12	27.12	3.35	0.81	31.453249	31.624586	31.642550	0.534661
22.94	28.54	27.11	27.11	3.35	0.81	31.447762	31.621401	31.638190	0.534771
22.94	28.54	27.11	27.11	3.35	0.81	31.442276	31.618216	31.633830	0.534879
22.94	28.54	27.10	27.10	3.35	0.81	31.436789	31.615030	31.629470	0.534987
22.95	28.54	27.09	27.09	3.35	0.82	31.431301	31.611844	31.625109	0.535093
22.95	28.54	27.08	27.08	3.35	0.82	31.425813	31.608658	31.620748	0.535198
22.95	28.54	27.07	27.07	3.35	0.82	31.420325	31.605471	31.616386	0.535302
22.96	28.54	27.07	27.07	3.35	0.83	31.414836	31.602284	31.612025	0.535406
22.96	28.54	27.06	27.06	3.35	0.83	31.409347	31.599096	31.607663	0.535508
22.96	28.54	27.05	27.05	3.35	0.83	31.403857	31.595908	31.603301	0.535609
22.96	28.54	27.04	27.04	3.35	0.83	31.398367	31.592720	31.598939	0.535710
22.97	28.54	27.03	27.03	3.35	0.84	31.392877	31.589532	31.594576	0.535809
22.97	28.54	27.02	27.02	3.35	0.84	31.387386	31.586343	31.590213	0.535908
22.97	28.54	27.02	27.02	3.35	0.84	31.381894	31.583154	31.585850	0.536006
22.98	28.54	27.01	27.01	3.35	0.84	31.376403	31.579964	31.581487	0.536103
22.98	28.54	27.00	27.00	3.35	0.85	31.370911	31.576774	31.577123	0.536199
22.98	28.54	26.99	26.99	3.35	0.85	31.365418	31.573584	31.572759	0.536294
22.98	28.54	26.98	26.98	3.35	0.85	31.359925	31.570393	31.568395	0.536388
22.99	28.54	26.98	26.98	3.35	0.86	31.354432	31.567202	31.564031	0.536482
22.99	28.54	26.97	26.97	3.35	0.86	31.348938	31.564011	31.559666	0.536575
22.99	28.54	26.96	26.96	3.35	0.86	31.343444	31.560819	31.555301	0.536667
22.99	28.54	26.95	26.95	3.35	0.86	31.337950	31.557627	31.550936	0.536758
23.00	28.54	26.94	26.94	3.35	0.87	31.332455	31.554435	31.546571	0.536849
23.00	28.54	26.93	26.93	3.35	0.87	31.326960	31.551242	31.542205	0.536939
23.00	28.54	26.93	26.93	3.35	0.87	31.321464	31.548049	31.537839	0.537028
23.01	28.54	26.92	26.92	3.35	0.87	31.315968	31.544856	31.533473	0.537117
23.01	28.54	26.91	26.91	3.35	0.87	31.310472	31.541662	31.529107	0.537204
23.01	28.54	26.90	26.90	3.34	0.88	31.304976	31.538469	31.524741	0.537291
23.01	28.54	26.89	26.89	3.34	0.88	31.299479	31.535274	31.520374	0.537378
23.02	28.54	26.89	26.89	3.34	0.88	31.293981	31.532080	31.516007	0.537464
23.02	28.54	26.88	26.88	3.34	0.88	31.288484	31.528885	31.511640	0.537549
23.02	28.54	26.87	26.87	3.34	0.89	31.282986	31.525689	31.507273	0.537633
23.02	28.54	26.86	26.86	3.34	0.89	31.277487	31.522494	31.502905	0.537717
23.03	28.54	26.85	26.85	3.34	0.89	31.271988	31.519298	31.498537	0.537801
23.03	28.54	26.84	26.84	3.34	0.89	31.266489	31.516102	31.494169	0.537883
23.03	28.54	26.84	26.84	3.34	0.90	31.260990	31.512905	31.489801	0.537966
23.04	28.54	26.83	26.83	3.34	0.90	31.255490	31.509708	31.485432	0.538047
23.04	28.54	26.82	26.82	3.34	0.90	31.249990	31.506511	31.481064	0.538128
23.04	28.54	26.81	26.81	3.34	0.90	31.244490	31.503314	31.476695	0.538208
23.04	28.54	26.80	26.80	3.34	0.90	31.238989	31.500116	31.472325	0.538288
23.05	28.54	26.80	26.80	3.34	0.91	31.233488	31.496918	31.467956	0.538368
23.05	28.54	26.79	26.79	3.34	0.91	31.227986	31.493719	31.463586	0.538446
23.05	28.54	26.78	26.78	3.34	0.91	31.222484	31.490520	31.459217	0.538525
23.06	28.54	26.77	26.77	3.34	0.91	31.216982	31.487321	31.454846	0.538602
23.06	28.54	26.76	26.76	3.34	0.91	31.211480	31.484122	31.450476	0.538680
23.06	28.54	26.75	26.75	3.34	0.92	31.205977	31.480922	31.446106	0.538756
23.06	28.54	26.75	26.75	3.34	0.92	31.200474	31.477722	31.441735	0.538832
23.07	28.54	26.74	26.74	3.34	0.92	31.194971	31.474522	31.437364	0.538908
23.07	28.54	26.73	26.73	3.34	0.92	31.189467	31.471321	31.432993	0.538983
23.07	28.54	26.72	26.72	3.34	0.93	31.183963	31.468120	31.428622	0.539058
23.07	28.54	26.71	26.71	3.34	0.93	31.178459	31.464919	31.424250	0.539132
23.08	28.54	26.71	26.71	3.34	0.93	31.172954	31.461717	31.419878	0.539206
23.08	28.54	26.70	26.70	3.34	0.93	31.167449	31.458516	31.415506	0.539279
23.08	28.54	26.69	26.69	3.34	0.93	31.161944	31.455313	31.411134	0.539352
23.09	28.54	26.68	26.68	3.34	0.94	31.156439	31.452111	31.406761	0.539425
23.09	28.54	26.67	26.67	3.34	0.94	31.150933	31.448908	31.402389	0.539497
23.09	28.54	26.67	26.67	3.34	0.94	31.145427	31.445705	31.398016	0.539568
23.09	28.54	26.66	26.66	3.34	0.94	31.139920	31.442502	31.393643	0.539639
23.10	28.54	26.65	26.65	3.34	0.94	31.134413	31.439298	31.389269	0.539710
23.10	28.54	26.64	26.64	3.34	0.94	31.128906	31.436094	31.384896	0.539780
23.10	28.54	26.63	26.63	3.34	0.95	31.123399	31.432890	31.380522	0.539850
23.11	28.54	26.62	26.62	3.34	0.95	31.117892	31.429685	31.376148	0.539920
23.11	28.54	26.62	26.62	3.34	0.95	31.112384	31.426480	31.371774	0.539989
23.11	28.54	26.61	26.61	3.34	0.95	31.106875	31.423275	31.367399	0.540057
23.11	28.54	26.60	26.60	3.34	0.95	31.101367	31.420069	31.363025	0.540126
23.12	28.54	26.59	26.59	3.34	0.96	31.095858	31.416863	31.358650	0.540194
23.12	28.54	26.58	26.58	3.34	0.96	31.090349	31.413657	31.354275	0.540261
23.12	28.54	26.58	26.58	3.34	0.96	31.084840	31.410451	31.349900	0.540328
23.12	28.54	26.57	26.57	3.34	0.96	31.079330	31.407244	31.345524	0.540395
23.13	28.54	26.56	26.56	3.34	0.96	31.073820	31.404037	31.341148	0.540461
23.13	28.54	26.55	26.55	3.34	0.97	31.068310	31.400830	31.336772	0.540527
23.13	28.54	26.54	26.54	3.34	0.97	31.062800	31.397622	31.332396	0.540593
23.14	28.54	26.53	26.53	3.34	0.97	31.057289	31.394414	31.328020	0.540658
23.14	28.54	26.53	26.53	3.34	0.97	31.051778	31.391206	31.323643	0.540723
23.14	28.54	26.52	26.52	3.34	0.97	31.046267	31.387997	31.319267	0.540788
23.14	28.54	26.51	26.51	3.34	0.97	31.040756	31.384788	31.314890	0.540852
23.15	28.54	26.50	26.50	3.34	0.98	31.035244	31.381579	31.310512	0.540916
23.15	28.54	26.49	26.49	3.34	0.98	31.029732	31.378370	31.306135	0.540979
23.15	28.54	26.49	26.49	3.34	0.98	31.024220	31.375160	31.301757	0.541043
23.16	28.54	26.48	26.48	3.34	0.98	31.018707	31.371950	31.297379	0.541105
23.16	28.54	26.47	26.47	3.34	0.98	31.013194	31.368739	31.293001	0.541168
23.16	28.54	26.46	26.46	3.34	0.99	31.007681	31.365529	31.288623	0.541230
23.16	28.54	26.45	26.45	3.34	0.99	31.002168	31.362318	31.284245	0.541292
23.17	28.54	26.45	26.45	3.34	0.99	30.996654	31.359106	31.279866	0.541354
23.17	28.54	26.44	26.44	3.34	0.99	30.991140	31.355895	31.275487	0.541415
23.17	28.54	26.43	26.43	3.34	0.99	30.985626	31.352683	31.271108	0.541476
23.18	28.54	26.42	26.42	3.34	0.99	30.980112	31.349471	31.266728	0.541537
23.18	28.54	26.41	26.41	3.34	1.00	30.974597	31.346258	31.262349	0.541597
23.18	28.54	26.40	26.40	3.34	1.00	30.969082	31.343046	31.257969	0.541657
23.18	28.54	26.40	26.40	3.34	1.00	30.963567	31.339833	31.253589	0.541717
23.19	28.54	26.39	26.39	3.34	1.00	30.958052	31.336619	31.249209	0.541776
23.19	28.54	26.38	26.38	3.34	1.00	30.952537	31.333406	31.244828	0.541836
23.19	28.54	26.37	26.37	3.34	1.00	30.947021	31.330192	31.240448	0.541895
23.19	28.54	26.36	26.36	3.34	1.01	30.941505	31.326977	31.236067	0.541953
23.20	28.54	26.36	26.36	3.34	1.01	30.935988	31.323763	31.231686	0.542012
23.20	28.54	26.35	26.35	3.34	1.01	30.930472	31.320548	31.227305	0.542070
23.20	28.54	26.34	26.34	3.34	1.01	30.924955	31.317333	31.222923	0.542127
23.21	28.54	26.33	26.33	3.33	1.01	30.919438	31.314117	31.218541	0.542185
23.21	28.54	26.32	26.32	3.33	1.01	30.913921	31.310902	31.214159	0.542242
23.21	28.54	26.32	26.32	3.33	1.01	30.908403	31.307686	31.209777	0.542299
23.21	28.54	26.31	26.31	3.33	1.02	30.902886	31.304469	31.205395	0.542356
23.22	28.54	26.30	26.30	3.33	1.02	30.897368	31.301253	31.201012	0.542412
23.22	28.54	26.29	26.29	3.33	1.02	30.891850	31.298036	31.196630	0.542469
23.22	28.54	26.28	26.28	3.33	1.02	30.886331	31.294819	31.192247	0.542525
23.23	28.54	26.27	26.27	3.33	1.02	30.880813	31.291601	31.187863	0.542580
23.23	28.54	26.27	26.27	3.33	1.02	30.875294	31.288383	31.183480	0.542636
23.23	28.54	26.26	26.26	3.33	1.03	30.869775	31.285165	31.179096	0.542691
23.23	28.54	26.25	26.25	3.33	1.03	30.864255	31.281947	31.174713	0.542746
23.24	28.54	26.24	26.24	3.33	1.03	30.858736	31.278728	31.170329	0.542801
23.24	28.54	26.23	26.23	3.33	1.03	30.853216	31.275509	31.165944	0.542855
23.24	28.54	26.23	26.23	3.33	1.03	30.847696	31.272290	31.161560	0.542909
23.24	28.54	26.22	26.22	3.33	1.03	30.842176	31.269071	31.157175	0.542963
23.25	28.54	26.21	26.21	3.33	1.03	30.836656	31.265851	31.152790	0.543017
23.25	28.54	26.20	26.20	3.33	1.04	30.831135	31.262631	31.148405	0.543071
23.25	28.54	26.19	26.19	3.33	1.04	30.825615	31.259410	31.144020	0.543124
23.26	28.54	26.19	26.19	3.33	1.04	30.820094	31.256189	31.139634	0.543177
23.26	28.54	26.18	26.18	3.33	1.04	30.814572	31.252968	31.135249	0.543230
23.26	28.54	26.17	26.17	3.33	1.04	30.809051	31.249747	31.130863	0.543282
23.26	28.54	26.16	26.16	3.33	1.04	30.803529	31.246525	31.126477	0.543335
23.27	28.54	26.15	26.15	3.33	1.05	30.798008	31.243304	31.122090	0.543387
23.27	28.54	26.14	26.14	3.33	1.05	30.792485	31.240081	31.117704	0.543439
23.27	28.54	26.14	26.14	3.33	1.05	30.786963	31.236859	31.113317	0.543491
23.27	28.54	26.13	26.13	3.33	1.05	30.781441	31.233636	31.108930	0.543542
23.28	28.54	26.12	26.12	3.33	1.05	30.775918	31.230413	31.104543	0.543593
23.28	28.54	26.11	26.11	3.33	1.05	30.770395	31.227190	31.100156	0.543644
23.28	28.54	26.10	26.10	3.33	1.05	30.764872	31.223966	31.095768	0.543695
23.29	28.54	26.10	26.10	3.33	1.06	30.759349	31.220742	31.091380	0.543746
23.29	28.54	26.09	26.09	3.33	1.06	30.753826	31.217518	31.086992	0.543796
23.29	28.54	26.08	26.08	3.33	1.06	30.748302	31.214293	31.082604	0.543847
23.29	28.54	26.07	26.07	3.33	1.06	30.742779	31.211069	31.078216	0.543897
23.30	28.54	26.06	26.06	3.33	1.06	30.737255	31.207844	31.073827	0.543947
23.30	28.54	26.06	26.06	3.33	1.06	30.731730	31.204618	31.069438	0.543996
23.30	28.54	26.05	26.05	3.33	1.06	30.726206	31.201393	31.065049	0.544046
23.31	28.54	26.04	26.04	3.33	1.07	30.720682	31.198167	31.060660	0.544095
23.31	28.54	26.03	26.03	3.33	1.07	30.715157	31.194940	31.056271	0.544144
23.31	28.54	26.02	26.02	3.33	1.07	30.709632	31.191714	31.051881	0.544193
23.31	28.54	26.02	26.02	3.33	1.07	30.704107	31.188487	31.047491	0.544242
23.32	28.54	26.01	26.01	3.33	1.07	30.698582	31.185260	31.043101	0.544290
23.32	28.54	26.00	26.00	3.33	1.07	30.693056	31.182032	31.038711	0.544338
23.32	28.54	25.99	25.99	3.33	1.07	30.687531	31.178805	31.034320	0.544386
23.32	28.54	25.98	25.98	3.33	1.08	30.682005	31.175577	31.029930	0.544434
23.33	28.54	25.97	25.97	3.33	1.08	30.676479	31.172349	31.025539	0.544482
23.33	28.54	25.97	25.97	3.33	1.08	30.670953	31.169120	31.021148	0.544530
23.33	28.54	25.96	25.96	3.33	1.08	30.665426	31.165891	31.016757	0.544577
23.34	28.54	25.95	25.95	3.33	1.08	30.659900	31.162662	31.012365	0.544624
23.34	28.54	25.94	25.94	3.33	1.08	30.654373	31.159433	31.007974	0.544671
23.34	28.54	25.93	25.93	3.33	1.08	30.648847	31.156203	31.003582	0.544718
23.34	28.54	25.93	25.93	3.33	1.08	30.643320	31.152973	30.999190	0.544765
23.35	28.54	25.92	25.92	3.33	1.09	30.637792	31.149743	30.994797	0.544811
23.35	28.54	25.91	25.91	3.33	1.09	30.632265	31.146512	30.990405	0.544858
23.35	28.54	25.90	25.90	3.33	1.09	30.626738	31.143281	30.986012	0.544904
23.36	28.54	25.89	25.89	3.33	1.09	30.621210	31.140050	30.981620	0.544950
23.36	28.54	25.89	25.89	3.33	1.09	30.615682	31.136819	30.977227	0.544996
23.36	28.54	25.88	25.88	3.33	1.09	30.610154	31.133587	30.972833	0.545041
23.36	28.54	25.87	25.87	3.33	1.09	30.604626	31.130355	30.968440	0.545087
23.37	28.54	25.86	25.86	3.33	1.10	30.599098	31.127123	30.964046	0.545132
23.37	28.54	25.85	25.85	3.33	1.10	30.593570	31.123890	30.959652	0.545177
23.37	28.54	25.85	25.85	3.33	1.10	30.588041	31.120657	30.955258	0.545222
23.38	28.54	25.84	25.84	3.33	1.10	30.582512	31.117424	30.950864	0.545267
23.38	28.54	25.83	25.83	3.33	1.10	30.576984	31.114191	30.946470	0.545312
23.38	28.54	25.82	25.82	3.33	1.10	30.571455	31.110957	30.942075	0.545356
23.38	28.54	25.81	25.81	3.33	1.10	30.565925	31.107723	30.937680	0.545400
23.39	28.54	25.80	25.80	3.33	1.10	30.560396	31.104489	30.933285	0.545445
23.39	28.54	25.80	25.80	3.33	1.11	30.554867	31.101254	30.928890	0.545489
23.39	28.54	25.79	25.79	3.33	1.11	30.549337	31.098020	30.924495	0.545532
23.39	28.54	25.78	25.78	3.33	1.11	30.543807	31.094785	30.920099	0.545576
23.40	28.54	25.77	25.77	3.32	1.11	30.538278	31.091549	30.915704	0.545620
23.40	28.54	25.76	25.76	3.32	1.11	30.532748	31.088314	30.911308	0.545663
23.40	28.54	25.76	25.76	3.32	1.11	30.527217	31.085078	30.906912	0.545706
23.41	28.54	25.75	25.75	3.32	1.11	30.521687	31.081841	30.902515	0.545750
23.41	28.54	25.74	25.74	3.32	1.11	30.516157	31.078605	30.898119	0.545793
23.41	28.54	25.73	25.73	3.32	1.12	30.510626	31.075368	30.893722	0.545835
23.41	28.54	25.72	25.72	3.32	1.12	30.505096	31.072131	30.889325	0.545878
23.42	28.54	25.72	25.72	3.32	1.12	30.499565	31.068894	30.884928	0.545921
23.42	28.54	25.71	25.71	3.32	1.12	30.494034	31.065656	30.880531	0.545963
23.42	28.54	25.70	25.70	3.32	1.12	30.488503	31.062418	30.876133	0.546005
23.43	28.54	25.69	25.69	3.32	1.12	30.482972	31.059180	30.871736	0.546047
23.43	28.54	25.68	25.68	3.32	1.12	30.477440	31.055942	30.867338	0.546089
23.43	28.54	25.68	25.68	3.32	1.12	30.471909	31.052703	30.862940	0.546131
23.43	28.54	25.67	25.67	3.32	1.12	30.466377	31.049464	30.858542	0.546173
23.44	28.54	25.66	25.66	3.32	1.13	30.460846	31.046224	30.854143	0.546214
23.44	28.54	25.65	25.65	3.32	1.13	30.455314	31.042985	30.849745	0.546256
23.44	28.54	25.64	25.64	3.32	1.13	30.449782	31.039745	30.845346	0.546297
23.44	28.54	25.64	25.64	3.32	1.13	30.444250	31.036505	30.840947	0.546338
23.45	28.54	25.63	25.63	3.32	1.13	30.438718	31.033265	30.836548	0.546379
23.45	28.54	25.62	25.62	3.32	1.13	30.433186	31.030024	30.832149	0.546420
23.45	28.54	25.61	25.61	3.32	1.13	30.427653	31.026783	30.827749	0.546461
23.46	28.54	25.60	25.60	3.32	1.13	30.422121	31.023542	30.823350	0.546501
23.46	28.54	25.60	25.60	3.32	1.14	30.416588	31.020300	30.818950	0.546542
23.46	28.54	25.59	25.59	3.32	1.14	30.411055	31.017058	30.814550	0.546582
23.46	28.54	25.58	25.58	3.32	1.14	30.405523	31.013816	30.810150	0.546622
23.47	28.54	25.57	25.57	3.32	1.14	30.399990	31.010574	30.805750	0.546662
23.47	28.54	25.56	25.56	3.32	1.14	30.394457	31.007331	30.801349	0.546702
23.47	28.54	25.55	25.55	3.32	1.14	30.388924	31.004088	30.796948	0.546742
23.48	28.54	25.55	25.55	3.32	1.14	30.383390	31.000845	30.792547	0.546782
23.48	28.54	25.54	25.54	3.32	1.14	30.377857	30.997602	30.788146	0.546821
23.48	28.54	25.53	25.53	3.32	1.14	30.372324	30.994358	30.783745	0.546861
23.48	28.54	25.52	25.52	3.32	1.15	30.366790	30.991114	30.779344	0.546900
23.49	28.54	25.51	25.51	3.32	1.15	30.361256	30.987870	30.774942	0.546939
23.49	28.54	25.51	25.51	3.32	1.15	30.355723	30.984625	30.770540	0.546978
23.49	28.54	25.50	25.50	3.32	1.15	30.350189	30.981381	30.766138	0.547017
23.49	28.54	25.49	25.49	3.32	1.15	30.344655	30.978136	30.761736	0.547056
23.50	28.54	25.48	25.48	3.32	1.15	30.339121	30.974890	30.757334	0.547095
23.50	28.54	25.47	25.47	3.32	1.15	30.333587	30.971645	30.752932	0.547133
23.50	28.54	25.47	25.47	3.32	1.15	30.328053	30.968399	30.748529	0.547172
23.51	28.54	25.46	25.46	3.32	1.16	30.322518	30.965153	30.744126	0.547210
23.51	28.54	25.45	25.45	3.32	1.16	30.316984	30.961906	30.739723	0.547248
23.51	28.54	25.44	25.44	3.32	1.16	30.311450	30.958659	30.735320	0.547287
23.51	28.54	25.43	25.43	3.32	1.16	30.305915	30.955412	30.730917	0.547325
23.52	28.54	25.43	25.43	3.32	1.16	30.300381	30.952165	30.726514	0.547362
23.52	28.54	25.42	25.42	3.32	1.16	30.294846	30.948918	30.722110	0.547400
23.52	28.54	25.41	25.41	3.32	1.16	30.289311	30.945670	30.717706	0.547438
23.52	28.54	25.40	25.40	3.32	1.16	30.283776	30.942422	30.713302	0.547475
23.53	28.54	25.39	25.39	3.32	1.16	30.278241	30.939174	30.708898	0.547513
23.53	28.54	25.39	25.39	3.32	1.17	30.272706	30.935925	30.704494	0.547550
23.53	28.54	25.38	25.38	3.32	1.17	30.267171	30.932676	30.700089	0.547587
23.54	28.54	25.37	25.37	3.32	1.17	30.261636	30.929427	30.695685	0.547624
23.54	28.54	25.36	25.36	3.32	1.17	30.256101	30.926178	30.691280	0.547661
23.54	28.54	25.35	25.35	3.32	1.17	30.250566	30.922928	30.686875	0.547698
23.54	28.54	25.35	25.35	3.32	1.17	30.245030	30.919678	30.682470	0.547735
23.55	28.54	25.34	25.34	3.32	1.17	30.239495	30.916428	30.678065	0.547772
23.55	28.54	25.33	25.33	3.32	1.17	30.233960	30.913177	30.673659	0.547808
23.55	28.54	25.32	25.32	3.32	1.17	30.228424	30.909927	30.669254	0.547845
23.56	28.54	25.31	25.31	3.32	1.17	30.222888	30.906676	30.664848	0.547881
23.56	28.54	25.31	25.31	3.32	1.18	30.217353	30.903425	30.660442	0.547917
23.56	28.54	25.30	25.30	3.32	1.18	30.211817	30.900173	30.656036	0.547953
23.56	28.54	25.29	25.29	3.32	1.18	30.206281	30.896921	30.651630	0.547989
23.57	28.54	25.28	25.28	3.32	1.18	30.200745	30.893669	30.647224	0.548025
23.57	28.54	25.27	25.27	3.32	1.18	30.195210	30.890417	30.642817	0.548061
23.57	28.54	25.27	25.27	3.32	1.18	30.189674	30.887164	30.638411	0.548097
23.57	28.54	25.26	25.26	3.32	1.18	30.184138	30.883912	30.634004	0.548133
23.58	28.54	25.25	25.25	3.32	1.18	30.178602	30.880659	30.629597	0.548168
23.58	28.54	25.24	25.24	3.32	1.18	30.173065	30.877405	30.625190	0.548203
23.58	28.54	25.23	25.23	3.32	1.19	30.167529	30.874152	30.620783	0.548239
23.59	28.54	25.23	25.23	3.32	1.19	30.161993	30.870898	30.616375	0.548274
23.59	28.54	25.22	25.22	3.32	1.19	30.156457	30.867644	30.611968	0.548309
23.59	28.54	25.21	25.21	3.31	1.19	30.150921	30.864389	30.607560	0.548344
23.59	28.54	25.20	25.20	3.31	1.19	30.145384	30.861135	30.603152	0.548379
23.60	28.54	25.19	25.19	3.31	1.19	30.139848	30.857880	30.598744	0.548414
23.60	28.54	25.19	25.19	3.31	1.19	30.134311	30.854625	30.594336	0.548448
23.60	28.54	25.18	25.18	3.31	1.19	30.128775	30.851369	30.589928	0.548483
23.61	28.54	25.17	25.17	3.31	1.19	30.123239	30.848113	30.585519	0.548518
23.61	28.54	25.16	25.16	3.31	1.19	30.117702	30.844858	30.581111	0.548552
23.61	28.54	25.15	25.15	3.31	1.20	30.112165	30.841601	30.576702	0.548586
23.61	28.54	25.15	25.15	3.31	1.20	30.106629	30.838345	30.572293	0.548621
23.62	28.54	25.14	25.14	3.31	1.20	30.101092	30.835088	30.567884	0.548655
23.62	28.54	25.13	25.13	3.31	1.20	30.095556	30.831831	30.563475	0.548689
23.62	28.54	25.12	25.12	3.31	1.20	30.090019	30.828574	30.559066	0.548723
23.62	28.54	25.11	25.11	3.31	1.20	30.084482	30.825317	30.554656	0.548757
23.63	28.54	25.11	25.11	3.31	1.20	30.078945	30.822059	30.550247	0.548790
23.63	28.54	25.10	25.10	3.31	1.20	30.073409	30.818801	30.545837	0.548824
23.63	28.54	25.09	25.09	3.31	1.20	30.067872	30.815543	30.541427	0.548858
23.64	28.54	25.08	25.08	3.31	1.20	30.062335	30.812284	30.537017	0.548891
23.64	28.54	25.07	25.07	3.31	1.21	30.056798	30.809025	30.532607	0.548925
23.64	28.54	25.07	25.07	3.31	1.21	30.051261	30.805766	30.528197	0.548958
23.64	28.54	25.06	25.06	3.31	1.21	30.045725	30.802507	30.523787	0.548991
23.65	28.54	25.05	25.05	3.31	1.21	30.040188	30.799248	30.519376	0.549024
23.65	28.54	25.04	25.04	3.31	1.21	30.034651	30.795988	30.514965	0.549057
23.65	28.54	25.03	25.03	3.31	1.21	30.029114	30.792728	30.510555	0.549090
23.66	28.54	25.03	25.03	3.31	1.21	30.023577	30.789468	30.506144	0.549123
23.66	28.54	25.02	25.02	3.31	1.21	30.018040	30.786207	30.501733	0.549156
23.66	28.54	25.01	25.01	3.31	1.21	30.012503	30.782946	30.497321	0.549189
23.66	28.54	25.00	25.00	3.31	1.21	30.006966	30.779685	30.492910	0.549221
23.67	28.54	24.99	24.99	3.31	1.22	30.001429	30.776424	30.488499	0.549254
23.67	28.54	24.99	24.99	3.31	1.22	29.995892	30.773163	30.484087	0.549286
23.67	28.54	24.98	24.98	3.31	1.22	29.990355	30.769901	30.479676	0.549318
23.68	28.54	24.97	24.97	3.31	1.22	29.984818	30.766639	30.475264	0.549351
23.68	28.54	24.96	24.96	3.31	1.22	29.979281	30.763376	30.470852	0.549383
23.68	28.54	24.95	24.95	3.31	1.22	29.973744	30.760114	30.466440	0.549415
23.68	28.54	24.95	24.95	3.31	1.22	29.968207	30.756851	30.462028	0.549447
23.69	28.54	24.94	24.94	3.31	1.22	29.962670	30.753588	30.457615	0.549479
23.69	28.54	24.93	24.93	3.31	1.22	29.957133	30.750325	30.453203	0.549511
23.69	28.54	24.92	24.92	3.31	1.22	29.951596	30.747062	30.448790	0.549543
23.69	28.54	24.91	24.91	3.31	1.23	29.946059	30.743798	30.444378	0.549574
23.70	28.54	24.91	24.91	3.31	1.23	29.940522	30.740534	30.439965	0.549606
23.70	28.54	24.90	24.90	3.31	1.23	29.934985	30.737270	30.435552	0.549637
23.70	28.54	24.89	24.89	3.31	1.23	29.929448	30.734005	30.431139	0.549669
23.71	28.54	24.88	24.88	3.31	1.23	29.923912	30.730740	30.426726	0.549700
23.71	28.54	24.87	24.87	3.31	1.23	29.918375	30.727475	30.422312	0.549731
23.71	28.54	24.87	24.87	3.31	1.23	29.912838	30.724210	30.417899	0.549763
23.71	28.54	24.86	24.86	3.31	1.23	29.907301	30.720945	30.413486	0.549794
23.72	28.54	24.85	24.85	3.31	1.23	29.901764	30.717679	30.409072	0.549825
23.72	28.54	24.84	24.84	3.31	1.23	29.896227	30.714413	30.404658	0.549856
23.72	28.54	24.83	24.83	3.31	1.23	29.890690	30.711147	30.400244	0.549887
23.73	28.54	24.83	24.83	3.31	1.24	29.885154	30.707881	30.395831	0.549917
23.73	28.54	24.82	24.82	3.31	1.24	29.879617	30.704614	30.391416	0.549948
23.73	28.54	24.81	24.81	3.31	1.24	29.874080	30.701347	30.387002	0.549979
23.73	28.54	24.80	24.80	3.31	1.24	29.868543	30.698080	30.382588	0.550009
23.74	28.54	24.80	24.80	3.31	1.24	29.863007	30.694813	30.378174	0.550040
23.74	28.54	24.79	24.79	3.31	1.24	29.857470	30.691545	30.373759	0.550070
23.74	28.54	24.78	24.78	3.31	1.24	29.851933	30.688277	30.369345	0.550101
23.74	28.54	24.77	24.77	3.31	1.24	29.846397	30.685009	30.364930	0.550131
23.75	28.54	24.76	24.76	3.31	1.24	29.840860	30.681741	30.360515	0.550161
23.75	28.54	24.76	24.76	3.31	1.24	29.835324	30.678472	30.356100	0.550191
23.75	28.54	24.75	24.75	3.31	1.24	29.829787	30.675204	30.351685	0.550221
23.76	28.54	24.74	24.74	3.31	1.25	29.824251	30.671935	30.347270	0.550251
23.76	28.54	24.73	24.73	3.31	1.25	29.818714	30.668665	30.342855	0.550281
23.76	28.54	24.72	24.72	3.31	1.25	29.813178	30.665396	30.338439	0.550311
23.76	28.54	24.72	24.72	3.31	1.25	29.807642	30.662126	30.334024	0.550341
23.77	28.54	24.71	24.71	3.31	1.25	29.802105	30.658856	30.329609	0.550371
23.77	28.54	24.70	24.70	3.31	1.25	29.796569	30.655586	30.325193	0.550400
23.77	28.54	24.69	24.69	3.31	1.25	29.791033	30.652316	30.320777	0.550430
23.77	28.54	24.68	24.68	3.31	1.25	29.785497	30.649045	30.316361	0.550459
23.78	28.54	24.68	24.68	3.31	1.25	29.779961	30.645774	30.311945	0.550489
23.78	28.54	24.67	24.67	3.31	1.25	29.774425	30.642503	30.307529	0.550518
23.78	28.54	24.66	24.66	3.30	1.25	29.768889	30.639232	30.303113	0.550547
23.79	28.54	24.65	24.65	3.30	1.26	29.763353	30.635960	30.298697	0.550576
23.79	28.54	24.64	24.64	3.30	1.26	29.757817	30.632688	30.294281	0.550605
23.79	28.54	24.64	24.64	3.30	1.26	29.752281	30.629416	30.289864	0.550634
23.79	28.54	24.63	24.63	3.30	1.26	29.746745	30.626144	30.285448	0.550663
23.80	28.54	24.62	24.62	3.30	1.26	29.741209	30.622871	30.281031	0.550692
23.80	28.54	24.61	24.61	3.30	1.26	29.735674	30.619599	30.276615	0.550721
23.80	28.54	24.61	24.61	3.30	1.26	29.730138	30.616326	30.272198	0.550750
23.81	28.54	24.60	24.60	3.30	1.26	29.724603	30.613052	30.267781	0.550779
23.81	28.54	24.59	24.59	3.30	1.26	29.719067	30.609779	30.263364	0.550807
23.81	28.54	24.58	24.58	3.30	1.26	29.713532	30.606505	30.258947	0.550836
23.81	28.54	24.57	24.57	3.30	1.26	29.707996	30.603232	30.254530	0.550864
23.82	28.54	24.57	24.57	3.30	1.26	29.702461	30.599958	30.250113	0.550893
23.82	28.54	24.56	24.56	3.30	1.27	29.696926	30.596683	30.245696	0.550921
23.82	28.54	24.55	24.55	3.30	1.27	29.691391	30.593409	30.241279	0.550949
23.82	28.54	24.54	24.54	3.30	1.27	29.685856	30.590134	30.236861	0.550978
23.83	28.54	24.53	24.53	3.30	1.27	29.680321	30.586859	30.232444	0.551006
23.83	28.54	24.53	24.53	3.30	1.27	29.674786	30.583584	30.228026	0.551034
23.83	28.54	24.52	24.52	3.30	1.27	29.669251	30.580308	30.223608	0.551062
23.84	28.54	24.51	24.51	3.30	1.27	29.663716	30.577033	30.219191	0.551090
23.84	28.54	24.50	24.50	3.30	1.27	29.658182	30.573757	30.214773	0.551118
23.84	28.54	24.49	24.49	3.30	1.27	29.652647	30.570481	30.210355	0.551146
23.84	28.54	24.49	24.49	3.30	1.27	29.647113	30.567204	30.205937	0.551173
23.85	28.54	24.48	24.48	3.30	1.27	29.641578	30.563928	30.201519	0.551201
23.85	28.54	24.47	24.47	3.30	1.28	29.636044	30.560651	30.197101	0.551229
23.85	28.54	24.46	24.46	3.30	1.28	29.630510	30.557374	30.192683	0.551256
23.86	28.54	24.46	24.46	3.30	1.28	29.624976	30.554097	30.188265	0.551284
23.86	28.54	24.45	24.45	3.30	1.28	29.619442	30.550820	30.183846	0.551311
23.86	28.54	24.44	24.44	3.30	1.28	29.613908	30.547542	30.179428	0.551339
23.86	28.54	24.43	24.43	3.30	1.28	29.608374	30.544264	30.175009	0.551366
23.87	28.54	24.42	24.42	3.30	1.28	29.602840	30.540986	30.170591	0.551393
23.87	28.54	24.42	24.42	3.30	1.28	29.597306	30.537708	30.166172	0.551421
23.87	28.54	24.41	24.41	3.30	1.28	29.591773	30.534429	30.161754	0.551448
23.88	28.54	24.40	24.40	3.30	1.28	29.586239	30.531151	30.157335	0.551475
23.88	28.54	24.39	24.39	3.30	1.28	29.580706	30.527872	30.152916	0.551502
23.88	28.54	24.38	24.38	3.30	1.28	29.575173	30.524593	30.148497	0.551529
23.88	28.54	24.38	24.38	3.30	1.29	29.569640	30.521313	30.144078	0.551556
23.89	28.54	24.37	24.37	3.30	1.29	29.564106	30.518034	30.139659	0.551583
23.89	28.54	24.36	24.36	3.30	1.29	29.558574	30.514754	30.135240	0.551609
23.89	28.54	24.35	24.35	3.30	1.29	29.553041	30.511474	30.130821	0.551636
23.89	28.54	24.34	24.34	3.30	1.29	29.547508	30.508194	30.126402	0.551663
23.90	28.54	24.34	24.34	3.30	1.29	29.541975	30.504914	30.121983	0.551689
23.90	28.54	24.33	24.33	3.30	1.29	29.536443	30.501633	30.117564	0.551716
23.90	28.54	24.32	24.32	3.30	1.29	29.530910	30.498352	30.113144	0.551742
23.91	28.54	24.31	24.31	3.30	1.29	29.525378	30.495071	30.108725	0.551769
23.91	28.54	24.31	24.31	3.30	1.29	29.519846	30.491790	30.104306	0.551795
23.91	28.54	24.30	24.30	3.30	1.29	29.514314	30.488509	30.099886	0.551821
23.91	28.54	24.29	24.29	3.30	1.29	29.508782	30.485227	30.095467	0.551848
23.92	28.54	24.28	24.28	3.30	1.30	29.503250	30.481945	30.091047	0.551874
23.92	28.54	24.27	24.27	3.30	1.30	29.497719	30.478663	30.086627	0.551900
23.92	28.54	24.27	24.27	3.30	1.30	29.492187	30.475381	30.082208	0.551926
23.93	28.54	24.26	24.26	3.30	1.30	29.486656	30.472098	30.077788	0.551952
23.93	28.54	24.25	24.25	3.30	1.30	29.481124	30.468816	30.073368	0.551978
23.93	28.54	24.24	24.24	3.30	1.30	29.475593	30.465533	30.068948	0.552004
23.93	28.54	24.23	24.23	3.30	1.30	29.470062	30.462250	30.064528	0.552030
23.94	28.54	24.23	24.23	3.30	1.30	29.464531	30.458966	30.060109	0.552056
23.94	28.54	24.22	24.22	3.30	1.30	29.459000	30.455683	30.055689	0.552081
23.94	28.54	24.21	24.21	3.30	1.30	29.453470	30.452399	30.051269	0.552107
23.94	28.54	24.20	24.20	3.30	1.30	29.447939	30.449115	30.046848	0.552133
23.95	28.54	24.20	24.20	3.30	1.30	29.442409	30.445831	30.042428	0.552158
23.95	28.54	24.19	24.19	3.30	1.30	29.436879	30.442547	30.038008	0.552184
23.95	28.54	24.18	24.18	3.30	1.31	29.431349	30.439262	30.033588	0.552209
23.96	28.54	24.17	24.17	3.30	1.31	29.425819	30.435978	30.029168	0.552235
23.96	28.54	24.16	24.16	3.30	1.31	29.420289	30.432693	30.024748	0.552260
23.96	28.54	24.16	24.16	3.30	1.31	29.414759	30.429408	30.020327	0.552285
23.96	28.54	24.15	24.15	3.30	1.31	29.409230	30.426123	30.015907	0.552310
23.97	28.54	24.14	24.14	3.30	1.31	29.403700	30.422837	30.011487	0.552336
23.97	28.54	24.13	24.13	3.30	1.31	29.398171	30.419551	30.007066	0.552361
23.97	28.54	24.13	24.13	3.30	1.31	29.392642	30.416266	30.002646	0.552386
23.98	28.54	24.12	24.12	3.30	1.31	29.387113	30.412980	29.998225	0.552411
23.98	28.54	24.11	24.11	3.29	1.31	29.381584	30.409693	29.993805	0.552436
23.98	28.54	24.10	24.10	3.29	1.31	29.376056	30.406407	29.989384	0.552461
23.98	28.54	24.09	24.09	3.29	1.31	29.370527	30.403120	29.984964	0.552486
23.99	28.54	24.09	24.09	3.29	1.31	29.364999	30.399833	29.980543	0.552510
23.99	28.54	24.08	24.08	3.29	1.32	29.359471	30.396546	29.976123	0.552535
23.99	28.54	24.07	24.07	3.29	1.32	29.353943	30.393259	29.971702	0.552560
23.99	28.54	24.06	24.06	3.29	1.32	29.348415	30.389972	29.967282	0.552585
24.00	28.54	24.06	24.06	3.29	1.32	29.342888	30.386684	29.962861	0.552609
24.00	28.54	24.05	24.05	3.29	1.32	29.337360	30.383396	29.958440	0.552634
