#Hora	Tint	Ta	Tsa	Hr	Hc	T1	T2	<T12>	Keq2
#1	2	3	4	5	6	7	8	9	10
0.00	21.48	13.09	13.09	2.93	1.62	17.309606	19.541759	18.460858	0.550387
0.00	21.48	13.08	13.08	2.93	1.62	17.307167	19.540387	18.458953	0.550393
0.01	21.48	13.08	13.08	2.93	1.62	17.304728	19.539014	18.457047	0.550399
0.01	21.48	13.08	13.08	2.93	1.62	17.302288	19.537641	18.455141	0.550405
0.01	21.48	13.07	13.07	2.93	1.62	17.299848	19.536267	18.453235	0.550411
0.01	21.48	13.07	13.07	2.93	1.62	17.297409	19.534894	18.451329	0.550417
0.02	21.48	13.07	13.07	2.93	1.62	17.294969	19.533520	18.449422	0.550423
0.02	21.48	13.06	13.06	2.93	1.62	17.292528	19.532145	18.447515	0.550429
0.02	21.48	13.06	13.06	2.93	1.62	17.290088	19.530771	18.445608	0.550435
0.03	21.48	13.05	13.05	2.93	1.62	17.287648	19.529396	18.443701	0.550441
0.03	21.48	13.05	13.05	2.93	1.62	17.285207	19.528021	18.441794	0.550447
0.03	21.48	13.05	13.05	2.93	1.62	17.282766	19.526646	18.439886	0.550453
0.03	21.48	13.04	13.04	2.93	1.62	17.280326	19.525270	18.437978	0.550459
0.04	21.48	13.04	13.04	2.93	1.62	17.277885	19.523895	18.436070	0.550465
0.04	21.48	13.04	13.04	2.93	1.62	17.275444	19.522519	18.434162	0.550471
0.04	21.48	13.03	13.03	2.93	1.62	17.273002	19.521142	18.432253	0.550477
0.04	21.48	13.03	13.03	2.93	1.62	17.270561	19.519766	18.430344	0.550483
0.05	21.48	13.03	13.03	2.93	1.62	17.268120	19.518389	18.428435	0.550489
0.05	21.48	13.02	13.02	2.93	1.62	17.265678	19.517012	18.426526	0.550495
0.05	21.48	13.02	13.02	2.93	1.62	17.263236	19.515634	18.424617	0.550501
0.06	21.48	13.01	13.01	2.93	1.62	17.260795	19.514257	18.422707	0.550507
0.06	21.48	13.01	13.01	2.93	1.63	17.258353	19.512879	18.420797	0.550513
0.06	21.48	13.01	13.01	2.93	1.63	17.255911	19.511501	18.418887	0.550518
0.06	21.48	13.00	13.00	2.93	1.63	17.253468	19.510122	18.416977	0.550524
0.07	21.48	13.00	13.00	2.93	1.63	17.251026	19.508743	18.415067	0.550530
0.07	21.48	13.00	13.00	2.93	1.63	17.248584	19.507364	18.413156	0.550536
0.07	21.48	12.99	12.99	2.93	1.63	17.246141	19.505985	18.411245	0.550542
0.07	21.48	12.99	12.99	2.93	1.63	17.243699	19.504606	18.409334	0.550548
0.08	21.48	12.98	12.98	2.93	1.63	17.241256	19.503226	18.407423	0.550554
0.08	21.48	12.98	12.98	2.93	1.63	17.238813	19.501846	18.405511	0.550560
0.08	21.48	12.98	12.98	2.93	1.63	17.236370	19.500466	18.403600	0.550566
0.09	21.48	12.97	12.97	2.93	1.63	17.233927	19.499085	18.401688	0.550572
0.09	21.48	12.97	12.97	2.93	1.63	17.231483	19.497705	18.399776	0.550578
0.09	21.48	12.97	12.97	2.93	1.63	17.229040	19.496324	18.397864	0.550583
0.09	21.48	12.96	12.96	2.93	1.63	17.226597	19.494942	18.395951	0.550589
0.10	21.48	12.96	12.96	2.93	1.63	17.224153	19.493561	18.394039	0.550595
0.10	21.48	12.96	12.96	2.93	1.63	17.221709	19.492179	18.392126	0.550601
0.10	21.48	12.95	12.95	2.93	1.63	17.219265	19.490797	18.390213	0.550607
0.11	21.48	12.95	12.95	2.93	1.63	17.216821	19.489415	18.388299	0.550613
0.11	21.48	12.94	12.94	2.93	1.63	17.214377	19.488032	18.386386	0.550619
0.11	21.48	12.94	12.94	2.93	1.63	17.211933	19.486649	18.384472	0.550624
0.11	21.48	12.94	12.94	2.93	1.63	17.209489	19.485266	18.382558	0.550630
0.12	21.48	12.93	12.93	2.93	1.63	17.207044	19.483883	18.380644	0.550636
0.12	21.48	12.93	12.93	2.93	1.63	17.204600	19.482500	18.378730	0.550642
0.12	21.48	12.93	12.93	2.93	1.63	17.202155	19.481116	18.376816	0.550648
0.12	21.48	12.92	12.92	2.93	1.63	17.199710	19.479732	18.374901	0.550654
0.13	21.48	12.92	12.92	2.93	1.63	17.197265	19.478348	18.372986	0.550660
0.13	21.48	12.91	12.91	2.93	1.63	17.194820	19.476963	18.371071	0.550665
0.13	21.48	12.91	12.91	2.93	1.63	17.192375	19.475578	18.369156	0.550671
0.14	21.48	12.91	12.91	2.93	1.63	17.189930	19.474193	18.367241	0.550677
0.14	21.48	12.90	12.90	2.93	1.63	17.187485	19.472808	18.365325	0.550683
0.14	21.48	12.90	12.90	2.93	1.63	17.185039	19.471422	18.363409	0.550689
0.14	21.48	12.90	12.90	2.93	1.63	17.182594	19.470037	18.361493	0.550694
0.15	21.48	12.89	12.89	2.93	1.63	17.180148	19.468651	18.359577	0.550700
0.15	21.48	12.89	12.89	2.93	1.63	17.177702	19.467264	18.357661	0.550706
0.15	21.48	12.89	12.89	2.93	1.63	17.175256	19.465878	18.355744	0.550712
0.16	21.48	12.88	12.88	2.93	1.63	17.172810	19.464491	18.353828	0.550718
0.16	21.48	12.88	12.88	2.93	1.63	17.170364	19.463104	18.351911	0.550723
0.16	21.48	12.87	12.87	2.93	1.63	17.167918	19.461717	18.349994	0.550729
0.16	21.48	12.87	12.87	2.93	1.63	17.165471	19.460329	18.348076	0.550735
0.17	21.48	12.87	12.87	2.93	1.63	17.163025	19.458941	18.346159	0.550741
0.17	21.48	12.86	12.86	2.93	1.63	17.160578	19.457553	18.344241	0.550747
0.17	21.48	12.86	12.86	2.93	1.63	17.158132	19.456165	18.342323	0.550752
0.17	21.48	12.86	12.86	2.93	1.63	17.155685	19.454777	18.340405	0.550758
0.18	21.48	12.85	12.85	2.93	1.63	17.153238	19.453388	18.338487	0.550764
0.18	21.48	12.85	12.85	2.93	1.63	17.150791	19.451999	18.336569	0.550770
0.18	21.48	12.85	12.85	2.93	1.63	17.148344	19.450610	18.334650	0.550775
0.19	21.48	12.84	12.84	2.93	1.63	17.145897	19.449220	18.332731	0.550781
0.19	21.48	12.84	12.84	2.93	1.63	17.143450	19.447831	18.330812	0.550787
0.19	21.48	12.83	12.83	2.93	1.64	17.141002	19.446441	18.328893	0.550793
0.19	21.48	12.83	12.83	2.93	1.64	17.138555	19.445051	18.326974	0.550798
0.20	21.48	12.83	12.83	2.93	1.64	17.136107	19.443660	18.325054	0.550804
0.20	21.48	12.82	12.82	2.93	1.64	17.133659	19.442270	18.323135	0.550810
0.20	21.48	12.82	12.82	2.93	1.64	17.131212	19.440879	18.321215	0.550816
0.21	21.48	12.82	12.82	2.93	1.64	17.128764	19.439488	18.319295	0.550821
0.21	21.48	12.81	12.81	2.93	1.64	17.126316	19.438096	18.317375	0.550827
0.21	21.48	12.81	12.81	2.93	1.64	17.123868	19.436705	18.315454	0.550833
0.21	21.48	12.81	12.81	2.93	1.64	17.121420	19.435313	18.313534	0.550838
0.22	21.48	12.80	12.80	2.93	1.64	17.118971	19.433921	18.311613	0.550844
0.22	21.48	12.80	12.80	2.93	1.64	17.116523	19.432528	18.309692	0.550850
0.22	21.48	12.79	12.79	2.93	1.64	17.114074	19.431136	18.307771	0.550856
0.23	21.48	12.79	12.79	2.93	1.64	17.111626	19.429743	18.305850	0.550861
0.23	21.48	12.79	12.79	2.93	1.64	17.109177	19.428350	18.303928	0.550867
0.23	21.48	12.78	12.78	2.93	1.64	17.106729	19.426957	18.302006	0.550873
0.23	21.48	12.78	12.78	2.93	1.64	17.104280	19.425563	18.300085	0.550878
0.24	21.48	12.78	12.78	2.93	1.64	17.101831	19.424170	18.298163	0.550884
0.24	21.48	12.77	12.77	2.93	1.64	17.099382	19.422776	18.296241	0.550890
0.24	21.48	12.77	12.77	2.93	1.64	17.096933	19.421382	18.294318	0.550895
0.24	21.48	12.77	12.77	2.93	1.64	17.094484	19.419987	18.292396	0.550901
0.25	21.48	12.76	12.76	2.93	1.64	17.092034	19.418593	18.290473	0.550907
0.25	21.48	12.76	12.76	2.93	1.64	17.089585	19.417198	18.288550	0.550912
0.25	21.48	12.75	12.75	2.93	1.64	17.087136	19.415803	18.286627	0.550918
0.26	21.48	12.75	12.75	2.93	1.64	17.084686	19.414407	18.284704	0.550924
0.26	21.48	12.75	12.75	2.93	1.64	17.082237	19.413012	18.282781	0.550929
0.26	21.48	12.74	12.74	2.93	1.64	17.079787	19.411616	18.280857	0.550935
0.26	21.48	12.74	12.74	2.93	1.64	17.077337	19.410220	18.278934	0.550941
0.27	21.48	12.74	12.74	2.93	1.64	17.074887	19.408824	18.277010	0.550946
0.27	21.48	12.73	12.73	2.93	1.64	17.072437	19.407427	18.275086	0.550952
0.27	21.48	12.73	12.73	2.93	1.64	17.069987	19.406030	18.273161	0.550957
0.28	21.48	12.73	12.73	2.93	1.64	17.067537	19.404633	18.271237	0.550963
0.28	21.48	12.72	12.72	2.93	1.64	17.065087	19.403236	18.269313	0.550969
0.28	21.48	12.72	12.72	2.93	1.64	17.062637	19.401839	18.267388	0.550974
0.28	21.48	12.71	12.71	2.93	1.64	17.060187	19.400441	18.265463	0.550980
0.29	21.48	12.71	12.71	2.93	1.64	17.057736	19.399043	18.263538	0.550986
0.29	21.48	12.71	12.71	2.93	1.64	17.055286	19.397645	18.261613	0.550991
0.29	21.48	12.70	12.70	2.93	1.64	17.052835	19.396247	18.259688	0.550997
0.29	21.48	12.70	12.70	2.93	1.64	17.050385	19.394849	18.257762	0.551002
0.30	21.48	12.70	12.70	2.93	1.64	17.047934	19.393450	18.255836	0.551008
0.30	21.48	12.69	12.69	2.93	1.64	17.045483	19.392051	18.253911	0.551013
0.30	21.48	12.69	12.69	2.93	1.64	17.043032	19.390652	18.251985	0.551019
0.31	21.48	12.69	12.69	2.93	1.64	17.040581	19.389252	18.250059	0.551025
0.31	21.48	12.68	12.68	2.93	1.64	17.038130	19.387853	18.248132	0.551030
0.31	21.48	12.68	12.68	2.93	1.64	17.035679	19.386453	18.246206	0.551036
0.31	21.48	12.67	12.67	2.93	1.64	17.033228	19.385053	18.244279	0.551041
0.32	21.48	12.67	12.67	2.93	1.64	17.030777	19.383653	18.242353	0.551047
0.32	21.48	12.67	12.67	2.93	1.64	17.028326	19.382252	18.240426	0.551053
0.32	21.48	12.66	12.66	2.93	1.64	17.025875	19.380851	18.238499	0.551058
0.33	21.48	12.66	12.66	2.93	1.64	17.023423	19.379450	18.236571	0.551064
0.33	21.48	12.66	12.66	2.93	1.64	17.020972	19.378049	18.234644	0.551069
0.33	21.48	12.65	12.65	2.93	1.65	17.018520	19.376648	18.232716	0.551075
0.33	21.48	12.65	12.65	2.93	1.65	17.016069	19.375246	18.230789	0.551080
0.34	21.48	12.65	12.65	2.93	1.65	17.013617	19.373844	18.228861	0.551086
0.34	21.48	12.64	12.64	2.93	1.65	17.011165	19.372442	18.226933	0.551091
0.34	21.48	12.64	12.64	2.93	1.65	17.008714	19.371040	18.225005	0.551097
0.34	21.48	12.63	12.63	2.93	1.65	17.006262	19.369638	18.223076	0.551102
0.35	21.48	12.63	12.63	2.93	1.65	17.003810	19.368235	18.221148	0.551108
0.35	21.48	12.63	12.63	2.93	1.65	17.001358	19.366832	18.219219	0.551113
0.35	21.48	12.62	12.62	2.93	1.65	16.998906	19.365429	18.217291	0.551119
0.36	21.48	12.62	12.62	2.93	1.65	16.996454	19.364025	18.215362	0.551125
0.36	21.48	12.62	12.62	2.93	1.65	16.994002	19.362622	18.213433	0.551130
0.36	21.48	12.61	12.61	2.93	1.65	16.991550	19.361218	18.211504	0.551136
0.36	21.48	12.61	12.61	2.93	1.65	16.989097	19.359814	18.209574	0.551141
0.37	21.48	12.61	12.61	2.93	1.65	16.986645	19.358410	18.207645	0.551147
0.37	21.48	12.60	12.60	2.93	1.65	16.984193	19.357006	18.205715	0.551152
0.37	21.48	12.60	12.60	2.93	1.65	16.981740	19.355601	18.203785	0.551158
0.38	21.48	12.59	12.59	2.93	1.65	16.979288	19.354196	18.201855	0.551163
0.38	21.48	12.59	12.59	2.93	1.65	16.976836	19.352791	18.199925	0.551168
0.38	21.48	12.59	12.59	2.93	1.65	16.974383	19.351386	18.197995	0.551174
0.38	21.48	12.58	12.58	2.93	1.65	16.971930	19.349980	18.196065	0.551179
0.39	21.48	12.58	12.58	2.93	1.65	16.969478	19.348575	18.194134	0.551185
0.39	21.48	12.58	12.58	2.93	1.65	16.967025	19.347169	18.192204	0.551190
0.39	21.48	12.57	12.57	2.93	1.65	16.964572	19.345763	18.190273	0.551196
0.39	21.48	12.57	12.57	2.93	1.65	16.962120	19.344356	18.188342	0.551201
0.40	21.48	12.57	12.57	2.93	1.65	16.959667	19.342950	18.186411	0.551207
0.40	21.48	12.56	12.56	2.93	1.65	16.957214	19.341543	18.184480	0.551212
0.40	21.48	12.56	12.56	2.93	1.65	16.954761	19.340136	18.182548	0.551218
0.41	21.48	12.56	12.56	2.93	1.65	16.952308	19.338729	18.180617	0.551223
0.41	21.48	12.55	12.55	2.93	1.65	16.949855	19.337322	18.178685	0.551229
0.41	21.48	12.55	12.55	2.93	1.65	16.947402	19.335914	18.176754	0.551234
0.41	21.48	12.54	12.54	2.93	1.65	16.944949	19.334506	18.174822	0.551239
0.42	21.48	12.54	12.54	2.93	1.65	16.942496	19.333098	18.172890	0.551245
0.42	21.48	12.54	12.54	2.93	1.65	16.940043	19.331690	18.170957	0.551250
0.42	21.48	12.53	12.53	2.93	1.65	16.937589	19.330282	18.169025	0.551256
0.42	21.48	12.53	12.53	2.93	1.65	16.935136	19.328873	18.167093	0.551261
0.43	21.48	12.53	12.53	2.93	1.65	16.932683	19.327465	18.165160	0.551267
0.43	21.48	12.52	12.52	2.93	1.65	16.930230	19.326056	18.163228	0.551272
0.43	21.48	12.52	12.52	2.93	1.65	16.927776	19.324646	18.161295	0.551277
0.44	21.48	12.52	12.52	2.93	1.65	16.925323	19.323237	18.159362	0.551283
0.44	21.48	12.51	12.51	2.93	1.65	16.922869	19.321827	18.157429	0.551288
0.44	21.48	12.51	12.51	2.93	1.65	16.920416	19.320418	18.155495	0.551294
0.44	21.48	12.50	12.50	2.93	1.65	16.917963	19.319008	18.153562	0.551299
0.45	21.48	12.50	12.50	2.93	1.65	16.915509	19.317597	18.151629	0.551304
0.45	21.48	12.50	12.50	2.93	1.65	16.913055	19.316187	18.149695	0.551310
0.45	21.48	12.49	12.49	2.93	1.65	16.910602	19.314776	18.147761	0.551315
0.46	21.48	12.49	12.49	2.93	1.65	16.908148	19.313366	18.145827	0.551320
0.46	21.48	12.49	12.49	2.93	1.65	16.905695	19.311955	18.143893	0.551326
0.46	21.48	12.48	12.48	2.92	1.65	16.903241	19.310543	18.141959	0.551331
0.46	21.48	12.48	12.48	2.92	1.65	16.900787	19.309132	18.140025	0.551337
0.47	21.48	12.48	12.48	2.92	1.65	16.898333	19.307720	18.138091	0.551342
0.47	21.48	12.47	12.47	2.92	1.65	16.895880	19.306309	18.136156	0.551347
0.47	21.48	12.47	12.47	2.92	1.66	16.893426	19.304897	18.134222	0.551353
0.47	21.48	12.47	12.47	2.92	1.66	16.890972	19.303485	18.132287	0.551358
0.48	21.48	12.46	12.46	2.92	1.66	16.888518	19.302072	18.130352	0.551363
0.48	21.48	12.46	12.46	2.92	1.66	16.886064	19.300660	18.128417	0.551369
0.48	21.48	12.45	12.45	2.92	1.66	16.883611	19.299247	18.126482	0.551374
0.49	21.48	12.45	12.45	2.92	1.66	16.881157	19.297834	18.124547	0.551379
0.49	21.48	12.45	12.45	2.92	1.66	16.878703	19.296421	18.122611	0.551385
0.49	21.48	12.44	12.44	2.92	1.66	16.876249	19.295007	18.120676	0.551390
0.49	21.48	12.44	12.44	2.92	1.66	16.873795	19.293594	18.118740	0.551395
0.50	21.48	12.44	12.44	2.92	1.66	16.871341	19.292180	18.116805	0.551401
0.50	21.48	12.43	12.43	2.92	1.66	16.868887	19.290766	18.114869	0.551406
0.50	21.48	12.43	12.43	2.92	1.66	16.866433	19.289352	18.112933	0.551411
0.51	21.48	12.43	12.43	2.92	1.66	16.863979	19.287938	18.110997	0.551417
0.51	21.48	12.42	12.42	2.92	1.66	16.861525	19.286523	18.109061	0.551422
0.51	21.48	12.42	12.42	2.92	1.66	16.859071	19.285108	18.107124	0.551427
0.51	21.48	12.42	12.42	2.92	1.66	16.856617	19.283694	18.105188	0.551433
0.52	21.48	12.41	12.41	2.92	1.66	16.854162	19.282279	18.103251	0.551438
0.52	21.48	12.41	12.41	2.92	1.66	16.851708	19.280863	18.101315	0.551443
0.52	21.48	12.40	12.40	2.92	1.66	16.849254	19.279448	18.099378	0.551448
0.53	21.48	12.40	12.40	2.92	1.66	16.846800	19.278032	18.097441	0.551454
0.53	21.48	12.40	12.40	2.92	1.66	16.844346	19.276616	18.095504	0.551459
0.53	21.48	12.39	12.39	2.92	1.66	16.841892	19.275200	18.093567	0.551464
0.53	21.48	12.39	12.39	2.92	1.66	16.839438	19.273784	18.091630	0.551470
0.54	21.48	12.39	12.39	2.92	1.66	16.836984	19.272368	18.089693	0.551475
0.54	21.48	12.38	12.38	2.92	1.66	16.834529	19.270951	18.087755	0.551480
0.54	21.48	12.38	12.38	2.92	1.66	16.832075	19.269534	18.085818	0.551485
0.54	21.48	12.38	12.38	2.92	1.66	16.829621	19.268117	18.083880	0.551491
0.55	21.48	12.37	12.37	2.92	1.66	16.827167	19.266700	18.081942	0.551496
0.55	21.48	12.37	12.37	2.92	1.66	16.824713	19.265283	18.080004	0.551501
0.55	21.48	12.37	12.37	2.92	1.66	16.822258	19.263865	18.078066	0.551506
0.56	21.48	12.36	12.36	2.92	1.66	16.819804	19.262448	18.076128	0.551512
0.56	21.48	12.36	12.36	2.92	1.66	16.817350	19.261030	18.074190	0.551517
0.56	21.48	12.35	12.35	2.92	1.66	16.814896	19.259612	18.072252	0.551522
0.56	21.48	12.35	12.35	2.92	1.66	16.812442	19.258194	18.070314	0.551527
0.57	21.48	12.35	12.35	2.92	1.66	16.809987	19.256775	18.068375	0.551533
0.57	21.48	12.34	12.34	2.92	1.66	16.807533	19.255356	18.066436	0.551538
0.57	21.48	12.34	12.34	2.92	1.66	16.805079	19.253938	18.064498	0.551543
0.57	21.48	12.34	12.34	2.92	1.66	16.802625	19.252519	18.062559	0.551548
0.58	21.48	12.33	12.33	2.92	1.66	16.800170	19.251100	18.060620	0.551553
0.58	21.48	12.33	12.33	2.92	1.66	16.797716	19.249680	18.058681	0.551559
0.58	21.48	12.33	12.33	2.92	1.66	16.795262	19.248261	18.056742	0.551564
0.59	21.48	12.32	12.32	2.92	1.66	16.792808	19.246841	18.054803	0.551569
0.59	21.48	12.32	12.32	2.92	1.66	16.790354	19.245421	18.052863	0.551574
0.59	21.48	12.32	12.32	2.92	1.66	16.787900	19.244001	18.050924	0.551579
0.59	21.48	12.31	12.31	2.92	1.66	16.785445	19.242581	18.048985	0.551585
0.60	21.48	12.31	12.31	2.92	1.66	16.782991	19.241161	18.047045	0.551590
0.60	21.48	12.31	12.31	2.92	1.66	16.780537	19.239740	18.045105	0.551595
0.60	21.48	12.30	12.30	2.92	1.66	16.778083	19.238319	18.043166	0.551600
0.61	21.48	12.30	12.30	2.92	1.66	16.775629	19.236898	18.041226	0.551605
0.61	21.48	12.29	12.29	2.92	1.66	16.773175	19.235477	18.039286	0.551610
0.61	21.48	12.29	12.29	2.92	1.66	16.770721	19.234056	18.037346	0.551616
0.61	21.48	12.29	12.29	2.92	1.66	16.768266	19.232634	18.035405	0.551621
0.62	21.48	12.28	12.28	2.92	1.67	16.765812	19.231213	18.033465	0.551626
0.62	21.48	12.28	12.28	2.92	1.67	16.763358	19.229791	18.031525	0.551631
0.62	21.48	12.28	12.28	2.92	1.67	16.760904	19.228369	18.029584	0.551636
0.62	21.48	12.27	12.27	2.92	1.67	16.758450	19.226947	18.027644	0.551641
0.63	21.48	12.27	12.27	2.92	1.67	16.755996	19.225524	18.025703	0.551647
0.63	21.48	12.27	12.27	2.92	1.67	16.753542	19.224102	18.023763	0.551652
0.63	21.48	12.26	12.26	2.92	1.67	16.751088	19.222679	18.021822	0.551657
0.64	21.48	12.26	12.26	2.92	1.67	16.748634	19.221256	18.019881	0.551662
0.64	21.48	12.26	12.26	2.92	1.67	16.746180	19.219833	18.017940	0.551667
0.64	21.48	12.25	12.25	2.92	1.67	16.743726	19.218410	18.015999	0.551672
0.64	21.48	12.25	12.25	2.92	1.67	16.741272	19.216987	18.014058	0.551677
0.65	21.48	12.24	12.24	2.92	1.67	16.738819	19.215563	18.012116	0.551683
0.65	21.48	12.24	12.24	2.92	1.67	16.736365	19.214140	18.010175	0.551688
0.65	21.48	12.24	12.24	2.92	1.67	16.733911	19.212716	18.008234	0.551693
0.66	21.48	12.23	12.23	2.92	1.67	16.731457	19.211292	18.006292	0.551698
0.66	21.48	12.23	12.23	2.92	1.67	16.729003	19.209868	18.004351	0.551703
0.66	21.48	12.23	12.23	2.92	1.67	16.726550	19.208443	18.002409	0.551708
0.66	21.48	12.22	12.22	2.92	1.67	16.724096	19.207019	18.000467	0.551713
0.67	21.48	12.22	12.22	2.92	1.67	16.721642	19.205594	17.998525	0.551718
0.67	21.48	12.22	12.22	2.92	1.67	16.719188	19.204169	17.996583	0.551723
0.67	21.48	12.21	12.21	2.92	1.67	16.716735	19.202744	17.994641	0.551728
0.68	21.48	12.21	12.21	2.92	1.67	16.714281	19.201319	17.992699	0.551734
0.68	21.48	12.21	12.21	2.92	1.67	16.711828	19.199894	17.990757	0.551739
0.68	21.48	12.20	12.20	2.92	1.67	16.709374	19.198468	17.988815	0.551744
0.68	21.48	12.20	12.20	2.92	1.67	16.706920	19.197042	17.986873	0.551749
0.69	21.48	12.20	12.20	2.92	1.67	16.704467	19.195617	17.984930	0.551754
0.69	21.48	12.19	12.19	2.92	1.67	16.702013	19.194191	17.982988	0.551759
0.69	21.48	12.19	12.19	2.92	1.67	16.699560	19.192764	17.981045	0.551764
0.69	21.48	12.18	12.18	2.92	1.67	16.697107	19.191338	17.979103	0.551769
0.70	21.48	12.18	12.18	2.92	1.67	16.694653	19.189912	17.977160	0.551774
0.70	21.48	12.18	12.18	2.92	1.67	16.692200	19.188485	17.975217	0.551779
0.70	21.48	12.17	12.17	2.92	1.67	16.689747	19.187058	17.973274	0.551784
0.71	21.48	12.17	12.17	2.92	1.67	16.687293	19.185631	17.971331	0.551789
0.71	21.48	12.17	12.17	2.92	1.67	16.684840	19.184204	17.969388	0.551794
0.71	21.48	12.16	12.16	2.92	1.67	16.682387	19.182777	17.967445	0.551799
0.71	21.48	12.16	12.16	2.92	1.67	16.679934	19.181349	17.965502	0.551804
0.72	21.48	12.16	12.16	2.92	1.67	16.677481	19.179922	17.963559	0.551809
0.72	21.48	12.15	12.15	2.92	1.67	16.675028	19.178494	17.961616	0.551814
0.72	21.48	12.15	12.15	2.92	1.67	16.672575	19.177066	17.959672	0.551819
0.72	21.48	12.15	12.15	2.92	1.67	16.670122	19.175638	17.957729	0.551824
0.73	21.48	12.14	12.14	2.92	1.67	16.667669	19.174209	17.955785	0.551829
0.73	21.48	12.14	12.14	2.92	1.67	16.665216	19.172781	17.953842	0.551834
0.73	21.48	12.14	12.14	2.92	1.67	16.662763	19.171352	17.951898	0.551839
0.74	21.48	12.13	12.13	2.92	1.67	16.660310	19.169924	17.949955	0.551844
0.74	21.48	12.13	12.13	2.92	1.67	16.657858	19.168495	17.948011	0.551849
0.74	21.48	12.13	12.13	2.92	1.67	16.655405	19.167066	17.946067	0.551854
0.74	21.48	12.12	12.12	2.92	1.67	16.652952	19.165637	17.944123	0.551859
0.75	21.48	12.12	12.12	2.92	1.67	16.650500	19.164207	17.942179	0.551864
0.75	21.48	12.11	12.11	2.92	1.67	16.648047	19.162778	17.940235	0.551869
0.75	21.48	12.11	12.11	2.92	1.67	16.645595	19.161348	17.938291	0.551874
0.76	21.48	12.11	12.11	2.92	1.67	16.643142	19.159918	17.936347	0.551879
0.76	21.48	12.10	12.10	2.92	1.67	16.640690	19.158488	17.934403	0.551884
0.76	21.48	12.10	12.10	2.92	1.67	16.638238	19.157058	17.932458	0.551889
0.76	21.48	12.10	12.10	2.92	1.68	16.635785	19.155628	17.930514	0.551894
0.77	21.48	12.09	12.09	2.92	1.68	16.633333	19.154198	17.928570	0.551899
0.77	21.48	12.09	12.09	2.92	1.68	16.630881	19.152767	17.926625	0.551904
0.77	21.48	12.09	12.09	2.92	1.68	16.628429	19.151336	17.924681	0.551909
0.78	21.48	12.08	12.08	2.92	1.68	16.625977	19.149906	17.922736	0.551914
0.78	21.48	12.08	12.08	2.92	1.68	16.623525	19.148475	17.920791	0.551919
0.78	21.48	12.08	12.08	2.92	1.68	16.621073	19.147043	17.918847	0.551924
0.78	21.48	12.07	12.07	2.92	1.68	16.618621	19.145612	17.916902	0.551929
0.79	21.48	12.07	12.07	2.92	1.68	16.616169	19.144181	17.914957	0.551934
0.79	21.48	12.07	12.07	2.92	1.68	16.613717	19.142749	17.913012	0.551939
0.79	21.48	12.06	12.06	2.92	1.68	16.611266	19.141317	17.911067	0.551944
0.79	21.48	12.06	12.06	2.92	1.68	16.608814	19.139886	17.909122	0.551949
0.80	21.48	12.06	12.06	2.92	1.68	16.606362	19.138453	17.907177	0.551954
0.80	21.48	12.05	12.05	2.92	1.68	16.603911	19.137021	17.905232	0.551958
0.80	21.48	12.05	12.05	2.92	1.68	16.601460	19.135589	17.903287	0.551963
0.81	21.48	12.04	12.04	2.92	1.68	16.599008	19.134157	17.901342	0.551968
0.81	21.48	12.04	12.04	2.92	1.68	16.596557	19.132724	17.899397	0.551973
0.81	21.48	12.04	12.04	2.92	1.68	16.594106	19.131291	17.897451	0.551978
0.81	21.48	12.03	12.03	2.92	1.68	16.591654	19.129858	17.895506	0.551983
0.82	21.48	12.03	12.03	2.92	1.68	16.589203	19.128425	17.893561	0.551988
0.82	21.48	12.03	12.03	2.92	1.68	16.586752	19.126992	17.891615	0.551993
0.82	21.48	12.02	12.02	2.92	1.68	16.584301	19.125559	17.889670	0.551998
0.82	21.48	12.02	12.02	2.92	1.68	16.581850	19.124125	17.887724	0.552003
0.83	21.48	12.02	12.02	2.92	1.68	16.579400	19.122692	17.885779	0.552007
0.83	21.48	12.01	12.01	2.92	1.68	16.576949	19.121258	17.883833	0.552012
0.83	21.48	12.01	12.01	2.92	1.68	16.574498	19.119824	17.881887	0.552017
0.84	21.48	12.01	12.01	2.92	1.68	16.572047	19.118390	17.879942	0.552022
0.84	21.48	12.00	12.00	2.92	1.68	16.569597	19.116956	17.877996	0.552027
0.84	21.48	12.00	12.00	2.92	1.68	16.567146	19.115522	17.876050	0.552032
0.84	21.48	12.00	12.00	2.92	1.68	16.564696	19.114087	17.874104	0.552037
0.85	21.48	11.99	11.99	2.92	1.68	16.562246	19.112652	17.872158	0.552042
0.85	21.48	11.99	11.99	2.92	1.68	16.559796	19.111218	17.870212	0.552046
0.85	21.48	11.99	11.99	2.92	1.68	16.557345	19.109783	17.868266	0.552051
0.86	21.48	11.98	11.98	2.92	1.68	16.554895	19.108348	17.866320	0.552056
0.86	21.48	11.98	11.98	2.92	1.68	16.552445	19.106913	17.864374	0.552061
0.86	21.48	11.98	11.98	2.92	1.68	16.549995	19.105478	17.862428	0.552066
0.86	21.48	11.97	11.97	2.92	1.68	16.547546	19.104042	17.860482	0.552071
0.87	21.48	11.97	11.97	2.92	1.68	16.545096	19.102607	17.858536	0.552075
0.87	21.48	11.96	11.96	2.92	1.68	16.542646	19.101171	17.856590	0.552080
0.87	21.48	11.96	11.96	2.92	1.68	16.540197	19.099735	17.854643	0.552085
0.88	21.48	11.96	11.96	2.92	1.68	16.537747	19.098299	17.852697	0.552090
0.88	21.48	11.95	11.95	2.92	1.68	16.535298	19.096863	17.850751	0.552095
0.88	21.48	11.95	11.95	2.92	1.68	16.532848	19.095427	17.848804	0.552100
0.88	21.48	11.95	11.95	2.92	1.68	16.530399	19.093991	17.846858	0.552104
0.89	21.48	11.94	11.94	2.92	1.68	16.527950	19.092554	17.844911	0.552109
0.89	21.48	11.94	11.94	2.92	1.68	16.525501	19.091118	17.842965	0.552114
0.89	21.48	11.94	11.94	2.92	1.68	16.523052	19.089681	17.841018	0.552119
0.89	21.48	11.93	11.93	2.92	1.68	16.520603	19.088244	17.839072	0.552124
0.90	21.48	11.93	11.93	2.92	1.68	16.518154	19.086807	17.837125	0.552128
0.90	21.48	11.93	11.93	2.92	1.68	16.515705	19.085370	17.835179	0.552133
0.90	21.48	11.92	11.92	2.92	1.68	16.513257	19.083933	17.833232	0.552138
0.91	21.48	11.92	11.92	2.92	1.68	16.510808	19.082495	17.831285	0.552143
0.91	21.48	11.92	11.92	2.92	1.68	16.508360	19.081058	17.829339	0.552148
0.91	21.48	11.91	11.91	2.92	1.68	16.505911	19.079620	17.827392	0.552152
0.91	21.48	11.91	11.91	2.92	1.68	16.503463	19.078182	17.825445	0.552157
0.92	21.48	11.91	11.91	2.92	1.69	16.501015	19.076744	17.823498	0.552162
0.92	21.48	11.90	11.90	2.92	1.69	16.498567	19.075306	17.821551	0.552167
0.92	21.48	11.90	11.90	2.92	1.69	16.496119	19.073868	17.819605	0.552171
0.93	21.48	11.90	11.90	2.92	1.69	16.493671	19.072430	17.817658	0.552176
0.93	21.48	11.89	11.89	2.92	1.69	16.491223	19.070992	17.815711	0.552181
0.93	21.48	11.89	11.89	2.92	1.69	16.488776	19.069553	17.813764	0.552186
0.93	21.48	11.89	11.89	2.92	1.69	16.486328	19.068114	17.811817	0.552190
0.94	21.48	11.88	11.88	2.92	1.69	16.483881	19.066676	17.809870	0.552195
0.94	21.48	11.88	11.88	2.91	1.69	16.481433	19.065237	17.807923	0.552200
0.94	21.48	11.87	11.87	2.91	1.69	16.478986	19.063798	17.805976	0.552205
0.94	21.48	11.87	11.87	2.91	1.69	16.476539	19.062359	17.804029	0.552209
0.95	21.48	11.87	11.87	2.91	1.69	16.474092	19.060919	17.802082	0.552214
0.95	21.48	11.86	11.86	2.91	1.69	16.471645	19.059480	17.800135	0.552219
0.95	21.48	11.86	11.86	2.91	1.69	16.469198	19.058041	17.798188	0.552224
0.96	21.48	11.86	11.86	2.91	1.69	16.466751	19.056601	17.796240	0.552228
0.96	21.48	11.85	11.85	2.91	1.69	16.464305	19.055161	17.794293	0.552233
0.96	21.48	11.85	11.85	2.91	1.69	16.461858	19.053721	17.792346	0.552238
0.96	21.48	11.85	11.85	2.91	1.69	16.459412	19.052281	17.790399	0.552242
0.97	21.48	11.84	11.84	2.91	1.69	16.456966	19.050841	17.788452	0.552247
0.97	21.48	11.84	11.84	2.91	1.69	16.454519	19.049401	17.786505	0.552252
0.97	21.48	11.84	11.84	2.91	1.69	16.452073	19.047961	17.784557	0.552257
0.97	21.48	11.83	11.83	2.91	1.69	16.449627	19.046520	17.782610	0.552261
0.98	21.48	11.83	11.83	2.91	1.69	16.447181	19.045080	17.780663	0.552266
0.98	21.48	11.83	11.83	2.91	1.69	16.444736	19.043639	17.778715	0.552271
0.98	21.48	11.82	11.82	2.91	1.69	16.442290	19.042198	17.776768	0.552275
0.99	21.48	11.82	11.82	2.91	1.69	16.439845	19.040757	17.774821	0.552280
0.99	21.48	11.82	11.82	2.91	1.69	16.437399	19.039316	17.772874	0.552285
0.99	21.48	11.81	11.81	2.91	1.69	16.434954	19.037875	17.770926	0.552289
0.99	21.48	11.81	11.81	2.91	1.69	16.432509	19.036434	17.768979	0.552294
1.00	21.48	11.81	11.81	2.91	1.69	16.430064	19.034993	17.767032	0.552299
1.00	21.48	11.80	11.80	2.91	1.69	16.427619	19.033551	17.765084	0.552303
1.00	21.48	11.80	11.80	2.91	1.69	16.425174	19.032109	17.763137	0.552308
1.01	21.48	11.80	11.80	2.91	1.69	16.422729	19.030668	17.761189	0.552313
1.01	21.48	11.79	11.79	2.91	1.69	16.420285	19.029226	17.759242	0.552317
1.01	21.48	11.79	11.79	2.91	1.69	16.417840	19.027784	17.757295	0.552322
1.01	21.48	11.79	11.79	2.91	1.69	16.415396	19.026342	17.755347	0.552327
1.02	21.48	11.78	11.78	2.91	1.69	16.412952	19.024900	17.753400	0.552331
1.02	21.48	11.78	11.78	2.91	1.69	16.410507	19.023458	17.751452	0.552336
1.02	21.48	11.78	11.78	2.91	1.69	16.408064	19.022015	17.749505	0.552340
1.02	21.48	11.77	11.77	2.91	1.69	16.405620	19.020573	17.747557	0.552345
1.03	21.48	11.77	11.77	2.91	1.69	16.403176	19.019130	17.745610	0.552350
1.03	21.48	11.77	11.77	2.91	1.69	16.400732	19.017687	17.743663	0.552354
1.03	21.48	11.76	11.76	2.91	1.69	16.398289	19.016245	17.741715	0.552359
1.04	21.48	11.76	11.76	2.91	1.69	16.395846	19.014802	17.739768	0.552364
1.04	21.48	11.75	11.75	2.91	1.69	16.393402	19.013359	17.737820	0.552368
1.04	21.48	11.75	11.75	2.91	1.69	16.390959	19.011915	17.735873	0.552373
1.04	21.48	11.75	11.75	2.91	1.69	16.388516	19.010472	17.733925	0.552377
1.05	21.48	11.74	11.74	2.91	1.69	16.386074	19.009029	17.731978	0.552382
1.05	21.48	11.74	11.74	2.91	1.69	16.383631	19.007585	17.730030	0.552387
1.05	21.48	11.74	11.74	2.91	1.69	16.381188	19.006142	17.728083	0.552391
1.06	21.48	11.73	11.73	2.91	1.69	16.378746	19.004698	17.726135	0.552396
1.06	21.48	11.73	11.73	2.91	1.69	16.376304	19.003254	17.724188	0.552400
1.06	21.48	11.73	11.73	2.91	1.69	16.373861	19.001811	17.722241	0.552405
1.06	21.48	11.72	11.72	2.91	1.69	16.371419	19.000367	17.720293	0.552410
1.07	21.48	11.72	11.72	2.91	1.69	16.368978	18.998923	17.718346	0.552414
1.07	21.48	11.72	11.72	2.91	1.69	16.366536	18.997478	17.716398	0.552419
1.07	21.48	11.71	11.71	2.91	1.69	16.364094	18.996034	17.714451	0.552423
1.07	21.48	11.71	11.71	2.91	1.70	16.361653	18.994590	17.712503	0.552428
1.08	21.48	11.71	11.71	2.91	1.70	16.359211	18.993145	17.710556	0.552432
1.08	21.48	11.70	11.70	2.91	1.70	16.356770	18.991701	17.708609	0.552437
1.08	21.48	11.70	11.70	2.91	1.70	16.354329	18.990256	17.706661	0.552442
1.09	21.48	11.70	11.70	2.91	1.70	16.351888	18.988811	17.704714	0.552446
1.09	21.48	11.69	11.69	2.91	1.70	16.349448	18.987366	17.702766	0.552451
1.09	21.48	11.69	11.69	2.91	1.70	16.347007	18.985921	17.700819	0.552455
1.09	21.48	11.69	11.69	2.91	1.70	16.344567	18.984476	17.698872	0.552460
1.10	21.48	11.68	11.68	2.91	1.70	16.342126	18.983031	17.696924	0.552464
1.10	21.48	11.68	11.68	2.91	1.70	16.339686	18.981586	17.694977	0.552469
1.10	21.48	11.68	11.68	2.91	1.70	16.337246	18.980140	17.693030	0.552473
1.11	21.48	11.67	11.67	2.91	1.70	16.334806	18.978695	17.691082	0.552478
1.11	21.48	11.67	11.67	2.91	1.70	16.332366	18.977249	17.689135	0.552482
1.11	21.48	11.67	11.67	2.91	1.70	16.329927	18.975804	17.687188	0.552487
1.11	21.48	11.66	11.66	2.91	1.70	16.327487	18.974358	17.685240	0.552491
1.12	21.48	11.66	11.66	2.91	1.70	16.325048	18.972912	17.683293	0.552496
1.12	21.48	11.66	11.66	2.91	1.70	16.322609	18.971466	17.681346	0.552501
1.12	21.48	11.65	11.65	2.91	1.70	16.320170	18.970020	17.679399	0.552505
1.12	21.48	11.65	11.65	2.91	1.70	16.317731	18.968574	17.677451	0.552510
1.13	21.48	11.65	11.65	2.91	1.70	16.315292	18.967128	17.675504	0.552514
1.13	21.48	11.64	11.64	2.91	1.70	16.312854	18.965681	17.673557	0.552519
1.13	21.48	11.64	11.64	2.91	1.70	16.310415	18.964235	17.671610	0.552523
1.14	21.48	11.64	11.64	2.91	1.70	16.307977	18.962789	17.669663	0.552528
1.14	21.48	11.63	11.63	2.91	1.70	16.305539	18.961342	17.667716	0.552532
1.14	21.48	11.63	11.63	2.91	1.70	16.303101	18.959895	17.665769	0.552536
1.14	21.48	11.63	11.63	2.91	1.70	16.300664	18.958449	17.663822	0.552541
1.15	21.48	11.62	11.62	2.91	1.70	16.298226	18.957002	17.661874	0.552545
1.15	21.48	11.62	11.62	2.91	1.70	16.295788	18.955555	17.659927	0.552550
1.15	21.48	11.62	11.62	2.91	1.70	16.293351	18.954108	17.657980	0.552554
1.16	21.48	11.61	11.61	2.91	1.70	16.290914	18.952661	17.656033	0.552559
1.16	21.48	11.61	11.61	2.91	1.70	16.288477	18.951213	17.654086	0.552563
1.16	21.48	11.61	11.61	2.91	1.70	16.286040	18.949766	17.652139	0.552568
1.16	21.48	11.60	11.60	2.91	1.70	16.283604	18.948319	17.650193	0.552572
1.17	21.48	11.60	11.60	2.91	1.70	16.281167	18.946871	17.648246	0.552577
1.17	21.48	11.60	11.60	2.91	1.70	16.278731	18.945424	17.646299	0.552581
1.17	21.48	11.59	11.59	2.91	1.70	16.276295	18.943976	17.644352	0.552586
1.18	21.48	11.59	11.59	2.91	1.70	16.273859	18.942528	17.642405	0.552590
1.18	21.48	11.59	11.59	2.91	1.70	16.271423	18.941080	17.640458	0.552594
1.18	21.48	11.58	11.58	2.91	1.70	16.268987	18.939632	17.638512	0.552599
1.18	21.48	11.58	11.58	2.91	1.70	16.266552	18.938184	17.636565	0.552603
1.19	21.48	11.58	11.58	2.91	1.70	16.264117	18.936736	17.634618	0.552608
1.19	21.48	11.57	11.57	2.91	1.70	16.261682	18.935288	17.632672	0.552612
1.19	21.48	11.57	11.57	2.91	1.70	16.259247	18.933840	17.630725	0.552617
1.19	21.48	11.57	11.57	2.91	1.70	16.256812	18.932392	17.628778	0.552621
1.20	21.48	11.56	11.56	2.91	1.70	16.254377	18.930943	17.626832	0.552625
1.20	21.48	11.56	11.56	2.91	1.70	16.251943	18.929495	17.624885	0.552630
1.20	21.48	11.56	11.56	2.91	1.70	16.249508	18.928046	17.622939	0.552634
1.21	21.48	11.55	11.55	2.91	1.70	16.247074	18.926598	17.620992	0.552639
1.21	21.48	11.55	11.55	2.91	1.70	16.244640	18.925149	17.619046	0.552643
1.21	21.48	11.55	11.55	2.91	1.70	16.242207	18.923700	17.617099	0.552647
1.21	21.48	11.54	11.54	2.91	1.70	16.239773	18.922251	17.615153	0.552652
1.22	21.48	11.54	11.54	2.91	1.70	16.237340	18.920802	17.613207	0.552656
1.22	21.48	11.54	11.54	2.91	1.70	16.234906	18.919353	17.611260	0.552661
1.22	21.48	11.53	11.53	2.91	1.70	16.232473	18.917904	17.609314	0.552665
1.23	21.48	11.53	11.53	2.91	1.70	16.230041	18.916455	17.607368	0.552669
1.23	21.48	11.53	11.53	2.91	1.70	16.227608	18.915006	17.605422	0.552674
1.23	21.48	11.52	11.52	2.91	1.70	16.225175	18.913556	17.603476	0.552678
1.23	21.48	11.52	11.52	2.91	1.70	16.222743	18.912107	17.601530	0.552683
1.24	21.48	11.52	11.52	2.91	1.71	16.220311	18.910657	17.599584	0.552687
1.24	21.48	11.51	11.51	2.91	1.71	16.217879	18.909208	17.597638	0.552691
1.24	21.48	11.51	11.51	2.91	1.71	16.215447	18.907758	17.595692	0.552696
1.24	21.48	11.51	11.51	2.91	1.71	16.213016	18.906308	17.593746	0.552700
1.25	21.48	11.50	11.50	2.91	1.71	16.210584	18.904859	17.591800	0.552704
1.25	21.48	11.50	11.50	2.91	1.71	16.208153	18.903409	17.589854	0.552709
1.25	21.48	11.50	11.50	2.91	1.71	16.205722	18.901959	17.587908	0.552713
1.26	21.48	11.49	11.49	2.91	1.71	16.203291	18.900509	17.585962	0.552717
1.26	21.48	11.49	11.49	2.91	1.71	16.200861	18.899059	17.584017	0.552722
1.26	21.48	11.49	11.49	2.91	1.71	16.198430	18.897609	17.582071	0.552726
1.26	21.48	11.48	11.48	2.91	1.71	16.196000	18.896158	17.580125	0.552730
1.27	21.48	11.48	11.48	2.91	1.71	16.193570	18.894708	17.578180	0.552735
1.27	21.48	11.48	11.48	2.91	1.71	16.191140	18.893258	17.576234	0.552739
1.27	21.48	11.47	11.47	2.91	1.71	16.188710	18.891807	17.574289	0.552743
1.27	21.48	11.47	11.47	2.91	1.71	16.186281	18.890357	17.572343	0.552748
1.28	21.48	11.47	11.47	2.91	1.71	16.183851	18.888906	17.570398	0.552752
1.28	21.48	11.46	11.46	2.91	1.71	16.181422	18.887455	17.568453	0.552756
1.28	21.48	11.46	11.46	2.91	1.71	16.178993	18.886005	17.566508	0.552761
1.29	21.48	11.46	11.46	2.91	1.71	16.176565	18.884554	17.564562	0.552765
1.29	21.48	11.45	11.45	2.91	1.71	16.174136	18.883103	17.562617	0.552769
1.29	21.48	11.45	11.45	2.91	1.71	16.171708	18.881652	17.560672	0.552774
1.29	21.48	11.45	11.45	2.91	1.71	16.169280	18.880201	17.558727	0.552778
1.30	21.48	11.44	11.44	2.91	1.71	16.166852	18.878750	17.556782	0.552782
1.30	21.48	11.44	11.44	2.91	1.71	16.164424	18.877299	17.554837	0.552786
1.30	21.48	11.44	11.44	2.91	1.71	16.161996	18.875848	17.552892	0.552791
1.31	21.48	11.43	11.43	2.91	1.71	16.159569	18.874397	17.550947	0.552795
1.31	21.48	11.43	11.43	2.91	1.71	16.157142	18.872945	17.549003	0.552799
1.31	21.48	11.43	11.43	2.91	1.71	16.154715	18.871494	17.547058	0.552804
1.31	21.48	11.42	11.42	2.91	1.71	16.152288	18.870043	17.545113	0.552808
1.32	21.48	11.42	11.42	2.91	1.71	16.149862	18.868591	17.543169	0.552812
1.32	21.48	11.42	11.42	2.91	1.71	16.147436	18.867140	17.541224	0.552816
1.32	21.48	11.41	11.41	2.91	1.71	16.145009	18.865688	17.539280	0.552821
1.32	21.48	11.41	11.41	2.91	1.71	16.142584	18.864236	17.537335	0.552825
1.33	21.48	11.41	11.41	2.91	1.71	16.140158	18.862785	17.535391	0.552829
1.33	21.48	11.40	11.40	2.91	1.71	16.137732	18.861333	17.533446	0.552833
1.33	21.48	11.40	11.40	2.91	1.71	16.135307	18.859881	17.531502	0.552838
1.34	21.48	11.40	11.40	2.91	1.71	16.132882	18.858429	17.529558	0.552842
1.34	21.48	11.39	11.39	2.91	1.71	16.130457	18.856977	17.527614	0.552846
1.34	21.48	11.39	11.39	2.91	1.71	16.128032	18.855525	17.525670	0.552850
1.34	21.48	11.39	11.39	2.91	1.71	16.125608	18.854073	17.523726	0.552855
1.35	21.48	11.38	11.38	2.91	1.71	16.123184	18.852621	17.521782	0.552859
1.35	21.48	11.38	11.38	2.91	1.71	16.120760	18.851168	17.519838	0.552863
1.35	21.48	11.38	11.38	2.91	1.71	16.118336	18.849716	17.517894	0.552867
1.36	21.48	11.37	11.37	2.91	1.71	16.115912	18.848264	17.515951	0.552872
1.36	21.48	11.37	11.37	2.91	1.71	16.113489	18.846812	17.514007	0.552876
1.36	21.48	11.37	11.37	2.91	1.71	16.111066	18.845359	17.512063	0.552880
1.36	21.48	11.36	11.36	2.91	1.71	16.108643	18.843907	17.510120	0.552884
1.37	21.48	11.36	11.36	2.91	1.71	16.106220	18.842454	17.508176	0.552888
1.37	21.48	11.36	11.36	2.91	1.71	16.103798	18.841002	17.506233	0.552893
1.37	21.48	11.35	11.35	2.91	1.71	16.101376	18.839549	17.504290	0.552897
1.38	21.48	11.35	11.35	2.91	1.71	16.098953	18.838096	17.502346	0.552901
1.38	21.48	11.35	11.35	2.91	1.71	16.096532	18.836643	17.500403	0.552905
1.38	21.48	11.34	11.34	2.91	1.71	16.094110	18.835191	17.498460	0.552909
1.38	21.48	11.34	11.34	2.91	1.71	16.091689	18.833738	17.496517	0.552914
1.39	21.48	11.34	11.34	2.91	1.71	16.089267	18.832285	17.494574	0.552918
1.39	21.48	11.33	11.33	2.91	1.71	16.086846	18.830832	17.492631	0.552922
1.39	21.48	11.33	11.33	2.91	1.71	16.084426	18.829379	17.490688	0.552926
1.39	21.48	11.33	11.33	2.91	1.71	16.082005	18.827926	17.488746	0.552930
1.40	21.48	11.32	11.32	2.91	1.71	16.079585	18.826473	17.486803	0.552934
1.40	21.48	11.32	11.32	2.91	1.71	16.077165	18.825020	17.484861	0.552939
1.40	21.48	11.32	11.32	2.91	1.72	16.074745	18.823566	17.482918	0.552943
1.41	21.48	11.31	11.31	2.91	1.72	16.072326	18.822113	17.480976	0.552947
1.41	21.48	11.31	11.31	2.91	1.72	16.069906	18.820660	17.479033	0.552951
1.41	21.48	11.31	11.31	2.91	1.72	16.067487	18.819207	17.477091	0.552955
1.41	21.48	11.30	11.30	2.90	1.72	16.065068	18.817753	17.475149	0.552959
1.42	21.48	11.30	11.30	2.90	1.72	16.062649	18.816300	17.473207	0.552964
1.42	21.48	11.30	11.30	2.90	1.72	16.060231	18.814846	17.471265	0.552968
1.42	21.48	11.29	11.29	2.90	1.72	16.057813	18.813393	17.469323	0.552972
1.43	21.48	11.29	11.29	2.90	1.72	16.055395	18.811939	17.467381	0.552976
1.43	21.48	11.29	11.29	2.90	1.72	16.052977	18.810485	17.465439	0.552980
1.43	21.48	11.28	11.28	2.90	1.72	16.050560	18.809032	17.463497	0.552984
1.43	21.48	11.28	11.28	2.90	1.72	16.048142	18.807578	17.461556	0.552988
1.44	21.48	11.28	11.28	2.90	1.72	16.045725	18.806124	17.459614	0.552992
1.44	21.48	11.27	11.27	2.90	1.72	16.043309	18.804671	17.457673	0.552997
1.44	21.48	11.27	11.27	2.90	1.72	16.040892	18.803217	17.455731	0.553001
1.44	21.48	11.27	11.27	2.90	1.72	16.038476	18.801763	17.453790	0.553005
1.45	21.48	11.26	11.26	2.90	1.72	16.036060	18.800309	17.451849	0.553009
1.45	21.48	11.26	11.26	2.90	1.72	16.033644	18.798855	17.449908	0.553013
1.45	21.48	11.26	11.26	2.90	1.72	16.031228	18.797401	17.447967	0.553017
1.46	21.48	11.25	11.25	2.90	1.72	16.028813	18.795947	17.446026	0.553021
1.46	21.48	11.25	11.25	2.90	1.72	16.026398	18.794493	17.444085	0.553025
1.46	21.48	11.25	11.25	2.90	1.72	16.023983	18.793039	17.442144	0.553029
1.46	21.48	11.24	11.24	2.90	1.72	16.021568	18.791585	17.440204	0.553034
1.47	21.48	11.24	11.24	2.90	1.72	16.019154	18.790130	17.438263	0.553038
1.47	21.48	11.24	11.24	2.90	1.72	16.016740	18.788676	17.436323	0.553042
1.47	21.48	11.24	11.24	2.90	1.72	16.014326	18.787222	17.434382	0.553046
1.48	21.48	11.23	11.23	2.90	1.72	16.011912	18.785768	17.432442	0.553050
1.48	21.48	11.23	11.23	2.90	1.72	16.009499	18.784313	17.430502	0.553054
1.48	21.48	11.23	11.23	2.90	1.72	16.007086	18.782859	17.428562	0.553058
1.48	21.48	11.22	11.22	2.90	1.72	16.004673	18.781405	17.426622	0.553062
1.49	21.48	11.22	11.22	2.90	1.72	16.002260	18.779950	17.424682	0.553066
1.49	21.48	11.22	11.22	2.90	1.72	15.999848	18.778496	17.422742	0.553070
1.49	21.48	11.21	11.21	2.90	1.72	15.997436	18.777041	17.420802	0.553074
1.49	21.48	11.21	11.21	2.90	1.72	15.995024	18.775587	17.418863	0.553078
1.50	21.48	11.21	11.21	2.90	1.72	15.992612	18.774132	17.416923	0.553082
1.50	21.48	11.20	11.20	2.90	1.72	15.990201	18.772677	17.414984	0.553086
1.50	21.48	11.20	11.20	2.90	1.72	15.987790	18.771223	17.413044	0.553090
1.51	21.48	11.20	11.20	2.90	1.72	15.985379	18.769768	17.411105	0.553095
1.51	21.48	11.19	11.19	2.90	1.72	15.982968	18.768313	17.409166	0.553099
1.51	21.48	11.19	11.19	2.90	1.72	15.980558	18.766859	17.407227	0.553103
1.51	21.48	11.19	11.19	2.90	1.72	15.978148	18.765404	17.405288	0.553107
1.52	21.48	11.18	11.18	2.90	1.72	15.975738	18.763949	17.403349	0.553111
1.52	21.48	11.18	11.18	2.90	1.72	15.973328	18.762494	17.401411	0.553115
1.52	21.48	11.18	11.18	2.90	1.72	15.970919	18.761039	17.399472	0.553119
1.52	21.48	11.17	11.17	2.90	1.72	15.968510	18.759585	17.397533	0.553123
1.53	21.48	11.17	11.17	2.90	1.72	15.966101	18.758130	17.395595	0.553127
1.53	21.48	11.17	11.17	2.90	1.72	15.963692	18.756675	17.393657	0.553131
1.53	21.48	11.16	11.16	2.90	1.72	15.961284	18.755220	17.391719	0.553135
1.54	21.48	11.16	11.16	2.90	1.72	15.958876	18.753765	17.389780	0.553139
1.54	21.48	11.16	11.16	2.90	1.72	15.956468	18.752310	17.387842	0.553143
1.54	21.48	11.15	11.15	2.90	1.72	15.954061	18.750855	17.385905	0.553147
1.54	21.48	11.15	11.15	2.90	1.72	15.951654	18.749400	17.383967	0.553151
1.55	21.48	11.15	11.15	2.90	1.72	15.949247	18.747944	17.382029	0.553155
1.55	21.48	11.14	11.14	2.90	1.72	15.946840	18.746489	17.380092	0.553159
1.55	21.48	11.14	11.14	2.90	1.72	15.944433	18.745034	17.378154	0.553163
1.56	21.48	11.14	11.14	2.90	1.72	15.942027	18.743579	17.376217	0.553167
1.56	21.48	11.13	11.13	2.90	1.72	15.939621	18.742124	17.374280	0.553171
1.56	21.48	11.13	11.13	2.90	1.72	15.937216	18.740669	17.372342	0.553175
1.56	21.48	11.13	11.13	2.90	1.72	15.934810	18.739213	17.370405	0.553179
1.57	21.48	11.13	11.13	2.90	1.72	15.932405	18.737758	17.368469	0.553183
1.57	21.48	11.12	11.12	2.90	1.72	15.930001	18.736303	17.366532	0.553187
1.57	21.48	11.12	11.12	2.90	1.72	15.927596	18.734848	17.364595	0.553191
1.57	21.48	11.12	11.12	2.90	1.73	15.925192	18.733392	17.362659	0.553194
1.58	21.48	11.11	11.11	2.90	1.73	15.922788	18.731937	17.360722	0.553198
1.58	21.48	11.11	11.11	2.90	1.73	15.920384	18.730482	17.358786	0.553202
1.58	21.48	11.11	11.11	2.90	1.73	15.917981	18.729026	17.356850	0.553206
1.59	21.48	11.10	11.10	2.90	1.73	15.915578	18.727571	17.354914	0.553210
1.59	21.48	11.10	11.10	2.90	1.73	15.913175	18.726115	17.352978	0.553214
1.59	21.48	11.10	11.10	2.90	1.73	15.910772	18.724660	17.351042	0.553218
1.59	21.48	11.09	11.09	2.90	1.73	15.908370	18.723205	17.349106	0.553222
1.60	21.48	11.09	11.09	2.90	1.73	15.905968	18.721749	17.347170	0.553226
1.60	21.48	11.09	11.09	2.90	1.73	15.903566	18.720294	17.345235	0.553230
1.60	21.48	11.08	11.08	2.90	1.73	15.901164	18.718838	17.343300	0.553234
1.61	21.48	11.08	11.08	2.90	1.73	15.898763	18.717383	17.341364	0.553238
1.61	21.48	11.08	11.08	2.90	1.73	15.896362	18.715927	17.339429	0.553242
1.61	21.48	11.07	11.07	2.90	1.73	15.893962	18.714471	17.337494	0.553246
1.61	21.48	11.07	11.07	2.90	1.73	15.891561	18.713016	17.335559	0.553250
1.62	21.48	11.07	11.07	2.90	1.73	15.889161	18.711560	17.333625	0.553253
1.62	21.48	11.06	11.06	2.90	1.73	15.886762	18.710105	17.331690	0.553257
1.62	21.48	11.06	11.06	2.90	1.73	15.884362	18.708649	17.329755	0.553261
1.62	21.48	11.06	11.06	2.90	1.73	15.881963	18.707194	17.327821	0.553265
1.63	21.48	11.05	11.05	2.90	1.73	15.879564	18.705738	17.325887	0.553269
1.63	21.48	11.05	11.05	2.90	1.73	15.877165	18.704282	17.323953	0.553273
1.63	21.48	11.05	11.05	2.90	1.73	15.874767	18.702827	17.322019	0.553277
1.64	21.48	11.05	11.05	2.90	1.73	15.872369	18.701371	17.320085	0.553281
1.64	21.48	11.04	11.04	2.90	1.73	15.869971	18.699915	17.318151	0.553285
1.64	21.48	11.04	11.04	2.90	1.73	15.867574	18.698460	17.316217	0.553289
1.64	21.48	11.04	11.04	2.90	1.73	15.865177	18.697004	17.314284	0.553292
1.65	21.48	11.03	11.03	2.90	1.73	15.862780	18.695548	17.312350	0.553296
1.65	21.48	11.03	11.03	2.90	1.73	15.860383	18.694093	17.310417	0.553300
1.65	21.48	11.03	11.03	2.90	1.73	15.857987	18.692637	17.308484	0.553304
1.66	21.48	11.02	11.02	2.90	1.73	15.855591	18.691181	17.306551	0.553308
1.66	21.48	11.02	11.02	2.90	1.73	15.853195	18.689726	17.304618	0.553312
1.66	21.48	11.02	11.02	2.90	1.73	15.850800	18.688270	17.302686	0.553316
1.66	21.48	11.01	11.01	2.90	1.73	15.848405	18.686814	17.300753	0.553319
1.67	21.48	11.01	11.01	2.90	1.73	15.846010	18.685358	17.298821	0.553323
1.67	21.48	11.01	11.01	2.90	1.73	15.843615	18.683903	17.296888	0.553327
1.67	21.48	11.00	11.00	2.90	1.73	15.841221	18.682447	17.294956	0.553331
1.68	21.48	11.00	11.00	2.90	1.73	15.838827	18.680991	17.293024	0.553335
1.68	21.48	11.00	11.00	2.90	1.73	15.836434	18.679535	17.291092	0.553339
1.68	21.48	10.99	10.99	2.90	1.73	15.834040	18.678080	17.289160	0.553342
1.68	21.48	10.99	10.99	2.90	1.73	15.831647	18.676624	17.287229	0.553346
1.69	21.48	10.99	10.99	2.90	1.73	15.829255	18.675168	17.285297	0.553350
1.69	21.48	10.99	10.99	2.90	1.73	15.826862	18.673712	17.283366	0.553354
1.69	21.48	10.98	10.98	2.90	1.73	15.824470	18.672257	17.281435	0.553358
1.69	21.48	10.98	10.98	2.90	1.73	15.822078	18.670801	17.279504	0.553362
1.70	21.48	10.98	10.98	2.90	1.73	15.819687	18.669345	17.277573	0.553365
1.70	21.48	10.97	10.97	2.90	1.73	15.817296	18.667889	17.275642	0.553369
1.70	21.48	10.97	10.97	2.90	1.73	15.814905	18.666433	17.273711	0.553373
1.71	21.48	10.97	10.97	2.90	1.73	15.812514	18.664978	17.271781	0.553377
1.71	21.48	10.96	10.96	2.90	1.73	15.810124	18.663522	17.269851	0.553381
1.71	21.48	10.96	10.96	2.90	1.73	15.807734	18.662066	17.267920	0.553384
1.71	21.48	10.96	10.96	2.90	1.73	15.805345	18.660610	17.265990	0.553388
1.72	21.48	10.95	10.95	2.90	1.73	15.802955	18.659155	17.264060	0.553392
1.72	21.48	10.95	10.95	2.90	1.73	15.800566	18.657699	17.262131	0.553396
1.72	21.48	10.95	10.95	2.90	1.73	15.798178	18.656243	17.260201	0.553400
1.73	21.48	10.94	10.94	2.90	1.73	15.795789	18.654787	17.258271	0.553403
1.73	21.48	10.94	10.94	2.90	1.73	15.793401	18.653332	17.256342	0.553407
1.73	21.48	10.94	10.94	2.90	1.73	15.791013	18.651876	17.254413	0.553411
1.73	21.48	10.93	10.93	2.90	1.73	15.788626	18.650420	17.252484	0.553415
1.74	21.48	10.93	10.93	2.90	1.73	15.786239	18.648965	17.250555	0.553419
1.74	21.48	10.93	10.93	2.90	1.73	15.783852	18.647509	17.248626	0.553422
1.74	21.48	10.93	10.93	2.90	1.73	15.781466	18.646053	17.246698	0.553426
1.74	21.48	10.92	10.92	2.90	1.73	15.779079	18.644597	17.244769	0.553430
1.75	21.48	10.92	10.92	2.90	1.73	15.776694	18.643142	17.242841	0.553434
1.75	21.48	10.92	10.92	2.90	1.73	15.774308	18.641686	17.240913	0.553437
1.75	21.48	10.91	10.91	2.90	1.74	15.771923	18.640230	17.238985	0.553441
1.76	21.48	10.91	10.91	2.90	1.74	15.769538	18.638775	17.237057	0.553445
1.76	21.48	10.91	10.91	2.90	1.74	15.767154	18.637319	17.235129	0.553449
1.76	21.48	10.90	10.90	2.90	1.74	15.764769	18.635863	17.233202	0.553452
1.76	21.48	10.90	10.90	2.90	1.74	15.762385	18.634408	17.231274	0.553456
1.77	21.48	10.90	10.90	2.90	1.74	15.760002	18.632952	17.229347	0.553460
1.77	21.48	10.89	10.89	2.90	1.74	15.757619	18.631497	17.227420	0.553464
1.77	21.48	10.89	10.89	2.90	1.74	15.755236	18.630041	17.225493	0.553467
1.77	21.48	10.89	10.89	2.90	1.74	15.752853	18.628585	17.223566	0.553471
1.78	21.48	10.88	10.88	2.90	1.74	15.750471	18.627130	17.221640	0.553475
1.78	21.48	10.88	10.88	2.90	1.74	15.748089	18.625674	17.219713	0.553478
1.78	21.48	10.88	10.88	2.90	1.74	15.745707	18.624219	17.217787	0.553482
1.79	21.48	10.88	10.88	2.90	1.74	15.743326	18.622763	17.215861	0.553486
1.79	21.48	10.87	10.87	2.90	1.74	15.740945	18.621308	17.213935	0.553490
1.79	21.48	10.87	10.87	2.90	1.74	15.738564	18.619852	17.212009	0.553493
1.79	21.48	10.87	10.87	2.90	1.74	15.736184	18.618397	17.210084	0.553497
1.80	21.48	10.86	10.86	2.90	1.74	15.733804	18.616941	17.208158	0.553501
1.80	21.48	10.86	10.86	2.90	1.74	15.731425	18.615486	17.206233	0.553504
1.80	21.48	10.86	10.86	2.90	1.74	15.729045	18.614030	17.204308	0.553508
1.81	21.48	10.85	10.85	2.90	1.74	15.726666	18.612575	17.202383	0.553512
1.81	21.48	10.85	10.85	2.90	1.74	15.724288	18.611119	17.200458	0.553515
1.81	21.48	10.85	10.85	2.90	1.74	15.721909	18.609664	17.198533	0.553519
1.81	21.48	10.84	10.84	2.90	1.74	15.719532	18.608209	17.196609	0.553523
1.82	21.48	10.84	10.84	2.90	1.74	15.717154	18.606753	17.194685	0.553526
1.82	21.48	10.84	10.84	2.90	1.74	15.714777	18.605298	17.192761	0.553530
1.82	21.48	10.83	10.83	2.90	1.74	15.712400	18.603843	17.190837	0.553534
1.82	21.48	10.83	10.83	2.90	1.74	15.710023	18.602387	17.188913	0.553537
1.83	21.48	10.83	10.83	2.90	1.74	15.707647	18.600932	17.186989	0.553541
1.83	21.48	10.83	10.83	2.90	1.74	15.705271	18.599477	17.185066	0.553545
1.83	21.48	10.82	10.82	2.90	1.74	15.702896	18.598022	17.183142	0.553548
1.84	21.48	10.82	10.82	2.90	1.74	15.700520	18.596566	17.181219	0.553552
1.84	21.48	10.82	10.82	2.90	1.74	15.698145	18.595111	17.179296	0.553556
1.84	21.48	10.81	10.81	2.90	1.74	15.695771	18.593656	17.177374	0.553559
1.84	21.48	10.81	10.81	2.90	1.74	15.693397	18.592201	17.175451	0.553563
1.85	21.48	10.81	10.81	2.90	1.74	15.691023	18.590746	17.173529	0.553567
1.85	21.48	10.80	10.80	2.90	1.74	15.688649	18.589291	17.171606	0.553570
1.85	21.48	10.80	10.80	2.90	1.74	15.686276	18.587836	17.169684	0.553574
1.86	21.48	10.80	10.80	2.90	1.74	15.683904	18.586381	17.167762	0.553578
1.86	21.48	10.79	10.79	2.90	1.74	15.681531	18.584926	17.165841	0.553581
1.86	21.48	10.79	10.79	2.90	1.74	15.679159	18.583471	17.163919	0.553585
1.86	21.48	10.79	10.79	2.90	1.74	15.676787	18.582016	17.161998	0.553588
1.87	21.48	10.79	10.79	2.90	1.74	15.674416	18.580561	17.160076	0.553592
1.87	21.48	10.78	10.78	2.90	1.74	15.672045	18.579106	17.158155	0.553596
1.87	21.48	10.78	10.78	2.90	1.74	15.669674	18.577651	17.156234	0.553599
1.88	21.48	10.78	10.78	2.90	1.74	15.667304	18.576196	17.154314	0.553603
1.88	21.48	10.77	10.77	2.90	1.74	15.664934	18.574741	17.152393	0.553607
1.88	21.48	10.77	10.77	2.90	1.74	15.662564	18.573287	17.150473	0.553610
1.88	21.48	10.77	10.77	2.90	1.74	15.660195	18.571832	17.148553	0.553614
1.89	21.48	10.76	10.76	2.90	1.74	15.657826	18.570377	17.146633	0.553617
1.89	21.48	10.76	10.76	2.90	1.74	15.655458	18.568922	17.144713	0.553621
1.89	21.48	10.76	10.76	2.90	1.74	15.653089	18.567468	17.142794	0.553625
1.89	21.48	10.75	10.75	2.90	1.74	15.650722	18.566013	17.140874	0.553628
1.90	21.48	10.75	10.75	2.89	1.74	15.648354	18.564558	17.138955	0.553632
1.90	21.48	10.75	10.75	2.89	1.74	15.645987	18.563104	17.137036	0.553635
1.90	21.48	10.75	10.75	2.89	1.74	15.643620	18.561649	17.135117	0.553639
1.91	21.48	10.74	10.74	2.89	1.74	15.641254	18.560195	17.133198	0.553642
1.91	21.48	10.74	10.74	2.89	1.74	15.638888	18.558740	17.131280	0.553646
1.91	21.48	10.74	10.74	2.89	1.74	15.636522	18.557286	17.129362	0.553650
1.91	21.48	10.73	10.73	2.89	1.74	15.634157	18.555832	17.127444	0.553653
1.92	21.48	10.73	10.73	2.89	1.74	15.631792	18.554377	17.125526	0.553657
1.92	21.48	10.73	10.73	2.89	1.74	15.629428	18.552923	17.123608	0.553660
1.92	21.48	10.72	10.72	2.89	1.74	15.627063	18.551469	17.121690	0.553664
1.93	21.48	10.72	10.72	2.89	1.74	15.624699	18.550014	17.119773	0.553667
1.93	21.48	10.72	10.72	2.89	1.74	15.622336	18.548560	17.117856	0.553671
1.93	21.48	10.71	10.71	2.89	1.74	15.619973	18.547106	17.115939	0.553674
1.93	21.48	10.71	10.71	2.89	1.74	15.617610	18.545652	17.114022	0.553678
1.94	21.48	10.71	10.71	2.89	1.75	15.615248	18.544198	17.112106	0.553682
1.94	21.48	10.71	10.71	2.89	1.75	15.612886	18.542744	17.110189	0.553685
1.94	21.48	10.70	10.70	2.89	1.75	15.610524	18.541290	17.108273	0.553689
1.94	21.48	10.70	10.70	2.89	1.75	15.608163	18.539836	17.106357	0.553692
1.95	21.48	10.70	10.70	2.89	1.75	15.605802	18.538382	17.104441	0.553696
1.95	21.48	10.69	10.69	2.89	1.75	15.603442	18.536928	17.102526	0.553699
1.95	21.48	10.69	10.69	2.89	1.75	15.601082	18.535474	17.100610	0.553703
1.96	21.48	10.69	10.69	2.89	1.75	15.598722	18.534020	17.098695	0.553706
1.96	21.48	10.68	10.68	2.89	1.75	15.596362	18.532566	17.096780	0.553710
1.96	21.48	10.68	10.68	2.89	1.75	15.594003	18.531113	17.094865	0.553713
1.96	21.48	10.68	10.68	2.89	1.75	15.591645	18.529659	17.092950	0.553717
1.97	21.48	10.68	10.68	2.89	1.75	15.589287	18.528205	17.091036	0.553720
1.97	21.48	10.67	10.67	2.89	1.75	15.586929	18.526752	17.089122	0.553724
1.97	21.48	10.67	10.67	2.89	1.75	15.584571	18.525298	17.087208	0.553727
1.98	21.48	10.67	10.67	2.89	1.75	15.582214	18.523845	17.085294	0.553731
1.98	21.48	10.66	10.66	2.89	1.75	15.579857	18.522391	17.083380	0.553734
1.98	21.48	10.66	10.66	2.89	1.75	15.577501	18.520938	17.081467	0.553738
1.98	21.48	10.66	10.66	2.89	1.75	15.575145	18.519484	17.079554	0.553741
1.99	21.48	10.65	10.65	2.89	1.75	15.572790	18.518031	17.077641	0.553745
1.99	21.48	10.65	10.65	2.89	1.75	15.570434	18.516578	17.075728	0.553748
1.99	21.48	10.65	10.65	2.89	1.75	15.568080	18.515125	17.073815	0.553752
1.99	21.48	10.64	10.64	2.89	1.75	15.565725	18.513671	17.071903	0.553755
2.00	21.48	10.64	10.64	2.89	1.75	15.563371	18.512218	17.069991	0.553759
2.00	21.48	10.64	10.64	2.89	1.75	15.561018	18.510765	17.068079	0.553762
2.00	21.48	10.64	10.64	2.89	1.75	15.558664	18.509312	17.066167	0.553766
2.01	21.48	10.63	10.63	2.89	1.75	15.556311	18.507859	17.064255	0.553769
2.01	21.48	10.63	10.63	2.89	1.75	15.553959	18.506406	17.062344	0.553773
2.01	21.48	10.63	10.63	2.89	1.75	15.551607	18.504953	17.060433	0.553776
2.01	21.48	10.62	10.62	2.89	1.75	15.549255	18.503500	17.058522	0.553779
2.02	21.48	10.62	10.62	2.89	1.75	15.546904	18.502048	17.056611	0.553783
2.02	21.48	10.62	10.62	2.89	1.75	15.544553	18.500595	17.054700	0.553786
2.02	21.48	10.61	10.61	2.89	1.75	15.542202	18.499142	17.052790	0.553790
2.02	21.48	10.61	10.61	2.89	1.75	15.539852	18.497690	17.050880	0.553793
2.03	21.48	10.61	10.61	2.89	1.75	15.537503	18.496237	17.048970	0.553797
2.03	21.48	10.61	10.61	2.89	1.75	15.535153	18.494785	17.047060	0.553800
2.03	21.48	10.60	10.60	2.89	1.75	15.532804	18.493332	17.045151	0.553804
2.04	21.48	10.60	10.60	2.89	1.75	15.530456	18.491880	17.043242	0.553807
2.04	21.48	10.60	10.60	2.89	1.75	15.528108	18.490427	17.041333	0.553810
2.04	21.48	10.59	10.59	2.89	1.75	15.525760	18.488975	17.039424	0.553814
2.04	21.48	10.59	10.59	2.89	1.75	15.523412	18.487523	17.037515	0.553817
2.05	21.48	10.59	10.59	2.89	1.75	15.521066	18.486071	17.035607	0.553821
2.05	21.48	10.58	10.58	2.89	1.75	15.518719	18.484619	17.033699	0.553824
2.05	21.48	10.58	10.58	2.89	1.75	15.516373	18.483166	17.031791	0.553827
2.06	21.48	10.58	10.58	2.89	1.75	15.514027	18.481714	17.029883	0.553831
2.06	21.48	10.58	10.58	2.89	1.75	15.511682	18.480263	17.027975	0.553834
2.06	21.48	10.57	10.57	2.89	1.75	15.509337	18.478811	17.026068	0.553838
2.06	21.48	10.57	10.57	2.89	1.75	15.506992	18.477359	17.024161	0.553841
2.07	21.48	10.57	10.57	2.89	1.75	15.504648	18.475907	17.022254	0.553844
2.07	21.48	10.56	10.56	2.89	1.75	15.502304	18.474455	17.020347	0.553848
2.07	21.48	10.56	10.56	2.89	1.75	15.499961	18.473004	17.018441	0.553851
2.08	21.48	10.56	10.56	2.89	1.75	15.497618	18.471552	17.016535	0.553855
2.08	21.48	10.55	10.55	2.89	1.75	15.495276	18.470101	17.014629	0.553858
2.08	21.48	10.55	10.55	2.89	1.75	15.492933	18.468649	17.012723	0.553861
2.08	21.48	10.55	10.55	2.89	1.75	15.490592	18.467198	17.010817	0.553865
2.09	21.48	10.55	10.55	2.89	1.75	15.488250	18.465746	17.008912	0.553868
2.09	21.48	10.54	10.54	2.89	1.75	15.485910	18.464295	17.007007	0.553871
2.09	21.48	10.54	10.54	2.89	1.75	15.483569	18.462844	17.005102	0.553875
2.09	21.48	10.54	10.54	2.89	1.75	15.481229	18.461393	17.003198	0.553878
2.10	21.48	10.53	10.53	2.89	1.75	15.478889	18.459942	17.001293	0.553882
2.10	21.48	10.53	10.53	2.89	1.75	15.476550	18.458491	16.999389	0.553885
2.10	21.48	10.53	10.53	2.89	1.75	15.474211	18.457040	16.997485	0.553888
2.11	21.48	10.53	10.53	2.89	1.75	15.471873	18.455589	16.995581	0.553892
2.11	21.48	10.52	10.52	2.89	1.75	15.469535	18.454138	16.993678	0.553895
2.11	21.48	10.52	10.52	2.89	1.75	15.467197	18.452687	16.991774	0.553898
2.11	21.48	10.52	10.52	2.89	1.75	15.464860	18.451237	16.989871	0.553902
2.12	21.48	10.51	10.51	2.89	1.75	15.462524	18.449786	16.987969	0.553905
2.12	21.48	10.51	10.51	2.89	1.75	15.460187	18.448335	16.986066	0.553908
2.12	21.48	10.51	10.51	2.89	1.75	15.457851	18.446885	16.984164	0.553912
2.12	21.48	10.50	10.50	2.89	1.75	15.455516	18.445435	16.982262	0.553915
2.13	21.48	10.50	10.50	2.89	1.75	15.453181	18.443984	16.980360	0.553918
2.13	21.48	10.50	10.50	2.89	1.76	15.450846	18.442534	16.978458	0.553922
2.13	21.48	10.50	10.50	2.89	1.76	15.448512	18.441084	16.976557	0.553925
2.14	21.48	10.49	10.49	2.89	1.76	15.446178	18.439634	16.974655	0.553928
2.14	21.48	10.49	10.49	2.89	1.76	15.443845	18.438184	16.972754	0.553932
2.14	21.48	10.49	10.49	2.89	1.76	15.441512	18.436734	16.970854	0.553935
2.14	21.48	10.48	10.48	2.89	1.76	15.439179	18.435284	16.968953	0.553938
2.15	21.48	10.48	10.48	2.89	1.76	15.436847	18.433834	16.967053	0.553942
2.15	21.48	10.48	10.48	2.89	1.76	15.434515	18.432384	16.965153	0.553945
2.15	21.48	10.47	10.47	2.89	1.76	15.432184	18.430934	16.963253	0.553948
2.16	21.48	10.47	10.47	2.89	1.76	15.429853	18.429485	16.961354	0.553951
2.16	21.48	10.47	10.47	2.89	1.76	15.427523	18.428035	16.959455	0.553955
2.16	21.48	10.47	10.47	2.89	1.76	15.425193	18.426586	16.957555	0.553958
2.16	21.48	10.46	10.46	2.89	1.76	15.422864	18.425136	16.955657	0.553961
2.17	21.48	10.46	10.46	2.89	1.76	15.420534	18.423687	16.953758	0.553965
2.17	21.48	10.46	10.46	2.89	1.76	15.418206	18.422238	16.951860	0.553968
2.17	21.48	10.45	10.45	2.89	1.76	15.415878	18.420789	16.949962	0.553971
2.17	21.48	10.45	10.45	2.89	1.76	15.413550	18.419340	16.948064	0.553974
2.18	21.48	10.45	10.45	2.89	1.76	15.411222	18.417891	16.946166	0.553978
2.18	21.48	10.45	10.45	2.89	1.76	15.408895	18.416442	16.944269	0.553981
2.18	21.48	10.44	10.44	2.89	1.76	15.406569	18.414993	16.942372	0.553984
2.19	21.48	10.44	10.44	2.89	1.76	15.404243	18.413544	16.940475	0.553987
2.19	21.48	10.44	10.44	2.89	1.76	15.401917	18.412095	16.938578	0.553991
2.19	21.48	10.43	10.43	2.89	1.76	15.399592	18.410647	16.936682	0.553994
2.19	21.48	10.43	10.43	2.89	1.76	15.397267	18.409198	16.934786	0.553997
2.20	21.48	10.43	10.43	2.89	1.76	15.394943	18.407750	16.932890	0.554001
2.20	21.48	10.42	10.42	2.89	1.76	15.392619	18.406302	16.930994	0.554004
2.20	21.48	10.42	10.42	2.89	1.76	15.390296	18.404853	16.929099	0.554007
2.21	21.48	10.42	10.42	2.89	1.76	15.387973	18.403405	16.927204	0.554010
2.21	21.48	10.42	10.42	2.89	1.76	15.385650	18.401957	16.925309	0.554013
2.21	21.48	10.41	10.41	2.89	1.76	15.383328	18.400509	16.923415	0.554017
2.21	21.48	10.41	10.41	2.89	1.76	15.381006	18.399061	16.921520	0.554020
2.22	21.48	10.41	10.41	2.89	1.76	15.378685	18.397613	16.919626	0.554023
2.22	21.48	10.40	10.40	2.89	1.76	15.376364	18.396165	16.917732	0.554026
2.22	21.48	10.40	10.40	2.89	1.76	15.374044	18.394718	16.915839	0.554030
2.23	21.48	10.40	10.40	2.89	1.76	15.371724	18.393270	16.913945	0.554033
2.23	21.48	10.40	10.40	2.89	1.76	15.369405	18.391823	16.912052	0.554036
2.23	21.48	10.39	10.39	2.89	1.76	15.367085	18.390375	16.910159	0.554039
2.23	21.48	10.39	10.39	2.89	1.76	15.364767	18.388928	16.908267	0.554042
2.24	21.48	10.39	10.39	2.89	1.76	15.362449	18.387481	16.906374	0.554046
2.24	21.48	10.38	10.38	2.89	1.76	15.360131	18.386033	16.904482	0.554049
2.24	21.48	10.38	10.38	2.89	1.76	15.357814	18.384586	16.902591	0.554052
2.24	21.48	10.38	10.38	2.89	1.76	15.355497	18.383139	16.900699	0.554055
2.25	21.48	10.38	10.38	2.89	1.76	15.353181	18.381692	16.898808	0.554058
2.25	21.48	10.37	10.37	2.89	1.76	15.350865	18.380246	16.896917	0.554062
2.25	21.48	10.37	10.37	2.89	1.76	15.348550	18.378799	16.895026	0.554065
2.26	21.48	10.37	10.37	2.89	1.76	15.346235	18.377352	16.893135	0.554068
2.26	21.48	10.36	10.36	2.89	1.76	15.343920	18.375906	16.891245	0.554071
2.26	21.48	10.36	10.36	2.89	1.76	15.341606	18.374459	16.889355	0.554074
2.26	21.48	10.36	10.36	2.89	1.76	15.339293	18.373013	16.887465	0.554078
2.27	21.48	10.36	10.36	2.89	1.76	15.336979	18.371567	16.885576	0.554081
2.27	21.48	10.35	10.35	2.89	1.76	15.334667	18.370121	16.883687	0.554084
2.27	21.48	10.35	10.35	2.89	1.76	15.332355	18.368674	16.881798	0.554087
2.27	21.48	10.35	10.35	2.89	1.76	15.330043	18.367228	16.879909	0.554090
2.28	21.48	10.34	10.34	2.89	1.76	15.327732	18.365783	16.878021	0.554093
2.28	21.48	10.34	10.34	2.89	1.76	15.325421	18.364337	16.876132	0.554097
2.28	21.48	10.34	10.34	2.89	1.76	15.323110	18.362891	16.874245	0.554100
2.29	21.48	10.34	10.34	2.89	1.76	15.320800	18.361446	16.872357	0.554103
2.29	21.48	10.33	10.33	2.89	1.76	15.318491	18.360000	16.870470	0.554106
2.29	21.48	10.33	10.33	2.89	1.76	15.316182	18.358555	16.868583	0.554109
2.29	21.48	10.33	10.33	2.89	1.76	15.313873	18.357109	16.866696	0.554112
2.30	21.48	10.32	10.32	2.89	1.76	15.311565	18.355664	16.864809	0.554115
2.30	21.48	10.32	10.32	2.89	1.76	15.309258	18.354219	16.862923	0.554119
2.30	21.48	10.32	10.32	2.89	1.76	15.306951	18.352774	16.861037	0.554122
2.31	21.48	10.31	10.31	2.89	1.76	15.304644	18.351329	16.859151	0.554125
2.31	21.48	10.31	10.31	2.89	1.76	15.302338	18.349884	16.857266	0.554128
2.31	21.48	10.31	10.31	2.89	1.76	15.300032	18.348440	16.855381	0.554131
2.31	21.48	10.31	10.31	2.89	1.76	15.297727	18.346995	16.853496	0.554134
2.32	21.48	10.30	10.30	2.89	1.76	15.295422	18.345550	16.851611	0.554137
2.32	21.48	10.30	10.30	2.89	1.76	15.293118	18.344106	16.849727	0.554140
2.32	21.48	10.30	10.30	2.89	1.76	15.290814	18.342662	16.847842	0.554144
2.33	21.48	10.29	10.29	2.89	1.76	15.288510	18.341217	16.845959	0.554147
2.33	21.48	10.29	10.29	2.89	1.76	15.286208	18.339773	16.844075	0.554150
2.33	21.48	10.29	10.29	2.89	1.77	15.283905	18.338329	16.842192	0.554153
2.33	21.48	10.29	10.29	2.89	1.77	15.281603	18.336885	16.840309	0.554156
2.34	21.48	10.28	10.28	2.89	1.77	15.279302	18.335442	16.838426	0.554159
2.34	21.48	10.28	10.28	2.89	1.77	15.277001	18.333998	16.836544	0.554162
2.34	21.48	10.28	10.28	2.89	1.77	15.274700	18.332554	16.834662	0.554165
2.34	21.48	10.27	10.27	2.89	1.77	15.272400	18.331111	16.832780	0.554168
2.35	21.48	10.27	10.27	2.89	1.77	15.270100	18.329668	16.830898	0.554171
2.35	21.48	10.27	10.27	2.89	1.77	15.267801	18.328224	16.829017	0.554175
2.35	21.48	10.27	10.27	2.89	1.77	15.265503	18.326781	16.827136	0.554178
2.36	21.48	10.26	10.26	2.89	1.77	15.263205	18.325338	16.825255	0.554181
2.36	21.48	10.26	10.26	2.89	1.77	15.260907	18.323895	16.823375	0.554184
2.36	21.48	10.26	10.26	2.89	1.77	15.258610	18.322452	16.821494	0.554187
2.36	21.48	10.25	10.25	2.89	1.77	15.256313	18.321010	16.819614	0.554190
2.37	21.48	10.25	10.25	2.89	1.77	15.254017	18.319567	16.817735	0.554193
2.37	21.48	10.25	10.25	2.89	1.77	15.251721	18.318124	16.815855	0.554196
2.37	21.48	10.25	10.25	2.89	1.77	15.249426	18.316682	16.813976	0.554199
2.38	21.48	10.24	10.24	2.89	1.77	15.247131	18.315240	16.812098	0.554202
2.38	21.48	10.24	10.24	2.89	1.77	15.244837	18.313798	16.810219	0.554205
2.38	21.48	10.24	10.24	2.89	1.77	15.242543	18.312355	16.808341	0.554208
2.38	21.48	10.24	10.24	2.89	1.77	15.240250	18.310914	16.806463	0.554211
2.39	21.48	10.23	10.23	2.89	1.77	15.237957	18.309472	16.804585	0.554214
2.39	21.48	10.23	10.23	2.88	1.77	15.235664	18.308030	16.802708	0.554217
2.39	21.48	10.23	10.23	2.88	1.77	15.233373	18.306588	16.800831	0.554220
2.39	21.48	10.22	10.22	2.88	1.77	15.231081	18.305147	16.798954	0.554224
2.40	21.48	10.22	10.22	2.88	1.77	15.228790	18.303705	16.797078	0.554227
2.40	21.48	10.22	10.22	2.88	1.77	15.226500	18.302264	16.795202	0.554230
2.40	21.48	10.22	10.22	2.88	1.77	15.224210	18.300823	16.793326	0.554233
2.41	21.48	10.21	10.21	2.88	1.77	15.221921	18.299382	16.791450	0.554236
2.41	21.48	10.21	10.21	2.88	1.77	15.219632	18.297941	16.789575	0.554239
2.41	21.48	10.21	10.21	2.88	1.77	15.217343	18.296500	16.787700	0.554242
2.41	21.48	10.20	10.20	2.88	1.77	15.215056	18.295059	16.785825	0.554245
2.42	21.48	10.20	10.20	2.88	1.77	15.212768	18.293619	16.783951	0.554248
2.42	21.48	10.20	10.20	2.88	1.77	15.210481	18.292178	16.782077	0.554251
2.42	21.48	10.20	10.20	2.88	1.77	15.208195	18.290738	16.780203	0.554254
2.42	21.48	10.19	10.19	2.88	1.77	15.205909	18.289298	16.778329	0.554257
2.43	21.48	10.19	10.19	2.88	1.77	15.203623	18.287858	16.776456	0.554260
2.43	21.48	10.19	10.19	2.88	1.77	15.201338	18.286418	16.774583	0.554263
2.43	21.48	10.18	10.18	2.88	1.77	15.199054	18.284978	16.772711	0.554266
2.44	21.48	10.18	10.18	2.88	1.77	15.196770	18.283538	16.770838	0.554269
2.44	21.48	10.18	10.18	2.88	1.77	15.194487	18.282098	16.768966	0.554272
2.44	21.48	10.18	10.18	2.88	1.77	15.192204	18.280659	16.767094	0.554275
2.44	21.48	10.17	10.17	2.88	1.77	15.189921	18.279220	16.765223	0.554278
2.45	21.48	10.17	10.17	2.88	1.77	15.187639	18.277780	16.763352	0.554281
2.45	21.48	10.17	10.17	2.88	1.77	15.185358	18.276341	16.761481	0.554284
2.45	21.48	10.16	10.16	2.88	1.77	15.183077	18.274902	16.759610	0.554287
2.46	21.48	10.16	10.16	2.88	1.77	15.180797	18.273463	16.757740	0.554290
2.46	21.48	10.16	10.16	2.88	1.77	15.178517	18.272024	16.755870	0.554293
2.46	21.48	10.16	10.16	2.88	1.77	15.176237	18.270586	16.754001	0.554295
2.46	21.48	10.15	10.15	2.88	1.77	15.173958	18.269147	16.752131	0.554298
2.47	21.48	10.15	10.15	2.88	1.77	15.171680	18.267709	16.750262	0.554301
2.47	21.48	10.15	10.15	2.88	1.77	15.169402	18.266271	16.748394	0.554304
2.47	21.48	10.15	10.15	2.88	1.77	15.167125	18.264832	16.746525	0.554307
2.48	21.48	10.14	10.14	2.88	1.77	15.164848	18.263394	16.744657	0.554310
2.48	21.48	10.14	10.14	2.88	1.77	15.162571	18.261957	16.742789	0.554313
2.48	21.48	10.14	10.14	2.88	1.77	15.160296	18.260519	16.740922	0.554316
2.48	21.48	10.13	10.13	2.88	1.77	15.158020	18.259081	16.739055	0.554319
2.49	21.48	10.13	10.13	2.88	1.77	15.155745	18.257644	16.737188	0.554322
2.49	21.48	10.13	10.13	2.88	1.77	15.153471	18.256206	16.735321	0.554325
2.49	21.48	10.13	10.13	2.88	1.77	15.151197	18.254769	16.733455	0.554328
2.49	21.48	10.12	10.12	2.88	1.77	15.148924	18.253332	16.731589	0.554331
2.50	21.48	10.12	10.12	2.88	1.77	15.146651	18.251895	16.729723	0.554334
2.50	21.48	10.12	10.12	2.88	1.77	15.144379	18.250458	16.727858	0.554337
2.50	21.48	10.11	10.11	2.88	1.77	15.142107	18.249021	16.725993	0.554340
2.51	21.48	10.11	10.11	2.88	1.77	15.139836	18.247585	16.724128	0.554342
2.51	21.48	10.11	10.11	2.88	1.77	15.137566	18.246148	16.722264	0.554345
2.51	21.48	10.11	10.11	2.88	1.77	15.135295	18.244712	16.720400	0.554348
2.51	21.48	10.10	10.10	2.88	1.77	15.133026	18.243276	16.718536	0.554351
2.52	21.48	10.10	10.10	2.88	1.77	15.130757	18.241840	16.716673	0.554354
2.52	21.48	10.10	10.10	2.88	1.77	15.128488	18.240404	16.714810	0.554357
2.52	21.48	10.10	10.10	2.88	1.77	15.126220	18.238968	16.712947	0.554360
2.52	21.48	10.09	10.09	2.88	1.77	15.123952	18.237532	16.711084	0.554363
2.53	21.48	10.09	10.09	2.88	1.77	15.121685	18.236097	16.709222	0.554366
2.53	21.48	10.09	10.09	2.88	1.77	15.119419	18.234661	16.707360	0.554369
2.53	21.48	10.08	10.08	2.88	1.77	15.117153	18.233226	16.705499	0.554372
2.54	21.48	10.08	10.08	2.88	1.77	15.114887	18.231791	16.703638	0.554374
2.54	21.48	10.08	10.08	2.88	1.77	15.112622	18.230356	16.701777	0.554377
2.54	21.48	10.08	10.08	2.88	1.78	15.110358	18.228921	16.699916	0.554380
2.54	21.48	10.07	10.07	2.88	1.78	15.108094	18.227486	16.698056	0.554383
2.55	21.48	10.07	10.07	2.88	1.78	15.105831	18.226052	16.696196	0.554386
2.55	21.48	10.07	10.07	2.88	1.78	15.103568	18.224617	16.694336	0.554389
2.55	21.48	10.07	10.07	2.88	1.78	15.101306	18.223183	16.692477	0.554392
2.56	21.48	10.06	10.06	2.88	1.78	15.099044	18.221749	16.690618	0.554395
2.56	21.48	10.06	10.06	2.88	1.78	15.096783	18.220315	16.688760	0.554397
2.56	21.48	10.06	10.06	2.88	1.78	15.094522	18.218881	16.686901	0.554400
2.56	21.48	10.05	10.05	2.88	1.78	15.092262	18.217447	16.685043	0.554403
2.57	21.48	10.05	10.05	2.88	1.78	15.090002	18.216014	16.683186	0.554406
2.57	21.48	10.05	10.05	2.88	1.78	15.087743	18.214580	16.681328	0.554409
2.57	21.48	10.05	10.05	2.88	1.78	15.085484	18.213147	16.679471	0.554412
2.58	21.48	10.04	10.04	2.88	1.78	15.083226	18.211714	16.677615	0.554414
2.58	21.48	10.04	10.04	2.88	1.78	15.080969	18.210281	16.675758	0.554417
2.58	21.48	10.04	10.04	2.88	1.78	15.078712	18.208848	16.673902	0.554420
2.58	21.48	10.04	10.04	2.88	1.78	15.076455	18.207415	16.672047	0.554423
2.59	21.48	10.03	10.03	2.88	1.78	15.074200	18.205982	16.670191	0.554426
2.59	21.48	10.03	10.03	2.88	1.78	15.071944	18.204550	16.668336	0.554429
2.59	21.48	10.03	10.03	2.88	1.78	15.069689	18.203118	16.666482	0.554431
2.59	21.48	10.02	10.02	2.88	1.78	15.067435	18.201685	16.664627	0.554434
2.60	21.48	10.02	10.02	2.88	1.78	15.065181	18.200253	16.662773	0.554437
2.60	21.48	10.02	10.02	2.88	1.78	15.062928	18.198822	16.660919	0.554440
2.60	21.48	10.02	10.02	2.88	1.78	15.060676	18.197390	16.659066	0.554443
2.61	21.48	10.01	10.01	2.88	1.78	15.058423	18.195958	16.657213	0.554446
2.61	21.48	10.01	10.01	2.88	1.78	15.056172	18.194527	16.655360	0.554448
2.61	21.48	10.01	10.01	2.88	1.78	15.053921	18.193096	16.653508	0.554451
2.61	21.48	10.01	10.01	2.88	1.78	15.051670	18.191664	16.651656	0.554454
2.62	21.48	10.00	10.00	2.88	1.78	15.049420	18.190233	16.649804	0.554457
2.62	21.48	10.00	10.00	2.88	1.78	15.047171	18.188803	16.647953	0.554460
2.62	21.48	10.00	10.00	2.88	1.78	15.044922	18.187372	16.646102	0.554462
2.62	21.48	9.99	9.99	2.88	1.78	15.042674	18.185941	16.644251	0.554465
2.63	21.48	9.99	9.99	2.88	1.78	15.040426	18.184511	16.642401	0.554468
2.63	21.48	9.99	9.99	2.88	1.78	15.038179	18.183081	16.640551	0.554471
2.63	21.48	9.99	9.99	2.88	1.78	15.035932	18.181651	16.638701	0.554474
2.64	21.48	9.98	9.98	2.88	1.78	15.033686	18.180221	16.636852	0.554476
2.64	21.48	9.98	9.98	2.88	1.78	15.031441	18.178791	16.635003	0.554479
2.64	21.48	9.98	9.98	2.88	1.78	15.029196	18.177362	16.633154	0.554482
2.64	21.48	9.98	9.98	2.88	1.78	15.026951	18.175932	16.631306	0.554485
2.65	21.48	9.97	9.97	2.88	1.78	15.024708	18.174503	16.629458	0.554487
2.65	21.48	9.97	9.97	2.88	1.78	15.022464	18.173074	16.627610	0.554490
2.65	21.48	9.97	9.97	2.88	1.78	15.020221	18.171645	16.625763	0.554493
2.66	21.48	9.96	9.96	2.88	1.78	15.017979	18.170216	16.623916	0.554496
2.66	21.48	9.96	9.96	2.88	1.78	15.015738	18.168787	16.622070	0.554498
2.66	21.48	9.96	9.96	2.88	1.78	15.013496	18.167359	16.620223	0.554501
2.66	21.48	9.96	9.96	2.88	1.78	15.011256	18.165930	16.618378	0.554504
2.67	21.48	9.95	9.95	2.88	1.78	15.009016	18.164502	16.616532	0.554507
2.67	21.48	9.95	9.95	2.88	1.78	15.006777	18.163074	16.614687	0.554509
2.67	21.48	9.95	9.95	2.88	1.78	15.004538	18.161646	16.612842	0.554512
2.67	21.48	9.95	9.95	2.88	1.78	15.002299	18.160218	16.610997	0.554515
2.68	21.48	9.94	9.94	2.88	1.78	15.000062	18.158791	16.609153	0.554518
2.68	21.48	9.94	9.94	2.88	1.78	14.997824	18.157363	16.607310	0.554520
2.68	21.48	9.94	9.94	2.88	1.78	14.995588	18.155936	16.605466	0.554523
2.69	21.48	9.94	9.94	2.88	1.78	14.993352	18.154509	16.603623	0.554526
2.69	21.48	9.93	9.93	2.88	1.78	14.991116	18.153082	16.601780	0.554529
2.69	21.48	9.93	9.93	2.88	1.78	14.988881	18.151655	16.599938	0.554531
2.69	21.48	9.93	9.93	2.88	1.78	14.986647	18.150229	16.598096	0.554534
2.70	21.48	9.92	9.92	2.88	1.78	14.984413	18.148802	16.596254	0.554537
2.70	21.48	9.92	9.92	2.88	1.78	14.982180	18.147376	16.594413	0.554539
2.70	21.48	9.92	9.92	2.88	1.78	14.979947	18.145950	16.592572	0.554542
2.71	21.48	9.92	9.92	2.88	1.78	14.977715	18.144524	16.590731	0.554545
2.71	21.48	9.91	9.91	2.88	1.78	14.975484	18.143098	16.588891	0.554548
2.71	21.48	9.91	9.91	2.88	1.78	14.973253	18.141672	16.587051	0.554550
2.71	21.48	9.91	9.91	2.88	1.78	14.971022	18.140247	16.585211	0.554553
2.72	21.48	9.91	9.91	2.88	1.78	14.968793	18.138822	16.583372	0.554556
2.72	21.48	9.90	9.90	2.88	1.78	14.966563	18.137397	16.581533	0.554558
2.72	21.48	9.90	9.90	2.88	1.78	14.964335	18.135972	16.579695	0.554561
2.73	21.48	9.90	9.90	2.88	1.78	14.962107	18.134547	16.577857	0.554564
2.73	21.48	9.90	9.90	2.88	1.78	14.959879	18.133122	16.576019	0.554566
2.73	21.48	9.89	9.89	2.88	1.78	14.957652	18.131698	16.574182	0.554569
2.73	21.48	9.89	9.89	2.88	1.78	14.955426	18.130273	16.572344	0.554572
2.74	21.48	9.89	9.89	2.88	1.78	14.953200	18.128849	16.570508	0.554574
2.74	21.48	9.88	9.88	2.88	1.78	14.950975	18.127425	16.568671	0.554577
2.74	21.48	9.88	9.88	2.88	1.78	14.948750	18.126001	16.566835	0.554580
2.74	21.48	9.88	9.88	2.88	1.78	14.946526	18.124578	16.565000	0.554582
2.75	21.48	9.88	9.88	2.88	1.78	14.944303	18.123154	16.563165	0.554585
2.75	21.48	9.87	9.87	2.88	1.78	14.942080	18.121731	16.561330	0.554588
2.75	21.48	9.87	9.87	2.88	1.78	14.939857	18.120308	16.559495	0.554590
2.76	21.48	9.87	9.87	2.88	1.78	14.937636	18.118885	16.557661	0.554593
2.76	21.48	9.87	9.87	2.88	1.78	14.935414	18.117462	16.555827	0.554596
2.76	21.48	9.86	9.86	2.88	1.78	14.933194	18.116040	16.553994	0.554598
2.76	21.48	9.86	9.86	2.88	1.79	14.930974	18.114617	16.552161	0.554601
2.77	21.48	9.86	9.86	2.88	1.79	14.928754	18.113195	16.550328	0.554604
2.77	21.48	9.86	9.86	2.88	1.79	14.926536	18.111773	16.548496	0.554606
2.77	21.48	9.85	9.85	2.88	1.79	14.924317	18.110351	16.546664	0.554609
2.77	21.48	9.85	9.85	2.88	1.79	14.922100	18.108929	16.544832	0.554612
2.78	21.48	9.85	9.85	2.88	1.79	14.919883	18.107508	16.543001	0.554614
2.78	21.48	9.85	9.85	2.88	1.79	14.917666	18.106087	16.541170	0.554617
2.78	21.48	9.84	9.84	2.88	1.79	14.915450	18.104665	16.539340	0.554620
2.79	21.48	9.84	9.84	2.88	1.79	14.913235	18.103244	16.537510	0.554622
2.79	21.48	9.84	9.84	2.88	1.79	14.911020	18.101823	16.535680	0.554625
2.79	21.48	9.83	9.83	2.88	1.79	14.908806	18.100403	16.533851	0.554627
2.79	21.48	9.83	9.83	2.88	1.79	14.906592	18.098982	16.532022	0.554630
2.80	21.48	9.83	9.83	2.88	1.79	14.904380	18.097562	16.530193	0.554633
2.80	21.48	9.83	9.83	2.88	1.79	14.902167	18.096142	16.528365	0.554635
2.80	21.48	9.82	9.82	2.88	1.79	14.899955	18.094722	16.526537	0.554638
2.81	21.48	9.82	9.82	2.88	1.79	14.897744	18.093302	16.524710	0.554640
2.81	21.48	9.82	9.82	2.88	1.79	14.895534	18.091883	16.522882	0.554643
2.81	21.48	9.82	9.82	2.88	1.79	14.893324	18.090463	16.521056	0.554646
2.81	21.48	9.81	9.81	2.88	1.79	14.891114	18.089044	16.519229	0.554648
2.82	21.48	9.81	9.81	2.88	1.79	14.888905	18.087625	16.517403	0.554651
2.82	21.48	9.81	9.81	2.88	1.79	14.886697	18.086206	16.515578	0.554653
2.82	21.48	9.81	9.81	2.88	1.79	14.884490	18.084787	16.513753	0.554656
2.83	21.48	9.80	9.80	2.88	1.79	14.882283	18.083369	16.511928	0.554659
2.83	21.48	9.80	9.80	2.88	1.79	14.880076	18.081951	16.510103	0.554661
2.83	21.48	9.80	9.80	2.88	1.79	14.877870	18.080532	16.508279	0.554664
2.83	21.48	9.80	9.80	2.88	1.79	14.875665	18.079115	16.506455	0.554666
2.84	21.48	9.79	9.79	2.88	1.79	14.873461	18.077697	16.504632	0.554669
2.84	21.48	9.79	9.79	2.88	1.79	14.871257	18.076279	16.502809	0.554671
2.84	21.48	9.79	9.79	2.88	1.79	14.869053	18.074862	16.500987	0.554674
2.84	21.48	9.79	9.79	2.88	1.79	14.866850	18.073445	16.499165	0.554677
2.85	21.48	9.78	9.78	2.88	1.79	14.864648	18.072028	16.497343	0.554679
2.85	21.48	9.78	9.78	2.88	1.79	14.862447	18.070611	16.495521	0.554682
2.85	21.48	9.78	9.78	2.88	1.79	14.860246	18.069194	16.493700	0.554684
2.86	21.48	9.78	9.78	2.88	1.79	14.858045	18.067778	16.491880	0.554687
2.86	21.48	9.77	9.77	2.88	1.79	14.855845	18.066361	16.490059	0.554689
2.86	21.48	9.77	9.77	2.88	1.79	14.853646	18.064945	16.488240	0.554692
2.86	21.48	9.77	9.77	2.88	1.79	14.851448	18.063529	16.486420	0.554694
2.87	21.48	9.77	9.77	2.88	1.79	14.849250	18.062114	16.484601	0.554697
2.87	21.48	9.76	9.76	2.88	1.79	14.847052	18.060698	16.482782	0.554700
2.87	21.48	9.76	9.76	2.88	1.79	14.844856	18.059283	16.480964	0.554702
2.88	21.48	9.76	9.76	2.88	1.79	14.842659	18.057868	16.479146	0.554705
2.88	21.48	9.75	9.75	2.88	1.79	14.840464	18.056453	16.477329	0.554707
2.88	21.48	9.75	9.75	2.88	1.79	14.838269	18.055038	16.475511	0.554710
2.88	21.48	9.75	9.75	2.88	1.79	14.836075	18.053624	16.473695	0.554712
2.89	21.48	9.75	9.75	2.88	1.79	14.833881	18.052209	16.471878	0.554715
2.89	21.48	9.74	9.74	2.88	1.79	14.831688	18.050795	16.470062	0.554717
2.89	21.48	9.74	9.74	2.88	1.79	14.829496	18.049381	16.468247	0.554720
2.89	21.48	9.74	9.74	2.87	1.79	14.827304	18.047967	16.466432	0.554722
2.90	21.48	9.74	9.74	2.87	1.79	14.825112	18.046554	16.464617	0.554725
2.90	21.48	9.73	9.73	2.87	1.79	14.822922	18.045140	16.462802	0.554727
2.90	21.48	9.73	9.73	2.87	1.79	14.820732	18.043727	16.460988	0.554730
2.91	21.48	9.73	9.73	2.87	1.79	14.818543	18.042314	16.459175	0.554732
2.91	21.48	9.73	9.73	2.87	1.79	14.816354	18.040901	16.457362	0.554735
2.91	21.48	9.72	9.72	2.87	1.79	14.814166	18.039489	16.455549	0.554737
2.91	21.48	9.72	9.72	2.87	1.79	14.811978	18.038076	16.453736	0.554740
2.92	21.48	9.72	9.72	2.87	1.79	14.809791	18.036664	16.451924	0.554742
2.92	21.48	9.72	9.72	2.87	1.79	14.807605	18.035252	16.450113	0.554745
2.92	21.48	9.71	9.71	2.87	1.79	14.805419	18.033840	16.448302	0.554747
2.92	21.48	9.71	9.71	2.87	1.79	14.803234	18.032429	16.446491	0.554750
2.93	21.48	9.71	9.71	2.87	1.79	14.801050	18.031017	16.444680	0.554752
2.93	21.48	9.71	9.71	2.87	1.79	14.798866	18.029606	16.442870	0.554755
2.93	21.48	9.70	9.70	2.87	1.79	14.796683	18.028195	16.441061	0.554757
2.94	21.48	9.70	9.70	2.87	1.79	14.794500	18.026784	16.439252	0.554760
2.94	21.48	9.70	9.70	2.87	1.79	14.792318	18.025374	16.437443	0.554762
2.94	21.48	9.70	9.70	2.87	1.79	14.790137	18.023963	16.435634	0.554765
2.94	21.48	9.69	9.69	2.87	1.79	14.787957	18.022553	16.433826	0.554767
2.95	21.48	9.69	9.69	2.87	1.79	14.785777	18.021143	16.432019	0.554770
2.95	21.48	9.69	9.69	2.87	1.79	14.783597	18.019733	16.430212	0.554772
2.95	21.48	9.69	9.69	2.87	1.79	14.781418	18.018324	16.428405	0.554774
2.96	21.48	9.68	9.68	2.87	1.79	14.779240	18.016914	16.426599	0.554777
2.96	21.48	9.68	9.68	2.87	1.79	14.777063	18.015505	16.424793	0.554779
2.96	21.48	9.68	9.68	2.87	1.79	14.774886	18.014096	16.422987	0.554782
2.96	21.48	9.68	9.68	2.87	1.79	14.772710	18.012687	16.421182	0.554784
2.97	21.48	9.67	9.67	2.87	1.79	14.770534	18.011279	16.419377	0.554787
2.97	21.48	9.67	9.67	2.87	1.79	14.768359	18.009870	16.417573	0.554789
2.97	21.48	9.67	9.67	2.87	1.79	14.766185	18.008462	16.415769	0.554792
2.98	21.48	9.67	9.67	2.87	1.79	14.764011	18.007054	16.413965	0.554794
2.98	21.48	9.66	9.66	2.87	1.79	14.761838	18.005646	16.412162	0.554796
2.98	21.48	9.66	9.66	2.87	1.79	14.759665	18.004239	16.410359	0.554799
2.98	21.48	9.66	9.66	2.87	1.79	14.757494	18.002831	16.408557	0.554801
2.99	21.48	9.66	9.66	2.87	1.79	14.755322	18.001424	16.406755	0.554804
2.99	21.48	9.65	9.65	2.87	1.79	14.753152	18.000017	16.404954	0.554806
2.99	21.48	9.65	9.65	2.87	1.79	14.750982	17.998611	16.403153	0.554809
2.99	21.48	9.65	9.65	2.87	1.79	14.748813	17.997204	16.401352	0.554811
3.00	21.48	9.65	9.65	2.87	1.79	14.746644	17.995798	16.399552	0.554813
3.00	21.48	9.64	9.64	2.87	1.80	14.744476	17.994392	16.397752	0.554816
3.00	21.48	9.64	9.64	2.87	1.80	14.742309	17.992986	16.395953	0.554818
3.01	21.48	9.64	9.64	2.87	1.80	14.740142	17.991580	16.394154	0.554821
3.01	21.48	9.64	9.64	2.87	1.80	14.737976	17.990175	16.392355	0.554823
3.01	21.48	9.63	9.63	2.87	1.80	14.735811	17.988770	16.390557	0.554825
3.01	21.48	9.63	9.63	2.87	1.80	14.733646	17.987365	16.388759	0.554828
3.02	21.48	9.63	9.63	2.87	1.80	14.731482	17.985960	16.386962	0.554830
3.02	21.48	9.63	9.63	2.87	1.80	14.729318	17.984555	16.385165	0.554833
3.02	21.48	9.62	9.62	2.87	1.80	14.727156	17.983151	16.383369	0.554835
3.02	21.48	9.62	9.62	2.87	1.80	14.724993	17.981747	16.381573	0.554837
3.03	21.48	9.62	9.62	2.87	1.80	14.722832	17.980343	16.379777	0.554840
3.03	21.48	9.62	9.62	2.87	1.80	14.720671	17.978939	16.377982	0.554842
3.03	21.48	9.61	9.61	2.87	1.80	14.718511	17.977536	16.376187	0.554844
3.04	21.48	9.61	9.61	2.87	1.80	14.716351	17.976132	16.374393	0.554847
3.04	21.48	9.61	9.61	2.87	1.80	14.714192	17.974729	16.372599	0.554849
3.04	21.48	9.61	9.61	2.87	1.80	14.712034	17.973326	16.370805	0.554852
3.04	21.48	9.60	9.60	2.87	1.80	14.709876	17.971924	16.369012	0.554854
3.05	21.48	9.60	9.60	2.87	1.80	14.707719	17.970521	16.367219	0.554856
3.05	21.48	9.60	9.60	2.87	1.80	14.705563	17.969119	16.365427	0.554859
3.05	21.48	9.60	9.60	2.87	1.80	14.703407	17.967717	16.363635	0.554861
3.06	21.48	9.59	9.59	2.87	1.80	14.701252	17.966315	16.361844	0.554863
3.06	21.48	9.59	9.59	2.87	1.80	14.699098	17.964914	16.360053	0.554866
3.06	21.48	9.59	9.59	2.87	1.80	14.696944	17.963512	16.358263	0.554868
3.06	21.48	9.59	9.59	2.87	1.80	14.694791	17.962111	16.356472	0.554870
3.07	21.48	9.58	9.58	2.87	1.80	14.692639	17.960710	16.354683	0.554873
3.07	21.48	9.58	9.58	2.87	1.80	14.690487	17.959310	16.352894	0.554875
3.07	21.48	9.58	9.58	2.87	1.80	14.688336	17.957909	16.351105	0.554877
3.08	21.48	9.58	9.58	2.87	1.80	14.686186	17.956509	16.349316	0.554880
3.08	21.48	9.57	9.57	2.87	1.80	14.684036	17.955109	16.347528	0.554882
3.08	21.48	9.57	9.57	2.87	1.80	14.681887	17.953709	16.345741	0.554884
3.08	21.48	9.57	9.57	2.87	1.80	14.679738	17.952310	16.343954	0.554887
3.09	21.48	9.57	9.57	2.87	1.80	14.677591	17.950910	16.342167	0.554889
3.09	21.48	9.56	9.56	2.87	1.80	14.675444	17.949511	16.340381	0.554891
3.09	21.48	9.56	9.56	2.87	1.80	14.673297	17.948113	16.338595	0.554894
3.09	21.48	9.56	9.56	2.87	1.80	14.671151	17.946714	16.336810	0.554896
3.10	21.48	9.56	9.56	2.87	1.80	14.669006	17.945315	16.335025	0.554898
3.10	21.48	9.55	9.55	2.87	1.80	14.666862	17.943917	16.333240	0.554901
3.10	21.48	9.55	9.55	2.87	1.80	14.664718	17.942519	16.331456	0.554903
3.11	21.48	9.55	9.55	2.87	1.80	14.662575	17.941122	16.329673	0.554905
3.11	21.48	9.55	9.55	2.87	1.80	14.660432	17.939724	16.327889	0.554907
3.11	21.48	9.55	9.55	2.87	1.80	14.658291	17.938327	16.326107	0.554910
3.11	21.48	9.54	9.54	2.87	1.80	14.656149	17.936930	16.324324	0.554912
3.12	21.48	9.54	9.54	2.87	1.80	14.654009	17.935533	16.322542	0.554914
3.12	21.48	9.54	9.54	2.87	1.80	14.651869	17.934136	16.320761	0.554917
3.12	21.48	9.54	9.54	2.87	1.80	14.649730	17.932740	16.318980	0.554919
3.12	21.48	9.53	9.53	2.87	1.80	14.647592	17.931344	16.317199	0.554921
3.13	21.48	9.53	9.53	2.87	1.80	14.645454	17.929948	16.315419	0.554924
3.13	21.48	9.53	9.53	2.87	1.80	14.643317	17.928552	16.313640	0.554926
3.13	21.48	9.53	9.53	2.87	1.80	14.641180	17.927157	16.311860	0.554928
3.14	21.48	9.52	9.52	2.87	1.80	14.639045	17.925762	16.310082	0.554930
3.14	21.48	9.52	9.52	2.87	1.80	14.636910	17.924367	16.308303	0.554933
3.14	21.48	9.52	9.52	2.87	1.80	14.634775	17.922972	16.306525	0.554935
3.14	21.48	9.52	9.52	2.87	1.80	14.632641	17.921577	16.304748	0.554937
3.15	21.48	9.51	9.51	2.87	1.80	14.630508	17.920183	16.302971	0.554939
3.15	21.48	9.51	9.51	2.87	1.80	14.628376	17.918789	16.301194	0.554942
3.15	21.48	9.51	9.51	2.87	1.80	14.626244	17.917395	16.299418	0.554944
3.16	21.48	9.51	9.51	2.87	1.80	14.624113	17.916002	16.297642	0.554946
3.16	21.48	9.50	9.50	2.87	1.80	14.621983	17.914608	16.295867	0.554948
3.16	21.48	9.50	9.50	2.87	1.80	14.619853	17.913215	16.294092	0.554951
3.16	21.48	9.50	9.50	2.87	1.80	14.617724	17.911822	16.292318	0.554953
3.17	21.48	9.50	9.50	2.87	1.80	14.615596	17.910430	16.290544	0.554955
3.17	21.48	9.49	9.49	2.87	1.80	14.613468	17.909037	16.288771	0.554957
3.17	21.48	9.49	9.49	2.87	1.80	14.611341	17.907645	16.286998	0.554960
3.17	21.48	9.49	9.49	2.87	1.80	14.609215	17.906253	16.285225	0.554962
3.18	21.48	9.49	9.49	2.87	1.80	14.607090	17.904862	16.283453	0.554964
3.18	21.48	9.49	9.49	2.87	1.80	14.604965	17.903470	16.281682	0.554966
3.18	21.48	9.48	9.48	2.87	1.80	14.602841	17.902079	16.279910	0.554969
3.19	21.48	9.48	9.48	2.87	1.80	14.600717	17.900688	16.278140	0.554971
3.19	21.48	9.48	9.48	2.87	1.80	14.598594	17.899297	16.276369	0.554973
3.19	21.48	9.48	9.48	2.87	1.80	14.596472	17.897907	16.274599	0.554975
3.19	21.48	9.47	9.47	2.87	1.80	14.594351	17.896517	16.272830	0.554977
3.20	21.48	9.47	9.47	2.87	1.80	14.592230	17.895127	16.271061	0.554980
3.20	21.48	9.47	9.47	2.87	1.80	14.590110	17.893737	16.269293	0.554982
3.20	21.48	9.47	9.47	2.87	1.80	14.587990	17.892347	16.267525	0.554984
3.21	21.48	9.46	9.46	2.87	1.80	14.585872	17.890958	16.265757	0.554986
3.21	21.48	9.46	9.46	2.87	1.80	14.583754	17.889569	16.263990	0.554988
3.21	21.48	9.46	9.46	2.87	1.80	14.581636	17.888180	16.262223	0.554991
3.21	21.48	9.46	9.46	2.87	1.80	14.579520	17.886792	16.260457	0.554993
3.22	21.48	9.45	9.45	2.87	1.80	14.577404	17.885404	16.258692	0.554995
3.22	21.48	9.45	9.45	2.87	1.80	14.575289	17.884016	16.256926	0.554997
3.22	21.48	9.45	9.45	2.87	1.80	14.573174	17.882628	16.255161	0.554999
3.23	21.48	9.45	9.45	2.87	1.80	14.571060	17.881240	16.253397	0.555002
3.23	21.48	9.44	9.44	2.87	1.80	14.568947	17.879853	16.251633	0.555004
3.23	21.48	9.44	9.44	2.87	1.80	14.566835	17.878466	16.249870	0.555006
3.23	21.48	9.44	9.44	2.87	1.80	14.564723	17.877079	16.248107	0.555008
3.24	21.48	9.44	9.44	2.87	1.80	14.562612	17.875693	16.246344	0.555010
3.24	21.48	9.44	9.44	2.87	1.80	14.560501	17.874306	16.244582	0.555013
3.24	21.48	9.43	9.43	2.87	1.80	14.558392	17.872920	16.242821	0.555015
3.24	21.48	9.43	9.43	2.87	1.80	14.556283	17.871534	16.241060	0.555017
3.25	21.48	9.43	9.43	2.87	1.80	14.554175	17.870149	16.239299	0.555019
3.25	21.48	9.43	9.43	2.87	1.81	14.552067	17.868764	16.237539	0.555021
3.25	21.48	9.42	9.42	2.87	1.81	14.549960	17.867379	16.235779	0.555023
3.26	21.48	9.42	9.42	2.87	1.81	14.547854	17.865994	16.234020	0.555025
3.26	21.48	9.42	9.42	2.87	1.81	14.545749	17.864609	16.232261	0.555028
3.26	21.48	9.42	9.42	2.87	1.81	14.543644	17.863225	16.230503	0.555030
3.26	21.48	9.41	9.41	2.87	1.81	14.541540	17.861841	16.228745	0.555032
3.27	21.48	9.41	9.41	2.87	1.81	14.539436	17.860457	16.226987	0.555034
3.27	21.48	9.41	9.41	2.87	1.81	14.537334	17.859074	16.225231	0.555036
3.27	21.48	9.41	9.41	2.87	1.81	14.535232	17.857690	16.223474	0.555038
3.27	21.48	9.40	9.40	2.87	1.81	14.533131	17.856307	16.221718	0.555040
3.28	21.48	9.40	9.40	2.87	1.81	14.531030	17.854924	16.219963	0.555043
3.28	21.48	9.40	9.40	2.87	1.81	14.528930	17.853542	16.218208	0.555045
3.28	21.48	9.40	9.40	2.87	1.81	14.526831	17.852160	16.216453	0.555047
3.29	21.48	9.40	9.40	2.87	1.81	14.524733	17.850778	16.214699	0.555049
3.29	21.48	9.39	9.39	2.87	1.81	14.522635	17.849396	16.212945	0.555051
3.29	21.48	9.39	9.39	2.87	1.81	14.520538	17.848014	16.211192	0.555053
3.29	21.48	9.39	9.39	2.87	1.81	14.518442	17.846633	16.209440	0.555055
3.30	21.48	9.39	9.39	2.87	1.81	14.516346	17.845252	16.207687	0.555057
3.30	21.48	9.38	9.38	2.87	1.81	14.514251	17.843871	16.205936	0.555060
3.30	21.48	9.38	9.38	2.87	1.81	14.512157	17.842491	16.204184	0.555062
3.31	21.48	9.38	9.38	2.87	1.81	14.510064	17.841111	16.202434	0.555064
3.31	21.48	9.38	9.38	2.87	1.81	14.507971	17.839731	16.200683	0.555066
3.31	21.48	9.37	9.37	2.87	1.81	14.505879	17.838351	16.198933	0.555068
3.31	21.48	9.37	9.37	2.87	1.81	14.503788	17.836972	16.197184	0.555070
3.32	21.48	9.37	9.37	2.87	1.81	14.501697	17.835593	16.195435	0.555072
3.32	21.48	9.37	9.37	2.87	1.81	14.499608	17.834214	16.193687	0.555074
3.32	21.48	9.37	9.37	2.87	1.81	14.497518	17.832835	16.191939	0.555076
3.33	21.48	9.36	9.36	2.87	1.81	14.495430	17.831457	16.190192	0.555078
3.33	21.48	9.36	9.36	2.87	1.81	14.493342	17.830078	16.188445	0.555081
3.33	21.48	9.36	9.36	2.87	1.81	14.491255	17.828701	16.186698	0.555083
3.33	21.48	9.36	9.36	2.87	1.81	14.489169	17.827323	16.184952	0.555085
3.34	21.48	9.35	9.35	2.87	1.81	14.487084	17.825946	16.183207	0.555087
3.34	21.48	9.35	9.35	2.87	1.81	14.484999	17.824569	16.181462	0.555089
3.34	21.48	9.35	9.35	2.87	1.81	14.482915	17.823192	16.179717	0.555091
3.34	21.48	9.35	9.35	2.87	1.81	14.480831	17.821815	16.177973	0.555093
3.35	21.48	9.34	9.34	2.87	1.81	14.478749	17.820439	16.176230	0.555095
3.35	21.48	9.34	9.34	2.87	1.81	14.476667	17.819063	16.174486	0.555097
3.35	21.48	9.34	9.34	2.87	1.81	14.474586	17.817687	16.172744	0.555099
3.36	21.48	9.34	9.34	2.87	1.81	14.472505	17.816312	16.171002	0.555101
3.36	21.48	9.34	9.34	2.87	1.81	14.470426	17.814937	16.169260	0.555103
3.36	21.48	9.33	9.33	2.87	1.81	14.468347	17.813562	16.167519	0.555105
3.36	21.48	9.33	9.33	2.87	1.81	14.466268	17.812187	16.165778	0.555107
3.37	21.48	9.33	9.33	2.87	1.81	14.464191	17.810813	16.164038	0.555109
3.37	21.48	9.33	9.33	2.87	1.81	14.462114	17.809438	16.162298	0.555112
3.37	21.48	9.32	9.32	2.87	1.81	14.460038	17.808065	16.160559	0.555114
3.38	21.48	9.32	9.32	2.87	1.81	14.457963	17.806691	16.158821	0.555116
3.38	21.48	9.32	9.32	2.87	1.81	14.455888	17.805318	16.157082	0.555118
3.38	21.48	9.32	9.32	2.87	1.81	14.453814	17.803945	16.155345	0.555120
3.38	21.48	9.32	9.32	2.87	1.81	14.451741	17.802572	16.153607	0.555122
3.39	21.48	9.31	9.31	2.87	1.81	14.449668	17.801199	16.151871	0.555124
3.39	21.48	9.31	9.31	2.87	1.81	14.447597	17.799827	16.150135	0.555126
3.39	21.48	9.31	9.31	2.87	1.81	14.445526	17.798455	16.148399	0.555128
3.39	21.48	9.31	9.31	2.87	1.81	14.443456	17.797083	16.146664	0.555130
3.40	21.48	9.30	9.30	2.87	1.81	14.441386	17.795712	16.144929	0.555132
3.40	21.48	9.30	9.30	2.87	1.81	14.439317	17.794341	16.143194	0.555134
3.40	21.48	9.30	9.30	2.87	1.81	14.437249	17.792970	16.141461	0.555136
3.41	21.48	9.30	9.30	2.87	1.81	14.435182	17.791599	16.139727	0.555138
3.41	21.48	9.30	9.30	2.87	1.81	14.433115	17.790229	16.137995	0.555140
3.41	21.48	9.29	9.29	2.87	1.81	14.431050	17.788859	16.136262	0.555142
3.41	21.48	9.29	9.29	2.87	1.81	14.428985	17.787489	16.134531	0.555144
3.42	21.48	9.29	9.29	2.87	1.81	14.426920	17.786120	16.132799	0.555146
3.42	21.48	9.29	9.29	2.87	1.81	14.424857	17.784751	16.131069	0.555148
3.42	21.48	9.28	9.28	2.87	1.81	14.422794	17.783382	16.129338	0.555150
3.42	21.48	9.28	9.28	2.86	1.81	14.420732	17.782013	16.127608	0.555152
3.43	21.48	9.28	9.28	2.86	1.81	14.418670	17.780645	16.125879	0.555154
3.43	21.48	9.28	9.28	2.86	1.81	14.416610	17.779276	16.124150	0.555156
3.43	21.48	9.28	9.28	2.86	1.81	14.414550	17.777909	16.122422	0.555158
3.44	21.48	9.27	9.27	2.86	1.81	14.412491	17.776541	16.120694	0.555160
3.44	21.48	9.27	9.27	2.86	1.81	14.410432	17.775174	16.118967	0.555162
3.44	21.48	9.27	9.27	2.86	1.81	14.408375	17.773807	16.117240	0.555164
3.44	21.48	9.27	9.27	2.86	1.81	14.406318	17.772440	16.115514	0.555166
3.45	21.48	9.26	9.26	2.86	1.81	14.404262	17.771074	16.113788	0.555168
3.45	21.48	9.26	9.26	2.86	1.81	14.402206	17.769708	16.112063	0.555170
3.45	21.48	9.26	9.26	2.86	1.81	14.400152	17.768342	16.110338	0.555172
3.46	21.48	9.26	9.26	2.86	1.81	14.398098	17.766976	16.108614	0.555174
3.46	21.48	9.26	9.26	2.86	1.81	14.396045	17.765611	16.106890	0.555176
3.46	21.48	9.25	9.25	2.86	1.81	14.393992	17.764246	16.105167	0.555178
3.46	21.48	9.25	9.25	2.86	1.81	14.391940	17.762881	16.103444	0.555179
3.47	21.48	9.25	9.25	2.86	1.81	14.389890	17.761517	16.101722	0.555181
3.47	21.48	9.25	9.25	2.86	1.81	14.387839	17.760152	16.100000	0.555183
3.47	21.48	9.24	9.24	2.86	1.81	14.385790	17.758789	16.098279	0.555185
3.48	21.48	9.24	9.24	2.86	1.81	14.383741	17.757425	16.096558	0.555187
3.48	21.48	9.24	9.24	2.86	1.81	14.381693	17.756062	16.094838	0.555189
3.48	21.48	9.24	9.24	2.86	1.81	14.379646	17.754699	16.093118	0.555191
3.48	21.48	9.24	9.24	2.86	1.81	14.377600	17.753336	16.091399	0.555193
3.49	21.48	9.23	9.23	2.86	1.81	14.375554	17.751973	16.089680	0.555195
3.49	21.48	9.23	9.23	2.86	1.81	14.373509	17.750611	16.087962	0.555197
3.49	21.48	9.23	9.23	2.86	1.81	14.371465	17.749249	16.086245	0.555199
3.49	21.48	9.23	9.23	2.86	1.81	14.369422	17.747888	16.084528	0.555201
3.50	21.48	9.22	9.22	2.86	1.81	14.367379	17.746527	16.082811	0.555203
3.50	21.48	9.22	9.22	2.86	1.81	14.365338	17.745166	16.081095	0.555205
3.50	21.48	9.22	9.22	2.86	1.81	14.363296	17.743805	16.079379	0.555207
3.51	21.48	9.22	9.22	2.86	1.81	14.361256	17.742444	16.077664	0.555209
3.51	21.48	9.22	9.22	2.86	1.81	14.359217	17.741084	16.075950	0.555210
3.51	21.48	9.21	9.21	2.86	1.81	14.357178	17.739724	16.074236	0.555212
3.51	21.48	9.21	9.21	2.86	1.81	14.355140	17.738365	16.072522	0.555214
3.52	21.48	9.21	9.21	2.86	1.81	14.353102	17.737006	16.070809	0.555216
3.52	21.48	9.21	9.21	2.86	1.82	14.351066	17.735647	16.069096	0.555218
3.52	21.48	9.20	9.20	2.86	1.82	14.349030	17.734288	16.067385	0.555220
3.52	21.48	9.20	9.20	2.86	1.82	14.346995	17.732930	16.065673	0.555222
3.53	21.48	9.20	9.20	2.86	1.82	14.344961	17.731571	16.063962	0.555224
3.53	21.48	9.20	9.20	2.86	1.82	14.342928	17.730214	16.062252	0.555226
3.53	21.48	9.20	9.20	2.86	1.82	14.340895	17.728856	16.060542	0.555228
3.54	21.48	9.19	9.19	2.86	1.82	14.338863	17.727499	16.058832	0.555229
3.54	21.48	9.19	9.19	2.86	1.82	14.336832	17.726142	16.057124	0.555231
3.54	21.48	9.19	9.19	2.86	1.82	14.334801	17.724785	16.055415	0.555233
3.54	21.48	9.19	9.19	2.86	1.82	14.332772	17.723429	16.053707	0.555235
3.55	21.48	9.19	9.19	2.86	1.82	14.330743	17.722073	16.052000	0.555237
3.55	21.48	9.18	9.18	2.86	1.82	14.328715	17.720717	16.050293	0.555239
3.55	21.48	9.18	9.18	2.86	1.82	14.326688	17.719362	16.048587	0.555241
3.56	21.48	9.18	9.18	2.86	1.82	14.324661	17.718007	16.046881	0.555243
3.56	21.48	9.18	9.18	2.86	1.82	14.322635	17.716652	16.045176	0.555244
3.56	21.48	9.17	9.17	2.86	1.82	14.320610	17.715297	16.043472	0.555246
3.56	21.48	9.17	9.17	2.86	1.82	14.318586	17.713943	16.041767	0.555248
3.57	21.48	9.17	9.17	2.86	1.82	14.316563	17.712589	16.040064	0.555250
3.57	21.48	9.17	9.17	2.86	1.82	14.314540	17.711236	16.038361	0.555252
3.57	21.48	9.17	9.17	2.86	1.82	14.312518	17.709882	16.036658	0.555254
3.58	21.48	9.16	9.16	2.86	1.82	14.310497	17.708529	16.034956	0.555256
3.58	21.48	9.16	9.16	2.86	1.82	14.308477	17.707176	16.033255	0.555257
3.58	21.48	9.16	9.16	2.86	1.82	14.306457	17.705824	16.031554	0.555259
3.58	21.48	9.16	9.16	2.86	1.82	14.304438	17.704472	16.029853	0.555261
3.59	21.48	9.15	9.15	2.86	1.82	14.302420	17.703120	16.028153	0.555263
3.59	21.48	9.15	9.15	2.86	1.82	14.300403	17.701769	16.026454	0.555265
3.59	21.48	9.15	9.15	2.86	1.82	14.298387	17.700417	16.024755	0.555267
3.59	21.48	9.15	9.15	2.86	1.82	14.296371	17.699066	16.023057	0.555268
3.60	21.48	9.15	9.15	2.86	1.82	14.294356	17.697716	16.021359	0.555270
3.60	21.48	9.14	9.14	2.86	1.82	14.292342	17.696365	16.019662	0.555272
3.60	21.48	9.14	9.14	2.86	1.82	14.290329	17.695015	16.017965	0.555274
3.61	21.48	9.14	9.14	2.86	1.82	14.288316	17.693666	16.016269	0.555276
3.61	21.48	9.14	9.14	2.86	1.82	14.286305	17.692316	16.014573	0.555278
3.61	21.48	9.14	9.14	2.86	1.82	14.284294	17.690967	16.012878	0.555279
3.61	21.48	9.13	9.13	2.86	1.82	14.282283	17.689618	16.011183	0.555281
3.62	21.48	9.13	9.13	2.86	1.82	14.280274	17.688270	16.009489	0.555283
3.62	21.48	9.13	9.13	2.86	1.82	14.278265	17.686922	16.007796	0.555285
3.62	21.48	9.13	9.13	2.86	1.82	14.276258	17.685574	16.006103	0.555287
3.62	21.48	9.13	9.13	2.86	1.82	14.274251	17.684226	16.004410	0.555288
3.63	21.48	9.12	9.12	2.86	1.82	14.272244	17.682879	16.002719	0.555290
3.63	21.48	9.12	9.12	2.86	1.82	14.270239	17.681532	16.001027	0.555292
3.63	21.48	9.12	9.12	2.86	1.82	14.268234	17.680186	15.999336	0.555294
3.64	21.48	9.12	9.12	2.86	1.82	14.266230	17.678839	15.997646	0.555296
3.64	21.48	9.11	9.11	2.86	1.82	14.264227	17.677493	15.995956	0.555297
3.64	21.48	9.11	9.11	2.86	1.82	14.262225	17.676147	15.994267	0.555299
3.64	21.48	9.11	9.11	2.86	1.82	14.260223	17.674802	15.992579	0.555301
3.65	21.48	9.11	9.11	2.86	1.82	14.258223	17.673457	15.990890	0.555303
3.65	21.48	9.11	9.11	2.86	1.82	14.256223	17.672112	15.989203	0.555304
3.65	21.48	9.10	9.10	2.86	1.82	14.254224	17.670768	15.987516	0.555306
3.66	21.48	9.10	9.10	2.86	1.82	14.252225	17.669424	15.985829	0.555308
3.66	21.48	9.10	9.10	2.86	1.82	14.250228	17.668080	15.984143	0.555310
3.66	21.48	9.10	9.10	2.86	1.82	14.248231	17.666736	15.982458	0.555312
3.66	21.48	9.10	9.10	2.86	1.82	14.246235	17.665393	15.980773	0.555313
3.67	21.48	9.09	9.09	2.86	1.82	14.244240	17.664050	15.979089	0.555315
3.67	21.48	9.09	9.09	2.86	1.82	14.242246	17.662708	15.977405	0.555317
3.67	21.48	9.09	9.09	2.86	1.82	14.240252	17.661365	15.975722	0.555319
3.67	21.48	9.09	9.09	2.86	1.82	14.238259	17.660023	15.974039	0.555320
3.68	21.48	9.09	9.09	2.86	1.82	14.236267	17.658682	15.972357	0.555322
3.68	21.48	9.08	9.08	2.86	1.82	14.234276	17.657341	15.970676	0.555324
3.68	21.48	9.08	9.08	2.86	1.82	14.232286	17.656000	15.968995	0.555326
3.69	21.48	9.08	9.08	2.86	1.82	14.230296	17.654659	15.967314	0.555327
3.69	21.48	9.08	9.08	2.86	1.82	14.228308	17.653319	15.965634	0.555329
3.69	21.48	9.08	9.08	2.86	1.82	14.226320	17.651979	15.963955	0.555331
3.69	21.48	9.07	9.07	2.86	1.82	14.224333	17.650639	15.962276	0.555333
3.70	21.48	9.07	9.07	2.86	1.82	14.222346	17.649299	15.960598	0.555334
3.70	21.48	9.07	9.07	2.86	1.82	14.220361	17.647960	15.958920	0.555336
3.70	21.48	9.07	9.07	2.86	1.82	14.218376	17.646622	15.957243	0.555338
3.71	21.48	9.06	9.06	2.86	1.82	14.216392	17.645283	15.955566	0.555340
3.71	21.48	9.06	9.06	2.86	1.82	14.214409	17.643945	15.953890	0.555341
3.71	21.48	9.06	9.06	2.86	1.82	14.212427	17.642607	15.952215	0.555343
3.71	21.48	9.06	9.06	2.86	1.82	14.210445	17.641270	15.950540	0.555345
3.72	21.48	9.06	9.06	2.86	1.82	14.208464	17.639933	15.948865	0.555346
3.72	21.48	9.05	9.05	2.86	1.82	14.206484	17.638596	15.947192	0.555348
3.72	21.48	9.05	9.05	2.86	1.82	14.204505	17.637259	15.945518	0.555350
3.73	21.48	9.05	9.05	2.86	1.82	14.202527	17.635923	15.943846	0.555352
3.73	21.48	9.05	9.05	2.86	1.82	14.200550	17.634587	15.942173	0.555353
3.73	21.48	9.05	9.05	2.86	1.82	14.198573	17.633252	15.940502	0.555355
3.73	21.48	9.04	9.04	2.86	1.82	14.196597	17.631917	15.938831	0.555357
3.74	21.48	9.04	9.04	2.86	1.82	14.194622	17.630582	15.937160	0.555358
3.74	21.48	9.04	9.04	2.86	1.82	14.192648	17.629247	15.935490	0.555360
3.74	21.48	9.04	9.04	2.86	1.82	14.190675	17.627913	15.933821	0.555362
3.74	21.48	9.04	9.04	2.86	1.82	14.188702	17.626579	15.932152	0.555363
3.75	21.48	9.03	9.03	2.86	1.82	14.186730	17.625245	15.930484	0.555365
3.75	21.48	9.03	9.03	2.86	1.82	14.184759	17.623912	15.928816	0.555367
3.75	21.48	9.03	9.03	2.86	1.82	14.182789	17.622579	15.927149	0.555369
3.76	21.48	9.03	9.03	2.86	1.82	14.180820	17.621247	15.925483	0.555370
3.76	21.48	9.03	9.03	2.86	1.82	14.178851	17.619914	15.923817	0.555372
3.76	21.48	9.02	9.02	2.86	1.82	14.176884	17.618582	15.922151	0.555374
3.76	21.48	9.02	9.02	2.86	1.82	14.174917	17.617251	15.920486	0.555375
3.77	21.48	9.02	9.02	2.86	1.82	14.172951	17.615920	15.918822	0.555377
3.77	21.48	9.02	9.02	2.86	1.82	14.170985	17.614589	15.917158	0.555379
3.77	21.48	9.02	9.02	2.86	1.82	14.169021	17.613258	15.915495	0.555380
3.77	21.48	9.01	9.01	2.86	1.82	14.167057	17.611928	15.913832	0.555382
3.78	21.48	9.01	9.01	2.86	1.82	14.165095	17.610598	15.912170	0.555384
3.78	21.48	9.01	9.01	2.86	1.82	14.163133	17.609268	15.910509	0.555385
3.78	21.48	9.01	9.01	2.86	1.82	14.161172	17.607939	15.908848	0.555387
3.79	21.48	9.01	9.01	2.86	1.82	14.159211	17.606610	15.907188	0.555389
3.79	21.48	9.00	9.00	2.86	1.82	14.157252	17.605281	15.905528	0.555390
3.79	21.48	9.00	9.00	2.86	1.82	14.155293	17.603953	15.903869	0.555392
3.79	21.48	9.00	9.00	2.86	1.82	14.153335	17.602625	15.902210	0.555393
3.80	21.48	9.00	9.00	2.86	1.82	14.151378	17.601297	15.900552	0.555395
3.80	21.48	9.00	9.00	2.86	1.82	14.149422	17.599970	15.898894	0.555397
3.80	21.48	8.99	8.99	2.86	1.82	14.147467	17.598643	15.897238	0.555398
3.81	21.48	8.99	8.99	2.86	1.82	14.145512	17.597316	15.895581	0.555400
3.81	21.48	8.99	8.99	2.86	1.82	14.143559	17.595990	15.893925	0.555402
3.81	21.48	8.99	8.99	2.86	1.82	14.141606	17.594664	15.892270	0.555403
3.81	21.48	8.99	8.99	2.86	1.83	14.139654	17.593339	15.890616	0.555405
3.82	21.48	8.98	8.98	2.86	1.83	14.137702	17.592013	15.888962	0.555407
3.82	21.48	8.98	8.98	2.86	1.83	14.135752	17.590688	15.887308	0.555408
3.82	21.48	8.98	8.98	2.86	1.83	14.133803	17.589364	15.885655	0.555410
3.83	21.48	8.98	8.98	2.86	1.83	14.131854	17.588040	15.884003	0.555411
3.83	21.48	8.98	8.98	2.86	1.83	14.129906	17.586716	15.882351	0.555413
3.83	21.48	8.97	8.97	2.86	1.83	14.127959	17.585392	15.880700	0.555415
3.83	21.48	8.97	8.97	2.86	1.83	14.126013	17.584069	15.879049	0.555416
3.84	21.48	8.97	8.97	2.86	1.83	14.124067	17.582746	15.877399	0.555418
3.84	21.48	8.97	8.97	2.86	1.83	14.122123	17.581423	15.875750	0.555419
3.84	21.48	8.97	8.97	2.86	1.83	14.120179	17.580101	15.874101	0.555421
3.84	21.48	8.96	8.96	2.86	1.83	14.118236	17.578779	15.872453	0.555423
3.85	21.48	8.96	8.96	2.86	1.83	14.116294	17.577458	15.870805	0.555424
3.85	21.48	8.96	8.96	2.86	1.83	14.114353	17.576137	15.869158	0.555426
3.85	21.48	8.96	8.96	2.86	1.83	14.112413	17.574816	15.867511	0.555427
3.86	21.48	8.96	8.96	2.86	1.83	14.110473	17.573495	15.865865	0.555429
3.86	21.48	8.95	8.95	2.86	1.83	14.108534	17.572175	15.864220	0.555431
3.86	21.48	8.95	8.95	2.86	1.83	14.106597	17.570855	15.862575	0.555432
3.86	21.48	8.95	8.95	2.86	1.83	14.104660	17.569536	15.860931	0.555434
3.87	21.48	8.95	8.95	2.86	1.83	14.102723	17.568217	15.859287	0.555435
3.87	21.48	8.95	8.95	2.86	1.83	14.100788	17.566898	15.857644	0.555437
3.87	21.48	8.94	8.94	2.86	1.83	14.098854	17.565579	15.856002	0.555439
3.88	21.48	8.94	8.94	2.86	1.83	14.096920	17.564261	15.854360	0.555440
3.88	21.48	8.94	8.94	2.86	1.83	14.094987	17.562943	15.852719	0.555442
3.88	21.48	8.94	8.94	2.86	1.83	14.093055	17.561626	15.851078	0.555443
3.88	21.48	8.94	8.94	2.86	1.83	14.091124	17.560309	15.849438	0.555445
3.89	21.48	8.93	8.93	2.86	1.83	14.089194	17.558992	15.847798	0.555446
3.89	21.48	8.93	8.93	2.86	1.83	14.087264	17.557676	15.846159	0.555448
3.89	21.48	8.93	8.93	2.86	1.83	14.085336	17.556360	15.844521	0.555449
3.89	21.48	8.93	8.93	2.86	1.83	14.083408	17.555044	15.842883	0.555451
3.90	21.48	8.93	8.93	2.86	1.83	14.081481	17.553729	15.841246	0.555453
3.90	21.48	8.93	8.93	2.86	1.83	14.079555	17.552414	15.839609	0.555454
3.90	21.48	8.92	8.92	2.86	1.83	14.077630	17.551099	15.837973	0.555456
3.91	21.48	8.92	8.92	2.86	1.83	14.075706	17.549785	15.836338	0.555457
3.91	21.48	8.92	8.92	2.86	1.83	14.073782	17.548471	15.834703	0.555459
3.91	21.48	8.92	8.92	2.86	1.83	14.071860	17.547158	15.833069	0.555460
3.91	21.48	8.92	8.92	2.86	1.83	14.069938	17.545844	15.831435	0.555462
3.92	21.48	8.91	8.91	2.86	1.83	14.068017	17.544532	15.829802	0.555463
3.92	21.48	8.91	8.91	2.86	1.83	14.066097	17.543219	15.828170	0.555465
3.92	21.48	8.91	8.91	2.86	1.83	14.064178	17.541907	15.826538	0.555466
3.92	21.48	8.91	8.91	2.86	1.83	14.062259	17.540595	15.824907	0.555468
3.93	21.48	8.91	8.91	2.86	1.83	14.060342	17.539284	15.823276	0.555469
3.93	21.48	8.90	8.90	2.86	1.83	14.058425	17.537973	15.821646	0.555471
3.93	21.48	8.90	8.90	2.86	1.83	14.056509	17.536662	15.820016	0.555473
3.94	21.48	8.90	8.90	2.86	1.83	14.054594	17.535352	15.818387	0.555474
3.94	21.48	8.90	8.90	2.86	1.83	14.052680	17.534041	15.816759	0.555476
3.94	21.48	8.90	8.90	2.86	1.83	14.050767	17.532732	15.815131	0.555477
3.94	21.48	8.89	8.89	2.86	1.83	14.048855	17.531423	15.813504	0.555479
3.95	21.48	8.89	8.89	2.86	1.83	14.046943	17.530114	15.811878	0.555480
3.95	21.48	8.89	8.89	2.86	1.83	14.045032	17.528805	15.810252	0.555482
3.95	21.48	8.89	8.89	2.86	1.83	14.043123	17.527497	15.808627	0.555483
3.96	21.48	8.89	8.89	2.86	1.83	14.041214	17.526189	15.807002	0.555485
3.96	21.48	8.89	8.89	2.86	1.83	14.039306	17.524881	15.805378	0.555486
3.96	21.48	8.88	8.88	2.86	1.83	14.037398	17.523574	15.803754	0.555488
3.96	21.48	8.88	8.88	2.86	1.83	14.035492	17.522267	15.802131	0.555489
3.97	21.48	8.88	8.88	2.86	1.83	14.033587	17.520961	15.800509	0.555491
3.97	21.48	8.88	8.88	2.86	1.83	14.031682	17.519655	15.798887	0.555492
3.97	21.48	8.88	8.88	2.86	1.83	14.029778	17.518349	15.797266	0.555494
3.98	21.48	8.87	8.87	2.86	1.83	14.027875	17.517044	15.795646	0.555495
3.98	21.48	8.87	8.87	2.86	1.83	14.025973	17.515739	15.794026	0.555496
3.98	21.48	8.87	8.87	2.86	1.83	14.024072	17.514434	15.792407	0.555498
3.98	21.48	8.87	8.87	2.86	1.83	14.022172	17.513130	15.790788	0.555499
3.99	21.48	8.87	8.87	2.86	1.83	14.020272	17.511826	15.789170	0.555501
3.99	21.48	8.86	8.86	2.85	1.83	14.018374	17.510522	15.787552	0.555502
3.99	21.48	8.86	8.86	2.85	1.83	14.016476	17.509219	15.785936	0.555504
3.99	21.48	8.86	8.86	2.85	1.83	14.014579	17.507916	15.784319	0.555505
4.00	21.48	8.86	8.86	2.85	1.83	14.012683	17.506614	15.782704	0.555507
4.00	21.48	8.86	8.86	2.85	1.83	14.010788	17.505312	15.781089	0.555508
4.00	21.48	8.86	8.86	2.85	1.83	14.008894	17.504010	15.779474	0.555510
4.01	21.48	8.85	8.85	2.85	1.83	14.007001	17.502709	15.777860	0.555511
4.01	21.48	8.85	8.85	2.85	1.83	14.005108	17.501408	15.776247	0.555513
4.01	21.48	8.85	8.85	2.85	1.83	14.003217	17.500107	15.774635	0.555514
4.01	21.48	8.85	8.85	2.85	1.83	14.001326	17.498807	15.773023	0.555515
4.02	21.48	8.85	8.85	2.85	1.83	13.999436	17.497507	15.771411	0.555517
4.02	21.48	8.84	8.84	2.85	1.83	13.997547	17.496207	15.769800	0.555518
4.02	21.48	8.84	8.84	2.85	1.83	13.995659	17.494908	15.768190	0.555520
4.03	21.48	8.84	8.84	2.85	1.83	13.993772	17.493609	15.766581	0.555521
4.03	21.48	8.84	8.84	2.85	1.83	13.991885	17.492311	15.764972	0.555523
4.03	21.48	8.84	8.84	2.85	1.83	13.990000	17.491013	15.763363	0.555524
4.03	21.48	8.83	8.83	2.85	1.83	13.988115	17.489715	15.761756	0.555526
4.04	21.48	8.83	8.83	2.85	1.83	13.986231	17.488418	15.760149	0.555527
4.04	21.48	8.83	8.83	2.85	1.83	13.984349	17.487121	15.758542	0.555528
4.04	21.48	8.83	8.83	2.85	1.83	13.982467	17.485824	15.756936	0.555530
4.04	21.48	8.83	8.83	2.85	1.83	13.980585	17.484528	15.755331	0.555531
4.05	21.48	8.83	8.83	2.85	1.83	13.978705	17.483232	15.753726	0.555533
4.05	21.48	8.82	8.82	2.85	1.83	13.976826	17.481937	15.752122	0.555534
4.05	21.48	8.82	8.82	2.85	1.83	13.974947	17.480642	15.750519	0.555535
4.06	21.48	8.82	8.82	2.85	1.83	13.973070	17.479347	15.748916	0.555537
4.06	21.48	8.82	8.82	2.85	1.83	13.971193	17.478052	15.747314	0.555538
4.06	21.48	8.82	8.82	2.85	1.83	13.969317	17.476759	15.745712	0.555540
4.06	21.48	8.81	8.81	2.85	1.83	13.967442	17.475465	15.744112	0.555541
4.07	21.48	8.81	8.81	2.85	1.83	13.965568	17.474172	15.742511	0.555542
4.07	21.48	8.81	8.81	2.85	1.83	13.963695	17.472879	15.740912	0.555544
4.07	21.48	8.81	8.81	2.85	1.83	13.961823	17.471586	15.739313	0.555545
4.08	21.48	8.81	8.81	2.85	1.83	13.959952	17.470294	15.737714	0.555547
4.08	21.48	8.81	8.81	2.85	1.83	13.958081	17.469002	15.736116	0.555548
4.08	21.48	8.80	8.80	2.85	1.83	13.956211	17.467711	15.734519	0.555549
4.08	21.48	8.80	8.80	2.85	1.83	13.954343	17.466420	15.732922	0.555551
4.09	21.48	8.80	8.80	2.85	1.83	13.952475	17.465130	15.731327	0.555552
4.09	21.48	8.80	8.80	2.85	1.83	13.950608	17.463839	15.729731	0.555554
4.09	21.48	8.80	8.80	2.85	1.83	13.948742	17.462549	15.728136	0.555555
4.09	21.48	8.79	8.79	2.85	1.83	13.946877	17.461260	15.726542	0.555556
4.10	21.48	8.79	8.79	2.85	1.83	13.945012	17.459971	15.724949	0.555558
4.10	21.48	8.79	8.79	2.85	1.83	13.943149	17.458682	15.723356	0.555559
4.10	21.48	8.79	8.79	2.85	1.83	13.941286	17.457394	15.721764	0.555560
4.11	21.48	8.79	8.79	2.85	1.83	13.939425	17.456106	15.720172	0.555562
4.11	21.48	8.79	8.79	2.85	1.83	13.937564	17.454818	15.718581	0.555563
4.11	21.48	8.78	8.78	2.85	1.83	13.935704	17.453531	15.716991	0.555565
4.11	21.48	8.78	8.78	2.85	1.83	13.933845	17.452244	15.715401	0.555566
4.12	21.48	8.78	8.78	2.85	1.83	13.931987	17.450958	15.713812	0.555567
4.12	21.48	8.78	8.78	2.85	1.83	13.930130	17.449672	15.712224	0.555569
4.12	21.48	8.78	8.78	2.85	1.83	13.928274	17.448386	15.710636	0.555570
4.12	21.48	8.78	8.78	2.85	1.83	13.926419	17.447101	15.709049	0.555571
4.13	21.48	8.77	8.77	2.85	1.83	13.924564	17.445816	15.707462	0.555573
4.13	21.48	8.77	8.77	2.85	1.83	13.922711	17.444532	15.705876	0.555574
4.13	21.48	8.77	8.77	2.85	1.83	13.920858	17.443247	15.704291	0.555575
4.14	21.48	8.77	8.77	2.85	1.83	13.919006	17.441964	15.702707	0.555577
4.14	21.48	8.77	8.77	2.85	1.83	13.917155	17.440680	15.701122	0.555578
4.14	21.48	8.76	8.76	2.85	1.84	13.915305	17.439397	15.699539	0.555579
4.14	21.48	8.76	8.76	2.85	1.84	13.913456	17.438115	15.697956	0.555581
4.15	21.48	8.76	8.76	2.85	1.84	13.911608	17.436833	15.696374	0.555582
4.15	21.48	8.76	8.76	2.85	1.84	13.909761	17.435551	15.694793	0.555583
4.15	21.48	8.76	8.76	2.85	1.84	13.907914	17.434269	15.693212	0.555585
4.16	21.48	8.76	8.76	2.85	1.84	13.906069	17.432988	15.691632	0.555586
4.16	21.48	8.75	8.75	2.85	1.84	13.904224	17.431708	15.690052	0.555587
4.16	21.48	8.75	8.75	2.85	1.84	13.902381	17.430427	15.688473	0.555589
4.16	21.48	8.75	8.75	2.85	1.84	13.900538	17.429147	15.686895	0.555590
4.17	21.48	8.75	8.75	2.85	1.84	13.898696	17.427868	15.685317	0.555591
4.17	21.48	8.75	8.75	2.85	1.84	13.896855	17.426589	15.683740	0.555593
4.17	21.48	8.75	8.75	2.85	1.84	13.895015	17.425310	15.682164	0.555594
4.17	21.48	8.74	8.74	2.85	1.84	13.893176	17.424032	15.680588	0.555595
4.18	21.48	8.74	8.74	2.85	1.84	13.891338	17.422754	15.679013	0.555596
4.18	21.48	8.74	8.74	2.85	1.84	13.889501	17.421476	15.677438	0.555598
4.18	21.48	8.74	8.74	2.85	1.84	13.887664	17.420199	15.675865	0.555599
4.19	21.48	8.74	8.74	2.85	1.84	13.885829	17.418922	15.674291	0.555600
4.19	21.48	8.73	8.73	2.85	1.84	13.883994	17.417646	15.672719	0.555602
4.19	21.48	8.73	8.73	2.85	1.84	13.882160	17.416370	15.671147	0.555603
4.19	21.48	8.73	8.73	2.85	1.84	13.880328	17.415095	15.669576	0.555604
4.20	21.48	8.73	8.73	2.85	1.84	13.878496	17.413819	15.668005	0.555605
4.20	21.48	8.73	8.73	2.85	1.84	13.876665	17.412545	15.666435	0.555607
4.20	21.48	8.73	8.73	2.85	1.84	13.874835	17.411270	15.664866	0.555608
4.21	21.48	8.72	8.72	2.85	1.84	13.873006	17.409996	15.663297	0.555609
4.21	21.48	8.72	8.72	2.85	1.84	13.871177	17.408723	15.661729	0.555611
4.21	21.48	8.72	8.72	2.85	1.84	13.869350	17.407449	15.660162	0.555612
4.21	21.48	8.72	8.72	2.85	1.84	13.867524	17.406177	15.658595	0.555613
4.22	21.48	8.72	8.72	2.85	1.84	13.865698	17.404904	15.657029	0.555614
4.22	21.48	8.72	8.72	2.85	1.84	13.863874	17.403632	15.655463	0.555616
4.22	21.48	8.71	8.71	2.85	1.84	13.862050	17.402360	15.653899	0.555617
4.22	21.48	8.71	8.71	2.85	1.84	13.860227	17.401089	15.652334	0.555618
4.23	21.48	8.71	8.71	2.85	1.84	13.858406	17.399818	15.650771	0.555619
4.23	21.48	8.71	8.71	2.85	1.84	13.856585	17.398548	15.649208	0.555621
4.23	21.48	8.71	8.71	2.85	1.84	13.854765	17.397278	15.647646	0.555622
4.24	21.48	8.71	8.71	2.85	1.84	13.852946	17.396008	15.646084	0.555623
4.24	21.48	8.70	8.70	2.85	1.84	13.851128	17.394739	15.644523	0.555624
4.24	21.48	8.70	8.70	2.85	1.84	13.849310	17.393470	15.642963	0.555626
4.24	21.48	8.70	8.70	2.85	1.84	13.847494	17.392202	15.641404	0.555627
4.25	21.48	8.70	8.70	2.85	1.84	13.845679	17.390934	15.639845	0.555628
4.25	21.48	8.70	8.70	2.85	1.84	13.843864	17.389666	15.638286	0.555629
4.25	21.48	8.70	8.70	2.85	1.84	13.842051	17.388399	15.636729	0.555631
4.26	21.48	8.69	8.69	2.85	1.84	13.840238	17.387132	15.635172	0.555632
4.26	21.48	8.69	8.69	2.85	1.84	13.838426	17.385866	15.633615	0.555633
4.26	21.48	8.69	8.69	2.85	1.84	13.836616	17.384600	15.632060	0.555634
4.26	21.48	8.69	8.69	2.85	1.84	13.834806	17.383334	15.630505	0.555636
4.27	21.48	8.69	8.69	2.85	1.84	13.832997	17.382069	15.628950	0.555637
4.27	21.48	8.69	8.69	2.85	1.84	13.831189	17.380804	15.627396	0.555638
4.27	21.48	8.68	8.68	2.85	1.84	13.829382	17.379539	15.625843	0.555639
4.28	21.48	8.68	8.68	2.85	1.84	13.827576	17.378275	15.624291	0.555640
4.28	21.48	8.68	8.68	2.85	1.84	13.825771	17.377012	15.622739	0.555642
4.28	21.48	8.68	8.68	2.85	1.84	13.823966	17.375749	15.621188	0.555643
4.28	21.48	8.68	8.68	2.85	1.84	13.822163	17.374486	15.619638	0.555644
4.29	21.48	8.68	8.68	2.85	1.84	13.820361	17.373223	15.618088	0.555645
4.29	21.48	8.67	8.67	2.85	1.84	13.818559	17.371961	15.616539	0.555646
4.29	21.48	8.67	8.67	2.85	1.84	13.816759	17.370700	15.614990	0.555648
4.29	21.48	8.67	8.67	2.85	1.84	13.814959	17.369439	15.613443	0.555649
4.30	21.48	8.67	8.67	2.85	1.84	13.813160	17.368178	15.611895	0.555650
4.30	21.48	8.67	8.67	2.85	1.84	13.811363	17.366918	15.610349	0.555651
4.30	21.48	8.67	8.67	2.85	1.84	13.809566	17.365658	15.608803	0.555652
4.31	21.48	8.66	8.66	2.85	1.84	13.807770	17.364398	15.607258	0.555654
4.31	21.48	8.66	8.66	2.85	1.84	13.805975	17.363139	15.605713	0.555655
4.31	21.48	8.66	8.66	2.85	1.84	13.804181	17.361880	15.604170	0.555656
4.31	21.48	8.66	8.66	2.85	1.84	13.802388	17.360622	15.602626	0.555657
4.32	21.48	8.66	8.66	2.85	1.84	13.800596	17.359364	15.601084	0.555658
4.32	21.48	8.66	8.66	2.85	1.84	13.798804	17.358107	15.599542	0.555659
4.32	21.48	8.65	8.65	2.85	1.84	13.797014	17.356850	15.598001	0.555661
4.33	21.48	8.65	8.65	2.85	1.84	13.795225	17.355593	15.596460	0.555662
4.33	21.48	8.65	8.65	2.85	1.84	13.793436	17.354337	15.594921	0.555663
4.33	21.48	8.65	8.65	2.85	1.84	13.791649	17.353081	15.593381	0.555664
4.33	21.48	8.65	8.65	2.85	1.84	13.789862	17.351825	15.591843	0.555665
4.34	21.48	8.65	8.65	2.85	1.84	13.788077	17.350570	15.590305	0.555667
4.34	21.48	8.64	8.64	2.85	1.84	13.786292	17.349316	15.588768	0.555668
4.34	21.48	8.64	8.64	2.85	1.84	13.784509	17.348062	15.587231	0.555669
4.34	21.48	8.64	8.64	2.85	1.84	13.782726	17.346808	15.585696	0.555670
4.35	21.48	8.64	8.64	2.85	1.84	13.780944	17.345554	15.584160	0.555671
4.35	21.48	8.64	8.64	2.85	1.84	13.779163	17.344301	15.582626	0.555672
4.35	21.48	8.64	8.64	2.85	1.84	13.777383	17.343049	15.581092	0.555673
4.36	21.48	8.63	8.63	2.85	1.84	13.775604	17.341797	15.579559	0.555675
4.36	21.48	8.63	8.63	2.85	1.84	13.773826	17.340545	15.578027	0.555676
4.36	21.48	8.63	8.63	2.85	1.84	13.772049	17.339294	15.576495	0.555677
4.36	21.48	8.63	8.63	2.85	1.84	13.770273	17.338043	15.574964	0.555678
4.37	21.48	8.63	8.63	2.85	1.84	13.768498	17.336792	15.573433	0.555679
4.37	21.48	8.63	8.63	2.85	1.84	13.766723	17.335542	15.571903	0.555680
4.37	21.48	8.62	8.62	2.85	1.84	13.764950	17.334293	15.570374	0.555681
4.38	21.48	8.62	8.62	2.85	1.84	13.763178	17.333044	15.568846	0.555683
4.38	21.48	8.62	8.62	2.85	1.84	13.761406	17.331795	15.567318	0.555684
4.38	21.48	8.62	8.62	2.85	1.84	13.759636	17.330547	15.565791	0.555685
4.38	21.48	8.62	8.62	2.85	1.84	13.757866	17.329299	15.564264	0.555686
4.39	21.48	8.62	8.62	2.85	1.84	13.756098	17.328051	15.562739	0.555687
4.39	21.48	8.61	8.61	2.85	1.84	13.754330	17.326804	15.561214	0.555688
4.39	21.48	8.61	8.61	2.85	1.84	13.752563	17.325557	15.559689	0.555689
4.39	21.48	8.61	8.61	2.85	1.84	13.750798	17.324311	15.558166	0.555690
4.40	21.48	8.61	8.61	2.85	1.84	13.749033	17.323065	15.556643	0.555691
4.40	21.48	8.61	8.61	2.85	1.84	13.747269	17.321820	15.555120	0.555693
4.40	21.48	8.61	8.61	2.85	1.84	13.745506	17.320575	15.553598	0.555694
4.41	21.48	8.61	8.61	2.85	1.84	13.743744	17.319330	15.552077	0.555695
4.41	21.48	8.60	8.60	2.85	1.84	13.741983	17.318086	15.550557	0.555696
4.41	21.48	8.60	8.60	2.85	1.84	13.740223	17.316842	15.549038	0.555697
4.41	21.48	8.60	8.60	2.85	1.84	13.738464	17.315599	15.547519	0.555698
4.42	21.48	8.60	8.60	2.85	1.84	13.736706	17.314356	15.546000	0.555699
4.42	21.48	8.60	8.60	2.85	1.84	13.734949	17.313114	15.544483	0.555700
4.42	21.48	8.60	8.60	2.85	1.84	13.733193	17.311872	15.542966	0.555701
4.42	21.48	8.59	8.59	2.85	1.84	13.731437	17.310630	15.541450	0.555702
4.43	21.48	8.59	8.59	2.85	1.84	13.729683	17.309389	15.539934	0.555703
4.43	21.48	8.59	8.59	2.85	1.84	13.727930	17.308148	15.538419	0.555705
4.43	21.48	8.59	8.59	2.85	1.84	13.726177	17.306908	15.536905	0.555706
4.44	21.48	8.59	8.59	2.85	1.84	13.724426	17.305668	15.535391	0.555707
4.44	21.48	8.59	8.59	2.85	1.84	13.722676	17.304429	15.533879	0.555708
4.44	21.48	8.58	8.58	2.85	1.84	13.720926	17.303190	15.532367	0.555709
4.44	21.48	8.58	8.58	2.85	1.84	13.719178	17.301951	15.530855	0.555710
4.45	21.48	8.58	8.58	2.85	1.84	13.717430	17.300713	15.529344	0.555711
4.45	21.48	8.58	8.58	2.85	1.84	13.715683	17.299475	15.527834	0.555712
4.45	21.48	8.58	8.58	2.85	1.84	13.713938	17.298238	15.526325	0.555713
4.46	21.48	8.58	8.58	2.85	1.84	13.712193	17.297001	15.524816	0.555714
4.46	21.48	8.58	8.58	2.85	1.84	13.710449	17.295765	15.523308	0.555715
4.46	21.48	8.57	8.57	2.85	1.84	13.708707	17.294529	15.521801	0.555716
4.46	21.48	8.57	8.57	2.85	1.84	13.706965	17.293293	15.520294	0.555717
4.47	21.48	8.57	8.57	2.85	1.84	13.705224	17.292058	15.518788	0.555718
4.47	21.48	8.57	8.57	2.85	1.84	13.703484	17.290823	15.517283	0.555719
4.47	21.48	8.57	8.57	2.85	1.84	13.701745	17.289589	15.515779	0.555720
4.47	21.48	8.57	8.57	2.85	1.84	13.700007	17.288355	15.514275	0.555722
4.48	21.48	8.56	8.56	2.85	1.84	13.698270	17.287121	15.512772	0.555723
4.48	21.48	8.56	8.56	2.85	1.84	13.696534	17.285888	15.511269	0.555724
4.48	21.48	8.56	8.56	2.85	1.84	13.694799	17.284656	15.509767	0.555725
4.49	21.48	8.56	8.56	2.85	1.84	13.693065	17.283424	15.508266	0.555726
4.49	21.48	8.56	8.56	2.85	1.84	13.691332	17.282192	15.506766	0.555727
4.49	21.48	8.56	8.56	2.85	1.84	13.689600	17.280961	15.505266	0.555728
4.49	21.48	8.56	8.56	2.85	1.84	13.687869	17.279730	15.503767	0.555729
4.50	21.48	8.55	8.55	2.85	1.84	13.686139	17.278500	15.502269	0.555730
4.50	21.48	8.55	8.55	2.85	1.84	13.684410	17.277270	15.500771	0.555731
4.50	21.48	8.55	8.55	2.85	1.84	13.682681	17.276040	15.499274	0.555732
4.51	21.48	8.55	8.55	2.85	1.84	13.680954	17.274811	15.497778	0.555733
4.51	21.48	8.55	8.55	2.85	1.84	13.679228	17.273582	15.496283	0.555734
4.51	21.48	8.55	8.55	2.85	1.85	13.677503	17.272354	15.494788	0.555735
4.51	21.48	8.54	8.54	2.85	1.85	13.675778	17.271126	15.493294	0.555736
4.52	21.48	8.54	8.54	2.85	1.85	13.674055	17.269899	15.491800	0.555737
4.52	21.48	8.54	8.54	2.85	1.85	13.672333	17.268672	15.490307	0.555738
4.52	21.48	8.54	8.54	2.85	1.85	13.670611	17.267446	15.488815	0.555739
4.53	21.48	8.54	8.54	2.85	1.85	13.668891	17.266220	15.487324	0.555740
4.53	21.48	8.54	8.54	2.85	1.85	13.667171	17.264994	15.485833	0.555741
4.53	21.48	8.54	8.54	2.85	1.85	13.665453	17.263769	15.484343	0.555742
4.53	21.48	8.53	8.53	2.85	1.85	13.663735	17.262544	15.482854	0.555743
4.54	21.48	8.53	8.53	2.85	1.85	13.662019	17.261320	15.481366	0.555744
4.54	21.48	8.53	8.53	2.85	1.85	13.660303	17.260096	15.479878	0.555745
4.54	21.48	8.53	8.53	2.85	1.85	13.658589	17.258873	15.478391	0.555746
4.54	21.48	8.53	8.53	2.85	1.85	13.656875	17.257650	15.476904	0.555747
4.55	21.48	8.53	8.53	2.85	1.85	13.655162	17.256428	15.475419	0.555748
4.55	21.48	8.53	8.53	2.85	1.85	13.653451	17.255206	15.473934	0.555749
4.55	21.48	8.52	8.52	2.85	1.85	13.651740	17.253984	15.472449	0.555750
4.56	21.48	8.52	8.52	2.85	1.85	13.650031	17.252763	15.470966	0.555751
4.56	21.48	8.52	8.52	2.85	1.85	13.648322	17.251542	15.469483	0.555752
4.56	21.48	8.52	8.52	2.85	1.85	13.646614	17.250322	15.468001	0.555753
4.56	21.48	8.52	8.52	2.85	1.85	13.644908	17.249102	15.466519	0.555754
4.57	21.48	8.52	8.52	2.85	1.85	13.643202	17.247883	15.465038	0.555755
4.57	21.48	8.52	8.52	2.85	1.85	13.641497	17.246664	15.463558	0.555755
4.57	21.48	8.51	8.51	2.85	1.85	13.639793	17.245445	15.462079	0.555756
4.58	21.48	8.51	8.51	2.85	1.85	13.638091	17.244227	15.460600	0.555757
4.58	21.48	8.51	8.51	2.85	1.85	13.636389	17.243010	15.459122	0.555758
4.58	21.48	8.51	8.51	2.85	1.85	13.634688	17.241793	15.457645	0.555759
4.58	21.48	8.51	8.51	2.85	1.85	13.632988	17.240576	15.456168	0.555760
4.59	21.48	8.51	8.51	2.85	1.85	13.631289	17.239360	15.454693	0.555761
4.59	21.48	8.50	8.50	2.85	1.85	13.629592	17.238144	15.453217	0.555762
4.59	21.48	8.50	8.50	2.85	1.85	13.627895	17.236929	15.451743	0.555763
4.59	21.48	8.50	8.50	2.85	1.85	13.626199	17.235714	15.450269	0.555764
4.60	21.48	8.50	8.50	2.85	1.85	13.624504	17.234499	15.448796	0.555765
4.60	21.48	8.50	8.50	2.85	1.85	13.622810	17.233285	15.447324	0.555766
4.60	21.48	8.50	8.50	2.84	1.85	13.621117	17.232072	15.445853	0.555767
4.61	21.48	8.50	8.50	2.84	1.85	13.619425	17.230859	15.444382	0.555768
4.61	21.48	8.49	8.49	2.84	1.85	13.617735	17.229646	15.442912	0.555769
4.61	21.48	8.49	8.49	2.84	1.85	13.616045	17.228434	15.441442	0.555770
4.61	21.48	8.49	8.49	2.84	1.85	13.614356	17.227222	15.439973	0.555771
4.62	21.48	8.49	8.49	2.84	1.85	13.612668	17.226011	15.438505	0.555771
4.62	21.48	8.49	8.49	2.84	1.85	13.610981	17.224800	15.437038	0.555772
4.62	21.48	8.49	8.49	2.84	1.85	13.609295	17.223590	15.435572	0.555773
4.62	21.48	8.49	8.49	2.84	1.85	13.607610	17.222380	15.434106	0.555774
4.63	21.48	8.48	8.48	2.84	1.85	13.605926	17.221170	15.432641	0.555775
4.63	21.48	8.48	8.48	2.84	1.85	13.604243	17.219961	15.431176	0.555776
4.63	21.48	8.48	8.48	2.84	1.85	13.602561	17.218753	15.429713	0.555777
4.64	21.48	8.48	8.48	2.84	1.85	13.600880	17.217544	15.428250	0.555778
4.64	21.48	8.48	8.48	2.84	1.85	13.599201	17.216337	15.426787	0.555779
4.64	21.48	8.48	8.48	2.84	1.85	13.597522	17.215130	15.425326	0.555780
4.64	21.48	8.48	8.48	2.84	1.85	13.595844	17.213923	15.423865	0.555781
4.65	21.48	8.47	8.47	2.84	1.85	13.594167	17.212717	15.422405	0.555781
4.65	21.48	8.47	8.47	2.84	1.85	13.592491	17.211511	15.420946	0.555782
4.65	21.48	8.47	8.47	2.84	1.85	13.590816	17.210305	15.419487	0.555783
4.66	21.48	8.47	8.47	2.84	1.85	13.589142	17.209100	15.418029	0.555784
4.66	21.48	8.47	8.47	2.84	1.85	13.587469	17.207896	15.416572	0.555785
4.66	21.48	8.47	8.47	2.84	1.85	13.585797	17.206692	15.415115	0.555786
4.66	21.48	8.47	8.47	2.84	1.85	13.584126	17.205489	15.413660	0.555787
4.67	21.48	8.46	8.46	2.84	1.85	13.582456	17.204285	15.412205	0.555788
4.67	21.48	8.46	8.46	2.84	1.85	13.580787	17.203083	15.410750	0.555788
4.67	21.48	8.46	8.46	2.84	1.85	13.579119	17.201881	15.409297	0.555789
4.67	21.48	8.46	8.46	2.84	1.85	13.577452	17.200679	15.407844	0.555790
4.68	21.48	8.46	8.46	2.84	1.85	13.575787	17.199478	15.406392	0.555791
4.68	21.48	8.46	8.46	2.84	1.85	13.574122	17.198277	15.404940	0.555792
4.68	21.48	8.46	8.46	2.84	1.85	13.572458	17.197077	15.403489	0.555793
4.69	21.48	8.46	8.46	2.84	1.85	13.570795	17.195877	15.402040	0.555794
4.69	21.48	8.45	8.45	2.84	1.85	13.569133	17.194677	15.400590	0.555795
4.69	21.48	8.45	8.45	2.84	1.85	13.567472	17.193478	15.399142	0.555795
4.69	21.48	8.45	8.45	2.84	1.85	13.565812	17.192280	15.397694	0.555796
4.70	21.48	8.45	8.45	2.84	1.85	13.564153	17.191082	15.396247	0.555797
4.70	21.48	8.45	8.45	2.84	1.85	13.562496	17.189884	15.394801	0.555798
4.70	21.48	8.45	8.45	2.84	1.85	13.560839	17.188687	15.393355	0.555799
4.71	21.48	8.45	8.45	2.84	1.85	13.559183	17.187491	15.391910	0.555800
4.71	21.48	8.44	8.44	2.84	1.85	13.557528	17.186295	15.390466	0.555801
4.71	21.48	8.44	8.44	2.84	1.85	13.555874	17.185099	15.389023	0.555801
4.71	21.48	8.44	8.44	2.84	1.85	13.554222	17.183904	15.387580	0.555802
4.72	21.48	8.44	8.44	2.84	1.85	13.552570	17.182709	15.386138	0.555803
4.72	21.48	8.44	8.44	2.84	1.85	13.550919	17.181515	15.384697	0.555804
4.72	21.48	8.44	8.44	2.84	1.85	13.549269	17.180321	15.383256	0.555805
4.72	21.48	8.44	8.44	2.84	1.85	13.547621	17.179128	15.381817	0.555806
4.73	21.48	8.43	8.43	2.84	1.85	13.545973	17.177935	15.380378	0.555806
4.73	21.48	8.43	8.43	2.84	1.85	13.544326	17.176742	15.378939	0.555807
4.73	21.48	8.43	8.43	2.84	1.85	13.542681	17.175550	15.377502	0.555808
4.74	21.48	8.43	8.43	2.84	1.85	13.541036	17.174359	15.376065	0.555809
4.74	21.48	8.43	8.43	2.84	1.85	13.539392	17.173168	15.374629	0.555810
4.74	21.48	8.43	8.43	2.84	1.85	13.537750	17.171977	15.373193	0.555810
4.74	21.48	8.43	8.43	2.84	1.85	13.536108	17.170787	15.371759	0.555811
4.75	21.48	8.43	8.43	2.84	1.85	13.534467	17.169598	15.370325	0.555812
4.75	21.48	8.42	8.42	2.84	1.85	13.532828	17.168408	15.368892	0.555813
4.75	21.48	8.42	8.42	2.84	1.85	13.531189	17.167220	15.367459	0.555814
4.76	21.48	8.42	8.42	2.84	1.85	13.529552	17.166032	15.366028	0.555814
4.76	21.48	8.42	8.42	2.84	1.85	13.527915	17.164844	15.364597	0.555815
4.76	21.48	8.42	8.42	2.84	1.85	13.526280	17.163657	15.363167	0.555816
4.76	21.48	8.42	8.42	2.84	1.85	13.524645	17.162470	15.361737	0.555817
4.77	21.48	8.42	8.42	2.84	1.85	13.523012	17.161284	15.360309	0.555818
4.77	21.48	8.41	8.41	2.84	1.85	13.521379	17.160098	15.358881	0.555818
4.77	21.48	8.41	8.41	2.84	1.85	13.519748	17.158912	15.357453	0.555819
4.78	21.48	8.41	8.41	2.84	1.85	13.518118	17.157728	15.356027	0.555820
4.78	21.48	8.41	8.41	2.84	1.85	13.516488	17.156543	15.354601	0.555821
4.78	21.48	8.41	8.41	2.84	1.85	13.514860	17.155359	15.353176	0.555822
4.78	21.48	8.41	8.41	2.84	1.85	13.513233	17.154176	15.351752	0.555822
4.79	21.48	8.41	8.41	2.84	1.85	13.511606	17.152993	15.350328	0.555823
4.79	21.48	8.41	8.41	2.84	1.85	13.509981	17.151810	15.348906	0.555824
4.79	21.48	8.40	8.40	2.84	1.85	13.508357	17.150628	15.347484	0.555825
4.79	21.48	8.40	8.40	2.84	1.85	13.506734	17.149447	15.346062	0.555825
4.80	21.48	8.40	8.40	2.84	1.85	13.505111	17.148266	15.344642	0.555826
4.80	21.48	8.40	8.40	2.84	1.85	13.503490	17.147085	15.343222	0.555827
4.80	21.48	8.40	8.40	2.84	1.85	13.501870	17.145905	15.341803	0.555828
4.81	21.48	8.40	8.40	2.84	1.85	13.500251	17.144725	15.340385	0.555829
4.81	21.48	8.40	8.40	2.84	1.85	13.498633	17.143546	15.338967	0.555829
4.81	21.48	8.39	8.39	2.84	1.85	13.497016	17.142367	15.337550	0.555830
4.81	21.48	8.39	8.39	2.84	1.85	13.495400	17.141189	15.336134	0.555831
4.82	21.48	8.39	8.39	2.84	1.85	13.493785	17.140011	15.334719	0.555832
4.82	21.48	8.39	8.39	2.84	1.85	13.492171	17.138834	15.333304	0.555832
4.82	21.48	8.39	8.39	2.84	1.85	13.490558	17.137657	15.331891	0.555833
4.83	21.48	8.39	8.39	2.84	1.85	13.488946	17.136481	15.330477	0.555834
4.83	21.48	8.39	8.39	2.84	1.85	13.487336	17.135305	15.329065	0.555835
4.83	21.48	8.39	8.39	2.84	1.85	13.485726	17.134130	15.327654	0.555835
4.83	21.48	8.38	8.38	2.84	1.85	13.484117	17.132955	15.326243	0.555836
4.84	21.48	8.38	8.38	2.84	1.85	13.482509	17.131781	15.324833	0.555837
4.84	21.48	8.38	8.38	2.84	1.85	13.480903	17.130607	15.323423	0.555838
4.84	21.48	8.38	8.38	2.84	1.85	13.479297	17.129434	15.322015	0.555838
4.84	21.48	8.38	8.38	2.84	1.85	13.477692	17.128261	15.320607	0.555839
4.85	21.48	8.38	8.38	2.84	1.85	13.476089	17.127088	15.319200	0.555840
4.85	21.48	8.38	8.38	2.84	1.85	13.474486	17.125916	15.317794	0.555840
4.85	21.48	8.38	8.38	2.84	1.85	13.472885	17.124745	15.316388	0.555841
4.86	21.48	8.37	8.37	2.84	1.85	13.471284	17.123574	15.314983	0.555842
4.86	21.48	8.37	8.37	2.84	1.85	13.469685	17.122403	15.313579	0.555843
4.86	21.48	8.37	8.37	2.84	1.85	13.468086	17.121233	15.312176	0.555843
4.86	21.48	8.37	8.37	2.84	1.85	13.466489	17.120064	15.310773	0.555844
4.87	21.48	8.37	8.37	2.84	1.85	13.464893	17.118895	15.309372	0.555845
4.87	21.48	8.37	8.37	2.84	1.85	13.463297	17.117726	15.307971	0.555845
4.87	21.48	8.37	8.37	2.84	1.85	13.461703	17.116558	15.306570	0.555846
4.88	21.48	8.37	8.37	2.84	1.85	13.460110	17.115391	15.305171	0.555847
4.88	21.48	8.36	8.36	2.84	1.85	13.458518	17.114223	15.303772	0.555848
4.88	21.48	8.36	8.36	2.84	1.85	13.456927	17.113057	15.302374	0.555848
4.88	21.48	8.36	8.36	2.84	1.85	13.455337	17.111891	15.300977	0.555849
4.89	21.48	8.36	8.36	2.84	1.85	13.453748	17.110725	15.299580	0.555850
4.89	21.48	8.36	8.36	2.84	1.85	13.452160	17.109560	15.298185	0.555850
4.89	21.48	8.36	8.36	2.84	1.85	13.450573	17.108395	15.296790	0.555851
4.89	21.48	8.36	8.36	2.84	1.85	13.448987	17.107231	15.295395	0.555852
4.90	21.48	8.36	8.36	2.84	1.85	13.447402	17.106067	15.294002	0.555852
4.90	21.48	8.35	8.35	2.84	1.85	13.445818	17.104904	15.292609	0.555853
4.90	21.48	8.35	8.35	2.84	1.85	13.444235	17.103742	15.291217	0.555854
4.91	21.48	8.35	8.35	2.84	1.85	13.442654	17.102579	15.289826	0.555854
4.91	21.48	8.35	8.35	2.84	1.85	13.441073	17.101418	15.288436	0.555855
4.91	21.48	8.35	8.35	2.84	1.85	13.439493	17.100256	15.287046	0.555856
4.91	21.48	8.35	8.35	2.84	1.85	13.437915	17.099096	15.285657	0.555856
4.92	21.48	8.35	8.35	2.84	1.85	13.436337	17.097936	15.284269	0.555857
4.92	21.48	8.35	8.35	2.84	1.85	13.434761	17.096776	15.282882	0.555858
4.92	21.48	8.34	8.34	2.84	1.85	13.433186	17.095617	15.281495	0.555858
4.92	21.48	8.34	8.34	2.84	1.85	13.431611	17.094458	15.280109	0.555859
4.93	21.48	8.34	8.34	2.84	1.85	13.430038	17.093300	15.278724	0.555860
4.93	21.48	8.34	8.34	2.84	1.85	13.428466	17.092142	15.277340	0.555860
4.93	21.48	8.34	8.34	2.84	1.85	13.426894	17.090985	15.275957	0.555861
4.94	21.48	8.34	8.34	2.84	1.85	13.425324	17.089828	15.274574	0.555862
4.94	21.48	8.34	8.34	2.84	1.85	13.423755	17.088671	15.273192	0.555862
4.94	21.48	8.34	8.34	2.84	1.85	13.422187	17.087516	15.271811	0.555863
4.94	21.48	8.33	8.33	2.84	1.85	13.420620	17.086360	15.270430	0.555864
4.95	21.48	8.33	8.33	2.84	1.85	13.419054	17.085206	15.269050	0.555864
4.95	21.48	8.33	8.33	2.84	1.85	13.417489	17.084051	15.267672	0.555865
4.95	21.48	8.33	8.33	2.84	1.86	13.415926	17.082898	15.266293	0.555866
4.96	21.48	8.33	8.33	2.84	1.86	13.414363	17.081744	15.264916	0.555866
4.96	21.48	8.33	8.33	2.84	1.86	13.412801	17.080591	15.263539	0.555867
4.96	21.48	8.33	8.33	2.84	1.86	13.411240	17.079439	15.262164	0.555868
4.96	21.48	8.33	8.33	2.84	1.86	13.409681	17.078287	15.260788	0.555868
4.97	21.48	8.33	8.33	2.84	1.86	13.408122	17.077136	15.259414	0.555869
4.97	21.48	8.32	8.32	2.84	1.86	13.406565	17.075985	15.258041	0.555869
4.97	21.48	8.32	8.32	2.84	1.86	13.405008	17.074835	15.256668	0.555870
4.97	21.48	8.32	8.32	2.84	1.86	13.403453	17.073685	15.255296	0.555871
4.98	21.48	8.32	8.32	2.84	1.86	13.401899	17.072536	15.253925	0.555871
4.98	21.48	8.32	8.32	2.84	1.86	13.400346	17.071387	15.252554	0.555872
4.98	21.48	8.32	8.32	2.84	1.86	13.398793	17.070239	15.251185	0.555873
4.99	21.48	8.32	8.32	2.84	1.86	13.397242	17.069091	15.249816	0.555873
4.99	21.48	8.32	8.32	2.84	1.86	13.395692	17.067944	15.248448	0.555874
4.99	21.48	8.31	8.31	2.84	1.86	13.394143	17.066797	15.247080	0.555874
4.99	21.48	8.31	8.31	2.84	1.86	13.392595	17.065651	15.245714	0.555875
5.00	21.48	8.31	8.31	2.84	1.86	13.391048	17.064505	15.244348	0.555876
5.00	21.48	8.31	8.31	2.84	1.86	13.389503	17.063360	15.242983	0.555876
5.00	21.48	8.31	8.31	2.84	1.86	13.387958	17.062215	15.241619	0.555877
5.01	21.48	8.31	8.31	2.84	1.86	13.386414	17.061070	15.240255	0.555877
5.01	21.48	8.31	8.31	2.84	1.86	13.384872	17.059927	15.238893	0.555878
5.01	21.48	8.31	8.31	2.84	1.86	13.383330	17.058783	15.237531	0.555879
5.01	21.48	8.31	8.31	2.84	1.86	13.381790	17.057641	15.236170	0.555879
5.02	21.48	8.30	8.30	2.84	1.86	13.380250	17.056498	15.234809	0.555880
5.02	21.48	8.30	8.30	2.84	1.86	13.378712	17.055357	15.233450	0.555880
5.02	21.48	8.30	8.30	2.84	1.86	13.377175	17.054215	15.232091	0.555881
5.03	21.48	8.30	8.30	2.84	1.86	13.375638	17.053075	15.230733	0.555881
5.03	21.48	8.30	8.30	2.84	1.86	13.374103	17.051934	15.229376	0.555882
5.03	21.48	8.30	8.30	2.84	1.86	13.372569	17.050795	15.228019	0.555883
5.03	21.48	8.30	8.30	2.84	1.86	13.371036	17.049656	15.226663	0.555883
5.04	21.48	8.30	8.30	2.84	1.86	13.369504	17.048517	15.225309	0.555884
5.04	21.48	8.30	8.30	2.84	1.86	13.367973	17.047379	15.223955	0.555884
5.04	21.48	8.29	8.29	2.84	1.86	13.366444	17.046241	15.222601	0.555885
5.04	21.48	8.29	8.29	2.84	1.86	13.364915	17.045104	15.221249	0.555885
5.05	21.48	8.29	8.29	2.84	1.86	13.363387	17.043967	15.219897	0.555886
5.05	21.48	8.29	8.29	2.84	1.86	13.361861	17.042831	15.218546	0.555887
5.05	21.48	8.29	8.29	2.84	1.86	13.360335	17.041695	15.217196	0.555887
5.06	21.48	8.29	8.29	2.84	1.86	13.358811	17.040560	15.215846	0.555888
5.06	21.48	8.29	8.29	2.84	1.86	13.357287	17.039426	15.214498	0.555888
5.06	21.48	8.29	8.29	2.84	1.86	13.355765	17.038291	15.213150	0.555889
5.06	21.48	8.29	8.29	2.84	1.86	13.354244	17.037158	15.211803	0.555889
5.07	21.48	8.28	8.28	2.84	1.86	13.352724	17.036025	15.210457	0.555890
5.07	21.48	8.28	8.28	2.84	1.86	13.351205	17.034892	15.209111	0.555890
5.07	21.48	8.28	8.28	2.84	1.86	13.349687	17.033760	15.207766	0.555891
5.08	21.48	8.28	8.28	2.84	1.86	13.348170	17.032628	15.206423	0.555892
5.08	21.48	8.28	8.28	2.84	1.86	13.346654	17.031497	15.205079	0.555892
5.08	21.48	8.28	8.28	2.84	1.86	13.345139	17.030367	15.203737	0.555893
5.08	21.48	8.28	8.28	2.84	1.86	13.343626	17.029237	15.202396	0.555893
5.09	21.48	8.28	8.28	2.84	1.86	13.342113	17.028107	15.201055	0.555894
5.09	21.48	8.28	8.28	2.84	1.86	13.340602	17.026978	15.199715	0.555894
5.09	21.48	8.27	8.27	2.84	1.86	13.339091	17.025850	15.198376	0.555895
5.09	21.48	8.27	8.27	2.84	1.86	13.337582	17.024722	15.197037	0.555895
5.10	21.48	8.27	8.27	2.84	1.86	13.336074	17.023595	15.195700	0.555896
5.10	21.48	8.27	8.27	2.84	1.86	13.334566	17.022468	15.194363	0.555896
5.10	21.48	8.27	8.27	2.84	1.86	13.333060	17.021341	15.193027	0.555897
5.11	21.48	8.27	8.27	2.84	1.86	13.331555	17.020215	15.191692	0.555897
5.11	21.48	8.27	8.27	2.84	1.86	13.330051	17.019090	15.190357	0.555898
5.11	21.48	8.27	8.27	2.84	1.86	13.328549	17.017965	15.189024	0.555898
5.11	21.48	8.27	8.27	2.84	1.86	13.327047	17.016841	15.187691	0.555899
5.12	21.48	8.26	8.26	2.84	1.86	13.325546	17.015717	15.186359	0.555899
5.12	21.48	8.26	8.26	2.84	1.86	13.324046	17.014594	15.185028	0.555900
5.12	21.48	8.26	8.26	2.84	1.86	13.322548	17.013471	15.183697	0.555900
5.12	21.48	8.26	8.26	2.84	1.86	13.321051	17.012349	15.182368	0.555901
5.13	21.48	8.26	8.26	2.84	1.86	13.319554	17.011227	15.181039	0.555901
5.13	21.48	8.26	8.26	2.84	1.86	13.318059	17.010106	15.179711	0.555902
5.13	21.48	8.26	8.26	2.84	1.86	13.316565	17.008985	15.178384	0.555902
5.14	21.48	8.26	8.26	2.84	1.86	13.315072	17.007865	15.177057	0.555903
5.14	21.48	8.26	8.26	2.84	1.86	13.313580	17.006745	15.175731	0.555903
5.14	21.48	8.25	8.25	2.84	1.86	13.312089	17.005626	15.174407	0.555904
5.14	21.48	8.25	8.25	2.84	1.86	13.310599	17.004507	15.173083	0.555904
5.15	21.48	8.25	8.25	2.84	1.86	13.309110	17.003389	15.171759	0.555905
5.15	21.48	8.25	8.25	2.84	1.86	13.307623	17.002272	15.170437	0.555905
5.15	21.48	8.25	8.25	2.84	1.86	13.306136	17.001155	15.169115	0.555906
5.16	21.48	8.25	8.25	2.84	1.86	13.304651	17.000038	15.167794	0.555906
5.16	21.48	8.25	8.25	2.84	1.86	13.303166	16.998922	15.166474	0.555907
5.16	21.48	8.25	8.25	2.84	1.86	13.301683	16.997807	15.165155	0.555907
5.16	21.48	8.25	8.25	2.84	1.86	13.300201	16.996692	15.163836	0.555908
5.17	21.48	8.25	8.25	2.84	1.86	13.298720	16.995577	15.162519	0.555908
5.17	21.48	8.24	8.24	2.84	1.86	13.297240	16.994463	15.161202	0.555909
5.17	21.48	8.24	8.24	2.84	1.86	13.295761	16.993350	15.159886	0.555909
5.17	21.48	8.24	8.24	2.84	1.86	13.294283	16.992237	15.158571	0.555909
5.18	21.48	8.24	8.24	2.84	1.86	13.292806	16.991125	15.157256	0.555910
5.18	21.48	8.24	8.24	2.84	1.86	13.291331	16.990013	15.155943	0.555910
5.18	21.48	8.24	8.24	2.84	1.86	13.289856	16.988902	15.154630	0.555911
5.19	21.48	8.24	8.24	2.84	1.86	13.288383	16.987791	15.153318	0.555911
5.19	21.48	8.24	8.24	2.84	1.86	13.286910	16.986681	15.152006	0.555912
5.19	21.48	8.24	8.24	2.84	1.86	13.285439	16.985571	15.150696	0.555912
5.19	21.48	8.24	8.24	2.84	1.86	13.283969	16.984462	15.149386	0.555913
5.20	21.48	8.23	8.23	2.84	1.86	13.282500	16.983353	15.148078	0.555913
5.20	21.48	8.23	8.23	2.84	1.86	13.281032	16.982245	15.146770	0.555913
5.20	21.48	8.23	8.23	2.84	1.86	13.279565	16.981138	15.145462	0.555914
5.21	21.48	8.23	8.23	2.84	1.86	13.278099	16.980031	15.144156	0.555914
5.21	21.48	8.23	8.23	2.84	1.86	13.276635	16.978924	15.142850	0.555915
5.21	21.48	8.23	8.23	2.84	1.86	13.275171	16.977818	15.141546	0.555915
5.21	21.48	8.23	8.23	2.84	1.86	13.273709	16.976713	15.140242	0.555916
5.22	21.48	8.23	8.23	2.84	1.86	13.272247	16.975608	15.138938	0.555916
5.22	21.48	8.23	8.23	2.84	1.86	13.270787	16.974503	15.137636	0.555917
5.22	21.48	8.23	8.23	2.84	1.86	13.269328	16.973400	15.136334	0.555917
5.22	21.48	8.22	8.22	2.84	1.86	13.267870	16.972296	15.135034	0.555917
5.23	21.48	8.22	8.22	2.84	1.86	13.266413	16.971193	15.133734	0.555918
5.23	21.48	8.22	8.22	2.84	1.86	13.264957	16.970091	15.132435	0.555918
5.23	21.48	8.22	8.22	2.84	1.86	13.263502	16.968989	15.131136	0.555919
5.24	21.48	8.22	8.22	2.84	1.86	13.262049	16.967888	15.129839	0.555919
5.24	21.48	8.22	8.22	2.84	1.86	13.260596	16.966788	15.128542	0.555919
5.24	21.48	8.22	8.22	2.84	1.86	13.259145	16.965687	15.127246	0.555920
5.24	21.48	8.22	8.22	2.84	1.86	13.257694	16.964588	15.125951	0.555920
5.25	21.48	8.22	8.22	2.84	1.86	13.256245	16.963489	15.124657	0.555921
5.25	21.48	8.22	8.22	2.84	1.86	13.254797	16.962390	15.123364	0.555921
5.25	21.48	8.21	8.21	2.84	1.86	13.253350	16.961292	15.122071	0.555921
5.26	21.48	8.21	8.21	2.84	1.86	13.251904	16.960195	15.120779	0.555922
5.26	21.48	8.21	8.21	2.84	1.86	13.250459	16.959098	15.119488	0.555922
5.26	21.48	8.21	8.21	2.84	1.86	13.249016	16.958002	15.118198	0.555923
5.26	21.48	8.21	8.21	2.84	1.86	13.247573	16.956906	15.116909	0.555923
5.27	21.48	8.21	8.21	2.84	1.86	13.246132	16.955810	15.115620	0.555923
5.27	21.48	8.21	8.21	2.84	1.86	13.244691	16.954716	15.114332	0.555924
5.27	21.48	8.21	8.21	2.84	1.86	13.243252	16.953621	15.113046	0.555924
5.28	21.48	8.21	8.21	2.84	1.86	13.241814	16.952528	15.111759	0.555924
5.28	21.48	8.21	8.21	2.84	1.86	13.240377	16.951435	15.110474	0.555925
5.28	21.48	8.20	8.20	2.84	1.86	13.238941	16.950342	15.109190	0.555925
5.28	21.48	8.20	8.20	2.84	1.86	13.237506	16.949250	15.107906	0.555926
5.29	21.48	8.20	8.20	2.84	1.86	13.236073	16.948158	15.106623	0.555926
5.29	21.48	8.20	8.20	2.84	1.86	13.234640	16.947067	15.105341	0.555926
5.29	21.48	8.20	8.20	2.84	1.86	13.233209	16.945977	15.104060	0.555927
5.29	21.48	8.20	8.20	2.83	1.86	13.231778	16.944887	15.102780	0.555927
5.30	21.48	8.20	8.20	2.83	1.86	13.230349	16.943798	15.101500	0.555927
5.30	21.48	8.20	8.20	2.83	1.86	13.228921	16.942709	15.100222	0.555928
5.30	21.48	8.20	8.20	2.83	1.86	13.227494	16.941620	15.098944	0.555928
5.31	21.48	8.20	8.20	2.83	1.86	13.226068	16.940533	15.097667	0.555929
5.31	21.48	8.20	8.20	2.83	1.86	13.224643	16.939446	15.096390	0.555929
5.31	21.48	8.19	8.19	2.83	1.86	13.223219	16.938359	15.095115	0.555929
5.31	21.48	8.19	8.19	2.83	1.86	13.221797	16.937273	15.093840	0.555930
5.32	21.48	8.19	8.19	2.83	1.86	13.220375	16.936187	15.092567	0.555930
5.32	21.48	8.19	8.19	2.83	1.86	13.218955	16.935102	15.091294	0.555930
5.32	21.48	8.19	8.19	2.83	1.86	13.217536	16.934018	15.090021	0.555931
5.33	21.48	8.19	8.19	2.83	1.86	13.216118	16.932934	15.088750	0.555931
5.33	21.48	8.19	8.19	2.83	1.86	13.214701	16.931850	15.087480	0.555931
5.33	21.48	8.19	8.19	2.83	1.86	13.213285	16.930767	15.086210	0.555932
5.33	21.48	8.19	8.19	2.83	1.86	13.211870	16.929685	15.084941	0.555932
5.34	21.48	8.19	8.19	2.83	1.86	13.210457	16.928603	15.083673	0.555932
5.34	21.48	8.19	8.19	2.83	1.86	13.209044	16.927522	15.082406	0.555933
5.34	21.48	8.18	8.18	2.83	1.86	13.207633	16.926441	15.081140	0.555933
5.34	21.48	8.18	8.18	2.83	1.86	13.206223	16.925361	15.079874	0.555933
5.35	21.48	8.18	8.18	2.83	1.86	13.204814	16.924282	15.078609	0.555934
5.35	21.48	8.18	8.18	2.83	1.86	13.203406	16.923203	15.077346	0.555934
5.35	21.48	8.18	8.18	2.83	1.86	13.201999	16.922124	15.076083	0.555934
5.36	21.48	8.18	8.18	2.83	1.86	13.200593	16.921046	15.074820	0.555935
5.36	21.48	8.18	8.18	2.83	1.86	13.199188	16.919969	15.073559	0.555935
5.36	21.48	8.18	8.18	2.83	1.86	13.197785	16.918892	15.072298	0.555935
5.36	21.48	8.18	8.18	2.83	1.86	13.196383	16.917816	15.071039	0.555935
5.37	21.48	8.18	8.18	2.83	1.86	13.194981	16.916740	15.069780	0.555936
5.37	21.48	8.18	8.18	2.83	1.86	13.193581	16.915665	15.068522	0.555936
5.37	21.48	8.17	8.17	2.83	1.86	13.192182	16.914590	15.067265	0.555936
5.38	21.48	8.17	8.17	2.83	1.86	13.190784	16.913516	15.066008	0.555937
5.38	21.48	8.17	8.17	2.83	1.86	13.189388	16.912443	15.064753	0.555937
5.38	21.48	8.17	8.17	2.83	1.86	13.187992	16.911370	15.063498	0.555937
5.38	21.48	8.17	8.17	2.83	1.86	13.186597	16.910297	15.062244	0.555938
5.39	21.48	8.17	8.17	2.83	1.86	13.185204	16.909225	15.060991	0.555938
5.39	21.48	8.17	8.17	2.83	1.86	13.183812	16.908154	15.059739	0.555938
5.39	21.48	8.17	8.17	2.83	1.86	13.182421	16.907083	15.058487	0.555938
5.39	21.48	8.17	8.17	2.83	1.86	13.181031	16.906013	15.057237	0.555939
5.40	21.48	8.17	8.17	2.83	1.86	13.179642	16.904943	15.055987	0.555939
5.40	21.48	8.17	8.17	2.83	1.86	13.178254	16.903874	15.054738	0.555939
5.40	21.48	8.17	8.17	2.83	1.86	13.176868	16.902806	15.053490	0.555940
5.41	21.48	8.16	8.16	2.83	1.86	13.175482	16.901738	15.052243	0.555940
5.41	21.48	8.16	8.16	2.83	1.86	13.174098	16.900670	15.050996	0.555940
5.41	21.48	8.16	8.16	2.83	1.86	13.172715	16.899603	15.049751	0.555940
5.41	21.48	8.16	8.16	2.83	1.86	13.171333	16.898537	15.048506	0.555941
5.42	21.48	8.16	8.16	2.83	1.86	13.169952	16.897471	15.047262	0.555941
5.42	21.48	8.16	8.16	2.83	1.86	13.168572	16.896406	15.046019	0.555941
5.42	21.48	8.16	8.16	2.83	1.86	13.167193	16.895341	15.044777	0.555941
5.42	21.48	8.16	8.16	2.83	1.86	13.165816	16.894277	15.043536	0.555942
5.43	21.48	8.16	8.16	2.83	1.86	13.164439	16.893214	15.042295	0.555942
5.43	21.48	8.16	8.16	2.83	1.86	13.163064	16.892151	15.041056	0.555942
5.43	21.48	8.16	8.16	2.83	1.86	13.161690	16.891088	15.039817	0.555942
5.44	21.48	8.15	8.15	2.83	1.86	13.160317	16.890026	15.038579	0.555943
5.44	21.48	8.15	8.15	2.83	1.86	13.158945	16.888965	15.037342	0.555943
5.44	21.48	8.15	8.15	2.83	1.86	13.157574	16.887904	15.036105	0.555943
5.44	21.48	8.15	8.15	2.83	1.86	13.156205	16.886844	15.034870	0.555943
5.45	21.48	8.15	8.15	2.83	1.86	13.154836	16.885784	15.033635	0.555944
5.45	21.48	8.15	8.15	2.83	1.86	13.153469	16.884725	15.032401	0.555944
5.45	21.48	8.15	8.15	2.83	1.86	13.152103	16.883667	15.031168	0.555944
5.46	21.48	8.15	8.15	2.83	1.86	13.150738	16.882609	15.029936	0.555944
5.46	21.48	8.15	8.15	2.83	1.86	13.149374	16.881551	15.028705	0.555945
5.46	21.48	8.15	8.15	2.83	1.86	13.148011	16.880494	15.027475	0.555945
5.46	21.48	8.15	8.15	2.83	1.86	13.146650	16.879438	15.026245	0.555945
5.47	21.48	8.15	8.15	2.83	1.86	13.145289	16.878382	15.025016	0.555945
5.47	21.48	8.15	8.15	2.83	1.86	13.143930	16.877327	15.023788	0.555946
5.47	21.48	8.14	8.14	2.83	1.86	13.142572	16.876273	15.022561	0.555946
5.47	21.48	8.14	8.14	2.83	1.86	13.141215	16.875219	15.021335	0.555946
5.48	21.48	8.14	8.14	2.83	1.86	13.139859	16.874165	15.020110	0.555946
5.48	21.48	8.14	8.14	2.83	1.86	13.138504	16.873112	15.018885	0.555946
5.48	21.48	8.14	8.14	2.83	1.86	13.137150	16.872060	15.017662	0.555947
5.49	21.48	8.14	8.14	2.83	1.86	13.135798	16.871008	15.016439	0.555947
5.49	21.48	8.14	8.14	2.83	1.86	13.134447	16.869957	15.015217	0.555947
5.49	21.48	8.14	8.14	2.83	1.86	13.133096	16.868906	15.013996	0.555947
5.49	21.48	8.14	8.14	2.83	1.86	13.131747	16.867856	15.012776	0.555947
5.50	21.48	8.14	8.14	2.83	1.86	13.130400	16.866806	15.011556	0.555948
5.50	21.48	8.14	8.14	2.83	1.86	13.129053	16.865758	15.010338	0.555948
5.50	21.48	8.14	8.14	2.83	1.86	13.127707	16.864709	15.009120	0.555948
5.51	21.48	8.13	8.13	2.83	1.86	13.126363	16.863661	15.007903	0.555948
5.51	21.48	8.13	8.13	2.83	1.86	13.125019	16.862614	15.006687	0.555948
5.51	21.48	8.13	8.13	2.83	1.86	13.123677	16.861567	15.005472	0.555949
5.51	21.48	8.13	8.13	2.83	1.86	13.122336	16.860521	15.004258	0.555949
5.52	21.48	8.13	8.13	2.83	1.86	13.120996	16.859476	15.003044	0.555949
5.52	21.48	8.13	8.13	2.83	1.86	13.119658	16.858431	15.001831	0.555949
5.52	21.48	8.13	8.13	2.83	1.86	13.118320	16.857386	15.000620	0.555949
5.53	21.48	8.13	8.13	2.83	1.86	13.116984	16.856342	14.999409	0.555950
5.53	21.48	8.13	8.13	2.83	1.86	13.115648	16.855299	14.998199	0.555950
5.53	21.48	8.13	8.13	2.83	1.86	13.114314	16.854256	14.996990	0.555950
5.53	21.48	8.13	8.13	2.83	1.87	13.112981	16.853214	14.995781	0.555950
5.54	21.48	8.13	8.13	2.83	1.87	13.111649	16.852173	14.994574	0.555950
5.54	21.48	8.13	8.13	2.83	1.87	13.110319	16.851132	14.993367	0.555950
5.54	21.48	8.12	8.12	2.83	1.87	13.108989	16.850091	14.992161	0.555951
5.54	21.48	8.12	8.12	2.83	1.87	13.107661	16.849051	14.990956	0.555951
5.55	21.48	8.12	8.12	2.83	1.87	13.106334	16.848012	14.989752	0.555951
5.55	21.48	8.12	8.12	2.83	1.87	13.105008	16.846973	14.988549	0.555951
5.55	21.48	8.12	8.12	2.83	1.87	13.103683	16.845935	14.987347	0.555951
5.56	21.48	8.12	8.12	2.83	1.87	13.102359	16.844897	14.986145	0.555951
5.56	21.48	8.12	8.12	2.83	1.87	13.101036	16.843860	14.984945	0.555952
5.56	21.48	8.12	8.12	2.83	1.87	13.099715	16.842824	14.983745	0.555952
5.56	21.48	8.12	8.12	2.83	1.87	13.098395	16.841788	14.982546	0.555952
5.57	21.48	8.12	8.12	2.83	1.87	13.097076	16.840753	14.981348	0.555952
5.57	21.48	8.12	8.12	2.83	1.87	13.095758	16.839718	14.980151	0.555952
5.57	21.48	8.12	8.12	2.83	1.87	13.094441	16.838684	14.978954	0.555952
5.58	21.48	8.12	8.12	2.83	1.87	13.093125	16.837650	14.977759	0.555952
5.58	21.48	8.12	8.12	2.83	1.87	13.091811	16.836617	14.976564	0.555953
5.58	21.48	8.11	8.11	2.83	1.87	13.090497	16.835585	14.975370	0.555953
5.58	21.48	8.11	8.11	2.83	1.87	13.089185	16.834553	14.974177	0.555953
5.59	21.48	8.11	8.11	2.83	1.87	13.087874	16.833522	14.972985	0.555953
5.59	21.48	8.11	8.11	2.83	1.87	13.086564	16.832491	14.971794	0.555953
5.59	21.48	8.11	8.11	2.83	1.87	13.085256	16.831461	14.970604	0.555953
5.59	21.48	8.11	8.11	2.83	1.87	13.083948	16.830431	14.969414	0.555953
5.60	21.48	8.11	8.11	2.83	1.87	13.082642	16.829402	14.968226	0.555953
5.60	21.48	8.11	8.11	2.83	1.87	13.081336	16.828374	14.967038	0.555954
5.60	21.48	8.11	8.11	2.83	1.87	13.080032	16.827346	14.965851	0.555954
5.61	21.48	8.11	8.11	2.83	1.87	13.078729	16.826319	14.964665	0.555954
5.61	21.48	8.11	8.11	2.83	1.87	13.077428	16.825292	14.963480	0.555954
5.61	21.48	8.11	8.11	2.83	1.87	13.076127	16.824266	14.962296	0.555954
5.61	21.48	8.11	8.11	2.83	1.87	13.074828	16.823241	14.961112	0.555954
5.62	21.48	8.11	8.11	2.83	1.87	13.073529	16.822216	14.959930	0.555954
5.62	21.48	8.10	8.10	2.83	1.87	13.072232	16.821192	14.958748	0.555954
5.62	21.48	8.10	8.10	2.83	1.87	13.070936	16.820168	14.957567	0.555954
5.62	21.48	8.10	8.10	2.83	1.87	13.069642	16.819145	14.956387	0.555955
5.63	21.48	8.10	8.10	2.83	1.87	13.068348	16.818122	14.955208	0.555955
5.63	21.48	8.10	8.10	2.83	1.87	13.067056	16.817100	14.954030	0.555955
5.63	21.48	8.10	8.10	2.83	1.87	13.065764	16.816079	14.952853	0.555955
5.64	21.48	8.10	8.10	2.83	1.87	13.064474	16.815058	14.951676	0.555955
5.64	21.48	8.10	8.10	2.83	1.87	13.063185	16.814037	14.950501	0.555955
5.64	21.48	8.10	8.10	2.83	1.87	13.061897	16.813018	14.949326	0.555955
5.64	21.48	8.10	8.10	2.83	1.87	13.060611	16.811999	14.948152	0.555955
5.65	21.48	8.10	8.10	2.83	1.87	13.059325	16.810980	14.946979	0.555955
5.65	21.48	8.10	8.10	2.83	1.87	13.058041	16.809962	14.945807	0.555955
5.65	21.48	8.10	8.10	2.83	1.87	13.056758	16.808945	14.944635	0.555955
5.66	21.48	8.10	8.10	2.83	1.87	13.055476	16.807928	14.943465	0.555956
5.66	21.48	8.09	8.09	2.83	1.87	13.054195	16.806912	14.942296	0.555956
5.66	21.48	8.09	8.09	2.83	1.87	13.052916	16.805896	14.941127	0.555956
5.66	21.48	8.09	8.09	2.83	1.87	13.051637	16.804881	14.939959	0.555956
5.67	21.48	8.09	8.09	2.83	1.87	13.050360	16.803867	14.938792	0.555956
5.67	21.48	8.09	8.09	2.83	1.87	13.049084	16.802853	14.937626	0.555956
5.67	21.48	8.09	8.09	2.83	1.87	13.047809	16.801840	14.936461	0.555956
5.67	21.48	8.09	8.09	2.83	1.87	13.046535	16.800827	14.935297	0.555956
5.68	21.48	8.09	8.09	2.83	1.87	13.045263	16.799815	14.934133	0.555956
5.68	21.48	8.09	8.09	2.83	1.87	13.043991	16.798803	14.932971	0.555956
5.68	21.48	8.09	8.09	2.83	1.87	13.042721	16.797792	14.931809	0.555956
5.69	21.48	8.09	8.09	2.83	1.87	13.041452	16.796782	14.930648	0.555956
5.69	21.48	8.09	8.09	2.83	1.87	13.040184	16.795772	14.929488	0.555956
5.69	21.48	8.09	8.09	2.83	1.87	13.038917	16.794763	14.928329	0.555956
5.69	21.48	8.09	8.09	2.83	1.87	13.037652	16.793755	14.927171	0.555956
5.70	21.48	8.09	8.09	2.83	1.87	13.036388	16.792747	14.926014	0.555956
5.70	21.48	8.09	8.09	2.83	1.87	13.035124	16.791739	14.924857	0.555957
5.70	21.48	8.08	8.08	2.83	1.87	13.033862	16.790732	14.923702	0.555957
5.71	21.48	8.08	8.08	2.83	1.87	13.032602	16.789726	14.922547	0.555957
5.71	21.48	8.08	8.08	2.83	1.87	13.031342	16.788721	14.921393	0.555957
5.71	21.48	8.08	8.08	2.83	1.87	13.030083	16.787716	14.920240	0.555957
5.71	21.48	8.08	8.08	2.83	1.87	13.028826	16.786711	14.919088	0.555957
5.72	21.48	8.08	8.08	2.83	1.87	13.027570	16.785707	14.917937	0.555957
5.72	21.48	8.08	8.08	2.83	1.87	13.026315	16.784704	14.916787	0.555957
5.72	21.48	8.08	8.08	2.83	1.87	13.025061	16.783701	14.915637	0.555957
5.72	21.48	8.08	8.08	2.83	1.87	13.023809	16.782699	14.914489	0.555957
5.73	21.48	8.08	8.08	2.83	1.87	13.022557	16.781698	14.913341	0.555957
5.73	21.48	8.08	8.08	2.83	1.87	13.021307	16.780697	14.912194	0.555957
5.73	21.48	8.08	8.08	2.83	1.87	13.020058	16.779696	14.911048	0.555957
5.74	21.48	8.08	8.08	2.83	1.87	13.018810	16.778697	14.909903	0.555957
5.74	21.48	8.08	8.08	2.83	1.87	13.017563	16.777698	14.908759	0.555957
5.74	21.48	8.08	8.08	2.83	1.87	13.016318	16.776699	14.907616	0.555957
5.74	21.48	8.08	8.08	2.83	1.87	13.015074	16.775701	14.906474	0.555957
5.75	21.48	8.07	8.07	2.83	1.87	13.013830	16.774704	14.905332	0.555957
5.75	21.48	8.07	8.07	2.83	1.87	13.012588	16.773707	14.904192	0.555957
5.75	21.48	8.07	8.07	2.83	1.87	13.011348	16.772711	14.903052	0.555957
5.76	21.48	8.07	8.07	2.83	1.87	13.010108	16.771715	14.901913	0.555957
5.76	21.48	8.07	8.07	2.83	1.87	13.008870	16.770720	14.900775	0.555957
5.76	21.48	8.07	8.07	2.83	1.87	13.007632	16.769726	14.899638	0.555957
5.76	21.48	8.07	8.07	2.83	1.87	13.006396	16.768732	14.898502	0.555957
5.77	21.48	8.07	8.07	2.83	1.87	13.005162	16.767739	14.897367	0.555957
5.77	21.48	8.07	8.07	2.83	1.87	13.003928	16.766747	14.896232	0.555957
5.77	21.48	8.07	8.07	2.83	1.87	13.002695	16.765755	14.895099	0.555957
5.78	21.48	8.07	8.07	2.83	1.87	13.001464	16.764763	14.893966	0.555957
5.78	21.48	8.07	8.07	2.83	1.87	13.000234	16.763772	14.892834	0.555957
5.78	21.48	8.07	8.07	2.83	1.87	12.999005	16.762782	14.891703	0.555957
5.78	21.48	8.07	8.07	2.83	1.87	12.997777	16.761793	14.890573	0.555957
5.79	21.48	8.07	8.07	2.83	1.87	12.996551	16.760804	14.889444	0.555957
5.79	21.48	8.07	8.07	2.83	1.87	12.995325	16.759815	14.888316	0.555957
5.79	21.48	8.07	8.07	2.83	1.87	12.994101	16.758828	14.887189	0.555957
5.79	21.48	8.06	8.06	2.83	1.87	12.992878	16.757840	14.886062	0.555957
5.80	21.48	8.06	8.06	2.83	1.87	12.991656	16.756854	14.884937	0.555957
5.80	21.48	8.06	8.06	2.83	1.87	12.990436	16.755868	14.883812	0.555957
5.80	21.48	8.06	8.06	2.83	1.87	12.989216	16.754882	14.882688	0.555957
5.81	21.48	8.06	8.06	2.83	1.87	12.987998	16.753898	14.881565	0.555957
5.81	21.48	8.06	8.06	2.83	1.87	12.986781	16.752913	14.880443	0.555957
5.81	21.48	8.06	8.06	2.83	1.87	12.985565	16.751930	14.879322	0.555957
5.81	21.48	8.06	8.06	2.83	1.87	12.984350	16.750947	14.878202	0.555956
5.82	21.48	8.06	8.06	2.83	1.87	12.983137	16.749964	14.877083	0.555956
5.82	21.48	8.06	8.06	2.83	1.87	12.981925	16.748983	14.875964	0.555956
5.82	21.48	8.06	8.06	2.83	1.87	12.980714	16.748001	14.874847	0.555956
5.83	21.48	8.06	8.06	2.83	1.87	12.979504	16.747021	14.873730	0.555956
5.83	21.48	8.06	8.06	2.83	1.87	12.978295	16.746041	14.872614	0.555956
5.83	21.48	8.06	8.06	2.83	1.87	12.977087	16.745062	14.871500	0.555956
5.83	21.48	8.06	8.06	2.83	1.87	12.975881	16.744083	14.870386	0.555956
5.84	21.48	8.06	8.06	2.83	1.87	12.974676	16.743105	14.869273	0.555956
5.84	21.48	8.06	8.06	2.83	1.87	12.973472	16.742127	14.868160	0.555956
5.84	21.48	8.06	8.06	2.83	1.87	12.972269	16.741150	14.867049	0.555956
5.84	21.48	8.05	8.05	2.83	1.87	12.971068	16.740174	14.865939	0.555956
5.85	21.48	8.05	8.05	2.83	1.87	12.969867	16.739198	14.864829	0.555956
5.85	21.48	8.05	8.05	2.83	1.87	12.968668	16.738223	14.863721	0.555956
5.85	21.48	8.05	8.05	2.83	1.87	12.967470	16.737248	14.862613	0.555956
5.86	21.48	8.05	8.05	2.83	1.87	12.966273	16.736274	14.861506	0.555956
5.86	21.48	8.05	8.05	2.83	1.87	12.965078	16.735301	14.860400	0.555956
5.86	21.48	8.05	8.05	2.83	1.87	12.963884	16.734328	14.859295	0.555955
5.86	21.48	8.05	8.05	2.83	1.87	12.962690	16.733356	14.858191	0.555955
5.87	21.48	8.05	8.05	2.83	1.87	12.961498	16.732385	14.857088	0.555955
5.87	21.48	8.05	8.05	2.83	1.87	12.960308	16.731414	14.855985	0.555955
5.87	21.48	8.05	8.05	2.83	1.87	12.959118	16.730444	14.854884	0.555955
5.88	21.48	8.05	8.05	2.83	1.87	12.957930	16.729474	14.853784	0.555955
5.88	21.48	8.05	8.05	2.83	1.87	12.956742	16.728505	14.852684	0.555955
5.88	21.48	8.05	8.05	2.83	1.87	12.955556	16.727536	14.851585	0.555955
5.88	21.48	8.05	8.05	2.83	1.87	12.954372	16.726569	14.850487	0.555955
5.89	21.48	8.05	8.05	2.83	1.87	12.953188	16.725601	14.849390	0.555955
5.89	21.48	8.05	8.05	2.83	1.87	12.952006	16.724635	14.848294	0.555955
5.89	21.48	8.05	8.05	2.83	1.87	12.950825	16.723669	14.847199	0.555954
5.89	21.48	8.05	8.05	2.83	1.87	12.949645	16.722703	14.846105	0.555954
5.90	21.48	8.05	8.05	2.83	1.87	12.948466	16.721738	14.845012	0.555954
5.90	21.48	8.04	8.04	2.83	1.87	12.947288	16.720774	14.843919	0.555954
5.90	21.48	8.04	8.04	2.83	1.87	12.946112	16.719811	14.842828	0.555954
5.91	21.48	8.04	8.04	2.83	1.87	12.944937	16.718848	14.841737	0.555954
5.91	21.48	8.04	8.04	2.83	1.87	12.943763	16.717885	14.840647	0.555954
5.91	21.48	8.04	8.04	2.83	1.87	12.942590	16.716924	14.839559	0.555954
5.91	21.48	8.04	8.04	2.83	1.87	12.941418	16.715963	14.838471	0.555954
5.92	21.48	8.04	8.04	2.83	1.87	12.940248	16.715002	14.837384	0.555953
5.92	21.48	8.04	8.04	2.83	1.87	12.939079	16.714042	14.836298	0.555953
5.92	21.48	8.04	8.04	2.83	1.87	12.937911	16.713083	14.835212	0.555953
5.92	21.48	8.04	8.04	2.83	1.87	12.936744	16.712124	14.834128	0.555953
5.93	21.48	8.04	8.04	2.83	1.87	12.935579	16.711166	14.833045	0.555953
5.93	21.48	8.04	8.04	2.83	1.87	12.934414	16.710209	14.831962	0.555953
5.93	21.48	8.04	8.04	2.83	1.87	12.933251	16.709252	14.830881	0.555953
5.94	21.48	8.04	8.04	2.83	1.87	12.932089	16.708296	14.829800	0.555952
5.94	21.48	8.04	8.04	2.83	1.87	12.930929	16.707340	14.828720	0.555952
5.94	21.48	8.04	8.04	2.83	1.87	12.929769	16.706385	14.827641	0.555952
5.94	21.48	8.04	8.04	2.83	1.87	12.928611	16.705431	14.826563	0.555952
5.95	21.48	8.04	8.04	2.83	1.87	12.927454	16.704477	14.825486	0.555952
5.95	21.48	8.04	8.04	2.83	1.87	12.926298	16.703524	14.824410	0.555952
5.95	21.48	8.04	8.04	2.83	1.87	12.925143	16.702571	14.823335	0.555952
5.96	21.48	8.04	8.04	2.83	1.87	12.923990	16.701619	14.822261	0.555951
5.96	21.48	8.04	8.04	2.83	1.87	12.922838	16.700668	14.821187	0.555951
5.96	21.48	8.03	8.03	2.83	1.87	12.921687	16.699717	14.820115	0.555951
5.96	21.48	8.03	8.03	2.83	1.87	12.920537	16.698767	14.819043	0.555951
5.97	21.48	8.03	8.03	2.83	1.87	12.919388	16.697818	14.817972	0.555951
5.97	21.48	8.03	8.03	2.83	1.87	12.918241	16.696869	14.816903	0.555951
5.97	21.48	8.03	8.03	2.83	1.87	12.917095	16.695921	14.815834	0.555950
5.97	21.48	8.03	8.03	2.83	1.87	12.915950	16.694973	14.814766	0.555950
5.98	21.48	8.03	8.03	2.83	1.87	12.914806	16.694026	14.813699	0.555950
5.98	21.48	8.03	8.03	2.83	1.87	12.913664	16.693080	14.812633	0.555950
5.98	21.48	8.03	8.03	2.83	1.87	12.912522	16.692134	14.811567	0.555950
5.99	21.48	8.03	8.03	2.83	1.87	12.911382	16.691189	14.810503	0.555950
5.99	21.48	8.03	8.03	2.83	1.87	12.910243	16.690245	14.809440	0.555949
5.99	21.48	8.03	8.03	2.83	1.87	12.909106	16.689301	14.808377	0.555949
5.99	21.48	8.03	8.03	2.83	1.87	12.907969	16.688358	14.807316	0.555949
6.00	21.48	8.03	8.03	2.83	1.87	12.906834	16.687415	14.806255	0.555949
6.00	21.48	8.03	8.03	2.83	1.87	12.905700	16.686473	14.805195	0.555949
6.00	21.48	8.03	8.03	2.83	1.87	12.904567	16.685532	14.804136	0.555949
6.01	21.48	8.03	8.03	2.83	1.87	12.903435	16.684591	14.803078	0.555948
6.01	21.48	8.03	8.03	2.83	1.87	12.902305	16.683651	14.802021	0.555948
6.01	21.48	8.03	8.03	2.83	1.87	12.901176	16.682711	14.800965	0.555948
6.01	21.48	8.03	8.03	2.83	1.87	12.900048	16.681773	14.799910	0.555948
6.02	21.48	8.03	8.03	2.83	1.87	12.898921	16.680834	14.798856	0.555948
6.02	21.48	8.03	8.03	2.83	1.87	12.897796	16.679897	14.797802	0.555947
6.02	21.48	8.03	8.03	2.83	1.87	12.896671	16.678960	14.796750	0.555947
6.03	21.48	8.03	8.03	2.83	1.87	12.895548	16.678023	14.795698	0.555947
6.03	21.48	8.02	8.02	2.83	1.87	12.894426	16.677088	14.794648	0.555947
6.03	21.48	8.02	8.02	2.83	1.87	12.893306	16.676152	14.793598	0.555947
6.03	21.48	8.02	8.02	2.83	1.87	12.892186	16.675218	14.792549	0.555946
6.04	21.48	8.02	8.02	2.83	1.87	12.891068	16.674284	14.791502	0.555946
6.04	21.48	8.02	8.02	2.83	1.87	12.889951	16.673351	14.790455	0.555946
6.04	21.48	8.02	8.02	2.83	1.87	12.888835	16.672418	14.789409	0.555946
6.04	21.48	8.02	8.02	2.83	1.87	12.887721	16.671486	14.788364	0.555945
6.05	21.48	8.02	8.02	2.83	1.87	12.886608	16.670555	14.787319	0.555945
6.05	21.48	8.02	8.02	2.83	1.87	12.885495	16.669624	14.786276	0.555945
6.05	21.48	8.02	8.02	2.83	1.87	12.884385	16.668694	14.785234	0.555945
6.06	21.48	8.02	8.02	2.83	1.87	12.883275	16.667764	14.784192	0.555945
6.06	21.48	8.02	8.02	2.83	1.87	12.882166	16.666836	14.783152	0.555944
6.06	21.48	8.02	8.02	2.83	1.87	12.881059	16.665907	14.782112	0.555944
6.06	21.48	8.02	8.02	2.83	1.87	12.879953	16.664980	14.781074	0.555944
6.07	21.48	8.02	8.02	2.83	1.87	12.878849	16.664053	14.780036	0.555944
6.07	21.48	8.02	8.02	2.83	1.87	12.877745	16.663126	14.778999	0.555943
6.07	21.48	8.02	8.02	2.83	1.87	12.876643	16.662201	14.777963	0.555943
6.08	21.48	8.02	8.02	2.83	1.87	12.875542	16.661276	14.776928	0.555943
6.08	21.48	8.02	8.02	2.83	1.87	12.874442	16.660351	14.775894	0.555943
6.08	21.48	8.02	8.02	2.83	1.87	12.873343	16.659427	14.774861	0.555942
6.08	21.48	8.02	8.02	2.83	1.87	12.872246	16.658504	14.773829	0.555942
6.09	21.48	8.02	8.02	2.83	1.87	12.871150	16.657582	14.772798	0.555942
6.09	21.48	8.02	8.02	2.83	1.87	12.870055	16.656660	14.771767	0.555942
6.09	21.48	8.02	8.02	2.83	1.87	12.868961	16.655738	14.770738	0.555941
6.09	21.48	8.02	8.02	2.83	1.87	12.867868	16.654818	14.769709	0.555941
6.10	21.48	8.02	8.02	2.83	1.87	12.866777	16.653898	14.768682	0.555941
6.10	21.48	8.02	8.02	2.83	1.87	12.865687	16.652978	14.767655	0.555941
6.10	21.48	8.02	8.02	2.83	1.87	12.864598	16.652060	14.766630	0.555940
6.11	21.48	8.01	8.01	2.83	1.87	12.863511	16.651141	14.765605	0.555940
6.11	21.48	8.01	8.01	2.83	1.87	12.862424	16.650224	14.764581	0.555940
6.11	21.48	8.01	8.01	2.83	1.87	12.861339	16.649307	14.763558	0.555940
6.11	21.48	8.01	8.01	2.83	1.87	12.860255	16.648391	14.762536	0.555939
6.12	21.48	8.01	8.01	2.83	1.87	12.859173	16.647475	14.761515	0.555939
6.12	21.48	8.01	8.01	2.83	1.87	12.858091	16.646560	14.760495	0.555939
6.12	21.48	8.01	8.01	2.83	1.87	12.857011	16.645646	14.759475	0.555938
6.12	21.48	8.01	8.01	2.83	1.87	12.855932	16.644732	14.758457	0.555938
6.13	21.48	8.01	8.01	2.83	1.87	12.854854	16.643819	14.757440	0.555938
6.13	21.48	8.01	8.01	2.82	1.87	12.853778	16.642907	14.756423	0.555938
6.13	21.48	8.01	8.01	2.82	1.87	12.852703	16.641995	14.755408	0.555937
6.14	21.48	8.01	8.01	2.82	1.87	12.851628	16.641084	14.754393	0.555937
6.14	21.48	8.01	8.01	2.82	1.87	12.850556	16.640173	14.753380	0.555937
6.14	21.48	8.01	8.01	2.82	1.87	12.849484	16.639263	14.752367	0.555936
6.14	21.48	8.01	8.01	2.82	1.87	12.848414	16.638354	14.751355	0.555936
6.15	21.48	8.01	8.01	2.82	1.87	12.847345	16.637445	14.750344	0.555936
6.15	21.48	8.01	8.01	2.82	1.87	12.846277	16.636537	14.749334	0.555936
6.15	21.48	8.01	8.01	2.82	1.87	12.845210	16.635630	14.748325	0.555935
6.16	21.48	8.01	8.01	2.82	1.87	12.844145	16.634723	14.747317	0.555935
6.16	21.48	8.01	8.01	2.82	1.87	12.843081	16.633817	14.746310	0.555935
6.16	21.48	8.01	8.01	2.82	1.87	12.842018	16.632912	14.745304	0.555934
6.16	21.48	8.01	8.01	2.82	1.87	12.840956	16.632007	14.744299	0.555934
6.17	21.48	8.01	8.01	2.82	1.87	12.839895	16.631103	14.743294	0.555934
6.17	21.48	8.01	8.01	2.82	1.87	12.838836	16.630200	14.742291	0.555933
6.17	21.48	8.01	8.01	2.82	1.87	12.837778	16.629297	14.741288	0.555933
6.17	21.48	8.01	8.01	2.82	1.87	12.836721	16.628394	14.740287	0.555933
6.18	21.48	8.01	8.01	2.82	1.87	12.835666	16.627493	14.739286	0.555932
6.18	21.48	8.01	8.01	2.82	1.87	12.834612	16.626592	14.738286	0.555932
6.18	21.48	8.01	8.01	2.82	1.87	12.833559	16.625692	14.737288	0.555932
6.19	21.48	8.01	8.01	2.82	1.87	12.832507	16.624792	14.736290	0.555932
6.19	21.48	8.01	8.01	2.82	1.87	12.831456	16.623893	14.735293	0.555931
6.19	21.48	8.01	8.01	2.82	1.87	12.830407	16.622995	14.734297	0.555931
6.19	21.48	8.01	8.01	2.82	1.87	12.829359	16.622097	14.733302	0.555931
6.20	21.48	8.01	8.01	2.82	1.87	12.828312	16.621200	14.732308	0.555930
6.20	21.48	8.01	8.01	2.82	1.87	12.827266	16.620303	14.731315	0.555930
6.20	21.48	8.00	8.00	2.82	1.87	12.826222	16.619407	14.730323	0.555930
6.21	21.48	8.00	8.00	2.82	1.87	12.825179	16.618512	14.729332	0.555929
6.21	21.48	8.00	8.00	2.82	1.87	12.824137	16.617618	14.728341	0.555929
6.21	21.48	8.00	8.00	2.82	1.87	12.823096	16.616724	14.727352	0.555928
6.21	21.48	8.00	8.00	2.82	1.87	12.822057	16.615831	14.726363	0.555928
6.22	21.48	8.00	8.00	2.82	1.87	12.821019	16.614938	14.725376	0.555928
6.22	21.48	8.00	8.00	2.82	1.87	12.819982	16.614046	14.724389	0.555927
6.22	21.48	8.00	8.00	2.82	1.87	12.818946	16.613155	14.723404	0.555927
6.22	21.48	8.00	8.00	2.82	1.87	12.817912	16.612264	14.722419	0.555927
6.23	21.48	8.00	8.00	2.82	1.87	12.816879	16.611374	14.721435	0.555926
6.23	21.48	8.00	8.00	2.82	1.87	12.815847	16.610485	14.720453	0.555926
6.23	21.48	8.00	8.00	2.82	1.87	12.814816	16.609596	14.719471	0.555926
6.24	21.48	8.00	8.00	2.82	1.87	12.813787	16.608708	14.718490	0.555925
6.24	21.48	8.00	8.00	2.82	1.87	12.812758	16.607821	14.717510	0.555925
6.24	21.48	8.00	8.00	2.82	1.87	12.811731	16.606934	14.716531	0.555925
6.24	21.48	8.00	8.00	2.82	1.87	12.810706	16.606048	14.715553	0.555924
6.25	21.48	8.00	8.00	2.82	1.87	12.809681	16.605162	14.714575	0.555924
6.25	21.48	8.00	8.00	2.82	1.87	12.808658	16.604277	14.713599	0.555923
6.25	21.48	8.00	8.00	2.82	1.87	12.807636	16.603393	14.712624	0.555923
6.26	21.48	8.00	8.00	2.82	1.87	12.806615	16.602510	14.711650	0.555923
6.26	21.48	8.00	8.00	2.82	1.87	12.805596	16.601627	14.710676	0.555922
6.26	21.48	8.00	8.00	2.82	1.87	12.804578	16.600745	14.709704	0.555922
6.26	21.48	8.00	8.00	2.82	1.87	12.803561	16.599863	14.708732	0.555922
6.27	21.48	8.00	8.00	2.82	1.87	12.802545	16.598982	14.707762	0.555921
6.27	21.48	8.00	8.00	2.82	1.87	12.801530	16.598102	14.706792	0.555921
6.27	21.48	8.00	8.00	2.82	1.87	12.800517	16.597222	14.705824	0.555920
6.28	21.48	8.00	8.00	2.82	1.87	12.799505	16.596343	14.704856	0.555920
6.28	21.48	8.00	8.00	2.82	1.87	12.798494	16.595465	14.703889	0.555920
6.28	21.48	8.00	8.00	2.82	1.87	12.797485	16.594587	14.702923	0.555919
6.28	21.48	8.00	8.00	2.82	1.87	12.796477	16.593710	14.701958	0.555919
6.29	21.48	8.00	8.00	2.82	1.87	12.795470	16.592834	14.700994	0.555918
6.29	21.48	8.00	8.00	2.82	1.87	12.794464	16.591958	14.700031	0.555918
6.29	21.48	8.00	8.00	2.82	1.87	12.793459	16.591083	14.699069	0.555918
6.29	21.48	8.00	8.00	2.82	1.87	12.792456	16.590208	14.698108	0.555917
6.30	21.48	8.00	8.00	2.82	1.87	12.791454	16.589335	14.697148	0.555917
6.30	21.48	8.00	8.00	2.82	1.87	12.790453	16.588461	14.696189	0.555916
6.30	21.48	8.00	8.00	2.82	1.87	12.789454	16.587589	14.695231	0.555916
6.31	21.48	8.00	8.00	2.82	1.87	12.788456	16.586717	14.694273	0.555916
6.31	21.48	8.00	8.00	2.82	1.87	12.787459	16.585846	14.693317	0.555915
6.31	21.48	8.00	8.00	2.82	1.87	12.786463	16.584975	14.692362	0.555915
6.31	21.48	8.00	8.00	2.82	1.87	12.785469	16.584106	14.691407	0.555914
6.32	21.48	8.00	8.00	2.82	1.87	12.784475	16.583236	14.690454	0.555914
6.32	21.48	8.00	8.00	2.82	1.87	12.783483	16.582368	14.689501	0.555913
6.32	21.48	8.00	8.00	2.82	1.87	12.782493	16.581500	14.688550	0.555913
6.33	21.48	8.00	8.00	2.82	1.87	12.781503	16.580633	14.687599	0.555913
6.33	21.48	8.00	8.00	2.82	1.87	12.780515	16.579766	14.686649	0.555912
6.33	21.48	8.00	8.00	2.82	1.87	12.779528	16.578900	14.685700	0.555912
6.33	21.48	8.00	8.00	2.82	1.87	12.778542	16.578035	14.684753	0.555911
6.34	21.48	8.00	8.00	2.82	1.87	12.777558	16.577170	14.683806	0.555911
6.34	21.48	8.00	8.00	2.82	1.87	12.776575	16.576306	14.682860	0.555910
6.34	21.48	7.99	7.99	2.82	1.87	12.775593	16.575443	14.681915	0.555910
6.34	21.48	7.99	7.99	2.82	1.87	12.774612	16.574580	14.680971	0.555910
6.35	21.48	7.99	7.99	2.82	1.87	12.773633	16.573718	14.680028	0.555909
6.35	21.48	7.99	7.99	2.82	1.87	12.772655	16.572857	14.679086	0.555909
6.35	21.48	7.99	7.99	2.82	1.87	12.771678	16.571996	14.678145	0.555908
6.36	21.48	7.99	7.99	2.82	1.87	12.770702	16.571136	14.677205	0.555908
6.36	21.48	7.99	7.99	2.82	1.87	12.769728	16.570277	14.676265	0.555907
6.36	21.48	7.99	7.99	2.82	1.87	12.768754	16.569418	14.675327	0.555907
6.36	21.48	7.99	7.99	2.82	1.87	12.767783	16.568560	14.674390	0.555906
6.37	21.48	7.99	7.99	2.82	1.87	12.766812	16.567703	14.673453	0.555906
6.37	21.48	7.99	7.99	2.82	1.87	12.765843	16.566846	14.672518	0.555905
6.37	21.48	7.99	7.99	2.82	1.87	12.764875	16.565990	14.671584	0.555905
6.38	21.48	7.99	7.99	2.82	1.87	12.763908	16.565135	14.670650	0.555904
6.38	21.48	7.99	7.99	2.82	1.87	12.762942	16.564280	14.669718	0.555904
6.38	21.48	7.99	7.99	2.82	1.87	12.761978	16.563426	14.668786	0.555904
6.38	21.48	7.99	7.99	2.82	1.87	12.761015	16.562572	14.667855	0.555903
6.39	21.48	7.99	7.99	2.82	1.87	12.760053	16.561720	14.666926	0.555903
6.39	21.48	7.99	7.99	2.82	1.87	12.759093	16.560867	14.665997	0.555902
6.39	21.48	7.99	7.99	2.82	1.87	12.758133	16.560016	14.665069	0.555902
6.39	21.48	7.99	7.99	2.82	1.87	12.757175	16.559165	14.664142	0.555901
6.40	21.48	7.99	7.99	2.82	1.87	12.756219	16.558315	14.663217	0.555901
6.40	21.48	7.99	7.99	2.82	1.87	12.755263	16.557466	14.662292	0.555900
6.40	21.48	7.99	7.99	2.82	1.87	12.754309	16.556617	14.661368	0.555900
6.41	21.48	7.99	7.99	2.82	1.87	12.753356	16.555769	14.660445	0.555899
6.41	21.48	7.99	7.99	2.82	1.87	12.752404	16.554921	14.659523	0.555899
6.41	21.48	7.99	7.99	2.82	1.87	12.751454	16.554074	14.658602	0.555898
6.41	21.48	7.99	7.99	2.82	1.87	12.750505	16.553228	14.657682	0.555898
6.42	21.48	7.99	7.99	2.82	1.87	12.749557	16.552383	14.656763	0.555897
6.42	21.48	7.99	7.99	2.82	1.87	12.748610	16.551538	14.655844	0.555897
6.42	21.48	7.99	7.99	2.82	1.87	12.747665	16.550694	14.654927	0.555896
6.42	21.48	7.99	7.99	2.82	1.87	12.746721	16.549850	14.654011	0.555896
6.43	21.48	7.99	7.99	2.82	1.87	12.745778	16.549008	14.653096	0.555895
6.43	21.48	7.99	7.99	2.82	1.87	12.744836	16.548165	14.652181	0.555895
6.43	21.48	7.99	7.99	2.82	1.87	12.743896	16.547324	14.651268	0.555894
6.44	21.48	7.99	7.99	2.82	1.87	12.742957	16.546483	14.650356	0.555894
6.44	21.48	7.99	7.99	2.82	1.87	12.742019	16.545643	14.649444	0.555893
6.44	21.48	7.99	7.99	2.82	1.87	12.741083	16.544803	14.648534	0.555893
6.44	21.48	7.99	7.99	2.82	1.87	12.740148	16.543965	14.647624	0.555892
6.45	21.48	7.99	7.99	2.82	1.87	12.739214	16.543127	14.646716	0.555892
6.45	21.48	7.99	7.99	2.82	1.87	12.738281	16.542289	14.645808	0.555891
6.45	21.48	7.99	7.99	2.82	1.87	12.737350	16.541452	14.644901	0.555891
6.46	21.48	7.99	7.99	2.82	1.87	12.736419	16.540616	14.643996	0.555890
6.46	21.48	7.99	7.99	2.82	1.87	12.735490	16.539781	14.643091	0.555890
6.46	21.48	7.99	7.99	2.82	1.87	12.734563	16.538946	14.642187	0.555889
6.46	21.48	7.99	7.99	2.82	1.87	12.733637	16.538112	14.641285	0.555888
6.47	21.48	7.99	7.99	2.82	1.87	12.732711	16.537278	14.640383	0.555888
6.47	21.48	7.99	7.99	2.82	1.87	12.731788	16.536445	14.639482	0.555887
6.47	21.48	7.99	7.99	2.82	1.87	12.730865	16.535613	14.638582	0.555887
6.47	21.48	7.99	7.99	2.82	1.87	12.729944	16.534782	14.637683	0.555886
6.48	21.48	7.99	7.99	2.82	1.87	12.729024	16.533951	14.636785	0.555886
6.48	21.48	7.99	7.99	2.82	1.87	12.728105	16.533121	14.635888	0.555885
6.48	21.48	7.99	7.99	2.82	1.87	12.727188	16.532291	14.634992	0.555885
6.49	21.48	7.99	7.99	2.82	1.87	12.726272	16.531462	14.634097	0.555884
6.49	21.48	7.99	7.99	2.82	1.87	12.725357	16.530634	14.633203	0.555884
6.49	21.48	7.99	7.99	2.82	1.87	12.724443	16.529807	14.632310	0.555883
6.49	21.48	7.99	7.99	2.82	1.87	12.723531	16.528980	14.631418	0.555882
6.50	21.48	7.99	7.99	2.82	1.87	12.722620	16.528154	14.630527	0.555882
6.50	21.48	7.99	7.99	2.82	1.87	12.721710	16.527329	14.629637	0.555881
6.50	21.48	7.99	7.99	2.82	1.87	12.720801	16.526504	14.628747	0.555881
6.51	21.48	7.99	7.99	2.82	1.87	12.719894	16.525680	14.627859	0.555880
6.51	21.48	7.99	7.99	2.82	1.87	12.718988	16.524856	14.626972	0.555880
6.51	21.48	7.99	7.99	2.82	1.87	12.718083	16.524034	14.626086	0.555879
6.51	21.48	7.99	7.99	2.82	1.87	12.717180	16.523212	14.625200	0.555879
6.52	21.48	7.99	7.99	2.82	1.87	12.716278	16.522390	14.624316	0.555878
6.52	21.48	7.99	7.99	2.82	1.87	12.715377	16.521569	14.623433	0.555877
6.52	21.48	7.99	7.99	2.82	1.87	12.714477	16.520749	14.622550	0.555877
6.53	21.48	7.99	7.99	2.82	1.87	12.713579	16.519930	14.621669	0.555876
6.53	21.48	7.99	7.99	2.82	1.87	12.712682	16.519111	14.620788	0.555876
6.53	21.48	7.99	11.74	2.82	1.87	12.711786	16.518293	14.619909	0.555875
6.53	21.48	7.99	11.74	2.82	1.87	12.710891	16.517476	14.619030	0.555875
6.54	21.48	7.99	11.74	2.82	1.87	12.709998	16.516659	14.618153	0.555874
6.54	21.48	7.99	11.74	2.82	1.87	12.709106	16.515843	14.617276	0.555873
6.54	21.48	7.99	11.74	2.82	1.87	12.708217	16.515028	14.616400	0.555873
6.54	21.48	7.99	11.74	2.82	1.87	12.707334	16.514213	14.615526	0.555872
6.55	21.48	7.99	11.74	2.82	1.87	12.706469	16.513399	14.614654	0.555871
6.55	21.48	7.99	11.74	2.82	1.87	12.705636	16.512586	14.613785	0.555871
6.55	21.48	7.99	11.75	2.82	1.87	12.704857	16.511773	14.612921	0.555869
6.56	21.48	7.99	11.75	2.82	1.87	12.704154	16.510962	14.612065	0.555868
6.56	21.48	7.99	11.75	2.82	1.87	12.703549	16.510150	14.611221	0.555866
6.56	21.48	7.99	11.75	2.82	1.87	12.703061	16.509340	14.610390	0.555864
6.56	21.48	7.99	11.75	2.82	1.87	12.702708	16.508531	14.609578	0.555861
6.57	21.48	7.99	11.75	2.82	1.87	12.702501	16.507722	14.608786	0.555857
6.57	21.48	7.99	11.75	2.82	1.87	12.702449	16.506914	14.608018	0.555852
6.57	21.48	7.99	11.75	2.82	1.87	12.702559	16.506107	14.607277	0.555847
6.58	21.48	7.99	11.75	2.82	1.87	12.702833	16.505301	14.606565	0.555841
6.58	21.48	7.99	11.76	2.82	1.87	12.703272	16.504496	14.605886	0.555834
6.58	21.48	7.99	11.76	2.82	1.87	12.703875	16.503691	14.605240	0.555827
6.58	21.48	7.99	11.76	2.82	1.87	12.704639	16.502888	14.604629	0.555819
6.59	21.48	7.99	11.76	2.82	1.87	12.705561	16.502086	14.604056	0.555810
6.59	21.48	7.99	11.76	2.82	1.87	12.706636	16.501285	14.603520	0.555800
6.59	21.48	7.99	11.76	2.82	1.87	12.707858	16.500485	14.603024	0.555789
6.59	21.48	7.99	11.76	2.82	1.87	12.709223	16.499686	14.602568	0.555778
6.60	21.48	7.99	11.76	2.82	1.87	12.710723	16.498888	14.602153	0.555767
6.60	21.48	7.99	11.76	2.82	1.87	12.712354	16.498091	14.601779	0.555754
6.60	21.48	7.99	11.77	2.82	1.87	12.714108	16.497296	14.601446	0.555741
6.61	21.48	7.99	11.77	2.82	1.87	12.715981	16.496503	14.601155	0.555728
6.61	21.48	7.99	11.77	2.82	1.87	12.717965	16.495711	14.600906	0.555714
6.61	21.48	7.99	11.77	2.82	1.87	12.720055	16.494920	14.600698	0.555699
6.61	21.48	7.99	11.77	2.82	1.87	12.722246	16.494132	14.600532	0.555684
6.62	21.48	7.99	11.77	2.82	1.87	12.724532	16.493345	14.600407	0.555669
6.62	21.48	7.99	11.77	2.82	1.87	12.726907	16.492561	14.600324	0.555653
6.62	21.48	7.99	11.77	2.82	1.87	12.729367	16.491779	14.600281	0.555637
6.62	21.48	7.99	11.77	2.82	1.87	12.731907	16.490999	14.600278	0.555620
6.63	21.48	7.99	11.78	2.82	1.87	12.734522	16.490222	14.600316	0.555603
6.63	21.48	7.99	11.78	2.82	1.87	12.737208	16.489448	14.600392	0.555586
6.63	21.48	8.00	11.78	2.82	1.87	12.739961	16.488677	14.600508	0.555568
6.64	21.48	8.00	11.78	2.82	1.87	12.742776	16.487909	14.600662	0.555551
6.64	21.48	8.00	11.78	2.82	1.87	12.745650	16.487144	14.600854	0.555532
6.64	21.48	8.00	11.78	2.82	1.86	12.748580	16.486383	14.601083	0.555514
6.64	21.48	8.00	11.78	2.82	1.86	12.751561	16.485626	14.601348	0.555495
6.65	21.48	8.00	11.78	2.82	1.86	12.754592	16.484873	14.601649	0.555476
6.65	21.48	8.00	11.79	2.82	1.86	12.757668	16.484124	14.601986	0.555457
6.65	21.48	8.00	11.79	2.82	1.86	12.760786	16.483380	14.602357	0.555438
6.66	21.48	8.00	11.79	2.82	1.86	12.763945	16.482640	14.602762	0.555419
6.66	21.48	8.00	11.79	2.82	1.86	12.767141	16.481905	14.603201	0.555399
6.66	21.48	8.00	11.79	2.82	1.86	12.770373	16.481175	14.603672	0.555379
6.66	21.48	8.00	11.79	2.82	1.86	12.773637	16.480450	14.604174	0.555359
6.67	21.48	8.00	11.79	2.82	1.86	12.776931	16.479730	14.604709	0.555339
6.67	21.48	8.00	11.79	2.82	1.86	12.780255	16.479016	14.605273	0.555319
6.67	21.48	8.00	11.80	2.82	1.86	12.783604	16.478308	14.605868	0.555299
6.67	21.48	8.00	11.80	2.82	1.86	12.786979	16.477606	14.606492	0.555278
6.68	21.48	8.00	11.80	2.82	1.86	12.790376	16.476909	14.607144	0.555258
6.68	21.48	8.00	11.80	2.82	1.86	12.793795	16.476219	14.607824	0.555237
6.68	21.48	8.00	11.80	2.82	1.86	12.797234	16.475535	14.608532	0.555217
6.69	21.48	8.00	11.80	2.82	1.86	12.800691	16.474858	14.609266	0.555196
6.69	21.48	8.00	11.80	2.82	1.86	12.804164	16.474187	14.610026	0.555175
6.69	21.48	8.00	11.80	2.82	1.85	12.807654	16.473522	14.610812	0.555154
6.69	21.48	8.00	11.81	2.82	1.85	12.811158	16.472865	14.611622	0.555133
6.70	21.48	8.00	11.81	2.82	1.85	12.814675	16.472214	14.612456	0.555112
6.70	21.48	8.00	11.81	2.82	1.85	12.818204	16.471571	14.613314	0.555092
6.70	21.48	8.00	11.81	2.82	1.85	12.821744	16.470934	14.614195	0.555071
6.71	21.48	8.00	11.81	2.82	1.85	12.825295	16.470305	14.615098	0.555050
6.71	21.48	8.01	11.81	2.82	1.85	12.828854	16.469683	14.616022	0.555029
6.71	21.48	8.01	11.81	2.82	1.85	12.832422	16.469068	14.616968	0.555007
6.71	21.48	8.01	11.82	2.82	1.85	12.835997	16.468461	14.617935	0.554986
6.72	21.48	8.01	11.82	2.82	1.85	12.839578	16.467861	14.618921	0.554965
6.72	21.48	8.01	11.82	2.82	1.85	12.843166	16.467269	14.619928	0.554944
6.72	21.48	8.01	11.82	2.82	1.85	12.846758	16.466684	14.620953	0.554923
6.72	21.48	8.01	11.82	2.82	1.85	12.850355	16.466107	14.621997	0.554902
6.73	21.48	8.01	11.82	2.82	1.85	12.853956	16.465538	14.623058	0.554881
6.73	21.48	8.01	11.82	2.82	1.85	12.857561	16.464977	14.624138	0.554860
6.73	21.48	8.01	11.82	2.82	1.85	12.861167	16.464423	14.625234	0.554839
6.74	21.48	8.01	11.83	2.82	1.85	12.864776	16.463877	14.626347	0.554818
6.74	21.48	8.01	11.83	2.82	1.85	12.868387	16.463338	14.627476	0.554797
6.74	21.48	8.01	11.83	2.82	1.84	12.871999	16.462808	14.628620	0.554776
6.74	21.48	8.01	11.83	2.82	1.84	12.875611	16.462285	14.629780	0.554755
6.75	21.48	8.01	11.83	2.82	1.84	12.879224	16.461770	14.630955	0.554734
6.75	21.48	8.01	11.83	2.82	1.84	12.882836	16.461263	14.632144	0.554714
6.75	21.48	8.01	11.83	2.82	1.84	12.886448	16.460764	14.633347	0.554693
6.76	21.48	8.01	11.84	2.82	1.84	12.890059	16.460273	14.634563	0.554672
6.76	21.48	8.01	11.84	2.82	1.84	12.893669	16.459790	14.635793	0.554651
6.76	21.48	8.02	11.84	2.82	1.84	12.897277	16.459314	14.637036	0.554630
6.76	21.48	8.02	11.84	2.82	1.84	12.900883	16.458846	14.638290	0.554610
6.77	21.48	8.02	11.84	2.82	1.84	12.904487	16.458386	14.639557	0.554589
6.77	21.48	8.02	11.84	2.82	1.84	12.908089	16.457934	14.640836	0.554568
6.77	21.48	8.02	11.84	2.82	1.84	12.911688	16.457490	14.642126	0.554548
6.78	21.48	8.02	11.85	2.82	1.84	12.915283	16.457053	14.643427	0.554527
6.78	21.48	8.02	11.85	2.82	1.84	12.918876	16.456625	14.644739	0.554507
6.78	21.48	8.02	11.85	2.82	1.84	12.922465	16.456204	14.646061	0.554486
6.78	21.48	8.02	11.85	2.82	1.84	12.926051	16.455790	14.647393	0.554466
6.79	21.48	8.02	11.85	2.82	1.84	12.929633	16.455385	14.648734	0.554446
6.79	21.48	8.02	11.85	2.82	1.83	12.933210	16.454987	14.650086	0.554425
6.79	21.48	8.02	11.85	2.82	1.83	12.936784	16.454596	14.651446	0.554405
6.79	21.48	8.02	11.86	2.82	1.83	12.940353	16.454213	14.652815	0.554385
6.80	21.48	8.02	11.86	2.82	1.83	12.943917	16.453838	14.654193	0.554365
6.80	21.48	8.02	11.86	2.82	1.83	12.947477	16.453470	14.655579	0.554345
6.80	21.48	8.03	11.86	2.82	1.83	12.951032	16.453110	14.656973	0.554325
6.81	21.48	8.03	11.86	2.82	1.83	12.954583	16.452757	14.658376	0.554305
6.81	21.48	8.03	11.86	2.82	1.83	12.958128	16.452412	14.659785	0.554285
6.81	21.48	8.03	11.87	2.82	1.83	12.961667	16.452074	14.661202	0.554265
6.81	21.48	8.03	11.87	2.82	1.83	12.965202	16.451743	14.662626	0.554245
6.82	21.48	8.03	11.87	2.82	1.83	12.968731	16.451420	14.664057	0.554225
6.82	21.48	8.03	11.87	2.82	1.83	12.972255	16.451103	14.665494	0.554206
6.82	21.48	8.03	11.87	2.82	1.83	12.975773	16.450794	14.666938	0.554186
6.83	21.48	8.03	11.87	2.82	1.83	12.979285	16.450493	14.668388	0.554166
6.83	21.48	8.03	11.87	2.82	1.83	12.982791	16.450198	14.669844	0.554147
6.83	21.48	8.03	11.88	2.82	1.83	12.986292	16.449911	14.671306	0.554127
6.83	21.48	8.03	11.88	2.82	1.83	12.989787	16.449630	14.672774	0.554108
6.84	21.48	8.03	11.88	2.82	1.83	12.993275	16.449357	14.674247	0.554088
6.84	21.48	8.04	11.88	2.82	1.82	12.996758	16.449090	14.675725	0.554069
6.84	21.48	8.04	11.88	2.82	1.82	13.000235	16.448831	14.677208	0.554050
6.84	21.48	8.04	11.88	2.82	1.82	13.003705	16.448578	14.678696	0.554031
6.85	21.48	8.04	11.89	2.82	1.82	13.007169	16.448332	14.680189	0.554012
6.85	21.48	8.04	11.89	2.82	1.82	13.010627	16.448093	14.681686	0.553992
6.85	21.48	8.04	11.89	2.82	1.82	13.014078	16.447861	14.683188	0.553973
6.86	21.48	8.04	11.89	2.82	1.82	13.017524	16.447636	14.684694	0.553954
6.86	21.48	8.04	11.89	2.82	1.82	13.020962	16.447417	14.686204	0.553936
6.86	21.48	8.04	11.89	2.82	1.82	13.024395	16.447204	14.687718	0.553917
6.86	21.48	8.04	11.89	2.82	1.82	13.027821	16.446999	14.689235	0.553898
6.87	21.48	8.04	11.90	2.82	1.82	13.031240	16.446800	14.690757	0.553879
6.87	21.48	8.04	11.90	2.82	1.82	13.034653	16.446607	14.692282	0.553860
6.87	21.48	8.05	11.90	2.82	1.82	13.038059	16.446421	14.693810	0.553842
6.88	21.48	8.05	11.90	2.82	1.82	13.041459	16.446241	14.695342	0.553823
6.88	21.48	8.05	11.90	2.82	1.82	13.044852	16.446068	14.696876	0.553805
6.88	21.48	8.05	11.90	2.82	1.82	13.048239	16.445901	14.698414	0.553786
6.88	21.48	8.05	11.91	2.82	1.82	13.051619	16.445740	14.699955	0.553768
6.89	21.48	8.05	11.91	2.83	1.82	13.054992	16.445586	14.701498	0.553750
6.89	21.48	8.05	11.91	2.83	1.82	13.058359	16.445437	14.703044	0.553731
6.89	21.48	8.05	11.91	2.83	1.81	13.061719	16.445295	14.704593	0.553713
6.89	21.48	8.05	11.91	2.83	1.81	13.065072	16.445159	14.706144	0.553695
6.90	21.48	8.05	11.91	2.83	1.81	13.068419	16.445029	14.707697	0.553677
6.90	21.48	8.05	11.92	2.83	1.81	13.071759	16.444906	14.709253	0.553659
6.90	21.48	8.06	11.92	2.83	1.81	13.075092	16.444788	14.710811	0.553641
6.91	21.48	8.06	11.92	2.83	1.81	13.078419	16.444676	14.712371	0.553623
6.91	21.48	8.06	11.92	2.83	1.81	13.081739	16.444570	14.713932	0.553605
6.91	21.48	8.06	11.92	2.83	1.81	13.085052	16.444470	14.715496	0.553587
6.91	21.48	8.06	11.92	2.83	1.81	13.088359	16.444376	14.717062	0.553570
6.92	21.48	8.06	11.93	2.83	1.81	13.091659	16.444287	14.718629	0.553552
6.92	21.48	8.06	11.93	2.83	1.81	13.094952	16.444205	14.720198	0.553534
6.92	21.48	8.06	11.93	2.83	1.81	13.098239	16.444128	14.721769	0.553517
6.92	21.48	8.06	11.93	2.83	1.81	13.101519	16.444056	14.723341	0.553499
6.93	21.48	8.06	11.93	2.83	1.81	13.104792	16.443991	14.724914	0.553482
6.93	21.48	8.07	11.93	2.83	1.81	13.108058	16.443931	14.726489	0.553464
6.93	21.48	8.07	11.94	2.83	1.81	13.111318	16.443877	14.728065	0.553447
6.94	21.48	8.07	11.94	2.83	1.81	13.114571	16.443828	14.729642	0.553430
6.94	21.48	8.07	11.94	2.83	1.81	13.117818	16.443785	14.731221	0.553412
6.94	21.48	8.07	11.94	2.83	1.81	13.121058	16.443747	14.732800	0.553395
6.94	21.48	8.07	11.94	2.83	1.81	13.124292	16.443714	14.734381	0.553378
6.95	21.48	8.07	11.95	2.83	1.80	13.127518	16.443688	14.735962	0.553361
6.95	21.48	8.07	11.95	2.83	1.80	13.130739	16.443666	14.737544	0.553344
6.95	21.48	8.07	11.95	2.83	1.80	13.133952	16.443650	14.739128	0.553327
6.96	21.48	8.08	11.95	2.83	1.80	13.137159	16.443639	14.740712	0.553310
6.96	21.48	8.08	11.95	2.83	1.80	13.140360	16.443633	14.742296	0.553293
6.96	21.48	8.08	11.95	2.83	1.80	13.143554	16.443633	14.743882	0.553276
6.96	21.48	8.08	11.96	2.83	1.80	13.146742	16.443638	14.745468	0.553260
6.97	21.48	8.08	11.96	2.83	1.80	13.149923	16.443648	14.747055	0.553243
6.97	21.48	8.08	11.96	2.83	1.80	13.153097	16.443663	14.748642	0.553226
6.97	21.48	8.08	11.96	2.83	1.80	13.156265	16.443683	14.750229	0.553210
6.97	21.48	8.08	11.96	2.83	1.80	13.159427	16.443708	14.751818	0.553193
6.98	21.48	8.08	11.97	2.83	1.80	13.162582	16.443738	14.753406	0.553177
6.98	21.48	8.09	11.97	2.83	1.80	13.165731	16.443774	14.754995	0.553160
6.98	21.48	8.09	11.97	2.83	1.80	13.168874	16.443814	14.756584	0.553144
6.99	21.48	8.09	11.97	2.83	1.80	13.172010	16.443859	14.758174	0.553128
6.99	21.48	8.09	11.97	2.83	1.80	13.175139	16.443910	14.759764	0.553111
6.99	21.48	8.09	11.97	2.83	1.80	13.178263	16.443965	14.761354	0.553095
6.99	21.48	8.09	11.98	2.83	1.80	13.181380	16.444025	14.762944	0.553079
7.00	21.48	8.09	11.98	2.83	1.80	13.184491	16.444090	14.764534	0.553063
7.00	21.48	8.09	11.98	2.83	1.80	13.187595	16.444159	14.766125	0.553047
7.00	21.48	8.10	11.98	2.83	1.80	13.190693	16.444234	14.767716	0.553031
7.01	21.48	8.10	11.98	2.83	1.80	13.193785	16.444313	14.769306	0.553015
7.01	21.48	8.10	11.99	2.83	1.79	13.196871	16.444397	14.770897	0.552999
7.01	21.48	8.10	11.99	2.83	1.79	13.199951	16.444485	14.772488	0.552983
7.01	21.48	8.10	11.99	2.83	1.79	13.203024	16.444578	14.774078	0.552967
7.02	21.48	8.10	11.99	2.83	1.79	13.206092	16.444676	14.775669	0.552952
7.02	21.48	8.10	11.99	2.83	1.79	13.209153	16.444779	14.777259	0.552936
7.02	21.48	8.10	11.99	2.83	1.79	13.212208	16.444886	14.778850	0.552920
7.03	21.48	8.11	12.00	2.83	1.79	13.215257	16.444997	14.780440	0.552905
7.03	21.48	8.11	12.00	2.83	1.79	13.218300	16.445113	14.782030	0.552889
7.03	21.48	8.11	12.00	2.83	1.79	13.221337	16.445234	14.783620	0.552874
7.03	21.48	8.11	12.00	2.83	1.79	13.224368	16.445359	14.785210	0.552858
7.04	21.48	8.11	12.00	2.83	1.79	13.227393	16.445489	14.786799	0.552843
7.04	21.48	8.11	12.01	2.83	1.79	13.230412	16.445623	14.788389	0.552828
7.04	21.48	8.11	12.01	2.83	1.79	13.233426	16.445761	14.789978	0.552812
7.04	21.48	8.11	12.01	2.83	1.79	13.236433	16.445904	14.791566	0.552797
7.05	21.48	8.12	12.01	2.83	1.79	13.239434	16.446051	14.793155	0.552782
7.05	21.48	8.12	12.01	2.83	1.79	13.242430	16.446202	14.794743	0.552767
7.05	21.48	8.12	12.02	2.83	1.79	13.245419	16.446358	14.796331	0.552752
7.06	21.48	8.12	12.02	2.83	1.79	13.248403	16.446518	14.797918	0.552737
7.06	21.48	8.12	12.02	2.83	1.79	13.251381	16.446682	14.799505	0.552722
7.06	21.48	8.12	12.02	2.83	1.79	13.254353	16.446851	14.801092	0.552707
7.06	21.48	8.12	12.02	2.83	1.79	13.257320	16.447024	14.802678	0.552692
7.07	21.48	8.13	12.03	2.83	1.79	13.260281	16.447200	14.804264	0.552677
7.07	21.48	8.13	12.03	2.83	1.79	13.263236	16.447381	14.805850	0.552662
7.07	21.48	8.13	12.03	2.83	1.78	13.266185	16.447567	14.807435	0.552647
7.08	21.48	8.13	12.03	2.83	1.78	13.269129	16.447756	14.809020	0.552633
7.08	21.48	8.13	12.03	2.83	1.78	13.272068	16.447949	14.810604	0.552618
7.08	21.48	8.13	12.04	2.83	1.78	13.275000	16.448147	14.812187	0.552603
7.08	21.48	8.13	12.04	2.83	1.78	13.277927	16.448348	14.813771	0.552589
7.09	21.48	8.14	12.04	2.83	1.78	13.280849	16.448554	14.815353	0.552574
7.09	21.48	8.14	12.04	2.83	1.78	13.283765	16.448763	14.816936	0.552560
7.09	21.48	8.14	12.04	2.83	1.78	13.286675	16.448977	14.818517	0.552545
7.09	21.48	8.14	12.05	2.83	1.78	13.289580	16.449194	14.820098	0.552531
7.10	21.48	8.14	12.05	2.83	1.78	13.292480	16.449416	14.821679	0.552517
7.10	21.48	8.14	12.05	2.83	1.78	13.295374	16.449641	14.823259	0.552502
7.10	21.48	8.14	12.05	2.83	1.78	13.298263	16.449870	14.824839	0.552488
7.11	21.48	8.15	12.05	2.83	1.78	13.301146	16.450103	14.826418	0.552474
7.11	21.48	8.15	12.06	2.83	1.78	13.304024	16.450340	14.827996	0.552460
7.11	21.48	8.15	12.06	2.83	1.78	13.306897	16.450581	14.829574	0.552446
7.11	21.48	8.15	12.06	2.83	1.78	13.309764	16.450825	14.831152	0.552432
7.12	21.48	8.15	12.06	2.83	1.78	13.312627	16.451074	14.832728	0.552418
7.12	21.48	8.15	12.06	2.83	1.78	13.315484	16.451326	14.834304	0.552404
7.12	21.48	8.15	12.07	2.83	1.78	13.318335	16.451582	14.835880	0.552390
7.12	21.48	8.16	12.07	2.83	1.78	13.321182	16.451842	14.837455	0.552376
7.13	21.48	8.16	12.07	2.83	1.78	13.324023	16.452105	14.839029	0.552362
7.13	21.48	8.16	12.07	2.83	1.78	13.326859	16.452372	14.840603	0.552348
7.13	21.48	8.16	12.07	2.83	1.78	13.329691	16.452643	14.842176	0.552334
7.14	21.48	8.16	12.08	2.83	1.78	13.332517	16.452917	14.843749	0.552321
7.14	21.48	8.16	12.08	2.83	1.77	13.335337	16.453195	14.845321	0.552307
7.14	21.48	8.17	12.08	2.83	1.77	13.338153	16.453477	14.846892	0.552293
7.14	21.48	8.17	12.08	2.83	1.77	13.340964	16.453762	14.848463	0.552280
7.15	21.48	8.17	12.08	2.83	1.77	13.343770	16.454051	14.850033	0.552266
7.15	21.48	8.17	12.09	2.83	1.77	13.346571	16.454343	14.851602	0.552253
7.15	21.48	8.17	12.09	2.83	1.77	13.349367	16.454639	14.853171	0.552239
7.16	21.48	8.17	12.09	2.83	1.77	13.352158	16.454939	14.854739	0.552226
7.16	21.48	8.18	12.09	2.83	1.77	13.354944	16.455242	14.856306	0.552212
7.16	21.48	8.18	12.10	2.83	1.77	13.357725	16.455548	14.857873	0.552199
7.16	21.48	8.18	12.10	2.83	1.77	13.360502	16.455858	14.859439	0.552186
7.17	21.48	8.18	12.10	2.83	1.77	13.363273	16.456171	14.861005	0.552172
7.17	21.48	8.18	12.10	2.83	1.77	13.366040	16.456488	14.862570	0.552159
7.17	21.48	8.18	12.10	2.83	1.77	13.368802	16.456808	14.864134	0.552146
7.17	21.48	8.19	12.11	2.83	1.77	13.371559	16.457132	14.865698	0.552133
7.18	21.48	8.19	12.11	2.83	1.77	13.374312	16.457459	14.867261	0.552120
7.18	21.48	8.19	12.11	2.83	1.77	13.377060	16.457790	14.868823	0.552107
7.18	21.48	8.19	12.11	2.83	1.77	13.379803	16.458123	14.870385	0.552094
7.19	21.48	8.19	12.11	2.83	1.77	13.382541	16.458460	14.871946	0.552081
7.19	21.48	8.19	12.12	2.83	1.77	13.385275	16.458801	14.873506	0.552068
7.19	21.48	8.20	12.12	2.83	1.77	13.388005	16.459145	14.875066	0.552055
7.19	21.48	8.20	12.12	2.83	1.77	13.390729	16.459492	14.876625	0.552042
7.20	21.48	8.20	12.12	2.83	1.77	13.393449	16.459842	14.878183	0.552029
7.20	21.48	8.20	12.13	2.83	1.77	13.396165	16.460196	14.879741	0.552017
7.20	21.48	8.20	12.13	2.83	1.77	13.398876	16.460552	14.881298	0.552004
7.21	21.48	8.20	12.13	2.83	1.77	13.401583	16.460912	14.882854	0.551991
7.21	21.48	8.21	12.13	2.83	1.77	13.404285	16.461276	14.884410	0.551978
7.21	21.48	8.21	12.13	2.83	1.77	13.406982	16.461642	14.885965	0.551966
7.21	21.48	8.21	12.14	2.83	1.76	13.409676	16.462012	14.887520	0.551953
7.22	21.48	8.21	12.14	2.83	1.76	13.412364	16.462384	14.889073	0.551941
7.22	21.48	8.21	12.14	2.83	1.76	13.415049	16.462760	14.890627	0.551928
7.22	21.48	8.21	12.14	2.83	1.76	13.417729	16.463139	14.892179	0.551916
7.22	21.48	8.22	12.15	2.83	1.76	13.420405	16.463521	14.893731	0.551903
7.23	21.48	8.22	12.15	2.83	1.76	13.423076	16.463907	14.895282	0.551891
7.23	21.48	8.22	12.15	2.83	1.76	13.425744	16.464295	14.896833	0.551879
7.23	21.48	8.22	12.15	2.83	1.76	13.428407	16.464686	14.898383	0.551866
7.24	21.48	8.22	12.15	2.83	1.76	13.431065	16.465081	14.899932	0.551854
7.24	21.48	8.23	12.16	2.83	1.76	13.433720	16.465478	14.901481	0.551842
7.24	21.48	8.23	12.16	2.83	1.76	13.436370	16.465879	14.903029	0.551830
7.24	21.48	8.23	12.16	2.83	1.76	13.439017	16.466282	14.904576	0.551817
7.25	21.48	8.23	12.16	2.83	1.76	13.441659	16.466689	14.906123	0.551805
7.25	21.48	8.23	12.17	2.83	1.76	13.444297	16.467098	14.907669	0.551793
7.25	21.48	8.23	12.17	2.83	1.76	13.446930	16.467511	14.909215	0.551781
7.26	21.48	8.24	12.17	2.83	1.76	13.449560	16.467926	14.910759	0.551769
7.26	21.48	8.24	12.17	2.83	1.76	13.452186	16.468344	14.912304	0.551757
7.26	21.48	8.24	12.18	2.83	1.76	13.454808	16.468766	14.913847	0.551745
7.26	21.48	8.24	12.18	2.83	1.76	13.457425	16.469190	14.915390	0.551733
7.27	21.48	8.24	12.18	2.83	1.76	13.460039	16.469617	14.916933	0.551721
7.27	21.48	8.25	12.18	2.83	1.76	13.462649	16.470047	14.918475	0.551709
7.27	21.48	8.25	12.18	2.83	1.76	13.465255	16.470480	14.920016	0.551698
7.28	21.48	8.25	12.19	2.83	1.76	13.467857	16.470915	14.921556	0.551686
7.28	21.48	8.25	12.19	2.83	1.76	13.470455	16.471354	14.923096	0.551674
7.28	21.48	8.25	12.19	2.83	1.76	13.473049	16.471795	14.924636	0.551662
7.28	21.48	8.26	12.19	2.83	1.76	13.475639	16.472239	14.926174	0.551651
7.29	21.48	8.26	12.20	2.83	1.76	13.478225	16.472686	14.927713	0.551639
7.29	21.48	8.26	12.20	2.83	1.76	13.480808	16.473136	14.929250	0.551627
7.29	21.48	8.26	12.20	2.83	1.75	13.483387	16.473588	14.930787	0.551616
7.29	21.48	8.26	12.20	2.83	1.75	13.485962	16.474044	14.932323	0.551604
7.30	21.48	8.27	12.21	2.83	1.75	13.488533	16.474502	14.933859	0.551593
7.30	21.48	8.27	12.21	2.83	1.75	13.491101	16.474962	14.935394	0.551581
7.30	21.48	8.27	12.21	2.83	1.75	13.493665	16.475426	14.936929	0.551570
7.31	21.48	8.27	12.21	2.83	1.75	13.496225	16.475892	14.938463	0.551558
7.31	21.48	8.27	12.22	2.83	1.75	13.498782	16.476361	14.939997	0.551547
7.31	21.48	8.28	12.22	2.83	1.75	13.501335	16.476833	14.941530	0.551536
7.31	21.48	8.28	12.22	2.83	1.75	13.503884	16.477307	14.943062	0.551524
7.32	21.48	8.28	12.22	2.83	1.75	13.506430	16.477784	14.944594	0.551513
7.32	21.48	8.28	12.23	2.83	1.75	13.508972	16.478263	14.946125	0.551502
7.32	21.48	8.28	12.23	2.83	1.75	13.511511	16.478746	14.947656	0.551491
7.33	21.48	8.29	12.23	2.83	1.75	13.514046	16.479230	14.949186	0.551479
7.33	21.48	8.29	12.23	2.83	1.75	13.516577	16.479718	14.950716	0.551468
7.33	21.48	8.29	12.23	2.83	1.75	13.519105	16.480208	14.952245	0.551457
7.33	21.48	8.29	12.24	2.83	1.75	13.521630	16.480700	14.953773	0.551446
7.34	21.48	8.29	12.24	2.83	1.75	13.524151	16.481196	14.955301	0.551435
7.34	21.48	8.30	12.24	2.83	1.75	13.526669	16.481693	14.956829	0.551424
7.34	21.48	8.30	12.24	2.83	1.75	13.529183	16.482194	14.958355	0.551413
7.34	21.48	8.30	12.25	2.83	1.75	13.531694	16.482697	14.959882	0.551402
7.35	21.48	8.30	12.25	2.83	1.75	13.534202	16.483202	14.961408	0.551391
7.35	21.48	8.30	12.25	2.83	1.75	13.536706	16.483710	14.962933	0.551380
7.35	21.48	8.31	12.25	2.83	1.75	13.539207	16.484220	14.964458	0.551369
7.36	21.48	8.31	12.26	2.83	1.75	13.541705	16.484733	14.965982	0.551358
7.36	21.48	8.31	12.26	2.83	1.75	13.544199	16.485248	14.967506	0.551348
7.36	21.48	8.31	12.26	2.83	1.75	13.546690	16.485766	14.969029	0.551337
7.36	21.48	8.32	12.26	2.83	1.75	13.549178	16.486287	14.970552	0.551326
7.37	21.48	8.32	12.27	2.83	1.75	13.551662	16.486809	14.972074	0.551315
7.37	21.48	8.32	12.27	2.83	1.75	13.554144	16.487334	14.973596	0.551305
7.37	21.48	8.32	12.27	2.83	1.75	13.556622	16.487862	14.975118	0.551294
7.38	21.48	8.32	12.27	2.83	1.75	13.559097	16.488392	14.976639	0.551283
7.38	21.48	8.33	12.28	2.83	1.74	13.561569	16.488924	14.978159	0.551273
7.38	21.48	8.33	12.28	2.83	1.74	13.564037	16.489459	14.979679	0.551262
7.38	21.48	8.33	12.28	2.83	1.74	13.566503	16.489996	14.981198	0.551252
7.39	21.48	8.33	12.28	2.83	1.74	13.568965	16.490536	14.982717	0.551241
7.39	21.48	8.33	12.29	2.83	1.74	13.571425	16.491078	14.984236	0.551231
7.39	21.48	8.34	12.29	2.83	1.74	13.573881	16.491622	14.985754	0.551220
7.39	21.48	8.34	12.29	2.83	1.74	13.576335	16.492169	14.987271	0.551210
7.40	21.48	8.34	12.29	2.83	1.74	13.578785	16.492718	14.988788	0.551199
7.40	21.48	8.34	12.30	2.83	1.74	13.581232	16.493269	14.990305	0.551189
7.40	21.48	8.35	12.30	2.83	1.74	13.583677	16.493823	14.991821	0.551178
7.41	21.48	8.35	12.30	2.83	1.74	13.586118	16.494378	14.993337	0.551168
7.41	21.48	8.35	12.30	2.83	1.74	13.588556	16.494937	14.994852	0.551158
7.41	21.48	8.35	12.31	2.83	1.74	13.590992	16.495497	14.996367	0.551148
7.41	21.48	8.35	12.31	2.83	1.74	13.593425	16.496060	14.997882	0.551137
7.42	21.48	8.36	12.31	2.83	1.74	13.595854	16.496625	14.999396	0.551127
7.42	21.48	8.36	12.31	2.83	1.74	13.598281	16.497192	15.000910	0.551117
7.42	21.48	8.36	12.32	2.83	1.74	13.600705	16.497761	15.002423	0.551107
7.42	21.48	8.36	12.32	2.83	1.74	13.603126	16.498333	15.003936	0.551097
7.43	21.48	8.37	12.32	2.83	1.74	13.605545	16.498907	15.005448	0.551087
7.43	21.48	8.37	12.32	2.83	1.74	13.607960	16.499483	15.006960	0.551076
7.43	21.48	8.37	12.33	2.83	1.74	13.610373	16.500061	15.008472	0.551066
7.44	21.48	8.37	12.33	2.83	1.74	13.612783	16.500642	15.009983	0.551056
7.44	21.48	8.38	12.33	2.83	1.74	13.615190	16.501224	15.011494	0.551046
7.44	21.48	8.38	12.34	2.83	1.74	13.617595	16.501809	15.013004	0.551036
7.44	21.48	8.38	12.34	2.83	1.74	13.619997	16.502396	15.014514	0.551026
7.45	21.48	8.38	12.34	2.83	1.74	13.622396	16.502985	15.016024	0.551016
7.45	21.48	8.39	12.34	2.83	1.74	13.624792	16.503576	15.017533	0.551007
7.45	21.48	8.39	12.35	2.83	1.74	13.627186	16.504170	15.019042	0.550997
7.46	21.48	8.39	12.35	2.83	1.74	13.629577	16.504765	15.020551	0.550987
7.46	21.48	8.39	12.35	2.83	1.74	13.631966	16.505363	15.022059	0.550977
7.46	21.48	8.39	12.35	2.83	1.74	13.634352	16.505962	15.023567	0.550967
7.46	21.48	8.40	12.36	2.83	1.74	13.636735	16.506564	15.025074	0.550957
7.47	21.48	8.40	12.36	2.83	1.74	13.639116	16.507168	15.026581	0.550948
7.47	21.48	8.40	12.36	2.83	1.73	13.641495	16.507774	15.028088	0.550938
7.47	21.48	8.40	12.36	2.83	1.73	13.643870	16.508382	15.029595	0.550928
7.47	21.48	8.41	12.37	2.83	1.73	13.646244	16.508992	15.031101	0.550918
7.48	21.48	8.41	12.37	2.83	1.73	13.648614	16.509604	15.032606	0.550909
7.48	21.48	8.41	12.37	2.83	1.73	13.650983	16.510218	15.034112	0.550899
7.48	21.48	8.41	12.37	2.83	1.73	13.653348	16.510835	15.035617	0.550890
7.49	21.48	8.42	12.38	2.83	1.73	13.655712	16.511453	15.037122	0.550880
7.49	21.48	8.42	12.38	2.83	1.73	13.658073	16.512073	15.038626	0.550870
7.49	21.48	8.42	12.38	2.83	1.73	13.660431	16.512695	15.040130	0.550861
7.49	21.48	8.42	12.39	2.83	1.73	13.662787	16.513319	15.041634	0.550851
7.50	21.48	8.43	12.39	2.83	1.73	13.665141	16.513946	15.043138	0.550842
7.50	21.48	8.43	12.39	2.84	1.73	13.667492	16.514574	15.044641	0.550832
7.50	21.48	8.43	12.39	2.84	1.73	13.669841	16.515204	15.046144	0.550823
7.51	21.48	8.43	12.40	2.84	1.73	13.672188	16.515836	15.047647	0.550814
7.51	21.48	8.44	12.40	2.84	1.73	13.674532	16.516470	15.049149	0.550804
7.51	21.48	8.44	12.40	2.84	1.73	13.676875	16.517106	15.050651	0.550795
7.51	21.48	8.44	12.40	2.84	1.73	13.679214	16.517744	15.052153	0.550785
7.52	21.48	8.44	12.41	2.84	1.73	13.681552	16.518384	15.053654	0.550776
7.52	21.48	8.45	12.41	2.84	1.73	13.683887	16.519026	15.055155	0.550767
7.52	21.48	8.45	12.41	2.84	1.73	13.686220	16.519669	15.056656	0.550757
7.53	21.48	8.45	12.42	2.84	1.73	13.688551	16.520315	15.058157	0.550748
7.53	21.48	8.45	12.42	2.84	1.73	13.690879	16.520962	15.059657	0.550739
7.53	21.48	8.46	12.42	2.84	1.73	13.693206	16.521612	15.061158	0.550730
7.53	21.48	8.46	12.42	2.84	1.73	13.695530	16.522263	15.062658	0.550720
7.54	21.48	8.46	12.43	2.84	1.73	13.697852	16.522916	15.064157	0.550711
7.54	21.48	8.46	12.43	2.84	1.73	13.700172	16.523571	15.065657	0.550702
7.54	21.48	8.47	12.43	2.84	1.73	13.702490	16.524228	15.067156	0.550693
7.54	21.48	8.47	12.43	2.84	1.73	13.704806	16.524887	15.068655	0.550684
7.55	21.48	8.47	12.44	2.84	1.73	13.707119	16.525547	15.070153	0.550675
7.55	21.48	8.47	12.44	2.84	1.73	13.709431	16.526209	15.071652	0.550666
7.55	21.48	8.48	12.44	2.84	1.73	13.711740	16.526874	15.073150	0.550657
7.56	21.48	8.48	12.45	2.84	1.73	13.714048	16.527540	15.074648	0.550648
7.56	21.48	8.48	12.45	2.84	1.73	13.716353	16.528207	15.076146	0.550639
7.56	21.48	8.48	12.45	2.84	1.73	13.718656	16.528877	15.077644	0.550630
7.56	21.48	8.49	12.45	2.84	1.73	13.720958	16.529548	15.079141	0.550621
7.57	21.48	8.49	12.46	2.84	1.72	13.723257	16.530221	15.080638	0.550612
7.57	21.48	8.49	12.46	2.84	1.72	13.725554	16.530896	15.082135	0.550603
7.57	21.48	8.50	12.46	2.84	1.72	13.727850	16.531573	15.083632	0.550594
7.58	21.48	8.50	12.47	2.84	1.72	13.730143	16.532252	15.085129	0.550585
7.58	21.48	8.50	12.47	2.84	1.72	13.732435	16.532932	15.086625	0.550576
7.58	21.48	8.50	12.47	2.84	1.72	13.734725	16.533614	15.088121	0.550567
7.58	21.48	8.51	12.47	2.84	1.72	13.737012	16.534297	15.089617	0.550558
7.59	21.48	8.51	12.48	2.84	1.72	13.739298	16.534983	15.091113	0.550550
7.59	21.48	8.51	12.48	2.84	1.72	13.741582	16.535670	15.092609	0.550541
7.59	21.48	8.51	12.48	2.84	1.72	13.743864	16.536359	15.094104	0.550532
7.59	21.48	8.52	12.49	2.84	1.72	13.746144	16.537049	15.095599	0.550523
7.60	21.48	8.52	12.49	2.84	1.72	13.748423	16.537742	15.097095	0.550514
7.60	21.48	8.52	12.49	2.84	1.72	13.750700	16.538436	15.098590	0.550506
7.60	21.48	8.53	12.49	2.84	1.72	13.752974	16.539131	15.100084	0.550497
7.61	21.48	8.53	12.50	2.84	1.72	13.755247	16.539829	15.101579	0.550488
7.61	21.48	8.53	12.50	2.84	1.72	13.757519	16.540528	15.103074	0.550480
7.61	21.48	8.53	12.50	2.84	1.72	13.759788	16.541229	15.104568	0.550471
7.61	21.48	8.54	12.51	2.84	1.72	13.762056	16.541931	15.106062	0.550462
7.62	21.48	8.54	12.51	2.84	1.72	13.764322	16.542635	15.107556	0.550454
7.62	21.48	8.54	12.51	2.84	1.72	13.766586	16.543341	15.109050	0.550445
7.62	21.48	8.54	12.51	2.84	1.72	13.768849	16.544048	15.110544	0.550437
7.62	21.48	8.55	12.52	2.84	1.72	13.771110	16.544757	15.112038	0.550428
7.63	21.48	8.55	12.52	2.84	1.72	13.773369	16.545468	15.113532	0.550420
7.63	21.48	8.55	12.52	2.84	1.72	13.775627	16.546180	15.115025	0.550411
7.63	21.48	8.56	12.53	2.84	1.72	13.777883	16.546894	15.116519	0.550402
7.64	21.48	8.56	12.53	2.84	1.72	13.780137	16.547609	15.118012	0.550394
7.64	21.48	8.56	12.53	2.84	1.72	13.782390	16.548326	15.119505	0.550386
7.64	21.48	8.56	12.53	2.84	1.72	13.784641	16.549045	15.120998	0.550377
7.64	21.48	8.57	12.54	2.84	1.72	13.786890	16.549765	15.122491	0.550369
7.65	21.48	8.57	12.54	2.84	1.72	13.789138	16.550487	15.123984	0.550360
7.65	21.48	8.57	12.54	2.84	1.72	13.791384	16.551210	15.125477	0.550352
7.65	21.48	8.58	12.55	2.84	1.72	13.793629	16.551935	15.126969	0.550343
7.66	21.48	8.58	12.55	2.84	1.72	13.795872	16.552662	15.128462	0.550335
7.66	21.48	8.58	12.55	2.84	1.72	13.798114	16.553390	15.129954	0.550327
7.66	21.48	8.58	12.56	2.84	1.72	13.800354	16.554120	15.131447	0.550318
7.66	21.48	8.59	12.56	2.84	1.72	13.802593	16.554851	15.132939	0.550310
7.67	21.48	8.59	12.56	2.84	1.72	13.804830	16.555584	15.134432	0.550302
7.67	21.48	8.59	12.56	2.84	1.72	13.807066	16.556318	15.135924	0.550293
7.67	21.48	8.60	12.57	2.84	1.71	13.809300	16.557054	15.137416	0.550285
7.67	21.48	8.60	12.57	2.84	1.71	13.811533	16.557791	15.138908	0.550277
7.68	21.48	8.60	12.57	2.84	1.71	13.813764	16.558530	15.140400	0.550269
7.68	21.48	8.60	12.58	2.84	1.71	13.815994	16.559270	15.141892	0.550260
7.68	21.48	8.61	12.58	2.84	1.71	13.818223	16.560012	15.143384	0.550252
7.69	21.48	8.61	12.58	2.84	1.71	13.820450	16.560755	15.144876	0.550244
7.69	21.48	8.61	12.58	2.84	1.71	13.822676	16.561500	15.146368	0.550236
7.69	21.48	8.62	12.59	2.84	1.71	13.824900	16.562247	15.147860	0.550228
7.69	21.48	8.62	12.59	2.84	1.71	13.827123	16.562994	15.149352	0.550220
7.70	21.48	8.62	12.59	2.84	1.71	13.829345	16.563744	15.150843	0.550211
7.70	21.48	8.62	12.60	2.84	1.71	13.831565	16.564494	15.152335	0.550203
7.70	21.48	8.63	12.60	2.84	1.71	13.833784	16.565247	15.153827	0.550195
7.71	21.48	8.63	12.60	2.84	1.71	13.836002	16.566000	15.155319	0.550187
7.71	21.48	8.63	12.61	2.84	1.71	13.838218	16.566756	15.156810	0.550179
7.71	21.48	8.64	12.61	2.84	1.71	13.840433	16.567512	15.158302	0.550171
7.71	21.48	8.64	12.61	2.84	1.71	13.842647	16.568270	15.159794	0.550163
7.72	21.48	8.64	12.62	2.84	1.71	13.844860	16.569030	15.161285	0.550155
7.72	21.48	8.65	12.62	2.84	1.71	13.847071	16.569791	15.162777	0.550147
7.72	21.48	8.65	12.62	2.84	1.71	13.849281	16.570553	15.164269	0.550139
7.72	21.48	8.65	12.62	2.84	1.71	13.851490	16.571317	15.165760	0.550131
7.73	21.48	8.65	12.63	2.84	1.71	13.853698	16.572082	15.167252	0.550123
7.73	21.48	8.66	12.63	2.84	1.71	13.855904	16.572848	15.168744	0.550115
7.73	21.48	8.66	12.63	2.84	1.71	13.858109	16.573616	15.170235	0.550107
7.74	21.48	8.66	12.64	2.84	1.71	13.860313	16.574386	15.171727	0.550099
7.74	21.48	8.67	12.64	2.84	1.71	13.862516	16.575156	15.173219	0.550091
7.74	21.48	8.67	12.64	2.84	1.71	13.864718	16.575929	15.174711	0.550083
7.74	21.48	8.67	12.65	2.84	1.71	13.866919	16.576702	15.176202	0.550075
7.75	21.48	8.68	12.65	2.84	1.71	13.869118	16.577477	15.177694	0.550068
7.75	21.48	8.68	12.65	2.84	1.71	13.871316	16.578253	15.179186	0.550060
7.75	21.48	8.68	12.65	2.84	1.71	13.873514	16.579031	15.180678	0.550052
7.76	21.48	8.69	12.66	2.84	1.71	13.875710	16.579810	15.182170	0.550044
7.76	21.48	8.69	12.66	2.84	1.71	13.877905	16.580590	15.183662	0.550036
7.76	21.48	8.69	12.66	2.84	1.71	13.880099	16.581372	15.185154	0.550028
7.76	21.48	8.69	12.67	2.84	1.71	13.882292	16.582155	15.186646	0.550021
7.77	21.48	8.70	12.67	2.84	1.71	13.884483	16.582940	15.188138	0.550013
7.77	21.48	8.70	12.67	2.84	1.71	13.886674	16.583725	15.189631	0.550005
7.77	21.48	8.70	12.68	2.84	1.71	13.888864	16.584513	15.191123	0.549997
7.78	21.48	8.71	12.68	2.84	1.71	13.891053	16.585301	15.192615	0.549990
7.78	21.48	8.71	12.68	2.84	1.71	13.893240	16.586091	15.194108	0.549982
7.78	21.48	8.71	12.69	2.84	1.71	13.895427	16.586882	15.195600	0.549974
7.78	21.48	8.72	12.69	2.84	1.71	13.897613	16.587674	15.197093	0.549966
7.79	21.48	8.72	12.69	2.84	1.70	13.899798	16.588468	15.198585	0.549959
7.79	21.48	8.72	12.70	2.84	1.70	13.901981	16.589263	15.200078	0.549951
7.79	21.48	8.73	12.70	2.84	1.70	13.904164	16.590059	15.201571	0.549943
7.79	21.48	8.73	12.70	2.84	1.70	13.906346	16.590857	15.203064	0.549936
7.80	21.48	8.73	12.71	2.84	1.70	13.908527	16.591656	15.204557	0.549928
7.80	21.48	8.74	12.71	2.84	1.70	13.910707	16.592456	15.206050	0.549920
7.80	21.48	8.74	12.71	2.84	1.70	13.912886	16.593257	15.207543	0.549913
7.81	21.48	8.74	12.71	2.84	1.70	13.915064	16.594060	15.209037	0.549905
7.81	21.48	8.75	12.72	2.84	1.70	13.917242	16.594864	15.210530	0.549898
7.81	21.48	8.75	12.72	2.84	1.70	13.919418	16.595669	15.212024	0.549890
7.81	21.48	8.75	12.72	2.84	1.70	13.921594	16.596476	15.213517	0.549882
7.82	21.48	8.76	12.73	2.84	1.70	13.923769	16.597284	15.215011	0.549875
7.82	21.48	8.76	12.73	2.84	1.70	13.925942	16.598093	15.216505	0.549867
7.82	21.48	8.76	12.73	2.84	1.70	13.928115	16.598903	15.217999	0.549860
7.83	21.48	8.76	12.74	2.84	1.70	13.930288	16.599714	15.219493	0.549852
7.83	21.48	8.77	12.74	2.84	1.70	13.932459	16.600527	15.220987	0.549845
7.83	21.48	8.77	12.74	2.84	1.70	13.934630	16.601341	15.222482	0.549837
7.83	21.48	8.77	12.75	2.84	1.70	13.936799	16.602157	15.223976	0.549830
7.84	21.48	8.78	12.75	2.84	1.70	13.938968	16.602973	15.225471	0.549822
7.84	21.48	8.78	12.75	2.84	1.70	13.941137	16.603791	15.226966	0.549815
7.84	21.48	8.78	12.76	2.84	1.70	13.943304	16.604610	15.228461	0.549807
7.84	21.48	8.79	12.76	2.84	1.70	13.945471	16.605430	15.229956	0.549800
7.85	21.48	8.79	12.76	2.84	1.70	13.947637	16.606251	15.231451	0.549792
7.85	21.48	8.79	12.77	2.84	1.70	13.949802	16.607074	15.232946	0.549785
7.85	21.48	8.80	12.77	2.84	1.70	13.951966	16.607897	15.234442	0.549777
7.86	21.48	8.80	12.77	2.84	1.70	13.954130	16.608722	15.235938	0.549770
7.86	21.48	8.80	12.78	2.84	1.70	13.956293	16.609549	15.237434	0.549763
7.86	21.48	8.81	12.78	2.84	1.70	13.958455	16.610376	15.238930	0.549755
7.86	21.48	8.81	12.78	2.84	1.70	13.960617	16.611204	15.240426	0.549748
7.87	21.48	8.81	12.79	2.84	1.70	13.962778	16.612034	15.241922	0.549740
7.87	21.48	8.82	12.79	2.84	1.70	13.964938	16.612865	15.243419	0.549733
7.87	21.48	8.82	12.79	2.84	1.70	13.967098	16.613697	15.244916	0.549726
7.88	21.48	8.82	12.80	2.84	1.70	13.969257	16.614530	15.246413	0.549718
7.88	21.48	8.83	12.80	2.84	1.70	13.971415	16.615365	15.247910	0.549711
7.88	21.48	8.83	12.80	2.84	1.70	13.973573	16.616200	15.249407	0.549704
7.88	21.48	8.83	12.81	2.84	1.70	13.975730	16.617037	15.250905	0.549696
7.89	21.48	8.84	12.81	2.84	1.70	13.977886	16.617875	15.252402	0.549689
7.89	21.48	8.84	12.81	2.84	1.70	13.980042	16.618714	15.253900	0.549682
7.89	21.48	8.84	12.81	2.84	1.70	13.982198	16.619554	15.255398	0.549674
7.89	21.48	8.85	12.82	2.84	1.70	13.984352	16.620395	15.256897	0.549667
7.90	21.48	8.85	12.82	2.84	1.70	13.986506	16.621238	15.258395	0.549660
7.90	21.48	8.86	12.82	2.84	1.70	13.988660	16.622082	15.259894	0.549653
7.90	21.48	8.86	12.83	2.84	1.70	13.990813	16.622926	15.261393	0.549645
7.91	21.48	8.86	12.83	2.84	1.69	13.992965	16.623772	15.262892	0.549638
7.91	21.48	8.87	12.83	2.84	1.69	13.995117	16.624619	15.264391	0.549631
7.91	21.48	8.87	12.84	2.84	1.69	13.997269	16.625467	15.265891	0.549624
7.91	21.48	8.87	12.84	2.84	1.69	13.999420	16.626317	15.267391	0.549616
7.92	21.48	8.88	12.84	2.84	1.69	14.001570	16.627167	15.268891	0.549609
7.92	21.48	8.88	12.85	2.84	1.69	14.003720	16.628018	15.270391	0.549602
7.92	21.48	8.88	12.85	2.84	1.69	14.005869	16.628871	15.271892	0.549595
7.92	21.48	8.89	12.85	2.84	1.69	14.008018	16.629725	15.273392	0.549587
7.93	21.48	8.89	12.86	2.84	1.69	14.010166	16.630579	15.274893	0.549580
7.93	21.48	8.89	12.86	2.84	1.69	14.012314	16.631435	15.276395	0.549573
7.93	21.48	8.90	12.86	2.84	1.69	14.014462	16.632292	15.277896	0.549566
7.94	21.48	8.90	12.87	2.84	1.69	14.016609	16.633150	15.279398	0.549559
7.94	21.48	8.90	12.87	2.84	1.69	14.018755	16.634009	15.280900	0.549552
7.94	21.48	8.91	12.87	2.84	1.69	14.020902	16.634870	15.282402	0.549544
7.94	21.48	8.91	12.88	2.84	1.69	14.023047	16.635731	15.283904	0.549537
7.95	21.48	8.91	12.88	2.84	1.69	14.025193	16.636593	15.285407	0.549530
7.95	21.48	8.92	12.89	2.84	1.69	14.027338	16.637457	15.286910	0.549523
7.95	21.48	8.92	12.89	2.84	1.69	14.029482	16.638321	15.288413	0.549516
7.96	21.48	8.93	12.89	2.84	1.69	14.031626	16.639187	15.289917	0.549509
7.96	21.48	8.93	12.90	2.84	1.69	14.033770	16.640054	15.291421	0.549502
7.96	21.48	8.93	12.90	2.84	1.69	14.035913	16.640921	15.292925	0.549495
7.96	21.48	8.94	12.90	2.84	1.69	14.038056	16.641790	15.294429	0.549488
7.97	21.48	8.94	12.91	2.84	1.69	14.040199	16.642660	15.295934	0.549480
7.97	21.48	8.94	12.91	2.84	1.69	14.042341	16.643531	15.297439	0.549473
7.97	21.48	8.95	12.91	2.84	1.69	14.044483	16.644403	15.298944	0.549466
7.97	21.48	8.95	12.92	2.84	1.69	14.046625	16.645276	15.300450	0.549459
7.98	21.48	8.95	12.92	2.84	1.69	14.048766	16.646150	15.301955	0.549452
7.98	21.48	8.96	12.92	2.84	1.69	14.050907	16.647025	15.303461	0.549445
7.98	21.48	8.96	12.93	2.84	1.69	14.053048	16.647901	15.304968	0.549438
7.99	21.48	8.96	12.93	2.84	1.69	14.055188	16.648778	15.306474	0.549431
7.99	21.48	8.97	12.93	2.84	1.69	14.057328	16.649657	15.307981	0.549424
7.99	21.48	8.97	12.94	2.84	1.69	14.059468	16.650536	15.309489	0.549417
7.99	21.48	8.98	12.94	2.84	1.69	14.061608	16.651416	15.310996	0.549410
8.00	21.48	8.98	12.94	2.84	1.69	14.063747	16.652297	15.312504	0.549403
8.00	21.48	8.98	12.95	2.84	1.69	14.065886	16.653179	15.314012	0.549396
8.00	21.48	8.99	12.95	2.84	1.69	14.068025	16.654063	15.315521	0.549389
8.01	21.48	8.99	12.95	2.84	1.69	14.070163	16.654947	15.317030	0.549382
8.01	21.48	8.99	12.96	2.84	1.69	14.072302	16.655832	15.318539	0.549375
8.01	21.48	9.00	12.96	2.84	1.69	14.074440	16.656719	15.320048	0.549368
8.01	21.48	9.00	12.96	2.84	1.69	14.076578	16.657606	15.321558	0.549361
8.02	21.48	9.00	12.97	2.84	1.69	14.078715	16.658494	15.323068	0.549354
8.02	21.48	9.01	12.97	2.84	1.69	14.080853	16.659384	15.324579	0.549347
8.02	21.48	9.01	12.97	2.84	1.69	14.082990	16.660274	15.326090	0.549340
8.03	21.48	9.02	12.98	2.84	1.69	14.085127	16.661165	15.327601	0.549333
8.03	21.48	9.02	12.98	2.84	1.68	14.087264	16.662058	15.329112	0.549326
8.03	21.48	9.02	12.98	2.84	1.68	14.089401	16.662951	15.330624	0.549319
8.03	21.48	9.03	12.99	2.84	1.68	14.091537	16.663845	15.332136	0.549312
8.04	21.48	9.03	12.99	2.84	1.68	14.093674	16.664740	15.333649	0.549306
8.04	21.48	9.03	13.00	2.84	1.68	14.095810	16.665637	15.335162	0.549299
8.04	21.48	9.04	13.00	2.84	1.68	14.097946	16.666534	15.336675	0.549292
8.04	21.48	9.04	13.00	2.84	1.68	14.100082	16.667432	15.338188	0.549285
8.05	21.48	9.05	13.01	2.84	1.68	14.102218	16.668331	15.339702	0.549278
8.05	21.48	9.05	13.01	2.84	1.68	14.104353	16.669231	15.341217	0.549271
8.05	21.48	9.05	13.01	2.84	1.68	14.106489	16.670132	15.342731	0.549264
8.06	21.48	9.06	13.02	2.84	1.68	14.108625	16.671034	15.344246	0.549257
8.06	21.48	9.06	13.02	2.84	1.68	14.110760	16.671937	15.345762	0.549250
8.06	21.48	9.06	13.02	2.84	1.68	14.112895	16.672841	15.347277	0.549243
8.06	21.48	9.07	13.03	2.84	1.68	14.115031	16.673746	15.348793	0.549237
8.07	21.48	9.07	13.03	2.84	1.68	14.117166	16.674652	15.350310	0.549230
8.07	21.48	9.08	13.03	2.84	1.68	14.119301	16.675559	15.351827	0.549223
8.07	21.48	9.08	13.04	2.84	1.68	14.121436	16.676467	15.353344	0.549216
8.07	21.48	9.08	13.04	2.84	1.68	14.123571	16.677376	15.354862	0.549209
8.08	21.48	9.09	13.04	2.84	1.68	14.125706	16.678285	15.356380	0.549202
8.08	21.48	9.09	13.05	2.84	1.68	14.127841	16.679196	15.357898	0.549195
8.08	21.48	9.10	13.05	2.84	1.68	14.129975	16.680107	15.359417	0.549189
8.09	21.48	9.10	13.06	2.84	1.68	14.132110	16.681020	15.360936	0.549182
8.09	21.48	9.10	13.06	2.84	1.68	14.134245	16.681933	15.362456	0.549175
8.09	21.48	9.11	13.06	2.84	1.68	14.136380	16.682848	15.363976	0.549168
8.09	21.48	9.11	13.07	2.84	1.68	14.138515	16.683763	15.365496	0.549161
8.10	21.48	9.11	13.07	2.84	1.68	14.140649	16.684679	15.367017	0.549154
8.10	21.48	9.12	13.07	2.84	1.68	14.142784	16.685596	15.368538	0.549148
8.10	21.48	9.12	13.08	2.84	1.68	14.144919	16.686514	15.370060	0.549141
8.11	21.48	9.13	13.08	2.84	1.68	14.147054	16.687433	15.371582	0.549134
8.11	21.48	9.13	13.08	2.84	1.68	14.149189	16.688353	15.373104	0.549127
8.11	21.48	9.13	13.09	2.84	1.68	14.151324	16.689274	15.374627	0.549120
8.11	21.48	9.14	13.09	2.84	1.68	14.153459	16.690196	15.376150	0.549114
8.12	21.48	9.14	13.10	2.84	1.68	14.155594	16.691119	15.377674	0.549107
8.12	21.48	9.15	13.10	2.84	1.68	14.157729	16.692042	15.379198	0.549100
8.12	21.48	9.15	13.10	2.84	1.68	14.159864	16.692967	15.380723	0.549093
8.12	21.48	9.15	13.11	2.84	1.68	14.161999	16.693892	15.382248	0.549086
8.13	21.48	9.16	13.11	2.85	1.68	14.164134	16.694818	15.383773	0.549080
8.13	21.48	9.16	13.11	2.85	1.68	14.166269	16.695745	15.385299	0.549073
8.13	21.48	9.17	13.12	2.85	1.68	14.168405	16.696673	15.386825	0.549066
8.14	21.48	9.17	13.12	2.85	1.68	14.170540	16.697602	15.388352	0.549059
8.14	21.48	9.17	13.12	2.85	1.68	14.172676	16.698532	15.389879	0.549052
8.14	21.48	9.18	13.13	2.85	1.68	14.174812	16.699463	15.391407	0.549046
8.14	21.48	9.18	13.13	2.85	1.68	14.176947	16.700395	15.392935	0.549039
8.15	21.48	9.19	13.13	2.85	1.68	14.179083	16.701327	15.394463	0.549032
8.15	21.48	9.19	13.14	2.85	1.68	14.181219	16.702261	15.395992	0.549025
8.15	21.48	9.19	13.14	2.85	1.68	14.183356	16.703195	15.397521	0.549019
8.16	21.48	9.20	13.15	2.85	1.67	14.185492	16.704130	15.399051	0.549012
8.16	21.48	9.20	13.15	2.85	1.67	14.187629	16.705066	15.400581	0.549005
8.16	21.48	9.21	13.15	2.85	1.67	14.189765	16.706003	15.402112	0.548998
8.16	21.48	9.21	13.16	2.85	1.67	14.191902	16.706941	15.403643	0.548992
8.17	21.48	9.21	13.16	2.85	1.67	14.194039	16.707880	15.405175	0.548985
8.17	21.48	9.22	13.16	2.85	1.67	14.196176	16.708819	15.406707	0.548978
8.17	21.48	9.22	13.17	2.85	1.67	14.198313	16.709760	15.408240	0.548971
8.18	21.48	9.23	13.17	2.85	1.67	14.200451	16.710701	15.409773	0.548965
8.18	21.48	9.23	13.18	2.85	1.67	14.202589	16.711643	15.411306	0.548958
8.18	21.48	9.23	13.18	2.85	1.67	14.204726	16.712586	15.412840	0.548951
8.18	21.48	9.24	13.18	2.85	1.67	14.206865	16.713530	15.414375	0.548945
8.19	21.48	9.24	13.19	2.85	1.67	14.209003	16.714475	15.415910	0.548938
8.19	21.48	9.25	13.19	2.85	1.67	14.211141	16.715420	15.417445	0.548931
8.19	21.48	9.25	13.19	2.85	1.67	14.213280	16.716367	15.418981	0.548924
8.19	21.48	9.25	13.20	2.85	1.67	14.215419	16.717314	15.420518	0.548918
8.20	21.48	9.26	13.20	2.85	1.67	14.217558	16.718262	15.422055	0.548911
8.20	21.48	9.26	13.21	2.85	1.67	14.219698	16.719211	15.423592	0.548904
8.20	21.48	9.27	13.21	2.85	1.67	14.221837	16.720161	15.425130	0.548898
8.21	21.48	9.27	13.21	2.85	1.67	14.223977	16.721112	15.426668	0.548891
8.21	21.48	9.27	13.22	2.85	1.67	14.226117	16.722064	15.428207	0.548884
8.21	21.48	9.28	13.22	2.85	1.67	14.228258	16.723016	15.429746	0.548877
8.21	21.48	9.28	13.22	2.85	1.67	14.230398	16.723969	15.431286	0.548871
8.22	21.48	9.29	13.23	2.85	1.67	14.232539	16.724923	15.432827	0.548864
8.22	21.48	9.29	13.23	2.85	1.67	14.234680	16.725878	15.434367	0.548857
8.22	21.48	9.29	13.23	2.85	1.67	14.236822	16.726834	15.435909	0.548851
8.22	21.48	9.30	13.24	2.85	1.67	14.238964	16.727791	15.437451	0.548844
8.23	21.48	9.30	13.24	2.85	1.67	14.241106	16.728748	15.438993	0.548837
8.23	21.48	9.31	13.25	2.85	1.67	14.243248	16.729707	15.440536	0.548831
8.23	21.48	9.31	13.25	2.85	1.67	14.245391	16.730666	15.442079	0.548824
8.24	21.48	9.32	13.25	2.85	1.67	14.247534	16.731626	15.443623	0.548817
8.24	21.48	9.32	13.26	2.85	1.67	14.249677	16.732586	15.445168	0.548811
8.24	21.48	9.32	13.26	2.85	1.67	14.251821	16.733548	15.446713	0.548804
8.24	21.48	9.33	13.26	2.85	1.67	14.253965	16.734510	15.448258	0.548797
8.25	21.48	9.33	13.27	2.85	1.67	14.256109	16.735474	15.449804	0.548790
8.25	21.48	9.34	13.27	2.85	1.67	14.258254	16.736438	15.451351	0.548784
8.25	21.48	9.34	13.28	2.85	1.67	14.260399	16.737403	15.452898	0.548777
8.26	21.48	9.34	13.28	2.85	1.67	14.262544	16.738368	15.454446	0.548770
8.26	21.48	9.35	13.28	2.85	1.67	14.264689	16.739335	15.455994	0.548764
8.26	21.48	9.35	13.29	2.85	1.67	14.266835	16.740302	15.457543	0.548757
8.26	21.48	9.36	13.29	2.85	1.67	14.268982	16.741271	15.459092	0.548750
8.27	21.48	9.36	13.30	2.85	1.67	14.271129	16.742239	15.460642	0.548744
8.27	21.48	9.37	13.30	2.85	1.67	14.273276	16.743209	15.462192	0.548737
8.27	21.48	9.37	13.30	2.85	1.67	14.275423	16.744180	15.463743	0.548730
8.28	21.48	9.37	13.31	2.85	1.67	14.277571	16.745151	15.465294	0.548724
8.28	21.48	9.38	13.31	2.85	1.67	14.279719	16.746124	15.466846	0.548717
8.28	21.48	9.38	13.31	2.85	1.67	14.281868	16.747097	15.468399	0.548710
8.28	21.48	9.39	13.32	2.85	1.66	14.284017	16.748070	15.469952	0.548704
8.29	21.48	9.39	13.32	2.85	1.66	14.286167	16.749045	15.471505	0.548697
8.29	21.48	9.40	13.33	2.85	1.66	14.288317	16.750020	15.473060	0.548690
8.29	21.48	9.40	13.33	2.85	1.66	14.290467	16.750997	15.474614	0.548684
8.29	21.48	9.40	13.33	2.85	1.66	14.292618	16.751974	15.476170	0.548677
8.30	21.48	9.41	13.34	2.85	1.66	14.294769	16.752952	15.477726	0.548670
8.30	21.48	9.41	13.34	2.85	1.66	14.296920	16.753930	15.479282	0.548664
8.30	21.48	9.42	13.35	2.85	1.66	14.299072	16.754910	15.480839	0.548657
8.31	21.48	9.42	13.35	2.85	1.66	14.301225	16.755890	15.482397	0.548650
8.31	21.48	9.43	13.35	2.85	1.66	14.303378	16.756871	15.483955	0.548644
8.31	21.48	9.43	13.36	2.85	1.66	14.305531	16.757853	15.485513	0.548637
8.31	21.48	9.43	13.36	2.85	1.66	14.307685	16.758835	15.487073	0.548630
8.32	21.48	9.44	13.36	2.85	1.66	14.309839	16.759819	15.488633	0.548624
8.32	21.48	9.44	13.37	2.85	1.66	14.311994	16.760803	15.490193	0.548617
8.32	21.48	9.45	13.37	2.85	1.66	14.314149	16.761788	15.491754	0.548610
8.32	21.48	9.45	13.38	2.85	1.66	14.316305	16.762774	15.493316	0.548604
8.33	21.48	9.46	13.38	2.85	1.66	14.318461	16.763760	15.494878	0.548597
8.33	21.48	9.46	13.38	2.85	1.66	14.320617	16.764747	15.496441	0.548590
8.33	21.48	9.46	13.39	2.85	1.66	14.322775	16.765736	15.498004	0.548584
8.34	21.48	9.47	13.39	2.85	1.66	14.324932	16.766724	15.499568	0.548577
8.34	21.48	9.47	13.40	2.85	1.66	14.327090	16.767714	15.501132	0.548570
8.34	21.48	9.48	13.40	2.85	1.66	14.329249	16.768704	15.502698	0.548564
8.34	21.48	9.48	13.40	2.85	1.66	14.331408	16.769696	15.504263	0.548557
8.35	21.48	9.49	13.41	2.85	1.66	14.333568	16.770688	15.505830	0.548550
8.35	21.48	9.49	13.41	2.85	1.66	14.335728	16.771680	15.507397	0.548544
8.35	21.48	9.50	13.41	2.85	1.66	14.337888	16.772674	15.508964	0.548537
8.36	21.48	9.50	13.42	2.85	1.66	14.340050	16.773668	15.510532	0.548530
8.36	21.48	9.50	13.42	2.85	1.66	14.342211	16.774663	15.512101	0.548524
8.36	21.48	9.51	13.43	2.85	1.66	14.344374	16.775659	15.513670	0.548517
8.36	21.48	9.51	13.43	2.85	1.66	14.346536	16.776656	15.515240	0.548510
8.37	21.48	9.52	13.43	2.85	1.66	14.348700	16.777653	15.516811	0.548504
8.37	21.48	9.52	13.44	2.85	1.66	14.350864	16.778651	15.518382	0.548497
8.37	21.48	9.53	13.44	2.85	1.66	14.353028	16.779650	15.519954	0.548490
8.38	21.48	9.53	13.45	2.85	1.66	14.355193	16.780650	15.521526	0.548484
8.38	21.48	9.54	13.45	2.85	1.66	14.357359	16.781650	15.523099	0.548477
8.38	21.48	9.54	13.45	2.85	1.66	14.359525	16.782651	15.524673	0.548470
8.38	21.48	9.54	13.46	2.85	1.66	14.361691	16.783653	15.526247	0.548464
8.39	21.48	9.55	13.46	2.85	1.66	14.363859	16.784656	15.527822	0.548457
8.39	21.48	9.55	13.47	2.85	1.66	14.366026	16.785660	15.529398	0.548450
8.39	21.48	9.56	13.47	2.85	1.66	14.368195	16.786664	15.530974	0.548444
8.39	21.48	9.56	13.47	2.85	1.66	14.370364	16.787669	15.532551	0.548437
8.40	21.48	9.57	13.48	2.85	1.66	14.372533	16.788674	15.534128	0.548430
8.40	21.48	9.57	13.48	2.85	1.66	14.374704	16.789681	15.535706	0.548424
8.40	21.48	9.58	13.49	2.85	1.66	14.376874	16.790688	15.537285	0.548417
8.41	21.48	9.58	13.49	2.85	1.66	14.379046	16.791696	15.538864	0.548410
8.41	21.48	9.59	13.49	2.85	1.66	14.381218	16.792705	15.540444	0.548404
8.41	21.48	9.59	13.50	2.85	1.65	14.383390	16.793714	15.542025	0.548397
8.41	21.48	9.59	13.50	2.85	1.65	14.385564	16.794725	15.543606	0.548390
8.42	21.48	9.60	13.51	2.85	1.65	14.387738	16.795736	15.545188	0.548384
8.42	21.48	9.60	13.51	2.85	1.65	14.389912	16.796747	15.546770	0.548377
8.42	21.48	9.61	13.51	2.85	1.65	14.392087	16.797760	15.548353	0.548370
8.43	21.48	9.61	13.52	2.85	1.65	14.394263	16.798773	15.549937	0.548364
8.43	21.48	9.62	13.52	2.85	1.65	14.396439	16.799787	15.551522	0.548357
8.43	21.48	9.62	13.53	2.85	1.65	14.398616	16.800802	15.553107	0.548350
8.43	21.48	9.63	13.53	2.85	1.65	14.400794	16.801817	15.554693	0.548343
8.44	21.48	9.63	13.53	2.85	1.65	14.402972	16.802834	15.556279	0.548337
8.44	21.48	9.64	13.54	2.85	1.65	14.405151	16.803851	15.557866	0.548330
8.44	21.48	9.64	13.54	2.85	1.65	14.407331	16.804868	15.559454	0.548323
8.44	21.48	9.64	13.55	2.85	1.65	14.409511	16.805887	15.561042	0.548317
8.45	21.48	9.65	13.55	2.85	1.65	14.411692	16.806906	15.562631	0.548310
8.45	21.48	9.65	13.55	2.85	1.65	14.413874	16.807926	15.564221	0.548303
8.45	21.48	9.66	13.56	2.85	1.65	14.416056	16.808947	15.565811	0.548297
8.46	21.48	9.66	13.56	2.85	1.65	14.418239	16.809968	15.567402	0.548290
8.46	21.48	9.67	13.57	2.85	1.65	14.420422	16.810990	15.568994	0.548283
8.46	21.48	9.67	13.57	2.85	1.65	14.422607	16.812013	15.570586	0.548276
8.46	21.48	9.68	13.57	2.85	1.65	14.424792	16.813036	15.572180	0.548270
8.47	21.48	9.68	13.58	2.85	1.65	14.426977	16.814061	15.573773	0.548263
8.47	21.48	9.69	13.58	2.85	1.65	14.429164	16.815086	15.575368	0.548256
8.47	21.48	9.69	13.59	2.85	1.65	14.431351	16.816112	15.576963	0.548250
8.47	21.48	9.70	13.59	2.85	1.65	14.433539	16.817138	15.578559	0.548243
8.48	21.48	9.70	13.59	2.85	1.65	14.435727	16.818165	15.580155	0.548236
8.48	21.48	9.70	13.60	2.85	1.65	14.437916	16.819193	15.581752	0.548229
8.48	21.48	9.71	13.60	2.85	1.65	14.440106	16.820222	15.583350	0.548223
8.49	21.48	9.71	13.61	2.85	1.65	14.442297	16.821252	15.584948	0.548216
8.49	21.48	9.72	13.61	2.85	1.65	14.444488	16.822282	15.586548	0.548209
8.49	21.48	9.72	13.61	2.85	1.65	14.446680	16.823313	15.588147	0.548202
8.49	21.48	9.73	13.62	2.85	1.65	14.448873	16.824344	15.589748	0.548196
8.50	21.48	9.73	13.62	2.85	1.65	14.451066	16.825377	15.591349	0.548189
8.50	21.48	9.74	13.63	2.85	1.65	14.453261	16.826410	15.592951	0.548182
8.50	21.48	9.74	13.63	2.85	1.65	14.455456	16.827444	15.594554	0.548176
8.51	21.48	9.75	13.63	2.85	1.65	14.457651	16.828478	15.596157	0.548169
8.51	21.48	9.75	13.64	2.85	1.65	14.459848	16.829513	15.597761	0.548162
8.51	21.48	9.76	13.64	2.85	1.65	14.462045	16.830549	15.599366	0.548155
8.51	21.48	9.76	13.65	2.85	1.65	14.464243	16.831586	15.600971	0.548149
8.52	21.48	9.77	13.65	2.85	1.65	14.466442	16.832623	15.602577	0.548142
8.52	21.48	9.77	13.66	2.85	1.65	14.468641	16.833661	15.604184	0.548135
8.52	21.48	9.78	13.66	2.85	1.65	14.470842	16.834700	15.605792	0.548128
8.53	21.48	9.78	13.66	2.85	1.65	14.473043	16.835740	15.607400	0.548122
8.53	21.48	9.78	13.67	2.85	1.65	14.475244	16.836780	15.609009	0.548115
8.53	21.48	9.79	13.67	2.85	1.65	14.477447	16.837821	15.610619	0.548108
8.53	21.48	9.79	13.68	2.85	1.65	14.479650	16.838863	15.612229	0.548101
8.54	21.48	9.80	13.68	2.85	1.65	14.481854	16.839905	15.613840	0.548094
8.54	21.48	9.80	13.68	2.85	1.64	14.484059	16.840948	15.615452	0.548088
8.54	21.48	9.81	13.69	2.85	1.64	14.486265	16.841992	15.617064	0.548081
8.54	21.48	9.81	13.69	2.85	1.64	14.488471	16.843037	15.618677	0.548074
8.55	21.48	9.82	13.70	2.85	1.64	14.490679	16.844082	15.620291	0.548067
8.55	21.48	9.82	13.70	2.85	1.64	14.492887	16.845128	15.621906	0.548061
8.55	21.48	9.83	13.70	2.85	1.64	14.495095	16.846175	15.623521	0.548054
8.56	21.48	9.83	13.71	2.85	1.64	14.497305	16.847222	15.625138	0.548047
8.56	21.48	9.84	13.71	2.85	1.64	14.499516	16.848270	15.626754	0.548040
8.56	21.48	9.84	13.72	2.85	1.64	14.501727	16.849319	15.628372	0.548033
8.56	21.48	9.85	13.72	2.85	1.64	14.503939	16.850369	15.629990	0.548027
8.57	21.48	9.85	13.73	2.85	1.64	14.506152	16.851419	15.631609	0.548020
8.57	21.48	9.86	13.73	2.85	1.64	14.508365	16.852470	15.633229	0.548013
8.57	21.48	9.86	13.73	2.85	1.64	14.510580	16.853522	15.634849	0.548006
8.57	21.48	9.87	13.74	2.85	1.64	14.512795	16.854574	15.636470	0.547999
8.58	21.48	9.87	13.74	2.85	1.64	14.515011	16.855627	15.638092	0.547993
8.58	21.48	9.88	13.75	2.85	1.64	14.517228	16.856681	15.639715	0.547986
8.58	21.48	9.88	13.75	2.85	1.64	14.519446	16.857735	15.641338	0.547979
8.59	21.48	9.89	13.75	2.85	1.64	14.521665	16.858791	15.642963	0.547972
8.59	21.48	9.89	13.76	2.85	1.64	14.523884	16.859847	15.644587	0.547965
8.59	21.48	9.90	13.76	2.85	1.64	14.526105	16.860903	15.646213	0.547958
8.59	21.48	9.90	13.77	2.85	1.64	14.528326	16.861960	15.647839	0.547952
8.60	21.48	9.91	13.77	2.85	1.64	14.530548	16.863019	15.649466	0.547945
8.60	21.48	9.91	13.78	2.85	1.64	14.532771	16.864077	15.651094	0.547938
8.60	21.48	9.91	13.78	2.85	1.64	14.534994	16.865137	15.652723	0.547931
8.61	21.48	9.92	13.78	2.85	1.64	14.537219	16.866197	15.654352	0.547924
8.61	21.48	9.92	13.79	2.85	1.64	14.539444	16.867258	15.655982	0.547917
8.61	21.48	9.93	13.79	2.85	1.64	14.541671	16.868319	15.657613	0.547911
8.61	21.48	9.93	13.80	2.85	1.64	14.543898	16.869381	15.659245	0.547904
8.62	21.48	9.94	13.80	2.85	1.64	14.546126	16.870444	15.660877	0.547897
8.62	21.48	9.94	13.80	2.85	1.64	14.548355	16.871508	15.662510	0.547890
8.62	21.48	9.95	13.81	2.85	1.64	14.550585	16.872572	15.664144	0.547883
8.62	21.48	9.95	13.81	2.85	1.64	14.552815	16.873637	15.665779	0.547876
8.63	21.48	9.96	13.82	2.85	1.64	14.555047	16.874703	15.667414	0.547869
8.63	21.48	9.96	13.82	2.85	1.64	14.557279	16.875770	15.669050	0.547862
8.63	21.48	9.97	13.83	2.85	1.64	14.559512	16.876837	15.670687	0.547856
8.64	21.48	9.97	13.83	2.85	1.64	14.561747	16.877904	15.672325	0.547849
8.64	21.48	9.98	13.83	2.85	1.64	14.563982	16.878973	15.673963	0.547842
8.64	21.48	9.98	13.84	2.85	1.64	14.566218	16.880042	15.675602	0.547835
8.64	21.48	9.99	13.84	2.85	1.64	14.568454	16.881112	15.677242	0.547828
8.65	21.48	9.99	13.85	2.85	1.64	14.570692	16.882183	15.678883	0.547821
8.65	21.48	10.00	13.85	2.85	1.64	14.572931	16.883254	15.680524	0.547814
8.65	21.48	10.00	13.86	2.85	1.64	14.575170	16.884326	15.682166	0.547807
8.66	21.48	10.01	13.86	2.85	1.64	14.577411	16.885399	15.683809	0.547800
8.66	21.48	10.01	13.86	2.85	1.64	14.579652	16.886472	15.685453	0.547793
8.66	21.48	10.02	13.87	2.85	1.64	14.581894	16.887546	15.687098	0.547787
8.66	21.48	10.02	13.87	2.85	1.63	14.584138	16.888621	15.688743	0.547780
8.67	21.48	10.03	13.88	2.85	1.63	14.586382	16.889697	15.690389	0.547773
8.67	21.48	10.03	13.88	2.85	1.63	14.588627	16.890773	15.692036	0.547766
8.67	21.48	10.04	13.89	2.85	1.63	14.590873	16.891850	15.693684	0.547759
8.68	21.48	10.04	13.89	2.85	1.63	14.593119	16.892927	15.695332	0.547752
8.68	21.48	10.05	13.89	2.85	1.63	14.595367	16.894005	15.696981	0.547745
8.68	21.48	10.05	13.90	2.85	1.63	14.597616	16.895084	15.698631	0.547738
8.68	21.48	10.06	13.90	2.85	1.63	14.599866	16.896164	15.700282	0.547731
8.69	21.48	10.06	13.91	2.85	1.63	14.602116	16.897244	15.701933	0.547724
8.69	21.48	10.07	13.91	2.85	1.63	14.604368	16.898325	15.703586	0.547717
8.69	21.48	10.07	13.92	2.85	1.63	14.606620	16.899407	15.705239	0.547710
8.69	21.48	10.08	13.92	2.85	1.63	14.608873	16.900489	15.706893	0.547703
8.70	21.48	10.08	13.92	2.85	1.63	14.611128	16.901572	15.708548	0.547696
8.70	21.48	10.09	13.93	2.85	1.63	14.613383	16.902656	15.710203	0.547689
8.70	21.48	10.09	13.93	2.85	1.63	14.615639	16.903741	15.711859	0.547682
8.71	21.48	10.10	13.94	2.85	1.63	14.617896	16.904826	15.713516	0.547675
8.71	21.48	10.10	13.94	2.85	1.63	14.620154	16.905912	15.715174	0.547668
8.71	21.48	10.11	13.95	2.85	1.63	14.622413	16.906998	15.716833	0.547661
8.71	21.48	10.11	13.95	2.85	1.63	14.624673	16.908085	15.718492	0.547654
8.72	21.48	10.12	13.95	2.86	1.63	14.626934	16.909173	15.720153	0.547647
8.72	21.48	10.13	13.96	2.86	1.63	14.629196	16.910262	15.721814	0.547640
8.72	21.48	10.13	13.96	2.86	1.63	14.631459	16.911351	15.723475	0.547633
8.72	21.48	10.14	13.97	2.86	1.63	14.633723	16.912441	15.725138	0.547626
8.73	21.48	10.14	13.97	2.86	1.63	14.635988	16.913532	15.726802	0.547619
8.73	21.48	10.15	13.98	2.86	1.63	14.638254	16.914623	15.728466	0.547612
8.73	21.48	10.15	13.98	2.86	1.63	14.640520	16.915715	15.730131	0.547605
8.74	21.48	10.16	13.98	2.86	1.63	14.642788	16.916808	15.731797	0.547598
8.74	21.48	10.16	13.99	2.86	1.63	14.645057	16.917901	15.733463	0.547591
8.74	21.48	10.17	13.99	2.86	1.63	14.647327	16.918995	15.735131	0.547584
8.74	21.48	10.17	14.00	2.86	1.63	14.649597	16.920090	15.736799	0.547577
8.75	21.48	10.18	14.00	2.86	1.63	14.651869	16.921185	15.738468	0.547570
8.75	21.48	10.18	14.01	2.86	1.63	14.654142	16.922281	15.740138	0.547563
8.75	21.48	10.19	14.01	2.86	1.63	14.656415	16.923378	15.741809	0.547556
8.76	21.48	10.19	14.01	2.86	1.63	14.658690	16.924476	15.743480	0.547549
8.76	21.48	10.20	14.02	2.86	1.63	14.660965	16.925574	15.745153	0.547542
8.76	21.48	10.20	14.02	2.86	1.63	14.663242	16.926673	15.746826	0.547535
8.76	21.48	10.21	14.03	2.86	1.63	14.665520	16.927772	15.748500	0.547528
8.77	21.48	10.21	14.03	2.86	1.63	14.667798	16.928872	15.750174	0.547520
8.77	21.48	10.22	14.04	2.86	1.63	14.670078	16.929973	15.751850	0.547513
8.77	21.48	10.22	14.04	2.86	1.63	14.672358	16.931075	15.753526	0.547506
8.78	21.48	10.23	14.04	2.86	1.63	14.674640	16.932177	15.755204	0.547499
8.78	21.48	10.23	14.05	2.86	1.63	14.676923	16.933280	15.756882	0.547492
8.78	21.48	10.24	14.05	2.86	1.63	14.679206	16.934384	15.758560	0.547485
8.78	21.48	10.24	14.06	2.86	1.63	14.681491	16.935488	15.760240	0.547478
8.79	21.48	10.25	14.06	2.86	1.62	14.683776	16.936593	15.761921	0.547471
8.79	21.48	10.25	14.07	2.86	1.62	14.686063	16.937699	15.763602	0.547464
8.79	21.48	10.26	14.07	2.86	1.62	14.688351	16.938805	15.765284	0.547456
8.79	21.48	10.27	14.08	2.86	1.62	14.690639	16.939912	15.766967	0.547449
8.80	21.48	10.27	14.08	2.86	1.62	14.692929	16.941020	15.768651	0.547442
8.80	21.48	10.28	14.08	2.86	1.62	14.695220	16.942128	15.770336	0.547435
8.80	21.48	10.28	14.09	2.86	1.62	14.697512	16.943237	15.772021	0.547428
8.81	21.48	10.29	14.09	2.86	1.62	14.699804	16.944347	15.773707	0.547421
8.81	21.48	10.29	14.10	2.86	1.62	14.702098	16.945458	15.775394	0.547413
8.81	21.48	10.30	14.10	2.86	1.62	14.704393	16.946569	15.777082	0.547406
8.81	21.48	10.30	14.11	2.86	1.62	14.706689	16.947681	15.778771	0.547399
8.82	21.48	10.31	14.11	2.86	1.62	14.708986	16.948793	15.780461	0.547392
8.82	21.48	10.31	14.11	2.86	1.62	14.711283	16.949906	15.782151	0.547385
8.82	21.48	10.32	14.12	2.86	1.62	14.713582	16.951020	15.783843	0.547378
8.82	21.48	10.32	14.12	2.86	1.62	14.715882	16.952135	15.785535	0.547370
8.83	21.48	10.33	14.13	2.86	1.62	14.718183	16.953250	15.787228	0.547363
8.83	21.48	10.33	14.13	2.86	1.62	14.720485	16.954366	15.788921	0.547356
8.83	21.48	10.34	14.14	2.86	1.62	14.722789	16.955482	15.790616	0.547349
8.84	21.48	10.34	14.14	2.86	1.62	14.725093	16.956599	15.792312	0.547342
8.84	21.48	10.35	14.15	2.86	1.62	14.727398	16.957717	15.794008	0.547334
8.84	21.48	10.35	14.15	2.86	1.62	14.729704	16.958836	15.795705	0.547327
8.84	21.48	10.36	14.15	2.86	1.62	14.732011	16.959955	15.797403	0.547320
8.85	21.48	10.37	14.16	2.86	1.62	14.734320	16.961075	15.799102	0.547313
8.85	21.48	10.37	14.16	2.86	1.62	14.736629	16.962196	15.800802	0.547305
8.85	21.48	10.38	14.17	2.86	1.62	14.738940	16.963317	15.802502	0.547298
8.86	21.48	10.38	14.17	2.86	1.62	14.741251	16.964439	15.804204	0.547291
8.86	21.48	10.39	14.18	2.86	1.62	14.743564	16.965562	15.805906	0.547284
8.86	21.48	10.39	14.18	2.86	1.62	14.745877	16.966685	15.807609	0.547276
8.86	21.48	10.40	14.19	2.86	1.62	14.748192	16.967809	15.809313	0.547269
8.87	21.48	10.40	14.19	2.86	1.62	14.750508	16.968934	15.811018	0.547262
8.87	21.48	10.41	14.19	2.86	1.62	14.752824	16.970059	15.812723	0.547255
8.87	21.48	10.41	14.20	2.86	1.62	14.755142	16.971185	15.814430	0.547247
8.88	21.48	10.42	14.20	2.86	1.62	14.757461	16.972312	15.816137	0.547240
8.88	21.48	10.42	14.21	2.86	1.62	14.759781	16.973439	15.817845	0.547233
8.88	21.48	10.43	14.21	2.86	1.62	14.762102	16.974567	15.819554	0.547225
8.88	21.48	10.44	14.22	2.86	1.62	14.764424	16.975696	15.821264	0.547218
8.89	21.48	10.44	14.22	2.86	1.62	14.766748	16.976826	15.822975	0.547211
8.89	21.48	10.45	14.23	2.86	1.62	14.769072	16.977956	15.824686	0.547203
8.89	21.48	10.45	14.23	2.86	1.62	14.771397	16.979086	15.826399	0.547196
8.89	21.48	10.46	14.23	2.86	1.62	14.773724	16.980218	15.828112	0.547189
8.90	21.48	10.46	14.24	2.86	1.62	14.776051	16.981350	15.829826	0.547181
8.90	21.48	10.47	14.24	2.86	1.62	14.778380	16.982483	15.831542	0.547174
8.90	21.48	10.47	14.25	2.86	1.61	14.780709	16.983616	15.833257	0.547167
8.91	21.48	10.48	14.25	2.86	1.61	14.783040	16.984751	15.834974	0.547159
8.91	21.48	10.48	14.26	2.86	1.61	14.785372	16.985885	15.836692	0.547152
8.91	21.48	10.49	14.26	2.86	1.61	14.787705	16.987021	15.838410	0.547145
8.91	21.48	10.49	14.27	2.86	1.61	14.790039	16.988157	15.840130	0.547137
8.92	21.48	10.50	14.27	2.86	1.61	14.792374	16.989294	15.841850	0.547130
8.92	21.48	10.51	14.27	2.86	1.61	14.794710	16.990432	15.843571	0.547122
8.92	21.48	10.51	14.28	2.86	1.61	14.797048	16.991570	15.845293	0.547115
8.93	21.48	10.52	14.28	2.86	1.61	14.799386	16.992709	15.847016	0.547108
8.93	21.48	10.52	14.29	2.86	1.61	14.801725	16.993848	15.848739	0.547100
8.93	21.48	10.53	14.29	2.86	1.61	14.804066	16.994988	15.850464	0.547093
8.93	21.48	10.53	14.30	2.86	1.61	14.806408	16.996129	15.852189	0.547085
8.94	21.48	10.54	14.30	2.86	1.61	14.808750	16.997271	15.853916	0.547078
8.94	21.48	10.54	14.31	2.86	1.61	14.811094	16.998413	15.855643	0.547071
8.94	21.48	10.55	14.31	2.86	1.61	14.813439	16.999556	15.857371	0.547063
8.94	21.48	10.56	14.32	2.86	1.61	14.815785	17.000700	15.859100	0.547056
8.95	21.48	10.56	14.32	2.86	1.61	14.818132	17.001844	15.860830	0.547048
8.95	21.48	10.57	14.32	2.86	1.61	14.820481	17.002989	15.862560	0.547041
8.95	21.48	10.57	14.33	2.86	1.61	14.822830	17.004135	15.864292	0.547033
8.96	21.48	10.58	14.33	2.86	1.61	14.825181	17.005281	15.866024	0.547026
8.96	21.48	10.58	14.34	2.86	1.61	14.827532	17.006428	15.867757	0.547018
8.96	21.48	10.59	14.34	2.86	1.61	14.829885	17.007576	15.869492	0.547011
8.96	21.48	10.59	14.35	2.86	1.61	14.832239	17.008724	15.871227	0.547003
8.97	21.48	10.60	14.35	2.86	1.61	14.834594	17.009873	15.872962	0.546996
8.97	21.48	10.60	14.36	2.86	1.61	14.836950	17.011023	15.874699	0.546988
8.97	21.48	10.61	14.36	2.86	1.61	14.839307	17.012173	15.876437	0.546981
8.97	21.48	10.62	14.36	2.86	1.61	14.841665	17.013324	15.878175	0.546973
8.98	21.48	10.62	14.37	2.86	1.61	14.844024	17.014476	15.879915	0.546966
8.98	21.48	10.63	14.37	2.86	1.61	14.846385	17.015629	15.881655	0.546958
8.98	21.48	10.63	14.38	2.86	1.61	14.848746	17.016782	15.883396	0.546951
8.99	21.48	10.64	14.38	2.86	1.61	14.851109	17.017935	15.885138	0.546943
8.99	21.48	10.64	14.39	2.86	1.61	14.853473	17.019090	15.886881	0.546936
8.99	21.48	10.65	14.39	2.86	1.61	14.855838	17.020245	15.888625	0.546928
8.99	21.48	10.65	14.40	2.86	1.61	14.858204	17.021401	15.890370	0.546921
9.00	21.48	10.66	14.40	2.86	1.61	14.860571	17.022557	15.892116	0.546913
9.00	21.48	10.67	14.41	2.86	1.61	14.862940	17.023714	15.893862	0.546906
9.00	21.48	10.67	14.41	2.86	1.61	14.865309	17.024872	15.895609	0.546898
9.01	21.48	10.68	14.41	2.86	1.61	14.867680	17.026031	15.897358	0.546890
9.01	21.48	10.68	14.42	2.86	1.61	14.870051	17.027190	15.899107	0.546883
9.01	21.48	10.69	14.42	2.86	1.61	14.872424	17.028350	15.900857	0.546875
9.01	21.48	10.69	14.43	2.86	1.61	14.874798	17.029510	15.902608	0.546868
9.02	21.48	10.70	14.43	2.86	1.60	14.877173	17.030671	15.904360	0.546860
9.02	21.48	10.71	14.44	2.86	1.60	14.879550	17.031833	15.906112	0.546852
9.02	21.48	10.71	14.44	2.86	1.60	14.881927	17.032996	15.907866	0.546845
9.03	21.48	10.72	14.45	2.86	1.60	14.884305	17.034159	15.909620	0.546837
9.03	21.48	10.72	14.45	2.86	1.60	14.886685	17.035323	15.911376	0.546830
9.03	21.48	10.73	14.46	2.86	1.60	14.889066	17.036487	15.913132	0.546822
9.03	21.48	10.73	14.46	2.86	1.60	14.891448	17.037653	15.914889	0.546814
9.04	21.48	10.74	14.47	2.86	1.60	14.893831	17.038818	15.916647	0.546807
9.04	21.48	10.74	14.47	2.86	1.60	14.896215	17.039985	15.918406	0.546799
9.04	21.48	10.75	14.47	2.86	1.60	14.898600	17.041152	15.920166	0.546791
9.04	21.48	10.76	14.48	2.86	1.60	14.900987	17.042320	15.921927	0.546784
9.05	21.48	10.76	14.48	2.86	1.60	14.903374	17.043489	15.923688	0.546776
9.05	21.48	10.77	14.49	2.86	1.60	14.905763	17.044658	15.925451	0.546768
9.05	21.48	10.77	14.49	2.86	1.60	14.908153	17.045828	15.927214	0.546761
9.06	21.48	10.78	14.50	2.86	1.60	14.910544	17.046999	15.928979	0.546753
9.06	21.48	10.78	14.50	2.86	1.60	14.912936	17.048170	15.930744	0.546745
9.06	21.48	10.79	14.51	2.86	1.60	14.915330	17.049342	15.932510	0.546738
9.06	21.48	10.80	14.51	2.86	1.60	14.917724	17.050515	15.934277	0.546730
9.07	21.48	10.80	14.52	2.86	1.60	14.920120	17.051688	15.936045	0.546722
9.07	21.48	10.81	14.52	2.86	1.60	14.922516	17.052862	15.937814	0.546714
9.07	21.48	10.81	14.52	2.86	1.60	14.924914	17.054037	15.939584	0.546707
9.07	21.48	10.82	14.53	2.86	1.60	14.927313	17.055212	15.941354	0.546699
9.08	21.48	10.82	14.53	2.86	1.60	14.929714	17.056388	15.943126	0.546691
9.08	21.48	10.83	14.54	2.86	1.60	14.932115	17.057565	15.944898	0.546683
9.08	21.48	10.84	14.54	2.86	1.60	14.934518	17.058742	15.946671	0.546676
9.09	21.48	10.84	14.55	2.86	1.60	14.936921	17.059920	15.948446	0.546668
9.09	21.48	10.85	14.55	2.86	1.60	14.939326	17.061099	15.950221	0.546660
9.09	21.48	10.85	14.56	2.86	1.60	14.941732	17.062279	15.951997	0.546652
9.09	21.48	10.86	14.56	2.86	1.60	14.944139	17.063459	15.953774	0.546644
9.10	21.48	10.86	14.57	2.86	1.60	14.946547	17.064639	15.955552	0.546637
9.10	21.48	10.87	14.57	2.86	1.60	14.948957	17.065821	15.957330	0.546629
9.10	21.48	10.88	14.58	2.86	1.60	14.951367	17.067003	15.959110	0.546621
9.11	21.48	10.88	14.58	2.86	1.60	14.953779	17.068186	15.960891	0.546613
9.11	21.48	10.89	14.58	2.86	1.60	14.956192	17.069369	15.962672	0.546605
9.11	21.48	10.89	14.59	2.86	1.60	14.958606	17.070553	15.964454	0.546598
9.11	21.48	10.90	14.59	2.86	1.60	14.961021	17.071738	15.966238	0.546590
9.12	21.48	10.90	14.60	2.86	1.60	14.963438	17.072924	15.968022	0.546582
9.12	21.48	10.91	14.60	2.86	1.60	14.965855	17.074110	15.969807	0.546574
9.12	21.48	10.92	14.61	2.86	1.60	14.968274	17.075297	15.971593	0.546566
9.12	21.48	10.92	14.61	2.86	1.60	14.970694	17.076484	15.973380	0.546558
9.13	21.48	10.93	14.62	2.86	1.59	14.973115	17.077673	15.975168	0.546550
9.13	21.48	10.93	14.62	2.86	1.59	14.975537	17.078861	15.976956	0.546543
9.13	21.48	10.94	14.63	2.86	1.59	14.977960	17.080051	15.978746	0.546535
9.14	21.48	10.95	14.63	2.86	1.59	14.980385	17.081241	15.980537	0.546527
9.14	21.48	10.95	14.64	2.86	1.59	14.982811	17.082432	15.982328	0.546519
9.14	21.48	10.96	14.64	2.86	1.59	14.985237	17.083624	15.984120	0.546511
9.14	21.48	10.96	14.65	2.86	1.59	14.987665	17.084816	15.985914	0.546503
9.15	21.48	10.97	14.65	2.86	1.59	14.990095	17.086009	15.987708	0.546495
9.15	21.48	10.97	14.65	2.86	1.59	14.992525	17.087203	15.989503	0.546487
9.15	21.48	10.98	14.66	2.86	1.59	14.994956	17.088397	15.991299	0.546479
9.16	21.48	10.99	14.66	2.86	1.59	14.997389	17.089592	15.993096	0.546471
9.16	21.48	10.99	14.67	2.86	1.59	14.999823	17.090788	15.994894	0.546463
9.16	21.48	11.00	14.67	2.86	1.59	15.002258	17.091984	15.996693	0.546455
9.16	21.48	11.00	14.68	2.86	1.59	15.004694	17.093181	15.998492	0.546447
9.17	21.48	11.01	14.68	2.86	1.59	15.007131	17.094379	16.000293	0.546439
9.17	21.48	11.01	14.69	2.86	1.59	15.009570	17.095577	16.002094	0.546431
9.17	21.48	11.02	14.69	2.86	1.59	15.012010	17.096776	16.003897	0.546423
9.18	21.48	11.03	14.70	2.86	1.59	15.014450	17.097976	16.005700	0.546415
9.18	21.48	11.03	14.70	2.86	1.59	15.016893	17.099176	16.007505	0.546407
9.18	21.48	11.04	14.71	2.86	1.59	15.019336	17.100377	16.009310	0.546399
9.18	21.48	11.04	14.71	2.86	1.59	15.021780	17.101579	16.011116	0.546391
9.19	21.48	11.05	14.72	2.86	1.59	15.024226	17.102781	16.012923	0.546383
9.19	21.48	11.06	14.72	2.86	1.59	15.026672	17.103984	16.014731	0.546375
9.19	21.48	11.06	14.72	2.86	1.59	15.029120	17.105188	16.016540	0.546367
9.19	21.48	11.07	14.73	2.86	1.59	15.031569	17.106393	16.018349	0.546359
9.20	21.48	11.07	14.73	2.86	1.59	15.034020	17.107598	16.020160	0.546351
9.20	21.48	11.08	14.74	2.86	1.59	15.036471	17.108804	16.021972	0.546343
9.20	21.48	11.09	14.74	2.86	1.59	15.038924	17.110010	16.023784	0.546335
9.21	21.48	11.09	14.75	2.86	1.59	15.041377	17.111217	16.025598	0.546327
9.21	21.48	11.10	14.75	2.86	1.59	15.043832	17.112425	16.027412	0.546319
9.21	21.48	11.10	14.76	2.86	1.59	15.046288	17.113634	16.029227	0.546311
9.21	21.48	11.11	14.76	2.86	1.59	15.048746	17.114843	16.031043	0.546303
9.22	21.48	11.11	14.77	2.86	1.59	15.051204	17.116053	16.032861	0.546295
9.22	21.48	11.12	14.77	2.86	1.59	15.053664	17.117263	16.034679	0.546286
9.22	21.48	11.13	14.78	2.86	1.59	15.056124	17.118475	16.036498	0.546278
9.22	21.48	11.13	14.78	2.86	1.59	15.058586	17.119686	16.038318	0.546270
9.23	21.48	11.14	14.79	2.86	1.59	15.061050	17.120899	16.040138	0.546262
9.23	21.48	11.14	14.79	2.86	1.59	15.063514	17.122112	16.041960	0.546254
9.23	21.48	11.15	14.80	2.86	1.59	15.065980	17.123326	16.043783	0.546246
9.24	21.48	11.16	14.80	2.86	1.58	15.068446	17.124541	16.045606	0.546238
9.24	21.48	11.16	14.80	2.86	1.58	15.070914	17.125756	16.047431	0.546229
9.24	21.48	11.17	14.81	2.86	1.58	15.073383	17.126972	16.049256	0.546221
9.24	21.48	11.17	14.81	2.86	1.58	15.075853	17.128189	16.051083	0.546213
9.25	21.48	11.18	14.82	2.87	1.58	15.078325	17.129406	16.052910	0.546205
9.25	21.48	11.19	14.82	2.87	1.58	15.080797	17.130624	16.054738	0.546197
9.25	21.48	11.19	14.83	2.87	1.58	15.083271	17.131843	16.056567	0.546188
9.26	21.48	11.20	14.83	2.87	1.58	15.085746	17.133062	16.058397	0.546180
9.26	21.48	11.20	14.84	2.87	1.58	15.088222	17.134282	16.060228	0.546172
9.26	21.48	11.21	14.84	2.87	1.58	15.090700	17.135503	16.062060	0.546164
9.26	21.48	11.22	14.85	2.87	1.58	15.093178	17.136725	16.063893	0.546156
9.27	21.48	11.22	14.85	2.87	1.58	15.095658	17.137947	16.065727	0.546147
9.27	21.48	11.23	14.86	2.87	1.58	15.098139	17.139169	16.067561	0.546139
9.27	21.48	11.23	14.86	2.87	1.58	15.100621	17.140393	16.069397	0.546131
9.28	21.48	11.24	14.87	2.87	1.58	15.103104	17.141617	16.071233	0.546122
9.28	21.48	11.25	14.87	2.87	1.58	15.105588	17.142842	16.073071	0.546114
9.28	21.48	11.25	14.88	2.87	1.58	15.108074	17.144067	16.074909	0.546106
9.28	21.48	11.26	14.88	2.87	1.58	15.110560	17.145294	16.076749	0.546098
9.29	21.48	11.26	14.88	2.87	1.58	15.113048	17.146520	16.078589	0.546089
9.29	21.48	11.27	14.89	2.87	1.58	15.115538	17.147748	16.080430	0.546081
9.29	21.48	11.28	14.89	2.87	1.58	15.118028	17.148976	16.082272	0.546073
9.29	21.48	11.28	14.90	2.87	1.58	15.120519	17.150205	16.084115	0.546064
9.30	21.48	11.29	14.90	2.87	1.58	15.123012	17.151435	16.085959	0.546056
9.30	21.48	11.29	14.91	2.87	1.58	15.125506	17.152665	16.087804	0.546048
9.30	21.48	11.30	14.91	2.87	1.58	15.128001	17.153896	16.089650	0.546039
9.31	21.48	11.31	14.92	2.87	1.58	15.130497	17.155127	16.091496	0.546031
9.31	21.48	11.31	14.92	2.87	1.58	15.132994	17.156360	16.093344	0.546023
9.31	21.48	11.32	14.93	2.87	1.58	15.135493	17.157593	16.095192	0.546014
9.31	21.48	11.32	14.93	2.87	1.58	15.137993	17.158826	16.097042	0.546006
9.32	21.48	11.33	14.94	2.87	1.58	15.140494	17.160061	16.098892	0.545997
9.32	21.48	11.34	14.94	2.87	1.58	15.142996	17.161296	16.100744	0.545989
9.32	21.48	11.34	14.95	2.87	1.58	15.145499	17.162531	16.102596	0.545981
9.32	21.48	11.35	14.95	2.87	1.58	15.148003	17.163768	16.104449	0.545972
9.33	21.48	11.35	14.96	2.87	1.58	15.150509	17.165005	16.106303	0.545964
9.33	21.48	11.36	14.96	2.87	1.58	15.153016	17.166243	16.108158	0.545955
9.33	21.48	11.37	14.97	2.87	1.58	15.155524	17.167481	16.110014	0.545947
9.34	21.48	11.37	14.97	2.87	1.58	15.158033	17.168720	16.111871	0.545939
9.34	21.48	11.38	14.98	2.87	1.58	15.160544	17.169960	16.113729	0.545930
9.34	21.48	11.38	14.98	2.87	1.57	15.163055	17.171200	16.115588	0.545922
9.34	21.48	11.39	14.98	2.87	1.57	15.165568	17.172442	16.117448	0.545913
9.35	21.48	11.40	14.99	2.87	1.57	15.168082	17.173683	16.119308	0.545905
9.35	21.48	11.40	14.99	2.87	1.57	15.170597	17.174926	16.121170	0.545896
9.35	21.48	11.41	15.00	2.87	1.57	15.173113	17.176169	16.123032	0.545888
9.36	21.48	11.42	15.00	2.87	1.57	15.175631	17.177413	16.124896	0.545879
9.36	21.48	11.42	15.01	2.87	1.57	15.178149	17.178658	16.126760	0.545871
9.36	21.48	11.43	15.01	2.87	1.57	15.180669	17.179903	16.128626	0.545862
9.36	21.48	11.43	15.02	2.87	1.57	15.183190	17.181149	16.130492	0.545854
9.37	21.48	11.44	15.02	2.87	1.57	15.185712	17.182395	16.132359	0.545845
9.37	21.48	11.45	15.03	2.87	1.57	15.188236	17.183643	16.134227	0.545837
9.37	21.48	11.45	15.03	2.87	1.57	15.190760	17.184891	16.136096	0.545828
9.38	21.48	11.46	15.04	2.87	1.57	15.193286	17.186139	16.137966	0.545820
9.38	21.48	11.46	15.04	2.87	1.57	15.195813	17.187388	16.139837	0.545811
9.38	21.48	11.47	15.05	2.87	1.57	15.198341	17.188638	16.141709	0.545802
9.38	21.48	11.48	15.05	2.87	1.57	15.200870	17.189889	16.143581	0.545794
9.39	21.48	11.48	15.06	2.87	1.57	15.203400	17.191141	16.145455	0.545785
9.39	21.48	11.49	15.06	2.87	1.57	15.205932	17.192393	16.147330	0.545777
9.39	21.48	11.49	15.07	2.87	1.57	15.208465	17.193645	16.149205	0.545768
9.39	21.48	11.50	15.07	2.87	1.57	15.210999	17.194899	16.151082	0.545759
9.40	21.48	11.51	15.08	2.87	1.57	15.213534	17.196153	16.152959	0.545751
9.40	21.48	11.51	15.08	2.87	1.57	15.216070	17.197408	16.154837	0.545742
9.40	21.48	11.52	15.09	2.87	1.57	15.218608	17.198663	16.156717	0.545734
9.41	21.48	11.53	15.09	2.87	1.57	15.221147	17.199919	16.158597	0.545725
9.41	21.48	11.53	15.10	2.87	1.57	15.223686	17.201176	16.160478	0.545716
9.41	21.48	11.54	15.10	2.87	1.57	15.226227	17.202434	16.162360	0.545708
9.41	21.48	11.54	15.10	2.87	1.57	15.228770	17.203692	16.164243	0.545699
9.42	21.48	11.55	15.11	2.87	1.57	15.231313	17.204951	16.166127	0.545690
9.42	21.48	11.56	15.11	2.87	1.57	15.233858	17.206210	16.168012	0.545682
9.42	21.48	11.56	15.12	2.87	1.57	15.236403	17.207471	16.169897	0.545673
9.43	21.48	11.57	15.12	2.87	1.57	15.238950	17.208731	16.171784	0.545664
9.43	21.48	11.57	15.13	2.87	1.57	15.241498	17.209993	16.173672	0.545655
9.43	21.48	11.58	15.13	2.87	1.57	15.244048	17.211255	16.175560	0.545647
9.43	21.48	11.59	15.14	2.87	1.57	15.246598	17.212518	16.177450	0.545638
9.44	21.48	11.59	15.14	2.87	1.57	15.249150	17.213782	16.179340	0.545629
9.44	21.48	11.60	15.15	2.87	1.57	15.251703	17.215046	16.181231	0.545621
9.44	21.48	11.61	15.15	2.87	1.56	15.254257	17.216311	16.183124	0.545612
9.44	21.48	11.61	15.16	2.87	1.56	15.256812	17.217577	16.185017	0.545603
9.45	21.48	11.62	15.16	2.87	1.56	15.259368	17.218843	16.186911	0.545594
9.45	21.48	11.62	15.17	2.87	1.56	15.261925	17.220111	16.188806	0.545585
9.45	21.48	11.63	15.17	2.87	1.56	15.264484	17.221378	16.190702	0.545577
9.46	21.48	11.64	15.18	2.87	1.56	15.267044	17.222647	16.192599	0.545568
9.46	21.48	11.64	15.18	2.87	1.56	15.269605	17.223916	16.194497	0.545559
9.46	21.48	11.65	15.19	2.87	1.56	15.272167	17.225186	16.196395	0.545550
9.46	21.48	11.66	15.19	2.87	1.56	15.274731	17.226456	16.198295	0.545541
9.47	21.48	11.66	15.20	2.87	1.56	15.277295	17.227727	16.200196	0.545533
9.47	21.48	11.67	15.20	2.87	1.56	15.279861	17.228999	16.202097	0.545524
9.47	21.48	11.67	15.21	2.87	1.56	15.282428	17.230272	16.204000	0.545515
9.47	21.48	11.68	15.21	2.87	1.56	15.284996	17.231545	16.205903	0.545506
9.48	21.48	11.69	15.22	2.87	1.56	15.287565	17.232819	16.207808	0.545497
9.48	21.48	11.69	15.22	2.87	1.56	15.290135	17.234093	16.209713	0.545488
9.48	21.48	11.70	15.23	2.87	1.56	15.292707	17.235369	16.211619	0.545479
9.49	21.48	11.71	15.23	2.87	1.56	15.295279	17.236645	16.213526	0.545471
9.49	21.48	11.71	15.23	2.87	1.56	15.297853	17.237921	16.215434	0.545462
9.49	21.48	11.72	15.24	2.87	1.56	15.300428	17.239199	16.217343	0.545453
9.49	21.48	11.72	15.24	2.87	1.56	15.303005	17.240477	16.219253	0.545444
9.50	21.48	11.73	15.25	2.87	1.56	15.305582	17.241755	16.221164	0.545435
9.50	21.48	11.74	15.25	2.87	1.56	15.308160	17.243035	16.223076	0.545426
9.50	21.48	11.74	15.26	2.87	1.56	15.310740	17.244315	16.224988	0.545417
9.51	21.48	11.75	15.26	2.87	1.56	15.313321	17.245596	16.226902	0.545408
9.51	21.48	11.76	15.27	2.87	1.56	15.315903	17.246877	16.228817	0.545399
9.51	21.48	11.76	15.27	2.87	1.56	15.318486	17.248159	16.230732	0.545390
9.51	21.48	11.77	15.28	2.87	1.56	15.321071	17.249442	16.232649	0.545381
9.52	21.48	11.77	15.28	2.87	1.56	15.323656	17.250725	16.234566	0.545372
9.52	21.48	11.78	15.29	2.87	1.56	15.326243	17.252010	16.236484	0.545363
9.52	21.48	11.79	15.29	2.87	1.56	15.328831	17.253294	16.238403	0.545354
9.53	21.48	11.79	15.30	2.87	1.56	15.331420	17.254580	16.240323	0.545345
9.53	21.48	11.80	15.30	2.87	1.56	15.334010	17.255866	16.242245	0.545336
9.53	21.48	11.81	15.31	2.87	1.56	15.336601	17.257153	16.244166	0.545327
9.53	21.48	11.81	15.31	2.87	1.56	15.339194	17.258441	16.246089	0.545318
9.54	21.48	11.82	15.32	2.87	1.56	15.341787	17.259729	16.248013	0.545309
9.54	21.48	11.83	15.32	2.87	1.55	15.344382	17.261018	16.249938	0.545300
9.54	21.48	11.83	15.33	2.87	1.55	15.346978	17.262308	16.251864	0.545291
9.54	21.48	11.84	15.33	2.87	1.55	15.349575	17.263598	16.253790	0.545282
9.55	21.48	11.84	15.34	2.87	1.55	15.352173	17.264889	16.255718	0.545273
9.55	21.48	11.85	15.34	2.87	1.55	15.354773	17.266181	16.257646	0.545264
9.55	21.48	11.86	15.35	2.87	1.55	15.357373	17.267473	16.259576	0.545255
9.56	21.48	11.86	15.35	2.87	1.55	15.359975	17.268766	16.261506	0.545246
9.56	21.48	11.87	15.36	2.87	1.55	15.362578	17.270060	16.263437	0.545237
9.56	21.48	11.88	15.36	2.87	1.55	15.365182	17.271354	16.265369	0.545227
9.56	21.48	11.88	15.37	2.87	1.55	15.367787	17.272649	16.267302	0.545218
9.57	21.48	11.89	15.37	2.87	1.55	15.370394	17.273945	16.269236	0.545209
9.57	21.48	11.90	15.38	2.87	1.55	15.373001	17.275242	16.271171	0.545200
9.57	21.48	11.90	15.38	2.87	1.55	15.375610	17.276539	16.273107	0.545191
9.57	21.48	11.91	15.39	2.87	1.55	15.378220	17.277837	16.275044	0.545182
9.58	21.48	11.91	15.39	2.87	1.55	15.380830	17.279135	16.276981	0.545173
9.58	21.48	11.92	15.40	2.87	1.55	15.383443	17.280434	16.278920	0.545163
9.58	21.48	11.93	15.40	2.87	1.55	15.386056	17.281734	16.280860	0.545154
9.59	21.48	11.93	15.41	2.87	1.55	15.388670	17.283035	16.282800	0.545145
9.59	21.48	11.94	15.41	2.87	1.55	15.391286	17.284336	16.284741	0.545136
9.59	21.48	11.95	15.41	2.87	1.55	15.393902	17.285638	16.286684	0.545127
9.59	21.48	11.95	15.42	2.87	1.55	15.396520	17.286941	16.288627	0.545117
9.60	21.48	11.96	15.42	2.87	1.55	15.399139	17.288244	16.290571	0.545108
9.60	21.48	11.97	15.43	2.87	1.55	15.401759	17.289548	16.292516	0.545099
9.60	21.48	11.97	15.43	2.87	1.55	15.404381	17.290853	16.294462	0.545090
9.61	21.48	11.98	15.44	2.87	1.55	15.407003	17.292158	16.296409	0.545080
9.61	21.48	11.98	15.44	2.87	1.55	15.409627	17.293464	16.298357	0.545071
9.61	21.48	11.99	15.45	2.87	1.55	15.412251	17.294771	16.300305	0.545062
9.61	21.48	12.00	15.45	2.87	1.55	15.414877	17.296078	16.302255	0.545053
9.62	21.48	12.00	15.46	2.87	1.55	15.417504	17.297386	16.304206	0.545043
9.62	21.48	12.01	15.46	2.87	1.55	15.420132	17.298695	16.306157	0.545034
9.62	21.48	12.02	15.47	2.87	1.55	15.422761	17.300005	16.308110	0.545025
9.62	21.48	12.02	15.47	2.87	1.55	15.425392	17.301315	16.310063	0.545015
9.63	21.48	12.03	15.48	2.87	1.55	15.428023	17.302626	16.312017	0.545006
9.63	21.48	12.04	15.48	2.87	1.55	15.430656	17.303937	16.313972	0.544997
9.63	21.48	12.04	15.49	2.87	1.54	15.433290	17.305250	16.315928	0.544987
9.64	21.48	12.05	15.49	2.87	1.54	15.435925	17.306562	16.317885	0.544978
9.64	21.48	12.06	15.50	2.87	1.54	15.438561	17.307876	16.319843	0.544969
9.64	21.48	12.06	15.50	2.87	1.54	15.441198	17.309190	16.321802	0.544959
9.64	21.48	12.07	15.51	2.87	1.54	15.443836	17.310505	16.323762	0.544950
9.65	21.48	12.07	15.51	2.87	1.54	15.446476	17.311821	16.325723	0.544940
9.65	21.48	12.08	15.52	2.87	1.54	15.449116	17.313137	16.327684	0.544931
9.65	21.48	12.09	15.52	2.87	1.54	15.451758	17.314454	16.329647	0.544922
9.66	21.48	12.09	15.53	2.87	1.54	15.454401	17.315772	16.331610	0.544912
9.66	21.48	12.10	15.53	2.87	1.54	15.457045	17.317090	16.333574	0.544903
9.66	21.48	12.11	15.54	2.87	1.54	15.459690	17.318409	16.335540	0.544893
9.66	21.48	12.11	15.54	2.87	1.54	15.462336	17.319729	16.337506	0.544884
9.67	21.48	12.12	15.55	2.87	1.54	15.464984	17.321050	16.339473	0.544874
9.67	21.48	12.13	15.55	2.87	1.54	15.467632	17.322371	16.341441	0.544865
9.67	21.48	12.13	15.56	2.87	1.54	15.470282	17.323693	16.343410	0.544856
9.68	21.48	12.14	15.56	2.87	1.54	15.472932	17.325015	16.345379	0.544846
9.68	21.48	12.15	15.57	2.87	1.54	15.475584	17.326338	16.347350	0.544837
9.68	21.48	12.15	15.57	2.87	1.54	15.478237	17.327662	16.349322	0.544827
9.68	21.48	12.16	15.58	2.87	1.54	15.480891	17.328987	16.351294	0.544818
9.69	21.48	12.16	15.58	2.87	1.54	15.483547	17.330312	16.353268	0.544808
9.69	21.48	12.17	15.59	2.87	1.54	15.486203	17.331638	16.355242	0.544799
9.69	21.48	12.18	15.59	2.87	1.54	15.488860	17.332964	16.357217	0.544789
9.69	21.48	12.18	15.60	2.87	1.54	15.491519	17.334292	16.359193	0.544779
9.70	21.48	12.19	15.60	2.87	1.54	15.494179	17.335619	16.361171	0.544770
9.70	21.48	12.20	15.61	2.87	1.54	15.496839	17.336948	16.363148	0.544760
9.70	21.48	12.20	15.61	2.87	1.54	15.499501	17.338277	16.365127	0.544751
9.71	21.48	12.21	15.62	2.87	1.54	15.502164	17.339607	16.367107	0.544741
9.71	21.48	12.22	15.62	2.87	1.54	15.504828	17.340938	16.369088	0.544732
9.71	21.48	12.22	15.63	2.87	1.54	15.507494	17.342270	16.371069	0.544722
9.71	21.48	12.23	15.63	2.87	1.54	15.510160	17.343602	16.373052	0.544712
9.72	21.48	12.24	15.64	2.87	1.54	15.512827	17.344934	16.375035	0.544703
9.72	21.48	12.24	15.64	2.87	1.54	15.515496	17.346268	16.377020	0.544693
9.72	21.48	12.25	15.65	2.87	1.54	15.518166	17.347602	16.379005	0.544684
9.72	21.48	12.26	15.65	2.87	1.54	15.520836	17.348937	16.380991	0.544674
9.73	21.48	12.26	15.66	2.87	1.53	15.523508	17.350272	16.382978	0.544664
9.73	21.48	12.27	15.66	2.87	1.53	15.526181	17.351608	16.384966	0.544655
9.73	21.48	12.28	15.66	2.88	1.53	15.528855	17.352945	16.386955	0.544645
9.74	21.48	12.28	15.67	2.88	1.53	15.531531	17.354283	16.388945	0.544635
9.74	21.48	12.29	15.67	2.88	1.53	15.534207	17.355621	16.390935	0.544626
9.74	21.48	12.29	15.68	2.88	1.53	15.536884	17.356960	16.392927	0.544616
9.74	21.48	12.30	15.68	2.88	1.53	15.539563	17.358299	16.394919	0.544606
9.75	21.48	12.31	15.69	2.88	1.53	15.542242	17.359639	16.396913	0.544596
9.75	21.48	12.31	15.69	2.88	1.53	15.544923	17.360980	16.398907	0.544587
9.75	21.48	12.32	15.70	2.88	1.53	15.547605	17.362322	16.400902	0.544577
9.76	21.48	12.33	15.70	2.88	1.53	15.550288	17.363664	16.402898	0.544567
9.76	21.48	12.33	15.71	2.88	1.53	15.552972	17.365007	16.404895	0.544558
9.76	21.48	12.34	15.71	2.88	1.53	15.555657	17.366351	16.406893	0.544548
9.76	21.48	12.35	15.72	2.88	1.53	15.558343	17.367695	16.408892	0.544538
9.77	21.48	12.35	15.72	2.88	1.53	15.561030	17.369040	16.410891	0.544528
9.77	21.48	12.36	15.73	2.88	1.53	15.563719	17.370386	16.412892	0.544518
9.77	21.48	12.37	15.73	2.88	1.53	15.566408	17.371732	16.414893	0.544509
9.78	21.48	12.37	15.74	2.88	1.53	15.569098	17.373079	16.416896	0.544499
9.78	21.48	12.38	15.74	2.88	1.53	15.571790	17.374427	16.418899	0.544489
9.78	21.48	12.39	15.75	2.88	1.53	15.574483	17.375776	16.420903	0.544479
9.78	21.48	12.39	15.75	2.88	1.53	15.577177	17.377125	16.422908	0.544469
9.79	21.48	12.40	15.76	2.88	1.53	15.579871	17.378475	16.424914	0.544460
9.79	21.48	12.41	15.76	2.88	1.53	15.582567	17.379825	16.426921	0.544450
9.79	21.48	12.41	15.77	2.88	1.53	15.585264	17.381176	16.428929	0.544440
9.79	21.48	12.42	15.77	2.88	1.53	15.587962	17.382528	16.430937	0.544430
9.80	21.48	12.43	15.78	2.88	1.53	15.590662	17.383881	16.432947	0.544420
9.80	21.48	12.43	15.78	2.88	1.53	15.593362	17.385234	16.434957	0.544410
9.80	21.48	12.44	15.79	2.88	1.53	15.596063	17.386588	16.436968	0.544400
9.81	21.48	12.45	15.79	2.88	1.53	15.598766	17.387942	16.438980	0.544390
9.81	21.48	12.45	15.80	2.88	1.53	15.601469	17.389297	16.440994	0.544380
9.81	21.48	12.46	15.80	2.88	1.53	15.604174	17.390653	16.443007	0.544371
9.81	21.48	12.47	15.81	2.88	1.53	15.606879	17.392010	16.445022	0.544361
9.82	21.48	12.47	15.81	2.88	1.52	15.609586	17.393367	16.447038	0.544351
9.82	21.48	12.48	15.82	2.88	1.52	15.612294	17.394725	16.449055	0.544341
9.82	21.48	12.49	15.82	2.88	1.52	15.615003	17.396084	16.451072	0.544331
9.82	21.48	12.49	15.83	2.88	1.52	15.617713	17.397443	16.453090	0.544321
9.83	21.48	12.50	15.83	2.88	1.52	15.620424	17.398803	16.455110	0.544311
9.83	21.48	12.51	15.84	2.88	1.52	15.623136	17.400164	16.457130	0.544301
9.83	21.48	12.51	15.84	2.88	1.52	15.625849	17.401525	16.459151	0.544291
9.84	21.48	12.52	15.85	2.88	1.52	15.628563	17.402887	16.461173	0.544281
9.84	21.48	12.53	15.85	2.88	1.52	15.631278	17.404250	16.463196	0.544271
9.84	21.48	12.53	15.86	2.88	1.52	15.633994	17.405613	16.465219	0.544261
9.84	21.48	12.54	15.86	2.88	1.52	15.636712	17.406977	16.467244	0.544251
9.85	21.48	12.55	15.87	2.88	1.52	15.639430	17.408342	16.469269	0.544241
9.85	21.48	12.55	15.87	2.88	1.52	15.642150	17.409708	16.471296	0.544231
9.85	21.48	12.56	15.88	2.88	1.52	15.644870	17.411074	16.473323	0.544220
9.86	21.48	12.57	15.88	2.88	1.52	15.647592	17.412440	16.475351	0.544210
9.86	21.48	12.57	15.89	2.88	1.52	15.650314	17.413808	16.477380	0.544200
9.86	21.48	12.58	15.89	2.88	1.52	15.653038	17.415176	16.479410	0.544190
9.86	21.48	12.59	15.90	2.88	1.52	15.655763	17.416545	16.481441	0.544180
9.87	21.48	12.59	15.90	2.88	1.52	15.658488	17.417914	16.483472	0.544170
9.87	21.48	12.60	15.91	2.88	1.52	15.661215	17.419285	16.485505	0.544160
9.87	21.48	12.61	15.91	2.88	1.52	15.663943	17.420655	16.487538	0.544150
9.88	21.48	12.61	15.92	2.88	1.52	15.666672	17.422027	16.489572	0.544140
9.88	21.48	12.62	15.92	2.88	1.52	15.669402	17.423399	16.491607	0.544129
9.88	21.48	12.62	15.93	2.88	1.52	15.672133	17.424772	16.493643	0.544119
9.88	21.48	12.63	15.93	2.88	1.52	15.674865	17.426146	16.495680	0.544109
9.89	21.48	12.64	15.94	2.88	1.52	15.677598	17.427520	16.497718	0.544099
9.89	21.48	12.64	15.94	2.88	1.52	15.680332	17.428895	16.499757	0.544089
9.89	21.48	12.65	15.95	2.88	1.52	15.683068	17.430270	16.501796	0.544079
9.89	21.48	12.66	15.95	2.88	1.52	15.685804	17.431647	16.503836	0.544068
9.90	21.48	12.66	15.96	2.88	1.52	15.688541	17.433024	16.505878	0.544058
9.90	21.48	12.67	15.96	2.88	1.52	15.691279	17.434401	16.507920	0.544048
9.90	21.48	12.68	15.97	2.88	1.51	15.694019	17.435780	16.509963	0.544038
9.91	21.48	12.69	15.97	2.88	1.51	15.696759	17.437159	16.512006	0.544027
9.91	21.48	12.69	15.98	2.88	1.51	15.699500	17.438538	16.514051	0.544017
9.91	21.48	12.70	15.98	2.88	1.51	15.702243	17.439919	16.516097	0.544007
9.91	21.48	12.71	15.99	2.88	1.51	15.704986	17.441300	16.518143	0.543997
9.92	21.48	12.71	15.99	2.88	1.51	15.707730	17.442681	16.520190	0.543986
9.92	21.48	12.72	16.00	2.88	1.51	15.710476	17.444064	16.522239	0.543976
9.92	21.48	12.73	16.00	2.88	1.51	15.713222	17.445447	16.524288	0.543966
9.93	21.48	12.73	16.01	2.88	1.51	15.715970	17.446830	16.526337	0.543955
9.93	21.48	12.74	16.01	2.88	1.51	15.718719	17.448215	16.528388	0.543945
9.93	21.48	12.75	16.02	2.88	1.51	15.721468	17.449600	16.530440	0.543935
9.93	21.48	12.75	16.02	2.88	1.51	15.724219	17.450986	16.532492	0.543924
9.94	21.48	12.76	16.03	2.88	1.51	15.726970	17.452372	16.534546	0.543914
9.94	21.48	12.77	16.03	2.88	1.51	15.729723	17.453759	16.536600	0.543904
9.94	21.48	12.77	16.04	2.88	1.51	15.732476	17.455147	16.538655	0.543893
9.94	21.48	12.78	16.04	2.88	1.51	15.735231	17.456535	16.540711	0.543883
9.95	21.48	12.79	16.05	2.88	1.51	15.737987	17.457924	16.542768	0.543873
9.95	21.48	12.79	16.05	2.88	1.51	15.740743	17.459314	16.544825	0.543862
9.95	21.48	12.80	16.06	2.88	1.51	15.743501	17.460705	16.546884	0.543852
9.96	21.48	12.81	16.06	2.88	1.51	15.746260	17.462096	16.548943	0.543841
9.96	21.48	12.81	16.06	2.88	1.51	15.749019	17.463487	16.551003	0.543831
9.96	21.48	12.82	16.07	2.88	1.51	15.751780	17.464880	16.553064	0.543821
9.96	21.48	12.83	16.07	2.88	1.51	15.754542	17.466273	16.555126	0.543810
9.97	21.48	12.83	16.08	2.88	1.51	15.757304	17.467667	16.557189	0.543800
9.97	21.48	12.84	16.08	2.88	1.51	15.760068	17.469061	16.559253	0.543789
9.97	21.48	12.85	16.09	2.88	1.51	15.762833	17.470457	16.561317	0.543779
9.97	21.48	12.85	16.09	2.88	1.51	15.765599	17.471852	16.563382	0.543768
9.98	21.48	12.86	16.10	2.88	1.51	15.768365	17.473249	16.565449	0.543758
9.98	21.48	12.87	16.10	2.88	1.51	15.771133	17.474646	16.567516	0.543747
9.98	21.48	12.87	16.11	2.88	1.51	15.773902	17.476044	16.569583	0.543737
9.99	21.48	12.88	16.11	2.88	1.51	15.776671	17.477442	16.571652	0.543726
9.99	21.48	12.89	16.12	2.88	1.50	15.779442	17.478842	16.573722	0.543716
9.99	21.48	12.89	16.12	2.88	1.50	15.782213	17.480241	16.575792	0.543705
9.99	21.48	12.90	16.13	2.88	1.50	15.784986	17.481642	16.577863	0.543695
10.00	21.48	12.91	16.13	2.88	1.50	15.787760	17.483043	16.579935	0.543684
10.00	21.48	12.91	16.14	2.88	1.50	15.790534	17.484445	16.582008	0.543673
10.00	21.48	12.92	16.14	2.88	1.50	15.793310	17.485848	16.584082	0.543663
10.01	21.48	12.93	16.15	2.88	1.50	15.796086	17.487251	16.586157	0.543652
10.01	21.48	12.93	16.15	2.88	1.50	15.798864	17.488655	16.588232	0.543642
10.01	21.48	12.94	16.16	2.88	1.50	15.801642	17.490059	16.590309	0.543631
10.01	21.48	12.95	16.16	2.88	1.50	15.804422	17.491464	16.592386	0.543620
10.02	21.48	12.95	16.17	2.88	1.50	15.807202	17.492870	16.594464	0.543610
10.02	21.48	12.96	16.17	2.88	1.50	15.809984	17.494277	16.596543	0.543599
10.02	21.48	12.97	16.18	2.88	1.50	15.812766	17.495684	16.598622	0.543589
10.03	21.48	12.97	16.18	2.88	1.50	15.815550	17.497092	16.600703	0.543578
10.03	21.48	12.98	16.19	2.88	1.50	15.818334	17.498500	16.602784	0.543567
10.03	21.48	12.99	16.19	2.88	1.50	15.821119	17.499910	16.604866	0.543557
10.03	21.48	12.99	16.20	2.88	1.50	15.823905	17.501320	16.606949	0.543546
10.04	21.48	13.00	16.20	2.88	1.50	15.826693	17.502730	16.609033	0.543535
10.04	21.48	13.01	16.21	2.88	1.50	15.829481	17.504141	16.611118	0.543524
10.04	21.48	13.01	16.21	2.88	1.50	15.832270	17.505553	16.613203	0.543514
10.04	21.48	13.02	16.22	2.88	1.50	15.835060	17.506966	16.615290	0.543503
10.05	21.48	13.03	16.22	2.88	1.50	15.837851	17.508379	16.617377	0.543492
10.05	21.48	13.04	16.23	2.88	1.50	15.840643	17.509793	16.619465	0.543482
10.05	21.48	13.04	16.23	2.88	1.50	15.843436	17.511207	16.621554	0.543471
10.06	21.48	13.05	16.24	2.88	1.50	15.846230	17.512623	16.623643	0.543460
10.06	21.48	13.06	16.24	2.88	1.50	15.849025	17.514038	16.625734	0.543449
10.06	21.48	13.06	16.25	2.88	1.50	15.851821	17.515455	16.627825	0.543438
10.06	21.48	13.07	16.25	2.88	1.50	15.854618	17.516872	16.629917	0.543428
10.07	21.48	13.08	16.26	2.88	1.50	15.857416	17.518290	16.632010	0.543417
10.07	21.48	13.08	16.26	2.88	1.50	15.860214	17.519709	16.634104	0.543406
10.07	21.48	13.09	16.27	2.88	1.49	15.863014	17.521128	16.636199	0.543395
10.07	21.48	13.10	16.27	2.88	1.49	15.865814	17.522548	16.638294	0.543384
10.08	21.48	13.10	16.28	2.88	1.49	15.868616	17.523968	16.640390	0.543374
10.08	21.48	13.11	16.28	2.88	1.49	15.871418	17.525389	16.642487	0.543363
10.08	21.48	13.12	16.29	2.88	1.49	15.874222	17.526811	16.644585	0.543352
10.09	21.48	13.12	16.29	2.88	1.49	15.877026	17.528234	16.646684	0.543341
10.09	21.48	13.13	16.30	2.88	1.49	15.879831	17.529657	16.648784	0.543330
10.09	21.48	13.14	16.30	2.88	1.49	15.882638	17.531081	16.650884	0.543319
10.09	21.48	13.14	16.31	2.88	1.49	15.885445	17.532505	16.652985	0.543308
10.10	21.48	13.15	16.31	2.88	1.49	15.888253	17.533930	16.655087	0.543297
10.10	21.48	13.16	16.32	2.88	1.49	15.891062	17.535356	16.657190	0.543286
10.10	21.48	13.16	16.32	2.88	1.49	15.893872	17.536783	16.659293	0.543276
10.11	21.48	13.17	16.33	2.88	1.49	15.896683	17.538210	16.661398	0.543265
10.11	21.48	13.18	16.33	2.88	1.49	15.899494	17.539638	16.663503	0.543254
10.11	21.48	13.19	16.34	2.88	1.49	15.902307	17.541066	16.665609	0.543243
10.11	21.48	13.19	16.34	2.88	1.49	15.905121	17.542495	16.667716	0.543232
10.12	21.48	13.20	16.35	2.88	1.49	15.907935	17.543925	16.669824	0.543221
10.12	21.48	13.21	16.35	2.88	1.49	15.910750	17.545355	16.671932	0.543210
10.12	21.48	13.21	16.36	2.88	1.49	15.913567	17.546786	16.674041	0.543199
10.12	21.48	13.22	16.36	2.88	1.49	15.916384	17.548218	16.676151	0.543188
10.13	21.48	13.23	16.37	2.88	1.49	15.919202	17.549651	16.678262	0.543177
10.13	21.48	13.23	16.37	2.88	1.49	15.922021	17.551084	16.680374	0.543166
10.13	21.48	13.24	16.38	2.88	1.49	15.924841	17.552517	16.682486	0.543155
10.14	21.48	13.25	16.38	2.88	1.49	15.927662	17.553952	16.684600	0.543144
10.14	21.48	13.25	16.39	2.88	1.49	15.930484	17.555387	16.686714	0.543133
10.14	21.48	13.26	16.39	2.88	1.49	15.933307	17.556823	16.688829	0.543122
10.14	21.48	13.27	16.40	2.88	1.49	15.936130	17.558259	16.690944	0.543110
10.15	21.48	13.27	16.40	2.88	1.49	15.938955	17.559696	16.693061	0.543099
10.15	21.48	13.28	16.41	2.88	1.49	15.941780	17.561134	16.695178	0.543088
10.15	21.48	13.29	16.41	2.88	1.48	15.944606	17.562572	16.697296	0.543077
10.16	21.48	13.29	16.42	2.88	1.48	15.947434	17.564011	16.699415	0.543066
10.16	21.48	13.30	16.42	2.88	1.48	15.950262	17.565450	16.701535	0.543055
10.16	21.48	13.31	16.43	2.88	1.48	15.953091	17.566891	16.703655	0.543044
10.16	21.48	13.32	16.43	2.88	1.48	15.955921	17.568332	16.705777	0.543033
10.17	21.48	13.32	16.44	2.88	1.48	15.958751	17.569773	16.707899	0.543021
10.17	21.48	13.33	16.44	2.88	1.48	15.961583	17.571216	16.710021	0.543010
10.17	21.48	13.34	16.45	2.88	1.48	15.964415	17.572658	16.712145	0.542999
10.18	21.48	13.34	16.45	2.88	1.48	15.967249	17.574102	16.714270	0.542988
10.18	21.48	13.35	16.46	2.88	1.48	15.970083	17.575546	16.716395	0.542977
10.18	21.48	13.36	16.46	2.88	1.48	15.972918	17.576991	16.718521	0.542966
10.18	21.48	13.36	16.47	2.89	1.48	15.975754	17.578437	16.720648	0.542954
10.19	21.48	13.37	16.47	2.89	1.48	15.978591	17.579883	16.722775	0.542943
10.19	21.48	13.38	16.48	2.89	1.48	15.981429	17.581330	16.724903	0.542932
10.19	21.48	13.38	16.48	2.89	1.48	15.984268	17.582777	16.727033	0.542921
10.19	21.48	13.39	16.49	2.89	1.48	15.987107	17.584225	16.729162	0.542909
10.20	21.48	13.40	16.49	2.89	1.48	15.989948	17.585674	16.731293	0.542898
10.20	21.48	13.40	16.50	2.89	1.48	15.992789	17.587123	16.733425	0.542887
10.20	21.48	13.41	16.50	2.89	1.48	15.995631	17.588573	16.735557	0.542876
10.21	21.48	13.42	16.51	2.89	1.48	15.998474	17.590024	16.737690	0.542864
10.21	21.48	13.43	16.51	2.89	1.48	16.001318	17.591475	16.739824	0.542853
10.21	21.48	13.43	16.52	2.89	1.48	16.004162	17.592927	16.741958	0.542842
10.21	21.48	13.44	16.52	2.89	1.48	16.007008	17.594380	16.744094	0.542830
10.22	21.48	13.45	16.53	2.89	1.48	16.009854	17.595833	16.746230	0.542819
10.22	21.48	13.45	16.53	2.89	1.48	16.012702	17.597287	16.748367	0.542808
10.22	21.48	13.46	16.53	2.89	1.48	16.015550	17.598742	16.750504	0.542796
10.22	21.48	13.47	16.54	2.89	1.48	16.018399	17.600197	16.752643	0.542785
10.23	21.48	13.47	16.54	2.89	1.48	16.021249	17.601653	16.754782	0.542773
10.23	21.48	13.48	16.55	2.89	1.48	16.024099	17.603110	16.756922	0.542762
10.23	21.48	13.49	16.55	2.89	1.47	16.026951	17.604567	16.759063	0.542751
10.24	21.48	13.49	16.56	2.89	1.47	16.029803	17.606025	16.761204	0.542739
10.24	21.48	13.50	16.56	2.89	1.47	16.032656	17.607483	16.763347	0.542728
10.24	21.48	13.51	16.57	2.89	1.47	16.035510	17.608942	16.765490	0.542716
10.24	21.48	13.51	16.57	2.89	1.47	16.038365	17.610402	16.767634	0.542705
10.25	21.48	13.52	16.58	2.89	1.47	16.041221	17.611862	16.769778	0.542694
10.25	21.48	13.53	16.58	2.89	1.47	16.044077	17.613323	16.771924	0.542682
10.25	21.48	13.54	16.59	2.89	1.47	16.046935	17.614785	16.774070	0.542671
10.26	21.48	13.54	16.59	2.89	1.47	16.049793	17.616247	16.776217	0.542659
10.26	21.48	13.55	16.60	2.89	1.47	16.052652	17.617710	16.778364	0.542648
10.26	21.48	13.56	16.60	2.89	1.47	16.055512	17.619174	16.780513	0.542636
10.26	21.48	13.56	16.61	2.89	1.47	16.058372	17.620638	16.782662	0.542625
10.27	21.48	13.57	16.61	2.89	1.47	16.061234	17.622103	16.784812	0.542613
10.27	21.48	13.58	16.62	2.89	1.47	16.064096	17.623569	16.786962	0.542602
10.27	21.48	13.58	16.62	2.89	1.47	16.066959	17.625035	16.789114	0.542590
10.28	21.48	13.59	16.63	2.89	1.47	16.069823	17.626502	16.791266	0.542579
10.28	21.48	13.60	16.63	2.89	1.47	16.072688	17.627969	16.793419	0.542567
10.28	21.48	13.60	16.64	2.89	1.47	16.075554	17.629437	16.795572	0.542555
10.28	21.48	13.61	16.64	2.89	1.47	16.078420	17.630906	16.797727	0.542544
10.29	21.48	13.62	16.65	2.89	1.47	16.081287	17.632375	16.799882	0.542532
10.29	21.48	13.63	16.65	2.89	1.47	16.084155	17.633845	16.802038	0.542521
10.29	21.48	13.63	16.66	2.89	1.47	16.087024	17.635316	16.804194	0.542509
10.29	21.48	13.64	16.66	2.89	1.47	16.089893	17.636787	16.806352	0.542497
10.30	21.48	13.65	16.67	2.89	1.47	16.092764	17.638259	16.808510	0.542486
10.30	21.48	13.65	16.67	2.89	1.47	16.095635	17.639732	16.810669	0.542474
10.30	21.48	13.66	16.68	2.89	1.47	16.098507	17.641205	16.812828	0.542463
10.31	21.48	13.67	16.68	2.89	1.47	16.101380	17.642679	16.814989	0.542451
10.31	21.48	13.67	16.69	2.89	1.47	16.104253	17.644153	16.817150	0.542439
10.31	21.48	13.68	16.69	2.89	1.46	16.107128	17.645628	16.819312	0.542428
10.31	21.48	13.69	16.70	2.89	1.46	16.110003	17.647104	16.821474	0.542416
10.32	21.48	13.69	16.70	2.89	1.46	16.112879	17.648581	16.823638	0.542404
10.32	21.48	13.70	16.71	2.89	1.46	16.115756	17.650058	16.825802	0.542392
10.32	21.48	13.71	16.71	2.89	1.46	16.118633	17.651535	16.827966	0.542381
10.32	21.48	13.72	16.72	2.89	1.46	16.121511	17.653013	16.830132	0.542369
10.33	21.48	13.72	16.72	2.89	1.46	16.124391	17.654492	16.832298	0.542357
10.33	21.48	13.73	16.73	2.89	1.46	16.127270	17.655972	16.834465	0.542346
10.33	21.48	13.74	16.73	2.89	1.46	16.130151	17.657452	16.836633	0.542334
10.34	21.48	13.74	16.74	2.89	1.46	16.133032	17.658933	16.838801	0.542322
10.34	21.48	13.75	16.74	2.89	1.46	16.135915	17.660414	16.840970	0.542310
10.34	21.48	13.76	16.75	2.89	1.46	16.138798	17.661896	16.843140	0.542298
10.34	21.48	13.76	16.75	2.89	1.46	16.141681	17.663379	16.845311	0.542287
10.35	21.48	13.77	16.76	2.89	1.46	16.144566	17.664862	16.847482	0.542275
10.35	21.48	13.78	16.76	2.89	1.46	16.147451	17.666346	16.849654	0.542263
10.35	21.48	13.78	16.77	2.89	1.46	16.150337	17.667831	16.851827	0.542251
10.36	21.48	13.79	16.77	2.89	1.46	16.153224	17.669316	16.854000	0.542239
10.36	21.48	13.80	16.78	2.89	1.46	16.156111	17.670802	16.856175	0.542227
10.36	21.48	13.81	16.78	2.89	1.46	16.159000	17.672288	16.858350	0.542216
10.36	21.48	13.81	16.79	2.89	1.46	16.161889	17.673775	16.860525	0.542204
10.37	21.48	13.82	16.79	2.89	1.46	16.164778	17.675263	16.862701	0.542192
10.37	21.48	13.83	16.80	2.89	1.46	16.167669	17.676751	16.864879	0.542180
10.37	21.48	13.83	16.80	2.89	1.46	16.170560	17.678240	16.867056	0.542168
10.38	21.48	13.84	16.81	2.89	1.46	16.173452	17.679730	16.869235	0.542156
10.38	21.48	13.85	16.81	2.89	1.46	16.176345	17.681220	16.871414	0.542144
10.38	21.48	13.85	16.82	2.89	1.46	16.179239	17.682711	16.873594	0.542132
10.38	21.48	13.86	16.82	2.89	1.46	16.182133	17.684202	16.875775	0.542120
10.39	21.48	13.87	16.83	2.89	1.45	16.185028	17.685694	16.877956	0.542108
10.39	21.48	13.88	16.83	2.89	1.45	16.187924	17.687187	16.880138	0.542096
10.39	21.48	13.88	16.83	2.89	1.45	16.190820	17.688680	16.882321	0.542084
10.39	21.48	13.89	16.84	2.89	1.45	16.193717	17.690174	16.884504	0.542072
10.40	21.48	13.90	16.84	2.89	1.45	16.196615	17.691669	16.886688	0.542060
10.40	21.48	13.90	16.85	2.89	1.45	16.199514	17.693164	16.888873	0.542048
10.40	21.48	13.91	16.85	2.89	1.45	16.202413	17.694660	16.891058	0.542036
10.41	21.48	13.92	16.86	2.89	1.45	16.205313	17.696156	16.893245	0.542024
10.41	21.48	13.92	16.86	2.89	1.45	16.208214	17.697653	16.895432	0.542012
10.41	21.48	13.93	16.87	2.89	1.45	16.211116	17.699151	16.897619	0.542000
10.41	21.48	13.94	16.87	2.89	1.45	16.214018	17.700649	16.899808	0.541988
10.42	21.48	13.94	16.88	2.89	1.45	16.216921	17.702148	16.901997	0.541976
10.42	21.48	13.95	16.88	2.89	1.45	16.219824	17.703648	16.904186	0.541964
10.42	21.48	13.96	16.89	2.89	1.45	16.222729	17.705148	16.906377	0.541952
10.43	21.48	13.97	16.89	2.89	1.45	16.225634	17.706649	16.908568	0.541940
10.43	21.48	13.97	16.90	2.89	1.45	16.228540	17.708150	16.910760	0.541928
10.43	21.48	13.98	16.90	2.89	1.45	16.231446	17.709652	16.912952	0.541916
10.43	21.48	13.99	16.91	2.89	1.45	16.234353	17.711154	16.915145	0.541904
10.44	21.48	13.99	16.91	2.89	1.45	16.237261	17.712658	16.917339	0.541891
10.44	21.48	14.00	16.92	2.89	1.45	16.240170	17.714161	16.919533	0.541879
10.44	21.48	14.01	16.92	2.89	1.45	16.243079	17.715666	16.921729	0.541867
10.44	21.48	14.01	16.93	2.89	1.45	16.245989	17.717171	16.923924	0.541855
10.45	21.48	14.02	16.93	2.89	1.45	16.248900	17.718677	16.926121	0.541843
10.45	21.48	14.03	16.94	2.89	1.45	16.251811	17.720183	16.928318	0.541831
10.45	21.48	14.04	16.94	2.89	1.45	16.254723	17.721690	16.930516	0.541818
10.46	21.48	14.04	16.95	2.89	1.45	16.257636	17.723197	16.932715	0.541806
10.46	21.48	14.05	16.95	2.89	1.45	16.260550	17.724705	16.934914	0.541794
10.46	21.48	14.06	16.96	2.89	1.44	16.263464	17.726214	16.937114	0.541782
10.46	21.48	14.06	16.96	2.89	1.44	16.266379	17.727723	16.939315	0.541770
10.47	21.48	14.07	16.97	2.89	1.44	16.269294	17.729233	16.941516	0.541757
10.47	21.48	14.08	16.97	2.89	1.44	16.272210	17.730744	16.943718	0.541745
10.47	21.48	14.08	16.98	2.89	1.44	16.275127	17.732255	16.945920	0.541733
10.47	21.48	14.09	16.98	2.89	1.44	16.278044	17.733767	16.948124	0.541720
10.48	21.48	14.10	16.99	2.89	1.44	16.280963	17.735279	16.950328	0.541708
10.48	21.48	14.11	16.99	2.89	1.44	16.283881	17.736792	16.952532	0.541696
10.48	21.48	14.11	17.00	2.89	1.44	16.286801	17.738305	16.954737	0.541684
10.49	21.48	14.12	17.00	2.89	1.44	16.289721	17.739820	16.956943	0.541671
10.49	21.48	14.13	17.01	2.89	1.44	16.292642	17.741334	16.959150	0.541659
10.49	21.48	14.13	17.01	2.89	1.44	16.295563	17.742850	16.961357	0.541647
10.49	21.48	14.14	17.02	2.89	1.44	16.298485	17.744366	16.963565	0.541634
10.50	21.48	14.15	17.02	2.89	1.44	16.301408	17.745882	16.965774	0.541622
10.50	21.48	14.15	17.02	2.89	1.44	16.304332	17.747399	16.967983	0.541609
10.50	21.48	14.16	17.03	2.89	1.44	16.307256	17.748917	16.970193	0.541597
10.51	21.48	14.17	17.03	2.89	1.44	16.310180	17.750436	16.972403	0.541585
10.51	21.48	14.18	17.04	2.89	1.44	16.313106	17.751954	16.974614	0.541572
10.51	21.48	14.18	17.04	2.89	1.44	16.316032	17.753474	16.976826	0.541560
10.51	21.48	14.19	17.05	2.89	1.44	16.318958	17.754994	16.979039	0.541547
10.52	21.48	14.20	17.05	2.89	1.44	16.321886	17.756515	16.981252	0.541535
10.52	21.48	14.20	17.06	2.89	1.44	16.324814	17.758036	16.983466	0.541523
10.52	21.48	14.21	17.06	2.89	1.44	16.327742	17.759558	16.985680	0.541510
10.53	21.48	14.22	17.07	2.89	1.44	16.330671	17.761081	16.987895	0.541498
10.53	21.48	14.22	17.07	2.89	1.44	16.333601	17.762604	16.990111	0.541485
10.53	21.48	14.23	17.08	2.89	1.44	16.336532	17.764128	16.992327	0.541473
10.53	21.48	14.24	17.08	2.89	1.43	16.339463	17.765652	16.994544	0.541460
10.54	21.48	14.25	17.09	2.89	1.43	16.342394	17.767177	16.996762	0.541448
10.54	21.48	14.25	17.09	2.89	1.43	16.345327	17.768703	16.998980	0.541435
10.54	21.48	14.26	17.10	2.89	1.43	16.348260	17.770229	17.001199	0.541423
10.54	21.48	14.27	17.10	2.89	1.43	16.351193	17.771756	17.003418	0.541410
10.55	21.48	14.27	17.11	2.89	1.43	16.354127	17.773283	17.005639	0.541398
10.55	21.48	14.28	17.11	2.89	1.43	16.357062	17.774811	17.007859	0.541385
10.55	21.48	14.29	17.12	2.89	1.43	16.359997	17.776339	17.010081	0.541372
10.56	21.48	14.29	17.12	2.89	1.43	16.362933	17.777868	17.012303	0.541360
10.56	21.48	14.30	17.13	2.89	1.43	16.365870	17.779398	17.014525	0.541347
10.56	21.48	14.31	17.13	2.89	1.43	16.368807	17.780928	17.016749	0.541335
10.56	21.48	14.32	17.14	2.89	1.43	16.371745	17.782459	17.018973	0.541322
10.57	21.48	14.32	17.14	2.89	1.43	16.374683	17.783991	17.021197	0.541309
10.57	21.48	14.33	17.15	2.89	1.43	16.377622	17.785523	17.023422	0.541297
10.57	21.48	14.34	17.15	2.89	1.43	16.380562	17.787055	17.025648	0.541284
10.57	21.48	14.34	17.16	2.89	1.43	16.383502	17.788588	17.027875	0.541271
10.58	21.48	14.35	17.16	2.89	1.43	16.386443	17.790122	17.030102	0.541259
10.58	21.48	14.36	17.17	2.89	1.43	16.389384	17.791657	17.032329	0.541246
10.58	21.48	14.36	17.17	2.89	1.43	16.392326	17.793192	17.034558	0.541233
10.59	21.48	14.37	17.18	2.89	1.43	16.395269	17.794727	17.036786	0.541221
10.59	21.48	14.38	17.18	2.89	1.43	16.398212	17.796263	17.039016	0.541208
10.59	21.48	14.39	17.18	2.89	1.43	16.401155	17.797800	17.041246	0.541195
10.59	21.48	14.39	17.19	2.89	1.43	16.404100	17.799337	17.043477	0.541183
10.60	21.48	14.40	17.19	2.89	1.43	16.407044	17.800875	17.045708	0.541170
10.60	21.48	14.41	17.20	2.89	1.43	16.409990	17.802414	17.047940	0.541157
10.60	21.48	14.41	17.20	2.89	1.43	16.412936	17.803953	17.050172	0.541144
10.61	21.48	14.42	17.21	2.90	1.42	16.415882	17.805492	17.052406	0.541132
10.61	21.48	14.43	17.21	2.90	1.42	16.418829	17.807032	17.054639	0.541119
10.61	21.48	14.43	17.22	2.90	1.42	16.421777	17.808573	17.056874	0.541106
10.61	21.48	14.44	17.22	2.90	1.42	16.424725	17.810115	17.059108	0.541093
10.62	21.48	14.45	17.23	2.90	1.42	16.427674	17.811656	17.061344	0.541080
10.62	21.48	14.46	17.23	2.90	1.42	16.430623	17.813199	17.063580	0.541068
10.62	21.48	14.46	17.24	2.90	1.42	16.433573	17.814742	17.065817	0.541055
10.62	21.48	14.47	17.24	2.90	1.42	16.436524	17.816286	17.068054	0.541042
10.63	21.48	14.48	17.25	2.90	1.42	16.439475	17.817830	17.070292	0.541029
10.63	21.48	14.48	17.25	2.90	1.42	16.442426	17.819375	17.072531	0.541016
10.63	21.48	14.49	17.26	2.90	1.42	16.445378	17.820920	17.074770	0.541003
10.64	21.48	14.50	17.26	2.90	1.42	16.448331	17.822466	17.077009	0.540990
10.64	21.48	14.50	17.27	2.90	1.42	16.451284	17.824013	17.079250	0.540977
10.64	21.48	14.51	17.27	2.90	1.42	16.454237	17.825560	17.081490	0.540965
10.64	21.48	14.52	17.28	2.90	1.42	16.457192	17.827107	17.083732	0.540952
10.65	21.48	14.53	17.28	2.90	1.42	16.460146	17.828656	17.085974	0.540939
10.65	21.48	14.53	17.29	2.90	1.42	16.463102	17.830204	17.088216	0.540926
10.65	21.48	14.54	17.29	2.90	1.42	16.466057	17.831754	17.090460	0.540913
10.66	21.48	14.55	17.30	2.90	1.42	16.469014	17.833304	17.092703	0.540900
10.66	21.48	14.55	17.30	2.90	1.42	16.471971	17.834854	17.094948	0.540887
10.66	21.48	14.56	17.30	2.90	1.42	16.474928	17.836405	17.097193	0.540874
10.66	21.48	14.57	17.31	2.90	1.42	16.477886	17.837957	17.099438	0.540861
10.67	21.48	14.58	17.31	2.90	1.42	16.480844	17.839509	17.101684	0.540848
10.67	21.48	14.58	17.32	2.90	1.42	16.483803	17.841062	17.103931	0.540835
10.67	21.48	14.59	17.32	2.90	1.42	16.486762	17.842615	17.106178	0.540822
10.68	21.48	14.60	17.33	2.90	1.41	16.489722	17.844169	17.108426	0.540809
10.68	21.48	14.60	17.33	2.90	1.41	16.492683	17.845724	17.110674	0.540796
10.68	21.48	14.61	17.34	2.90	1.41	16.495644	17.847279	17.112923	0.540783
10.68	21.48	14.62	17.34	2.90	1.41	16.498605	17.848834	17.115172	0.540770
10.69	21.48	14.62	17.35	2.90	1.41	16.501567	17.850390	17.117422	0.540757
10.69	21.48	14.63	17.35	2.90	1.41	16.504529	17.851947	17.119673	0.540744
10.69	21.48	14.64	17.36	2.90	1.41	16.507492	17.853504	17.121924	0.540730
10.69	21.48	14.65	17.36	2.90	1.41	16.510456	17.855062	17.124176	0.540717
10.70	21.48	14.65	17.37	2.90	1.41	16.513420	17.856621	17.126428	0.540704
10.70	21.48	14.66	17.37	2.90	1.41	16.516384	17.858180	17.128681	0.540691
10.70	21.48	14.67	17.38	2.90	1.41	16.519349	17.859739	17.130934	0.540678
10.71	21.48	14.67	17.38	2.90	1.41	16.522314	17.861299	17.133188	0.540665
10.71	21.48	14.68	17.39	2.90	1.41	16.525280	17.862860	17.135442	0.540652
10.71	21.48	14.69	17.39	2.90	1.41	16.528246	17.864421	17.137697	0.540638
10.71	21.48	14.69	17.40	2.90	1.41	16.531213	17.865983	17.139953	0.540625
10.72	21.48	14.70	17.40	2.90	1.41	16.534180	17.867545	17.142209	0.540612
10.72	21.48	14.71	17.40	2.90	1.41	16.537148	17.869108	17.144466	0.540599
10.72	21.48	14.72	17.41	2.90	1.41	16.540116	17.870671	17.146723	0.540586
10.72	21.48	14.72	17.41	2.90	1.41	16.543085	17.872235	17.148981	0.540572
10.73	21.48	14.73	17.42	2.90	1.41	16.546054	17.873799	17.151239	0.540559
10.73	21.48	14.74	17.42	2.90	1.41	16.549023	17.875365	17.153498	0.540546
10.73	21.48	14.74	17.43	2.90	1.41	16.551993	17.876930	17.155757	0.540533
10.74	21.48	14.75	17.43	2.90	1.41	16.554964	17.878496	17.158017	0.540519
10.74	21.48	14.76	17.44	2.90	1.41	16.557935	17.880063	17.160277	0.540506
10.74	21.48	14.76	17.44	2.90	1.41	16.560906	17.881630	17.162538	0.540493
10.74	21.48	14.77	17.45	2.90	1.40	16.563878	17.883198	17.164800	0.540480
10.75	21.48	14.78	17.45	2.90	1.40	16.566850	17.884766	17.167062	0.540466
10.75	21.48	14.79	17.46	2.90	1.40	16.569823	17.886335	17.169324	0.540453
10.75	21.48	14.79	17.46	2.90	1.40	16.572796	17.887904	17.171587	0.540440
10.76	21.48	14.80	17.47	2.90	1.40	16.575770	17.889474	17.173851	0.540426
10.76	21.48	14.81	17.47	2.90	1.40	16.578744	17.891045	17.176115	0.540413
10.76	21.48	14.81	17.48	2.90	1.40	16.581718	17.892616	17.178379	0.540400
10.76	21.48	14.82	17.48	2.90	1.40	16.584693	17.894187	17.180645	0.540386
10.77	21.48	14.83	17.49	2.90	1.40	16.587668	17.895760	17.182910	0.540373
10.77	21.48	14.83	17.49	2.90	1.40	16.590644	17.897332	17.185176	0.540359
10.77	21.48	14.84	17.49	2.90	1.40	16.593620	17.898905	17.187443	0.540346
10.78	21.48	14.85	17.50	2.90	1.40	16.596597	17.900479	17.189710	0.540333
10.78	21.48	14.86	17.50	2.90	1.40	16.599574	17.902053	17.191978	0.540319
10.78	21.48	14.86	17.51	2.90	1.40	16.602551	17.903628	17.194246	0.540306
10.78	21.48	14.87	17.51	2.90	1.40	16.605529	17.905204	17.196515	0.540292
10.79	21.48	14.88	17.52	2.90	1.40	16.608507	17.906779	17.198784	0.540279
10.79	21.48	14.88	17.52	2.90	1.40	16.611486	17.908356	17.201054	0.540265
10.79	21.48	14.89	17.53	2.90	1.40	16.614465	17.909933	17.203324	0.540252
10.79	21.48	14.90	17.53	2.90	1.40	16.617444	17.911510	17.205595	0.540238
10.80	21.48	14.91	17.54	2.90	1.40	16.620424	17.913088	17.207866	0.540225
10.80	21.48	14.91	17.54	2.90	1.40	16.623404	17.914667	17.210138	0.540211
10.80	21.48	14.92	17.55	2.90	1.40	16.626385	17.916246	17.212410	0.540198
10.81	21.48	14.93	17.55	2.90	1.40	16.629366	17.917825	17.214683	0.540184
10.81	21.48	14.93	17.56	2.90	1.40	16.632348	17.919406	17.216956	0.540171
10.81	21.48	14.94	17.56	2.90	1.39	16.635329	17.920986	17.219230	0.540157
10.81	21.48	14.95	17.57	2.90	1.39	16.638312	17.922567	17.221504	0.540144
10.82	21.48	14.95	17.57	2.90	1.39	16.641294	17.924149	17.223779	0.540130
10.82	21.48	14.96	17.57	2.90	1.39	16.644277	17.925731	17.226054	0.540117
10.82	21.48	14.97	17.58	2.90	1.39	16.647261	17.927314	17.228330	0.540103
10.82	21.48	14.98	17.58	2.90	1.39	16.650244	17.928897	17.230606	0.540089
10.83	21.48	14.98	17.59	2.90	1.39	16.653228	17.930481	17.232882	0.540076
10.83	21.48	14.99	17.59	2.90	1.39	16.656213	17.932066	17.235160	0.540062
10.83	21.48	15.00	17.60	2.90	1.39	16.659198	17.933650	17.237437	0.540048
10.84	21.48	15.00	17.60	2.90	1.39	16.662183	17.935236	17.239715	0.540035
10.84	21.48	15.01	17.61	2.90	1.39	16.665168	17.936822	17.241994	0.540021
10.84	21.48	15.02	17.61	2.90	1.39	16.668154	17.938408	17.244273	0.540007
10.84	21.48	15.02	17.62	2.90	1.39	16.671141	17.939995	17.246552	0.539994
10.85	21.48	15.03	17.62	2.90	1.39	16.674127	17.941583	17.248832	0.539980
10.85	21.48	15.04	17.63	2.90	1.39	16.677114	17.943171	17.251113	0.539966
10.85	21.48	15.05	17.63	2.90	1.39	16.680102	17.944759	17.253394	0.539953
10.86	21.48	15.05	17.64	2.90	1.39	16.683089	17.946348	17.255675	0.539939
10.86	21.48	15.06	17.64	2.90	1.39	16.686077	17.947938	17.257957	0.539925
10.86	21.48	15.07	17.64	2.90	1.39	16.689066	17.949528	17.260239	0.539911
10.86	21.48	15.07	17.65	2.90	1.39	16.692054	17.951118	17.262522	0.539898
10.87	21.48	15.08	17.65	2.90	1.39	16.695043	17.952709	17.264805	0.539884
10.87	21.48	15.09	17.66	2.90	1.39	16.698033	17.954301	17.267089	0.539870
10.87	21.48	15.09	17.66	2.90	1.39	16.701023	17.955893	17.269373	0.539856
10.88	21.48	15.10	17.67	2.90	1.39	16.704013	17.957486	17.271658	0.539843
10.88	21.48	15.11	17.67	2.90	1.38	16.707003	17.959079	17.273943	0.539829
10.88	21.48	15.12	17.68	2.90	1.38	16.709994	17.960672	17.276229	0.539815
10.88	21.48	15.12	17.68	2.90	1.38	16.712985	17.962266	17.278515	0.539801
10.89	21.48	15.13	17.69	2.90	1.38	16.715976	17.963861	17.280801	0.539787
10.89	21.48	15.14	17.69	2.90	1.38	16.718968	17.965456	17.283088	0.539773
10.89	21.48	15.14	17.70	2.90	1.38	16.721960	17.967052	17.285375	0.539760
10.89	21.48	15.15	17.70	2.90	1.38	16.724952	17.968648	17.287663	0.539746
10.90	21.48	15.16	17.71	2.90	1.38	16.727945	17.970245	17.289951	0.539732
10.90	21.48	15.16	17.71	2.90	1.38	16.730938	17.971842	17.292240	0.539718
10.90	21.48	15.17	17.71	2.90	1.38	16.733931	17.973440	17.294529	0.539704
10.91	21.48	15.18	17.72	2.90	1.38	16.736924	17.975038	17.296819	0.539690
10.91	21.48	15.19	17.72	2.90	1.38	16.739918	17.976636	17.299109	0.539676
10.91	21.48	15.19	17.73	2.90	1.38	16.742912	17.978236	17.301399	0.539662
10.91	21.48	15.20	17.73	2.90	1.38	16.745907	17.979835	17.303690	0.539648
10.92	21.48	15.21	17.74	2.90	1.38	16.748901	17.981435	17.305981	0.539634
10.92	21.48	15.21	17.74	2.90	1.38	16.751896	17.983036	17.308273	0.539620
10.92	21.48	15.22	17.75	2.90	1.38	16.754892	17.984637	17.310565	0.539606
10.93	21.48	15.23	17.75	2.90	1.38	16.757887	17.986239	17.312857	0.539592
10.93	21.48	15.24	17.76	2.90	1.38	16.760883	17.987841	17.315150	0.539578
10.93	21.48	15.24	17.76	2.90	1.38	16.763879	17.989444	17.317444	0.539564
10.93	21.48	15.25	17.77	2.90	1.38	16.766875	17.991047	17.319738	0.539550
10.94	21.48	15.26	17.77	2.90	1.38	16.769872	17.992650	17.322032	0.539536
10.94	21.48	15.26	17.77	2.90	1.38	16.772869	17.994255	17.324327	0.539522
10.94	21.48	15.27	17.78	2.90	1.38	16.775866	17.995859	17.326622	0.539508
10.94	21.48	15.28	17.78	2.90	1.37	16.778864	17.997464	17.328917	0.539494
10.95	21.48	15.28	17.79	2.90	1.37	16.781861	17.999070	17.331213	0.539480
10.95	21.48	15.29	17.79	2.90	1.37	16.784859	18.000676	17.333509	0.539466
10.95	21.48	15.30	17.80	2.90	1.37	16.787858	18.002283	17.335806	0.539452
10.96	21.48	15.31	17.80	2.90	1.37	16.790856	18.003890	17.338103	0.539438
10.96	21.48	15.31	17.81	2.90	1.37	16.793855	18.005497	17.340401	0.539424
10.96	21.48	15.32	17.81	2.90	1.37	16.796854	18.007105	17.342699	0.539409
10.96	21.48	15.33	17.82	2.90	1.37	16.799853	18.008714	17.344997	0.539395
10.97	21.48	15.33	17.82	2.90	1.37	16.802853	18.010323	17.347296	0.539381
10.97	21.48	15.34	17.83	2.90	1.37	16.805852	18.011932	17.349595	0.539367
10.97	21.48	15.35	17.83	2.90	1.37	16.808852	18.013542	17.351895	0.539353
10.97	21.48	15.35	17.83	2.90	1.37	16.811853	18.015153	17.354195	0.539339
10.98	21.48	15.36	17.84	2.90	1.37	16.814853	18.016763	17.356495	0.539324
10.98	21.48	15.37	17.84	2.90	1.37	16.817854	18.018375	17.358796	0.539310
10.98	21.48	15.38	17.85	2.90	1.37	16.820855	18.019987	17.361097	0.539296
10.99	21.48	15.38	17.85	2.90	1.37	16.823856	18.021599	17.363398	0.539282
10.99	21.48	15.39	17.86	2.90	1.37	16.826857	18.023212	17.365700	0.539268
10.99	21.48	15.40	17.86	2.90	1.37	16.829859	18.024825	17.368002	0.539253
10.99	21.48	15.40	17.87	2.90	1.37	16.832860	18.026439	17.370305	0.539239
11.00	21.48	15.41	17.87	2.90	1.37	16.835862	18.028053	17.372608	0.539225
11.00	21.48	15.42	17.88	2.90	1.37	16.838865	18.029668	17.374912	0.539211
11.00	21.48	15.42	17.88	2.90	1.37	16.841867	18.031283	17.377215	0.539196
11.01	21.48	15.43	17.88	2.90	1.37	16.844870	18.032899	17.379520	0.539182
11.01	21.48	15.44	17.89	2.90	1.36	16.847873	18.034515	17.381824	0.539168
11.01	21.48	15.45	17.89	2.90	1.36	16.850876	18.036132	17.384129	0.539153
11.01	21.48	15.45	17.90	2.91	1.36	16.853879	18.037749	17.386434	0.539139
11.02	21.48	15.46	17.90	2.91	1.36	16.856882	18.039366	17.388740	0.539125
11.02	21.48	15.47	17.91	2.91	1.36	16.859886	18.040984	17.391046	0.539110
11.02	21.48	15.47	17.91	2.91	1.36	16.862890	18.042603	17.393353	0.539096
11.03	21.48	15.48	17.92	2.91	1.36	16.865894	18.044222	17.395659	0.539082
11.03	21.48	15.49	17.92	2.91	1.36	16.868898	18.045841	17.397967	0.539067
11.03	21.48	15.49	17.93	2.91	1.36	16.871902	18.047461	17.400274	0.539053
11.03	21.48	15.50	17.93	2.91	1.36	16.874907	18.049081	17.402582	0.539038
11.04	21.48	15.51	17.93	2.91	1.36	16.877912	18.050702	17.404890	0.539024
11.04	21.48	15.51	17.94	2.91	1.36	16.880917	18.052323	17.407199	0.539009
11.04	21.48	15.52	17.94	2.91	1.36	16.883922	18.053945	17.409508	0.538995
11.04	21.48	15.53	17.95	2.91	1.36	16.886927	18.055567	17.411817	0.538981
11.05	21.48	15.54	17.95	2.91	1.36	16.889932	18.057190	17.414127	0.538966
11.05	21.48	15.54	17.96	2.91	1.36	16.892938	18.058813	17.416437	0.538952
11.05	21.48	15.55	17.96	2.91	1.36	16.895944	18.060436	17.418747	0.538937
11.06	21.48	15.56	17.97	2.91	1.36	16.898950	18.062060	17.421058	0.538923
11.06	21.48	15.56	17.97	2.91	1.36	16.901956	18.063685	17.423369	0.538908
11.06	21.48	15.57	17.98	2.91	1.36	16.904962	18.065310	17.425680	0.538894
11.06	21.48	15.58	17.98	2.91	1.36	16.907968	18.066935	17.427992	0.538879
11.07	21.48	15.58	17.98	2.91	1.36	16.910975	18.068561	17.430304	0.538865
11.07	21.48	15.59	17.99	2.91	1.36	16.913982	18.070187	17.432616	0.538850
11.07	21.48	15.60	17.99	2.91	1.35	16.916988	18.071814	17.434929	0.538835
11.07	21.48	15.61	18.00	2.91	1.35	16.919995	18.073441	17.437242	0.538821
11.08	21.48	15.61	18.00	2.91	1.35	16.923002	18.075069	17.439555	0.538806
11.08	21.48	15.62	18.01	2.91	1.35	16.926010	18.076697	17.441869	0.538792
11.08	21.48	15.63	18.01	2.91	1.35	16.929017	18.078325	17.444183	0.538777
11.09	21.48	15.63	18.02	2.91	1.35	16.932024	18.079954	17.446497	0.538762
11.09	21.48	15.64	18.02	2.91	1.35	16.935032	18.081583	17.448812	0.538748
11.09	21.48	15.65	18.02	2.91	1.35	16.938040	18.083213	17.451127	0.538733
11.09	21.48	15.65	18.03	2.91	1.35	16.941048	18.084844	17.453442	0.538719
11.10	21.48	15.66	18.03	2.91	1.35	16.944056	18.086474	17.455758	0.538704
11.10	21.48	15.67	18.04	2.91	1.35	16.947064	18.088105	17.458074	0.538689
11.10	21.48	15.68	18.04	2.91	1.35	16.950072	18.089737	17.460390	0.538675
11.11	21.48	15.68	18.05	2.91	1.35	16.953080	18.091369	17.462707	0.538660
11.11	21.48	15.69	18.05	2.91	1.35	16.956089	18.093002	17.465024	0.538645
11.11	21.48	15.70	18.06	2.91	1.35	16.959097	18.094634	17.467341	0.538630
11.11	21.48	15.70	18.06	2.91	1.35	16.962106	18.096268	17.469659	0.538616
11.12	21.48	15.71	18.07	2.91	1.35	16.965115	18.097901	17.471976	0.538601
11.12	21.48	15.72	18.07	2.91	1.35	16.968123	18.099536	17.474295	0.538586
11.12	21.48	15.72	18.07	2.91	1.35	16.971132	18.101170	17.476613	0.538571
11.12	21.48	15.73	18.08	2.91	1.35	16.974141	18.102805	17.478932	0.538557
11.13	21.48	15.74	18.08	2.91	1.35	16.977150	18.104441	17.481251	0.538542
11.13	21.48	15.74	18.09	2.91	1.35	16.980160	18.106077	17.483570	0.538527
11.13	21.48	15.75	18.09	2.91	1.34	16.983169	18.107713	17.485890	0.538512
11.14	21.48	15.76	18.10	2.91	1.34	16.986178	18.109350	17.488210	0.538498
11.14	21.48	15.77	18.10	2.91	1.34	16.989188	18.110987	17.490530	0.538483
11.14	21.48	15.77	18.11	2.91	1.34	16.992197	18.112625	17.492850	0.538468
11.14	21.48	15.78	18.11	2.91	1.34	16.995207	18.114263	17.495171	0.538453
11.15	21.48	15.79	18.11	2.91	1.34	16.998216	18.115901	17.497492	0.538438
11.15	21.48	15.79	18.12	2.91	1.34	17.001226	18.117540	17.499814	0.538423
11.15	21.48	15.80	18.12	2.91	1.34	17.004236	18.119180	17.502135	0.538408
11.16	21.48	15.81	18.13	2.91	1.34	17.007246	18.120819	17.504457	0.538394
11.16	21.48	15.81	18.13	2.91	1.34	17.010255	18.122459	17.506779	0.538379
11.16	21.48	15.82	18.14	2.91	1.34	17.013265	18.124100	17.509102	0.538364
11.16	21.48	15.83	18.14	2.91	1.34	17.016275	18.125741	17.511425	0.538349
11.17	21.48	15.84	18.14	2.91	1.34	17.019285	18.127382	17.513748	0.538334
11.17	21.48	15.84	18.15	2.91	1.34	17.022295	18.129024	17.516071	0.538319
11.17	21.48	15.85	18.15	2.91	1.34	17.025306	18.130667	17.518395	0.538304
11.18	21.48	15.86	18.16	2.91	1.34	17.028316	18.132309	17.520718	0.538289
11.18	21.48	15.86	18.16	2.91	1.34	17.031326	18.133952	17.523043	0.538274
11.18	21.48	15.87	18.17	2.91	1.34	17.034336	18.135596	17.525367	0.538259
11.18	21.48	15.88	18.17	2.91	1.34	17.037347	18.137240	17.527692	0.538244
11.19	21.48	15.88	18.18	2.91	1.34	17.040357	18.138884	17.530016	0.538229
11.19	21.48	15.89	18.18	2.91	1.34	17.043367	18.140529	17.532342	0.538214
11.19	21.48	15.90	18.18	2.91	1.34	17.046377	18.142174	17.534667	0.538199
11.19	21.48	15.90	18.19	2.91	1.34	17.049388	18.143819	17.536993	0.538184
11.20	21.48	15.91	18.19	2.91	1.33	17.052398	18.145465	17.539319	0.538169
11.20	21.48	15.92	18.20	2.91	1.33	17.055409	18.147112	17.541645	0.538154
11.20	21.48	15.93	18.20	2.91	1.33	17.058419	18.148758	17.543971	0.538139
11.21	21.48	15.93	18.21	2.91	1.33	17.061430	18.150405	17.546298	0.538124
11.21	21.48	15.94	18.21	2.91	1.33	17.064440	18.152053	17.548625	0.538109
11.21	21.48	15.95	18.22	2.91	1.33	17.067450	18.153701	17.550952	0.538094
11.21	21.48	15.95	18.22	2.91	1.33	17.070461	18.155349	17.553279	0.538078
11.22	21.48	15.96	18.22	2.91	1.33	17.073471	18.156998	17.555607	0.538063
11.22	21.48	15.97	18.23	2.91	1.33	17.076482	18.158647	17.557935	0.538048
11.22	21.48	15.97	18.23	2.91	1.33	17.079492	18.160297	17.560263	0.538033
11.22	21.48	15.98	18.24	2.91	1.33	17.082503	18.161947	17.562591	0.538018
11.23	21.48	15.99	18.24	2.91	1.33	17.085513	18.163597	17.564920	0.538003
11.23	21.48	15.99	18.25	2.91	1.33	17.088523	18.165248	17.567249	0.537988
11.23	21.48	16.00	18.25	2.91	1.33	17.091534	18.166899	17.569578	0.537972
11.24	21.48	16.01	18.25	2.91	1.33	17.094544	18.168550	17.571907	0.537957
11.24	21.48	16.02	18.26	2.91	1.33	17.097555	18.170202	17.574237	0.537942
11.24	21.48	16.02	18.26	2.91	1.33	17.100565	18.171855	17.576566	0.537927
11.24	21.48	16.03	18.27	2.91	1.33	17.103575	18.173507	17.578896	0.537911
11.25	21.48	16.04	18.27	2.91	1.33	17.106585	18.175160	17.581226	0.537896
11.25	21.48	16.04	18.28	2.91	1.33	17.109596	18.176814	17.583557	0.537881
11.25	21.48	16.05	18.28	2.91	1.33	17.112606	18.178468	17.585887	0.537866
11.26	21.48	16.06	18.28	2.91	1.33	17.115616	18.180122	17.588218	0.537850
11.26	21.48	16.06	18.29	2.91	1.32	17.118626	18.181776	17.590549	0.537835
11.26	21.48	16.07	18.29	2.91	1.32	17.121636	18.183431	17.592880	0.537820
11.26	21.48	16.08	18.30	2.91	1.32	17.124646	18.185087	17.595212	0.537805
11.27	21.48	16.08	18.30	2.91	1.32	17.127656	18.186743	17.597543	0.537789
11.27	21.48	16.09	18.31	2.91	1.32	17.130666	18.188399	17.599875	0.537774
11.27	21.48	16.10	18.31	2.91	1.32	17.133676	18.190055	17.602207	0.537759
11.28	21.48	16.11	18.32	2.91	1.32	17.136686	18.191712	17.604540	0.537743
11.28	21.48	16.11	18.32	2.91	1.32	17.139695	18.193369	17.606872	0.537728
11.28	21.48	16.12	18.32	2.91	1.32	17.142705	18.195027	17.609205	0.537712
11.28	21.48	16.13	18.33	2.91	1.32	17.145714	18.196685	17.611538	0.537697
11.29	21.48	16.13	18.33	2.91	1.32	17.148724	18.198343	17.613871	0.537682
11.29	21.48	16.14	18.34	2.91	1.32	17.151733	18.200002	17.616204	0.537666
11.29	21.48	16.15	18.34	2.91	1.32	17.154743	18.201661	17.618537	0.537651
11.29	21.48	16.15	18.35	2.91	1.32	17.157752	18.203321	17.620871	0.537635
11.30	21.48	16.16	18.35	2.91	1.32	17.160761	18.204981	17.623205	0.537620
11.30	21.48	16.17	18.35	2.91	1.32	17.163770	18.206641	17.625538	0.537605
11.30	21.48	16.17	18.36	2.91	1.32	17.166779	18.208301	17.627873	0.537589
11.31	21.48	16.18	18.36	2.91	1.32	17.169788	18.209962	17.630207	0.537574
11.31	21.48	16.19	18.37	2.91	1.32	17.172797	18.211624	17.632541	0.537558
11.31	21.48	16.19	18.37	2.91	1.32	17.175806	18.213285	17.634876	0.537543
11.31	21.48	16.20	18.38	2.91	1.32	17.178815	18.214947	17.637211	0.537527
11.32	21.48	16.21	18.38	2.91	1.31	17.181823	18.216610	17.639546	0.537512
11.32	21.48	16.22	18.38	2.91	1.31	17.184831	18.218273	17.641881	0.537496
11.32	21.48	16.22	18.39	2.91	1.31	17.187840	18.219936	17.644217	0.537481
11.32	21.48	16.23	18.39	2.91	1.31	17.190848	18.221599	17.646552	0.537465
11.33	21.48	16.24	18.40	2.91	1.31	17.193856	18.223263	17.648888	0.537449
11.33	21.48	16.24	18.40	2.91	1.31	17.196864	18.224927	17.651224	0.537434
11.33	21.48	16.25	18.41	2.91	1.31	17.199872	18.226592	17.653560	0.537418
11.34	21.48	16.26	18.41	2.91	1.31	17.202880	18.228257	17.655896	0.537403
11.34	21.48	16.26	18.41	2.91	1.31	17.205887	18.229922	17.658232	0.537387
11.34	21.48	16.27	18.42	2.91	1.31	17.208895	18.231588	17.660569	0.537372
11.34	21.48	16.28	18.42	2.91	1.31	17.211902	18.233254	17.662905	0.537356
11.35	21.48	16.28	18.43	2.91	1.31	17.214909	18.234920	17.665242	0.537340
11.35	21.48	16.29	18.43	2.91	1.31	17.217916	18.236587	17.667579	0.537325
11.35	21.48	16.30	18.43	2.91	1.31	17.220923	18.238254	17.669916	0.537309
11.36	21.48	16.30	18.44	2.91	1.31	17.223930	18.239921	17.672253	0.537293
11.36	21.48	16.31	18.44	2.91	1.31	17.226937	18.241589	17.674590	0.537278
11.36	21.48	16.32	18.45	2.91	1.31	17.229943	18.243257	17.676928	0.537262
11.36	21.48	16.32	18.45	2.91	1.31	17.232949	18.244925	17.679266	0.537246
11.37	21.48	16.33	18.46	2.91	1.31	17.235956	18.246594	17.681603	0.537231
11.37	21.48	16.34	18.46	2.91	1.31	17.238962	18.248263	17.683941	0.537215
11.37	21.48	16.35	18.46	2.91	1.31	17.241967	18.249932	17.686279	0.537199
11.38	21.48	16.35	18.47	2.91	1.31	17.244973	18.251602	17.688617	0.537183
11.38	21.48	16.36	18.47	2.91	1.30	17.247979	18.253272	17.690956	0.537168
11.38	21.48	16.37	18.48	2.91	1.30	17.250984	18.254943	17.693294	0.537152
11.38	21.48	16.37	18.48	2.91	1.30	17.253989	18.256613	17.695633	0.537136
11.39	21.48	16.38	18.49	2.91	1.30	17.256994	18.258284	17.697971	0.537120
11.39	21.48	16.39	18.49	2.91	1.30	17.259999	18.259956	17.700310	0.537105
11.39	21.48	16.39	18.49	2.91	1.30	17.263004	18.261628	17.702649	0.537089
11.39	21.48	16.40	18.50	2.91	1.30	17.266008	18.263300	17.704988	0.537073
11.40	21.48	16.41	18.50	2.91	1.30	17.269012	18.264972	17.707327	0.537057
11.40	21.48	16.41	18.51	2.91	1.30	17.272017	18.266645	17.709667	0.537041
11.40	21.48	16.42	18.51	2.91	1.30	17.275020	18.268318	17.712006	0.537025
11.41	21.48	16.43	18.51	2.91	1.30	17.278024	18.269991	17.714345	0.537010
11.41	21.48	16.43	18.52	2.91	1.30	17.281028	18.271665	17.716685	0.536994
11.41	21.48	16.44	18.52	2.92	1.30	17.284031	18.273339	17.719025	0.536978
11.41	21.48	16.45	18.53	2.92	1.30	17.287034	18.275014	17.721364	0.536962
11.42	21.48	16.45	18.53	2.92	1.30	17.290037	18.276688	17.723704	0.536946
11.42	21.48	16.46	18.54	2.92	1.30	17.293040	18.278363	17.726044	0.536930
11.42	21.48	16.47	18.54	2.92	1.30	17.296042	18.280039	17.728384	0.536914
11.43	21.48	16.47	18.54	2.92	1.30	17.299044	18.281714	17.730725	0.536898
11.43	21.48	16.48	18.55	2.92	1.30	17.302046	18.283390	17.733065	0.536882
11.43	21.48	16.49	18.55	2.92	1.30	17.305048	18.285066	17.735405	0.536866
11.43	21.48	16.50	18.56	2.92	1.30	17.308050	18.286743	17.737746	0.536850
11.44	21.48	16.50	18.56	2.92	1.29	17.311051	18.288420	17.740086	0.536834
11.44	21.48	16.51	18.56	2.92	1.29	17.314052	18.290097	17.742427	0.536818
11.44	21.48	16.52	18.57	2.92	1.29	17.317053	18.291775	17.744767	0.536802
11.44	21.48	16.52	18.57	2.92	1.29	17.320054	18.293453	17.747108	0.536786
11.45	21.48	16.53	18.58	2.92	1.29	17.323054	18.295131	17.749449	0.536770
11.45	21.48	16.54	18.58	2.92	1.29	17.326054	18.296809	17.751790	0.536754
11.45	21.48	16.54	18.59	2.92	1.29	17.329054	18.298488	17.754131	0.536738
11.46	21.48	16.55	18.59	2.92	1.29	17.332054	18.300167	17.756472	0.536722
11.46	21.48	16.56	18.59	2.92	1.29	17.335053	18.301846	17.758813	0.536706
11.46	21.48	16.56	18.60	2.92	1.29	17.338053	18.303526	17.761154	0.536690
11.46	21.48	16.57	18.60	2.92	1.29	17.341051	18.305206	17.763496	0.536674
11.47	21.48	16.58	18.61	2.92	1.29	17.344050	18.306886	17.765837	0.536658
11.47	21.48	16.58	18.61	2.92	1.29	17.347048	18.308567	17.768179	0.536642
11.47	21.48	16.59	18.61	2.92	1.29	17.350047	18.310248	17.770520	0.536626
11.47	21.48	16.60	18.62	2.92	1.29	17.353044	18.311929	17.772862	0.536610
11.48	21.48	16.60	18.62	2.92	1.29	17.356042	18.313610	17.775203	0.536594
11.48	21.48	16.61	18.63	2.92	1.29	17.359039	18.315292	17.777545	0.536577
11.48	21.48	16.62	18.63	2.92	1.29	17.362036	18.316974	17.779886	0.536561
11.49	21.48	16.62	18.63	2.92	1.29	17.365033	18.318657	17.782228	0.536545
11.49	21.48	16.63	18.64	2.92	1.29	17.368030	18.320339	17.784570	0.536529
11.49	21.48	16.64	18.64	2.92	1.29	17.371026	18.322022	17.786912	0.536513
11.49	21.48	16.64	18.65	2.92	1.28	17.374022	18.323705	17.789254	0.536497
11.50	21.48	16.65	18.65	2.92	1.28	17.377017	18.325389	17.791596	0.536480
11.50	21.48	16.66	18.65	2.92	1.28	17.380012	18.327073	17.793938	0.536464
11.50	21.48	16.66	18.66	2.92	1.28	17.383007	18.328757	17.796280	0.536448
11.51	21.48	16.67	18.66	2.92	1.28	17.386002	18.330441	17.798622	0.536432
11.51	21.48	16.68	18.67	2.92	1.28	17.388997	18.332126	17.800964	0.536415
11.51	21.48	16.69	18.67	2.92	1.28	17.391991	18.333811	17.803306	0.536399
11.51	21.48	16.69	18.68	2.92	1.28	17.394984	18.335496	17.805648	0.536383
11.52	21.48	16.70	18.68	2.92	1.28	17.397978	18.337182	17.807990	0.536367
11.52	21.48	16.71	18.68	2.92	1.28	17.400971	18.338867	17.810332	0.536350
11.52	21.48	16.71	18.69	2.92	1.28	17.403964	18.340553	17.812675	0.536334
11.53	21.48	16.72	18.69	2.92	1.28	17.406956	18.342240	17.815017	0.536318
11.53	21.48	16.73	18.70	2.92	1.28	17.409948	18.343926	17.817359	0.536301
11.53	21.48	16.73	18.70	2.92	1.28	17.412940	18.345613	17.819701	0.536285
11.53	21.48	16.74	18.70	2.92	1.28	17.415932	18.347300	17.822044	0.536269
11.54	21.48	16.75	18.71	2.92	1.28	17.418923	18.348988	17.824386	0.536252
11.54	21.48	16.75	18.71	2.92	1.28	17.421914	18.350675	17.826728	0.536236
11.54	21.48	16.76	18.72	2.92	1.28	17.424904	18.352363	17.829071	0.536220
11.54	21.48	16.77	18.72	2.92	1.28	17.427894	18.354052	17.831413	0.536203
11.55	21.48	16.77	18.72	2.92	1.28	17.430884	18.355740	17.833755	0.536187
11.55	21.48	16.78	18.73	2.92	1.27	17.433874	18.357429	17.836098	0.536170
11.55	21.48	16.79	18.73	2.92	1.27	17.436863	18.359118	17.838440	0.536154
11.56	21.48	16.79	18.74	2.92	1.27	17.439852	18.360807	17.840782	0.536137
11.56	21.48	16.80	18.74	2.92	1.27	17.442840	18.362497	17.843125	0.536121
11.56	21.48	16.81	18.74	2.92	1.27	17.445828	18.364187	17.845467	0.536105
11.56	21.48	16.81	18.75	2.92	1.27	17.448816	18.365877	17.847809	0.536088
11.57	21.48	16.82	18.75	2.92	1.27	17.451803	18.367567	17.850152	0.536072
11.57	21.48	16.83	18.76	2.92	1.27	17.454790	18.369258	17.852494	0.536055
11.57	21.48	16.83	18.76	2.92	1.27	17.457776	18.370949	17.854836	0.536039
11.57	21.48	16.84	18.76	2.92	1.27	17.460763	18.372640	17.857178	0.536022
11.58	21.48	16.85	18.77	2.92	1.27	17.463748	18.374331	17.859521	0.536006
11.58	21.48	16.85	18.77	2.92	1.27	17.466734	18.376023	17.861863	0.535989
11.58	21.48	16.86	18.78	2.92	1.27	17.469719	18.377714	17.864205	0.535973
11.59	21.48	16.87	18.78	2.92	1.27	17.472704	18.379407	17.866547	0.535956
11.59	21.48	16.87	18.78	2.92	1.27	17.475688	18.381099	17.868889	0.535939
11.59	21.48	16.88	18.79	2.92	1.27	17.478672	18.382792	17.871232	0.535923
11.59	21.48	16.89	18.79	2.92	1.27	17.481655	18.384484	17.873574	0.535906
11.60	21.48	16.89	18.80	2.92	1.27	17.484638	18.386177	17.875916	0.535890
11.60	21.48	16.90	18.80	2.92	1.27	17.487621	18.387871	17.878258	0.535873
11.60	21.48	16.91	18.80	2.92	1.27	17.490603	18.389564	17.880600	0.535857
11.61	21.48	16.91	18.81	2.92	1.27	17.493585	18.391258	17.882942	0.535840
11.61	21.48	16.92	18.81	2.92	1.26	17.496566	18.392952	17.885284	0.535823
11.61	21.48	16.93	18.82	2.92	1.26	17.499547	18.394647	17.887626	0.535807
11.61	21.48	16.93	18.82	2.92	1.26	17.502528	18.396341	17.889967	0.535790
11.62	21.48	16.94	18.82	2.92	1.26	17.505508	18.398036	17.892309	0.535773
11.62	21.48	16.95	18.83	2.92	1.26	17.508488	18.399731	17.894651	0.535757
11.62	21.48	16.95	18.83	2.92	1.26	17.511467	18.401426	17.896993	0.535740
11.62	21.48	16.96	18.83	2.92	1.26	17.514446	18.403122	17.899334	0.535723
11.63	21.48	16.97	18.84	2.92	1.26	17.517424	18.404817	17.901676	0.535707
11.63	21.48	16.97	18.84	2.92	1.26	17.520403	18.406513	17.904017	0.535690
11.63	21.48	16.98	18.85	2.92	1.26	17.523380	18.408210	17.906359	0.535673
11.64	21.48	16.99	18.85	2.92	1.26	17.526357	18.409906	17.908700	0.535656
11.64	21.48	16.99	18.85	2.92	1.26	17.529334	18.411603	17.911042	0.535640
11.64	21.48	17.00	18.86	2.92	1.26	17.532310	18.413299	17.913383	0.535623
11.64	21.48	17.01	18.86	2.92	1.26	17.535286	18.414996	17.915724	0.535606
11.65	21.48	17.01	18.87	2.92	1.26	17.538261	18.416694	17.918065	0.535589
11.65	21.48	17.02	18.87	2.92	1.26	17.541236	18.418391	17.920406	0.535573
11.65	21.48	17.03	18.87	2.92	1.26	17.544211	18.420089	17.922747	0.535556
11.66	21.48	17.03	18.88	2.92	1.26	17.547185	18.421787	17.925088	0.535539
11.66	21.48	17.04	18.88	2.92	1.26	17.550158	18.423485	17.927429	0.535522
11.66	21.48	17.05	18.89	2.92	1.26	17.553131	18.425184	17.929770	0.535505
11.66	21.48	17.05	18.89	2.92	1.25	17.556104	18.426882	17.932111	0.535488
11.67	21.48	17.06	18.89	2.92	1.25	17.559076	18.428581	17.934451	0.535472
11.67	21.48	17.07	18.90	2.92	1.25	17.562047	18.430280	17.936792	0.535455
11.67	21.48	17.07	18.90	2.92	1.25	17.565018	18.431979	17.939132	0.535438
11.68	21.48	17.08	18.90	2.92	1.25	17.567989	18.433679	17.941472	0.535421
11.68	21.48	17.09	18.91	2.92	1.25	17.570959	18.435378	17.943813	0.535404
11.68	21.48	17.09	18.91	2.92	1.25	17.573929	18.437078	17.946153	0.535387
11.68	21.48	17.10	18.92	2.92	1.25	17.576898	18.438778	17.948493	0.535370
11.69	21.48	17.11	18.92	2.92	1.25	17.579867	18.440479	17.950833	0.535353
11.69	21.48	17.11	18.92	2.92	1.25	17.582835	18.442179	17.953173	0.535336
11.69	21.48	17.12	18.93	2.92	1.25	17.585802	18.443880	17.955512	0.535319
11.69	21.48	17.13	18.93	2.92	1.25	17.588769	18.445581	17.957852	0.535303
11.70	21.48	17.13	18.94	2.92	1.25	17.591736	18.447282	17.960192	0.535286
11.70	21.48	17.14	18.94	2.92	1.25	17.594702	18.448983	17.962531	0.535269
11.70	21.48	17.15	18.94	2.92	1.25	17.597668	18.450685	17.964870	0.535252
11.71	21.48	17.15	18.95	2.92	1.25	17.600633	18.452386	17.967209	0.535235
11.71	21.48	17.16	18.95	2.92	1.25	17.603598	18.454088	17.969549	0.535218
11.71	21.48	17.16	18.95	2.92	1.25	17.606562	18.455790	17.971887	0.535201
11.71	21.48	17.17	18.96	2.92	1.25	17.609525	18.457493	17.974226	0.535184
11.72	21.48	17.18	18.96	2.92	1.25	17.612488	18.459195	17.976565	0.535167
11.72	21.48	17.18	18.97	2.92	1.24	17.615450	18.460898	17.978904	0.535149
11.72	21.48	17.19	18.97	2.92	1.24	17.618412	18.462601	17.981242	0.535132
11.72	21.48	17.20	18.97	2.92	1.24	17.621374	18.464304	17.983580	0.535115
11.73	21.48	17.20	18.98	2.92	1.24	17.624335	18.466007	17.985919	0.535098
11.73	21.48	17.21	18.98	2.92	1.24	17.627295	18.467710	17.988257	0.535081
11.73	21.48	17.22	18.98	2.92	1.24	17.630255	18.469414	17.990595	0.535064
11.74	21.48	17.22	18.99	2.92	1.24	17.633214	18.471117	17.992932	0.535047
11.74	21.48	17.23	18.99	2.92	1.24	17.636172	18.472821	17.995270	0.535030
11.74	21.48	17.24	19.00	2.92	1.24	17.639131	18.474526	17.997608	0.535013
11.74	21.48	17.24	19.00	2.92	1.24	17.642088	18.476230	17.999945	0.534996
11.75	21.48	17.25	19.00	2.92	1.24	17.645045	18.477934	18.002282	0.534978
11.75	21.48	17.26	19.01	2.92	1.24	17.648001	18.479639	18.004619	0.534961
11.75	21.48	17.26	19.01	2.92	1.24	17.650957	18.481344	18.006956	0.534944
11.76	21.48	17.27	19.01	2.92	1.24	17.653912	18.483049	18.009293	0.534927
11.76	21.48	17.28	19.02	2.92	1.24	17.656867	18.484754	18.011630	0.534910
11.76	21.48	17.28	19.02	2.92	1.24	17.659821	18.486459	18.013966	0.534893
11.76	21.48	17.29	19.03	2.92	1.24	17.662775	18.488165	18.016302	0.534875
11.77	21.48	17.30	19.03	2.92	1.24	17.665728	18.489871	18.018638	0.534858
11.77	21.48	17.30	19.03	2.92	1.24	17.668680	18.491576	18.020974	0.534841
11.77	21.48	17.31	19.04	2.92	1.23	17.671632	18.493282	18.023310	0.534824
11.78	21.48	17.32	19.04	2.92	1.23	17.674583	18.494989	18.025646	0.534806
11.78	21.48	17.32	19.04	2.92	1.23	17.677533	18.496695	18.027981	0.534789
11.78	21.48	17.33	19.05	2.92	1.23	17.680483	18.498401	18.030317	0.534772
11.78	21.48	17.34	19.05	2.92	1.23	17.683433	18.500108	18.032652	0.534755
11.79	21.48	17.34	19.06	2.92	1.23	17.686381	18.501815	18.034987	0.534737
11.79	21.48	17.35	19.06	2.92	1.23	17.689329	18.503522	18.037321	0.534720
11.79	21.48	17.35	19.06	2.92	1.23	17.692277	18.505229	18.039656	0.534703
11.79	21.48	17.36	19.07	2.92	1.23	17.695224	18.506936	18.041990	0.534685
11.80	21.48	17.37	19.07	2.92	1.23	17.698170	18.508644	18.044325	0.534668
11.80	21.48	17.37	19.07	2.92	1.23	17.701116	18.510351	18.046659	0.534651
11.80	21.48	17.38	19.08	2.92	1.23	17.704061	18.512059	18.048992	0.534633
11.81	21.48	17.39	19.08	2.93	1.23	17.707005	18.513767	18.051326	0.534616
11.81	21.48	17.39	19.09	2.93	1.23	17.709949	18.515475	18.053660	0.534599
11.81	21.48	17.40	19.09	2.93	1.23	17.712892	18.517183	18.055993	0.534581
11.81	21.48	17.41	19.09	2.93	1.23	17.715835	18.518892	18.058326	0.534564
11.82	21.48	17.41	19.10	2.93	1.23	17.718776	18.520600	18.060659	0.534546
11.82	21.48	17.42	19.10	2.93	1.23	17.721718	18.522309	18.062991	0.534529
11.82	21.48	17.43	19.10	2.93	1.23	17.724658	18.524017	18.065324	0.534512
11.82	21.48	17.43	19.11	2.93	1.23	17.727598	18.525726	18.067656	0.534494
11.83	21.48	17.44	19.11	2.93	1.22	17.730537	18.527435	18.069988	0.534477
11.83	21.48	17.45	19.11	2.93	1.22	17.733476	18.529145	18.072320	0.534459
11.83	21.48	17.45	19.12	2.93	1.22	17.736414	18.530854	18.074652	0.534442
11.84	21.48	17.46	19.12	2.93	1.22	17.739351	18.532563	18.076983	0.534424
11.84	21.48	17.46	19.13	2.93	1.22	17.742288	18.534273	18.079314	0.534407
11.84	21.48	17.47	19.13	2.93	1.22	17.745224	18.535983	18.081645	0.534389
11.84	21.48	17.48	19.13	2.93	1.22	17.748159	18.537693	18.083976	0.534372
11.85	21.48	17.48	19.14	2.93	1.22	17.751094	18.539403	18.086306	0.534354
11.85	21.48	17.49	19.14	2.93	1.22	17.754027	18.541113	18.088637	0.534337
11.85	21.48	17.50	19.14	2.93	1.22	17.756961	18.542823	18.090967	0.534319
11.86	21.48	17.50	19.15	2.93	1.22	17.759893	18.544533	18.093296	0.534302
11.86	21.48	17.51	19.15	2.93	1.22	17.762825	18.546244	18.095626	0.534284
11.86	21.48	17.52	19.15	2.93	1.22	17.765756	18.547954	18.097955	0.534267
11.86	21.48	17.52	19.16	2.93	1.22	17.768687	18.549665	18.100285	0.534249
11.87	21.48	17.53	19.16	2.93	1.22	17.771617	18.551376	18.102613	0.534232
11.87	21.48	17.54	19.17	2.93	1.22	17.774546	18.553087	18.104942	0.534214
11.87	21.48	17.54	19.17	2.93	1.22	17.777474	18.554798	18.107270	0.534196
11.88	21.48	17.55	19.17	2.93	1.22	17.780402	18.556509	18.109599	0.534179
11.88	21.48	17.55	19.18	2.93	1.22	17.783329	18.558221	18.111926	0.534161
11.88	21.48	17.56	19.18	2.93	1.21	17.786255	18.559932	18.114254	0.534144
11.88	21.48	17.57	19.18	2.93	1.21	17.789181	18.561644	18.116581	0.534126
11.89	21.48	17.57	19.19	2.93	1.21	17.792105	18.563355	18.118909	0.534108
11.89	21.48	17.58	19.19	2.93	1.21	17.795029	18.565067	18.121235	0.534091
11.89	21.48	17.59	19.19	2.93	1.21	17.797953	18.566779	18.123562	0.534073
11.89	21.48	17.59	19.20	2.93	1.21	17.800875	18.568491	18.125888	0.534055
11.90	21.48	17.60	19.20	2.93	1.21	17.803797	18.570203	18.128215	0.534038
11.90	21.48	17.61	19.20	2.93	1.21	17.806719	18.571915	18.130540	0.534020
11.90	21.48	17.61	19.21	2.93	1.21	17.809639	18.573627	18.132866	0.534002
11.91	21.48	17.62	19.21	2.93	1.21	17.812559	18.575340	18.135191	0.533984
11.91	21.48	17.63	19.21	2.93	1.21	17.815478	18.577052	18.137516	0.533967
11.91	21.48	17.63	19.22	2.93	1.21	17.818396	18.578765	18.139841	0.533949
11.91	21.48	17.64	19.22	2.93	1.21	17.821313	18.580478	18.142165	0.533931
11.92	21.48	17.64	19.23	2.93	1.21	17.824230	18.582190	18.144490	0.533914
11.92	21.48	17.65	19.23	2.93	1.21	17.827146	18.583903	18.146814	0.533896
11.92	21.48	17.66	19.23	2.93	1.21	17.830061	18.585616	18.149137	0.533878
11.93	21.48	17.66	19.24	2.93	1.21	17.832976	18.587329	18.151460	0.533860
11.93	21.48	17.67	19.24	2.93	1.21	17.835890	18.589042	18.153784	0.533842
11.93	21.48	17.68	19.24	2.93	1.21	17.838802	18.590756	18.156106	0.533825
11.93	21.48	17.68	19.25	2.93	1.21	17.841715	18.592469	18.158429	0.533807
11.94	21.48	17.69	19.25	2.93	1.20	17.844626	18.594182	18.160751	0.533789
11.94	21.48	17.70	19.25	2.93	1.20	17.847537	18.595896	18.163073	0.533771
11.94	21.48	17.70	19.26	2.93	1.20	17.850446	18.597610	18.165394	0.533753
11.94	21.48	17.71	19.26	2.93	1.20	17.853355	18.599323	18.167716	0.533735
11.95	21.48	17.71	19.26	2.93	1.20	17.856264	18.601037	18.170037	0.533718
11.95	21.48	17.72	19.27	2.93	1.20	17.859171	18.602751	18.172357	0.533700
11.95	21.48	17.73	19.27	2.93	1.20	17.862078	18.604465	18.174678	0.533682
11.96	21.48	17.73	19.27	2.93	1.20	17.864984	18.606179	18.176998	0.533664
11.96	21.48	17.74	19.28	2.93	1.20	17.867889	18.607893	18.179317	0.533646
11.96	21.48	17.75	19.28	2.93	1.20	17.870793	18.609607	18.181637	0.533628
11.96	21.48	17.75	19.28	2.93	1.20	17.873697	18.611321	18.183956	0.533610
11.97	21.48	17.76	19.29	2.93	1.20	17.876599	18.613035	18.186275	0.533592
11.97	21.48	17.76	19.29	2.93	1.20	17.879501	18.614750	18.188593	0.533574
11.97	21.48	17.77	19.30	2.93	1.20	17.882402	18.616464	18.190911	0.533556
11.97	21.48	17.78	19.30	2.93	1.20	17.885302	18.618179	18.193229	0.533539
11.98	21.48	17.78	19.30	2.93	1.20	17.888202	18.619893	18.195546	0.533521
11.98	21.48	17.79	19.31	2.93	1.20	17.891100	18.621608	18.197864	0.533503
11.98	21.48	17.80	19.31	2.93	1.20	17.893998	18.623322	18.200180	0.533485
11.99	21.48	17.80	19.31	2.93	1.20	17.896895	18.625037	18.202497	0.533467
11.99	21.48	17.81	19.32	2.93	1.19	17.899791	18.626752	18.204813	0.533449
11.99	21.48	17.82	19.32	2.93	1.19	17.902686	18.628467	18.207129	0.533431
11.99	21.48	17.82	19.32	2.93	1.19	17.905581	18.630182	18.209444	0.533413
12.00	21.48	17.83	19.33	2.93	1.19	17.908474	18.631897	18.211759	0.533395
12.00	21.48	17.83	19.33	2.93	1.19	17.911367	18.633612	18.214074	0.533377
12.00	21.48	17.84	19.34	2.93	1.19	17.914259	18.635327	18.216389	0.533359
12.01	21.48	17.85	19.34	2.93	1.19	17.917150	18.637042	18.218703	0.533340
12.01	21.48	17.85	19.35	2.93	1.19	17.920040	18.638757	18.221016	0.533322
12.01	21.48	17.86	19.35	2.93	1.19	17.922930	18.640472	18.223330	0.533304
12.01	21.48	17.87	19.36	2.93	1.19	17.925818	18.642188	18.225643	0.533286
12.02	21.48	17.87	19.37	2.93	1.19	17.928706	18.643903	18.227955	0.533268
12.02	21.48	17.88	19.37	2.93	1.19	17.931592	18.645618	18.230268	0.533250
12.02	21.48	17.88	19.38	2.93	1.19	17.934478	18.647334	18.232580	0.533232
12.03	21.48	17.89	19.39	2.93	1.19	17.937363	18.649049	18.234891	0.533214
12.03	21.48	17.90	19.39	2.93	1.19	17.940248	18.650765	18.237202	0.533196
12.03	21.48	17.90	19.40	2.93	1.19	17.943132	18.652480	18.239513	0.533178
12.03	21.48	17.91	19.40	2.93	1.19	17.946015	18.654196	18.241824	0.533159
12.04	21.48	17.92	19.41	2.93	1.19	17.948898	18.655911	18.244134	0.533141
12.04	21.48	17.92	19.42	2.93	1.18	17.951780	18.657627	18.246444	0.533123
12.04	21.48	17.93	19.42	2.93	1.18	17.954662	18.659343	18.248753	0.533105
12.04	21.48	17.93	19.43	2.93	1.18	17.957544	18.661058	18.251063	0.533087
12.05	21.48	17.94	19.44	2.93	1.18	17.960426	18.662774	18.253372	0.533068
12.05	21.48	17.95	19.44	2.93	1.18	17.963308	18.664490	18.255680	0.533050
12.05	21.48	17.95	19.45	2.93	1.18	17.966190	18.666206	18.257989	0.533032
12.06	21.48	17.96	19.45	2.93	1.18	17.969073	18.667921	18.260297	0.533013
12.06	21.48	17.97	19.46	2.93	1.18	17.971956	18.669637	18.262605	0.532995
12.06	21.48	17.97	19.47	2.93	1.18	17.974840	18.671353	18.264913	0.532977
12.06	21.48	17.98	19.47	2.93	1.18	17.977724	18.673069	18.267221	0.532958
12.07	21.48	17.98	19.48	2.93	1.18	17.980610	18.674785	18.269529	0.532940
12.07	21.48	17.99	19.48	2.93	1.18	17.983496	18.676501	18.271837	0.532921
12.07	21.48	18.00	19.49	2.93	1.18	17.986383	18.678217	18.274144	0.532903
12.07	21.48	18.00	19.50	2.93	1.18	17.989271	18.679933	18.276452	0.532884
12.08	21.48	18.01	19.50	2.93	1.18	17.992161	18.681649	18.278760	0.532865
12.08	21.48	18.01	19.51	2.93	1.18	17.995052	18.683365	18.281068	0.532847
12.08	21.48	18.02	19.52	2.93	1.18	17.997944	18.685081	18.283375	0.532828
12.09	21.48	18.03	19.52	2.93	1.18	18.000837	18.686797	18.285683	0.532809
12.09	21.48	18.03	19.53	2.93	1.18	18.003732	18.688513	18.287991	0.532790
12.09	21.48	18.04	19.53	2.93	1.17	18.006629	18.690229	18.290299	0.532771
12.09	21.48	18.05	19.54	2.93	1.17	18.009527	18.691945	18.292608	0.532752
12.10	21.48	18.05	19.55	2.93	1.17	18.012426	18.693661	18.294916	0.532733
12.10	21.48	18.06	19.55	2.93	1.17	18.015328	18.695378	18.297225	0.532714
12.10	21.48	18.06	19.56	2.93	1.17	18.018231	18.697094	18.299534	0.532695
12.11	21.48	18.07	19.56	2.93	1.17	18.021136	18.698810	18.301844	0.532676
12.11	21.48	18.08	19.57	2.93	1.17	18.024043	18.700526	18.304153	0.532656
12.11	21.48	18.08	19.58	2.93	1.17	18.026952	18.702242	18.306463	0.532637
12.11	21.48	18.09	19.58	2.93	1.17	18.029863	18.703958	18.308774	0.532618
12.12	21.48	18.09	19.59	2.93	1.17	18.032776	18.705675	18.311085	0.532598
12.12	21.48	18.10	19.60	2.93	1.17	18.035690	18.707391	18.313396	0.532579
12.12	21.48	18.11	19.60	2.93	1.17	18.038607	18.709107	18.315708	0.532559
12.12	21.48	18.11	19.61	2.93	1.17	18.041526	18.710823	18.318020	0.532539
12.13	21.48	18.12	19.61	2.93	1.17	18.044447	18.712540	18.320332	0.532520
12.13	21.48	18.13	19.62	2.93	1.17	18.047370	18.714256	18.322645	0.532500
12.13	21.48	18.13	19.63	2.93	1.17	18.050295	18.715972	18.324959	0.532480
12.14	21.48	18.14	19.63	2.93	1.17	18.053223	18.717689	18.327273	0.532460
12.14	21.48	18.14	19.64	2.93	1.17	18.056152	18.719405	18.329588	0.532440
12.14	21.48	18.15	19.64	2.93	1.16	18.059084	18.721122	18.331903	0.532420
12.14	21.48	18.16	19.65	2.93	1.16	18.062018	18.722838	18.334219	0.532400
12.15	21.48	18.16	19.66	2.93	1.16	18.064954	18.724555	18.336536	0.532380
12.15	21.48	18.17	19.66	2.93	1.16	18.067892	18.726271	18.338853	0.532359
12.15	21.48	18.17	19.67	2.93	1.16	18.070833	18.727988	18.341171	0.532339
12.16	21.48	18.18	19.67	2.93	1.16	18.073776	18.729704	18.343490	0.532319
12.16	21.48	18.19	19.68	2.93	1.16	18.076721	18.731421	18.345809	0.532298
12.16	21.48	18.19	19.69	2.93	1.16	18.079668	18.733138	18.348129	0.532278
12.16	21.48	18.20	19.69	2.93	1.16	18.082618	18.734854	18.350450	0.532257
12.17	21.48	18.20	19.70	2.93	1.16	18.085570	18.736571	18.352771	0.532236
12.17	21.48	18.21	19.70	2.93	1.16	18.088524	18.738288	18.355094	0.532215
12.17	21.48	18.22	19.71	2.93	1.16	18.091480	18.740005	18.357417	0.532195
12.18	21.48	18.22	19.72	2.93	1.16	18.094439	18.741722	18.359740	0.532174
12.18	21.48	18.23	19.72	2.93	1.16	18.097400	18.743439	18.362065	0.532153
12.18	21.48	18.24	19.73	2.93	1.16	18.100364	18.745156	18.364390	0.532131
12.18	21.48	18.24	19.73	2.93	1.16	18.103330	18.746873	18.366717	0.532110
12.19	21.48	18.25	19.74	2.93	1.15	18.106298	18.748590	18.369044	0.532089
12.19	21.48	18.25	19.75	2.93	1.15	18.109268	18.750308	18.371372	0.532068
12.19	21.48	18.26	19.75	2.93	1.15	18.112241	18.752025	18.373701	0.532046
12.19	21.48	18.27	19.76	2.93	1.15	18.115216	18.753743	18.376030	0.532025
12.20	21.48	18.27	19.76	2.93	1.15	18.118193	18.755460	18.378361	0.532003
12.20	21.48	18.28	19.77	2.93	1.15	18.121172	18.757178	18.380692	0.531982
12.20	21.48	18.28	19.78	2.94	1.15	18.124154	18.758896	18.383025	0.531960
12.21	21.48	18.29	19.78	2.94	1.15	18.127138	18.760613	18.385358	0.531938
12.21	21.48	18.30	19.79	2.94	1.15	18.130125	18.762331	18.387692	0.531916
12.21	21.48	18.30	19.79	2.94	1.15	18.133114	18.764050	18.390028	0.531895
12.21	21.48	18.31	19.80	2.94	1.15	18.136105	18.765768	18.392364	0.531873
12.22	21.48	18.31	19.81	2.94	1.15	18.139098	18.767486	18.394701	0.531850
12.22	21.48	18.32	19.81	2.94	1.15	18.142093	18.769204	18.397039	0.531828
12.22	21.48	18.33	19.82	2.94	1.15	18.145091	18.770923	18.399378	0.531806
12.22	21.48	18.33	19.82	2.94	1.15	18.148091	18.772641	18.401718	0.531784
12.23	21.48	18.34	19.83	2.94	1.15	18.151094	18.774360	18.404059	0.531761
12.23	21.48	18.34	19.84	2.94	1.14	18.154098	18.776079	18.406401	0.531739
12.23	21.48	18.35	19.84	2.94	1.14	18.157105	18.777798	18.408744	0.531716
12.24	21.48	18.36	19.85	2.94	1.14	18.160114	18.779517	18.411088	0.531694
12.24	21.48	18.36	19.85	2.94	1.14	18.163125	18.781237	18.413433	0.531671
12.24	21.48	18.37	19.86	2.94	1.14	18.166139	18.782956	18.415779	0.531648
12.24	21.48	18.37	19.86	2.94	1.14	18.169154	18.784676	18.418126	0.531625
12.25	21.48	18.38	19.87	2.94	1.14	18.172172	18.786395	18.420474	0.531602
12.25	21.48	18.39	19.88	2.94	1.14	18.175192	18.788115	18.422823	0.531579
12.25	21.48	18.39	19.88	2.94	1.14	18.178215	18.789835	18.425173	0.531556
12.26	21.48	18.40	19.89	2.94	1.14	18.181239	18.791556	18.427524	0.531533
12.26	21.48	18.40	19.89	2.94	1.14	18.184266	18.793276	18.429876	0.531510
12.26	21.48	18.41	19.90	2.94	1.14	18.187295	18.794997	18.432229	0.531487
12.26	21.48	18.42	19.91	2.94	1.14	18.190326	18.796717	18.434584	0.531463
12.27	21.48	18.42	19.91	2.94	1.14	18.193359	18.798438	18.436939	0.531440
12.27	21.48	18.43	19.92	2.94	1.14	18.196394	18.800159	18.439295	0.531416
12.27	21.48	18.43	19.92	2.94	1.13	18.199432	18.801881	18.441653	0.531392
12.28	21.48	18.44	19.93	2.94	1.13	18.202471	18.803602	18.444011	0.531369
12.28	21.48	18.44	19.93	2.94	1.13	18.205513	18.805324	18.446371	0.531345
12.28	21.48	18.45	19.94	2.94	1.13	18.208556	18.807046	18.448731	0.531321
12.28	21.48	18.46	19.95	2.94	1.13	18.211602	18.808768	18.451093	0.531297
12.29	21.48	18.46	19.95	2.94	1.13	18.214650	18.810490	18.453456	0.531273
12.29	21.48	18.47	19.96	2.94	1.13	18.217700	18.812212	18.455820	0.531249
12.29	21.48	18.47	19.96	2.94	1.13	18.220752	18.813935	18.458184	0.531225
12.29	21.48	18.48	19.97	2.94	1.13	18.223806	18.815658	18.460550	0.531200
12.30	21.48	18.49	19.98	2.94	1.13	18.226863	18.817381	18.462917	0.531176
12.30	21.48	18.49	19.98	2.94	1.13	18.229921	18.819104	18.465285	0.531152
12.30	21.48	18.50	19.99	2.94	1.13	18.232981	18.820828	18.467655	0.531127
12.31	21.48	18.50	19.99	2.94	1.13	18.236043	18.822551	18.470025	0.531102
12.31	21.48	18.51	20.00	2.94	1.13	18.239107	18.824275	18.472396	0.531078
12.31	21.48	18.52	20.00	2.94	1.13	18.242174	18.826000	18.474769	0.531053
12.31	21.48	18.52	20.01	2.94	1.12	18.245242	18.827724	18.477142	0.531028
12.32	21.48	18.53	20.02	2.94	1.12	18.248312	18.829449	18.479517	0.531003
12.32	21.48	18.53	20.02	2.94	1.12	18.251384	18.831174	18.481892	0.530978
12.32	21.48	18.54	20.03	2.94	1.12	18.254459	18.832899	18.484269	0.530953
12.32	21.48	18.54	20.03	2.94	1.12	18.257535	18.834624	18.486647	0.530928
12.33	21.48	18.55	20.04	2.94	1.12	18.260613	18.836350	18.489026	0.530903
12.33	21.48	18.56	20.04	2.94	1.12	18.263693	18.838076	18.491406	0.530877
12.33	21.48	18.56	20.05	2.94	1.12	18.266775	18.839802	18.493787	0.530852
12.34	21.48	18.57	20.06	2.94	1.12	18.269858	18.841528	18.496169	0.530826
12.34	21.48	18.57	20.06	2.94	1.12	18.272944	18.843255	18.498552	0.530801
12.34	21.48	18.58	20.07	2.94	1.12	18.276032	18.844982	18.500936	0.530775
12.34	21.48	18.59	20.07	2.94	1.12	18.279121	18.846709	18.503322	0.530749
12.35	21.48	18.59	20.08	2.94	1.12	18.282212	18.848436	18.505708	0.530723
12.35	21.48	18.60	20.08	2.94	1.12	18.285306	18.850164	18.508096	0.530698
12.35	21.48	18.60	20.09	2.94	1.11	18.288401	18.851892	18.510484	0.530672
12.36	21.48	18.61	20.10	2.94	1.11	18.291497	18.853620	18.512874	0.530645
12.36	21.48	18.61	20.10	2.94	1.11	18.294596	18.855349	18.515264	0.530619
12.36	21.48	18.62	20.11	2.94	1.11	18.297697	18.857077	18.517656	0.530593
12.36	21.48	18.63	20.11	2.94	1.11	18.300799	18.858806	18.520049	0.530567
12.37	21.48	18.63	20.12	2.94	1.11	18.303903	18.860536	18.522443	0.530540
12.37	21.48	18.64	20.12	2.94	1.11	18.307009	18.862265	18.524838	0.530514
12.37	21.48	18.64	20.13	2.94	1.11	18.310116	18.863995	18.527234	0.530487
12.38	21.48	18.65	20.14	2.94	1.11	18.313226	18.865726	18.529631	0.530461
12.38	21.48	18.66	20.14	2.94	1.11	18.316337	18.867456	18.532029	0.530434
12.38	21.48	18.66	20.15	2.94	1.11	18.319450	18.869187	18.534428	0.530407
12.38	21.48	18.67	20.15	2.94	1.11	18.322564	18.870918	18.536828	0.530380
12.39	21.48	18.67	20.16	2.94	1.11	18.325681	18.872649	18.539230	0.530353
12.39	21.48	18.68	20.16	2.94	1.10	18.328799	18.874381	18.541632	0.530326
12.39	21.48	18.68	20.17	2.94	1.10	18.331919	18.876113	18.544035	0.530299
12.39	21.48	18.69	20.18	2.94	1.10	18.335040	18.877845	18.546440	0.530271
12.40	21.48	18.70	20.18	2.94	1.10	18.338163	18.879578	18.548845	0.530244
12.40	21.48	18.70	20.19	2.94	1.10	18.341288	18.881311	18.551251	0.530217
12.40	21.48	18.71	20.19	2.94	1.10	18.344414	18.883044	18.553659	0.530189
12.41	21.48	18.71	20.20	2.94	1.10	18.347542	18.884778	18.556067	0.530162
12.41	21.48	18.72	20.20	2.94	1.10	18.350672	18.886511	18.558477	0.530134
12.41	21.48	18.72	20.21	2.94	1.10	18.353804	18.888246	18.560888	0.530106
12.41	21.48	18.73	20.21	2.94	1.10	18.356936	18.889980	18.563299	0.530078
12.42	21.48	18.74	20.22	2.94	1.10	18.360071	18.891715	18.565712	0.530050
12.42	21.48	18.74	20.23	2.94	1.10	18.363207	18.893450	18.568125	0.530022
12.42	21.48	18.75	20.23	2.94	1.10	18.366345	18.895185	18.570540	0.529994
12.43	21.48	18.75	20.24	2.94	1.09	18.369484	18.896921	18.572956	0.529966
12.43	21.48	18.76	20.24	2.94	1.09	18.372625	18.898657	18.575372	0.529938
12.43	21.48	18.76	20.25	2.94	1.09	18.375768	18.900394	18.577790	0.529909
12.43	21.48	18.77	20.25	2.94	1.09	18.378912	18.902130	18.580209	0.529881
12.44	21.48	18.78	20.26	2.94	1.09	18.382057	18.903868	18.582628	0.529852
12.44	21.48	18.78	20.26	2.94	1.09	18.385204	18.905605	18.585049	0.529824
12.44	21.48	18.79	20.27	2.94	1.09	18.388353	18.907343	18.587471	0.529795
12.44	21.48	18.79	20.28	2.94	1.09	18.391503	18.909081	18.589893	0.529766
12.45	21.48	18.80	20.28	2.94	1.09	18.394654	18.910819	18.592317	0.529737
12.45	21.48	18.80	20.29	2.94	1.09	18.397807	18.912558	18.594741	0.529708
12.45	21.48	18.81	20.29	2.94	1.09	18.400962	18.914297	18.597167	0.529679
12.46	21.48	18.82	20.30	2.94	1.09	18.404118	18.916037	18.599593	0.529650
12.46	21.48	18.82	20.30	2.94	1.08	18.407275	18.917776	18.602021	0.529621
12.46	21.48	18.83	20.31	2.94	1.08	18.410434	18.919516	18.604449	0.529591
12.46	21.48	18.83	20.31	2.94	1.08	18.413594	18.921257	18.606879	0.529562
12.47	21.48	18.84	20.32	2.94	1.08	18.416756	18.922998	18.609309	0.529532
12.47	21.48	18.84	20.32	2.94	1.08	18.419919	18.924739	18.611740	0.529503
12.47	21.48	18.85	20.33	2.94	1.08	18.423083	18.926480	18.614173	0.529473
12.47	21.48	18.85	20.34	2.94	1.08	18.426249	18.928222	18.616606	0.529443
12.48	21.48	18.86	20.34	2.94	1.08	18.429416	18.929965	18.619040	0.529414
12.48	21.48	18.87	20.35	2.94	1.08	18.432585	18.931707	18.621475	0.529384
12.48	21.48	18.87	20.35	2.94	1.08	18.435755	18.933450	18.623911	0.529353
12.49	21.48	18.88	20.36	2.94	1.08	18.438926	18.935193	18.626348	0.529323
12.49	21.48	18.88	20.36	2.94	1.08	18.442099	18.936937	18.628786	0.529293
12.49	21.48	18.89	20.37	2.94	1.07	18.445273	18.938681	18.631225	0.529263
12.49	21.48	18.89	20.37	2.94	1.07	18.448448	18.940425	18.633665	0.529232
12.50	21.48	18.90	20.38	2.94	1.07	18.451625	18.942170	18.636105	0.529202
12.50	21.48	18.91	20.38	2.94	1.07	18.454802	18.943915	18.638547	0.529171
12.50	21.48	18.91	20.39	2.94	1.07	18.457982	18.945661	18.640989	0.529141
12.51	21.48	18.92	20.40	2.94	1.07	18.461162	18.947407	18.643433	0.529110
12.51	21.48	18.92	20.40	2.94	1.07	18.464344	18.949153	18.645877	0.529079
12.51	21.48	18.93	20.41	2.94	1.07	18.467527	18.950899	18.648322	0.529048
12.51	21.48	18.93	20.41	2.94	1.07	18.470711	18.952646	18.650768	0.529017
12.52	21.48	18.94	20.42	2.94	1.07	18.473896	18.954394	18.653215	0.528986
12.52	21.48	18.94	20.42	2.94	1.07	18.477083	18.956141	18.655663	0.528954
12.52	21.48	18.95	20.43	2.94	1.07	18.480271	18.957889	18.658112	0.528923
12.53	21.48	18.96	20.43	2.94	1.06	18.483460	18.959638	18.660562	0.528892
12.53	21.48	18.96	20.44	2.94	1.06	18.486650	18.961386	18.663012	0.528860
12.53	21.48	18.97	20.44	2.94	1.06	18.489842	18.963136	18.665463	0.528828
12.53	21.48	18.97	20.45	2.94	1.06	18.493035	18.964885	18.667915	0.528797
12.54	21.48	18.98	20.45	2.94	1.06	18.496228	18.966635	18.670369	0.528765
12.54	21.48	18.98	20.46	2.94	1.06	18.499423	18.968385	18.672822	0.528733
12.54	21.48	18.99	20.47	2.94	1.06	18.502620	18.970136	18.675277	0.528701
12.54	21.48	18.99	20.47	2.94	1.06	18.505817	18.971887	18.677733	0.528669
12.55	21.48	19.00	20.48	2.94	1.06	18.509015	18.973638	18.680189	0.528637
12.55	21.48	19.00	20.48	2.94	1.06	18.512215	18.975390	18.682647	0.528604
12.55	21.48	19.01	20.49	2.94	1.06	18.515415	18.977142	18.685105	0.528572
12.56	21.48	19.02	20.49	2.94	1.05	18.518617	18.978895	18.687564	0.528539
12.56	21.48	19.02	20.50	2.94	1.05	18.521820	18.980648	18.690023	0.528507
12.56	21.48	19.03	20.50	2.94	1.05	18.525024	18.982401	18.692484	0.528474
12.56	21.48	19.03	20.51	2.94	1.05	18.528229	18.984155	18.694945	0.528441
12.57	21.48	19.04	20.51	2.94	1.05	18.531435	18.985909	18.697408	0.528408
12.57	21.48	19.04	20.52	2.94	1.05	18.534642	18.987663	18.699871	0.528375
12.57	21.48	19.05	20.52	2.94	1.05	18.537850	18.989418	18.702334	0.528342
12.57	21.48	19.05	20.53	2.94	1.05	18.541059	18.991173	18.704799	0.528309
12.58	21.48	19.06	20.53	2.94	1.05	18.544269	18.992929	18.707265	0.528276
12.58	21.48	19.07	20.54	2.94	1.05	18.547480	18.994685	18.709731	0.528242
12.58	21.48	19.07	20.54	2.95	1.05	18.550692	18.996441	18.712198	0.528209
12.59	21.48	19.08	20.55	2.95	1.04	18.553906	18.998198	18.714665	0.528175
12.59	21.48	19.08	20.56	2.95	1.04	18.557120	18.999955	18.717134	0.528142
12.59	21.48	19.09	20.56	2.95	1.04	18.560335	19.001712	18.719603	0.528108
12.59	21.48	19.09	20.57	2.95	1.04	18.563551	19.003470	18.722073	0.528074
12.60	21.48	19.10	20.57	2.95	1.04	18.566768	19.005228	18.724544	0.528040
12.60	21.48	19.10	20.58	2.95	1.04	18.569986	19.006987	18.727016	0.528006
12.60	21.48	19.11	20.58	2.95	1.04	18.573205	19.008746	18.729488	0.527972
12.61	21.48	19.11	20.59	2.95	1.04	18.576425	19.010506	18.731961	0.527937
12.61	21.48	19.12	20.59	2.95	1.04	18.579646	19.012265	18.734435	0.527903
12.61	21.48	19.13	20.60	2.95	1.04	18.582867	19.014026	18.736910	0.527868
12.61	21.48	19.13	20.60	2.95	1.04	18.586090	19.015786	18.739385	0.527834
12.62	21.48	19.14	20.61	2.95	1.03	18.589313	19.017547	18.741861	0.527799
12.62	21.48	19.14	20.61	2.95	1.03	18.592538	19.019309	18.744338	0.527764
12.62	21.48	19.15	20.62	2.95	1.03	18.595763	19.021070	18.746816	0.527729
12.62	21.48	19.15	20.62	2.95	1.03	18.598989	19.022833	18.749294	0.527694
12.63	21.48	19.16	20.63	2.95	1.03	18.602216	19.024595	18.751773	0.527659
12.63	21.48	19.16	20.63	2.95	1.03	18.605444	19.026358	18.754253	0.527624
12.63	21.48	19.17	20.64	2.95	1.03	18.608672	19.028121	18.756733	0.527588
12.64	21.48	19.17	20.64	2.95	1.03	18.611902	19.029885	18.759214	0.527553
12.64	21.48	19.18	20.65	2.95	1.03	18.615132	19.031649	18.761696	0.527517
12.64	21.48	19.18	20.65	2.95	1.03	18.618363	19.033414	18.764178	0.527481
12.64	21.48	19.19	20.66	2.95	1.02	18.621595	19.035179	18.766661	0.527446
12.65	21.48	19.19	20.66	2.95	1.02	18.624827	19.036944	18.769145	0.527410
12.65	21.48	19.20	20.67	2.95	1.02	18.628061	19.038710	18.771630	0.527374
12.65	21.48	19.21	20.67	2.95	1.02	18.631295	19.040476	18.774115	0.527338
12.66	21.48	19.21	20.68	2.95	1.02	18.634530	19.042242	18.776601	0.527301
12.66	21.48	19.22	20.68	2.95	1.02	18.637765	19.044009	18.779087	0.527265
12.66	21.48	19.22	20.69	2.95	1.02	18.641002	19.045776	18.781575	0.527228
12.66	21.48	19.23	20.69	2.95	1.02	18.644239	19.047544	18.784062	0.527192
12.67	21.48	19.23	20.70	2.95	1.02	18.647477	19.049312	18.786551	0.527155
12.67	21.48	19.24	20.71	2.95	1.02	18.650715	19.051080	18.789040	0.527118
12.67	21.48	19.24	20.71	2.95	1.01	18.653955	19.052849	18.791530	0.527081
12.68	21.48	19.25	20.72	2.95	1.01	18.657195	19.054618	18.794020	0.527044
12.68	21.48	19.25	20.72	2.95	1.01	18.660435	19.056388	18.796511	0.527007
12.68	21.48	19.26	20.73	2.95	1.01	18.663677	19.058158	18.799003	0.526970
12.68	21.48	19.26	20.73	2.95	1.01	18.666919	19.059928	18.801495	0.526933
12.69	21.48	19.27	20.74	2.95	1.01	18.670161	19.061699	18.803988	0.526895
12.69	21.48	19.27	20.74	2.95	1.01	18.673405	19.063470	18.806482	0.526857
12.69	21.48	19.28	20.75	2.95	1.01	18.676649	19.065242	18.808976	0.526820
12.69	21.48	19.29	20.75	2.95	1.01	18.679893	19.067014	18.811471	0.526782
12.70	21.48	19.29	20.76	2.95	1.01	18.683139	19.068786	18.813966	0.526744
12.70	21.48	19.30	20.76	2.95	1.00	18.686384	19.070559	18.816462	0.526706
12.70	21.48	19.30	20.77	2.95	1.00	18.689631	19.072332	18.818959	0.526667
12.71	21.48	19.31	20.77	2.95	1.00	18.692878	19.074105	18.821456	0.526629
12.71	21.48	19.31	20.78	2.95	1.00	18.696126	19.075879	18.823953	0.526591
12.71	21.48	19.32	20.78	2.95	1.00	18.699374	19.077653	18.826452	0.526552
12.71	21.48	19.32	20.79	2.95	1.00	18.702623	19.079428	18.828951	0.526513
12.72	21.48	19.33	20.79	2.95	1.00	18.705872	19.081203	18.831450	0.526475
12.72	21.48	19.33	20.80	2.95	1.00	18.709122	19.082979	18.833950	0.526436
12.72	21.48	19.34	20.80	2.95	1.00	18.712373	19.084754	18.836451	0.526396
12.72	21.48	19.34	20.81	2.95	0.99	18.715624	19.086531	18.838952	0.526357
12.73	21.48	19.35	20.81	2.95	0.99	18.718875	19.088307	18.841453	0.526318
12.73	21.48	19.35	20.82	2.95	0.99	18.722127	19.090084	18.843956	0.526278
12.73	21.48	19.36	20.82	2.95	0.99	18.725380	19.091862	18.846458	0.526239
12.74	21.48	19.36	20.83	2.95	0.99	18.728633	19.093639	18.848962	0.526199
12.74	21.48	19.37	20.83	2.95	0.99	18.731886	19.095417	18.851466	0.526159
12.74	21.48	19.37	20.84	2.95	0.99	18.735140	19.097196	18.853970	0.526119
12.74	21.48	19.38	20.84	2.95	0.99	18.738395	19.098975	18.856475	0.526079
12.75	21.48	19.38	20.85	2.95	0.99	18.741650	19.100754	18.858980	0.526039
12.75	21.48	19.39	20.85	2.95	0.98	18.744905	19.102534	18.861486	0.525999
12.75	21.48	19.39	20.85	2.95	0.98	18.748161	19.104314	18.863993	0.525958
12.76	21.48	19.40	20.86	2.95	0.98	18.751418	19.106094	18.866500	0.525918
12.76	21.48	19.40	20.86	2.95	0.98	18.754675	19.107875	18.869007	0.525877
12.76	21.48	19.41	20.87	2.95	0.98	18.757932	19.109657	18.871515	0.525836
12.76	21.48	19.42	20.87	2.95	0.98	18.761189	19.111438	18.874023	0.525795
12.77	21.48	19.42	20.88	2.95	0.98	18.764447	19.113220	18.876532	0.525754
12.77	21.48	19.43	20.88	2.95	0.98	18.767706	19.115003	18.879042	0.525712
12.77	21.48	19.43	20.89	2.95	0.98	18.770965	19.116785	18.881552	0.525671
12.78	21.48	19.44	20.89	2.95	0.97	18.774224	19.118568	18.884062	0.525629
12.78	21.48	19.44	20.90	2.95	0.97	18.777484	19.120352	18.886573	0.525588
12.78	21.48	19.45	20.90	2.95	0.97	18.780744	19.122136	18.889084	0.525546
12.78	21.48	19.45	20.91	2.95	0.97	18.784004	19.123920	18.891596	0.525504
12.79	21.48	19.46	20.91	2.95	0.97	18.787265	19.125705	18.894108	0.525462
12.79	21.48	19.46	20.92	2.95	0.97	18.790526	19.127490	18.896621	0.525419
12.79	21.48	19.47	20.92	2.95	0.97	18.793787	19.129275	18.899134	0.525377
12.79	21.48	19.47	20.93	2.95	0.97	18.797049	19.131061	18.901648	0.525334
12.80	21.48	19.48	20.93	2.95	0.97	18.800311	19.132847	18.904162	0.525292
12.80	21.48	19.48	20.94	2.95	0.96	18.803573	19.134634	18.906676	0.525249
12.80	21.48	19.49	20.94	2.95	0.96	18.806836	19.136421	18.909191	0.525206
12.81	21.48	19.49	20.95	2.95	0.96	18.810099	19.138208	18.911706	0.525163
12.81	21.48	19.50	20.95	2.95	0.96	18.813362	19.139996	18.914222	0.525119
12.81	21.48	19.50	20.96	2.95	0.96	18.816625	19.141784	18.916738	0.525076
12.81	21.48	19.51	20.96	2.95	0.96	18.819889	19.143572	18.919255	0.525032
12.82	21.48	19.51	20.97	2.95	0.96	18.823153	19.145361	18.921771	0.524988
12.82	21.48	19.52	20.97	2.95	0.96	18.826417	19.147150	18.924289	0.524945
12.82	21.48	19.52	20.98	2.95	0.95	18.829682	19.148939	18.926807	0.524901
12.82	21.48	19.53	20.98	2.95	0.95	18.832947	19.150729	18.929325	0.524856
12.83	21.48	19.53	20.99	2.95	0.95	18.836212	19.152520	18.931843	0.524812
12.83	21.48	19.54	20.99	2.95	0.95	18.839477	19.154310	18.934362	0.524767
12.83	21.48	19.54	20.99	2.95	0.95	18.842742	19.156101	18.936881	0.524723
12.84	21.48	19.55	21.00	2.95	0.95	18.846008	19.157893	18.939401	0.524678
12.84	21.48	19.55	21.00	2.95	0.95	18.849274	19.159684	18.941921	0.524633
12.84	21.48	19.56	21.01	2.95	0.95	18.852540	19.161476	18.944441	0.524588
12.84	21.48	19.56	21.01	2.95	0.95	18.855806	19.163269	18.946962	0.524542
12.85	21.48	19.57	21.02	2.95	0.94	18.859072	19.165062	18.949483	0.524497
12.85	21.48	19.57	21.02	2.95	0.94	18.862339	19.166855	18.952005	0.524451
12.85	21.48	19.58	21.03	2.95	0.94	18.865605	19.168648	18.954527	0.524406
12.86	21.48	19.58	21.03	2.95	0.94	18.868872	19.170442	18.957049	0.524360
12.86	21.48	19.59	21.04	2.95	0.94	18.872139	19.172237	18.959571	0.524313
12.86	21.48	19.59	21.04	2.95	0.94	18.875406	19.174031	18.962094	0.524267
12.86	21.48	19.60	21.05	2.95	0.94	18.878674	19.175826	18.964617	0.524221
12.87	21.48	19.60	21.05	2.95	0.94	18.881941	19.177622	18.967141	0.524174
12.87	21.48	19.61	21.06	2.95	0.93	18.885208	19.179417	18.969665	0.524127
12.87	21.48	19.61	21.06	2.95	0.93	18.888476	19.181213	18.972189	0.524080
12.88	21.48	19.62	21.06	2.95	0.93	18.891744	19.183010	18.974713	0.524033
12.88	21.48	19.62	21.07	2.95	0.93	18.895011	19.184807	18.977238	0.523986
12.88	21.48	19.63	21.07	2.95	0.93	18.898279	19.186604	18.979763	0.523938
12.88	21.48	19.63	21.08	2.95	0.93	18.901547	19.188401	18.982288	0.523890
12.89	21.48	19.64	21.08	2.95	0.93	18.904815	19.190199	18.984814	0.523843
12.89	21.48	19.64	21.09	2.95	0.92	18.908083	19.191997	18.987340	0.523795
12.89	21.48	19.65	21.09	2.95	0.92	18.911351	19.193796	18.989866	0.523746
12.89	21.48	19.65	21.10	2.95	0.92	18.914619	19.195595	18.992392	0.523698
12.90	21.48	19.66	21.10	2.95	0.92	18.917887	19.197394	18.994919	0.523649
12.90	21.48	19.66	21.11	2.95	0.92	18.921155	19.199193	18.997446	0.523601
12.90	21.48	19.67	21.11	2.95	0.92	18.924424	19.200993	18.999974	0.523552
12.91	21.48	19.67	21.12	2.95	0.92	18.927692	19.202794	19.002501	0.523502
12.91	21.48	19.68	21.12	2.95	0.92	18.930960	19.204594	19.005029	0.523453
12.91	21.48	19.68	21.12	2.95	0.91	18.934228	19.206395	19.007557	0.523403
12.91	21.48	19.69	21.13	2.95	0.91	18.937496	19.208196	19.010085	0.523354
12.92	21.48	19.69	21.13	2.95	0.91	18.940764	19.209998	19.012614	0.523304
12.92	21.48	19.70	21.14	2.95	0.91	18.944032	19.211800	19.015143	0.523254
12.92	21.48	19.70	21.14	2.95	0.91	18.947300	19.213602	19.017672	0.523203
12.93	21.48	19.70	21.15	2.95	0.91	18.950569	19.215405	19.020201	0.523153
12.93	21.48	19.71	21.15	2.95	0.91	18.953836	19.217208	19.022730	0.523102
12.93	21.48	19.71	21.16	2.95	0.90	18.957104	19.219011	19.025260	0.523051
12.93	21.48	19.72	21.16	2.95	0.90	18.960372	19.220815	19.027790	0.523000
12.94	21.48	19.72	21.17	2.95	0.90	18.963640	19.222619	19.030320	0.522949
12.94	21.48	19.73	21.17	2.95	0.90	18.966908	19.224423	19.032851	0.522897
12.94	21.48	19.73	21.17	2.95	0.90	18.970175	19.226228	19.035381	0.522845
12.94	21.48	19.74	21.18	2.95	0.90	18.973443	19.228033	19.037912	0.522793
12.95	21.48	19.74	21.18	2.96	0.90	18.976710	19.229838	19.040443	0.522741
12.95	21.48	19.75	21.19	2.96	0.90	18.979978	19.231644	19.042974	0.522689
12.95	21.48	19.75	21.19	2.96	0.89	18.983245	19.233450	19.045505	0.522636
12.96	21.48	19.76	21.20	2.96	0.89	18.986512	19.235256	19.048037	0.522583
12.96	21.48	19.76	21.20	2.96	0.89	18.989779	19.237063	19.050568	0.522530
12.96	21.48	19.77	21.21	2.96	0.89	18.993045	19.238870	19.053100	0.522477
12.96	21.48	19.77	21.21	2.96	0.89	18.996312	19.240677	19.055632	0.522423
12.97	21.48	19.78	21.21	2.96	0.89	18.999579	19.242485	19.058164	0.522370
12.97	21.48	19.78	21.22	2.96	0.89	19.002845	19.244293	19.060697	0.522316
12.97	21.48	19.79	21.22	2.96	0.88	19.006111	19.246101	19.063229	0.522261
12.97	21.48	19.79	21.23	2.96	0.88	19.009377	19.247909	19.065762	0.522207
12.98	21.48	19.80	21.23	2.96	0.88	19.012643	19.249718	19.068295	0.522152
12.98	21.48	19.80	21.24	2.96	0.88	19.015908	19.251527	19.070828	0.522097
12.98	21.48	19.81	21.24	2.96	0.88	19.019174	19.253337	19.073361	0.522042
12.99	21.48	19.81	21.25	2.96	0.88	19.022439	19.255147	19.075894	0.521987
12.99	21.48	19.81	21.25	2.96	0.87	19.025704	19.256957	19.078427	0.521931
12.99	21.48	19.82	21.25	2.96	0.87	19.028968	19.258767	19.080960	0.521875
12.99	21.48	19.82	21.26	2.96	0.87	19.032233	19.260578	19.083494	0.521819
13.00	21.48	19.83	21.26	2.96	0.87	19.035497	19.262389	19.086028	0.521763
13.00	21.48	19.83	21.27	2.96	0.87	19.038761	19.264200	19.088561	0.521706
13.00	21.48	19.84	21.27	2.96	0.87	19.042025	19.266012	19.091095	0.521649
13.01	21.48	19.84	21.28	2.96	0.87	19.045289	19.267824	19.093629	0.521592
13.01	21.48	19.85	21.28	2.96	0.86	19.048552	19.269636	19.096163	0.521535
13.01	21.48	19.85	21.29	2.96	0.86	19.051815	19.271449	19.098698	0.521477
13.01	21.48	19.86	21.29	2.96	0.86	19.055078	19.273262	19.101232	0.521419
13.02	21.48	19.86	21.29	2.96	0.86	19.058340	19.275075	19.103766	0.521361
13.02	21.48	19.87	21.30	2.96	0.86	19.061602	19.276888	19.106301	0.521302
13.02	21.48	19.87	21.30	2.96	0.86	19.064864	19.278702	19.108835	0.521243
13.03	21.48	19.88	21.31	2.96	0.85	19.068125	19.280516	19.111370	0.521184
13.03	21.48	19.88	21.31	2.96	0.85	19.071387	19.282330	19.113904	0.521125
13.03	21.48	19.89	21.32	2.96	0.85	19.074648	19.284145	19.116439	0.521065
13.03	21.48	19.89	21.32	2.96	0.85	19.077908	19.285960	19.118974	0.521005
13.04	21.48	19.89	21.32	2.96	0.85	19.081168	19.287775	19.121508	0.520945
13.04	21.48	19.90	21.33	2.96	0.85	19.084428	19.289591	19.124043	0.520885
13.04	21.48	19.90	21.33	2.96	0.85	19.087688	19.291407	19.126578	0.520824
13.04	21.48	19.91	21.34	2.96	0.84	19.090947	19.293223	19.129113	0.520763
13.05	21.48	19.91	21.34	2.96	0.84	19.094206	19.295039	19.131648	0.520701
13.05	21.48	19.92	21.35	2.96	0.84	19.097464	19.296856	19.134183	0.520640
13.05	21.48	19.92	21.35	2.96	0.84	19.100722	19.298673	19.136718	0.520578
13.06	21.48	19.93	21.35	2.96	0.84	19.103980	19.300490	19.139253	0.520515
13.06	21.48	19.93	21.36	2.96	0.84	19.107237	19.302307	19.141788	0.520453
13.06	21.48	19.94	21.36	2.96	0.83	19.110494	19.304125	19.144323	0.520390
13.06	21.48	19.94	21.37	2.96	0.83	19.113751	19.305943	19.146858	0.520326
13.07	21.48	19.95	21.37	2.96	0.83	19.117007	19.307761	19.149393	0.520263
13.07	21.48	19.95	21.37	2.96	0.83	19.120263	19.309580	19.151928	0.520199
13.07	21.48	19.95	21.38	2.96	0.83	19.123518	19.311399	19.154463	0.520134
13.07	21.48	19.96	21.38	2.96	0.82	19.126773	19.313218	19.156998	0.520070
13.08	21.48	19.96	21.39	2.96	0.82	19.130027	19.315037	19.159533	0.520005
13.08	21.48	19.97	21.39	2.96	0.82	19.133281	19.316857	19.162068	0.519939
13.08	21.48	19.97	21.40	2.96	0.82	19.136534	19.318677	19.164603	0.519874
13.09	21.48	19.98	21.40	2.96	0.82	19.139787	19.320497	19.167138	0.519807
13.09	21.48	19.98	21.40	2.96	0.82	19.143040	19.322317	19.169672	0.519741
13.09	21.48	19.99	21.41	2.96	0.81	19.146292	19.324138	19.172207	0.519674
13.09	21.48	19.99	21.41	2.96	0.81	19.149544	19.325959	19.174742	0.519607
13.10	21.48	20.00	21.42	2.96	0.81	19.152795	19.327780	19.177277	0.519539
13.10	21.48	20.00	21.42	2.96	0.81	19.156045	19.329602	19.179811	0.519472
13.10	21.48	20.00	21.42	2.96	0.81	19.159296	19.331423	19.182346	0.519403
13.11	21.48	20.01	21.43	2.96	0.81	19.162545	19.333245	19.184881	0.519334
13.11	21.48	20.01	21.43	2.96	0.80	19.165794	19.335068	19.187415	0.519265
13.11	21.48	20.02	21.44	2.96	0.80	19.169043	19.336890	19.189949	0.519196
13.11	21.48	20.02	21.44	2.96	0.80	19.172291	19.338713	19.192484	0.519126
13.12	21.48	20.03	21.45	2.96	0.80	19.175539	19.340536	19.195018	0.519055
13.12	21.48	20.03	21.45	2.96	0.80	19.178786	19.342359	19.197552	0.518985
13.12	21.48	20.04	21.45	2.96	0.79	19.182032	19.344183	19.200086	0.518913
13.12	21.48	20.04	21.46	2.96	0.79	19.185278	19.346006	19.202620	0.518842
13.13	21.48	20.04	21.46	2.96	0.79	19.188523	19.347830	19.205154	0.518770
13.13	21.48	20.05	21.47	2.96	0.79	19.191768	19.349654	19.207688	0.518697
13.13	21.48	20.05	21.47	2.96	0.79	19.195012	19.351479	19.210222	0.518624
13.14	21.48	20.06	21.47	2.96	0.78	19.198256	19.353304	19.212755	0.518551
13.14	21.48	20.06	21.48	2.96	0.78	19.201499	19.355128	19.215288	0.518477
13.14	21.48	20.07	21.48	2.96	0.78	19.204742	19.356954	19.217822	0.518402
13.14	21.48	20.07	21.49	2.96	0.78	19.207983	19.358779	19.220355	0.518328
13.15	21.48	20.08	21.49	2.96	0.78	19.211225	19.360605	19.222888	0.518252
13.15	21.48	20.08	21.49	2.96	0.77	19.214465	19.362430	19.225421	0.518176
13.15	21.48	20.08	21.50	2.96	0.77	19.217705	19.364256	19.227954	0.518100
13.16	21.48	20.09	21.50	2.96	0.77	19.220945	19.366083	19.230486	0.518023
13.16	21.48	20.09	21.51	2.96	0.77	19.224184	19.367909	19.233019	0.517946
13.16	21.48	20.10	21.51	2.96	0.77	19.227422	19.369736	19.235551	0.517868
13.16	21.48	20.10	21.51	2.96	0.76	19.230659	19.371563	19.238083	0.517789
13.17	21.48	20.11	21.52	2.96	0.76	19.233896	19.373390	19.240615	0.517710
13.17	21.48	20.11	21.52	2.96	0.76	19.237132	19.375217	19.243147	0.517631
13.17	21.48	20.11	21.53	2.96	0.76	19.240368	19.377045	19.245679	0.517551
13.18	21.48	20.12	21.53	2.96	0.76	19.243603	19.378873	19.248210	0.517470
13.18	21.48	20.12	21.53	2.96	0.75	19.246837	19.380701	19.250741	0.517389
13.18	21.48	20.13	21.54	2.96	0.75	19.250071	19.382529	19.253272	0.517307
13.18	21.48	20.13	21.54	2.96	0.75	19.253304	19.384357	19.255803	0.517224
13.19	21.48	20.14	21.55	2.96	0.75	19.256536	19.386186	19.258334	0.517141
13.19	21.48	20.14	21.55	2.96	0.75	19.259767	19.388015	19.260865	0.517057
13.19	21.48	20.15	21.55	2.96	0.74	19.262998	19.389844	19.263395	0.516973
13.19	21.48	20.15	21.56	2.96	0.74	19.266228	19.391673	19.265925	0.516888
13.20	21.48	20.15	21.56	2.96	0.74	19.269457	19.393503	19.268455	0.516802
13.20	21.48	20.16	21.57	2.96	0.74	19.272686	19.395332	19.270984	0.516716
13.20	21.48	20.16	21.57	2.96	0.73	19.275914	19.397162	19.273514	0.516629
13.21	21.48	20.17	21.57	2.96	0.73	19.279141	19.398992	19.276043	0.516541
13.21	21.48	20.17	21.58	2.96	0.73	19.282368	19.400823	19.278572	0.516453
13.21	21.48	20.18	21.58	2.96	0.73	19.285593	19.402653	19.281101	0.516364
13.21	21.48	20.18	21.58	2.96	0.72	19.288818	19.404484	19.283629	0.516274
13.22	21.48	20.18	21.59	2.96	0.72	19.292042	19.406314	19.286157	0.516183
13.22	21.48	20.19	21.59	2.96	0.72	19.295266	19.408145	19.288685	0.516092
13.22	21.48	20.19	21.60	2.96	0.72	19.298488	19.409977	19.291213	0.516000
13.22	21.48	20.20	21.60	2.96	0.71	19.301710	19.411808	19.293740	0.515907
13.23	21.48	20.20	21.60	2.96	0.71	19.304931	19.413640	19.296267	0.515813
13.23	21.48	20.20	21.61	2.96	0.71	19.308152	19.415471	19.298794	0.515718
13.23	21.48	20.21	21.61	2.96	0.71	19.311371	19.417303	19.301321	0.515622
13.24	21.48	20.21	21.62	2.96	0.70	19.314590	19.419135	19.303847	0.515526
13.24	21.48	20.22	21.62	2.96	0.70	19.317808	19.420968	19.306373	0.515429
13.24	21.48	20.22	21.62	2.96	0.70	19.321025	19.422800	19.308899	0.515331
13.24	21.48	20.23	21.63	2.96	0.70	19.324241	19.424633	19.311424	0.515231
13.25	21.48	20.23	21.63	2.96	0.69	19.327457	19.426465	19.313949	0.515131
13.25	21.48	20.23	21.63	2.96	0.69	19.330672	19.428298	19.316474	0.515030
13.25	21.48	20.24	21.64	2.96	0.69	19.333885	19.430132	19.318999	0.514928
13.26	21.48	20.24	21.64	2.96	0.69	19.337098	19.431965	19.321523	0.514825
13.26	21.48	20.25	21.65	2.96	0.68	19.340311	19.433798	19.324046	0.514721
13.26	21.48	20.25	21.65	2.96	0.68	19.343522	19.435632	19.326570	0.514616
13.26	21.48	20.26	21.65	2.96	0.68	19.346732	19.437466	19.329093	0.514509
13.27	21.48	20.26	21.66	2.96	0.68	19.349942	19.439300	19.331616	0.514402
13.27	21.48	20.26	21.66	2.96	0.67	19.353151	19.441134	19.334138	0.514293
13.27	21.48	20.27	21.66	2.96	0.67	19.356358	19.442968	19.336660	0.514183
13.28	21.48	20.27	21.67	2.96	0.67	19.359565	19.444803	19.339182	0.514072
13.28	21.48	20.28	21.67	2.96	0.66	19.362772	19.446637	19.341703	0.513960
13.28	21.48	20.28	21.68	2.96	0.66	19.365977	19.448472	19.344224	0.513846
13.28	21.48	20.28	21.68	2.96	0.66	19.369181	19.450307	19.346745	0.513731
13.29	21.48	20.29	21.68	2.96	0.65	19.372385	19.452142	19.349265	0.513615
13.29	21.48	20.29	21.69	2.96	0.65	19.375587	19.453977	19.351785	0.513497
13.29	21.48	20.30	21.69	2.96	0.65	19.378789	19.455812	19.354304	0.513378
13.29	21.48	20.30	21.69	2.96	0.65	19.381989	19.457648	19.356823	0.513258
13.30	21.48	20.30	21.70	2.96	0.64	19.385189	19.459484	19.359342	0.513135
13.30	21.48	20.31	21.70	2.96	0.64	19.388388	19.461319	19.361860	0.513012
13.30	21.48	20.31	21.70	2.96	0.64	19.391586	19.463155	19.364378	0.512886
13.31	21.48	20.32	21.71	2.96	0.63	19.394783	19.464991	19.366895	0.512759
13.31	21.48	20.32	21.71	2.97	0.63	19.397979	19.466827	19.369412	0.512630
13.31	21.48	20.33	21.72	2.97	0.63	19.401175	19.468664	19.371929	0.512500
13.31	21.48	20.33	21.72	2.97	0.62	19.404369	19.470500	19.374445	0.512367
13.32	21.48	20.33	21.72	2.97	0.62	19.407562	19.472337	19.376960	0.512233
13.32	21.48	20.34	21.73	2.97	0.62	19.410754	19.474174	19.379476	0.512096
13.32	21.48	20.34	21.73	2.97	0.61	19.413946	19.476011	19.381990	0.511958
13.32	21.48	20.35	21.73	2.97	0.61	19.417136	19.477848	19.384504	0.511817
13.33	21.48	20.35	21.74	2.97	0.60	19.420326	19.479685	19.387018	0.511674
13.33	21.48	20.35	21.74	2.97	0.60	19.423514	19.481522	19.389531	0.511529
13.33	21.48	20.36	21.74	2.97	0.60	19.426702	19.483360	19.392044	0.511381
13.34	21.48	20.36	21.75	2.97	0.59	19.429888	19.485197	19.394556	0.511231
13.34	21.48	20.37	21.75	2.97	0.59	19.433074	19.487035	19.397068	0.511078
13.34	21.48	20.37	21.76	2.97	0.58	19.436259	19.488873	19.399579	0.510923
13.34	21.48	20.37	21.76	2.97	0.58	19.439442	19.490711	19.402090	0.510765
13.35	21.48	20.38	21.76	2.97	0.58	19.442625	19.492549	19.404600	0.510603
13.35	21.48	20.38	21.77	2.97	0.57	19.445807	19.494387	19.407109	0.510439
13.35	21.48	20.39	21.77	2.97	0.57	19.448987	19.496225	19.409618	0.510271
13.36	21.48	20.39	21.77	2.97	0.56	19.452167	19.498064	19.412127	0.510100
13.36	21.48	20.39	21.78	2.97	0.56	19.455346	19.499903	19.414634	0.509925
13.36	21.48	20.40	21.78	2.97	0.55	19.458524	19.501741	19.417142	0.509747
13.36	21.48	20.40	21.78	2.97	0.55	19.461700	19.503580	19.419648	0.509564
13.37	21.48	20.41	21.79	2.97	0.54	19.464876	19.505419	19.422154	0.509378
13.37	21.48	20.41	21.79	2.97	0.54	19.468051	19.507259	19.424660	0.509187
13.37	21.48	20.41	21.79	2.97	0.53	19.471225	19.509098	19.427165	0.508991
13.38	21.48	20.42	21.80	2.97	0.53	19.474397	19.510938	19.429669	0.508790
13.38	21.48	20.42	21.80	2.97	0.52	19.477569	19.512777	19.432172	0.508584
13.38	21.48	20.43	21.80	2.97	0.52	19.480740	19.514617	19.434675	0.508372
13.38	21.48	20.43	21.81	2.97	0.51	19.483910	19.516457	19.437177	0.508154
13.39	21.48	20.43	21.81	2.97	0.51	19.487079	19.518297	19.439679	0.507930
13.39	21.48	20.44	21.81	2.97	0.50	19.490247	19.520137	19.442179	0.507699
13.39	21.48	20.44	21.82	2.97	0.50	19.493414	19.521978	19.444679	0.507460
13.39	21.48	20.44	21.82	2.97	0.49	19.496580	19.523819	19.447179	0.507213
13.40	21.48	20.45	21.82	2.97	0.48	19.499745	19.525660	19.449677	0.506958
13.40	21.48	20.45	21.83	2.97	0.48	19.502909	19.527501	19.452175	0.506727
13.40	21.48	20.46	21.83	2.97	0.48	19.506070	19.529340	19.454672	0.506730
13.41	21.48	20.46	21.84	2.97	0.48	19.509229	19.531178	19.457170	0.506733
13.41	21.48	20.46	21.84	2.97	0.48	19.512386	19.533016	19.459667	0.506736
13.41	21.48	20.47	21.84	2.97	0.48	19.515541	19.534852	19.462164	0.506739
13.41	21.48	20.47	21.85	2.97	0.48	19.518695	19.536689	19.464662	0.506742
13.42	21.48	20.48	21.85	2.97	0.48	19.521848	19.538525	19.467159	0.506745
13.42	21.48	20.48	21.85	2.97	0.48	19.524999	19.540361	19.469656	0.506747
13.42	21.48	20.48	21.86	2.97	0.48	19.528148	19.542196	19.472153	0.506750
13.43	21.48	20.49	21.86	2.97	0.48	19.531297	19.544031	19.474650	0.506753
13.43	21.48	20.49	21.86	2.97	0.48	19.534443	19.545866	19.477147	0.506756
13.43	21.48	20.49	21.87	2.97	0.48	19.537589	19.547701	19.479644	0.506759
13.43	21.48	20.50	21.87	2.97	0.48	19.540733	19.549536	19.482140	0.506762
13.44	21.48	20.50	21.87	2.97	0.48	19.543876	19.551370	19.484636	0.506765
13.44	21.48	20.51	21.88	2.97	0.48	19.547017	19.553205	19.487132	0.506768
13.44	21.48	20.51	21.88	2.97	0.48	19.550158	19.555039	19.489628	0.506771
13.44	21.48	20.51	21.88	2.97	0.48	19.553296	19.556873	19.492124	0.506774
13.45	21.48	20.52	21.89	2.97	0.48	19.556434	19.558707	19.494619	0.506777
13.45	21.48	20.52	21.89	2.97	0.48	19.559570	19.560541	19.497114	0.506780
13.45	21.48	20.53	21.89	2.97	0.48	19.562705	19.562375	19.499609	0.506783
13.46	21.48	20.53	21.90	2.97	0.48	19.565838	19.564209	19.502103	0.506786
13.46	21.48	20.53	21.90	2.97	0.48	19.568971	19.566042	19.504597	0.506789
13.46	21.48	20.54	21.90	2.97	0.48	19.572102	19.567876	19.507091	0.506792
13.46	21.48	20.54	21.90	2.97	0.48	19.575231	19.569710	19.509585	0.506795
13.47	21.48	20.54	21.91	2.97	0.48	19.578359	19.571543	19.512078	0.506798
13.47	21.48	20.55	21.91	2.97	0.48	19.581486	19.573377	19.514571	0.506801
13.47	21.48	20.55	21.91	2.97	0.48	19.584612	19.575210	19.517063	0.506804
13.47	21.48	20.55	21.92	2.97	0.48	19.587736	19.577043	19.519555	0.506807
13.48	21.48	20.56	21.92	2.97	0.48	19.590859	19.578877	19.522047	0.506810
13.48	21.48	20.56	21.92	2.97	0.48	19.593981	19.580710	19.524538	0.506813
13.48	21.48	20.57	21.93	2.97	0.48	19.597101	19.582543	19.527029	0.506816
13.49	21.48	20.57	21.93	2.97	0.48	19.600220	19.584377	19.529519	0.506819
13.49	21.48	20.57	21.93	2.97	0.48	19.603337	19.586210	19.532009	0.506822
13.49	21.48	20.58	21.94	2.97	0.48	19.606454	19.588043	19.534499	0.506825
13.49	21.48	20.58	21.94	2.97	0.48	19.609568	19.589876	19.536988	0.506828
13.50	21.48	20.58	21.94	2.97	0.48	19.612682	19.591709	19.539477	0.506831
13.50	21.48	20.59	21.95	2.97	0.48	19.615794	19.593542	19.541965	0.506834
13.50	21.48	20.59	21.95	2.97	0.48	19.618904	19.595375	19.544453	0.506837
13.51	21.48	20.60	21.95	2.97	0.48	19.622014	19.597208	19.546940	0.506850
13.51	21.48	20.60	21.96	2.97	0.48	19.625120	19.599040	19.549427	0.507109
13.51	21.48	20.60	21.96	2.97	0.49	19.628223	19.600870	19.551915	0.507360
13.51	21.48	20.61	21.96	2.97	0.50	19.631324	19.602700	19.554402	0.507602
13.52	21.48	20.61	21.97	2.97	0.50	19.634423	19.604529	19.556890	0.507836
13.52	21.48	20.61	21.97	2.97	0.51	19.637520	19.606358	19.559378	0.508063
13.52	21.48	20.62	21.97	2.97	0.51	19.640616	19.608187	19.561866	0.508283
13.53	21.48	20.62	21.97	2.97	0.52	19.643710	19.610016	19.564354	0.508497
13.53	21.48	20.62	21.98	2.97	0.52	19.646802	19.611845	19.566842	0.508704
13.53	21.48	20.63	21.98	2.97	0.53	19.649893	19.613673	19.569330	0.508907
13.53	21.48	20.63	21.98	2.97	0.53	19.652982	19.615502	19.571818	0.509104
13.54	21.48	20.64	21.99	2.97	0.54	19.656070	19.617330	19.574306	0.509296
13.54	21.48	20.64	21.99	2.97	0.54	19.659156	19.619159	19.576793	0.509483
13.54	21.48	20.64	21.99	2.97	0.55	19.662241	19.620987	19.579280	0.509666
13.54	21.48	20.65	22.00	2.97	0.55	19.665324	19.622816	19.581767	0.509845
13.55	21.48	20.65	22.00	2.97	0.56	19.668406	19.624644	19.584254	0.510020
13.55	21.48	20.65	22.00	2.97	0.56	19.671486	19.626473	19.586740	0.510191
13.55	21.48	20.66	22.01	2.97	0.56	19.674564	19.628302	19.589226	0.510359
13.56	21.48	20.66	22.01	2.97	0.57	19.677642	19.630130	19.591711	0.510523
13.56	21.48	20.66	22.01	2.97	0.57	19.680717	19.631959	19.594196	0.510684
13.56	21.48	20.67	22.01	2.97	0.58	19.683792	19.633788	19.596681	0.510842
13.56	21.48	20.67	22.02	2.97	0.58	19.686864	19.635617	19.599165	0.510997
13.57	21.48	20.67	22.02	2.97	0.58	19.689936	19.637446	19.601649	0.511149
13.57	21.48	20.68	22.02	2.97	0.59	19.693005	19.639275	19.604132	0.511298
13.57	21.48	20.68	22.03	2.97	0.59	19.696074	19.641104	19.606615	0.511445
13.57	21.48	20.68	22.03	2.97	0.60	19.699140	19.642933	19.609097	0.511589
13.58	21.48	20.69	22.03	2.97	0.60	19.702206	19.644763	19.611579	0.511731
13.58	21.48	20.69	22.04	2.97	0.60	19.705269	19.646592	19.614060	0.511870
13.58	21.48	20.69	22.04	2.97	0.61	19.708332	19.648421	19.616541	0.512007
13.59	21.48	20.70	22.04	2.97	0.61	19.711392	19.650251	19.619021	0.512142
13.59	21.48	20.70	22.04	2.97	0.61	19.714451	19.652080	19.621500	0.512275
13.59	21.48	20.71	22.05	2.97	0.62	19.717509	19.653910	19.623979	0.512406
13.59	21.48	20.71	22.05	2.97	0.62	19.720565	19.655740	19.626457	0.512535
13.60	21.48	20.71	22.05	2.97	0.62	19.723620	19.657569	19.628934	0.512662
13.60	21.48	20.72	22.06	2.97	0.63	19.726672	19.659399	19.631411	0.512787
13.60	21.48	20.72	22.06	2.97	0.63	19.729724	19.661229	19.633887	0.512910
13.61	21.48	20.72	22.06	2.97	0.63	19.732774	19.663059	19.636363	0.513032
13.61	21.48	20.73	22.06	2.97	0.63	19.735822	19.664889	19.638838	0.513152
13.61	21.48	20.73	22.07	2.97	0.64	19.738868	19.666719	19.641312	0.513271
13.61	21.48	20.73	22.07	2.97	0.64	19.741913	19.668549	19.643785	0.513388
13.62	21.48	20.74	22.07	2.97	0.64	19.744957	19.670379	19.646258	0.513503
13.62	21.48	20.74	22.08	2.97	0.65	19.747999	19.672209	19.648730	0.513617
13.62	21.48	20.74	22.08	2.97	0.65	19.751039	19.674039	19.651201	0.513729
13.62	21.48	20.75	22.08	2.97	0.65	19.754077	19.675869	19.653672	0.513840
13.63	21.48	20.75	22.08	2.97	0.65	19.757114	19.677699	19.656142	0.513950
13.63	21.48	20.75	22.09	2.97	0.66	19.760150	19.679529	19.658611	0.514058
13.63	21.48	20.76	22.09	2.97	0.66	19.763183	19.681359	19.661079	0.514166
13.64	21.48	20.76	22.09	2.97	0.66	19.766215	19.683189	19.663547	0.514271
13.64	21.48	20.76	22.10	2.97	0.66	19.769246	19.685020	19.666013	0.514376
13.64	21.48	20.77	22.10	2.97	0.67	19.772274	19.686850	19.668479	0.514480
13.64	21.48	20.77	22.10	2.97	0.67	19.775301	19.688680	19.670944	0.514582
13.65	21.48	20.77	22.10	2.97	0.67	19.778327	19.690510	19.673408	0.514683
13.65	21.48	20.78	22.11	2.97	0.67	19.781350	19.692340	19.675872	0.514783
13.65	21.48	20.78	22.11	2.97	0.68	19.784372	19.694170	19.678335	0.514882
13.66	21.48	20.78	22.11	2.97	0.68	19.787392	19.696001	19.680796	0.514980
13.66	21.48	20.79	22.11	2.97	0.68	19.790411	19.697831	19.683257	0.515077
13.66	21.48	20.79	22.12	2.97	0.68	19.793428	19.699661	19.685718	0.515173
13.66	21.48	20.79	22.12	2.97	0.69	19.796443	19.701491	19.688177	0.515268
13.67	21.48	20.80	22.12	2.97	0.69	19.799456	19.703321	19.690635	0.515361
13.67	21.48	20.80	22.13	2.97	0.69	19.802468	19.705151	19.693093	0.515454
13.67	21.48	20.80	22.13	2.97	0.69	19.805477	19.706981	19.695550	0.515546
13.68	21.48	20.81	22.13	2.98	0.70	19.808485	19.708811	19.698005	0.515638
13.68	21.48	20.81	22.13	2.98	0.70	19.811492	19.710641	19.700460	0.515728
13.68	21.48	20.81	22.14	2.98	0.70	19.814496	19.712471	19.702915	0.515817
13.68	21.48	20.82	22.14	2.98	0.70	19.817499	19.714300	19.705368	0.515906
13.69	21.48	20.82	22.14	2.98	0.70	19.820500	19.716130	19.707820	0.515994
13.69	21.48	20.82	22.14	2.98	0.71	19.823500	19.717960	19.710271	0.516081
13.69	21.48	20.83	22.15	2.98	0.71	19.826497	19.719789	19.712722	0.516167
13.69	21.48	20.83	22.15	2.98	0.71	19.829493	19.721619	19.715172	0.516252
13.70	21.48	20.83	22.15	2.98	0.71	19.832487	19.723449	19.717620	0.516337
13.70	21.48	20.83	22.16	2.98	0.72	19.835479	19.725278	19.720068	0.516420
13.70	21.48	20.84	22.16	2.98	0.72	19.838469	19.727107	19.722515	0.516503
13.71	21.48	20.84	22.16	2.98	0.72	19.841457	19.728937	19.724961	0.516586
13.71	21.48	20.84	22.16	2.98	0.72	19.844444	19.730766	19.727406	0.516667
13.71	21.48	20.85	22.17	2.98	0.72	19.847429	19.732595	19.729850	0.516748
13.71	21.48	20.85	22.17	2.98	0.73	19.850412	19.734424	19.732293	0.516829
13.72	21.48	20.85	22.17	2.98	0.73	19.853393	19.736253	19.734735	0.516908
13.72	21.48	20.86	22.17	2.98	0.73	19.856372	19.738082	19.737176	0.516987
13.72	21.48	20.86	22.18	2.98	0.73	19.859349	19.739911	19.739616	0.517065
13.72	21.48	20.86	22.18	2.98	0.73	19.862325	19.741739	19.742056	0.517143
13.73	21.48	20.87	22.18	2.98	0.73	19.865298	19.743568	19.744494	0.517220
13.73	21.48	20.87	22.18	2.98	0.74	19.868270	19.745396	19.746931	0.517296
13.73	21.48	20.87	22.19	2.98	0.74	19.871240	19.747225	19.749368	0.517372
13.74	21.48	20.88	22.19	2.98	0.74	19.874208	19.749053	19.751803	0.517447
13.74	21.48	20.88	22.19	2.98	0.74	19.877174	19.750881	19.754238	0.517522
13.74	21.48	20.88	22.19	2.98	0.74	19.880138	19.752709	19.756671	0.517596
13.74	21.48	20.89	22.20	2.98	0.75	19.883101	19.754537	19.759103	0.517669
13.75	21.48	20.89	22.20	2.98	0.75	19.886061	19.756365	19.761535	0.517742
13.75	21.48	20.89	22.20	2.98	0.75	19.889020	19.758193	19.763965	0.517814
13.75	21.48	20.89	22.20	2.98	0.75	19.891976	19.760020	19.766395	0.517886
13.76	21.48	20.90	22.21	2.98	0.75	19.894931	19.761847	19.768823	0.517957
13.76	21.48	20.90	22.21	2.98	0.75	19.897883	19.763675	19.771251	0.518028
13.76	21.48	20.90	22.21	2.98	0.76	19.900834	19.765502	19.773677	0.518098
13.76	21.48	20.91	22.21	2.98	0.76	19.903783	19.767329	19.776102	0.518168
13.77	21.48	20.91	22.22	2.98	0.76	19.906730	19.769156	19.778527	0.518237
13.77	21.48	20.91	22.22	2.98	0.76	19.909675	19.770983	19.780950	0.518305
13.77	21.48	20.92	22.22	2.98	0.76	19.912618	19.772809	19.783372	0.518373
13.78	21.48	20.92	22.22	2.98	0.76	19.915559	19.774636	19.785794	0.518441
13.78	21.48	20.92	22.23	2.98	0.77	19.918498	19.776462	19.788214	0.518508
13.78	21.48	20.92	22.23	2.98	0.77	19.921435	19.778288	19.790633	0.518575
13.78	21.48	20.93	22.23	2.98	0.77	19.924370	19.780114	19.793051	0.518641
13.79	21.48	20.93	22.23	2.98	0.77	19.927303	19.781940	19.795468	0.518707
13.79	21.48	20.93	22.24	2.98	0.77	19.930234	19.783766	19.797884	0.518772
13.79	21.48	20.94	22.24	2.98	0.77	19.933163	19.785591	19.800299	0.518837
13.79	21.48	20.94	22.24	2.98	0.78	19.936090	19.787416	19.802713	0.518902
13.80	21.48	20.94	22.24	2.98	0.78	19.939015	19.789242	19.805126	0.518966
13.80	21.48	20.95	22.25	2.98	0.78	19.941938	19.791067	19.807538	0.519029
13.80	21.48	20.95	22.25	2.98	0.78	19.944859	19.792891	19.809948	0.519092
13.81	21.48	20.95	22.25	2.98	0.78	19.947778	19.794716	19.812358	0.519155
13.81	21.48	20.95	22.25	2.98	0.78	19.950695	19.796541	19.814766	0.519217
13.81	21.48	20.96	22.26	2.98	0.78	19.953610	19.798365	19.817174	0.519279
13.81	21.48	20.96	22.26	2.98	0.79	19.956523	19.800189	19.819580	0.519341
13.82	21.48	20.96	22.26	2.98	0.79	19.959434	19.802013	19.821986	0.519402
13.82	21.48	20.97	22.26	2.98	0.79	19.962343	19.803837	19.824390	0.519463
13.82	21.48	20.97	22.26	2.98	0.79	19.965250	19.805660	19.826793	0.519523
13.82	21.48	20.97	22.27	2.98	0.79	19.968154	19.807483	19.829195	0.519583
13.83	21.48	20.98	22.27	2.98	0.79	19.971057	19.809307	19.831596	0.519643
13.83	21.48	20.98	22.27	2.98	0.80	19.973958	19.811130	19.833996	0.519702
13.83	21.48	20.98	22.27	2.98	0.80	19.976856	19.812952	19.836394	0.519761
13.84	21.48	20.98	22.28	2.98	0.80	19.979752	19.814775	19.838792	0.519819
13.84	21.48	20.99	22.28	2.98	0.80	19.982647	19.816597	19.841188	0.519877
13.84	21.48	20.99	22.28	2.98	0.80	19.985539	19.818419	19.843584	0.519935
13.84	21.48	20.99	22.28	2.98	0.80	19.988429	19.820241	19.845978	0.519992
13.85	21.48	21.00	22.28	2.98	0.80	19.991317	19.822063	19.848371	0.520049
13.85	21.48	21.00	22.29	2.98	0.80	19.994203	19.823884	19.850763	0.520106
13.85	21.48	21.00	22.29	2.98	0.81	19.997087	19.825706	19.853153	0.520162
13.86	21.48	21.00	22.29	2.98	0.81	19.999969	19.827527	19.855543	0.520218
13.86	21.48	21.01	22.29	2.98	0.81	20.002848	19.829348	19.857932	0.520274
13.86	21.48	21.01	22.30	2.98	0.81	20.005726	19.831168	19.860319	0.520329
13.86	21.48	21.01	22.30	2.98	0.81	20.008601	19.832989	19.862705	0.520384
13.87	21.48	21.02	22.30	2.98	0.81	20.011474	19.834809	19.865090	0.520439
13.87	21.48	21.02	22.30	2.98	0.81	20.014345	19.836629	19.867474	0.520494
13.87	21.48	21.02	22.30	2.98	0.82	20.017214	19.838448	19.869857	0.520548
13.88	21.48	21.02	22.31	2.98	0.82	20.020081	19.840268	19.872239	0.520601
13.88	21.48	21.03	22.31	2.98	0.82	20.022945	19.842087	19.874619	0.520655
13.88	21.48	21.03	22.31	2.98	0.82	20.025808	19.843906	19.876998	0.520708
13.88	21.48	21.03	22.31	2.98	0.82	20.028668	19.845724	19.879376	0.520761
13.89	21.48	21.03	22.32	2.98	0.82	20.031526	19.847543	19.881753	0.520813
13.89	21.48	21.04	22.32	2.98	0.82	20.034382	19.849361	19.884129	0.520866
13.89	21.48	21.04	22.32	2.98	0.82	20.037236	19.851179	19.886503	0.520918
13.89	21.48	21.04	22.32	2.98	0.83	20.040087	19.852997	19.888877	0.520969
13.90	21.48	21.05	22.32	2.98	0.83	20.042937	19.854814	19.891249	0.521021
13.90	21.48	21.05	22.33	2.98	0.83	20.045784	19.856631	19.893620	0.521072
13.90	21.48	21.05	22.33	2.98	0.83	20.048629	19.858448	19.895990	0.521123
13.91	21.48	21.05	22.33	2.98	0.83	20.051472	19.860265	19.898358	0.521173
13.91	21.48	21.06	22.33	2.98	0.83	20.054312	19.862081	19.900726	0.521223
13.91	21.48	21.06	22.33	2.98	0.83	20.057151	19.863897	19.903092	0.521273
13.91	21.48	21.06	22.34	2.98	0.83	20.059987	19.865713	19.905457	0.521323
13.92	21.48	21.06	22.34	2.98	0.84	20.062821	19.867529	19.907820	0.521372
13.92	21.48	21.07	22.34	2.98	0.84	20.065652	19.869344	19.910183	0.521422
13.92	21.48	21.07	22.34	2.98	0.84	20.068482	19.871159	19.912544	0.521470
13.93	21.48	21.07	22.34	2.98	0.84	20.071309	19.872974	19.914904	0.521519
13.93	21.48	21.08	22.35	2.98	0.84	20.074134	19.874788	19.917263	0.521567
13.93	21.48	21.08	22.35	2.98	0.84	20.076956	19.876602	19.919621	0.521616
13.93	21.48	21.08	22.35	2.98	0.84	20.079777	19.878416	19.921977	0.521663
13.94	21.48	21.08	22.35	2.98	0.84	20.082595	19.880230	19.924332	0.521711
13.94	21.48	21.09	22.36	2.98	0.84	20.085411	19.882043	19.926686	0.521758
13.94	21.48	21.09	22.36	2.98	0.85	20.088225	19.883856	19.929039	0.521806
13.94	21.48	21.09	22.36	2.98	0.85	20.091036	19.885668	19.931390	0.521852
13.95	21.48	21.09	22.36	2.98	0.85	20.093845	19.887481	19.933740	0.521899
13.95	21.48	21.10	22.36	2.98	0.85	20.096652	19.889293	19.936089	0.521945
13.95	21.48	21.10	22.36	2.98	0.85	20.099457	19.891104	19.938437	0.521992
13.96	21.48	21.10	22.37	2.98	0.85	20.102259	19.892916	19.940783	0.522037
13.96	21.48	21.10	22.37	2.98	0.85	20.105059	19.894727	19.943129	0.522083
13.96	21.48	21.11	22.37	2.98	0.85	20.107857	19.896538	19.945472	0.522129
13.96	21.48	21.11	22.37	2.98	0.85	20.110652	19.898348	19.947815	0.522174
13.97	21.48	21.11	22.37	2.98	0.86	20.113445	19.900158	19.950156	0.522219
13.97	21.48	21.11	22.38	2.98	0.86	20.116236	19.901968	19.952496	0.522263
13.97	21.48	21.12	22.38	2.98	0.86	20.119024	19.903778	19.954835	0.522308
13.97	21.48	21.12	22.38	2.98	0.86	20.121810	19.905587	19.957173	0.522352
13.98	21.48	21.12	22.38	2.98	0.86	20.124594	19.907396	19.959509	0.522396
13.98	21.48	21.12	22.38	2.98	0.86	20.127376	19.909204	19.961844	0.522440
13.98	21.48	21.13	22.39	2.98	0.86	20.130155	19.911012	19.964177	0.522484
13.99	21.48	21.13	22.39	2.98	0.86	20.132932	19.912820	19.966510	0.522527
13.99	21.48	21.13	22.39	2.98	0.86	20.135706	19.914628	19.968841	0.522570
13.99	21.48	21.13	22.39	2.98	0.87	20.138478	19.916435	19.971170	0.522613
13.99	21.48	21.14	22.39	2.98	0.87	20.141248	19.918242	19.973499	0.522656
14.00	21.48	21.14	22.40	2.98	0.87	20.144015	19.920048	19.975826	0.522699
14.00	21.48	21.14	22.40	2.98	0.87	20.146780	19.921854	19.978152	0.522741
14.00	21.48	21.14	22.40	2.98	0.87	20.149543	19.923660	19.980476	0.522783
14.01	21.48	21.15	22.40	2.98	0.87	20.152303	19.925466	19.982799	0.522825
14.01	21.48	21.15	22.40	2.98	0.87	20.155061	19.927271	19.985121	0.522867
14.01	21.48	21.15	22.40	2.98	0.87	20.157817	19.929075	19.987442	0.522908
14.01	21.48	21.15	22.41	2.98	0.87	20.160570	19.930880	19.989761	0.522950
14.02	21.48	21.16	22.41	2.98	0.87	20.163321	19.932684	19.992079	0.522991
14.02	21.48	21.16	22.41	2.98	0.88	20.166069	19.934487	19.994395	0.523032
14.02	21.48	21.16	22.41	2.98	0.88	20.168815	19.936291	19.996710	0.523073
14.03	21.48	21.16	22.41	2.98	0.88	20.171559	19.938093	19.999024	0.523113
14.03	21.48	21.17	22.42	2.98	0.88	20.174300	19.939896	20.001337	0.523154
14.03	21.48	21.17	22.42	2.98	0.88	20.177039	19.941698	20.003648	0.523194
14.03	21.48	21.17	22.42	2.98	0.88	20.179775	19.943500	20.005958	0.523234
14.04	21.48	21.17	22.42	2.98	0.88	20.182509	19.945301	20.008266	0.523273
14.04	21.48	21.18	22.42	2.98	0.88	20.185241	19.947102	20.010573	0.523313
14.04	21.48	21.18	22.42	2.98	0.88	20.187970	19.948903	20.012879	0.523352
14.04	21.48	21.18	22.43	2.98	0.88	20.190696	19.950703	20.015183	0.523392
14.05	21.48	21.18	22.43	2.98	0.88	20.193421	19.952503	20.017486	0.523431
14.05	21.48	21.19	22.43	2.98	0.89	20.196142	19.954302	20.019788	0.523470
14.05	21.48	21.19	22.43	2.98	0.89	20.198862	19.956101	20.022088	0.523508
14.06	21.48	21.19	22.43	2.98	0.89	20.201579	19.957900	20.024387	0.523547
14.06	21.48	21.19	22.43	2.98	0.89	20.204293	19.959698	20.026684	0.523585
14.06	21.48	21.19	22.44	2.98	0.89	20.207005	19.961496	20.028980	0.523623
14.06	21.48	21.20	22.44	2.99	0.89	20.209714	19.963293	20.031275	0.523661
14.07	21.48	21.20	22.44	2.99	0.89	20.212422	19.965090	20.033568	0.523699
14.07	21.48	21.20	22.44	2.99	0.89	20.215126	19.966887	20.035860	0.523736
14.07	21.48	21.20	22.44	2.99	0.89	20.217828	19.968683	20.038151	0.523774
14.07	21.48	21.21	22.44	2.99	0.89	20.220528	19.970479	20.040440	0.523811
14.08	21.48	21.21	22.45	2.99	0.89	20.223225	19.972274	20.042728	0.523848
14.08	21.48	21.21	22.45	2.99	0.90	20.225920	19.974069	20.045014	0.523885
14.08	21.48	21.21	22.45	2.99	0.90	20.228612	19.975864	20.047299	0.523922
14.09	21.48	21.22	22.45	2.99	0.90	20.231301	19.977658	20.049582	0.523958
14.09	21.48	21.22	22.45	2.99	0.90	20.233989	19.979451	20.051864	0.523995
14.09	21.48	21.22	22.45	2.99	0.90	20.236673	19.981244	20.054145	0.524031
14.09	21.48	21.22	22.46	2.99	0.90	20.239355	19.983037	20.056424	0.524067
14.10	21.48	21.22	22.46	2.99	0.90	20.242035	19.984830	20.058702	0.524103
14.10	21.48	21.23	22.46	2.99	0.90	20.244712	19.986622	20.060978	0.524139
14.10	21.48	21.23	22.46	2.99	0.90	20.247387	19.988413	20.063253	0.524174
14.11	21.48	21.23	22.46	2.99	0.90	20.250059	19.990204	20.065527	0.524210
14.11	21.48	21.23	22.46	2.99	0.90	20.252728	19.991995	20.067799	0.524245
14.11	21.48	21.24	22.46	2.99	0.90	20.255395	19.993785	20.070069	0.524280
14.11	21.48	21.24	22.47	2.99	0.91	20.258060	19.995574	20.072339	0.524315
14.12	21.48	21.24	22.47	2.99	0.91	20.260722	19.997364	20.074606	0.524350
14.12	21.48	21.24	22.47	2.99	0.91	20.263381	19.999152	20.076872	0.524385
14.12	21.48	21.24	22.47	2.99	0.91	20.266038	20.000941	20.079137	0.524419
14.12	21.48	21.25	22.47	2.99	0.91	20.268692	20.002729	20.081401	0.524454
14.13	21.48	21.25	22.47	2.99	0.91	20.271344	20.004516	20.083663	0.524488
14.13	21.48	21.25	22.47	2.99	0.91	20.273993	20.006303	20.085923	0.524522
14.13	21.48	21.25	22.48	2.99	0.91	20.276639	20.008089	20.088182	0.524556
14.14	21.48	21.26	22.48	2.99	0.91	20.279283	20.009875	20.090439	0.524589
14.14	21.48	21.26	22.48	2.99	0.91	20.281925	20.011661	20.092695	0.524623
14.14	21.48	21.26	22.48	2.99	0.91	20.284564	20.013446	20.094950	0.524656
14.14	21.48	21.26	22.48	2.99	0.91	20.287200	20.015231	20.097203	0.524690
14.15	21.48	21.26	22.48	2.99	0.91	20.289834	20.017015	20.099454	0.524723
14.15	21.48	21.27	22.49	2.99	0.92	20.292465	20.018798	20.101705	0.524756
14.15	21.48	21.27	22.49	2.99	0.92	20.295093	20.020581	20.103953	0.524789
14.16	21.48	21.27	22.49	2.99	0.92	20.297719	20.022364	20.106200	0.524821
14.16	21.48	21.27	22.49	2.99	0.92	20.300342	20.024146	20.108446	0.524854
14.16	21.48	21.27	22.49	2.99	0.92	20.302963	20.025928	20.110690	0.524886
14.16	21.48	21.28	22.49	2.99	0.92	20.305581	20.027709	20.112932	0.524919
14.17	21.48	21.28	22.49	2.99	0.92	20.308196	20.029490	20.115173	0.524951
14.17	21.48	21.28	22.49	2.99	0.92	20.310809	20.031270	20.117413	0.524983
14.17	21.48	21.28	22.50	2.99	0.92	20.313419	20.033050	20.119651	0.525014
14.18	21.48	21.28	22.50	2.99	0.92	20.316027	20.034829	20.121888	0.525046
14.18	21.48	21.29	22.50	2.99	0.92	20.318632	20.036607	20.124123	0.525078
14.18	21.48	21.29	22.50	2.99	0.92	20.321234	20.038386	20.126356	0.525109
14.18	21.48	21.29	22.50	2.99	0.92	20.323834	20.040163	20.128588	0.525140
14.19	21.48	21.29	22.50	2.99	0.93	20.326431	20.041940	20.130818	0.525172
14.19	21.48	21.29	22.50	2.99	0.93	20.329025	20.043717	20.133047	0.525203
14.19	21.48	21.30	22.51	2.99	0.93	20.331617	20.045493	20.135275	0.525234
14.19	21.48	21.30	22.51	2.99	0.93	20.334206	20.047269	20.137501	0.525264
14.20	21.48	21.30	22.51	2.99	0.93	20.336792	20.049044	20.139725	0.525295
14.20	21.48	21.30	22.51	2.99	0.93	20.339376	20.050818	20.141948	0.525325
14.20	21.48	21.30	22.51	2.99	0.93	20.341957	20.052592	20.144169	0.525356
14.21	21.48	21.31	22.51	2.99	0.93	20.344535	20.054366	20.146388	0.525386
14.21	21.48	21.31	22.51	2.99	0.93	20.347111	20.056138	20.148606	0.525416
14.21	21.48	21.31	22.51	2.99	0.93	20.349684	20.057911	20.150823	0.525446
14.21	21.48	21.31	22.52	2.99	0.93	20.352254	20.059683	20.153038	0.525476
14.22	21.48	21.31	22.52	2.99	0.93	20.354822	20.061454	20.155251	0.525506
14.22	21.48	21.32	22.52	2.99	0.93	20.357387	20.063225	20.157463	0.525535
14.22	21.48	21.32	22.52	2.99	0.93	20.359949	20.064995	20.159673	0.525565
14.22	21.48	21.32	22.52	2.99	0.94	20.362509	20.066765	20.161882	0.525594
14.23	21.48	21.32	22.52	2.99	0.94	20.365065	20.068534	20.164089	0.525623
14.23	21.48	21.32	22.52	2.99	0.94	20.367619	20.070302	20.166295	0.525652
14.23	21.48	21.33	22.52	2.99	0.94	20.370171	20.072070	20.168499	0.525681
14.24	21.48	21.33	22.53	2.99	0.94	20.372720	20.073838	20.170701	0.525710
14.24	21.48	21.33	22.53	2.99	0.94	20.375266	20.075605	20.172902	0.525739
14.24	21.48	21.33	22.53	2.99	0.94	20.377809	20.077371	20.175101	0.525767
14.24	21.48	21.33	22.53	2.99	0.94	20.380349	20.079137	20.177298	0.525796
14.25	21.48	21.34	22.53	2.99	0.94	20.382887	20.080902	20.179494	0.525824
14.25	21.48	21.34	22.53	2.99	0.94	20.385422	20.082666	20.181689	0.525852
14.25	21.48	21.34	22.53	2.99	0.94	20.387954	20.084430	20.183881	0.525880
14.26	21.48	21.34	22.53	2.99	0.94	20.390484	20.086194	20.186073	0.525908
14.26	21.48	21.34	22.53	2.99	0.94	20.393011	20.087957	20.188262	0.525936
14.26	21.48	21.34	22.54	2.99	0.94	20.395535	20.089719	20.190450	0.525964
14.26	21.48	21.35	22.54	2.99	0.94	20.398056	20.091481	20.192636	0.525991
14.27	21.48	21.35	22.54	2.99	0.95	20.400575	20.093242	20.194821	0.526019
14.27	21.48	21.35	22.54	2.99	0.95	20.403090	20.095002	20.197004	0.526046
14.27	21.48	21.35	22.54	2.99	0.95	20.405603	20.096762	20.199185	0.526073
14.28	21.48	21.35	22.54	2.99	0.95	20.408114	20.098522	20.201365	0.526101
14.28	21.48	21.36	22.54	2.99	0.95	20.410621	20.100280	20.203543	0.526128
14.28	21.48	21.36	22.54	2.99	0.95	20.413126	20.102039	20.205720	0.526154
14.28	21.48	21.36	22.54	2.99	0.95	20.415628	20.103796	20.207895	0.526181
14.29	21.48	21.36	22.55	2.99	0.95	20.418127	20.105553	20.210068	0.526208
14.29	21.48	21.36	22.55	2.99	0.95	20.420623	20.107309	20.212240	0.526234
14.29	21.48	21.36	22.55	2.99	0.95	20.423116	20.109065	20.214410	0.526261
14.29	21.48	21.37	22.55	2.99	0.95	20.425607	20.110820	20.216578	0.526287
14.30	21.48	21.37	22.55	2.99	0.95	20.428095	20.112575	20.218744	0.526313
14.30	21.48	21.37	22.55	2.99	0.95	20.430580	20.114329	20.220909	0.526340
14.30	21.48	21.37	22.55	2.99	0.95	20.433062	20.116082	20.223073	0.526366
14.31	21.48	21.37	22.55	2.99	0.95	20.435542	20.117835	20.225234	0.526391
14.31	21.48	21.37	22.55	2.99	0.95	20.438019	20.119587	20.227394	0.526417
14.31	21.48	21.38	22.55	2.99	0.95	20.440492	20.121338	20.229553	0.526443
14.31	21.48	21.38	22.56	2.99	0.96	20.442963	20.123089	20.231709	0.526468
14.32	21.48	21.38	22.56	2.99	0.96	20.445432	20.124839	20.233864	0.526494
14.32	21.48	21.38	22.56	2.99	0.96	20.447897	20.126589	20.236017	0.526519
14.32	21.48	21.38	22.56	2.99	0.96	20.450359	20.128337	20.238169	0.526544
14.32	21.48	21.39	22.56	2.99	0.96	20.452819	20.130086	20.240319	0.526569
14.33	21.48	21.39	22.56	2.99	0.96	20.455276	20.131833	20.242467	0.526594
14.33	21.48	21.39	22.56	2.99	0.96	20.457730	20.133580	20.244614	0.526619
14.33	21.48	21.39	22.56	2.99	0.96	20.460181	20.135327	20.246758	0.526644
14.34	21.48	21.39	22.56	2.99	0.96	20.462629	20.137072	20.248901	0.526669
14.34	21.48	21.39	22.56	2.99	0.96	20.465075	20.138817	20.251043	0.526693
14.34	21.48	21.40	22.56	2.99	0.96	20.467517	20.140562	20.253183	0.526718
14.34	21.48	21.40	22.57	2.99	0.96	20.469957	20.142305	20.255321	0.526742
14.35	21.48	21.40	22.57	2.99	0.96	20.472394	20.144048	20.257457	0.526766
14.35	21.48	21.40	22.57	2.99	0.96	20.474828	20.145791	20.259591	0.526791
14.35	21.48	21.40	22.57	2.99	0.96	20.477259	20.147532	20.261724	0.526815
14.36	21.48	21.40	22.57	2.99	0.96	20.479687	20.149273	20.263855	0.526839
14.36	21.48	21.40	22.57	2.99	0.96	20.482112	20.151014	20.265985	0.526862
14.36	21.48	21.41	22.57	2.99	0.96	20.484535	20.152754	20.268112	0.526886
14.36	21.48	21.41	22.57	2.99	0.97	20.486954	20.154493	20.270238	0.526910
14.37	21.48	21.41	22.57	2.99	0.97	20.489371	20.156231	20.272362	0.526933
14.37	21.48	21.41	22.57	2.99	0.97	20.491785	20.157969	20.274485	0.526957
14.37	21.48	21.41	22.57	2.99	0.97	20.494195	20.159706	20.276606	0.526980
14.38	21.48	21.41	22.57	2.99	0.97	20.496603	20.161442	20.278725	0.527003
14.38	21.48	21.42	22.58	2.99	0.97	20.499008	20.163178	20.280842	0.527026
14.38	21.48	21.42	22.58	2.99	0.97	20.501410	20.164913	20.282957	0.527049
14.38	21.48	21.42	22.58	2.99	0.97	20.503809	20.166647	20.285071	0.527072
14.39	21.48	21.42	22.58	2.99	0.97	20.506206	20.168380	20.287183	0.527095
14.39	21.48	21.42	22.58	2.99	0.97	20.508599	20.170113	20.289293	0.527118
14.39	21.48	21.42	22.58	2.99	0.97	20.510989	20.171845	20.291402	0.527141
14.39	21.48	21.42	22.58	2.99	0.97	20.513377	20.173577	20.293508	0.527163
14.40	21.48	21.43	22.58	2.99	0.97	20.515761	20.175308	20.295613	0.527186
14.40	21.48	21.43	22.58	2.99	0.97	20.518143	20.177038	20.297716	0.527208
14.40	21.48	21.43	22.58	2.99	0.97	20.520522	20.178767	20.299818	0.527230
14.41	21.48	21.43	22.58	2.99	0.97	20.522897	20.180496	20.301917	0.527252
14.41	21.48	21.43	22.58	2.99	0.97	20.525270	20.182224	20.304015	0.527274
14.41	21.48	21.43	22.58	2.99	0.97	20.527640	20.183951	20.306111	0.527296
14.41	21.48	21.43	22.59	2.99	0.97	20.530007	20.185677	20.308206	0.527318
14.42	21.48	21.44	22.59	2.99	0.98	20.532370	20.187403	20.310298	0.527340
14.42	21.48	21.44	22.59	2.99	0.98	20.534731	20.189128	20.312389	0.527361
14.42	21.48	21.44	22.59	2.99	0.98	20.537089	20.190853	20.314478	0.527383
14.43	21.48	21.44	22.59	2.99	0.98	20.539444	20.192576	20.316565	0.527404
14.43	21.48	21.44	22.59	2.99	0.98	20.541796	20.194299	20.318650	0.527426
14.43	21.48	21.44	22.59	2.99	0.98	20.544145	20.196021	20.320733	0.527447
14.43	21.48	21.44	22.59	2.99	0.98	20.546491	20.197743	20.322815	0.527468
14.44	21.48	21.45	22.59	2.99	0.98	20.548834	20.199463	20.324895	0.527489
14.44	21.48	21.45	22.59	2.99	0.98	20.551174	20.201183	20.326973	0.527510
14.44	21.48	21.45	22.59	2.99	0.98	20.553511	20.202902	20.329049	0.527531
14.44	21.48	21.45	22.59	2.99	0.98	20.555845	20.204621	20.331124	0.527552
14.45	21.48	21.45	22.59	2.99	0.98	20.558177	20.206338	20.333196	0.527573
14.45	21.48	21.45	22.59	2.99	0.98	20.560505	20.208055	20.335267	0.527593
14.45	21.48	21.45	22.59	2.99	0.98	20.562830	20.209772	20.337336	0.527614
14.46	21.48	21.46	22.59	2.99	0.98	20.565152	20.211487	20.339403	0.527634
14.46	21.48	21.46	22.59	2.99	0.98	20.567471	20.213202	20.341468	0.527655
14.46	21.48	21.46	22.60	2.99	0.98	20.569787	20.214916	20.343532	0.527675
14.46	21.48	21.46	22.60	2.99	0.98	20.572100	20.216629	20.345593	0.527695
14.47	21.48	21.46	22.60	2.99	0.98	20.574410	20.218341	20.347653	0.527715
14.47	21.48	21.46	22.60	2.99	0.98	20.576717	20.220053	20.349711	0.527735
14.47	21.48	21.46	22.60	2.99	0.98	20.579020	20.221764	20.351767	0.527755
14.47	21.48	21.47	22.60	2.99	0.99	20.581321	20.223474	20.353821	0.527775
14.48	21.48	21.47	22.60	2.99	0.99	20.583619	20.225183	20.355873	0.527795
14.48	21.48	21.47	22.60	2.99	0.99	20.585914	20.226892	20.357924	0.527814
14.48	21.48	21.47	22.60	2.99	0.99	20.588206	20.228599	20.359973	0.527834
14.49	21.48	21.47	22.60	2.99	0.99	20.590494	20.230306	20.362019	0.527853
14.49	21.48	21.47	22.60	2.99	0.99	20.592780	20.232012	20.364064	0.527873
14.49	21.48	21.47	22.60	3.00	0.99	20.595062	20.233718	20.366107	0.527892
14.49	21.48	21.47	22.60	3.00	0.99	20.597342	20.235423	20.368148	0.527911
14.50	21.48	21.48	22.60	3.00	0.99	20.599618	20.237126	20.370188	0.527930
14.50	21.48	21.48	22.60	3.00	0.99	20.601892	20.238829	20.372225	0.527949
14.50	21.48	21.48	22.60	3.00	0.99	20.604162	20.240532	20.374260	0.527968
14.51	21.48	21.48	22.60	3.00	0.99	20.606429	20.242233	20.376294	0.527987
14.51	21.48	21.48	22.60	3.00	0.99	20.608694	20.243934	20.378326	0.528006
14.51	21.48	21.48	22.60	3.00	0.99	20.610955	20.245633	20.380356	0.528024
14.51	21.48	21.48	22.60	3.00	0.99	20.613213	20.247332	20.382384	0.528043
14.52	21.48	21.48	22.60	3.00	0.99	20.615468	20.249031	20.384410	0.528061
14.52	21.48	21.48	22.61	3.00	0.99	20.617719	20.250728	20.386434	0.528080
14.52	21.48	21.49	22.61	3.00	0.99	20.619968	20.252425	20.388456	0.528098
14.53	21.48	21.49	22.61	3.00	0.99	20.622214	20.254120	20.390476	0.528116
14.53	21.48	21.49	22.61	3.00	0.99	20.624456	20.255815	20.392495	0.528134
14.53	21.48	21.49	22.61	3.00	0.99	20.626696	20.257509	20.394511	0.528152
14.53	21.48	21.49	22.61	3.00	0.99	20.628932	20.259203	20.396526	0.528170
14.54	21.48	21.49	22.61	3.00	0.99	20.631165	20.260895	20.398539	0.528188
14.54	21.48	21.49	22.61	3.00	0.99	20.633395	20.262587	20.400549	0.528206
14.54	21.48	21.49	22.61	3.00	1.00	20.635622	20.264278	20.402558	0.528224
14.54	21.48	21.49	22.61	3.00	1.00	20.637846	20.265968	20.404565	0.528241
14.55	21.48	21.50	22.61	3.00	1.00	20.640067	20.267657	20.406570	0.528259
14.55	21.48	21.50	22.61	3.00	1.00	20.642285	20.269345	20.408573	0.528276
14.55	21.48	21.50	22.61	3.00	1.00	20.644499	20.271033	20.410574	0.528294
14.56	21.48	21.50	22.61	3.00	1.00	20.646710	20.272719	20.412574	0.528311
14.56	21.48	21.50	22.61	3.00	1.00	20.648919	20.274405	20.414571	0.528328
14.56	21.48	21.50	22.61	3.00	1.00	20.651124	20.276090	20.416566	0.528345
14.56	21.48	21.50	22.61	3.00	1.00	20.653326	20.277774	20.418559	0.528363
14.57	21.48	21.50	22.61	3.00	1.00	20.655524	20.279457	20.420551	0.528379
14.57	21.48	21.50	22.61	3.00	1.00	20.657720	20.281140	20.422540	0.528396
14.57	21.48	21.51	22.61	3.00	1.00	20.659913	20.282821	20.424528	0.528413
14.57	21.48	21.51	22.61	3.00	1.00	20.662102	20.284502	20.426513	0.528430
14.58	21.48	21.51	22.61	3.00	1.00	20.664288	20.286182	20.428497	0.528447
14.58	21.48	21.51	22.61	3.00	1.00	20.666471	20.287860	20.430479	0.528463
14.58	21.48	21.51	22.61	3.00	1.00	20.668651	20.289539	20.432458	0.528480
14.59	21.48	21.51	22.61	3.00	1.00	20.670828	20.291216	20.434436	0.528496
14.59	21.48	21.51	22.61	3.00	1.00	20.673001	20.292892	20.436412	0.528512
14.59	21.48	21.51	22.61	3.00	1.00	20.675171	20.294567	20.438385	0.528529
14.59	21.48	21.51	22.61	3.00	1.00	20.677339	20.296242	20.440357	0.528545
14.60	21.48	21.51	22.61	3.00	1.00	20.679502	20.297916	20.442327	0.528561
14.60	21.48	21.52	22.61	3.00	1.00	20.681663	20.299588	20.444295	0.528577
14.60	21.48	21.52	22.61	3.00	1.00	20.683821	20.301260	20.446260	0.528593
14.61	21.48	21.52	22.61	3.00	1.00	20.685975	20.302931	20.448224	0.528609
14.61	21.48	21.52	22.61	3.00	1.00	20.688126	20.304602	20.450186	0.528624
14.61	21.48	21.52	22.61	3.00	1.00	20.690274	20.306271	20.452146	0.528640
14.61	21.48	21.52	22.61	3.00	1.00	20.692419	20.307939	20.454104	0.528656
14.62	21.48	21.52	22.61	3.00	1.00	20.694561	20.309607	20.456060	0.528671
14.62	21.48	21.52	22.61	3.00	1.01	20.696699	20.311273	20.458013	0.528687
14.62	21.48	21.52	22.61	3.00	1.01	20.698834	20.312939	20.459965	0.528702
14.62	21.48	21.52	22.61	3.00	1.01	20.700966	20.314604	20.461915	0.528717
14.63	21.48	21.52	22.61	3.00	1.01	20.703095	20.316267	20.463863	0.528732
14.63	21.48	21.53	22.61	3.00	1.01	20.705220	20.317930	20.465809	0.528748
14.63	21.48	21.53	22.61	3.00	1.01	20.707343	20.319592	20.467752	0.528763
14.64	21.48	21.53	22.61	3.00	1.01	20.709462	20.321253	20.469694	0.528778
14.64	21.48	21.53	22.61	3.00	1.01	20.711578	20.322914	20.471634	0.528792
14.64	21.48	21.53	22.61	3.00	1.01	20.713690	20.324573	20.473571	0.528807
14.64	21.48	21.53	22.61	3.00	1.01	20.715800	20.326231	20.475507	0.528822
14.65	21.48	21.53	22.61	3.00	1.01	20.717906	20.327889	20.477441	0.528837
14.65	21.48	21.53	22.61	3.00	1.01	20.720009	20.329545	20.479372	0.528851
14.65	21.48	21.53	22.61	3.00	1.01	20.722108	20.331201	20.481302	0.528866
14.66	21.48	21.53	22.61	3.00	1.01	20.724205	20.332855	20.483229	0.528880
14.66	21.48	21.53	22.61	3.00	1.01	20.726298	20.334509	20.485155	0.528895
14.66	21.48	21.54	22.61	3.00	1.01	20.728388	20.336162	20.487078	0.528909
14.66	21.48	21.54	22.61	3.00	1.01	20.730474	20.337814	20.489000	0.528923
14.67	21.48	21.54	22.61	3.00	1.01	20.732558	20.339465	20.490919	0.528937
14.67	21.48	21.54	22.61	3.00	1.01	20.734638	20.341115	20.492836	0.528951
14.67	21.48	21.54	22.61	3.00	1.01	20.736714	20.342764	20.494751	0.528965
14.68	21.48	21.54	22.61	3.00	1.01	20.738788	20.344412	20.496665	0.528979
14.68	21.48	21.54	22.61	3.00	1.01	20.740858	20.346059	20.498576	0.528993
14.68	21.48	21.54	22.61	3.00	1.01	20.742925	20.347705	20.500485	0.529007
14.68	21.48	21.54	22.61	3.00	1.01	20.744989	20.349350	20.502392	0.529020
14.69	21.48	21.54	22.61	3.00	1.01	20.747049	20.350994	20.504297	0.529034
14.69	21.48	21.54	22.61	3.00	1.01	20.749107	20.352638	20.506199	0.529048
14.69	21.48	21.54	22.61	3.00	1.01	20.751160	20.354280	20.508100	0.529061
14.69	21.48	21.54	22.61	3.00	1.01	20.753211	20.355921	20.509999	0.529074
14.70	21.48	21.55	22.61	3.00	1.01	20.755258	20.357562	20.511895	0.529088
14.70	21.48	21.55	22.61	3.00	1.01	20.757302	20.359201	20.513790	0.529101
14.70	21.48	21.55	22.61	3.00	1.01	20.759343	20.360840	20.515682	0.529114
14.71	21.48	21.55	22.61	3.00	1.01	20.761380	20.362477	20.517572	0.529127
14.71	21.48	21.55	22.61	3.00	1.01	20.763414	20.364113	20.519461	0.529140
14.71	21.48	21.55	22.61	3.00	1.02	20.765445	20.365749	20.521347	0.529153
14.71	21.48	21.55	22.61	3.00	1.02	20.767472	20.367384	20.523231	0.529166
14.72	21.48	21.55	22.61	3.00	1.02	20.769496	20.369017	20.525113	0.529179
14.72	21.48	21.55	22.61	3.00	1.02	20.771517	20.370650	20.526992	0.529192
14.72	21.48	21.55	22.61	3.00	1.02	20.773535	20.372281	20.528870	0.529204
14.72	21.48	21.55	22.61	3.00	1.02	20.775549	20.373912	20.530746	0.529217
14.73	21.48	21.55	22.61	3.00	1.02	20.777560	20.375541	20.532619	0.529229
14.73	21.48	21.55	22.61	3.00	1.02	20.779567	20.377170	20.534491	0.529242
14.73	21.48	21.55	22.61	3.00	1.02	20.781571	20.378798	20.536360	0.529254
14.74	21.48	21.55	22.61	3.00	1.02	20.783572	20.380424	20.538227	0.529266
14.74	21.48	21.55	22.61	3.00	1.02	20.785569	20.382050	20.540092	0.529278
14.74	21.48	21.56	22.61	3.00	1.02	20.787564	20.383674	20.541955	0.529291
14.74	21.48	21.56	22.61	3.00	1.02	20.789554	20.385298	20.543816	0.529303
14.75	21.48	21.56	22.61	3.00	1.02	20.791542	20.386921	20.545674	0.529315
14.75	21.48	21.56	22.61	3.00	1.02	20.793526	20.388542	20.547531	0.529327
14.75	21.48	21.56	22.61	3.00	1.02	20.795506	20.390163	20.549385	0.529338
14.76	21.48	21.56	22.61	3.00	1.02	20.797484	20.391782	20.551237	0.529350
14.76	21.48	21.56	22.61	3.00	1.02	20.799458	20.393401	20.553087	0.529362
14.76	21.48	21.56	22.61	3.00	1.02	20.801428	20.395018	20.554935	0.529374
14.76	21.48	21.56	22.61	3.00	1.02	20.803396	20.396635	20.556781	0.529385
14.77	21.48	21.56	22.61	3.00	1.02	20.805360	20.398250	20.558624	0.529397
14.77	21.48	21.56	22.61	3.00	1.02	20.807320	20.399865	20.560466	0.529408
14.77	21.48	21.56	22.61	3.00	1.02	20.809277	20.401478	20.562305	0.529419
14.78	21.48	21.56	22.61	3.00	1.02	20.811231	20.403090	20.564142	0.529431
14.78	21.48	21.56	22.61	3.00	1.02	20.813181	20.404702	20.565977	0.529442
14.78	21.48	21.56	22.61	3.00	1.02	20.815128	20.406312	20.567810	0.529453
14.78	21.48	21.56	22.61	3.00	1.02	20.817072	20.407921	20.569641	0.529464
14.79	21.48	21.56	22.61	3.00	1.02	20.819012	20.409529	20.571469	0.529475
14.79	21.48	21.56	22.61	3.00	1.02	20.820949	20.411136	20.573295	0.529486
14.79	21.48	21.57	22.60	3.00	1.02	20.822882	20.412743	20.575120	0.529497
14.79	21.48	21.57	22.60	3.00	1.02	20.824812	20.414348	20.576942	0.529508
14.80	21.48	21.57	22.60	3.00	1.02	20.826739	20.415952	20.578761	0.529518
14.80	21.48	21.57	22.60	3.00	1.02	20.828662	20.417555	20.580579	0.529529
14.80	21.48	21.57	22.60	3.00	1.02	20.830582	20.419156	20.582394	0.529540
14.81	21.48	21.57	22.60	3.00	1.02	20.832498	20.420757	20.584208	0.529550
14.81	21.48	21.57	22.60	3.00	1.02	20.834411	20.422357	20.586019	0.529560
14.81	21.48	21.57	22.60	3.00	1.02	20.836321	20.423956	20.587827	0.529571
14.81	21.48	21.57	22.60	3.00	1.02	20.838227	20.425553	20.589634	0.529581
14.82	21.48	21.57	22.60	3.00	1.02	20.840129	20.427150	20.591438	0.529591
14.82	21.48	21.57	22.60	3.00	1.02	20.842029	20.428745	20.593241	0.529601
14.82	21.48	21.57	22.60	3.00	1.02	20.843924	20.430340	20.595041	0.529612
14.82	21.48	21.57	22.60	3.00	1.02	20.845817	20.431933	20.596838	0.529622
14.83	21.48	21.57	22.60	3.00	1.03	20.847706	20.433525	20.598634	0.529632
14.83	21.48	21.57	22.60	3.00	1.03	20.849591	20.435117	20.600427	0.529641
14.83	21.48	21.57	22.60	3.00	1.03	20.851473	20.436707	20.602219	0.529651
14.84	21.48	21.57	22.60	3.00	1.03	20.853352	20.438296	20.604008	0.529661
14.84	21.48	21.57	22.60	3.00	1.03	20.855227	20.439884	20.605794	0.529671
14.84	21.48	21.57	22.60	3.00	1.03	20.857099	20.441470	20.607579	0.529680
14.84	21.48	21.57	22.60	3.00	1.03	20.858967	20.443056	20.609361	0.529690
14.85	21.48	21.57	22.60	3.00	1.03	20.860832	20.444641	20.611141	0.529699
14.85	21.48	21.57	22.60	3.00	1.03	20.862694	20.446224	20.612919	0.529709
14.85	21.48	21.57	22.59	3.00	1.03	20.864551	20.447807	20.614695	0.529718
14.86	21.48	21.57	22.59	3.00	1.03	20.866406	20.449388	20.616468	0.529727
14.86	21.48	21.57	22.59	3.00	1.03	20.868257	20.450968	20.618239	0.529736
14.86	21.48	21.57	22.59	3.00	1.03	20.870104	20.452548	20.620008	0.529746
14.86	21.48	21.57	22.59	3.00	1.03	20.871949	20.454126	20.621775	0.529755
14.87	21.48	21.57	22.59	3.00	1.03	20.873789	20.455703	20.623539	0.529764
14.87	21.48	21.58	22.59	3.00	1.03	20.875626	20.457278	20.625301	0.529772
14.87	21.48	21.58	22.59	3.00	1.03	20.877460	20.458853	20.627061	0.529781
14.88	21.48	21.58	22.59	3.00	1.03	20.879290	20.460427	20.628819	0.529790
14.88	21.48	21.58	22.59	3.00	1.03	20.881117	20.461999	20.630574	0.529799
14.88	21.48	21.58	22.59	3.00	1.03	20.882940	20.463570	20.632327	0.529807
14.88	21.48	21.58	22.59	3.00	1.03	20.884759	20.465141	20.634078	0.529816
14.89	21.48	21.58	22.59	3.00	1.03	20.886576	20.466710	20.635827	0.529825
14.89	21.48	21.58	22.59	3.00	1.03	20.888388	20.468278	20.637573	0.529833
14.89	21.48	21.58	22.59	3.00	1.03	20.890198	20.469844	20.639317	0.529841
14.89	21.48	21.58	22.59	3.00	1.03	20.892003	20.471410	20.641059	0.529850
14.90	21.48	21.58	22.58	3.00	1.03	20.893805	20.472975	20.642798	0.529858
14.90	21.48	21.58	22.58	3.00	1.03	20.895604	20.474538	20.644535	0.529866
14.90	21.48	21.58	22.58	3.00	1.03	20.897399	20.476100	20.646270	0.529874
14.91	21.48	21.58	22.58	3.00	1.03	20.899191	20.477662	20.648003	0.529882
14.91	21.48	21.58	22.58	3.00	1.03	20.900979	20.479222	20.649733	0.529890
14.91	21.48	21.58	22.58	3.00	1.03	20.902764	20.480780	20.651462	0.529898
14.91	21.48	21.58	22.58	3.00	1.03	20.904545	20.482338	20.653187	0.529906
14.92	21.48	21.58	22.58	3.00	1.03	20.906322	20.483895	20.654911	0.529914
14.92	21.48	21.58	22.58	3.00	1.03	20.908096	20.485450	20.656632	0.529921
14.92	21.48	21.58	22.58	3.00	1.03	20.909867	20.487004	20.658351	0.529929
14.93	21.48	21.58	22.58	3.00	1.03	20.911634	20.488557	20.660068	0.529937
14.93	21.48	21.58	22.58	3.00	1.03	20.913397	20.490109	20.661782	0.529944
14.93	21.48	21.58	22.58	3.00	1.03	20.915157	20.491660	20.663494	0.529952
14.93	21.48	21.58	22.57	3.00	1.03	20.916914	20.493209	20.665204	0.529959
14.94	21.48	21.58	22.57	3.00	1.03	20.918667	20.494758	20.666911	0.529966
14.94	21.48	21.58	22.57	3.00	1.03	20.920416	20.496305	20.668616	0.529974
14.94	21.48	21.58	22.57	3.00	1.03	20.922162	20.497851	20.670319	0.529981
14.94	21.48	21.58	22.57	3.00	1.03	20.923904	20.499396	20.672019	0.529988
14.95	21.48	21.58	22.57	3.00	1.03	20.925642	20.500940	20.673717	0.529995
14.95	21.48	21.58	22.57	3.00	1.03	20.927378	20.502482	20.675413	0.530002
14.95	21.48	21.58	22.57	3.00	1.03	20.929109	20.504024	20.677107	0.530009
14.96	21.48	21.58	22.57	3.00	1.03	20.930837	20.505564	20.678798	0.530016
14.96	21.48	21.58	22.57	3.00	1.03	20.932561	20.507103	20.680487	0.530022
14.96	21.48	21.58	22.57	3.00	1.03	20.934282	20.508641	20.682173	0.530029
14.96	21.48	21.58	22.57	3.00	1.03	20.936000	20.510177	20.683857	0.530036
14.97	21.48	21.58	22.56	3.00	1.03	20.937713	20.511712	20.685539	0.530042
14.97	21.48	21.58	22.56	3.00	1.03	20.939423	20.513247	20.687219	0.530049
14.97	21.48	21.58	22.56	3.00	1.03	20.941130	20.514780	20.688896	0.530055
14.97	21.48	21.58	22.56	3.00	1.03	20.942833	20.516312	20.690571	0.530062
14.98	21.48	21.58	22.56	3.00	1.03	20.944532	20.517842	20.692243	0.530068
14.98	21.48	21.58	22.56	3.00	1.03	20.946228	20.519372	20.693913	0.530074
14.98	21.48	21.58	22.56	3.00	1.03	20.947920	20.520900	20.695581	0.530080
14.99	21.48	21.58	22.56	3.00	1.03	20.949609	20.522427	20.697246	0.530087
14.99	21.48	21.58	22.56	3.00	1.03	20.951294	20.523952	20.698909	0.530093
14.99	21.48	21.58	22.56	3.00	1.03	20.952975	20.525477	20.700570	0.530099
14.99	21.48	21.58	22.56	3.01	1.03	20.954653	20.527000	20.702228	0.530104
15.00	21.48	21.58	22.55	3.01	1.03	20.956328	20.528522	20.703884	0.530110
15.00	21.48	21.58	22.55	3.01	1.03	20.957998	20.530043	20.705538	0.530116
15.00	21.48	21.58	22.55	3.01	1.03	20.959665	20.531563	20.707189	0.530122
15.01	21.48	21.58	22.55	3.01	1.03	20.961329	20.533082	20.708838	0.530128
15.01	21.48	21.58	22.55	3.01	1.03	20.962989	20.534599	20.710484	0.530133
15.01	21.48	21.58	22.55	3.01	1.03	20.964645	20.536115	20.712128	0.530139
15.01	21.48	21.58	22.55	3.01	1.03	20.966297	20.537629	20.713770	0.530144
15.02	21.48	21.58	22.55	3.01	1.03	20.967946	20.539143	20.715409	0.530149
15.02	21.48	21.58	22.55	3.01	1.03	20.969592	20.540655	20.717046	0.530155
15.02	21.48	21.58	22.55	3.01	1.03	20.971234	20.542166	20.718681	0.530160
15.03	21.48	21.58	22.55	3.01	1.03	20.972872	20.543676	20.720313	0.530165
15.03	21.48	21.58	22.54	3.01	1.04	20.974506	20.545185	20.721943	0.530170
15.03	21.48	21.58	22.54	3.01	1.04	20.976137	20.546692	20.723570	0.530176
15.03	21.48	21.58	22.54	3.01	1.04	20.977765	20.548198	20.725195	0.530181
15.04	21.48	21.58	22.54	3.01	1.04	20.979388	20.549703	20.726817	0.530185
15.04	21.48	21.58	22.54	3.01	1.04	20.981008	20.551207	20.728438	0.530190
15.04	21.48	21.58	22.54	3.01	1.04	20.982625	20.552709	20.730055	0.530195
15.04	21.48	21.58	22.54	3.01	1.04	20.984238	20.554210	20.731671	0.530200
15.05	21.48	21.58	22.54	3.01	1.04	20.985847	20.555710	20.733284	0.530205
15.05	21.48	21.58	22.54	3.01	1.04	20.987453	20.557208	20.734894	0.530209
15.05	21.48	21.58	22.54	3.01	1.04	20.989055	20.558706	20.736503	0.530214
15.06	21.48	21.58	22.53	3.01	1.04	20.990653	20.560202	20.738108	0.530218
15.06	21.48	21.58	22.53	3.01	1.04	20.992248	20.561696	20.739712	0.530223
15.06	21.48	21.58	22.53	3.01	1.04	20.993839	20.563190	20.741313	0.530227
15.06	21.48	21.58	22.53	3.01	1.04	20.995427	20.564682	20.742911	0.530231
15.07	21.48	21.58	22.53	3.01	1.04	20.997011	20.566173	20.744507	0.530236
15.07	21.48	21.58	22.53	3.01	1.04	20.998592	20.567663	20.746101	0.530240
15.07	21.48	21.58	22.53	3.01	1.04	21.000168	20.569151	20.747692	0.530244
15.07	21.48	21.58	22.53	3.01	1.04	21.001742	20.570638	20.749281	0.530248
15.08	21.48	21.58	22.53	3.01	1.04	21.003311	20.572124	20.750868	0.530252
15.08	21.48	21.58	22.53	3.01	1.04	21.004878	20.573609	20.752452	0.530256
15.08	21.48	21.58	22.52	3.01	1.04	21.006440	20.575092	20.754033	0.530260
15.09	21.48	21.58	22.52	3.01	1.04	21.007999	20.576574	20.755612	0.530264
15.09	21.48	21.58	22.52	3.01	1.04	21.009554	20.578054	20.757189	0.530267
15.09	21.48	21.58	22.52	3.01	1.04	21.011106	20.579534	20.758763	0.530271
15.09	21.48	21.58	22.52	3.01	1.04	21.012655	20.581012	20.760335	0.530275
15.10	21.48	21.58	22.52	3.01	1.04	21.014199	20.582489	20.761905	0.530278
15.10	21.48	21.58	22.52	3.01	1.04	21.015740	20.583964	20.763472	0.530282
15.10	21.48	21.58	22.52	3.01	1.04	21.017278	20.585438	20.765037	0.530285
15.11	21.48	21.58	22.52	3.01	1.04	21.018812	20.586911	20.766599	0.530289
15.11	21.48	21.58	22.52	3.01	1.04	21.020342	20.588383	20.768159	0.530292
15.11	21.48	21.58	22.51	3.01	1.04	21.021869	20.589853	20.769716	0.530295
15.11	21.48	21.58	22.51	3.01	1.04	21.023393	20.591322	20.771271	0.530298
15.12	21.48	21.58	22.51	3.01	1.04	21.024912	20.592790	20.772823	0.530302
15.12	21.48	21.58	22.51	3.01	1.04	21.026429	20.594256	20.774374	0.530305
15.12	21.48	21.58	22.51	3.01	1.04	21.027941	20.595721	20.775921	0.530308
15.12	21.48	21.58	22.51	3.01	1.04	21.029450	20.597185	20.777466	0.530311
15.13	21.48	21.58	22.51	3.01	1.04	21.030956	20.598647	20.779009	0.530314
15.13	21.48	21.58	22.51	3.01	1.04	21.032458	20.600108	20.780550	0.530316
15.13	21.48	21.58	22.51	3.01	1.04	21.033957	20.601568	20.782088	0.530319
15.14	21.48	21.58	22.50	3.01	1.04	21.035452	20.603026	20.783623	0.530322
15.14	21.48	21.58	22.50	3.01	1.04	21.036944	20.604483	20.785156	0.530325
15.14	21.48	21.58	22.50	3.01	1.04	21.038432	20.605939	20.786687	0.530327
15.14	21.48	21.58	22.50	3.01	1.04	21.039916	20.607393	20.788215	0.530330
15.15	21.48	21.58	22.50	3.01	1.04	21.041397	20.608847	20.789741	0.530332
15.15	21.48	21.58	22.50	3.01	1.04	21.042875	20.610298	20.791264	0.530335
15.15	21.48	21.58	22.50	3.01	1.04	21.044349	20.611749	20.792785	0.530337
15.16	21.48	21.58	22.50	3.01	1.04	21.045819	20.613198	20.794304	0.530339
15.16	21.48	21.58	22.50	3.01	1.04	21.047286	20.614645	20.795820	0.530342
15.16	21.48	21.57	22.50	3.01	1.04	21.048750	20.616092	20.797334	0.530344
15.16	21.48	21.57	22.49	3.01	1.04	21.050210	20.617537	20.798845	0.530346
15.17	21.48	21.57	22.49	3.01	1.04	21.051667	20.618981	20.800354	0.530348
15.17	21.48	21.57	22.49	3.01	1.04	21.053120	20.620423	20.801860	0.530350
15.17	21.48	21.57	22.49	3.01	1.04	21.054569	20.621864	20.803364	0.530352
15.18	21.48	21.57	22.49	3.01	1.04	21.056016	20.623303	20.804865	0.530354
15.18	21.48	21.57	22.49	3.01	1.04	21.057458	20.624742	20.806364	0.530356
15.18	21.48	21.57	22.49	3.01	1.04	21.058898	20.626179	20.807861	0.530357
15.18	21.48	21.57	22.49	3.01	1.04	21.060333	20.627614	20.809355	0.530359
15.19	21.48	21.57	22.49	3.01	1.04	21.061766	20.629048	20.810847	0.530361
15.19	21.48	21.57	22.48	3.01	1.04	21.063195	20.630481	20.812337	0.530363
15.19	21.48	21.57	22.48	3.01	1.04	21.064620	20.631913	20.813824	0.530364
15.19	21.48	21.57	22.48	3.01	1.04	21.066042	20.633343	20.815308	0.530366
15.20	21.48	21.57	22.48	3.01	1.04	21.067461	20.634771	20.816790	0.530367
15.20	21.48	21.57	22.48	3.01	1.04	21.068876	20.636199	20.818270	0.530368
15.20	21.48	21.57	22.48	3.01	1.04	21.070288	20.637625	20.819747	0.530370
15.21	21.48	21.57	22.48	3.01	1.04	21.071696	20.639049	20.821222	0.530371
15.21	21.48	21.57	22.48	3.01	1.04	21.073101	20.640472	20.822694	0.530372
15.21	21.48	21.57	22.48	3.01	1.04	21.074502	20.641894	20.824164	0.530374
15.21	21.48	21.57	22.47	3.01	1.04	21.075900	20.643315	20.825632	0.530375
15.22	21.48	21.57	22.47	3.01	1.04	21.077295	20.644734	20.827097	0.530376
15.22	21.48	21.57	22.47	3.01	1.04	21.078686	20.646152	20.828560	0.530377
15.22	21.48	21.57	22.47	3.01	1.04	21.080074	20.647568	20.830020	0.530378
15.22	21.48	21.57	22.47	3.01	1.04	21.081458	20.648983	20.831478	0.530379
15.23	21.48	21.57	22.47	3.01	1.04	21.082839	20.650396	20.832934	0.530379
15.23	21.48	21.57	22.47	3.01	1.04	21.084217	20.651809	20.834387	0.530380
15.23	21.48	21.57	22.47	3.01	1.04	21.085591	20.653219	20.835837	0.530381
15.24	21.48	21.57	22.46	3.01	1.04	21.086962	20.654629	20.837286	0.530382
15.24	21.48	21.57	22.46	3.01	1.04	21.088329	20.656037	20.838731	0.530382
15.24	21.48	21.57	22.46	3.01	1.04	21.089693	20.657443	20.840175	0.530383
15.24	21.48	21.57	22.46	3.01	1.04	21.091054	20.658848	20.841616	0.530383
15.25	21.48	21.57	22.46	3.01	1.04	21.092411	20.660252	20.843054	0.530384
15.25	21.48	21.57	22.46	3.01	1.04	21.093765	20.661655	20.844490	0.530384
15.25	21.48	21.57	22.46	3.01	1.04	21.095116	20.663056	20.845924	0.530385
15.26	21.48	21.57	22.46	3.01	1.04	21.096463	20.664455	20.847356	0.530385
15.26	21.48	21.57	22.46	3.01	1.04	21.097807	20.665853	20.848785	0.530385
15.26	21.48	21.57	22.45	3.01	1.04	21.099147	20.667250	20.850211	0.530385
15.26	21.48	21.57	22.45	3.01	1.04	21.100485	20.668645	20.851635	0.530386
15.27	21.48	21.57	22.45	3.01	1.04	21.101818	20.670039	20.853057	0.530386
15.27	21.48	21.57	22.45	3.01	1.04	21.103149	20.671432	20.854476	0.530386
15.27	21.48	21.57	22.45	3.01	1.04	21.104476	20.672823	20.855893	0.530386
15.28	21.48	21.57	22.45	3.01	1.04	21.105800	20.674213	20.857308	0.530386
15.28	21.48	21.57	22.45	3.01	1.04	21.107120	20.675601	20.858720	0.530386
15.28	21.48	21.57	22.45	3.01	1.04	21.108437	20.676988	20.860129	0.530385
15.28	21.48	21.57	22.44	3.01	1.04	21.109751	20.678373	20.861537	0.530385
15.29	21.48	21.57	22.44	3.01	1.04	21.111062	20.679757	20.862941	0.530385
15.29	21.48	21.57	22.44	3.01	1.04	21.112369	20.681140	20.864344	0.530385
15.29	21.48	21.57	22.44	3.01	1.04	21.113673	20.682521	20.865744	0.530384
15.29	21.48	21.57	22.44	3.01	1.04	21.114973	20.683901	20.867142	0.530384
15.30	21.48	21.57	22.44	3.01	1.04	21.116271	20.685279	20.868537	0.530383
15.30	21.48	21.56	22.44	3.01	1.04	21.117565	20.686656	20.869930	0.530383
15.30	21.48	21.56	22.44	3.01	1.04	21.118855	20.688032	20.871320	0.530382
15.31	21.48	21.56	22.44	3.01	1.04	21.120143	20.689406	20.872708	0.530382
15.31	21.48	21.56	22.43	3.01	1.04	21.121427	20.690778	20.874094	0.530381
15.31	21.48	21.56	22.43	3.01	1.04	21.122707	20.692149	20.875477	0.530380
15.31	21.48	21.56	22.43	3.01	1.04	21.123985	20.693519	20.876858	0.530380
15.32	21.48	21.56	22.43	3.01	1.04	21.125259	20.694888	20.878237	0.530379
15.32	21.48	21.56	22.43	3.01	1.04	21.126530	20.696254	20.879613	0.530378
15.32	21.48	21.56	22.43	3.01	1.04	21.127798	20.697620	20.880987	0.530377
15.32	21.48	21.56	22.43	3.01	1.04	21.129062	20.698984	20.882358	0.530376
15.33	21.48	21.56	22.43	3.01	1.04	21.130323	20.700346	20.883727	0.530375
15.33	21.48	21.56	22.42	3.01	1.04	21.131581	20.701707	20.885094	0.530374
15.33	21.48	21.56	22.42	3.01	1.04	21.132835	20.703067	20.886458	0.530373
15.34	21.48	21.56	22.42	3.01	1.04	21.134087	20.704425	20.887820	0.530372
15.34	21.48	21.56	22.42	3.01	1.04	21.135335	20.705782	20.889179	0.530370
15.34	21.48	21.56	22.42	3.01	1.04	21.136580	20.707137	20.890536	0.530369
15.34	21.48	21.56	22.42	3.01	1.04	21.137821	20.708491	20.891891	0.530368
15.35	21.48	21.56	22.42	3.01	1.04	21.139059	20.709844	20.893243	0.530366
15.35	21.48	21.56	22.42	3.01	1.03	21.140295	20.711195	20.894593	0.530365
15.35	21.48	21.56	22.41	3.01	1.03	21.141526	20.712544	20.895940	0.530363
15.36	21.48	21.56	22.41	3.01	1.03	21.142755	20.713892	20.897285	0.530362
15.36	21.48	21.56	22.41	3.01	1.03	21.143980	20.715239	20.898628	0.530360
15.36	21.48	21.56	22.41	3.01	1.03	21.145202	20.716584	20.899969	0.530359
15.36	21.48	21.56	22.41	3.01	1.03	21.146421	20.717928	20.901307	0.530357
15.37	21.48	21.56	22.41	3.01	1.03	21.147637	20.719270	20.902642	0.530355
15.37	21.48	21.56	22.41	3.01	1.03	21.148850	20.720611	20.903976	0.530354
15.37	21.48	21.56	22.40	3.01	1.03	21.150059	20.721950	20.905306	0.530352
15.38	21.48	21.56	22.40	3.01	1.03	21.151265	20.723288	20.906635	0.530350
15.38	21.48	21.56	22.40	3.01	1.03	21.152468	20.724625	20.907961	0.530348
15.38	21.48	21.56	22.40	3.01	1.03	21.153667	20.725959	20.909285	0.530346
15.38	21.48	21.56	22.40	3.01	1.03	21.154864	20.727293	20.910606	0.530344
15.39	21.48	21.56	22.40	3.01	1.03	21.156057	20.728625	20.911925	0.530342
15.39	21.48	21.56	22.40	3.01	1.03	21.157247	20.729955	20.913242	0.530340
15.39	21.48	21.56	22.40	3.01	1.03	21.158434	20.731285	20.914556	0.530338
15.39	21.48	21.56	22.39	3.01	1.03	21.159617	20.732612	20.915868	0.530335
15.40	21.48	21.55	22.39	3.01	1.03	21.160798	20.733938	20.917178	0.530333
15.40	21.48	21.55	22.39	3.01	1.03	21.161975	20.735263	20.918485	0.530331
15.40	21.48	21.55	22.39	3.01	1.03	21.163149	20.736586	20.919790	0.530329
15.41	21.48	21.55	22.39	3.01	1.03	21.164320	20.737908	20.921093	0.530326
15.41	21.48	21.55	22.39	3.01	1.03	21.165488	20.739228	20.922393	0.530324
15.41	21.48	21.55	22.39	3.01	1.03	21.166653	20.740547	20.923690	0.530321
15.41	21.48	21.55	22.39	3.01	1.03	21.167814	20.741864	20.924986	0.530319
15.42	21.48	21.55	22.38	3.01	1.03	21.168972	20.743180	20.926279	0.530316
15.42	21.48	21.55	22.38	3.01	1.03	21.170127	20.744494	20.927570	0.530313
15.42	21.48	21.55	22.38	3.01	1.03	21.171279	20.745807	20.928858	0.530311
15.43	21.48	21.55	22.38	3.01	1.03	21.172428	20.747118	20.930144	0.530308
15.43	21.48	21.55	22.38	3.01	1.03	21.173574	20.748428	20.931428	0.530305
15.43	21.48	21.55	22.38	3.01	1.03	21.174716	20.749737	20.932709	0.530302
15.43	21.48	21.55	22.38	3.01	1.03	21.175856	20.751044	20.933988	0.530300
15.44	21.48	21.55	22.37	3.01	1.03	21.176992	20.752349	20.935265	0.530297
15.44	21.48	21.55	22.37	3.01	1.03	21.178125	20.753653	20.936539	0.530294
15.44	21.48	21.55	22.37	3.01	1.03	21.179255	20.754955	20.937811	0.530291
15.44	21.48	21.55	22.37	3.01	1.03	21.180381	20.756256	20.939081	0.530288
15.45	21.48	21.55	22.37	3.01	1.03	21.181505	20.757556	20.940348	0.530284
15.45	21.48	21.55	22.37	3.01	1.03	21.182626	20.758854	20.941613	0.530281
15.45	21.48	21.55	22.37	3.01	1.03	21.183743	20.760150	20.942875	0.530278
15.46	21.48	21.55	22.36	3.01	1.03	21.184857	20.761445	20.944136	0.530275
15.46	21.48	21.55	22.36	3.01	1.03	21.185968	20.762739	20.945393	0.530272
15.46	21.48	21.55	22.36	3.01	1.03	21.187077	20.764031	20.946649	0.530268
15.46	21.48	21.55	22.36	3.01	1.03	21.188181	20.765321	20.947902	0.530265
15.47	21.48	21.55	22.36	3.01	1.03	21.189283	20.766610	20.949153	0.530261
15.47	21.48	21.55	22.36	3.01	1.03	21.190382	20.767898	20.950402	0.530258
15.47	21.48	21.55	22.36	3.01	1.03	21.191478	20.769184	20.951648	0.530254
15.47	21.48	21.54	22.36	3.01	1.03	21.192570	20.770469	20.952892	0.530251
15.48	21.48	21.54	22.35	3.01	1.03	21.193660	20.771752	20.954133	0.530247
15.48	21.48	21.54	22.35	3.01	1.03	21.194746	20.773033	20.955372	0.530244
15.48	21.48	21.54	22.35	3.01	1.03	21.195829	20.774313	20.956609	0.530240
15.49	21.48	21.54	22.35	3.01	1.03	21.196909	20.775592	20.957844	0.530236
15.49	21.48	21.54	22.35	3.01	1.03	21.197986	20.776869	20.959076	0.530232
15.49	21.48	21.54	22.35	3.01	1.03	21.199060	20.778144	20.960306	0.530228
15.49	21.48	21.54	22.35	3.01	1.03	21.200131	20.779418	20.961534	0.530225
15.50	21.48	21.54	22.34	3.01	1.03	21.201199	20.780691	20.962759	0.530221
15.50	21.48	21.54	22.34	3.01	1.03	21.202264	20.781962	20.963982	0.530217
15.50	21.48	21.54	22.34	3.01	1.03	21.203326	20.783231	20.965202	0.530213
15.51	21.48	21.54	22.34	3.01	1.03	21.204384	20.784499	20.966421	0.530208
15.51	21.48	21.54	22.34	3.01	1.03	21.205440	20.785766	20.967637	0.530204
15.51	21.48	21.54	22.34	3.01	1.03	21.206492	20.787031	20.968850	0.530200
15.51	21.48	21.54	22.34	3.01	1.03	21.207542	20.788294	20.970062	0.530196
15.52	21.48	21.54	22.33	3.01	1.03	21.208588	20.789556	20.971271	0.530192
15.52	21.48	21.54	22.33	3.01	1.03	21.209631	20.790817	20.972477	0.530187
15.52	21.48	21.54	22.33	3.01	1.03	21.210672	20.792076	20.973682	0.530183
15.53	21.48	21.54	22.33	3.01	1.03	21.211709	20.793333	20.974884	0.530179
15.53	21.48	21.54	22.33	3.01	1.03	21.212743	20.794589	20.976084	0.530174
15.53	21.48	21.54	22.33	3.01	1.03	21.213774	20.795843	20.977281	0.530170
15.53	21.48	21.54	22.33	3.01	1.03	21.214802	20.797096	20.978476	0.530165
15.54	21.48	21.54	22.32	3.01	1.03	21.215827	20.798347	20.979669	0.530161
15.54	21.48	21.54	22.32	3.01	1.03	21.216849	20.799597	20.980859	0.530156
15.54	21.48	21.53	22.32	3.01	1.03	21.217868	20.800846	20.982048	0.530151
15.54	21.48	21.53	22.32	3.01	1.03	21.218884	20.802092	20.983234	0.530147
15.55	21.48	21.53	22.32	3.01	1.03	21.219897	20.803338	20.984417	0.530142
15.55	21.48	21.53	22.32	3.01	1.03	21.220907	20.804582	20.985598	0.530137
15.55	21.48	21.53	22.32	3.01	1.03	21.221914	20.805824	20.986777	0.530132
15.56	21.48	21.53	22.31	3.01	1.03	21.222918	20.807064	20.987954	0.530127
15.56	21.48	21.53	22.31	3.01	1.03	21.223919	20.808304	20.989129	0.530122
15.56	21.48	21.53	22.31	3.01	1.03	21.224917	20.809541	20.990301	0.530117
15.56	21.48	21.53	22.31	3.01	1.03	21.225912	20.810778	20.991470	0.530112
15.57	21.48	21.53	22.31	3.01	1.03	21.226903	20.812012	20.992638	0.530107
15.57	21.48	21.53	22.31	3.01	1.03	21.227892	20.813245	20.993803	0.530102
15.57	21.48	21.53	22.31	3.01	1.03	21.228878	20.814477	20.994966	0.530097
15.57	21.48	21.53	22.30	3.01	1.02	21.229861	20.815707	20.996127	0.530092
15.58	21.48	21.53	22.30	3.01	1.02	21.230841	20.816935	20.997285	0.530087
15.58	21.48	21.53	22.30	3.01	1.02	21.231818	20.818162	20.998441	0.530081
15.58	21.48	21.53	22.30	3.01	1.02	21.232791	20.819388	20.999595	0.530076
15.59	21.48	21.53	22.30	3.01	1.02	21.233762	20.820612	21.000746	0.530071
15.59	21.48	21.53	22.30	3.01	1.02	21.234730	20.821834	21.001895	0.530065
15.59	21.48	21.53	22.29	3.01	1.02	21.235695	20.823055	21.003042	0.530060
15.59	21.48	21.53	22.29	3.01	1.02	21.236657	20.824274	21.004187	0.530054
15.60	21.48	21.53	22.29	3.01	1.02	21.237616	20.825492	21.005329	0.530049
15.60	21.48	21.53	22.29	3.01	1.02	21.238572	20.826709	21.006469	0.530043
15.60	21.48	21.52	22.29	3.01	1.02	21.239525	20.827923	21.007607	0.530037
15.61	21.48	21.52	22.29	3.01	1.02	21.240475	20.829137	21.008742	0.530032
15.61	21.48	21.52	22.29	3.01	1.02	21.241422	20.830348	21.009875	0.530026
15.61	21.48	21.52	22.28	3.01	1.02	21.242366	20.831558	21.011006	0.530020
15.61	21.48	21.52	22.28	3.01	1.02	21.243307	20.832767	21.012135	0.530014
15.62	21.48	21.52	22.28	3.01	1.02	21.244245	20.833974	21.013261	0.530009
15.62	21.48	21.52	22.28	3.01	1.02	21.245181	20.835180	21.014385	0.530003
15.62	21.48	21.52	22.28	3.01	1.02	21.246113	20.836384	21.015507	0.529997
15.62	21.48	21.52	22.28	3.01	1.02	21.247042	20.837586	21.016626	0.529991
15.63	21.48	21.52	22.27	3.01	1.02	21.247969	20.838787	21.017743	0.529985
15.63	21.48	21.52	22.27	3.01	1.02	21.248892	20.839987	21.018858	0.529979
15.63	21.48	21.52	22.27	3.01	1.02	21.249812	20.841184	21.019971	0.529972
15.64	21.48	21.52	22.27	3.01	1.02	21.250730	20.842381	21.021081	0.529966
15.64	21.48	21.52	22.27	3.01	1.02	21.251645	20.843576	21.022190	0.529960
15.64	21.48	21.52	22.27	3.01	1.02	21.252556	20.844769	21.023295	0.529954
15.64	21.48	21.52	22.27	3.01	1.02	21.253465	20.845960	21.024399	0.529948
15.65	21.48	21.52	22.26	3.01	1.02	21.254371	20.847151	21.025500	0.529941
15.65	21.48	21.52	22.26	3.01	1.02	21.255274	20.848339	21.026599	0.529935
15.65	21.48	21.52	22.26	3.01	1.02	21.256173	20.849526	21.027696	0.529928
15.66	21.48	21.52	22.26	3.01	1.02	21.257070	20.850712	21.028791	0.529922
15.66	21.48	21.51	22.26	3.01	1.02	21.257965	20.851896	21.029883	0.529915
15.66	21.48	21.51	22.26	3.01	1.02	21.258856	20.853078	21.030973	0.529909
15.66	21.48	21.51	22.25	3.01	1.02	21.259744	20.854259	21.032061	0.529902
15.67	21.48	21.51	22.25	3.01	1.02	21.260629	20.855439	21.033146	0.529896
15.67	21.48	21.51	22.25	3.01	1.02	21.261512	20.856616	21.034229	0.529889
15.67	21.48	21.51	22.25	3.01	1.02	21.262391	20.857793	21.035310	0.529882
15.68	21.48	21.51	22.25	3.01	1.02	21.263268	20.858967	21.036389	0.529875
15.68	21.48	21.51	22.25	3.01	1.02	21.264142	20.860141	21.037465	0.529869
15.68	21.48	21.51	22.25	3.01	1.02	21.265012	20.861312	21.038539	0.529862
15.68	21.48	21.51	22.24	3.01	1.02	21.265880	20.862482	21.039611	0.529855
15.69	21.48	21.51	22.24	3.02	1.02	21.266745	20.863651	21.040681	0.529848
15.69	21.48	21.51	22.24	3.02	1.02	21.267607	20.864818	21.041748	0.529841
15.69	21.48	21.51	22.24	3.02	1.02	21.268466	20.865983	21.042814	0.529834
15.69	21.48	21.51	22.24	3.02	1.02	21.269323	20.867147	21.043876	0.529827
15.70	21.48	21.51	22.24	3.02	1.02	21.270176	20.868310	21.044937	0.529820
15.70	21.48	21.51	22.23	3.02	1.02	21.271027	20.869470	21.045996	0.529812
15.70	21.48	21.51	22.23	3.02	1.02	21.271874	20.870630	21.047052	0.529805
15.71	21.48	21.51	22.23	3.02	1.02	21.272719	20.871787	21.048106	0.529798
15.71	21.48	21.50	22.23	3.02	1.02	21.273561	20.872943	21.049157	0.529791
15.71	21.48	21.50	22.23	3.02	1.02	21.274400	20.874098	21.050207	0.529783
15.71	21.48	21.50	22.23	3.02	1.02	21.275236	20.875251	21.051254	0.529776
15.72	21.48	21.50	22.22	3.02	1.02	21.276070	20.876402	21.052299	0.529768
15.72	21.48	21.50	22.22	3.02	1.01	21.276900	20.877552	21.053342	0.529761
15.72	21.48	21.50	22.22	3.02	1.01	21.277728	20.878701	21.054382	0.529753
15.72	21.48	21.50	22.22	3.02	1.01	21.278552	20.879848	21.055420	0.529746
15.73	21.48	21.50	22.22	3.02	1.01	21.279374	20.880993	21.056456	0.529738
15.73	21.48	21.50	22.22	3.02	1.01	21.280193	20.882137	21.057490	0.529731
15.73	21.48	21.50	22.21	3.02	1.01	21.281009	20.883279	21.058522	0.529723
15.74	21.48	21.50	22.21	3.02	1.01	21.281822	20.884419	21.059551	0.529715
15.74	21.48	21.50	22.21	3.02	1.01	21.282633	20.885558	21.060578	0.529707
15.74	21.48	21.50	22.21	3.02	1.01	21.283440	20.886696	21.061603	0.529700
15.74	21.48	21.50	22.21	3.02	1.01	21.284245	20.887832	21.062625	0.529692
15.75	21.48	21.50	22.21	3.02	1.01	21.285047	20.888966	21.063646	0.529684
15.75	21.48	21.50	22.20	3.02	1.01	21.285846	20.890099	21.064664	0.529676
15.75	21.48	21.50	22.20	3.02	1.01	21.286642	20.891230	21.065680	0.529668
15.76	21.48	21.49	22.20	3.02	1.01	21.287435	20.892360	21.066693	0.529660
15.76	21.48	21.49	22.20	3.02	1.01	21.288226	20.893488	21.067705	0.529652
15.76	21.48	21.49	22.20	3.02	1.01	21.289013	20.894615	21.068714	0.529644
15.76	21.48	21.49	22.20	3.02	1.01	21.289798	20.895740	21.069721	0.529635
15.77	21.48	21.49	22.19	3.02	1.01	21.290580	20.896863	21.070726	0.529627
15.77	21.48	21.49	22.19	3.02	1.01	21.291359	20.897985	21.071728	0.529619
15.77	21.48	21.49	22.19	3.02	1.01	21.292136	20.899105	21.072728	0.529611
15.78	21.48	21.49	22.19	3.02	1.01	21.292909	20.900224	21.073726	0.529602
15.78	21.48	21.49	22.19	3.02	1.01	21.293680	20.901341	21.074722	0.529594
15.78	21.48	21.49	22.19	3.02	1.01	21.294448	20.902457	21.075716	0.529585
15.78	21.48	21.49	22.18	3.02	1.01	21.295213	20.903571	21.076707	0.529577
15.79	21.48	21.49	22.18	3.02	1.01	21.295975	20.904684	21.077697	0.529568
15.79	21.48	21.49	22.18	3.02	1.01	21.296734	20.905795	21.078684	0.529560
15.79	21.48	21.49	22.18	3.02	1.01	21.297491	20.906904	21.079668	0.529551
15.79	21.48	21.49	22.18	3.02	1.01	21.298245	20.908012	21.080651	0.529543
15.80	21.48	21.49	22.18	3.02	1.01	21.298996	20.909118	21.081631	0.529534
15.80	21.48	21.48	22.17	3.02	1.01	21.299744	20.910223	21.082609	0.529525
15.80	21.48	21.48	22.17	3.02	1.01	21.300489	20.911326	21.083585	0.529516
15.81	21.48	21.48	22.17	3.02	1.01	21.301232	20.912428	21.084559	0.529508
15.81	21.48	21.48	22.17	3.02	1.01	21.301971	20.913528	21.085531	0.529499
15.81	21.48	21.48	22.17	3.02	1.01	21.302708	20.914626	21.086500	0.529490
15.81	21.48	21.48	22.17	3.02	1.01	21.303443	20.915723	21.087467	0.529481
15.82	21.48	21.48	22.16	3.02	1.01	21.304174	20.916819	21.088432	0.529472
15.82	21.48	21.48	22.16	3.02	1.01	21.304903	20.917912	21.089395	0.529463
15.82	21.48	21.48	22.16	3.02	1.01	21.305628	20.919005	21.090355	0.529454
15.82	21.48	21.48	22.16	3.02	1.01	21.306351	20.920095	21.091313	0.529445
15.83	21.48	21.48	22.16	3.02	1.01	21.307072	20.921184	21.092269	0.529435
15.83	21.48	21.48	22.16	3.02	1.01	21.307789	20.922272	21.093223	0.529426
15.83	21.48	21.48	22.15	3.02	1.00	21.308504	20.923358	21.094175	0.529417
15.84	21.48	21.48	22.15	3.02	1.00	21.309216	20.924442	21.095124	0.529408
15.84	21.48	21.48	22.15	3.02	1.00	21.309925	20.925525	21.096072	0.529398
15.84	21.48	21.48	22.15	3.02	1.00	21.310631	20.926606	21.097017	0.529389
15.84	21.48	21.47	22.15	3.02	1.00	21.311335	20.927686	21.097959	0.529379
15.85	21.48	21.47	22.15	3.02	1.00	21.312035	20.928764	21.098900	0.529370
15.85	21.48	21.47	22.14	3.02	1.00	21.312733	20.929841	21.099839	0.529360
15.85	21.48	21.47	22.14	3.02	1.00	21.313429	20.930916	21.100775	0.529351
15.86	21.48	21.47	22.14	3.02	1.00	21.314121	20.931989	21.101709	0.529341
15.86	21.48	21.47	22.14	3.02	1.00	21.314811	20.933061	21.102641	0.529332
15.86	21.48	21.47	22.14	3.02	1.00	21.315498	20.934131	21.103571	0.529322
15.86	21.48	21.47	22.14	3.02	1.00	21.316182	20.935200	21.104498	0.529312
15.87	21.48	21.47	22.13	3.02	1.00	21.316864	20.936267	21.105423	0.529302
15.87	21.48	21.47	22.13	3.02	1.00	21.317542	20.937333	21.106347	0.529293
15.87	21.48	21.47	22.13	3.02	1.00	21.318218	20.938397	21.107267	0.529283
15.88	21.48	21.47	22.13	3.02	1.00	21.318892	20.939459	21.108186	0.529273
15.88	21.48	21.47	22.13	3.02	1.00	21.319562	20.940520	21.109103	0.529263
15.88	21.48	21.47	22.12	3.02	1.00	21.320230	20.941579	21.110017	0.529253
15.88	21.48	21.46	22.12	3.02	1.00	21.320895	20.942637	21.110929	0.529243
15.89	21.48	21.46	22.12	3.02	1.00	21.321557	20.943693	21.111839	0.529233
15.89	21.48	21.46	22.12	3.02	1.00	21.322217	20.944748	21.112747	0.529223
15.89	21.48	21.46	22.12	3.02	1.00	21.322873	20.945801	21.113653	0.529212
15.89	21.48	21.46	22.12	3.02	1.00	21.323527	20.946852	21.114556	0.529202
15.90	21.48	21.46	22.11	3.02	1.00	21.324179	20.947902	21.115458	0.529192
15.90	21.48	21.46	22.11	3.02	1.00	21.324827	20.948951	21.116357	0.529182
15.90	21.48	21.46	22.11	3.02	1.00	21.325473	20.949997	21.117254	0.529171
15.91	21.48	21.46	22.11	3.02	1.00	21.326116	20.951042	21.118149	0.529161
15.91	21.48	21.46	22.11	3.02	1.00	21.326757	20.952086	21.119041	0.529150
15.91	21.48	21.46	22.11	3.02	1.00	21.327394	20.953128	21.119932	0.529140
15.91	21.48	21.46	22.10	3.02	1.00	21.328029	20.954169	21.120820	0.529129
15.92	21.48	21.46	22.10	3.02	1.00	21.328661	20.955208	21.121706	0.529119
15.92	21.48	21.46	22.10	3.02	1.00	21.329291	20.956245	21.122590	0.529108
15.92	21.48	21.45	22.10	3.02	1.00	21.329918	20.957281	21.123471	0.529097
15.93	21.48	21.45	22.10	3.02	1.00	21.330542	20.958315	21.124351	0.529087
15.93	21.48	21.45	22.09	3.02	1.00	21.331163	20.959347	21.125228	0.529076
15.93	21.48	21.45	22.09	3.02	1.00	21.331782	20.960378	21.126104	0.529065
15.93	21.48	21.45	22.09	3.02	0.99	21.332398	20.961408	21.126977	0.529054
15.94	21.48	21.45	22.09	3.02	0.99	21.333011	20.962436	21.127848	0.529043
15.94	21.48	21.45	22.09	3.02	0.99	21.333622	20.963462	21.128716	0.529032
15.94	21.48	21.45	22.09	3.02	0.99	21.334229	20.964487	21.129583	0.529021
15.94	21.48	21.45	22.08	3.02	0.99	21.334834	20.965510	21.130447	0.529010
15.95	21.48	21.45	22.08	3.02	0.99	21.335437	20.966532	21.131310	0.528999
15.95	21.48	21.45	22.08	3.02	0.99	21.336037	20.967552	21.132170	0.528988
15.95	21.48	21.45	22.08	3.02	0.99	21.336634	20.968570	21.133028	0.528977
15.96	21.48	21.45	22.08	3.02	0.99	21.337228	20.969587	21.133883	0.528966
15.96	21.48	21.45	22.07	3.02	0.99	21.337820	20.970602	21.134737	0.528955
15.96	21.48	21.44	22.07	3.02	0.99	21.338409	20.971616	21.135588	0.528943
15.96	21.48	21.44	22.07	3.02	0.99	21.338995	20.972628	21.136438	0.528932
15.97	21.48	21.44	22.07	3.02	0.99	21.339578	20.973639	21.137285	0.528921
15.97	21.48	21.44	22.07	3.02	0.99	21.340159	20.974648	21.138130	0.528909
15.97	21.48	21.44	22.06	3.02	0.99	21.340738	20.975655	21.138973	0.528898
15.97	21.48	21.44	22.06	3.02	0.99	21.341313	20.976661	21.139813	0.528886
15.98	21.48	21.44	22.06	3.02	0.99	21.341886	20.977666	21.140652	0.528875
15.98	21.48	21.44	22.06	3.02	0.99	21.342456	20.978668	21.141488	0.528863
15.98	21.48	21.44	22.06	3.02	0.99	21.343024	20.979669	21.142322	0.528851
15.99	21.48	21.44	22.06	3.02	0.99	21.343589	20.980669	21.143154	0.528840
15.99	21.48	21.44	22.05	3.02	0.99	21.344151	20.981667	21.143984	0.528828
15.99	21.48	21.44	22.05	3.02	0.99	21.344710	20.982663	21.144812	0.528816
15.99	21.48	21.44	22.05	3.02	0.99	21.345267	20.983658	21.145638	0.528804
16.00	21.48	21.43	22.05	3.02	0.99	21.345821	20.984652	21.146461	0.528792
16.00	21.48	21.43	22.05	3.02	0.99	21.346373	20.985643	21.147282	0.528780
16.00	21.48	21.43	22.04	3.02	0.99	21.346922	20.986634	21.148102	0.528768
16.01	21.48	21.43	22.04	3.02	0.99	21.347468	20.987622	21.148919	0.528756
16.01	21.48	21.43	22.04	3.02	0.99	21.348011	20.988609	21.149734	0.528744
16.01	21.48	21.43	22.04	3.02	0.99	21.348552	20.989595	21.150546	0.528732
16.01	21.48	21.43	22.04	3.02	0.99	21.349090	20.990578	21.151357	0.528720
16.02	21.48	21.43	22.04	3.02	0.99	21.349626	20.991561	21.152165	0.528708
16.02	21.48	21.43	22.03	3.02	0.98	21.350159	20.992541	21.152972	0.528696
16.02	21.48	21.43	22.03	3.02	0.98	21.350689	20.993521	21.153776	0.528683
16.02	21.48	21.43	22.03	3.02	0.98	21.351217	20.994498	21.154578	0.528671
16.03	21.48	21.43	22.03	3.02	0.98	21.351742	20.995474	21.155378	0.528658
16.03	21.48	21.42	22.03	3.02	0.98	21.352264	20.996448	21.156176	0.528646
16.03	21.48	21.42	22.02	3.02	0.98	21.352784	20.997421	21.156971	0.528634
16.04	21.48	21.42	22.02	3.02	0.98	21.353301	20.998393	21.157765	0.528621
16.04	21.48	21.42	22.02	3.02	0.98	21.353815	20.999362	21.158556	0.528608
16.04	21.48	21.42	22.02	3.02	0.98	21.354327	21.000330	21.159346	0.528596
16.04	21.48	21.42	22.02	3.02	0.98	21.354836	21.001297	21.160133	0.528583
16.05	21.48	21.42	22.01	3.02	0.98	21.355342	21.002262	21.160918	0.528570
16.05	21.48	21.42	22.01	3.02	0.98	21.355846	21.003225	21.161701	0.528558
16.05	21.48	21.42	22.01	3.02	0.98	21.356348	21.004187	21.162481	0.528545
16.06	21.48	21.42	22.01	3.02	0.98	21.356846	21.005147	21.163260	0.528532
16.06	21.48	21.42	22.01	3.02	0.98	21.357342	21.006106	21.164037	0.528519
16.06	21.48	21.42	22.00	3.02	0.98	21.357835	21.007063	21.164811	0.528506
16.06	21.48	21.41	22.00	3.02	0.98	21.358326	21.008019	21.165583	0.528493
16.07	21.48	21.41	22.00	3.02	0.98	21.358814	21.008973	21.166353	0.528480
16.07	21.48	21.41	22.00	3.02	0.98	21.359300	21.009925	21.167121	0.528467
16.07	21.48	21.41	22.00	3.02	0.98	21.359783	21.010876	21.167887	0.528454
16.07	21.48	21.41	21.99	3.02	0.98	21.360263	21.011825	21.168651	0.528441
16.08	21.48	21.41	21.99	3.02	0.98	21.360740	21.012773	21.169413	0.528427
16.08	21.48	21.41	21.99	3.02	0.98	21.361215	21.013719	21.170172	0.528414
16.08	21.48	21.41	21.99	3.02	0.98	21.361688	21.014663	21.170930	0.528401
16.09	21.48	21.41	21.99	3.02	0.98	21.362158	21.015606	21.171685	0.528387
16.09	21.48	21.41	21.99	3.02	0.98	21.362625	21.016548	21.172438	0.528374
16.09	21.48	21.41	21.98	3.02	0.98	21.363089	21.017488	21.173189	0.528360
16.09	21.48	21.41	21.98	3.02	0.98	21.363551	21.018426	21.173938	0.528347
16.10	21.48	21.40	21.98	3.02	0.98	21.364011	21.019362	21.174685	0.528333
16.10	21.48	21.40	21.98	3.02	0.97	21.364467	21.020298	21.175430	0.528320
16.10	21.48	21.40	21.98	3.02	0.97	21.364922	21.021231	21.176172	0.528306
16.11	21.48	21.40	21.97	3.02	0.97	21.365373	21.022163	21.176913	0.528292
16.11	21.48	21.40	21.97	3.02	0.97	21.365822	21.023093	21.177651	0.528279
16.11	21.48	21.40	21.97	3.02	0.97	21.366269	21.024022	21.178388	0.528265
16.11	21.48	21.40	21.97	3.02	0.97	21.366712	21.024949	21.179122	0.528251
16.12	21.48	21.40	21.97	3.02	0.97	21.367154	21.025875	21.179854	0.528237
16.12	21.48	21.40	21.96	3.02	0.97	21.367592	21.026799	21.180584	0.528223
16.12	21.48	21.40	21.96	3.02	0.97	21.368028	21.027722	21.181312	0.528209
16.12	21.48	21.40	21.96	3.02	0.97	21.368462	21.028642	21.182037	0.528195
16.13	21.48	21.40	21.96	3.02	0.97	21.368892	21.029562	21.182761	0.528181
16.13	21.48	21.39	21.96	3.02	0.97	21.369321	21.030480	21.183483	0.528167
16.13	21.48	21.39	21.95	3.02	0.97	21.369746	21.031396	21.184202	0.528152
16.14	21.48	21.39	21.95	3.02	0.97	21.370169	21.032311	21.184919	0.528138
16.14	21.48	21.39	21.95	3.02	0.97	21.370590	21.033224	21.185635	0.528124
16.14	21.48	21.39	21.95	3.02	0.97	21.371008	21.034135	21.186348	0.528109
16.14	21.48	21.39	21.95	3.02	0.97	21.371423	21.035045	21.187059	0.528095
16.15	21.48	21.39	21.94	3.02	0.97	21.371836	21.035953	21.187768	0.528081
16.15	21.48	21.39	21.94	3.02	0.97	21.372246	21.036860	21.188475	0.528066
16.15	21.48	21.39	21.94	3.02	0.97	21.372654	21.037765	21.189179	0.528052
16.16	21.48	21.39	21.94	3.02	0.97	21.373059	21.038669	21.189882	0.528037
16.16	21.48	21.39	21.94	3.02	0.97	21.373461	21.039571	21.190583	0.528022
16.16	21.48	21.38	21.93	3.02	0.97	21.373861	21.040472	21.191281	0.528008
16.16	21.48	21.38	21.93	3.02	0.97	21.374259	21.041371	21.191978	0.527993
16.17	21.48	21.38	21.93	3.02	0.97	21.374654	21.042268	21.192672	0.527978
16.17	21.48	21.38	21.93	3.02	0.97	21.375046	21.043164	21.193364	0.527963
16.17	21.48	21.38	21.93	3.02	0.96	21.375435	21.044058	21.194054	0.527948
16.18	21.48	21.38	21.92	3.02	0.96	21.375823	21.044951	21.194742	0.527933
16.18	21.48	21.38	21.92	3.02	0.96	21.376207	21.045842	21.195428	0.527918
16.18	21.48	21.38	21.92	3.02	0.96	21.376589	21.046731	21.196112	0.527903
16.18	21.48	21.38	21.92	3.02	0.96	21.376969	21.047619	21.196794	0.527888
16.19	21.48	21.38	21.92	3.02	0.96	21.377346	21.048505	21.197474	0.527873
16.19	21.48	21.38	21.91	3.02	0.96	21.377720	21.049390	21.198151	0.527858
16.19	21.48	21.37	21.91	3.02	0.96	21.378092	21.050273	21.198827	0.527842
16.19	21.48	21.37	21.91	3.02	0.96	21.378461	21.051155	21.199500	0.527827
16.20	21.48	21.37	21.91	3.02	0.96	21.378828	21.052035	21.200172	0.527812
16.20	21.48	21.37	21.90	3.02	0.96	21.379192	21.052914	21.200841	0.527796
16.20	21.48	21.37	21.90	3.02	0.96	21.379553	21.053791	21.201508	0.527781
16.21	21.48	21.37	21.90	3.02	0.96	21.379913	21.054666	21.202173	0.527765
16.21	21.48	21.37	21.90	3.02	0.96	21.380269	21.055540	21.202836	0.527750
16.21	21.48	21.37	21.90	3.02	0.96	21.380623	21.056412	21.203497	0.527734
16.21	21.48	21.37	21.89	3.02	0.96	21.380975	21.057283	21.204156	0.527718
16.22	21.48	21.37	21.89	3.02	0.96	21.381324	21.058152	21.204813	0.527703
16.22	21.48	21.36	21.89	3.02	0.96	21.381670	21.059020	21.205468	0.527687
16.22	21.48	21.36	21.89	3.02	0.96	21.382014	21.059886	21.206120	0.527671
16.23	21.48	21.36	21.89	3.02	0.96	21.382355	21.060750	21.206771	0.527655
16.23	21.48	21.36	21.88	3.02	0.96	21.382694	21.061613	21.207419	0.527639
16.23	21.48	21.36	21.88	3.02	0.96	21.383030	21.062474	21.208066	0.527623
16.23	21.48	21.36	21.88	3.02	0.96	21.383364	21.063334	21.208710	0.527607
16.24	21.48	21.36	21.88	3.02	0.96	21.383695	21.064192	21.209353	0.527591
16.24	21.48	21.36	21.88	3.02	0.95	21.384024	21.065048	21.209993	0.527575
16.24	21.48	21.36	21.87	3.02	0.95	21.384350	21.065903	21.210631	0.527559
16.24	21.48	21.36	21.87	3.02	0.95	21.384674	21.066757	21.211267	0.527542
16.25	21.48	21.36	21.87	3.02	0.95	21.384995	21.067609	21.211901	0.527526
16.25	21.48	21.35	21.87	3.02	0.95	21.385314	21.068459	21.212533	0.527510
16.25	21.48	21.35	21.87	3.02	0.95	21.385630	21.069308	21.213163	0.527493
16.26	21.48	21.35	21.86	3.02	0.95	21.385943	21.070155	21.213791	0.527477
16.26	21.48	21.35	21.86	3.02	0.95	21.386254	21.071001	21.214417	0.527460
16.26	21.48	21.35	21.86	3.02	0.95	21.386563	21.071845	21.215040	0.527444
16.26	21.48	21.35	21.86	3.02	0.95	21.386869	21.072687	21.215662	0.527427
16.27	21.48	21.35	21.86	3.02	0.95	21.387173	21.073528	21.216282	0.527410
16.27	21.48	21.35	21.85	3.02	0.95	21.387474	21.074367	21.216899	0.527394
16.27	21.48	21.35	21.85	3.02	0.95	21.387772	21.075205	21.217515	0.527377
16.27	21.48	21.35	21.85	3.02	0.95	21.388068	21.076041	21.218128	0.527360
16.28	21.48	21.34	21.85	3.02	0.95	21.388362	21.076876	21.218740	0.527343
16.28	21.48	21.34	21.84	3.02	0.95	21.388653	21.077709	21.219349	0.527326
16.28	21.48	21.34	21.84	3.02	0.95	21.388941	21.078541	21.219956	0.527309
16.29	21.48	21.34	21.84	3.02	0.95	21.389227	21.079371	21.220561	0.527292
16.29	21.48	21.34	21.84	3.02	0.95	21.389511	21.080199	21.221165	0.527275
16.29	21.48	21.34	21.84	3.02	0.95	21.389792	21.081026	21.221766	0.527258
16.29	21.48	21.34	21.83	3.02	0.95	21.390071	21.081851	21.222365	0.527240
16.30	21.48	21.34	21.83	3.02	0.95	21.390347	21.082675	21.222962	0.527223
16.30	21.48	21.34	21.83	3.02	0.94	21.390620	21.083497	21.223557	0.527206
16.30	21.48	21.34	21.83	3.02	0.94	21.390891	21.084318	21.224150	0.527188
16.31	21.48	21.33	21.83	3.02	0.94	21.391160	21.085137	21.224740	0.527171
16.31	21.48	21.33	21.82	3.02	0.94	21.391426	21.085954	21.225329	0.527153
16.31	21.48	21.33	21.82	3.02	0.94	21.391690	21.086770	21.225916	0.527136
16.31	21.48	21.33	21.82	3.02	0.94	21.391951	21.087584	21.226501	0.527118
16.32	21.48	21.33	21.82	3.02	0.94	21.392210	21.088397	21.227084	0.527100
16.32	21.48	21.33	21.81	3.02	0.94	21.392466	21.089208	21.227664	0.527083
16.32	21.48	21.33	21.81	3.02	0.94	21.392719	21.090018	21.228243	0.527065
16.32	21.48	21.33	21.81	3.02	0.94	21.392971	21.090826	21.228819	0.527047
16.33	21.48	21.33	21.81	3.02	0.94	21.393219	21.091633	21.229394	0.527029
16.33	21.48	21.33	21.81	3.02	0.94	21.393466	21.092438	21.229966	0.527011
16.33	21.48	21.32	21.80	3.02	0.94	21.393709	21.093241	21.230537	0.526993
16.34	21.48	21.32	21.80	3.02	0.94	21.393951	21.094043	21.231105	0.526975
16.34	21.48	21.32	21.80	3.02	0.94	21.394190	21.094843	21.231671	0.526957
16.34	21.48	21.32	21.80	3.02	0.94	21.394426	21.095642	21.232236	0.526938
16.34	21.48	21.32	21.80	3.02	0.94	21.394660	21.096439	21.232798	0.526920
16.35	21.48	21.32	21.79	3.02	0.94	21.394891	21.097235	21.233358	0.526902
16.35	21.48	21.32	21.79	3.02	0.94	21.395120	21.098029	21.233917	0.526883
16.35	21.48	21.32	21.79	3.02	0.94	21.395347	21.098821	21.234473	0.526865
16.36	21.48	21.32	21.79	3.02	0.94	21.395571	21.099612	21.235027	0.526846
16.36	21.48	21.31	21.78	3.02	0.93	21.395793	21.100402	21.235579	0.526828
16.36	21.48	21.31	21.78	3.02	0.93	21.396012	21.101190	21.236129	0.526809
16.36	21.48	21.31	21.78	3.02	0.93	21.396228	21.101976	21.236677	0.526791
16.37	21.48	21.31	21.78	3.02	0.93	21.396443	21.102761	21.237223	0.526772
16.37	21.48	21.31	21.78	3.02	0.93	21.396654	21.103544	21.237767	0.526753
16.37	21.48	21.31	21.77	3.02	0.93	21.396864	21.104325	21.238309	0.526734
16.38	21.48	21.31	21.77	3.02	0.93	21.397071	21.105105	21.238849	0.526715
16.38	21.48	21.31	21.77	3.02	0.93	21.397275	21.105884	21.239387	0.526696
16.38	21.48	21.31	21.77	3.02	0.93	21.397477	21.106661	21.239923	0.526677
16.38	21.48	21.31	21.76	3.02	0.93	21.397676	21.107436	21.240457	0.526658
16.39	21.48	21.30	21.76	3.02	0.93	21.397873	21.108210	21.240989	0.526639
16.39	21.48	21.30	21.76	3.02	0.93	21.398068	21.108982	21.241519	0.526620
16.39	21.48	21.30	21.76	3.02	0.93	21.398260	21.109753	21.242046	0.526600
16.39	21.48	21.30	21.76	3.02	0.93	21.398450	21.110522	21.242572	0.526581
16.40	21.48	21.30	21.75	3.02	0.93	21.398637	21.111290	21.243096	0.526561
16.40	21.48	21.30	21.75	3.02	0.93	21.398822	21.112056	21.243618	0.526542
16.40	21.48	21.30	21.75	3.02	0.93	21.399004	21.112820	21.244137	0.526522
16.41	21.48	21.30	21.75	3.02	0.93	21.399184	21.113583	21.244655	0.526503
16.41	21.48	21.30	21.74	3.02	0.93	21.399362	21.114345	21.245171	0.526483
16.41	21.48	21.29	21.74	3.02	0.93	21.399537	21.115105	21.245684	0.526463
16.41	21.48	21.29	21.74	3.02	0.92	21.399710	21.115863	21.246196	0.526444
16.42	21.48	21.29	21.74	3.02	0.92	21.399880	21.116620	21.246706	0.526424
16.42	21.48	21.29	21.74	3.02	0.92	21.400048	21.117375	21.247213	0.526404
16.42	21.48	21.29	21.73	3.02	0.92	21.400213	21.118129	21.247719	0.526384
16.43	21.48	21.29	21.73	3.02	0.92	21.400376	21.118881	21.248223	0.526364
16.43	21.48	21.29	21.73	3.02	0.92	21.400537	21.119631	21.248724	0.526343
16.43	21.48	21.29	21.73	3.02	0.92	21.400695	21.120380	21.249224	0.526323
16.43	21.48	21.29	21.72	3.02	0.92	21.400850	21.121128	21.249721	0.526303
16.44	21.48	21.28	21.72	3.02	0.92	21.401003	21.121873	21.250217	0.526283
16.44	21.48	21.28	21.72	3.02	0.92	21.401154	21.122618	21.250711	0.526262
16.44	21.48	21.28	21.72	3.02	0.92	21.401303	21.123361	21.251202	0.526242
16.44	21.48	21.28	21.72	3.02	0.92	21.401449	21.124102	21.251692	0.526221
16.45	21.48	21.28	21.71	3.02	0.92	21.401592	21.124841	21.252179	0.526201
16.45	21.48	21.28	21.71	3.02	0.92	21.401733	21.125580	21.252665	0.526180
16.45	21.48	21.28	21.71	3.02	0.92	21.401872	21.126316	21.253148	0.526159
16.46	21.48	21.28	21.71	3.02	0.92	21.402008	21.127051	21.253630	0.526139
16.46	21.48	21.28	21.70	3.02	0.92	21.402142	21.127785	21.254109	0.526118
16.46	21.48	21.27	21.70	3.02	0.92	21.402274	21.128517	21.254587	0.526097
16.46	21.48	21.27	21.70	3.02	0.92	21.402403	21.129247	21.255062	0.526076
16.47	21.48	21.27	21.70	3.02	0.91	21.402529	21.129976	21.255536	0.526055
16.47	21.48	21.27	21.69	3.02	0.91	21.402654	21.130703	21.256008	0.526034
16.47	21.48	21.27	21.69	3.02	0.91	21.402776	21.131429	21.256477	0.526012
16.48	21.48	21.27	21.69	3.02	0.91	21.402895	21.132153	21.256945	0.525991
16.48	21.48	21.27	21.69	3.02	0.91	21.403012	21.132876	21.257410	0.525970
16.48	21.48	21.27	21.69	3.02	0.91	21.403127	21.133597	21.257874	0.525948
16.48	21.48	21.27	21.68	3.02	0.91	21.403239	21.134317	21.258335	0.525927
16.49	21.48	21.26	21.68	3.02	0.91	21.403349	21.135035	21.258795	0.525905
16.49	21.48	21.26	21.68	3.02	0.91	21.403456	21.135751	21.259252	0.525884
16.49	21.48	21.26	21.68	3.02	0.91	21.403561	21.136466	21.259708	0.525862
16.49	21.48	21.26	21.67	3.02	0.91	21.403664	21.137180	21.260162	0.525840
16.50	21.48	21.26	21.67	3.02	0.91	21.403764	21.137891	21.260613	0.525818
16.50	21.48	21.26	21.67	3.02	0.91	21.403862	21.138602	21.261063	0.525797
16.50	21.48	21.26	21.67	3.02	0.91	21.403957	21.139310	21.261510	0.525775
16.51	21.48	21.26	21.67	3.02	0.91	21.404050	21.140018	21.261956	0.525753
16.51	21.48	21.25	21.66	3.02	0.91	21.404141	21.140723	21.262400	0.525730
16.51	21.48	21.25	21.66	3.02	0.91	21.404229	21.141428	21.262841	0.525708
16.51	21.48	21.25	21.66	3.02	0.91	21.404315	21.142130	21.263281	0.525686
16.52	21.48	21.25	21.66	3.02	0.90	21.404399	21.142831	21.263719	0.525664
16.52	21.48	21.25	21.65	3.02	0.90	21.404480	21.143531	21.264154	0.525641
16.52	21.48	21.25	21.65	3.02	0.90	21.404559	21.144229	21.264588	0.525619
16.52	21.48	21.25	21.65	3.02	0.90	21.404635	21.144925	21.265020	0.525596
16.53	21.48	21.25	21.65	3.02	0.90	21.404709	21.145620	21.265450	0.525574
16.53	21.48	21.25	21.64	3.02	0.90	21.404781	21.146313	21.265877	0.525551
16.53	21.48	21.24	21.64	3.02	0.90	21.404850	21.147005	21.266303	0.525528
16.54	21.48	21.24	21.64	3.02	0.90	21.404917	21.147696	21.266727	0.525505
16.54	21.48	21.24	21.64	3.02	0.90	21.404981	21.148384	21.267149	0.525482
16.54	21.48	21.24	21.63	3.02	0.90	21.405043	21.149072	21.267569	0.525459
16.54	21.48	21.24	21.63	3.02	0.90	21.405103	21.149757	21.267987	0.525436
16.55	21.48	21.24	21.63	3.02	0.90	21.405160	21.150441	21.268403	0.525413
16.55	21.48	21.24	21.63	3.02	0.90	21.405215	21.151124	21.268817	0.525390
16.55	21.48	21.24	21.63	3.02	0.90	21.405268	21.151805	21.269229	0.525367
16.56	21.48	21.23	21.62	3.02	0.90	21.405318	21.152485	21.269639	0.525343
16.56	21.48	21.23	21.62	3.02	0.90	21.405366	21.153163	21.270047	0.525320
16.56	21.48	21.23	21.62	3.02	0.90	21.405412	21.153839	21.270453	0.525296
16.56	21.48	21.23	21.62	3.02	0.89	21.405455	21.154514	21.270857	0.525273
16.57	21.48	21.23	21.61	3.02	0.89	21.405496	21.155187	21.271259	0.525249
16.57	21.48	21.23	21.61	3.02	0.89	21.405534	21.155859	21.271659	0.525225
16.57	21.48	21.23	21.61	3.02	0.89	21.405570	21.156530	21.272057	0.525201
16.57	21.48	21.23	21.61	3.02	0.89	21.405604	21.157198	21.272453	0.525178
16.58	21.48	21.23	21.60	3.02	0.89	21.405635	21.157866	21.272848	0.525154
16.58	21.48	21.22	21.60	3.02	0.89	21.405664	21.158531	21.273240	0.525129
16.58	21.48	21.22	21.60	3.02	0.89	21.405691	21.159195	21.273630	0.525105
16.59	21.48	21.22	21.60	3.02	0.89	21.405715	21.159858	21.274019	0.525081
16.59	21.48	21.22	21.59	3.02	0.89	21.405737	21.160519	21.274405	0.525057
16.59	21.48	21.22	21.59	3.02	0.89	21.405756	21.161179	21.274789	0.525032
16.59	21.48	21.22	21.59	3.02	0.89	21.405774	21.161837	21.275172	0.525008
16.60	21.48	21.22	21.59	3.02	0.89	21.405788	21.162493	21.275552	0.524983
16.60	21.48	21.22	21.59	3.02	0.89	21.405801	21.163148	21.275931	0.524959
16.60	21.48	21.21	21.58	3.02	0.89	21.405811	21.163802	21.276307	0.524934
16.61	21.48	21.21	21.58	3.02	0.88	21.405819	21.164454	21.276682	0.524909
16.61	21.48	21.21	21.58	3.02	0.88	21.405824	21.165104	21.277055	0.524884
16.61	21.48	21.21	21.58	3.02	0.88	21.405828	21.165753	21.277425	0.524859
16.61	21.48	21.21	21.57	3.02	0.88	21.405828	21.166401	21.277794	0.524834
16.62	21.48	21.21	21.57	3.02	0.88	21.405827	21.167046	21.278161	0.524809
16.62	21.48	21.21	21.57	3.02	0.88	21.405823	21.167691	21.278526	0.524784
16.62	21.48	21.21	21.57	3.02	0.88	21.405817	21.168333	21.278889	0.524758
16.62	21.48	21.20	21.56	3.02	0.88	21.405808	21.168975	21.279250	0.524733
16.63	21.48	21.20	21.56	3.02	0.88	21.405797	21.169614	21.279609	0.524708
16.63	21.48	21.20	21.56	3.02	0.88	21.405784	21.170253	21.279966	0.524682
16.63	21.48	21.20	21.56	3.02	0.88	21.405768	21.170889	21.280321	0.524656
16.64	21.48	21.20	21.55	3.02	0.88	21.405750	21.171524	21.280674	0.524631
16.64	21.48	21.20	21.55	3.02	0.88	21.405730	21.172158	21.281025	0.524605
16.64	21.48	21.20	21.55	3.02	0.88	21.405707	21.172790	21.281374	0.524579
16.64	21.48	21.20	21.55	3.02	0.88	21.405683	21.173421	21.281722	0.524553
16.65	21.48	21.19	21.54	3.02	0.88	21.405655	21.174050	21.282067	0.524527
16.65	21.48	21.19	21.54	3.02	0.87	21.405626	21.174677	21.282410	0.524500
16.65	21.48	21.19	21.54	3.02	0.87	21.405594	21.175303	21.282752	0.524474
16.66	21.48	21.19	21.54	3.02	0.87	21.405560	21.175928	21.283091	0.524448
16.66	21.48	21.19	21.53	3.02	0.87	21.405523	21.176551	21.283429	0.524421
16.66	21.48	21.19	21.53	3.02	0.87	21.405484	21.177172	21.283765	0.524395
16.66	21.48	21.19	21.53	3.02	0.87	21.405443	21.177792	21.284098	0.524368
16.67	21.48	21.19	21.53	3.02	0.87	21.405399	21.178410	21.284430	0.524341
16.67	21.48	21.18	21.52	3.02	0.87	21.405354	21.179027	21.284760	0.524315
16.67	21.48	21.18	21.52	3.02	0.87	21.405305	21.179643	21.285088	0.524288
16.68	21.48	21.18	21.52	3.02	0.87	21.405255	21.180256	21.285414	0.524261
16.68	21.48	21.18	21.52	3.02	0.87	21.405202	21.180869	21.285738	0.524233
16.68	21.48	21.18	21.51	3.02	0.87	21.405147	21.181479	21.286060	0.524206
16.68	21.48	21.18	21.51	3.02	0.87	21.405090	21.182089	21.286380	0.524179
16.69	21.48	21.18	21.51	3.02	0.87	21.405030	21.182697	21.286698	0.524152
16.69	21.48	21.17	21.51	3.02	0.86	21.404968	21.183303	21.287014	0.524124
16.69	21.48	21.17	21.51	3.02	0.86	21.404904	21.183907	21.287329	0.524096
16.69	21.48	21.17	21.50	3.02	0.86	21.404837	21.184511	21.287641	0.524069
16.70	21.48	21.17	21.50	3.02	0.86	21.404768	21.185112	21.287951	0.524041
16.70	21.48	21.17	21.50	3.02	0.86	21.404697	21.185712	21.288260	0.524013
16.70	21.48	21.17	21.50	3.02	0.86	21.404623	21.186311	21.288567	0.523985
16.71	21.48	21.17	21.49	3.02	0.86	21.404547	21.186908	21.288871	0.523957
16.71	21.48	21.17	21.49	3.02	0.86	21.404469	21.187504	21.289174	0.523929
16.71	21.48	21.16	21.49	3.02	0.86	21.404388	21.188098	21.289475	0.523901
16.71	21.48	21.16	21.49	3.02	0.86	21.404306	21.188691	21.289774	0.523872
16.72	21.48	21.16	21.48	3.02	0.86	21.404221	21.189282	21.290071	0.523844
16.72	21.48	21.16	21.48	3.02	0.86	21.404133	21.189871	21.290366	0.523815
16.72	21.48	21.16	21.48	3.02	0.86	21.404043	21.190459	21.290659	0.523786
16.73	21.48	21.16	21.48	3.02	0.86	21.403952	21.191046	21.290950	0.523758
16.73	21.48	21.16	21.47	3.02	0.85	21.403857	21.191631	21.291239	0.523729
16.73	21.48	21.16	21.47	3.02	0.85	21.403761	21.192214	21.291527	0.523700
16.73	21.48	21.15	21.47	3.02	0.85	21.403662	21.192796	21.291812	0.523671
16.74	21.48	21.15	21.47	3.02	0.85	21.403561	21.193377	21.292095	0.523641
16.74	21.48	21.15	21.46	3.02	0.85	21.403457	21.193956	21.292377	0.523612
16.74	21.48	21.15	21.46	3.02	0.85	21.403351	21.194533	21.292657	0.523583
16.74	21.48	21.15	21.46	3.02	0.85	21.403243	21.195109	21.292934	0.523553
16.75	21.48	21.15	21.46	3.02	0.85	21.403133	21.195684	21.293210	0.523523
16.75	21.48	21.15	21.45	3.02	0.85	21.403020	21.196257	21.293484	0.523494
16.75	21.48	21.14	21.45	3.02	0.85	21.402906	21.196828	21.293756	0.523464
16.76	21.48	21.14	21.45	3.02	0.85	21.402788	21.197398	21.294026	0.523434
16.76	21.48	21.14	21.45	3.02	0.85	21.402669	21.197966	21.294294	0.523404
16.76	21.48	21.14	21.44	3.02	0.85	21.402547	21.198533	21.294561	0.523374
16.76	21.48	21.14	21.44	3.02	0.84	21.402423	21.199099	21.294825	0.523343
16.77	21.48	21.14	21.44	3.02	0.84	21.402297	21.199663	21.295087	0.523313
16.77	21.48	21.14	21.44	3.02	0.84	21.402168	21.200225	21.295348	0.523282
16.77	21.48	21.14	21.43	3.02	0.84	21.402037	21.200786	21.295606	0.523252
16.77	21.48	21.13	21.43	3.02	0.84	21.401904	21.201345	21.295863	0.523221
16.78	21.48	21.13	21.43	3.02	0.84	21.401769	21.201903	21.296118	0.523190
16.78	21.48	21.13	21.43	3.02	0.84	21.401631	21.202460	21.296371	0.523159
16.78	21.48	21.13	21.42	3.02	0.84	21.401491	21.203014	21.296622	0.523128
16.79	21.48	21.13	21.42	3.02	0.84	21.401349	21.203568	21.296871	0.523097
16.79	21.48	21.13	21.42	3.02	0.84	21.401204	21.204120	21.297118	0.523066
16.79	21.48	21.13	21.42	3.02	0.84	21.401058	21.204670	21.297363	0.523034
16.79	21.48	21.12	21.41	3.02	0.84	21.400909	21.205219	21.297607	0.523002
16.80	21.48	21.12	21.41	3.02	0.84	21.400757	21.205766	21.297848	0.522971
16.80	21.48	21.12	21.41	3.02	0.83	21.400604	21.206312	21.298088	0.522939
16.80	21.48	21.12	21.40	3.02	0.83	21.400448	21.206857	21.298325	0.522907
16.81	21.48	21.12	21.40	3.02	0.83	21.400290	21.207399	21.298561	0.522875
16.81	21.48	21.12	21.40	3.02	0.83	21.400129	21.207941	21.298795	0.522843
16.81	21.48	21.12	21.40	3.02	0.83	21.399967	21.208481	21.299027	0.522810
16.81	21.48	21.11	21.39	3.02	0.83	21.399802	21.209019	21.299257	0.522778
16.82	21.48	21.11	21.39	3.02	0.83	21.399635	21.209556	21.299485	0.522746
16.82	21.48	21.11	21.39	3.02	0.83	21.399465	21.210091	21.299711	0.522713
16.82	21.48	21.11	21.39	3.02	0.83	21.399294	21.210625	21.299936	0.522680
16.82	21.48	21.11	21.38	3.02	0.83	21.399120	21.211157	21.300158	0.522647
16.83	21.48	21.11	21.38	3.02	0.83	21.398943	21.211688	21.300379	0.522614
16.83	21.48	21.11	21.38	3.02	0.83	21.398765	21.212218	21.300597	0.522581
16.83	21.48	21.10	21.38	3.02	0.82	21.398584	21.212746	21.300814	0.522547
16.84	21.48	21.10	21.37	3.02	0.82	21.398401	21.213272	21.301029	0.522514
16.84	21.48	21.10	21.37	3.02	0.82	21.398216	21.213797	21.301242	0.522480
16.84	21.48	21.10	21.37	3.02	0.82	21.398029	21.214320	21.301453	0.522447
16.84	21.48	21.10	21.37	3.02	0.82	21.397839	21.214842	21.301662	0.522413
16.85	21.48	21.10	21.36	3.02	0.82	21.397647	21.215363	21.301870	0.522379
16.85	21.48	21.10	21.36	3.02	0.82	21.397453	21.215882	21.302075	0.522345
16.85	21.48	21.09	21.36	3.02	0.82	21.397256	21.216399	21.302278	0.522310
16.86	21.48	21.09	21.36	3.02	0.82	21.397058	21.216915	21.302480	0.522276
16.86	21.48	21.09	21.35	3.02	0.82	21.396857	21.217429	21.302680	0.522242
16.86	21.48	21.09	21.35	3.02	0.82	21.396653	21.217942	21.302878	0.522207
16.86	21.48	21.09	21.35	3.02	0.81	21.396448	21.218454	21.303074	0.522172
16.87	21.48	21.09	21.35	3.02	0.81	21.396240	21.218964	21.303268	0.522137
16.87	21.48	21.09	21.34	3.02	0.81	21.396030	21.219472	21.303460	0.522102
16.87	21.48	21.08	21.34	3.02	0.81	21.395818	21.219979	21.303651	0.522067
16.88	21.48	21.08	21.34	3.02	0.81	21.395604	21.220485	21.303839	0.522031
16.88	21.48	21.08	21.34	3.02	0.81	21.395387	21.220989	21.304026	0.521996
16.88	21.48	21.08	21.33	3.02	0.81	21.395168	21.221491	21.304210	0.521960
16.88	21.48	21.08	21.33	3.02	0.81	21.394947	21.221992	21.304393	0.521924
16.89	21.48	21.08	21.33	3.02	0.81	21.394724	21.222492	21.304574	0.521888
16.89	21.48	21.08	21.32	3.02	0.81	21.394499	21.222990	21.304753	0.521852
16.89	21.48	21.07	21.32	3.02	0.81	21.394271	21.223487	21.304931	0.521816
16.89	21.48	21.07	21.32	3.02	0.80	21.394041	21.223982	21.305106	0.521779
16.90	21.48	21.07	21.32	3.02	0.80	21.393808	21.224475	21.305279	0.521743
16.90	21.48	21.07	21.31	3.02	0.80	21.393574	21.224968	21.305451	0.521706
16.90	21.48	21.07	21.31	3.02	0.80	21.393337	21.225458	21.305621	0.521669
16.91	21.48	21.07	21.31	3.02	0.80	21.393098	21.225947	21.305788	0.521632
16.91	21.48	21.07	21.31	3.02	0.80	21.392857	21.226435	21.305954	0.521595
16.91	21.48	21.06	21.30	3.02	0.80	21.392614	21.226921	21.306119	0.521557
16.91	21.48	21.06	21.30	3.02	0.80	21.392368	21.227406	21.306281	0.521520
16.92	21.48	21.06	21.30	3.02	0.80	21.392120	21.227889	21.306441	0.521482
16.92	21.48	21.06	21.30	3.02	0.80	21.391870	21.228371	21.306600	0.521444
16.92	21.48	21.06	21.29	3.02	0.80	21.391618	21.228851	21.306756	0.521406
16.93	21.48	21.06	21.29	3.02	0.79	21.391364	21.229330	21.306911	0.521368
16.93	21.48	21.06	21.29	3.02	0.79	21.391107	21.229807	21.307064	0.521330
16.93	21.48	21.05	21.29	3.02	0.79	21.390848	21.230283	21.307215	0.521291
16.93	21.48	21.05	21.28	3.02	0.79	21.390587	21.230758	21.307364	0.521252
16.94	21.48	21.05	21.28	3.02	0.79	21.390323	21.231231	21.307511	0.521214
16.94	21.48	21.05	21.28	3.02	0.79	21.390058	21.231702	21.307657	0.521175
16.94	21.48	21.05	21.27	3.02	0.79	21.389790	21.232172	21.307800	0.521135
16.94	21.48	21.05	21.27	3.02	0.79	21.389520	21.232640	21.307942	0.521096
16.95	21.48	21.05	21.27	3.02	0.79	21.389248	21.233107	21.308082	0.521056
16.95	21.48	21.04	21.27	3.02	0.79	21.388973	21.233573	21.308220	0.521017
16.95	21.48	21.04	21.26	3.02	0.78	21.388697	21.234037	21.308356	0.520977
16.96	21.48	21.04	21.26	3.02	0.78	21.388418	21.234500	21.308490	0.520936
16.96	21.48	21.04	21.26	3.02	0.78	21.388137	21.234961	21.308623	0.520896
16.96	21.48	21.04	21.26	3.02	0.78	21.387854	21.235420	21.308753	0.520856
16.96	21.48	21.04	21.25	3.02	0.78	21.387568	21.235878	21.308882	0.520815
16.97	21.48	21.04	21.25	3.02	0.78	21.387281	21.236335	21.309009	0.520774
16.97	21.48	21.03	21.25	3.02	0.78	21.386991	21.236790	21.309134	0.520733
16.97	21.48	21.03	21.25	3.02	0.78	21.386699	21.237244	21.309257	0.520692
16.98	21.48	21.03	21.24	3.02	0.78	21.386404	21.237696	21.309379	0.520650
16.98	21.48	21.03	21.24	3.02	0.77	21.386108	21.238147	21.309498	0.520609
16.98	21.48	21.03	21.24	3.02	0.77	21.385809	21.238596	21.309616	0.520567
16.98	21.48	21.03	21.23	3.02	0.77	21.385508	21.239044	21.309731	0.520525
16.99	21.48	21.02	21.23	3.02	0.77	21.385205	21.239491	21.309845	0.520483
16.99	21.48	21.02	21.23	3.02	0.77	21.384900	21.239936	21.309957	0.520440
16.99	21.48	21.02	21.23	3.02	0.77	21.384593	21.240379	21.310067	0.520398
16.99	21.48	21.02	21.22	3.02	0.77	21.384283	21.240821	21.310176	0.520355
17.00	21.48	21.02	21.22	3.02	0.77	21.383971	21.241261	21.310282	0.520312
17.00	21.48	21.02	21.22	3.02	0.77	21.383657	21.241701	21.310387	0.520268
17.00	21.48	21.02	21.22	3.02	0.76	21.383341	21.242138	21.310490	0.520225
17.01	21.48	21.01	21.21	3.02	0.76	21.383023	21.242574	21.310591	0.520181
17.01	21.48	21.01	21.21	3.02	0.76	21.382702	21.243009	21.310690	0.520137
17.01	21.48	21.01	21.21	3.02	0.76	21.382379	21.243442	21.310787	0.520093
17.01	21.48	21.01	21.21	3.02	0.76	21.382054	21.243874	21.310883	0.520049
17.02	21.48	21.01	21.20	3.02	0.76	21.381727	21.244304	21.310976	0.520004
17.02	21.48	21.01	21.20	3.02	0.76	21.381398	21.244733	21.311068	0.519959
17.02	21.48	21.00	21.20	3.02	0.76	21.381066	21.245160	21.311158	0.519914
17.02	21.48	21.00	21.19	3.02	0.76	21.380732	21.245586	21.311246	0.519869
17.03	21.48	21.00	21.19	3.02	0.75	21.380397	21.246011	21.311332	0.519824
17.03	21.48	21.00	21.19	3.02	0.75	21.380059	21.246433	21.311417	0.519778
17.03	21.48	21.00	21.19	3.02	0.75	21.379718	21.246855	21.311499	0.519732
17.04	21.48	21.00	21.18	3.02	0.75	21.379376	21.247275	21.311580	0.519686
17.04	21.48	21.00	21.18	3.02	0.75	21.379031	21.247694	21.311659	0.519639
17.04	21.48	20.99	21.18	3.02	0.75	21.378684	21.248111	21.311736	0.519593
17.04	21.48	20.99	21.18	3.02	0.75	21.378335	21.248526	21.311811	0.519546
17.05	21.48	20.99	21.17	3.02	0.75	21.377984	21.248941	21.311885	0.519499
17.05	21.48	20.99	21.17	3.02	0.75	21.377631	21.249353	21.311956	0.519451
17.05	21.48	20.99	21.17	3.02	0.74	21.377276	21.249765	21.312026	0.519404
17.06	21.48	20.99	21.16	3.02	0.74	21.376918	21.250175	21.312094	0.519356
17.06	21.48	20.98	21.16	3.02	0.74	21.376558	21.250583	21.312160	0.519308
17.06	21.48	20.98	21.16	3.02	0.74	21.376196	21.250990	21.312224	0.519259
17.06	21.48	20.98	21.16	3.02	0.74	21.375832	21.251395	21.312287	0.519210
17.07	21.48	20.98	21.15	3.02	0.74	21.375465	21.251799	21.312348	0.519161
17.07	21.48	20.98	21.15	3.02	0.74	21.375097	21.252202	21.312406	0.519112
17.07	21.48	20.98	21.15	3.02	0.74	21.374726	21.252603	21.312463	0.519063
17.07	21.48	20.98	21.14	3.02	0.73	21.374353	21.253003	21.312518	0.519013
17.08	21.48	20.97	21.14	3.02	0.73	21.373978	21.253401	21.312572	0.518963
17.08	21.48	20.97	21.14	3.02	0.73	21.373601	21.253798	21.312623	0.518912
17.08	21.48	20.97	21.14	3.02	0.73	21.373222	21.254193	21.312673	0.518862
17.09	21.48	20.97	21.13	3.02	0.73	21.372840	21.254587	21.312721	0.518811
17.09	21.48	20.97	21.13	3.02	0.73	21.372457	21.254979	21.312767	0.518760
17.09	21.48	20.97	21.13	3.02	0.73	21.372071	21.255370	21.312811	0.518708
17.09	21.48	20.96	21.13	3.02	0.72	21.371683	21.255760	21.312853	0.518656
17.10	21.48	20.96	21.12	3.02	0.72	21.371293	21.256148	21.312894	0.518604
17.10	21.48	20.96	21.12	3.02	0.72	21.370901	21.256535	21.312933	0.518552
17.10	21.48	20.96	21.12	3.02	0.72	21.370506	21.256920	21.312970	0.518499
17.11	21.48	20.96	21.11	3.02	0.72	21.370109	21.257303	21.313005	0.518446
17.11	21.48	20.96	21.11	3.02	0.72	21.369711	21.257686	21.313038	0.518392
17.11	21.48	20.95	21.11	3.02	0.72	21.369310	21.258067	21.313070	0.518339
17.11	21.48	20.95	21.11	3.02	0.72	21.368907	21.258446	21.313099	0.518285
17.12	21.48	20.95	21.10	3.02	0.71	21.368501	21.258824	21.313127	0.518230
17.12	21.48	20.95	21.10	3.02	0.71	21.368094	21.259201	21.313153	0.518176
17.12	21.48	20.95	21.10	3.02	0.71	21.367685	21.259576	21.313178	0.518121
17.12	21.48	20.95	21.09	3.02	0.71	21.367273	21.259949	21.313200	0.518065
17.13	21.48	20.95	21.09	3.02	0.71	21.366859	21.260321	21.313221	0.518009
17.13	21.48	20.94	21.09	3.02	0.71	21.366443	21.260692	21.313240	0.517953
17.13	21.48	20.94	21.09	3.02	0.71	21.366025	21.261062	21.313257	0.517897
17.14	21.48	20.94	21.08	3.02	0.70	21.365605	21.261429	21.313272	0.517840
17.14	21.48	20.94	21.08	3.02	0.70	21.365182	21.261796	21.313285	0.517783
17.14	21.48	20.94	21.08	3.02	0.70	21.364758	21.262161	21.313297	0.517725
17.14	21.48	20.94	21.08	3.02	0.70	21.364331	21.262524	21.313307	0.517667
17.15	21.48	20.93	21.07	3.02	0.70	21.363902	21.262887	21.313315	0.517609
17.15	21.48	20.93	21.07	3.02	0.70	21.363471	21.263247	21.313321	0.517550
17.15	21.48	20.93	21.07	3.02	0.70	21.363038	21.263607	21.313325	0.517491
17.16	21.48	20.93	21.06	3.02	0.69	21.362603	21.263964	21.313328	0.517432
17.16	21.48	20.93	21.06	3.02	0.69	21.362165	21.264321	21.313329	0.517372
17.16	21.48	20.93	21.06	3.02	0.69	21.361726	21.264676	21.313328	0.517312
17.16	21.48	20.92	21.06	3.02	0.69	21.361284	21.265029	21.313325	0.517251
17.17	21.48	20.92	21.05	3.02	0.69	21.360840	21.265381	21.313320	0.517190
17.17	21.48	20.92	21.05	3.02	0.69	21.360395	21.265732	21.313314	0.517128
17.17	21.48	20.92	21.05	3.02	0.68	21.359946	21.266081	21.313306	0.517066
17.18	21.48	20.92	21.04	3.02	0.68	21.359496	21.266429	21.313296	0.517004
17.18	21.48	20.92	21.04	3.02	0.68	21.359044	21.266775	21.313284	0.516941
17.18	21.48	20.91	21.04	3.02	0.68	21.358589	21.267120	21.313271	0.516878
17.18	21.48	20.91	21.04	3.02	0.68	21.358133	21.267464	21.313255	0.516814
17.19	21.48	20.91	21.03	3.02	0.68	21.357674	21.267806	21.313238	0.516750
17.19	21.48	20.91	21.03	3.02	0.67	21.357213	21.268147	21.313219	0.516685
17.19	21.48	20.91	21.03	3.02	0.67	21.356750	21.268486	21.313198	0.516620
17.19	21.48	20.91	21.02	3.02	0.67	21.356285	21.268824	21.313176	0.516554
17.20	21.48	20.90	21.02	3.02	0.67	21.355818	21.269160	21.313152	0.516488
17.20	21.48	20.90	21.02	3.02	0.67	21.355348	21.269495	21.313126	0.516421
17.20	21.48	20.90	21.02	3.02	0.67	21.354877	21.269829	21.313098	0.516354
17.21	21.48	20.90	21.01	3.02	0.66	21.354403	21.270161	21.313068	0.516286
17.21	21.48	20.90	21.01	3.02	0.66	21.353928	21.270491	21.313037	0.516218
17.21	21.48	20.90	21.01	3.02	0.66	21.353450	21.270821	21.313003	0.516149
17.21	21.48	20.89	21.00	3.02	0.66	21.352970	21.271148	21.312968	0.516079
17.22	21.48	20.89	21.00	3.02	0.66	21.352488	21.271475	21.312932	0.516009
17.22	21.48	20.89	21.00	3.02	0.66	21.352003	21.271800	21.312893	0.515939
17.22	21.48	20.89	21.00	3.02	0.65	21.351517	21.272123	21.312853	0.515868
17.23	21.48	20.89	20.99	3.02	0.65	21.351029	21.272446	21.312810	0.515796
17.23	21.48	20.89	20.99	3.02	0.65	21.350538	21.272766	21.312767	0.515724
17.23	21.48	20.88	20.99	3.02	0.65	21.350045	21.273086	21.312721	0.515651
17.23	21.48	20.88	20.98	3.02	0.65	21.349551	21.273404	21.312673	0.515577
17.24	21.48	20.88	20.98	3.02	0.64	21.349054	21.273720	21.312624	0.515503
17.24	21.48	20.88	20.98	3.02	0.64	21.348555	21.274035	21.312573	0.515428
17.24	21.48	20.88	20.98	3.02	0.64	21.348053	21.274349	21.312520	0.515352
17.24	21.48	20.88	20.97	3.02	0.64	21.347550	21.274661	21.312466	0.515276
17.25	21.48	20.87	20.97	3.02	0.64	21.347045	21.274972	21.312409	0.515199
17.25	21.48	20.87	20.97	3.02	0.64	21.346537	21.275281	21.312351	0.515122
17.25	21.48	20.87	20.96	3.02	0.63	21.346028	21.275589	21.312291	0.515043
17.26	21.48	20.87	20.96	3.02	0.63	21.345516	21.275896	21.312230	0.514964
17.26	21.48	20.87	20.96	3.02	0.63	21.345002	21.276201	21.312166	0.514885
17.26	21.48	20.87	20.96	3.02	0.63	21.344486	21.276505	21.312101	0.514804
17.26	21.48	20.86	20.95	3.02	0.62	21.343968	21.276807	21.312034	0.514723
17.27	21.48	20.86	20.95	3.02	0.62	21.343448	21.277108	21.311965	0.514641
17.27	21.48	20.86	20.95	3.02	0.62	21.342926	21.277408	21.311895	0.514558
17.27	21.48	20.86	20.94	3.02	0.62	21.342401	21.277706	21.311823	0.514474
17.27	21.48	20.86	20.94	3.02	0.62	21.341875	21.278002	21.311749	0.514389
17.28	21.48	20.86	20.94	3.02	0.61	21.341346	21.278298	21.311673	0.514304
17.28	21.48	20.85	20.94	3.02	0.61	21.340816	21.278592	21.311595	0.514217
17.28	21.48	20.85	20.93	3.02	0.61	21.340283	21.278884	21.311516	0.514130
17.29	21.48	20.85	20.93	3.02	0.61	21.339748	21.279175	21.311435	0.514042
17.29	21.48	20.85	20.93	3.02	0.61	21.339211	21.279465	21.311352	0.513953
17.29	21.48	20.85	20.92	3.02	0.60	21.338672	21.279753	21.311268	0.513862
17.29	21.48	20.85	20.92	3.02	0.60	21.338131	21.280040	21.311181	0.513771
17.30	21.48	20.84	20.92	3.02	0.60	21.337588	21.280325	21.311093	0.513679
17.30	21.48	20.84	20.92	3.02	0.60	21.337042	21.280610	21.311003	0.513586
17.30	21.48	20.84	20.91	3.02	0.59	21.336495	21.280892	21.310912	0.513491
17.31	21.48	20.84	20.91	3.02	0.59	21.335945	21.281173	21.310818	0.513396
17.31	21.48	20.84	20.91	3.02	0.59	21.335394	21.281453	21.310723	0.513299
17.31	21.48	20.83	20.90	3.02	0.59	21.334840	21.281732	21.310626	0.513201
17.31	21.48	20.83	20.90	3.02	0.58	21.334284	21.282009	21.310528	0.513102
17.32	21.48	20.83	20.90	3.02	0.58	21.333726	21.282285	21.310427	0.513002
17.32	21.48	20.83	20.89	3.02	0.58	21.333166	21.282559	21.310325	0.512901
17.32	21.48	20.83	20.89	3.02	0.58	21.332604	21.282832	21.310221	0.512798
17.32	21.48	20.83	20.89	3.02	0.57	21.332040	21.283103	21.310116	0.512694
17.33	21.48	20.82	20.89	3.02	0.57	21.331474	21.283373	21.310008	0.512588
17.33	21.48	20.82	20.88	3.02	0.57	21.330905	21.283642	21.309899	0.512481
17.33	21.48	20.82	20.88	3.02	0.57	21.330335	21.283909	21.309788	0.512373
17.34	21.48	20.82	20.88	3.02	0.56	21.329762	21.284175	21.309676	0.512263
17.34	21.48	20.82	20.87	3.02	0.56	21.329187	21.284440	21.309561	0.512151
17.34	21.48	20.82	20.87	3.02	0.56	21.328611	21.284703	21.309445	0.512038
17.34	21.48	20.81	20.87	3.02	0.55	21.328032	21.284965	21.309327	0.511923
17.35	21.48	20.81	20.87	3.02	0.55	21.327451	21.285225	21.309208	0.511806
17.35	21.48	20.81	20.86	3.02	0.55	21.326868	21.285484	21.309086	0.511688
17.35	21.48	20.81	20.86	3.02	0.54	21.326283	21.285742	21.308963	0.511568
17.36	21.48	20.81	20.86	3.02	0.54	21.325696	21.285998	21.308838	0.511446
17.36	21.48	20.81	20.85	3.02	0.54	21.325106	21.286253	21.308712	0.511321
17.36	21.48	20.80	20.85	3.02	0.54	21.324515	21.286506	21.308584	0.511195
17.36	21.48	20.80	20.85	3.02	0.53	21.323921	21.286758	21.308454	0.511066
17.37	21.48	20.80	20.84	3.02	0.53	21.323326	21.287009	21.308322	0.510936
17.37	21.48	20.80	20.84	3.02	0.53	21.322728	21.287258	21.308189	0.510803
17.37	21.48	20.80	20.84	3.02	0.52	21.322129	21.287506	21.308053	0.510667
17.38	21.48	20.79	20.84	3.02	0.52	21.321527	21.287752	21.307916	0.510529
17.38	21.48	20.79	20.83	3.02	0.51	21.320923	21.287998	21.307778	0.510388
17.38	21.48	20.79	20.83	3.02	0.51	21.320317	21.288241	21.307637	0.510245
17.38	21.48	20.79	20.83	3.02	0.51	21.319709	21.288484	21.307495	0.510098
17.39	21.48	20.79	20.82	3.02	0.50	21.319099	21.288725	21.307351	0.509949
17.39	21.48	20.79	20.82	3.02	0.50	21.318487	21.288964	21.307206	0.509796
17.39	21.48	20.78	20.82	3.02	0.50	21.317872	21.289203	21.307059	0.509640
17.39	21.48	20.78	20.81	3.02	0.49	21.317256	21.289439	21.306910	0.509480
17.40	21.48	20.78	20.81	3.02	0.49	21.316638	21.289675	21.306759	0.509317
17.40	21.48	20.78	20.81	3.02	0.48	21.316017	21.289909	21.306607	0.509150
17.40	21.48	20.78	20.81	3.02	0.48	21.315394	21.290142	21.306452	0.508978
17.41	21.48	20.77	20.80	3.02	0.48	21.314770	21.290373	21.306297	0.508877
17.41	21.48	20.77	20.80	3.02	0.48	21.314143	21.290603	21.306139	0.508877
17.41	21.48	20.77	20.80	3.02	0.48	21.313514	21.290832	21.305980	0.508876
17.41	21.48	20.77	20.79	3.02	0.48	21.312883	21.291060	21.305819	0.508876
17.42	21.48	20.77	20.79	3.02	0.48	21.312250	21.291286	21.305656	0.508876
17.42	21.48	20.77	20.79	3.02	0.48	21.311615	21.291511	21.305491	0.508876
17.42	21.48	20.76	20.78	3.02	0.48	21.310978	21.291734	21.305325	0.508875
17.43	21.48	20.76	20.78	3.02	0.48	21.310339	21.291957	21.305157	0.508875
17.43	21.48	20.76	20.78	3.02	0.48	21.309698	21.292177	21.304987	0.508875
17.43	21.48	20.76	20.78	3.02	0.48	21.309054	21.292397	21.304815	0.508875
17.43	21.48	20.76	20.77	3.02	0.48	21.308409	21.292615	21.304642	0.508874
17.44	21.48	20.75	20.77	3.02	0.48	21.307761	21.292832	21.304467	0.508874
17.44	21.48	20.75	20.77	3.02	0.48	21.307112	21.293048	21.304290	0.508874
17.44	21.48	20.75	20.76	3.02	0.48	21.306460	21.293262	21.304112	0.508874
17.44	21.48	20.75	20.76	3.02	0.48	21.305806	21.293475	21.303932	0.508873
17.45	21.48	20.75	20.76	3.02	0.48	21.305151	21.293686	21.303750	0.508873
17.45	21.48	20.75	20.75	3.02	0.48	21.304493	21.293896	21.303566	0.508873
17.45	21.48	20.74	20.75	3.02	0.48	21.303833	21.294105	21.303381	0.508872
17.46	21.48	20.74	20.75	3.02	0.48	21.303171	21.294313	21.303194	0.508872
17.46	21.48	20.74	20.75	3.02	0.48	21.302507	21.294519	21.303005	0.508872
17.46	21.48	20.74	20.74	3.02	0.48	21.301841	21.294723	21.302814	0.508872
17.46	21.48	20.74	20.74	3.02	0.48	21.301173	21.294927	21.302622	0.508871
17.47	21.48	20.73	20.74	3.02	0.48	21.300503	21.295129	21.302428	0.508871
17.47	21.48	20.73	20.73	3.02	0.48	21.299831	21.295330	21.302232	0.508871
17.47	21.48	20.73	20.73	3.02	0.48	21.299157	21.295529	21.302035	0.508870
17.48	21.48	20.73	20.73	3.02	0.48	21.298480	21.295727	21.301835	0.508870
17.48	21.48	20.73	20.73	3.02	0.48	21.297802	21.295924	21.301635	0.508870
17.48	21.48	20.73	20.73	3.02	0.48	21.297122	21.296119	21.301432	0.508870
17.48	21.48	20.72	20.72	3.02	0.48	21.296440	21.296313	21.301228	0.508869
17.49	21.48	20.72	20.72	3.02	0.48	21.295755	21.296506	21.301021	0.508869
17.49	21.48	20.72	20.72	3.02	0.48	21.295069	21.296697	21.300814	0.508869
17.49	21.48	20.72	20.72	3.02	0.48	21.294380	21.296887	21.300604	0.508868
17.49	21.48	20.72	20.72	3.02	0.48	21.293690	21.297075	21.300393	0.508868
17.50	21.48	20.71	20.71	3.02	0.48	21.292997	21.297262	21.300180	0.508868
17.50	21.48	20.71	20.71	3.02	0.48	21.292303	21.297448	21.299965	0.508867
17.50	21.48	20.71	20.71	3.02	0.48	21.291607	21.297633	21.299749	0.508867
17.51	21.48	20.71	20.71	3.02	0.48	21.290908	21.297816	21.299531	0.508867
17.51	21.48	20.71	20.71	3.02	0.48	21.290208	21.297998	21.299311	0.508867
17.51	21.48	20.71	20.71	3.02	0.48	21.289507	21.298178	21.299090	0.508866
17.51	21.48	20.70	20.70	3.02	0.48	21.288803	21.298357	21.298867	0.508866
17.52	21.48	20.70	20.70	3.02	0.48	21.288098	21.298535	21.298642	0.508866
17.52	21.48	20.70	20.70	3.02	0.48	21.287391	21.298711	21.298416	0.508865
17.52	21.48	20.70	20.70	3.02	0.48	21.286683	21.298887	21.298187	0.508865
17.52	21.48	20.70	20.70	3.02	0.48	21.285973	21.299060	21.297958	0.508865
17.53	21.48	20.69	20.69	3.02	0.48	21.285262	21.299233	21.297726	0.508864
17.53	21.48	20.69	20.69	3.02	0.48	21.284549	21.299404	21.297494	0.508864
17.53	21.48	20.69	20.69	3.02	0.48	21.283835	21.299573	21.297259	0.508864
17.54	21.48	20.69	20.69	3.02	0.48	21.283119	21.299742	21.297023	0.508863
17.54	21.48	20.69	20.69	3.02	0.48	21.282403	21.299908	21.296785	0.508863
17.54	21.48	20.68	20.68	3.02	0.48	21.281685	21.300074	21.296546	0.508863
17.54	21.48	20.68	20.68	3.02	0.48	21.280965	21.300238	21.296305	0.508862
17.55	21.48	20.68	20.68	3.02	0.48	21.280245	21.300401	21.296063	0.508862
17.55	21.48	20.68	20.68	3.02	0.48	21.279524	21.300563	21.295819	0.508862
17.55	21.48	20.68	20.68	3.02	0.48	21.278801	21.300723	21.295574	0.508861
17.56	21.48	20.67	20.67	3.02	0.48	21.278078	21.300882	21.295327	0.508861
17.56	21.48	20.67	20.67	3.02	0.48	21.277353	21.301039	21.295078	0.508861
17.56	21.48	20.67	20.67	3.02	0.48	21.276628	21.301196	21.294829	0.508860
17.56	21.48	20.67	20.67	3.02	0.48	21.275902	21.301350	21.294577	0.509001
17.57	21.48	20.67	20.67	3.02	0.48	21.275175	21.301504	21.294325	0.509176
17.57	21.48	20.67	20.67	3.02	0.49	21.274447	21.301656	21.294070	0.509346
17.57	21.48	20.66	20.66	3.02	0.49	21.273719	21.301807	21.293815	0.509513
17.57	21.48	20.66	20.66	3.02	0.50	21.272989	21.301956	21.293558	0.509675
17.58	21.48	20.66	20.66	3.02	0.50	21.272259	21.302104	21.293299	0.509834
17.58	21.48	20.66	20.66	3.02	0.51	21.271529	21.302251	21.293039	0.509990
17.58	21.48	20.66	20.66	3.02	0.51	21.270797	21.302396	21.292778	0.510142
17.59	21.48	20.65	20.65	3.02	0.51	21.270065	21.302540	21.292515	0.510291
17.59	21.48	20.65	20.65	3.02	0.52	21.269332	21.302682	21.292251	0.510437
17.59	21.48	20.65	20.65	3.02	0.52	21.268598	21.302824	21.291985	0.510580
17.59	21.48	20.65	20.65	3.02	0.52	21.267864	21.302963	21.291718	0.510720
17.60	21.48	20.65	20.65	3.02	0.53	21.267129	21.303102	21.291450	0.510858
17.60	21.48	20.64	20.64	3.02	0.53	21.266393	21.303239	21.291180	0.510993
17.60	21.48	20.64	20.64	3.02	0.53	21.265657	21.303375	21.290909	0.511126
17.61	21.48	20.64	20.64	3.02	0.54	21.264920	21.303509	21.290637	0.511256
17.61	21.48	20.64	20.64	3.02	0.54	21.264183	21.303642	21.290364	0.511384
17.61	21.48	20.64	20.64	3.02	0.54	21.263444	21.303774	21.290089	0.511510
17.61	21.48	20.63	20.63	3.02	0.55	21.262706	21.303904	21.289813	0.511634
17.62	21.48	20.63	20.63	3.02	0.55	21.261966	21.304033	21.289536	0.511756
17.62	21.48	20.63	20.63	3.02	0.55	21.261226	21.304161	21.289257	0.511876
17.62	21.48	20.63	20.63	3.02	0.56	21.260486	21.304287	21.288977	0.511994
17.62	21.48	20.63	20.63	3.02	0.56	21.259744	21.304412	21.288696	0.512111
17.63	21.48	20.62	20.62	3.02	0.56	21.259003	21.304535	21.288414	0.512225
17.63	21.48	20.62	20.62	3.02	0.57	21.258260	21.304657	21.288131	0.512338
17.63	21.48	20.62	20.62	3.02	0.57	21.257517	21.304778	21.287846	0.512449
17.64	21.48	20.62	20.62	3.02	0.57	21.256774	21.304898	21.287560	0.512559
17.64	21.48	20.62	20.62	3.02	0.57	21.256030	21.305016	21.287273	0.512667
17.64	21.48	20.62	20.62	3.02	0.58	21.255285	21.305133	21.286985	0.512774
17.64	21.48	20.61	20.61	3.02	0.58	21.254540	21.305248	21.286696	0.512879
17.65	21.48	20.61	20.61	3.02	0.58	21.253795	21.305362	21.286405	0.512983
17.65	21.48	20.61	20.61	3.02	0.58	21.253048	21.305475	21.286113	0.513086
17.65	21.48	20.61	20.61	3.02	0.59	21.252302	21.305587	21.285821	0.513187
17.66	21.48	20.61	20.61	3.02	0.59	21.251554	21.305697	21.285527	0.513287
17.66	21.48	20.60	20.60	3.02	0.59	21.250806	21.305806	21.285232	0.513385
17.66	21.48	20.60	20.60	3.02	0.59	21.250058	21.305913	21.284935	0.513483
17.66	21.48	20.60	20.60	3.02	0.60	21.249309	21.306019	21.284638	0.513579
17.67	21.48	20.60	20.60	3.02	0.60	21.248560	21.306124	21.284340	0.513674
17.67	21.48	20.60	20.60	3.02	0.60	21.247810	21.306228	21.284040	0.513768
17.67	21.48	20.59	20.59	3.02	0.60	21.247059	21.306330	21.283739	0.513861
17.68	21.48	20.59	20.59	3.02	0.61	21.246308	21.306431	21.283438	0.513953
17.68	21.48	20.59	20.59	3.02	0.61	21.245557	21.306530	21.283135	0.514044
17.68	21.48	20.59	20.59	3.02	0.61	21.244805	21.306629	21.282831	0.514134
17.68	21.48	20.59	20.59	3.02	0.61	21.244052	21.306726	21.282526	0.514223
17.69	21.48	20.58	20.58	3.02	0.62	21.243299	21.306821	21.282220	0.514311
17.69	21.48	20.58	20.58	3.02	0.62	21.242546	21.306916	21.281913	0.514398
17.69	21.48	20.58	20.58	3.02	0.62	21.241791	21.307009	21.281605	0.514484
17.69	21.48	20.58	20.58	3.02	0.62	21.241037	21.307100	21.281296	0.514569
17.70	21.48	20.58	20.58	3.02	0.62	21.240282	21.307191	21.280986	0.514653
17.70	21.48	20.57	20.57	3.02	0.63	21.239526	21.307280	21.280674	0.514737
17.70	21.48	20.57	20.57	3.02	0.63	21.238770	21.307368	21.280362	0.514819
17.71	21.48	20.57	20.57	3.02	0.63	21.238013	21.307455	21.280049	0.514901
17.71	21.48	20.57	20.57	3.02	0.63	21.237256	21.307540	21.279734	0.514982
17.71	21.48	20.57	20.57	3.02	0.63	21.236498	21.307624	21.279419	0.515062
17.71	21.48	20.56	20.56	3.02	0.64	21.235740	21.307707	21.279103	0.515142
17.72	21.48	20.56	20.56	3.02	0.64	21.234981	21.307788	21.278785	0.515221
17.72	21.48	20.56	20.56	3.02	0.64	21.234221	21.307868	21.278467	0.515298
17.72	21.48	20.56	20.56	3.02	0.64	21.233461	21.307947	21.278148	0.515376
17.73	21.48	20.56	20.56	3.02	0.64	21.232701	21.308025	21.277827	0.515452
17.73	21.48	20.55	20.55	3.02	0.65	21.231940	21.308101	21.277506	0.515528
17.73	21.48	20.55	20.55	3.02	0.65	21.231179	21.308176	21.277183	0.515603
17.73	21.48	20.55	20.55	3.02	0.65	21.230417	21.308250	21.276860	0.515678
17.74	21.48	20.55	20.55	3.02	0.65	21.229654	21.308323	21.276536	0.515752
17.74	21.48	20.55	20.55	3.02	0.65	21.228891	21.308394	21.276210	0.515825
17.74	21.48	20.54	20.54	3.02	0.66	21.228127	21.308464	21.275884	0.515898
17.74	21.48	20.54	20.54	3.02	0.66	21.227363	21.308533	21.275557	0.515970
17.75	21.48	20.54	20.54	3.02	0.66	21.226599	21.308601	21.275228	0.516041
17.75	21.48	20.54	20.54	3.02	0.66	21.225833	21.308667	21.274899	0.516112
17.75	21.48	20.54	20.54	3.02	0.66	21.225068	21.308732	21.274569	0.516182
17.76	21.48	20.53	20.53	3.02	0.67	21.224301	21.308796	21.274238	0.516252
17.76	21.48	20.53	20.53	3.02	0.67	21.223534	21.308859	21.273905	0.516321
17.76	21.48	20.53	20.53	3.02	0.67	21.222767	21.308920	21.273572	0.516389
17.76	21.48	20.53	20.53	3.02	0.67	21.221999	21.308980	21.273238	0.516457
17.77	21.48	20.53	20.53	3.02	0.67	21.221231	21.309039	21.272903	0.516525
17.77	21.48	20.52	20.52	3.02	0.67	21.220462	21.309097	21.272567	0.516592
17.77	21.48	20.52	20.52	3.02	0.68	21.219692	21.309153	21.272230	0.516658
17.77	21.48	20.52	20.52	3.02	0.68	21.218922	21.309208	21.271892	0.516724
17.78	21.48	20.52	20.52	3.02	0.68	21.218151	21.309262	21.271554	0.516790
17.78	21.48	20.51	20.51	3.02	0.68	21.217380	21.309315	21.271214	0.516855
17.78	21.48	20.51	20.51	3.02	0.68	21.216608	21.309367	21.270873	0.516919
17.79	21.48	20.51	20.51	3.02	0.68	21.215836	21.309417	21.270531	0.516983
17.79	21.48	20.51	20.51	3.02	0.69	21.215063	21.309466	21.270189	0.517047
17.79	21.48	20.51	20.51	3.02	0.69	21.214289	21.309514	21.269845	0.517110
17.79	21.48	20.50	20.50	3.02	0.69	21.213515	21.309561	21.269501	0.517172
17.80	21.48	20.50	20.50	3.02	0.69	21.212741	21.309606	21.269155	0.517235
17.80	21.48	20.50	20.50	3.02	0.69	21.211966	21.309651	21.268809	0.517296
17.80	21.48	20.50	20.50	3.02	0.69	21.211190	21.309694	21.268462	0.517358
17.81	21.48	20.50	20.50	3.02	0.70	21.210413	21.309736	21.268113	0.517419
17.81	21.48	20.49	20.49	3.02	0.70	21.209637	21.309776	21.267764	0.517479
17.81	21.48	20.49	20.49	3.02	0.70	21.208859	21.309816	21.267414	0.517539
17.81	21.48	20.49	20.49	3.02	0.70	21.208081	21.309854	21.267063	0.517599
17.82	21.48	20.49	20.49	3.02	0.70	21.207302	21.309891	21.266711	0.517658
17.82	21.48	20.49	20.49	3.02	0.70	21.206523	21.309927	21.266359	0.517717
17.82	21.48	20.48	20.48	3.02	0.70	21.205743	21.309962	21.266005	0.517776
17.82	21.48	20.48	20.48	3.02	0.71	21.204963	21.309996	21.265650	0.517834
17.83	21.48	20.48	20.48	3.02	0.71	21.204182	21.310028	21.265295	0.517892
17.83	21.48	20.48	20.48	3.02	0.71	21.203400	21.310059	21.264938	0.517949
17.83	21.48	20.48	20.48	3.02	0.71	21.202618	21.310089	21.264581	0.518006
17.84	21.48	20.47	20.47	3.02	0.71	21.201835	21.310118	21.264222	0.518063
17.84	21.48	20.47	20.47	3.02	0.71	21.201052	21.310146	21.263863	0.518119
17.84	21.48	20.47	20.47	3.02	0.71	21.200268	21.310172	21.263503	0.518175
17.84	21.48	20.47	20.47	3.02	0.72	21.199483	21.310198	21.263142	0.518231
17.85	21.48	20.47	20.47	3.02	0.72	21.198698	21.310222	21.262780	0.518286
17.85	21.48	20.46	20.46	3.02	0.72	21.197913	21.310245	21.262417	0.518341
17.85	21.48	20.46	20.46	3.02	0.72	21.197126	21.310267	21.262053	0.518396
17.86	21.48	20.46	20.46	3.02	0.72	21.196339	21.310287	21.261689	0.518450
17.86	21.48	20.46	20.46	3.02	0.72	21.195552	21.310307	21.261323	0.518504
17.86	21.48	20.45	20.45	3.02	0.72	21.194763	21.310325	21.260956	0.518558
17.86	21.48	20.45	20.45	3.02	0.73	21.193975	21.310342	21.260589	0.518611
17.87	21.48	20.45	20.45	3.02	0.73	21.193185	21.310359	21.260221	0.518664
17.87	21.48	20.45	20.45	3.02	0.73	21.192395	21.310373	21.259851	0.518717
17.87	21.48	20.45	20.45	3.02	0.73	21.191604	21.310387	21.259481	0.518770
17.88	21.48	20.44	20.44	3.02	0.73	21.190813	21.310400	21.259110	0.518822
17.88	21.48	20.44	20.44	3.02	0.73	21.190021	21.310411	21.258738	0.518874
17.88	21.48	20.44	20.44	3.02	0.73	21.189229	21.310422	21.258366	0.518925
17.88	21.48	20.44	20.44	3.02	0.74	21.188435	21.310431	21.257992	0.518977
17.89	21.48	20.44	20.44	3.02	0.74	21.187641	21.310439	21.257617	0.519028
17.89	21.48	20.43	20.43	3.02	0.74	21.186847	21.310446	21.257242	0.519078
17.89	21.48	20.43	20.43	3.02	0.74	21.186052	21.310451	21.256865	0.519129
17.89	21.48	20.43	20.43	3.02	0.74	21.185256	21.310456	21.256488	0.519179
17.90	21.48	20.43	20.43	3.02	0.74	21.184460	21.310460	21.256110	0.519229
17.90	21.48	20.43	20.43	3.02	0.74	21.183663	21.310462	21.255730	0.519279
17.90	21.48	20.42	20.42	3.02	0.74	21.182865	21.310463	21.255350	0.519328
17.91	21.48	20.42	20.42	3.02	0.75	21.182067	21.310463	21.254970	0.519377
17.91	21.48	20.42	20.42	3.02	0.75	21.181268	21.310462	21.254588	0.519426
17.91	21.48	20.42	20.42	3.02	0.75	21.180468	21.310460	21.254205	0.519475
17.91	21.48	20.41	20.41	3.02	0.75	21.179668	21.310457	21.253821	0.519523
17.92	21.48	20.41	20.41	3.02	0.75	21.178867	21.310453	21.253437	0.519571
17.92	21.48	20.41	20.41	3.02	0.75	21.178066	21.310447	21.253051	0.519619
17.92	21.48	20.41	20.41	3.02	0.75	21.177263	21.310440	21.252665	0.519667
17.93	21.48	20.41	20.41	3.02	0.75	21.176460	21.310433	21.252278	0.519714
17.93	21.48	20.40	20.40	3.02	0.76	21.175657	21.310424	21.251890	0.519762
17.93	21.48	20.40	20.40	3.02	0.76	21.174853	21.310414	21.251501	0.519809
17.93	21.48	20.40	20.40	3.02	0.76	21.174048	21.310403	21.251111	0.519855
17.94	21.48	20.40	20.40	3.02	0.76	21.173242	21.310391	21.250720	0.519902
17.94	21.48	20.40	20.40	3.02	0.76	21.172436	21.310378	21.250329	0.519948
17.94	21.48	20.39	20.39	3.02	0.76	21.171629	21.310363	21.249936	0.519994
17.94	21.48	20.39	20.39	3.02	0.76	21.170822	21.310348	21.249543	0.520040
17.95	21.48	20.39	20.39	3.02	0.76	21.170013	21.310331	21.249148	0.520086
17.95	21.48	20.39	20.39	3.02	0.76	21.169204	21.310313	21.248753	0.520131
17.95	21.48	20.38	20.38	3.02	0.77	21.168395	21.310295	21.248357	0.520176
17.96	21.48	20.38	20.38	3.02	0.77	21.167584	21.310275	21.247960	0.520221
17.96	21.48	20.38	20.38	3.02	0.77	21.166773	21.310254	21.247562	0.520266
17.96	21.48	20.38	20.38	3.02	0.77	21.165962	21.310232	21.247163	0.520311
17.96	21.48	20.38	20.38	3.02	0.77	21.165150	21.310209	21.246763	0.520355
17.97	21.48	20.37	20.37	3.02	0.77	21.164336	21.310184	21.246363	0.520399
17.97	21.48	20.37	20.37	3.02	0.77	21.163523	21.310159	21.245961	0.520443
17.97	21.48	20.37	20.37	3.02	0.77	21.162708	21.310133	21.245559	0.520487
17.98	21.48	20.37	20.37	3.02	0.78	21.161893	21.310105	21.245156	0.520531
17.98	21.48	20.37	20.37	3.02	0.78	21.161077	21.310077	21.244751	0.520574
17.98	21.48	20.36	20.36	3.02	0.78	21.160261	21.310047	21.244346	0.520617
17.98	21.48	20.36	20.36	3.02	0.78	21.159444	21.310016	21.243940	0.520660
17.99	21.48	20.36	20.36	3.02	0.78	21.158626	21.309985	21.243534	0.520703
17.99	21.48	20.36	20.36	3.02	0.78	21.157807	21.309952	21.243126	0.520746
17.99	21.48	20.35	20.35	3.02	0.78	21.156988	21.309918	21.242717	0.520788
17.99	21.48	20.35	20.35	3.02	0.78	21.156168	21.309883	21.242308	0.520830
18.00	21.48	20.35	20.35	3.02	0.78	21.155347	21.309847	21.241897	0.520873
18.00	21.48	20.35	20.35	3.02	0.78	21.154526	21.309809	21.241486	0.520915
18.00	21.48	20.35	20.35	3.02	0.79	21.153703	21.309771	21.241074	0.520956
18.01	21.48	20.34	20.34	3.02	0.79	21.152881	21.309732	21.240661	0.520998
18.01	21.48	20.34	20.34	3.02	0.79	21.152057	21.309692	21.240247	0.521039
18.01	21.48	20.34	20.34	3.02	0.79	21.151233	21.309650	21.239832	0.521080
18.01	21.48	20.34	20.34	3.02	0.79	21.150408	21.309608	21.239416	0.521122
18.02	21.48	20.33	20.33	3.02	0.79	21.149582	21.309564	21.239000	0.521162
18.02	21.48	20.33	20.33	3.02	0.79	21.148755	21.309520	21.238582	0.521203
18.02	21.48	20.33	20.33	3.02	0.79	21.147928	21.309474	21.238164	0.521244
18.02	21.48	20.33	20.33	3.02	0.79	21.147100	21.309427	21.237744	0.521284
18.03	21.48	20.33	20.33	3.02	0.80	21.146271	21.309379	21.237324	0.521324
18.03	21.48	20.32	20.32	3.02	0.80	21.145442	21.309331	21.236903	0.521364
18.03	21.48	20.32	20.32	3.02	0.80	21.144612	21.309281	21.236481	0.521404
18.04	21.48	20.32	20.32	3.02	0.80	21.143781	21.309230	21.236058	0.521444
18.04	21.48	20.32	20.32	3.02	0.80	21.142949	21.309178	21.235634	0.521484
18.04	21.48	20.31	20.31	3.02	0.80	21.142117	21.309125	21.235210	0.521523
18.04	21.48	20.31	20.31	3.02	0.80	21.141284	21.309071	21.234784	0.521562
18.05	21.48	20.31	20.31	3.02	0.80	21.140450	21.309015	21.234358	0.521602
18.05	21.48	20.31	20.31	3.02	0.80	21.139616	21.308959	21.233930	0.521641
18.05	21.48	20.31	20.31	3.02	0.80	21.138780	21.308902	21.233502	0.521679
18.06	21.48	20.30	20.30	3.02	0.81	21.137944	21.308844	21.233073	0.521718
18.06	21.48	20.30	20.30	3.02	0.81	21.137107	21.308785	21.232643	0.521757
18.06	21.48	20.30	20.30	3.02	0.81	21.136270	21.308724	21.232212	0.521795
18.06	21.48	20.30	20.30	3.02	0.81	21.135431	21.308663	21.231780	0.521833
18.07	21.48	20.29	20.29	3.02	0.81	21.134592	21.308600	21.231348	0.521872
18.07	21.48	20.29	20.29	3.02	0.81	21.133752	21.308537	21.230914	0.521910
18.07	21.48	20.29	20.29	3.02	0.81	21.132912	21.308473	21.230480	0.521947
18.07	21.48	20.29	20.29	3.02	0.81	21.132070	21.308407	21.230044	0.521985
18.08	21.48	20.29	20.29	3.02	0.81	21.131228	21.308341	21.229608	0.522023
18.08	21.48	20.28	20.28	3.02	0.81	21.130385	21.308273	21.229171	0.522060
18.08	21.48	20.28	20.28	3.02	0.82	21.129542	21.308204	21.228733	0.522097
18.09	21.48	20.28	20.28	3.02	0.82	21.128697	21.308135	21.228294	0.522135
18.09	21.48	20.28	20.28	3.02	0.82	21.127852	21.308064	21.227854	0.522172
18.09	21.48	20.27	20.27	3.02	0.82	21.127006	21.307993	21.227413	0.522209
18.09	21.48	20.27	20.27	3.02	0.82	21.126159	21.307920	21.226972	0.522245
18.10	21.48	20.27	20.27	3.02	0.82	21.125312	21.307846	21.226529	0.522282
18.10	21.48	20.27	20.27	3.02	0.82	21.124464	21.307771	21.226086	0.522319
18.10	21.48	20.27	20.27	3.02	0.82	21.123615	21.307696	21.225641	0.522355
18.11	21.48	20.26	20.26	3.02	0.82	21.122765	21.307619	21.225196	0.522391
18.11	21.48	20.26	20.26	3.02	0.82	21.121914	21.307541	21.224750	0.522427
18.11	21.48	20.26	20.26	3.02	0.82	21.121063	21.307462	21.224303	0.522463
18.11	21.48	20.26	20.26	3.02	0.83	21.120210	21.307383	21.223855	0.522499
18.12	21.48	20.25	20.25	3.02	0.83	21.119357	21.307302	21.223406	0.522535
18.12	21.48	20.25	20.25	3.02	0.83	21.118504	21.307220	21.222957	0.522571
18.12	21.48	20.25	20.25	3.02	0.83	21.117649	21.307137	21.222506	0.522606
18.12	21.48	20.25	20.25	3.02	0.83	21.116794	21.307053	21.222055	0.522642
18.13	21.48	20.25	20.25	3.02	0.83	21.115938	21.306969	21.221602	0.522677
18.13	21.48	20.24	20.24	3.02	0.83	21.115081	21.306883	21.221149	0.522712
18.13	21.48	20.24	20.24	3.02	0.83	21.114223	21.306796	21.220695	0.522747
18.14	21.48	20.24	20.24	3.02	0.83	21.113365	21.306708	21.220240	0.522782
18.14	21.48	20.24	20.24	3.02	0.83	21.112505	21.306619	21.219784	0.522817
18.14	21.48	20.23	20.23	3.02	0.83	21.111645	21.306529	21.219327	0.522852
18.14	21.48	20.23	20.23	3.02	0.84	21.110784	21.306438	21.218869	0.522887
18.15	21.48	20.23	20.23	3.02	0.84	21.109922	21.306347	21.218411	0.522921
18.15	21.48	20.23	20.23	3.02	0.84	21.109060	21.306254	21.217951	0.522956
18.15	21.48	20.22	20.22	3.02	0.84	21.108197	21.306160	21.217491	0.522990
18.16	21.48	20.22	20.22	3.02	0.84	21.107333	21.306065	21.217029	0.523024
18.16	21.48	20.22	20.22	3.02	0.84	21.106468	21.305969	21.216567	0.523058
18.16	21.48	20.22	20.22	3.02	0.84	21.105602	21.305872	21.216104	0.523092
18.16	21.48	20.22	20.22	3.02	0.84	21.104735	21.305775	21.215640	0.523126
18.17	21.48	20.21	20.21	3.02	0.84	21.103868	21.305676	21.215175	0.523160
18.17	21.48	20.21	20.21	3.02	0.84	21.103000	21.305576	21.214709	0.523193
18.17	21.48	20.21	20.21	3.02	0.84	21.102131	21.305475	21.214243	0.523227
18.18	21.48	20.21	20.21	3.02	0.85	21.101261	21.305374	21.213775	0.523260
18.18	21.48	20.20	20.20	3.02	0.85	21.100390	21.305271	21.213307	0.523294
18.18	21.48	20.20	20.20	3.02	0.85	21.099519	21.305167	21.212837	0.523327
18.18	21.48	20.20	20.20	3.02	0.85	21.098647	21.305062	21.212367	0.523360
18.19	21.48	20.20	20.20	3.02	0.85	21.097774	21.304957	21.211896	0.523393
18.19	21.48	20.19	20.19	3.02	0.85	21.096900	21.304850	21.211424	0.523426
18.19	21.48	20.19	20.19	3.02	0.85	21.096025	21.304742	21.210951	0.523459
18.19	21.48	20.19	20.19	3.02	0.85	21.095149	21.304634	21.210477	0.523492
18.20	21.48	20.19	20.19	3.02	0.85	21.094273	21.304524	21.210002	0.523524
18.20	21.48	20.19	20.19	3.02	0.85	21.093396	21.304413	21.209526	0.523557
18.20	21.48	20.18	20.18	3.02	0.85	21.092518	21.304302	21.209050	0.523589
18.21	21.48	20.18	20.18	3.02	0.85	21.091639	21.304189	21.208572	0.523622
18.21	21.48	20.18	20.18	3.02	0.86	21.090759	21.304076	21.208094	0.523654
18.21	21.48	20.18	20.18	3.02	0.86	21.089878	21.303961	21.207614	0.523686
18.21	21.48	20.17	20.17	3.02	0.86	21.088997	21.303846	21.207134	0.523718
18.22	21.48	20.17	20.17	3.02	0.86	21.088115	21.303729	21.206653	0.523750
18.22	21.48	20.17	20.17	3.02	0.86	21.087232	21.303612	21.206171	0.523782
18.22	21.48	20.17	20.17	3.02	0.86	21.086348	21.303494	21.205688	0.523814
18.23	21.48	20.16	20.16	3.02	0.86	21.085463	21.303374	21.205204	0.523846
18.23	21.48	20.16	20.16	3.02	0.86	21.084577	21.303254	21.204720	0.523878
18.23	21.48	20.16	20.16	3.02	0.86	21.083691	21.303133	21.204234	0.523909
18.23	21.48	20.16	20.16	3.02	0.86	21.082804	21.303011	21.203748	0.523941
18.24	21.48	20.16	20.16	3.02	0.86	21.081916	21.302887	21.203260	0.523972
18.24	21.48	20.15	20.15	3.02	0.86	21.081027	21.302763	21.202772	0.524003
18.24	21.48	20.15	20.15	3.02	0.87	21.080137	21.302638	21.202283	0.524035
18.24	21.48	20.15	20.15	3.02	0.87	21.079246	21.302512	21.201793	0.524066
18.25	21.48	20.15	20.15	3.02	0.87	21.078355	21.302385	21.201302	0.524097
18.25	21.48	20.14	20.14	3.02	0.87	21.077462	21.302257	21.200810	0.524128
18.25	21.48	20.14	20.14	3.02	0.87	21.076569	21.302128	21.200317	0.524159
18.26	21.48	20.14	20.14	3.02	0.87	21.075675	21.301998	21.199823	0.524189
18.26	21.48	20.14	20.14	3.02	0.87	21.074780	21.301867	21.199329	0.524220
18.26	21.48	20.13	20.13	3.02	0.87	21.073884	21.301736	21.198833	0.524251
18.26	21.48	20.13	20.13	3.02	0.87	21.072987	21.301603	21.198337	0.524281
18.27	21.48	20.13	20.13	3.02	0.87	21.072090	21.301469	21.197839	0.524312
18.27	21.48	20.13	20.13	3.02	0.87	21.071191	21.301335	21.197341	0.524342
18.27	21.48	20.12	20.12	3.02	0.87	21.070292	21.301199	21.196842	0.524372
18.27	21.48	20.12	20.12	3.02	0.88	21.069392	21.301062	21.196342	0.524403
18.28	21.48	20.12	20.12	3.02	0.88	21.068491	21.300925	21.195841	0.524433
18.28	21.48	20.12	20.12	3.02	0.88	21.067589	21.300786	21.195339	0.524463
18.28	21.48	20.12	20.12	3.02	0.88	21.066686	21.300647	21.194836	0.524493
18.29	21.48	20.11	20.11	3.02	0.88	21.065783	21.300507	21.194333	0.524523
18.29	21.48	20.11	20.11	3.02	0.88	21.064878	21.300365	21.193828	0.524553
18.29	21.48	20.11	20.11	3.02	0.88	21.063973	21.300223	21.193323	0.524582
18.29	21.48	20.11	20.11	3.02	0.88	21.063067	21.300080	21.192816	0.524612
18.30	21.48	20.10	20.10	3.02	0.88	21.062160	21.299936	21.192309	0.524642
18.30	21.48	20.10	20.10	3.02	0.88	21.061252	21.299791	21.191801	0.524671
18.30	21.48	20.10	20.10	3.02	0.88	21.060343	21.299645	21.191292	0.524701
18.31	21.48	20.10	20.10	3.02	0.88	21.059433	21.299498	21.190782	0.524730
18.31	21.48	20.09	20.09	3.02	0.88	21.058523	21.299350	21.190271	0.524760
18.31	21.48	20.09	20.09	3.02	0.89	21.057611	21.299201	21.189759	0.524789
18.31	21.48	20.09	20.09	3.02	0.89	21.056699	21.299052	21.189247	0.524818
18.32	21.48	20.09	20.09	3.02	0.89	21.055785	21.298901	21.188733	0.524847
18.32	21.48	20.08	20.08	3.02	0.89	21.054871	21.298749	21.188218	0.524876
18.32	21.48	20.08	20.08	3.02	0.89	21.053956	21.298597	21.187703	0.524905
18.32	21.48	20.08	20.08	3.02	0.89	21.053040	21.298443	21.187187	0.524934
18.33	21.48	20.08	20.08	3.02	0.89	21.052124	21.298289	21.186669	0.524963
18.33	21.48	20.07	20.07	3.02	0.89	21.051206	21.298134	21.186151	0.524992
18.33	21.48	20.07	20.07	3.02	0.89	21.050287	21.297977	21.185632	0.525020
18.34	21.48	20.07	20.07	3.02	0.89	21.049368	21.297820	21.185112	0.525049
18.34	21.48	20.07	20.07	3.02	0.89	21.048448	21.297662	21.184591	0.525077
18.34	21.48	20.07	20.07	3.02	0.89	21.047526	21.297503	21.184070	0.525106
18.34	21.48	20.06	20.06	3.02	0.89	21.046604	21.297343	21.183547	0.525134
18.35	21.48	20.06	20.06	3.02	0.89	21.045681	21.297182	21.183023	0.525163
18.35	21.48	20.06	20.06	3.02	0.90	21.044757	21.297021	21.182499	0.525191
18.35	21.48	20.06	20.06	3.02	0.90	21.043832	21.296858	21.181974	0.525219
18.36	21.48	20.05	20.05	3.02	0.90	21.042907	21.296694	21.181447	0.525247
18.36	21.48	20.05	20.05	3.02	0.90	21.041980	21.296530	21.180920	0.525276
18.36	21.48	20.05	20.05	3.02	0.90	21.041052	21.296364	21.180392	0.525304
18.36	21.48	20.05	20.05	3.02	0.90	21.040124	21.296198	21.179863	0.525332
18.37	21.48	20.04	20.04	3.02	0.90	21.039195	21.296030	21.179333	0.525359
18.37	21.48	20.04	20.04	3.02	0.90	21.038264	21.295862	21.178802	0.525387
18.37	21.48	20.04	20.04	3.02	0.90	21.037333	21.295693	21.178270	0.525415
18.38	21.48	20.04	20.04	3.02	0.90	21.036401	21.295523	21.177738	0.525443
18.38	21.48	20.03	20.03	3.02	0.90	21.035468	21.295352	21.177204	0.525470
18.38	21.48	20.03	20.03	3.02	0.90	21.034534	21.295180	21.176670	0.525498
18.38	21.48	20.03	20.03	3.02	0.90	21.033600	21.295007	21.176134	0.525526
18.39	21.48	20.03	20.03	3.02	0.91	21.032664	21.294834	21.175598	0.525553
18.39	21.48	20.02	20.02	3.02	0.91	21.031727	21.294659	21.175061	0.525580
18.39	21.48	20.02	20.02	3.02	0.91	21.030790	21.294483	21.174523	0.525608
18.39	21.48	20.02	20.02	3.02	0.91	21.029851	21.294307	21.173984	0.525635
18.40	21.48	20.02	20.02	3.02	0.91	21.028912	21.294130	21.173444	0.525662
18.40	21.48	20.01	20.01	3.02	0.91	21.027972	21.293951	21.172903	0.525689
18.40	21.48	20.01	20.01	3.02	0.91	21.027031	21.293772	21.172361	0.525717
18.41	21.48	20.01	20.01	3.02	0.91	21.026089	21.293592	21.171818	0.525744
18.41	21.48	20.01	20.01	3.02	0.91	21.025146	21.293411	21.171275	0.525771
18.41	21.48	20.00	20.00	3.02	0.91	21.024202	21.293229	21.170730	0.525798
18.41	21.48	20.00	20.00	3.02	0.91	21.023257	21.293046	21.170185	0.525824
18.42	21.48	20.00	20.00	3.02	0.91	21.022311	21.292863	21.169639	0.525851
18.42	21.48	20.00	20.00	3.02	0.91	21.021364	21.292678	21.169092	0.525878
18.42	21.48	20.00	20.00	3.02	0.91	21.020417	21.292493	21.168543	0.525905
18.43	21.48	19.99	19.99	3.02	0.91	21.019468	21.292306	21.167994	0.525931
18.43	21.48	19.99	19.99	3.02	0.92	21.018519	21.292119	21.167444	0.525958
18.43	21.48	19.99	19.99	3.02	0.92	21.017569	21.291931	21.166894	0.525985
18.43	21.48	19.99	19.99	3.02	0.92	21.016617	21.291742	21.166342	0.526011
18.44	21.48	19.98	19.98	3.02	0.92	21.015665	21.291552	21.165789	0.526037
18.44	21.48	19.98	19.98	3.02	0.92	21.014712	21.291361	21.165236	0.526064
18.44	21.48	19.98	19.98	3.02	0.92	21.013758	21.291169	21.164681	0.526090
18.44	21.48	19.98	19.98	3.02	0.92	21.012803	21.290976	21.164126	0.526116
18.45	21.48	19.97	19.97	3.02	0.92	21.011847	21.290783	21.163569	0.526143
18.45	21.48	19.97	19.97	3.02	0.92	21.010890	21.290588	21.163012	0.526169
18.45	21.48	19.97	19.97	3.02	0.92	21.009932	21.290393	21.162454	0.526195
18.46	21.48	19.97	19.97	3.02	0.92	21.008973	21.290196	21.161895	0.526221
18.46	21.48	19.96	19.96	3.02	0.92	21.008014	21.289999	21.161335	0.526247
18.46	21.48	19.96	19.96	3.02	0.92	21.007053	21.289801	21.160774	0.526273
18.46	21.48	19.96	19.96	3.02	0.92	21.006091	21.289602	21.160212	0.526299
18.47	21.48	19.96	19.96	3.02	0.93	21.005129	21.289403	21.159650	0.526325
18.47	21.48	19.95	19.95	3.02	0.93	21.004166	21.289202	21.159086	0.526350
18.47	21.48	19.95	19.95	3.02	0.93	21.003201	21.289000	21.158521	0.526376
18.48	21.48	19.95	19.95	3.02	0.93	21.002236	21.288798	21.157956	0.526402
18.48	21.48	19.95	19.95	3.02	0.93	21.001270	21.288594	21.157390	0.526428
18.48	21.48	19.94	19.94	3.02	0.93	21.000302	21.288390	21.156822	0.526453
18.48	21.48	19.94	19.94	3.02	0.93	20.999334	21.288185	21.156254	0.526479
18.49	21.48	19.94	19.94	3.02	0.93	20.998365	21.287979	21.155685	0.526504
18.49	21.48	19.94	19.94	3.02	0.93	20.997395	21.287772	21.155115	0.526530
18.49	21.48	19.93	19.93	3.02	0.93	20.996424	21.287564	21.154544	0.526555
18.49	21.48	19.93	19.93	3.02	0.93	20.995452	21.287356	21.153972	0.526580
18.50	21.48	19.93	19.93	3.02	0.93	20.994479	21.287146	21.153400	0.526606
18.50	21.48	19.93	19.93	3.02	0.93	20.993506	21.286936	21.152826	0.526631
18.50	21.48	19.92	19.92	3.02	0.93	20.992531	21.286724	21.152251	0.526656
18.51	21.48	19.92	19.92	3.02	0.93	20.991555	21.286512	21.151676	0.526681
18.51	21.48	19.92	19.92	3.02	0.94	20.990579	21.286299	21.151100	0.526706
18.51	21.48	19.92	19.92	3.02	0.94	20.989601	21.286085	21.150522	0.526731
18.51	21.48	19.91	19.91	3.02	0.94	20.988622	21.285870	21.149944	0.526757
18.52	21.48	19.91	19.91	3.02	0.94	20.987643	21.285654	21.149365	0.526781
18.52	21.48	19.91	19.91	3.02	0.94	20.986662	21.285438	21.148785	0.526806
18.52	21.48	19.91	19.91	3.02	0.94	20.985681	21.285220	21.148204	0.526831
18.52	21.48	19.90	19.90	3.02	0.94	20.984699	21.285002	21.147622	0.526856
18.53	21.48	19.90	19.90	3.02	0.94	20.983715	21.284783	21.147039	0.526881
18.53	21.48	19.90	19.90	3.02	0.94	20.982731	21.284563	21.146456	0.526906
18.53	21.48	19.90	19.90	3.02	0.94	20.981746	21.284342	21.145871	0.526930
18.54	21.48	19.89	19.89	3.02	0.94	20.980760	21.284120	21.145285	0.526955
18.54	21.48	19.89	19.89	3.02	0.94	20.979772	21.283897	21.144699	0.526980
18.54	21.48	19.89	19.89	3.02	0.94	20.978784	21.283674	21.144112	0.527004
18.54	21.48	19.89	19.89	3.02	0.94	20.977795	21.283449	21.143523	0.527029
18.55	21.48	19.88	19.88	3.02	0.94	20.976805	21.283224	21.142934	0.527053
18.55	21.48	19.88	19.88	3.02	0.94	20.975814	21.282998	21.142344	0.527078
18.55	21.48	19.88	19.88	3.02	0.95	20.974822	21.282771	21.141753	0.527102
18.56	21.48	19.88	19.88	3.02	0.95	20.973829	21.282543	21.141161	0.527126
18.56	21.48	19.87	19.87	3.02	0.95	20.972835	21.282314	21.140568	0.527151
18.56	21.48	19.87	19.87	3.02	0.95	20.971840	21.282084	21.139974	0.527175
18.56	21.48	19.87	19.87	3.02	0.95	20.970845	21.281854	21.139380	0.527199
18.57	21.48	19.87	19.87	3.02	0.95	20.969848	21.281622	21.138784	0.527223
18.57	21.48	19.86	19.86	3.02	0.95	20.968850	21.281390	21.138188	0.527247
18.57	21.48	19.86	19.86	3.02	0.95	20.967851	21.281157	21.137590	0.527271
18.57	21.48	19.86	19.86	3.02	0.95	20.966852	21.280923	21.136992	0.527295
18.58	21.48	19.86	19.86	3.02	0.95	20.965851	21.280688	21.136393	0.527320
18.58	21.48	19.85	19.85	3.02	0.95	20.964849	21.280453	21.135792	0.527343
18.58	21.48	19.85	19.85	3.02	0.95	20.963847	21.280216	21.135191	0.527367
18.59	21.48	19.85	19.85	3.02	0.95	20.962843	21.279979	21.134589	0.527391
18.59	21.48	19.85	19.85	3.02	0.95	20.961839	21.279740	21.133986	0.527415
18.59	21.48	19.84	19.84	3.02	0.95	20.960833	21.279501	21.133383	0.527439
18.59	21.48	19.84	19.84	3.02	0.96	20.959827	21.279261	21.132778	0.527463
18.60	21.48	19.84	19.84	3.02	0.96	20.958819	21.279020	21.132172	0.527486
18.60	21.48	19.84	19.84	3.02	0.96	20.957811	21.278779	21.131566	0.527510
18.60	21.48	19.83	19.83	3.02	0.96	20.956801	21.278536	21.130958	0.527534
18.61	21.48	19.83	19.83	3.02	0.96	20.955791	21.278293	21.130350	0.527557
18.61	21.48	19.83	19.83	3.02	0.96	20.954780	21.278048	21.129740	0.527581
18.61	21.48	19.82	19.82	3.02	0.96	20.953767	21.277803	21.129130	0.527604
18.61	21.48	19.82	19.82	3.02	0.96	20.952754	21.277557	21.128519	0.527628
18.62	21.48	19.82	19.82	3.02	0.96	20.951740	21.277311	21.127907	0.527651
18.62	21.48	19.82	19.82	3.02	0.96	20.950724	21.277063	21.127294	0.527675
18.62	21.48	19.81	19.81	3.02	0.96	20.949708	21.276814	21.126680	0.527698
18.62	21.48	19.81	19.81	3.02	0.96	20.948691	21.276565	21.126065	0.527721
18.63	21.48	19.81	19.81	3.02	0.96	20.947673	21.276315	21.125449	0.527745
18.63	21.48	19.81	19.81	3.02	0.96	20.946653	21.276064	21.124833	0.527768
18.63	21.48	19.80	19.80	3.02	0.96	20.945633	21.275812	21.124215	0.527791
18.64	21.48	19.80	19.80	3.02	0.96	20.944612	21.275559	21.123597	0.527814
18.64	21.48	19.80	19.80	3.02	0.96	20.943590	21.275305	21.122977	0.527837
18.64	21.48	19.80	19.80	3.02	0.97	20.942567	21.275051	21.122357	0.527861
18.64	21.48	19.79	19.79	3.02	0.97	20.941543	21.274795	21.121736	0.527884
18.65	21.48	19.79	19.79	3.02	0.97	20.940518	21.274539	21.121113	0.527907
18.65	21.48	19.79	19.79	3.02	0.97	20.939491	21.274282	21.120490	0.527930
18.65	21.48	19.79	19.79	3.02	0.97	20.938464	21.274024	21.119866	0.527953
18.66	21.48	19.78	19.78	3.02	0.97	20.937436	21.273766	21.119241	0.527976
18.66	21.48	19.78	19.78	3.02	0.97	20.936407	21.273506	21.118616	0.527998
18.66	21.48	19.78	19.78	3.02	0.97	20.935377	21.273246	21.117989	0.528021
18.66	21.48	19.78	19.78	3.02	0.97	20.934346	21.272984	21.117361	0.528044
18.67	21.48	19.77	19.77	3.02	0.97	20.933314	21.272722	21.116733	0.528067
18.67	21.48	19.77	19.77	3.02	0.97	20.932281	21.272459	21.116103	0.528090
18.67	21.48	19.77	19.77	3.02	0.97	20.931247	21.272196	21.115473	0.528112
18.68	21.48	19.77	19.77	3.02	0.97	20.930212	21.271931	21.114841	0.528135
18.68	21.48	19.76	19.76	3.02	0.97	20.929176	21.271665	21.114209	0.528158
18.68	21.48	19.76	19.76	3.02	0.97	20.928139	21.271399	21.113576	0.528180
18.68	21.48	19.76	19.76	3.02	0.97	20.927101	21.271132	21.112942	0.528203
18.69	21.48	19.76	19.76	3.02	0.98	20.926062	21.270864	21.112307	0.528225
18.69	21.48	19.75	19.75	3.02	0.98	20.925022	21.270595	21.111671	0.528248
18.69	21.48	19.75	19.75	3.02	0.98	20.923981	21.270325	21.111034	0.528270
18.69	21.48	19.75	19.75	3.02	0.98	20.922939	21.270055	21.110396	0.528293
18.70	21.48	19.74	19.74	3.02	0.98	20.921896	21.269784	21.109758	0.528315
18.70	21.48	19.74	19.74	3.02	0.98	20.920852	21.269511	21.109118	0.528337
18.70	21.48	19.74	19.74	3.02	0.98	20.919807	21.269238	21.108478	0.528360
18.71	21.48	19.74	19.74	3.02	0.98	20.918761	21.268965	21.107836	0.528382
18.71	21.48	19.73	19.73	3.02	0.98	20.917715	21.268690	21.107194	0.528404
18.71	21.48	19.73	19.73	3.02	0.98	20.916667	21.268414	21.106551	0.528426
18.71	21.48	19.73	19.73	3.02	0.98	20.915618	21.268138	21.105906	0.528449
18.72	21.48	19.73	19.73	3.02	0.98	20.914568	21.267861	21.105261	0.528471
18.72	21.48	19.72	19.72	3.02	0.98	20.913517	21.267583	21.104615	0.528493
18.72	21.48	19.72	19.72	3.02	0.98	20.912465	21.267304	21.103968	0.528515
18.73	21.48	19.72	19.72	3.02	0.98	20.911412	21.267024	21.103321	0.528537
18.73	21.48	19.72	19.72	3.02	0.98	20.910358	21.266744	21.102672	0.528559
18.73	21.48	19.71	19.71	3.02	0.98	20.909303	21.266462	21.102022	0.528581
18.73	21.48	19.71	19.71	3.02	0.99	20.908247	21.266180	21.101371	0.528603
18.74	21.48	19.71	19.71	3.02	0.99	20.907190	21.265897	21.100720	0.528625
18.74	21.48	19.71	19.71	3.02	0.99	20.906132	21.265613	21.100068	0.528647
18.74	21.48	19.70	19.70	3.02	0.99	20.905073	21.265329	21.099414	0.528669
18.74	21.48	19.70	19.70	3.02	0.99	20.904013	21.265043	21.098760	0.528691
18.75	21.48	19.70	19.70	3.02	0.99	20.902952	21.264757	21.098105	0.528712
18.75	21.48	19.70	19.70	3.02	0.99	20.901890	21.264470	21.097449	0.528734
18.75	21.48	19.69	19.69	3.02	0.99	20.900827	21.264182	21.096792	0.528756
18.76	21.48	19.69	19.69	3.02	0.99	20.899763	21.263893	21.096134	0.528778
18.76	21.48	19.69	19.69	3.02	0.99	20.898698	21.263603	21.095475	0.528799
18.76	21.48	19.68	19.68	3.02	0.99	20.897632	21.263313	21.094815	0.528821
18.76	21.48	19.68	19.68	3.02	0.99	20.896565	21.263022	21.094154	0.528843
18.77	21.48	19.68	19.68	3.02	0.99	20.895497	21.262730	21.093493	0.528864
18.77	21.48	19.68	19.68	3.02	0.99	20.894428	21.262437	21.092830	0.528886
18.77	21.48	19.67	19.67	3.02	0.99	20.893358	21.262143	21.092167	0.528907
18.77	21.48	19.67	19.67	3.02	0.99	20.892287	21.261848	21.091502	0.528929
18.78	21.48	19.67	19.67	3.02	0.99	20.891215	21.261553	21.090837	0.528950
18.78	21.48	19.67	19.67	3.02	0.99	20.890142	21.261257	21.090171	0.528972
18.78	21.48	19.66	19.66	3.02	1.00	20.889068	21.260960	21.089504	0.528993
18.79	21.48	19.66	19.66	3.02	1.00	20.887993	21.260662	21.088836	0.529015
18.79	21.48	19.66	19.66	3.02	1.00	20.886917	21.260363	21.088167	0.529036
18.79	21.48	19.66	19.66	3.02	1.00	20.885840	21.260064	21.087497	0.529057
18.79	21.48	19.65	19.65	3.02	1.00	20.884762	21.259763	21.086826	0.529079
18.80	21.48	19.65	19.65	3.02	1.00	20.883682	21.259462	21.086154	0.529100
18.80	21.48	19.65	19.65	3.02	1.00	20.882602	21.259160	21.085482	0.529121
18.80	21.48	19.64	19.64	3.02	1.00	20.881521	21.258857	21.084808	0.529142
18.81	21.48	19.64	19.64	3.02	1.00	20.880439	21.258554	21.084134	0.529163
18.81	21.48	19.64	19.64	3.02	1.00	20.879356	21.258249	21.083458	0.529185
18.81	21.48	19.64	19.64	3.02	1.00	20.878271	21.257944	21.082782	0.529206
18.81	21.48	19.63	19.63	3.02	1.00	20.877186	21.257638	21.082105	0.529227
18.82	21.48	19.63	19.63	3.02	1.00	20.876100	21.257331	21.081427	0.529248
18.82	21.48	19.63	19.63	3.02	1.00	20.875013	21.257023	21.080748	0.529269
18.82	21.48	19.63	19.63	3.02	1.00	20.873924	21.256715	21.080068	0.529290
18.82	21.48	19.62	19.62	3.01	1.00	20.872835	21.256406	21.079387	0.529311
18.83	21.48	19.62	19.62	3.01	1.00	20.871745	21.256096	21.078705	0.529332
18.83	21.48	19.62	19.62	3.01	1.00	20.870653	21.255785	21.078022	0.529353
18.83	21.48	19.62	19.62	3.01	1.01	20.869561	21.255473	21.077339	0.529374
18.84	21.48	19.61	19.61	3.01	1.01	20.868468	21.255160	21.076654	0.529395
18.84	21.48	19.61	19.61	3.01	1.01	20.867373	21.254847	21.075968	0.529415
18.84	21.48	19.61	19.61	3.01	1.01	20.866278	21.254533	21.075282	0.529436
18.84	21.48	19.60	19.60	3.01	1.01	20.865181	21.254218	21.074595	0.529457
18.85	21.48	19.60	19.60	3.01	1.01	20.864084	21.253902	21.073906	0.529478
18.85	21.48	19.60	19.60	3.01	1.01	20.862986	21.253585	21.073217	0.529499
18.85	21.48	19.60	19.60	3.01	1.01	20.861886	21.253268	21.072527	0.529519
18.86	21.48	19.59	19.59	3.01	1.01	20.860786	21.252950	21.071836	0.529540
18.86	21.48	19.59	19.59	3.01	1.01	20.859684	21.252630	21.071144	0.529561
18.86	21.48	19.59	19.59	3.01	1.01	20.858581	21.252311	21.070452	0.529581
18.86	21.48	19.59	19.59	3.01	1.01	20.857478	21.251990	21.069758	0.529602
18.87	21.48	19.58	19.58	3.01	1.01	20.856373	21.251668	21.069063	0.529622
18.87	21.48	19.58	19.58	3.01	1.01	20.855268	21.251346	21.068368	0.529643
18.87	21.48	19.58	19.58	3.01	1.01	20.854161	21.251023	21.067671	0.529663
18.88	21.48	19.58	19.58	3.01	1.01	20.853053	21.250699	21.066974	0.529684
18.88	21.48	19.57	19.57	3.01	1.01	20.851944	21.250374	21.066275	0.529704
18.88	21.48	19.57	19.57	3.01	1.01	20.850835	21.250049	21.065576	0.529725
18.88	21.48	19.57	19.57	3.01	1.02	20.849724	21.249723	21.064876	0.529745
18.89	21.48	19.56	19.56	3.01	1.02	20.848612	21.249395	21.064175	0.529766
18.89	21.48	19.56	19.56	3.01	1.02	20.847499	21.249067	21.063473	0.529786
18.89	21.48	19.56	19.56	3.01	1.02	20.846386	21.248739	21.062770	0.529806
18.89	21.48	19.56	19.56	3.01	1.02	20.845271	21.248409	21.062066	0.529827
18.90	21.48	19.55	19.55	3.01	1.02	20.844155	21.248079	21.061361	0.529847
18.90	21.48	19.55	19.55	3.01	1.02	20.843038	21.247748	21.060656	0.529867
18.90	21.48	19.55	19.55	3.01	1.02	20.841920	21.247416	21.059949	0.529888
18.91	21.48	19.55	19.55	3.01	1.02	20.840801	21.247083	21.059241	0.529908
18.91	21.48	19.54	19.54	3.01	1.02	20.839681	21.246749	21.058533	0.529928
18.91	21.48	19.54	19.54	3.01	1.02	20.838560	21.246415	21.057824	0.529948
18.91	21.48	19.54	19.54	3.01	1.02	20.837438	21.246080	21.057113	0.529968
18.92	21.48	19.53	19.53	3.01	1.02	20.836315	21.245744	21.056402	0.529988
18.92	21.48	19.53	19.53	3.01	1.02	20.835191	21.245407	21.055690	0.530009
18.92	21.48	19.53	19.53	3.01	1.02	20.834065	21.245070	21.054977	0.530029
18.93	21.48	19.53	19.53	3.01	1.02	20.832939	21.244731	21.054263	0.530049
18.93	21.48	19.52	19.52	3.01	1.02	20.831812	21.244392	21.053548	0.530069
18.93	21.48	19.52	19.52	3.01	1.02	20.830684	21.244052	21.052832	0.530089
18.93	21.48	19.52	19.52	3.01	1.02	20.829555	21.243711	21.052116	0.530109
18.94	21.48	19.52	19.52	3.01	1.03	20.828424	21.243370	21.051398	0.530129
18.94	21.48	19.51	19.51	3.01	1.03	20.827293	21.243027	21.050680	0.530149
18.94	21.48	19.51	19.51	3.01	1.03	20.826160	21.242684	21.049960	0.530169
18.94	21.48	19.51	19.51	3.01	1.03	20.825027	21.242340	21.049240	0.530188
18.95	21.48	19.50	19.50	3.01	1.03	20.823893	21.241996	21.048519	0.530208
18.95	21.48	19.50	19.50	3.01	1.03	20.822757	21.241650	21.047796	0.530228
18.95	21.48	19.50	19.50	3.01	1.03	20.821621	21.241304	21.047073	0.530248
18.96	21.48	19.50	19.50	3.01	1.03	20.820483	21.240957	21.046349	0.530268
18.96	21.48	19.49	19.49	3.01	1.03	20.819345	21.240609	21.045624	0.530287
18.96	21.48	19.49	19.49	3.01	1.03	20.818205	21.240260	21.044898	0.530307
18.96	21.48	19.49	19.49	3.01	1.03	20.817064	21.239910	21.044172	0.530327
18.97	21.48	19.49	19.49	3.01	1.03	20.815923	21.239560	21.043444	0.530347
18.97	21.48	19.48	19.48	3.01	1.03	20.814780	21.239209	21.042715	0.530366
18.97	21.48	19.48	19.48	3.01	1.03	20.813636	21.238857	21.041986	0.530386
18.98	21.48	19.48	19.48	3.01	1.03	20.812491	21.238504	21.041255	0.530406
18.98	21.48	19.47	19.47	3.01	1.03	20.811346	21.238151	21.040524	0.530425
18.98	21.48	19.47	19.47	3.01	1.03	20.810199	21.237797	21.039792	0.530445
18.98	21.48	19.47	19.47	3.01	1.03	20.809051	21.237441	21.039059	0.530464
18.99	21.48	19.47	19.47	3.01	1.03	20.807902	21.237086	21.038324	0.530484
18.99	21.48	19.46	19.46	3.01	1.04	20.806752	21.236729	21.037589	0.530503
18.99	21.48	19.46	19.46	3.01	1.04	20.805601	21.236371	21.036853	0.530523
18.99	21.48	19.46	19.46	3.01	1.04	20.804449	21.236013	21.036117	0.530542
19.00	21.48	19.45	19.45	3.01	1.04	20.803296	21.235654	21.035379	0.530562
19.00	21.48	19.45	19.45	3.01	1.04	20.802142	21.235294	21.034640	0.530581
19.00	21.48	19.45	19.45	3.01	1.04	20.800987	21.234934	21.033900	0.530601
19.01	21.48	19.45	19.45	3.01	1.04	20.799830	21.234572	21.033160	0.530620
19.01	21.48	19.44	19.44	3.01	1.04	20.798673	21.234210	21.032418	0.530639
19.01	21.48	19.44	19.44	3.01	1.04	20.797515	21.233847	21.031676	0.530659
19.01	21.48	19.44	19.44	3.01	1.04	20.796356	21.233483	21.030933	0.530678
19.02	21.48	19.44	19.44	3.01	1.04	20.795195	21.233119	21.030189	0.530697
19.02	21.48	19.43	19.43	3.01	1.04	20.794034	21.232754	21.029444	0.530717
19.02	21.48	19.43	19.43	3.01	1.04	20.792872	21.232387	21.028698	0.530736
19.02	21.48	19.43	19.43	3.01	1.04	20.791708	21.232021	21.027951	0.530755
19.03	21.48	19.42	19.42	3.01	1.04	20.790544	21.231653	21.027203	0.530774
19.03	21.48	19.42	19.42	3.01	1.04	20.789378	21.231284	21.026454	0.530794
19.03	21.48	19.42	19.42	3.01	1.04	20.788211	21.230915	21.025704	0.530813
19.04	21.48	19.42	19.42	3.01	1.04	20.787044	21.230545	21.024954	0.530832
19.04	21.48	19.41	19.41	3.01	1.04	20.785875	21.230174	21.024202	0.530851
19.04	21.48	19.41	19.41	3.01	1.05	20.784705	21.229803	21.023450	0.530870
19.04	21.48	19.41	19.41	3.01	1.05	20.783535	21.229430	21.022696	0.530889
19.05	21.48	19.40	19.40	3.01	1.05	20.782363	21.229057	21.021942	0.530908
19.05	21.48	19.40	19.40	3.01	1.05	20.781190	21.228683	21.021187	0.530927
19.05	21.48	19.40	19.40	3.01	1.05	20.780016	21.228308	21.020431	0.530946
19.06	21.48	19.40	19.40	3.01	1.05	20.778841	21.227933	21.019674	0.530965
19.06	21.48	19.39	19.39	3.01	1.05	20.777665	21.227556	21.018916	0.530984
19.06	21.48	19.39	19.39	3.01	1.05	20.776488	21.227179	21.018157	0.531003
19.06	21.48	19.39	19.39	3.01	1.05	20.775310	21.226801	21.017397	0.531022
19.07	21.48	19.39	19.39	3.01	1.05	20.774131	21.226423	21.016636	0.531041
19.07	21.48	19.38	19.38	3.01	1.05	20.772951	21.226043	21.015875	0.531060
19.07	21.48	19.38	19.38	3.01	1.05	20.771770	21.225663	21.015112	0.531079
19.07	21.48	19.38	19.38	3.01	1.05	20.770588	21.225282	21.014349	0.531098
19.08	21.48	19.37	19.37	3.01	1.05	20.769405	21.224900	21.013585	0.531117
19.08	21.48	19.37	19.37	3.01	1.05	20.768220	21.224518	21.012819	0.531136
19.08	21.48	19.37	19.37	3.01	1.05	20.767035	21.224134	21.012053	0.531154
19.09	21.48	19.37	19.37	3.01	1.05	20.765849	21.223750	21.011286	0.531173
19.09	21.48	19.36	19.36	3.01	1.05	20.764661	21.223365	21.010518	0.531192
19.09	21.48	19.36	19.36	3.01	1.05	20.763473	21.222980	21.009749	0.531211
19.09	21.48	19.36	19.36	3.01	1.05	20.762283	21.222593	21.008979	0.531229
19.10	21.48	19.35	19.35	3.01	1.06	20.761093	21.222206	21.008209	0.531248
19.10	21.48	19.35	19.35	3.01	1.06	20.759901	21.221818	21.007437	0.531267
19.10	21.48	19.35	19.35	3.01	1.06	20.758708	21.221429	21.006664	0.531285
19.11	21.48	19.35	19.35	3.01	1.06	20.757515	21.221040	21.005891	0.531304
19.11	21.48	19.34	19.34	3.01	1.06	20.756320	21.220649	21.005116	0.531323
19.11	21.48	19.34	19.34	3.01	1.06	20.755124	21.220258	21.004341	0.531341
19.11	21.48	19.34	19.34	3.01	1.06	20.753927	21.219866	21.003565	0.531360
19.12	21.48	19.33	19.33	3.01	1.06	20.752730	21.219474	21.002788	0.531378
19.12	21.48	19.33	19.33	3.01	1.06	20.751531	21.219080	21.002010	0.531397
19.12	21.48	19.33	19.33	3.01	1.06	20.750331	21.218686	21.001231	0.531416
19.12	21.48	19.33	19.33	3.01	1.06	20.749130	21.218291	21.000451	0.531434
19.13	21.48	19.32	19.32	3.01	1.06	20.747928	21.217895	20.999670	0.531453
19.13	21.48	19.32	19.32	3.01	1.06	20.746725	21.217499	20.998888	0.531471
19.13	21.48	19.32	19.32	3.01	1.06	20.745520	21.217101	20.998106	0.531489
19.14	21.48	19.31	19.31	3.01	1.06	20.744315	21.216703	20.997322	0.531508
19.14	21.48	19.31	19.31	3.01	1.06	20.743109	21.216304	20.996538	0.531526
19.14	21.48	19.31	19.31	3.01	1.06	20.741902	21.215905	20.995752	0.531545
19.14	21.48	19.31	19.31	3.01	1.06	20.740693	21.215504	20.994966	0.531563
19.15	21.48	19.30	19.30	3.01	1.06	20.739484	21.215103	20.994179	0.531582
19.15	21.48	19.30	19.30	3.01	1.06	20.738274	21.214701	20.993391	0.531600
19.15	21.48	19.30	19.30	3.01	1.07	20.737062	21.214298	20.992602	0.531618
19.16	21.48	19.29	19.29	3.01	1.07	20.735850	21.213895	20.991812	0.531636
19.16	21.48	19.29	19.29	3.01	1.07	20.734636	21.213491	20.991021	0.531655
19.16	21.48	19.29	19.29	3.01	1.07	20.733421	21.213086	20.990229	0.531673
19.16	21.48	19.29	19.29	3.01	1.07	20.732206	21.212680	20.989437	0.531691
19.17	21.48	19.28	19.28	3.01	1.07	20.730989	21.212273	20.988643	0.531710
19.17	21.48	19.28	19.28	3.01	1.07	20.729771	21.211866	20.987848	0.531728
19.17	21.48	19.28	19.28	3.01	1.07	20.728553	21.211458	20.987053	0.531746
19.18	21.48	19.27	19.27	3.01	1.07	20.727333	21.211049	20.986257	0.531764
19.18	21.48	19.27	19.27	3.01	1.07	20.726112	21.210639	20.985459	0.531782
19.18	21.48	19.27	19.27	3.01	1.07	20.724890	21.210229	20.984661	0.531800
19.18	21.48	19.27	19.27	3.01	1.07	20.723667	21.209818	20.983862	0.531819
19.19	21.48	19.26	19.26	3.01	1.07	20.722443	21.209406	20.983062	0.531837
19.19	21.48	19.26	19.26	3.01	1.07	20.721218	21.208993	20.982261	0.531855
19.19	21.48	19.26	19.26	3.01	1.07	20.719992	21.208579	20.981460	0.531873
19.19	21.48	19.25	19.25	3.01	1.07	20.718764	21.208165	20.980657	0.531891
19.20	21.48	19.25	19.25	3.01	1.07	20.717536	21.207750	20.979853	0.531909
19.20	21.48	19.25	19.25	3.01	1.07	20.716307	21.207334	20.979049	0.531927
19.20	21.48	19.25	19.25	3.01	1.07	20.715077	21.206918	20.978243	0.531945
19.21	21.48	19.24	19.24	3.01	1.07	20.713845	21.206500	20.977437	0.531963
19.21	21.48	19.24	19.24	3.01	1.08	20.712613	21.206082	20.976630	0.531981
19.21	21.48	19.24	19.24	3.01	1.08	20.711379	21.205663	20.975821	0.531999
19.21	21.48	19.23	19.23	3.01	1.08	20.710145	21.205244	20.975012	0.532017
19.22	21.48	19.23	19.23	3.01	1.08	20.708909	21.204823	20.974202	0.532035
19.22	21.48	19.23	19.23	3.01	1.08	20.707673	21.204402	20.973391	0.532053
19.22	21.48	19.23	19.23	3.01	1.08	20.706435	21.203980	20.972580	0.532071
19.23	21.48	19.22	19.22	3.01	1.08	20.705196	21.203558	20.971767	0.532088
19.23	21.48	19.22	19.22	3.01	1.08	20.703956	21.203134	20.970953	0.532106
19.23	21.48	19.22	19.22	3.01	1.08	20.702716	21.202710	20.970139	0.532124
19.23	21.48	19.21	19.21	3.01	1.08	20.701474	21.202285	20.969323	0.532142
19.24	21.48	19.21	19.21	3.01	1.08	20.700231	21.201859	20.968507	0.532160
19.24	21.48	19.21	19.21	3.01	1.08	20.698987	21.201433	20.967690	0.532178
19.24	21.48	19.21	19.21	3.01	1.08	20.697742	21.201005	20.966871	0.532195
19.24	21.48	19.20	19.20	3.01	1.08	20.696496	21.200577	20.966052	0.532213
19.25	21.48	19.20	19.20	3.01	1.08	20.695249	21.200149	20.965232	0.532231
19.25	21.48	19.20	19.20	3.01	1.08	20.694000	21.199719	20.964411	0.532249
19.25	21.48	19.19	19.19	3.01	1.08	20.692751	21.199289	20.963590	0.532266
19.26	21.48	19.19	19.19	3.01	1.08	20.691501	21.198858	20.962767	0.532284
19.26	21.48	19.19	19.19	3.01	1.08	20.690250	21.198426	20.961943	0.532302
19.26	21.48	19.19	19.19	3.01	1.08	20.688997	21.197993	20.961119	0.532319
19.26	21.48	19.18	19.18	3.01	1.08	20.687744	21.197560	20.960293	0.532337
19.27	21.48	19.18	19.18	3.01	1.09	20.686489	21.197126	20.959467	0.532354
19.27	21.48	19.18	19.18	3.01	1.09	20.685234	21.196691	20.958639	0.532372
19.27	21.48	19.17	19.17	3.01	1.09	20.683977	21.196255	20.957811	0.532390
19.27	21.48	19.17	19.17	3.01	1.09	20.682720	21.195819	20.956982	0.532407
19.28	21.48	19.17	19.17	3.01	1.09	20.681461	21.195382	20.956152	0.532425
19.28	21.48	19.16	19.16	3.01	1.09	20.680201	21.194944	20.955321	0.532442
19.28	21.48	19.16	19.16	3.01	1.09	20.678941	21.194505	20.954489	0.532460
19.29	21.48	19.16	19.16	3.01	1.09	20.677679	21.194066	20.953657	0.532477
19.29	21.48	19.16	19.16	3.01	1.09	20.676416	21.193625	20.952823	0.532495
19.29	21.48	19.15	19.15	3.01	1.09	20.675152	21.193185	20.951988	0.532512
19.29	21.48	19.15	19.15	3.01	1.09	20.673887	21.192743	20.951153	0.532530
19.30	21.48	19.15	19.15	3.01	1.09	20.672621	21.192300	20.950316	0.532547
19.30	21.48	19.14	19.14	3.01	1.09	20.671354	21.191857	20.949479	0.532565
19.30	21.48	19.14	19.14	3.01	1.09	20.670086	21.191413	20.948641	0.532582
19.31	21.48	19.14	19.14	3.01	1.09	20.668817	21.190968	20.947802	0.532599
19.31	21.48	19.14	19.14	3.01	1.09	20.667546	21.190523	20.946962	0.532617
19.31	21.48	19.13	19.13	3.01	1.09	20.666275	21.190077	20.946121	0.532634
19.31	21.48	19.13	19.13	3.01	1.09	20.665003	21.189630	20.945279	0.532652
19.32	21.48	19.13	19.13	3.01	1.09	20.663729	21.189182	20.944436	0.532669
19.32	21.48	19.12	19.12	3.01	1.09	20.662455	21.188734	20.943593	0.532686
19.32	21.48	19.12	19.12	3.01	1.09	20.661180	21.188284	20.942748	0.532703
19.32	21.48	19.12	19.12	3.01	1.09	20.659903	21.187834	20.941903	0.532721
19.33	21.48	19.12	19.12	3.01	1.10	20.658626	21.187383	20.941056	0.532738
19.33	21.48	19.11	19.11	3.01	1.10	20.657347	21.186932	20.940209	0.532755
19.33	21.48	19.11	19.11	3.01	1.10	20.656067	21.186480	20.939361	0.532773
19.34	21.48	19.11	19.11	3.01	1.10	20.654787	21.186027	20.938512	0.532790
19.34	21.48	19.10	19.10	3.01	1.10	20.653505	21.185573	20.937662	0.532807
19.34	21.48	19.10	19.10	3.01	1.10	20.652222	21.185118	20.936811	0.532824
19.34	21.48	19.10	19.10	3.01	1.10	20.650938	21.184663	20.935959	0.532841
19.35	21.48	19.09	19.09	3.01	1.10	20.649653	21.184207	20.935106	0.532859
19.35	21.48	19.09	19.09	3.01	1.10	20.648367	21.183750	20.934253	0.532876
19.35	21.48	19.09	19.09	3.01	1.10	20.647080	21.183293	20.933398	0.532893
19.36	21.48	19.09	19.09	3.01	1.10	20.645792	21.182834	20.932543	0.532910
19.36	21.48	19.08	19.08	3.01	1.10	20.644503	21.182375	20.931687	0.532927
19.36	21.48	19.08	19.08	3.01	1.10	20.643213	21.181916	20.930829	0.532944
19.36	21.48	19.08	19.08	3.01	1.10	20.641922	21.181455	20.929971	0.532961
19.37	21.48	19.07	19.07	3.01	1.10	20.640629	21.180994	20.929112	0.532978
19.37	21.48	19.07	19.07	3.01	1.10	20.639336	21.180532	20.928252	0.532995
19.37	21.48	19.07	19.07	3.01	1.10	20.638042	21.180069	20.927391	0.533012
19.38	21.48	19.06	19.06	3.01	1.10	20.636746	21.179605	20.926530	0.533029
19.38	21.48	19.06	19.06	3.01	1.10	20.635450	21.179141	20.925667	0.533046
19.38	21.48	19.06	19.06	3.01	1.10	20.634152	21.178676	20.924803	0.533063
19.38	21.48	19.06	19.06	3.01	1.10	20.632854	21.178210	20.923939	0.533080
19.39	21.48	19.05	19.05	3.01	1.11	20.631554	21.177744	20.923073	0.533097
19.39	21.48	19.05	19.05	3.01	1.11	20.630253	21.177276	20.922207	0.533114
19.39	21.48	19.05	19.05	3.01	1.11	20.628952	21.176808	20.921340	0.533131
19.39	21.48	19.04	19.04	3.01	1.11	20.627649	21.176339	20.920472	0.533148
19.40	21.48	19.04	19.04	3.01	1.11	20.626345	21.175870	20.919603	0.533165
19.40	21.48	19.04	19.04	3.01	1.11	20.625040	21.175400	20.918733	0.533182
19.40	21.48	19.04	19.04	3.01	1.11	20.623734	21.174929	20.917862	0.533199
19.41	21.48	19.03	19.03	3.01	1.11	20.622427	21.174457	20.916990	0.533216
19.41	21.48	19.03	19.03	3.01	1.11	20.621119	21.173984	20.916118	0.533232
19.41	21.48	19.03	19.03	3.01	1.11	20.619810	21.173511	20.915244	0.533249
19.41	21.48	19.02	19.02	3.01	1.11	20.618500	21.173037	20.914370	0.533266
19.42	21.48	19.02	19.02	3.01	1.11	20.617189	21.172562	20.913495	0.533283
19.42	21.48	19.02	19.02	3.01	1.11	20.615877	21.172087	20.912618	0.533300
19.42	21.48	19.01	19.01	3.01	1.11	20.614563	21.171610	20.911741	0.533316
19.43	21.48	19.01	19.01	3.01	1.11	20.613249	21.171133	20.910863	0.533333
19.43	21.48	19.01	19.01	3.01	1.11	20.611934	21.170656	20.909984	0.533350
19.43	21.48	19.01	19.01	3.01	1.11	20.610617	21.170177	20.909104	0.533367
19.43	21.48	19.00	19.00	3.01	1.11	20.609300	21.169698	20.908224	0.533383
19.44	21.48	19.00	19.00	3.01	1.11	20.607981	21.169218	20.907342	0.533400
19.44	21.48	19.00	19.00	3.01	1.11	20.606662	21.168737	20.906459	0.533417
19.44	21.48	18.99	18.99	3.01	1.11	20.605341	21.168256	20.905576	0.533433
19.44	21.48	18.99	18.99	3.01	1.11	20.604019	21.167773	20.904692	0.533450
19.45	21.48	18.99	18.99	3.01	1.12	20.602697	21.167291	20.903806	0.533467
19.45	21.48	18.98	18.98	3.01	1.12	20.601373	21.166807	20.902920	0.533483
19.45	21.48	18.98	18.98	3.01	1.12	20.600048	21.166322	20.902033	0.533500
19.46	21.48	18.98	18.98	3.01	1.12	20.598722	21.165837	20.901145	0.533516
19.46	21.48	18.98	18.98	3.01	1.12	20.597395	21.165351	20.900256	0.533533
19.46	21.48	18.97	18.97	3.01	1.12	20.596067	21.164865	20.899367	0.533550
19.46	21.48	18.97	18.97	3.01	1.12	20.594738	21.164377	20.898476	0.533566
19.47	21.48	18.97	18.97	3.01	1.12	20.593408	21.163889	20.897584	0.533583
19.47	21.48	18.96	18.96	3.01	1.12	20.592077	21.163400	20.896692	0.533599
19.47	21.48	18.96	18.96	3.01	1.12	20.590745	21.162910	20.895799	0.533616
19.48	21.48	18.96	18.96	3.01	1.12	20.589412	21.162420	20.894904	0.533632
19.48	21.48	18.95	18.95	3.01	1.12	20.588078	21.161929	20.894009	0.533649
19.48	21.48	18.95	18.95	3.01	1.12	20.586742	21.161437	20.893113	0.533665
19.48	21.48	18.95	18.95	3.01	1.12	20.585406	21.160944	20.892216	0.533682
19.49	21.48	18.95	18.95	3.01	1.12	20.584069	21.160451	20.891318	0.533698
19.49	21.48	18.94	18.94	3.01	1.12	20.582730	21.159957	20.890420	0.533715
19.49	21.48	18.94	18.94	3.01	1.12	20.581391	21.159462	20.889520	0.533731
19.49	21.48	18.94	18.94	3.01	1.12	20.580050	21.158967	20.888619	0.533747
19.50	21.48	18.93	18.93	3.01	1.12	20.578709	21.158470	20.887718	0.533764
19.50	21.48	18.93	18.93	3.01	1.12	20.577366	21.157973	20.886816	0.533780
19.50	21.48	18.93	18.93	3.01	1.12	20.576022	21.157475	20.885912	0.533797
19.51	21.48	18.92	18.92	3.01	1.12	20.574678	21.156977	20.885008	0.533813
19.51	21.48	18.92	18.92	3.01	1.12	20.573332	21.156478	20.884103	0.533829
19.51	21.48	18.92	18.92	3.01	1.13	20.571985	21.155978	20.883197	0.533846
19.51	21.48	18.92	18.92	3.01	1.13	20.570637	21.155477	20.882290	0.533862
19.52	21.48	18.91	18.91	3.01	1.13	20.569288	21.154975	20.881383	0.533878
19.52	21.48	18.91	18.91	3.01	1.13	20.567938	21.154473	20.880474	0.533895
19.52	21.48	18.91	18.91	3.01	1.13	20.566587	21.153970	20.879564	0.533911
19.52	21.48	18.90	18.90	3.01	1.13	20.565235	21.153466	20.878654	0.533927
19.53	21.48	18.90	18.90	3.01	1.13	20.563882	21.152962	20.877743	0.533943
19.53	21.48	18.90	18.90	3.01	1.13	20.562528	21.152457	20.876830	0.533960
19.53	21.48	18.89	18.89	3.01	1.13	20.561173	21.151951	20.875917	0.533976
19.54	21.48	18.89	18.89	3.01	1.13	20.559817	21.151444	20.875003	0.533992
19.54	21.48	18.89	18.89	3.01	1.13	20.558459	21.150937	20.874088	0.534008
19.54	21.48	18.88	18.88	3.01	1.13	20.557101	21.150429	20.873172	0.534024
19.54	21.48	18.88	18.88	3.01	1.13	20.555742	21.149920	20.872256	0.534041
19.55	21.48	18.88	18.88	3.01	1.13	20.554381	21.149410	20.871338	0.534057
19.55	21.48	18.88	18.88	3.01	1.13	20.553020	21.148900	20.870420	0.534073
19.55	21.48	18.87	18.87	3.01	1.13	20.551657	21.148389	20.869500	0.534089
19.56	21.48	18.87	18.87	3.01	1.13	20.550294	21.147877	20.868580	0.534105
19.56	21.48	18.87	18.87	3.01	1.13	20.548929	21.147365	20.867659	0.534121
19.56	21.48	18.86	18.86	3.01	1.13	20.547564	21.146851	20.866737	0.534137
19.56	21.48	18.86	18.86	3.01	1.13	20.546197	21.146337	20.865814	0.534154
19.57	21.48	18.86	18.86	3.01	1.13	20.544829	21.145823	20.864890	0.534170
19.57	21.48	18.85	18.85	3.01	1.13	20.543460	21.145307	20.863965	0.534186
19.57	21.48	18.85	18.85	3.01	1.14	20.542091	21.144791	20.863039	0.534202
19.57	21.48	18.85	18.85	3.01	1.14	20.540720	21.144274	20.862113	0.534218
19.58	21.48	18.85	18.85	3.01	1.14	20.539348	21.143756	20.861185	0.534234
19.58	21.48	18.84	18.84	3.01	1.14	20.537975	21.143238	20.860257	0.534250
19.58	21.48	18.84	18.84	3.01	1.14	20.536601	21.142719	20.859328	0.534266
19.59	21.48	18.84	18.84	3.01	1.14	20.535226	21.142199	20.858398	0.534282
19.59	21.48	18.83	18.83	3.01	1.14	20.533850	21.141678	20.857467	0.534298
19.59	21.48	18.83	18.83	3.01	1.14	20.532473	21.141157	20.856535	0.534314
19.59	21.48	18.83	18.83	3.01	1.14	20.531095	21.140635	20.855602	0.534330
19.60	21.48	18.82	18.82	3.01	1.14	20.529715	21.140112	20.854668	0.534346
19.60	21.48	18.82	18.82	3.01	1.14	20.528335	21.139589	20.853733	0.534362
19.60	21.48	18.82	18.82	3.01	1.14	20.526954	21.139064	20.852798	0.534377
19.61	21.48	18.81	18.81	3.01	1.14	20.525571	21.138539	20.851862	0.534393
19.61	21.48	18.81	18.81	3.01	1.14	20.524188	21.138014	20.850924	0.534409
19.61	21.48	18.81	18.81	3.01	1.14	20.522804	21.137487	20.849986	0.534425
19.61	21.48	18.81	18.81	3.01	1.14	20.521418	21.136960	20.849047	0.534441
19.62	21.48	18.80	18.80	3.01	1.14	20.520032	21.136432	20.848107	0.534457
19.62	21.48	18.80	18.80	3.01	1.14	20.518644	21.135903	20.847166	0.534473
19.62	21.48	18.80	18.80	3.01	1.14	20.517256	21.135374	20.846224	0.534489
19.62	21.48	18.79	18.79	3.01	1.14	20.515866	21.134844	20.845282	0.534504
19.63	21.48	18.79	18.79	3.01	1.14	20.514475	21.134313	20.844338	0.534520
19.63	21.48	18.79	18.79	3.01	1.14	20.513084	21.133782	20.843394	0.534536
19.63	21.48	18.78	18.78	3.01	1.14	20.511691	21.133249	20.842449	0.534552
19.64	21.48	18.78	18.78	3.01	1.15	20.510297	21.132716	20.841502	0.534568
19.64	21.48	18.78	18.78	3.01	1.15	20.508902	21.132183	20.840555	0.534583
19.64	21.48	18.77	18.77	3.01	1.15	20.507506	21.131648	20.839607	0.534599
19.64	21.48	18.77	18.77	3.01	1.15	20.506109	21.131113	20.838658	0.534615
19.65	21.48	18.77	18.77	3.01	1.15	20.504711	21.130577	20.837709	0.534630
19.65	21.48	18.77	18.77	3.01	1.15	20.503312	21.130040	20.836758	0.534646
19.65	21.48	18.76	18.76	3.01	1.15	20.501912	21.129503	20.835806	0.534662
19.66	21.48	18.76	18.76	3.01	1.15	20.500511	21.128965	20.834854	0.534678
19.66	21.48	18.76	18.76	3.01	1.15	20.499109	21.128426	20.833901	0.534693
19.66	21.48	18.75	18.75	3.01	1.15	20.497706	21.127886	20.832946	0.534709
19.66	21.48	18.75	18.75	3.01	1.15	20.496302	21.127346	20.831991	0.534725
19.67	21.48	18.75	18.75	3.01	1.15	20.494897	21.126805	20.831035	0.534740
19.67	21.48	18.74	18.74	3.01	1.15	20.493490	21.126263	20.830078	0.534756
19.67	21.48	18.74	18.74	3.01	1.15	20.492083	21.125721	20.829121	0.534771
19.68	21.48	18.74	18.74	3.01	1.15	20.490675	21.125178	20.828162	0.534787
19.68	21.48	18.73	18.73	3.01	1.15	20.489265	21.124634	20.827202	0.534803
19.68	21.48	18.73	18.73	3.01	1.15	20.487855	21.124089	20.826242	0.534818
19.68	21.48	18.73	18.73	3.01	1.15	20.486443	21.123544	20.825281	0.534834
19.69	21.48	18.73	18.73	3.01	1.15	20.485031	21.122998	20.824319	0.534849
19.69	21.48	18.72	18.72	3.01	1.15	20.483617	21.122451	20.823355	0.534865
19.69	21.48	18.72	18.72	3.01	1.15	20.482203	21.121903	20.822391	0.534880
19.69	21.48	18.72	18.72	3.01	1.15	20.480787	21.121355	20.821427	0.534896
19.70	21.48	18.71	18.71	3.01	1.15	20.479371	21.120806	20.820461	0.534911
19.70	21.48	18.71	18.71	3.01	1.15	20.477953	21.120256	20.819494	0.534927
19.70	21.48	18.71	18.71	3.01	1.16	20.476534	21.119706	20.818527	0.534942
19.71	21.48	18.70	18.70	3.01	1.16	20.475114	21.119155	20.817558	0.534958
19.71	21.48	18.70	18.70	3.01	1.16	20.473694	21.118603	20.816589	0.534973
19.71	21.48	18.70	18.70	3.01	1.16	20.472272	21.118050	20.815619	0.534989
19.71	21.48	18.69	18.69	3.01	1.16	20.470849	21.117497	20.814648	0.535004
19.72	21.48	18.69	18.69	3.01	1.16	20.469425	21.116943	20.813676	0.535020
19.72	21.48	18.69	18.69	3.01	1.16	20.468000	21.116388	20.812703	0.535035
19.72	21.48	18.68	18.68	3.01	1.16	20.466574	21.115832	20.811729	0.535051
19.73	21.48	18.68	18.68	3.01	1.16	20.465147	21.115276	20.810754	0.535066
19.73	21.48	18.68	18.68	3.01	1.16	20.463719	21.114719	20.809779	0.535081
19.73	21.48	18.68	18.68	3.01	1.16	20.462290	21.114161	20.808802	0.535097
19.73	21.48	18.67	18.67	3.01	1.16	20.460860	21.113603	20.807825	0.535112
19.74	21.48	18.67	18.67	3.01	1.16	20.459429	21.113044	20.806847	0.535127
19.74	21.48	18.67	18.67	3.01	1.16	20.457996	21.112484	20.805868	0.535143
19.74	21.48	18.66	18.66	3.01	1.16	20.456563	21.111923	20.804888	0.535158
19.74	21.48	18.66	18.66	3.01	1.16	20.455129	21.111362	20.803907	0.535173
19.75	21.48	18.66	18.66	3.01	1.16	20.453694	21.110800	20.802926	0.535189
19.75	21.48	18.65	18.65	3.01	1.16	20.452257	21.110237	20.801943	0.535204
19.75	21.48	18.65	18.65	3.01	1.16	20.450820	21.109674	20.800959	0.535219
19.76	21.48	18.65	18.65	3.01	1.16	20.449382	21.109110	20.799975	0.535235
19.76	21.48	18.64	18.64	3.01	1.16	20.447942	21.108545	20.798990	0.535250
19.76	21.48	18.64	18.64	3.01	1.16	20.446502	21.107979	20.798004	0.535265
19.76	21.48	18.64	18.64	3.01	1.16	20.445060	21.107413	20.797017	0.535280
19.77	21.48	18.63	18.63	3.01	1.17	20.443618	21.106846	20.796029	0.535296
19.77	21.48	18.63	18.63	3.01	1.17	20.442174	21.106278	20.795040	0.535311
19.77	21.48	18.63	18.63	3.01	1.17	20.440730	21.105710	20.794050	0.535326
19.77	21.48	18.63	18.63	3.01	1.17	20.439284	21.105140	20.793060	0.535341
19.78	21.48	18.62	18.62	3.01	1.17	20.437837	21.104571	20.792069	0.535356
19.78	21.48	18.62	18.62	3.01	1.17	20.436390	21.104000	20.791076	0.535372
19.78	21.48	18.62	18.62	3.01	1.17	20.434941	21.103429	20.790083	0.535387
19.79	21.48	18.61	18.61	3.01	1.17	20.433491	21.102856	20.789089	0.535402
19.79	21.48	18.61	18.61	3.01	1.17	20.432040	21.102284	20.788094	0.535417
19.79	21.48	18.61	18.61	3.01	1.17	20.430589	21.101710	20.787098	0.535432
19.79	21.48	18.60	18.60	3.01	1.17	20.429136	21.101136	20.786102	0.535447
19.80	21.48	18.60	18.60	3.01	1.17	20.427682	21.100561	20.785104	0.535462
19.80	21.48	18.60	18.60	3.01	1.17	20.426227	21.099985	20.784106	0.535477
19.80	21.48	18.59	18.59	3.01	1.17	20.424771	21.099409	20.783106	0.535493
19.81	21.48	18.59	18.59	3.01	1.17	20.423314	21.098832	20.782106	0.535508
19.81	21.48	18.59	18.59	3.01	1.17	20.421856	21.098254	20.781105	0.535523
19.81	21.48	18.58	18.58	3.01	1.17	20.420397	21.097675	20.780103	0.535538
19.81	21.48	18.58	18.58	3.01	1.17	20.418937	21.097096	20.779100	0.535553
19.82	21.48	18.58	18.58	3.01	1.17	20.417476	21.096516	20.778096	0.535568
19.82	21.48	18.57	18.57	3.01	1.17	20.416014	21.095936	20.777092	0.535583
19.82	21.48	18.57	18.57	3.01	1.17	20.414551	21.095354	20.776086	0.535598
19.82	21.48	18.57	18.57	3.01	1.17	20.413087	21.094772	20.775080	0.535613
19.83	21.48	18.57	18.57	3.01	1.17	20.411621	21.094189	20.774073	0.535628
19.83	21.48	18.56	18.56	3.01	1.17	20.410155	21.093606	20.773065	0.535643
19.83	21.48	18.56	18.56	3.01	1.18	20.408688	21.093021	20.772056	0.535658
19.84	21.48	18.56	18.56	3.01	1.18	20.407220	21.092436	20.771046	0.535673
19.84	21.48	18.55	18.55	3.01	1.18	20.405750	21.091851	20.770035	0.535688
19.84	21.48	18.55	18.55	3.01	1.18	20.404280	21.091264	20.769023	0.535703
19.84	21.48	18.55	18.55	3.01	1.18	20.402809	21.090677	20.768011	0.535718
19.85	21.48	18.54	18.54	3.01	1.18	20.401336	21.090089	20.766997	0.535732
19.85	21.48	18.54	18.54	3.01	1.18	20.399863	21.089501	20.765983	0.535747
19.85	21.48	18.54	18.54	3.01	1.18	20.398389	21.088912	20.764968	0.535762
19.86	21.48	18.53	18.53	3.01	1.18	20.396913	21.088322	20.763952	0.535777
19.86	21.48	18.53	18.53	3.01	1.18	20.395437	21.087731	20.762935	0.535792
19.86	21.48	18.53	18.53	3.01	1.18	20.393959	21.087140	20.761917	0.535807
19.86	21.48	18.52	18.52	3.01	1.18	20.392481	21.086547	20.760899	0.535822
19.87	21.48	18.52	18.52	3.00	1.18	20.391001	21.085955	20.759879	0.535837
19.87	21.48	18.52	18.52	3.00	1.18	20.389521	21.085361	20.758859	0.535851
19.87	21.48	18.51	18.51	3.00	1.18	20.388039	21.084767	20.757837	0.535866
19.88	21.48	18.51	18.51	3.00	1.18	20.386556	21.084172	20.756815	0.535881
19.88	21.48	18.51	18.51	3.00	1.18	20.385073	21.083576	20.755792	0.535896
19.88	21.48	18.50	18.50	3.00	1.18	20.383588	21.082980	20.754768	0.535911
19.88	21.48	18.50	18.50	3.00	1.18	20.382103	21.082383	20.753744	0.535925
19.89	21.48	18.50	18.50	3.00	1.18	20.380616	21.081785	20.752718	0.535940
19.89	21.48	18.50	18.50	3.00	1.18	20.379128	21.081186	20.751691	0.535955
19.89	21.48	18.49	18.49	3.00	1.18	20.377639	21.080587	20.750664	0.535970
19.89	21.48	18.49	18.49	3.00	1.18	20.376150	21.079987	20.749636	0.535985
19.90	21.48	18.49	18.49	3.00	1.18	20.374659	21.079387	20.748607	0.535999
19.90	21.48	18.48	18.48	3.00	1.18	20.373167	21.078785	20.747577	0.536014
19.90	21.48	18.48	18.48	3.00	1.19	20.371674	21.078183	20.746546	0.536029
19.91	21.48	18.48	18.48	3.00	1.19	20.370180	21.077580	20.745514	0.536043
19.91	21.48	18.47	18.47	3.00	1.19	20.368685	21.076977	20.744481	0.536058
19.91	21.48	18.47	18.47	3.00	1.19	20.367190	21.076373	20.743448	0.536073
19.91	21.48	18.47	18.47	3.00	1.19	20.365693	21.075768	20.742414	0.536087
19.92	21.48	18.46	18.46	3.00	1.19	20.364195	21.075162	20.741378	0.536102
19.92	21.48	18.46	18.46	3.00	1.19	20.362696	21.074556	20.740342	0.536117
19.92	21.48	18.46	18.46	3.00	1.19	20.361196	21.073949	20.739305	0.536131
19.93	21.48	18.45	18.45	3.00	1.19	20.359695	21.073341	20.738267	0.536146
19.93	21.48	18.45	18.45	3.00	1.19	20.358193	21.072733	20.737229	0.536161
19.93	21.48	18.45	18.45	3.00	1.19	20.356690	21.072124	20.736189	0.536175
19.93	21.48	18.44	18.44	3.00	1.19	20.355186	21.071514	20.735149	0.536190
19.94	21.48	18.44	18.44	3.00	1.19	20.353681	21.070903	20.734107	0.536204
19.94	21.48	18.44	18.44	3.00	1.19	20.352175	21.070292	20.733065	0.536219
19.94	21.48	18.43	18.43	3.00	1.19	20.350668	21.069680	20.732022	0.536234
19.94	21.48	18.43	18.43	3.00	1.19	20.349159	21.069067	20.730978	0.536248
19.95	21.48	18.43	18.43	3.00	1.19	20.347650	21.068454	20.729933	0.536263
19.95	21.48	18.42	18.42	3.00	1.19	20.346140	21.067840	20.728888	0.536277
19.95	21.48	18.42	18.42	3.00	1.19	20.344629	21.067225	20.727841	0.536292
19.96	21.48	18.42	18.42	3.00	1.19	20.343117	21.066609	20.726794	0.536306
19.96	21.48	18.42	18.42	3.00	1.19	20.341604	21.065993	20.725745	0.536321
19.96	21.48	18.41	18.41	3.00	1.19	20.340090	21.065376	20.724696	0.536335
19.96	21.48	18.41	18.41	3.00	1.19	20.338574	21.064759	20.723646	0.536350
19.97	21.48	18.41	18.41	3.00	1.19	20.337058	21.064140	20.722595	0.536364
19.97	21.48	18.40	18.40	3.00	1.19	20.335541	21.063521	20.721544	0.536379
19.97	21.48	18.40	18.40	3.00	1.20	20.334023	21.062901	20.720491	0.536393
19.98	21.48	18.40	18.40	3.00	1.20	20.332503	21.062281	20.719438	0.536408
19.98	21.48	18.39	18.39	3.00	1.20	20.330983	21.061660	20.718383	0.536422
19.98	21.48	18.39	18.39	3.00	1.20	20.329462	21.061038	20.717328	0.536437
19.98	21.48	18.39	18.39	3.00	1.20	20.327939	21.060415	20.716272	0.536451
19.99	21.48	18.38	18.38	3.00	1.20	20.326416	21.059792	20.715215	0.536465
19.99	21.48	18.38	18.38	3.00	1.20	20.324892	21.059168	20.714157	0.536480
19.99	21.48	18.38	18.38	3.00	1.20	20.323366	21.058543	20.713098	0.536494
19.99	21.48	18.37	18.37	3.00	1.20	20.321840	21.057918	20.712039	0.536509
20.00	21.48	18.37	18.37	3.00	1.20	20.320313	21.057292	20.710979	0.536523
20.00	21.48	18.37	18.37	3.00	1.20	20.318784	21.056665	20.709917	0.536537
20.00	21.48	18.36	18.36	3.00	1.20	20.317255	21.056038	20.708855	0.536552
20.01	21.48	18.36	18.36	3.00	1.20	20.315724	21.055409	20.707792	0.536566
20.01	21.48	18.36	18.36	3.00	1.20	20.314193	21.054781	20.706728	0.536580
20.01	21.48	18.35	18.35	3.00	1.20	20.312661	21.054151	20.705664	0.536595
20.01	21.48	18.35	18.35	3.00	1.20	20.311127	21.053521	20.704598	0.536609
20.02	21.48	18.35	18.35	3.00	1.20	20.309593	21.052890	20.703531	0.536623
20.02	21.48	18.34	18.34	3.00	1.20	20.308057	21.052258	20.702464	0.536638
20.02	21.48	18.34	18.34	3.00	1.20	20.306521	21.051625	20.701396	0.536652
20.02	21.48	18.34	18.34	3.00	1.20	20.304983	21.050992	20.700327	0.536666
20.03	21.48	18.33	18.33	3.00	1.20	20.303445	21.050359	20.699257	0.536681
20.03	21.48	18.33	18.33	3.00	1.20	20.301905	21.049724	20.698186	0.536695
20.03	21.48	18.33	18.33	3.00	1.20	20.300365	21.049089	20.697115	0.536709
20.04	21.48	18.32	18.32	3.00	1.20	20.298823	21.048453	20.696042	0.536723
20.04	21.48	18.32	18.32	3.00	1.20	20.297281	21.047816	20.694969	0.536738
20.04	21.48	18.32	18.32	3.00	1.21	20.295737	21.047179	20.693895	0.536752
20.04	21.48	18.31	18.31	3.00	1.21	20.294193	21.046541	20.692820	0.536766
20.05	21.48	18.31	18.31	3.00	1.21	20.292647	21.045902	20.691744	0.536780
20.05	21.48	18.31	18.31	3.00	1.21	20.291101	21.045263	20.690667	0.536794
20.05	21.48	18.30	18.30	3.00	1.21	20.289553	21.044623	20.689589	0.536809
20.06	21.48	18.30	18.30	3.00	1.21	20.288005	21.043982	20.688511	0.536823
20.06	21.48	18.30	18.30	3.00	1.21	20.286455	21.043340	20.687431	0.536837
20.06	21.48	18.30	18.30	3.00	1.21	20.284905	21.042698	20.686351	0.536851
20.06	21.48	18.29	18.29	3.00	1.21	20.283353	21.042055	20.685270	0.536865
20.07	21.48	18.29	18.29	3.00	1.21	20.281800	21.041411	20.684188	0.536879
20.07	21.48	18.29	18.29	3.00	1.21	20.280247	21.040767	20.683105	0.536894
20.07	21.48	18.28	18.28	3.00	1.21	20.278692	21.040122	20.682021	0.536908
20.07	21.48	18.28	18.28	3.00	1.21	20.277137	21.039476	20.680937	0.536922
20.08	21.48	18.28	18.28	3.00	1.21	20.275580	21.038830	20.679852	0.536936
20.08	21.48	18.27	18.27	3.00	1.21	20.274023	21.038183	20.678765	0.536950
20.08	21.48	18.27	18.27	3.00	1.21	20.272464	21.037535	20.677678	0.536964
20.09	21.48	18.27	18.27	3.00	1.21	20.270904	21.036887	20.676590	0.536978
20.09	21.48	18.26	18.26	3.00	1.21	20.269344	21.036237	20.675501	0.536992
20.09	21.48	18.26	18.26	3.00	1.21	20.267782	21.035587	20.674412	0.537006
20.09	21.48	18.26	18.26	3.00	1.21	20.266220	21.034937	20.673321	0.537020
20.10	21.48	18.25	18.25	3.00	1.21	20.264656	21.034286	20.672230	0.537034
20.10	21.48	18.25	18.25	3.00	1.21	20.263092	21.033634	20.671138	0.537048
20.10	21.48	18.25	18.25	3.00	1.21	20.261526	21.032981	20.670045	0.537062
20.11	21.48	18.24	18.24	3.00	1.21	20.259959	21.032328	20.668951	0.537076
20.11	21.48	18.24	18.24	3.00	1.21	20.258392	21.031673	20.667856	0.537090
20.11	21.48	18.24	18.24	3.00	1.22	20.256823	21.031019	20.666760	0.537104
20.11	21.48	18.23	18.23	3.00	1.22	20.255254	21.030363	20.665664	0.537118
20.12	21.48	18.23	18.23	3.00	1.22	20.253683	21.029707	20.664566	0.537132
20.12	21.48	18.23	18.23	3.00	1.22	20.252111	21.029050	20.663468	0.537146
20.12	21.48	18.22	18.22	3.00	1.22	20.250539	21.028393	20.662369	0.537160
20.12	21.48	18.22	18.22	3.00	1.22	20.248965	21.027734	20.661269	0.537174
20.13	21.48	18.22	18.22	3.00	1.22	20.247391	21.027075	20.660168	0.537188
20.13	21.48	18.21	18.21	3.00	1.22	20.245815	21.026416	20.659067	0.537202
20.13	21.48	18.21	18.21	3.00	1.22	20.244239	21.025755	20.657964	0.537216
20.14	21.48	18.21	18.21	3.00	1.22	20.242661	21.025094	20.656861	0.537230
20.14	21.48	18.20	18.20	3.00	1.22	20.241082	21.024433	20.655757	0.537244
20.14	21.48	18.20	18.20	3.00	1.22	20.239503	21.023770	20.654651	0.537258
20.14	21.48	18.20	18.20	3.00	1.22	20.237922	21.023107	20.653546	0.537272
20.15	21.48	18.19	18.19	3.00	1.22	20.236341	21.022443	20.652439	0.537285
20.15	21.48	18.19	18.19	3.00	1.22	20.234758	21.021779	20.651331	0.537299
20.15	21.48	18.19	18.19	3.00	1.22	20.233175	21.021114	20.650223	0.537313
20.16	21.48	18.18	18.18	3.00	1.22	20.231590	21.020448	20.649113	0.537327
20.16	21.48	18.18	18.18	3.00	1.22	20.230005	21.019781	20.648003	0.537341
20.16	21.48	18.18	18.18	3.00	1.22	20.228418	21.019114	20.646892	0.537355
20.16	21.48	18.17	18.17	3.00	1.22	20.226831	21.018446	20.645780	0.537369
20.17	21.48	18.17	18.17	3.00	1.22	20.225242	21.017777	20.644668	0.537382
20.17	21.48	18.17	18.17	3.00	1.22	20.223653	21.017108	20.643554	0.537396
20.17	21.48	18.16	18.16	3.00	1.22	20.222062	21.016438	20.642440	0.537410
20.18	21.48	18.16	18.16	3.00	1.22	20.220471	21.015767	20.641324	0.537424
20.18	21.48	18.16	18.16	3.00	1.22	20.218878	21.015096	20.640208	0.537438
20.18	21.48	18.15	18.15	3.00	1.22	20.217285	21.014424	20.639091	0.537451
20.18	21.48	18.15	18.15	3.00	1.23	20.215690	21.013751	20.637974	0.537465
20.19	21.48	18.15	18.15	3.00	1.23	20.214095	21.013077	20.636855	0.537479
20.19	21.48	18.14	18.14	3.00	1.23	20.212499	21.012403	20.635735	0.537493
20.19	21.48	18.14	18.14	3.00	1.23	20.210901	21.011728	20.634615	0.537506
20.19	21.48	18.14	18.14	3.00	1.23	20.209303	21.011053	20.633494	0.537520
20.20	21.48	18.13	18.13	3.00	1.23	20.207703	21.010376	20.632372	0.537534
20.20	21.48	18.13	18.13	3.00	1.23	20.206103	21.009700	20.631249	0.537547
20.20	21.48	18.13	18.13	3.00	1.23	20.204502	21.009022	20.630125	0.537561
20.21	21.48	18.12	18.12	3.00	1.23	20.202899	21.008344	20.629001	0.537575
20.21	21.48	18.12	18.12	3.00	1.23	20.201296	21.007665	20.627875	0.537588
20.21	21.48	18.12	18.12	3.00	1.23	20.199692	21.006985	20.626749	0.537602
20.21	21.48	18.11	18.11	3.00	1.23	20.198086	21.006304	20.625622	0.537616
20.22	21.48	18.11	18.11	3.00	1.23	20.196480	21.005623	20.624494	0.537629
20.22	21.48	18.11	18.11	3.00	1.23	20.194873	21.004942	20.623365	0.537643
20.22	21.48	18.10	18.10	3.00	1.23	20.193265	21.004259	20.622235	0.537657
20.23	21.48	18.10	18.10	3.00	1.23	20.191655	21.003576	20.621105	0.537670
20.23	21.48	18.10	18.10	3.00	1.23	20.190045	21.002892	20.619973	0.537684
20.23	21.48	18.09	18.09	3.00	1.23	20.188434	21.002208	20.618841	0.537698
20.23	21.48	18.09	18.09	3.00	1.23	20.186822	21.001522	20.617708	0.537711
20.24	21.48	18.09	18.09	3.00	1.23	20.185208	21.000837	20.616574	0.537725
20.24	21.48	18.08	18.08	3.00	1.23	20.183594	21.000150	20.615440	0.537738
20.24	21.48	18.08	18.08	3.00	1.23	20.181979	20.999463	20.614304	0.537752
20.24	21.48	18.08	18.08	3.00	1.23	20.180363	20.998775	20.613168	0.537766
20.25	21.48	18.07	18.07	3.00	1.23	20.178746	20.998086	20.612030	0.537779
20.25	21.48	18.07	18.07	3.00	1.23	20.177128	20.997397	20.610892	0.537793
20.25	21.48	18.07	18.07	3.00	1.23	20.175509	20.996707	20.609753	0.537806
20.26	21.48	18.06	18.06	3.00	1.24	20.173889	20.996016	20.608614	0.537820
20.26	21.48	18.06	18.06	3.00	1.24	20.172268	20.995325	20.607473	0.537833
20.26	21.48	18.06	18.06	3.00	1.24	20.170646	20.994633	20.606332	0.537847
20.26	21.48	18.05	18.05	3.00	1.24	20.169023	20.993940	20.605189	0.537860
20.27	21.48	18.05	18.05	3.00	1.24	20.167399	20.993246	20.604046	0.537874
20.27	21.48	18.05	18.05	3.00	1.24	20.165774	20.992552	20.602902	0.537887
20.27	21.48	18.04	18.04	3.00	1.24	20.164148	20.991857	20.601757	0.537901
20.27	21.48	18.04	18.04	3.00	1.24	20.162521	20.991162	20.600612	0.537914
20.28	21.48	18.04	18.04	3.00	1.24	20.160893	20.990466	20.599465	0.537928
20.28	21.48	18.03	18.03	3.00	1.24	20.159264	20.989769	20.598318	0.537941
20.28	21.48	18.03	18.03	3.00	1.24	20.157634	20.989071	20.597170	0.537955
20.29	21.48	18.03	18.03	3.00	1.24	20.156003	20.988373	20.596021	0.537968
20.29	21.48	18.02	18.02	3.00	1.24	20.154371	20.987674	20.594871	0.537982
20.29	21.48	18.02	18.02	3.00	1.24	20.152739	20.986975	20.593720	0.537995
20.29	21.48	18.02	18.02	3.00	1.24	20.151105	20.986274	20.592569	0.538008
20.30	21.48	18.01	18.01	3.00	1.24	20.149470	20.985573	20.591416	0.538022
20.30	21.48	18.01	18.01	3.00	1.24	20.147835	20.984872	20.590263	0.538035
20.30	21.48	18.01	18.01	3.00	1.24	20.146198	20.984169	20.589109	0.538049
20.31	21.48	18.00	18.00	3.00	1.24	20.144560	20.983466	20.587954	0.538062
20.31	21.48	18.00	18.00	3.00	1.24	20.142922	20.982763	20.586798	0.538075
20.31	21.48	18.00	18.00	3.00	1.24	20.141282	20.982058	20.585642	0.538089
20.31	21.48	17.99	17.99	3.00	1.24	20.139641	20.981353	20.584484	0.538102
20.32	21.48	17.99	17.99	3.00	1.24	20.138000	20.980647	20.583326	0.538115
20.32	21.48	17.99	17.99	3.00	1.24	20.136357	20.979941	20.582167	0.538129
20.32	21.48	17.98	17.98	3.00	1.24	20.134714	20.979234	20.581007	0.538142
20.32	21.48	17.98	17.98	3.00	1.24	20.133069	20.978526	20.579847	0.538155
20.33	21.48	17.98	17.98	3.00	1.24	20.131424	20.977818	20.578685	0.538169
20.33	21.48	17.97	17.97	3.00	1.25	20.129777	20.977109	20.577523	0.538182
20.33	21.48	17.97	17.97	3.00	1.25	20.128130	20.976399	20.576359	0.538195
20.34	21.48	17.97	17.97	3.00	1.25	20.126482	20.975688	20.575195	0.538209
20.34	21.48	17.96	17.96	3.00	1.25	20.124832	20.974977	20.574030	0.538222
20.34	21.48	17.96	17.96	3.00	1.25	20.123182	20.974265	20.572865	0.538235
20.34	21.48	17.96	17.96	3.00	1.25	20.121531	20.973553	20.571698	0.538248
20.35	21.48	17.95	17.95	3.00	1.25	20.119879	20.972839	20.570531	0.538262
20.35	21.48	17.95	17.95	3.00	1.25	20.118225	20.972125	20.569362	0.538275
20.35	21.48	17.95	17.95	3.00	1.25	20.116571	20.971411	20.568193	0.538288
20.36	21.48	17.94	17.94	3.00	1.25	20.114916	20.970696	20.567023	0.538301
20.36	21.48	17.94	17.94	3.00	1.25	20.113260	20.969980	20.565853	0.538315
20.36	21.48	17.94	17.94	3.00	1.25	20.111603	20.969263	20.564681	0.538328
20.36	21.48	17.93	17.93	3.00	1.25	20.109945	20.968546	20.563509	0.538341
20.37	21.48	17.93	17.93	3.00	1.25	20.108286	20.967828	20.562336	0.538354
20.37	21.48	17.93	17.93	3.00	1.25	20.106626	20.967109	20.561162	0.538367
20.37	21.48	17.92	17.92	3.00	1.25	20.104965	20.966390	20.559987	0.538381
20.38	21.48	17.92	17.92	3.00	1.25	20.103303	20.965670	20.558811	0.538394
20.38	21.48	17.92	17.92	3.00	1.25	20.101640	20.964949	20.557634	0.538407
20.38	21.48	17.91	17.91	3.00	1.25	20.099976	20.964228	20.556457	0.538420
20.38	21.48	17.91	17.91	3.00	1.25	20.098312	20.963506	20.555279	0.538433
20.39	21.48	17.91	17.91	3.00	1.25	20.096646	20.962783	20.554100	0.538446
20.39	21.48	17.90	17.90	3.00	1.25	20.094979	20.962059	20.552920	0.538460
20.39	21.48	17.90	17.90	3.00	1.25	20.093311	20.961335	20.551739	0.538473
20.39	21.48	17.90	17.90	3.00	1.25	20.091643	20.960611	20.550558	0.538486
20.40	21.48	17.89	17.89	3.00	1.25	20.089973	20.959885	20.549375	0.538499
20.40	21.48	17.89	17.89	3.00	1.25	20.088303	20.959159	20.548192	0.538512
20.40	21.48	17.89	17.89	3.00	1.26	20.086631	20.958432	20.547008	0.538525
20.41	21.48	17.88	17.88	3.00	1.26	20.084959	20.957705	20.545824	0.538538
20.41	21.48	17.88	17.88	3.00	1.26	20.083285	20.956977	20.544638	0.538551
20.41	21.48	17.88	17.88	3.00	1.26	20.081611	20.956248	20.543451	0.538564
20.41	21.48	17.87	17.87	3.00	1.26	20.079935	20.955518	20.542264	0.538577
20.42	21.48	17.87	17.87	3.00	1.26	20.078259	20.954788	20.541076	0.538590
20.42	21.48	17.87	17.87	3.00	1.26	20.076582	20.954057	20.539887	0.538604
20.42	21.48	17.86	17.86	3.00	1.26	20.074904	20.953326	20.538697	0.538617
20.43	21.48	17.86	17.86	3.00	1.26	20.073224	20.952594	20.537507	0.538630
20.43	21.48	17.86	17.86	3.00	1.26	20.071544	20.951861	20.536315	0.538643
20.43	21.48	17.85	17.85	3.00	1.26	20.069863	20.951127	20.535123	0.538656
20.43	21.48	17.85	17.85	3.00	1.26	20.068181	20.950393	20.533930	0.538669
20.44	21.48	17.84	17.84	3.00	1.26	20.066498	20.949658	20.532736	0.538682
20.44	21.48	17.84	17.84	3.00	1.26	20.064814	20.948923	20.531541	0.538695
20.44	21.48	17.84	17.84	3.00	1.26	20.063129	20.948186	20.530346	0.538708
20.44	21.48	17.83	17.83	3.00	1.26	20.061443	20.947449	20.529149	0.538721
20.45	21.48	17.83	17.83	3.00	1.26	20.059756	20.946712	20.527952	0.538734
20.45	21.48	17.83	17.83	3.00	1.26	20.058069	20.945974	20.526754	0.538747
20.45	21.48	17.82	17.82	3.00	1.26	20.056380	20.945235	20.525555	0.538759
20.46	21.48	17.82	17.82	3.00	1.26	20.054690	20.944495	20.524356	0.538772
20.46	21.48	17.82	17.82	3.00	1.26	20.052999	20.943755	20.523155	0.538785
20.46	21.48	17.81	17.81	3.00	1.26	20.051308	20.943014	20.521954	0.538798
20.46	21.48	17.81	17.81	3.00	1.26	20.049615	20.942272	20.520752	0.538811
20.47	21.48	17.81	17.81	3.00	1.26	20.047922	20.941530	20.519549	0.538824
20.47	21.48	17.80	17.80	3.00	1.26	20.046227	20.940787	20.518345	0.538837
20.47	21.48	17.80	17.80	3.00	1.26	20.044532	20.940043	20.517141	0.538850
20.48	21.48	17.80	17.80	3.00	1.26	20.042835	20.939299	20.515935	0.538863
20.48	21.48	17.79	17.79	3.00	1.26	20.041138	20.938554	20.514729	0.538876
20.48	21.48	17.79	17.79	3.00	1.27	20.039440	20.937809	20.513522	0.538889
20.48	21.48	17.79	17.79	3.00	1.27	20.037741	20.937062	20.512314	0.538901
20.49	21.48	17.78	17.78	3.00	1.27	20.036040	20.936315	20.511106	0.538914
20.49	21.48	17.78	17.78	3.00	1.27	20.034339	20.935568	20.509896	0.538927
20.49	21.48	17.78	17.78	3.00	1.27	20.032637	20.934819	20.508686	0.538940
20.49	21.48	17.77	17.77	3.00	1.27	20.030934	20.934070	20.507475	0.538953
20.50	21.48	17.77	17.77	3.00	1.27	20.029230	20.933321	20.506263	0.538966
20.50	21.48	17.77	17.77	3.00	1.27	20.027525	20.932570	20.505050	0.538978
20.50	21.48	17.76	17.76	3.00	1.27	20.025820	20.931819	20.503836	0.538991
20.51	21.48	17.76	17.76	3.00	1.27	20.024113	20.931068	20.502622	0.539004
20.51	21.48	17.76	17.76	3.00	1.27	20.022405	20.930315	20.501407	0.539017
20.51	21.48	17.75	17.75	3.00	1.27	20.020696	20.929562	20.500191	0.539030
20.51	21.48	17.75	17.75	3.00	1.27	20.018987	20.928809	20.498974	0.539042
20.52	21.48	17.75	17.75	3.00	1.27	20.017276	20.928054	20.497756	0.539055
20.52	21.48	17.74	17.74	3.00	1.27	20.015565	20.927299	20.496538	0.539068
20.52	21.48	17.74	17.74	3.00	1.27	20.013852	20.926544	20.495319	0.539081
20.52	21.48	17.74	17.74	3.00	1.27	20.012139	20.925788	20.494099	0.539093
20.53	21.48	17.73	17.73	3.00	1.27	20.010424	20.925031	20.492878	0.539106
20.53	21.48	17.73	17.73	3.00	1.27	20.008709	20.924273	20.491656	0.539119
20.53	21.48	17.73	17.73	3.00	1.27	20.006993	20.923515	20.490433	0.539132
20.54	21.48	17.72	17.72	3.00	1.27	20.005276	20.922756	20.489210	0.539144
20.54	21.48	17.72	17.72	3.00	1.27	20.003557	20.921996	20.487986	0.539157
20.54	21.48	17.72	17.72	3.00	1.27	20.001838	20.921236	20.486761	0.539170
20.54	21.48	17.71	17.71	3.00	1.27	20.000118	20.920475	20.485535	0.539182
20.55	21.48	17.71	17.71	3.00	1.27	19.998397	20.919713	20.484309	0.539195
20.55	21.48	17.70	17.70	3.00	1.27	19.996676	20.918951	20.483081	0.539208
20.55	21.48	17.70	17.70	3.00	1.27	19.994953	20.918188	20.481853	0.539221
20.56	21.48	17.70	17.70	3.00	1.28	19.993229	20.917424	20.480624	0.539233
20.56	21.48	17.69	17.69	3.00	1.28	19.991504	20.916660	20.479394	0.539246
20.56	21.48	17.69	17.69	3.00	1.28	19.989779	20.915895	20.478164	0.539258
20.56	21.48	17.69	17.69	3.00	1.28	19.988052	20.915129	20.476932	0.539271
20.57	21.48	17.68	17.68	3.00	1.28	19.986325	20.914363	20.475700	0.539284
20.57	21.48	17.68	17.68	3.00	1.28	19.984596	20.913596	20.474467	0.539296
20.57	21.48	17.68	17.68	3.00	1.28	19.982867	20.912828	20.473233	0.539309
20.57	21.48	17.67	17.67	3.00	1.28	19.981137	20.912060	20.471998	0.539322
20.58	21.48	17.67	17.67	3.00	1.28	19.979405	20.911291	20.470763	0.539334
20.58	21.48	17.67	17.67	3.00	1.28	19.977673	20.910521	20.469526	0.539347
20.58	21.48	17.66	17.66	3.00	1.28	19.975940	20.909751	20.468289	0.539359
20.59	21.48	17.66	17.66	3.00	1.28	19.974206	20.908980	20.467051	0.539372
20.59	21.48	17.66	17.66	3.00	1.28	19.972471	20.908208	20.465813	0.539385
20.59	21.48	17.65	17.65	3.00	1.28	19.970735	20.907436	20.464573	0.539397
20.59	21.48	17.65	17.65	3.00	1.28	19.968998	20.906663	20.463333	0.539410
20.60	21.48	17.65	17.65	3.00	1.28	19.967260	20.905889	20.462092	0.539422
20.60	21.48	17.64	17.64	3.00	1.28	19.965522	20.905115	20.460850	0.539435
20.60	21.48	17.64	17.64	3.00	1.28	19.963782	20.904340	20.459607	0.539447
20.61	21.48	17.64	17.64	3.00	1.28	19.962041	20.903565	20.458364	0.539460
20.61	21.48	17.63	17.63	3.00	1.28	19.960300	20.902788	20.457119	0.539472
20.61	21.48	17.63	17.63	3.00	1.28	19.958558	20.902012	20.455874	0.539485
20.61	21.48	17.63	17.63	3.00	1.28	19.956814	20.901234	20.454628	0.539497
20.62	21.48	17.62	17.62	3.00	1.28	19.955070	20.900456	20.453381	0.539510
20.62	21.48	17.62	17.62	3.00	1.28	19.953325	20.899677	20.452134	0.539522
20.62	21.48	17.61	17.61	3.00	1.28	19.951579	20.898897	20.450885	0.539535
20.62	21.48	17.61	17.61	3.00	1.28	19.949831	20.898117	20.449636	0.539547
20.63	21.48	17.61	17.61	3.00	1.28	19.948083	20.897336	20.448386	0.539560
20.63	21.48	17.60	17.60	3.00	1.28	19.946335	20.896555	20.447135	0.539572
20.63	21.48	17.60	17.60	3.00	1.29	19.944585	20.895772	20.445884	0.539585
20.64	21.48	17.60	17.60	3.00	1.29	19.942834	20.894990	20.444631	0.539597
20.64	21.48	17.59	17.59	3.00	1.29	19.941082	20.894206	20.443378	0.539610
20.64	21.48	17.59	17.59	3.00	1.29	19.939330	20.893422	20.442124	0.539622
20.64	21.48	17.59	17.59	3.00	1.29	19.937576	20.892637	20.440869	0.539634
20.65	21.48	17.58	17.58	3.00	1.29	19.935822	20.891852	20.439614	0.539647
20.65	21.48	17.58	17.58	2.99	1.29	19.934066	20.891066	20.438357	0.539659
20.65	21.48	17.58	17.58	2.99	1.29	19.932310	20.890279	20.437100	0.539672
20.66	21.48	17.57	17.57	2.99	1.29	19.930553	20.889491	20.435842	0.539684
20.66	21.48	17.57	17.57	2.99	1.29	19.928794	20.888703	20.434584	0.539696
20.66	21.48	17.57	17.57	2.99	1.29	19.927035	20.887914	20.433324	0.539709
20.66	21.48	17.56	17.56	2.99	1.29	19.925275	20.887125	20.432064	0.539721
20.67	21.48	17.56	17.56	2.99	1.29	19.923514	20.886335	20.430802	0.539734
20.67	21.48	17.56	17.56	2.99	1.29	19.921753	20.885544	20.429540	0.539746
20.67	21.48	17.55	17.55	2.99	1.29	19.919990	20.884753	20.428278	0.539758
20.68	21.48	17.55	17.55	2.99	1.29	19.918226	20.883961	20.427014	0.539771
20.68	21.48	17.55	17.55	2.99	1.29	19.916461	20.883168	20.425750	0.539783
20.68	21.48	17.54	17.54	2.99	1.29	19.914696	20.882375	20.424485	0.539795
20.68	21.48	17.54	17.54	2.99	1.29	19.912930	20.881581	20.423219	0.539808
20.69	21.48	17.53	17.53	2.99	1.29	19.911162	20.880786	20.421952	0.539820
20.69	21.48	17.53	17.53	2.99	1.29	19.909394	20.879991	20.420684	0.539832
20.69	21.48	17.53	17.53	2.99	1.29	19.907625	20.879195	20.419416	0.539845
20.69	21.48	17.52	17.52	2.99	1.29	19.905855	20.878398	20.418147	0.539857
20.70	21.48	17.52	17.52	2.99	1.29	19.904084	20.877601	20.416877	0.539869
20.70	21.48	17.52	17.52	2.99	1.29	19.902312	20.876803	20.415606	0.539881
20.70	21.48	17.51	17.51	2.99	1.29	19.900539	20.876004	20.414335	0.539894
20.71	21.48	17.51	17.51	2.99	1.29	19.898765	20.875205	20.413062	0.539906
20.71	21.48	17.51	17.51	2.99	1.29	19.896990	20.874405	20.411789	0.539918
20.71	21.48	17.50	17.50	2.99	1.30	19.895215	20.873604	20.410515	0.539930
20.71	21.48	17.50	17.50	2.99	1.30	19.893438	20.872803	20.409241	0.539943
20.72	21.48	17.50	17.50	2.99	1.30	19.891661	20.872001	20.407965	0.539955
20.72	21.48	17.49	17.49	2.99	1.30	19.889882	20.871199	20.406689	0.539967
20.72	21.48	17.49	17.49	2.99	1.30	19.888103	20.870396	20.405412	0.539979
20.73	21.48	17.49	17.49	2.99	1.30	19.886323	20.869592	20.404134	0.539992
20.73	21.48	17.48	17.48	2.99	1.30	19.884542	20.868787	20.402855	0.540004
20.73	21.48	17.48	17.48	2.99	1.30	19.882760	20.867982	20.401576	0.540016
20.73	21.48	17.48	17.48	2.99	1.30	19.880977	20.867176	20.400296	0.540028
20.74	21.48	17.47	17.47	2.99	1.30	19.879193	20.866370	20.399015	0.540040
20.74	21.48	17.47	17.47	2.99	1.30	19.877409	20.865563	20.397733	0.540052
20.74	21.48	17.47	17.47	2.99	1.30	19.875623	20.864755	20.396450	0.540065
20.74	21.48	17.46	17.46	2.99	1.30	19.873836	20.863947	20.395167	0.540077
20.75	21.48	17.46	17.46	2.99	1.30	19.872049	20.863138	20.393883	0.540089
20.75	21.48	17.45	17.45	2.99	1.30	19.870261	20.862328	20.392598	0.540101
20.75	21.48	17.45	17.45	2.99	1.30	19.868471	20.861518	20.391312	0.540113
20.76	21.48	17.45	17.45	2.99	1.30	19.866681	20.860707	20.390025	0.540125
20.76	21.48	17.44	17.44	2.99	1.30	19.864890	20.859895	20.388738	0.540137
20.76	21.48	17.44	17.44	2.99	1.30	19.863098	20.859083	20.387450	0.540150
20.76	21.48	17.44	17.44	2.99	1.30	19.861305	20.858270	20.386161	0.540162
20.77	21.48	17.43	17.43	2.99	1.30	19.859512	20.857456	20.384871	0.540174
20.77	21.48	17.43	17.43	2.99	1.30	19.857717	20.856642	20.383581	0.540186
20.77	21.48	17.43	17.43	2.99	1.30	19.855921	20.855827	20.382290	0.540198
20.77	21.48	17.42	17.42	2.99	1.30	19.854125	20.855012	20.380998	0.540210
20.78	21.48	17.42	17.42	2.99	1.30	19.852327	20.854195	20.379705	0.540222
20.78	21.48	17.42	17.42	2.99	1.30	19.850529	20.853379	20.378411	0.540234
20.78	21.48	17.41	17.41	2.99	1.30	19.848730	20.852561	20.377117	0.540246
20.79	21.48	17.41	17.41	2.99	1.30	19.846930	20.851743	20.375822	0.540258
20.79	21.48	17.41	17.41	2.99	1.30	19.845129	20.850924	20.374526	0.540270
20.79	21.48	17.40	17.40	2.99	1.31	19.843327	20.850105	20.373229	0.540282
20.79	21.48	17.40	17.40	2.99	1.31	19.841524	20.849285	20.371931	0.540294
20.80	21.48	17.39	17.39	2.99	1.31	19.839721	20.848464	20.370633	0.540306
20.80	21.48	17.39	17.39	2.99	1.31	19.837916	20.847643	20.369334	0.540318
20.80	21.48	17.39	17.39	2.99	1.31	19.836110	20.846821	20.368034	0.540331
20.81	21.48	17.38	17.38	2.99	1.31	19.834304	20.845998	20.366733	0.540343
20.81	21.48	17.38	17.38	2.99	1.31	19.832497	20.845175	20.365432	0.540355
20.81	21.48	17.38	17.38	2.99	1.31	19.830689	20.844351	20.364130	0.540366
20.81	21.48	17.37	17.37	2.99	1.31	19.828880	20.843526	20.362827	0.540378
20.82	21.48	17.37	17.37	2.99	1.31	19.827070	20.842701	20.361523	0.540390
20.82	21.48	17.37	17.37	2.99	1.31	19.825259	20.841875	20.360218	0.540402
20.82	21.48	17.36	17.36	2.99	1.31	19.823447	20.841049	20.358913	0.540414
20.82	21.48	17.36	17.36	2.99	1.31	19.821634	20.840221	20.357607	0.540426
20.83	21.48	17.36	17.36	2.99	1.31	19.819821	20.839394	20.356300	0.540438
20.83	21.48	17.35	17.35	2.99	1.31	19.818006	20.838565	20.354992	0.540450
20.83	21.48	17.35	17.35	2.99	1.31	19.816191	20.837736	20.353684	0.540462
20.84	21.48	17.35	17.35	2.99	1.31	19.814375	20.836906	20.352375	0.540474
20.84	21.48	17.34	17.34	2.99	1.31	19.812558	20.836076	20.351065	0.540486
20.84	21.48	17.34	17.34	2.99	1.31	19.810740	20.835245	20.349754	0.540498
20.84	21.48	17.33	17.33	2.99	1.31	19.808921	20.834413	20.348442	0.540510
20.85	21.48	17.33	17.33	2.99	1.31	19.807101	20.833581	20.347130	0.540522
20.85	21.48	17.33	17.33	2.99	1.31	19.805280	20.832748	20.345817	0.540534
20.85	21.48	17.32	17.32	2.99	1.31	19.803459	20.831914	20.344503	0.540545
20.86	21.48	17.32	17.32	2.99	1.31	19.801636	20.831080	20.343188	0.540557
20.86	21.48	17.32	17.32	2.99	1.31	19.799813	20.830245	20.341873	0.540569
20.86	21.48	17.31	17.31	2.99	1.31	19.797989	20.829410	20.340557	0.540581
20.86	21.48	17.31	17.31	2.99	1.31	19.796164	20.828573	20.339240	0.540593
20.87	21.48	17.31	17.31	2.99	1.31	19.794338	20.827737	20.337922	0.540605
20.87	21.48	17.30	17.30	2.99	1.31	19.792511	20.826899	20.336604	0.540617
20.87	21.48	17.30	17.30	2.99	1.32	19.790683	20.826061	20.335284	0.540628
20.88	21.48	17.30	17.30	2.99	1.32	19.788854	20.825222	20.333964	0.540640
20.88	21.48	17.29	17.29	2.99	1.32	19.787025	20.824383	20.332643	0.540652
20.88	21.48	17.29	17.29	2.99	1.32	19.785194	20.823543	20.331322	0.540664
20.88	21.48	17.29	17.29	2.99	1.32	19.783363	20.822702	20.329999	0.540676
20.89	21.48	17.28	17.28	2.99	1.32	19.781531	20.821861	20.328676	0.540688
20.89	21.48	17.28	17.28	2.99	1.32	19.779698	20.821019	20.327352	0.540699
20.89	21.48	17.27	17.27	2.99	1.32	19.777864	20.820176	20.326028	0.540711
20.89	21.48	17.27	17.27	2.99	1.32	19.776029	20.819333	20.324702	0.540723
20.90	21.48	17.27	17.27	2.99	1.32	19.774193	20.818489	20.323376	0.540735
20.90	21.48	17.26	17.26	2.99	1.32	19.772356	20.817645	20.322049	0.540746
20.90	21.48	17.26	17.26	2.99	1.32	19.770519	20.816800	20.320721	0.540758
20.91	21.48	17.26	17.26	2.99	1.32	19.768681	20.815954	20.319392	0.540770
20.91	21.48	17.25	17.25	2.99	1.32	19.766841	20.815108	20.318063	0.540782
20.91	21.48	17.25	17.25	2.99	1.32	19.765001	20.814261	20.316733	0.540793
20.91	21.48	17.25	17.25	2.99	1.32	19.763160	20.813413	20.315402	0.540805
20.92	21.48	17.24	17.24	2.99	1.32	19.761318	20.812565	20.314071	0.540817
20.92	21.48	17.24	17.24	2.99	1.32	19.759475	20.811716	20.312738	0.540829
20.92	21.48	17.24	17.24	2.99	1.32	19.757632	20.810866	20.311405	0.540840
20.93	21.48	17.23	17.23	2.99	1.32	19.755787	20.810016	20.310071	0.540852
20.93	21.48	17.23	17.23	2.99	1.32	19.753942	20.809165	20.308736	0.540864
20.93	21.48	17.23	17.23	2.99	1.32	19.752096	20.808313	20.307401	0.540875
20.93	21.48	17.22	17.22	2.99	1.32	19.750249	20.807461	20.306065	0.540887
20.94	21.48	17.22	17.22	2.99	1.32	19.748400	20.806609	20.304728	0.540899
20.94	21.48	17.21	17.21	2.99	1.32	19.746552	20.805755	20.303390	0.540910
20.94	21.48	17.21	17.21	2.99	1.32	19.744702	20.804901	20.302052	0.540922
20.94	21.48	17.21	17.21	2.99	1.32	19.742851	20.804046	20.300712	0.540934
20.95	21.48	17.20	17.20	2.99	1.32	19.741000	20.803191	20.299372	0.540945
20.95	21.48	17.20	17.20	2.99	1.32	19.739147	20.802335	20.298031	0.540957
20.95	21.48	17.20	17.20	2.99	1.32	19.737294	20.801479	20.296690	0.540969
20.96	21.48	17.19	17.19	2.99	1.33	19.735440	20.800621	20.295348	0.540980
20.96	21.48	17.19	17.19	2.99	1.33	19.733585	20.799764	20.294004	0.540992
20.96	21.48	17.19	17.19	2.99	1.33	19.731729	20.798905	20.292661	0.541004
20.96	21.48	17.18	17.18	2.99	1.33	19.729872	20.798046	20.291316	0.541015
20.97	21.48	17.18	17.18	2.99	1.33	19.728015	20.797186	20.289971	0.541027
20.97	21.48	17.18	17.18	2.99	1.33	19.726156	20.796326	20.288624	0.541038
20.97	21.48	17.17	17.17	2.99	1.33	19.724297	20.795465	20.287278	0.541050
20.98	21.48	17.17	17.17	2.99	1.33	19.722437	20.794603	20.285930	0.541062
20.98	21.48	17.16	17.16	2.99	1.33	19.720575	20.793741	20.284581	0.541073
20.98	21.48	17.16	17.16	2.99	1.33	19.718714	20.792878	20.283232	0.541085
20.98	21.48	17.16	17.16	2.99	1.33	19.716851	20.792014	20.281882	0.541096
20.99	21.48	17.15	17.15	2.99	1.33	19.714987	20.791150	20.280532	0.541108
20.99	21.48	17.15	17.15	2.99	1.33	19.713122	20.790285	20.279180	0.541119
20.99	21.48	17.15	17.15	2.99	1.33	19.711257	20.789420	20.277828	0.541131
20.99	21.48	17.14	17.14	2.99	1.33	19.709391	20.788554	20.276475	0.541142
21.00	21.48	17.14	17.14	2.99	1.33	19.707524	20.787687	20.275121	0.541154
21.00	21.48	17.14	17.14	2.99	1.33	19.705656	20.786820	20.273767	0.541166
21.00	21.48	17.13	17.13	2.99	1.33	19.703787	20.785952	20.272412	0.541177
21.01	21.48	17.13	17.13	2.99	1.33	19.701917	20.785083	20.271056	0.541189
21.01	21.48	17.13	17.13	2.99	1.33	19.700046	20.784214	20.269699	0.541200
21.01	21.48	17.12	17.12	2.99	1.33	19.698175	20.783344	20.268341	0.541212
21.01	21.48	17.12	17.12	2.99	1.33	19.696303	20.782474	20.266983	0.541223
21.02	21.48	17.11	17.11	2.99	1.33	19.694430	20.781603	20.265624	0.541235
21.02	21.48	17.11	17.11	2.99	1.33	19.692555	20.780731	20.264264	0.541246
21.02	21.48	17.11	17.11	2.99	1.33	19.690681	20.779858	20.262904	0.541257
21.02	21.48	17.10	17.10	2.99	1.33	19.688805	20.778986	20.261543	0.541269
21.03	21.48	17.10	17.10	2.99	1.33	19.686928	20.778112	20.260181	0.541280
21.03	21.48	17.10	17.10	2.99	1.33	19.685051	20.777238	20.258818	0.541292
21.03	21.48	17.09	17.09	2.99	1.33	19.683172	20.776363	20.257454	0.541303
21.04	21.48	17.09	17.09	2.99	1.34	19.681293	20.775487	20.256090	0.541315
21.04	21.48	17.09	17.09	2.99	1.34	19.679413	20.774611	20.254725	0.541326
21.04	21.48	17.08	17.08	2.99	1.34	19.677532	20.773734	20.253359	0.541338
21.04	21.48	17.08	17.08	2.99	1.34	19.675651	20.772857	20.251993	0.541349
21.05	21.48	17.08	17.08	2.99	1.34	19.673768	20.771979	20.250625	0.541360
21.05	21.48	17.07	17.07	2.99	1.34	19.671885	20.771100	20.249257	0.541372
21.05	21.48	17.07	17.07	2.99	1.34	19.670000	20.770221	20.247888	0.541383
21.06	21.48	17.06	17.06	2.99	1.34	19.668115	20.769341	20.246519	0.541395
21.06	21.48	17.06	17.06	2.99	1.34	19.666229	20.768461	20.245149	0.541406
21.06	21.48	17.06	17.06	2.99	1.34	19.664342	20.767579	20.243778	0.541417
21.06	21.48	17.05	17.05	2.99	1.34	19.662454	20.766698	20.242406	0.541429
21.07	21.48	17.05	17.05	2.99	1.34	19.660566	20.765815	20.241033	0.541440
21.07	21.48	17.05	17.05	2.99	1.34	19.658676	20.764932	20.239660	0.541451
21.07	21.48	17.04	17.04	2.99	1.34	19.656786	20.764049	20.238286	0.541463
21.07	21.48	17.04	17.04	2.99	1.34	19.654895	20.763164	20.236911	0.541474
21.08	21.48	17.04	17.04	2.99	1.34	19.653003	20.762279	20.235536	0.541485
21.08	21.48	17.03	17.03	2.99	1.34	19.651110	20.761394	20.234159	0.541497
21.08	21.48	17.03	17.03	2.99	1.34	19.649217	20.760508	20.232782	0.541508
21.09	21.48	17.02	17.02	2.99	1.34	19.647322	20.759621	20.231405	0.541519
21.09	21.48	17.02	17.02	2.99	1.34	19.645427	20.758734	20.230026	0.541531
21.09	21.48	17.02	17.02	2.99	1.34	19.643531	20.757846	20.228647	0.541542
21.09	21.48	17.01	17.01	2.99	1.34	19.641634	20.756957	20.227267	0.541553
21.10	21.48	17.01	17.01	2.99	1.34	19.639736	20.756068	20.225886	0.541565
21.10	21.48	17.01	17.01	2.99	1.34	19.637837	20.755178	20.224505	0.541576
21.10	21.48	17.00	17.00	2.99	1.34	19.635937	20.754287	20.223122	0.541587
21.11	21.48	17.00	17.00	2.99	1.34	19.634037	20.753396	20.221740	0.541598
21.11	21.48	17.00	17.00	2.99	1.34	19.632136	20.752505	20.220356	0.541610
21.11	21.48	16.99	16.99	2.99	1.34	19.630233	20.751612	20.218971	0.541621
21.11	21.48	16.99	16.99	2.99	1.34	19.628331	20.750719	20.217586	0.541632
21.12	21.48	16.99	16.99	2.99	1.34	19.626427	20.749826	20.216200	0.541643
21.12	21.48	16.98	16.98	2.99	1.34	19.624522	20.748931	20.214814	0.541655
21.12	21.48	16.98	16.98	2.99	1.35	19.622617	20.748037	20.213426	0.541666
21.12	21.48	16.97	16.97	2.99	1.35	19.620710	20.747141	20.212038	0.541677
21.13	21.48	16.97	16.97	2.99	1.35	19.618803	20.746245	20.210649	0.541688
21.13	21.48	16.97	16.97	2.99	1.35	19.616895	20.745348	20.209259	0.541700
21.13	21.48	16.96	16.96	2.99	1.35	19.614986	20.744451	20.207869	0.541711
21.14	21.48	16.96	16.96	2.99	1.35	19.613077	20.743553	20.206478	0.541722
21.14	21.48	16.96	16.96	2.99	1.35	19.611166	20.742654	20.205086	0.541733
21.14	21.48	16.95	16.95	2.99	1.35	19.609255	20.741755	20.203694	0.541744
21.14	21.48	16.95	16.95	2.99	1.35	19.607343	20.740855	20.202300	0.541756
21.15	21.48	16.95	16.95	2.99	1.35	19.605430	20.739955	20.200906	0.541767
21.15	21.48	16.94	16.94	2.99	1.35	19.603516	20.739054	20.199511	0.541778
21.15	21.48	16.94	16.94	2.99	1.35	19.601601	20.738152	20.198116	0.541789
21.16	21.48	16.93	16.93	2.99	1.35	19.599686	20.737250	20.196720	0.541800
21.16	21.48	16.93	16.93	2.99	1.35	19.597769	20.736347	20.195323	0.541811
21.16	21.48	16.93	16.93	2.99	1.35	19.595852	20.735444	20.193925	0.541823
21.16	21.48	16.92	16.92	2.99	1.35	19.593934	20.734540	20.192526	0.541834
21.17	21.48	16.92	16.92	2.99	1.35	19.592015	20.733635	20.191127	0.541845
21.17	21.48	16.92	16.92	2.99	1.35	19.590095	20.732729	20.189727	0.541856
21.17	21.48	16.91	16.91	2.99	1.35	19.588175	20.731824	20.188327	0.541867
21.18	21.48	16.91	16.91	2.99	1.35	19.586254	20.730917	20.186925	0.541878
21.18	21.48	16.91	16.91	2.99	1.35	19.584331	20.730010	20.185523	0.541889
21.18	21.48	16.90	16.90	2.99	1.35	19.582408	20.729102	20.184120	0.541900
21.18	21.48	16.90	16.90	2.99	1.35	19.580485	20.728193	20.182717	0.541911
21.19	21.48	16.89	16.89	2.99	1.35	19.578560	20.727284	20.181312	0.541923
21.19	21.48	16.89	16.89	2.99	1.35	19.576634	20.726375	20.179907	0.541934
21.19	21.48	16.89	16.89	2.99	1.35	19.574708	20.725465	20.178501	0.541945
21.19	21.48	16.88	16.88	2.99	1.35	19.572781	20.724554	20.177095	0.541956
21.20	21.48	16.88	16.88	2.99	1.35	19.570853	20.723642	20.175688	0.541967
21.20	21.48	16.88	16.88	2.99	1.35	19.568924	20.722730	20.174280	0.541978
21.20	21.48	16.87	16.87	2.99	1.35	19.566995	20.721817	20.172871	0.541989
21.21	21.48	16.87	16.87	2.99	1.36	19.565064	20.720904	20.171461	0.542000
21.21	21.48	16.87	16.87	2.99	1.36	19.563133	20.719990	20.170051	0.542011
21.21	21.48	16.86	16.86	2.99	1.36	19.561201	20.719075	20.168640	0.542022
21.21	21.48	16.86	16.86	2.99	1.36	19.559268	20.718160	20.167229	0.542033
21.22	21.48	16.85	16.85	2.99	1.36	19.557334	20.717244	20.165816	0.542044
21.22	21.48	16.85	16.85	2.99	1.36	19.555400	20.716328	20.164403	0.542055
21.22	21.48	16.85	16.85	2.99	1.36	19.553464	20.715411	20.162989	0.542066
21.23	21.48	16.84	16.84	2.99	1.36	19.551528	20.714493	20.161575	0.542077
21.23	21.48	16.84	16.84	2.99	1.36	19.549591	20.713575	20.160160	0.542088
21.23	21.48	16.84	16.84	2.99	1.36	19.547653	20.712656	20.158744	0.542099
21.23	21.48	16.83	16.83	2.99	1.36	19.545714	20.711737	20.157327	0.542110
21.24	21.48	16.83	16.83	2.99	1.36	19.543775	20.710817	20.155909	0.542121
21.24	21.48	16.83	16.83	2.99	1.36	19.541835	20.709896	20.154491	0.542132
21.24	21.48	16.82	16.82	2.99	1.36	19.539894	20.708975	20.153072	0.542143
21.24	21.48	16.82	16.82	2.99	1.36	19.537952	20.708053	20.151653	0.542154
21.25	21.48	16.81	16.81	2.99	1.36	19.536009	20.707130	20.150232	0.542165
21.25	21.48	16.81	16.81	2.99	1.36	19.534065	20.706207	20.148811	0.542176
21.25	21.48	16.81	16.81	2.99	1.36	19.532121	20.705284	20.147390	0.542187
21.26	21.48	16.80	16.80	2.99	1.36	19.530176	20.704359	20.145967	0.542198
21.26	21.48	16.80	16.80	2.99	1.36	19.528230	20.703434	20.144544	0.542208
21.26	21.48	16.80	16.80	2.99	1.36	19.526283	20.702509	20.143120	0.542219
21.26	21.48	16.79	16.79	2.99	1.36	19.524335	20.701583	20.141695	0.542230
21.27	21.48	16.79	16.79	2.99	1.36	19.522387	20.700656	20.140270	0.542241
21.27	21.48	16.79	16.79	2.99	1.36	19.520438	20.699728	20.138844	0.542252
21.27	21.48	16.78	16.78	2.99	1.36	19.518487	20.698800	20.137417	0.542263
21.27	21.48	16.78	16.78	2.99	1.36	19.516537	20.697872	20.135989	0.542274
21.28	21.48	16.77	16.77	2.99	1.36	19.514585	20.696943	20.134561	0.542285
21.28	21.48	16.77	16.77	2.99	1.36	19.512632	20.696013	20.133132	0.542296
21.28	21.48	16.77	16.77	2.99	1.36	19.510679	20.695083	20.131703	0.542306
21.29	21.48	16.76	16.76	2.99	1.36	19.508725	20.694152	20.130272	0.542317
21.29	21.48	16.76	16.76	2.99	1.36	19.506770	20.693220	20.128841	0.542328
21.29	21.48	16.76	16.76	2.99	1.37	19.504814	20.692288	20.127409	0.542339
21.29	21.48	16.75	16.75	2.99	1.37	19.502858	20.691355	20.125977	0.542350
21.30	21.48	16.75	16.75	2.99	1.37	19.500900	20.690421	20.124543	0.542361
21.30	21.48	16.75	16.75	2.99	1.37	19.498942	20.689487	20.123109	0.542371
21.30	21.48	16.74	16.74	2.99	1.37	19.496983	20.688553	20.121675	0.542382
21.31	21.48	16.74	16.74	2.99	1.37	19.495024	20.687617	20.120239	0.542393
21.31	21.48	16.73	16.73	2.99	1.37	19.493063	20.686682	20.118803	0.542404
21.31	21.48	16.73	16.73	2.99	1.37	19.491102	20.685745	20.117366	0.542415
21.31	21.48	16.73	16.73	2.99	1.37	19.489139	20.684808	20.115929	0.542426
21.32	21.48	16.72	16.72	2.98	1.37	19.487176	20.683870	20.114490	0.542436
21.32	21.48	16.72	16.72	2.98	1.37	19.485213	20.682932	20.113051	0.542447
21.32	21.48	16.72	16.72	2.98	1.37	19.483248	20.681993	20.111612	0.542458
21.32	21.48	16.71	16.71	2.98	1.37	19.481283	20.681054	20.110171	0.542469
21.33	21.48	16.71	16.71	2.98	1.37	19.479316	20.680114	20.108730	0.542479
21.33	21.48	16.71	16.71	2.98	1.37	19.477349	20.679173	20.107288	0.542490
21.33	21.48	16.70	16.70	2.98	1.37	19.475382	20.678232	20.105846	0.542501
21.34	21.48	16.70	16.70	2.98	1.37	19.473413	20.677290	20.104402	0.542512
21.34	21.48	16.69	16.69	2.98	1.37	19.471444	20.676348	20.102958	0.542522
21.34	21.48	16.69	16.69	2.98	1.37	19.469474	20.675404	20.101514	0.542533
21.34	21.48	16.69	16.69	2.98	1.37	19.467503	20.674461	20.100068	0.542544
21.35	21.48	16.68	16.68	2.98	1.37	19.465531	20.673517	20.098622	0.542555
21.35	21.48	16.68	16.68	2.98	1.37	19.463558	20.672572	20.097175	0.542565
21.35	21.48	16.68	16.68	2.98	1.37	19.461585	20.671626	20.095728	0.542576
21.36	21.48	16.67	16.67	2.98	1.37	19.459611	20.670680	20.094280	0.542587
21.36	21.48	16.67	16.67	2.98	1.37	19.457636	20.669733	20.092831	0.542597
21.36	21.48	16.67	16.67	2.98	1.37	19.455660	20.668786	20.091381	0.542608
21.36	21.48	16.66	16.66	2.98	1.37	19.453683	20.667838	20.089931	0.542619
21.37	21.48	16.66	16.66	2.98	1.37	19.451706	20.666890	20.088480	0.542629
21.37	21.48	16.65	16.65	2.98	1.37	19.449728	20.665941	20.087028	0.542640
21.37	21.48	16.65	16.65	2.98	1.37	19.447749	20.664991	20.085575	0.542651
21.38	21.48	16.65	16.65	2.98	1.37	19.445769	20.664041	20.084122	0.542661
21.38	21.48	16.64	16.64	2.98	1.37	19.443789	20.663090	20.082668	0.542672
21.38	21.48	16.64	16.64	2.98	1.38	19.441808	20.662138	20.081214	0.542683
21.38	21.48	16.64	16.64	2.98	1.38	19.439825	20.661186	20.079758	0.542693
21.39	21.48	16.63	16.63	2.98	1.38	19.437843	20.660234	20.078302	0.542704
21.39	21.48	16.63	16.63	2.98	1.38	19.435859	20.659281	20.076846	0.542715
21.39	21.48	16.62	16.62	2.98	1.38	19.433874	20.658327	20.075388	0.542725
21.39	21.48	16.62	16.62	2.98	1.38	19.431889	20.657372	20.073930	0.542736
21.40	21.48	16.62	16.62	2.98	1.38	19.429903	20.656417	20.072471	0.542746
21.40	21.48	16.61	16.61	2.98	1.38	19.427916	20.655462	20.071012	0.542757
21.40	21.48	16.61	16.61	2.98	1.38	19.425929	20.654505	20.069552	0.542768
21.41	21.48	16.61	16.61	2.98	1.38	19.423940	20.653549	20.068091	0.542778
21.41	21.48	16.60	16.60	2.98	1.38	19.421951	20.652591	20.066629	0.542789
21.41	21.48	16.60	16.60	2.98	1.38	19.419961	20.651633	20.065167	0.542799
21.41	21.48	16.60	16.60	2.98	1.38	19.417971	20.650674	20.063704	0.542810
21.42	21.48	16.59	16.59	2.98	1.38	19.415979	20.649715	20.062240	0.542821
21.42	21.48	16.59	16.59	2.98	1.38	19.413987	20.648756	20.060776	0.542831
21.42	21.48	16.58	16.58	2.98	1.38	19.411994	20.647795	20.059311	0.542842
21.43	21.48	16.58	16.58	2.98	1.38	19.410000	20.646834	20.057845	0.542852
21.43	21.48	16.58	16.58	2.98	1.38	19.408005	20.645873	20.056378	0.542863
21.43	21.48	16.57	16.57	2.98	1.38	19.406010	20.644910	20.054911	0.542873
21.43	21.48	16.57	16.57	2.98	1.38	19.404014	20.643948	20.053443	0.542884
21.44	21.48	16.57	16.57	2.98	1.38	19.402017	20.642984	20.051975	0.542894
21.44	21.48	16.56	16.56	2.98	1.38	19.400019	20.642020	20.050505	0.542905
21.44	21.48	16.56	16.56	2.98	1.38	19.398020	20.641056	20.049036	0.542915
21.44	21.48	16.56	16.56	2.98	1.38	19.396021	20.640091	20.047565	0.542926
21.45	21.48	16.55	16.55	2.98	1.38	19.394021	20.639125	20.046093	0.542936
21.45	21.48	16.55	16.55	2.98	1.38	19.392020	20.638159	20.044621	0.542947
21.45	21.48	16.54	16.54	2.98	1.38	19.390019	20.637192	20.043149	0.542957
21.46	21.48	16.54	16.54	2.98	1.38	19.388016	20.636224	20.041675	0.542968
21.46	21.48	16.54	16.54	2.98	1.38	19.386013	20.635256	20.040201	0.542978
21.46	21.48	16.53	16.53	2.98	1.38	19.384009	20.634288	20.038726	0.542989
21.46	21.48	16.53	16.53	2.98	1.38	19.382004	20.633318	20.037251	0.542999
21.47	21.48	16.53	16.53	2.98	1.38	19.379999	20.632348	20.035775	0.543010
21.47	21.48	16.52	16.52	2.98	1.39	19.377993	20.631378	20.034298	0.543020
21.47	21.48	16.52	16.52	2.98	1.39	19.375985	20.630407	20.032820	0.543031
21.48	21.48	16.51	16.51	2.98	1.39	19.373978	20.629435	20.031342	0.543041
21.48	21.48	16.51	16.51	2.98	1.39	19.371969	20.628463	20.029863	0.543052
21.48	21.48	16.51	16.51	2.98	1.39	19.369960	20.627490	20.028383	0.543062
21.48	21.48	16.50	16.50	2.98	1.39	19.367950	20.626517	20.026903	0.543072
21.49	21.48	16.50	16.50	2.98	1.39	19.365939	20.625543	20.025422	0.543083
21.49	21.48	16.50	16.50	2.98	1.39	19.363927	20.624569	20.023940	0.543093
21.49	21.48	16.49	16.49	2.98	1.39	19.361915	20.623593	20.022458	0.543104
21.49	21.48	16.49	16.49	2.98	1.39	19.359901	20.622618	20.020975	0.543114
21.50	21.48	16.49	16.49	2.98	1.39	19.357888	20.621641	20.019491	0.543124
21.50	21.48	16.48	16.48	2.98	1.39	19.355873	20.620665	20.018006	0.543135
21.50	21.48	16.48	16.48	2.98	1.39	19.353857	20.619687	20.016521	0.543145
21.51	21.48	16.47	16.47	2.98	1.39	19.351841	20.618709	20.015035	0.543156
21.51	21.48	16.47	16.47	2.98	1.39	19.349824	20.617730	20.013549	0.543166
21.51	21.48	16.47	16.47	2.98	1.39	19.347806	20.616751	20.012062	0.543176
21.51	21.48	16.46	16.46	2.98	1.39	19.345788	20.615771	20.010574	0.543187
21.52	21.48	16.46	16.46	2.98	1.39	19.343768	20.614791	20.009085	0.543197
21.52	21.48	16.46	16.46	2.98	1.39	19.341748	20.613810	20.007596	0.543207
21.52	21.48	16.45	16.45	2.98	1.39	19.339728	20.612828	20.006106	0.543218
21.52	21.48	16.45	16.45	2.98	1.39	19.337706	20.611846	20.004615	0.543228
21.53	21.48	16.44	16.44	2.98	1.39	19.335684	20.610863	20.003124	0.543238
21.53	21.48	16.44	16.44	2.98	1.39	19.333660	20.609880	20.001632	0.543249
21.53	21.48	16.44	16.44	2.98	1.39	19.331637	20.608896	20.000139	0.543259
21.54	21.48	16.43	16.43	2.98	1.39	19.329612	20.607912	19.998646	0.543269
21.54	21.48	16.43	16.43	2.98	1.39	19.327587	20.606927	19.997152	0.543280
21.54	21.48	16.43	16.43	2.98	1.39	19.325560	20.605941	19.995657	0.543290
21.54	21.48	16.42	16.42	2.98	1.39	19.323534	20.604955	19.994162	0.543300
21.55	21.48	16.42	16.42	2.98	1.39	19.321506	20.603968	19.992666	0.543310
21.55	21.48	16.41	16.41	2.98	1.39	19.319478	20.602981	19.991169	0.543321
21.55	21.48	16.41	16.41	2.98	1.39	19.317448	20.601993	19.989671	0.543331
21.56	21.48	16.41	16.41	2.98	1.39	19.315418	20.601004	19.988173	0.543341
21.56	21.48	16.40	16.40	2.98	1.40	19.313388	20.600015	19.986675	0.543352
21.56	21.48	16.40	16.40	2.98	1.40	19.311356	20.599025	19.985175	0.543362
21.56	21.48	16.40	16.40	2.98	1.40	19.309324	20.598035	19.983675	0.543372
21.57	21.48	16.39	16.39	2.98	1.40	19.307291	20.597044	19.982174	0.543382
21.57	21.48	16.39	16.39	2.98	1.40	19.305258	20.596053	19.980673	0.543393
21.57	21.48	16.39	16.39	2.98	1.40	19.303223	20.595061	19.979170	0.543403
21.57	21.48	16.38	16.38	2.98	1.40	19.301188	20.594068	19.977668	0.543413
21.58	21.48	16.38	16.38	2.98	1.40	19.299152	20.593075	19.976164	0.543423
21.58	21.48	16.37	16.37	2.98	1.40	19.297115	20.592081	19.974660	0.543433
21.58	21.48	16.37	16.37	2.98	1.40	19.295078	20.591087	19.973155	0.543444
21.59	21.48	16.37	16.37	2.98	1.40	19.293040	20.590092	19.971649	0.543454
21.59	21.48	16.36	16.36	2.98	1.40	19.291001	20.589096	19.970143	0.543464
21.59	21.48	16.36	16.36	2.98	1.40	19.288961	20.588100	19.968636	0.543474
21.59	21.48	16.36	16.36	2.98	1.40	19.286921	20.587104	19.967129	0.543484
21.60	21.48	16.35	16.35	2.98	1.40	19.284880	20.586106	19.965621	0.543495
21.60	21.48	16.35	16.35	2.98	1.40	19.282838	20.585108	19.964112	0.543505
21.60	21.48	16.34	16.34	2.98	1.40	19.280795	20.584110	19.962602	0.543515
21.61	21.48	16.34	16.34	2.98	1.40	19.278752	20.583111	19.961092	0.543525
21.61	21.48	16.34	16.34	2.98	1.40	19.276708	20.582112	19.959581	0.543535
21.61	21.48	16.33	16.33	2.98	1.40	19.274663	20.581112	19.958069	0.543545
21.61	21.48	16.33	16.33	2.98	1.40	19.272617	20.580111	19.956557	0.543556
21.62	21.48	16.33	16.33	2.98	1.40	19.270571	20.579110	19.955044	0.543566
21.62	21.48	16.32	16.32	2.98	1.40	19.268524	20.578108	19.953531	0.543576
21.62	21.48	16.32	16.32	2.98	1.40	19.266476	20.577105	19.952016	0.543586
21.62	21.48	16.31	16.31	2.98	1.40	19.264427	20.576102	19.950501	0.543596
21.63	21.48	16.31	16.31	2.98	1.40	19.262378	20.575099	19.948986	0.543606
21.63	21.48	16.31	16.31	2.98	1.40	19.260328	20.574095	19.947469	0.543616
21.63	21.48	16.30	16.30	2.98	1.40	19.258277	20.573090	19.945953	0.543626
21.64	21.48	16.30	16.30	2.98	1.40	19.256226	20.572085	19.944435	0.543636
21.64	21.48	16.30	16.30	2.98	1.40	19.254173	20.571079	19.942917	0.543647
21.64	21.48	16.29	16.29	2.98	1.40	19.252120	20.570072	19.941398	0.543657
21.64	21.48	16.29	16.29	2.98	1.40	19.250067	20.569065	19.939878	0.543667
21.65	21.48	16.29	16.29	2.98	1.40	19.248012	20.568058	19.938358	0.543677
21.65	21.48	16.28	16.28	2.98	1.41	19.245957	20.567050	19.936837	0.543687
21.65	21.48	16.28	16.28	2.98	1.41	19.243901	20.566041	19.935315	0.543697
21.66	21.48	16.27	16.27	2.98	1.41	19.241844	20.565032	19.933793	0.543707
21.66	21.48	16.27	16.27	2.98	1.41	19.239787	20.564022	19.932270	0.543717
21.66	21.48	16.27	16.27	2.98	1.41	19.237729	20.563012	19.930747	0.543727
21.66	21.48	16.26	16.26	2.98	1.41	19.235670	20.562001	19.929223	0.543737
21.67	21.48	16.26	16.26	2.98	1.41	19.233611	20.560989	19.927698	0.543747
21.67	21.48	16.26	16.26	2.98	1.41	19.231550	20.559977	19.926172	0.543757
21.67	21.48	16.25	16.25	2.98	1.41	19.229489	20.558964	19.924646	0.543767
21.68	21.48	16.25	16.25	2.98	1.41	19.227427	20.557951	19.923119	0.543777
21.68	21.48	16.24	16.24	2.98	1.41	19.225365	20.556937	19.921591	0.543787
21.68	21.48	16.24	16.24	2.98	1.41	19.223302	20.555923	19.920063	0.543797
21.68	21.48	16.24	16.24	2.98	1.41	19.221238	20.554908	19.918534	0.543807
21.69	21.48	16.23	16.23	2.98	1.41	19.219173	20.553892	19.917005	0.543817
21.69	21.48	16.23	16.23	2.98	1.41	19.217108	20.552876	19.915475	0.543827
21.69	21.48	16.23	16.23	2.98	1.41	19.215041	20.551859	19.913944	0.543837
21.69	21.48	16.22	16.22	2.98	1.41	19.212975	20.550842	19.912412	0.543847
21.70	21.48	16.22	16.22	2.98	1.41	19.210907	20.549824	19.910880	0.543857
21.70	21.48	16.21	16.21	2.98	1.41	19.208839	20.548806	19.909348	0.543867
21.70	21.48	16.21	16.21	2.98	1.41	19.206770	20.547787	19.907814	0.543877
21.71	21.48	16.21	16.21	2.98	1.41	19.204700	20.546768	19.906280	0.543887
21.71	21.48	16.20	16.20	2.98	1.41	19.202629	20.545748	19.904745	0.543897
21.71	21.48	16.20	16.20	2.98	1.41	19.200558	20.544727	19.903210	0.543907
21.71	21.48	16.20	16.20	2.98	1.41	19.198486	20.543706	19.901674	0.543917
21.72	21.48	16.19	16.19	2.98	1.41	19.196414	20.542684	19.900137	0.543927
21.72	21.48	16.19	16.19	2.98	1.41	19.194340	20.541662	19.898600	0.543937
21.72	21.48	16.18	16.18	2.98	1.41	19.192266	20.540639	19.897062	0.543947
21.73	21.48	16.18	16.18	2.98	1.41	19.190192	20.539615	19.895523	0.543957
21.73	21.48	16.18	16.18	2.98	1.41	19.188116	20.538591	19.893984	0.543966
21.73	21.48	16.17	16.17	2.98	1.41	19.186040	20.537567	19.892444	0.543976
21.73	21.48	16.17	16.17	2.98	1.41	19.183963	20.536542	19.890903	0.543986
21.74	21.48	16.17	16.17	2.98	1.41	19.181885	20.535516	19.889362	0.543996
21.74	21.48	16.16	16.16	2.98	1.41	19.179807	20.534490	19.887820	0.544006
21.74	21.48	16.16	16.16	2.98	1.42	19.177728	20.533463	19.886277	0.544016
21.74	21.48	16.15	16.15	2.98	1.42	19.175648	20.532436	19.884734	0.544026
21.75	21.48	16.15	16.15	2.98	1.42	19.173567	20.531408	19.883190	0.544036
21.75	21.48	16.15	16.15	2.98	1.42	19.171486	20.530379	19.881646	0.544046
21.75	21.48	16.14	16.14	2.98	1.42	19.169404	20.529350	19.880101	0.544055
21.76	21.48	16.14	16.14	2.98	1.42	19.167322	20.528320	19.878555	0.544065
21.76	21.48	16.14	16.14	2.98	1.42	19.165238	20.527290	19.877008	0.544075
21.76	21.48	16.13	16.13	2.98	1.42	19.163154	20.526259	19.875461	0.544085
21.76	21.48	16.13	16.13	2.98	1.42	19.161069	20.525228	19.873914	0.544095
21.77	21.48	16.12	16.12	2.98	1.42	19.158984	20.524196	19.872365	0.544105
21.77	21.48	16.12	16.12	2.98	1.42	19.156898	20.523164	19.870816	0.544114
21.77	21.48	16.12	16.12	2.98	1.42	19.154811	20.522131	19.869266	0.544124
21.77	21.48	16.11	16.11	2.98	1.42	19.152723	20.521097	19.867716	0.544134
21.78	21.48	16.11	16.11	2.98	1.42	19.150635	20.520063	19.866165	0.544144
21.78	21.48	16.11	16.11	2.98	1.42	19.148546	20.519029	19.864614	0.544154
21.78	21.48	16.10	16.10	2.98	1.42	19.146456	20.517993	19.863061	0.544163
21.79	21.48	16.10	16.10	2.98	1.42	19.144366	20.516958	19.861508	0.544173
21.79	21.48	16.09	16.09	2.98	1.42	19.142275	20.515921	19.859955	0.544183
21.79	21.48	16.09	16.09	2.98	1.42	19.140183	20.514884	19.858401	0.544193
21.79	21.48	16.09	16.09	2.98	1.42	19.138090	20.513847	19.856846	0.544203
21.80	21.48	16.08	16.08	2.98	1.42	19.135997	20.512809	19.855290	0.544212
21.80	21.48	16.08	16.08	2.98	1.42	19.133903	20.511770	19.853734	0.544222
21.80	21.48	16.08	16.08	2.98	1.42	19.131809	20.510731	19.852178	0.544232
21.81	21.48	16.07	16.07	2.98	1.42	19.129713	20.509692	19.850620	0.544242
21.81	21.48	16.07	16.07	2.98	1.42	19.127617	20.508651	19.849062	0.544251
21.81	21.48	16.07	16.07	2.98	1.42	19.125520	20.507611	19.847503	0.544261
21.81	21.48	16.06	16.06	2.98	1.42	19.123423	20.506569	19.845944	0.544271
21.82	21.48	16.06	16.06	2.98	1.42	19.121325	20.505527	19.844384	0.544281
21.82	21.48	16.05	16.05	2.98	1.42	19.119226	20.504485	19.842824	0.544290
21.82	21.48	16.05	16.05	2.98	1.42	19.117126	20.503442	19.841263	0.544300
21.82	21.48	16.05	16.05	2.98	1.42	19.115026	20.502398	19.839701	0.544310
21.83	21.48	16.04	16.04	2.98	1.42	19.112925	20.501354	19.838138	0.544319
21.83	21.48	16.04	16.04	2.98	1.42	19.110824	20.500310	19.836575	0.544329
21.83	21.48	16.04	16.04	2.98	1.42	19.108721	20.499264	19.835011	0.544339
21.84	21.48	16.03	16.03	2.98	1.43	19.106618	20.498219	19.833447	0.544349
21.84	21.48	16.03	16.03	2.98	1.43	19.104515	20.497172	19.831882	0.544358
21.84	21.48	16.02	16.02	2.98	1.43	19.102410	20.496125	19.830316	0.544368
21.84	21.48	16.02	16.02	2.98	1.43	19.100305	20.495078	19.828750	0.544378
21.85	21.48	16.02	16.02	2.98	1.43	19.098199	20.494030	19.827183	0.544387
21.85	21.48	16.01	16.01	2.98	1.43	19.096093	20.492982	19.825616	0.544397
21.85	21.48	16.01	16.01	2.98	1.43	19.093986	20.491932	19.824047	0.544407
21.86	21.48	16.01	16.01	2.98	1.43	19.091878	20.490883	19.822479	0.544416
21.86	21.48	16.00	16.00	2.98	1.43	19.089769	20.489833	19.820909	0.544426
21.86	21.48	16.00	16.00	2.98	1.43	19.087660	20.488782	19.819339	0.544435
21.86	21.48	15.99	15.99	2.98	1.43	19.085550	20.487731	19.817768	0.544445
21.87	21.48	15.99	15.99	2.98	1.43	19.083440	20.486679	19.816197	0.544455
21.87	21.48	15.99	15.99	2.98	1.43	19.081329	20.485627	19.814625	0.544464
21.87	21.48	15.98	15.98	2.98	1.43	19.079217	20.484574	19.813053	0.544474
21.88	21.48	15.98	15.98	2.98	1.43	19.077104	20.483520	19.811479	0.544484
21.88	21.48	15.98	15.98	2.98	1.43	19.074991	20.482466	19.809906	0.544493
21.88	21.48	15.97	15.97	2.98	1.43	19.072877	20.481412	19.808331	0.544503
21.88	21.48	15.97	15.97	2.98	1.43	19.070762	20.480357	19.806756	0.544512
21.89	21.48	15.96	15.96	2.98	1.43	19.068646	20.479301	19.805180	0.544522
21.89	21.48	15.96	15.96	2.98	1.43	19.066530	20.478245	19.803604	0.544532
21.89	21.48	15.96	15.96	2.98	1.43	19.064414	20.477188	19.802027	0.544541
21.89	21.48	15.95	15.95	2.98	1.43	19.062296	20.476131	19.800449	0.544551
21.90	21.48	15.95	15.95	2.98	1.43	19.060178	20.475073	19.798871	0.544560
21.90	21.48	15.95	15.95	2.98	1.43	19.058059	20.474014	19.797292	0.544570
21.90	21.48	15.94	15.94	2.98	1.43	19.055940	20.472956	19.795713	0.544579
21.91	21.48	15.94	15.94	2.98	1.43	19.053820	20.471896	19.794133	0.544589
21.91	21.48	15.93	15.93	2.98	1.43	19.051699	20.470836	19.792552	0.544598
21.91	21.48	15.93	15.93	2.98	1.43	19.049577	20.469776	19.790971	0.544608
21.91	21.48	15.93	15.93	2.98	1.43	19.047455	20.468714	19.789389	0.544618
21.92	21.48	15.92	15.92	2.97	1.43	19.045332	20.467653	19.787806	0.544627
21.92	21.48	15.92	15.92	2.97	1.43	19.043209	20.466591	19.786223	0.544637
21.92	21.48	15.92	15.92	2.97	1.43	19.041085	20.465528	19.784639	0.544646
21.93	21.48	15.91	15.91	2.97	1.43	19.038960	20.464465	19.783055	0.544656
21.93	21.48	15.91	15.91	2.97	1.43	19.036834	20.463401	19.781470	0.544665
21.93	21.48	15.90	15.90	2.97	1.44	19.034708	20.462336	19.779884	0.544675
21.93	21.48	15.90	15.90	2.97	1.44	19.032581	20.461272	19.778298	0.544684
21.94	21.48	15.90	15.90	2.97	1.44	19.030454	20.460206	19.776711	0.544694
21.94	21.48	15.89	15.89	2.97	1.44	19.028325	20.459140	19.775123	0.544703
21.94	21.48	15.89	15.89	2.97	1.44	19.026196	20.458074	19.773535	0.544713
21.94	21.48	15.88	15.88	2.97	1.44	19.024067	20.457007	19.771946	0.544722
21.95	21.48	15.88	15.88	2.97	1.44	19.021937	20.455939	19.770357	0.544732
21.95	21.48	15.88	15.88	2.97	1.44	19.019806	20.454871	19.768767	0.544741
21.95	21.48	15.87	15.87	2.97	1.44	19.017674	20.453802	19.767177	0.544750
21.96	21.48	15.87	15.87	2.97	1.44	19.015542	20.452733	19.765585	0.544760
21.96	21.48	15.87	15.87	2.97	1.44	19.013409	20.451663	19.763994	0.544769
21.96	21.48	15.86	15.86	2.97	1.44	19.011275	20.450593	19.762401	0.544779
21.96	21.48	15.86	15.86	2.97	1.44	19.009141	20.449522	19.760808	0.544788
21.97	21.48	15.85	15.85	2.97	1.44	19.007006	20.448451	19.759214	0.544798
21.97	21.48	15.85	15.85	2.97	1.44	19.004871	20.447379	19.757620	0.544807
21.97	21.48	15.85	15.85	2.97	1.44	19.002735	20.446306	19.756025	0.544816
21.98	21.48	15.84	15.84	2.97	1.44	19.000598	20.445233	19.754430	0.544826
21.98	21.48	15.84	15.84	2.97	1.44	18.998460	20.444160	19.752834	0.544835
21.98	21.48	15.84	15.84	2.97	1.44	18.996322	20.443086	19.751237	0.544845
21.98	21.48	15.83	15.83	2.97	1.44	18.994183	20.442011	19.749639	0.544854
21.99	21.48	15.83	15.83	2.97	1.44	18.992043	20.440936	19.748042	0.544863
21.99	21.48	15.82	15.82	2.97	1.44	18.989903	20.439860	19.746443	0.544873
21.99	21.48	15.82	15.82	2.97	1.44	18.987762	20.438784	19.744844	0.544882
21.99	21.48	15.82	15.82	2.97	1.44	18.985621	20.437707	19.743244	0.544892
22.00	21.48	15.81	15.81	2.97	1.44	18.983479	20.436630	19.741644	0.544901
22.00	21.48	15.81	15.81	2.97	1.44	18.981336	20.435552	19.740043	0.544910
22.00	21.48	15.81	15.81	2.97	1.44	18.979192	20.434474	19.738441	0.544920
22.01	21.48	15.80	15.80	2.97	1.44	18.977048	20.433395	19.736839	0.544929
22.01	21.48	15.80	15.80	2.97	1.44	18.974904	20.432316	19.735236	0.544938
22.01	21.48	15.79	15.79	2.97	1.44	18.972758	20.431236	19.733633	0.544948
22.01	21.48	15.79	15.79	2.97	1.44	18.970612	20.430155	19.732029	0.544957
22.02	21.48	15.79	15.79	2.97	1.44	18.968465	20.429074	19.730424	0.544966
22.02	21.48	15.78	15.78	2.97	1.44	18.966318	20.427993	19.728819	0.544976
22.02	21.48	15.78	15.78	2.97	1.44	18.964170	20.426911	19.727213	0.544985
22.02	21.48	15.78	15.78	2.97	1.44	18.962021	20.425828	19.725607	0.544994
22.03	21.48	15.77	15.77	2.97	1.45	18.959872	20.424745	19.724000	0.545004
22.03	21.48	15.77	15.77	2.97	1.45	18.957722	20.423661	19.722392	0.545013
22.03	21.48	15.76	15.76	2.97	1.45	18.955571	20.422577	19.720784	0.545022
22.04	21.48	15.76	15.76	2.97	1.45	18.953420	20.421492	19.719175	0.545032
22.04	21.48	15.76	15.76	2.97	1.45	18.951268	20.420407	19.717565	0.545041
22.04	21.48	15.75	15.75	2.97	1.45	18.949115	20.419321	19.715955	0.545050
22.04	21.48	15.75	15.75	2.97	1.45	18.946962	20.418235	19.714345	0.545059
22.05	21.48	15.75	15.75	2.97	1.45	18.944808	20.417148	19.712734	0.545069
22.05	21.48	15.74	15.74	2.97	1.45	18.942653	20.416061	19.711122	0.545078
22.05	21.48	15.74	15.74	2.97	1.45	18.940498	20.414973	19.709509	0.545087
22.06	21.48	15.73	15.73	2.97	1.45	18.938342	20.413884	19.707896	0.545097
22.06	21.48	15.73	15.73	2.97	1.45	18.936186	20.412795	19.706283	0.545106
22.06	21.48	15.73	15.73	2.97	1.45	18.934029	20.411706	19.704668	0.545115
22.06	21.48	15.72	15.72	2.97	1.45	18.931871	20.410616	19.703054	0.545124
22.07	21.48	15.72	15.72	2.97	1.45	18.929713	20.409525	19.701438	0.545133
22.07	21.48	15.72	15.72	2.97	1.45	18.927554	20.408434	19.699822	0.545143
22.07	21.48	15.71	15.71	2.97	1.45	18.925394	20.407343	19.698206	0.545152
22.07	21.48	15.71	15.71	2.97	1.45	18.923234	20.406250	19.696588	0.545161
22.08	21.48	15.70	15.70	2.97	1.45	18.921073	20.405158	19.694971	0.545170
22.08	21.48	15.70	15.70	2.97	1.45	18.918911	20.404065	19.693352	0.545180
22.08	21.48	15.70	15.70	2.97	1.45	18.916749	20.402971	19.691733	0.545189
22.09	21.48	15.69	15.69	2.97	1.45	18.914586	20.401877	19.690114	0.545198
22.09	21.48	15.69	15.69	2.97	1.45	18.912422	20.400782	19.688493	0.545207
22.09	21.48	15.69	15.69	2.97	1.45	18.910258	20.399687	19.686873	0.545216
22.09	21.48	15.68	15.68	2.97	1.45	18.908094	20.398591	19.685251	0.545226
22.10	21.48	15.68	15.68	2.97	1.45	18.905928	20.397495	19.683629	0.545235
22.10	21.48	15.67	15.67	2.97	1.45	18.903762	20.396398	19.682007	0.545244
22.10	21.48	15.67	15.67	2.97	1.45	18.901595	20.395300	19.680384	0.545253
22.11	21.48	15.67	15.67	2.97	1.45	18.899428	20.394202	19.678760	0.545262
22.11	21.48	15.66	15.66	2.97	1.45	18.897260	20.393104	19.677136	0.545271
22.11	21.48	15.66	15.66	2.97	1.45	18.895092	20.392005	19.675511	0.545281
22.11	21.48	15.65	15.65	2.97	1.45	18.892922	20.390906	19.673885	0.545290
22.12	21.48	15.65	15.65	2.97	1.45	18.890753	20.389806	19.672259	0.545299
22.12	21.48	15.65	15.65	2.97	1.45	18.888582	20.388705	19.670633	0.545308
22.12	21.48	15.64	15.64	2.97	1.45	18.886411	20.387604	19.669005	0.545317
22.12	21.48	15.64	15.64	2.97	1.46	18.884239	20.386503	19.667378	0.545326
22.13	21.48	15.64	15.64	2.97	1.46	18.882067	20.385400	19.665749	0.545335
22.13	21.48	15.63	15.63	2.97	1.46	18.879894	20.384298	19.664120	0.545344
22.13	21.48	15.63	15.63	2.97	1.46	18.877720	20.383195	19.662491	0.545354
22.14	21.48	15.62	15.62	2.97	1.46	18.875546	20.382091	19.660860	0.545363
22.14	21.48	15.62	15.62	2.97	1.46	18.873371	20.380987	19.659230	0.545372
22.14	21.48	15.62	15.62	2.97	1.46	18.871196	20.379882	19.657598	0.545381
22.14	21.48	15.61	15.61	2.97	1.46	18.869020	20.378777	19.655966	0.545390
22.15	21.48	15.61	15.61	2.97	1.46	18.866843	20.377671	19.654334	0.545399
22.15	21.48	15.61	15.61	2.97	1.46	18.864665	20.376565	19.652701	0.545408
22.15	21.48	15.60	15.60	2.97	1.46	18.862488	20.375458	19.651067	0.545417
22.16	21.48	15.60	15.60	2.97	1.46	18.860309	20.374351	19.649433	0.545426
22.16	21.48	15.59	15.59	2.97	1.46	18.858130	20.373243	19.647798	0.545435
22.16	21.48	15.59	15.59	2.97	1.46	18.855950	20.372135	19.646163	0.545444
22.16	21.48	15.59	15.59	2.97	1.46	18.853769	20.371026	19.644527	0.545453
22.17	21.48	15.58	15.58	2.97	1.46	18.851588	20.369917	19.642890	0.545462
22.17	21.48	15.58	15.58	2.97	1.46	18.849407	20.368807	19.641253	0.545471
22.17	21.48	15.58	15.58	2.97	1.46	18.847224	20.367697	19.639615	0.545480
22.18	21.48	15.57	15.57	2.97	1.46	18.845041	20.366586	19.637977	0.545489
22.18	21.48	15.57	15.57	2.97	1.46	18.842858	20.365475	19.636338	0.545499
22.18	21.48	15.56	15.56	2.97	1.46	18.840674	20.364363	19.634699	0.545508
22.18	21.48	15.56	15.56	2.97	1.46	18.838489	20.363250	19.633059	0.545517
22.19	21.48	15.56	15.56	2.97	1.46	18.836304	20.362137	19.631418	0.545526
22.19	21.48	15.55	15.55	2.97	1.46	18.834118	20.361024	19.629777	0.545535
22.19	21.48	15.55	15.55	2.97	1.46	18.831931	20.359910	19.628135	0.545544
22.19	21.48	15.55	15.55	2.97	1.46	18.829744	20.358796	19.626493	0.545553
22.20	21.48	15.54	15.54	2.97	1.46	18.827556	20.357681	19.624850	0.545562
22.20	21.48	15.54	15.54	2.97	1.46	18.825367	20.356565	19.623207	0.545571
22.20	21.48	15.53	15.53	2.97	1.46	18.823178	20.355449	19.621563	0.545579
22.21	21.48	15.53	15.53	2.97	1.46	18.820989	20.354333	19.619918	0.545588
22.21	21.48	15.53	15.53	2.97	1.46	18.818798	20.353216	19.618273	0.545597
22.21	21.48	15.52	15.52	2.97	1.46	18.816608	20.352098	19.616627	0.545606
22.21	21.48	15.52	15.52	2.97	1.46	18.814416	20.350980	19.614981	0.545615
22.22	21.48	15.51	15.51	2.97	1.46	18.812224	20.349861	19.613334	0.545624
22.22	21.48	15.51	15.51	2.97	1.46	18.810031	20.348742	19.611686	0.545633
22.22	21.48	15.51	15.51	2.97	1.47	18.807838	20.347623	19.610038	0.545642
22.23	21.48	15.50	15.50	2.97	1.47	18.805644	20.346503	19.608390	0.545651
22.23	21.48	15.50	15.50	2.97	1.47	18.803449	20.345382	19.606740	0.545660
22.23	21.48	15.50	15.50	2.97	1.47	18.801254	20.344261	19.605091	0.545669
22.23	21.48	15.49	15.49	2.97	1.47	18.799059	20.343139	19.603440	0.545678
22.24	21.48	15.49	15.49	2.97	1.47	18.796862	20.342017	19.601790	0.545687
22.24	21.48	15.48	15.48	2.97	1.47	18.794665	20.340895	19.600138	0.545696
22.24	21.48	15.48	15.48	2.97	1.47	18.792468	20.339772	19.598486	0.545705
22.24	21.48	15.48	15.48	2.97	1.47	18.790270	20.338648	19.596834	0.545713
22.25	21.48	15.47	15.47	2.97	1.47	18.788071	20.337524	19.595180	0.545722
22.25	21.48	15.47	15.47	2.97	1.47	18.785872	20.336399	19.593527	0.545731
22.25	21.48	15.47	15.47	2.97	1.47	18.783672	20.335274	19.591872	0.545740
22.26	21.48	15.46	15.46	2.97	1.47	18.781471	20.334148	19.590218	0.545749
22.26	21.48	15.46	15.46	2.97	1.47	18.779270	20.333022	19.588562	0.545758
22.26	21.48	15.45	15.45	2.97	1.47	18.777068	20.331895	19.586906	0.545767
22.26	21.48	15.45	15.45	2.97	1.47	18.774866	20.330768	19.585250	0.545776
22.27	21.48	15.45	15.45	2.97	1.47	18.772663	20.329641	19.583593	0.545784
22.27	21.48	15.44	15.44	2.97	1.47	18.770460	20.328512	19.581935	0.545793
22.27	21.48	15.44	15.44	2.97	1.47	18.768255	20.327384	19.580277	0.545802
22.27	21.48	15.44	15.44	2.97	1.47	18.766051	20.326255	19.578618	0.545811
22.28	21.48	15.43	15.43	2.97	1.47	18.763846	20.325125	19.576959	0.545820
22.28	21.48	15.43	15.43	2.97	1.47	18.761640	20.323995	19.575299	0.545829
22.28	21.48	15.42	15.42	2.97	1.47	18.759433	20.322864	19.573638	0.545838
22.29	21.48	15.42	15.42	2.97	1.47	18.757226	20.321733	19.571977	0.545846
22.29	21.48	15.42	15.42	2.97	1.47	18.755018	20.320601	19.570316	0.545855
22.29	21.48	15.41	15.41	2.97	1.47	18.752810	20.319469	19.568654	0.545864
22.29	21.48	15.41	15.41	2.97	1.47	18.750601	20.318336	19.566991	0.545873
22.30	21.48	15.40	15.40	2.97	1.47	18.748392	20.317203	19.565328	0.545882
22.30	21.48	15.40	15.40	2.97	1.47	18.746182	20.316069	19.563664	0.545890
22.30	21.48	15.40	15.40	2.97	1.47	18.743971	20.314935	19.562000	0.545899
22.31	21.48	15.39	15.39	2.97	1.47	18.741760	20.313800	19.560335	0.545908
22.31	21.48	15.39	15.39	2.97	1.47	18.739548	20.312665	19.558669	0.545917
22.31	21.48	15.39	15.39	2.97	1.47	18.737336	20.311529	19.557003	0.545925
22.31	21.48	15.38	15.38	2.97	1.47	18.735123	20.310393	19.555337	0.545934
22.32	21.48	15.38	15.38	2.97	1.47	18.732910	20.309256	19.553670	0.545943
22.32	21.48	15.37	15.37	2.97	1.47	18.730696	20.308119	19.552002	0.545952
22.32	21.48	15.37	15.37	2.97	1.47	18.728481	20.306982	19.550334	0.545961
22.32	21.48	15.37	15.37	2.97	1.48	18.726266	20.305843	19.548665	0.545969
22.33	21.48	15.36	15.36	2.97	1.48	18.724050	20.304705	19.546996	0.545978
22.33	21.48	15.36	15.36	2.97	1.48	18.721833	20.303565	19.545326	0.545987
22.33	21.48	15.36	15.36	2.97	1.48	18.719616	20.302426	19.543656	0.545995
22.34	21.48	15.35	15.35	2.97	1.48	18.717399	20.301286	19.541985	0.546004
22.34	21.48	15.35	15.35	2.97	1.48	18.715181	20.300145	19.540313	0.546013
22.34	21.48	15.34	15.34	2.97	1.48	18.712962	20.299004	19.538641	0.546022
22.34	21.48	15.34	15.34	2.97	1.48	18.710743	20.297862	19.536968	0.546030
22.35	21.48	15.34	15.34	2.97	1.48	18.708523	20.296720	19.535295	0.546039
22.35	21.48	15.33	15.33	2.97	1.48	18.706302	20.295577	19.533622	0.546048
22.35	21.48	15.33	15.33	2.97	1.48	18.704081	20.294434	19.531947	0.546056
22.36	21.48	15.33	15.33	2.97	1.48	18.701860	20.293290	19.530273	0.546065
22.36	21.48	15.32	15.32	2.97	1.48	18.699637	20.292146	19.528597	0.546074
22.36	21.48	15.32	15.32	2.97	1.48	18.697415	20.291002	19.526921	0.546083
22.36	21.48	15.31	15.31	2.97	1.48	18.695191	20.289857	19.525245	0.546091
22.37	21.48	15.31	15.31	2.97	1.48	18.692967	20.288711	19.523568	0.546100
22.37	21.48	15.31	15.31	2.97	1.48	18.690743	20.287565	19.521890	0.546109
22.37	21.48	15.30	15.30	2.97	1.48	18.688518	20.286418	19.520212	0.546117
22.38	21.48	15.30	15.30	2.97	1.48	18.686292	20.285271	19.518534	0.546126
22.38	21.48	15.29	15.29	2.97	1.48	18.684066	20.284123	19.516855	0.546135
22.38	21.48	15.29	15.29	2.97	1.48	18.681839	20.282975	19.515175	0.546143
22.38	21.48	15.29	15.29	2.97	1.48	18.679612	20.281827	19.513495	0.546152
22.39	21.48	15.28	15.28	2.97	1.48	18.677384	20.280678	19.511814	0.546160
22.39	21.48	15.28	15.28	2.97	1.48	18.675156	20.279528	19.510133	0.546169
22.39	21.48	15.28	15.28	2.97	1.48	18.672927	20.278378	19.508451	0.546178
22.39	21.48	15.27	15.27	2.97	1.48	18.670697	20.277228	19.506768	0.546186
22.40	21.48	15.27	15.27	2.97	1.48	18.668467	20.276077	19.505085	0.546195
22.40	21.48	15.26	15.26	2.97	1.48	18.666236	20.274925	19.503402	0.546204
22.40	21.48	15.26	15.26	2.97	1.48	18.664005	20.273773	19.501718	0.546212
22.41	21.48	15.26	15.26	2.97	1.48	18.661773	20.272621	19.500033	0.546221
22.41	21.48	15.25	15.25	2.97	1.48	18.659541	20.271468	19.498348	0.546229
22.41	21.48	15.25	15.25	2.97	1.48	18.657308	20.270314	19.496663	0.546238
22.41	21.48	15.25	15.25	2.97	1.48	18.655074	20.269160	19.494977	0.546247
22.42	21.48	15.24	15.24	2.97	1.48	18.652840	20.268006	19.493290	0.546255
22.42	21.48	15.24	15.24	2.97	1.48	18.650605	20.266851	19.491603	0.546264
22.42	21.48	15.23	15.23	2.97	1.48	18.648370	20.265695	19.489915	0.546272
22.43	21.48	15.23	15.23	2.97	1.48	18.646134	20.264540	19.488227	0.546281
22.43	21.48	15.23	15.23	2.97	1.49	18.643898	20.263383	19.486538	0.546289
22.43	21.48	15.22	15.22	2.97	1.49	18.641661	20.262226	19.484849	0.546298
22.43	21.48	15.22	15.22	2.97	1.49	18.639424	20.261069	19.483159	0.546306
22.44	21.48	15.21	15.21	2.97	1.49	18.637186	20.259911	19.481468	0.546315
22.44	21.48	15.21	15.21	2.97	1.49	18.634947	20.258753	19.479777	0.546324
22.44	21.48	15.21	15.21	2.97	1.49	18.632708	20.257594	19.478086	0.546332
22.44	21.48	15.20	15.20	2.97	1.49	18.630469	20.256435	19.476394	0.546341
22.45	21.48	15.20	15.20	2.97	1.49	18.628228	20.255275	19.474701	0.546349
22.45	21.48	15.20	15.20	2.97	1.49	18.625988	20.254115	19.473008	0.546358
22.45	21.48	15.19	15.19	2.97	1.49	18.623746	20.252954	19.471315	0.546366
22.46	21.48	15.19	15.19	2.97	1.49	18.621505	20.251793	19.469621	0.546375
22.46	21.48	15.18	15.18	2.97	1.49	18.619262	20.250631	19.467926	0.546383
22.46	21.48	15.18	15.18	2.97	1.49	18.617019	20.249469	19.466231	0.546392
22.46	21.48	15.18	15.18	2.97	1.49	18.614776	20.248306	19.464535	0.546400
22.47	21.48	15.17	15.17	2.97	1.49	18.612532	20.247143	19.462839	0.546409
22.47	21.48	15.17	15.17	2.96	1.49	18.610287	20.245980	19.461142	0.546417
22.47	21.48	15.17	15.17	2.96	1.49	18.608042	20.244815	19.459445	0.546426
22.48	21.48	15.16	15.16	2.96	1.49	18.605796	20.243651	19.457747	0.546434
22.48	21.48	15.16	15.16	2.96	1.49	18.603550	20.242486	19.456049	0.546443
22.48	21.48	15.15	15.15	2.96	1.49	18.601303	20.241320	19.454350	0.546451
22.48	21.48	15.15	15.15	2.96	1.49	18.599056	20.240154	19.452650	0.546459
22.49	21.48	15.15	15.15	2.96	1.49	18.596808	20.238988	19.450951	0.546468
22.49	21.48	15.14	15.14	2.96	1.49	18.594560	20.237821	19.449250	0.546476
22.49	21.48	15.14	15.14	2.96	1.49	18.592311	20.236653	19.447549	0.546485
22.49	21.48	15.14	15.14	2.96	1.49	18.590061	20.235485	19.445848	0.546493
22.50	21.48	15.13	15.13	2.96	1.49	18.587811	20.234317	19.444146	0.546502
22.50	21.48	15.13	15.13	2.96	1.49	18.585561	20.233148	19.442443	0.546510
22.50	21.48	15.12	15.12	2.96	1.49	18.583310	20.231979	19.440740	0.546519
22.51	21.48	15.12	15.12	2.96	1.49	18.581058	20.230809	19.439037	0.546527
22.51	21.48	15.12	15.12	2.96	1.49	18.578806	20.229639	19.437333	0.546535
22.51	21.48	15.11	15.11	2.96	1.49	18.576553	20.228468	19.435628	0.546544
22.51	21.48	15.11	15.11	2.96	1.49	18.574300	20.227297	19.433923	0.546552
22.52	21.48	15.10	15.10	2.96	1.49	18.572046	20.226125	19.432217	0.546561
22.52	21.48	15.10	15.10	2.96	1.49	18.569792	20.224953	19.430511	0.546569
22.52	21.48	15.10	15.10	2.96	1.49	18.567537	20.223780	19.428805	0.546577
22.52	21.48	15.09	15.09	2.96	1.49	18.565282	20.222607	19.427097	0.546586
22.53	21.48	15.09	15.09	2.96	1.49	18.563026	20.221433	19.425390	0.546594
22.53	21.48	15.09	15.09	2.96	1.50	18.560769	20.220259	19.423682	0.546603
22.53	21.48	15.08	15.08	2.96	1.50	18.558512	20.219085	19.421973	0.546611
22.54	21.48	15.08	15.08	2.96	1.50	18.556255	20.217909	19.420264	0.546619
22.54	21.48	15.07	15.07	2.96	1.50	18.553997	20.216734	19.418554	0.546628
22.54	21.48	15.07	15.07	2.96	1.50	18.551738	20.215558	19.416844	0.546636
22.54	21.48	15.07	15.07	2.96	1.50	18.549479	20.214381	19.415133	0.546644
22.55	21.48	15.06	15.06	2.96	1.50	18.547219	20.213205	19.413422	0.546653
22.55	21.48	15.06	15.06	2.96	1.50	18.544959	20.212027	19.411710	0.546661
22.55	21.48	15.06	15.06	2.96	1.50	18.542699	20.210849	19.409998	0.546669
22.56	21.48	15.05	15.05	2.96	1.50	18.540437	20.209671	19.408285	0.546678
22.56	21.48	15.05	15.05	2.96	1.50	18.538176	20.208492	19.406571	0.546686
22.56	21.48	15.04	15.04	2.96	1.50	18.535913	20.207313	19.404858	0.546694
22.56	21.48	15.04	15.04	2.96	1.50	18.533651	20.206133	19.403143	0.546703
22.57	21.48	15.04	15.04	2.96	1.50	18.531387	20.204953	19.401429	0.546711
22.57	21.48	15.03	15.03	2.96	1.50	18.529124	20.203772	19.399713	0.546719
22.57	21.48	15.03	15.03	2.96	1.50	18.526859	20.202591	19.397997	0.546728
22.57	21.48	15.02	15.02	2.96	1.50	18.524594	20.201409	19.396281	0.546736
22.58	21.48	15.02	15.02	2.96	1.50	18.522329	20.200227	19.394564	0.546744
22.58	21.48	15.02	15.02	2.96	1.50	18.520063	20.199045	19.392847	0.546752
22.58	21.48	15.01	15.01	2.96	1.50	18.517797	20.197862	19.391129	0.546761
22.59	21.48	15.01	15.01	2.96	1.50	18.515530	20.196678	19.389411	0.546769
22.59	21.48	15.01	15.01	2.96	1.50	18.513262	20.195494	19.387692	0.546777
22.59	21.48	15.00	15.00	2.96	1.50	18.510994	20.194310	19.385972	0.546786
22.59	21.48	15.00	15.00	2.96	1.50	18.508726	20.193125	19.384252	0.546794
22.60	21.48	14.99	14.99	2.96	1.50	18.506457	20.191940	19.382532	0.546802
22.60	21.48	14.99	14.99	2.96	1.50	18.504187	20.190754	19.380811	0.546810
22.60	21.48	14.99	14.99	2.96	1.50	18.501917	20.189568	19.379090	0.546819
22.61	21.48	14.98	14.98	2.96	1.50	18.499647	20.188381	19.377368	0.546827
22.61	21.48	14.98	14.98	2.96	1.50	18.497376	20.187194	19.375645	0.546835
22.61	21.48	14.98	14.98	2.96	1.50	18.495104	20.186006	19.373923	0.546843
22.61	21.48	14.97	14.97	2.96	1.50	18.492832	20.184818	19.372199	0.546851
22.62	21.48	14.97	14.97	2.96	1.50	18.490559	20.183629	19.370475	0.546860
22.62	21.48	14.96	14.96	2.96	1.50	18.488286	20.182440	19.368751	0.546868
22.62	21.48	14.96	14.96	2.96	1.50	18.486012	20.181251	19.367026	0.546876
22.62	21.48	14.96	14.96	2.96	1.50	18.483738	20.180061	19.365301	0.546884
22.63	21.48	14.95	14.95	2.96	1.50	18.481464	20.178870	19.363575	0.546893
22.63	21.48	14.95	14.95	2.96	1.50	18.479189	20.177679	19.361848	0.546901
22.63	21.48	14.94	14.94	2.96	1.50	18.476913	20.176488	19.360122	0.546909
22.64	21.48	14.94	14.94	2.96	1.51	18.474637	20.175296	19.358394	0.546917
22.64	21.48	14.94	14.94	2.96	1.51	18.472360	20.174104	19.356666	0.546925
22.64	21.48	14.93	14.93	2.96	1.51	18.470083	20.172911	19.354938	0.546933
22.64	21.48	14.93	14.93	2.96	1.51	18.467805	20.171718	19.353209	0.546942
22.65	21.48	14.93	14.93	2.96	1.51	18.465527	20.170524	19.351480	0.546950
22.65	21.48	14.92	14.92	2.96	1.51	18.463248	20.169330	19.349750	0.546958
22.65	21.48	14.92	14.92	2.96	1.51	18.460969	20.168136	19.348020	0.546966
22.66	21.48	14.91	14.91	2.96	1.51	18.458689	20.166941	19.346289	0.546974
22.66	21.48	14.91	14.91	2.96	1.51	18.456409	20.165745	19.344558	0.546982
22.66	21.48	14.91	14.91	2.96	1.51	18.454129	20.164549	19.342826	0.546991
22.66	21.48	14.90	14.90	2.96	1.51	18.451847	20.163353	19.341093	0.546999
22.67	21.48	14.90	14.90	2.96	1.51	18.449566	20.162156	19.339361	0.547007
22.67	21.48	14.90	14.90	2.96	1.51	18.447284	20.160959	19.337627	0.547015
22.67	21.48	14.89	14.89	2.96	1.51	18.445001	20.159761	19.335894	0.547023
22.68	21.48	14.89	14.89	2.96	1.51	18.442718	20.158563	19.334159	0.547031
22.68	21.48	14.88	14.88	2.96	1.51	18.440434	20.157364	19.332425	0.547039
22.68	21.48	14.88	14.88	2.96	1.51	18.438150	20.156165	19.330689	0.547047
22.68	21.48	14.88	14.88	2.96	1.51	18.435865	20.154965	19.328954	0.547056
22.69	21.48	14.87	14.87	2.96	1.51	18.433580	20.153765	19.327218	0.547064
22.69	21.48	14.87	14.87	2.96	1.51	18.431294	20.152565	19.325481	0.547072
22.69	21.48	14.86	14.86	2.96	1.51	18.429008	20.151364	19.323744	0.547080
22.69	21.48	14.86	14.86	2.96	1.51	18.426722	20.150163	19.322006	0.547088
22.70	21.48	14.86	14.86	2.96	1.51	18.424434	20.148961	19.320268	0.547096
22.70	21.48	14.85	14.85	2.96	1.51	18.422147	20.147758	19.318529	0.547104
22.70	21.48	14.85	14.85	2.96	1.51	18.419859	20.146556	19.316790	0.547112
22.71	21.48	14.85	14.85	2.96	1.51	18.417570	20.145353	19.315051	0.547120
22.71	21.48	14.84	14.84	2.96	1.51	18.415281	20.144149	19.313311	0.547128
22.71	21.48	14.84	14.84	2.96	1.51	18.412991	20.142945	19.311570	0.547136
22.71	21.48	14.83	14.83	2.96	1.51	18.410701	20.141740	19.309829	0.547144
22.72	21.48	14.83	14.83	2.96	1.51	18.408411	20.140535	19.308088	0.547152
22.72	21.48	14.83	14.83	2.96	1.51	18.406120	20.139330	19.306346	0.547161
22.72	21.48	14.82	14.82	2.96	1.51	18.403828	20.138124	19.304603	0.547169
22.73	21.48	14.82	14.82	2.96	1.51	18.401536	20.136918	19.302860	0.547177
22.73	21.48	14.82	14.82	2.96	1.51	18.399244	20.135711	19.301117	0.547185
22.73	21.48	14.81	14.81	2.96	1.51	18.396951	20.134504	19.299373	0.547193
22.73	21.48	14.81	14.81	2.96	1.51	18.394657	20.133296	19.297629	0.547201
22.74	21.48	14.80	14.80	2.96	1.51	18.392363	20.132088	19.295884	0.547209
22.74	21.48	14.80	14.80	2.96	1.51	18.390069	20.130879	19.294138	0.547217
22.74	21.48	14.80	14.80	2.96	1.51	18.387774	20.129670	19.292393	0.547225
22.74	21.48	14.79	14.79	2.96	1.52	18.385479	20.128461	19.290646	0.547233
22.75	21.48	14.79	14.79	2.96	1.52	18.383183	20.127251	19.288900	0.547241
22.75	21.48	14.78	14.78	2.96	1.52	18.380887	20.126040	19.287152	0.547249
22.75	21.48	14.78	14.78	2.96	1.52	18.378590	20.124830	19.285405	0.547257
22.76	21.48	14.78	14.78	2.96	1.52	18.376292	20.123618	19.283656	0.547265
22.76	21.48	14.77	14.77	2.96	1.52	18.373995	20.122407	19.281908	0.547273
22.76	21.48	14.77	14.77	2.96	1.52	18.371696	20.121194	19.280159	0.547281
22.76	21.48	14.77	14.77	2.96	1.52	18.369398	20.119982	19.278409	0.547289
22.77	21.48	14.76	14.76	2.96	1.52	18.367099	20.118769	19.276659	0.547297
22.77	21.48	14.76	14.76	2.96	1.52	18.364799	20.117555	19.274909	0.547304
22.77	21.48	14.75	14.75	2.96	1.52	18.362499	20.116341	19.273158	0.547312
22.77	21.48	14.75	14.75	2.96	1.52	18.360198	20.115127	19.271406	0.547320
22.78	21.48	14.75	14.75	2.96	1.52	18.357897	20.113912	19.269654	0.547328
22.78	21.48	14.74	14.74	2.96	1.52	18.355596	20.112697	19.267902	0.547336
22.78	21.48	14.74	14.74	2.96	1.52	18.353294	20.111481	19.266149	0.547344
22.79	21.48	14.74	14.74	2.96	1.52	18.350991	20.110265	19.264396	0.547352
22.79	21.48	14.73	14.73	2.96	1.52	18.348688	20.109049	19.262642	0.547360
22.79	21.48	14.73	14.73	2.96	1.52	18.346385	20.107832	19.260887	0.547368
22.79	21.48	14.72	14.72	2.96	1.52	18.344081	20.106614	19.259133	0.547376
22.80	21.48	14.72	14.72	2.96	1.52	18.341776	20.105396	19.257378	0.547384
22.80	21.48	14.72	14.72	2.96	1.52	18.339472	20.104178	19.255622	0.547392
22.80	21.48	14.71	14.71	2.96	1.52	18.337166	20.102959	19.253866	0.547400
22.81	21.48	14.71	14.71	2.96	1.52	18.334861	20.101740	19.252109	0.547407
22.81	21.48	14.70	14.70	2.96	1.52	18.332554	20.100520	19.250352	0.547415
22.81	21.48	14.70	14.70	2.96	1.52	18.330248	20.099300	19.248595	0.547423
22.81	21.48	14.70	14.70	2.96	1.52	18.327941	20.098080	19.246837	0.547431
22.82	21.48	14.69	14.69	2.96	1.52	18.325633	20.096859	19.245078	0.547439
22.82	21.48	14.69	14.69	2.96	1.52	18.323325	20.095638	19.243319	0.547447
22.82	21.48	14.69	14.69	2.96	1.52	18.321016	20.094416	19.241560	0.547455
22.82	21.48	14.68	14.68	2.96	1.52	18.318707	20.093194	19.239800	0.547463
22.83	21.48	14.68	14.68	2.96	1.52	18.316398	20.091971	19.238040	0.547470
22.83	21.48	14.67	14.67	2.96	1.52	18.314088	20.090748	19.236279	0.547478
22.83	21.48	14.67	14.67	2.96	1.52	18.311778	20.089524	19.234518	0.547486
22.84	21.48	14.67	14.67	2.96	1.52	18.309467	20.088300	19.232756	0.547494
22.84	21.48	14.66	14.66	2.96	1.52	18.307156	20.087076	19.230994	0.547502
22.84	21.48	14.66	14.66	2.96	1.52	18.304844	20.085851	19.229232	0.547510
22.84	21.48	14.66	14.66	2.96	1.52	18.302532	20.084626	19.227468	0.547517
22.85	21.48	14.65	14.65	2.96	1.52	18.300219	20.083400	19.225705	0.547525
22.85	21.48	14.65	14.65	2.96	1.52	18.297906	20.082174	19.223941	0.547533
22.85	21.48	14.64	14.64	2.96	1.53	18.295592	20.080947	19.222177	0.547541
22.86	21.48	14.64	14.64	2.96	1.53	18.293278	20.079720	19.220412	0.547549
22.86	21.48	14.64	14.64	2.96	1.53	18.290964	20.078493	19.218647	0.547557
22.86	21.48	14.63	14.63	2.96	1.53	18.288649	20.077265	19.216881	0.547564
22.86	21.48	14.63	14.63	2.96	1.53	18.286334	20.076036	19.215115	0.547572
22.87	21.48	14.62	14.62	2.96	1.53	18.284018	20.074808	19.213348	0.547580
22.87	21.48	14.62	14.62	2.96	1.53	18.281702	20.073579	19.211581	0.547588
22.87	21.48	14.62	14.62	2.96	1.53	18.279385	20.072349	19.209813	0.547596
22.88	21.48	14.61	14.61	2.96	1.53	18.277068	20.071119	19.208045	0.547603
22.88	21.48	14.61	14.61	2.96	1.53	18.274750	20.069888	19.206277	0.547611
22.88	21.48	14.61	14.61	2.96	1.53	18.272432	20.068658	19.204508	0.547619
22.88	21.48	14.60	14.60	2.96	1.53	18.270114	20.067426	19.202739	0.547627
22.89	21.48	14.60	14.60	2.96	1.53	18.267795	20.066194	19.200969	0.547634
22.89	21.48	14.59	14.59	2.96	1.53	18.265476	20.064962	19.199198	0.547642
22.89	21.48	14.59	14.59	2.96	1.53	18.263156	20.063730	19.197428	0.547650
22.89	21.48	14.59	14.59	2.96	1.53	18.260836	20.062497	19.195657	0.547658
22.90	21.48	14.58	14.58	2.96	1.53	18.258515	20.061263	19.193885	0.547665
22.90	21.48	14.58	14.58	2.96	1.53	18.256194	20.060029	19.192113	0.547673
22.90	21.48	14.58	14.58	2.96	1.53	18.253872	20.058795	19.190340	0.547681
22.91	21.48	14.57	14.57	2.96	1.53	18.251550	20.057560	19.188568	0.547689
22.91	21.48	14.57	14.57	2.96	1.53	18.249228	20.056325	19.186794	0.547696
22.91	21.48	14.56	14.56	2.96	1.53	18.246905	20.055090	19.185020	0.547704
22.91	21.48	14.56	14.56	2.96	1.53	18.244582	20.053854	19.183246	0.547712
22.92	21.48	14.56	14.56	2.96	1.53	18.242258	20.052617	19.181471	0.547719
22.92	21.48	14.55	14.55	2.96	1.53	18.239934	20.051380	19.179696	0.547727
22.92	21.48	14.55	14.55	2.96	1.53	18.237609	20.050143	19.177921	0.547735
22.93	21.48	14.54	14.54	2.96	1.53	18.235284	20.048905	19.176145	0.547742
22.93	21.48	14.54	14.54	2.96	1.53	18.232958	20.047667	19.174368	0.547750
22.93	21.48	14.54	14.54	2.96	1.53	18.230632	20.046429	19.172591	0.547758
22.93	21.48	14.53	14.53	2.96	1.53	18.228306	20.045190	19.170814	0.547766
22.94	21.48	14.53	14.53	2.96	1.53	18.225979	20.043950	19.169036	0.547773
22.94	21.48	14.53	14.53	2.96	1.53	18.223652	20.042711	19.167258	0.547781
22.94	21.48	14.52	14.52	2.96	1.53	18.221324	20.041470	19.165479	0.547789
22.94	21.48	14.52	14.52	2.96	1.53	18.218996	20.040230	19.163700	0.547796
22.95	21.48	14.51	14.51	2.96	1.53	18.216668	20.038989	19.161921	0.547804
22.95	21.48	14.51	14.51	2.96	1.53	18.214339	20.037747	19.160141	0.547811
22.95	21.48	14.51	14.51	2.96	1.53	18.212010	20.036505	19.158360	0.547819
22.96	21.48	14.50	14.50	2.96	1.53	18.209680	20.035263	19.156579	0.547827
22.96	21.48	14.50	14.50	2.96	1.53	18.207350	20.034020	19.154798	0.547834
22.96	21.48	14.50	14.50	2.96	1.53	18.205019	20.032777	19.153016	0.547842
22.96	21.48	14.49	14.49	2.96	1.54	18.202688	20.031533	19.151234	0.547850
22.97	21.48	14.49	14.49	2.96	1.54	18.200356	20.030289	19.149452	0.547857
22.97	21.48	14.48	14.48	2.96	1.54	18.198024	20.029045	19.147669	0.547865
22.97	21.48	14.48	14.48	2.96	1.54	18.195692	20.027800	19.145885	0.547873
22.98	21.48	14.48	14.48	2.96	1.54	18.193359	20.026555	19.144101	0.547880
22.98	21.48	14.47	14.47	2.96	1.54	18.191026	20.025309	19.142317	0.547888
22.98	21.48	14.47	14.47	2.96	1.54	18.188693	20.024063	19.140532	0.547895
22.98	21.48	14.46	14.46	2.96	1.54	18.186359	20.022817	19.138747	0.547903
22.99	21.48	14.46	14.46	2.96	1.54	18.184024	20.021570	19.136962	0.547911
22.99	21.48	14.46	14.46	2.96	1.54	18.181689	20.020323	19.135176	0.547918
22.99	21.48	14.45	14.45	2.95	1.54	18.179354	20.019075	19.133389	0.547926
22.99	21.48	14.45	14.45	2.95	1.54	18.177018	20.017827	19.131602	0.547933
23.00	21.48	14.45	14.45	2.95	1.54	18.174682	20.016578	19.129815	0.547941
23.00	21.48	14.44	14.44	2.95	1.54	18.172346	20.015329	19.128027	0.547948
23.00	21.48	14.44	14.44	2.95	1.54	18.170009	20.014080	19.126239	0.547956
23.01	21.48	14.43	14.43	2.95	1.54	18.167671	20.012830	19.124451	0.547964
23.01	21.48	14.43	14.43	2.95	1.54	18.165334	20.011580	19.122662	0.547971
23.01	21.48	14.43	14.43	2.95	1.54	18.162996	20.010329	19.120872	0.547979
23.01	21.48	14.42	14.42	2.95	1.54	18.160657	20.009078	19.119082	0.547986
23.02	21.48	14.42	14.42	2.95	1.54	18.158318	20.007827	19.117292	0.547994
23.02	21.48	14.42	14.42	2.95	1.54	18.155979	20.006575	19.115501	0.548001
23.02	21.48	14.41	14.41	2.95	1.54	18.153639	20.005323	19.113710	0.548009
23.02	21.48	14.41	14.41	2.95	1.54	18.151299	20.004070	19.111919	0.548016
23.03	21.48	14.40	14.40	2.95	1.54	18.148958	20.002817	19.110127	0.548024
23.03	21.48	14.40	14.40	2.95	1.54	18.146617	20.001563	19.108334	0.548031
23.03	21.48	14.40	14.40	2.95	1.54	18.144275	20.000309	19.106541	0.548039
23.04	21.48	14.39	14.39	2.95	1.54	18.141934	19.999055	19.104748	0.548046
23.04	21.48	14.39	14.39	2.95	1.54	18.139591	19.997800	19.102955	0.548054
23.04	21.48	14.38	14.38	2.95	1.54	18.137249	19.996545	19.101161	0.548061
23.04	21.48	14.38	14.38	2.95	1.54	18.134906	19.995290	19.099366	0.548069
23.05	21.48	14.38	14.38	2.95	1.54	18.132562	19.994034	19.097571	0.548076
23.05	21.48	14.37	14.37	2.95	1.54	18.130218	19.992778	19.095776	0.548084
23.05	21.48	14.37	14.37	2.95	1.54	18.127874	19.991521	19.093980	0.548091
23.06	21.48	14.37	14.37	2.95	1.54	18.125529	19.990264	19.092184	0.548099
23.06	21.48	14.36	14.36	2.95	1.54	18.123184	19.989006	19.090387	0.548106
23.06	21.48	14.36	14.36	2.95	1.54	18.120839	19.987748	19.088590	0.548114
23.06	21.48	14.35	14.35	2.95	1.54	18.118493	19.986490	19.086793	0.548121
23.07	21.48	14.35	14.35	2.95	1.54	18.116147	19.985231	19.084995	0.548129
23.07	21.48	14.35	14.35	2.95	1.54	18.113800	19.983972	19.083197	0.548136
23.07	21.48	14.34	14.34	2.95	1.54	18.111453	19.982712	19.081398	0.548144
23.07	21.48	14.34	14.34	2.95	1.55	18.109105	19.981452	19.079599	0.548151
23.08	21.48	14.34	14.34	2.95	1.55	18.106758	19.980192	19.077800	0.548158
23.08	21.48	14.33	14.33	2.95	1.55	18.104409	19.978931	19.076000	0.548166
23.08	21.48	14.33	14.33	2.95	1.55	18.102061	19.977670	19.074200	0.548173
23.09	21.48	14.32	14.32	2.95	1.55	18.099712	19.976408	19.072399	0.548181
23.09	21.48	14.32	14.32	2.95	1.55	18.097362	19.975147	19.070598	0.548188
23.09	21.48	14.32	14.32	2.95	1.55	18.095012	19.973884	19.068797	0.548196
23.09	21.48	14.31	14.31	2.95	1.55	18.092662	19.972621	19.066995	0.548203
23.10	21.48	14.31	14.31	2.95	1.55	18.090311	19.971358	19.065192	0.548210
23.10	21.48	14.30	14.30	2.95	1.55	18.087960	19.970095	19.063390	0.548218
23.10	21.48	14.30	14.30	2.95	1.55	18.085609	19.968831	19.061586	0.548225
23.11	21.48	14.30	14.30	2.95	1.55	18.083257	19.967566	19.059783	0.548233
23.11	21.48	14.29	14.29	2.95	1.55	18.080905	19.966301	19.057979	0.548240
23.11	21.48	14.29	14.29	2.95	1.55	18.078553	19.965036	19.056175	0.548247
23.11	21.48	14.29	14.29	2.95	1.55	18.076200	19.963771	19.054370	0.548255
23.12	21.48	14.28	14.28	2.95	1.55	18.073846	19.962505	19.052565	0.548262
23.12	21.48	14.28	14.28	2.95	1.55	18.071493	19.961238	19.050759	0.548269
23.12	21.48	14.27	14.27	2.95	1.55	18.069139	19.959972	19.048953	0.548277
23.12	21.48	14.27	14.27	2.95	1.55	18.066784	19.958705	19.047147	0.548284
23.13	21.48	14.27	14.27	2.95	1.55	18.064429	19.957437	19.045340	0.548292
23.13	21.48	14.26	14.26	2.95	1.55	18.062074	19.956169	19.043533	0.548299
23.13	21.48	14.26	14.26	2.95	1.55	18.059718	19.954901	19.041725	0.548306
23.14	21.48	14.26	14.26	2.95	1.55	18.057362	19.953632	19.039917	0.548314
23.14	21.48	14.25	14.25	2.95	1.55	18.055006	19.952363	19.038109	0.548321
23.14	21.48	14.25	14.25	2.95	1.55	18.052649	19.951093	19.036300	0.548328
23.14	21.48	14.24	14.24	2.95	1.55	18.050292	19.949823	19.034491	0.548336
23.15	21.48	14.24	14.24	2.95	1.55	18.047935	19.948553	19.032682	0.548343
23.15	21.48	14.24	14.24	2.95	1.55	18.045577	19.947282	19.030872	0.548350
23.15	21.48	14.23	14.23	2.95	1.55	18.043218	19.946011	19.029061	0.548358
23.16	21.48	14.23	14.23	2.95	1.55	18.040860	19.944740	19.027251	0.548365
23.16	21.48	14.23	14.23	2.95	1.55	18.038501	19.943468	19.025439	0.548372
23.16	21.48	14.22	14.22	2.95	1.55	18.036141	19.942196	19.023628	0.548379
23.16	21.48	14.22	14.22	2.95	1.55	18.033782	19.940923	19.021816	0.548387
23.17	21.48	14.21	14.21	2.95	1.55	18.031421	19.939650	19.020004	0.548394
23.17	21.48	14.21	14.21	2.95	1.55	18.029061	19.938377	19.018191	0.548401
23.17	21.48	14.21	14.21	2.95	1.55	18.026700	19.937103	19.016378	0.548409
23.18	21.48	14.20	14.20	2.95	1.55	18.024339	19.935829	19.014564	0.548416
23.18	21.48	14.20	14.20	2.95	1.55	18.021977	19.934554	19.012750	0.548423
23.18	21.48	14.19	14.19	2.95	1.55	18.019615	19.933279	19.010936	0.548430
23.18	21.48	14.19	14.19	2.95	1.55	18.017253	19.932004	19.009121	0.548438
23.19	21.48	14.19	14.19	2.95	1.55	18.014890	19.930728	19.007306	0.548445
23.19	21.48	14.18	14.18	2.95	1.55	18.012527	19.929452	19.005491	0.548452
23.19	21.48	14.18	14.18	2.95	1.56	18.010164	19.928175	19.003675	0.548459
23.19	21.48	14.18	14.18	2.95	1.56	18.007800	19.926898	19.001859	0.548467
23.20	21.48	14.17	14.17	2.95	1.56	18.005436	19.925621	19.000042	0.548474
23.20	21.48	14.17	14.17	2.95	1.56	18.003071	19.924343	18.998225	0.548481
23.20	21.48	14.16	14.16	2.95	1.56	18.000706	19.923065	18.996408	0.548488
23.21	21.48	14.16	14.16	2.95	1.56	17.998341	19.921787	18.994590	0.548496
23.21	21.48	14.16	14.16	2.95	1.56	17.995975	19.920508	18.992772	0.548503
23.21	21.48	14.15	14.15	2.95	1.56	17.993609	19.919229	18.990953	0.548510
23.21	21.48	14.15	14.15	2.95	1.56	17.991243	19.917949	18.989134	0.548517
23.22	21.48	14.15	14.15	2.95	1.56	17.988876	19.916669	18.987315	0.548525
23.22	21.48	14.14	14.14	2.95	1.56	17.986509	19.915389	18.985495	0.548532
23.22	21.48	14.14	14.14	2.95	1.56	17.984142	19.914108	18.983675	0.548539
23.23	21.48	14.13	14.13	2.95	1.56	17.981774	19.912827	18.981855	0.548546
23.23	21.48	14.13	14.13	2.95	1.56	17.979406	19.911545	18.980034	0.548553
23.23	21.48	14.13	14.13	2.95	1.56	17.977037	19.910263	18.978213	0.548561
23.23	21.48	14.12	14.12	2.95	1.56	17.974668	19.908981	18.976391	0.548568
23.24	21.48	14.12	14.12	2.95	1.56	17.972299	19.907698	18.974569	0.548575
23.24	21.48	14.11	14.11	2.95	1.56	17.969929	19.906415	18.972747	0.548582
23.24	21.48	14.11	14.11	2.95	1.56	17.967560	19.905132	18.970924	0.548589
23.24	21.48	14.11	14.11	2.95	1.56	17.965189	19.903848	18.969101	0.548596
23.25	21.48	14.10	14.10	2.95	1.56	17.962819	19.902564	18.967277	0.548604
23.25	21.48	14.10	14.10	2.95	1.56	17.960448	19.901279	18.965453	0.548611
23.25	21.48	14.10	14.10	2.95	1.56	17.958076	19.899994	18.963629	0.548618
23.26	21.48	14.09	14.09	2.95	1.56	17.955705	19.898709	18.961805	0.548625
23.26	21.48	14.09	14.09	2.95	1.56	17.953333	19.897423	18.959980	0.548632
23.26	21.48	14.08	14.08	2.95	1.56	17.950960	19.896137	18.958154	0.548639
23.26	21.48	14.08	14.08	2.95	1.56	17.948587	19.894851	18.956328	0.548646
23.27	21.48	14.08	14.08	2.95	1.56	17.946214	19.893564	18.954502	0.548654
23.27	21.48	14.07	14.07	2.95	1.56	17.943841	19.892277	18.952676	0.548661
23.27	21.48	14.07	14.07	2.95	1.56	17.941467	19.890989	18.950849	0.548668
23.27	21.48	14.07	14.07	2.95	1.56	17.939093	19.889701	18.949022	0.548675
23.28	21.48	14.06	14.06	2.95	1.56	17.936719	19.888413	18.947194	0.548682
23.28	21.48	14.06	14.06	2.95	1.56	17.934344	19.887124	18.945366	0.548689
23.28	21.48	14.05	14.05	2.95	1.56	17.931969	19.885835	18.943538	0.548696
23.29	21.48	14.05	14.05	2.95	1.56	17.929593	19.884545	18.941709	0.548703
23.29	21.48	14.05	14.05	2.95	1.56	17.927217	19.883256	18.939880	0.548711
23.29	21.48	14.04	14.04	2.95	1.56	17.924841	19.881965	18.938050	0.548718
23.29	21.48	14.04	14.04	2.95	1.56	17.922465	19.880675	18.936220	0.548725
23.30	21.48	14.04	14.04	2.95	1.56	17.920088	19.879384	18.934390	0.548732
23.30	21.48	14.03	14.03	2.95	1.56	17.917711	19.878093	18.932560	0.548739
23.30	21.48	14.03	14.03	2.95	1.56	17.915333	19.876801	18.930729	0.548746
23.31	21.48	14.02	14.02	2.95	1.56	17.912955	19.875509	18.928897	0.548753
23.31	21.48	14.02	14.02	2.95	1.57	17.910577	19.874216	18.927066	0.548760
23.31	21.48	14.02	14.02	2.95	1.57	17.908199	19.872924	18.925233	0.548767
23.31	21.48	14.01	14.01	2.95	1.57	17.905820	19.871630	18.923401	0.548774
23.32	21.48	14.01	14.01	2.95	1.57	17.903441	19.870337	18.921568	0.548781
23.32	21.48	14.01	14.01	2.95	1.57	17.901061	19.869043	18.919735	0.548788
23.32	21.48	14.00	14.00	2.95	1.57	17.898681	19.867749	18.917902	0.548795
23.32	21.48	14.00	14.00	2.95	1.57	17.896301	19.866454	18.916068	0.548802
23.33	21.48	13.99	13.99	2.95	1.57	17.893920	19.865159	18.914234	0.548809
23.33	21.48	13.99	13.99	2.95	1.57	17.891540	19.863864	18.912399	0.548816
23.33	21.48	13.99	13.99	2.95	1.57	17.889158	19.862568	18.910564	0.548823
23.34	21.48	13.98	13.98	2.95	1.57	17.886777	19.861272	18.908729	0.548830
23.34	21.48	13.98	13.98	2.95	1.57	17.884395	19.859975	18.906893	0.548838
23.34	21.48	13.97	13.97	2.95	1.57	17.882013	19.858678	18.905057	0.548845
23.34	21.48	13.97	13.97	2.95	1.57	17.879630	19.857381	18.903221	0.548852
23.35	21.48	13.97	13.97	2.95	1.57	17.877248	19.856084	18.901384	0.548859
23.35	21.48	13.96	13.96	2.95	1.57	17.874864	19.854786	18.899547	0.548866
23.35	21.48	13.96	13.96	2.95	1.57	17.872481	19.853487	18.897709	0.548873
23.36	21.48	13.96	13.96	2.95	1.57	17.870097	19.852189	18.895871	0.548880
23.36	21.48	13.95	13.95	2.95	1.57	17.867713	19.850890	18.894033	0.548887
23.36	21.48	13.95	13.95	2.95	1.57	17.865329	19.849590	18.892195	0.548893
23.36	21.48	13.94	13.94	2.95	1.57	17.862944	19.848290	18.890356	0.548900
23.37	21.48	13.94	13.94	2.95	1.57	17.860559	19.846990	18.888517	0.548907
23.37	21.48	13.94	13.94	2.95	1.57	17.858173	19.845690	18.886677	0.548914
23.37	21.48	13.93	13.93	2.95	1.57	17.855788	19.844389	18.884837	0.548921
23.38	21.48	13.93	13.93	2.95	1.57	17.853402	19.843088	18.882997	0.548928
23.38	21.48	13.93	13.93	2.95	1.57	17.851015	19.841786	18.881156	0.548935
23.38	21.48	13.92	13.92	2.95	1.57	17.848629	19.840484	18.879315	0.548942
23.38	21.48	13.92	13.92	2.95	1.57	17.846242	19.839182	18.877474	0.548949
23.39	21.48	13.91	13.91	2.95	1.57	17.843854	19.837879	18.875632	0.548956
23.39	21.48	13.91	13.91	2.95	1.57	17.841467	19.836576	18.873790	0.548963
23.39	21.48	13.91	13.91	2.95	1.57	17.839079	19.835273	18.871947	0.548970
23.39	21.48	13.90	13.90	2.95	1.57	17.836690	19.833969	18.870105	0.548977
23.40	21.48	13.90	13.90	2.95	1.57	17.834302	19.832665	18.868262	0.548984
23.40	21.48	13.90	13.90	2.95	1.57	17.831913	19.831361	18.866418	0.548991
23.40	21.48	13.89	13.89	2.95	1.57	17.829524	19.830056	18.864574	0.548998
23.41	21.48	13.89	13.89	2.95	1.57	17.827134	19.828751	18.862730	0.549005
23.41	21.48	13.88	13.88	2.95	1.57	17.824745	19.827445	18.860886	0.549012
23.41	21.48	13.88	13.88	2.95	1.57	17.822354	19.826139	18.859041	0.549018
23.41	21.48	13.88	13.88	2.95	1.57	17.819964	19.824833	18.857196	0.549025
23.42	21.48	13.87	13.87	2.95	1.57	17.817573	19.823526	18.855350	0.549032
23.42	21.48	13.87	13.87	2.95	1.57	17.815182	19.822220	18.853504	0.549039
23.42	21.48	13.87	13.87	2.95	1.57	17.812791	19.820912	18.851658	0.549046
23.43	21.48	13.86	13.86	2.95	1.57	17.810399	19.819605	18.849812	0.549053
23.43	21.48	13.86	13.86	2.95	1.58	17.808007	19.818297	18.847965	0.549060
23.43	21.48	13.85	13.85	2.95	1.58	17.805615	19.816988	18.846117	0.549067
23.43	21.48	13.85	13.85	2.95	1.58	17.803222	19.815679	18.844270	0.549074
23.44	21.48	13.85	13.85	2.95	1.58	17.800830	19.814370	18.842422	0.549080
23.44	21.48	13.84	13.84	2.95	1.58	17.798436	19.813061	18.840574	0.549087
23.44	21.48	13.84	13.84	2.95	1.58	17.796043	19.811751	18.838725	0.549094
23.44	21.48	13.83	13.83	2.95	1.58	17.793649	19.810441	18.836876	0.549101
23.45	21.48	13.83	13.83	2.95	1.58	17.791255	19.809131	18.835027	0.549108
23.45	21.48	13.83	13.83	2.95	1.58	17.788861	19.807820	18.833177	0.549115
23.45	21.48	13.82	13.82	2.95	1.58	17.786466	19.806509	18.831327	0.549121
23.46	21.48	13.82	13.82	2.95	1.58	17.784071	19.805197	18.829477	0.549128
23.46	21.48	13.82	13.82	2.95	1.58	17.781676	19.803885	18.827626	0.549135
23.46	21.48	13.81	13.81	2.95	1.58	17.779280	19.802573	18.825775	0.549142
23.46	21.48	13.81	13.81	2.95	1.58	17.776884	19.801261	18.823924	0.549149
23.47	21.48	13.80	13.80	2.95	1.58	17.774488	19.799948	18.822072	0.549156
23.47	21.48	13.80	13.80	2.95	1.58	17.772092	19.798634	18.820221	0.549162
23.47	21.48	13.80	13.80	2.95	1.58	17.769695	19.797321	18.818368	0.549169
23.48	21.48	13.79	13.79	2.95	1.58	17.767298	19.796007	18.816516	0.549176
23.48	21.48	13.79	13.79	2.95	1.58	17.764901	19.794692	18.814663	0.549183
23.48	21.48	13.79	13.79	2.95	1.58	17.762503	19.793378	18.812809	0.549190
23.48	21.48	13.78	13.78	2.95	1.58	17.760105	19.792063	18.810956	0.549196
23.49	21.48	13.78	13.78	2.95	1.58	17.757707	19.790747	18.809102	0.549203
23.49	21.48	13.77	13.77	2.95	1.58	17.755309	19.789432	18.807248	0.549210
23.49	21.48	13.77	13.77	2.95	1.58	17.752910	19.788116	18.805393	0.549217
23.49	21.48	13.77	13.77	2.94	1.58	17.750511	19.786799	18.803538	0.549224
23.50	21.48	13.76	13.76	2.94	1.58	17.748112	19.785483	18.801683	0.549230
23.50	21.48	13.76	13.76	2.94	1.58	17.745712	19.784166	18.799827	0.549237
23.50	21.48	13.76	13.76	2.94	1.58	17.743312	19.782848	18.797971	0.549244
23.51	21.48	13.75	13.75	2.94	1.58	17.740912	19.781530	18.796115	0.549251
23.51	21.48	13.75	13.75	2.94	1.58	17.738511	19.780212	18.794258	0.549257
23.51	21.48	13.74	13.74	2.94	1.58	17.736111	19.778894	18.792401	0.549264
23.51	21.48	13.74	13.74	2.94	1.58	17.733710	19.777575	18.790544	0.549271
23.52	21.48	13.74	13.74	2.94	1.58	17.731308	19.776256	18.788687	0.549278
23.52	21.48	13.73	13.73	2.94	1.58	17.728907	19.774937	18.786829	0.549284
23.52	21.48	13.73	13.73	2.94	1.58	17.726505	19.773617	18.784971	0.549291
23.52	21.48	13.73	13.73	2.94	1.58	17.724103	19.772297	18.783112	0.549298
23.53	21.48	13.72	13.72	2.94	1.58	17.721700	19.770976	18.781253	0.549304
23.53	21.48	13.72	13.72	2.94	1.58	17.719297	19.769655	18.779394	0.549311
23.53	21.48	13.71	13.71	2.94	1.58	17.716894	19.768334	18.777535	0.549318
23.54	21.48	13.71	13.71	2.94	1.58	17.714491	19.767013	18.775675	0.549325
23.54	21.48	13.71	13.71	2.94	1.58	17.712088	19.765691	18.773815	0.549331
23.54	21.48	13.70	13.70	2.94	1.58	17.709684	19.764369	18.771954	0.549338
23.54	21.48	13.70	13.70	2.94	1.58	17.707280	19.763046	18.770094	0.549345
23.55	21.48	13.70	13.70	2.94	1.59	17.704875	19.761723	18.768232	0.549351
23.55	21.48	13.69	13.69	2.94	1.59	17.702471	19.760400	18.766371	0.549358
23.55	21.48	13.69	13.69	2.94	1.59	17.700066	19.759077	18.764509	0.549365
23.56	21.48	13.68	13.68	2.94	1.59	17.697661	19.757753	18.762647	0.549371
23.56	21.48	13.68	13.68	2.94	1.59	17.695255	19.756429	18.760785	0.549378
23.56	21.48	13.68	13.68	2.94	1.59	17.692849	19.755104	18.758922	0.549385
23.56	21.48	13.67	13.67	2.94	1.59	17.690443	19.753779	18.757059	0.549391
23.57	21.48	13.67	13.67	2.94	1.59	17.688037	19.752454	18.755196	0.549398
23.57	21.48	13.67	13.67	2.94	1.59	17.685631	19.751129	18.753333	0.549405
23.57	21.48	13.66	13.66	2.94	1.59	17.683224	19.749803	18.751469	0.549411
23.57	21.48	13.66	13.66	2.94	1.59	17.680817	19.748477	18.749604	0.549418
23.58	21.48	13.65	13.65	2.94	1.59	17.678409	19.747150	18.747740	0.549425
23.58	21.48	13.65	13.65	2.94	1.59	17.676002	19.745823	18.745875	0.549431
23.58	21.48	13.65	13.65	2.94	1.59	17.673594	19.744496	18.744010	0.549438
23.59	21.48	13.64	13.64	2.94	1.59	17.671186	19.743168	18.742144	0.549445
23.59	21.48	13.64	13.64	2.94	1.59	17.668777	19.741841	18.740279	0.549451
23.59	21.48	13.64	13.64	2.94	1.59	17.666369	19.740512	18.738413	0.549458
23.59	21.48	13.63	13.63	2.94	1.59	17.663960	19.739184	18.736546	0.549465
23.60	21.48	13.63	13.63	2.94	1.59	17.661551	19.737855	18.734680	0.549471
23.60	21.48	13.62	13.62	2.94	1.59	17.659141	19.736526	18.732812	0.549478
23.60	21.48	13.62	13.62	2.94	1.59	17.656732	19.735196	18.730945	0.549484
23.61	21.48	13.62	13.62	2.94	1.59	17.654322	19.733867	18.729078	0.549491
23.61	21.48	13.61	13.61	2.94	1.59	17.651911	19.732536	18.727210	0.549498
23.61	21.48	13.61	13.61	2.94	1.59	17.649501	19.731206	18.725341	0.549504
23.61	21.48	13.61	13.61	2.94	1.59	17.647090	19.729875	18.723473	0.549511
23.62	21.48	13.60	13.60	2.94	1.59	17.644679	19.728544	18.721604	0.549517
23.62	21.48	13.60	13.60	2.94	1.59	17.642268	19.727213	18.719735	0.549524
23.62	21.48	13.59	13.59	2.94	1.59	17.639857	19.725881	18.717865	0.549531
23.62	21.48	13.59	13.59	2.94	1.59	17.637445	19.724549	18.715996	0.549537
23.63	21.48	13.59	13.59	2.94	1.59	17.635033	19.723216	18.714126	0.549544
23.63	21.48	13.58	13.58	2.94	1.59	17.632621	19.721884	18.712255	0.549550
23.63	21.48	13.58	13.58	2.94	1.59	17.630208	19.720550	18.710385	0.549557
23.64	21.48	13.58	13.58	2.94	1.59	17.627795	19.719217	18.708514	0.549563
23.64	21.48	13.57	13.57	2.94	1.59	17.625382	19.717883	18.706643	0.549570
23.64	21.48	13.57	13.57	2.94	1.59	17.622969	19.716549	18.704771	0.549576
23.64	21.48	13.56	13.56	2.94	1.59	17.620556	19.715215	18.702899	0.549583
23.65	21.48	13.56	13.56	2.94	1.59	17.618142	19.713880	18.701027	0.549590
23.65	21.48	13.56	13.56	2.94	1.59	17.615728	19.712545	18.699155	0.549596
23.65	21.48	13.55	13.55	2.94	1.59	17.613314	19.711210	18.697282	0.549603
23.66	21.48	13.55	13.55	2.94	1.59	17.610899	19.709874	18.695409	0.549609
23.66	21.48	13.55	13.55	2.94	1.59	17.608485	19.708538	18.693536	0.549616
23.66	21.48	13.54	13.54	2.94	1.59	17.606070	19.707202	18.691662	0.549622
23.66	21.48	13.54	13.54	2.94	1.59	17.603655	19.705865	18.689788	0.549629
23.67	21.48	13.53	13.53	2.94	1.59	17.601239	19.704528	18.687914	0.549635
23.67	21.48	13.53	13.53	2.94	1.59	17.598823	19.703191	18.686039	0.549642
23.67	21.48	13.53	13.53	2.94	1.60	17.596407	19.701853	18.684165	0.549648
23.68	21.48	13.52	13.52	2.94	1.60	17.593991	19.700516	18.682289	0.549655
23.68	21.48	13.52	13.52	2.94	1.60	17.591575	19.699177	18.680414	0.549661
23.68	21.48	13.52	13.52	2.94	1.60	17.589158	19.697839	18.678538	0.549668
23.68	21.48	13.51	13.51	2.94	1.60	17.586741	19.696500	18.676662	0.549674
23.69	21.48	13.51	13.51	2.94	1.60	17.584324	19.695161	18.674786	0.549681
23.69	21.48	13.50	13.50	2.94	1.60	17.581907	19.693821	18.672910	0.549687
23.69	21.48	13.50	13.50	2.94	1.60	17.579489	19.692481	18.671033	0.549694
23.69	21.48	13.50	13.50	2.94	1.60	17.577072	19.691141	18.669156	0.549700
23.70	21.48	13.49	13.49	2.94	1.60	17.574654	19.689801	18.667278	0.549707
23.70	21.48	13.49	13.49	2.94	1.60	17.572235	19.688460	18.665401	0.549713
23.70	21.48	13.49	13.49	2.94	1.60	17.569817	19.687119	18.663523	0.549719
23.71	21.48	13.48	13.48	2.94	1.60	17.567398	19.685778	18.661644	0.549726
23.71	21.48	13.48	13.48	2.94	1.60	17.564979	19.684436	18.659766	0.549732
23.71	21.48	13.47	13.47	2.94	1.60	17.562560	19.683094	18.657887	0.549739
23.71	21.48	13.47	13.47	2.94	1.60	17.560140	19.681752	18.656008	0.549745
23.72	21.48	13.47	13.47	2.94	1.60	17.557721	19.680409	18.654129	0.549752
23.72	21.48	13.46	13.46	2.94	1.60	17.555301	19.679066	18.652249	0.549758
23.72	21.48	13.46	13.46	2.94	1.60	17.552881	19.677723	18.650369	0.549765
23.73	21.48	13.46	13.46	2.94	1.60	17.550460	19.676379	18.648489	0.549771
23.73	21.48	13.45	13.45	2.94	1.60	17.548040	19.675036	18.646608	0.549777
23.73	21.48	13.45	13.45	2.94	1.60	17.545619	19.673691	18.644728	0.549784
23.73	21.48	13.44	13.44	2.94	1.60	17.543198	19.672347	18.642846	0.549790
23.74	21.48	13.44	13.44	2.94	1.60	17.540777	19.671002	18.640965	0.549797
23.74	21.48	13.44	13.44	2.94	1.60	17.538355	19.669657	18.639083	0.549803
23.74	21.48	13.43	13.43	2.94	1.60	17.535934	19.668312	18.637202	0.549809
23.74	21.48	13.43	13.43	2.94	1.60	17.533512	19.666966	18.635319	0.549816
23.75	21.48	13.43	13.43	2.94	1.60	17.531090	19.665620	18.633437	0.549822
23.75	21.48	13.42	13.42	2.94	1.60	17.528667	19.664273	18.631554	0.549829
23.75	21.48	13.42	13.42	2.94	1.60	17.526245	19.662927	18.629671	0.549835
23.76	21.48	13.41	13.41	2.94	1.60	17.523822	19.661580	18.627788	0.549841
23.76	21.48	13.41	13.41	2.94	1.60	17.521399	19.660233	18.625904	0.549848
23.76	21.48	13.41	13.41	2.94	1.60	17.518976	19.658885	18.624020	0.549854
23.76	21.48	13.40	13.40	2.94	1.60	17.516552	19.657537	18.622136	0.549860
23.77	21.48	13.40	13.40	2.94	1.60	17.514129	19.656189	18.620252	0.549867
23.77	21.48	13.40	13.40	2.94	1.60	17.511705	19.654841	18.618367	0.549873
23.77	21.48	13.39	13.39	2.94	1.60	17.509281	19.653492	18.616482	0.549880
23.77	21.48	13.39	13.39	2.94	1.60	17.506856	19.652143	18.614597	0.549886
23.78	21.48	13.38	13.38	2.94	1.60	17.504432	19.650793	18.612712	0.549892
23.78	21.48	13.38	13.38	2.94	1.60	17.502007	19.649444	18.610826	0.549899
23.78	21.48	13.38	13.38	2.94	1.60	17.499582	19.648094	18.608940	0.549905
23.79	21.48	13.37	13.37	2.94	1.60	17.497157	19.646743	18.607054	0.549911
23.79	21.48	13.37	13.37	2.94	1.60	17.494732	19.645393	18.605167	0.549918
23.79	21.48	13.37	13.37	2.94	1.60	17.492306	19.644042	18.603280	0.549924
23.79	21.48	13.36	13.36	2.94	1.60	17.489881	19.642691	18.601393	0.549930
23.80	21.48	13.36	13.36	2.94	1.61	17.487455	19.641339	18.599506	0.549937
23.80	21.48	13.35	13.35	2.94	1.61	17.485028	19.639987	18.597618	0.549943
23.80	21.48	13.35	13.35	2.94	1.61	17.482602	19.638635	18.595730	0.549949
23.81	21.48	13.35	13.35	2.94	1.61	17.480175	19.637283	18.593842	0.549955
23.81	21.48	13.34	13.34	2.94	1.61	17.477749	19.635930	18.591954	0.549962
23.81	21.48	13.34	13.34	2.94	1.61	17.475322	19.634577	18.590065	0.549968
23.81	21.48	13.34	13.34	2.94	1.61	17.472894	19.633224	18.588176	0.549974
23.82	21.48	13.33	13.33	2.94	1.61	17.470467	19.631870	18.586287	0.549981
23.82	21.48	13.33	13.33	2.94	1.61	17.468040	19.630516	18.584398	0.549987
23.82	21.48	13.33	13.33	2.94	1.61	17.465612	19.629162	18.582508	0.549993
23.82	21.48	13.32	13.32	2.94	1.61	17.463184	19.627808	18.580618	0.549999
23.83	21.48	13.32	13.32	2.94	1.61	17.460756	19.626453	18.578728	0.550006
23.83	21.48	13.31	13.31	2.94	1.61	17.458327	19.625098	18.576837	0.550012
23.83	21.48	13.31	13.31	2.94	1.61	17.455899	19.623743	18.574946	0.550018
23.84	21.48	13.31	13.31	2.94	1.61	17.453470	19.622387	18.573055	0.550024
23.84	21.48	13.30	13.30	2.94	1.61	17.451041	19.621031	18.571164	0.550031
23.84	21.48	13.30	13.30	2.94	1.61	17.448612	19.619675	18.569273	0.550037
23.84	21.48	13.30	13.30	2.94	1.61	17.446182	19.618318	18.567381	0.550043
23.85	21.48	13.29	13.29	2.94	1.61	17.443753	19.616961	18.565489	0.550049
23.85	21.48	13.29	13.29	2.94	1.61	17.441323	19.615604	18.563596	0.550056
23.85	21.48	13.28	13.28	2.94	1.61	17.438893	19.614247	18.561704	0.550062
23.86	21.48	13.28	13.28	2.94	1.61	17.436463	19.612889	18.559811	0.550068
23.86	21.48	13.28	13.28	2.94	1.61	17.434032	19.611531	18.557918	0.550074
23.86	21.48	13.27	13.27	2.94	1.61	17.431602	19.610173	18.556025	0.550081
23.86	21.48	13.27	13.27	2.94	1.61	17.429171	19.608814	18.554131	0.550087
23.87	21.48	13.27	13.27	2.94	1.61	17.426740	19.607455	18.552237	0.550093
23.87	21.48	13.26	13.26	2.94	1.61	17.424309	19.606096	18.550343	0.550099
23.87	21.48	13.26	13.26	2.94	1.61	17.421878	19.604737	18.548449	0.550105
23.88	21.48	13.25	13.25	2.94	1.61	17.419447	19.603377	18.546554	0.550112
23.88	21.48	13.25	13.25	2.94	1.61	17.417015	19.602017	18.544660	0.550118
23.88	21.48	13.25	13.25	2.94	1.61	17.414583	19.600657	18.542764	0.550124
23.88	21.48	13.24	13.24	2.94	1.61	17.412151	19.599296	18.540869	0.550130
23.89	21.48	13.24	13.24	2.94	1.61	17.409719	19.597935	18.538974	0.550136
23.89	21.48	13.24	13.24	2.94	1.61	17.407286	19.596574	18.537078	0.550143
23.89	21.48	13.23	13.23	2.94	1.61	17.404854	19.595212	18.535182	0.550149
23.89	21.48	13.23	13.23	2.94	1.61	17.402421	19.593851	18.533285	0.550155
23.90	21.48	13.22	13.22	2.94	1.61	17.399988	19.592489	18.531389	0.550161
23.90	21.48	13.22	13.22	2.94	1.61	17.397555	19.591126	18.529492	0.550167
23.90	21.48	13.22	13.22	2.94	1.61	17.395122	19.589764	18.527595	0.550173
23.91	21.48	13.21	13.21	2.94	1.61	17.392688	19.588401	18.525698	0.550180
23.91	21.48	13.21	13.21	2.94	1.61	17.390255	19.587038	18.523800	0.550186
23.91	21.48	13.21	13.21	2.94	1.61	17.387821	19.585674	18.521902	0.550192
23.91	21.48	13.20	13.20	2.94	1.61	17.385387	19.584310	18.520004	0.550198
23.92	21.48	13.20	13.20	2.94	1.61	17.382953	19.582946	18.518106	0.550204
23.92	21.48	13.20	13.20	2.94	1.61	17.380518	19.581582	18.516208	0.550210
23.92	21.48	13.19	13.19	2.94	1.61	17.378084	19.580218	18.514309	0.550216
23.93	21.48	13.19	13.19	2.94	1.61	17.375649	19.578853	18.512410	0.550223
23.93	21.48	13.18	13.18	2.94	1.62	17.373214	19.577488	18.510511	0.550229
23.93	21.48	13.18	13.18	2.94	1.62	17.370779	19.576122	18.508611	0.550235
23.93	21.48	13.18	13.18	2.94	1.62	17.368344	19.574756	18.506712	0.550241
23.94	21.48	13.17	13.17	2.94	1.62	17.365909	19.573390	18.504812	0.550247
23.94	21.48	13.17	13.17	2.94	1.62	17.363473	19.572024	18.502911	0.550253
23.94	21.48	13.17	13.17	2.94	1.62	17.361038	19.570658	18.501011	0.550259
23.94	21.48	13.16	13.16	2.94	1.62	17.358602	19.569291	18.499110	0.550265
23.95	21.48	13.16	13.16	2.94	1.62	17.356166	19.567924	18.497209	0.550271
23.95	21.48	13.15	13.15	2.94	1.62	17.353729	19.566556	18.495308	0.550278
23.95	21.48	13.15	13.15	2.94	1.62	17.351293	19.565189	18.493407	0.550284
23.96	21.48	13.15	13.15	2.94	1.62	17.348857	19.563821	18.491505	0.550290
23.96	21.48	13.14	13.14	2.94	1.62	17.346420	19.562453	18.489604	0.550296
23.96	21.48	13.14	13.14	2.94	1.62	17.343983	19.561084	18.487702	0.550302
23.96	21.48	13.14	13.14	2.94	1.62	17.341546	19.559715	18.485799	0.550308
23.97	21.48	13.13	13.13	2.94	1.62	17.339109	19.558346	18.483897	0.550314
23.97	21.48	13.13	13.13	2.94	1.62	17.336671	19.556977	18.481994	0.550320
23.97	21.48	13.12	13.12	2.94	1.62	17.334234	19.555607	18.480091	0.550326
23.98	21.48	13.12	13.12	2.94	1.62	17.331796	19.554237	18.478188	0.550332
23.98	21.48	13.12	13.12	2.94	1.62	17.329358	19.552867	18.476284	0.550338
23.98	21.48	13.11	13.11	2.94	1.62	17.326920	19.551497	18.474381	0.550344
23.98	21.48	13.11	13.11	2.93	1.62	17.324482	19.550126	18.472477	0.550350
23.99	21.48	13.11	13.11	2.93	1.62	17.322044	19.548755	18.470573	0.550356
23.99	21.48	13.10	13.10	2.93	1.62	17.319605	19.547384	18.468668	0.550362
23.99	21.48	13.10	13.10	2.93	1.62	17.317167	19.546013	18.466764	0.550368
23.99	21.48	13.10	13.10	2.93	1.62	17.314728	19.544641	18.464859	0.550374
24.00	21.48	13.09	13.09	2.93	1.62	17.312289	19.543269	18.462954	0.550380
24.00	21.48	13.09	13.09	2.93	1.62	17.309850	19.541896	18.461049	0.550386
