#Hora	Tint	Ta	Tsa	Hr	Hc	T1	T2	<T12>	Keq2
#1	2	3	4	5	6	7	8	9	10
0.00	21.41	12.57	12.57	2.99	1.61	19.121077	21.283133	20.292536	0.551958
0.00	21.41	12.56	12.56	2.99	1.61	19.115501	21.280118	20.288248	0.551973
0.01	21.41	12.56	12.56	2.99	1.61	19.109924	21.277102	20.283959	0.551988
0.01	21.41	12.55	12.55	2.99	1.61	19.104346	21.274085	20.279669	0.552003
0.01	21.41	12.54	12.54	2.99	1.61	19.098767	21.271067	20.275378	0.552018
0.01	21.41	12.53	12.53	2.99	1.61	19.093188	21.268048	20.271086	0.552034
0.02	21.41	12.52	12.52	2.99	1.61	19.087608	21.265028	20.266794	0.552049
0.02	21.41	12.51	12.51	2.99	1.61	19.082027	21.262008	20.262500	0.552064
0.02	21.41	12.50	12.50	2.99	1.61	19.076445	21.258986	20.258206	0.552079
0.03	21.41	12.49	12.49	2.99	1.61	19.070863	21.255964	20.253911	0.552094
0.03	21.41	12.48	12.48	2.99	1.61	19.065280	21.252941	20.249615	0.552109
0.03	21.41	12.48	12.48	2.99	1.61	19.059696	21.249916	20.245318	0.552124
0.03	21.41	12.47	12.47	2.99	1.61	19.054111	21.246891	20.241020	0.552139
0.04	21.41	12.46	12.46	2.99	1.61	19.048526	21.243865	20.236722	0.552154
0.04	21.41	12.45	12.45	2.99	1.61	19.042940	21.240838	20.232422	0.552169
0.04	21.41	12.44	12.44	2.99	1.61	19.037353	21.237810	20.228122	0.552183
0.04	21.41	12.43	12.43	2.99	1.61	19.031765	21.234781	20.223820	0.552198
0.05	21.41	12.42	12.42	2.99	1.62	19.026177	21.231751	20.219518	0.552213
0.05	21.41	12.41	12.41	2.99	1.62	19.020588	21.228721	20.215215	0.552228
0.05	21.41	12.40	12.40	2.99	1.62	19.014999	21.225689	20.210912	0.552243
0.06	21.41	12.40	12.40	2.99	1.62	19.009408	21.222656	20.206607	0.552258
0.06	21.41	12.39	12.39	2.99	1.62	19.003817	21.219623	20.202301	0.552272
0.06	21.41	12.38	12.38	2.99	1.62	18.998226	21.216589	20.197995	0.552287
0.06	21.41	12.37	12.37	2.99	1.62	18.992633	21.213553	20.193688	0.552302
0.07	21.41	12.36	12.36	2.99	1.62	18.987040	21.210517	20.189380	0.552317
0.07	21.41	12.35	12.35	2.99	1.62	18.981446	21.207480	20.185071	0.552331
0.07	21.41	12.34	12.34	2.99	1.62	18.975852	21.204442	20.180761	0.552346
0.07	21.41	12.33	12.33	2.99	1.62	18.970256	21.201403	20.176451	0.552361
0.08	21.41	12.32	12.32	2.98	1.62	18.964660	21.198363	20.172139	0.552375
0.08	21.41	12.32	12.32	2.98	1.62	18.959064	21.195323	20.167827	0.552390
0.08	21.41	12.31	12.31	2.98	1.62	18.953466	21.192281	20.163514	0.552405
0.09	21.41	12.30	12.30	2.98	1.62	18.947868	21.189239	20.159200	0.552419
0.09	21.41	12.29	12.29	2.98	1.62	18.942270	21.186195	20.154886	0.552434
0.09	21.41	12.28	12.28	2.98	1.62	18.936670	21.183151	20.150570	0.552448
0.09	21.41	12.27	12.27	2.98	1.62	18.931070	21.180106	20.146254	0.552463
0.10	21.41	12.26	12.26	2.98	1.62	18.925469	21.177060	20.141937	0.552477
0.10	21.41	12.25	12.25	2.98	1.63	18.919868	21.174013	20.137618	0.552492
0.10	21.41	12.24	12.24	2.98	1.63	18.914265	21.170965	20.133300	0.552506
0.11	21.41	12.24	12.24	2.98	1.63	18.908662	21.167916	20.128980	0.552521
0.11	21.41	12.23	12.23	2.98	1.63	18.903059	21.164866	20.124660	0.552535
0.11	21.41	12.22	12.22	2.98	1.63	18.897454	21.161816	20.120338	0.552550
0.11	21.41	12.21	12.21	2.98	1.63	18.891849	21.158764	20.116016	0.552564
0.12	21.41	12.20	12.20	2.98	1.63	18.886244	21.155712	20.111693	0.552579
0.12	21.41	12.19	12.19	2.98	1.63	18.880637	21.152659	20.107369	0.552593
0.12	21.41	12.18	12.18	2.98	1.63	18.875030	21.149605	20.103045	0.552607
0.12	21.41	12.17	12.17	2.98	1.63	18.869423	21.146550	20.098719	0.552622
0.13	21.41	12.17	12.17	2.98	1.63	18.863814	21.143494	20.094393	0.552636
0.13	21.41	12.16	12.16	2.98	1.63	18.858205	21.140437	20.090066	0.552650
0.13	21.41	12.15	12.15	2.98	1.63	18.852595	21.137379	20.085738	0.552665
0.14	21.41	12.14	12.14	2.98	1.63	18.846985	21.134321	20.081410	0.552679
0.14	21.41	12.13	12.13	2.98	1.63	18.841373	21.131261	20.077080	0.552693
0.14	21.41	12.12	12.12	2.98	1.63	18.835762	21.128201	20.072750	0.552707
0.14	21.41	12.11	12.11	2.98	1.63	18.830149	21.125140	20.068419	0.552721
0.15	21.41	12.10	12.10	2.98	1.63	18.824536	21.122078	20.064087	0.552736
0.15	21.41	12.09	12.09	2.98	1.63	18.818922	21.119015	20.059755	0.552750
0.15	21.41	12.09	12.09	2.98	1.63	18.813307	21.115951	20.055421	0.552764
0.16	21.41	12.08	12.08	2.98	1.63	18.807692	21.112887	20.051087	0.552778
0.16	21.41	12.07	12.07	2.98	1.64	18.802076	21.109821	20.046752	0.552792
0.16	21.41	12.06	12.06	2.98	1.64	18.796460	21.106755	20.042416	0.552806
0.16	21.41	12.05	12.05	2.98	1.64	18.790842	21.103687	20.038079	0.552820
0.17	21.41	12.04	12.04	2.98	1.64	18.785225	21.100619	20.033742	0.552835
0.17	21.41	12.03	12.03	2.98	1.64	18.779606	21.097550	20.029404	0.552849
0.17	21.41	12.02	12.02	2.98	1.64	18.773987	21.094480	20.025065	0.552863
0.17	21.41	12.01	12.01	2.98	1.64	18.768367	21.091410	20.020725	0.552877
0.18	21.41	12.01	12.01	2.98	1.64	18.762746	21.088338	20.016384	0.552891
0.18	21.41	12.00	12.00	2.98	1.64	18.757125	21.085265	20.012043	0.552905
0.18	21.41	11.99	11.99	2.98	1.64	18.751503	21.082192	20.007701	0.552919
0.19	21.41	11.98	11.98	2.98	1.64	18.745881	21.079118	20.003358	0.552932
0.19	21.41	11.97	11.97	2.98	1.64	18.740257	21.076043	19.999014	0.552946
0.19	21.41	11.96	11.96	2.98	1.64	18.734634	21.072967	19.994669	0.552960
0.19	21.41	11.95	11.95	2.98	1.64	18.729009	21.069890	19.990324	0.552974
0.20	21.41	11.94	11.94	2.98	1.64	18.723384	21.066812	19.985978	0.552988
0.20	21.41	11.93	11.93	2.98	1.64	18.717758	21.063734	19.981631	0.553002
0.20	21.41	11.93	11.93	2.98	1.64	18.712132	21.060655	19.977283	0.553016
0.21	21.41	11.92	11.92	2.98	1.64	18.706505	21.057574	19.972935	0.553030
0.21	21.41	11.91	11.91	2.98	1.64	18.700877	21.054493	19.968586	0.553043
0.21	21.41	11.90	11.90	2.98	1.64	18.695249	21.051411	19.964236	0.553057
0.21	21.41	11.89	11.89	2.98	1.65	18.689620	21.048329	19.959885	0.553071
0.22	21.41	11.88	11.88	2.98	1.65	18.683990	21.045245	19.955534	0.553085
0.22	21.41	11.87	11.87	2.98	1.65	18.678360	21.042161	19.951181	0.553098
0.22	21.41	11.86	11.86	2.98	1.65	18.672729	21.039075	19.946828	0.553112
0.23	21.41	11.86	11.86	2.98	1.65	18.667098	21.035989	19.942474	0.553126
0.23	21.41	11.85	11.85	2.98	1.65	18.661465	21.032902	19.938120	0.553140
0.23	21.41	11.84	11.84	2.98	1.65	18.655833	21.029814	19.933764	0.553153
0.23	21.41	11.83	11.83	2.98	1.65	18.650199	21.026726	19.929408	0.553167
0.24	21.41	11.82	11.82	2.98	1.65	18.644565	21.023636	19.925051	0.553180
0.24	21.41	11.81	11.81	2.98	1.65	18.638931	21.020546	19.920694	0.553194
0.24	21.41	11.80	11.80	2.98	1.65	18.633295	21.017455	19.916335	0.553208
0.24	21.41	11.79	11.79	2.98	1.65	18.627660	21.014363	19.911976	0.553221
0.25	21.41	11.78	11.78	2.98	1.65	18.622023	21.011270	19.907616	0.553235
0.25	21.41	11.78	11.78	2.98	1.65	18.616386	21.008176	19.903256	0.553248
0.25	21.41	11.77	11.77	2.98	1.65	18.610748	21.005081	19.898894	0.553262
0.26	21.41	11.76	11.76	2.98	1.65	18.605110	21.001986	19.894532	0.553275
0.26	21.41	11.75	11.75	2.98	1.65	18.599471	20.998890	19.890169	0.553289
0.26	21.41	11.74	11.74	2.98	1.65	18.593831	20.995793	19.885806	0.553302
0.26	21.41	11.73	11.73	2.98	1.65	18.588191	20.992695	19.881441	0.553316
0.27	21.41	11.72	11.72	2.98	1.65	18.582551	20.989596	19.877076	0.553329
0.27	21.41	11.71	11.71	2.98	1.65	18.576909	20.986496	19.872710	0.553343
0.27	21.41	11.71	11.71	2.98	1.66	18.571267	20.983396	19.868343	0.553356
0.28	21.41	11.70	11.70	2.98	1.66	18.565625	20.980295	19.863976	0.553370
0.28	21.41	11.69	11.69	2.98	1.66	18.559982	20.977193	19.859608	0.553383
0.28	21.41	11.68	11.68	2.98	1.66	18.554338	20.974090	19.855239	0.553396
0.28	21.41	11.67	11.67	2.98	1.66	18.548694	20.970986	19.850870	0.553410
0.29	21.41	11.66	11.66	2.97	1.66	18.543049	20.967882	19.846499	0.553423
0.29	21.41	11.65	11.65	2.97	1.66	18.537403	20.964776	19.842128	0.553436
0.29	21.41	11.64	11.64	2.97	1.66	18.531757	20.961670	19.837756	0.553450
0.29	21.41	11.63	11.63	2.97	1.66	18.526110	20.958563	19.833384	0.553463
0.30	21.41	11.63	11.63	2.97	1.66	18.520463	20.955455	19.829011	0.553476
0.30	21.41	11.62	11.62	2.97	1.66	18.514815	20.952347	19.824637	0.553489
0.30	21.41	11.61	11.61	2.97	1.66	18.509167	20.949237	19.820262	0.553503
0.31	21.41	11.60	11.60	2.97	1.66	18.503518	20.946127	19.815886	0.553516
0.31	21.41	11.59	11.59	2.97	1.66	18.497868	20.943016	19.811510	0.553529
0.31	21.41	11.58	11.58	2.97	1.66	18.492218	20.939904	19.807133	0.553542
0.31	21.41	11.57	11.57	2.97	1.66	18.486567	20.936792	19.802756	0.553555
0.32	21.41	11.56	11.56	2.97	1.66	18.480916	20.933678	19.798377	0.553568
0.32	21.41	11.56	11.56	2.97	1.66	18.475264	20.930564	19.793998	0.553582
0.32	21.41	11.55	11.55	2.97	1.66	18.469612	20.927449	19.789619	0.553595
0.33	21.41	11.54	11.54	2.97	1.66	18.463959	20.924333	19.785238	0.553608
0.33	21.41	11.53	11.53	2.97	1.66	18.458305	20.921216	19.780857	0.553621
0.33	21.41	11.52	11.52	2.97	1.67	18.452651	20.918098	19.776475	0.553634
0.33	21.41	11.51	11.51	2.97	1.67	18.446997	20.914980	19.772092	0.553647
0.34	21.41	11.50	11.50	2.97	1.67	18.441341	20.911861	19.767709	0.553660
0.34	21.41	11.49	11.49	2.97	1.67	18.435686	20.908741	19.763325	0.553673
0.34	21.41	11.49	11.49	2.97	1.67	18.430029	20.905620	19.758940	0.553686
0.34	21.41	11.48	11.48	2.97	1.67	18.424372	20.902499	19.754555	0.553699
0.35	21.41	11.47	11.47	2.97	1.67	18.418715	20.899376	19.750169	0.553712
0.35	21.41	11.46	11.46	2.97	1.67	18.413057	20.896253	19.745782	0.553725
0.35	21.41	11.45	11.45	2.97	1.67	18.407398	20.893129	19.741394	0.553738
0.36	21.41	11.44	11.44	2.97	1.67	18.401739	20.890004	19.737006	0.553751
0.36	21.41	11.43	11.43	2.97	1.67	18.396080	20.886879	19.732617	0.553764
0.36	21.41	11.42	11.42	2.97	1.67	18.390420	20.883753	19.728227	0.553777
0.36	21.41	11.42	11.42	2.97	1.67	18.384759	20.880625	19.723837	0.553790
0.37	21.41	11.41	11.41	2.97	1.67	18.379098	20.877497	19.719446	0.553802
0.37	21.41	11.40	11.40	2.97	1.67	18.373436	20.874369	19.715054	0.553815
0.37	21.41	11.39	11.39	2.97	1.67	18.367774	20.871239	19.710662	0.553828
0.38	21.41	11.38	11.38	2.97	1.67	18.362111	20.868109	19.706268	0.553841
0.38	21.41	11.37	11.37	2.97	1.67	18.356448	20.864978	19.701875	0.553854
0.38	21.41	11.36	11.36	2.97	1.67	18.350784	20.861846	19.697480	0.553866
0.38	21.41	11.35	11.35	2.97	1.67	18.345119	20.858713	19.693085	0.553879
0.39	21.41	11.34	11.34	2.97	1.67	18.339454	20.855580	19.688689	0.553892
0.39	21.41	11.34	11.34	2.97	1.67	18.333789	20.852446	19.684293	0.553905
0.39	21.41	11.33	11.33	2.97	1.68	18.328123	20.849311	19.679895	0.553917
0.39	21.41	11.32	11.32	2.97	1.68	18.322457	20.846175	19.675497	0.553930
0.40	21.41	11.31	11.31	2.97	1.68	18.316790	20.843038	19.671099	0.553943
0.40	21.41	11.30	11.30	2.97	1.68	18.311122	20.839901	19.666699	0.553955
0.40	21.41	11.29	11.29	2.97	1.68	18.305454	20.836763	19.662300	0.553968
0.41	21.41	11.28	11.28	2.97	1.68	18.299785	20.833624	19.657899	0.553981
0.41	21.41	11.27	11.27	2.97	1.68	18.294116	20.830484	19.653498	0.553993
0.41	21.41	11.27	11.27	2.97	1.68	18.288447	20.827344	19.649096	0.554006
0.41	21.41	11.26	11.26	2.97	1.68	18.282777	20.824202	19.644693	0.554019
0.42	21.41	11.25	11.25	2.97	1.68	18.277106	20.821060	19.640290	0.554031
0.42	21.41	11.24	11.24	2.97	1.68	18.271435	20.817918	19.635886	0.554044
0.42	21.41	11.23	11.23	2.97	1.68	18.265764	20.814774	19.631481	0.554056
0.42	21.41	11.22	11.22	2.97	1.68	18.260092	20.811630	19.627076	0.554069
0.43	21.41	11.21	11.21	2.97	1.68	18.254419	20.808485	19.622670	0.554081
0.43	21.41	11.20	11.20	2.97	1.68	18.248746	20.805339	19.618263	0.554094
0.43	21.41	11.20	11.20	2.97	1.68	18.243073	20.802192	19.613856	0.554106
0.44	21.41	11.19	11.19	2.97	1.68	18.237399	20.799045	19.609448	0.554119
0.44	21.41	11.18	11.18	2.97	1.68	18.231724	20.795897	19.605039	0.554131
0.44	21.41	11.17	11.17	2.97	1.68	18.226049	20.792748	19.600630	0.554144
0.44	21.41	11.16	11.16	2.97	1.68	18.220374	20.789598	19.596220	0.554156
0.45	21.41	11.15	11.15	2.97	1.68	18.214698	20.786448	19.591810	0.554169
0.45	21.41	11.14	11.14	2.97	1.68	18.209021	20.783296	19.587398	0.554181
0.45	21.41	11.13	11.13	2.97	1.69	18.203345	20.780144	19.582987	0.554193
0.46	21.41	11.13	11.13	2.97	1.69	18.197667	20.776992	19.578574	0.554206
0.46	21.41	11.12	11.12	2.97	1.69	18.191989	20.773838	19.574161	0.554218
0.46	21.41	11.11	11.11	2.97	1.69	18.186311	20.770684	19.569747	0.554230
0.46	21.41	11.10	11.10	2.97	1.69	18.180632	20.767529	19.565333	0.554243
0.47	21.41	11.09	11.09	2.97	1.69	18.174953	20.764373	19.560918	0.554255
0.47	21.41	11.08	11.08	2.97	1.69	18.169273	20.761217	19.556502	0.554267
0.47	21.41	11.07	11.07	2.97	1.69	18.163593	20.758059	19.552086	0.554280
0.47	21.41	11.06	11.06	2.97	1.69	18.157912	20.754901	19.547669	0.554292
0.48	21.41	11.06	11.06	2.97	1.69	18.152231	20.751743	19.543251	0.554304
0.48	21.41	11.05	11.05	2.97	1.69	18.146550	20.748583	19.538833	0.554316
0.48	21.41	11.04	11.04	2.97	1.69	18.140868	20.745423	19.534414	0.554328
0.49	21.41	11.03	11.03	2.97	1.69	18.135185	20.742262	19.529994	0.554341
0.49	21.41	11.02	11.02	2.97	1.69	18.129502	20.739100	19.525574	0.554353
0.49	21.41	11.01	11.01	2.97	1.69	18.123819	20.735938	19.521153	0.554365
0.49	21.41	11.00	11.00	2.96	1.69	18.118135	20.732775	19.516732	0.554377
0.50	21.41	11.00	11.00	2.96	1.69	18.112451	20.729611	19.512310	0.554389
0.50	21.41	10.99	10.99	2.96	1.69	18.106766	20.726446	19.507887	0.554401
0.50	21.41	10.98	10.98	2.96	1.69	18.101081	20.723280	19.503464	0.554414
0.51	21.41	10.97	10.97	2.96	1.69	18.095395	20.720114	19.499040	0.554426
0.51	21.41	10.96	10.96	2.96	1.69	18.089709	20.716947	19.494615	0.554438
0.51	21.41	10.95	10.95	2.96	1.69	18.084023	20.713780	19.490190	0.554450
0.51	21.41	10.94	10.94	2.96	1.70	18.078336	20.710611	19.485765	0.554462
0.52	21.41	10.93	10.93	2.96	1.70	18.072649	20.707442	19.481338	0.554474
0.52	21.41	10.93	10.93	2.96	1.70	18.066961	20.704272	19.476911	0.554486
0.52	21.41	10.92	10.92	2.96	1.70	18.061273	20.701102	19.472484	0.554498
0.53	21.41	10.91	10.91	2.96	1.70	18.055584	20.697930	19.468055	0.554510
0.53	21.41	10.90	10.90	2.96	1.70	18.049895	20.694758	19.463627	0.554522
0.53	21.41	10.89	10.89	2.96	1.70	18.044205	20.691586	19.459197	0.554534
0.53	21.41	10.88	10.88	2.96	1.70	18.038516	20.688412	19.454767	0.554546
0.54	21.41	10.87	10.87	2.96	1.70	18.032825	20.685238	19.450337	0.554558
0.54	21.41	10.86	10.86	2.96	1.70	18.027134	20.682063	19.445905	0.554570
0.54	21.41	10.86	10.86	2.96	1.70	18.021443	20.678887	19.441473	0.554582
0.54	21.41	10.85	10.85	2.96	1.70	18.015752	20.675711	19.437041	0.554593
0.55	21.41	10.84	10.84	2.96	1.70	18.010060	20.672534	19.432608	0.554605
0.55	21.41	10.83	10.83	2.96	1.70	18.004367	20.669356	19.428174	0.554617
0.55	21.41	10.82	10.82	2.96	1.70	17.998675	20.666177	19.423740	0.554629
0.56	21.41	10.81	10.81	2.96	1.70	17.992981	20.662998	19.419305	0.554641
0.56	21.41	10.80	10.80	2.96	1.70	17.987288	20.659818	19.414870	0.554653
0.56	21.41	10.79	10.79	2.96	1.70	17.981594	20.656637	19.410434	0.554664
0.56	21.41	10.79	10.79	2.96	1.70	17.975899	20.653456	19.405997	0.554676
0.57	21.41	10.78	10.78	2.96	1.70	17.970204	20.650273	19.401560	0.554688
0.57	21.41	10.77	10.77	2.96	1.70	17.964509	20.647091	19.397122	0.554700
0.57	21.41	10.76	10.76	2.96	1.70	17.958814	20.643907	19.392684	0.554712
0.57	21.41	10.75	10.75	2.96	1.70	17.953118	20.640723	19.388245	0.554723
0.58	21.41	10.74	10.74	2.96	1.71	17.947421	20.637538	19.383805	0.554735
0.58	21.41	10.73	10.73	2.96	1.71	17.941724	20.634352	19.379365	0.554747
0.58	21.41	10.73	10.73	2.96	1.71	17.936027	20.631166	19.374925	0.554758
0.59	21.41	10.72	10.72	2.96	1.71	17.930330	20.627978	19.370483	0.554770
0.59	21.41	10.71	10.71	2.96	1.71	17.924632	20.624791	19.366042	0.554782
0.59	21.41	10.70	10.70	2.96	1.71	17.918933	20.621602	19.361599	0.554793
0.59	21.41	10.69	10.69	2.96	1.71	17.913235	20.618413	19.357156	0.554805
0.60	21.41	10.68	10.68	2.96	1.71	17.907536	20.615223	19.352713	0.554817
0.60	21.41	10.67	10.67	2.96	1.71	17.901836	20.612032	19.348269	0.554828
0.60	21.41	10.66	10.66	2.96	1.71	17.896136	20.608841	19.343824	0.554840
0.61	21.41	10.66	10.66	2.96	1.71	17.890436	20.605649	19.339379	0.554851
0.61	21.41	10.65	10.65	2.96	1.71	17.884736	20.602456	19.334933	0.554863
0.61	21.41	10.64	10.64	2.96	1.71	17.879035	20.599263	19.330486	0.554875
0.61	21.41	10.63	10.63	2.96	1.71	17.873333	20.596069	19.326039	0.554886
0.62	21.41	10.62	10.62	2.96	1.71	17.867632	20.592874	19.321592	0.554898
0.62	21.41	10.61	10.61	2.96	1.71	17.861930	20.589678	19.317144	0.554909
0.62	21.41	10.60	10.60	2.96	1.71	17.856227	20.586482	19.312695	0.554921
0.62	21.41	10.60	10.60	2.96	1.71	17.850524	20.583285	19.308246	0.554932
0.63	21.41	10.59	10.59	2.96	1.71	17.844821	20.580087	19.303796	0.554944
0.63	21.41	10.58	10.58	2.96	1.71	17.839118	20.576889	19.299346	0.554955
0.63	21.41	10.57	10.57	2.96	1.71	17.833414	20.573690	19.294895	0.554966
0.64	21.41	10.56	10.56	2.96	1.71	17.827710	20.570490	19.290444	0.554978
0.64	21.41	10.55	10.55	2.96	1.71	17.822005	20.567290	19.285992	0.554989
0.64	21.41	10.54	10.54	2.96	1.71	17.816300	20.564089	19.281539	0.555001
0.64	21.41	10.53	10.53	2.96	1.72	17.810595	20.560887	19.277086	0.555012
0.65	21.41	10.53	10.53	2.96	1.72	17.804890	20.557685	19.272633	0.555023
0.65	21.41	10.52	10.52	2.96	1.72	17.799184	20.554482	19.268179	0.555035
0.65	21.41	10.51	10.51	2.96	1.72	17.793477	20.551278	19.263724	0.555046
0.66	21.41	10.50	10.50	2.96	1.72	17.787771	20.548074	19.259269	0.555057
0.66	21.41	10.49	10.49	2.96	1.72	17.782064	20.544869	19.254813	0.555069
0.66	21.41	10.48	10.48	2.96	1.72	17.776357	20.541663	19.250357	0.555080
0.66	21.41	10.47	10.47	2.96	1.72	17.770649	20.538456	19.245900	0.555091
0.67	21.41	10.47	10.47	2.96	1.72	17.764941	20.535249	19.241442	0.555103
0.67	21.41	10.46	10.46	2.96	1.72	17.759233	20.532041	19.236985	0.555114
0.67	21.41	10.45	10.45	2.96	1.72	17.753524	20.528833	19.232526	0.555125
0.68	21.41	10.44	10.44	2.96	1.72	17.747816	20.525624	19.228067	0.555136
0.68	21.41	10.43	10.43	2.96	1.72	17.742106	20.522414	19.223608	0.555148
0.68	21.41	10.42	10.42	2.96	1.72	17.736397	20.519203	19.219148	0.555159
0.68	21.41	10.41	10.41	2.96	1.72	17.730687	20.515992	19.214687	0.555170
0.69	21.41	10.41	10.41	2.96	1.72	17.724977	20.512780	19.210226	0.555181
0.69	21.41	10.40	10.40	2.96	1.72	17.719266	20.509568	19.205765	0.555192
0.69	21.41	10.39	10.39	2.96	1.72	17.713555	20.506354	19.201303	0.555203
0.69	21.41	10.38	10.38	2.96	1.72	17.707844	20.503141	19.196840	0.555215
0.70	21.41	10.37	10.37	2.96	1.72	17.702133	20.499926	19.192377	0.555226
0.70	21.41	10.36	10.36	2.95	1.72	17.696421	20.496711	19.187913	0.555237
0.70	21.41	10.35	10.35	2.95	1.72	17.690709	20.493495	19.183449	0.555248
0.71	21.41	10.34	10.34	2.95	1.72	17.684997	20.490279	19.178984	0.555259
0.71	21.41	10.34	10.34	2.95	1.73	17.679284	20.487062	19.174519	0.555270
0.71	21.41	10.33	10.33	2.95	1.73	17.673571	20.483844	19.170054	0.555281
0.71	21.41	10.32	10.32	2.95	1.73	17.667858	20.480625	19.165587	0.555292
0.72	21.41	10.31	10.31	2.95	1.73	17.662145	20.477406	19.161121	0.555303
0.72	21.41	10.30	10.30	2.95	1.73	17.656431	20.474186	19.156653	0.555314
0.72	21.41	10.29	10.29	2.95	1.73	17.650717	20.470966	19.152186	0.555325
0.72	21.41	10.28	10.28	2.95	1.73	17.645002	20.467745	19.147717	0.555336
0.73	21.41	10.28	10.28	2.95	1.73	17.639288	20.464523	19.143249	0.555347
0.73	21.41	10.27	10.27	2.95	1.73	17.633573	20.461301	19.138780	0.555358
0.73	21.41	10.26	10.26	2.95	1.73	17.627857	20.458078	19.134310	0.555369
0.74	21.41	10.25	10.25	2.95	1.73	17.622142	20.454854	19.129840	0.555380
0.74	21.41	10.24	10.24	2.95	1.73	17.616426	20.451630	19.125369	0.555391
0.74	21.41	10.23	10.23	2.95	1.73	17.610710	20.448405	19.120898	0.555402
0.74	21.41	10.22	10.22	2.95	1.73	17.604993	20.445179	19.116426	0.555413
0.75	21.41	10.22	10.22	2.95	1.73	17.599277	20.441953	19.111954	0.555424
0.75	21.41	10.21	10.21	2.95	1.73	17.593560	20.438726	19.107481	0.555435
0.75	21.41	10.20	10.20	2.95	1.73	17.587843	20.435499	19.103008	0.555445
0.76	21.41	10.19	10.19	2.95	1.73	17.582125	20.432270	19.098534	0.555456
0.76	21.41	10.18	10.18	2.95	1.73	17.576407	20.429042	19.094060	0.555467
0.76	21.41	10.17	10.17	2.95	1.73	17.570689	20.425812	19.089586	0.555478
0.76	21.41	10.16	10.16	2.95	1.73	17.564971	20.422582	19.085111	0.555489
0.77	21.41	10.16	10.16	2.95	1.73	17.559253	20.419351	19.080635	0.555499
0.77	21.41	10.15	10.15	2.95	1.73	17.553534	20.416120	19.076159	0.555510
0.77	21.41	10.14	10.14	2.95	1.73	17.547815	20.412888	19.071683	0.555521
0.78	21.41	10.13	10.13	2.95	1.73	17.542096	20.409655	19.067206	0.555532
0.78	21.41	10.12	10.12	2.95	1.74	17.536376	20.406422	19.062728	0.555543
0.78	21.41	10.11	10.11	2.95	1.74	17.530656	20.403188	19.058250	0.555553
0.78	21.41	10.10	10.10	2.95	1.74	17.524936	20.399954	19.053772	0.555564
0.79	21.41	10.10	10.10	2.95	1.74	17.519216	20.396719	19.049293	0.555575
0.79	21.41	10.09	10.09	2.95	1.74	17.513495	20.393483	19.044814	0.555585
0.79	21.41	10.08	10.08	2.95	1.74	17.507775	20.390247	19.040334	0.555596
0.79	21.41	10.07	10.07	2.95	1.74	17.502054	20.387010	19.035853	0.555607
0.80	21.41	10.06	10.06	2.95	1.74	17.496332	20.383772	19.031373	0.555617
0.80	21.41	10.05	10.05	2.95	1.74	17.490611	20.380534	19.026892	0.555628
0.80	21.41	10.04	10.04	2.95	1.74	17.484889	20.377295	19.022410	0.555639
0.81	21.41	10.04	10.04	2.95	1.74	17.479167	20.374055	19.017928	0.555649
0.81	21.41	10.03	10.03	2.95	1.74	17.473445	20.370815	19.013445	0.555660
0.81	21.41	10.02	10.02	2.95	1.74	17.467723	20.367575	19.008962	0.555670
0.81	21.41	10.01	10.01	2.95	1.74	17.462000	20.364333	19.004479	0.555681
0.82	21.41	10.00	10.00	2.95	1.74	17.456277	20.361091	18.999995	0.555692
0.82	21.41	9.99	9.99	2.95	1.74	17.450554	20.357849	18.995510	0.555702
0.82	21.41	9.98	9.98	2.95	1.74	17.444831	20.354606	18.991026	0.555713
0.82	21.41	9.98	9.98	2.95	1.74	17.439107	20.351362	18.986540	0.555723
0.83	21.41	9.97	9.97	2.95	1.74	17.433383	20.348117	18.982055	0.555734
0.83	21.41	9.96	9.96	2.95	1.74	17.427659	20.344872	18.977568	0.555744
0.83	21.41	9.95	9.95	2.95	1.74	17.421935	20.341627	18.973082	0.555755
0.84	21.41	9.94	9.94	2.95	1.74	17.416211	20.338380	18.968595	0.555765
0.84	21.41	9.93	9.93	2.95	1.74	17.410486	20.335134	18.964107	0.555776
0.84	21.41	9.92	9.92	2.95	1.74	17.404761	20.331886	18.959619	0.555786
0.84	21.41	9.92	9.92	2.95	1.75	17.399036	20.328638	18.955131	0.555796
0.85	21.41	9.91	9.91	2.95	1.75	17.393311	20.325390	18.950642	0.555807
0.85	21.41	9.90	9.90	2.95	1.75	17.387585	20.322140	18.946153	0.555817
0.85	21.41	9.89	9.89	2.95	1.75	17.381860	20.318890	18.941663	0.555828
0.86	21.41	9.88	9.88	2.95	1.75	17.376134	20.315640	18.937173	0.555838
0.86	21.41	9.87	9.87	2.95	1.75	17.370408	20.312389	18.932683	0.555848
0.86	21.41	9.86	9.86	2.95	1.75	17.364682	20.309137	18.928192	0.555859
0.86	21.41	9.86	9.86	2.95	1.75	17.358955	20.305885	18.923700	0.555869
0.87	21.41	9.85	9.85	2.95	1.75	17.353229	20.302632	18.919208	0.555880
0.87	21.41	9.84	9.84	2.95	1.75	17.347502	20.299379	18.914716	0.555890
0.87	21.41	9.83	9.83	2.95	1.75	17.341775	20.296125	18.910224	0.555900
0.88	21.41	9.82	9.82	2.95	1.75	17.336048	20.292870	18.905731	0.555910
0.88	21.41	9.81	9.81	2.95	1.75	17.330320	20.289615	18.901237	0.555921
0.88	21.41	9.81	9.81	2.95	1.75	17.324593	20.286359	18.896743	0.555931
0.88	21.41	9.80	9.80	2.95	1.75	17.318865	20.283103	18.892249	0.555941
0.89	21.41	9.79	9.79	2.95	1.75	17.313137	20.279846	18.887754	0.555952
0.89	21.41	9.78	9.78	2.95	1.75	17.307409	20.276588	18.883259	0.555962
0.89	21.41	9.77	9.77	2.95	1.75	17.301681	20.273330	18.878763	0.555972
0.89	21.41	9.76	9.76	2.95	1.75	17.295952	20.270072	18.874267	0.555982
0.90	21.41	9.75	9.75	2.95	1.75	17.290224	20.266812	18.869771	0.555992
0.90	21.41	9.75	9.75	2.95	1.75	17.284495	20.263552	18.865274	0.556003
0.90	21.41	9.74	9.74	2.95	1.75	17.278766	20.260292	18.860777	0.556013
0.91	21.41	9.73	9.73	2.94	1.75	17.273037	20.257031	18.856280	0.556023
0.91	21.41	9.72	9.72	2.94	1.75	17.267308	20.253769	18.851782	0.556033
0.91	21.41	9.71	9.71	2.94	1.75	17.261578	20.250507	18.847283	0.556043
0.91	21.41	9.70	9.70	2.94	1.76	17.255849	20.247244	18.842784	0.556053
0.92	21.41	9.69	9.69	2.94	1.76	17.250119	20.243981	18.838285	0.556063
0.92	21.41	9.69	9.69	2.94	1.76	17.244389	20.240717	18.833786	0.556074
0.92	21.41	9.68	9.68	2.94	1.76	17.238659	20.237453	18.829286	0.556084
0.93	21.41	9.67	9.67	2.94	1.76	17.232929	20.234188	18.824785	0.556094
0.93	21.41	9.66	9.66	2.94	1.76	17.227198	20.230922	18.820285	0.556104
0.93	21.41	9.65	9.65	2.94	1.76	17.221468	20.227656	18.815783	0.556114
0.93	21.41	9.64	9.64	2.94	1.76	17.215737	20.224389	18.811282	0.556124
0.94	21.41	9.64	9.64	2.94	1.76	17.210006	20.221122	18.806780	0.556134
0.94	21.41	9.63	9.63	2.94	1.76	17.204276	20.217854	18.802278	0.556144
0.94	21.41	9.62	9.62	2.94	1.76	17.198544	20.214585	18.797775	0.556154
0.94	21.41	9.61	9.61	2.94	1.76	17.192813	20.211316	18.793272	0.556164
0.95	21.41	9.60	9.60	2.94	1.76	17.187082	20.208047	18.788768	0.556174
0.95	21.41	9.59	9.59	2.94	1.76	17.181350	20.204777	18.784265	0.556184
0.95	21.41	9.58	9.58	2.94	1.76	17.175619	20.201506	18.779760	0.556194
0.96	21.41	9.58	9.58	2.94	1.76	17.169887	20.198235	18.775256	0.556204
0.96	21.41	9.57	9.57	2.94	1.76	17.164155	20.194963	18.770751	0.556214
0.96	21.41	9.56	9.56	2.94	1.76	17.158423	20.191691	18.766246	0.556224
0.96	21.41	9.55	9.55	2.94	1.76	17.152691	20.188418	18.761740	0.556234
0.97	21.41	9.54	9.54	2.94	1.76	17.146959	20.185144	18.757234	0.556243
0.97	21.41	9.53	9.53	2.94	1.76	17.141227	20.181870	18.752727	0.556253
0.97	21.41	9.53	9.53	2.94	1.76	17.135494	20.178596	18.748221	0.556263
0.97	21.41	9.52	9.52	2.94	1.76	17.129762	20.175320	18.743713	0.556273
0.98	21.41	9.51	9.51	2.94	1.76	17.124029	20.172045	18.739206	0.556283
0.98	21.41	9.50	9.50	2.94	1.76	17.118296	20.168769	18.734698	0.556293
0.98	21.41	9.49	9.49	2.94	1.76	17.112563	20.165492	18.730190	0.556303
0.99	21.41	9.48	9.48	2.94	1.77	17.106830	20.162214	18.725681	0.556312
0.99	21.41	9.47	9.47	2.94	1.77	17.101097	20.158937	18.721172	0.556322
0.99	21.41	9.47	9.47	2.94	1.77	17.095364	20.155658	18.716663	0.556332
0.99	21.41	9.46	9.46	2.94	1.77	17.089630	20.152379	18.712153	0.556342
1.00	21.41	9.45	9.45	2.94	1.77	17.083897	20.149100	18.707643	0.556352
1.00	21.41	9.44	9.44	2.94	1.77	17.078164	20.145820	18.703133	0.556361
1.00	21.41	9.43	9.43	2.94	1.77	17.072430	20.142539	18.698622	0.556371
1.01	21.41	9.42	9.42	2.94	1.77	17.066696	20.139258	18.694111	0.556381
1.01	21.41	9.42	9.42	2.94	1.77	17.060962	20.135976	18.689600	0.556391
1.01	21.41	9.41	9.41	2.94	1.77	17.055228	20.132694	18.685088	0.556400
1.01	21.41	9.40	9.40	2.94	1.77	17.049494	20.129412	18.680576	0.556410
1.02	21.41	9.39	9.39	2.94	1.77	17.043760	20.126128	18.676063	0.556420
1.02	21.41	9.38	9.38	2.94	1.77	17.038026	20.122844	18.671550	0.556429
1.02	21.41	9.37	9.37	2.94	1.77	17.032292	20.119560	18.667037	0.556439
1.02	21.41	9.36	9.36	2.94	1.77	17.026558	20.116275	18.662524	0.556449
1.03	21.41	9.36	9.36	2.94	1.77	17.020823	20.112990	18.658010	0.556458
1.03	21.41	9.35	9.35	2.94	1.77	17.015089	20.109704	18.653496	0.556468
1.03	21.41	9.34	9.34	2.94	1.77	17.009354	20.106418	18.648981	0.556478
1.04	21.41	9.33	9.33	2.94	1.77	17.003620	20.103131	18.644467	0.556487
1.04	21.41	9.32	9.32	2.94	1.77	16.997885	20.099843	18.639952	0.556497
1.04	21.41	9.31	9.31	2.94	1.77	16.992150	20.096555	18.635436	0.556506
1.04	21.41	9.31	9.31	2.94	1.77	16.986415	20.093267	18.630920	0.556516
1.05	21.41	9.30	9.30	2.94	1.77	16.980680	20.089978	18.626404	0.556525
1.05	21.41	9.29	9.29	2.94	1.77	16.974945	20.086688	18.621888	0.556535
1.05	21.41	9.28	9.28	2.94	1.77	16.969210	20.083398	18.617371	0.556544
1.06	21.41	9.27	9.27	2.94	1.77	16.963475	20.080107	18.612854	0.556554
1.06	21.41	9.26	9.26	2.94	1.78	16.957740	20.076816	18.608337	0.556564
1.06	21.41	9.26	9.26	2.94	1.78	16.952005	20.073525	18.603819	0.556573
1.06	21.41	9.25	9.25	2.94	1.78	16.946270	20.070233	18.599301	0.556583
1.07	21.41	9.24	9.24	2.94	1.78	16.940534	20.066940	18.594782	0.556592
1.07	21.41	9.23	9.23	2.94	1.78	16.934799	20.063647	18.590264	0.556601
1.07	21.41	9.22	9.22	2.94	1.78	16.929063	20.060353	18.585745	0.556611
1.07	21.41	9.21	9.21	2.94	1.78	16.923328	20.057059	18.581226	0.556620
1.08	21.41	9.21	9.21	2.94	1.78	16.917593	20.053764	18.576706	0.556630
1.08	21.41	9.20	9.20	2.94	1.78	16.911857	20.050469	18.572186	0.556639
1.08	21.41	9.19	9.19	2.94	1.78	16.906121	20.047173	18.567666	0.556649
1.09	21.41	9.18	9.18	2.94	1.78	16.900386	20.043877	18.563145	0.556658
1.09	21.41	9.17	9.17	2.94	1.78	16.894650	20.040580	18.558625	0.556667
1.09	21.41	9.16	9.16	2.94	1.78	16.888914	20.037283	18.554104	0.556677
1.09	21.41	9.15	9.15	2.94	1.78	16.883179	20.033985	18.549582	0.556686
1.10	21.41	9.15	9.15	2.94	1.78	16.877443	20.030687	18.545061	0.556696
1.10	21.41	9.14	9.14	2.94	1.78	16.871707	20.027388	18.540539	0.556705
1.10	21.41	9.13	9.13	2.94	1.78	16.865971	20.024089	18.536016	0.556714
1.11	21.41	9.12	9.12	2.94	1.78	16.860236	20.020790	18.531494	0.556724
1.11	21.41	9.11	9.11	2.93	1.78	16.854500	20.017489	18.526971	0.556733
1.11	21.41	9.10	9.10	2.93	1.78	16.848764	20.014189	18.522448	0.556742
1.11	21.41	9.10	9.10	2.93	1.78	16.843028	20.010887	18.517924	0.556751
1.12	21.41	9.09	9.09	2.93	1.78	16.837292	20.007586	18.513401	0.556761
1.12	21.41	9.08	9.08	2.93	1.78	16.831556	20.004284	18.508877	0.556770
1.12	21.41	9.07	9.07	2.93	1.78	16.825820	20.000981	18.504352	0.556779
1.12	21.41	9.06	9.06	2.93	1.78	16.820084	19.997678	18.499828	0.556788
1.13	21.41	9.05	9.05	2.93	1.78	16.814348	19.994374	18.495303	0.556798
1.13	21.41	9.05	9.05	2.93	1.78	16.808612	19.991070	18.490778	0.556807
1.13	21.41	9.04	9.04	2.93	1.79	16.802876	19.987765	18.486252	0.556816
1.14	21.41	9.03	9.03	2.93	1.79	16.797140	19.984460	18.481727	0.556825
1.14	21.41	9.02	9.02	2.93	1.79	16.791404	19.981155	18.477201	0.556834
1.14	21.41	9.01	9.01	2.93	1.79	16.785668	19.977849	18.472674	0.556844
1.14	21.41	9.00	9.00	2.93	1.79	16.779932	19.974542	18.468148	0.556853
1.15	21.41	9.00	9.00	2.93	1.79	16.774196	19.971235	18.463621	0.556862
1.15	21.41	8.99	8.99	2.93	1.79	16.768460	19.967928	18.459094	0.556871
1.15	21.41	8.98	8.98	2.93	1.79	16.762724	19.964620	18.454567	0.556880
1.16	21.41	8.97	8.97	2.93	1.79	16.756988	19.961311	18.450039	0.556889
1.16	21.41	8.96	8.96	2.93	1.79	16.751253	19.958002	18.445511	0.556898
1.16	21.41	8.95	8.95	2.93	1.79	16.745517	19.954693	18.440983	0.556908
1.16	21.41	8.95	8.95	2.93	1.79	16.739781	19.951383	18.436455	0.556917
1.17	21.41	8.94	8.94	2.93	1.79	16.734045	19.948073	18.431926	0.556926
1.17	21.41	8.93	8.93	2.93	1.79	16.728309	19.944762	18.427398	0.556935
1.17	21.41	8.92	8.92	2.93	1.79	16.722573	19.941450	18.422868	0.556944
1.18	21.41	8.91	8.91	2.93	1.79	16.716837	19.938139	18.418339	0.556953
1.18	21.41	8.90	8.90	2.93	1.79	16.711102	19.934826	18.413809	0.556962
1.18	21.41	8.90	8.90	2.93	1.79	16.705366	19.931514	18.409280	0.556971
1.18	21.41	8.89	8.89	2.93	1.79	16.699630	19.928201	18.404749	0.556980
1.19	21.41	8.88	8.88	2.93	1.79	16.693894	19.924887	18.400219	0.556989
1.19	21.41	8.87	8.87	2.93	1.79	16.688159	19.921573	18.395688	0.556998
1.19	21.41	8.86	8.86	2.93	1.79	16.682423	19.918258	18.391158	0.557007
1.19	21.41	8.85	8.85	2.93	1.79	16.676687	19.914943	18.386626	0.557016
1.20	21.41	8.85	8.85	2.93	1.79	16.670952	19.911628	18.382095	0.557025
1.20	21.41	8.84	8.84	2.93	1.79	16.665216	19.908312	18.377563	0.557034
1.20	21.41	8.83	8.83	2.93	1.79	16.659481	19.904996	18.373032	0.557043
1.21	21.41	8.82	8.82	2.93	1.79	16.653745	19.901679	18.368500	0.557052
1.21	21.41	8.81	8.81	2.93	1.80	16.648010	19.898362	18.363967	0.557061
1.21	21.41	8.80	8.80	2.93	1.80	16.642275	19.895044	18.359435	0.557069
1.21	21.41	8.80	8.80	2.93	1.80	16.636539	19.891726	18.354902	0.557078
1.22	21.41	8.79	8.79	2.93	1.80	16.630804	19.888407	18.350369	0.557087
1.22	21.41	8.78	8.78	2.93	1.80	16.625069	19.885088	18.345836	0.557096
1.22	21.41	8.77	8.77	2.93	1.80	16.619334	19.881768	18.341302	0.557105
1.23	21.41	8.76	8.76	2.93	1.80	16.613599	19.878448	18.336769	0.557114
1.23	21.41	8.76	8.76	2.93	1.80	16.607864	19.875128	18.332235	0.557123
1.23	21.41	8.75	8.75	2.93	1.80	16.602129	19.871807	18.327701	0.557132
1.23	21.41	8.74	8.74	2.93	1.80	16.596394	19.868486	18.323166	0.557140
1.24	21.41	8.73	8.73	2.93	1.80	16.590659	19.865164	18.318632	0.557149
1.24	21.41	8.72	8.72	2.93	1.80	16.584925	19.861842	18.314097	0.557158
1.24	21.41	8.71	8.71	2.93	1.80	16.579190	19.858519	18.309562	0.557167
1.24	21.41	8.71	8.71	2.93	1.80	16.573455	19.855196	18.305027	0.557175
1.25	21.41	8.70	8.70	2.93	1.80	16.567721	19.851873	18.300491	0.557184
1.25	21.41	8.69	8.69	2.93	1.80	16.561986	19.848549	18.295956	0.557193
1.25	21.41	8.68	8.68	2.93	1.80	16.556252	19.845224	18.291420	0.557202
1.26	21.41	8.67	8.67	2.93	1.80	16.550518	19.841899	18.286884	0.557210
1.26	21.41	8.66	8.66	2.93	1.80	16.544784	19.838574	18.282348	0.557219
1.26	21.41	8.66	8.66	2.93	1.80	16.539050	19.835248	18.277811	0.557228
1.26	21.41	8.65	8.65	2.93	1.80	16.533315	19.831922	18.273274	0.557237
1.27	21.41	8.64	8.64	2.93	1.80	16.527582	19.828596	18.268738	0.557245
1.27	21.41	8.63	8.63	2.93	1.80	16.521848	19.825269	18.264200	0.557254
1.27	21.41	8.62	8.62	2.93	1.80	16.516114	19.821941	18.259663	0.557263
1.27	21.41	8.61	8.61	2.93	1.80	16.510380	19.818613	18.255126	0.557271
1.28	21.41	8.61	8.61	2.93	1.80	16.504647	19.815285	18.250588	0.557280
1.28	21.41	8.60	8.60	2.93	1.80	16.498913	19.811957	18.246050	0.557289
1.28	21.41	8.59	8.59	2.93	1.80	16.493180	19.808627	18.241512	0.557297
1.29	21.41	8.58	8.58	2.93	1.81	16.487447	19.805298	18.236974	0.557306
1.29	21.41	8.57	8.57	2.93	1.81	16.481714	19.801968	18.232435	0.557314
1.29	21.41	8.57	8.57	2.93	1.81	16.475980	19.798638	18.227897	0.557323
1.29	21.41	8.56	8.56	2.93	1.81	16.470248	19.795307	18.223358	0.557332
1.30	21.41	8.55	8.55	2.93	1.81	16.464515	19.791976	18.218819	0.557340
1.30	21.41	8.54	8.54	2.93	1.81	16.458782	19.788644	18.214280	0.557349
1.30	21.41	8.53	8.53	2.93	1.81	16.453049	19.785312	18.209740	0.557357
1.31	21.41	8.52	8.52	2.93	1.81	16.447317	19.781979	18.205201	0.557366
1.31	21.41	8.52	8.52	2.93	1.81	16.441584	19.778647	18.200661	0.557374
1.31	21.41	8.51	8.51	2.92	1.81	16.435852	19.775313	18.196121	0.557383
1.31	21.41	8.50	8.50	2.92	1.81	16.430120	19.771980	18.191581	0.557391
1.32	21.41	8.49	8.49	2.92	1.81	16.424388	19.768646	18.187041	0.557400
1.32	21.41	8.48	8.48	2.92	1.81	16.418656	19.765311	18.182500	0.557408
1.32	21.41	8.47	8.47	2.92	1.81	16.412924	19.761976	18.177960	0.557417
1.32	21.41	8.47	8.47	2.92	1.81	16.407193	19.758641	18.173419	0.557425
1.33	21.41	8.46	8.46	2.92	1.81	16.401461	19.755305	18.168878	0.557434
1.33	21.41	8.45	8.45	2.92	1.81	16.395730	19.751969	18.164337	0.557442
1.33	21.41	8.44	8.44	2.92	1.81	16.389999	19.748632	18.159796	0.557451
1.34	21.41	8.43	8.43	2.92	1.81	16.384268	19.745296	18.155254	0.557459
1.34	21.41	8.43	8.43	2.92	1.81	16.378537	19.741958	18.150713	0.557468
1.34	21.41	8.42	8.42	2.92	1.81	16.372806	19.738621	18.146171	0.557476
1.34	21.41	8.41	8.41	2.92	1.81	16.367075	19.735282	18.141629	0.557484
1.35	21.41	8.40	8.40	2.92	1.81	16.361345	19.731944	18.137087	0.557493
1.35	21.41	8.39	8.39	2.92	1.81	16.355614	19.728605	18.132545	0.557501
1.35	21.41	8.38	8.38	2.92	1.81	16.349884	19.725266	18.128002	0.557510
1.36	21.41	8.38	8.38	2.92	1.81	16.344154	19.721926	18.123460	0.557518
1.36	21.41	8.37	8.37	2.92	1.81	16.338424	19.718586	18.118917	0.557526
1.36	21.41	8.36	8.36	2.92	1.81	16.332694	19.715245	18.114374	0.557535
1.36	21.41	8.35	8.35	2.92	1.82	16.326965	19.711905	18.109831	0.557543
1.37	21.41	8.34	8.34	2.92	1.82	16.321235	19.708563	18.105288	0.557551
1.37	21.41	8.34	8.34	2.92	1.82	16.315506	19.705222	18.100745	0.557560
1.37	21.41	8.33	8.33	2.92	1.82	16.309777	19.701880	18.096202	0.557568
1.38	21.41	8.32	8.32	2.92	1.82	16.304048	19.698537	18.091658	0.557576
1.38	21.41	8.31	8.31	2.92	1.82	16.298319	19.695194	18.087114	0.557584
1.38	21.41	8.30	8.30	2.92	1.82	16.292590	19.691851	18.082570	0.557593
1.38	21.41	8.30	8.30	2.92	1.82	16.286862	19.688508	18.078027	0.557601
1.39	21.41	8.29	8.29	2.92	1.82	16.281134	19.685164	18.073482	0.557609
1.39	21.41	8.28	8.28	2.92	1.82	16.275405	19.681819	18.068938	0.557617
1.39	21.41	8.27	8.27	2.92	1.82	16.269678	19.678475	18.064394	0.557626
1.39	21.41	8.26	8.26	2.92	1.82	16.263950	19.675130	18.059849	0.557634
1.40	21.41	8.25	8.25	2.92	1.82	16.258222	19.671784	18.055305	0.557642
1.40	21.41	8.25	8.25	2.92	1.82	16.252495	19.668438	18.050760	0.557650
1.40	21.41	8.24	8.24	2.92	1.82	16.246768	19.665092	18.046215	0.557658
1.41	21.41	8.23	8.23	2.92	1.82	16.241041	19.661746	18.041670	0.557667
1.41	21.41	8.22	8.22	2.92	1.82	16.235314	19.658399	18.037125	0.557675
1.41	21.41	8.21	8.21	2.92	1.82	16.229587	19.655051	18.032580	0.557683
1.41	21.41	8.21	8.21	2.92	1.82	16.223861	19.651704	18.028034	0.557691
1.42	21.41	8.20	8.20	2.92	1.82	16.218134	19.648356	18.023489	0.557699
1.42	21.41	8.19	8.19	2.92	1.82	16.212408	19.645007	18.018943	0.557707
1.42	21.41	8.18	8.18	2.92	1.82	16.206682	19.641658	18.014397	0.557715
1.43	21.41	8.17	8.17	2.92	1.82	16.200957	19.638309	18.009851	0.557724
1.43	21.41	8.16	8.16	2.92	1.82	16.195231	19.634960	18.005306	0.557732
1.43	21.41	8.16	8.16	2.92	1.82	16.189506	19.631610	18.000759	0.557740
1.43	21.41	8.15	8.15	2.92	1.82	16.183781	19.628260	17.996213	0.557748
1.44	21.41	8.14	8.14	2.92	1.82	16.178056	19.624909	17.991667	0.557756
1.44	21.41	8.13	8.13	2.92	1.82	16.172331	19.621558	17.987121	0.557764
1.44	21.41	8.12	8.12	2.92	1.82	16.166607	19.618207	17.982574	0.557772
1.44	21.41	8.12	8.12	2.92	1.83	16.160883	19.614855	17.978028	0.557780
1.45	21.41	8.11	8.11	2.92	1.83	16.155159	19.611503	17.973481	0.557788
1.45	21.41	8.10	8.10	2.92	1.83	16.149435	19.608151	17.968934	0.557796
1.45	21.41	8.09	8.09	2.92	1.83	16.143711	19.604798	17.964387	0.557804
1.46	21.41	8.08	8.08	2.92	1.83	16.137988	19.601445	17.959840	0.557812
1.46	21.41	8.08	8.08	2.92	1.83	16.132265	19.598092	17.955293	0.557820
1.46	21.41	8.07	8.07	2.92	1.83	16.126542	19.594738	17.950746	0.557828
1.46	21.41	8.06	8.06	2.92	1.83	16.120819	19.591384	17.946199	0.557836
1.47	21.41	8.05	8.05	2.92	1.83	16.115097	19.588029	17.941651	0.557844
1.47	21.41	8.04	8.04	2.92	1.83	16.109374	19.584675	17.937104	0.557852
1.47	21.41	8.04	8.04	2.92	1.83	16.103652	19.581319	17.932556	0.557860
1.48	21.41	8.03	8.03	2.92	1.83	16.097931	19.577964	17.928009	0.557868
1.48	21.41	8.02	8.02	2.92	1.83	16.092209	19.574608	17.923461	0.557876
1.48	21.41	8.01	8.01	2.92	1.83	16.086488	19.571252	17.918913	0.557884
1.48	21.41	8.00	8.00	2.92	1.83	16.080767	19.567896	17.914365	0.557892
1.49	21.41	7.99	7.99	2.92	1.83	16.075046	19.564539	17.909817	0.557900
1.49	21.41	7.99	7.99	2.92	1.83	16.069325	19.561182	17.905269	0.557907
1.49	21.41	7.98	7.98	2.92	1.83	16.063605	19.557824	17.900721	0.557915
1.49	21.41	7.97	7.97	2.92	1.83	16.057885	19.554466	17.896173	0.557923
1.50	21.41	7.96	7.96	2.92	1.83	16.052165	19.551108	17.891625	0.557931
1.50	21.41	7.95	7.95	2.92	1.83	16.046446	19.547749	17.887076	0.557939
1.50	21.41	7.95	7.95	2.92	1.83	16.040726	19.544391	17.882528	0.557947
1.51	21.41	7.94	7.94	2.92	1.83	16.035007	19.541031	17.877979	0.557954
1.51	21.41	7.93	7.93	2.92	1.83	16.029289	19.537672	17.873431	0.557962
1.51	21.41	7.92	7.92	2.92	1.83	16.023570	19.534312	17.868882	0.557970
1.51	21.41	7.91	7.91	2.92	1.83	16.017852	19.530952	17.864334	0.557978
1.52	21.41	7.91	7.91	2.91	1.83	16.012134	19.527591	17.859785	0.557986
1.52	21.41	7.90	7.90	2.91	1.83	16.006416	19.524231	17.855236	0.557993
1.52	21.41	7.89	7.89	2.91	1.83	16.000699	19.520870	17.850687	0.558001
1.52	21.41	7.88	7.88	2.91	1.83	15.994981	19.517508	17.846138	0.558009
1.53	21.41	7.87	7.87	2.91	1.84	15.989264	19.514146	17.841589	0.558017
1.53	21.41	7.87	7.87	2.91	1.84	15.983548	19.510784	17.837040	0.558024
1.53	21.41	7.86	7.86	2.91	1.84	15.977831	19.507422	17.832491	0.558032
1.54	21.41	7.85	7.85	2.91	1.84	15.972115	19.504059	17.827942	0.558040
1.54	21.41	7.84	7.84	2.91	1.84	15.966399	19.500696	17.823393	0.558048
1.54	21.41	7.83	7.83	2.91	1.84	15.960684	19.497333	17.818844	0.558055
1.54	21.41	7.83	7.83	2.91	1.84	15.954969	19.493969	17.814295	0.558063
1.55	21.41	7.82	7.82	2.91	1.84	15.949254	19.490605	17.809745	0.558071
1.55	21.41	7.81	7.81	2.91	1.84	15.943539	19.487241	17.805196	0.558078
1.55	21.41	7.80	7.80	2.91	1.84	15.937825	19.483876	17.800647	0.558086
1.56	21.41	7.79	7.79	2.91	1.84	15.932110	19.480511	17.796097	0.558094
1.56	21.41	7.79	7.79	2.91	1.84	15.926397	19.477146	17.791548	0.558101
1.56	21.41	7.78	7.78	2.91	1.84	15.920683	19.473781	17.786998	0.558109
1.56	21.41	7.77	7.77	2.91	1.84	15.914970	19.470415	17.782449	0.558117
1.57	21.41	7.76	7.76	2.91	1.84	15.909257	19.467049	17.777899	0.558124
1.57	21.41	7.75	7.75	2.91	1.84	15.903544	19.463682	17.773349	0.558132
1.57	21.41	7.75	7.75	2.91	1.84	15.897832	19.460315	17.768800	0.558139
1.57	21.41	7.74	7.74	2.91	1.84	15.892120	19.456948	17.764250	0.558147
1.58	21.41	7.73	7.73	2.91	1.84	15.886408	19.453581	17.759700	0.558155
1.58	21.41	7.72	7.72	2.91	1.84	15.880697	19.450213	17.755151	0.558162
1.58	21.41	7.71	7.71	2.91	1.84	15.874986	19.446846	17.750601	0.558170
1.59	21.41	7.71	7.71	2.91	1.84	15.869275	19.443477	17.746051	0.558177
1.59	21.41	7.70	7.70	2.91	1.84	15.863564	19.440109	17.741501	0.558185
1.59	21.41	7.69	7.69	2.91	1.84	15.857854	19.436740	17.736952	0.558192
1.59	21.41	7.68	7.68	2.91	1.84	15.852145	19.433371	17.732402	0.558200
1.60	21.41	7.67	7.67	2.91	1.84	15.846435	19.430002	17.727852	0.558207
1.60	21.41	7.67	7.67	2.91	1.84	15.840726	19.426632	17.723302	0.558215
1.60	21.41	7.66	7.66	2.91	1.84	15.835017	19.423262	17.718752	0.558222
1.61	21.41	7.65	7.65	2.91	1.84	15.829308	19.419892	17.714202	0.558230
1.61	21.41	7.64	7.64	2.91	1.84	15.823600	19.416521	17.709652	0.558237
1.61	21.41	7.63	7.63	2.91	1.85	15.817892	19.413150	17.705102	0.558245
1.61	21.41	7.63	7.63	2.91	1.85	15.812185	19.409779	17.700553	0.558252
1.62	21.41	7.62	7.62	2.91	1.85	15.806478	19.406408	17.696003	0.558260
1.62	21.41	7.61	7.61	2.91	1.85	15.800771	19.403036	17.691453	0.558267
1.62	21.41	7.60	7.60	2.91	1.85	15.795064	19.399664	17.686903	0.558275
1.62	21.41	7.59	7.59	2.91	1.85	15.789358	19.396292	17.682353	0.558282
1.63	21.41	7.59	7.59	2.91	1.85	15.783652	19.392919	17.677803	0.558289
1.63	21.41	7.58	7.58	2.91	1.85	15.777947	19.389547	17.673253	0.558297
1.63	21.41	7.57	7.57	2.91	1.85	15.772241	19.386174	17.668703	0.558304
1.64	21.41	7.56	7.56	2.91	1.85	15.766537	19.382800	17.664153	0.558312
1.64	21.41	7.55	7.55	2.91	1.85	15.760832	19.379427	17.659603	0.558319
1.64	21.41	7.55	7.55	2.91	1.85	15.755128	19.376053	17.655053	0.558326
1.64	21.41	7.54	7.54	2.91	1.85	15.749424	19.372679	17.650503	0.558334
1.65	21.41	7.53	7.53	2.91	1.85	15.743721	19.369304	17.645953	0.558341
1.65	21.41	7.52	7.52	2.91	1.85	15.738018	19.365929	17.641404	0.558348
1.65	21.41	7.51	7.51	2.91	1.85	15.732315	19.362554	17.636854	0.558356
1.66	21.41	7.51	7.51	2.91	1.85	15.726613	19.359179	17.632304	0.558363
1.66	21.41	7.50	7.50	2.91	1.85	15.720911	19.355804	17.627754	0.558370
1.66	21.41	7.49	7.49	2.91	1.85	15.715209	19.352428	17.623204	0.558378
1.66	21.41	7.48	7.48	2.91	1.85	15.709508	19.349052	17.618654	0.558385
1.67	21.41	7.48	7.48	2.91	1.85	15.703807	19.345676	17.614105	0.558392
1.67	21.41	7.47	7.47	2.91	1.85	15.698106	19.342299	17.609555	0.558400
1.67	21.41	7.46	7.46	2.91	1.85	15.692406	19.338922	17.605005	0.558407
1.68	21.41	7.45	7.45	2.91	1.85	15.686706	19.335545	17.600456	0.558414
1.68	21.41	7.44	7.44	2.91	1.85	15.681007	19.332168	17.595906	0.558421
1.68	21.41	7.44	7.44	2.91	1.85	15.675308	19.328790	17.591356	0.558429
1.68	21.41	7.43	7.43	2.91	1.85	15.669609	19.325413	17.586807	0.558436
1.69	21.41	7.42	7.42	2.91	1.85	15.663911	19.322034	17.582257	0.558443
1.69	21.41	7.41	7.41	2.91	1.85	15.658213	19.318656	17.577708	0.558450
1.69	21.41	7.40	7.40	2.91	1.85	15.652516	19.315278	17.573158	0.558457
1.69	21.41	7.40	7.40	2.91	1.85	15.646819	19.311899	17.568609	0.558465
1.70	21.41	7.39	7.39	2.91	1.86	15.641122	19.308520	17.564059	0.558472
1.70	21.41	7.38	7.38	2.91	1.86	15.635426	19.305140	17.559510	0.558479
1.70	21.41	7.37	7.37	2.91	1.86	15.629730	19.301761	17.554960	0.558486
1.71	21.41	7.36	7.36	2.91	1.86	15.624034	19.298381	17.550411	0.558493
1.71	21.41	7.36	7.36	2.91	1.86	15.618339	19.295001	17.545862	0.558500
1.71	21.41	7.35	7.35	2.91	1.86	15.612645	19.291621	17.541313	0.558508
1.71	21.41	7.34	7.34	2.91	1.86	15.606950	19.288240	17.536764	0.558515
1.72	21.41	7.33	7.33	2.91	1.86	15.601256	19.284859	17.532214	0.558522
1.72	21.41	7.33	7.33	2.90	1.86	15.595563	19.281478	17.527665	0.558529
1.72	21.41	7.32	7.32	2.90	1.86	15.589870	19.278097	17.523116	0.558536
1.73	21.41	7.31	7.31	2.90	1.86	15.584177	19.274715	17.518567	0.558543
1.73	21.41	7.30	7.30	2.90	1.86	15.578485	19.271334	17.514019	0.558550
1.73	21.41	7.29	7.29	2.90	1.86	15.572793	19.267952	17.509470	0.558557
1.73	21.41	7.29	7.29	2.90	1.86	15.567102	19.264570	17.504921	0.558564
1.74	21.41	7.28	7.28	2.90	1.86	15.561411	19.261187	17.500372	0.558571
1.74	21.41	7.27	7.27	2.90	1.86	15.555720	19.257804	17.495824	0.558578
1.74	21.41	7.26	7.26	2.90	1.86	15.550030	19.254422	17.491275	0.558586
1.74	21.41	7.25	7.25	2.90	1.86	15.544340	19.251038	17.486727	0.558593
1.75	21.41	7.25	7.25	2.90	1.86	15.538651	19.247655	17.482178	0.558600
1.75	21.41	7.24	7.24	2.90	1.86	15.532962	19.244272	17.477630	0.558607
1.75	21.41	7.23	7.23	2.90	1.86	15.527273	19.240888	17.473081	0.558614
1.76	21.41	7.22	7.22	2.90	1.86	15.521585	19.237504	17.468533	0.558621
1.76	21.41	7.22	7.22	2.90	1.86	15.515898	19.234119	17.463985	0.558628
1.76	21.41	7.21	7.21	2.90	1.86	15.510210	19.230735	17.459437	0.558635
1.76	21.41	7.20	7.20	2.90	1.86	15.504524	19.227350	17.454889	0.558642
1.77	21.41	7.19	7.19	2.90	1.86	15.498837	19.223965	17.450341	0.558649
1.77	21.41	7.18	7.18	2.90	1.86	15.493152	19.220580	17.445793	0.558655
1.77	21.41	7.18	7.18	2.90	1.86	15.487466	19.217195	17.441245	0.558662
1.77	21.41	7.17	7.17	2.90	1.86	15.481781	19.213809	17.436698	0.558669
1.78	21.41	7.16	7.16	2.90	1.86	15.476097	19.210424	17.432150	0.558676
1.78	21.41	7.15	7.15	2.90	1.86	15.470413	19.207038	17.427603	0.558683
1.78	21.41	7.14	7.14	2.90	1.86	15.464729	19.203651	17.423055	0.558690
1.79	21.41	7.14	7.14	2.90	1.87	15.459046	19.200265	17.418508	0.558697
1.79	21.41	7.13	7.13	2.90	1.87	15.453363	19.196878	17.413961	0.558704
1.79	21.41	7.12	7.12	2.90	1.87	15.447681	19.193492	17.409414	0.558711
1.79	21.41	7.11	7.11	2.90	1.87	15.441999	19.190105	17.404867	0.558718
1.80	21.41	7.11	7.11	2.90	1.87	15.436318	19.186717	17.400320	0.558725
1.80	21.41	7.10	7.10	2.90	1.87	15.430637	19.183330	17.395773	0.558731
1.80	21.41	7.09	7.09	2.90	1.87	15.424956	19.179942	17.391226	0.558738
1.81	21.41	7.08	7.08	2.90	1.87	15.419276	19.176554	17.386679	0.558745
1.81	21.41	7.07	7.07	2.90	1.87	15.413597	19.173166	17.382133	0.558752
1.81	21.41	7.07	7.07	2.90	1.87	15.407918	19.169778	17.377586	0.558759
1.81	21.41	7.06	7.06	2.90	1.87	15.402239	19.166390	17.373040	0.558766
1.82	21.41	7.05	7.05	2.90	1.87	15.396561	19.163001	17.368494	0.558772
1.82	21.41	7.04	7.04	2.90	1.87	15.390884	19.159612	17.363948	0.558779
1.82	21.41	7.04	7.04	2.90	1.87	15.385207	19.156223	17.359401	0.558786
1.82	21.41	7.03	7.03	2.90	1.87	15.379530	19.152834	17.354856	0.558793
1.83	21.41	7.02	7.02	2.90	1.87	15.373854	19.149444	17.350310	0.558800
1.83	21.41	7.01	7.01	2.90	1.87	15.368178	19.146055	17.345764	0.558806
1.83	21.41	7.00	7.00	2.90	1.87	15.362503	19.142665	17.341219	0.558813
1.84	21.41	7.00	7.00	2.90	1.87	15.356828	19.139275	17.336673	0.558820
1.84	21.41	6.99	6.99	2.90	1.87	15.351154	19.135885	17.332128	0.558827
1.84	21.41	6.98	6.98	2.90	1.87	15.345480	19.132494	17.327583	0.558833
1.84	21.41	6.97	6.97	2.90	1.87	15.339807	19.129104	17.323037	0.558840
1.85	21.41	6.97	6.97	2.90	1.87	15.334134	19.125713	17.318492	0.558847
1.85	21.41	6.96	6.96	2.90	1.87	15.328462	19.122322	17.313948	0.558853
1.85	21.41	6.95	6.95	2.90	1.87	15.322790	19.118931	17.309403	0.558860
1.86	21.41	6.94	6.94	2.90	1.87	15.317119	19.115540	17.304858	0.558867
1.86	21.41	6.94	6.94	2.90	1.87	15.311449	19.112148	17.300314	0.558873
1.86	21.41	6.93	6.93	2.90	1.87	15.305778	19.108757	17.295770	0.558880
1.86	21.41	6.92	6.92	2.90	1.87	15.300109	19.105365	17.291225	0.558887
1.87	21.41	6.91	6.91	2.90	1.87	15.294439	19.101973	17.286681	0.558893
1.87	21.41	6.90	6.90	2.90	1.87	15.288771	19.098581	17.282137	0.558900
1.87	21.41	6.90	6.90	2.90	1.87	15.283102	19.095188	17.277594	0.558907
1.88	21.41	6.89	6.89	2.90	1.87	15.277435	19.091796	17.273050	0.558913
1.88	21.41	6.88	6.88	2.90	1.88	15.271768	19.088403	17.268506	0.558920
1.88	21.41	6.87	6.87	2.90	1.88	15.266101	19.085010	17.263963	0.558927
1.88	21.41	6.87	6.87	2.90	1.88	15.260435	19.081617	17.259420	0.558933
1.89	21.41	6.86	6.86	2.90	1.88	15.254769	19.078224	17.254877	0.558940
1.89	21.41	6.85	6.85	2.90	1.88	15.249104	19.074831	17.250334	0.558946
1.89	21.41	6.84	6.84	2.90	1.88	15.243440	19.071437	17.245791	0.558953
1.89	21.41	6.83	6.83	2.90	1.88	15.237776	19.068044	17.241249	0.558960
1.90	21.41	6.83	6.83	2.90	1.88	15.232112	19.064650	17.236706	0.558966
1.90	21.41	6.82	6.82	2.90	1.88	15.226449	19.061256	17.232164	0.558973
1.90	21.41	6.81	6.81	2.90	1.88	15.220787	19.057861	17.227622	0.558979
1.91	21.41	6.80	6.80	2.90	1.88	15.215125	19.054467	17.223080	0.558986
1.91	21.41	6.80	6.80	2.90	1.88	15.209464	19.051073	17.218538	0.558992
1.91	21.41	6.79	6.79	2.90	1.88	15.203803	19.047678	17.213996	0.558999
1.91	21.41	6.78	6.78	2.90	1.88	15.198143	19.044283	17.209455	0.559005
1.92	21.41	6.77	6.77	2.90	1.88	15.192483	19.040888	17.204913	0.559012
1.92	21.41	6.77	6.77	2.90	1.88	15.186824	19.037493	17.200372	0.559018
1.92	21.41	6.76	6.76	2.90	1.88	15.181165	19.034098	17.195831	0.559025
1.93	21.41	6.75	6.75	2.89	1.88	15.175507	19.030702	17.191290	0.559031
1.93	21.41	6.74	6.74	2.89	1.88	15.169850	19.027307	17.186749	0.559038
1.93	21.41	6.73	6.73	2.89	1.88	15.164193	19.023911	17.182209	0.559044
1.93	21.41	6.73	6.73	2.89	1.88	15.158536	19.020515	17.177669	0.559051
1.94	21.41	6.72	6.72	2.89	1.88	15.152880	19.017119	17.173128	0.559057
1.94	21.41	6.71	6.71	2.89	1.88	15.147225	19.013723	17.168588	0.559063
1.94	21.41	6.70	6.70	2.89	1.88	15.141570	19.010327	17.164049	0.559070
1.94	21.41	6.70	6.70	2.89	1.88	15.135916	19.006930	17.159509	0.559076
1.95	21.41	6.69	6.69	2.89	1.88	15.130263	19.003534	17.154969	0.559083
1.95	21.41	6.68	6.68	2.89	1.88	15.124609	19.000137	17.150430	0.559089
1.95	21.41	6.67	6.67	2.89	1.88	15.118957	18.996740	17.145891	0.559096
1.96	21.41	6.67	6.67	2.89	1.88	15.113305	18.993343	17.141352	0.559102
1.96	21.41	6.66	6.66	2.89	1.88	15.107654	18.989946	17.136813	0.559108
1.96	21.41	6.65	6.65	2.89	1.88	15.102003	18.986549	17.132275	0.559115
1.96	21.41	6.64	6.64	2.89	1.88	15.096353	18.983151	17.127737	0.559121
1.97	21.41	6.64	6.64	2.89	1.88	15.090703	18.979754	17.123198	0.559127
1.97	21.41	6.63	6.63	2.89	1.89	15.085054	18.976356	17.118660	0.559134
1.97	21.41	6.62	6.62	2.89	1.89	15.079406	18.972958	17.114123	0.559140
1.98	21.41	6.61	6.61	2.89	1.89	15.073758	18.969560	17.109585	0.559146
1.98	21.41	6.61	6.61	2.89	1.89	15.068111	18.966162	17.105048	0.559153
1.98	21.41	6.60	6.60	2.89	1.89	15.062464	18.962764	17.100511	0.559159
1.98	21.41	6.59	6.59	2.89	1.89	15.056818	18.959366	17.095974	0.559165
1.99	21.41	6.58	6.58	2.89	1.89	15.051172	18.955967	17.091437	0.559172
1.99	21.41	6.57	6.57	2.89	1.89	15.045528	18.952569	17.086900	0.559178
1.99	21.41	6.57	6.57	2.89	1.89	15.039883	18.949170	17.082364	0.559184
1.99	21.41	6.56	6.56	2.89	1.89	15.034240	18.945771	17.077828	0.559190
2.00	21.41	6.55	6.55	2.89	1.89	15.028596	18.942372	17.073292	0.559197
2.00	21.41	6.54	6.54	2.89	1.89	15.022954	18.938973	17.068756	0.559203
2.00	21.41	6.54	6.54	2.89	1.89	15.017312	18.935574	17.064221	0.559209
2.01	21.41	6.53	6.53	2.89	1.89	15.011671	18.932175	17.059685	0.559216
2.01	21.41	6.52	6.52	2.89	1.89	15.006030	18.928775	17.055150	0.559222
2.01	21.41	6.51	6.51	2.89	1.89	15.000390	18.925376	17.050615	0.559228
2.01	21.41	6.51	6.51	2.89	1.89	14.994751	18.921976	17.046081	0.559234
2.02	21.41	6.50	6.50	2.89	1.89	14.989112	18.918576	17.041546	0.559240
2.02	21.41	6.49	6.49	2.89	1.89	14.983473	18.915176	17.037012	0.559247
2.02	21.41	6.48	6.48	2.89	1.89	14.977836	18.911776	17.032478	0.559253
2.02	21.41	6.48	6.48	2.89	1.89	14.972199	18.908376	17.027944	0.559259
2.03	21.41	6.47	6.47	2.89	1.89	14.966563	18.904976	17.023411	0.559265
2.03	21.41	6.46	6.46	2.89	1.89	14.960927	18.901576	17.018877	0.559271
2.03	21.41	6.45	6.45	2.89	1.89	14.955292	18.898175	17.014344	0.559277
2.04	21.41	6.45	6.45	2.89	1.89	14.949657	18.894775	17.009811	0.559284
2.04	21.41	6.44	6.44	2.89	1.89	14.944023	18.891374	17.005279	0.559290
2.04	21.41	6.43	6.43	2.89	1.89	14.938390	18.887974	17.000746	0.559296
2.04	21.41	6.42	6.42	2.89	1.89	14.932757	18.884573	16.996214	0.559302
2.05	21.41	6.42	6.42	2.89	1.89	14.927125	18.881172	16.991682	0.559308
2.05	21.41	6.41	6.41	2.89	1.89	14.921494	18.877771	16.987151	0.559314
2.05	21.41	6.40	6.40	2.89	1.89	14.915863	18.874370	16.982619	0.559320
2.06	21.41	6.39	6.39	2.89	1.89	14.910233	18.870969	16.978088	0.559326
2.06	21.41	6.39	6.39	2.89	1.89	14.904604	18.867567	16.973557	0.559333
2.06	21.41	6.38	6.38	2.89	1.89	14.898975	18.864166	16.969026	0.559339
2.06	21.41	6.37	6.37	2.89	1.90	14.893347	18.860764	16.964496	0.559345
2.07	21.41	6.36	6.36	2.89	1.90	14.887720	18.857363	16.959965	0.559351
2.07	21.41	6.36	6.36	2.89	1.90	14.882093	18.853961	16.955436	0.559357
2.07	21.41	6.35	6.35	2.89	1.90	14.876467	18.850559	16.950906	0.559363
2.08	21.41	6.34	6.34	2.89	1.90	14.870841	18.847158	16.946376	0.559369
2.08	21.41	6.33	6.33	2.89	1.90	14.865216	18.843756	16.941847	0.559375
2.08	21.41	6.33	6.33	2.89	1.90	14.859592	18.840354	16.937318	0.559381
2.08	21.41	6.32	6.32	2.89	1.90	14.853968	18.836952	16.932789	0.559387
2.09	21.41	6.31	6.31	2.89	1.90	14.848346	18.833549	16.928261	0.559393
2.09	21.41	6.30	6.30	2.89	1.90	14.842723	18.830147	16.923733	0.559399
2.09	21.41	6.30	6.30	2.89	1.90	14.837102	18.826745	16.919205	0.559405
2.09	21.41	6.29	6.29	2.89	1.90	14.831481	18.823342	16.914677	0.559411
2.10	21.41	6.28	6.28	2.89	1.90	14.825861	18.819940	16.910150	0.559417
2.10	21.41	6.27	6.27	2.89	1.90	14.820241	18.816537	16.905623	0.559423
2.10	21.41	6.27	6.27	2.89	1.90	14.814622	18.813135	16.901096	0.559429
2.11	21.41	6.26	6.26	2.89	1.90	14.809004	18.809732	16.896569	0.559435
2.11	21.41	6.25	6.25	2.89	1.90	14.803387	18.806329	16.892043	0.559441
2.11	21.41	6.24	6.24	2.89	1.90	14.797770	18.802926	16.887517	0.559447
2.11	21.41	6.24	6.24	2.89	1.90	14.792154	18.799524	16.882991	0.559453
2.12	21.41	6.23	6.23	2.89	1.90	14.786538	18.796121	16.878466	0.559459
2.12	21.41	6.22	6.22	2.89	1.90	14.780923	18.792717	16.873940	0.559464
2.12	21.41	6.21	6.21	2.89	1.90	14.775309	18.789314	16.869415	0.559470
2.12	21.41	6.21	6.21	2.89	1.90	14.769696	18.785911	16.864891	0.559476
2.13	21.41	6.20	6.20	2.89	1.90	14.764083	18.782508	16.860366	0.559482
2.13	21.41	6.19	6.19	2.88	1.90	14.758471	18.779105	16.855842	0.559488
2.13	21.41	6.18	6.18	2.88	1.90	14.752860	18.775701	16.851318	0.559494
2.14	21.41	6.18	6.18	2.88	1.90	14.747249	18.772298	16.846795	0.559500
2.14	21.41	6.17	6.17	2.88	1.90	14.741639	18.768894	16.842272	0.559506
2.14	21.41	6.16	6.16	2.88	1.90	14.736030	18.765491	16.837749	0.559512
2.14	21.41	6.15	6.15	2.88	1.90	14.730421	18.762087	16.833226	0.559517
2.15	21.41	6.15	6.15	2.88	1.90	14.724813	18.758683	16.828704	0.559523
2.15	21.41	6.14	6.14	2.88	1.90	14.719206	18.755280	16.824182	0.559529
2.15	21.41	6.13	6.13	2.88	1.90	14.713600	18.751876	16.819660	0.559535
2.16	21.41	6.12	6.12	2.88	1.90	14.707994	18.748472	16.815138	0.559541
2.16	21.41	6.12	6.12	2.88	1.90	14.702389	18.745068	16.810617	0.559547
2.16	21.41	6.11	6.11	2.88	1.91	14.696785	18.741664	16.806096	0.559552
2.16	21.41	6.10	6.10	2.88	1.91	14.691181	18.738260	16.801576	0.559558
2.17	21.41	6.09	6.09	2.88	1.91	14.685579	18.734856	16.797056	0.559564
2.17	21.41	6.09	6.09	2.88	1.91	14.679976	18.731452	16.792536	0.559570
2.17	21.41	6.08	6.08	2.88	1.91	14.674375	18.728048	16.788016	0.559575
2.17	21.41	6.07	6.07	2.88	1.91	14.668774	18.724644	16.783497	0.559581
2.18	21.41	6.06	6.06	2.88	1.91	14.663174	18.721240	16.778978	0.559587
2.18	21.41	6.06	6.06	2.88	1.91	14.657575	18.717835	16.774459	0.559593
2.18	21.41	6.05	6.05	2.88	1.91	14.651977	18.714431	16.769940	0.559598
2.19	21.41	6.04	6.04	2.88	1.91	14.646379	18.711027	16.765422	0.559604
2.19	21.41	6.03	6.03	2.88	1.91	14.640782	18.707622	16.760904	0.559610
2.19	21.41	6.03	6.03	2.88	1.91	14.635185	18.704218	16.756387	0.559616
2.19	21.41	6.02	6.02	2.88	1.91	14.629590	18.700813	16.751870	0.559621
2.20	21.41	6.01	6.01	2.88	1.91	14.623995	18.697409	16.747353	0.559627
2.20	21.41	6.01	6.01	2.88	1.91	14.618401	18.694004	16.742837	0.559633
2.20	21.41	6.00	6.00	2.88	1.91	14.612808	18.690600	16.738320	0.559638
2.21	21.41	5.99	5.99	2.88	1.91	14.607215	18.687195	16.733805	0.559644
2.21	21.41	5.98	5.98	2.88	1.91	14.601623	18.683791	16.729289	0.559650
2.21	21.41	5.98	5.98	2.88	1.91	14.596032	18.680386	16.724774	0.559655
2.21	21.41	5.97	5.97	2.88	1.91	14.590442	18.676981	16.720259	0.559661
2.22	21.41	5.96	5.96	2.88	1.91	14.584852	18.673577	16.715744	0.559667
2.22	21.41	5.95	5.95	2.88	1.91	14.579263	18.670172	16.711230	0.559672
2.22	21.41	5.95	5.95	2.88	1.91	14.573675	18.666767	16.706716	0.559678
2.23	21.41	5.94	5.94	2.88	1.91	14.568088	18.663362	16.702203	0.559684
2.23	21.41	5.93	5.93	2.88	1.91	14.562501	18.659958	16.697690	0.559689
2.23	21.41	5.92	5.92	2.88	1.91	14.556915	18.656553	16.693177	0.559695
2.23	21.41	5.92	5.92	2.88	1.91	14.551330	18.653148	16.688664	0.559700
2.24	21.41	5.91	5.91	2.88	1.91	14.545746	18.649743	16.684152	0.559706
2.24	21.41	5.90	5.90	2.88	1.91	14.540163	18.646338	16.679640	0.559712
2.24	21.41	5.89	5.89	2.88	1.91	14.534580	18.642933	16.675129	0.559717
2.24	21.41	5.89	5.89	2.88	1.91	14.528998	18.639529	16.670618	0.559723
2.25	21.41	5.88	5.88	2.88	1.91	14.523417	18.636124	16.666107	0.559728
2.25	21.41	5.87	5.87	2.88	1.91	14.517836	18.632719	16.661597	0.559734
2.25	21.41	5.87	5.87	2.88	1.91	14.512256	18.629314	16.657086	0.559739
2.26	21.41	5.86	5.86	2.88	1.91	14.506678	18.625909	16.652577	0.559745
2.26	21.41	5.85	5.85	2.88	1.91	14.501100	18.622504	16.648067	0.559750
2.26	21.41	5.84	5.84	2.88	1.92	14.495522	18.619099	16.643558	0.559756
2.26	21.41	5.84	5.84	2.88	1.92	14.489946	18.615694	16.639050	0.559762
2.27	21.41	5.83	5.83	2.88	1.92	14.484370	18.612289	16.634541	0.559767
2.27	21.41	5.82	5.82	2.88	1.92	14.478795	18.608884	16.630034	0.559773
2.27	21.41	5.81	5.81	2.88	1.92	14.473221	18.605479	16.625526	0.559778
2.27	21.41	5.81	5.81	2.88	1.92	14.467647	18.602074	16.621019	0.559784
2.28	21.41	5.80	5.80	2.88	1.92	14.462075	18.598669	16.616512	0.559789
2.28	21.41	5.79	5.79	2.88	1.92	14.456503	18.595264	16.612005	0.559795
2.28	21.41	5.79	5.79	2.88	1.92	14.450932	18.591859	16.607499	0.559800
2.29	21.41	5.78	5.78	2.88	1.92	14.445362	18.588454	16.602994	0.559805
2.29	21.41	5.77	5.77	2.88	1.92	14.439793	18.585049	16.598488	0.559811
2.29	21.41	5.76	5.76	2.88	1.92	14.434224	18.581644	16.593983	0.559816
2.29	21.41	5.76	5.76	2.88	1.92	14.428656	18.578240	16.589479	0.559822
2.30	21.41	5.75	5.75	2.88	1.92	14.423089	18.574835	16.584975	0.559827
2.30	21.41	5.74	5.74	2.88	1.92	14.417523	18.571430	16.580471	0.559833
2.30	21.41	5.73	5.73	2.88	1.92	14.411958	18.568025	16.575967	0.559838
2.31	21.41	5.73	5.73	2.88	1.92	14.406393	18.564620	16.571464	0.559843
2.31	21.41	5.72	5.72	2.88	1.92	14.400830	18.561215	16.566961	0.559849
2.31	21.41	5.71	5.71	2.88	1.92	14.395267	18.557810	16.562459	0.559854
2.31	21.41	5.71	5.71	2.88	1.92	14.389705	18.554405	16.557957	0.559860
2.32	21.41	5.70	5.70	2.88	1.92	14.384143	18.551000	16.553456	0.559865
2.32	21.41	5.69	5.69	2.88	1.92	14.378583	18.547596	16.548954	0.559870
2.32	21.41	5.68	5.68	2.88	1.92	14.373023	18.544191	16.544454	0.559876
2.33	21.41	5.68	5.68	2.88	1.92	14.367465	18.540786	16.539953	0.559881
2.33	21.41	5.67	5.67	2.88	1.92	14.361907	18.537381	16.535453	0.559886
2.33	21.41	5.66	5.66	2.88	1.92	14.356350	18.533976	16.530954	0.559892
2.33	21.41	5.65	5.65	2.88	1.92	14.350793	18.530572	16.526455	0.559897
2.34	21.41	5.65	5.65	2.88	1.92	14.345238	18.527167	16.521956	0.559902
2.34	21.41	5.64	5.64	2.87	1.92	14.339683	18.523762	16.517457	0.559908
2.34	21.41	5.63	5.63	2.87	1.92	14.334129	18.520358	16.512960	0.559913
2.34	21.41	5.63	5.63	2.87	1.92	14.328576	18.516953	16.508462	0.559918
2.35	21.41	5.62	5.62	2.87	1.92	14.323024	18.513549	16.503965	0.559924
2.35	21.41	5.61	5.61	2.87	1.92	14.317473	18.510144	16.499468	0.559929
2.35	21.41	5.60	5.60	2.87	1.92	14.311923	18.506739	16.494972	0.559934
2.36	21.41	5.60	5.60	2.87	1.92	14.306373	18.503335	16.490476	0.559940
2.36	21.41	5.59	5.59	2.87	1.92	14.300824	18.499931	16.485980	0.559945
2.36	21.41	5.58	5.58	2.87	1.92	14.295277	18.496526	16.481485	0.559950
2.36	21.41	5.58	5.58	2.87	1.93	14.289730	18.493122	16.476990	0.559955
2.37	21.41	5.57	5.57	2.87	1.93	14.284184	18.489717	16.472496	0.559961
2.37	21.41	5.56	5.56	2.87	1.93	14.278638	18.486313	16.468002	0.559966
2.37	21.41	5.55	5.55	2.87	1.93	14.273094	18.482909	16.463509	0.559971
2.38	21.41	5.55	5.55	2.87	1.93	14.267550	18.479505	16.459016	0.559976
2.38	21.41	5.54	5.54	2.87	1.93	14.262008	18.476100	16.454523	0.559982
2.38	21.41	5.53	5.53	2.87	1.93	14.256466	18.472696	16.450031	0.559987
2.38	21.41	5.52	5.52	2.87	1.93	14.250925	18.469292	16.445539	0.559992
2.39	21.41	5.52	5.52	2.87	1.93	14.245385	18.465888	16.441048	0.559997
2.39	21.41	5.51	5.51	2.87	1.93	14.239845	18.462484	16.436557	0.560002
2.39	21.41	5.50	5.50	2.87	1.93	14.234307	18.459080	16.432067	0.560008
2.39	21.41	5.50	5.50	2.87	1.93	14.228770	18.455676	16.427576	0.560013
2.40	21.41	5.49	5.49	2.87	1.93	14.223233	18.452273	16.423087	0.560018
2.40	21.41	5.48	5.48	2.87	1.93	14.217697	18.448869	16.418598	0.560023
2.40	21.41	5.47	5.47	2.87	1.93	14.212162	18.445465	16.414109	0.560028
2.41	21.41	5.47	5.47	2.87	1.93	14.206628	18.442061	16.409621	0.560033
2.41	21.41	5.46	5.46	2.87	1.93	14.201095	18.438658	16.405133	0.560038
2.41	21.41	5.45	5.45	2.87	1.93	14.195563	18.435254	16.400645	0.560044
2.41	21.41	5.45	5.45	2.87	1.93	14.190032	18.431851	16.396158	0.560049
2.42	21.41	5.44	5.44	2.87	1.93	14.184501	18.428447	16.391672	0.560054
2.42	21.41	5.43	5.43	2.87	1.93	14.178972	18.425044	16.387186	0.560059
2.42	21.41	5.42	5.42	2.87	1.93	14.173443	18.421640	16.382700	0.560064
2.42	21.41	5.42	5.42	2.87	1.93	14.167916	18.418237	16.378215	0.560069
2.43	21.41	5.41	5.41	2.87	1.93	14.162389	18.414834	16.373730	0.560074
2.43	21.41	5.40	5.40	2.87	1.93	14.156863	18.411431	16.369246	0.560079
2.43	21.41	5.40	5.40	2.87	1.93	14.151338	18.408028	16.364762	0.560084
2.44	21.41	5.39	5.39	2.87	1.93	14.145814	18.404625	16.360279	0.560090
2.44	21.41	5.38	5.38	2.87	1.93	14.140290	18.401222	16.355796	0.560095
2.44	21.41	5.38	5.38	2.87	1.93	14.134768	18.397819	16.351313	0.560100
2.44	21.41	5.37	5.37	2.87	1.93	14.129247	18.394416	16.346831	0.560105
2.45	21.41	5.36	5.36	2.87	1.93	14.123726	18.391014	16.342350	0.560110
2.45	21.41	5.35	5.35	2.87	1.93	14.118207	18.387611	16.337869	0.560115
2.45	21.41	5.35	5.35	2.87	1.93	14.112688	18.384208	16.333388	0.560120
2.46	21.41	5.34	5.34	2.87	1.93	14.107170	18.380806	16.328908	0.560125
2.46	21.41	5.33	5.33	2.87	1.93	14.101653	18.377403	16.324428	0.560130
2.46	21.41	5.33	5.33	2.87	1.93	14.096137	18.374001	16.319949	0.560135
2.46	21.41	5.32	5.32	2.87	1.93	14.090622	18.370599	16.315470	0.560140
2.47	21.41	5.31	5.31	2.87	1.93	14.085108	18.367197	16.310992	0.560145
2.47	21.41	5.30	5.30	2.87	1.94	14.079595	18.363795	16.306514	0.560150
2.47	21.41	5.30	5.30	2.87	1.94	14.074083	18.360393	16.302037	0.560155
2.48	21.41	5.29	5.29	2.87	1.94	14.068572	18.356991	16.297560	0.560160
2.48	21.41	5.28	5.28	2.87	1.94	14.063061	18.353589	16.293084	0.560165
2.48	21.41	5.28	5.28	2.87	1.94	14.057552	18.350187	16.288608	0.560170
2.48	21.41	5.27	5.27	2.87	1.94	14.052043	18.346785	16.284133	0.560175
2.49	21.41	5.26	5.26	2.87	1.94	14.046536	18.343384	16.279658	0.560180
2.49	21.41	5.25	5.25	2.87	1.94	14.041029	18.339982	16.275183	0.560185
2.49	21.41	5.25	5.25	2.87	1.94	14.035524	18.336581	16.270709	0.560189
2.49	21.41	5.24	5.24	2.87	1.94	14.030019	18.333180	16.266236	0.560194
2.50	21.41	5.23	5.23	2.87	1.94	14.024515	18.329779	16.261763	0.560199
2.50	21.41	5.23	5.23	2.87	1.94	14.019012	18.326377	16.257290	0.560204
2.50	21.41	5.22	5.22	2.87	1.94	14.013510	18.322976	16.252818	0.560209
2.51	21.41	5.21	5.21	2.87	1.94	14.008010	18.319575	16.248347	0.560214
2.51	21.41	5.21	5.21	2.87	1.94	14.002510	18.316175	16.243876	0.560219
2.51	21.41	5.20	5.20	2.87	1.94	13.997011	18.312774	16.239405	0.560224
2.51	21.41	5.19	5.19	2.87	1.94	13.991512	18.309373	16.234935	0.560229
2.52	21.41	5.18	5.18	2.87	1.94	13.986015	18.305973	16.230466	0.560234
2.52	21.41	5.18	5.18	2.87	1.94	13.980519	18.302572	16.225997	0.560238
2.52	21.41	5.17	5.17	2.87	1.94	13.975024	18.299172	16.221528	0.560243
2.52	21.41	5.16	5.16	2.87	1.94	13.969530	18.295772	16.217060	0.560248
2.53	21.41	5.16	5.16	2.87	1.94	13.964037	18.292372	16.212593	0.560253
2.53	21.41	5.15	5.15	2.87	1.94	13.958544	18.288972	16.208126	0.560258
2.53	21.41	5.14	5.14	2.87	1.94	13.953053	18.285572	16.203659	0.560263
2.54	21.41	5.14	5.14	2.87	1.94	13.947563	18.282172	16.199193	0.560267
2.54	21.41	5.13	5.13	2.87	1.94	13.942073	18.278773	16.194728	0.560272
2.54	21.41	5.12	5.12	2.87	1.94	13.936585	18.275373	16.190263	0.560277
2.54	21.41	5.11	5.11	2.87	1.94	13.931097	18.271974	16.185799	0.560282
2.55	21.41	5.11	5.11	2.86	1.94	13.925611	18.268574	16.181335	0.560287
2.55	21.41	5.10	5.10	2.86	1.94	13.920125	18.265175	16.176871	0.560291
2.55	21.41	5.09	5.09	2.86	1.94	13.914641	18.261776	16.172409	0.560296
2.56	21.41	5.09	5.09	2.86	1.94	13.909158	18.258377	16.167946	0.560301
2.56	21.41	5.08	5.08	2.86	1.94	13.903675	18.254978	16.163484	0.560306
2.56	21.41	5.07	5.07	2.86	1.94	13.898193	18.251580	16.159023	0.560311
2.56	21.41	5.07	5.07	2.86	1.94	13.892713	18.248181	16.154562	0.560315
2.57	21.41	5.06	5.06	2.86	1.94	13.887233	18.244783	16.150102	0.560320
2.57	21.41	5.05	5.05	2.86	1.94	13.881755	18.241384	16.145642	0.560325
2.57	21.41	5.04	5.04	2.86	1.94	13.876277	18.237986	16.141183	0.560329
2.58	21.41	5.04	5.04	2.86	1.94	13.870801	18.234588	16.136725	0.560334
2.58	21.41	5.03	5.03	2.86	1.95	13.865325	18.231190	16.132266	0.560339
2.58	21.41	5.02	5.02	2.86	1.95	13.859851	18.227792	16.127809	0.560344
2.58	21.41	5.02	5.02	2.86	1.95	13.854377	18.224395	16.123352	0.560348
2.59	21.41	5.01	5.01	2.86	1.95	13.848905	18.220997	16.118895	0.560353
2.59	21.41	5.00	5.00	2.86	1.95	13.843433	18.217600	16.114439	0.560358
2.59	21.41	5.00	5.00	2.86	1.95	13.837963	18.214202	16.109984	0.560362
2.59	21.41	4.99	4.99	2.86	1.95	13.832493	18.210805	16.105529	0.560367
2.60	21.41	4.98	4.98	2.86	1.95	13.827025	18.207408	16.101075	0.560372
2.60	21.41	4.98	4.98	2.86	1.95	13.821557	18.204011	16.096621	0.560376
2.60	21.41	4.97	4.97	2.86	1.95	13.816091	18.200615	16.092168	0.560381
2.61	21.41	4.96	4.96	2.86	1.95	13.810625	18.197218	16.087715	0.560386
2.61	21.41	4.95	4.95	2.86	1.95	13.805161	18.193821	16.083263	0.560390
2.61	21.41	4.95	4.95	2.86	1.95	13.799697	18.190425	16.078811	0.560395
2.61	21.41	4.94	4.94	2.86	1.95	13.794235	18.187029	16.074360	0.560400
2.62	21.41	4.93	4.93	2.86	1.95	13.788774	18.183633	16.069910	0.560404
2.62	21.41	4.93	4.93	2.86	1.95	13.783313	18.180237	16.065460	0.560409
2.62	21.41	4.92	4.92	2.86	1.95	13.777854	18.176841	16.061011	0.560414
2.62	21.41	4.91	4.91	2.86	1.95	13.772396	18.173446	16.056562	0.560418
2.63	21.41	4.91	4.91	2.86	1.95	13.766938	18.170050	16.052114	0.560423
2.63	21.41	4.90	4.90	2.86	1.95	13.761482	18.166655	16.047666	0.560427
2.63	21.41	4.89	4.89	2.86	1.95	13.756027	18.163260	16.043219	0.560432
2.64	21.41	4.89	4.89	2.86	1.95	13.750573	18.159865	16.038772	0.560436
2.64	21.41	4.88	4.88	2.86	1.95	13.745120	18.156470	16.034326	0.560441
2.64	21.41	4.87	4.87	2.86	1.95	13.739668	18.153076	16.029881	0.560446
2.64	21.41	4.87	4.87	2.86	1.95	13.734217	18.149681	16.025436	0.560450
2.65	21.41	4.86	4.86	2.86	1.95	13.728767	18.146287	16.020992	0.560455
2.65	21.41	4.85	4.85	2.86	1.95	13.723318	18.142893	16.016548	0.560459
2.65	21.41	4.84	4.84	2.86	1.95	13.717870	18.139498	16.012105	0.560464
2.66	21.41	4.84	4.84	2.86	1.95	13.712423	18.136105	16.007662	0.560468
2.66	21.41	4.83	4.83	2.86	1.95	13.706978	18.132711	16.003220	0.560473
2.66	21.41	4.82	4.82	2.86	1.95	13.701533	18.129317	15.998779	0.560477
2.66	21.41	4.82	4.82	2.86	1.95	13.696089	18.125924	15.994338	0.560482
2.67	21.41	4.81	4.81	2.86	1.95	13.690647	18.122531	15.989898	0.560486
2.67	21.41	4.80	4.80	2.86	1.95	13.685205	18.119138	15.985458	0.560491
2.67	21.41	4.80	4.80	2.86	1.95	13.679765	18.115745	15.981019	0.560495
2.67	21.41	4.79	4.79	2.86	1.95	13.674326	18.112352	15.976581	0.560500
2.68	21.41	4.78	4.78	2.86	1.95	13.668887	18.108960	15.972143	0.560504
2.68	21.41	4.78	4.78	2.86	1.95	13.663450	18.105567	15.967706	0.560509
2.68	21.41	4.77	4.77	2.86	1.95	13.658014	18.102175	15.963269	0.560513
2.69	21.41	4.76	4.76	2.86	1.95	13.652579	18.098783	15.958833	0.560518
2.69	21.41	4.76	4.76	2.86	1.96	13.647145	18.095391	15.954398	0.560522
2.69	21.41	4.75	4.75	2.86	1.96	13.641712	18.092000	15.949963	0.560527
2.69	21.41	4.74	4.74	2.86	1.96	13.636280	18.088608	15.945528	0.560531
2.70	21.41	4.74	4.74	2.86	1.96	13.630849	18.085217	15.941095	0.560536
2.70	21.41	4.73	4.73	2.86	1.96	13.625420	18.081826	15.936662	0.560540
2.70	21.41	4.72	4.72	2.86	1.96	13.619991	18.078435	15.932229	0.560544
2.71	21.41	4.72	4.72	2.86	1.96	13.614563	18.075044	15.927797	0.560549
2.71	21.41	4.71	4.71	2.86	1.96	13.609137	18.071654	15.923366	0.560553
2.71	21.41	4.70	4.70	2.86	1.96	13.603712	18.068263	15.918935	0.560558
2.71	21.41	4.69	4.69	2.86	1.96	13.598287	18.064873	15.914505	0.560562
2.72	21.41	4.69	4.69	2.86	1.96	13.592864	18.061483	15.910076	0.560566
2.72	21.41	4.68	4.68	2.86	1.96	13.587442	18.058093	15.905647	0.560571
2.72	21.41	4.67	4.67	2.86	1.96	13.582021	18.054704	15.901219	0.560575
2.73	21.41	4.67	4.67	2.86	1.96	13.576601	18.051314	15.896791	0.560579
2.73	21.41	4.66	4.66	2.86	1.96	13.571183	18.047925	15.892364	0.560584
2.73	21.41	4.65	4.65	2.86	1.96	13.565765	18.044536	15.887938	0.560588
2.73	21.41	4.65	4.65	2.86	1.96	13.560348	18.041147	15.883512	0.560593
2.74	21.41	4.64	4.64	2.86	1.96	13.554933	18.037759	15.879087	0.560597
2.74	21.41	4.63	4.63	2.86	1.96	13.549519	18.034370	15.874663	0.560601
2.74	21.41	4.63	4.63	2.86	1.96	13.544105	18.030982	15.870239	0.560606
2.74	21.41	4.62	4.62	2.86	1.96	13.538693	18.027594	15.865815	0.560610
2.75	21.41	4.61	4.61	2.86	1.96	13.533282	18.024206	15.861393	0.560614
2.75	21.41	4.61	4.61	2.86	1.96	13.527872	18.020818	15.856971	0.560619
2.75	21.41	4.60	4.60	2.86	1.96	13.522464	18.017431	15.852550	0.560623
2.76	21.41	4.59	4.59	2.86	1.96	13.517056	18.014044	15.848129	0.560627
2.76	21.41	4.59	4.59	2.85	1.96	13.511650	18.010657	15.843709	0.560631
2.76	21.41	4.58	4.58	2.85	1.96	13.506244	18.007270	15.839289	0.560636
2.76	21.41	4.57	4.57	2.85	1.96	13.500840	18.003883	15.834870	0.560640
2.77	21.41	4.57	4.57	2.85	1.96	13.495437	18.000497	15.830452	0.560644
2.77	21.41	4.56	4.56	2.85	1.96	13.490035	17.997111	15.826035	0.560649
2.77	21.41	4.55	4.55	2.85	1.96	13.484634	17.993725	15.821618	0.560653
2.77	21.41	4.55	4.55	2.85	1.96	13.479234	17.990339	15.817202	0.560657
2.78	21.41	4.54	4.54	2.85	1.96	13.473835	17.986953	15.812786	0.560661
2.78	21.41	4.53	4.53	2.85	1.96	13.468438	17.983568	15.808371	0.560666
2.78	21.41	4.53	4.53	2.85	1.96	13.463042	17.980183	15.803957	0.560670
2.79	21.41	4.52	4.52	2.85	1.96	13.457646	17.976798	15.799543	0.560674
2.79	21.41	4.51	4.51	2.85	1.96	13.452252	17.973413	15.795130	0.560678
2.79	21.41	4.51	4.51	2.85	1.96	13.446859	17.970029	15.790718	0.560682
2.79	21.41	4.50	4.50	2.85	1.96	13.441468	17.966645	15.786306	0.560687
2.80	21.41	4.49	4.49	2.85	1.96	13.436077	17.963261	15.781895	0.560691
2.80	21.41	4.49	4.49	2.85	1.96	13.430688	17.959877	15.777484	0.560695
2.80	21.41	4.48	4.48	2.85	1.96	13.425299	17.956493	15.773075	0.560699
2.81	21.41	4.47	4.47	2.85	1.97	13.419912	17.953110	15.768666	0.560703
2.81	21.41	4.47	4.47	2.85	1.97	13.414526	17.949727	15.764257	0.560708
2.81	21.41	4.46	4.46	2.85	1.97	13.409141	17.946344	15.759850	0.560712
2.81	21.41	4.45	4.45	2.85	1.97	13.403758	17.942961	15.755442	0.560716
2.82	21.41	4.45	4.45	2.85	1.97	13.398375	17.939579	15.751036	0.560720
2.82	21.41	4.44	4.44	2.85	1.97	13.392994	17.936197	15.746630	0.560724
2.82	21.41	4.43	4.43	2.85	1.97	13.387613	17.932815	15.742225	0.560728
2.83	21.41	4.43	4.43	2.85	1.97	13.382234	17.929433	15.737821	0.560732
2.83	21.41	4.42	4.42	2.85	1.97	13.376857	17.926052	15.733417	0.560737
2.83	21.41	4.41	4.41	2.85	1.97	13.371480	17.922670	15.729014	0.560741
2.83	21.41	4.41	4.41	2.85	1.97	13.366104	17.919289	15.724612	0.560745
2.84	21.41	4.40	4.40	2.85	1.97	13.360730	17.915909	15.720210	0.560749
2.84	21.41	4.39	4.39	2.85	1.97	13.355357	17.912528	15.715809	0.560753
2.84	21.41	4.39	4.39	2.85	1.97	13.349985	17.909148	15.711408	0.560757
2.84	21.41	4.38	4.38	2.85	1.97	13.344614	17.905768	15.707009	0.560761
2.85	21.41	4.37	4.37	2.85	1.97	13.339244	17.902388	15.702610	0.560765
2.85	21.41	4.37	4.37	2.85	1.97	13.333876	17.899008	15.698212	0.560769
2.85	21.41	4.36	4.36	2.85	1.97	13.328509	17.895629	15.693814	0.560774
2.86	21.41	4.35	4.35	2.85	1.97	13.323143	17.892250	15.689417	0.560778
2.86	21.41	4.35	4.35	2.85	1.97	13.317778	17.888871	15.685021	0.560782
2.86	21.41	4.34	4.34	2.85	1.97	13.312414	17.885493	15.680625	0.560786
2.86	21.41	4.33	4.33	2.85	1.97	13.307051	17.882114	15.676230	0.560790
2.87	21.41	4.33	4.33	2.85	1.97	13.301690	17.878736	15.671836	0.560794
2.87	21.41	4.32	4.32	2.85	1.97	13.296330	17.875359	15.667443	0.560798
2.87	21.41	4.31	4.31	2.85	1.97	13.290971	17.871981	15.663050	0.560802
2.88	21.41	4.31	4.31	2.85	1.97	13.285613	17.868604	15.658658	0.560806
2.88	21.41	4.30	4.30	2.85	1.97	13.280257	17.865227	15.654266	0.560810
2.88	21.41	4.29	4.29	2.85	1.97	13.274901	17.861850	15.649876	0.560814
2.88	21.41	4.29	4.29	2.85	1.97	13.269547	17.858473	15.645486	0.560818
2.89	21.41	4.28	4.28	2.85	1.97	13.264194	17.855097	15.641097	0.560822
2.89	21.41	4.28	4.28	2.85	1.97	13.258843	17.851721	15.636708	0.560826
2.89	21.41	4.27	4.27	2.85	1.97	13.253492	17.848345	15.632320	0.560830
2.89	21.41	4.26	4.26	2.85	1.97	13.248143	17.844970	15.627933	0.560834
2.90	21.41	4.26	4.26	2.85	1.97	13.242795	17.841595	15.623547	0.560838
2.90	21.41	4.25	4.25	2.85	1.97	13.237448	17.838220	15.619161	0.560842
2.90	21.41	4.24	4.24	2.85	1.97	13.232103	17.834845	15.614776	0.560846
2.91	21.41	4.24	4.24	2.85	1.97	13.226758	17.831471	15.610392	0.560850
2.91	21.41	4.23	4.23	2.85	1.97	13.221415	17.828097	15.606008	0.560854
2.91	21.41	4.22	4.22	2.85	1.97	13.216073	17.824723	15.601625	0.560858
2.91	21.41	4.22	4.22	2.85	1.97	13.210732	17.821349	15.597243	0.560862
2.92	21.41	4.21	4.21	2.85	1.97	13.205393	17.817976	15.592862	0.560866
2.92	21.41	4.20	4.20	2.85	1.97	13.200055	17.814603	15.588481	0.560869
2.92	21.41	4.20	4.20	2.85	1.97	13.194717	17.811230	15.584101	0.560873
2.92	21.41	4.19	4.19	2.85	1.98	13.189382	17.807858	15.579722	0.560877
2.93	21.41	4.18	4.18	2.85	1.98	13.184047	17.804485	15.575343	0.560881
2.93	21.41	4.18	4.18	2.85	1.98	13.178714	17.801114	15.570965	0.560885
2.93	21.41	4.17	4.17	2.85	1.98	13.173382	17.797742	15.566588	0.560889
2.94	21.41	4.16	4.16	2.85	1.98	13.168051	17.794371	15.562212	0.560893
2.94	21.41	4.16	4.16	2.85	1.98	13.162721	17.790999	15.557836	0.560897
2.94	21.41	4.15	4.15	2.85	1.98	13.157393	17.787629	15.553462	0.560901
2.94	21.41	4.14	4.14	2.85	1.98	13.152066	17.784258	15.549087	0.560905
2.95	21.41	4.14	4.14	2.85	1.98	13.146740	17.780888	15.544714	0.560908
2.95	21.41	4.13	4.13	2.85	1.98	13.141415	17.777518	15.540341	0.560912
2.95	21.41	4.13	4.13	2.85	1.98	13.136092	17.774148	15.535970	0.560916
2.96	21.41	4.12	4.12	2.85	1.98	13.130770	17.770779	15.531598	0.560920
2.96	21.41	4.11	4.11	2.85	1.98	13.125449	17.767410	15.527228	0.560924
2.96	21.41	4.11	4.11	2.85	1.98	13.120129	17.764041	15.522858	0.560928
2.96	21.41	4.10	4.10	2.85	1.98	13.114811	17.760673	15.518489	0.560931
2.97	21.41	4.09	4.09	2.85	1.98	13.109494	17.757305	15.514121	0.560935
2.97	21.41	4.09	4.09	2.85	1.98	13.104178	17.753937	15.509754	0.560939
2.97	21.41	4.08	4.08	2.85	1.98	13.098863	17.750569	15.505387	0.560943
2.98	21.41	4.07	4.07	2.84	1.98	13.093550	17.747202	15.501021	0.560947
2.98	21.41	4.07	4.07	2.84	1.98	13.088238	17.743835	15.496656	0.560951
2.98	21.41	4.06	4.06	2.84	1.98	13.082927	17.740468	15.492292	0.560954
2.98	21.41	4.05	4.05	2.84	1.98	13.077618	17.737102	15.487928	0.560958
2.99	21.41	4.05	4.05	2.84	1.98	13.072310	17.733736	15.483565	0.560962
2.99	21.41	4.04	4.04	2.84	1.98	13.067003	17.730370	15.479203	0.560966
2.99	21.41	4.04	4.04	2.84	1.98	13.061697	17.727004	15.474842	0.560969
2.99	21.41	4.03	4.03	2.84	1.98	13.056393	17.723639	15.470481	0.560973
3.00	21.41	4.02	4.02	2.84	1.98	13.051090	17.720274	15.466121	0.560977
3.00	21.41	4.02	4.02	2.84	1.98	13.045788	17.716910	15.461762	0.560981
3.00	21.41	4.01	4.01	2.84	1.98	13.040487	17.713546	15.457404	0.560984
3.01	21.41	4.00	4.00	2.84	1.98	13.035188	17.710182	15.453046	0.560988
3.01	21.41	4.00	4.00	2.84	1.98	13.029890	17.706818	15.448690	0.560992
3.01	21.41	3.99	3.99	2.84	1.98	13.024593	17.703455	15.444334	0.560996
3.01	21.41	3.98	3.98	2.84	1.98	13.019298	17.700092	15.439978	0.560999
3.02	21.41	3.98	3.98	2.84	1.98	13.014004	17.696729	15.435624	0.561003
3.02	21.41	3.97	3.97	2.84	1.98	13.008711	17.693367	15.431270	0.561007
3.02	21.41	3.96	3.96	2.84	1.98	13.003420	17.690005	15.426917	0.561011
3.02	21.41	3.96	3.96	2.84	1.98	12.998130	17.686643	15.422565	0.561014
3.03	21.41	3.95	3.95	2.84	1.98	12.992841	17.683282	15.418214	0.561018
3.03	21.41	3.95	3.95	2.84	1.98	12.987553	17.679921	15.413863	0.561022
3.03	21.41	3.94	3.94	2.84	1.98	12.982267	17.676560	15.409514	0.561025
3.04	21.41	3.93	3.93	2.84	1.98	12.976982	17.673199	15.405165	0.561029
3.04	21.41	3.93	3.93	2.84	1.98	12.971698	17.669839	15.400817	0.561033
3.04	21.41	3.92	3.92	2.84	1.98	12.966416	17.666480	15.396469	0.561036
3.04	21.41	3.91	3.91	2.84	1.98	12.961135	17.663120	15.392123	0.561040
3.05	21.41	3.91	3.91	2.84	1.99	12.955855	17.659761	15.387777	0.561044
3.05	21.41	3.90	3.90	2.84	1.99	12.950577	17.656402	15.383432	0.561047
3.05	21.41	3.90	3.90	2.84	1.99	12.945300	17.653044	15.379087	0.561051
3.06	21.41	3.89	3.89	2.84	1.99	12.940024	17.649686	15.374744	0.561055
3.06	21.41	3.88	3.88	2.84	1.99	12.934749	17.646328	15.370401	0.561058
3.06	21.41	3.88	3.88	2.84	1.99	12.929476	17.642971	15.366060	0.561062
3.06	21.41	3.87	3.87	2.84	1.99	12.924204	17.639613	15.361719	0.561065
3.07	21.41	3.86	3.86	2.84	1.99	12.918934	17.636257	15.357378	0.561069
3.07	21.41	3.86	3.86	2.84	1.99	12.913665	17.632900	15.353039	0.561073
3.07	21.41	3.85	3.85	2.84	1.99	12.908397	17.629544	15.348700	0.561076
3.08	21.41	3.84	3.84	2.84	1.99	12.903131	17.626188	15.344363	0.561080
3.08	21.41	3.84	3.84	2.84	1.99	12.897865	17.622833	15.340026	0.561083
3.08	21.41	3.83	3.83	2.84	1.99	12.892602	17.619478	15.335689	0.561087
3.08	21.41	3.83	3.83	2.84	1.99	12.887339	17.616123	15.331354	0.561091
3.09	21.41	3.82	3.82	2.84	1.99	12.882078	17.612769	15.327020	0.561094
3.09	21.41	3.81	3.81	2.84	1.99	12.876818	17.609415	15.322686	0.561098
3.09	21.41	3.81	3.81	2.84	1.99	12.871560	17.606061	15.318353	0.561101
3.09	21.41	3.80	3.80	2.84	1.99	12.866303	17.602708	15.314021	0.561105
3.10	21.41	3.79	3.79	2.84	1.99	12.861047	17.599355	15.309690	0.561108
3.10	21.41	3.79	3.79	2.84	1.99	12.855792	17.596002	15.305359	0.561112
3.10	21.41	3.78	3.78	2.84	1.99	12.850539	17.592650	15.301029	0.561115
3.11	21.41	3.78	3.78	2.84	1.99	12.845288	17.589298	15.296701	0.561119
3.11	21.41	3.77	3.77	2.84	1.99	12.840037	17.585946	15.292373	0.561122
3.11	21.41	3.76	3.76	2.84	1.99	12.834788	17.582595	15.288045	0.561126
3.11	21.41	3.76	3.76	2.84	1.99	12.829541	17.579244	15.283719	0.561129
3.12	21.41	3.75	3.75	2.84	1.99	12.824294	17.575894	15.279394	0.561133
3.12	21.41	3.74	3.74	2.84	1.99	12.819049	17.572544	15.275069	0.561136
3.12	21.41	3.74	3.74	2.84	1.99	12.813806	17.569194	15.270745	0.561140
3.12	21.41	3.73	3.73	2.84	1.99	12.808564	17.565845	15.266422	0.561143
3.13	21.41	3.73	3.73	2.84	1.99	12.803323	17.562496	15.262100	0.561147
3.13	21.41	3.72	3.72	2.84	1.99	12.798083	17.559147	15.257779	0.561150
3.13	21.41	3.71	3.71	2.84	1.99	12.792845	17.555799	15.253458	0.561154
3.14	21.41	3.71	3.71	2.84	1.99	12.787609	17.552451	15.249139	0.561157
3.14	21.41	3.70	3.70	2.84	1.99	12.782373	17.549103	15.244820	0.561161
3.14	21.41	3.69	3.69	2.84	1.99	12.777139	17.545756	15.240502	0.561164
3.14	21.41	3.69	3.69	2.84	1.99	12.771907	17.542409	15.236185	0.561168
3.15	21.41	3.68	3.68	2.84	1.99	12.766676	17.539063	15.231868	0.561171
3.15	21.41	3.68	3.68	2.84	1.99	12.761446	17.535716	15.227553	0.561175
3.15	21.41	3.67	3.67	2.84	1.99	12.756217	17.532371	15.223238	0.561178
3.16	21.41	3.66	3.66	2.84	1.99	12.750990	17.529025	15.218925	0.561181
3.16	21.41	3.66	3.66	2.84	1.99	12.745765	17.525680	15.214612	0.561185
3.16	21.41	3.65	3.65	2.84	1.99	12.740540	17.522336	15.210300	0.561188
3.16	21.41	3.65	3.65	2.84	1.99	12.735317	17.518992	15.205989	0.561192
3.17	21.41	3.64	3.64	2.84	1.99	12.730096	17.515648	15.201678	0.561195
3.17	21.41	3.63	3.63	2.84	1.99	12.724876	17.512304	15.197369	0.561198
3.17	21.41	3.63	3.63	2.84	1.99	12.719657	17.508961	15.193060	0.561202
3.17	21.41	3.62	3.62	2.84	1.99	12.714440	17.505619	15.188753	0.561205
3.18	21.41	3.61	3.61	2.84	2.00	12.709224	17.502276	15.184446	0.561209
3.18	21.41	3.61	3.61	2.84	2.00	12.704009	17.498934	15.180140	0.561212
3.18	21.41	3.60	3.60	2.84	2.00	12.698796	17.495593	15.175835	0.561215
3.19	21.41	3.60	3.60	2.84	2.00	12.693585	17.492252	15.171530	0.561219
3.19	21.41	3.59	3.59	2.84	2.00	12.688374	17.488911	15.167227	0.561222
3.19	21.41	3.58	3.58	2.83	2.00	12.683165	17.485571	15.162924	0.561225
3.19	21.41	3.58	3.58	2.83	2.00	12.677958	17.482231	15.158623	0.561229
3.20	21.41	3.57	3.57	2.83	2.00	12.672752	17.478891	15.154322	0.561232
3.20	21.41	3.57	3.57	2.83	2.00	12.667547	17.475552	15.150022	0.561235
3.20	21.41	3.56	3.56	2.83	2.00	12.662344	17.472213	15.145723	0.561239
3.21	21.41	3.55	3.55	2.83	2.00	12.657142	17.468875	15.141425	0.561242
3.21	21.41	3.55	3.55	2.83	2.00	12.651942	17.465537	15.137128	0.561245
3.21	21.41	3.54	3.54	2.83	2.00	12.646743	17.462199	15.132831	0.561249
3.21	21.41	3.53	3.53	2.83	2.00	12.641545	17.458862	15.128536	0.561252
3.22	21.41	3.53	3.53	2.83	2.00	12.636349	17.455525	15.124241	0.561255
3.22	21.41	3.52	3.52	2.83	2.00	12.631154	17.452189	15.119948	0.561259
3.22	21.41	3.52	3.52	2.83	2.00	12.625961	17.448853	15.115655	0.561262
3.23	21.41	3.51	3.51	2.83	2.00	12.620769	17.445517	15.111363	0.561265
3.23	21.41	3.50	3.50	2.83	2.00	12.615579	17.442182	15.107072	0.561268
3.23	21.41	3.50	3.50	2.83	2.00	12.610390	17.438847	15.102782	0.561272
3.23	21.41	3.49	3.49	2.83	2.00	12.605202	17.435513	15.098492	0.561275
3.24	21.41	3.49	3.49	2.83	2.00	12.600016	17.432179	15.094204	0.561278
3.24	21.41	3.48	3.48	2.83	2.00	12.594831	17.428845	15.089916	0.561281
3.24	21.41	3.47	3.47	2.83	2.00	12.589648	17.425512	15.085630	0.561285
3.24	21.41	3.47	3.47	2.83	2.00	12.584466	17.422179	15.081344	0.561288
3.25	21.41	3.46	3.46	2.83	2.00	12.579286	17.418847	15.077059	0.561291
3.25	21.41	3.46	3.46	2.83	2.00	12.574107	17.415515	15.072775	0.561294
3.25	21.41	3.45	3.45	2.83	2.00	12.568930	17.412184	15.068492	0.561298
3.26	21.41	3.44	3.44	2.83	2.00	12.563754	17.408853	15.064210	0.561301
3.26	21.41	3.44	3.44	2.83	2.00	12.558579	17.405522	15.059929	0.561304
3.26	21.41	3.43	3.43	2.83	2.00	12.553406	17.402192	15.055649	0.561307
3.26	21.41	3.43	3.43	2.83	2.00	12.548235	17.398862	15.051370	0.561310
3.27	21.41	3.42	3.42	2.83	2.00	12.543064	17.395533	15.047091	0.561314
3.27	21.41	3.41	3.41	2.83	2.00	12.537896	17.392204	15.042814	0.561317
3.27	21.41	3.41	3.41	2.83	2.00	12.532728	17.388875	15.038537	0.561320
3.27	21.41	3.40	3.40	2.83	2.00	12.527563	17.385547	15.034261	0.561323
3.28	21.41	3.40	3.40	2.83	2.00	12.522398	17.382219	15.029987	0.561326
3.28	21.41	3.39	3.39	2.83	2.00	12.517235	17.378892	15.025713	0.561330
3.28	21.41	3.38	3.38	2.83	2.00	12.512074	17.375565	15.021440	0.561333
3.29	21.41	3.38	3.38	2.83	2.00	12.506914	17.372239	15.017168	0.561336
3.29	21.41	3.37	3.37	2.83	2.00	12.501756	17.368913	15.012897	0.561339
3.29	21.41	3.37	3.37	2.83	2.00	12.496599	17.365588	15.008626	0.561342
3.29	21.41	3.36	3.36	2.83	2.00	12.491443	17.362262	15.004357	0.561345
3.30	21.41	3.35	3.35	2.83	2.00	12.486289	17.358938	15.000089	0.561348
3.30	21.41	3.35	3.35	2.83	2.00	12.481136	17.355614	14.995821	0.561352
3.30	21.41	3.34	3.34	2.83	2.00	12.475985	17.352290	14.991555	0.561355
3.31	21.41	3.34	3.34	2.83	2.00	12.470836	17.348966	14.987289	0.561358
3.31	21.41	3.33	3.33	2.83	2.00	12.465688	17.345644	14.983025	0.561361
3.31	21.41	3.32	3.32	2.83	2.01	12.460541	17.342321	14.978761	0.561364
3.31	21.41	3.32	3.32	2.83	2.01	12.455396	17.338999	14.974498	0.561367
3.32	21.41	3.31	3.31	2.83	2.01	12.450252	17.335678	14.970237	0.561370
3.32	21.41	3.31	3.31	2.83	2.01	12.445110	17.332356	14.965976	0.561373
3.32	21.41	3.30	3.30	2.83	2.01	12.439969	17.329036	14.961716	0.561376
3.33	21.41	3.29	3.29	2.83	2.01	12.434830	17.325715	14.957457	0.561380
3.33	21.41	3.29	3.29	2.83	2.01	12.429693	17.322396	14.953199	0.561383
3.33	21.41	3.28	3.28	2.83	2.01	12.424556	17.319076	14.948942	0.561386
3.33	21.41	3.28	3.28	2.83	2.01	12.419422	17.315757	14.944686	0.561389
3.34	21.41	3.27	3.27	2.83	2.01	12.414289	17.312439	14.940431	0.561392
3.34	21.41	3.26	3.26	2.83	2.01	12.409157	17.309121	14.936176	0.561395
3.34	21.41	3.26	3.26	2.83	2.01	12.404027	17.305803	14.931923	0.561398
3.34	21.41	3.25	3.25	2.83	2.01	12.398898	17.302486	14.927671	0.561401
3.35	21.41	3.25	3.25	2.83	2.01	12.393771	17.299170	14.923419	0.561404
3.35	21.41	3.24	3.24	2.83	2.01	12.388645	17.295854	14.919169	0.561407
3.35	21.41	3.23	3.23	2.83	2.01	12.383521	17.292538	14.914919	0.561410
3.36	21.41	3.23	3.23	2.83	2.01	12.378399	17.289223	14.910671	0.561413
3.36	21.41	3.22	3.22	2.83	2.01	12.373277	17.285908	14.906423	0.561416
3.36	21.41	3.22	3.22	2.83	2.01	12.368158	17.282593	14.902177	0.561419
3.36	21.41	3.21	3.21	2.83	2.01	12.363040	17.279280	14.897931	0.561422
3.37	21.41	3.20	3.20	2.83	2.01	12.357923	17.275966	14.893686	0.561425
3.37	21.41	3.20	3.20	2.83	2.01	12.352808	17.272653	14.889443	0.561428
3.37	21.41	3.19	3.19	2.83	2.01	12.347695	17.269341	14.885200	0.561431
3.38	21.41	3.19	3.19	2.83	2.01	12.342583	17.266029	14.880958	0.561434
3.38	21.41	3.18	3.18	2.83	2.01	12.337472	17.262717	14.876718	0.561437
3.38	21.41	3.18	3.18	2.83	2.01	12.332363	17.259406	14.872478	0.561440
3.38	21.41	3.17	3.17	2.83	2.01	12.327256	17.256096	14.868239	0.561443
3.39	21.41	3.16	3.16	2.83	2.01	12.322150	17.252786	14.864001	0.561446
3.39	21.41	3.16	3.16	2.83	2.01	12.317046	17.249476	14.859764	0.561449
3.39	21.41	3.15	3.15	2.83	2.01	12.311943	17.246167	14.855528	0.561452
3.39	21.41	3.15	3.15	2.83	2.01	12.306842	17.242858	14.851293	0.561455
3.40	21.41	3.14	3.14	2.83	2.01	12.301742	17.239550	14.847059	0.561458
3.40	21.41	3.13	3.13	2.83	2.01	12.296644	17.236242	14.842826	0.561461
3.40	21.41	3.13	3.13	2.83	2.01	12.291547	17.232935	14.838594	0.561464
3.41	21.41	3.12	3.12	2.83	2.01	12.286452	17.229628	14.834363	0.561467
3.41	21.41	3.12	3.12	2.83	2.01	12.281359	17.226322	14.830133	0.561469
3.41	21.41	3.11	3.11	2.83	2.01	12.276267	17.223016	14.825904	0.561472
3.41	21.41	3.11	3.11	2.82	2.01	12.271176	17.219711	14.821676	0.561475
3.42	21.41	3.10	3.10	2.82	2.01	12.266088	17.216406	14.817449	0.561478
3.42	21.41	3.09	3.09	2.82	2.01	12.261000	17.213101	14.813223	0.561481
3.42	21.41	3.09	3.09	2.82	2.01	12.255915	17.209797	14.808998	0.561484
3.42	21.41	3.08	3.08	2.82	2.01	12.250830	17.206494	14.804774	0.561487
3.43	21.41	3.08	3.08	2.82	2.01	12.245748	17.203191	14.800551	0.561490
3.43	21.41	3.07	3.07	2.82	2.01	12.240667	17.199889	14.796329	0.561493
3.43	21.41	3.06	3.06	2.82	2.01	12.235587	17.196587	14.792108	0.561495
3.44	21.41	3.06	3.06	2.82	2.01	12.230509	17.193285	14.787888	0.561498
3.44	21.41	3.05	3.05	2.82	2.01	12.225433	17.189984	14.783669	0.561501
3.44	21.41	3.05	3.05	2.82	2.01	12.220358	17.186684	14.779451	0.561504
3.44	21.41	3.04	3.04	2.82	2.01	12.215285	17.183384	14.775234	0.561507
3.45	21.41	3.04	3.04	2.82	2.01	12.210213	17.180085	14.771018	0.561510
3.45	21.41	3.03	3.03	2.82	2.02	12.205143	17.176786	14.766803	0.561513
3.45	21.41	3.02	3.02	2.82	2.02	12.200075	17.173487	14.762589	0.561515
3.46	21.41	3.02	3.02	2.82	2.02	12.195008	17.170189	14.758376	0.561518
3.46	21.41	3.01	3.01	2.82	2.02	12.189942	17.166892	14.754164	0.561521
3.46	21.41	3.01	3.01	2.82	2.02	12.184879	17.163595	14.749953	0.561524
3.46	21.41	3.00	3.00	2.82	2.02	12.179816	17.160299	14.745743	0.561527
3.47	21.41	3.00	3.00	2.82	2.02	12.174756	17.157003	14.741534	0.561530
3.47	21.41	2.99	2.99	2.82	2.02	12.169697	17.153707	14.737326	0.561532
3.47	21.41	2.98	2.98	2.82	2.02	12.164639	17.150412	14.733119	0.561535
3.48	21.41	2.98	2.98	2.82	2.02	12.159583	17.147118	14.728913	0.561538
3.48	21.41	2.97	2.97	2.82	2.02	12.154529	17.143824	14.724708	0.561541
3.48	21.41	2.97	2.97	2.82	2.02	12.149477	17.140531	14.720504	0.561543
3.48	21.41	2.96	2.96	2.82	2.02	12.144425	17.137238	14.716301	0.561546
3.49	21.41	2.96	2.96	2.82	2.02	12.139376	17.133945	14.712100	0.561549
3.49	21.41	2.95	2.95	2.82	2.02	12.134328	17.130654	14.707899	0.561552
3.49	21.41	2.94	2.94	2.82	2.02	12.129282	17.127362	14.703699	0.561555
3.49	21.41	2.94	2.94	2.82	2.02	12.124237	17.124071	14.699500	0.561557
3.50	21.41	2.93	2.93	2.82	2.02	12.119194	17.120781	14.695303	0.561560
3.50	21.41	2.93	2.93	2.82	2.02	12.114153	17.117491	14.691106	0.561563
3.50	21.41	2.92	2.92	2.82	2.02	12.109113	17.114202	14.686910	0.561566
3.51	21.41	2.92	2.92	2.82	2.02	12.104075	17.110913	14.682716	0.561568
3.51	21.41	2.91	2.91	2.82	2.02	12.099038	17.107625	14.678522	0.561571
3.51	21.41	2.90	2.90	2.82	2.02	12.094003	17.104338	14.674330	0.561574
3.51	21.41	2.90	2.90	2.82	2.02	12.088970	17.101050	14.670138	0.561576
3.52	21.41	2.89	2.89	2.82	2.02	12.083938	17.097764	14.665948	0.561579
3.52	21.41	2.89	2.89	2.82	2.02	12.078908	17.094478	14.661759	0.561582
3.52	21.41	2.88	2.88	2.82	2.02	12.073879	17.091192	14.657570	0.561585
3.52	21.41	2.88	2.88	2.82	2.02	12.068852	17.087907	14.653383	0.561587
3.53	21.41	2.87	2.87	2.82	2.02	12.063827	17.084623	14.649197	0.561590
3.53	21.41	2.86	2.86	2.82	2.02	12.058803	17.081339	14.645012	0.561593
3.53	21.41	2.86	2.86	2.82	2.02	12.053781	17.078055	14.640828	0.561595
3.54	21.41	2.85	2.85	2.82	2.02	12.048761	17.074772	14.636645	0.561598
3.54	21.41	2.85	2.85	2.82	2.02	12.043742	17.071490	14.632463	0.561601
3.54	21.41	2.84	2.84	2.82	2.02	12.038725	17.068208	14.628282	0.561603
3.54	21.41	2.84	2.84	2.82	2.02	12.033709	17.064927	14.624102	0.561606
3.55	21.41	2.83	2.83	2.82	2.02	12.028695	17.061646	14.619923	0.561609
3.55	21.41	2.82	2.82	2.82	2.02	12.023683	17.058366	14.615745	0.561611
3.55	21.41	2.82	2.82	2.82	2.02	12.018673	17.055086	14.611569	0.561614
3.56	21.41	2.81	2.81	2.82	2.02	12.013664	17.051807	14.607393	0.561617
3.56	21.41	2.81	2.81	2.82	2.02	12.008656	17.048529	14.603218	0.561619
3.56	21.41	2.80	2.80	2.82	2.02	12.003651	17.045251	14.599045	0.561622
3.56	21.41	2.80	2.80	2.82	2.02	11.998647	17.041973	14.594872	0.561624
3.57	21.41	2.79	2.79	2.82	2.02	11.993644	17.038696	14.590701	0.561627
3.57	21.41	2.79	2.79	2.82	2.02	11.988643	17.035420	14.586531	0.561630
3.57	21.41	2.78	2.78	2.82	2.02	11.983644	17.032144	14.582362	0.561632
3.58	21.41	2.77	2.77	2.82	2.02	11.978647	17.028869	14.578193	0.561635
3.58	21.41	2.77	2.77	2.82	2.02	11.973651	17.025594	14.574026	0.561637
3.58	21.41	2.76	2.76	2.82	2.02	11.968657	17.022320	14.569860	0.561640
3.58	21.41	2.76	2.76	2.82	2.02	11.963664	17.019046	14.565695	0.561643
3.59	21.41	2.75	2.75	2.82	2.02	11.958674	17.015773	14.561532	0.561645
3.59	21.41	2.75	2.75	2.82	2.02	11.953685	17.012500	14.557369	0.561648
3.59	21.41	2.74	2.74	2.82	2.02	11.948697	17.009228	14.553207	0.561650
3.59	21.41	2.74	2.74	2.82	2.03	11.943711	17.005957	14.549047	0.561653
3.60	21.41	2.73	2.73	2.82	2.03	11.938727	17.002686	14.544887	0.561656
3.60	21.41	2.72	2.72	2.82	2.03	11.933745	16.999416	14.540729	0.561658
3.60	21.41	2.72	2.72	2.82	2.03	11.928764	16.996146	14.536571	0.561661
3.61	21.41	2.71	2.71	2.82	2.03	11.923785	16.992877	14.532415	0.561663
3.61	21.41	2.71	2.71	2.82	2.03	11.918807	16.989608	14.528260	0.561666
3.61	21.41	2.70	2.70	2.82	2.03	11.913831	16.986340	14.524106	0.561668
3.61	21.41	2.70	2.70	2.82	2.03	11.908857	16.983073	14.519953	0.561671
3.62	21.41	2.69	2.69	2.82	2.03	11.903885	16.979806	14.515801	0.561673
3.62	21.41	2.69	2.69	2.82	2.03	11.898914	16.976540	14.511651	0.561676
3.62	21.41	2.68	2.68	2.82	2.03	11.893945	16.973274	14.507501	0.561678
3.62	21.41	2.67	2.67	2.82	2.03	11.888978	16.970009	14.503352	0.561681
3.63	21.41	2.67	2.67	2.82	2.03	11.884012	16.966744	14.499205	0.561683
3.63	21.41	2.66	2.66	2.82	2.03	11.879048	16.963480	14.495059	0.561686
3.63	21.41	2.66	2.66	2.82	2.03	11.874086	16.960217	14.490913	0.561688
3.64	21.41	2.65	2.65	2.82	2.03	11.869125	16.956954	14.486769	0.561691
3.64	21.41	2.65	2.65	2.82	2.03	11.864166	16.953691	14.482626	0.561693
3.64	21.41	2.64	2.64	2.81	2.03	11.859209	16.950430	14.478484	0.561696
3.64	21.41	2.64	2.64	2.81	2.03	11.854253	16.947169	14.474343	0.561698
3.65	21.41	2.63	2.63	2.81	2.03	11.849299	16.943908	14.470204	0.561701
3.65	21.41	2.63	2.63	2.81	2.03	11.844347	16.940648	14.466065	0.561703
3.65	21.41	2.62	2.62	2.81	2.03	11.839397	16.937389	14.461928	0.561706
3.66	21.41	2.61	2.61	2.81	2.03	11.834448	16.934130	14.457791	0.561708
3.66	21.41	2.61	2.61	2.81	2.03	11.829501	16.930872	14.453656	0.561711
3.66	21.41	2.60	2.60	2.81	2.03	11.824555	16.927614	14.449522	0.561713
3.66	21.41	2.60	2.60	2.81	2.03	11.819612	16.924357	14.445389	0.561715
3.67	21.41	2.59	2.59	2.81	2.03	11.814670	16.921100	14.441257	0.561718
3.67	21.41	2.59	2.59	2.81	2.03	11.809730	16.917845	14.437126	0.561720
3.67	21.41	2.58	2.58	2.81	2.03	11.804791	16.914589	14.432997	0.561723
3.67	21.41	2.58	2.58	2.81	2.03	11.799854	16.911335	14.428868	0.561725
3.68	21.41	2.57	2.57	2.81	2.03	11.794919	16.908080	14.424741	0.561728
3.68	21.41	2.57	2.57	2.81	2.03	11.789986	16.904827	14.420615	0.561730
3.68	21.41	2.56	2.56	2.81	2.03	11.785054	16.901574	14.416489	0.561732
3.69	21.41	2.55	2.55	2.81	2.03	11.780124	16.898322	14.412365	0.561735
3.69	21.41	2.55	2.55	2.81	2.03	11.775196	16.895070	14.408243	0.561737
3.69	21.41	2.54	2.54	2.81	2.03	11.770270	16.891819	14.404121	0.561740
3.69	21.41	2.54	2.54	2.81	2.03	11.765345	16.888568	14.400000	0.561742
3.70	21.41	2.53	2.53	2.81	2.03	11.760422	16.885318	14.395881	0.561744
3.70	21.41	2.53	2.53	2.81	2.03	11.755501	16.882069	14.391763	0.561747
3.70	21.41	2.52	2.52	2.81	2.03	11.750581	16.878820	14.387645	0.561749
3.71	21.41	2.52	2.52	2.81	2.03	11.745663	16.875572	14.383529	0.561751
3.71	21.41	2.51	2.51	2.81	2.03	11.740747	16.872325	14.379415	0.561754
3.71	21.41	2.51	2.51	2.81	2.03	11.735833	16.869078	14.375301	0.561756
3.71	21.41	2.50	2.50	2.81	2.03	11.730920	16.865832	14.371188	0.561759
3.72	21.41	2.50	2.50	2.81	2.03	11.726009	16.862586	14.367077	0.561761
3.72	21.41	2.49	2.49	2.81	2.03	11.721100	16.859341	14.362966	0.561763
3.72	21.41	2.48	2.48	2.81	2.03	11.716193	16.856096	14.358857	0.561766
3.73	21.41	2.48	2.48	2.81	2.03	11.711287	16.852852	14.354749	0.561768
3.73	21.41	2.47	2.47	2.81	2.03	11.706383	16.849609	14.350643	0.561770
3.73	21.41	2.47	2.47	2.81	2.03	11.701481	16.846367	14.346537	0.561773
3.73	21.41	2.46	2.46	2.81	2.03	11.696581	16.843125	14.342432	0.561775
3.74	21.41	2.46	2.46	2.81	2.03	11.691682	16.839883	14.338329	0.561777
3.74	21.41	2.45	2.45	2.81	2.03	11.686785	16.836642	14.334227	0.561779
3.74	21.41	2.45	2.45	2.81	2.03	11.681890	16.833402	14.330126	0.561782
3.74	21.41	2.44	2.44	2.81	2.03	11.676997	16.830163	14.326026	0.561784
3.75	21.41	2.44	2.44	2.81	2.04	11.672105	16.826924	14.321927	0.561786
3.75	21.41	2.43	2.43	2.81	2.04	11.667216	16.823686	14.317830	0.561789
3.75	21.41	2.43	2.43	2.81	2.04	11.662327	16.820448	14.313733	0.561791
3.76	21.41	2.42	2.42	2.81	2.04	11.657441	16.817211	14.309638	0.561793
3.76	21.41	2.42	2.42	2.81	2.04	11.652557	16.813975	14.305544	0.561795
3.76	21.41	2.41	2.41	2.81	2.04	11.647674	16.810739	14.301451	0.561798
3.76	21.41	2.40	2.40	2.81	2.04	11.642793	16.807504	14.297359	0.561800
3.77	21.41	2.40	2.40	2.81	2.04	11.637914	16.804269	14.293269	0.561802
3.77	21.41	2.39	2.39	2.81	2.04	11.633036	16.801035	14.289180	0.561805
3.77	21.41	2.39	2.39	2.81	2.04	11.628160	16.797802	14.285091	0.561807
3.77	21.41	2.38	2.38	2.81	2.04	11.623286	16.794569	14.281004	0.561809
3.78	21.41	2.38	2.38	2.81	2.04	11.618414	16.791337	14.276919	0.561811
3.78	21.41	2.37	2.37	2.81	2.04	11.613544	16.788106	14.272834	0.561813
3.78	21.41	2.37	2.37	2.81	2.04	11.608675	16.784875	14.268750	0.561816
3.79	21.41	2.36	2.36	2.81	2.04	11.603809	16.781645	14.264668	0.561818
3.79	21.41	2.36	2.36	2.81	2.04	11.598944	16.778416	14.260587	0.561820
3.79	21.41	2.35	2.35	2.81	2.04	11.594080	16.775187	14.256507	0.561822
3.79	21.41	2.35	2.35	2.81	2.04	11.589219	16.771959	14.252429	0.561825
3.80	21.41	2.34	2.34	2.81	2.04	11.584359	16.768731	14.248351	0.561827
3.80	21.41	2.34	2.34	2.81	2.04	11.579501	16.765504	14.244275	0.561829
3.80	21.41	2.33	2.33	2.81	2.04	11.574645	16.762278	14.240200	0.561831
3.81	21.41	2.33	2.33	2.81	2.04	11.569791	16.759053	14.236126	0.561833
3.81	21.41	2.32	2.32	2.81	2.04	11.564939	16.755828	14.232053	0.561836
3.81	21.41	2.32	2.32	2.81	2.04	11.560088	16.752603	14.227981	0.561838
3.81	21.41	2.31	2.31	2.81	2.04	11.555239	16.749380	14.223911	0.561840
3.82	21.41	2.31	2.31	2.81	2.04	11.550392	16.746157	14.219842	0.561842
3.82	21.41	2.30	2.30	2.81	2.04	11.545547	16.742934	14.215774	0.561844
3.82	21.41	2.29	2.29	2.81	2.04	11.540703	16.739713	14.211707	0.561846
3.83	21.41	2.29	2.29	2.81	2.04	11.535862	16.736492	14.207641	0.561849
3.83	21.41	2.28	2.28	2.81	2.04	11.531022	16.733271	14.203577	0.561851
3.83	21.41	2.28	2.28	2.81	2.04	11.526184	16.730052	14.199514	0.561853
3.83	21.41	2.27	2.27	2.81	2.04	11.521347	16.726832	14.195452	0.561855
3.84	21.41	2.27	2.27	2.81	2.04	11.516513	16.723614	14.191391	0.561857
3.84	21.41	2.26	2.26	2.81	2.04	11.511680	16.720396	14.187332	0.561859
3.84	21.41	2.26	2.26	2.81	2.04	11.506850	16.717179	14.183274	0.561861
3.84	21.41	2.25	2.25	2.81	2.04	11.502021	16.713963	14.179216	0.561863
3.85	21.41	2.25	2.25	2.81	2.04	11.497194	16.710747	14.175161	0.561866
3.85	21.41	2.24	2.24	2.81	2.04	11.492368	16.707532	14.171106	0.561868
3.85	21.41	2.24	2.24	2.81	2.04	11.487545	16.704317	14.167052	0.561870
3.86	21.41	2.23	2.23	2.81	2.04	11.482723	16.701104	14.163000	0.561872
3.86	21.41	2.23	2.23	2.81	2.04	11.477903	16.697891	14.158949	0.561874
3.86	21.41	2.22	2.22	2.81	2.04	11.473085	16.694678	14.154899	0.561876
3.86	21.41	2.22	2.22	2.81	2.04	11.468269	16.691466	14.150851	0.561878
3.87	21.41	2.21	2.21	2.81	2.04	11.463455	16.688255	14.146804	0.561880
3.87	21.41	2.21	2.21	2.81	2.04	11.458642	16.685045	14.142757	0.561882
3.87	21.41	2.20	2.20	2.81	2.04	11.453831	16.681835	14.138713	0.561884
3.88	21.41	2.20	2.20	2.80	2.04	11.449023	16.678626	14.134669	0.561886
3.88	21.41	2.19	2.19	2.80	2.04	11.444216	16.675418	14.130627	0.561889
3.88	21.41	2.19	2.19	2.80	2.04	11.439410	16.672210	14.126585	0.561891
3.88	21.41	2.18	2.18	2.80	2.04	11.434607	16.669003	14.122545	0.561893
3.89	21.41	2.18	2.18	2.80	2.04	11.429806	16.665796	14.118507	0.561895
3.89	21.41	2.17	2.17	2.80	2.04	11.425006	16.662591	14.114469	0.561897
3.89	21.41	2.17	2.17	2.80	2.04	11.420208	16.659386	14.110433	0.561899
3.89	21.41	2.16	2.16	2.80	2.04	11.415412	16.656181	14.106398	0.561901
3.90	21.41	2.16	2.16	2.80	2.04	11.410618	16.652978	14.102364	0.561903
3.90	21.41	2.15	2.15	2.80	2.04	11.405826	16.649775	14.098332	0.561905
3.90	21.41	2.15	2.15	2.80	2.04	11.401035	16.646573	14.094300	0.561907
3.91	21.41	2.14	2.14	2.80	2.04	11.396247	16.643371	14.090270	0.561909
3.91	21.41	2.14	2.14	2.80	2.05	11.391460	16.640170	14.086242	0.561911
3.91	21.41	2.13	2.13	2.80	2.05	11.386675	16.636970	14.082214	0.561913
3.91	21.41	2.13	2.13	2.80	2.05	11.381892	16.633770	14.078188	0.561915
3.92	21.41	2.12	2.12	2.80	2.05	11.377111	16.630571	14.074163	0.561917
3.92	21.41	2.12	2.12	2.80	2.05	11.372332	16.627373	14.070139	0.561919
3.92	21.41	2.11	2.11	2.80	2.05	11.367555	16.624176	14.066116	0.561921
3.92	21.41	2.11	2.11	2.80	2.05	11.362779	16.620979	14.062095	0.561923
3.93	21.41	2.10	2.10	2.80	2.05	11.358006	16.617783	14.058075	0.561925
3.93	21.41	2.10	2.10	2.80	2.05	11.353234	16.614588	14.054056	0.561927
3.93	21.41	2.09	2.09	2.80	2.05	11.348464	16.611393	14.050039	0.561929
3.94	21.41	2.09	2.09	2.80	2.05	11.343696	16.608199	14.046022	0.561931
3.94	21.41	2.08	2.08	2.80	2.05	11.338930	16.605006	14.042007	0.561933
3.94	21.41	2.08	2.08	2.80	2.05	11.334165	16.601813	14.037994	0.561935
3.94	21.41	2.07	2.07	2.80	2.05	11.329403	16.598621	14.033981	0.561937
3.95	21.41	2.07	2.07	2.80	2.05	11.324643	16.595430	14.029970	0.561939
3.95	21.41	2.06	2.06	2.80	2.05	11.319884	16.592240	14.025960	0.561941
3.95	21.41	2.06	2.06	2.80	2.05	11.315127	16.589050	14.021951	0.561942
3.96	21.41	2.05	2.05	2.80	2.05	11.310372	16.585861	14.017944	0.561944
3.96	21.41	2.05	2.05	2.80	2.05	11.305619	16.582673	14.013938	0.561946
3.96	21.41	2.04	2.04	2.80	2.05	11.300868	16.579485	14.009933	0.561948
3.96	21.41	2.04	2.04	2.80	2.05	11.296119	16.576298	14.005929	0.561950
3.97	21.41	2.03	2.03	2.80	2.05	11.291372	16.573112	14.001927	0.561952
3.97	21.41	2.03	2.03	2.80	2.05	11.286626	16.569926	13.997926	0.561954
3.97	21.41	2.02	2.02	2.80	2.05	11.281883	16.566741	13.993926	0.561956
3.98	21.41	2.02	2.02	2.80	2.05	11.277141	16.563557	13.989928	0.561958
3.98	21.41	2.01	2.01	2.80	2.05	11.272401	16.560374	13.985931	0.561960
3.98	21.41	2.01	2.01	2.80	2.05	11.267664	16.557191	13.981935	0.561962
3.98	21.41	2.00	2.00	2.80	2.05	11.262928	16.554009	13.977940	0.561963
3.99	21.41	2.00	2.00	2.80	2.05	11.258194	16.550828	13.973947	0.561965
3.99	21.41	1.99	1.99	2.80	2.05	11.253462	16.547648	13.969955	0.561967
3.99	21.41	1.99	1.99	2.80	2.05	11.248731	16.544468	13.965964	0.561969
3.99	21.41	1.98	1.98	2.80	2.05	11.244003	16.541289	13.961975	0.561971
4.00	21.41	1.98	1.98	2.80	2.05	11.239277	16.538111	13.957986	0.561973
4.00	21.41	1.97	1.97	2.80	2.05	11.234552	16.534933	13.953999	0.561975
4.00	21.41	1.97	1.97	2.80	2.05	11.229830	16.531756	13.950014	0.561977
4.01	21.41	1.96	1.96	2.80	2.05	11.225109	16.528580	13.946030	0.561978
4.01	21.41	1.96	1.96	2.80	2.05	11.220390	16.525405	13.942047	0.561980
4.01	21.41	1.95	1.95	2.80	2.05	11.215673	16.522230	13.938065	0.561982
4.01	21.41	1.95	1.95	2.80	2.05	11.210959	16.519056	13.934084	0.561984
4.02	21.41	1.94	1.94	2.80	2.05	11.206246	16.515883	13.930105	0.561986
4.02	21.41	1.94	1.94	2.80	2.05	11.201535	16.512710	13.926128	0.561988
4.02	21.41	1.93	1.93	2.80	2.05	11.196825	16.509539	13.922151	0.561989
4.03	21.41	1.93	1.93	2.80	2.05	11.192118	16.506367	13.918176	0.561991
4.03	21.41	1.92	1.92	2.80	2.05	11.187413	16.503197	13.914202	0.561993
4.03	21.41	1.92	1.92	2.80	2.05	11.182710	16.500028	13.910229	0.561995
4.03	21.41	1.91	1.91	2.80	2.05	11.178008	16.496859	13.906258	0.561997
4.04	21.41	1.91	1.91	2.80	2.05	11.173309	16.493691	13.902288	0.561998
4.04	21.41	1.90	1.90	2.80	2.05	11.168611	16.490523	13.898319	0.562000
4.04	21.41	1.90	1.90	2.80	2.05	11.163916	16.487357	13.894352	0.562002
4.04	21.41	1.89	1.89	2.80	2.05	11.159222	16.484191	13.890386	0.562004
4.05	21.41	1.89	1.89	2.80	2.05	11.154530	16.481026	13.886421	0.562006
4.05	21.41	1.88	1.88	2.80	2.05	11.149840	16.477861	13.882458	0.562007
4.05	21.41	1.88	1.88	2.80	2.05	11.145153	16.474698	13.878496	0.562009
4.06	21.41	1.87	1.87	2.80	2.05	11.140467	16.471535	13.874535	0.562011
4.06	21.41	1.87	1.87	2.80	2.05	11.135783	16.468373	13.870576	0.562013
4.06	21.41	1.86	1.86	2.80	2.05	11.131101	16.465211	13.866617	0.562014
4.06	21.41	1.86	1.86	2.80	2.05	11.126421	16.462051	13.862661	0.562016
4.07	21.41	1.85	1.85	2.80	2.05	11.121742	16.458891	13.858705	0.562018
4.07	21.41	1.85	1.85	2.80	2.05	11.117066	16.455732	13.854751	0.562020
4.07	21.41	1.84	1.84	2.80	2.05	11.112392	16.452573	13.850798	0.562021
4.08	21.41	1.84	1.84	2.80	2.05	11.107720	16.449416	13.846847	0.562023
4.08	21.41	1.83	1.83	2.80	2.06	11.103050	16.446259	13.842897	0.562025
4.08	21.41	1.83	1.83	2.80	2.06	11.098381	16.443103	13.838948	0.562027
4.08	21.41	1.83	1.83	2.80	2.06	11.093715	16.439947	13.835000	0.562028
4.09	21.41	1.82	1.82	2.80	2.06	11.089050	16.436793	13.831054	0.562030
4.09	21.41	1.82	1.82	2.80	2.06	11.084388	16.433639	13.827109	0.562032
4.09	21.41	1.81	1.81	2.80	2.06	11.079728	16.430486	13.823166	0.562033
4.09	21.41	1.81	1.81	2.80	2.06	11.075069	16.427334	13.819224	0.562035
4.10	21.41	1.80	1.80	2.80	2.06	11.070412	16.424182	13.815283	0.562037
4.10	21.41	1.80	1.80	2.80	2.06	11.065758	16.421031	13.811343	0.562038
4.10	21.41	1.79	1.79	2.80	2.06	11.061105	16.417881	13.807405	0.562040
4.11	21.41	1.79	1.79	2.80	2.06	11.056455	16.414732	13.803469	0.562042
4.11	21.41	1.78	1.78	2.80	2.06	11.051806	16.411584	13.799533	0.562043
4.11	21.41	1.78	1.78	2.80	2.06	11.047159	16.408436	13.795599	0.562045
4.11	21.41	1.77	1.77	2.80	2.06	11.042515	16.405289	13.791666	0.562047
4.12	21.41	1.77	1.77	2.79	2.06	11.037872	16.402143	13.787735	0.562049
4.12	21.41	1.76	1.76	2.79	2.06	11.033231	16.398997	13.783805	0.562050
4.12	21.41	1.76	1.76	2.79	2.06	11.028592	16.395853	13.779876	0.562052
4.12	21.41	1.75	1.75	2.79	2.06	11.023956	16.392709	13.775949	0.562053
4.13	21.41	1.75	1.75	2.79	2.06	11.019321	16.389566	13.772023	0.562055
4.13	21.41	1.74	1.74	2.79	2.06	11.014688	16.386424	13.768098	0.562057
4.13	21.41	1.74	1.74	2.79	2.06	11.010057	16.383282	13.764175	0.562058
4.14	21.41	1.74	1.74	2.79	2.06	11.005428	16.380141	13.760253	0.562060
4.14	21.41	1.73	1.73	2.79	2.06	11.000802	16.377001	13.756333	0.562062
4.14	21.41	1.73	1.73	2.79	2.06	10.996177	16.373862	13.752413	0.562063
4.14	21.41	1.72	1.72	2.79	2.06	10.991554	16.370724	13.748496	0.562065
4.15	21.41	1.72	1.72	2.79	2.06	10.986933	16.367586	13.744579	0.562067
4.15	21.41	1.71	1.71	2.79	2.06	10.982314	16.364449	13.740664	0.562068
4.15	21.41	1.71	1.71	2.79	2.06	10.977697	16.361313	13.736750	0.562070
4.16	21.41	1.70	1.70	2.79	2.06	10.973083	16.358178	13.732838	0.562071
4.16	21.41	1.70	1.70	2.79	2.06	10.968470	16.355043	13.728927	0.562073
4.16	21.41	1.69	1.69	2.79	2.06	10.963859	16.351910	13.725017	0.562075
4.16	21.41	1.69	1.69	2.79	2.06	10.959250	16.348777	13.721109	0.562076
4.17	21.41	1.68	1.68	2.79	2.06	10.954643	16.345645	13.717202	0.562078
4.17	21.41	1.68	1.68	2.79	2.06	10.950038	16.342513	13.713297	0.562079
4.17	21.41	1.67	1.67	2.79	2.06	10.945436	16.339383	13.709393	0.562081
4.17	21.41	1.67	1.67	2.79	2.06	10.940835	16.336253	13.705490	0.562082
4.18	21.41	1.67	1.67	2.79	2.06	10.936236	16.333124	13.701589	0.562084
4.18	21.41	1.66	1.66	2.79	2.06	10.931639	16.329996	13.697689	0.562086
4.18	21.41	1.66	1.66	2.79	2.06	10.927045	16.326869	13.693790	0.562087
4.19	21.41	1.65	1.65	2.79	2.06	10.922452	16.323742	13.689893	0.562089
4.19	21.41	1.65	1.65	2.79	2.06	10.917861	16.320616	13.685997	0.562090
4.19	21.41	1.64	1.64	2.79	2.06	10.913273	16.317492	13.682103	0.562092
4.19	21.41	1.64	1.64	2.79	2.06	10.908686	16.314367	13.678210	0.562093
4.20	21.41	1.63	1.63	2.79	2.06	10.904101	16.311244	13.674318	0.562095
4.20	21.41	1.63	1.63	2.79	2.06	10.899519	16.308122	13.670428	0.562096
4.20	21.41	1.62	1.62	2.79	2.06	10.894938	16.305000	13.666539	0.562098
4.21	21.41	1.62	1.62	2.79	2.06	10.890360	16.301879	13.662652	0.562099
4.21	21.41	1.61	1.61	2.79	2.06	10.885783	16.298759	13.658766	0.562101
4.21	21.41	1.61	1.61	2.79	2.06	10.881209	16.295639	13.654881	0.562102
4.21	21.41	1.61	1.61	2.79	2.06	10.876636	16.292521	13.650998	0.562104
4.22	21.41	1.60	1.60	2.79	2.06	10.872066	16.289403	13.647116	0.562105
4.22	21.41	1.60	1.60	2.79	2.06	10.867498	16.286286	13.643235	0.562107
4.22	21.41	1.59	1.59	2.79	2.06	10.862931	16.283170	13.639356	0.562108
4.22	21.41	1.59	1.59	2.79	2.06	10.858367	16.280055	13.635479	0.562110
4.23	21.41	1.58	1.58	2.79	2.06	10.853805	16.276941	13.631602	0.562111
4.23	21.41	1.58	1.58	2.79	2.06	10.849245	16.273827	13.627727	0.562113
4.23	21.41	1.57	1.57	2.79	2.06	10.844687	16.270714	13.623854	0.562114
4.24	21.41	1.57	1.57	2.79	2.06	10.840131	16.267602	13.619982	0.562116
4.24	21.41	1.56	1.56	2.79	2.06	10.835577	16.264491	13.616111	0.562117
4.24	21.41	1.56	1.56	2.79	2.06	10.831025	16.261381	13.612242	0.562119
4.24	21.41	1.56	1.56	2.79	2.06	10.826475	16.258271	13.608374	0.562120
4.25	21.41	1.55	1.55	2.79	2.06	10.821927	16.255162	13.604508	0.562122
4.25	21.41	1.55	1.55	2.79	2.06	10.817381	16.252055	13.600643	0.562123
4.25	21.41	1.54	1.54	2.79	2.06	10.812837	16.248948	13.596779	0.562125
4.26	21.41	1.54	1.54	2.79	2.06	10.808296	16.245841	13.592917	0.562126
4.26	21.41	1.53	1.53	2.79	2.06	10.803756	16.242736	13.589056	0.562128
4.26	21.41	1.53	1.53	2.79	2.07	10.799218	16.239631	13.585197	0.562129
4.26	21.41	1.52	1.52	2.79	2.07	10.794683	16.236528	13.581339	0.562130
4.27	21.41	1.52	1.52	2.79	2.07	10.790150	16.233425	13.577483	0.562132
4.27	21.41	1.51	1.51	2.79	2.07	10.785618	16.230323	13.573628	0.562133
4.27	21.41	1.51	1.51	2.79	2.07	10.781089	16.227221	13.569774	0.562135
4.28	21.41	1.51	1.51	2.79	2.07	10.776562	16.224121	13.565922	0.562136
4.28	21.41	1.50	1.50	2.79	2.07	10.772036	16.221021	13.562071	0.562137
4.28	21.41	1.50	1.50	2.79	2.07	10.767513	16.217923	13.558222	0.562139
4.28	21.41	1.49	1.49	2.79	2.07	10.762992	16.214825	13.554374	0.562140
4.29	21.41	1.49	1.49	2.79	2.07	10.758473	16.211728	13.550528	0.562142
4.29	21.41	1.48	1.48	2.79	2.07	10.753957	16.208631	13.546682	0.562143
4.29	21.41	1.48	1.48	2.79	2.07	10.749442	16.205536	13.542839	0.562144
4.29	21.41	1.47	1.47	2.79	2.07	10.744929	16.202441	13.538997	0.562146
4.30	21.41	1.47	1.47	2.79	2.07	10.740419	16.199348	13.535156	0.562147
4.30	21.41	1.47	1.47	2.79	2.07	10.735910	16.196255	13.531317	0.562149
4.30	21.41	1.46	1.46	2.79	2.07	10.731404	16.193163	13.527479	0.562150
4.31	21.41	1.46	1.46	2.79	2.07	10.726899	16.190072	13.523643	0.562151
4.31	21.41	1.45	1.45	2.79	2.07	10.722397	16.186981	13.519808	0.562153
4.31	21.41	1.45	1.45	2.79	2.07	10.717897	16.183892	13.515974	0.562154
4.31	21.41	1.44	1.44	2.79	2.07	10.713399	16.180803	13.512142	0.562155
4.32	21.41	1.44	1.44	2.79	2.07	10.708903	16.177715	13.508311	0.562157
4.32	21.41	1.44	1.44	2.79	2.07	10.704409	16.174628	13.504482	0.562158
4.32	21.41	1.43	1.43	2.79	2.07	10.699917	16.171542	13.500655	0.562159
4.33	21.41	1.43	1.43	2.79	2.07	10.695428	16.168457	13.496828	0.562161
4.33	21.41	1.42	1.42	2.79	2.07	10.690940	16.165373	13.493003	0.562162
4.33	21.41	1.42	1.42	2.79	2.07	10.686455	16.162289	13.489180	0.562163
4.33	21.41	1.41	1.41	2.79	2.07	10.681971	16.159207	13.485358	0.562165
4.34	21.41	1.41	1.41	2.79	2.07	10.677490	16.156125	13.481538	0.562166
4.34	21.41	1.40	1.40	2.79	2.07	10.673011	16.153044	13.477719	0.562167
4.34	21.41	1.40	1.40	2.79	2.07	10.668534	16.149964	13.473901	0.562169
4.34	21.41	1.40	1.40	2.79	2.07	10.664059	16.146885	13.470085	0.562170
4.35	21.41	1.39	1.39	2.79	2.07	10.659586	16.143806	13.466271	0.562171
4.35	21.41	1.39	1.39	2.79	2.07	10.655115	16.140729	13.462457	0.562173
4.35	21.41	1.38	1.38	2.79	2.07	10.650647	16.137652	13.458646	0.562174
4.36	21.41	1.38	1.38	2.79	2.07	10.646180	16.134576	13.454836	0.562175
4.36	21.41	1.37	1.37	2.79	2.07	10.641716	16.131501	13.451027	0.562176
4.36	21.41	1.37	1.37	2.79	2.07	10.637254	16.128427	13.447220	0.562178
4.36	21.41	1.37	1.37	2.78	2.07	10.632793	16.125354	13.443414	0.562179
4.37	21.41	1.36	1.36	2.78	2.07	10.628335	16.122282	13.439609	0.562180
4.37	21.41	1.36	1.36	2.78	2.07	10.623880	16.119210	13.435807	0.562182
4.37	21.41	1.35	1.35	2.78	2.07	10.619426	16.116140	13.432005	0.562183
4.38	21.41	1.35	1.35	2.78	2.07	10.614974	16.113070	13.428205	0.562184
4.38	21.41	1.34	1.34	2.78	2.07	10.610525	16.110001	13.424407	0.562185
4.38	21.41	1.34	1.34	2.78	2.07	10.606077	16.106933	13.420610	0.562187
4.38	21.41	1.34	1.34	2.78	2.07	10.601632	16.103866	13.416814	0.562188
4.39	21.41	1.33	1.33	2.78	2.07	10.597189	16.100800	13.413020	0.562189
4.39	21.41	1.33	1.33	2.78	2.07	10.592748	16.097735	13.409228	0.562190
4.39	21.41	1.32	1.32	2.78	2.07	10.588309	16.094670	13.405437	0.562192
4.39	21.41	1.32	1.32	2.78	2.07	10.583873	16.091607	13.401647	0.562193
4.40	21.41	1.31	1.31	2.78	2.07	10.579438	16.088544	13.397859	0.562194
4.40	21.41	1.31	1.31	2.78	2.07	10.575006	16.085482	13.394073	0.562195
4.40	21.41	1.31	1.31	2.78	2.07	10.570575	16.082421	13.390288	0.562196
4.41	21.41	1.30	1.30	2.78	2.07	10.566147	16.079361	13.386504	0.562198
4.41	21.41	1.30	1.30	2.78	2.07	10.561721	16.076302	13.382722	0.562199
4.41	21.41	1.29	1.29	2.78	2.07	10.557297	16.073244	13.378941	0.562200
4.41	21.41	1.29	1.29	2.78	2.07	10.552876	16.070187	13.375162	0.562201
4.42	21.41	1.28	1.28	2.78	2.07	10.548456	16.067130	13.371385	0.562202
4.42	21.41	1.28	1.28	2.78	2.07	10.544039	16.064075	13.367609	0.562204
4.42	21.41	1.28	1.28	2.78	2.07	10.539624	16.061020	13.363834	0.562205
4.42	21.41	1.27	1.27	2.78	2.07	10.535211	16.057966	13.360061	0.562206
4.43	21.41	1.27	1.27	2.78	2.07	10.530800	16.054913	13.356289	0.562207
4.43	21.41	1.26	1.26	2.78	2.07	10.526391	16.051861	13.352519	0.562208
4.43	21.41	1.26	1.26	2.78	2.07	10.521984	16.048810	13.348751	0.562210
4.44	21.41	1.25	1.25	2.78	2.07	10.517580	16.045760	13.344983	0.562211
4.44	21.41	1.25	1.25	2.78	2.07	10.513178	16.042710	13.341218	0.562212
4.44	21.41	1.25	1.25	2.78	2.07	10.508777	16.039662	13.337454	0.562213
4.44	21.41	1.24	1.24	2.78	2.07	10.504380	16.036614	13.333691	0.562214
4.45	21.41	1.24	1.24	2.78	2.07	10.499984	16.033568	13.329930	0.562215
4.45	21.41	1.23	1.23	2.78	2.07	10.495590	16.030522	13.326170	0.562216
4.45	21.41	1.23	1.23	2.78	2.07	10.491199	16.027477	13.322412	0.562218
4.46	21.41	1.23	1.23	2.78	2.08	10.486809	16.024433	13.318656	0.562219
4.46	21.41	1.22	1.22	2.78	2.08	10.482422	16.021390	13.314901	0.562220
4.46	21.41	1.22	1.22	2.78	2.08	10.478037	16.018348	13.311147	0.562221
4.46	21.41	1.21	1.21	2.78	2.08	10.473655	16.015307	13.307395	0.562222
4.47	21.41	1.21	1.21	2.78	2.08	10.469274	16.012267	13.303645	0.562223
4.47	21.41	1.20	1.20	2.78	2.08	10.464896	16.009227	13.299896	0.562224
4.47	21.41	1.20	1.20	2.78	2.08	10.460520	16.006189	13.296149	0.562225
4.47	21.41	1.20	1.20	2.78	2.08	10.456146	16.003151	13.292403	0.562227
4.48	21.41	1.19	1.19	2.78	2.08	10.451774	16.000115	13.288658	0.562228
4.48	21.41	1.19	1.19	2.78	2.08	10.447404	15.997079	13.284915	0.562229
4.48	21.41	1.18	1.18	2.78	2.08	10.443037	15.994044	13.281174	0.562230
4.49	21.41	1.18	1.18	2.78	2.08	10.438671	15.991010	13.277434	0.562231
4.49	21.41	1.18	1.18	2.78	2.08	10.434308	15.987977	13.273696	0.562232
4.49	21.41	1.17	1.17	2.78	2.08	10.429947	15.984945	13.269959	0.562233
4.49	21.41	1.17	1.17	2.78	2.08	10.425589	15.981914	13.266224	0.562234
4.50	21.41	1.16	1.16	2.78	2.08	10.421232	15.978883	13.262490	0.562235
4.50	21.41	1.16	1.16	2.78	2.08	10.416878	15.975854	13.258758	0.562236
4.50	21.41	1.16	1.16	2.78	2.08	10.412526	15.972826	13.255028	0.562237
4.51	21.41	1.15	1.15	2.78	2.08	10.408176	15.969798	13.251299	0.562238
4.51	21.41	1.15	1.15	2.78	2.08	10.403828	15.966772	13.247571	0.562240
4.51	21.41	1.14	1.14	2.78	2.08	10.399483	15.963746	13.243845	0.562241
4.51	21.41	1.14	1.14	2.78	2.08	10.395139	15.960721	13.240121	0.562242
4.52	21.41	1.13	1.13	2.78	2.08	10.390798	15.957698	13.236398	0.562243
4.52	21.41	1.13	1.13	2.78	2.08	10.386459	15.954675	13.232676	0.562244
4.52	21.41	1.13	1.13	2.78	2.08	10.382123	15.951653	13.228956	0.562245
4.53	21.41	1.12	1.12	2.78	2.08	10.377788	15.948632	13.225238	0.562246
4.53	21.41	1.12	1.12	2.78	2.08	10.373456	15.945612	13.221521	0.562247
4.53	21.41	1.11	1.11	2.78	2.08	10.369126	15.942593	13.217806	0.562248
4.53	21.41	1.11	1.11	2.78	2.08	10.364798	15.939574	13.214093	0.562249
4.54	21.41	1.11	1.11	2.78	2.08	10.360473	15.936557	13.210381	0.562250
4.54	21.41	1.10	1.10	2.78	2.08	10.356149	15.933541	13.206670	0.562251
4.54	21.41	1.10	1.10	2.78	2.08	10.351828	15.930525	13.202961	0.562252
4.54	21.41	1.09	1.09	2.78	2.08	10.347509	15.927511	13.199254	0.562253
4.55	21.41	1.09	1.09	2.78	2.08	10.343192	15.924497	13.195548	0.562254
4.55	21.41	1.09	1.09	2.78	2.08	10.338878	15.921485	13.191844	0.562255
4.55	21.41	1.08	1.08	2.78	2.08	10.334565	15.918473	13.188141	0.562256
4.56	21.41	1.08	1.08	2.78	2.08	10.330255	15.915463	13.184440	0.562257
4.56	21.41	1.07	1.07	2.78	2.08	10.325948	15.912453	13.180740	0.562258
4.56	21.41	1.07	1.07	2.78	2.08	10.321642	15.909444	13.177042	0.562259
4.56	21.41	1.07	1.07	2.78	2.08	10.317339	15.906436	13.173346	0.562260
4.57	21.41	1.06	1.06	2.78	2.08	10.313037	15.903429	13.169651	0.562261
4.57	21.41	1.06	1.06	2.78	2.08	10.308739	15.900423	13.165957	0.562262
4.57	21.41	1.05	1.05	2.78	2.08	10.304442	15.897418	13.162265	0.562263
4.58	21.41	1.05	1.05	2.78	2.08	10.300147	15.894414	13.158575	0.562264
4.58	21.41	1.05	1.05	2.78	2.08	10.295855	15.891411	13.154887	0.562265
4.58	21.41	1.04	1.04	2.78	2.08	10.291565	15.888409	13.151200	0.562266
4.58	21.41	1.04	1.04	2.78	2.08	10.287278	15.885408	13.147514	0.562267
4.59	21.41	1.03	1.03	2.78	2.08	10.282992	15.882407	13.143830	0.562267
4.59	21.41	1.03	1.03	2.78	2.08	10.278709	15.879408	13.140148	0.562268
4.59	21.41	1.03	1.03	2.78	2.08	10.274428	15.876410	13.136467	0.562269
4.59	21.41	1.02	1.02	2.78	2.08	10.270149	15.873412	13.132788	0.562270
4.60	21.41	1.02	1.02	2.78	2.08	10.265873	15.870416	13.129110	0.562271
4.60	21.41	1.02	1.02	2.78	2.08	10.261599	15.867420	13.125434	0.562272
4.60	21.41	1.01	1.01	2.78	2.08	10.257327	15.864426	13.121760	0.562273
4.61	21.41	1.01	1.01	2.78	2.08	10.253057	15.861432	13.118087	0.562274
4.61	21.41	1.00	1.00	2.78	2.08	10.248789	15.858440	13.114416	0.562275
4.61	21.41	1.00	1.00	2.78	2.08	10.244524	15.855448	13.110746	0.562276
4.61	21.41	1.00	1.00	2.78	2.08	10.240261	15.852457	13.107078	0.562277
4.62	21.41	0.99	0.99	2.78	2.08	10.236001	15.849468	13.103411	0.562278
4.62	21.41	0.99	0.99	2.78	2.08	10.231742	15.846479	13.099746	0.562278
4.62	21.41	0.98	0.98	2.77	2.08	10.227486	15.843491	13.096083	0.562279
4.62	21.41	0.98	0.98	2.77	2.08	10.223232	15.840504	13.092421	0.562280
4.63	21.41	0.98	0.98	2.77	2.08	10.218980	15.837518	13.088761	0.562281
4.63	21.41	0.97	0.97	2.77	2.08	10.214731	15.834534	13.085103	0.562282
4.63	21.41	0.97	0.97	2.77	2.08	10.210484	15.831550	13.081446	0.562283
4.64	21.41	0.96	0.96	2.77	2.08	10.206239	15.828567	13.077790	0.562284
4.64	21.41	0.96	0.96	2.77	2.08	10.201996	15.825585	13.074137	0.562285
4.64	21.41	0.96	0.96	2.77	2.08	10.197756	15.822604	13.070484	0.562286
4.64	21.41	0.95	0.95	2.77	2.08	10.193518	15.819624	13.066834	0.562286
4.65	21.41	0.95	0.95	2.77	2.08	10.189282	15.816645	13.063185	0.562287
4.65	21.41	0.95	0.95	2.77	2.08	10.185049	15.813667	13.059538	0.562288
4.65	21.41	0.94	0.94	2.77	2.08	10.180818	15.810690	13.055892	0.562289
4.66	21.41	0.94	0.94	2.77	2.08	10.176589	15.807714	13.052248	0.562290
4.66	21.41	0.93	0.93	2.77	2.08	10.172362	15.804738	13.048605	0.562291
4.66	21.41	0.93	0.93	2.77	2.08	10.168138	15.801764	13.044964	0.562291
4.66	21.41	0.93	0.93	2.77	2.08	10.163916	15.798791	13.041325	0.562292
4.67	21.41	0.92	0.92	2.77	2.09	10.159696	15.795819	13.037687	0.562293
4.67	21.41	0.92	0.92	2.77	2.09	10.155479	15.792848	13.034051	0.562294
4.67	21.41	0.92	0.92	2.77	2.09	10.151263	15.789878	13.030417	0.562295
4.67	21.41	0.91	0.91	2.77	2.09	10.147050	15.786908	13.026784	0.562296
4.68	21.41	0.91	0.91	2.77	2.09	10.142840	15.783940	13.023153	0.562296
4.68	21.41	0.90	0.90	2.77	2.09	10.138632	15.780973	13.019523	0.562297
4.68	21.41	0.90	0.90	2.77	2.09	10.134426	15.778007	13.015895	0.562298
4.69	21.41	0.90	0.90	2.77	2.09	10.130222	15.775041	13.012269	0.562299
4.69	21.41	0.89	0.89	2.77	2.09	10.126020	15.772077	13.008644	0.562300
4.69	21.41	0.89	0.89	2.77	2.09	10.121821	15.769114	13.005021	0.562300
4.69	21.41	0.88	0.88	2.77	2.09	10.117624	15.766152	13.001399	0.562301
4.70	21.41	0.88	0.88	2.77	2.09	10.113430	15.763190	12.997779	0.562302
4.70	21.41	0.88	0.88	2.77	2.09	10.109238	15.760230	12.994161	0.562303
4.70	21.41	0.87	0.87	2.77	2.09	10.105048	15.757271	12.990544	0.562303
4.71	21.41	0.87	0.87	2.77	2.09	10.100860	15.754312	12.986929	0.562304
4.71	21.41	0.87	0.87	2.77	2.09	10.096675	15.751355	12.983316	0.562305
4.71	21.41	0.86	0.86	2.77	2.09	10.092492	15.748399	12.979704	0.562306
4.71	21.41	0.86	0.86	2.77	2.09	10.088311	15.745444	12.976094	0.562307
4.72	21.41	0.85	0.85	2.77	2.09	10.084133	15.742489	12.972486	0.562307
4.72	21.41	0.85	0.85	2.77	2.09	10.079957	15.739536	12.968879	0.562308
4.72	21.41	0.85	0.85	2.77	2.09	10.075783	15.736584	12.965274	0.562309
4.72	21.41	0.84	0.84	2.77	2.09	10.071612	15.733633	12.961670	0.562310
4.73	21.41	0.84	0.84	2.77	2.09	10.067442	15.730682	12.958068	0.562310
4.73	21.41	0.84	0.84	2.77	2.09	10.063276	15.727733	12.954468	0.562311
4.73	21.41	0.83	0.83	2.77	2.09	10.059111	15.724785	12.950869	0.562312
4.74	21.41	0.83	0.83	2.77	2.09	10.054949	15.721838	12.947272	0.562312
4.74	21.41	0.83	0.83	2.77	2.09	10.050789	15.718891	12.943677	0.562313
4.74	21.41	0.82	0.82	2.77	2.09	10.046632	15.715946	12.940083	0.562314
4.74	21.41	0.82	0.82	2.77	2.09	10.042477	15.713002	12.936491	0.562315
4.75	21.41	0.81	0.81	2.77	2.09	10.038324	15.710059	12.932901	0.562315
4.75	21.41	0.81	0.81	2.77	2.09	10.034173	15.707116	12.929312	0.562316
4.75	21.41	0.81	0.81	2.77	2.09	10.030025	15.704175	12.925725	0.562317
4.76	21.41	0.80	0.80	2.77	2.09	10.025879	15.701235	12.922140	0.562317
4.76	21.41	0.80	0.80	2.77	2.09	10.021736	15.698296	12.918556	0.562318
4.76	21.41	0.80	0.80	2.77	2.09	10.017595	15.695358	12.914974	0.562319
4.76	21.41	0.79	0.79	2.77	2.09	10.013456	15.692421	12.911393	0.562320
4.77	21.41	0.79	0.79	2.77	2.09	10.009319	15.689485	12.907814	0.562320
4.77	21.41	0.79	0.79	2.77	2.09	10.005185	15.686550	12.904237	0.562321
4.77	21.41	0.78	0.78	2.77	2.09	10.001053	15.683616	12.900662	0.562322
4.78	21.41	0.78	0.78	2.77	2.09	9.996924	15.680683	12.897088	0.562322
4.78	21.41	0.77	0.77	2.77	2.09	9.992797	15.677751	12.893516	0.562323
4.78	21.41	0.77	0.77	2.77	2.09	9.988672	15.674820	12.889945	0.562324
4.78	21.41	0.77	0.77	2.77	2.09	9.984549	15.671890	12.886376	0.562324
4.79	21.41	0.76	0.76	2.77	2.09	9.980429	15.668961	12.882809	0.562325
4.79	21.41	0.76	0.76	2.77	2.09	9.976312	15.666033	12.879244	0.562326
4.79	21.41	0.76	0.76	2.77	2.09	9.972196	15.663106	12.875680	0.562326
4.79	21.41	0.75	0.75	2.77	2.09	9.968083	15.660181	12.872118	0.562327
4.80	21.41	0.75	0.75	2.77	2.09	9.963973	15.657256	12.868557	0.562328
4.80	21.41	0.75	0.75	2.77	2.09	9.959864	15.654332	12.864998	0.562328
4.80	21.41	0.74	0.74	2.77	2.09	9.955758	15.651409	12.861441	0.562329
4.81	21.41	0.74	0.74	2.77	2.09	9.951655	15.648488	12.857886	0.562329
4.81	21.41	0.74	0.74	2.77	2.09	9.947553	15.645567	12.854332	0.562330
4.81	21.41	0.73	0.73	2.77	2.09	9.943455	15.642647	12.850780	0.562331
4.81	21.41	0.73	0.73	2.77	2.09	9.939358	15.639729	12.847229	0.562331
4.82	21.41	0.72	0.72	2.77	2.09	9.935264	15.636811	12.843680	0.562332
4.82	21.41	0.72	0.72	2.77	2.09	9.931172	15.633895	12.840133	0.562333
4.82	21.41	0.72	0.72	2.77	2.09	9.927083	15.630980	12.836588	0.562333
4.83	21.41	0.71	0.71	2.77	2.09	9.922996	15.628065	12.833044	0.562334
4.83	21.41	0.71	0.71	2.77	2.09	9.918911	15.625152	12.829502	0.562334
4.83	21.41	0.71	0.71	2.77	2.09	9.914829	15.622239	12.825962	0.562335
4.83	21.41	0.70	0.70	2.77	2.09	9.910749	15.619328	12.822423	0.562336
4.84	21.41	0.70	0.70	2.77	2.09	9.906671	15.616418	12.818886	0.562336
4.84	21.41	0.70	0.70	2.77	2.09	9.902596	15.613509	12.815351	0.562337
4.84	21.41	0.69	0.69	2.77	2.09	9.898523	15.610601	12.811817	0.562337
4.84	21.41	0.69	0.69	2.77	2.09	9.894453	15.607694	12.808285	0.562338
4.85	21.41	0.69	0.69	2.77	2.09	9.890385	15.604788	12.804755	0.562338
4.85	21.41	0.68	0.68	2.77	2.09	9.886319	15.601883	12.801227	0.562339
4.85	21.41	0.68	0.68	2.77	2.09	9.882256	15.598979	12.797700	0.562340
4.86	21.41	0.68	0.68	2.77	2.09	9.878195	15.596076	12.794175	0.562340
4.86	21.41	0.67	0.67	2.77	2.09	9.874136	15.593174	12.790651	0.562341
4.86	21.41	0.67	0.67	2.77	2.09	9.870080	15.590273	12.787130	0.562341
4.86	21.41	0.66	0.66	2.77	2.09	9.866026	15.587374	12.783609	0.562342
4.87	21.41	0.66	0.66	2.77	2.09	9.861975	15.584475	12.780091	0.562342
4.87	21.41	0.66	0.66	2.77	2.09	9.857926	15.581578	12.776575	0.562343
4.87	21.41	0.65	0.65	2.77	2.09	9.853879	15.578681	12.773060	0.562343
4.88	21.41	0.65	0.65	2.77	2.09	9.849835	15.575786	12.769546	0.562344
4.88	21.41	0.65	0.65	2.77	2.09	9.845794	15.572891	12.766035	0.562345
4.88	21.41	0.64	0.64	2.77	2.09	9.841754	15.569998	12.762525	0.562345
4.88	21.41	0.64	0.64	2.77	2.09	9.837717	15.567106	12.759017	0.562346
4.89	21.41	0.64	0.64	2.77	2.09	9.833683	15.564214	12.755511	0.562346
4.89	21.41	0.63	0.63	2.77	2.09	9.829650	15.561324	12.752006	0.562347
4.89	21.41	0.63	0.63	2.77	2.09	9.825621	15.558435	12.748503	0.562347
4.89	21.41	0.63	0.63	2.76	2.09	9.821593	15.555547	12.745002	0.562348
4.90	21.41	0.62	0.62	2.76	2.09	9.817568	15.552660	12.741502	0.562348
4.90	21.41	0.62	0.62	2.76	2.10	9.813546	15.549774	12.738004	0.562349
4.90	21.41	0.62	0.62	2.76	2.10	9.809526	15.546890	12.734508	0.562349
4.91	21.41	0.61	0.61	2.76	2.10	9.805508	15.544006	12.731014	0.562350
4.91	21.41	0.61	0.61	2.76	2.10	9.801492	15.541123	12.727521	0.562350
4.91	21.41	0.61	0.61	2.76	2.10	9.797480	15.538242	12.724030	0.562351
4.91	21.41	0.60	0.60	2.76	2.10	9.793469	15.535361	12.720541	0.562351
4.92	21.41	0.60	0.60	2.76	2.10	9.789461	15.532482	12.717054	0.562352
4.92	21.41	0.60	0.60	2.76	2.10	9.785455	15.529604	12.713568	0.562352
4.92	21.41	0.59	0.59	2.76	2.10	9.781452	15.526726	12.710084	0.562353
4.92	21.41	0.59	0.59	2.76	2.10	9.777451	15.523850	12.706602	0.562353
4.93	21.41	0.59	0.59	2.76	2.10	9.773453	15.520975	12.703121	0.562353
4.93	21.41	0.58	0.58	2.76	2.10	9.769457	15.518101	12.699642	0.562354
4.93	21.41	0.58	0.58	2.76	2.10	9.765463	15.515228	12.696165	0.562354
4.94	21.41	0.58	0.58	2.76	2.10	9.761472	15.512356	12.692690	0.562355
4.94	21.41	0.57	0.57	2.76	2.10	9.757483	15.509485	12.689216	0.562355
4.94	21.41	0.57	0.57	2.76	2.10	9.753497	15.506616	12.685744	0.562356
4.94	21.41	0.57	0.57	2.76	2.10	9.749513	15.503747	12.682274	0.562356
4.95	21.41	0.56	0.56	2.76	2.10	9.745532	15.500880	12.678805	0.562357
4.95	21.41	0.56	0.56	2.76	2.10	9.741553	15.498013	12.675339	0.562357
4.95	21.41	0.56	0.56	2.76	2.10	9.737576	15.495148	12.671874	0.562357
4.96	21.41	0.55	0.55	2.76	2.10	9.733602	15.492284	12.668411	0.562358
4.96	21.41	0.55	0.55	2.76	2.10	9.729630	15.489420	12.664949	0.562358
4.96	21.41	0.55	0.55	2.76	2.10	9.725661	15.486558	12.661489	0.562359
4.96	21.41	0.54	0.54	2.76	2.10	9.721694	15.483697	12.658031	0.562359
4.97	21.41	0.54	0.54	2.76	2.10	9.717730	15.480838	12.654575	0.562360
4.97	21.41	0.54	0.54	2.76	2.10	9.713768	15.477979	12.651121	0.562360
4.97	21.41	0.53	0.53	2.76	2.10	9.709809	15.475121	12.647668	0.562360
4.97	21.41	0.53	0.53	2.76	2.10	9.705852	15.472265	12.644217	0.562361
4.98	21.41	0.53	0.53	2.76	2.10	9.701897	15.469409	12.640768	0.562361
4.98	21.41	0.52	0.52	2.76	2.10	9.697945	15.466555	12.637320	0.562362
4.98	21.41	0.52	0.52	2.76	2.10	9.693995	15.463701	12.633874	0.562362
4.99	21.41	0.52	0.52	2.76	2.10	9.690048	15.460849	12.630430	0.562362
4.99	21.41	0.51	0.51	2.76	2.10	9.686103	15.457998	12.626988	0.562363
4.99	21.41	0.51	0.51	2.76	2.10	9.682161	15.455148	12.623548	0.562363
4.99	21.41	0.51	0.51	2.76	2.10	9.678221	15.452299	12.620109	0.562363
5.00	21.41	0.50	0.50	2.76	2.10	9.674283	15.449451	12.616672	0.562364
5.00	21.41	0.50	0.50	2.76	2.10	9.670348	15.446605	12.613237	0.562364
5.00	21.41	0.50	0.50	2.76	2.10	9.666416	15.443759	12.609803	0.562365
5.01	21.41	0.50	0.50	2.76	2.10	9.662486	15.440915	12.606372	0.562365
5.01	21.41	0.49	0.49	2.76	2.10	9.658558	15.438071	12.602942	0.562365
5.01	21.41	0.49	0.49	2.76	2.10	9.654633	15.435229	12.599514	0.562366
5.01	21.41	0.49	0.49	2.76	2.10	9.650710	15.432388	12.596087	0.562366
5.02	21.41	0.48	0.48	2.76	2.10	9.646790	15.429548	12.592663	0.562366
5.02	21.41	0.48	0.48	2.76	2.10	9.642873	15.426709	12.589240	0.562367
5.02	21.41	0.48	0.48	2.76	2.10	9.638957	15.423871	12.585819	0.562367
5.03	21.41	0.47	0.47	2.76	2.10	9.635044	15.421035	12.582399	0.562367
5.03	21.41	0.47	0.47	2.76	2.10	9.631134	15.418199	12.578982	0.562368
5.03	21.41	0.47	0.47	2.76	2.10	9.627226	15.415365	12.575566	0.562368
5.03	21.41	0.46	0.46	2.76	2.10	9.623321	15.412531	12.572152	0.562368
5.04	21.41	0.46	0.46	2.76	2.10	9.619418	15.409699	12.568740	0.562369
5.04	21.41	0.46	0.46	2.76	2.10	9.615518	15.406868	12.565330	0.562369
5.04	21.41	0.45	0.45	2.76	2.10	9.611620	15.404038	12.561921	0.562369
5.04	21.41	0.45	0.45	2.76	2.10	9.607724	15.401209	12.558514	0.562370
5.05	21.41	0.45	0.45	2.76	2.10	9.603831	15.398382	12.555109	0.562370
5.05	21.41	0.44	0.44	2.76	2.10	9.599941	15.395555	12.551706	0.562370
5.05	21.41	0.44	0.44	2.76	2.10	9.596053	15.392730	12.548304	0.562370
5.06	21.41	0.44	0.44	2.76	2.10	9.592167	15.389905	12.544904	0.562371
5.06	21.41	0.44	0.44	2.76	2.10	9.588284	15.387082	12.541506	0.562371
5.06	21.41	0.43	0.43	2.76	2.10	9.584403	15.384260	12.538110	0.562371
5.06	21.41	0.43	0.43	2.76	2.10	9.580525	15.381439	12.534716	0.562372
5.07	21.41	0.43	0.43	2.76	2.10	9.576650	15.378619	12.531323	0.562372
5.07	21.41	0.42	0.42	2.76	2.10	9.572777	15.375801	12.527932	0.562372
5.07	21.41	0.42	0.42	2.76	2.10	9.568906	15.372983	12.524543	0.562372
5.08	21.41	0.42	0.42	2.76	2.10	9.565038	15.370167	12.521156	0.562373
5.08	21.41	0.41	0.41	2.76	2.10	9.561172	15.367351	12.517771	0.562373
5.08	21.41	0.41	0.41	2.76	2.10	9.557309	15.364537	12.514387	0.562373
5.08	21.41	0.41	0.41	2.76	2.10	9.553448	15.361724	12.511005	0.562373
5.09	21.41	0.40	0.40	2.76	2.10	9.549590	15.358912	12.507625	0.562374
5.09	21.41	0.40	0.40	2.76	2.10	9.545735	15.356102	12.504247	0.562374
5.09	21.41	0.40	0.40	2.76	2.10	9.541882	15.353292	12.500871	0.562374
5.09	21.41	0.40	0.40	2.76	2.10	9.538031	15.350483	12.497496	0.562374
5.10	21.41	0.39	0.39	2.76	2.10	9.534183	15.347676	12.494123	0.562375
5.10	21.41	0.39	0.39	2.76	2.10	9.530337	15.344870	12.490752	0.562375
5.10	21.41	0.39	0.39	2.76	2.10	9.526494	15.342065	12.487383	0.562375
5.11	21.41	0.38	0.38	2.76	2.10	9.522654	15.339261	12.484015	0.562375
5.11	21.41	0.38	0.38	2.76	2.10	9.518815	15.336458	12.480650	0.562376
5.11	21.41	0.38	0.38	2.76	2.10	9.514980	15.333657	12.477286	0.562376
5.11	21.41	0.37	0.37	2.76	2.10	9.511147	15.330856	12.473924	0.562376
5.12	21.41	0.37	0.37	2.76	2.10	9.507316	15.328057	12.470564	0.562376
5.12	21.41	0.37	0.37	2.76	2.10	9.503488	15.325259	12.467205	0.562376
5.12	21.41	0.37	0.37	2.76	2.10	9.499663	15.322462	12.463849	0.562377
5.12	21.41	0.36	0.36	2.76	2.10	9.495840	15.319666	12.460494	0.562377
5.13	21.41	0.36	0.36	2.76	2.10	9.492019	15.316871	12.457141	0.562377
5.13	21.41	0.36	0.36	2.76	2.10	9.488201	15.314078	12.453790	0.562377
5.13	21.41	0.35	0.35	2.76	2.10	9.484386	15.311285	12.450441	0.562377
5.14	21.41	0.35	0.35	2.76	2.10	9.480573	15.308494	12.447093	0.562378
5.14	21.41	0.35	0.35	2.76	2.10	9.476763	15.305704	12.443748	0.562378
5.14	21.41	0.34	0.34	2.76	2.10	9.472955	15.302915	12.440404	0.562378
5.14	21.41	0.34	0.34	2.76	2.10	9.469149	15.300127	12.437062	0.562378
5.15	21.41	0.34	0.34	2.76	2.10	9.465347	15.297340	12.433722	0.562378
5.15	21.41	0.34	0.34	2.76	2.10	9.461546	15.294555	12.430383	0.562379
5.15	21.41	0.33	0.33	2.76	2.10	9.457749	15.291771	12.427047	0.562379
5.16	21.41	0.33	0.33	2.76	2.10	9.453953	15.288988	12.423712	0.562379
5.16	21.41	0.33	0.33	2.76	2.10	9.450161	15.286206	12.420379	0.562379
5.16	21.41	0.32	0.32	2.76	2.11	9.446371	15.283425	12.417048	0.562379
5.16	21.41	0.32	0.32	2.76	2.11	9.442583	15.280645	12.413719	0.562379
5.17	21.41	0.32	0.32	2.76	2.11	9.438798	15.277867	12.410391	0.562379
5.17	21.41	0.31	0.31	2.76	2.11	9.435015	15.275089	12.407066	0.562380
5.17	21.41	0.31	0.31	2.76	2.11	9.431235	15.272313	12.403742	0.562380
5.17	21.41	0.31	0.31	2.76	2.11	9.427458	15.269538	12.400420	0.562380
5.18	21.41	0.31	0.31	2.75	2.11	9.423683	15.266764	12.397100	0.562380
5.18	21.41	0.30	0.30	2.75	2.11	9.419911	15.263992	12.393782	0.562380
5.18	21.41	0.30	0.30	2.75	2.11	9.416141	15.261220	12.390465	0.562380
5.19	21.41	0.30	0.30	2.75	2.11	9.412374	15.258450	12.387151	0.562380
5.19	21.41	0.29	0.29	2.75	2.11	9.408609	15.255681	12.383838	0.562381
5.19	21.41	0.29	0.29	2.75	2.11	9.404847	15.252913	12.380527	0.562381
5.19	21.41	0.29	0.29	2.75	2.11	9.401087	15.250146	12.377218	0.562381
5.20	21.41	0.29	0.29	2.75	2.11	9.397330	15.247380	12.373911	0.562381
5.20	21.41	0.28	0.28	2.75	2.11	9.393575	15.244616	12.370606	0.562381
5.20	21.41	0.28	0.28	2.75	2.11	9.389824	15.241853	12.367302	0.562381
5.21	21.41	0.28	0.28	2.75	2.11	9.386074	15.239091	12.364001	0.562381
5.21	21.41	0.27	0.27	2.75	2.11	9.382327	15.236330	12.360701	0.562381
5.21	21.41	0.27	0.27	2.75	2.11	9.378583	15.233570	12.357403	0.562381
5.21	21.41	0.27	0.27	2.75	2.11	9.374841	15.230812	12.354107	0.562381
5.22	21.41	0.27	0.27	2.75	2.11	9.371102	15.228054	12.350813	0.562382
5.22	21.41	0.26	0.26	2.75	2.11	9.367366	15.225298	12.347520	0.562382
5.22	21.41	0.26	0.26	2.75	2.11	9.363632	15.222543	12.344230	0.562382
5.22	21.41	0.26	0.26	2.75	2.11	9.359900	15.219789	12.340941	0.562382
5.23	21.41	0.25	0.25	2.75	2.11	9.356171	15.217037	12.337654	0.562382
5.23	21.41	0.25	0.25	2.75	2.11	9.352445	15.214285	12.334369	0.562382
5.23	21.41	0.25	0.25	2.75	2.11	9.348721	15.211535	12.331086	0.562382
5.24	21.41	0.25	0.25	2.75	2.11	9.345000	15.208786	12.327805	0.562382
5.24	21.41	0.24	0.24	2.75	2.11	9.341281	15.206038	12.324525	0.562382
5.24	21.41	0.24	0.24	2.75	2.11	9.337565	15.203292	12.321248	0.562382
5.24	21.41	0.24	0.24	2.75	2.11	9.333852	15.200546	12.317972	0.562382
5.25	21.41	0.24	0.24	2.75	2.11	9.330141	15.197802	12.314698	0.562382
5.25	21.41	0.23	0.23	2.75	2.11	9.326433	15.195059	12.311427	0.562382
5.25	21.41	0.23	0.23	2.75	2.11	9.322727	15.192317	12.308157	0.562382
5.26	21.41	0.23	0.23	2.75	2.11	9.319024	15.189576	12.304888	0.562382
5.26	21.41	0.22	0.22	2.75	2.11	9.315323	15.186837	12.301622	0.562382
5.26	21.41	0.22	0.22	2.75	2.11	9.311625	15.184098	12.298358	0.562382
5.26	21.41	0.22	0.22	2.75	2.11	9.307930	15.181361	12.295095	0.562382
5.27	21.41	0.22	0.22	2.75	2.11	9.304237	15.178625	12.291834	0.562382
5.27	21.41	0.21	0.21	2.75	2.11	9.300547	15.175891	12.288575	0.562382
5.27	21.41	0.21	0.21	2.75	2.11	9.296859	15.173157	12.285318	0.562382
5.28	21.41	0.21	0.21	2.75	2.11	9.293174	15.170425	12.282063	0.562382
5.28	21.41	0.21	0.21	2.75	2.11	9.289492	15.167694	12.278810	0.562382
5.28	21.41	0.20	0.20	2.75	2.11	9.285812	15.164964	12.275559	0.562382
5.28	21.41	0.20	0.20	2.75	2.11	9.282134	15.162235	12.272309	0.562382
5.29	21.41	0.20	0.20	2.75	2.11	9.278460	15.159508	12.269062	0.562382
5.29	21.41	0.19	0.19	2.75	2.11	9.274788	15.156782	12.265816	0.562382
5.29	21.41	0.19	0.19	2.75	2.11	9.271118	15.154057	12.262572	0.562382
5.29	21.41	0.19	0.19	2.75	2.11	9.267451	15.151333	12.259330	0.562382
5.30	21.41	0.19	0.19	2.75	2.11	9.263787	15.148610	12.256090	0.562382
5.30	21.41	0.18	0.18	2.75	2.11	9.260125	15.145889	12.252852	0.562382
5.30	21.41	0.18	0.18	2.75	2.11	9.256466	15.143168	12.249616	0.562382
5.31	21.41	0.18	0.18	2.75	2.11	9.252810	15.140449	12.246382	0.562382
5.31	21.41	0.18	0.18	2.75	2.11	9.249156	15.137732	12.243149	0.562382
5.31	21.41	0.17	0.17	2.75	2.11	9.245504	15.135015	12.239919	0.562382
5.31	21.41	0.17	0.17	2.75	2.11	9.241856	15.132300	12.236690	0.562382
5.32	21.41	0.17	0.17	2.75	2.11	9.238210	15.129586	12.233463	0.562382
5.32	21.41	0.17	0.17	2.75	2.11	9.234566	15.126873	12.230238	0.562382
5.32	21.41	0.16	0.16	2.75	2.11	9.230925	15.124161	12.227015	0.562382
5.33	21.41	0.16	0.16	2.75	2.11	9.227287	15.121451	12.223794	0.562382
5.33	21.41	0.16	0.16	2.75	2.11	9.223652	15.118741	12.220575	0.562382
5.33	21.41	0.15	0.15	2.75	2.11	9.220019	15.116033	12.217357	0.562382
5.33	21.41	0.15	0.15	2.75	2.11	9.216388	15.113327	12.214142	0.562382
5.34	21.41	0.15	0.15	2.75	2.11	9.212760	15.110621	12.210929	0.562382
5.34	21.41	0.15	0.15	2.75	2.11	9.209135	15.107917	12.207717	0.562382
5.34	21.41	0.14	0.14	2.75	2.11	9.205513	15.105213	12.204507	0.562382
5.34	21.41	0.14	0.14	2.75	2.11	9.201893	15.102512	12.201299	0.562382
5.35	21.41	0.14	0.14	2.75	2.11	9.198275	15.099811	12.198094	0.562381
5.35	21.41	0.14	0.14	2.75	2.11	9.194661	15.097111	12.194890	0.562381
5.35	21.41	0.13	0.13	2.75	2.11	9.191049	15.094413	12.191687	0.562381
5.36	21.41	0.13	0.13	2.75	2.11	9.187439	15.091716	12.188487	0.562381
5.36	21.41	0.13	0.13	2.75	2.11	9.183833	15.089020	12.185289	0.562381
5.36	21.41	0.13	0.13	2.75	2.11	9.180228	15.086326	12.182093	0.562381
5.36	21.41	0.12	0.12	2.75	2.11	9.176627	15.083633	12.178898	0.562381
5.37	21.41	0.12	0.12	2.75	2.11	9.173028	15.080941	12.175706	0.562381
5.37	21.41	0.12	0.12	2.75	2.11	9.169432	15.078250	12.172515	0.562381
5.37	21.41	0.12	0.12	2.75	2.11	9.165838	15.075560	12.169326	0.562381
5.38	21.41	0.11	0.11	2.75	2.11	9.162247	15.072872	12.166140	0.562380
5.38	21.41	0.11	0.11	2.75	2.11	9.158659	15.070185	12.162955	0.562380
5.38	21.41	0.11	0.11	2.75	2.11	9.155073	15.067499	12.159772	0.562380
5.38	21.41	0.11	0.11	2.75	2.11	9.151490	15.064814	12.156591	0.562380
5.39	21.41	0.10	0.10	2.75	2.11	9.147909	15.062131	12.153412	0.562380
5.39	21.41	0.10	0.10	2.75	2.11	9.144332	15.059449	12.150234	0.562380
5.39	21.41	0.10	0.10	2.75	2.11	9.140757	15.056768	12.147059	0.562380
5.39	21.41	0.10	0.10	2.75	2.11	9.137184	15.054088	12.143886	0.562380
5.40	21.41	0.09	0.09	2.75	2.11	9.133614	15.051410	12.140714	0.562379
5.40	21.41	0.09	0.09	2.75	2.11	9.130047	15.048733	12.137545	0.562379
5.40	21.41	0.09	0.09	2.75	2.11	9.126482	15.046057	12.134377	0.562379
5.41	21.41	0.09	0.09	2.75	2.11	9.122920	15.043382	12.131212	0.562379
5.41	21.41	0.08	0.08	2.75	2.11	9.119361	15.040709	12.128048	0.562379
5.41	21.41	0.08	0.08	2.75	2.11	9.115804	15.038036	12.124886	0.562379
5.41	21.41	0.08	0.08	2.75	2.11	9.112250	15.035365	12.121726	0.562378
5.42	21.41	0.08	0.08	2.75	2.11	9.108699	15.032696	12.118568	0.562378
5.42	21.41	0.07	0.07	2.75	2.11	9.105150	15.030027	12.115413	0.562378
5.42	21.41	0.07	0.07	2.75	2.11	9.101604	15.027360	12.112258	0.562378
5.42	21.41	0.07	0.07	2.75	2.11	9.098061	15.024694	12.109106	0.562378
5.43	21.41	0.07	0.07	2.75	2.11	9.094520	15.022030	12.105956	0.562378
5.43	21.41	0.06	0.06	2.75	2.11	9.090982	15.019366	12.102808	0.562377
5.43	21.41	0.06	0.06	2.75	2.11	9.087447	15.016704	12.099662	0.562377
5.44	21.41	0.06	0.06	2.75	2.11	9.083914	15.014043	12.096517	0.562377
5.44	21.41	0.06	0.06	2.75	2.11	9.080384	15.011384	12.093375	0.562377
5.44	21.41	0.05	0.05	2.75	2.11	9.076857	15.008725	12.090235	0.562377
5.44	21.41	0.05	0.05	2.75	2.11	9.073332	15.006068	12.087096	0.562376
5.45	21.41	0.05	0.05	2.75	2.11	9.069810	15.003412	12.083959	0.562376
5.45	21.41	0.05	0.05	2.75	2.11	9.066291	15.000758	12.080825	0.562376
5.45	21.41	0.04	0.04	2.75	2.11	9.062774	14.998104	12.077692	0.562376
5.46	21.41	0.04	0.04	2.75	2.11	9.059260	14.995452	12.074561	0.562376
5.46	21.41	0.04	0.04	2.75	2.11	9.055749	14.992801	12.071433	0.562375
5.46	21.41	0.04	0.04	2.75	2.11	9.052240	14.990152	12.068306	0.562375
5.46	21.41	0.04	0.04	2.75	2.11	9.048734	14.987504	12.065181	0.562375
5.47	21.41	0.03	0.03	2.75	2.12	9.045230	14.984857	12.062058	0.562375
5.47	21.41	0.03	0.03	2.75	2.12	9.041730	14.982211	12.058937	0.562374
5.47	21.41	0.03	0.03	2.75	2.12	9.038232	14.979566	12.055818	0.562374
5.47	21.41	0.03	0.03	2.75	2.12	9.034737	14.976923	12.052701	0.562374
5.48	21.41	0.02	0.02	2.75	2.12	9.031244	14.974281	12.049586	0.562374
5.48	21.41	0.02	0.02	2.74	2.12	9.027754	14.971641	12.046473	0.562374
5.48	21.41	0.02	0.02	2.74	2.12	9.024267	14.969001	12.043362	0.562373
5.49	21.41	0.02	0.02	2.74	2.12	9.020782	14.966363	12.040253	0.562373
5.49	21.41	0.01	0.01	2.74	2.12	9.017300	14.963726	12.037145	0.562373
5.49	21.41	0.01	0.01	2.74	2.12	9.013821	14.961091	12.034040	0.562372
5.49	21.41	0.01	0.01	2.74	2.12	9.010344	14.958457	12.030937	0.562372
5.50	21.41	0.01	0.01	2.74	2.12	9.006871	14.955824	12.027835	0.562372
5.50	21.41	0.00	0.00	2.74	2.12	9.003399	14.953192	12.024736	0.562372
5.50	21.41	0.00	0.00	2.74	2.12	8.999931	14.950561	12.021638	0.562371
5.51	21.41	0.00	0.00	2.74	2.12	8.996465	14.947932	12.018543	0.562371
5.51	21.41	-0.00	-0.00	2.74	2.12	8.993002	14.945304	12.015450	0.562371
5.51	21.41	-0.00	-0.00	2.74	2.12	8.989542	14.942678	12.012358	0.562371
5.51	21.41	-0.01	-0.01	2.74	2.12	8.986084	14.940053	12.009268	0.562370
5.52	21.41	-0.01	-0.01	2.74	2.12	8.982629	14.937429	12.006181	0.562370
5.52	21.41	-0.01	-0.01	2.74	2.12	8.979177	14.934806	12.003095	0.562370
5.52	21.41	-0.01	-0.01	2.74	2.12	8.975727	14.932184	12.000012	0.562369
5.53	21.41	-0.02	-0.02	2.74	2.12	8.972281	14.929564	11.996930	0.562369
5.53	21.41	-0.02	-0.02	2.74	2.12	8.968836	14.926945	11.993850	0.562369
5.53	21.41	-0.02	-0.02	2.74	2.12	8.965395	14.924328	11.990773	0.562368
5.53	21.41	-0.02	-0.02	2.74	2.12	8.961956	14.921711	11.987697	0.562368
5.54	21.41	-0.02	-0.02	2.74	2.12	8.958520	14.919096	11.984623	0.562368
5.54	21.41	-0.03	-0.03	2.74	2.12	8.955087	14.916483	11.981552	0.562368
5.54	21.41	-0.03	-0.03	2.74	2.12	8.951656	14.913870	11.978482	0.562367
5.54	21.41	-0.03	-0.03	2.74	2.12	8.948228	14.911259	11.975414	0.562367
5.55	21.41	-0.03	-0.03	2.74	2.12	8.944803	14.908649	11.972348	0.562367
5.55	21.41	-0.04	-0.04	2.74	2.12	8.941380	14.906041	11.969284	0.562366
5.55	21.41	-0.04	-0.04	2.74	2.12	8.937961	14.903434	11.966223	0.562366
5.56	21.41	-0.04	-0.04	2.74	2.12	8.934544	14.900828	11.963163	0.562366
5.56	21.41	-0.04	-0.04	2.74	2.12	8.931129	14.898223	11.960105	0.562365
5.56	21.41	-0.04	-0.04	2.74	2.12	8.927718	14.895620	11.957049	0.562365
5.56	21.41	-0.05	-0.05	2.74	2.12	8.924309	14.893018	11.953995	0.562365
5.57	21.41	-0.05	-0.05	2.74	2.12	8.920902	14.890417	11.950943	0.562364
5.57	21.41	-0.05	-0.05	2.74	2.12	8.917499	14.887818	11.947893	0.562364
5.57	21.41	-0.05	-0.05	2.74	2.12	8.914098	14.885219	11.944845	0.562364
5.58	21.41	-0.06	-0.06	2.74	2.12	8.910700	14.882623	11.941800	0.562363
5.58	21.41	-0.06	-0.06	2.74	2.12	8.907305	14.880027	11.938756	0.562363
5.58	21.41	-0.06	-0.06	2.74	2.12	8.903912	14.877433	11.935714	0.562362
5.58	21.41	-0.06	-0.06	2.74	2.12	8.900522	14.874840	11.932674	0.562362
5.59	21.41	-0.06	-0.06	2.74	2.12	8.897135	14.872248	11.929636	0.562362
5.59	21.41	-0.07	-0.07	2.74	2.12	8.893751	14.869658	11.926600	0.562361
5.59	21.41	-0.07	-0.07	2.74	2.12	8.890369	14.867069	11.923566	0.562361
5.59	21.41	-0.07	-0.07	2.74	2.12	8.886990	14.864481	11.920534	0.562361
5.60	21.41	-0.07	-0.07	2.74	2.12	8.883614	14.861895	11.917504	0.562360
5.60	21.41	-0.07	-0.07	2.74	2.12	8.880241	14.859310	11.914476	0.562360
5.60	21.41	-0.08	-0.08	2.74	2.12	8.876870	14.856726	11.911451	0.562359
5.61	21.41	-0.08	-0.08	2.74	2.12	8.873502	14.854144	11.908427	0.562359
5.61	21.41	-0.08	-0.08	2.74	2.12	8.870136	14.851563	11.905405	0.562359
5.61	21.41	-0.08	-0.08	2.74	2.12	8.866774	14.848983	11.902385	0.562358
5.61	21.41	-0.09	-0.09	2.74	2.12	8.863414	14.846404	11.899367	0.562358
5.62	21.41	-0.09	-0.09	2.74	2.12	8.860057	14.843827	11.896351	0.562357
5.62	21.41	-0.09	-0.09	2.74	2.12	8.856703	14.841251	11.893337	0.562357
5.62	21.41	-0.09	-0.09	2.74	2.12	8.853351	14.838677	11.890326	0.562357
5.62	21.41	-0.09	-0.09	2.74	2.12	8.850002	14.836104	11.887316	0.562356
5.63	21.41	-0.10	-0.10	2.74	2.12	8.846656	14.833532	11.884308	0.562356
5.63	21.41	-0.10	-0.10	2.74	2.12	8.843313	14.830961	11.881302	0.562355
5.63	21.41	-0.10	-0.10	2.74	2.12	8.839972	14.828392	11.878299	0.562355
5.64	21.41	-0.10	-0.10	2.74	2.12	8.836635	14.825824	11.875297	0.562354
5.64	21.41	-0.10	-0.10	2.74	2.12	8.833300	14.823257	11.872297	0.562354
5.64	21.41	-0.11	-0.11	2.74	2.12	8.829967	14.820692	11.869299	0.562354
5.64	21.41	-0.11	-0.11	2.74	2.12	8.826638	14.818128	11.866304	0.562353
5.65	21.41	-0.11	-0.11	2.74	2.12	8.823311	14.815566	11.863310	0.562353
5.65	21.41	-0.11	-0.11	2.74	2.12	8.819987	14.813004	11.860319	0.562352
5.65	21.41	-0.11	-0.11	2.74	2.12	8.816665	14.810444	11.857329	0.562352
5.66	21.41	-0.12	-0.12	2.74	2.12	8.813347	14.807886	11.854341	0.562351
5.66	21.41	-0.12	-0.12	2.74	2.12	8.810031	14.805329	11.851356	0.562351
5.66	21.41	-0.12	-0.12	2.74	2.12	8.806718	14.802773	11.848372	0.562350
5.66	21.41	-0.12	-0.12	2.74	2.12	8.803408	14.800218	11.845391	0.562350
5.67	21.41	-0.12	-0.12	2.74	2.12	8.800100	14.797665	11.842411	0.562349
5.67	21.41	-0.13	-0.13	2.74	2.12	8.796795	14.795113	11.839434	0.562349
5.67	21.41	-0.13	-0.13	2.74	2.12	8.793493	14.792562	11.836459	0.562348
5.67	21.41	-0.13	-0.13	2.74	2.12	8.790194	14.790013	11.833485	0.562348
5.68	21.41	-0.13	-0.13	2.74	2.12	8.786898	14.787465	11.830514	0.562348
5.68	21.41	-0.13	-0.13	2.74	2.12	8.783604	14.784918	11.827545	0.562347
5.68	21.41	-0.14	-0.14	2.74	2.12	8.780313	14.782373	11.824577	0.562347
5.69	21.41	-0.14	-0.14	2.74	2.12	8.777025	14.779829	11.821612	0.562346
5.69	21.41	-0.14	-0.14	2.74	2.12	8.773740	14.777286	11.818649	0.562346
5.69	21.41	-0.14	-0.14	2.74	2.12	8.770457	14.774745	11.815688	0.562345
5.69	21.41	-0.14	-0.14	2.74	2.12	8.767177	14.772205	11.812729	0.562345
5.70	21.41	-0.15	-0.15	2.74	2.12	8.763900	14.769667	11.809772	0.562344
5.70	21.41	-0.15	-0.15	2.74	2.12	8.760626	14.767129	11.806817	0.562344
5.70	21.41	-0.15	-0.15	2.74	2.12	8.757354	14.764594	11.803864	0.562343
5.71	21.41	-0.15	-0.15	2.74	2.12	8.754086	14.762059	11.800913	0.562343
5.71	21.41	-0.15	-0.15	2.74	2.12	8.750820	14.759526	11.797964	0.562342
5.71	21.41	-0.16	-0.16	2.74	2.12	8.747556	14.756994	11.795017	0.562341
5.71	21.41	-0.16	-0.16	2.74	2.12	8.744296	14.754463	11.792072	0.562341
5.72	21.41	-0.16	-0.16	2.74	2.12	8.741038	14.751934	11.789129	0.562340
5.72	21.41	-0.16	-0.16	2.74	2.12	8.737784	14.749407	11.786189	0.562340
5.72	21.41	-0.16	-0.16	2.74	2.12	8.734532	14.746880	11.783250	0.562339
5.72	21.41	-0.16	-0.16	2.74	2.12	8.731282	14.744355	11.780314	0.562339
5.73	21.41	-0.17	-0.17	2.74	2.12	8.728036	14.741831	11.777379	0.562338
5.73	21.41	-0.17	-0.17	2.74	2.12	8.724792	14.739309	11.774447	0.562338
5.73	21.41	-0.17	-0.17	2.74	2.12	8.721551	14.736788	11.771516	0.562337
5.74	21.41	-0.17	-0.17	2.74	2.12	8.718313	14.734268	11.768588	0.562337
5.74	21.41	-0.17	-0.17	2.74	2.12	8.715078	14.731750	11.765661	0.562336
5.74	21.41	-0.18	-0.18	2.74	2.12	8.711845	14.729233	11.762737	0.562336
5.74	21.41	-0.18	-0.18	2.74	2.12	8.708616	14.726717	11.759815	0.562335
5.75	21.41	-0.18	-0.18	2.74	2.12	8.705389	14.724203	11.756895	0.562334
5.75	21.41	-0.18	-0.18	2.74	2.12	8.702165	14.721690	11.753977	0.562334
5.75	21.41	-0.18	-0.18	2.74	2.12	8.698943	14.719179	11.751061	0.562333
5.76	21.41	-0.18	-0.18	2.74	2.12	8.695725	14.716669	11.748147	0.562333
5.76	21.41	-0.19	-0.19	2.74	2.12	8.692509	14.714160	11.745235	0.562332
5.76	21.41	-0.19	-0.19	2.74	2.12	8.689296	14.711652	11.742325	0.562332
5.76	21.41	-0.19	-0.19	2.74	2.12	8.686086	14.709146	11.739417	0.562331
5.77	21.41	-0.19	-0.19	2.74	2.12	8.682879	14.706642	11.736512	0.562330
5.77	21.41	-0.19	-0.19	2.74	2.12	8.679674	14.704138	11.733608	0.562330
5.77	21.41	-0.20	-0.20	2.74	2.12	8.676472	14.701636	11.730706	0.562329
5.78	21.41	-0.20	-0.20	2.74	2.12	8.673274	14.699136	11.727807	0.562329
5.78	21.41	-0.20	-0.20	2.74	2.12	8.670077	14.696636	11.724910	0.562328
5.78	21.41	-0.20	-0.20	2.74	2.12	8.666884	14.694139	11.722014	0.562327
5.78	21.41	-0.20	-0.20	2.74	2.12	8.663694	14.691642	11.719121	0.562327
5.79	21.41	-0.20	-0.20	2.74	2.12	8.660506	14.689147	11.716230	0.562326
5.79	21.41	-0.21	-0.21	2.74	2.12	8.657321	14.686653	11.713341	0.562326
5.79	21.41	-0.21	-0.21	2.74	2.12	8.654139	14.684161	11.710454	0.562325
5.79	21.41	-0.21	-0.21	2.74	2.12	8.650960	14.681670	11.707569	0.562324
5.80	21.41	-0.21	-0.21	2.74	2.12	8.647783	14.679180	11.704686	0.562324
5.80	21.41	-0.21	-0.21	2.74	2.12	8.644610	14.676692	11.701805	0.562323
5.80	21.41	-0.22	-0.22	2.74	2.12	8.641439	14.674205	11.698926	0.562322
5.81	21.41	-0.22	-0.22	2.74	2.12	8.638271	14.671720	11.696050	0.562322
5.81	21.41	-0.22	-0.22	2.73	2.12	8.635106	14.669235	11.693175	0.562321
5.81	21.41	-0.22	-0.22	2.73	2.12	8.631944	14.666753	11.690303	0.562321
5.81	21.41	-0.22	-0.22	2.73	2.12	8.628784	14.664271	11.687432	0.562320
5.82	21.41	-0.22	-0.22	2.73	2.12	8.625627	14.661791	11.684564	0.562319
5.82	21.41	-0.23	-0.23	2.73	2.12	8.622473	14.659313	11.681698	0.562319
5.82	21.41	-0.23	-0.23	2.73	2.12	8.619322	14.656836	11.678834	0.562318
5.83	21.41	-0.23	-0.23	2.73	2.12	8.616174	14.654360	11.675972	0.562317
5.83	21.41	-0.23	-0.23	2.73	2.12	8.613029	14.651885	11.673112	0.562317
5.83	21.41	-0.23	-0.23	2.73	2.12	8.609886	14.649412	11.670254	0.562316
5.83	21.41	-0.23	-0.23	2.73	2.12	8.606747	14.646941	11.667398	0.562315
5.84	21.41	-0.24	-0.24	2.73	2.12	8.603610	14.644470	11.664544	0.562315
5.84	21.41	-0.24	-0.24	2.73	2.12	8.600476	14.642001	11.661693	0.562314
5.84	21.41	-0.24	-0.24	2.73	2.12	8.597344	14.639534	11.658843	0.562313
5.84	21.41	-0.24	-0.24	2.73	2.12	8.594216	14.637068	11.655996	0.562313
5.85	21.41	-0.24	-0.24	2.73	2.13	8.591090	14.634603	11.653150	0.562312
5.85	21.41	-0.24	-0.24	2.73	2.13	8.587968	14.632140	11.650307	0.562311
5.85	21.41	-0.25	-0.25	2.73	2.13	8.584848	14.629678	11.647466	0.562311
5.86	21.41	-0.25	-0.25	2.73	2.13	8.581731	14.627217	11.644627	0.562310
5.86	21.41	-0.25	-0.25	2.73	2.13	8.578617	14.624758	11.641790	0.562309
5.86	21.41	-0.25	-0.25	2.73	2.13	8.575505	14.622300	11.638955	0.562309
5.86	21.41	-0.25	-0.25	2.73	2.13	8.572397	14.619844	11.636123	0.562308
5.87	21.41	-0.25	-0.25	2.73	2.13	8.569291	14.617389	11.633292	0.562307
5.87	21.41	-0.26	-0.26	2.73	2.13	8.566188	14.614935	11.630464	0.562306
5.87	21.41	-0.26	-0.26	2.73	2.13	8.563088	14.612483	11.627637	0.562306
5.88	21.41	-0.26	-0.26	2.73	2.13	8.559991	14.610033	11.624813	0.562305
5.88	21.41	-0.26	-0.26	2.73	2.13	8.556897	14.607583	11.621991	0.562304
5.88	21.41	-0.26	-0.26	2.73	2.13	8.553805	14.605135	11.619171	0.562304
5.88	21.41	-0.26	-0.26	2.73	2.13	8.550717	14.602689	11.616353	0.562303
5.89	21.41	-0.26	-0.26	2.73	2.13	8.547631	14.600243	11.613537	0.562302
5.89	21.41	-0.27	-0.27	2.73	2.13	8.544548	14.597800	11.610723	0.562301
5.89	21.41	-0.27	-0.27	2.73	2.13	8.541468	14.595357	11.607912	0.562301
5.89	21.41	-0.27	-0.27	2.73	2.13	8.538391	14.592916	11.605102	0.562300
5.90	21.41	-0.27	-0.27	2.73	2.13	8.535317	14.590477	11.602295	0.562299
5.90	21.41	-0.27	-0.27	2.73	2.13	8.532245	14.588039	11.599489	0.562298
5.90	21.41	-0.27	-0.27	2.73	2.13	8.529176	14.585602	11.596686	0.562298
5.91	21.41	-0.28	-0.28	2.73	2.13	8.526111	14.583167	11.593885	0.562297
5.91	21.41	-0.28	-0.28	2.73	2.13	8.523048	14.580733	11.591086	0.562296
5.91	21.41	-0.28	-0.28	2.73	2.13	8.519988	14.578300	11.588289	0.562296
5.91	21.41	-0.28	-0.28	2.73	2.13	8.516930	14.575869	11.585495	0.562295
5.92	21.41	-0.28	-0.28	2.73	2.13	8.513876	14.573439	11.582702	0.562294
5.92	21.41	-0.28	-0.28	2.73	2.13	8.510825	14.571011	11.579912	0.562293
5.92	21.41	-0.28	-0.28	2.73	2.13	8.507776	14.568584	11.577123	0.562292
5.92	21.41	-0.29	-0.29	2.73	2.13	8.504730	14.566159	11.574337	0.562292
5.93	21.41	-0.29	-0.29	2.73	2.13	8.501688	14.563735	11.571553	0.562291
5.93	21.41	-0.29	-0.29	2.73	2.13	8.498648	14.561312	11.568771	0.562290
5.93	21.41	-0.29	-0.29	2.73	2.13	8.495610	14.558891	11.565991	0.562289
5.94	21.41	-0.29	-0.29	2.73	2.13	8.492576	14.556471	11.563214	0.562289
5.94	21.41	-0.29	-0.29	2.73	2.13	8.489545	14.554053	11.560438	0.562288
5.94	21.41	-0.30	-0.30	2.73	2.13	8.486516	14.551636	11.557665	0.562287
5.94	21.41	-0.30	-0.30	2.73	2.13	8.483491	14.549220	11.554893	0.562286
5.95	21.41	-0.30	-0.30	2.73	2.13	8.480468	14.546806	11.552124	0.562285
5.95	21.41	-0.30	-0.30	2.73	2.13	8.477448	14.544394	11.549357	0.562285
5.95	21.41	-0.30	-0.30	2.73	2.13	8.474431	14.541982	11.546592	0.562284
5.96	21.41	-0.30	-0.30	2.73	2.13	8.471417	14.539573	11.543829	0.562283
5.96	21.41	-0.30	-0.30	2.73	2.13	8.468405	14.537164	11.541069	0.562282
5.96	21.41	-0.31	-0.31	2.73	2.13	8.465397	14.534757	11.538310	0.562281
5.96	21.41	-0.31	-0.31	2.73	2.13	8.462392	14.532352	11.535554	0.562281
5.97	21.41	-0.31	-0.31	2.73	2.13	8.459389	14.529948	11.532800	0.562280
5.97	21.41	-0.31	-0.31	2.73	2.13	8.456389	14.527545	11.530048	0.562279
5.97	21.41	-0.31	-0.31	2.73	2.13	8.453392	14.525144	11.527298	0.562278
5.97	21.41	-0.31	-0.31	2.73	2.13	8.450398	14.522744	11.524550	0.562277
5.98	21.41	-0.31	-0.31	2.73	2.13	8.447407	14.520345	11.521804	0.562277
5.98	21.41	-0.32	-0.32	2.73	2.13	8.444419	14.517948	11.519061	0.562276
5.98	21.41	-0.32	-0.32	2.73	2.13	8.441434	14.515553	11.516319	0.562275
5.99	21.41	-0.32	-0.32	2.73	2.13	8.438451	14.513159	11.513580	0.562274
5.99	21.41	-0.32	-0.32	2.73	2.13	8.435472	14.510766	11.510843	0.562273
5.99	21.41	-0.32	-0.32	2.73	2.13	8.432495	14.508375	11.508108	0.562272
5.99	21.41	-0.32	-0.32	2.73	2.13	8.429521	14.505985	11.505375	0.562272
6.00	21.41	-0.32	-0.32	2.73	2.13	8.426551	14.503597	11.502645	0.562271
6.00	21.41	-0.33	-0.33	2.73	2.13	8.423583	14.501210	11.499916	0.562270
6.00	21.41	-0.33	-0.33	2.73	2.13	8.420618	14.498824	11.497190	0.562269
6.01	21.41	-0.33	-0.33	2.73	2.13	8.417655	14.496440	11.494465	0.562268
6.01	21.41	-0.33	-0.33	2.73	2.13	8.414696	14.494058	11.491743	0.562267
6.01	21.41	-0.33	-0.33	2.73	2.13	8.411740	14.491676	11.489024	0.562266
6.01	21.41	-0.33	-0.33	2.73	2.13	8.408786	14.489297	11.486306	0.562266
6.02	21.41	-0.33	-0.33	2.73	2.13	8.405836	14.486918	11.483590	0.562265
6.02	21.41	-0.33	-0.33	2.73	2.13	8.402888	14.484541	11.480877	0.562264
6.02	21.41	-0.34	-0.34	2.73	2.13	8.399943	14.482166	11.478166	0.562263
6.03	21.41	-0.34	-0.34	2.73	2.13	8.397001	14.479792	11.475457	0.562262
6.03	21.41	-0.34	-0.34	2.73	2.13	8.394062	14.477420	11.472750	0.562261
6.03	21.41	-0.34	-0.34	2.73	2.13	8.391126	14.475049	11.470045	0.562260
6.03	21.41	-0.34	-0.34	2.73	2.13	8.388193	14.472679	11.467342	0.562259
6.04	21.41	-0.34	-0.34	2.73	2.13	8.385263	14.470311	11.464642	0.562258
6.04	21.41	-0.34	-0.34	2.73	2.13	8.382336	14.467944	11.461943	0.562258
6.04	21.41	-0.34	-0.34	2.73	2.13	8.379411	14.465579	11.459247	0.562257
6.04	21.41	-0.35	-0.35	2.73	2.13	8.376490	14.463215	11.456553	0.562256
6.05	21.41	-0.35	-0.35	2.73	2.13	8.373571	14.460853	11.453862	0.562255
6.05	21.41	-0.35	-0.35	2.73	2.13	8.370655	14.458492	11.451172	0.562254
6.05	21.41	-0.35	-0.35	2.73	2.13	8.367743	14.456132	11.448484	0.562253
6.06	21.41	-0.35	-0.35	2.73	2.13	8.364833	14.453774	11.445799	0.562252
6.06	21.41	-0.35	-0.35	2.73	2.13	8.361926	14.451418	11.443116	0.562251
6.06	21.41	-0.35	-0.35	2.73	2.13	8.359022	14.449063	11.440435	0.562250
6.06	21.41	-0.35	-0.35	2.73	2.13	8.356121	14.446709	11.437756	0.562249
6.07	21.41	-0.36	-0.36	2.73	2.13	8.353222	14.444357	11.435080	0.562248
6.07	21.41	-0.36	-0.36	2.73	2.13	8.350327	14.442006	11.432405	0.562248
6.07	21.41	-0.36	-0.36	2.73	2.13	8.347435	14.439657	11.429733	0.562247
6.08	21.41	-0.36	-0.36	2.73	2.13	8.344545	14.437309	11.427063	0.562246
6.08	21.41	-0.36	-0.36	2.73	2.13	8.341659	14.434963	11.424395	0.562245
6.08	21.41	-0.36	-0.36	2.73	2.13	8.338775	14.432618	11.421729	0.562244
6.08	21.41	-0.36	-0.36	2.73	2.13	8.335895	14.430274	11.419066	0.562243
6.09	21.41	-0.36	-0.36	2.73	2.13	8.333017	14.427932	11.416404	0.562242
6.09	21.41	-0.37	-0.37	2.73	2.13	8.330142	14.425592	11.413745	0.562241
6.09	21.41	-0.37	-0.37	2.73	2.13	8.327270	14.423253	11.411088	0.562240
6.09	21.41	-0.37	-0.37	2.73	2.13	8.324401	14.420915	11.408433	0.562239
6.10	21.41	-0.37	-0.37	2.73	2.13	8.321535	14.418579	11.405781	0.562238
6.10	21.41	-0.37	-0.37	2.73	2.13	8.318672	14.416244	11.403130	0.562237
6.10	21.41	-0.37	-0.37	2.73	2.13	8.315812	14.413911	11.400482	0.562236
6.11	21.41	-0.37	-0.37	2.73	2.13	8.312955	14.411579	11.397836	0.562235
6.11	21.41	-0.37	-0.37	2.73	2.13	8.310100	14.409249	11.395192	0.562234
6.11	21.41	-0.38	-0.38	2.73	2.13	8.307249	14.406921	11.392550	0.562233
6.11	21.41	-0.38	-0.38	2.73	2.13	8.304400	14.404593	11.389911	0.562232
6.12	21.41	-0.38	-0.38	2.73	2.13	8.301555	14.402267	11.387273	0.562231
6.12	21.41	-0.38	-0.38	2.73	2.13	8.298712	14.399943	11.384638	0.562230
6.12	21.41	-0.38	-0.38	2.73	2.13	8.295873	14.397620	11.382005	0.562229
6.12	21.41	-0.38	-0.38	2.73	2.13	8.293036	14.395299	11.379374	0.562228
6.13	21.41	-0.38	-0.38	2.73	2.13	8.290202	14.392979	11.376746	0.562227
6.13	21.41	-0.38	-0.38	2.73	2.13	8.287372	14.390660	11.374119	0.562226
6.13	21.41	-0.38	-0.38	2.73	2.13	8.284544	14.388343	11.371495	0.562225
6.14	21.41	-0.39	-0.39	2.73	2.13	8.281719	14.386028	11.368873	0.562224
6.14	21.41	-0.39	-0.39	2.73	2.13	8.278897	14.383714	11.366253	0.562223
6.14	21.41	-0.39	-0.39	2.73	2.13	8.276078	14.381401	11.363636	0.562222
6.14	21.41	-0.39	-0.39	2.73	2.13	8.273262	14.379090	11.361020	0.562221
6.15	21.41	-0.39	-0.39	2.73	2.13	8.270449	14.376781	11.358407	0.562220
6.15	21.41	-0.39	-0.39	2.73	2.13	8.267639	14.374473	11.355796	0.562219
6.15	21.41	-0.39	-0.39	2.73	2.13	8.264831	14.372166	11.353188	0.562218
6.16	21.41	-0.39	-0.39	2.73	2.13	8.262027	14.369861	11.350581	0.562217
6.16	21.41	-0.39	-0.39	2.73	2.13	8.259226	14.367557	11.347977	0.562216
6.16	21.41	-0.40	-0.40	2.73	2.13	8.256427	14.365255	11.345374	0.562215
6.16	21.41	-0.40	-0.40	2.73	2.13	8.253632	14.362954	11.342774	0.562214
6.17	21.41	-0.40	-0.40	2.72	2.13	8.250839	14.360655	11.340177	0.562213
6.17	21.41	-0.40	-0.40	2.72	2.13	8.248050	14.358358	11.337581	0.562212
6.17	21.41	-0.40	-0.40	2.72	2.13	8.245263	14.356061	11.334988	0.562211
6.17	21.41	-0.40	-0.40	2.72	2.13	8.242480	14.353767	11.332396	0.562210
6.18	21.41	-0.40	-0.40	2.72	2.13	8.239699	14.351473	11.329808	0.562209
6.18	21.41	-0.40	-0.40	2.72	2.13	8.236922	14.349182	11.327221	0.562208
6.18	21.41	-0.40	-0.40	2.72	2.13	8.234147	14.346891	11.324636	0.562207
6.19	21.41	-0.40	-0.40	2.72	2.13	8.231375	14.344603	11.322054	0.562206
6.19	21.41	-0.41	-0.41	2.72	2.13	8.228606	14.342315	11.319474	0.562205
6.19	21.41	-0.41	-0.41	2.72	2.13	8.225840	14.340030	11.316896	0.562204
6.19	21.41	-0.41	-0.41	2.72	2.13	8.223078	14.337745	11.314320	0.562203
6.20	21.41	-0.41	-0.41	2.72	2.13	8.220318	14.335462	11.311747	0.562202
6.20	21.41	-0.41	-0.41	2.72	2.13	8.217561	14.333181	11.309176	0.562200
6.20	21.41	-0.41	-0.41	2.72	2.13	8.214807	14.330901	11.306607	0.562199
6.21	21.41	-0.41	-0.41	2.72	2.13	8.212056	14.328623	11.304040	0.562198
6.21	21.41	-0.41	-0.41	2.72	2.13	8.209308	14.326346	11.301475	0.562197
6.21	21.41	-0.41	-0.41	2.72	2.13	8.206563	14.324071	11.298913	0.562196
6.21	21.41	-0.41	-0.41	2.72	2.13	8.203821	14.321797	11.296353	0.562195
6.22	21.41	-0.42	-0.42	2.72	2.13	8.201082	14.319525	11.293795	0.562194
6.22	21.41	-0.42	-0.42	2.72	2.13	8.198345	14.317254	11.291239	0.562193
6.22	21.41	-0.42	-0.42	2.72	2.13	8.195612	14.314985	11.288686	0.562192
6.22	21.41	-0.42	-0.42	2.72	2.13	8.192882	14.312717	11.286134	0.562191
6.23	21.41	-0.42	-0.42	2.72	2.13	8.190155	14.310451	11.283585	0.562190
6.23	21.41	-0.42	-0.42	2.72	2.13	8.187431	14.308186	11.281039	0.562188
6.23	21.41	-0.42	-0.42	2.72	2.13	8.184709	14.305923	11.278494	0.562187
6.24	21.41	-0.42	-0.42	2.72	2.13	8.181991	14.303661	11.275952	0.562186
6.24	21.41	-0.42	-0.42	2.72	2.13	8.179276	14.301401	11.273412	0.562185
6.24	21.41	-0.42	-0.42	2.72	2.13	8.176564	14.299142	11.270874	0.562184
6.24	21.41	-0.42	-0.42	2.72	2.13	8.173854	14.296885	11.268338	0.562183
6.25	21.41	-0.43	-0.43	2.72	2.13	8.171148	14.294629	11.265805	0.562182
6.25	21.41	-0.43	-0.43	2.72	2.13	8.168444	14.292375	11.263274	0.562181
6.25	21.41	-0.43	-0.43	2.72	2.13	8.165744	14.290122	11.260745	0.562180
6.26	21.41	-0.43	-0.43	2.72	2.13	8.163047	14.287871	11.258218	0.562178
6.26	21.41	-0.43	-0.43	2.72	2.13	8.160352	14.285621	11.255693	0.562177
6.26	21.41	-0.43	-0.43	2.72	2.13	8.157661	14.283373	11.253171	0.562176
6.26	21.41	-0.43	-0.43	2.72	2.13	8.154972	14.281126	11.250651	0.562175
6.27	21.41	-0.43	-0.43	2.72	2.13	8.152287	14.278881	11.248133	0.562174
6.27	21.41	-0.43	-0.43	2.72	2.13	8.149604	14.276637	11.245618	0.562173
6.27	21.41	-0.43	-0.43	2.72	2.13	8.146925	14.274395	11.243105	0.562172
6.28	21.41	-0.43	-0.43	2.72	2.13	8.144249	14.272155	11.240594	0.562170
6.28	21.41	-0.43	-0.43	2.72	2.13	8.141575	14.269916	11.238085	0.562169
6.28	21.41	-0.44	-0.44	2.72	2.13	8.138905	14.267678	11.235578	0.562168
6.28	21.41	-0.44	-0.44	2.72	2.13	8.136237	14.265442	11.233074	0.562167
6.29	21.41	-0.44	-0.44	2.72	2.13	8.133573	14.263208	11.230572	0.562166
6.29	21.41	-0.44	-0.44	2.72	2.13	8.130911	14.260975	11.228072	0.562165
6.29	21.41	-0.44	-0.44	2.72	2.13	8.128253	14.258743	11.225574	0.562163
6.29	21.41	-0.44	-0.44	2.72	2.13	8.125597	14.256513	11.223079	0.562162
6.30	21.41	-0.44	-0.44	2.72	2.13	8.122945	14.254285	11.220586	0.562161
6.30	21.41	-0.44	-0.44	2.72	2.13	8.120295	14.252058	11.218095	0.562160
6.30	21.41	-0.44	-0.44	2.72	2.13	8.117649	14.249832	11.215607	0.562159
6.31	21.41	-0.44	-0.44	2.72	2.13	8.115005	14.247609	11.213120	0.562158
6.31	21.41	-0.44	-0.44	2.72	2.13	8.112365	14.245386	11.210636	0.562156
6.31	21.41	-0.44	-0.44	2.72	2.13	8.109727	14.243165	11.208154	0.562155
6.31	21.41	-0.45	-0.45	2.72	2.13	8.107093	14.240946	11.205675	0.562154
6.32	21.41	-0.45	-0.45	2.72	2.13	8.104461	14.238728	11.203197	0.562153
6.32	21.41	-0.45	-0.45	2.72	2.13	8.101833	14.236512	11.200722	0.562152
6.32	21.41	-0.45	-0.45	2.72	2.13	8.099207	14.234297	11.198249	0.562150
6.33	21.41	-0.45	-0.45	2.72	2.13	8.096585	14.232084	11.195779	0.562149
6.33	21.41	-0.45	-0.45	2.72	2.13	8.093965	14.229873	11.193311	0.562148
6.33	21.41	-0.45	-0.45	2.72	2.13	8.091349	14.227663	11.190845	0.562147
6.33	21.41	-0.45	-0.45	2.72	2.13	8.088735	14.225454	11.188381	0.562146
6.34	21.41	-0.45	-0.45	2.72	2.13	8.086125	14.223247	11.185919	0.562144
6.34	21.41	-0.45	-0.45	2.72	2.13	8.083518	14.221042	11.183460	0.562143
6.34	21.41	-0.45	-0.45	2.72	2.13	8.080913	14.218838	11.181003	0.562142
6.34	21.41	-0.45	-0.45	2.72	2.13	8.078312	14.216635	11.178548	0.562141
6.35	21.41	-0.45	-0.45	2.72	2.13	8.075713	14.214434	11.176096	0.562139
6.35	21.41	-0.45	-0.45	2.72	2.13	8.073118	14.212235	11.173646	0.562138
6.35	21.41	-0.46	-0.46	2.72	2.13	8.070526	14.210037	11.171198	0.562137
6.36	21.41	-0.46	-0.46	2.72	2.13	8.067937	14.207841	11.168752	0.562136
6.36	21.41	-0.46	-0.46	2.72	2.13	8.065350	14.205646	11.166308	0.562134
6.36	21.41	-0.46	-0.46	2.72	2.13	8.062767	14.203453	11.163867	0.562133
6.36	21.41	-0.46	-0.46	2.72	2.13	8.060187	14.201261	11.161428	0.562132
6.37	21.41	-0.46	-0.46	2.72	2.13	8.057610	14.199071	11.158992	0.562131
6.37	21.41	-0.46	-0.46	2.72	2.13	8.055035	14.196883	11.156557	0.562129
6.37	21.41	-0.46	-0.46	2.72	2.13	8.052464	14.194696	11.154125	0.562128
6.38	21.41	-0.46	-0.46	2.72	2.13	8.049896	14.192510	11.151696	0.562127
6.38	21.41	-0.46	-0.46	2.72	2.13	8.047331	14.190326	11.149268	0.562126
6.38	21.41	-0.46	-0.46	2.72	2.13	8.044769	14.188144	11.146843	0.562124
6.38	21.41	-0.46	-0.46	2.72	2.13	8.042210	14.185963	11.144420	0.562123
6.39	21.41	-0.46	-0.46	2.72	2.13	8.039654	14.183784	11.141999	0.562122
6.39	21.41	-0.46	-0.46	2.72	2.13	8.037101	14.181606	11.139581	0.562121
6.39	21.41	-0.46	-0.46	2.72	2.13	8.034551	14.179430	11.137165	0.562119
6.39	21.41	-0.47	-0.47	2.72	2.13	8.032004	14.177255	11.134751	0.562118
6.40	21.41	-0.47	-0.47	2.72	2.13	8.029460	14.175082	11.132339	0.562117
6.40	21.41	-0.47	-0.47	2.72	2.13	8.026919	14.172911	11.129930	0.562116
6.40	21.41	-0.47	-0.47	2.72	2.13	8.024381	14.170741	11.127523	0.562114
6.41	21.41	-0.47	-0.47	2.72	2.13	8.021846	14.168572	11.125118	0.562113
6.41	21.41	-0.47	-0.47	2.72	2.13	8.019315	14.166406	11.122716	0.562112
6.41	21.41	-0.47	-0.47	2.72	2.13	8.016786	14.164240	11.120315	0.562110
6.41	21.41	-0.47	-0.47	2.72	2.13	8.014260	14.162077	11.117917	0.562109
6.42	21.41	-0.47	-0.47	2.72	2.13	8.011738	14.159914	11.115522	0.562108
6.42	21.41	-0.47	-0.47	2.72	2.14	8.009218	14.157754	11.113128	0.562106
6.42	21.41	-0.47	-0.47	2.72	2.14	8.006701	14.155595	11.110737	0.562105
6.42	21.41	-0.47	-0.47	2.72	2.14	8.004188	14.153437	11.108349	0.562104
6.43	21.41	-0.47	-0.47	2.72	2.14	8.001677	14.151281	11.105962	0.562102
6.43	21.41	-0.47	-0.47	2.72	2.14	7.999170	14.149127	11.103578	0.562101
6.43	21.41	-0.47	-0.47	2.72	2.14	7.996666	14.146974	11.101196	0.562100
6.44	21.41	-0.47	-0.47	2.72	2.14	7.994164	14.144823	11.098817	0.562099
6.44	21.41	-0.47	-0.47	2.72	2.14	7.991666	14.142673	11.096439	0.562097
6.44	21.41	-0.47	-0.47	2.72	2.14	7.989171	14.140525	11.094064	0.562096
6.44	21.41	-0.48	-0.48	2.72	2.14	7.986678	14.138378	11.091691	0.562095
6.45	21.41	-0.48	-0.48	2.72	2.14	7.984189	14.136233	11.089321	0.562093
6.45	21.41	-0.48	-0.48	2.72	2.14	7.981703	14.134090	11.086953	0.562092
6.45	21.41	-0.48	-0.48	2.72	2.14	7.979220	14.131948	11.084587	0.562091
6.46	21.41	-0.48	-0.48	2.72	2.14	7.976740	14.129808	11.082223	0.562089
6.46	21.41	-0.48	-0.48	2.72	2.14	7.974263	14.127669	11.079862	0.562088
6.46	21.41	-0.48	-0.48	2.72	2.14	7.971789	14.125532	11.077503	0.562086
6.46	21.41	-0.48	-0.48	2.72	2.14	7.969318	14.123396	11.075147	0.562085
6.47	21.41	-0.48	-0.48	2.72	2.14	7.966850	14.121262	11.072792	0.562084
6.47	21.41	-0.48	-0.48	2.72	2.14	7.964386	14.119129	11.070440	0.562082
6.47	21.41	-0.48	-0.48	2.72	2.14	7.961924	14.116999	11.068090	0.562081
6.47	21.41	-0.48	-0.48	2.72	2.14	7.959465	14.114869	11.065743	0.562080
6.48	21.41	-0.48	-0.48	2.72	2.14	7.957010	14.112741	11.063398	0.562078
6.48	21.41	-0.48	-0.48	2.72	2.14	7.954557	14.110615	11.061055	0.562077
6.48	21.41	-0.48	-0.48	2.72	2.14	7.952108	14.108491	11.058714	0.562076
6.49	21.41	-0.48	-0.48	2.72	2.14	7.949661	14.106368	11.056376	0.562074
6.49	21.41	-0.48	-0.48	2.72	2.14	7.947218	14.104246	11.054040	0.562073
6.49	21.41	-0.48	-0.48	2.72	2.14	7.944778	14.102126	11.051707	0.562071
6.49	21.41	-0.48	-0.48	2.72	2.14	7.942341	14.100008	11.049375	0.562070
6.50	21.41	-0.48	-0.48	2.72	2.14	7.939906	14.097891	11.047046	0.562069
6.50	21.41	-0.48	-0.48	2.72	2.14	7.937475	14.095776	11.044720	0.562067
6.50	21.41	-0.48	-0.48	2.72	2.14	7.935047	14.093663	11.042395	0.562066
6.51	21.41	-0.49	-0.49	2.72	2.14	7.932622	14.091551	11.040073	0.562065
6.51	21.41	-0.49	-0.49	2.72	2.14	7.930200	14.089440	11.037753	0.562063
6.51	21.41	-0.49	-0.49	2.72	2.14	7.927782	14.087331	11.035436	0.562062
6.51	21.41	-0.49	-0.49	2.72	2.14	7.925366	14.085224	11.033121	0.562060
6.52	21.41	-0.49	-0.49	2.72	2.14	7.922953	14.083118	11.030808	0.562059
6.52	21.41	-0.49	-0.49	2.72	2.14	7.920544	14.081014	11.028498	0.562057
6.52	21.41	-0.49	-0.49	2.72	2.14	7.918137	14.078912	11.026189	0.562056
6.53	21.41	-0.49	-0.49	2.72	2.14	7.915734	14.076811	11.023883	0.562055
6.53	21.41	-0.49	-0.49	2.72	2.14	7.913333	14.074712	11.021580	0.562053
6.53	21.41	-0.49	-0.49	2.72	2.14	7.910936	14.072614	11.019279	0.562052
6.53	21.41	-0.49	-0.49	2.72	2.14	7.908542	14.070518	11.016980	0.562050
6.54	21.41	-0.49	-0.49	2.72	2.14	7.906150	14.068423	11.014683	0.562049
6.54	21.41	-0.49	-0.49	2.72	2.14	7.903762	14.066330	11.012389	0.562048
6.54	21.41	-0.49	-0.49	2.72	2.14	7.901377	14.064239	11.010097	0.562046
6.54	21.41	-0.49	-0.49	2.72	2.14	7.898995	14.062149	11.007807	0.562045
6.55	21.41	-0.49	-0.49	2.72	2.14	7.896617	14.060061	11.005520	0.562043
6.55	21.41	-0.49	-0.49	2.72	2.14	7.894241	14.057974	11.003235	0.562042
6.55	21.41	-0.49	-0.49	2.72	2.14	7.891868	14.055889	11.000952	0.562040
6.56	21.41	-0.49	-0.49	2.72	2.14	7.889498	14.053806	10.998672	0.562039
6.56	21.41	-0.49	-0.49	2.72	2.14	7.887132	14.051724	10.996394	0.562037
6.56	21.41	-0.49	-0.49	2.72	2.14	7.884768	14.049644	10.994118	0.562036
6.56	21.41	-0.49	-0.49	2.72	2.14	7.882408	14.047565	10.991845	0.562035
6.57	21.41	-0.49	-0.49	2.72	2.14	7.880051	14.045488	10.989574	0.562033
6.57	21.41	-0.49	-0.49	2.72	2.14	7.877697	14.043413	10.987305	0.562032
6.57	21.41	-0.49	-0.49	2.72	2.14	7.875346	14.041339	10.985039	0.562030
6.58	21.41	-0.49	-0.49	2.71	2.14	7.872998	14.039267	10.982775	0.562029
6.58	21.41	-0.49	-0.49	2.71	2.14	7.870653	14.037196	10.980513	0.562027
6.58	21.41	-0.49	-0.49	2.71	2.14	7.868311	14.035127	10.978254	0.562026
6.58	21.41	-0.49	-0.49	2.71	2.14	7.865972	14.033060	10.975997	0.562024
6.59	21.41	-0.49	-0.49	2.71	2.14	7.863636	14.030994	10.973742	0.562023
6.59	21.41	-0.49	-0.49	2.71	2.14	7.861304	14.028929	10.971490	0.562021
6.59	21.41	-0.49	-0.49	2.71	2.14	7.858974	14.026867	10.969240	0.562020
6.59	21.41	-0.50	-0.50	2.71	2.14	7.856648	14.024806	10.966992	0.562018
6.60	21.41	-0.50	-0.50	2.71	2.14	7.854325	14.022746	10.964746	0.562017
6.60	21.41	-0.50	-0.50	2.71	2.14	7.852004	14.020689	10.962503	0.562015
6.60	21.41	-0.50	-0.50	2.71	2.14	7.849687	14.018632	10.960263	0.562014
6.61	21.41	-0.50	-0.50	2.71	2.14	7.847373	14.016578	10.958024	0.562012
6.61	21.41	-0.50	-0.50	2.71	2.14	7.845062	14.014525	10.955788	0.562011
6.61	21.41	-0.50	-0.50	2.71	2.14	7.842755	14.012473	10.953555	0.562009
6.61	21.41	-0.50	-0.50	2.71	2.14	7.840450	14.010424	10.951323	0.562008
6.62	21.41	-0.50	-0.50	2.71	2.14	7.838148	14.008375	10.949094	0.562006
6.62	21.41	-0.50	-0.50	2.71	2.14	7.835850	14.006329	10.946868	0.562005
6.62	21.41	-0.50	-0.50	2.71	2.14	7.833554	14.004284	10.944644	0.562003
6.62	21.41	-0.50	-0.50	2.71	2.14	7.831262	14.002241	10.942422	0.562002
6.63	21.41	-0.50	-0.50	2.71	2.14	7.828973	14.000199	10.940202	0.562000
6.63	21.41	-0.50	-0.50	2.71	2.14	7.826687	13.998159	10.937985	0.561999
6.63	21.41	-0.50	-0.50	2.71	2.14	7.824404	13.996120	10.935770	0.561997
6.64	21.41	-0.50	-0.50	2.71	2.14	7.822124	13.994083	10.933557	0.561996
6.64	21.41	-0.50	-0.50	2.71	2.14	7.819847	13.992048	10.931347	0.561994
6.64	21.41	-0.50	-0.50	2.71	2.14	7.817574	13.990014	10.929139	0.561993
6.64	21.41	-0.50	-0.50	2.71	2.14	7.815303	13.987982	10.926934	0.561991
6.65	21.41	-0.50	-0.50	2.71	2.14	7.813035	13.985952	10.924731	0.561990
6.65	21.41	-0.50	-0.50	2.71	2.14	7.810771	13.983923	10.922530	0.561988
6.65	21.41	-0.50	-0.50	2.71	2.14	7.808510	13.981896	10.920331	0.561986
6.66	21.41	-0.50	-0.50	2.71	2.14	7.806252	13.979870	10.918135	0.561985
6.66	21.41	-0.50	-0.50	2.71	2.14	7.803997	13.977846	10.915941	0.561983
6.66	21.41	-0.50	-0.50	2.71	2.14	7.801745	13.975824	10.913750	0.561982
6.66	21.41	-0.50	-0.50	2.71	2.14	7.799496	13.973803	10.911561	0.561980
6.67	21.41	-0.50	-0.50	2.71	2.14	7.797250	13.971784	10.909374	0.561979
6.67	21.41	-0.50	-0.50	2.71	2.14	7.795008	13.969767	10.907190	0.561977
6.67	21.41	-0.50	-0.50	2.71	2.14	7.792768	13.967751	10.905008	0.561975
6.67	21.41	-0.50	-0.50	2.71	2.14	7.790532	13.965737	10.902828	0.561974
6.68	21.41	-0.50	-0.50	2.71	2.14	7.788299	13.963724	10.900651	0.561972
6.68	21.41	-0.50	-0.50	2.71	2.14	7.786069	13.961713	10.898476	0.561971
6.68	21.41	-0.50	-0.50	2.71	2.14	7.783842	13.959704	10.896304	0.561969
6.69	21.41	-0.50	-0.50	2.71	2.14	7.781618	13.957696	10.894134	0.561968
6.69	21.41	-0.50	-0.50	2.71	2.14	7.779397	13.955690	10.891966	0.561966
6.69	21.41	-0.50	-0.50	2.71	2.14	7.777180	13.953686	10.889800	0.561964
6.69	21.41	-0.50	-0.50	2.71	2.14	7.774965	13.951683	10.887637	0.561963
6.70	21.41	-0.50	-0.50	2.71	2.14	7.772754	13.949682	10.885477	0.561961
6.70	21.41	-0.50	-0.50	2.71	2.14	7.770546	13.947682	10.883318	0.561960
6.70	21.41	-0.50	-0.50	2.71	2.14	7.768340	13.945684	10.881162	0.561958
6.71	21.41	-0.50	-0.50	2.71	2.14	7.766138	13.943688	10.879009	0.561956
6.71	21.41	-0.50	-0.50	2.71	2.14	7.763940	13.941693	10.876858	0.561955
6.71	21.41	-0.50	-0.50	2.71	2.14	7.761744	13.939700	10.874709	0.561953
6.71	21.41	-0.50	-0.50	2.71	2.14	7.759551	13.937709	10.872562	0.561952
6.72	21.41	-0.50	-0.49	2.71	2.14	7.757362	13.935719	10.870418	0.561950
6.72	21.41	-0.50	-0.49	2.71	2.14	7.755175	13.933731	10.868276	0.561948
6.72	21.41	-0.50	-0.48	2.71	2.14	7.752992	13.931744	10.866137	0.561947
6.72	21.41	-0.50	-0.48	2.71	2.14	7.750812	13.929760	10.864000	0.561945
6.73	21.41	-0.50	-0.47	2.71	2.14	7.748635	13.927776	10.861865	0.561944
6.73	21.41	-0.50	-0.47	2.71	2.14	7.746461	13.925795	10.859733	0.561942
6.73	21.41	-0.50	-0.46	2.71	2.14	7.744291	13.923815	10.857603	0.561940
6.74	21.41	-0.50	-0.46	2.71	2.14	7.742123	13.921837	10.855476	0.561939
6.74	21.41	-0.50	-0.45	2.71	2.14	7.739959	13.919860	10.853351	0.561937
6.74	21.41	-0.50	-0.45	2.71	2.14	7.737799	13.917885	10.851228	0.561935
6.74	21.41	-0.50	-0.44	2.71	2.14	7.735642	13.915911	10.849108	0.561934
6.75	21.41	-0.50	-0.44	2.71	2.14	7.733488	13.913940	10.846990	0.561932
6.75	21.41	-0.50	-0.43	2.71	2.14	7.731339	13.911970	10.844874	0.561930
6.75	21.41	-0.50	-0.43	2.71	2.14	7.729194	13.910001	10.842761	0.561929
6.76	21.41	-0.50	-0.42	2.71	2.14	7.727053	13.908034	10.840651	0.561927
6.76	21.41	-0.50	-0.42	2.71	2.14	7.724916	13.906069	10.838543	0.561925
6.76	21.41	-0.50	-0.41	2.71	2.14	7.722784	13.904106	10.836438	0.561924
6.76	21.41	-0.50	-0.41	2.71	2.14	7.720658	13.902144	10.834336	0.561922
6.77	21.41	-0.50	-0.40	2.71	2.14	7.718536	13.900184	10.832236	0.561920
6.77	21.41	-0.50	-0.40	2.71	2.14	7.716420	13.898225	10.830139	0.561919
6.77	21.41	-0.50	-0.39	2.71	2.14	7.714309	13.896268	10.828044	0.561917
6.78	21.41	-0.50	-0.39	2.71	2.14	7.712204	13.894313	10.825953	0.561915
6.78	21.41	-0.50	-0.38	2.71	2.14	7.710105	13.892359	10.823864	0.561913
6.78	21.41	-0.50	-0.38	2.71	2.14	7.708012	13.890407	10.821778	0.561912
6.78	21.41	-0.50	-0.37	2.71	2.14	7.705925	13.888457	10.819696	0.561910
6.79	21.41	-0.50	-0.37	2.71	2.14	7.703845	13.886509	10.817616	0.561908
6.79	21.41	-0.49	-0.36	2.71	2.14	7.701772	13.884562	10.815539	0.561906
6.79	21.41	-0.49	-0.36	2.71	2.14	7.699705	13.882616	10.813466	0.561905
6.79	21.41	-0.49	-0.35	2.71	2.14	7.697645	13.880673	10.811396	0.561903
6.80	21.41	-0.49	-0.35	2.71	2.14	7.695592	13.878731	10.809329	0.561901
6.80	21.41	-0.49	-0.34	2.71	2.14	7.693546	13.876790	10.807265	0.561899
6.80	21.41	-0.49	-0.34	2.71	2.14	7.691508	13.874852	10.805205	0.561897
6.81	21.41	-0.49	-0.33	2.71	2.14	7.689477	13.872915	10.803148	0.561895
6.81	21.41	-0.49	-0.33	2.71	2.14	7.687453	13.870980	10.801094	0.561893
6.81	21.41	-0.49	-0.32	2.71	2.14	7.685437	13.869046	10.799045	0.561891
6.81	21.41	-0.49	-0.32	2.71	2.14	7.683429	13.867114	10.796998	0.561890
6.82	21.41	-0.49	-0.31	2.71	2.14	7.681428	13.865184	10.794955	0.561888
6.82	21.41	-0.49	-0.31	2.71	2.14	7.679436	13.863255	10.792916	0.561886
6.82	21.41	-0.49	-0.30	2.71	2.14	7.677451	13.861328	10.790881	0.561884
6.83	21.41	-0.49	-0.30	2.71	2.14	7.675474	13.859403	10.788850	0.561882
6.83	21.41	-0.49	-0.29	2.71	2.14	7.673506	13.857480	10.786822	0.561880
6.83	21.41	-0.49	-0.29	2.71	2.14	7.671545	13.855558	10.784798	0.561878
6.83	21.41	-0.49	-0.28	2.71	2.14	7.669593	13.853638	10.782778	0.561875
6.84	21.41	-0.49	-0.27	2.71	2.14	7.667650	13.851720	10.780762	0.561873
6.84	21.41	-0.49	-0.27	2.71	2.14	7.665714	13.849803	10.778750	0.561871
6.84	21.41	-0.49	-0.26	2.71	2.14	7.663787	13.847888	10.776742	0.561869
6.84	21.41	-0.48	-0.26	2.71	2.14	7.661869	13.845975	10.774738	0.561867
6.85	21.41	-0.48	-0.25	2.71	2.14	7.659959	13.844064	10.772738	0.561865
6.85	21.41	-0.48	-0.25	2.71	2.14	7.658057	13.842154	10.770743	0.561863
6.85	21.41	-0.48	-0.24	2.71	2.14	7.656164	13.840246	10.768752	0.561861
6.86	21.41	-0.48	-0.24	2.71	2.14	7.654280	13.838340	10.766765	0.561858
6.86	21.41	-0.48	-0.23	2.71	2.14	7.652405	13.836436	10.764782	0.561856
6.86	21.41	-0.48	-0.23	2.71	2.14	7.650538	13.834534	10.762803	0.561854
6.86	21.41	-0.48	-0.22	2.71	2.14	7.648680	13.832633	10.760829	0.561852
6.87	21.41	-0.48	-0.21	2.71	2.14	7.646831	13.830734	10.758860	0.561849
6.87	21.41	-0.48	-0.21	2.71	2.14	7.644991	13.828837	10.756894	0.561847
6.87	21.41	-0.48	-0.20	2.71	2.14	7.643159	13.826942	10.754934	0.561845
6.88	21.41	-0.48	-0.20	2.71	2.14	7.641336	13.825048	10.752978	0.561842
6.88	21.41	-0.48	-0.19	2.71	2.14	7.639523	13.823156	10.751026	0.561840
6.88	21.41	-0.48	-0.19	2.71	2.14	7.637718	13.821267	10.749079	0.561837
6.88	21.41	-0.47	-0.18	2.71	2.14	7.635922	13.819379	10.747136	0.561835
6.89	21.41	-0.47	-0.18	2.71	2.14	7.634135	13.817492	10.745199	0.561833
6.89	21.41	-0.47	-0.17	2.71	2.14	7.632357	13.815608	10.743266	0.561830
6.89	21.41	-0.47	-0.16	2.71	2.14	7.630588	13.813726	10.741337	0.561828
6.89	21.41	-0.47	-0.16	2.71	2.14	7.628829	13.811845	10.739414	0.561825
6.90	21.41	-0.47	-0.15	2.71	2.14	7.627078	13.809967	10.737495	0.561823
6.90	21.41	-0.47	-0.15	2.71	2.14	7.625336	13.808090	10.735581	0.561820
6.90	21.41	-0.47	-0.14	2.71	2.14	7.623603	13.806215	10.733671	0.561818
6.91	21.41	-0.47	-0.14	2.71	2.14	7.621880	13.804343	10.731767	0.561815
6.91	21.41	-0.47	-0.13	2.71	2.14	7.620165	13.802472	10.729867	0.561812
6.91	21.41	-0.47	-0.13	2.71	2.14	7.618460	13.800603	10.727973	0.561810
6.91	21.41	-0.46	-0.12	2.71	2.14	7.616764	13.798736	10.726083	0.561807
6.92	21.41	-0.46	-0.11	2.71	2.14	7.615077	13.796871	10.724198	0.561805
6.92	21.41	-0.46	-0.11	2.71	2.14	7.613399	13.795008	10.722319	0.561802
6.92	21.41	-0.46	-0.10	2.71	2.14	7.611730	13.793146	10.720444	0.561799
6.92	21.41	-0.46	-0.10	2.71	2.14	7.610070	13.791287	10.718574	0.561796
6.93	21.41	-0.46	-0.09	2.71	2.14	7.608420	13.789430	10.716710	0.561794
6.93	21.41	-0.46	-0.09	2.71	2.14	7.606779	13.787575	10.714850	0.561791
6.93	21.41	-0.46	-0.08	2.71	2.14	7.605147	13.785722	10.712996	0.561788
6.94	21.41	-0.46	-0.07	2.71	2.14	7.603524	13.783871	10.711146	0.561785
6.94	21.41	-0.46	-0.07	2.71	2.14	7.601910	13.782022	10.709302	0.561783
6.94	21.41	-0.45	-0.06	2.71	2.14	7.600305	13.780175	10.707463	0.561780
6.94	21.41	-0.45	-0.06	2.71	2.14	7.598710	13.778331	10.705629	0.561777
6.95	21.41	-0.45	-0.05	2.71	2.14	7.597124	13.776488	10.703800	0.561774
6.95	21.41	-0.45	-0.04	2.71	2.14	7.595547	13.774647	10.701977	0.561771
6.95	21.41	-0.45	-0.04	2.71	2.14	7.593979	13.772809	10.700158	0.561768
6.96	21.41	-0.45	-0.03	2.71	2.14	7.592421	13.770972	10.698345	0.561765
6.96	21.41	-0.45	-0.03	2.71	2.14	7.590871	13.769138	10.696537	0.561762
6.96	21.41	-0.45	-0.02	2.71	2.14	7.589331	13.767306	10.694735	0.561759
6.96	21.41	-0.45	-0.01	2.71	2.14	7.587800	13.765476	10.692938	0.561756
6.97	21.41	-0.44	-0.01	2.71	2.14	7.586279	13.763648	10.691146	0.561753
6.97	21.41	-0.44	-0.00	2.71	2.14	7.584766	13.761822	10.689359	0.561750
6.97	21.41	-0.44	0.00	2.71	2.14	7.583263	13.759999	10.687578	0.561747
6.97	21.41	-0.44	0.01	2.71	2.14	7.581769	13.758177	10.685802	0.561744
6.98	21.41	-0.44	0.02	2.71	2.14	7.580285	13.756358	10.684032	0.561741
6.98	21.41	-0.44	0.02	2.71	2.14	7.578809	13.754541	10.682266	0.561738
6.98	21.41	-0.44	0.03	2.71	2.14	7.577343	13.752726	10.680507	0.561735
6.99	21.41	-0.44	0.03	2.71	2.14	7.575886	13.750914	10.678752	0.561732
6.99	21.41	-0.43	0.04	2.71	2.14	7.574438	13.749103	10.677003	0.561728
6.99	21.41	-0.43	0.05	2.71	2.14	7.572999	13.747295	10.675260	0.561725
6.99	21.41	-0.43	0.05	2.71	2.14	7.571570	13.745490	10.673522	0.561722
7.00	21.41	-0.43	0.06	2.71	2.14	7.570150	13.743686	10.671789	0.561719
7.00	21.41	-0.43	0.06	2.71	2.14	7.568739	13.741885	10.670062	0.561716
7.00	21.41	-0.43	0.07	2.71	2.14	7.567337	13.740086	10.668341	0.561712
7.01	21.41	-0.43	0.08	2.71	2.14	7.565945	13.738289	10.666625	0.561709
7.01	21.41	-0.42	0.08	2.71	2.14	7.564562	13.736495	10.664914	0.561706
7.01	21.41	-0.42	0.09	2.71	2.14	7.563188	13.734703	10.663209	0.561702
7.01	21.41	-0.42	0.09	2.71	2.14	7.561823	13.732913	10.661509	0.561699
7.02	21.41	-0.42	0.10	2.71	2.14	7.560467	13.731125	10.659815	0.561696
7.02	21.41	-0.42	0.11	2.71	2.14	7.559121	13.729340	10.658127	0.561692
7.02	21.41	-0.42	0.11	2.71	2.14	7.557784	13.727557	10.656444	0.561689
7.03	21.41	-0.42	0.12	2.71	2.14	7.556456	13.725777	10.654767	0.561685
7.03	21.41	-0.41	0.13	2.71	2.14	7.555137	13.723999	10.653095	0.561682
7.03	21.41	-0.41	0.13	2.71	2.14	7.553828	13.722223	10.651429	0.561679
7.03	21.41	-0.41	0.14	2.71	2.14	7.552527	13.720450	10.649768	0.561675
7.04	21.41	-0.41	0.14	2.71	2.14	7.551236	13.718679	10.648113	0.561672
7.04	21.41	-0.41	0.15	2.71	2.14	7.549954	13.716911	10.646464	0.561668
7.04	21.41	-0.41	0.16	2.71	2.14	7.548681	13.715145	10.644820	0.561664
7.04	21.41	-0.40	0.16	2.71	2.14	7.547418	13.713381	10.643182	0.561661
7.05	21.41	-0.40	0.17	2.71	2.14	7.546163	13.711620	10.641549	0.561657
7.05	21.41	-0.40	0.18	2.71	2.14	7.544918	13.709861	10.639922	0.561654
7.05	21.41	-0.40	0.18	2.71	2.14	7.543682	13.708105	10.638301	0.561650
7.06	21.41	-0.40	0.19	2.71	2.14	7.542456	13.706351	10.636686	0.561647
7.06	21.41	-0.40	0.20	2.71	2.14	7.541238	13.704600	10.635076	0.561643
7.06	21.41	-0.39	0.20	2.71	2.14	7.540029	13.702851	10.633472	0.561639
7.06	21.41	-0.39	0.21	2.71	2.14	7.538830	13.701104	10.631873	0.561636
7.07	21.41	-0.39	0.21	2.71	2.14	7.537640	13.699361	10.630280	0.561632
7.07	21.41	-0.39	0.22	2.71	2.14	7.536459	13.697619	10.628693	0.561628
7.07	21.41	-0.39	0.23	2.71	2.14	7.535287	13.695880	10.627112	0.561624
7.08	21.41	-0.39	0.23	2.71	2.14	7.534125	13.694144	10.625536	0.561621
7.08	21.41	-0.38	0.24	2.71	2.14	7.532971	13.692410	10.623966	0.561617
7.08	21.41	-0.38	0.25	2.71	2.14	7.531827	13.690679	10.622402	0.561613
7.08	21.41	-0.38	0.25	2.71	2.14	7.530692	13.688950	10.620843	0.561609
7.09	21.41	-0.38	0.26	2.70	2.14	7.529566	13.687224	10.619290	0.561605
7.09	21.41	-0.38	0.27	2.70	2.14	7.528449	13.685500	10.617743	0.561602
7.09	21.41	-0.38	0.27	2.70	2.14	7.527341	13.683779	10.616202	0.561598
7.09	21.41	-0.37	0.28	2.70	2.14	7.526243	13.682061	10.614666	0.561594
7.10	21.41	-0.37	0.29	2.70	2.14	7.525153	13.680345	10.613136	0.561590
7.10	21.41	-0.37	0.29	2.70	2.14	7.524073	13.678631	10.611612	0.561586
7.10	21.41	-0.37	0.30	2.70	2.14	7.523002	13.676921	10.610094	0.561582
7.11	21.41	-0.37	0.31	2.70	2.14	7.521940	13.675213	10.608581	0.561578
7.11	21.41	-0.36	0.31	2.70	2.14	7.520887	13.673507	10.607075	0.561574
7.11	21.41	-0.36	0.32	2.70	2.14	7.519843	13.671804	10.605574	0.561570
7.11	21.41	-0.36	0.33	2.70	2.14	7.518808	13.670104	10.604078	0.561566
7.12	21.41	-0.36	0.33	2.70	2.14	7.517782	13.668407	10.602589	0.561562
7.12	21.41	-0.36	0.34	2.70	2.14	7.516766	13.666712	10.601105	0.561558
7.12	21.41	-0.35	0.35	2.70	2.14	7.515758	13.665020	10.599627	0.561554
7.12	21.41	-0.35	0.35	2.70	2.14	7.514760	13.663330	10.598155	0.561550
7.13	21.41	-0.35	0.36	2.70	2.13	7.513771	13.661643	10.596689	0.561546
7.13	21.41	-0.35	0.37	2.70	2.13	7.512791	13.659959	10.595228	0.561542
7.13	21.41	-0.35	0.37	2.70	2.13	7.511820	13.658278	10.593774	0.561538
7.14	21.41	-0.34	0.38	2.70	2.13	7.510858	13.656599	10.592325	0.561533
7.14	21.41	-0.34	0.39	2.70	2.13	7.509905	13.654923	10.590882	0.561529
7.14	21.41	-0.34	0.39	2.70	2.13	7.508961	13.653249	10.589445	0.561525
7.14	21.41	-0.34	0.40	2.70	2.13	7.508026	13.651579	10.588013	0.561521
7.15	21.41	-0.34	0.41	2.70	2.13	7.507101	13.649911	10.586588	0.561517
7.15	21.41	-0.33	0.41	2.70	2.13	7.506184	13.648246	10.585168	0.561512
7.15	21.41	-0.33	0.42	2.70	2.13	7.505276	13.646583	10.583754	0.561508
7.16	21.41	-0.33	0.43	2.70	2.13	7.504378	13.644923	10.582346	0.561504
7.16	21.41	-0.33	0.43	2.70	2.13	7.503488	13.643267	10.580944	0.561500
7.16	21.41	-0.33	0.44	2.70	2.13	7.502608	13.641612	10.579548	0.561495
7.16	21.41	-0.32	0.45	2.70	2.13	7.501737	13.639961	10.578157	0.561491
7.17	21.41	-0.32	0.45	2.70	2.13	7.500874	13.638312	10.576773	0.561487
7.17	21.41	-0.32	0.46	2.70	2.13	7.500021	13.636667	10.575394	0.561482
7.17	21.41	-0.32	0.47	2.70	2.13	7.499177	13.635024	10.574021	0.561478
7.17	21.41	-0.31	0.48	2.70	2.13	7.498341	13.633383	10.572654	0.561474
7.18	21.41	-0.31	0.48	2.70	2.13	7.497515	13.631746	10.571293	0.561469
7.18	21.41	-0.31	0.49	2.70	2.13	7.496698	13.630111	10.569937	0.561465
7.18	21.41	-0.31	0.50	2.70	2.13	7.495890	13.628480	10.568588	0.561460
7.19	21.41	-0.31	0.50	2.70	2.13	7.495091	13.626851	10.567244	0.561456
7.19	21.41	-0.30	0.51	2.70	2.13	7.494300	13.625225	10.565907	0.561451
7.19	21.41	-0.30	0.52	2.70	2.13	7.493519	13.623602	10.564575	0.561447
7.19	21.41	-0.30	0.52	2.70	2.13	7.492747	13.621981	10.563249	0.561442
7.20	21.41	-0.30	0.53	2.70	2.13	7.491984	13.620364	10.561929	0.561438
7.20	21.41	-0.29	0.54	2.70	2.13	7.491230	13.618749	10.560615	0.561433
7.20	21.41	-0.29	0.55	2.70	2.13	7.490485	13.617137	10.559307	0.561429
7.21	21.41	-0.29	0.55	2.70	2.13	7.489749	13.615528	10.558004	0.561424
7.21	21.41	-0.29	0.56	2.70	2.13	7.489021	13.613922	10.556708	0.561420
7.21	21.41	-0.28	0.57	2.70	2.13	7.488303	13.612319	10.555417	0.561415
7.21	21.41	-0.28	0.57	2.70	2.13	7.487594	13.610719	10.554133	0.561410
7.22	21.41	-0.28	0.58	2.70	2.13	7.486894	13.609122	10.552854	0.561406
7.22	21.41	-0.28	0.59	2.70	2.13	7.486202	13.607527	10.551581	0.561401
7.22	21.41	-0.28	0.60	2.70	2.13	7.485520	13.605936	10.550314	0.561396
7.22	21.41	-0.27	0.60	2.70	2.13	7.484847	13.604347	10.549053	0.561392
7.23	21.41	-0.27	0.61	2.70	2.13	7.484182	13.602762	10.547798	0.561387
7.23	21.41	-0.27	0.62	2.70	2.13	7.483527	13.601179	10.546549	0.561382
7.23	21.41	-0.27	0.62	2.70	2.13	7.482880	13.599600	10.545305	0.561378
7.24	21.41	-0.26	0.63	2.70	2.13	7.482243	13.598023	10.544068	0.561373
7.24	21.41	-0.26	0.64	2.70	2.13	7.481614	13.596449	10.542837	0.561368
7.24	21.41	-0.26	0.65	2.70	2.13	7.480994	13.594878	10.541611	0.561363
7.24	21.41	-0.26	0.65	2.70	2.13	7.480384	13.593310	10.540392	0.561359
7.25	21.41	-0.25	0.66	2.70	2.13	7.479782	13.591746	10.539178	0.561354
7.25	21.41	-0.25	0.67	2.70	2.13	7.479189	13.590184	10.537970	0.561349
7.25	21.41	-0.25	0.67	2.70	2.13	7.478605	13.588625	10.536768	0.561344
7.26	21.41	-0.25	0.68	2.70	2.13	7.478030	13.587069	10.535573	0.561339
7.26	21.41	-0.24	0.69	2.70	2.13	7.477464	13.585516	10.534383	0.561334
7.26	21.41	-0.24	0.70	2.70	2.13	7.476906	13.583966	10.533199	0.561329
7.26	21.41	-0.24	0.70	2.70	2.13	7.476358	13.582419	10.532021	0.561325
7.27	21.41	-0.23	0.71	2.70	2.13	7.475819	13.580876	10.530848	0.561320
7.27	21.41	-0.23	0.72	2.70	2.13	7.475288	13.579335	10.529682	0.561315
7.27	21.41	-0.23	0.73	2.70	2.13	7.474767	13.577797	10.528522	0.561310
7.28	21.41	-0.23	0.73	2.70	2.13	7.474254	13.576262	10.527368	0.561305
7.28	21.41	-0.22	0.74	2.70	2.13	7.473750	13.574731	10.526219	0.561300
7.28	21.41	-0.22	0.75	2.70	2.13	7.473255	13.573202	10.525077	0.561295
7.28	21.41	-0.22	0.76	2.70	2.13	7.472769	13.571676	10.523941	0.561290
7.29	21.41	-0.22	0.76	2.70	2.13	7.472292	13.570154	10.522810	0.561285
7.29	21.41	-0.21	0.77	2.70	2.13	7.471824	13.568635	10.521686	0.561280
7.29	21.41	-0.21	0.78	2.70	2.13	7.471364	13.567118	10.520567	0.561275
7.29	21.41	-0.21	0.79	2.70	2.13	7.470914	13.565605	10.519455	0.561270
7.30	21.41	-0.20	0.79	2.70	2.13	7.470472	13.564095	10.518348	0.561265
7.30	21.41	-0.20	0.80	2.70	2.13	7.470039	13.562588	10.517247	0.561259
7.30	21.41	-0.20	0.81	2.70	2.13	7.469615	13.561084	10.516153	0.561254
7.31	21.41	-0.20	0.82	2.70	2.13	7.469200	13.559583	10.515064	0.561249
7.31	21.41	-0.19	0.82	2.70	2.13	7.468794	13.558085	10.513981	0.561244
7.31	21.41	-0.19	0.83	2.70	2.13	7.468396	13.556591	10.512904	0.561239
7.31	21.41	-0.19	0.84	2.70	2.13	7.468008	13.555099	10.511833	0.561234
7.32	21.41	-0.18	0.85	2.70	2.13	7.467628	13.553611	10.510769	0.561228
7.32	21.41	-0.18	0.85	2.70	2.13	7.467257	13.552126	10.509710	0.561223
7.32	21.41	-0.18	0.86	2.70	2.13	7.466895	13.550644	10.508657	0.561218
7.33	21.41	-0.18	0.87	2.70	2.13	7.466542	13.549165	10.507610	0.561213
7.33	21.41	-0.17	0.88	2.70	2.13	7.466197	13.547689	10.506569	0.561208
7.33	21.41	-0.17	0.88	2.70	2.13	7.465862	13.546216	10.505534	0.561202
7.33	21.41	-0.17	0.89	2.70	2.13	7.465535	13.544747	10.504505	0.561197
7.34	21.41	-0.16	0.90	2.70	2.13	7.465217	13.543281	10.503482	0.561192
7.34	21.41	-0.16	0.91	2.70	2.13	7.464908	13.541818	10.502465	0.561186
7.34	21.41	-0.16	0.91	2.70	2.13	7.464608	13.540358	10.501454	0.561181
7.34	21.41	-0.16	0.92	2.70	2.13	7.464316	13.538901	10.500449	0.561176
7.35	21.41	-0.15	0.93	2.70	2.13	7.464033	13.537448	10.499450	0.561170
7.35	21.41	-0.15	0.94	2.70	2.13	7.463759	13.535997	10.498456	0.561165
7.35	21.41	-0.15	0.95	2.70	2.13	7.463494	13.534550	10.497469	0.561160
7.36	21.41	-0.14	0.95	2.70	2.13	7.463238	13.533106	10.496488	0.561154
7.36	21.41	-0.14	0.96	2.70	2.13	7.462990	13.531666	10.495513	0.561149
7.36	21.41	-0.14	0.97	2.70	2.13	7.462752	13.530228	10.494544	0.561143
7.36	21.41	-0.13	0.98	2.70	2.13	7.462522	13.528794	10.493581	0.561138
7.37	21.41	-0.13	0.98	2.70	2.13	7.462301	13.527363	10.492624	0.561132
7.37	21.41	-0.13	0.99	2.70	2.13	7.462088	13.525935	10.491673	0.561127
7.37	21.41	-0.12	1.00	2.70	2.13	7.461884	13.524511	10.490727	0.561121
7.38	21.41	-0.12	1.01	2.70	2.13	7.461690	13.523090	10.489788	0.561116
7.38	21.41	-0.12	1.02	2.70	2.13	7.461504	13.521671	10.488855	0.561110
7.38	21.41	-0.11	1.02	2.70	2.13	7.461326	13.520257	10.487928	0.561105
7.38	21.41	-0.11	1.03	2.70	2.13	7.461158	13.518845	10.487007	0.561099
7.39	21.41	-0.11	1.04	2.70	2.13	7.460998	13.517437	10.486092	0.561094
7.39	21.41	-0.11	1.05	2.70	2.13	7.460847	13.516032	10.485183	0.561088
7.39	21.41	-0.10	1.05	2.70	2.13	7.460704	13.514630	10.484279	0.561082
7.39	21.41	-0.10	1.06	2.70	2.13	7.460571	13.513232	10.483382	0.561077
7.40	21.41	-0.10	1.07	2.70	2.13	7.460446	13.511837	10.482491	0.561071
7.40	21.41	-0.09	1.08	2.70	2.13	7.460330	13.510445	10.481606	0.561066
7.40	21.41	-0.09	1.09	2.70	2.13	7.460222	13.509057	10.480727	0.561060
7.41	21.41	-0.09	1.09	2.70	2.13	7.460124	13.507672	10.479854	0.561054
7.41	21.41	-0.08	1.10	2.70	2.13	7.460034	13.506290	10.478987	0.561049
7.41	21.41	-0.08	1.11	2.70	2.13	7.459953	13.504911	10.478126	0.561043
7.41	21.41	-0.08	1.12	2.70	2.13	7.459880	13.503536	10.477271	0.561037
7.42	21.41	-0.07	1.13	2.70	2.12	7.459817	13.502164	10.476422	0.561031
7.42	21.41	-0.07	1.13	2.70	2.12	7.459762	13.500795	10.475579	0.561026
7.42	21.41	-0.07	1.14	2.70	2.12	7.459715	13.499430	10.474742	0.561020
7.42	21.41	-0.06	1.15	2.70	2.12	7.459678	13.498068	10.473911	0.561014
7.43	21.41	-0.06	1.16	2.70	2.12	7.459649	13.496710	10.473086	0.561008
7.43	21.41	-0.06	1.17	2.70	2.12	7.459629	13.495355	10.472267	0.561003
7.43	21.41	-0.05	1.17	2.70	2.12	7.459617	13.494003	10.471454	0.560997
7.44	21.41	-0.05	1.18	2.70	2.12	7.459614	13.492654	10.470647	0.560991
7.44	21.41	-0.04	1.19	2.70	2.12	7.459620	13.491309	10.469846	0.560985
7.44	21.41	-0.04	1.20	2.70	2.12	7.459635	13.489967	10.469052	0.560979
7.44	21.41	-0.04	1.21	2.70	2.12	7.459658	13.488629	10.468263	0.560973
7.45	21.41	-0.03	1.22	2.70	2.12	7.459690	13.487294	10.467480	0.560968
7.45	21.41	-0.03	1.22	2.70	2.12	7.459731	13.485962	10.466703	0.560962
7.45	21.41	-0.03	1.23	2.70	2.12	7.459780	13.484634	10.465933	0.560956
7.46	21.41	-0.02	1.24	2.70	2.12	7.459838	13.483309	10.465168	0.560950
7.46	21.41	-0.02	1.25	2.70	2.12	7.459905	13.481988	10.464409	0.560944
7.46	21.41	-0.02	1.26	2.70	2.12	7.459980	13.480670	10.463657	0.560938
7.46	21.41	-0.01	1.26	2.70	2.12	7.460065	13.479355	10.462910	0.560932
7.47	21.41	-0.01	1.27	2.70	2.12	7.460157	13.478044	10.462170	0.560926
7.47	21.41	-0.01	1.28	2.70	2.12	7.460259	13.476737	10.461435	0.560920
7.47	21.41	-0.00	1.29	2.70	2.12	7.460369	13.475432	10.460707	0.560914
7.47	21.41	0.00	1.30	2.70	2.12	7.460487	13.474131	10.459984	0.560908
7.48	21.41	0.00	1.31	2.70	2.12	7.460615	13.472834	10.459268	0.560902
7.48	21.41	0.01	1.31	2.70	2.12	7.460751	13.471540	10.458558	0.560896
7.48	21.41	0.01	1.32	2.70	2.12	7.460895	13.470249	10.457853	0.560890
7.49	21.41	0.02	1.33	2.70	2.12	7.461049	13.468962	10.457155	0.560884
7.49	21.41	0.02	1.34	2.70	2.12	7.461211	13.467678	10.456463	0.560878
7.49	21.41	0.02	1.35	2.70	2.12	7.461381	13.466398	10.455777	0.560872
7.49	21.41	0.03	1.36	2.70	2.12	7.461560	13.465121	10.455097	0.560865
7.50	21.41	0.03	1.36	2.70	2.12	7.461748	13.463848	10.454423	0.560859
7.50	21.41	0.03	1.37	2.70	2.12	7.461945	13.462578	10.453754	0.560853
7.50	21.41	0.04	1.38	2.70	2.12	7.462150	13.461312	10.453093	0.560847
7.51	21.41	0.04	1.39	2.70	2.12	7.462363	13.460049	10.452437	0.560841
7.51	21.41	0.05	1.40	2.70	2.12	7.462586	13.458789	10.451787	0.560835
7.51	21.41	0.05	1.41	2.70	2.12	7.462817	13.457533	10.451143	0.560828
7.51	21.41	0.05	1.41	2.70	2.12	7.463056	13.456281	10.450505	0.560822
7.52	21.41	0.06	1.42	2.70	2.12	7.463304	13.455032	10.449873	0.560816
7.52	21.41	0.06	1.43	2.70	2.12	7.463561	13.453787	10.449248	0.560810
7.52	21.41	0.06	1.44	2.70	2.12	7.463826	13.452545	10.448628	0.560803
7.53	21.41	0.07	1.45	2.70	2.12	7.464100	13.451306	10.448014	0.560797
7.53	21.41	0.07	1.46	2.70	2.12	7.464383	13.450071	10.447407	0.560791
7.53	21.41	0.08	1.47	2.70	2.12	7.464674	13.448840	10.446805	0.560785
7.53	21.41	0.08	1.47	2.70	2.12	7.464974	13.447612	10.446210	0.560778
7.54	21.41	0.08	1.48	2.70	2.12	7.465282	13.446388	10.445621	0.560772
7.54	21.41	0.09	1.49	2.70	2.12	7.465599	13.445167	10.445037	0.560766
7.54	21.41	0.09	1.50	2.70	2.12	7.465925	13.443950	10.444460	0.560759
7.54	21.41	0.10	1.51	2.70	2.12	7.466259	13.442736	10.443889	0.560753
7.55	21.41	0.10	1.52	2.70	2.12	7.466602	13.441526	10.443324	0.560747
7.55	21.41	0.10	1.53	2.70	2.12	7.466953	13.440319	10.442765	0.560740
7.55	21.41	0.11	1.53	2.70	2.12	7.467313	13.439116	10.442212	0.560734
7.56	21.41	0.11	1.54	2.70	2.12	7.467681	13.437916	10.441665	0.560727
7.56	21.41	0.12	1.55	2.70	2.12	7.468058	13.436720	10.441124	0.560721
7.56	21.41	0.12	1.56	2.70	2.12	7.468444	13.435528	10.440589	0.560714
7.56	21.41	0.12	1.57	2.70	2.12	7.468838	13.434339	10.440060	0.560708
7.57	21.41	0.13	1.58	2.70	2.12	7.469241	13.433154	10.439538	0.560702
7.57	21.41	0.13	1.59	2.70	2.12	7.469652	13.431972	10.439021	0.560695
7.57	21.41	0.14	1.59	2.70	2.12	7.470072	13.430794	10.438511	0.560689
7.58	21.41	0.14	1.60	2.70	2.12	7.470500	13.429619	10.438006	0.560682
7.58	21.41	0.14	1.61	2.70	2.12	7.470937	13.428448	10.437508	0.560676
7.58	21.41	0.15	1.62	2.70	2.12	7.471382	13.427281	10.437015	0.560669
7.58	21.41	0.15	1.63	2.70	2.12	7.471836	13.426117	10.436529	0.560662
7.59	21.41	0.16	1.64	2.70	2.12	7.472299	13.424957	10.436049	0.560656
7.59	21.41	0.16	1.65	2.70	2.12	7.472770	13.423801	10.435575	0.560649
7.59	21.41	0.17	1.66	2.70	2.12	7.473249	13.422648	10.435107	0.560643
7.59	21.41	0.17	1.66	2.70	2.12	7.473738	13.421498	10.434645	0.560636
7.60	21.41	0.17	1.67	2.70	2.12	7.474234	13.420353	10.434189	0.560630
7.60	21.41	0.18	1.68	2.70	2.12	7.474739	13.419211	10.433739	0.560623
7.60	21.41	0.18	1.69	2.70	2.12	7.475253	13.418072	10.433295	0.560616
7.61	21.41	0.19	1.70	2.70	2.12	7.475775	13.416937	10.432858	0.560610
7.61	21.41	0.19	1.71	2.70	2.12	7.476306	13.415806	10.432426	0.560603
7.61	21.41	0.19	1.72	2.70	2.11	7.476845	13.414679	10.432001	0.560596
7.61	21.41	0.20	1.73	2.70	2.11	7.477393	13.413555	10.431581	0.560590
7.62	21.41	0.20	1.73	2.70	2.11	7.477949	13.412434	10.431168	0.560583
7.62	21.41	0.21	1.74	2.70	2.11	7.478514	13.411318	10.430760	0.560576
7.62	21.41	0.21	1.75	2.70	2.11	7.479087	13.410205	10.430359	0.560569
7.62	21.41	0.22	1.76	2.70	2.11	7.479669	13.409095	10.429964	0.560563
7.63	21.41	0.22	1.77	2.70	2.11	7.480260	13.407990	10.429575	0.560556
7.63	21.41	0.22	1.78	2.70	2.11	7.480858	13.406888	10.429192	0.560549
7.63	21.41	0.23	1.79	2.70	2.11	7.481466	13.405789	10.428815	0.560542
7.64	21.41	0.23	1.80	2.70	2.11	7.482081	13.404695	10.428444	0.560536
7.64	21.41	0.24	1.81	2.70	2.11	7.482706	13.403604	10.428080	0.560529
7.64	21.41	0.24	1.82	2.70	2.11	7.483338	13.402516	10.427721	0.560522
7.64	21.41	0.25	1.82	2.70	2.11	7.483980	13.401433	10.427369	0.560515
7.65	21.41	0.25	1.83	2.70	2.11	7.484629	13.400353	10.427022	0.560508
7.65	21.41	0.26	1.84	2.70	2.11	7.485288	13.399277	10.426682	0.560501
7.65	21.41	0.26	1.85	2.70	2.11	7.485954	13.398204	10.426347	0.560494
7.66	21.41	0.26	1.86	2.70	2.11	7.486629	13.397135	10.426019	0.560488
7.66	21.41	0.27	1.87	2.70	2.11	7.487313	13.396070	10.425697	0.560481
7.66	21.41	0.27	1.88	2.70	2.11	7.488005	13.395009	10.425381	0.560474
7.66	21.41	0.28	1.89	2.70	2.11	7.488706	13.393951	10.425071	0.560467
7.67	21.41	0.28	1.90	2.70	2.11	7.489415	13.392897	10.424767	0.560460
7.67	21.41	0.29	1.91	2.70	2.11	7.490132	13.391846	10.424470	0.560453
7.67	21.41	0.29	1.91	2.70	2.11	7.490858	13.390800	10.424178	0.560446
7.67	21.41	0.30	1.92	2.70	2.11	7.491593	13.389757	10.423892	0.560439
7.68	21.41	0.30	1.93	2.70	2.11	7.492335	13.388718	10.423613	0.560432
7.68	21.41	0.31	1.94	2.70	2.11	7.493087	13.387682	10.423339	0.560425
7.68	21.41	0.31	1.95	2.70	2.11	7.493846	13.386651	10.423072	0.560418
7.69	21.41	0.31	1.96	2.70	2.11	7.494615	13.385623	10.422811	0.560411
7.69	21.41	0.32	1.97	2.70	2.11	7.495391	13.384599	10.422556	0.560404
7.69	21.41	0.32	1.98	2.70	2.11	7.496176	13.383578	10.422307	0.560397
7.69	21.41	0.33	1.99	2.70	2.11	7.496970	13.382561	10.422064	0.560390
7.70	21.41	0.33	2.00	2.70	2.11	7.497772	13.381548	10.421827	0.560383
7.70	21.41	0.34	2.01	2.70	2.11	7.498582	13.380539	10.421596	0.560376
7.70	21.41	0.34	2.02	2.70	2.11	7.499401	13.379534	10.421372	0.560369
7.71	21.41	0.35	2.02	2.70	2.11	7.500228	13.378532	10.421153	0.560361
7.71	21.41	0.35	2.03	2.70	2.11	7.501064	13.377534	10.420941	0.560354
7.71	21.41	0.36	2.04	2.70	2.11	7.501908	13.376540	10.420734	0.560347
7.71	21.41	0.36	2.05	2.70	2.11	7.502760	13.375550	10.420534	0.560340
7.72	21.41	0.37	2.06	2.70	2.11	7.503621	13.374563	10.420340	0.560333
7.72	21.41	0.37	2.07	2.70	2.11	7.504490	13.373580	10.420152	0.560326
7.72	21.41	0.38	2.08	2.70	2.11	7.505368	13.372601	10.419970	0.560318
7.72	21.41	0.38	2.09	2.70	2.11	7.506254	13.371626	10.419794	0.560311
7.73	21.41	0.38	2.10	2.70	2.11	7.507149	13.370654	10.419624	0.560304
7.73	21.41	0.39	2.11	2.70	2.11	7.508052	13.369687	10.419461	0.560297
7.73	21.41	0.39	2.12	2.70	2.11	7.508963	13.368723	10.419303	0.560290
7.74	21.41	0.40	2.13	2.70	2.11	7.509883	13.367763	10.419152	0.560282
7.74	21.41	0.40	2.14	2.70	2.11	7.510811	13.366806	10.419006	0.560275
7.74	21.41	0.41	2.15	2.70	2.11	7.511748	13.365854	10.418867	0.560268
7.74	21.41	0.41	2.16	2.70	2.11	7.512692	13.364905	10.418734	0.560261
7.75	21.41	0.42	2.16	2.70	2.11	7.513646	13.363960	10.418607	0.560253
7.75	21.41	0.42	2.17	2.70	2.11	7.514607	13.363019	10.418486	0.560246
7.75	21.41	0.43	2.18	2.70	2.11	7.515578	13.362082	10.418371	0.560239
7.76	21.41	0.43	2.19	2.70	2.11	7.516556	13.361149	10.418262	0.560231
7.76	21.41	0.44	2.20	2.70	2.11	7.517543	13.360219	10.418160	0.560224
7.76	21.41	0.44	2.21	2.70	2.11	7.518538	13.359293	10.418063	0.560216
7.76	21.41	0.45	2.22	2.70	2.11	7.519542	13.358371	10.417973	0.560209
7.77	21.41	0.45	2.23	2.70	2.11	7.520554	13.357453	10.417889	0.560202
7.77	21.41	0.46	2.24	2.70	2.10	7.521574	13.356539	10.417810	0.560194
7.77	21.41	0.46	2.25	2.70	2.10	7.522603	13.355628	10.417738	0.560187
7.78	21.41	0.47	2.26	2.70	2.10	7.523640	13.354722	10.417672	0.560179
7.78	21.41	0.47	2.27	2.70	2.10	7.524685	13.353819	10.417613	0.560172
7.78	21.41	0.48	2.28	2.70	2.10	7.525739	13.352920	10.417559	0.560165
7.78	21.41	0.48	2.29	2.70	2.10	7.526801	13.352025	10.417511	0.560157
7.79	21.41	0.49	2.30	2.70	2.10	7.527871	13.351134	10.417470	0.560150
7.79	21.41	0.49	2.31	2.70	2.10	7.528950	13.350247	10.417434	0.560142
7.79	21.41	0.50	2.32	2.70	2.10	7.530037	13.349363	10.417405	0.560135
7.79	21.41	0.50	2.33	2.70	2.10	7.531133	13.348484	10.417382	0.560127
7.80	21.41	0.51	2.34	2.70	2.10	7.532237	13.347608	10.417365	0.560120
7.80	21.41	0.51	2.35	2.70	2.10	7.533349	13.346736	10.417354	0.560112
7.80	21.41	0.52	2.36	2.70	2.10	7.534470	13.345868	10.417349	0.560104
7.81	21.41	0.52	2.37	2.70	2.10	7.535598	13.345004	10.417350	0.560097
7.81	21.41	0.53	2.37	2.70	2.10	7.536736	13.344144	10.417357	0.560089
7.81	21.41	0.53	2.38	2.70	2.10	7.537881	13.343287	10.417371	0.560082
7.81	21.41	0.54	2.39	2.70	2.10	7.539035	13.342435	10.417390	0.560074
7.82	21.41	0.54	2.40	2.70	2.10	7.540197	13.341586	10.417416	0.560067
7.82	21.41	0.55	2.41	2.70	2.10	7.541368	13.340742	10.417448	0.560059
7.82	21.41	0.56	2.42	2.70	2.10	7.542547	13.339901	10.417486	0.560051
7.83	21.41	0.56	2.43	2.70	2.10	7.543734	13.339064	10.417530	0.560044
7.83	21.41	0.57	2.44	2.70	2.10	7.544929	13.338231	10.417580	0.560036
7.83	21.41	0.57	2.45	2.70	2.10	7.546133	13.337402	10.417636	0.560028
7.83	21.41	0.58	2.46	2.70	2.10	7.547345	13.336577	10.417699	0.560021
7.84	21.41	0.58	2.47	2.70	2.10	7.548566	13.335755	10.417767	0.560013
7.84	21.41	0.59	2.48	2.70	2.10	7.549794	13.334938	10.417842	0.560005
7.84	21.41	0.59	2.49	2.70	2.10	7.551031	13.334125	10.417923	0.559997
7.84	21.41	0.60	2.50	2.70	2.10	7.552277	13.333315	10.418009	0.559990
7.85	21.41	0.60	2.51	2.70	2.10	7.553530	13.332509	10.418102	0.559982
7.85	21.41	0.61	2.52	2.70	2.10	7.554792	13.331708	10.418201	0.559974
7.85	21.41	0.61	2.53	2.70	2.10	7.556063	13.330910	10.418307	0.559966
7.86	21.41	0.62	2.54	2.70	2.10	7.557341	13.330116	10.418418	0.559959
7.86	21.41	0.62	2.55	2.70	2.10	7.558628	13.329326	10.418535	0.559951
7.86	21.41	0.63	2.56	2.70	2.10	7.559923	13.328540	10.418659	0.559943
7.86	21.41	0.63	2.57	2.70	2.10	7.561226	13.327758	10.418789	0.559935
7.87	21.41	0.64	2.58	2.70	2.10	7.562538	13.326980	10.418924	0.559927
7.87	21.41	0.65	2.59	2.70	2.10	7.563858	13.326206	10.419066	0.559920
7.87	21.41	0.65	2.60	2.70	2.10	7.565186	13.325436	10.419214	0.559912
7.88	21.41	0.66	2.61	2.70	2.10	7.566523	13.324670	10.419368	0.559904
7.88	21.41	0.66	2.62	2.70	2.10	7.567867	13.323907	10.419529	0.559896
7.88	21.41	0.67	2.63	2.70	2.10	7.569220	13.323149	10.419695	0.559888
7.88	21.41	0.67	2.64	2.70	2.10	7.570582	13.322394	10.419868	0.559880
7.89	21.41	0.68	2.65	2.70	2.10	7.571951	13.321644	10.420046	0.559872
7.89	21.41	0.68	2.66	2.70	2.10	7.573329	13.320898	10.420231	0.559864
7.89	21.41	0.69	2.67	2.70	2.10	7.574715	13.320155	10.420422	0.559856
7.89	21.41	0.69	2.68	2.70	2.10	7.576109	13.319416	10.420619	0.559848
7.90	21.41	0.70	2.69	2.70	2.10	7.577512	13.318682	10.420822	0.559840
7.90	21.41	0.71	2.70	2.70	2.10	7.578923	13.317951	10.421031	0.559832
7.90	21.41	0.71	2.71	2.70	2.10	7.580342	13.317225	10.421246	0.559824
7.91	21.41	0.72	2.72	2.70	2.09	7.581769	13.316502	10.421468	0.559816
7.91	21.41	0.72	2.73	2.70	2.09	7.583205	13.315783	10.421696	0.559808
7.91	21.41	0.73	2.74	2.70	2.09	7.584649	13.315069	10.421929	0.559800
7.91	21.41	0.73	2.75	2.70	2.09	7.586101	13.314358	10.422169	0.559792
7.92	21.41	0.74	2.76	2.70	2.09	7.587561	13.313651	10.422415	0.559784
7.92	21.41	0.75	2.77	2.70	2.09	7.589030	13.312948	10.422667	0.559776
7.92	21.41	0.75	2.78	2.70	2.09	7.590507	13.312250	10.422925	0.559768
7.92	21.41	0.76	2.79	2.70	2.09	7.591992	13.311555	10.423190	0.559760
7.93	21.41	0.76	2.80	2.70	2.09	7.593485	13.310864	10.423460	0.559752
7.93	21.41	0.77	2.81	2.70	2.09	7.594986	13.310178	10.423737	0.559744
7.93	21.41	0.77	2.82	2.70	2.09	7.596496	13.309495	10.424019	0.559736
7.94	21.41	0.78	2.83	2.70	2.09	7.598014	13.308816	10.424308	0.559728
7.94	21.41	0.79	2.84	2.70	2.09	7.599540	13.308141	10.424603	0.559719
7.94	21.41	0.79	2.85	2.70	2.09	7.601074	13.307471	10.424904	0.559711
7.94	21.41	0.80	2.86	2.70	2.09	7.602617	13.306804	10.425211	0.559703
7.95	21.41	0.80	2.87	2.70	2.09	7.604168	13.306141	10.425525	0.559695
7.95	21.41	0.81	2.88	2.70	2.09	7.605727	13.305483	10.425844	0.559687
7.95	21.41	0.81	2.89	2.70	2.09	7.607294	13.304828	10.426170	0.559679
7.96	21.41	0.82	2.90	2.70	2.09	7.608869	13.304177	10.426501	0.559670
7.96	21.41	0.83	2.91	2.70	2.09	7.610453	13.303531	10.426839	0.559662
7.96	21.41	0.83	2.92	2.70	2.09	7.612045	13.302888	10.427183	0.559654
7.96	21.41	0.84	2.93	2.70	2.09	7.613645	13.302249	10.427533	0.559646
7.97	21.41	0.84	2.94	2.70	2.09	7.615253	13.301615	10.427889	0.559637
7.97	21.41	0.85	2.95	2.70	2.09	7.616869	13.300984	10.428252	0.559629
7.97	21.41	0.85	2.96	2.70	2.09	7.618494	13.300358	10.428620	0.559621
7.97	21.41	0.86	2.97	2.70	2.09	7.620127	13.299736	10.428994	0.559612
7.98	21.41	0.87	2.99	2.70	2.09	7.621768	13.299117	10.429375	0.559604
7.98	21.41	0.87	3.00	2.70	2.09	7.623417	13.298503	10.429762	0.559596
7.98	21.41	0.88	3.01	2.70	2.09	7.625074	13.297893	10.430155	0.559587
7.99	21.41	0.88	3.02	2.70	2.09	7.626740	13.297286	10.430554	0.559579
7.99	21.41	0.89	3.03	2.70	2.09	7.628413	13.296684	10.430959	0.559571
7.99	21.41	0.90	3.04	2.70	2.09	7.630095	13.296086	10.431370	0.559562
7.99	21.41	0.90	3.05	2.70	2.09	7.631785	13.295492	10.431788	0.559554
8.00	21.41	0.91	3.06	2.70	2.09	7.633483	13.294902	10.432211	0.559546
8.00	21.41	0.91	3.07	2.70	2.09	7.635190	13.294316	10.432641	0.559537
8.00	21.41	0.92	3.08	2.70	2.09	7.636904	13.293734	10.433077	0.559529
8.01	21.41	0.93	3.09	2.70	2.09	7.638627	13.293156	10.433519	0.559520
8.01	21.41	0.93	3.10	2.70	2.09	7.640358	13.292582	10.433967	0.559512
8.01	21.41	0.94	3.11	2.70	2.09	7.642097	13.292013	10.434421	0.559503
8.01	21.41	0.94	3.12	2.70	2.09	7.643844	13.291447	10.434881	0.559495
8.02	21.41	0.95	3.13	2.70	2.09	7.645599	13.290886	10.435347	0.559486
8.02	21.41	0.96	3.14	2.70	2.09	7.647363	13.290328	10.435820	0.559478
8.02	21.41	0.96	3.15	2.70	2.09	7.649134	13.289775	10.436299	0.559469
8.03	21.41	0.97	3.16	2.70	2.09	7.650914	13.289225	10.436783	0.559461
8.03	21.41	0.98	3.17	2.70	2.09	7.652702	13.288680	10.437274	0.559452
8.03	21.41	0.98	3.18	2.70	2.08	7.654498	13.288139	10.437771	0.559444
8.03	21.41	0.99	3.19	2.70	2.08	7.656302	13.287602	10.438275	0.559435
8.04	21.41	0.99	3.20	2.70	2.08	7.658114	13.287069	10.438784	0.559427
8.04	21.41	1.00	3.22	2.70	2.08	7.659935	13.286540	10.439299	0.559418
8.04	21.41	1.01	3.23	2.70	2.08	7.661763	13.286015	10.439821	0.559410
8.04	21.41	1.01	3.24	2.70	2.08	7.663600	13.285494	10.440348	0.559401
8.05	21.41	1.02	3.25	2.70	2.08	7.665445	13.284978	10.440882	0.559392
8.05	21.41	1.02	3.26	2.70	2.08	7.667298	13.284465	10.441422	0.559384
8.05	21.41	1.03	3.27	2.70	2.08	7.669159	13.283957	10.441968	0.559375
8.06	21.41	1.04	3.28	2.70	2.08	7.671028	13.283453	10.442520	0.559366
8.06	21.41	1.04	3.29	2.70	2.08	7.672905	13.282952	10.443078	0.559358
8.06	21.41	1.05	3.30	2.70	2.08	7.674791	13.282456	10.443643	0.559349
8.06	21.41	1.06	3.31	2.70	2.08	7.676684	13.281964	10.444213	0.559340
8.07	21.41	1.06	3.32	2.70	2.08	7.678586	13.281476	10.444790	0.559332
8.07	21.41	1.07	3.33	2.70	2.08	7.680496	13.280993	10.445373	0.559323
8.07	21.41	1.07	3.34	2.70	2.08	7.682413	13.280513	10.445962	0.559314
8.07	21.41	1.08	3.35	2.70	2.08	7.684339	13.280037	10.446557	0.559305
8.08	21.41	1.09	3.36	2.70	2.08	7.686273	13.279566	10.447158	0.559297
8.08	21.41	1.09	3.37	2.70	2.08	7.688216	13.279099	10.447765	0.559288
8.08	21.41	1.10	3.39	2.70	2.08	7.690166	13.278636	10.448378	0.559279
8.09	21.41	1.11	3.40	2.70	2.08	7.692124	13.278177	10.448998	0.559270
8.09	21.41	1.11	3.41	2.70	2.08	7.694091	13.277722	10.449623	0.559262
8.09	21.41	1.12	3.42	2.70	2.08	7.696065	13.277271	10.450255	0.559253
8.09	21.41	1.13	3.43	2.70	2.08	7.698048	13.276824	10.450893	0.559244
8.10	21.41	1.13	3.44	2.70	2.08	7.700038	13.276382	10.451537	0.559235
8.10	21.41	1.14	3.45	2.70	2.08	7.702037	13.275943	10.452187	0.559226
8.10	21.41	1.14	3.46	2.70	2.08	7.704044	13.275509	10.452843	0.559217
8.11	21.41	1.15	3.47	2.70	2.08	7.706059	13.275079	10.453506	0.559209
8.11	21.41	1.16	3.48	2.70	2.08	7.708082	13.274653	10.454174	0.559200
8.11	21.41	1.16	3.49	2.70	2.08	7.710113	13.274231	10.454849	0.559191
8.11	21.41	1.17	3.50	2.70	2.08	7.712152	13.273813	10.455529	0.559182
8.12	21.41	1.18	3.52	2.70	2.08	7.714199	13.273400	10.456216	0.559173
8.12	21.41	1.18	3.53	2.70	2.08	7.716254	13.272990	10.456909	0.559164
8.12	21.41	1.19	3.54	2.70	2.08	7.718317	13.272585	10.457608	0.559155
8.12	21.41	1.20	3.55	2.70	2.08	7.720389	13.272184	10.458313	0.559146
8.13	21.41	1.20	3.56	2.70	2.08	7.722468	13.271787	10.459025	0.559137
8.13	21.41	1.21	3.57	2.70	2.08	7.724556	13.271394	10.459742	0.559128
8.13	21.41	1.22	3.58	2.70	2.08	7.726651	13.271006	10.460466	0.559119
8.14	21.41	1.22	3.59	2.70	2.08	7.728755	13.270621	10.461195	0.559110
8.14	21.41	1.23	3.60	2.70	2.08	7.730866	13.270241	10.461931	0.559101
8.14	21.41	1.24	3.61	2.70	2.08	7.732986	13.269865	10.462673	0.559092
8.14	21.41	1.24	3.62	2.70	2.07	7.735113	13.269493	10.463421	0.559083
8.15	21.41	1.25	3.64	2.70	2.07	7.737249	13.269125	10.464175	0.559074
8.15	21.41	1.26	3.65	2.70	2.07	7.739393	13.268761	10.464935	0.559065
8.15	21.41	1.26	3.66	2.70	2.07	7.741545	13.268402	10.465702	0.559056
8.16	21.41	1.27	3.67	2.70	2.07	7.743705	13.268047	10.466474	0.559047
8.16	21.41	1.28	3.68	2.70	2.07	7.745872	13.267695	10.467253	0.559038
8.16	21.41	1.28	3.69	2.70	2.07	7.748048	13.267348	10.468037	0.559029
8.16	21.41	1.29	3.70	2.70	2.07	7.750232	13.267006	10.468828	0.559020
8.17	21.41	1.30	3.71	2.70	2.07	7.752424	13.266667	10.469625	0.559010
8.17	21.41	1.30	3.72	2.70	2.07	7.754624	13.266333	10.470428	0.559001
8.17	21.41	1.31	3.73	2.70	2.07	7.756832	13.266002	10.471237	0.558992
8.18	21.41	1.32	3.75	2.70	2.07	7.759048	13.265676	10.472053	0.558983
8.18	21.41	1.32	3.76	2.70	2.07	7.761272	13.265354	10.472874	0.558974
8.18	21.41	1.33	3.77	2.70	2.07	7.763504	13.265037	10.473702	0.558965
8.18	21.41	1.34	3.78	2.70	2.07	7.765744	13.264723	10.474535	0.558955
8.19	21.41	1.34	3.79	2.70	2.07	7.767992	13.264414	10.475375	0.558946
8.19	21.41	1.35	3.80	2.70	2.07	7.770248	13.264109	10.476221	0.558937
8.19	21.41	1.36	3.81	2.70	2.07	7.772512	13.263808	10.477073	0.558928
8.19	21.41	1.36	3.82	2.70	2.07	7.774784	13.263511	10.477931	0.558918
8.20	21.41	1.37	3.83	2.70	2.07	7.777064	13.263219	10.478795	0.558909
8.20	21.41	1.38	3.85	2.70	2.07	7.779352	13.262930	10.479665	0.558900
8.20	21.41	1.38	3.86	2.70	2.07	7.781647	13.262646	10.480542	0.558891
8.21	21.41	1.39	3.87	2.70	2.07	7.783951	13.262366	10.481424	0.558881
8.21	21.41	1.40	3.88	2.70	2.07	7.786263	13.262090	10.482313	0.558872
8.21	21.41	1.41	3.89	2.70	2.07	7.788583	13.261819	10.483208	0.558863
8.21	21.41	1.41	3.90	2.70	2.07	7.790911	13.261552	10.484109	0.558853
8.22	21.41	1.42	3.91	2.70	2.07	7.793247	13.261288	10.485016	0.558844
8.22	21.41	1.43	3.92	2.70	2.07	7.795591	13.261030	10.485929	0.558835
8.22	21.41	1.43	3.94	2.70	2.07	7.797942	13.260775	10.486848	0.558825
8.22	21.41	1.44	3.95	2.70	2.07	7.800302	13.260524	10.487773	0.558816
8.23	21.41	1.45	3.96	2.70	2.07	7.802670	13.260278	10.488705	0.558807
8.23	21.41	1.45	3.97	2.70	2.07	7.805046	13.260036	10.489642	0.558797
8.23	21.41	1.46	3.98	2.70	2.07	7.807429	13.259798	10.490586	0.558788
8.24	21.41	1.47	3.99	2.70	2.07	7.809821	13.259565	10.491536	0.558778
8.24	21.41	1.48	4.00	2.70	2.07	7.812220	13.259335	10.492491	0.558769
8.24	21.41	1.48	4.01	2.70	2.07	7.814628	13.259110	10.493453	0.558759
8.24	21.41	1.49	4.03	2.70	2.07	7.817043	13.258889	10.494421	0.558750
8.25	21.41	1.50	4.04	2.70	2.06	7.819467	13.258672	10.495396	0.558740
8.25	21.41	1.50	4.05	2.70	2.06	7.821898	13.258460	10.496376	0.558731
8.25	21.41	1.51	4.06	2.70	2.06	7.824337	13.258252	10.497362	0.558721
8.26	21.41	1.52	4.07	2.70	2.06	7.826785	13.258048	10.498355	0.558712
8.26	21.41	1.52	4.08	2.70	2.06	7.829240	13.257848	10.499353	0.558702
8.26	21.41	1.53	4.09	2.70	2.06	7.831703	13.257652	10.500358	0.558693
8.26	21.41	1.54	4.11	2.70	2.06	7.834174	13.257461	10.501369	0.558683
8.27	21.41	1.55	4.12	2.70	2.06	7.836653	13.257274	10.502386	0.558674
8.27	21.41	1.55	4.13	2.70	2.06	7.839140	13.257091	10.503409	0.558664
8.27	21.41	1.56	4.14	2.70	2.06	7.841635	13.256912	10.504438	0.558655
8.28	21.41	1.57	4.15	2.70	2.06	7.844138	13.256738	10.505473	0.558645
8.28	21.41	1.57	4.16	2.70	2.06	7.846648	13.256568	10.506514	0.558635
8.28	21.41	1.58	4.17	2.70	2.06	7.849167	13.256402	10.507562	0.558626
8.28	21.41	1.59	4.19	2.70	2.06	7.851693	13.256240	10.508615	0.558616
8.29	21.41	1.60	4.20	2.70	2.06	7.854228	13.256083	10.509675	0.558606
8.29	21.41	1.60	4.21	2.70	2.06	7.856770	13.255930	10.510740	0.558597
8.29	21.41	1.61	4.22	2.70	2.06	7.859320	13.255781	10.511812	0.558587
8.29	21.41	1.62	4.23	2.70	2.06	7.861878	13.255636	10.512890	0.558577
8.30	21.41	1.63	4.24	2.70	2.06	7.864444	13.255495	10.513974	0.558568
8.30	21.41	1.63	4.25	2.70	2.06	7.867018	13.255359	10.515064	0.558558
8.30	21.41	1.64	4.27	2.70	2.06	7.869600	13.255227	10.516160	0.558548
8.31	21.41	1.65	4.28	2.70	2.06	7.872190	13.255100	10.517262	0.558539
8.31	21.41	1.65	4.29	2.70	2.06	7.874788	13.254976	10.518371	0.558529
8.31	21.41	1.66	4.30	2.70	2.06	7.877393	13.254857	10.519485	0.558519
8.31	21.41	1.67	4.31	2.70	2.06	7.880006	13.254742	10.520606	0.558509
8.32	21.41	1.68	4.32	2.70	2.06	7.882628	13.254632	10.521732	0.558500
8.32	21.41	1.68	4.34	2.70	2.06	7.885257	13.254525	10.522865	0.558490
8.32	21.41	1.69	4.35	2.70	2.06	7.887894	13.254423	10.524004	0.558480
8.32	21.41	1.70	4.36	2.70	2.06	7.890539	13.254325	10.525149	0.558470
8.33	21.41	1.71	4.37	2.70	2.06	7.893192	13.254232	10.526300	0.558460
8.33	21.41	1.71	4.38	2.70	2.06	7.895852	13.254142	10.527457	0.558450
8.33	21.41	1.72	4.39	2.70	2.06	7.898521	13.254057	10.528620	0.558441
8.34	21.41	1.73	4.40	2.70	2.06	7.901197	13.253976	10.529789	0.558431
8.34	21.41	1.74	4.42	2.70	2.06	7.903881	13.253900	10.530965	0.558421
8.34	21.41	1.74	4.43	2.70	2.06	7.906574	13.253828	10.532146	0.558411
8.34	21.41	1.75	4.44	2.70	2.06	7.909274	13.253760	10.533334	0.558401
8.35	21.41	1.76	4.45	2.70	2.05	7.911981	13.253696	10.534527	0.558391
8.35	21.41	1.77	4.46	2.70	2.05	7.914697	13.253637	10.535727	0.558381
8.35	21.41	1.77	4.48	2.70	2.05	7.917421	13.253581	10.536933	0.558371
8.36	21.41	1.78	4.49	2.70	2.05	7.920152	13.253531	10.538145	0.558361
8.36	21.41	1.79	4.50	2.70	2.05	7.922891	13.253484	10.539363	0.558351
8.36	21.41	1.80	4.51	2.70	2.05	7.925638	13.253442	10.540587	0.558341
8.36	21.41	1.80	4.52	2.70	2.05	7.928393	13.253404	10.541817	0.558331
8.37	21.41	1.81	4.53	2.70	2.05	7.931156	13.253370	10.543053	0.558321
8.37	21.41	1.82	4.55	2.70	2.05	7.933926	13.253340	10.544295	0.558311
8.37	21.41	1.83	4.56	2.70	2.05	7.936705	13.253315	10.545544	0.558301
8.38	21.41	1.83	4.57	2.70	2.05	7.939491	13.253294	10.546798	0.558291
8.38	21.41	1.84	4.58	2.70	2.05	7.942285	13.253278	10.548059	0.558281
8.38	21.41	1.85	4.59	2.70	2.05	7.945087	13.253265	10.549325	0.558271
8.38	21.41	1.86	4.60	2.70	2.05	7.947897	13.253257	10.550598	0.558261
8.39	21.41	1.86	4.62	2.70	2.05	7.950714	13.253254	10.551877	0.558251
8.39	21.41	1.87	4.63	2.70	2.05	7.953540	13.253254	10.553162	0.558241
8.39	21.41	1.88	4.64	2.70	2.05	7.956373	13.253259	10.554453	0.558231
8.39	21.41	1.89	4.65	2.70	2.05	7.959214	13.253268	10.555750	0.558221
8.40	21.41	1.89	4.66	2.70	2.05	7.962062	13.253281	10.557053	0.558211
8.40	21.41	1.90	4.68	2.70	2.05	7.964919	13.253299	10.558362	0.558200
8.40	21.41	1.91	4.69	2.70	2.05	7.967783	13.253321	10.559677	0.558190
8.41	21.41	1.92	4.70	2.71	2.05	7.970656	13.253348	10.560998	0.558180
8.41	21.41	1.93	4.71	2.71	2.05	7.973536	13.253378	10.562326	0.558170
8.41	21.41	1.93	4.72	2.71	2.05	7.976423	13.253413	10.563659	0.558160
8.41	21.41	1.94	4.73	2.71	2.05	7.979319	13.253452	10.564999	0.558150
8.42	21.41	1.95	4.75	2.71	2.05	7.982222	13.253496	10.566344	0.558139
8.42	21.41	1.96	4.76	2.71	2.05	7.985133	13.253544	10.567696	0.558129
8.42	21.41	1.96	4.77	2.71	2.05	7.988052	13.253596	10.569054	0.558119
8.43	21.41	1.97	4.78	2.71	2.05	7.990979	13.253652	10.570417	0.558109
8.43	21.41	1.98	4.79	2.71	2.05	7.993913	13.253713	10.571787	0.558098
8.43	21.41	1.99	4.81	2.71	2.05	7.996856	13.253778	10.573163	0.558088
8.43	21.41	2.00	4.82	2.71	2.05	7.999806	13.253847	10.574545	0.558078
8.44	21.41	2.00	4.83	2.71	2.05	8.002764	13.253921	10.575933	0.558067
8.44	21.41	2.01	4.84	2.71	2.05	8.005729	13.253999	10.577327	0.558057
8.44	21.41	2.02	4.85	2.71	2.04	8.008702	13.254081	10.578727	0.558047
8.44	21.41	2.03	4.87	2.71	2.04	8.011683	13.254168	10.580134	0.558036
8.45	21.41	2.03	4.88	2.71	2.04	8.014672	13.254258	10.581546	0.558026
8.45	21.41	2.04	4.89	2.71	2.04	8.017669	13.254354	10.582964	0.558016
8.45	21.41	2.05	4.90	2.71	2.04	8.020673	13.254453	10.584389	0.558005
8.46	21.41	2.06	4.91	2.71	2.04	8.023685	13.254557	10.585819	0.557995
8.46	21.41	2.07	4.93	2.71	2.04	8.026705	13.254665	10.587256	0.557985
8.46	21.41	2.07	4.94	2.71	2.04	8.029733	13.254778	10.588698	0.557974
8.46	21.41	2.08	4.95	2.71	2.04	8.032768	13.254894	10.590147	0.557964
8.47	21.41	2.09	4.96	2.71	2.04	8.035811	13.255016	10.591602	0.557953
8.47	21.41	2.10	4.97	2.71	2.04	8.038862	13.255141	10.593062	0.557943
8.47	21.41	2.11	4.99	2.71	2.04	8.041921	13.255271	10.594529	0.557932
8.47	21.41	2.11	5.00	2.71	2.04	8.044987	13.255405	10.596002	0.557922
8.48	21.41	2.12	5.01	2.71	2.04	8.048061	13.255543	10.597481	0.557911
8.48	21.41	2.13	5.02	2.71	2.04	8.051143	13.255686	10.598966	0.557901
8.48	21.41	2.14	5.04	2.71	2.04	8.054232	13.255833	10.600457	0.557890
8.49	21.41	2.15	5.05	2.71	2.04	8.057329	13.255984	10.601954	0.557880
8.49	21.41	2.15	5.06	2.71	2.04	8.060434	13.256140	10.603457	0.557869
8.49	21.41	2.16	5.07	2.71	2.04	8.063547	13.256300	10.604966	0.557859
8.49	21.41	2.17	5.08	2.71	2.04	8.066667	13.256464	10.606482	0.557848
8.50	21.41	2.18	5.10	2.71	2.04	8.069795	13.256633	10.608003	0.557838
8.50	21.41	2.19	5.11	2.71	2.04	8.072931	13.256806	10.609530	0.557827
8.50	21.41	2.19	5.12	2.71	2.04	8.076074	13.256983	10.611063	0.557816
8.51	21.41	2.20	5.13	2.71	2.04	8.079225	13.257165	10.612603	0.557806
8.51	21.41	2.21	5.15	2.71	2.04	8.082384	13.257351	10.614148	0.557795
8.51	21.41	2.22	5.16	2.71	2.04	8.085551	13.257541	10.615700	0.557784
8.51	21.41	2.23	5.17	2.71	2.04	8.088725	13.257736	10.617257	0.557774
8.52	21.41	2.24	5.18	2.71	2.04	8.091907	13.257935	10.618821	0.557763
8.52	21.41	2.24	5.19	2.71	2.04	8.095096	13.258138	10.620390	0.557752
8.52	21.41	2.25	5.21	2.71	2.04	8.098294	13.258346	10.621966	0.557742
8.53	21.41	2.26	5.22	2.71	2.04	8.101499	13.258558	10.623548	0.557731
8.53	21.41	2.27	5.23	2.71	2.03	8.104711	13.258774	10.625135	0.557720
8.53	21.41	2.28	5.24	2.71	2.03	8.107932	13.258995	10.626729	0.557710
8.53	21.41	2.28	5.26	2.71	2.03	8.111160	13.259220	10.628329	0.557699
8.54	21.41	2.29	5.27	2.71	2.03	8.114395	13.259449	10.629935	0.557688
8.54	21.41	2.30	5.28	2.71	2.03	8.117639	13.259683	10.631546	0.557677
8.54	21.41	2.31	5.29	2.71	2.03	8.120890	13.259921	10.633164	0.557666
8.54	21.41	2.32	5.30	2.71	2.03	8.124148	13.260163	10.634788	0.557656
8.55	21.41	2.33	5.32	2.71	2.03	8.127414	13.260410	10.636418	0.557645
8.55	21.41	2.33	5.33	2.71	2.03	8.130688	13.260661	10.638054	0.557634
8.55	21.41	2.34	5.34	2.71	2.03	8.133970	13.260917	10.639696	0.557623
8.56	21.41	2.35	5.35	2.71	2.03	8.137259	13.261176	10.641344	0.557612
8.56	21.41	2.36	5.37	2.71	2.03	8.140556	13.261440	10.642998	0.557602
8.56	21.41	2.37	5.38	2.71	2.03	8.143861	13.261709	10.644658	0.557591
8.56	21.41	2.38	5.39	2.71	2.03	8.147173	13.261982	10.646324	0.557580
8.57	21.41	2.38	5.40	2.71	2.03	8.150493	13.262259	10.647996	0.557569
8.57	21.41	2.39	5.42	2.71	2.03	8.153820	13.262540	10.649674	0.557558
8.57	21.41	2.40	5.43	2.71	2.03	8.157155	13.262826	10.651359	0.557547
8.57	21.41	2.41	5.44	2.71	2.03	8.160498	13.263116	10.653049	0.557536
8.58	21.41	2.42	5.45	2.71	2.03	8.163848	13.263411	10.654745	0.557525
8.58	21.41	2.43	5.47	2.71	2.03	8.167206	13.263710	10.656447	0.557514
8.58	21.41	2.43	5.48	2.71	2.03	8.170572	13.264013	10.658155	0.557503
8.59	21.41	2.44	5.49	2.71	2.03	8.173945	13.264321	10.659870	0.557492
8.59	21.41	2.45	5.50	2.71	2.03	8.177326	13.264633	10.661590	0.557481
8.59	21.41	2.46	5.52	2.71	2.03	8.180714	13.264949	10.663316	0.557470
8.59	21.41	2.47	5.53	2.71	2.03	8.184110	13.265270	10.665048	0.557459
8.60	21.41	2.48	5.54	2.71	2.03	8.187514	13.265595	10.666787	0.557448
8.60	21.41	2.48	5.55	2.71	2.03	8.190925	13.265924	10.668531	0.557437
8.60	21.41	2.49	5.57	2.71	2.03	8.194344	13.266258	10.670281	0.557426
8.61	21.41	2.50	5.58	2.71	2.03	8.197771	13.266596	10.672037	0.557415
8.61	21.41	2.51	5.59	2.71	2.03	8.201205	13.266938	10.673800	0.557404
8.61	21.41	2.52	5.60	2.71	2.03	8.204646	13.267285	10.675568	0.557393
8.61	21.41	2.53	5.62	2.71	2.02	8.208095	13.267636	10.677342	0.557382
8.62	21.41	2.54	5.63	2.71	2.02	8.211552	13.267992	10.679123	0.557370
8.62	21.41	2.54	5.64	2.71	2.02	8.215017	13.268351	10.680909	0.557359
8.62	21.41	2.55	5.65	2.71	2.02	8.218489	13.268716	10.682701	0.557348
8.62	21.41	2.56	5.67	2.71	2.02	8.221968	13.269084	10.684500	0.557337
8.63	21.41	2.57	5.68	2.71	2.02	8.225455	13.269457	10.686304	0.557326
8.63	21.41	2.58	5.69	2.71	2.02	8.228950	13.269834	10.688114	0.557315
8.63	21.41	2.59	5.70	2.71	2.02	8.232452	13.270216	10.689931	0.557303
8.64	21.41	2.60	5.72	2.71	2.02	8.235962	13.270602	10.691753	0.557292
8.64	21.41	2.60	5.73	2.71	2.02	8.239479	13.270993	10.693581	0.557281
8.64	21.41	2.61	5.74	2.71	2.02	8.243004	13.271387	10.695416	0.557270
8.64	21.41	2.62	5.75	2.71	2.02	8.246537	13.271786	10.697256	0.557258
8.65	21.41	2.63	5.77	2.71	2.02	8.250077	13.272190	10.699102	0.557247
8.65	21.41	2.64	5.78	2.71	2.02	8.253624	13.272598	10.700954	0.557236
8.65	21.41	2.65	5.79	2.71	2.02	8.257179	13.273010	10.702813	0.557225
8.66	21.41	2.66	5.81	2.71	2.02	8.260742	13.273427	10.704677	0.557213
8.66	21.41	2.67	5.82	2.71	2.02	8.264312	13.273848	10.706547	0.557202
8.66	21.41	2.67	5.83	2.71	2.02	8.267890	13.274273	10.708423	0.557191
8.66	21.41	2.68	5.84	2.71	2.02	8.271475	13.274703	10.710306	0.557179
8.67	21.41	2.69	5.86	2.71	2.02	8.275068	13.275137	10.712194	0.557168
8.67	21.41	2.70	5.87	2.71	2.02	8.278668	13.275575	10.714088	0.557157
8.67	21.41	2.71	5.88	2.71	2.02	8.282276	13.276018	10.715988	0.557145
8.68	21.41	2.72	5.89	2.71	2.02	8.285892	13.276465	10.717894	0.557134
8.68	21.41	2.73	5.91	2.71	2.02	8.289515	13.276916	10.719806	0.557122
8.68	21.41	2.74	5.92	2.71	2.02	8.293145	13.277372	10.721724	0.557111
8.68	21.41	2.74	5.93	2.71	2.02	8.296783	13.277833	10.723648	0.557099
8.69	21.41	2.75	5.95	2.71	2.02	8.300428	13.278297	10.725578	0.557088
8.69	21.41	2.76	5.96	2.71	2.02	8.304081	13.278766	10.727514	0.557076
8.69	21.41	2.77	5.97	2.71	2.02	8.307742	13.279240	10.729456	0.557065
8.69	21.41	2.78	5.98	2.71	2.01	8.311410	13.279717	10.731404	0.557054
8.70	21.41	2.79	6.00	2.71	2.01	8.315085	13.280200	10.733358	0.557042
8.70	21.41	2.80	6.01	2.71	2.01	8.318768	13.280686	10.735318	0.557030
8.70	21.41	2.81	6.02	2.71	2.01	8.322459	13.281177	10.737284	0.557019
8.71	21.41	2.81	6.04	2.71	2.01	8.326156	13.281672	10.739256	0.557007
8.71	21.41	2.82	6.05	2.71	2.01	8.329862	13.282172	10.741233	0.556996
8.71	21.41	2.83	6.06	2.71	2.01	8.333575	13.282676	10.743217	0.556984
8.71	21.41	2.84	6.07	2.71	2.01	8.337295	13.283184	10.745207	0.556973
8.72	21.41	2.85	6.09	2.71	2.01	8.341023	13.283697	10.747202	0.556961
8.72	21.41	2.86	6.10	2.71	2.01	8.344758	13.284214	10.749204	0.556949
8.72	21.41	2.87	6.11	2.71	2.01	8.348501	13.284736	10.751212	0.556938
8.72	21.41	2.88	6.13	2.71	2.01	8.352251	13.285261	10.753225	0.556926
8.73	21.41	2.89	6.14	2.71	2.01	8.356009	13.285792	10.755245	0.556914
8.73	21.41	2.90	6.15	2.71	2.01	8.359774	13.286326	10.757270	0.556903
8.73	21.41	2.90	6.16	2.71	2.01	8.363547	13.286865	10.759301	0.556891
8.74	21.41	2.91	6.18	2.71	2.01	8.367327	13.287409	10.761339	0.556879
8.74	21.41	2.92	6.19	2.71	2.01	8.371114	13.287956	10.763382	0.556868
8.74	21.41	2.93	6.20	2.71	2.01	8.374909	13.288509	10.765431	0.556856
8.74	21.41	2.94	6.22	2.71	2.01	8.378712	13.289065	10.767486	0.556844
8.75	21.41	2.95	6.23	2.71	2.01	8.382521	13.289626	10.769548	0.556832
8.75	21.41	2.96	6.24	2.71	2.01	8.386339	13.290191	10.771615	0.556821
8.75	21.41	2.97	6.25	2.71	2.01	8.390163	13.290761	10.773688	0.556809
8.76	21.41	2.98	6.27	2.71	2.01	8.393996	13.291335	10.775767	0.556797
8.76	21.41	2.99	6.28	2.71	2.01	8.397835	13.291913	10.777851	0.556785
8.76	21.41	2.99	6.29	2.71	2.01	8.401682	13.292496	10.779942	0.556774
8.76	21.41	3.00	6.31	2.71	2.01	8.405537	13.293083	10.782039	0.556762
8.77	21.41	3.01	6.32	2.71	2.01	8.409398	13.293675	10.784142	0.556750
8.77	21.41	3.02	6.33	2.71	2.01	8.413268	13.294271	10.786250	0.556738
8.77	21.41	3.03	6.35	2.71	2.00	8.417144	13.294871	10.788365	0.556726
8.78	21.41	3.04	6.36	2.71	2.00	8.421028	13.295476	10.790485	0.556714
8.78	21.41	3.05	6.37	2.71	2.00	8.424920	13.296085	10.792612	0.556702
8.78	21.41	3.06	6.38	2.71	2.00	8.428819	13.296698	10.794744	0.556690
8.78	21.41	3.07	6.40	2.71	2.00	8.432725	13.297316	10.796882	0.556678
8.79	21.41	3.08	6.41	2.71	2.00	8.436639	13.297938	10.799027	0.556667
8.79	21.41	3.09	6.42	2.71	2.00	8.440560	13.298565	10.801177	0.556655
8.79	21.41	3.10	6.44	2.71	2.00	8.444488	13.299196	10.803333	0.556643
8.79	21.41	3.10	6.45	2.71	2.00	8.448424	13.299831	10.805495	0.556631
8.80	21.41	3.11	6.46	2.71	2.00	8.452367	13.300471	10.807663	0.556619
8.80	21.41	3.12	6.48	2.71	2.00	8.456318	13.301115	10.809837	0.556607
8.80	21.41	3.13	6.49	2.71	2.00	8.460276	13.301764	10.812016	0.556595
8.81	21.41	3.14	6.50	2.71	2.00	8.464241	13.302416	10.814202	0.556583
8.81	21.41	3.15	6.52	2.71	2.00	8.468214	13.303074	10.816394	0.556570
8.81	21.41	3.16	6.53	2.71	2.00	8.472194	13.303735	10.818591	0.556558
8.81	21.41	3.17	6.54	2.71	2.00	8.476182	13.304401	10.820794	0.556546
8.82	21.41	3.18	6.56	2.71	2.00	8.480176	13.305072	10.823004	0.556534
8.82	21.41	3.19	6.57	2.71	2.00	8.484179	13.305747	10.825219	0.556522
8.82	21.41	3.20	6.58	2.71	2.00	8.488188	13.306426	10.827440	0.556510
8.82	21.41	3.21	6.59	2.71	2.00	8.492205	13.307109	10.829667	0.556498
8.83	21.41	3.22	6.61	2.71	2.00	8.496229	13.307797	10.831900	0.556486
8.83	21.41	3.23	6.62	2.71	2.00	8.500261	13.308490	10.834139	0.556474
8.83	21.41	3.23	6.63	2.71	2.00	8.504300	13.309187	10.836383	0.556461
8.84	21.41	3.24	6.65	2.71	2.00	8.508346	13.309888	10.838634	0.556449
8.84	21.41	3.25	6.66	2.71	2.00	8.512399	13.310593	10.840891	0.556437
8.84	21.41	3.26	6.67	2.71	2.00	8.516460	13.311303	10.843153	0.556425
8.84	21.41	3.27	6.69	2.71	1.99	8.520529	13.312017	10.845421	0.556413
8.85	21.41	3.28	6.70	2.71	1.99	8.524604	13.312736	10.847696	0.556400
8.85	21.41	3.29	6.71	2.71	1.99	8.528687	13.313459	10.849976	0.556388
8.85	21.41	3.30	6.73	2.71	1.99	8.532777	13.314186	10.852262	0.556376
8.86	21.41	3.31	6.74	2.71	1.99	8.536875	13.314918	10.854554	0.556363
8.86	21.41	3.32	6.75	2.71	1.99	8.540979	13.315654	10.856851	0.556351
8.86	21.41	3.33	6.77	2.71	1.99	8.545092	13.316395	10.859155	0.556339
8.86	21.41	3.34	6.78	2.71	1.99	8.549211	13.317140	10.861464	0.556326
8.87	21.41	3.35	6.79	2.71	1.99	8.553338	13.317889	10.863780	0.556314
8.87	21.41	3.36	6.81	2.71	1.99	8.557472	13.318643	10.866101	0.556302
8.87	21.41	3.37	6.82	2.71	1.99	8.561613	13.319401	10.868428	0.556289
8.88	21.41	3.38	6.83	2.71	1.99	8.565762	13.320164	10.870761	0.556277
8.88	21.41	3.39	6.85	2.71	1.99	8.569917	13.320931	10.873100	0.556265
8.88	21.41	3.39	6.86	2.71	1.99	8.574081	13.321702	10.875445	0.556252
8.88	21.41	3.40	6.87	2.71	1.99	8.578251	13.322478	10.877796	0.556240
8.89	21.41	3.41	6.89	2.71	1.99	8.582429	13.323258	10.880152	0.556227
8.89	21.41	3.42	6.90	2.71	1.99	8.586614	13.324042	10.882515	0.556215
8.89	21.41	3.43	6.91	2.71	1.99	8.590806	13.324831	10.884883	0.556202
8.89	21.41	3.44	6.93	2.71	1.99	8.595006	13.325624	10.887257	0.556190
8.90	21.41	3.45	6.94	2.72	1.99	8.599212	13.326422	10.889637	0.556177
8.90	21.41	3.46	6.95	2.72	1.99	8.603426	13.327224	10.892023	0.556165
8.90	21.41	3.47	6.97	2.72	1.99	8.607648	13.328030	10.894415	0.556152
8.91	21.41	3.48	6.98	2.72	1.99	8.611876	13.328841	10.896812	0.556140
8.91	21.41	3.49	6.99	2.72	1.99	8.616112	13.329656	10.899216	0.556127
8.91	21.41	3.50	7.01	2.72	1.99	8.620355	13.330475	10.901625	0.556115
8.91	21.41	3.51	7.02	2.72	1.99	8.624605	13.331299	10.904040	0.556102
8.92	21.41	3.52	7.03	2.72	1.98	8.628863	13.332128	10.906461	0.556089
8.92	21.41	3.53	7.05	2.72	1.98	8.633128	13.332960	10.908888	0.556077
8.92	21.41	3.54	7.06	2.72	1.98	8.637400	13.333797	10.911321	0.556064
8.93	21.41	3.55	7.07	2.72	1.98	8.641679	13.334639	10.913760	0.556051
8.93	21.41	3.56	7.09	2.72	1.98	8.645965	13.335485	10.916204	0.556039
8.93	21.41	3.57	7.10	2.72	1.98	8.650259	13.336335	10.918654	0.556026
8.93	21.41	3.58	7.11	2.72	1.98	8.654560	13.337189	10.921110	0.556013
8.94	21.41	3.59	7.13	2.72	1.98	8.658868	13.338048	10.923572	0.556001
8.94	21.41	3.60	7.14	2.72	1.98	8.663183	13.338912	10.926040	0.555988
8.94	21.41	3.61	7.16	2.72	1.98	8.667506	13.339780	10.928514	0.555975
8.94	21.41	3.62	7.17	2.72	1.98	8.671835	13.340652	10.930993	0.555963
8.95	21.41	3.63	7.18	2.72	1.98	8.676172	13.341528	10.933478	0.555950
8.95	21.41	3.64	7.20	2.72	1.98	8.680517	13.342409	10.935970	0.555937
8.95	21.41	3.65	7.21	2.72	1.98	8.684868	13.343294	10.938467	0.555924
8.96	21.41	3.66	7.22	2.72	1.98	8.689226	13.344184	10.940969	0.555911
8.96	21.41	3.67	7.24	2.72	1.98	8.693592	13.345078	10.943478	0.555899
8.96	21.41	3.68	7.25	2.72	1.98	8.697965	13.345977	10.945992	0.555886
8.96	21.41	3.69	7.26	2.72	1.98	8.702345	13.346879	10.948513	0.555873
8.97	21.41	3.70	7.28	2.72	1.98	8.706732	13.347787	10.951039	0.555860
8.97	21.41	3.70	7.29	2.72	1.98	8.711127	13.348698	10.953571	0.555847
8.97	21.41	3.71	7.30	2.72	1.98	8.715528	13.349614	10.956108	0.555834
8.97	21.41	3.72	7.32	2.72	1.98	8.719937	13.350534	10.958652	0.555821
8.98	21.41	3.73	7.33	2.72	1.98	8.724353	13.351459	10.961201	0.555808
8.98	21.41	3.74	7.34	2.72	1.98	8.728776	13.352388	10.963756	0.555795
8.98	21.41	3.75	7.36	2.72	1.98	8.733206	13.353322	10.966317	0.555782
8.99	21.41	3.76	7.37	2.72	1.97	8.737643	13.354260	10.968884	0.555770
8.99	21.41	3.77	7.39	2.72	1.97	8.742088	13.355202	10.971457	0.555757
8.99	21.41	3.78	7.40	2.72	1.97	8.746539	13.356149	10.974035	0.555744
8.99	21.41	3.79	7.41	2.72	1.97	8.750998	13.357100	10.976619	0.555731
9.00	21.41	3.80	7.43	2.72	1.97	8.755464	13.358055	10.979209	0.555717
9.00	21.41	3.81	7.44	2.72	1.97	8.759937	13.359015	10.981805	0.555704
9.00	21.41	3.82	7.45	2.72	1.97	8.764417	13.359979	10.984407	0.555691
9.01	21.41	3.83	7.47	2.72	1.97	8.768905	13.360948	10.987014	0.555678
9.01	21.41	3.84	7.48	2.72	1.97	8.773399	13.361920	10.989628	0.555665
9.01	21.41	3.85	7.49	2.72	1.97	8.777900	13.362898	10.992247	0.555652
9.01	21.41	3.86	7.51	2.72	1.97	8.782409	13.363879	10.994871	0.555639
9.02	21.41	3.87	7.52	2.72	1.97	8.786925	13.364866	10.997502	0.555626
9.02	21.41	3.88	7.54	2.72	1.97	8.791448	13.365856	11.000138	0.555613
9.02	21.41	3.89	7.55	2.72	1.97	8.795978	13.366851	11.002780	0.555599
9.03	21.41	3.90	7.56	2.72	1.97	8.800515	13.367850	11.005428	0.555586
9.03	21.41	3.91	7.58	2.72	1.97	8.805059	13.368854	11.008082	0.555573
9.03	21.41	3.92	7.59	2.72	1.97	8.809610	13.369862	11.010742	0.555560
9.03	21.41	3.93	7.60	2.72	1.97	8.814169	13.370874	11.013407	0.555547
9.04	21.41	3.94	7.62	2.72	1.97	8.818734	13.371891	11.016078	0.555533
9.04	21.41	3.95	7.63	2.72	1.97	8.823306	13.372912	11.018755	0.555520
9.04	21.41	3.96	7.65	2.72	1.97	8.827886	13.373937	11.021437	0.555507
9.04	21.41	3.97	7.66	2.72	1.97	8.832473	13.374967	11.024126	0.555494
9.05	21.41	3.98	7.67	2.72	1.97	8.837066	13.376001	11.026820	0.555480
9.05	21.41	3.99	7.69	2.72	1.97	8.841667	13.377040	11.029520	0.555467
9.05	21.41	4.00	7.70	2.72	1.96	8.846275	13.378083	11.032226	0.555454
9.06	21.41	4.01	7.71	2.72	1.96	8.850890	13.379130	11.034937	0.555440
9.06	21.41	4.02	7.73	2.72	1.96	8.855512	13.380182	11.037654	0.555427
9.06	21.41	4.03	7.74	2.72	1.96	8.860141	13.381238	11.040377	0.555414
9.06	21.41	4.05	7.76	2.72	1.96	8.864777	13.382299	11.043106	0.555400
9.07	21.41	4.06	7.77	2.72	1.96	8.869420	13.383363	11.045840	0.555387
9.07	21.41	4.07	7.78	2.72	1.96	8.874070	13.384433	11.048581	0.555373
9.07	21.41	4.08	7.80	2.72	1.96	8.878728	13.385506	11.051327	0.555360
9.07	21.41	4.09	7.81	2.72	1.96	8.883392	13.386584	11.054078	0.555346
9.08	21.41	4.10	7.83	2.72	1.96	8.888063	13.387667	11.056836	0.555333
9.08	21.41	4.11	7.84	2.72	1.96	8.892741	13.388753	11.059599	0.555319
9.08	21.41	4.12	7.85	2.72	1.96	8.897427	13.389844	11.062368	0.555306
9.09	21.41	4.13	7.87	2.72	1.96	8.902119	13.390940	11.065143	0.555292
9.09	21.41	4.14	7.88	2.72	1.96	8.906818	13.392040	11.067923	0.555279
9.09	21.41	4.15	7.89	2.72	1.96	8.911525	13.393144	11.070709	0.555265
9.09	21.41	4.16	7.91	2.72	1.96	8.916238	13.394252	11.073501	0.555252
9.10	21.41	4.17	7.92	2.72	1.96	8.920958	13.395365	11.076299	0.555238
9.10	21.41	4.18	7.94	2.72	1.96	8.925686	13.396483	11.079102	0.555225
9.10	21.41	4.19	7.95	2.72	1.96	8.930420	13.397604	11.081912	0.555211
9.11	21.41	4.20	7.96	2.72	1.96	8.935161	13.398730	11.084726	0.555197
9.11	21.41	4.21	7.98	2.72	1.96	8.939910	13.399861	11.087547	0.555184
9.11	21.41	4.22	7.99	2.72	1.96	8.944665	13.400996	11.090373	0.555170
9.11	21.41	4.23	8.01	2.72	1.96	8.949427	13.402135	11.093205	0.555156
9.12	21.41	4.24	8.02	2.72	1.96	8.954197	13.403278	11.096043	0.555143
9.12	21.41	4.25	8.03	2.72	1.95	8.958973	13.404426	11.098887	0.555129
9.12	21.41	4.26	8.05	2.72	1.95	8.963756	13.405578	11.101736	0.555115
9.12	21.41	4.27	8.06	2.72	1.95	8.968546	13.406735	11.104591	0.555101
9.13	21.41	4.28	8.08	2.72	1.95	8.973343	13.407896	11.107451	0.555088
9.13	21.41	4.29	8.09	2.72	1.95	8.978148	13.409061	11.110318	0.555074
9.13	21.41	4.30	8.10	2.72	1.95	8.982959	13.410231	11.113190	0.555060
9.14	21.41	4.31	8.12	2.72	1.95	8.987777	13.411405	11.116067	0.555046
9.14	21.41	4.32	8.13	2.72	1.95	8.992602	13.412584	11.118951	0.555032
9.14	21.41	4.33	8.15	2.72	1.95	8.997433	13.413766	11.121840	0.555019
9.14	21.41	4.34	8.16	2.72	1.95	9.002272	13.414954	11.124735	0.555005
9.15	21.41	4.35	8.17	2.72	1.95	9.007118	13.416145	11.127635	0.554991
9.15	21.41	4.36	8.19	2.72	1.95	9.011971	13.417341	11.130542	0.554977
9.15	21.41	4.38	8.20	2.72	1.95	9.016830	13.418541	11.133453	0.554963
9.16	21.41	4.39	8.22	2.72	1.95	9.021697	13.419746	11.136371	0.554949
9.16	21.41	4.40	8.23	2.72	1.95	9.026570	13.420955	11.139294	0.554935
9.16	21.41	4.41	8.24	2.72	1.95	9.031451	13.422168	11.142223	0.554921
9.16	21.41	4.42	8.26	2.72	1.95	9.036338	13.423386	11.145158	0.554907
9.17	21.41	4.43	8.27	2.72	1.95	9.041232	13.424608	11.148098	0.554893
9.17	21.41	4.44	8.29	2.72	1.95	9.046133	13.425834	11.151044	0.554879
9.17	21.41	4.45	8.30	2.72	1.95	9.051041	13.427065	11.153996	0.554865
9.18	21.41	4.46	8.31	2.72	1.95	9.055956	13.428300	11.156954	0.554851
9.18	21.41	4.47	8.33	2.72	1.95	9.060878	13.429540	11.159917	0.554837
9.18	21.41	4.48	8.34	2.72	1.95	9.065807	13.430784	11.162885	0.554823
9.18	21.41	4.49	8.36	2.72	1.94	9.070742	13.432032	11.165860	0.554809
9.19	21.41	4.50	8.37	2.72	1.94	9.075685	13.433284	11.168840	0.554795
9.19	21.41	4.51	8.38	2.72	1.94	9.080634	13.434541	11.171826	0.554781
9.19	21.41	4.52	8.40	2.72	1.94	9.085590	13.435802	11.174817	0.554767
9.19	21.41	4.53	8.41	2.72	1.94	9.090553	13.437068	11.177814	0.554753
9.20	21.41	4.54	8.43	2.72	1.94	9.095523	13.438338	11.180817	0.554738
9.20	21.41	4.55	8.44	2.72	1.94	9.100500	13.439612	11.183825	0.554724
9.20	21.41	4.56	8.46	2.72	1.94	9.105484	13.440891	11.186839	0.554710
9.21	21.41	4.58	8.47	2.72	1.94	9.110474	13.442174	11.189859	0.554696
9.21	21.41	4.59	8.48	2.72	1.94	9.115471	13.443461	11.192884	0.554682
9.21	21.41	4.60	8.50	2.72	1.94	9.120475	13.444753	11.195915	0.554667
9.21	21.41	4.61	8.51	2.72	1.94	9.125486	13.446049	11.198952	0.554653
9.22	21.41	4.62	8.53	2.72	1.94	9.130504	13.447350	11.201994	0.554639
9.22	21.41	4.63	8.54	2.72	1.94	9.135529	13.448654	11.205042	0.554625
9.22	21.41	4.64	8.55	2.72	1.94	9.140561	13.449963	11.208096	0.554610
9.22	21.41	4.65	8.57	2.72	1.94	9.145599	13.451277	11.211155	0.554596
9.23	21.41	4.66	8.58	2.72	1.94	9.150644	13.452595	11.214220	0.554582
9.23	21.41	4.67	8.60	2.72	1.94	9.155696	13.453917	11.217290	0.554567
9.23	21.41	4.68	8.61	2.72	1.94	9.160755	13.455243	11.220366	0.554553
9.24	21.41	4.69	8.63	2.72	1.94	9.165820	13.456574	11.223448	0.554538
9.24	21.41	4.70	8.64	2.73	1.94	9.170893	13.457909	11.226535	0.554524
9.24	21.41	4.71	8.65	2.73	1.94	9.175972	13.459249	11.229628	0.554510
9.24	21.41	4.73	8.67	2.73	1.93	9.181058	13.460593	11.232727	0.554495
9.25	21.41	4.74	8.68	2.73	1.93	9.186151	13.461941	11.235831	0.554481
9.25	21.41	4.75	8.70	2.73	1.93	9.191250	13.463293	11.238941	0.554466
9.25	21.41	4.76	8.71	2.73	1.93	9.196357	13.464650	11.242056	0.554452
9.26	21.41	4.77	8.72	2.73	1.93	9.201470	13.466012	11.245177	0.554437
9.26	21.41	4.78	8.74	2.73	1.93	9.206590	13.467377	11.248304	0.554423
9.26	21.41	4.79	8.75	2.73	1.93	9.211716	13.468747	11.251436	0.554408
9.26	21.41	4.80	8.77	2.73	1.93	9.216850	13.470121	11.254574	0.554393
9.27	21.41	4.81	8.78	2.73	1.93	9.221990	13.471500	11.257718	0.554379
9.27	21.41	4.82	8.80	2.73	1.93	9.227137	13.472883	11.260867	0.554364
9.27	21.41	4.83	8.81	2.73	1.93	9.232291	13.474270	11.264021	0.554350
9.28	21.41	4.84	8.82	2.73	1.93	9.237451	13.475662	11.267182	0.554335
9.28	21.41	4.85	8.84	2.73	1.93	9.242618	13.477057	11.270348	0.554320
9.28	21.41	4.87	8.85	2.73	1.93	9.247792	13.478458	11.273519	0.554306
9.28	21.41	4.88	8.87	2.73	1.93	9.252973	13.479862	11.276696	0.554291
9.29	21.41	4.89	8.88	2.73	1.93	9.258160	13.481271	11.279879	0.554276
9.29	21.41	4.90	8.90	2.73	1.93	9.263355	13.482684	11.283067	0.554262
9.29	21.41	4.91	8.91	2.73	1.93	9.268555	13.484102	11.286261	0.554247
9.29	21.41	4.92	8.93	2.73	1.93	9.273763	13.485524	11.289460	0.554232
9.30	21.41	4.93	8.94	2.73	1.93	9.278977	13.486950	11.292665	0.554217
9.30	21.41	4.94	8.95	2.73	1.93	9.284198	13.488381	11.295876	0.554202
9.30	21.41	4.95	8.97	2.73	1.92	9.289426	13.489815	11.299092	0.554188
9.31	21.41	4.96	8.98	2.73	1.92	9.294661	13.491255	11.302313	0.554173
9.31	21.41	4.97	9.00	2.73	1.92	9.299902	13.492698	11.305541	0.554158
9.31	21.41	4.99	9.01	2.73	1.92	9.305150	13.494146	11.308773	0.554143
9.31	21.41	5.00	9.03	2.73	1.92	9.310404	13.495598	11.312012	0.554128
9.32	21.41	5.01	9.04	2.73	1.92	9.315665	13.497055	11.315256	0.554113
9.32	21.41	5.02	9.05	2.73	1.92	9.320933	13.498516	11.318505	0.554098
9.32	21.41	5.03	9.07	2.73	1.92	9.326208	13.499981	11.321760	0.554084
9.32	21.41	5.04	9.08	2.73	1.92	9.331489	13.501450	11.325021	0.554069
9.33	21.41	5.05	9.10	2.73	1.92	9.336777	13.502924	11.328287	0.554054
9.33	21.41	5.06	9.11	2.73	1.92	9.342072	13.504402	11.331559	0.554039
9.33	21.41	5.07	9.13	2.73	1.92	9.347373	13.505885	11.334836	0.554024
9.34	21.41	5.08	9.14	2.73	1.92	9.352681	13.507371	11.338119	0.554009
9.34	21.41	5.10	9.16	2.73	1.92	9.357996	13.508862	11.341407	0.553994
9.34	21.41	5.11	9.17	2.73	1.92	9.363317	13.510358	11.344701	0.553978
9.34	21.41	5.12	9.18	2.73	1.92	9.368645	13.511857	11.348000	0.553963
9.35	21.41	5.13	9.20	2.73	1.92	9.373979	13.513361	11.351305	0.553948
9.35	21.41	5.14	9.21	2.73	1.92	9.379320	13.514870	11.354616	0.553933
9.35	21.41	5.15	9.23	2.73	1.92	9.384668	13.516382	11.357932	0.553918
9.36	21.41	5.16	9.24	2.73	1.92	9.390023	13.517899	11.361253	0.553903
9.36	21.41	5.17	9.26	2.73	1.92	9.395384	13.519421	11.364580	0.553888
9.36	21.41	5.18	9.27	2.73	1.91	9.400751	13.520946	11.367913	0.553873
9.36	21.41	5.20	9.29	2.73	1.91	9.406126	13.522476	11.371251	0.553857
9.37	21.41	5.21	9.30	2.73	1.91	9.411507	13.524010	11.374595	0.553842
9.37	21.41	5.22	9.31	2.73	1.91	9.416894	13.525549	11.377944	0.553827
9.37	21.41	5.23	9.33	2.73	1.91	9.422288	13.527091	11.381298	0.553812
9.38	21.41	5.24	9.34	2.73	1.91	9.427689	13.528639	11.384659	0.553796
9.38	21.41	5.25	9.36	2.73	1.91	9.433096	13.530190	11.388024	0.553781
9.38	21.41	5.26	9.37	2.73	1.91	9.438510	13.531746	11.391395	0.553766
9.38	21.41	5.27	9.39	2.73	1.91	9.443931	13.533306	11.394772	0.553750
9.39	21.41	5.28	9.40	2.73	1.91	9.449358	13.534870	11.398154	0.553735
9.39	21.41	5.30	9.42	2.73	1.91	9.454791	13.536439	11.401542	0.553720
9.39	21.41	5.31	9.43	2.73	1.91	9.460232	13.538012	11.404935	0.553704
9.39	21.41	5.32	9.44	2.73	1.91	9.465678	13.539589	11.408334	0.553689
9.40	21.41	5.33	9.46	2.73	1.91	9.471132	13.541170	11.411738	0.553673
9.40	21.41	5.34	9.47	2.73	1.91	9.476592	13.542756	11.415147	0.553658
9.40	21.41	5.35	9.49	2.73	1.91	9.482058	13.544346	11.418563	0.553643
9.41	21.41	5.36	9.50	2.73	1.91	9.487531	13.545941	11.421983	0.553627
9.41	21.41	5.37	9.52	2.73	1.91	9.493011	13.547539	11.425409	0.553612
9.41	21.41	5.39	9.53	2.73	1.91	9.498497	13.549142	11.428841	0.553596
9.41	21.41	5.40	9.55	2.73	1.91	9.503990	13.550750	11.432278	0.553581
9.42	21.41	5.41	9.56	2.73	1.90	9.509489	13.552361	11.435720	0.553565
9.42	21.41	5.42	9.58	2.73	1.90	9.514995	13.553977	11.439168	0.553549
9.42	21.41	5.43	9.59	2.73	1.90	9.520507	13.555597	11.442622	0.553534
9.43	21.41	5.44	9.61	2.73	1.90	9.526026	13.557222	11.446080	0.553518
9.43	21.41	5.45	9.62	2.73	1.90	9.531551	13.558850	11.449545	0.553503
9.43	21.41	5.47	9.63	2.73	1.90	9.537083	13.560483	11.453015	0.553487
9.43	21.41	5.48	9.65	2.73	1.90	9.542621	13.562121	11.456490	0.553471
9.44	21.41	5.49	9.66	2.73	1.90	9.548166	13.563762	11.459971	0.553456
9.44	21.41	5.50	9.68	2.73	1.90	9.553717	13.565408	11.463457	0.553440
9.44	21.41	5.51	9.69	2.73	1.90	9.559275	13.567058	11.466948	0.553424
9.44	21.41	5.52	9.71	2.73	1.90	9.564839	13.568713	11.470445	0.553408
9.45	21.41	5.53	9.72	2.73	1.90	9.570410	13.570371	11.473948	0.553393
9.45	21.41	5.54	9.74	2.73	1.90	9.575987	13.572034	11.477456	0.553377
9.45	21.41	5.56	9.75	2.73	1.90	9.581571	13.573702	11.480969	0.553361
9.46	21.41	5.57	9.77	2.73	1.90	9.587161	13.575373	11.484488	0.553345
9.46	21.41	5.58	9.78	2.73	1.90	9.592758	13.577049	11.488012	0.553329
9.46	21.41	5.59	9.80	2.73	1.90	9.598361	13.578729	11.491542	0.553314
9.46	21.41	5.60	9.81	2.73	1.90	9.603971	13.580414	11.495077	0.553298
9.47	21.41	5.61	9.82	2.73	1.90	9.609587	13.582102	11.498618	0.553282
9.47	21.41	5.62	9.84	2.73	1.90	9.615209	13.583795	11.502164	0.553266
9.47	21.41	5.64	9.85	2.73	1.89	9.620838	13.585492	11.505715	0.553250
9.47	21.41	5.65	9.87	2.73	1.89	9.626474	13.587194	11.509272	0.553234
9.48	21.41	5.66	9.88	2.73	1.89	9.632116	13.588900	11.512834	0.553218
9.48	21.41	5.67	9.90	2.73	1.89	9.637764	13.590610	11.516401	0.553202
9.48	21.41	5.68	9.91	2.73	1.89	9.643419	13.592324	11.519975	0.553186
9.49	21.41	5.69	9.93	2.73	1.89	9.649080	13.594043	11.523553	0.553170
9.49	21.41	5.70	9.94	2.73	1.89	9.654747	13.595765	11.527137	0.553154
9.49	21.41	5.72	9.96	2.73	1.89	9.660421	13.597492	11.530726	0.553138
9.49	21.41	5.73	9.97	2.73	1.89	9.666102	13.599224	11.534321	0.553122
9.50	21.41	5.74	9.99	2.73	1.89	9.671789	13.600959	11.537921	0.553106
9.50	21.41	5.75	10.00	2.73	1.89	9.677482	13.602699	11.541526	0.553089
9.50	21.41	5.76	10.02	2.73	1.89	9.683181	13.604443	11.545137	0.553073
9.51	21.41	5.77	10.03	2.73	1.89	9.688887	13.606192	11.548753	0.553057
9.51	21.41	5.79	10.05	2.73	1.89	9.694600	13.607944	11.552375	0.553041
9.51	21.41	5.80	10.06	2.73	1.89	9.700319	13.609701	11.556001	0.553025
9.51	21.41	5.81	10.08	2.73	1.89	9.706044	13.611462	11.559634	0.553008
9.52	21.41	5.82	10.09	2.74	1.89	9.711775	13.613228	11.563272	0.552992
9.52	21.41	5.83	10.10	2.74	1.89	9.717513	13.614998	11.566915	0.552976
9.52	21.41	5.84	10.12	2.74	1.89	9.723257	13.616771	11.570563	0.552960
9.53	21.41	5.85	10.13	2.74	1.88	9.729008	13.618550	11.574217	0.552943
9.53	21.41	5.87	10.15	2.74	1.88	9.734765	13.620332	11.577876	0.552927
9.53	21.41	5.88	10.16	2.74	1.88	9.740528	13.622119	11.581541	0.552911
9.53	21.41	5.89	10.18	2.74	1.88	9.746298	13.623910	11.585210	0.552894
9.54	21.41	5.90	10.19	2.74	1.88	9.752074	13.625705	11.588886	0.552878
9.54	21.41	5.91	10.21	2.74	1.88	9.757856	13.627504	11.592566	0.552861
9.54	21.41	5.92	10.22	2.74	1.88	9.763645	13.629308	11.596252	0.552845
9.54	21.41	5.94	10.24	2.74	1.88	9.769440	13.631116	11.599944	0.552829
9.55	21.41	5.95	10.25	2.74	1.88	9.775241	13.632928	11.603640	0.552812
9.55	21.41	5.96	10.27	2.74	1.88	9.781049	13.634744	11.607342	0.552796
9.55	21.41	5.97	10.28	2.74	1.88	9.786863	13.636565	11.611050	0.552779
9.56	21.41	5.98	10.30	2.74	1.88	9.792683	13.638390	11.614762	0.552763
9.56	21.41	5.99	10.31	2.74	1.88	9.798510	13.640219	11.618480	0.552746
9.56	21.41	6.01	10.33	2.74	1.88	9.804343	13.642052	11.622204	0.552729
9.56	21.41	6.02	10.34	2.74	1.88	9.810182	13.643890	11.625932	0.552713
9.57	21.41	6.03	10.36	2.74	1.88	9.816027	13.645732	11.629666	0.552696
9.57	21.41	6.04	10.37	2.74	1.88	9.821879	13.647578	11.633405	0.552680
9.57	21.41	6.05	10.39	2.74	1.88	9.827737	13.649428	11.637150	0.552663
9.57	21.41	6.06	10.40	2.74	1.88	9.833601	13.651282	11.640900	0.552646
9.58	21.41	6.08	10.42	2.74	1.87	9.839472	13.653141	11.644655	0.552630
9.58	21.41	6.09	10.43	2.74	1.87	9.845349	13.655004	11.648416	0.552613
9.58	21.41	6.10	10.45	2.74	1.87	9.851232	13.656871	11.652182	0.552596
9.59	21.41	6.11	10.46	2.74	1.87	9.857121	13.658743	11.655953	0.552579
9.59	21.41	6.12	10.48	2.74	1.87	9.863017	13.660618	11.659729	0.552563
9.59	21.41	6.13	10.49	2.74	1.87	9.868919	13.662498	11.663511	0.552546
9.59	21.41	6.15	10.51	2.74	1.87	9.874827	13.664382	11.667298	0.552529
9.60	21.41	6.16	10.52	2.74	1.87	9.880741	13.666270	11.671091	0.552512
9.60	21.41	6.17	10.54	2.74	1.87	9.886662	13.668163	11.674888	0.552495
9.60	21.41	6.18	10.55	2.74	1.87	9.892589	13.670060	11.678691	0.552478
9.61	21.41	6.19	10.56	2.74	1.87	9.898522	13.671961	11.682500	0.552461
9.61	21.41	6.21	10.58	2.74	1.87	9.904461	13.673866	11.686313	0.552445
9.61	21.41	6.22	10.59	2.74	1.87	9.910406	13.675775	11.690132	0.552428
9.61	21.41	6.23	10.61	2.74	1.87	9.916358	13.677689	11.693956	0.552411
9.62	21.41	6.24	10.62	2.74	1.87	9.922316	13.679607	11.697785	0.552394
9.62	21.41	6.25	10.64	2.74	1.87	9.928280	13.681529	11.701620	0.552377
9.62	21.41	6.26	10.65	2.74	1.87	9.934251	13.683455	11.705460	0.552360
9.62	21.41	6.28	10.67	2.74	1.87	9.940227	13.685385	11.709305	0.552342
9.63	21.41	6.29	10.68	2.74	1.87	9.946210	13.687320	11.713155	0.552325
9.63	21.41	6.30	10.70	2.74	1.86	9.952199	13.689259	11.717011	0.552308
9.63	21.41	6.31	10.71	2.74	1.86	9.958194	13.691202	11.720872	0.552291
9.64	21.41	6.32	10.73	2.74	1.86	9.964195	13.693149	11.724738	0.552274
9.64	21.41	6.34	10.74	2.74	1.86	9.970202	13.695100	11.728610	0.552257
9.64	21.41	6.35	10.76	2.74	1.86	9.976216	13.697056	11.732486	0.552240
9.64	21.41	6.36	10.77	2.74	1.86	9.982236	13.699016	11.736368	0.552222
9.65	21.41	6.37	10.79	2.74	1.86	9.988262	13.700980	11.740255	0.552205
9.65	21.41	6.38	10.80	2.74	1.86	9.994294	13.702948	11.744148	0.552188
9.65	21.41	6.40	10.82	2.74	1.86	10.000332	13.704921	11.748045	0.552171
9.66	21.41	6.41	10.83	2.74	1.86	10.006376	13.706897	11.751948	0.552153
9.66	21.41	6.42	10.85	2.74	1.86	10.012427	13.708878	11.755856	0.552136
9.66	21.41	6.43	10.86	2.74	1.86	10.018483	13.710863	11.759770	0.552119
9.66	21.41	6.44	10.88	2.74	1.86	10.024546	13.712852	11.763688	0.552101
9.67	21.41	6.46	10.89	2.74	1.86	10.030615	13.714846	11.767612	0.552084
9.67	21.41	6.47	10.91	2.74	1.86	10.036690	13.716843	11.771541	0.552067
9.67	21.41	6.48	10.92	2.74	1.86	10.042771	13.718845	11.775475	0.552049
9.68	21.41	6.49	10.94	2.74	1.86	10.048858	13.720851	11.779415	0.552032
9.68	21.41	6.50	10.95	2.74	1.86	10.054951	13.722861	11.783359	0.552014
9.68	21.41	6.52	10.97	2.74	1.85	10.061051	13.724875	11.787309	0.551997
9.68	21.41	6.53	10.98	2.74	1.85	10.067156	13.726894	11.791264	0.551979
9.69	21.41	6.54	11.00	2.74	1.85	10.073268	13.728917	11.795224	0.551962
9.69	21.41	6.55	11.01	2.74	1.85	10.079385	13.730943	11.799190	0.551944
9.69	21.41	6.56	11.03	2.74	1.85	10.085509	13.732975	11.803160	0.551927
9.69	21.41	6.58	11.04	2.74	1.85	10.091639	13.735010	11.807136	0.551909
9.70	21.41	6.59	11.06	2.74	1.85	10.097775	13.737049	11.811117	0.551891
9.70	21.41	6.60	11.07	2.74	1.85	10.103916	13.739093	11.815103	0.551874
9.70	21.41	6.61	11.09	2.74	1.85	10.110064	13.741140	11.819095	0.551856
9.71	21.41	6.62	11.10	2.74	1.85	10.116218	13.743192	11.823091	0.551838
9.71	21.41	6.64	11.12	2.74	1.85	10.122379	13.745248	11.827093	0.551821
9.71	21.41	6.65	11.14	2.74	1.85	10.128545	13.747308	11.831100	0.551803
9.71	21.41	6.66	11.15	2.74	1.85	10.134717	13.749373	11.835112	0.551785
9.72	21.41	6.67	11.17	2.74	1.85	10.140895	13.751441	11.839129	0.551767
9.72	21.41	6.68	11.18	2.74	1.85	10.147079	13.753514	11.843151	0.551749
9.72	21.41	6.70	11.20	2.74	1.85	10.153270	13.755591	11.847179	0.551732
9.72	21.41	6.71	11.21	2.74	1.85	10.159466	13.757672	11.851212	0.551714
9.73	21.41	6.72	11.23	2.74	1.84	10.165668	13.759757	11.855249	0.551696
9.73	21.41	6.73	11.24	2.74	1.84	10.171876	13.761846	11.859292	0.551678
9.73	21.41	6.74	11.26	2.74	1.84	10.178091	13.763940	11.863341	0.551660
9.74	21.41	6.76	11.27	2.74	1.84	10.184311	13.766038	11.867394	0.551642
9.74	21.41	6.77	11.29	2.74	1.84	10.190537	13.768139	11.871452	0.551624
9.74	21.41	6.78	11.30	2.74	1.84	10.196769	13.770245	11.875516	0.551606
9.74	21.41	6.79	11.32	2.74	1.84	10.203008	13.772355	11.879584	0.551588
9.75	21.41	6.81	11.33	2.74	1.84	10.209252	13.774470	11.883658	0.551570
9.75	21.41	6.82	11.35	2.74	1.84	10.215502	13.776588	11.887737	0.551552
9.75	21.41	6.83	11.36	2.74	1.84	10.221758	13.778711	11.891821	0.551534
9.76	21.41	6.84	11.38	2.74	1.84	10.228021	13.780837	11.895911	0.551516
9.76	21.41	6.85	11.39	2.75	1.84	10.234289	13.782968	11.900005	0.551498
9.76	21.41	6.87	11.41	2.75	1.84	10.240563	13.785103	11.904104	0.551479
9.76	21.41	6.88	11.42	2.75	1.84	10.246843	13.787242	11.908209	0.551461
9.77	21.41	6.89	11.44	2.75	1.84	10.253129	13.789385	11.912318	0.551443
9.77	21.41	6.90	11.45	2.75	1.84	10.259421	13.791533	11.916433	0.551425
9.77	21.41	6.92	11.47	2.75	1.84	10.265718	13.793684	11.920553	0.551407
9.78	21.41	6.93	11.48	2.75	1.84	10.272022	13.795840	11.924678	0.551388
9.78	21.41	6.94	11.50	2.75	1.83	10.278332	13.797999	11.928808	0.551370
9.78	21.41	6.95	11.51	2.75	1.83	10.284647	13.800163	11.932943	0.551352
9.78	21.41	6.96	11.53	2.75	1.83	10.290969	13.802331	11.937083	0.551333
9.79	21.41	6.98	11.54	2.75	1.83	10.297296	13.804503	11.941229	0.551315
9.79	21.41	6.99	11.56	2.75	1.83	10.303630	13.806680	11.945379	0.551297
9.79	21.41	7.00	11.57	2.75	1.83	10.309969	13.808860	11.949535	0.551278
9.79	21.41	7.01	11.59	2.75	1.83	10.316314	13.811045	11.953695	0.551260
9.80	21.41	7.03	11.60	2.75	1.83	10.322665	13.813233	11.957861	0.551241
9.80	21.41	7.04	11.62	2.75	1.83	10.329022	13.815426	11.962032	0.551223
9.80	21.41	7.05	11.63	2.75	1.83	10.335385	13.817623	11.966207	0.551204
9.81	21.41	7.06	11.65	2.75	1.83	10.341753	13.819824	11.970388	0.551186
9.81	21.41	7.08	11.67	2.75	1.83	10.348128	13.822029	11.974574	0.551167
9.81	21.41	7.09	11.68	2.75	1.83	10.354508	13.824238	11.978765	0.551148
9.81	21.41	7.10	11.70	2.75	1.83	10.360895	13.826451	11.982961	0.551130
9.82	21.41	7.11	11.71	2.75	1.83	10.367287	13.828669	11.987162	0.551111
9.82	21.41	7.12	11.73	2.75	1.83	10.373685	13.830890	11.991368	0.551093
9.82	21.41	7.14	11.74	2.75	1.82	10.380088	13.833116	11.995579	0.551074
9.82	21.41	7.15	11.76	2.75	1.82	10.386498	13.835346	11.999796	0.551055
9.83	21.41	7.16	11.77	2.75	1.82	10.392914	13.837580	12.004017	0.551036
9.83	21.41	7.17	11.79	2.75	1.82	10.399335	13.839817	12.008243	0.551018
9.83	21.41	7.19	11.80	2.75	1.82	10.405762	13.842060	12.012474	0.550999
9.84	21.41	7.20	11.82	2.75	1.82	10.412195	13.844306	12.016711	0.550980
9.84	21.41	7.21	11.83	2.75	1.82	10.418634	13.846556	12.020952	0.550961
9.84	21.41	7.22	11.85	2.75	1.82	10.425078	13.848810	12.025198	0.550942
9.84	21.41	7.24	11.86	2.75	1.82	10.431529	13.851069	12.029450	0.550923
9.85	21.41	7.25	11.88	2.75	1.82	10.437985	13.853331	12.033706	0.550904
9.85	21.41	7.26	11.89	2.75	1.82	10.444447	13.855598	12.037968	0.550886
9.85	21.41	7.27	11.91	2.75	1.82	10.450914	13.857868	12.042234	0.550867
9.86	21.41	7.29	11.92	2.75	1.82	10.457388	13.860143	12.046505	0.550848
9.86	21.41	7.30	11.94	2.75	1.82	10.463867	13.862422	12.050782	0.550829
9.86	21.41	7.31	11.95	2.75	1.82	10.470352	13.864705	12.055063	0.550810
9.86	21.41	7.32	11.97	2.75	1.82	10.476843	13.866992	12.059350	0.550790
9.87	21.41	7.34	11.99	2.75	1.82	10.483340	13.869283	12.063641	0.550771
9.87	21.41	7.35	12.00	2.75	1.81	10.489842	13.871578	12.067938	0.550752
9.87	21.41	7.36	12.02	2.75	1.81	10.496350	13.873878	12.072239	0.550733
9.88	21.41	7.37	12.03	2.75	1.81	10.502864	13.876181	12.076545	0.550714
9.88	21.41	7.39	12.05	2.75	1.81	10.509384	13.878488	12.080857	0.550695
9.88	21.41	7.40	12.06	2.75	1.81	10.515909	13.880800	12.085173	0.550675
9.88	21.41	7.41	12.08	2.75	1.81	10.522440	13.883115	12.089494	0.550656
9.89	21.41	7.42	12.09	2.75	1.81	10.528977	13.885435	12.093821	0.550637
9.89	21.41	7.44	12.11	2.75	1.81	10.535519	13.887759	12.098152	0.550618
9.89	21.41	7.45	12.12	2.75	1.81	10.542067	13.890086	12.102488	0.550598
9.89	21.41	7.46	12.14	2.75	1.81	10.548621	13.892418	12.106829	0.550579
9.90	21.41	7.47	12.15	2.75	1.81	10.555181	13.894754	12.111175	0.550560
9.90	21.41	7.49	12.17	2.75	1.81	10.561746	13.897094	12.115526	0.550540
9.90	21.41	7.50	12.18	2.75	1.81	10.568317	13.899438	12.119882	0.550521
9.91	21.41	7.51	12.20	2.75	1.81	10.574894	13.901786	12.124243	0.550501
9.91	21.41	7.52	12.22	2.75	1.81	10.581476	13.904138	12.128609	0.550482
9.91	21.41	7.54	12.23	2.75	1.81	10.588065	13.906494	12.132980	0.550462
9.91	21.41	7.55	12.25	2.75	1.80	10.594658	13.908854	12.137356	0.550443
9.92	21.41	7.56	12.26	2.75	1.80	10.601258	13.911219	12.141736	0.550423
9.92	21.41	7.57	12.28	2.75	1.80	10.607863	13.913587	12.146122	0.550404
9.92	21.41	7.59	12.29	2.75	1.80	10.614473	13.915959	12.150512	0.550384
9.93	21.41	7.60	12.31	2.75	1.80	10.621090	13.918336	12.154908	0.550364
9.93	21.41	7.61	12.32	2.75	1.80	10.627712	13.920716	12.159308	0.550345
9.93	21.41	7.62	12.34	2.75	1.80	10.634340	13.923100	12.163714	0.550325
9.93	21.41	7.64	12.35	2.75	1.80	10.640973	13.925489	12.168124	0.550305
9.94	21.41	7.65	12.37	2.75	1.80	10.647612	13.927881	12.172539	0.550285
9.94	21.41	7.66	12.38	2.75	1.80	10.654256	13.930278	12.176959	0.550266
9.94	21.41	7.67	12.40	2.75	1.80	10.660907	13.932679	12.181384	0.550246
9.94	21.41	7.69	12.41	2.75	1.80	10.667562	13.935083	12.185814	0.550226
9.95	21.41	7.70	12.43	2.75	1.80	10.674224	13.937492	12.190248	0.550206
9.95	21.41	7.71	12.45	2.75	1.80	10.680891	13.939905	12.194688	0.550186
9.95	21.41	7.73	12.46	2.75	1.80	10.687563	13.942321	12.199132	0.550166
9.96	21.41	7.74	12.48	2.75	1.80	10.694242	13.944742	12.203582	0.550146
9.96	21.41	7.75	12.49	2.75	1.79	10.700925	13.947167	12.208036	0.550126
9.96	21.41	7.76	12.51	2.75	1.79	10.707615	13.949596	12.212495	0.550106
9.96	21.41	7.78	12.52	2.75	1.79	10.714310	13.952028	12.216959	0.550086
9.97	21.41	7.79	12.54	2.75	1.79	10.721010	13.954465	12.221428	0.550066
9.97	21.41	7.80	12.55	2.75	1.79	10.727716	13.956906	12.225901	0.550046
9.97	21.41	7.81	12.57	2.75	1.79	10.734428	13.959351	12.230380	0.550026
9.97	21.41	7.83	12.58	2.75	1.79	10.741145	13.961800	12.234863	0.550006
9.98	21.41	7.84	12.60	2.76	1.79	10.747868	13.964253	12.239352	0.549986
9.98	21.41	7.85	12.61	2.76	1.79	10.754596	13.966710	12.243845	0.549966
9.98	21.41	7.86	12.63	2.76	1.79	10.761330	13.969171	12.248343	0.549945
9.99	21.41	7.88	12.65	2.76	1.79	10.768069	13.971635	12.252846	0.549925
9.99	21.41	7.89	12.66	2.76	1.79	10.774814	13.974104	12.257353	0.549905
9.99	21.41	7.90	12.68	2.76	1.79	10.781565	13.976577	12.261866	0.549885
9.99	21.41	7.92	12.69	2.76	1.79	10.788321	13.979054	12.266383	0.549864
10.00	21.41	7.93	12.71	2.76	1.79	10.795082	13.981535	12.270905	0.549844
10.00	21.41	7.94	12.72	2.76	1.78	10.801849	13.984020	12.275432	0.549823
10.00	21.41	7.95	12.74	2.76	1.78	10.808622	13.986509	12.279964	0.549803
10.01	21.41	7.97	12.75	2.76	1.78	10.815399	13.989002	12.284501	0.549783
10.01	21.41	7.98	12.77	2.76	1.78	10.822183	13.991499	12.289042	0.549762
10.01	21.41	7.99	12.78	2.76	1.78	10.828972	13.993999	12.293588	0.549742
10.01	21.41	8.01	12.80	2.76	1.78	10.835766	13.996504	12.298139	0.549721
10.02	21.41	8.02	12.82	2.76	1.78	10.842566	13.999013	12.302695	0.549700
10.02	21.41	8.03	12.83	2.76	1.78	10.849372	14.001526	12.307256	0.549680
10.02	21.41	8.04	12.85	2.76	1.78	10.856182	14.004043	12.311821	0.549659
10.03	21.41	8.06	12.86	2.76	1.78	10.862999	14.006563	12.316392	0.549639
10.03	21.41	8.07	12.88	2.76	1.78	10.869820	14.009088	12.320967	0.549618
10.03	21.41	8.08	12.89	2.76	1.78	10.876648	14.011617	12.325547	0.549597
10.03	21.41	8.09	12.91	2.76	1.78	10.883480	14.014150	12.330131	0.549576
10.04	21.41	8.11	12.92	2.76	1.78	10.890318	14.016686	12.334721	0.549556
10.04	21.41	8.12	12.94	2.76	1.78	10.897162	14.019227	12.339315	0.549535
10.04	21.41	8.13	12.95	2.76	1.77	10.904011	14.021771	12.343914	0.549514
10.04	21.41	8.15	12.97	2.76	1.77	10.910865	14.024320	12.348517	0.549493
10.05	21.41	8.16	12.99	2.76	1.77	10.917725	14.026872	12.353126	0.549472
10.05	21.41	8.17	13.00	2.76	1.77	10.924590	14.029429	12.357739	0.549451
10.05	21.41	8.18	13.02	2.76	1.77	10.931461	14.031989	12.362357	0.549430
10.06	21.41	8.20	13.03	2.76	1.77	10.938337	14.034554	12.366980	0.549409
10.06	21.41	8.21	13.05	2.76	1.77	10.945218	14.037122	12.371607	0.549388
10.06	21.41	8.22	13.06	2.76	1.77	10.952105	14.039694	12.376240	0.549367
10.06	21.41	8.24	13.08	2.76	1.77	10.958997	14.042271	12.380876	0.549346
10.07	21.41	8.25	13.09	2.76	1.77	10.965894	14.044851	12.385518	0.549325
10.07	21.41	8.26	13.11	2.76	1.77	10.972797	14.047435	12.390165	0.549304
10.07	21.41	8.28	13.12	2.76	1.77	10.979705	14.050023	12.394816	0.549283
10.07	21.41	8.29	13.14	2.76	1.77	10.986619	14.052615	12.399472	0.549262
10.08	21.41	8.30	13.16	2.76	1.77	10.993538	14.055211	12.404132	0.549240
10.08	21.41	8.31	13.17	2.76	1.77	11.000462	14.057811	12.408798	0.549219
10.08	21.41	8.33	13.19	2.76	1.76	11.007392	14.060415	12.413468	0.549198
10.09	21.41	8.34	13.20	2.76	1.76	11.014327	14.063023	12.418143	0.549177
10.09	21.41	8.35	13.22	2.76	1.76	11.021267	14.065635	12.422822	0.549155
10.09	21.41	8.37	13.23	2.76	1.76	11.028213	14.068250	12.427506	0.549134
10.09	21.41	8.38	13.25	2.76	1.76	11.035164	14.070870	12.432195	0.549112
10.10	21.41	8.39	13.26	2.76	1.76	11.042120	14.073493	12.436889	0.549091
10.10	21.41	8.40	13.28	2.76	1.76	11.049082	14.076121	12.441587	0.549070
10.10	21.41	8.42	13.30	2.76	1.76	11.056049	14.078752	12.446290	0.549048
10.11	21.41	8.43	13.31	2.76	1.76	11.063021	14.081387	12.450998	0.549027
10.11	21.41	8.44	13.33	2.76	1.76	11.069998	14.084027	12.455710	0.549005
10.11	21.41	8.46	13.34	2.76	1.76	11.076981	14.086670	12.460427	0.548983
10.11	21.41	8.47	13.36	2.76	1.76	11.083969	14.089317	12.465149	0.548962
10.12	21.41	8.48	13.37	2.76	1.76	11.090963	14.091968	12.469875	0.548940
10.12	21.41	8.50	13.39	2.76	1.76	11.097961	14.094623	12.474606	0.548918
10.12	21.41	8.51	13.40	2.76	1.76	11.104965	14.097281	12.479342	0.548897
10.12	21.41	8.52	13.42	2.76	1.75	11.111974	14.099944	12.484082	0.548875
10.13	21.41	8.53	13.44	2.76	1.75	11.118989	14.102611	12.488827	0.548853
10.13	21.41	8.55	13.45	2.76	1.75	11.126008	14.105281	12.493577	0.548831
10.13	21.41	8.56	13.47	2.76	1.75	11.133033	14.107956	12.498331	0.548809
10.14	21.41	8.57	13.48	2.76	1.75	11.140063	14.110634	12.503090	0.548788
10.14	21.41	8.59	13.50	2.76	1.75	11.147099	14.113316	12.507854	0.548766
10.14	21.41	8.60	13.51	2.76	1.75	11.154139	14.116002	12.512622	0.548744
10.14	21.41	8.61	13.53	2.76	1.75	11.161185	14.118692	12.517395	0.548722
10.15	21.41	8.63	13.54	2.76	1.75	11.168236	14.121386	12.522173	0.548700
10.15	21.41	8.64	13.56	2.76	1.75	11.175292	14.124084	12.526955	0.548678
10.15	21.41	8.65	13.58	2.76	1.75	11.182354	14.126786	12.531742	0.548656
10.16	21.41	8.66	13.59	2.76	1.75	11.189420	14.129491	12.536533	0.548634
10.16	21.41	8.68	13.61	2.76	1.75	11.196492	14.132201	12.541329	0.548611
10.16	21.41	8.69	13.62	2.76	1.75	11.203569	14.134914	12.546130	0.548589
10.16	21.41	8.70	13.64	2.76	1.74	11.210651	14.137631	12.550935	0.548567
10.17	21.41	8.72	13.65	2.76	1.74	11.217739	14.140352	12.555745	0.548545
10.17	21.41	8.73	13.67	2.76	1.74	11.224831	14.143077	12.560559	0.548522
10.17	21.41	8.74	13.68	2.76	1.74	11.231929	14.145806	12.565378	0.548500
10.18	21.41	8.76	13.70	2.76	1.74	11.239032	14.148539	12.570202	0.548478
10.18	21.41	8.77	13.72	2.76	1.74	11.246140	14.151275	12.575030	0.548455
10.18	21.41	8.78	13.73	2.77	1.74	11.253253	14.154016	12.579863	0.548433
10.18	21.41	8.80	13.75	2.77	1.74	11.260371	14.156760	12.584700	0.548411
10.19	21.41	8.81	13.76	2.77	1.74	11.267495	14.159508	12.589542	0.548388
10.19	21.41	8.82	13.78	2.77	1.74	11.274623	14.162260	12.594389	0.548366
10.19	21.41	8.84	13.79	2.77	1.74	11.281757	14.165016	12.599240	0.548343
10.19	21.41	8.85	13.81	2.77	1.74	11.288896	14.167776	12.604096	0.548320
10.20	21.41	8.86	13.82	2.77	1.74	11.296040	14.170539	12.608956	0.548298
10.20	21.41	8.87	13.84	2.77	1.74	11.303189	14.173306	12.613821	0.548275
10.20	21.41	8.89	13.86	2.77	1.73	11.310343	14.176078	12.618690	0.548253
10.21	21.41	8.90	13.87	2.77	1.73	11.317502	14.178853	12.623564	0.548230
10.21	21.41	8.91	13.89	2.77	1.73	11.324666	14.181632	12.628442	0.548207
10.21	21.41	8.93	13.90	2.77	1.73	11.331836	14.184415	12.633325	0.548184
10.21	21.41	8.94	13.92	2.77	1.73	11.339010	14.187201	12.638213	0.548161
10.22	21.41	8.95	13.93	2.77	1.73	11.346190	14.189992	12.643105	0.548139
10.22	21.41	8.97	13.95	2.77	1.73	11.353374	14.192786	12.648001	0.548116
10.22	21.41	8.98	13.96	2.77	1.73	11.360564	14.195584	12.652902	0.548093
10.22	21.41	8.99	13.98	2.77	1.73	11.367759	14.198386	12.657808	0.548070
10.23	21.41	9.01	14.00	2.77	1.73	11.374958	14.201192	12.662718	0.548047
10.23	21.41	9.02	14.01	2.77	1.73	11.382163	14.204002	12.667633	0.548024
10.23	21.41	9.03	14.03	2.77	1.73	11.389373	14.206815	12.672552	0.548001
10.24	21.41	9.05	14.04	2.77	1.73	11.396588	14.209632	12.677476	0.547978
10.24	21.41	9.06	14.06	2.77	1.73	11.403808	14.212454	12.682404	0.547955
10.24	21.41	9.07	14.07	2.77	1.72	11.411033	14.215279	12.687337	0.547931
10.24	21.41	9.09	14.09	2.77	1.72	11.418263	14.218107	12.692274	0.547908
10.25	21.41	9.10	14.10	2.77	1.72	11.425498	14.220940	12.697215	0.547885
10.25	21.41	9.11	14.12	2.77	1.72	11.432738	14.223776	12.702162	0.547862
10.25	21.41	9.13	14.14	2.77	1.72	11.439982	14.226616	12.707112	0.547838
10.26	21.41	9.14	14.15	2.77	1.72	11.447232	14.229460	12.712067	0.547815
10.26	21.41	9.15	14.17	2.77	1.72	11.454487	14.232308	12.717027	0.547792
10.26	21.41	9.17	14.18	2.77	1.72	11.461747	14.235160	12.721991	0.547768
10.26	21.41	9.18	14.20	2.77	1.72	11.469012	14.238015	12.726960	0.547745
10.27	21.41	9.19	14.21	2.77	1.72	11.476282	14.240874	12.731933	0.547721
10.27	21.41	9.21	14.23	2.77	1.72	11.483557	14.243737	12.736910	0.547698
10.27	21.41	9.22	14.25	2.77	1.72	11.490837	14.246604	12.741892	0.547674
10.28	21.41	9.23	14.26	2.77	1.72	11.498121	14.249475	12.746878	0.547651
10.28	21.41	9.25	14.28	2.77	1.71	11.505411	14.252349	12.751869	0.547627
10.28	21.41	9.26	14.29	2.77	1.71	11.512705	14.255227	12.756864	0.547603
10.28	21.41	9.27	14.31	2.77	1.71	11.520005	14.258109	12.761864	0.547580
10.29	21.41	9.29	14.32	2.77	1.71	11.527309	14.260995	12.766868	0.547556
10.29	21.41	9.30	14.34	2.77	1.71	11.534619	14.263885	12.771877	0.547532
10.29	21.41	9.31	14.35	2.77	1.71	11.541933	14.266778	12.776890	0.547508
10.29	21.41	9.33	14.37	2.77	1.71	11.549252	14.269675	12.781907	0.547484
10.30	21.41	9.34	14.39	2.77	1.71	11.556576	14.272576	12.786929	0.547460
10.30	21.41	9.35	14.40	2.77	1.71	11.563905	14.275480	12.791955	0.547436
10.30	21.41	9.37	14.42	2.77	1.71	11.571239	14.278389	12.796986	0.547412
10.31	21.41	9.38	14.43	2.77	1.71	11.578578	14.281301	12.802021	0.547388
10.31	21.41	9.39	14.45	2.77	1.71	11.585922	14.284217	12.807060	0.547364
10.31	21.41	9.41	14.46	2.77	1.71	11.593270	14.287137	12.812104	0.547340
10.31	21.41	9.42	14.48	2.77	1.70	11.600624	14.290060	12.817153	0.547316
10.32	21.41	9.43	14.50	2.77	1.70	11.607982	14.292987	12.822205	0.547292
10.32	21.41	9.45	14.51	2.77	1.70	11.615345	14.295918	12.827262	0.547268
10.32	21.41	9.46	14.53	2.77	1.70	11.622713	14.298853	12.832324	0.547244
10.32	21.41	9.47	14.54	2.77	1.70	11.630086	14.301791	12.837390	0.547219
10.33	21.41	9.49	14.56	2.77	1.70	11.637464	14.304733	12.842460	0.547195
10.33	21.41	9.50	14.57	2.77	1.70	11.644846	14.307679	12.847534	0.547171
10.33	21.41	9.51	14.59	2.77	1.70	11.652233	14.310629	12.852613	0.547146
10.34	21.41	9.53	14.61	2.77	1.70	11.659626	14.313583	12.857696	0.547122
10.34	21.41	9.54	14.62	2.77	1.70	11.667022	14.316540	12.862784	0.547097
10.34	21.41	9.55	14.64	2.77	1.70	11.674424	14.319501	12.867876	0.547073
10.34	21.41	9.57	14.65	2.77	1.70	11.681831	14.322465	12.872972	0.547048
10.35	21.41	9.58	14.67	2.77	1.70	11.689242	14.325434	12.878073	0.547024
10.35	21.41	9.59	14.68	2.77	1.69	11.696658	14.328406	12.883178	0.546999
10.35	21.41	9.61	14.70	2.77	1.69	11.704079	14.331382	12.888288	0.546974
10.36	21.41	9.62	14.71	2.77	1.69	11.711505	14.334361	12.893401	0.546950
10.36	21.41	9.63	14.73	2.77	1.69	11.718935	14.337345	12.898519	0.546925
10.36	21.41	9.65	14.75	2.77	1.69	11.726371	14.340332	12.903642	0.546900
10.36	21.41	9.66	14.76	2.77	1.69	11.733811	14.343322	12.908768	0.546875
10.37	21.41	9.67	14.78	2.78	1.69	11.741255	14.346317	12.913899	0.546850
10.37	21.41	9.69	14.79	2.78	1.69	11.748705	14.349315	12.919035	0.546825
10.37	21.41	9.70	14.81	2.78	1.69	11.756159	14.352317	12.924174	0.546800
10.38	21.41	9.71	14.82	2.78	1.69	11.763618	14.355322	12.929318	0.546775
10.38	21.41	9.73	14.84	2.78	1.69	11.771082	14.358332	12.934466	0.546750
10.38	21.41	9.74	14.86	2.78	1.69	11.778550	14.361345	12.939619	0.546725
10.38	21.41	9.75	14.87	2.78	1.69	11.786024	14.364361	12.944776	0.546700
10.39	21.41	9.77	14.89	2.78	1.68	11.793502	14.367382	12.949937	0.546675
10.39	21.41	9.78	14.90	2.78	1.68	11.800984	14.370406	12.955102	0.546650
10.39	21.41	9.79	14.92	2.78	1.68	11.808471	14.373434	12.960272	0.546625
10.39	21.41	9.81	14.93	2.78	1.68	11.815963	14.376465	12.965446	0.546599
10.40	21.41	9.82	14.95	2.78	1.68	11.823460	14.379500	12.970624	0.546574
10.40	21.41	9.83	14.97	2.78	1.68	11.830961	14.382539	12.975806	0.546549
10.40	21.41	9.85	14.98	2.78	1.68	11.838468	14.385582	12.980993	0.546523
10.41	21.41	9.86	15.00	2.78	1.68	11.845978	14.388628	12.986184	0.546498
10.41	21.41	9.88	15.01	2.78	1.68	11.853494	14.391678	12.991380	0.546472
10.41	21.41	9.89	15.03	2.78	1.68	11.861014	14.394731	12.996579	0.546447
10.41	21.41	9.90	15.04	2.78	1.68	11.868538	14.397789	13.001783	0.546421
10.42	21.41	9.92	15.06	2.78	1.68	11.876068	14.400850	13.006991	0.546395
10.42	21.41	9.93	15.08	2.78	1.68	11.883602	14.403914	13.012203	0.546370
10.42	21.41	9.94	15.09	2.78	1.67	11.891140	14.406983	13.017419	0.546344
10.43	21.41	9.96	15.11	2.78	1.67	11.898684	14.410054	13.022640	0.546318
10.43	21.41	9.97	15.12	2.78	1.67	11.906231	14.413130	13.027865	0.546293
10.43	21.41	9.98	15.14	2.78	1.67	11.913784	14.416209	13.033094	0.546267
10.43	21.41	10.00	15.15	2.78	1.67	11.921341	14.419292	13.038328	0.546241
10.44	21.41	10.01	15.17	2.78	1.67	11.928903	14.422379	13.043565	0.546215
10.44	21.41	10.02	15.19	2.78	1.67	11.936469	14.425469	13.048807	0.546189
10.44	21.41	10.04	15.20	2.78	1.67	11.944040	14.428563	13.054053	0.546163
10.44	21.41	10.05	15.22	2.78	1.67	11.951615	14.431660	13.059303	0.546137
10.45	21.41	10.06	15.23	2.78	1.67	11.959195	14.434762	13.064558	0.546111
10.45	21.41	10.08	15.25	2.78	1.67	11.966780	14.437866	13.069816	0.546085
10.45	21.41	10.09	15.26	2.78	1.67	11.974369	14.440975	13.075079	0.546058
10.46	21.41	10.11	15.28	2.78	1.66	11.981963	14.444087	13.080346	0.546032
10.46	21.41	10.12	15.29	2.78	1.66	11.989561	14.447203	13.085617	0.546006
10.46	21.41	10.13	15.31	2.78	1.66	11.997164	14.450322	13.090892	0.545980
10.46	21.41	10.15	15.33	2.78	1.66	12.004772	14.453445	13.096172	0.545953
10.47	21.41	10.16	15.34	2.78	1.66	12.012384	14.456572	13.101455	0.545927
10.47	21.41	10.17	15.36	2.78	1.66	12.020000	14.459702	13.106743	0.545900
10.47	21.41	10.19	15.37	2.78	1.66	12.027621	14.462836	13.112035	0.545874
10.47	21.41	10.20	15.39	2.78	1.66	12.035247	14.465973	13.117331	0.545847
10.48	21.41	10.21	15.40	2.78	1.66	12.042877	14.469114	13.122632	0.545821
10.48	21.41	10.23	15.42	2.78	1.66	12.050511	14.472259	13.127936	0.545794
10.48	21.41	10.24	15.44	2.78	1.66	12.058150	14.475408	13.133245	0.545767
10.49	21.41	10.26	15.45	2.78	1.66	12.065794	14.478559	13.138557	0.545741
10.49	21.41	10.27	15.47	2.78	1.65	12.073442	14.481715	13.143874	0.545714
10.49	21.41	10.28	15.48	2.78	1.65	12.081094	14.484874	13.149195	0.545687
10.49	21.41	10.30	15.50	2.78	1.65	12.088751	14.488037	13.154520	0.545660
10.50	21.41	10.31	15.51	2.78	1.65	12.096413	14.491203	13.159849	0.545633
10.50	21.41	10.32	15.53	2.78	1.65	12.104079	14.494373	13.165183	0.545606
10.50	21.41	10.34	15.55	2.78	1.65	12.111749	14.497547	13.170520	0.545579
10.51	21.41	10.35	15.56	2.78	1.65	12.119424	14.500724	13.175861	0.545552
10.51	21.41	10.36	15.58	2.78	1.65	12.127103	14.503905	13.181207	0.545525
10.51	21.41	10.38	15.59	2.78	1.65	12.134787	14.507089	13.186557	0.545498
10.51	21.41	10.39	15.61	2.78	1.65	12.142475	14.510277	13.191911	0.545471
10.52	21.41	10.41	15.62	2.78	1.65	12.150167	14.513469	13.197268	0.545444
10.52	21.41	10.42	15.64	2.78	1.65	12.157864	14.516664	13.202630	0.545416
10.52	21.41	10.43	15.66	2.78	1.64	12.165566	14.519862	13.207996	0.545389
10.53	21.41	10.45	15.67	2.78	1.64	12.173272	14.523065	13.213367	0.545361
10.53	21.41	10.46	15.69	2.78	1.64	12.180982	14.526270	13.218741	0.545334
10.53	21.41	10.47	15.70	2.78	1.64	12.188696	14.529480	13.224119	0.545307
10.53	21.41	10.49	15.72	2.78	1.64	12.196415	14.532693	13.229501	0.545279
10.54	21.41	10.50	15.73	2.78	1.64	12.204139	14.535909	13.234888	0.545251
10.54	21.41	10.51	15.75	2.78	1.64	12.211867	14.539129	13.240278	0.545224
10.54	21.41	10.53	15.77	2.78	1.64	12.219599	14.542353	13.245673	0.545196
10.54	21.41	10.54	15.78	2.78	1.64	12.227335	14.545580	13.251071	0.545168
10.55	21.41	10.56	15.80	2.79	1.64	12.235076	14.548811	13.256474	0.545141
10.55	21.41	10.57	15.81	2.79	1.64	12.242821	14.552045	13.261880	0.545113
10.55	21.41	10.58	15.83	2.79	1.63	12.250571	14.555283	13.267291	0.545085
10.56	21.41	10.60	15.84	2.79	1.63	12.258325	14.558524	13.272706	0.545057
10.56	21.41	10.61	15.86	2.79	1.63	12.266083	14.561769	13.278125	0.545029
10.56	21.41	10.62	15.88	2.79	1.63	12.273846	14.565018	13.283547	0.545001
10.56	21.41	10.64	15.89	2.79	1.63	12.281612	14.568270	13.288974	0.544973
10.57	21.41	10.65	15.91	2.79	1.63	12.289384	14.571525	13.294405	0.544945
10.57	21.41	10.67	15.92	2.79	1.63	12.297159	14.574784	13.299839	0.544916
10.57	21.41	10.68	15.94	2.79	1.63	12.304939	14.578047	13.305278	0.544888
10.57	21.41	10.69	15.95	2.79	1.63	12.312723	14.581313	13.310721	0.544860
10.58	21.41	10.71	15.97	2.79	1.63	12.320511	14.584583	13.316168	0.544832
10.58	21.41	10.72	15.99	2.79	1.63	12.328304	14.587856	13.321618	0.544803
10.58	21.41	10.73	16.00	2.79	1.63	12.336101	14.591133	13.327073	0.544775
10.59	21.41	10.75	16.02	2.79	1.62	12.343902	14.594413	13.332532	0.544746
10.59	21.41	10.76	16.03	2.79	1.62	12.351708	14.597697	13.337994	0.544718
10.59	21.41	10.78	16.05	2.79	1.62	12.359517	14.600984	13.343461	0.544689
10.59	21.41	10.79	16.06	2.79	1.62	12.367331	14.604275	13.348932	0.544660
10.60	21.41	10.80	16.08	2.79	1.62	12.375150	14.607569	13.354406	0.544632
10.60	21.41	10.82	16.10	2.79	1.62	12.382972	14.610867	13.359885	0.544603
10.60	21.41	10.83	16.11	2.79	1.62	12.390799	14.614168	13.365367	0.544574
10.61	21.41	10.84	16.13	2.79	1.62	12.398630	14.617473	13.370854	0.544545
10.61	21.41	10.86	16.14	2.79	1.62	12.406465	14.620781	13.376344	0.544516
10.61	21.41	10.87	16.16	2.79	1.62	12.414304	14.624093	13.381838	0.544487
10.61	21.41	10.89	16.17	2.79	1.62	12.422148	14.627408	13.387336	0.544458
10.62	21.41	10.90	16.19	2.79	1.61	12.429995	14.630727	13.392839	0.544429
10.62	21.41	10.91	16.21	2.79	1.61	12.437847	14.634049	13.398345	0.544400
10.62	21.41	10.93	16.22	2.79	1.61	12.445704	14.637375	13.403855	0.544371
10.62	21.41	10.94	16.24	2.79	1.61	12.453564	14.640704	13.409368	0.544342
10.63	21.41	10.95	16.25	2.79	1.61	12.461428	14.644037	13.414886	0.544312
10.63	21.41	10.97	16.27	2.79	1.61	12.469297	14.647373	13.420408	0.544283
10.63	21.41	10.98	16.28	2.79	1.61	12.477170	14.650712	13.425934	0.544254
10.64	21.41	11.00	16.30	2.79	1.61	12.485047	14.654056	13.431463	0.544224
10.64	21.41	11.01	16.32	2.79	1.61	12.492928	14.657402	13.436997	0.544195
10.64	21.41	11.02	16.33	2.79	1.61	12.500813	14.660752	13.442534	0.544165
10.64	21.41	11.04	16.35	2.79	1.61	12.508703	14.664106	13.448075	0.544136
10.65	21.41	11.05	16.36	2.79	1.60	12.516596	14.667463	13.453620	0.544106
10.65	21.41	11.07	16.38	2.79	1.60	12.524494	14.670823	13.459169	0.544076
10.65	21.41	11.08	16.39	2.79	1.60	12.532396	14.674187	13.464722	0.544046
10.66	21.41	11.09	16.41	2.79	1.60	12.540302	14.677554	13.470279	0.544016
10.66	21.41	11.11	16.42	2.79	1.60	12.548212	14.680925	13.475839	0.543987
10.66	21.41	11.12	16.44	2.79	1.60	12.556126	14.684299	13.481404	0.543957
10.66	21.41	11.13	16.46	2.79	1.60	12.564044	14.687677	13.486972	0.543927
10.67	21.41	11.15	16.47	2.79	1.60	12.571967	14.691058	13.492544	0.543897
10.67	21.41	11.16	16.49	2.79	1.60	12.579893	14.694442	13.498120	0.543866
10.67	21.41	11.18	16.50	2.79	1.60	12.587823	14.697830	13.503700	0.543836
10.68	21.41	11.19	16.52	2.79	1.60	12.595758	14.701221	13.509283	0.543806
10.68	21.41	11.20	16.53	2.79	1.59	12.603697	14.704616	13.514871	0.543776
10.68	21.41	11.22	16.55	2.79	1.59	12.611639	14.708014	13.520462	0.543745
10.68	21.41	11.23	16.57	2.79	1.59	12.619586	14.711416	13.526057	0.543715
10.69	21.41	11.25	16.58	2.79	1.59	12.627537	14.714821	13.531656	0.543684
10.69	21.41	11.26	16.60	2.79	1.59	12.635491	14.718230	13.537259	0.543654
10.69	21.41	11.27	16.61	2.79	1.59	12.643450	14.721642	13.542865	0.543623
10.69	21.41	11.29	16.63	2.79	1.59	12.651413	14.725057	13.548476	0.543592
10.70	21.41	11.30	16.64	2.79	1.59	12.659380	14.728476	13.554090	0.543562
10.70	21.41	11.31	16.66	2.79	1.59	12.667351	14.731898	13.559708	0.543531
10.70	21.41	11.33	16.68	2.79	1.59	12.675326	14.735323	13.565329	0.543500
10.71	21.41	11.34	16.69	2.79	1.58	12.683304	14.738752	13.570955	0.543469
10.71	21.41	11.36	16.71	2.79	1.58	12.691287	14.742184	13.576584	0.543438
10.71	21.41	11.37	16.72	2.79	1.58	12.699274	14.745620	13.582217	0.543407
10.71	21.41	11.38	16.74	2.79	1.58	12.707265	14.749059	13.587854	0.543376
10.72	21.41	11.40	16.75	2.80	1.58	12.715260	14.752502	13.593494	0.543345
10.72	21.41	11.41	16.77	2.80	1.58	12.723258	14.755947	13.599139	0.543314
10.72	21.41	11.43	16.79	2.80	1.58	12.731261	14.759397	13.604787	0.543282
10.72	21.41	11.44	16.80	2.80	1.58	12.739268	14.762849	13.610439	0.543251
10.73	21.41	11.45	16.82	2.80	1.58	12.747278	14.766305	13.616094	0.543220
10.73	21.41	11.47	16.83	2.80	1.58	12.755293	14.769765	13.621754	0.543188
10.73	21.41	11.48	16.85	2.80	1.58	12.763311	14.773227	13.627417	0.543157
10.74	21.41	11.50	16.86	2.80	1.57	12.771334	14.776694	13.633083	0.543125
10.74	21.41	11.51	16.88	2.80	1.57	12.779360	14.780163	13.638754	0.543093
10.74	21.41	11.52	16.90	2.80	1.57	12.787390	14.783636	13.644428	0.543062
10.74	21.41	11.54	16.91	2.80	1.57	12.795424	14.787112	13.650106	0.543030
10.75	21.41	11.55	16.93	2.80	1.57	12.803463	14.790592	13.655788	0.542998
10.75	21.41	11.57	16.94	2.80	1.57	12.811504	14.794075	13.661473	0.542966
10.75	21.41	11.58	16.96	2.80	1.57	12.819550	14.797561	13.667162	0.542934
10.76	21.41	11.59	16.97	2.80	1.57	12.827600	14.801051	13.672855	0.542902
10.76	21.41	11.61	16.99	2.80	1.57	12.835654	14.804543	13.678552	0.542870
10.76	21.41	11.62	17.00	2.80	1.57	12.843711	14.808040	13.684252	0.542838
10.76	21.41	11.63	17.02	2.80	1.56	12.851772	14.811539	13.689956	0.542806
10.77	21.41	11.65	17.04	2.80	1.56	12.859837	14.815042	13.695663	0.542773
10.77	21.41	11.66	17.05	2.80	1.56	12.867906	14.818549	13.701374	0.542741
10.77	21.41	11.68	17.07	2.80	1.56	12.875979	14.822058	13.707089	0.542709
10.78	21.41	11.69	17.08	2.80	1.56	12.884056	14.825571	13.712808	0.542676
10.78	21.41	11.70	17.10	2.80	1.56	12.892137	14.829088	13.718530	0.542643
10.78	21.41	11.72	17.11	2.80	1.56	12.900221	14.832607	13.724256	0.542611
10.78	21.41	11.73	17.13	2.80	1.56	12.908309	14.836130	13.729986	0.542578
10.79	21.41	11.75	17.15	2.80	1.56	12.916401	14.839656	13.735719	0.542545
10.79	21.41	11.76	17.16	2.80	1.56	12.924497	14.843186	13.741456	0.542513
10.79	21.41	11.77	17.18	2.80	1.55	12.932596	14.846719	13.747196	0.542480
10.79	21.41	11.79	17.19	2.80	1.55	12.940700	14.850255	13.752940	0.542447
10.80	21.41	11.80	17.21	2.80	1.55	12.948807	14.853795	13.758688	0.542414
10.80	21.41	11.82	17.22	2.80	1.55	12.956918	14.857337	13.764439	0.542380
10.80	21.41	11.83	17.24	2.80	1.55	12.965032	14.860883	13.770194	0.542347
10.81	21.41	11.84	17.26	2.80	1.55	12.973151	14.864433	13.775953	0.542314
10.81	21.41	11.86	17.27	2.80	1.55	12.981273	14.867986	13.781715	0.542281
10.81	21.41	11.87	17.29	2.80	1.55	12.989399	14.871542	13.787481	0.542247
10.81	21.41	11.89	17.30	2.80	1.55	12.997529	14.875101	13.793250	0.542214
10.82	21.41	11.90	17.32	2.80	1.55	13.005662	14.878663	13.799023	0.542180
10.82	21.41	11.91	17.33	2.80	1.54	13.013799	14.882229	13.804800	0.542147
10.82	21.41	11.93	17.35	2.80	1.54	13.021940	14.885798	13.810580	0.542113
10.82	21.41	11.94	17.36	2.80	1.54	13.030085	14.889371	13.816364	0.542079
10.83	21.41	11.96	17.38	2.80	1.54	13.038233	14.892946	13.822151	0.542045
10.83	21.41	11.97	17.40	2.80	1.54	13.046385	14.896525	13.827942	0.542012
10.83	21.41	11.98	17.41	2.80	1.54	13.054541	14.900107	13.833736	0.541978
10.84	21.41	12.00	17.43	2.80	1.54	13.062700	14.903693	13.839534	0.541944
10.84	21.41	12.01	17.44	2.80	1.54	13.070863	14.907282	13.845336	0.541909
10.84	21.41	12.03	17.46	2.80	1.54	13.079030	14.910874	13.851141	0.541875
10.84	21.41	12.04	17.47	2.80	1.53	13.087201	14.914469	13.856950	0.541841
10.85	21.41	12.05	17.49	2.80	1.53	13.095375	14.918067	13.862762	0.541807
10.85	21.41	12.07	17.51	2.80	1.53	13.103552	14.921669	13.868578	0.541772
10.85	21.41	12.08	17.52	2.80	1.53	13.111734	14.925274	13.874397	0.541738
10.86	21.41	12.10	17.54	2.80	1.53	13.119919	14.928882	13.880220	0.541703
10.86	21.41	12.11	17.55	2.80	1.53	13.128108	14.932494	13.886046	0.541669
10.86	21.41	12.12	17.57	2.80	1.53	13.136300	14.936108	13.891876	0.541634
10.86	21.41	12.14	17.58	2.80	1.53	13.144496	14.939726	13.897709	0.541599
10.87	21.41	12.15	17.60	2.80	1.53	13.152696	14.943347	13.903546	0.541564
10.87	21.41	12.17	17.61	2.80	1.53	13.160899	14.946972	13.909387	0.541529
10.87	21.41	12.18	17.63	2.80	1.52	13.169106	14.950599	13.915231	0.541494
10.88	21.41	12.19	17.65	2.80	1.52	13.177316	14.954230	13.921078	0.541459
10.88	21.41	12.21	17.66	2.81	1.52	13.185530	14.957864	13.926929	0.541424
10.88	21.41	12.22	17.68	2.81	1.52	13.193748	14.961501	13.932783	0.541389
10.88	21.41	12.24	17.69	2.81	1.52	13.201969	14.965142	13.938641	0.541353
10.89	21.41	12.25	17.71	2.81	1.52	13.210193	14.968786	13.944502	0.541318
10.89	21.41	12.27	17.72	2.81	1.52	13.218422	14.972432	13.950367	0.541282
10.89	21.41	12.28	17.74	2.81	1.52	13.226654	14.976082	13.956235	0.541247
10.89	21.41	12.29	17.76	2.81	1.52	13.234889	14.979736	13.962107	0.541211
10.90	21.41	12.31	17.77	2.81	1.51	13.243128	14.983392	13.967982	0.541176
10.90	21.41	12.32	17.79	2.81	1.51	13.251370	14.987052	13.973861	0.541140
10.90	21.41	12.34	17.80	2.81	1.51	13.259616	14.990715	13.979743	0.541104
10.91	21.41	12.35	17.82	2.81	1.51	13.267866	14.994381	13.985629	0.541068
10.91	21.41	12.36	17.83	2.81	1.51	13.276119	14.998050	13.991517	0.541032
10.91	21.41	12.38	17.85	2.81	1.51	13.284376	15.001722	13.997410	0.540996
10.91	21.41	12.39	17.86	2.81	1.51	13.292636	15.005398	14.003306	0.540959
10.92	21.41	12.41	17.88	2.81	1.51	13.300899	15.009077	14.009205	0.540923
10.92	21.41	12.42	17.90	2.81	1.51	13.309166	15.012759	14.015107	0.540887
10.92	21.41	12.43	17.91	2.81	1.50	13.317437	15.016444	14.021014	0.540850
10.93	21.41	12.45	17.93	2.81	1.50	13.325711	15.020132	14.026923	0.540814
10.93	21.41	12.46	17.94	2.81	1.50	13.333989	15.023824	14.032836	0.540777
10.93	21.41	12.48	17.96	2.81	1.50	13.342270	15.027518	14.038752	0.540740
10.93	21.41	12.49	17.97	2.81	1.50	13.350554	15.031216	14.044672	0.540704
10.94	21.41	12.50	17.99	2.81	1.50	13.358842	15.034917	14.050595	0.540667
10.94	21.41	12.52	18.00	2.81	1.50	13.367133	15.038621	14.056521	0.540630
10.94	21.41	12.53	18.02	2.81	1.50	13.375428	15.042328	14.062451	0.540593
10.94	21.41	12.55	18.04	2.81	1.50	13.383726	15.046038	14.068384	0.540555
10.95	21.41	12.56	18.05	2.81	1.49	13.392028	15.049752	14.074321	0.540518
10.95	21.41	12.57	18.07	2.81	1.49	13.400333	15.053469	14.080261	0.540481
10.95	21.41	12.59	18.08	2.81	1.49	13.408642	15.057188	14.086204	0.540443
10.96	21.41	12.60	18.10	2.81	1.49	13.416953	15.060911	14.092150	0.540406
10.96	21.41	12.62	18.11	2.81	1.49	13.425269	15.064637	14.098100	0.540368
10.96	21.41	12.63	18.13	2.81	1.49	13.433587	15.068366	14.104054	0.540331
10.96	21.41	12.65	18.14	2.81	1.49	13.441909	15.072099	14.110010	0.540293
10.97	21.41	12.66	18.16	2.81	1.49	13.450235	15.075834	14.115970	0.540255
10.97	21.41	12.67	18.18	2.81	1.49	13.458564	15.079573	14.121934	0.540217
10.97	21.41	12.69	18.19	2.81	1.48	13.466896	15.083314	14.127900	0.540179
10.97	21.41	12.70	18.21	2.81	1.48	13.475231	15.087059	14.133870	0.540141
10.98	21.41	12.72	18.22	2.81	1.48	13.483570	15.090807	14.139843	0.540103
10.98	21.41	12.73	18.24	2.81	1.48	13.491913	15.094558	14.145820	0.540064
10.98	21.41	12.74	18.25	2.81	1.48	13.500258	15.098312	14.151800	0.540026
10.99	21.41	12.76	18.27	2.81	1.48	13.508607	15.102069	14.157783	0.539987
10.99	21.41	12.77	18.28	2.81	1.48	13.516959	15.105829	14.163769	0.539949
10.99	21.41	12.79	18.30	2.81	1.48	13.525315	15.109592	14.169759	0.539910
10.99	21.41	12.80	18.32	2.81	1.48	13.533674	15.113359	14.175752	0.539871
11.00	21.41	12.81	18.33	2.81	1.47	13.542036	15.117128	14.181748	0.539832
11.00	21.41	12.83	18.35	2.81	1.47	13.550401	15.120901	14.187748	0.539793
11.00	21.41	12.84	18.36	2.81	1.47	13.558770	15.124676	14.193751	0.539754
11.01	21.41	12.86	18.38	2.81	1.47	13.567142	15.128455	14.199757	0.539715
11.01	21.41	12.87	18.39	2.81	1.47	13.575518	15.132237	14.205766	0.539676
11.01	21.41	12.89	18.41	2.81	1.47	13.583896	15.136022	14.211779	0.539637
11.01	21.41	12.90	18.42	2.81	1.47	13.592278	15.139810	14.217795	0.539597
11.02	21.41	12.91	18.44	2.81	1.47	13.600663	15.143601	14.223814	0.539557
11.02	21.41	12.93	18.46	2.81	1.46	13.609052	15.147395	14.229836	0.539518
11.02	21.41	12.94	18.47	2.81	1.46	13.617443	15.151192	14.235861	0.539478
11.03	21.41	12.96	18.49	2.81	1.46	13.625838	15.154992	14.241890	0.539438
11.03	21.41	12.97	18.50	2.81	1.46	13.634236	15.158795	14.247922	0.539398
11.03	21.41	12.98	18.52	2.81	1.46	13.642638	15.162601	14.253957	0.539358
11.03	21.41	13.00	18.53	2.81	1.46	13.651042	15.166411	14.259996	0.539318
11.04	21.41	13.01	18.55	2.82	1.46	13.659450	15.170223	14.266038	0.539278
11.04	21.41	13.03	18.56	2.82	1.46	13.667861	15.174038	14.272082	0.539237
11.04	21.41	13.04	18.58	2.82	1.46	13.676275	15.177857	14.278130	0.539197
11.04	21.41	13.06	18.59	2.82	1.45	13.684692	15.181678	14.284182	0.539156
11.05	21.41	13.07	18.61	2.82	1.45	13.693113	15.185503	14.290236	0.539116
11.05	21.41	13.08	18.63	2.82	1.45	13.701537	15.189330	14.296294	0.539075
11.05	21.41	13.10	18.64	2.82	1.45	13.709963	15.193161	14.302354	0.539034
11.06	21.41	13.11	18.66	2.82	1.45	13.718394	15.196994	14.308418	0.538993
11.06	21.41	13.13	18.67	2.82	1.45	13.726827	15.200831	14.314485	0.538952
11.06	21.41	13.14	18.69	2.82	1.45	13.735263	15.204670	14.320556	0.538911
11.06	21.41	13.15	18.70	2.82	1.45	13.743703	15.208513	14.326629	0.538869
11.07	21.41	13.17	18.72	2.82	1.44	13.752145	15.212358	14.332706	0.538828
11.07	21.41	13.18	18.73	2.82	1.44	13.760591	15.216207	14.338785	0.538786
11.07	21.41	13.20	18.75	2.82	1.44	13.769040	15.220058	14.344868	0.538745
11.07	21.41	13.21	18.77	2.82	1.44	13.777492	15.223913	14.350954	0.538703
11.08	21.41	13.23	18.78	2.82	1.44	13.785947	15.227771	14.357043	0.538661
11.08	21.41	13.24	18.80	2.82	1.44	13.794405	15.231631	14.363136	0.538619
11.08	21.41	13.25	18.81	2.82	1.44	13.802866	15.235495	14.369231	0.538577
11.09	21.41	13.27	18.83	2.82	1.44	13.811331	15.239361	14.375329	0.538535
11.09	21.41	13.28	18.84	2.82	1.43	13.819798	15.243230	14.381431	0.538492
11.09	21.41	13.30	18.86	2.82	1.43	13.828269	15.247103	14.387536	0.538450
11.09	21.41	13.31	18.87	2.82	1.43	13.836743	15.250978	14.393643	0.538407
11.10	21.41	13.32	18.89	2.82	1.43	13.845219	15.254857	14.399754	0.538365
11.10	21.41	13.34	18.90	2.82	1.43	13.853699	15.258738	14.405868	0.538322
11.10	21.41	13.35	18.92	2.82	1.43	13.862182	15.262622	14.411985	0.538279
11.11	21.41	13.37	18.94	2.82	1.43	13.870668	15.266509	14.418105	0.538236
11.11	21.41	13.38	18.95	2.82	1.43	13.879157	15.270400	14.424229	0.538193
11.11	21.41	13.40	18.97	2.82	1.42	13.887648	15.274293	14.430355	0.538150
11.11	21.41	13.41	18.98	2.82	1.42	13.896143	15.278189	14.436484	0.538106
11.12	21.41	13.42	19.00	2.82	1.42	13.904641	15.282088	14.442617	0.538063
11.12	21.41	13.44	19.01	2.82	1.42	13.913142	15.285990	14.448752	0.538019
11.12	21.41	13.45	19.03	2.82	1.42	13.921646	15.289895	14.454891	0.537976
11.12	21.41	13.47	19.04	2.82	1.42	13.930153	15.293803	14.461032	0.537932
11.13	21.41	13.48	19.06	2.82	1.42	13.938663	15.297713	14.467177	0.537888
11.13	21.41	13.49	19.07	2.82	1.41	13.947176	15.301627	14.473324	0.537844
11.13	21.41	13.51	19.09	2.82	1.41	13.955692	15.305544	14.479475	0.537799
11.14	21.41	13.52	19.10	2.82	1.41	13.964211	15.309463	14.485629	0.537755
11.14	21.41	13.54	19.12	2.82	1.41	13.972733	15.313386	14.491785	0.537711
11.14	21.41	13.55	19.14	2.82	1.41	13.981257	15.317311	14.497945	0.537666
11.14	21.41	13.57	19.15	2.82	1.41	13.989785	15.321239	14.504108	0.537621
11.15	21.41	13.58	19.17	2.82	1.41	13.998316	15.325171	14.510273	0.537576
11.15	21.41	13.59	19.18	2.82	1.41	14.006849	15.329105	14.516442	0.537531
11.15	21.41	13.61	19.20	2.82	1.40	14.015386	15.333042	14.522614	0.537486
11.16	21.41	13.62	19.21	2.82	1.40	14.023925	15.336982	14.528788	0.537441
11.16	21.41	13.64	19.23	2.82	1.40	14.032468	15.340924	14.534966	0.537396
11.16	21.41	13.65	19.24	2.82	1.40	14.041013	15.344870	14.541146	0.537350
11.16	21.41	13.67	19.26	2.82	1.40	14.049561	15.348819	14.547330	0.537305
11.17	21.41	13.68	19.27	2.82	1.40	14.058112	15.352770	14.553517	0.537259
11.17	21.41	13.69	19.29	2.82	1.40	14.066666	15.356724	14.559706	0.537213
11.17	21.41	13.71	19.30	2.82	1.39	14.075223	15.360682	14.565898	0.537167
11.18	21.41	13.72	19.32	2.82	1.39	14.083782	15.364642	14.572094	0.537121
11.18	21.41	13.74	19.34	2.82	1.39	14.092345	15.368605	14.578292	0.537074
11.18	21.41	13.75	19.35	2.82	1.39	14.100910	15.372570	14.584493	0.537028
11.18	21.41	13.76	19.37	2.82	1.39	14.109479	15.376539	14.590698	0.536981
11.19	21.41	13.78	19.38	2.82	1.39	14.118050	15.380511	14.596905	0.536935
11.19	21.41	13.79	19.40	2.83	1.39	14.126624	15.384485	14.603115	0.536888
11.19	21.41	13.81	19.41	2.83	1.39	14.135200	15.388462	14.609328	0.536841
11.19	21.41	13.82	19.43	2.83	1.38	14.143780	15.392442	14.615544	0.536794
11.20	21.41	13.84	19.44	2.83	1.38	14.152362	15.396425	14.621762	0.536746
11.20	21.41	13.85	19.46	2.83	1.38	14.160948	15.400411	14.627984	0.536699
11.20	21.41	13.86	19.47	2.83	1.38	14.169536	15.404400	14.634209	0.536652
11.21	21.41	13.88	19.49	2.83	1.38	14.178126	15.408391	14.640436	0.536604
11.21	21.41	13.89	19.50	2.83	1.38	14.186720	15.412385	14.646666	0.536556
11.21	21.41	13.91	19.52	2.83	1.38	14.195316	15.416382	14.652900	0.536508
11.21	21.41	13.92	19.53	2.83	1.37	14.203916	15.420382	14.659136	0.536460
11.22	21.41	13.94	19.55	2.83	1.37	14.212518	15.424385	14.665375	0.536411
11.22	21.41	13.95	19.57	2.83	1.37	14.221122	15.428391	14.671617	0.536363
11.22	21.41	13.96	19.58	2.83	1.37	14.229730	15.432399	14.677861	0.536314
11.22	21.41	13.98	19.60	2.83	1.37	14.238340	15.436410	14.684109	0.536266
11.23	21.41	13.99	19.61	2.83	1.37	14.246953	15.440424	14.690359	0.536217
11.23	21.41	14.01	19.63	2.83	1.37	14.255568	15.444441	14.696612	0.536168
11.23	21.41	14.02	19.64	2.83	1.36	14.264187	15.448461	14.702868	0.536119
11.24	21.41	14.03	19.66	2.83	1.36	14.272808	15.452483	14.709127	0.536069
11.24	21.41	14.05	19.67	2.83	1.36	14.281432	15.456508	14.715389	0.536020
11.24	21.41	14.06	19.69	2.83	1.36	14.290058	15.460536	14.721653	0.535970
11.24	21.41	14.08	19.70	2.83	1.36	14.298688	15.464567	14.727921	0.535920
11.25	21.41	14.09	19.72	2.83	1.36	14.307320	15.468601	14.734191	0.535870
11.25	21.41	14.11	19.73	2.83	1.36	14.315954	15.472637	14.740464	0.535820
11.25	21.41	14.12	19.75	2.83	1.35	14.324591	15.476676	14.746740	0.535770
11.26	21.41	14.13	19.76	2.83	1.35	14.333231	15.480718	14.753018	0.535719
11.26	21.41	14.15	19.78	2.83	1.35	14.341874	15.484763	14.759299	0.535669
11.26	21.41	14.16	19.79	2.83	1.35	14.350519	15.488810	14.765584	0.535618
11.26	21.41	14.18	19.81	2.83	1.35	14.359167	15.492860	14.771870	0.535567
11.27	21.41	14.19	19.83	2.83	1.35	14.367818	15.496913	14.778160	0.535516
11.27	21.41	14.21	19.84	2.83	1.34	14.376471	15.500969	14.784453	0.535464
11.27	21.41	14.22	19.86	2.83	1.34	14.385127	15.505027	14.790748	0.535413
11.28	21.41	14.23	19.87	2.83	1.34	14.393786	15.509088	14.797046	0.535361
11.28	21.41	14.25	19.89	2.83	1.34	14.402447	15.513152	14.803346	0.535309
11.28	21.41	14.26	19.90	2.83	1.34	14.411110	15.517219	14.809650	0.535257
11.28	21.41	14.28	19.92	2.83	1.34	14.419777	15.521288	14.815956	0.535205
11.29	21.41	14.29	19.93	2.83	1.34	14.428446	15.525360	14.822265	0.535153
11.29	21.41	14.31	19.95	2.83	1.33	14.437117	15.529435	14.828576	0.535100
11.29	21.41	14.32	19.96	2.83	1.33	14.445791	15.533513	14.834891	0.535048
11.29	21.41	14.33	19.98	2.83	1.33	14.454468	15.537593	14.841208	0.534995
11.30	21.41	14.35	19.99	2.83	1.33	14.463147	15.541676	14.847527	0.534942
11.30	21.41	14.36	20.01	2.83	1.33	14.471829	15.545762	14.853850	0.534888
11.30	21.41	14.38	20.02	2.83	1.33	14.480513	15.549850	14.860175	0.534835
11.31	21.41	14.39	20.04	2.83	1.33	14.489200	15.553942	14.866503	0.534781
11.31	21.41	14.40	20.05	2.83	1.32	14.497890	15.558035	14.872833	0.534727
11.31	21.41	14.42	20.07	2.83	1.32	14.506582	15.562132	14.879167	0.534673
11.31	21.41	14.43	20.08	2.83	1.32	14.515276	15.566231	14.885503	0.534619
11.32	21.41	14.45	20.10	2.83	1.32	14.523973	15.570333	14.891841	0.534565
11.32	21.41	14.46	20.11	2.83	1.32	14.532673	15.574438	14.898182	0.534510
11.32	21.41	14.48	20.13	2.83	1.32	14.541375	15.578545	14.904526	0.534456
11.32	21.41	14.49	20.14	2.83	1.31	14.550080	15.582655	14.910873	0.534401
11.33	21.41	14.50	20.16	2.83	1.31	14.558787	15.586768	14.917222	0.534345
11.33	21.41	14.52	20.18	2.83	1.31	14.567496	15.590883	14.923574	0.534290
11.33	21.41	14.53	20.19	2.83	1.31	14.576208	15.595001	14.929928	0.534235
11.34	21.41	14.55	20.21	2.83	1.31	14.584923	15.599122	14.936285	0.534179
11.34	21.41	14.56	20.22	2.84	1.31	14.593640	15.603245	14.942645	0.534123
11.34	21.41	14.58	20.24	2.84	1.30	14.602359	15.607371	14.949008	0.534067
11.34	21.41	14.59	20.25	2.84	1.30	14.611081	15.611500	14.955373	0.534010
11.35	21.41	14.60	20.27	2.84	1.30	14.619806	15.615631	14.961740	0.533954
11.35	21.41	14.62	20.28	2.84	1.30	14.628532	15.619765	14.968110	0.533897
11.35	21.41	14.63	20.30	2.84	1.30	14.637262	15.623902	14.974483	0.533840
11.36	21.41	14.65	20.31	2.84	1.30	14.645993	15.628041	14.980859	0.533783
11.36	21.41	14.66	20.33	2.84	1.29	14.654727	15.632183	14.987236	0.533725
11.36	21.41	14.68	20.34	2.84	1.29	14.663464	15.636328	14.993617	0.533668
11.36	21.41	14.69	20.36	2.84	1.29	14.672203	15.640475	15.000000	0.533610
11.37	21.41	14.70	20.37	2.84	1.29	14.680944	15.644625	15.006386	0.533552
11.37	21.41	14.72	20.39	2.84	1.29	14.689688	15.648777	15.012774	0.533494
11.37	21.41	14.73	20.40	2.84	1.29	14.698434	15.652932	15.019165	0.533435
11.38	21.41	14.75	20.42	2.84	1.28	14.707182	15.657090	15.025558	0.533376
11.38	21.41	14.76	20.43	2.84	1.28	14.715933	15.661250	15.031954	0.533317
11.38	21.41	14.77	20.45	2.84	1.28	14.724686	15.665413	15.038353	0.533258
11.38	21.41	14.79	20.46	2.84	1.28	14.733442	15.669579	15.044754	0.533199
11.39	21.41	14.80	20.48	2.84	1.28	14.742200	15.673747	15.051157	0.533139
11.39	21.41	14.82	20.49	2.84	1.28	14.750960	15.677918	15.057563	0.533079
11.39	21.41	14.83	20.51	2.84	1.27	14.759722	15.682091	15.063972	0.533019
11.39	21.41	14.85	20.52	2.84	1.27	14.768487	15.686267	15.070383	0.532959
11.40	21.41	14.86	20.54	2.84	1.27	14.777254	15.690445	15.076797	0.532898
11.40	21.41	14.87	20.55	2.84	1.27	14.786024	15.694626	15.083213	0.532837
11.40	21.41	14.89	20.57	2.84	1.27	14.794796	15.698810	15.089631	0.532776
11.41	21.41	14.90	20.58	2.84	1.27	14.803570	15.702996	15.096052	0.532715
11.41	21.41	14.92	20.60	2.84	1.26	14.812347	15.707185	15.102476	0.532653
11.41	21.41	14.93	20.61	2.84	1.26	14.821125	15.711376	15.108902	0.532591
11.41	21.41	14.95	20.63	2.84	1.26	14.829906	15.715570	15.115330	0.532529
11.42	21.41	14.96	20.64	2.84	1.26	14.838690	15.719767	15.121761	0.532467
11.42	21.41	14.97	20.66	2.84	1.26	14.847475	15.723966	15.128195	0.532404
11.42	21.41	14.99	20.67	2.84	1.26	14.856263	15.728168	15.134631	0.532341
11.43	21.41	15.00	20.69	2.84	1.25	14.865053	15.732372	15.141069	0.532278
11.43	21.41	15.02	20.70	2.84	1.25	14.873845	15.736578	15.147510	0.532215
11.43	21.41	15.03	20.72	2.84	1.25	14.882640	15.740788	15.153953	0.532151
11.43	21.41	15.05	20.73	2.84	1.25	14.891437	15.744999	15.160399	0.532087
11.44	21.41	15.06	20.75	2.84	1.25	14.900236	15.749214	15.166847	0.532023
11.44	21.41	15.07	20.76	2.84	1.24	14.909037	15.753431	15.173297	0.531959
11.44	21.41	15.09	20.78	2.84	1.24	14.917841	15.757650	15.179750	0.531894
11.44	21.41	15.10	20.79	2.84	1.24	14.926646	15.761872	15.186206	0.531829
11.45	21.41	15.12	20.81	2.84	1.24	14.935454	15.766096	15.192663	0.531763
11.45	21.41	15.13	20.82	2.84	1.24	14.944264	15.770323	15.199124	0.531698
11.45	21.41	15.14	20.84	2.84	1.23	14.953077	15.774553	15.205586	0.531632
11.46	21.41	15.16	20.85	2.84	1.23	14.961891	15.778785	15.212051	0.531566
11.46	21.41	15.17	20.87	2.84	1.23	14.970708	15.783019	15.218518	0.531499
11.46	21.41	15.19	20.88	2.84	1.23	14.979527	15.787256	15.224988	0.531433
11.46	21.41	15.20	20.90	2.84	1.23	14.988348	15.791496	15.231460	0.531365
11.47	21.41	15.22	20.91	2.84	1.23	14.997171	15.795737	15.237934	0.531298
11.47	21.41	15.23	20.93	2.84	1.22	15.005996	15.799982	15.244411	0.531230
11.47	21.41	15.24	20.94	2.84	1.22	15.014823	15.804229	15.250890	0.531162
11.47	21.41	15.26	20.96	2.84	1.22	15.023653	15.808478	15.257372	0.531094
11.48	21.41	15.27	20.97	2.84	1.22	15.032485	15.812730	15.263855	0.531026
11.48	21.41	15.29	20.99	2.84	1.22	15.041318	15.816985	15.270342	0.530957
11.48	21.41	15.30	21.00	2.85	1.21	15.050154	15.821241	15.276830	0.530887
11.49	21.41	15.32	21.02	2.85	1.21	15.058992	15.825501	15.283321	0.530818
11.49	21.41	15.33	21.03	2.85	1.21	15.067832	15.829762	15.289814	0.530748
11.49	21.41	15.34	21.05	2.85	1.21	15.076675	15.834027	15.296309	0.530678
11.49	21.41	15.36	21.06	2.85	1.21	15.085519	15.838293	15.302807	0.530607
11.50	21.41	15.37	21.08	2.85	1.20	15.094365	15.842562	15.309307	0.530536
11.50	21.41	15.39	21.09	2.85	1.20	15.103214	15.846834	15.315809	0.530465
11.50	21.41	15.40	21.11	2.85	1.20	15.112064	15.851108	15.322314	0.530393
11.51	21.41	15.42	21.12	2.85	1.20	15.120917	15.855385	15.328821	0.530321
11.51	21.41	15.43	21.14	2.85	1.20	15.129772	15.859663	15.335330	0.530249
11.51	21.41	15.44	21.15	2.85	1.19	15.138628	15.863945	15.341841	0.530176
11.51	21.41	15.46	21.17	2.85	1.19	15.147487	15.868229	15.348355	0.530103
11.52	21.41	15.47	21.18	2.85	1.19	15.156348	15.872515	15.354871	0.530030
11.52	21.41	15.49	21.20	2.85	1.19	15.165211	15.876803	15.361389	0.529956
11.52	21.41	15.50	21.21	2.85	1.19	15.174075	15.881094	15.367909	0.529882
11.53	21.41	15.51	21.23	2.85	1.18	15.182942	15.885388	15.374432	0.529808
11.53	21.41	15.53	21.24	2.85	1.18	15.191811	15.889684	15.380956	0.529733
11.53	21.41	15.54	21.26	2.85	1.18	15.200682	15.893982	15.387483	0.529658
11.53	21.41	15.56	21.27	2.85	1.18	15.209555	15.898283	15.394013	0.529582
11.54	21.41	15.57	21.29	2.85	1.17	15.218430	15.902586	15.400544	0.529506
11.54	21.41	15.59	21.30	2.85	1.17	15.227306	15.906891	15.407078	0.529430
11.54	21.41	15.60	21.32	2.85	1.17	15.236185	15.911199	15.413614	0.529353
11.54	21.41	15.61	21.33	2.85	1.17	15.245066	15.915509	15.420152	0.529275
11.55	21.41	15.63	21.35	2.85	1.17	15.253949	15.919822	15.426692	0.529198
11.55	21.41	15.64	21.36	2.85	1.16	15.262833	15.924137	15.433234	0.529120
11.55	21.41	15.66	21.38	2.85	1.16	15.271720	15.928454	15.439779	0.529041
11.56	21.41	15.67	21.39	2.85	1.16	15.280608	15.932774	15.446326	0.528962
11.56	21.41	15.69	21.41	2.85	1.16	15.289499	15.937096	15.452875	0.528883
11.56	21.41	15.70	21.42	2.85	1.16	15.298391	15.941420	15.459426	0.528803
11.56	21.41	15.71	21.44	2.85	1.15	15.307286	15.945747	15.465979	0.528723
11.57	21.41	15.73	21.45	2.85	1.15	15.316182	15.950076	15.472534	0.528642
11.57	21.41	15.74	21.47	2.85	1.15	15.325080	15.954408	15.479092	0.528561
11.57	21.41	15.76	21.48	2.85	1.15	15.333980	15.958742	15.485651	0.528480
11.57	21.41	15.77	21.49	2.85	1.14	15.342882	15.963078	15.492213	0.528398
11.58	21.41	15.78	21.51	2.85	1.14	15.351786	15.967416	15.498777	0.528315
11.58	21.41	15.80	21.52	2.85	1.14	15.360692	15.971757	15.505343	0.528232
11.58	21.41	15.81	21.54	2.85	1.14	15.369599	15.976100	15.511911	0.528149
11.59	21.41	15.83	21.55	2.85	1.13	15.378509	15.980446	15.518481	0.528065
11.59	21.41	15.84	21.57	2.85	1.13	15.387420	15.984794	15.525053	0.527980
11.59	21.41	15.86	21.58	2.85	1.13	15.396333	15.989144	15.531628	0.527895
11.59	21.41	15.87	21.60	2.85	1.13	15.405249	15.993497	15.538204	0.527810
11.60	21.41	15.88	21.61	2.85	1.13	15.414165	15.997851	15.544783	0.527724
11.60	21.41	15.90	21.63	2.85	1.12	15.423084	16.002208	15.551363	0.527637
11.60	21.41	15.91	21.64	2.85	1.12	15.432005	16.006568	15.557946	0.527550
11.61	21.41	15.93	21.66	2.85	1.12	15.440927	16.010930	15.564530	0.527463
11.61	21.41	15.94	21.67	2.85	1.12	15.449851	16.015294	15.571117	0.527375
11.61	21.41	15.95	21.69	2.85	1.11	15.458778	16.019660	15.577706	0.527286
11.61	21.41	15.97	21.70	2.85	1.11	15.467705	16.024028	15.584296	0.527197
11.62	21.41	15.98	21.72	2.85	1.11	15.476635	16.028399	15.590889	0.527107
11.62	21.41	16.00	21.73	2.85	1.11	15.485566	16.032773	15.597484	0.527016
11.62	21.41	16.01	21.75	2.85	1.10	15.494500	16.037148	15.604081	0.526925
11.62	21.41	16.03	21.76	2.86	1.10	15.503435	16.041526	15.610679	0.526834
11.63	21.41	16.04	21.77	2.86	1.10	15.512372	16.045906	15.617280	0.526742
11.63	21.41	16.05	21.79	2.86	1.10	15.521310	16.050288	15.623883	0.526649
11.63	21.41	16.07	21.80	2.86	1.09	15.530251	16.054672	15.630487	0.526556
11.64	21.41	16.08	21.82	2.86	1.09	15.539193	16.059059	15.637094	0.526462
11.64	21.41	16.10	21.83	2.86	1.09	15.548137	16.063448	15.643703	0.526367
11.64	21.41	16.11	21.85	2.86	1.09	15.557082	16.067839	15.650313	0.526272
11.64	21.41	16.12	21.86	2.86	1.08	15.566029	16.072233	15.656926	0.526176
11.65	21.41	16.14	21.88	2.86	1.08	15.574979	16.076629	15.663540	0.526079
11.65	21.41	16.15	21.89	2.86	1.08	15.583929	16.081027	15.670157	0.525982
11.65	21.41	16.17	21.91	2.86	1.07	15.592882	16.085427	15.676775	0.525884
11.66	21.41	16.18	21.92	2.86	1.07	15.601836	16.089829	15.683395	0.525785
11.66	21.41	16.20	21.94	2.86	1.07	15.610792	16.094234	15.690018	0.525686
11.66	21.41	16.21	21.95	2.86	1.07	15.619750	16.098641	15.696642	0.525586
11.66	21.41	16.22	21.97	2.86	1.06	15.628709	16.103050	15.703268	0.525485
11.67	21.41	16.24	21.98	2.86	1.06	15.637670	16.107461	15.709896	0.525383
11.67	21.41	16.25	21.99	2.86	1.06	15.646633	16.111875	15.716525	0.525281
11.67	21.41	16.27	22.01	2.86	1.06	15.655597	16.116291	15.723157	0.525178
11.68	21.41	16.28	22.02	2.86	1.05	15.664564	16.120708	15.729790	0.525074
11.68	21.41	16.29	22.04	2.86	1.05	15.673531	16.125129	15.736426	0.524969
11.68	21.41	16.31	22.05	2.86	1.05	15.682501	16.129551	15.743063	0.524864
11.68	21.41	16.32	22.07	2.86	1.04	15.691472	16.133975	15.749702	0.524757
11.69	21.41	16.34	22.08	2.86	1.04	15.700445	16.138402	15.756343	0.524650
11.69	21.41	16.35	22.10	2.86	1.04	15.709419	16.142831	15.762986	0.524542
11.69	21.41	16.37	22.11	2.86	1.03	15.718395	16.147262	15.769630	0.524433
11.69	21.41	16.38	22.13	2.86	1.03	15.727373	16.151695	15.776277	0.524323
11.70	21.41	16.39	22.14	2.86	1.03	15.736352	16.156131	15.782925	0.524213
11.70	21.41	16.41	22.16	2.86	1.03	15.745333	16.160568	15.789575	0.524101
11.70	21.41	16.42	22.17	2.86	1.02	15.754316	16.165008	15.796226	0.523988
11.71	21.41	16.44	22.18	2.86	1.02	15.763300	16.169450	15.802880	0.523875
11.71	21.41	16.45	22.20	2.86	1.02	15.772286	16.173894	15.809535	0.523760
11.71	21.41	16.46	22.21	2.86	1.01	15.781273	16.178340	15.816192	0.523645
11.71	21.41	16.48	22.23	2.86	1.01	15.790262	16.182789	15.822851	0.523528
11.72	21.41	16.49	22.24	2.86	1.01	15.799253	16.187239	15.829512	0.523411
11.72	21.41	16.51	22.26	2.86	1.00	15.808245	16.191692	15.836174	0.523292
11.72	21.41	16.52	22.27	2.86	1.00	15.817239	16.196147	15.842838	0.523173
11.72	21.41	16.54	22.29	2.86	1.00	15.826234	16.200603	15.849504	0.523052
11.73	21.41	16.55	22.30	2.86	0.99	15.835231	16.205063	15.856171	0.522930
11.73	21.41	16.56	22.32	2.86	0.99	15.844230	16.209524	15.862840	0.522807
11.73	21.41	16.58	22.33	2.86	0.99	15.853230	16.213987	15.869511	0.522683
11.74	21.41	16.59	22.34	2.86	0.98	15.862231	16.218452	15.876184	0.522557
11.74	21.41	16.61	22.36	2.86	0.98	15.871235	16.222920	15.882858	0.522431
11.74	21.41	16.62	22.37	2.86	0.98	15.880239	16.227390	15.889534	0.522303
11.74	21.41	16.63	22.39	2.86	0.97	15.889246	16.231861	15.896211	0.522174
11.75	21.41	16.65	22.40	2.86	0.97	15.898254	16.236335	15.902891	0.522043
11.75	21.41	16.66	22.42	2.86	0.97	15.907263	16.240811	15.909571	0.521911
11.75	21.41	16.68	22.43	2.86	0.96	15.916274	16.245289	15.916254	0.521778
11.76	21.41	16.69	22.45	2.86	0.96	15.925287	16.249769	15.922938	0.521644
11.76	21.41	16.70	22.46	2.86	0.96	15.934301	16.254252	15.929624	0.521508
11.76	21.41	16.72	22.47	2.86	0.95	15.943316	16.258736	15.936311	0.521370
11.76	21.41	16.73	22.49	2.87	0.95	15.952333	16.263222	15.943000	0.521231
11.77	21.41	16.75	22.50	2.87	0.94	15.961352	16.267711	15.949690	0.521091
11.77	21.41	16.76	22.52	2.87	0.94	15.970372	16.272201	15.956382	0.520949
11.77	21.41	16.77	22.53	2.87	0.94	15.979393	16.276694	15.963076	0.520805
11.78	21.41	16.79	22.55	2.87	0.93	15.988417	16.281189	15.969771	0.520659
11.78	21.41	16.80	22.56	2.87	0.93	15.997441	16.285686	15.976467	0.520512
11.78	21.41	16.82	22.58	2.87	0.92	16.006467	16.290185	15.983165	0.520363
11.78	21.41	16.83	22.59	2.87	0.92	16.015495	16.294685	15.989865	0.520213
11.79	21.41	16.85	22.60	2.87	0.92	16.024524	16.299188	15.996566	0.520060
11.79	21.41	16.86	22.62	2.87	0.91	16.033555	16.303694	16.003269	0.519906
11.79	21.41	16.87	22.63	2.87	0.91	16.042587	16.308201	16.009973	0.519749
11.79	21.41	16.89	22.65	2.87	0.90	16.051621	16.312710	16.016678	0.519591
11.80	21.41	16.90	22.66	2.87	0.90	16.060656	16.317221	16.023385	0.519430
11.80	21.41	16.92	22.68	2.87	0.90	16.069692	16.321734	16.030094	0.519268
11.80	21.41	16.93	22.69	2.87	0.89	16.078730	16.326250	16.036803	0.519103
11.81	21.41	16.94	22.70	2.87	0.89	16.087770	16.330767	16.043515	0.518936
11.81	21.41	16.96	22.72	2.87	0.88	16.096811	16.335286	16.050227	0.518766
11.81	21.41	16.97	22.73	2.87	0.88	16.105854	16.339808	16.056941	0.518594
11.81	21.41	16.99	22.75	2.87	0.87	16.114898	16.344331	16.063657	0.518419
11.82	21.41	17.00	22.76	2.87	0.87	16.123943	16.348857	16.070373	0.518242
11.82	21.41	17.01	22.78	2.87	0.86	16.132990	16.353385	16.077091	0.518062
11.82	21.41	17.03	22.79	2.87	0.86	16.142039	16.357914	16.083811	0.517880
11.82	21.41	17.04	22.80	2.87	0.85	16.151089	16.362446	16.090531	0.517694
11.83	21.41	17.06	22.82	2.87	0.85	16.160140	16.366980	16.097253	0.517506
11.83	21.41	17.07	22.83	2.87	0.84	16.169193	16.371515	16.103976	0.517314
11.83	21.41	17.08	22.85	2.87	0.84	16.178248	16.376053	16.110700	0.517119
11.84	21.41	17.10	22.86	2.87	0.83	16.187304	16.380593	16.117426	0.516921
11.84	21.41	17.11	22.88	2.87	0.83	16.196361	16.385135	16.124153	0.516719
11.84	21.41	17.13	22.89	2.87	0.82	16.205420	16.389679	16.130881	0.516513
11.84	21.41	17.14	22.90	2.87	0.82	16.214481	16.394225	16.137610	0.516304
11.85	21.41	17.15	22.92	2.87	0.81	16.223543	16.398773	16.144340	0.516091
11.85	21.41	17.17	22.93	2.87	0.81	16.232607	16.403323	16.151071	0.515873
11.85	21.41	17.18	22.95	2.87	0.80	16.241672	16.407875	16.157804	0.515652
11.86	21.41	17.20	22.96	2.87	0.79	16.250738	16.412429	16.164537	0.515425
11.86	21.41	17.21	22.98	2.87	0.79	16.259807	16.416985	16.171272	0.515194
11.86	21.41	17.22	22.99	2.87	0.78	16.268876	16.421544	16.178007	0.514958
11.86	21.41	17.24	23.00	2.87	0.77	16.277948	16.426104	16.184744	0.514717
11.87	21.41	17.25	23.02	2.87	0.77	16.287021	16.430667	16.191481	0.514470
11.87	21.41	17.27	23.03	2.87	0.76	16.296095	16.435231	16.198220	0.514217
11.87	21.41	17.28	23.05	2.87	0.76	16.305172	16.439798	16.204959	0.513958
11.88	21.41	17.30	23.06	2.87	0.75	16.314249	16.444367	16.211699	0.513692
11.88	21.41	17.31	23.08	2.87	0.74	16.323329	16.448937	16.218440	0.513419
11.88	21.41	17.32	23.09	2.87	0.73	16.332410	16.453510	16.225182	0.513140
11.88	21.41	17.34	23.10	2.87	0.73	16.341493	16.458086	16.231924	0.512852
11.89	21.41	17.35	23.12	2.87	0.72	16.350578	16.462663	16.238667	0.512555
11.89	21.41	17.37	23.13	2.87	0.71	16.359664	16.467243	16.245411	0.512250
11.89	21.41	17.38	23.15	2.87	0.70	16.368752	16.471825	16.252155	0.511935
11.89	21.41	17.39	23.16	2.87	0.69	16.377842	16.476409	16.258900	0.511610
11.90	21.41	17.41	23.17	2.87	0.68	16.386934	16.480995	16.265645	0.511273
11.90	21.41	17.42	23.19	2.87	0.68	16.396028	16.485584	16.272390	0.510924
11.90	21.41	17.44	23.20	2.88	0.67	16.405124	16.490175	16.279136	0.510562
11.91	21.41	17.45	23.22	2.88	0.66	16.414222	16.494768	16.285882	0.510186
11.91	21.41	17.46	23.23	2.88	0.65	16.423322	16.499364	16.292628	0.509793
11.91	21.41	17.48	23.25	2.88	0.64	16.432425	16.503963	16.299375	0.509383
11.91	21.41	17.49	23.26	2.88	0.62	16.441530	16.508564	16.306121	0.508953
11.92	21.41	17.51	23.27	2.88	0.61	16.450637	16.513167	16.312866	0.508501
11.92	21.41	17.52	23.29	2.88	0.60	16.459747	16.517774	16.319612	0.508025
11.92	21.41	17.53	23.30	2.88	0.59	16.468859	16.522384	16.326357	0.507520
11.93	21.41	17.55	23.32	2.88	0.57	16.477975	16.526996	16.333101	0.506983
11.93	21.41	17.56	23.33	2.88	0.56	16.487094	16.531612	16.339844	0.506408
11.93	21.41	17.57	23.34	2.88	0.54	16.496216	16.536232	16.346586	0.505788
11.93	21.41	17.59	23.36	2.88	0.53	16.505343	16.540856	16.353326	0.505115
11.94	21.41	17.60	23.37	2.88	0.51	16.514474	16.545484	16.360065	0.504376
11.94	21.41	17.62	23.39	2.88	0.49	16.523610	16.550117	16.366800	0.503553
11.94	21.41	17.63	23.40	2.88	0.48	16.532746	16.554750	16.373534	0.503210
11.94	21.41	17.64	23.41	2.88	0.48	16.541868	16.559370	16.380272	0.503218
11.95	21.41	17.66	23.43	2.88	0.48	16.550984	16.563985	16.387015	0.503226
11.95	21.41	17.67	23.44	2.88	0.48	16.560097	16.568597	16.393762	0.503234
11.95	21.41	17.69	23.46	2.88	0.48	16.569208	16.573207	16.400512	0.503242
11.96	21.41	17.70	23.47	2.88	0.48	16.578317	16.577816	16.407267	0.503250
11.96	21.41	17.71	23.48	2.88	0.48	16.587426	16.582424	16.414026	0.503258
11.96	21.41	17.73	23.50	2.88	0.48	16.596534	16.587031	16.420788	0.503266
11.96	21.41	17.74	23.51	2.88	0.48	16.605642	16.591639	16.427554	0.503274
11.97	21.41	17.76	23.53	2.88	0.48	16.614749	16.596246	16.434324	0.503282
11.97	21.41	17.77	23.54	2.88	0.48	16.623857	16.600853	16.441096	0.503290
11.97	21.41	17.78	23.55	2.88	0.49	16.632958	16.605456	16.447874	0.503841
11.97	21.41	17.80	23.57	2.88	0.51	16.642041	16.610044	16.454662	0.504659
11.98	21.41	17.81	23.58	2.88	0.53	16.651117	16.614627	16.461459	0.505397
11.98	21.41	17.83	23.60	2.88	0.55	16.660191	16.619208	16.468265	0.506072
11.98	21.41	17.84	23.61	2.88	0.56	16.669262	16.623788	16.475079	0.506696
11.99	21.41	17.85	23.62	2.88	0.58	16.678333	16.628368	16.481900	0.507277
11.99	21.41	17.87	23.64	2.88	0.59	16.687403	16.632949	16.488728	0.507821
11.99	21.41	17.88	23.65	2.88	0.60	16.696474	16.637531	16.495561	0.508334
11.99	21.41	17.90	23.67	2.88	0.62	16.705546	16.642114	16.502401	0.508820
12.00	21.41	17.91	23.68	2.88	0.63	16.714618	16.646699	16.509245	0.509282
12.00	21.41	17.92	23.69	2.88	0.64	16.723691	16.651286	16.516095	0.509722
12.00	21.41	17.94	23.71	2.88	0.65	16.732765	16.655875	16.522949	0.510143
12.01	21.41	17.95	23.72	2.88	0.66	16.741840	16.660466	16.529808	0.510547
12.01	21.41	17.96	23.74	2.88	0.67	16.750916	16.665059	16.536670	0.510935
12.01	21.41	17.98	23.75	2.88	0.68	16.759993	16.669654	16.543537	0.511308
12.01	21.41	17.99	23.76	2.88	0.69	16.769072	16.674252	16.550408	0.511669
12.02	21.41	18.01	23.78	2.88	0.70	16.778151	16.678852	16.557282	0.512018
12.02	21.41	18.02	23.79	2.88	0.70	16.787232	16.683455	16.564160	0.512356
12.02	21.41	18.03	23.80	2.88	0.71	16.796314	16.688059	16.571040	0.512683
12.03	21.41	18.05	23.82	2.88	0.72	16.805397	16.692667	16.577924	0.513001
12.03	21.41	18.06	23.83	2.88	0.73	16.814481	16.697277	16.584811	0.513310
12.03	21.41	18.08	23.85	2.88	0.73	16.823567	16.701889	16.591701	0.513610
12.03	21.41	18.09	23.86	2.88	0.74	16.832653	16.706504	16.598594	0.513903
12.04	21.41	18.10	23.87	2.89	0.75	16.841741	16.711122	16.605489	0.514188
12.04	21.41	18.12	23.89	2.89	0.76	16.850830	16.715742	16.612387	0.514467
12.04	21.41	18.13	23.90	2.89	0.76	16.859920	16.720365	16.619287	0.514739
12.04	21.41	18.15	23.92	2.89	0.77	16.869011	16.724990	16.626189	0.515004
12.05	21.41	18.16	23.93	2.89	0.78	16.878103	16.729617	16.633094	0.515264
12.05	21.41	18.17	23.94	2.89	0.78	16.887196	16.734248	16.640001	0.515519
12.05	21.41	18.19	23.96	2.89	0.79	16.896290	16.738880	16.646910	0.515768
12.06	21.41	18.20	23.97	2.89	0.79	16.905385	16.743515	16.653821	0.516012
12.06	21.41	18.21	23.98	2.89	0.80	16.914481	16.748153	16.660734	0.516252
12.06	21.41	18.23	24.00	2.89	0.81	16.923578	16.752793	16.667650	0.516486
12.06	21.41	18.24	24.01	2.89	0.81	16.932676	16.757436	16.674567	0.516717
12.07	21.41	18.26	24.03	2.89	0.82	16.941775	16.762081	16.681485	0.516943
12.07	21.41	18.27	24.04	2.89	0.82	16.950875	16.766728	16.688406	0.517166
12.07	21.41	18.28	24.05	2.89	0.83	16.959975	16.771378	16.695328	0.517384
12.07	21.41	18.30	24.07	2.89	0.83	16.969076	16.776031	16.702252	0.517599
12.08	21.41	18.31	24.08	2.89	0.84	16.978178	16.780685	16.709177	0.517811
12.08	21.41	18.33	24.09	2.89	0.84	16.987281	16.785343	16.716105	0.518019
12.08	21.41	18.34	24.11	2.89	0.85	16.996385	16.790002	16.723033	0.518223
12.09	21.41	18.35	24.12	2.89	0.85	17.005489	16.794664	16.729963	0.518425
12.09	21.41	18.37	24.13	2.89	0.86	17.014594	16.799328	16.736895	0.518624
12.09	21.41	18.38	24.15	2.89	0.86	17.023699	16.803995	16.743828	0.518819
12.09	21.41	18.39	24.16	2.89	0.87	17.032806	16.808663	16.750762	0.519012
12.10	21.41	18.41	24.18	2.89	0.87	17.041913	16.813335	16.757698	0.519202
12.10	21.41	18.42	24.19	2.89	0.88	17.051020	16.818008	16.764635	0.519390
12.10	21.41	18.44	24.20	2.89	0.88	17.060128	16.822684	16.771574	0.519575
12.11	21.41	18.45	24.22	2.89	0.89	17.069237	16.827361	16.778514	0.519758
12.11	21.41	18.46	24.23	2.89	0.89	17.078346	16.832042	16.785455	0.519938
12.11	21.41	18.48	24.24	2.89	0.89	17.087455	16.836724	16.792397	0.520116
12.11	21.41	18.49	24.26	2.89	0.90	17.096566	16.841408	16.799340	0.520292
12.12	21.41	18.50	24.27	2.89	0.90	17.105676	16.846095	16.806285	0.520465
12.12	21.41	18.52	24.28	2.89	0.91	17.114787	16.850784	16.813231	0.520636
12.12	21.41	18.53	24.30	2.89	0.91	17.123899	16.855475	16.820178	0.520806
12.12	21.41	18.55	24.31	2.89	0.92	17.133011	16.860168	16.827126	0.520973
12.13	21.41	18.56	24.33	2.89	0.92	17.142123	16.864864	16.834075	0.521139
12.13	21.41	18.57	24.34	2.89	0.92	17.151236	16.869561	16.841025	0.521302
12.13	21.41	18.59	24.35	2.89	0.93	17.160349	16.874261	16.847976	0.521464
12.14	21.41	18.60	24.37	2.89	0.93	17.169462	16.878963	16.854929	0.521624
12.14	21.41	18.61	24.38	2.89	0.93	17.178576	16.883667	16.861882	0.521782
12.14	21.41	18.63	24.39	2.89	0.94	17.187690	16.888372	16.868837	0.521939
12.14	21.41	18.64	24.41	2.89	0.94	17.196804	16.893080	16.875792	0.522094
12.15	21.41	18.66	24.42	2.89	0.95	17.205919	16.897790	16.882748	0.522247
12.15	21.41	18.67	24.43	2.89	0.95	17.215034	16.902502	16.889706	0.522399
12.15	21.41	18.68	24.45	2.89	0.95	17.224149	16.907217	16.896664	0.522549
12.16	21.41	18.70	24.46	2.89	0.96	17.233264	16.911933	16.903623	0.522698
12.16	21.41	18.71	24.47	2.89	0.96	17.242380	16.916651	16.910584	0.522845
12.16	21.41	18.72	24.49	2.89	0.96	17.251495	16.921371	16.917545	0.522991
12.16	21.41	18.74	24.50	2.89	0.97	17.260611	16.926093	16.924507	0.523136
12.17	21.41	18.75	24.51	2.89	0.97	17.269727	16.930817	16.931470	0.523279
12.17	21.41	18.77	24.53	2.89	0.97	17.278844	16.935543	16.938434	0.523421
12.17	21.41	18.78	24.54	2.90	0.98	17.287960	16.940271	16.945398	0.523561
12.18	21.41	18.79	24.56	2.90	0.98	17.297076	16.945001	16.952364	0.523701
12.18	21.41	18.81	24.57	2.90	0.98	17.306193	16.949733	16.959330	0.523839
12.18	21.41	18.82	24.58	2.90	0.99	17.315309	16.954467	16.966298	0.523976
12.18	21.41	18.83	24.60	2.90	0.99	17.324426	16.959203	16.973266	0.524111
12.19	21.41	18.85	24.61	2.90	0.99	17.333543	16.963941	16.980235	0.524246
12.19	21.41	18.86	24.62	2.90	1.00	17.342660	16.968680	16.987204	0.524379
12.19	21.41	18.87	24.64	2.90	1.00	17.351777	16.973422	16.994175	0.524512
12.19	21.41	18.89	24.65	2.90	1.00	17.360894	16.978166	17.001146	0.524643
12.20	21.41	18.90	24.66	2.90	1.01	17.370010	16.982911	17.008118	0.524773
12.20	21.41	18.92	24.68	2.90	1.01	17.379127	16.987658	17.015091	0.524902
12.20	21.41	18.93	24.69	2.90	1.01	17.388244	16.992407	17.022065	0.525030
12.21	21.41	18.94	24.70	2.90	1.02	17.397361	16.997158	17.029040	0.525157
12.21	21.41	18.96	24.72	2.90	1.02	17.406478	17.001911	17.036015	0.525283
12.21	21.41	18.97	24.73	2.90	1.02	17.415595	17.006666	17.042991	0.525408
12.21	21.41	18.98	24.74	2.90	1.02	17.424711	17.011422	17.049967	0.525532
12.22	21.41	19.00	24.76	2.90	1.03	17.433828	17.016181	17.056945	0.525655
12.22	21.41	19.01	24.77	2.90	1.03	17.442945	17.020941	17.063923	0.525777
12.22	21.41	19.02	24.78	2.90	1.03	17.452061	17.025703	17.070902	0.525899
12.22	21.41	19.04	24.80	2.90	1.04	17.461177	17.030467	17.077881	0.526019
12.23	21.41	19.05	24.81	2.90	1.04	17.470293	17.035233	17.084862	0.526139
12.23	21.41	19.07	24.82	2.90	1.04	17.479410	17.040000	17.091843	0.526258
12.23	21.41	19.08	24.84	2.90	1.04	17.488525	17.044770	17.098824	0.526375
12.24	21.41	19.09	24.85	2.90	1.05	17.497641	17.049541	17.105807	0.526492
12.24	21.41	19.11	24.86	2.90	1.05	17.506757	17.054314	17.112790	0.526609
12.24	21.41	19.12	24.88	2.90	1.05	17.515872	17.059088	17.119773	0.526724
12.24	21.41	19.13	24.89	2.90	1.06	17.524987	17.063865	17.126758	0.526839
12.25	21.41	19.15	24.90	2.90	1.06	17.534102	17.068643	17.133743	0.526953
12.25	21.41	19.16	24.92	2.90	1.06	17.543217	17.073423	17.140728	0.527066
12.25	21.41	19.17	24.93	2.90	1.06	17.552332	17.078205	17.147715	0.527178
12.26	21.41	19.19	24.94	2.90	1.07	17.561446	17.082988	17.154702	0.527290
12.26	21.41	19.20	24.96	2.90	1.07	17.570560	17.087774	17.161689	0.527401
12.26	21.41	19.22	24.97	2.90	1.07	17.579674	17.092561	17.168678	0.527511
12.26	21.41	19.23	24.98	2.90	1.07	17.588788	17.097350	17.175667	0.527620
12.27	21.41	19.24	24.99	2.90	1.08	17.597901	17.102140	17.182656	0.527729
12.27	21.41	19.26	25.01	2.90	1.08	17.607014	17.106932	17.189646	0.527837
12.27	21.41	19.27	25.02	2.90	1.08	17.616127	17.111726	17.196637	0.527945
12.28	21.41	19.28	25.03	2.90	1.08	17.625239	17.116522	17.203628	0.528052
12.28	21.41	19.30	25.05	2.90	1.09	17.634351	17.121319	17.210620	0.528158
12.28	21.41	19.31	25.06	2.90	1.09	17.643463	17.126119	17.217613	0.528263
12.28	21.41	19.32	25.07	2.90	1.09	17.652575	17.130919	17.224606	0.528368
12.29	21.41	19.34	25.09	2.90	1.09	17.661686	17.135722	17.231599	0.528472
12.29	21.41	19.35	25.10	2.90	1.10	17.670796	17.140526	17.238593	0.528576
12.29	21.41	19.36	25.11	2.90	1.10	17.679907	17.145332	17.245588	0.528679
12.29	21.41	19.38	25.13	2.90	1.10	17.689017	17.150140	17.252584	0.528781
12.30	21.41	19.39	25.14	2.90	1.10	17.698126	17.154949	17.259580	0.528883
12.30	21.41	19.40	25.15	2.90	1.11	17.707236	17.159760	17.266576	0.528984
12.30	21.41	19.42	25.17	2.90	1.11	17.716345	17.164573	17.273573	0.529085
12.31	21.41	19.43	25.18	2.91	1.11	17.725453	17.169387	17.280571	0.529185
12.31	21.41	19.45	25.19	2.91	1.11	17.734561	17.174203	17.287569	0.529285
12.31	21.41	19.46	25.20	2.91	1.12	17.743669	17.179020	17.294568	0.529384
12.31	21.41	19.47	25.22	2.91	1.12	17.752776	17.183840	17.301567	0.529482
12.32	21.41	19.49	25.23	2.91	1.12	17.761882	17.188661	17.308566	0.529580
12.32	21.41	19.50	25.24	2.91	1.12	17.770989	17.193483	17.315567	0.529678
12.32	21.41	19.51	25.26	2.91	1.12	17.780094	17.198307	17.322567	0.529774
12.32	21.41	19.53	25.27	2.91	1.13	17.789200	17.203133	17.329569	0.529871
12.33	21.41	19.54	25.28	2.91	1.13	17.798305	17.207961	17.336570	0.529967
12.33	21.41	19.55	25.30	2.91	1.13	17.807409	17.212790	17.343573	0.530062
12.33	21.41	19.57	25.31	2.91	1.13	17.816513	17.217621	17.350575	0.530157
12.34	21.41	19.58	25.32	2.91	1.14	17.825616	17.222453	17.357579	0.530251
12.34	21.41	19.59	25.33	2.91	1.14	17.834719	17.227287	17.364582	0.530345
12.34	21.41	19.61	25.35	2.91	1.14	17.843821	17.232122	17.371587	0.530438
12.34	21.41	19.62	25.36	2.91	1.14	17.852923	17.236960	17.378591	0.530531
12.35	21.41	19.63	25.37	2.91	1.14	17.862024	17.241798	17.385597	0.530624
12.35	21.41	19.65	25.39	2.91	1.15	17.871125	17.246639	17.392602	0.530716
12.35	21.41	19.66	25.40	2.91	1.15	17.880225	17.251481	17.399608	0.530807
12.36	21.41	19.67	25.41	2.91	1.15	17.889324	17.256324	17.406615	0.530898
12.36	21.41	19.69	25.43	2.91	1.15	17.898423	17.261169	17.413622	0.530989
12.36	21.41	19.70	25.44	2.91	1.15	17.907521	17.266016	17.420629	0.531079
12.36	21.41	19.71	25.45	2.91	1.16	17.916619	17.270864	17.427637	0.531169
12.37	21.41	19.73	25.46	2.91	1.16	17.925716	17.275714	17.434646	0.531258
12.37	21.41	19.74	25.48	2.91	1.16	17.934813	17.280566	17.441654	0.531347
12.37	21.41	19.75	25.49	2.91	1.16	17.943908	17.285419	17.448664	0.531436
12.38	21.41	19.77	25.50	2.91	1.16	17.953004	17.290273	17.455673	0.531524
12.38	21.41	19.78	25.52	2.91	1.17	17.962098	17.295129	17.462683	0.531611
12.38	21.41	19.80	25.53	2.91	1.17	17.971192	17.299987	17.469694	0.531699
12.38	21.41	19.81	25.54	2.91	1.17	17.980285	17.304846	17.476705	0.531785
12.39	21.41	19.82	25.55	2.91	1.17	17.989378	17.309707	17.483716	0.531872
12.39	21.41	19.84	25.57	2.91	1.17	17.998470	17.314569	17.490728	0.531958
12.39	21.41	19.85	25.58	2.91	1.18	18.007561	17.319433	17.497740	0.532044
12.39	21.41	19.86	25.59	2.91	1.18	18.016652	17.324299	17.504752	0.532129
12.40	21.41	19.88	25.61	2.91	1.18	18.025741	17.329165	17.511765	0.532214
12.40	21.41	19.89	25.62	2.91	1.18	18.034831	17.334034	17.518778	0.532298
12.40	21.41	19.90	25.63	2.91	1.18	18.043919	17.338904	17.525792	0.532382
12.41	21.41	19.92	25.64	2.91	1.19	18.053007	17.343775	17.532806	0.532466
12.41	21.41	19.93	25.66	2.91	1.19	18.062094	17.348648	17.539820	0.532550
12.41	21.41	19.94	25.67	2.91	1.19	18.071180	17.353523	17.546835	0.532633
12.41	21.41	19.96	25.68	2.91	1.19	18.080265	17.358399	17.553850	0.532715
12.42	21.41	19.97	25.69	2.91	1.19	18.089350	17.363276	17.560865	0.532798
12.42	21.41	19.98	25.71	2.91	1.20	18.098434	17.368155	17.567881	0.532880
12.42	21.41	20.00	25.72	2.91	1.20	18.107517	17.373035	17.574897	0.532961
12.43	21.41	20.01	25.73	2.91	1.20	18.116599	17.377917	17.581913	0.533043
12.43	21.41	20.02	25.75	2.91	1.20	18.125681	17.382801	17.588930	0.533124
12.43	21.41	20.04	25.76	2.91	1.20	18.134761	17.387686	17.595947	0.533204
12.43	21.41	20.05	25.77	2.91	1.21	18.143841	17.392572	17.602965	0.533284
12.44	21.41	20.06	25.78	2.91	1.21	18.152920	17.397460	17.609982	0.533364
12.44	21.41	20.08	25.80	2.92	1.21	18.161999	17.402349	17.617001	0.533444
12.44	21.41	20.09	25.81	2.92	1.21	18.171076	17.407240	17.624019	0.533523
12.44	21.41	20.10	25.82	2.92	1.21	18.180153	17.412132	17.631038	0.533602
12.45	21.41	20.12	25.83	2.92	1.21	18.189228	17.417026	17.638056	0.533681
12.45	21.41	20.13	25.85	2.92	1.22	18.198303	17.421921	17.645076	0.533759
12.45	21.41	20.14	25.86	2.92	1.22	18.207377	17.426817	17.652095	0.533837
12.46	21.41	20.15	25.87	2.92	1.22	18.216450	17.431715	17.659115	0.533915
12.46	21.41	20.17	25.89	2.92	1.22	18.225522	17.436615	17.666135	0.533993
12.46	21.41	20.18	25.90	2.92	1.22	18.234594	17.441516	17.673156	0.534070
12.46	21.41	20.19	25.91	2.92	1.22	18.243664	17.446418	17.680176	0.534146
12.47	21.41	20.21	25.92	2.92	1.23	18.252734	17.451322	17.687197	0.534223
12.47	21.41	20.22	25.94	2.92	1.23	18.261802	17.456227	17.694218	0.534299
12.47	21.41	20.23	25.95	2.92	1.23	18.270870	17.461133	17.701240	0.534375
12.47	21.41	20.25	25.96	2.92	1.23	18.279937	17.466041	17.708261	0.534451
12.48	21.41	20.26	25.97	2.92	1.23	18.289002	17.470951	17.715283	0.534526
12.48	21.41	20.27	25.99	2.92	1.24	18.298067	17.475862	17.722305	0.534601
12.48	21.41	20.29	26.00	2.92	1.24	18.307131	17.480774	17.729328	0.534676
12.49	21.41	20.30	26.01	2.92	1.24	18.316194	17.485687	17.736350	0.534751
12.49	21.41	20.31	26.02	2.92	1.24	18.325256	17.490602	17.743373	0.534825
12.49	21.41	20.33	26.04	2.92	1.24	18.334317	17.495519	17.750396	0.534899
12.49	21.41	20.34	26.05	2.92	1.24	18.343377	17.500437	17.757419	0.534972
12.50	21.41	20.35	26.06	2.92	1.25	18.352436	17.505356	17.764443	0.535046
12.50	21.41	20.37	26.07	2.92	1.25	18.361494	17.510276	17.771467	0.535119
12.50	21.41	20.38	26.09	2.92	1.25	18.370551	17.515198	17.778490	0.535192
12.51	21.41	20.39	26.10	2.92	1.25	18.379607	17.520121	17.785515	0.535264
12.51	21.41	20.41	26.11	2.92	1.25	18.388661	17.525046	17.792539	0.535337
12.51	21.41	20.42	26.12	2.92	1.25	18.397715	17.529972	17.799563	0.535409
12.51	21.41	20.43	26.14	2.92	1.26	18.406768	17.534899	17.806588	0.535481
12.52	21.41	20.45	26.15	2.92	1.26	18.415820	17.539828	17.813613	0.535552
12.52	21.41	20.46	26.16	2.92	1.26	18.424870	17.544758	17.820638	0.535624
12.52	21.41	20.47	26.17	2.92	1.26	18.433920	17.549689	17.827663	0.535695
12.53	21.41	20.48	26.19	2.92	1.26	18.442968	17.554622	17.834688	0.535766
12.53	21.41	20.50	26.20	2.92	1.26	18.452016	17.559556	17.841713	0.535836
12.53	21.41	20.51	26.21	2.92	1.26	18.461062	17.564492	17.848739	0.535907
12.53	21.41	20.52	26.22	2.92	1.27	18.470107	17.569428	17.855765	0.535977
12.54	21.41	20.54	26.23	2.92	1.27	18.479151	17.574366	17.862790	0.536046
12.54	21.41	20.55	26.25	2.92	1.27	18.488194	17.579306	17.869816	0.536116
12.54	21.41	20.56	26.26	2.92	1.27	18.497236	17.584246	17.876842	0.536185
12.54	21.41	20.58	26.27	2.92	1.27	18.506277	17.589188	17.883869	0.536255
12.55	21.41	20.59	26.28	2.92	1.27	18.515317	17.594132	17.890895	0.536324
12.55	21.41	20.60	26.30	2.92	1.28	18.524355	17.599076	17.897921	0.536392
12.55	21.41	20.62	26.31	2.92	1.28	18.533392	17.604022	17.904948	0.536461
12.56	21.41	20.63	26.32	2.92	1.28	18.542428	17.608969	17.911975	0.536529
12.56	21.41	20.64	26.33	2.92	1.28	18.551463	17.613918	17.919001	0.536597
12.56	21.41	20.66	26.35	2.92	1.28	18.560497	17.618868	17.926028	0.536665
12.56	21.41	20.67	26.36	2.92	1.28	18.569529	17.623819	17.933055	0.536732
12.57	21.41	20.68	26.37	2.92	1.28	18.578561	17.628771	17.940082	0.536800
12.57	21.41	20.69	26.38	2.93	1.29	18.587591	17.633725	17.947109	0.536867
12.57	21.41	20.71	26.39	2.93	1.29	18.596620	17.638680	17.954136	0.536933
12.57	21.41	20.72	26.41	2.93	1.29	18.605647	17.643636	17.961164	0.537000
12.58	21.41	20.73	26.42	2.93	1.29	18.614674	17.648593	17.968191	0.537067
12.58	21.41	20.75	26.43	2.93	1.29	18.623699	17.653552	17.975218	0.537133
12.58	21.41	20.76	26.44	2.93	1.29	18.632723	17.658512	17.982245	0.537199
12.59	21.41	20.77	26.46	2.93	1.29	18.641746	17.663473	17.989273	0.537265
12.59	21.41	20.79	26.47	2.93	1.30	18.650767	17.668435	17.996300	0.537330
12.59	21.41	20.80	26.48	2.93	1.30	18.659787	17.673399	18.003328	0.537396
12.59	21.41	20.81	26.49	2.93	1.30	18.668806	17.678364	18.010355	0.537461
12.60	21.41	20.82	26.50	2.93	1.30	18.677824	17.683330	18.017383	0.537526
12.60	21.41	20.84	26.52	2.93	1.30	18.686840	17.688297	18.024410	0.537591
12.60	21.41	20.85	26.53	2.93	1.30	18.695855	17.693266	18.031438	0.537655
12.61	21.41	20.86	26.54	2.93	1.31	18.704869	17.698236	18.038465	0.537720
12.61	21.41	20.88	26.55	2.93	1.31	18.713881	17.703207	18.045493	0.537784
12.61	21.41	20.89	26.57	2.93	1.31	18.722892	17.708179	18.052520	0.537848
12.61	21.41	20.90	26.58	2.93	1.31	18.731902	17.713152	18.059548	0.537912
12.62	21.41	20.92	26.59	2.93	1.31	18.740910	17.718127	18.066575	0.537975
12.62	21.41	20.93	26.60	2.93	1.31	18.749917	17.723103	18.073603	0.538039
12.62	21.41	20.94	26.61	2.93	1.31	18.758923	17.728080	18.080630	0.538102
12.62	21.41	20.95	26.63	2.93	1.31	18.767927	17.733058	18.087658	0.538165
12.63	21.41	20.97	26.64	2.93	1.32	18.776930	17.738038	18.094685	0.538228
12.63	21.41	20.98	26.65	2.93	1.32	18.785931	17.743018	18.101712	0.538290
12.63	21.41	20.99	26.66	2.93	1.32	18.794931	17.748000	18.108740	0.538353
12.64	21.41	21.01	26.67	2.93	1.32	18.803930	17.752983	18.115767	0.538415
12.64	21.41	21.02	26.69	2.93	1.32	18.812927	17.757967	18.122794	0.538477
12.64	21.41	21.03	26.70	2.93	1.32	18.821923	17.762953	18.129821	0.538539
12.64	21.41	21.04	26.71	2.93	1.32	18.830918	17.767939	18.136848	0.538601
12.65	21.41	21.06	26.72	2.93	1.33	18.839911	17.772927	18.143875	0.538663
12.65	21.41	21.07	26.73	2.93	1.33	18.848903	17.777915	18.150902	0.538724
12.65	21.41	21.08	26.75	2.93	1.33	18.857893	17.782905	18.157929	0.538785
12.66	21.41	21.10	26.76	2.93	1.33	18.866881	17.787896	18.164955	0.538846
12.66	21.41	21.11	26.77	2.93	1.33	18.875869	17.792889	18.171982	0.538907
12.66	21.41	21.12	26.78	2.93	1.33	18.884855	17.797882	18.179008	0.538968
12.66	21.41	21.13	26.79	2.93	1.33	18.893839	17.802877	18.186035	0.539028
12.67	21.41	21.15	26.81	2.93	1.34	18.902822	17.807872	18.193061	0.539088
12.67	21.41	21.16	26.82	2.93	1.34	18.911803	17.812869	18.200087	0.539149
12.67	21.41	21.17	26.83	2.93	1.34	18.920783	17.817867	18.207113	0.539209
12.68	21.41	21.19	26.84	2.93	1.34	18.929761	17.822866	18.214139	0.539268
12.68	21.41	21.20	26.85	2.93	1.34	18.938738	17.827866	18.221165	0.539328
12.68	21.41	21.21	26.86	2.93	1.34	18.947713	17.832867	18.228190	0.539387
12.68	21.41	21.22	26.88	2.93	1.34	18.956687	17.837869	18.235216	0.539447
12.69	21.41	21.24	26.89	2.93	1.34	18.965659	17.842873	18.242241	0.539506
12.69	21.41	21.25	26.90	2.93	1.35	18.974630	17.847877	18.249266	0.539565
12.69	21.41	21.26	26.91	2.93	1.35	18.983599	17.852883	18.256291	0.539624
12.69	21.41	21.28	26.92	2.93	1.35	18.992567	17.857890	18.263316	0.539682
12.70	21.41	21.29	26.94	2.93	1.35	19.001533	17.862897	18.270340	0.539741
12.70	21.41	21.30	26.95	2.93	1.35	19.010497	17.867906	18.277365	0.539799
12.70	21.41	21.31	26.96	2.94	1.35	19.019460	17.872916	18.284389	0.539857
12.71	21.41	21.33	26.97	2.94	1.35	19.028422	17.877927	18.291413	0.539915
12.71	21.41	21.34	26.98	2.94	1.35	19.037381	17.882939	18.298437	0.539973
12.71	21.41	21.35	26.99	2.94	1.36	19.046339	17.887952	18.305460	0.540031
12.71	21.41	21.37	27.01	2.94	1.36	19.055296	17.892967	18.312484	0.540088
12.72	21.41	21.38	27.02	2.94	1.36	19.064251	17.897982	18.319507	0.540146
12.72	21.41	21.39	27.03	2.94	1.36	19.073204	17.902998	18.326530	0.540203
12.72	21.41	21.40	27.04	2.94	1.36	19.082155	17.908015	18.333553	0.540260
12.72	21.41	21.42	27.05	2.94	1.36	19.091105	17.913034	18.340575	0.540317
12.73	21.41	21.43	27.07	2.94	1.36	19.100054	17.918053	18.347598	0.540374
12.73	21.41	21.44	27.08	2.94	1.36	19.109000	17.923074	18.354620	0.540431
12.73	21.41	21.45	27.09	2.94	1.37	19.117945	17.928095	18.361641	0.540487
12.74	21.41	21.47	27.10	2.94	1.37	19.126888	17.933118	18.368663	0.540543
12.74	21.41	21.48	27.11	2.94	1.37	19.135830	17.938141	18.375684	0.540599
12.74	21.41	21.49	27.12	2.94	1.37	19.144770	17.943166	18.382705	0.540656
12.74	21.41	21.51	27.14	2.94	1.37	19.153708	17.948191	18.389726	0.540711
12.75	21.41	21.52	27.15	2.94	1.37	19.162645	17.953218	18.396746	0.540767
12.75	21.41	21.53	27.16	2.94	1.37	19.171579	17.958245	18.403767	0.540823
12.75	21.41	21.54	27.17	2.94	1.37	19.180512	17.963274	18.410786	0.540878
12.76	21.41	21.56	27.18	2.94	1.38	19.189444	17.968303	18.417806	0.540934
12.76	21.41	21.57	27.19	2.94	1.38	19.198373	17.973334	18.424825	0.540989
12.76	21.41	21.58	27.21	2.94	1.38	19.207301	17.978365	18.431844	0.541044
12.76	21.41	21.59	27.22	2.94	1.38	19.216227	17.983398	18.438863	0.541099
12.77	21.41	21.61	27.23	2.94	1.38	19.225152	17.988431	18.445881	0.541153
12.77	21.41	21.62	27.24	2.94	1.38	19.234074	17.993466	18.452899	0.541208
12.77	21.41	21.63	27.25	2.94	1.38	19.242995	17.998501	18.459917	0.541262
12.78	21.41	21.64	27.26	2.94	1.38	19.251914	18.003537	18.466934	0.541317
12.78	21.41	21.66	27.27	2.94	1.38	19.260831	18.008575	18.473951	0.541371
12.78	21.41	21.67	27.29	2.94	1.39	19.269747	18.013613	18.480968	0.541425
12.78	21.41	21.68	27.30	2.94	1.39	19.278660	18.018652	18.487984	0.541479
12.79	21.41	21.70	27.31	2.94	1.39	19.287572	18.023692	18.495000	0.541533
12.79	21.41	21.71	27.32	2.94	1.39	19.296482	18.028733	18.502016	0.541586
12.79	21.41	21.72	27.33	2.94	1.39	19.305390	18.033775	18.509031	0.541640
12.79	21.41	21.73	27.34	2.94	1.39	19.314296	18.038818	18.516046	0.541693
12.80	21.41	21.75	27.36	2.94	1.39	19.323201	18.043862	18.523060	0.541747
12.80	21.41	21.76	27.37	2.94	1.39	19.332104	18.048907	18.530075	0.541800
12.80	21.41	21.77	27.38	2.94	1.40	19.341004	18.053953	18.537088	0.541853
12.81	21.41	21.78	27.39	2.94	1.40	19.349903	18.058999	18.544102	0.541906
12.81	21.41	21.80	27.40	2.94	1.40	19.358800	18.064047	18.551115	0.541958
12.81	21.41	21.81	27.41	2.94	1.40	19.367695	18.069095	18.558127	0.542011
12.81	21.41	21.82	27.42	2.94	1.40	19.376589	18.074145	18.565139	0.542063
12.82	21.41	21.83	27.43	2.94	1.40	19.385480	18.079195	18.572151	0.542116
12.82	21.41	21.85	27.45	2.94	1.40	19.394369	18.084246	18.579162	0.542168
12.82	21.41	21.86	27.46	2.94	1.40	19.403257	18.089298	18.586173	0.542220
12.82	21.41	21.87	27.47	2.94	1.40	19.412143	18.094351	18.593183	0.542272
12.83	21.41	21.88	27.48	2.94	1.41	19.421026	18.099405	18.600193	0.542324
12.83	21.41	21.90	27.49	2.94	1.41	19.429908	18.104460	18.607203	0.542376
12.83	21.41	21.91	27.50	2.95	1.41	19.438788	18.109515	18.614212	0.542427
12.84	21.41	21.92	27.51	2.95	1.41	19.447666	18.114572	18.621220	0.542479
12.84	21.41	21.93	27.53	2.95	1.41	19.456542	18.119629	18.628228	0.542530
12.84	21.41	21.95	27.54	2.95	1.41	19.465416	18.124687	18.635236	0.542581
12.84	21.41	21.96	27.55	2.95	1.41	19.474288	18.129746	18.642243	0.542633
12.85	21.41	21.97	27.56	2.95	1.41	19.483158	18.134806	18.649250	0.542684
12.85	21.41	21.98	27.57	2.95	1.41	19.492026	18.139867	18.656256	0.542734
12.85	21.41	22.00	27.58	2.95	1.42	19.500892	18.144928	18.663261	0.542785
12.86	21.41	22.01	27.59	2.95	1.42	19.509756	18.149991	18.670267	0.542836
12.86	21.41	22.02	27.60	2.95	1.42	19.518618	18.155054	18.677271	0.542886
12.86	21.41	22.03	27.62	2.95	1.42	19.527478	18.160118	18.684275	0.542937
12.86	21.41	22.05	27.63	2.95	1.42	19.536336	18.165183	18.691279	0.542987
12.87	21.41	22.06	27.64	2.95	1.42	19.545192	18.170249	18.698282	0.543037
12.87	21.41	22.07	27.65	2.95	1.42	19.554046	18.175315	18.705285	0.543087
12.87	21.41	22.08	27.66	2.95	1.42	19.562897	18.180382	18.712287	0.543137
12.88	21.41	22.10	27.67	2.95	1.42	19.571747	18.185450	18.719288	0.543187
12.88	21.41	22.11	27.68	2.95	1.42	19.580595	18.190519	18.726289	0.543237
12.88	21.41	22.12	27.69	2.95	1.43	19.589441	18.195589	18.733290	0.543286
12.88	21.41	22.13	27.71	2.95	1.43	19.598284	18.200660	18.740290	0.543336
12.89	21.41	22.14	27.72	2.95	1.43	19.607126	18.205731	18.747289	0.543385
12.89	21.41	22.16	27.73	2.95	1.43	19.615965	18.210803	18.754288	0.543435
12.89	21.41	22.17	27.74	2.95	1.43	19.624802	18.215876	18.761286	0.543484
12.89	21.41	22.18	27.75	2.95	1.43	19.633638	18.220949	18.768283	0.543533
12.90	21.41	22.19	27.76	2.95	1.43	19.642471	18.226024	18.775280	0.543582
12.90	21.41	22.21	27.77	2.95	1.43	19.651302	18.231099	18.782277	0.543631
12.90	21.41	22.22	27.78	2.95	1.43	19.660130	18.236175	18.789272	0.543679
12.91	21.41	22.23	27.79	2.95	1.44	19.668957	18.241251	18.796268	0.543728
12.91	21.41	22.24	27.81	2.95	1.44	19.677782	18.246329	18.803262	0.543776
12.91	21.41	22.26	27.82	2.95	1.44	19.686604	18.251407	18.810256	0.543825
12.91	21.41	22.27	27.83	2.95	1.44	19.695424	18.256486	18.817250	0.543873
12.92	21.41	22.28	27.84	2.95	1.44	19.704242	18.261566	18.824242	0.543921
12.92	21.41	22.29	27.85	2.95	1.44	19.713058	18.266646	18.831234	0.543969
12.92	21.41	22.31	27.86	2.95	1.44	19.721872	18.271727	18.838226	0.544017
12.93	21.41	22.32	27.87	2.95	1.44	19.730684	18.276809	18.845217	0.544065
12.93	21.41	22.33	27.88	2.95	1.44	19.739493	18.281892	18.852207	0.544113
12.93	21.41	22.34	27.89	2.95	1.44	19.748300	18.286975	18.859196	0.544160
12.93	21.41	22.35	27.90	2.95	1.45	19.757105	18.292059	18.866185	0.544208
12.94	21.41	22.37	27.92	2.95	1.45	19.765908	18.297144	18.873173	0.544255
12.94	21.41	22.38	27.93	2.95	1.45	19.774708	18.302229	18.880161	0.544303
12.94	21.41	22.39	27.94	2.95	1.45	19.783506	18.307315	18.887147	0.544350
12.94	21.41	22.40	27.95	2.95	1.45	19.792302	18.312402	18.894134	0.544397
12.95	21.41	22.42	27.96	2.95	1.45	19.801096	18.317489	18.901119	0.544444
12.95	21.41	22.43	27.97	2.95	1.45	19.809888	18.322577	18.908104	0.544491
12.95	21.41	22.44	27.98	2.95	1.45	19.818677	18.327666	18.915088	0.544538
12.96	21.41	22.45	27.99	2.95	1.45	19.827464	18.332756	18.922071	0.544585
12.96	21.41	22.46	28.00	2.95	1.45	19.836249	18.337846	18.929054	0.544631
12.96	21.41	22.48	28.01	2.95	1.46	19.845031	18.342937	18.936036	0.544678
12.96	21.41	22.49	28.02	2.96	1.46	19.853811	18.348028	18.943017	0.544724
12.97	21.41	22.50	28.03	2.96	1.46	19.862589	18.353121	18.949997	0.544771
12.97	21.41	22.51	28.05	2.96	1.46	19.871364	18.358213	18.956977	0.544817
12.97	21.41	22.53	28.06	2.96	1.46	19.880137	18.363307	18.963956	0.544863
12.97	21.41	22.54	28.07	2.96	1.46	19.888908	18.368401	18.970934	0.544909
12.98	21.41	22.55	28.08	2.96	1.46	19.897677	18.373496	18.977911	0.544955
12.98	21.41	22.56	28.09	2.96	1.46	19.906443	18.378591	18.984888	0.545001
12.98	21.41	22.57	28.10	2.96	1.46	19.915207	18.383687	18.991864	0.545046
12.99	21.41	22.59	28.11	2.96	1.46	19.923968	18.388784	18.998839	0.545092
12.99	21.41	22.60	28.12	2.96	1.46	19.932728	18.393881	19.005813	0.545138
12.99	21.41	22.61	28.13	2.96	1.47	19.941484	18.398979	19.012787	0.545183
12.99	21.41	22.62	28.14	2.96	1.47	19.950239	18.404078	19.019760	0.545228
13.00	21.41	22.63	28.15	2.96	1.47	19.958991	18.409177	19.026732	0.545274
13.00	21.41	22.65	28.16	2.96	1.47	19.967740	18.414277	19.033703	0.545319
13.00	21.41	22.66	28.17	2.96	1.47	19.976487	18.419377	19.040673	0.545364
13.01	21.41	22.67	28.19	2.96	1.47	19.985232	18.424478	19.047643	0.545409
13.01	21.41	22.68	28.20	2.96	1.47	19.993975	18.429579	19.054612	0.545454
13.01	21.41	22.69	28.21	2.96	1.47	20.002715	18.434682	19.061580	0.545499
13.01	21.41	22.71	28.22	2.96	1.47	20.011452	18.439784	19.068547	0.545543
13.02	21.41	22.72	28.23	2.96	1.47	20.020187	18.444888	19.075513	0.545588
13.02	21.41	22.73	28.24	2.96	1.48	20.028920	18.449991	19.082478	0.545632
13.02	21.41	22.74	28.25	2.96	1.48	20.037650	18.455096	19.089443	0.545677
13.03	21.41	22.75	28.26	2.96	1.48	20.046378	18.460201	19.096407	0.545721
13.03	21.41	22.77	28.27	2.96	1.48	20.055103	18.465306	19.103370	0.545765
13.03	21.41	22.78	28.28	2.96	1.48	20.063826	18.470412	19.110332	0.545810
13.03	21.41	22.79	28.29	2.96	1.48	20.072547	18.475519	19.117293	0.545854
13.04	21.41	22.80	28.30	2.96	1.48	20.081264	18.480626	19.124253	0.545898
13.04	21.41	22.81	28.31	2.96	1.48	20.089980	18.485734	19.131212	0.545941
13.04	21.41	22.83	28.32	2.96	1.48	20.098693	18.490842	19.138171	0.545985
13.04	21.41	22.84	28.33	2.96	1.48	20.107403	18.495951	19.145128	0.546029
13.05	21.41	22.85	28.34	2.96	1.48	20.116111	18.501060	19.152085	0.546073
13.05	21.41	22.86	28.35	2.96	1.49	20.124816	18.506170	19.159041	0.546116
13.05	21.41	22.87	28.37	2.96	1.49	20.133519	18.511281	19.165996	0.546160
13.06	21.41	22.89	28.38	2.96	1.49	20.142219	18.516391	19.172949	0.546203
13.06	21.41	22.90	28.39	2.96	1.49	20.150917	18.521503	19.179902	0.546246
13.06	21.41	22.91	28.40	2.96	1.49	20.159612	18.526615	19.186855	0.546289
13.06	21.41	22.92	28.41	2.96	1.49	20.168305	18.531727	19.193806	0.546332
13.07	21.41	22.93	28.42	2.96	1.49	20.176995	18.536840	19.200756	0.546375
13.07	21.41	22.95	28.43	2.96	1.49	20.185682	18.541953	19.207705	0.546418
13.07	21.41	22.96	28.44	2.96	1.49	20.194367	18.547067	19.214653	0.546461
13.07	21.41	22.97	28.45	2.96	1.49	20.203050	18.552182	19.221601	0.546504
13.08	21.41	22.98	28.46	2.96	1.49	20.211729	18.557296	19.228547	0.546547
13.08	21.41	22.99	28.47	2.96	1.49	20.220406	18.562412	19.235493	0.546589
13.08	21.41	23.01	28.48	2.96	1.50	20.229081	18.567527	19.242437	0.546632
13.09	21.41	23.02	28.49	2.96	1.50	20.237753	18.572644	19.249380	0.546674
13.09	21.41	23.03	28.50	2.96	1.50	20.246422	18.577760	19.256323	0.546716
13.09	21.41	23.04	28.51	2.96	1.50	20.255089	18.582878	19.263264	0.546759
13.09	21.41	23.05	28.52	2.96	1.50	20.263753	18.587995	19.270205	0.546801
13.10	21.41	23.07	28.53	2.97	1.50	20.272414	18.593113	19.277144	0.546843
13.10	21.41	23.08	28.54	2.97	1.50	20.281073	18.598232	19.284083	0.546885
13.10	21.41	23.09	28.55	2.97	1.50	20.289729	18.603351	19.291020	0.546927
13.11	21.41	23.10	28.56	2.97	1.50	20.298382	18.608470	19.297956	0.546969
13.11	21.41	23.11	28.57	2.97	1.50	20.307033	18.613590	19.304892	0.547010
13.11	21.41	23.12	28.58	2.97	1.50	20.315681	18.618710	19.311826	0.547052
13.11	21.41	23.14	28.59	2.97	1.51	20.324326	18.623831	19.318759	0.547094
13.12	21.41	23.15	28.60	2.97	1.51	20.332969	18.628952	19.325692	0.547135
13.12	21.41	23.16	28.61	2.97	1.51	20.341609	18.634073	19.332623	0.547177
13.12	21.41	23.17	28.62	2.97	1.51	20.350246	18.639195	19.339553	0.547218
13.12	21.41	23.18	28.63	2.97	1.51	20.358880	18.644317	19.346482	0.547259
13.13	21.41	23.19	28.64	2.97	1.51	20.367512	18.649440	19.353410	0.547300
13.13	21.41	23.21	28.65	2.97	1.51	20.376141	18.654563	19.360337	0.547342
13.13	21.41	23.22	28.66	2.97	1.51	20.384767	18.659686	19.367263	0.547383
13.14	21.41	23.23	28.68	2.97	1.51	20.393391	18.664810	19.374188	0.547424
13.14	21.41	23.24	28.69	2.97	1.51	20.402012	18.669934	19.381111	0.547464
13.14	21.41	23.25	28.70	2.97	1.51	20.410630	18.675059	19.388034	0.547505
13.14	21.41	23.27	28.71	2.97	1.51	20.419245	18.680184	19.394955	0.547546
13.15	21.41	23.28	28.72	2.97	1.52	20.427857	18.685309	19.401876	0.547587
13.15	21.41	23.29	28.73	2.97	1.52	20.436467	18.690435	19.408795	0.547627
13.15	21.41	23.30	28.74	2.97	1.52	20.445074	18.695561	19.415713	0.547668
13.16	21.41	23.31	28.75	2.97	1.52	20.453678	18.700687	19.422630	0.547708
13.16	21.41	23.32	28.76	2.97	1.52	20.462279	18.705814	19.429546	0.547748
13.16	21.41	23.34	28.77	2.97	1.52	20.470878	18.710941	19.436461	0.547789
13.16	21.41	23.35	28.78	2.97	1.52	20.479474	18.716068	19.443374	0.547829
13.17	21.41	23.36	28.79	2.97	1.52	20.488066	18.721196	19.450287	0.547869
13.17	21.41	23.37	28.80	2.97	1.52	20.496656	18.726324	19.457198	0.547909
13.17	21.41	23.38	28.81	2.97	1.52	20.505243	18.731452	19.464108	0.547949
13.18	21.41	23.39	28.82	2.97	1.52	20.513828	18.736581	19.471017	0.547989
13.18	21.41	23.41	28.83	2.97	1.52	20.522409	18.741710	19.477924	0.548029
13.18	21.41	23.42	28.84	2.97	1.52	20.530988	18.746839	19.484831	0.548068
13.18	21.41	23.43	28.85	2.97	1.53	20.539563	18.751969	19.491736	0.548108
13.19	21.41	23.44	28.86	2.97	1.53	20.548136	18.757099	19.498641	0.548148
13.19	21.41	23.45	28.87	2.97	1.53	20.556706	18.762229	19.505544	0.548187
13.19	21.41	23.46	28.88	2.97	1.53	20.565273	18.767359	19.512445	0.548227
13.19	21.41	23.47	28.89	2.97	1.53	20.573837	18.772490	19.519346	0.548266
13.20	21.41	23.49	28.90	2.97	1.53	20.582399	18.777621	19.526245	0.548305
13.20	21.41	23.50	28.91	2.97	1.53	20.590957	18.782752	19.533143	0.548344
13.20	21.41	23.51	28.92	2.97	1.53	20.599512	18.787884	19.540040	0.548384
13.21	21.41	23.52	28.93	2.97	1.53	20.608065	18.793016	19.546936	0.548423
13.21	21.41	23.53	28.94	2.97	1.53	20.616614	18.798148	19.553830	0.548462
13.21	21.41	23.54	28.95	2.97	1.53	20.625161	18.803280	19.560723	0.548501
13.21	21.41	23.56	28.95	2.97	1.53	20.633705	18.808413	19.567615	0.548539
13.22	21.41	23.57	28.96	2.97	1.54	20.642245	18.813546	19.574506	0.548578
13.22	21.41	23.58	28.97	2.97	1.54	20.650783	18.818679	19.581395	0.548617
13.22	21.41	23.59	28.98	2.97	1.54	20.659318	18.823812	19.588284	0.548656
13.22	21.41	23.60	28.99	2.97	1.54	20.667850	18.828946	19.595170	0.548694
13.23	21.41	23.61	29.00	2.97	1.54	20.676378	18.834080	19.602056	0.548733
13.23	21.41	23.62	29.01	2.98	1.54	20.684904	18.839214	19.608940	0.548771
13.23	21.41	23.64	29.02	2.98	1.54	20.693427	18.844348	19.615823	0.548809
13.24	21.41	23.65	29.03	2.98	1.54	20.701947	18.849483	19.622705	0.548848
13.24	21.41	23.66	29.04	2.98	1.54	20.710464	18.854617	19.629585	0.548886
13.24	21.41	23.67	29.05	2.98	1.54	20.718977	18.859752	19.636464	0.548924
13.24	21.41	23.68	29.06	2.98	1.54	20.727488	18.864887	19.643342	0.548962
13.25	21.41	23.69	29.07	2.98	1.54	20.735996	18.870023	19.650219	0.549000
13.25	21.41	23.70	29.08	2.98	1.54	20.744500	18.875158	19.657094	0.549038
13.25	21.41	23.72	29.09	2.98	1.55	20.753002	18.880294	19.663968	0.549076
13.26	21.41	23.73	29.10	2.98	1.55	20.761500	18.885430	19.670840	0.549114
13.26	21.41	23.74	29.11	2.98	1.55	20.769996	18.890566	19.677711	0.549151
13.26	21.41	23.75	29.12	2.98	1.55	20.778488	18.895702	19.684581	0.549189
13.26	21.41	23.76	29.13	2.98	1.55	20.786978	18.900839	19.691449	0.549227
13.27	21.41	23.77	29.14	2.98	1.55	20.795464	18.905975	19.698316	0.549264
13.27	21.41	23.78	29.15	2.98	1.55	20.803947	18.911112	19.705182	0.549302
13.27	21.41	23.80	29.16	2.98	1.55	20.812427	18.916249	19.712046	0.549339
13.28	21.41	23.81	29.17	2.98	1.55	20.820904	18.921386	19.718909	0.549376
13.28	21.41	23.82	29.18	2.98	1.55	20.829378	18.926523	19.725771	0.549414
13.28	21.41	23.83	29.19	2.98	1.55	20.837848	18.931660	19.732631	0.549451
13.28	21.41	23.84	29.20	2.98	1.55	20.846316	18.936798	19.739489	0.549488
13.29	21.41	23.85	29.21	2.98	1.55	20.854780	18.941935	19.746347	0.549525
13.29	21.41	23.86	29.22	2.98	1.55	20.863242	18.947073	19.753203	0.549562
13.29	21.41	23.87	29.23	2.98	1.56	20.871700	18.952211	19.760057	0.549599
13.29	21.41	23.89	29.24	2.98	1.56	20.880155	18.957349	19.766910	0.549636
13.30	21.41	23.90	29.24	2.98	1.56	20.888607	18.962487	19.773762	0.549673
13.30	21.41	23.91	29.25	2.98	1.56	20.897055	18.967625	19.780612	0.549709
13.30	21.41	23.92	29.26	2.98	1.56	20.905501	18.972764	19.787461	0.549746
13.31	21.41	23.93	29.27	2.98	1.56	20.913943	18.977902	19.794308	0.549783
13.31	21.41	23.94	29.28	2.98	1.56	20.922382	18.983040	19.801154	0.549819
13.31	21.41	23.95	29.29	2.98	1.56	20.930818	18.988179	19.807999	0.549856
13.31	21.41	23.97	29.30	2.98	1.56	20.939251	18.993318	19.814842	0.549892
13.32	21.41	23.98	29.31	2.98	1.56	20.947680	18.998456	19.821683	0.549928
13.32	21.41	23.99	29.32	2.98	1.56	20.956106	19.003595	19.828523	0.549965
13.32	21.41	24.00	29.33	2.98	1.56	20.964529	19.008734	19.835362	0.550001
13.32	21.41	24.01	29.34	2.98	1.56	20.972949	19.013873	19.842199	0.550037
13.33	21.41	24.02	29.35	2.98	1.56	20.981366	19.019012	19.849034	0.550073
13.33	21.41	24.03	29.36	2.98	1.57	20.989779	19.024151	19.855868	0.550109
13.33	21.41	24.04	29.37	2.98	1.57	20.998189	19.029291	19.862701	0.550145
13.34	21.41	24.05	29.38	2.98	1.57	21.006596	19.034430	19.869532	0.550181
13.34	21.41	24.07	29.39	2.98	1.57	21.014999	19.039569	19.876361	0.550217
13.34	21.41	24.08	29.39	2.98	1.57	21.023399	19.044708	19.883189	0.550253
13.34	21.41	24.09	29.40	2.98	1.57	21.031796	19.049848	19.890016	0.550288
13.35	21.41	24.10	29.41	2.98	1.57	21.040190	19.054987	19.896841	0.550324
13.35	21.41	24.11	29.42	2.98	1.57	21.048580	19.060126	19.903664	0.550359
13.35	21.41	24.12	29.43	2.98	1.57	21.056967	19.065266	19.910486	0.550395
13.36	21.41	24.13	29.44	2.98	1.57	21.065351	19.070405	19.917307	0.550430
13.36	21.41	24.14	29.45	2.98	1.57	21.073731	19.075545	19.924125	0.550466
13.36	21.41	24.15	29.46	2.98	1.57	21.082108	19.080684	19.930943	0.550501
13.36	21.41	24.17	29.47	2.99	1.57	21.090482	19.085824	19.937758	0.550536
13.37	21.41	24.18	29.48	2.99	1.57	21.098852	19.090963	19.944572	0.550572
13.37	21.41	24.19	29.49	2.99	1.58	21.107220	19.096102	19.951385	0.550607
13.37	21.41	24.20	29.50	2.99	1.58	21.115583	19.101242	19.958196	0.550642
13.38	21.41	24.21	29.51	2.99	1.58	21.123944	19.106381	19.965005	0.550677
13.38	21.41	24.22	29.51	2.99	1.58	21.132300	19.111521	19.971813	0.550712
13.38	21.41	24.23	29.52	2.99	1.58	21.140654	19.116660	19.978619	0.550747
13.38	21.41	24.24	29.53	2.99	1.58	21.149004	19.121799	19.985423	0.550782
13.39	21.41	24.25	29.54	2.99	1.58	21.157351	19.126939	19.992226	0.550816
13.39	21.41	24.27	29.55	2.99	1.58	21.165694	19.132078	19.999028	0.550851
13.39	21.41	24.28	29.56	2.99	1.58	21.174034	19.137217	20.005827	0.550886
13.39	21.41	24.29	29.57	2.99	1.58	21.182371	19.142356	20.012625	0.550920
13.40	21.41	24.30	29.58	2.99	1.58	21.190704	19.147495	20.019422	0.550955
13.40	21.41	24.31	29.59	2.99	1.58	21.199034	19.152635	20.026216	0.550989
13.40	21.41	24.32	29.60	2.99	1.58	21.207360	19.157774	20.033009	0.551024
13.41	21.41	24.33	29.61	2.99	1.58	21.215683	19.162912	20.039801	0.551058
13.41	21.41	24.34	29.61	2.99	1.58	21.224003	19.168051	20.046591	0.551092
13.41	21.41	24.35	29.62	2.99	1.59	21.232319	19.173190	20.053379	0.551127
13.41	21.41	24.36	29.63	2.99	1.59	21.240631	19.178329	20.060165	0.551161
13.42	21.41	24.37	29.64	2.99	1.59	21.248940	19.183468	20.066950	0.551195
13.42	21.41	24.39	29.65	2.99	1.59	21.257246	19.188606	20.073733	0.551229
13.42	21.41	24.40	29.66	2.99	1.59	21.265548	19.193744	20.080515	0.551263
13.43	21.41	24.41	29.67	2.99	1.59	21.273846	19.198883	20.087294	0.551297
13.43	21.41	24.42	29.68	2.99	1.59	21.282141	19.204021	20.094072	0.551331
13.43	21.41	24.43	29.69	2.99	1.59	21.290433	19.209159	20.100849	0.551365
13.43	21.41	24.44	29.70	2.99	1.59	21.298721	19.214297	20.107623	0.551398
13.44	21.41	24.45	29.70	2.99	1.59	21.307006	19.219435	20.114396	0.551432
13.44	21.41	24.46	29.71	2.99	1.59	21.315287	19.224573	20.121167	0.551466
13.44	21.41	24.47	29.72	2.99	1.59	21.323564	19.229711	20.127936	0.551499
13.44	21.41	24.48	29.73	2.99	1.59	21.331838	19.234848	20.134704	0.551533
13.45	21.41	24.49	29.74	2.99	1.59	21.340109	19.239986	20.141470	0.551566
13.45	21.41	24.51	29.75	2.99	1.59	21.348376	19.245123	20.148234	0.551600
13.45	21.41	24.52	29.76	2.99	1.60	21.356639	19.250260	20.154997	0.551633
13.46	21.41	24.53	29.77	2.99	1.60	21.364899	19.255397	20.161757	0.551667
13.46	21.41	24.54	29.77	2.99	1.60	21.373155	19.260534	20.168516	0.551700
13.46	21.41	24.55	29.78	2.99	1.60	21.381407	19.265670	20.175273	0.551733
13.46	21.41	24.56	29.79	2.99	1.60	21.389656	19.270807	20.182029	0.551766
13.47	21.41	24.57	29.80	2.99	1.60	21.397902	19.275943	20.188782	0.551799
13.47	21.41	24.58	29.81	2.99	1.60	21.406144	19.281079	20.195534	0.551832
13.47	21.41	24.59	29.82	2.99	1.60	21.414382	19.286215	20.202284	0.551865
13.47	21.41	24.60	29.83	2.99	1.60	21.422617	19.291351	20.209032	0.551898
13.48	21.41	24.61	29.84	2.99	1.60	21.430847	19.296486	20.215779	0.551931
13.48	21.41	24.62	29.84	2.99	1.60	21.439075	19.301622	20.222523	0.551964
13.48	21.41	24.63	29.85	2.99	1.60	21.447299	19.306757	20.229266	0.551997
13.49	21.41	24.64	29.86	2.99	1.60	21.455519	19.311892	20.236007	0.552029
13.49	21.41	24.66	29.87	2.99	1.60	21.463735	19.317027	20.242746	0.552062
13.49	21.41	24.67	29.88	2.99	1.60	21.471948	19.322161	20.249483	0.552095
13.49	21.41	24.68	29.89	2.99	1.60	21.480157	19.327296	20.256219	0.552127
13.50	21.41	24.69	29.90	2.99	1.61	21.488362	19.332430	20.262952	0.552160
13.50	21.41	24.70	29.91	3.00	1.61	21.496564	19.337564	20.269684	0.552192
13.50	21.41	24.71	29.91	3.00	1.61	21.504762	19.342697	20.276414	0.552224
13.51	21.41	24.72	29.92	3.00	1.61	21.512957	19.347831	20.283142	0.552257
13.51	21.41	24.73	29.93	3.00	1.61	21.521147	19.352964	20.289868	0.552289
13.51	21.41	24.74	29.94	3.00	1.61	21.529334	19.358097	20.296592	0.552321
13.51	21.41	24.75	29.95	3.00	1.61	21.537518	19.363230	20.303315	0.552353
13.52	21.41	24.76	29.96	3.00	1.61	21.545697	19.368362	20.310035	0.552385
13.52	21.41	24.77	29.97	3.00	1.61	21.553873	19.373494	20.316754	0.552418
13.52	21.41	24.78	29.97	3.00	1.61	21.562045	19.378626	20.323471	0.552449
13.53	21.41	24.79	29.98	3.00	1.61	21.570214	19.383758	20.330186	0.552481
13.53	21.41	24.80	29.99	3.00	1.61	21.578378	19.388890	20.336898	0.552513
13.53	21.41	24.81	30.00	3.00	1.61	21.586539	19.394021	20.343609	0.552545
13.53	21.41	24.83	30.01	3.00	1.61	21.594696	19.399152	20.350318	0.552577
13.54	21.41	24.84	30.02	3.00	1.61	21.602850	19.404282	20.357026	0.552609
13.54	21.41	24.85	30.02	3.00	1.61	21.610999	19.409412	20.363731	0.552640
13.54	21.41	24.86	30.03	3.00	1.62	21.619145	19.414542	20.370434	0.552672
13.54	21.41	24.87	30.04	3.00	1.62	21.627287	19.419672	20.377135	0.552704
13.55	21.41	24.88	30.05	3.00	1.62	21.635425	19.424801	20.383835	0.552735
13.55	21.41	24.89	30.06	3.00	1.62	21.643560	19.429930	20.390532	0.552766
13.55	21.41	24.90	30.07	3.00	1.62	21.651690	19.435059	20.397228	0.552798
13.56	21.41	24.91	30.07	3.00	1.62	21.659817	19.440188	20.403921	0.552829
13.56	21.41	24.92	30.08	3.00	1.62	21.667940	19.445316	20.410613	0.552861
13.56	21.41	24.93	30.09	3.00	1.62	21.676059	19.450444	20.417302	0.552892
13.56	21.41	24.94	30.10	3.00	1.62	21.684174	19.455571	20.423990	0.552923
13.57	21.41	24.95	30.11	3.00	1.62	21.692286	19.460698	20.430675	0.552954
13.57	21.41	24.96	30.12	3.00	1.62	21.700394	19.465825	20.437359	0.552985
13.57	21.41	24.97	30.12	3.00	1.62	21.708497	19.470951	20.444040	0.553016
13.57	21.41	24.98	30.13	3.00	1.62	21.716597	19.476077	20.450720	0.553047
13.58	21.41	24.99	30.14	3.00	1.62	21.724693	19.481203	20.457398	0.553078
13.58	21.41	25.00	30.15	3.00	1.62	21.732785	19.486329	20.464073	0.553109
13.58	21.41	25.01	30.16	3.00	1.62	21.740874	19.491454	20.470747	0.553140
13.59	21.41	25.02	30.17	3.00	1.62	21.748958	19.496578	20.477418	0.553171
13.59	21.41	25.03	30.17	3.00	1.63	21.757039	19.501702	20.484087	0.553201
13.59	21.41	25.04	30.18	3.00	1.63	21.765115	19.506826	20.490755	0.553232
13.59	21.41	25.06	30.19	3.00	1.63	21.773188	19.511950	20.497420	0.553263
13.60	21.41	25.07	30.20	3.00	1.63	21.781257	19.517073	20.504084	0.553293
13.60	21.41	25.08	30.21	3.00	1.63	21.789322	19.522196	20.510745	0.553324
13.60	21.41	25.09	30.21	3.00	1.63	21.797382	19.527318	20.517404	0.553354
13.61	21.41	25.10	30.22	3.00	1.63	21.805439	19.532440	20.524061	0.553385
13.61	21.41	25.11	30.23	3.00	1.63	21.813492	19.537561	20.530716	0.553415
13.61	21.41	25.12	30.24	3.00	1.63	21.821542	19.542682	20.537369	0.553445
13.61	21.41	25.13	30.25	3.00	1.63	21.829587	19.547803	20.544020	0.553476
13.62	21.41	25.14	30.26	3.00	1.63	21.837628	19.552923	20.550669	0.553506
13.62	21.41	25.15	30.26	3.00	1.63	21.845665	19.558043	20.557315	0.553536
13.62	21.41	25.16	30.27	3.00	1.63	21.853698	19.563163	20.563960	0.553566
13.62	21.41	25.17	30.28	3.00	1.63	21.861728	19.568282	20.570602	0.553596
13.63	21.41	25.18	30.29	3.00	1.63	21.869753	19.573400	20.577243	0.553626
13.63	21.41	25.19	30.30	3.00	1.63	21.877774	19.578518	20.583881	0.553656
13.63	21.41	25.20	30.30	3.00	1.63	21.885791	19.583636	20.590517	0.553686
13.64	21.41	25.21	30.31	3.01	1.63	21.893804	19.588753	20.597151	0.553716
13.64	21.41	25.22	30.32	3.01	1.64	21.901814	19.593870	20.603783	0.553746
13.64	21.41	25.23	30.33	3.01	1.64	21.909819	19.598986	20.610412	0.553776
13.64	21.41	25.24	30.34	3.01	1.64	21.917820	19.604102	20.617040	0.553806
13.65	21.41	25.25	30.34	3.01	1.64	21.925817	19.609217	20.623665	0.553835
13.65	21.41	25.26	30.35	3.01	1.64	21.933810	19.614332	20.630288	0.553865
13.65	21.41	25.27	30.36	3.01	1.64	21.941799	19.619446	20.636909	0.553894
13.66	21.41	25.28	30.37	3.01	1.64	21.949784	19.624560	20.643528	0.553924
13.66	21.41	25.29	30.38	3.01	1.64	21.957765	19.629674	20.650145	0.553953
13.66	21.41	25.30	30.38	3.01	1.64	21.965742	19.634786	20.656759	0.553983
13.66	21.41	25.31	30.39	3.01	1.64	21.973715	19.639899	20.663371	0.554012
13.67	21.41	25.32	30.40	3.01	1.64	21.981683	19.645011	20.669982	0.554042
13.67	21.41	25.33	30.41	3.01	1.64	21.989648	19.650122	20.676589	0.554071
13.67	21.41	25.34	30.41	3.01	1.64	21.997608	19.655233	20.683195	0.554100
13.68	21.41	25.35	30.42	3.01	1.64	22.005565	19.660343	20.689799	0.554129
13.68	21.41	25.36	30.43	3.01	1.64	22.013517	19.665453	20.696400	0.554159
13.68	21.41	25.37	30.44	3.01	1.64	22.021465	19.670562	20.702999	0.554188
13.68	21.41	25.38	30.45	3.01	1.64	22.029409	19.675671	20.709596	0.554217
13.69	21.41	25.39	30.45	3.01	1.64	22.037349	19.680779	20.716190	0.554246
13.69	21.41	25.40	30.46	3.01	1.65	22.045285	19.685887	20.722782	0.554275
13.69	21.41	25.41	30.47	3.01	1.65	22.053216	19.690994	20.729373	0.554304
13.69	21.41	25.42	30.48	3.01	1.65	22.061144	19.696101	20.735960	0.554332
13.70	21.41	25.43	30.48	3.01	1.65	22.069067	19.701207	20.742546	0.554361
13.70	21.41	25.44	30.49	3.01	1.65	22.076986	19.706312	20.749129	0.554390
13.70	21.41	25.45	30.50	3.01	1.65	22.084901	19.711417	20.755710	0.554419
13.71	21.41	25.46	30.51	3.01	1.65	22.092812	19.716522	20.762289	0.554447
13.71	21.41	25.47	30.51	3.01	1.65	22.100718	19.721625	20.768865	0.554476
13.71	21.41	25.48	30.52	3.01	1.65	22.108621	19.726728	20.775439	0.554505
13.71	21.41	25.49	30.53	3.01	1.65	22.116519	19.731831	20.782011	0.554533
13.72	21.41	25.50	30.54	3.01	1.65	22.124413	19.736933	20.788581	0.554562
13.72	21.41	25.51	30.55	3.01	1.65	22.132303	19.742034	20.795148	0.554590
13.72	21.41	25.52	30.55	3.01	1.65	22.140188	19.747135	20.801713	0.554618
13.72	21.41	25.53	30.56	3.01	1.65	22.148070	19.752235	20.808276	0.554647
13.73	21.41	25.54	30.57	3.01	1.65	22.155947	19.757335	20.814836	0.554675
13.73	21.41	25.55	30.58	3.01	1.65	22.163820	19.762434	20.821394	0.554703
13.73	21.41	25.56	30.58	3.01	1.65	22.171688	19.767532	20.827950	0.554732
13.74	21.41	25.57	30.59	3.01	1.65	22.179553	19.772630	20.834503	0.554760
13.74	21.41	25.58	30.60	3.01	1.65	22.187413	19.777727	20.841054	0.554788
13.74	21.41	25.59	30.61	3.01	1.66	22.195268	19.782824	20.847603	0.554816
13.74	21.41	25.60	30.61	3.01	1.66	22.203120	19.787920	20.854149	0.554844
13.75	21.41	25.61	30.62	3.01	1.66	22.210967	19.793015	20.860693	0.554872
13.75	21.41	25.62	30.63	3.01	1.66	22.218810	19.798109	20.867234	0.554900
13.75	21.41	25.63	30.64	3.01	1.66	22.226649	19.803203	20.873773	0.554928
13.76	21.41	25.64	30.64	3.01	1.66	22.234483	19.808297	20.880310	0.554956
13.76	21.41	25.65	30.65	3.01	1.66	22.242313	19.813389	20.886845	0.554983
13.76	21.41	25.66	30.66	3.01	1.66	22.250139	19.818481	20.893377	0.555011
13.76	21.41	25.67	30.67	3.01	1.66	22.257961	19.823572	20.899906	0.555039
13.77	21.41	25.68	30.67	3.01	1.66	22.265778	19.828663	20.906433	0.555066
13.77	21.41	25.69	30.68	3.01	1.66	22.273591	19.833753	20.912958	0.555094
13.77	21.41	25.70	30.69	3.01	1.66	22.281399	19.838842	20.919481	0.555122
13.78	21.41	25.71	30.69	3.02	1.66	22.289203	19.843931	20.926000	0.555149
13.78	21.41	25.72	30.70	3.02	1.66	22.297003	19.849019	20.932518	0.555177
13.78	21.41	25.73	30.71	3.02	1.66	22.304798	19.854106	20.939033	0.555204
13.78	21.41	25.74	30.72	3.02	1.66	22.312589	19.859192	20.945546	0.555231
13.79	21.41	25.75	30.72	3.02	1.66	22.320376	19.864278	20.952056	0.555259
13.79	21.41	25.76	30.73	3.02	1.66	22.328158	19.869363	20.958564	0.555286
13.79	21.41	25.77	30.74	3.02	1.66	22.335936	19.874448	20.965069	0.555313
13.79	21.41	25.78	30.75	3.02	1.66	22.343710	19.879531	20.971572	0.555340
13.80	21.41	25.79	30.75	3.02	1.67	22.351479	19.884614	20.978072	0.555368
13.80	21.41	25.80	30.76	3.02	1.67	22.359243	19.889696	20.984570	0.555395
13.80	21.41	25.80	30.77	3.02	1.67	22.367004	19.894778	20.991066	0.555422
13.81	21.41	25.81	30.77	3.02	1.67	22.374760	19.899858	20.997559	0.555449
13.81	21.41	25.82	30.78	3.02	1.67	22.382511	19.904938	21.004049	0.555476
13.81	21.41	25.83	30.79	3.02	1.67	22.390258	19.910018	21.010537	0.555503
13.81	21.41	25.84	30.80	3.02	1.67	22.398001	19.915096	21.017023	0.555530
13.82	21.41	25.85	30.80	3.02	1.67	22.405739	19.920174	21.023506	0.555556
13.82	21.41	25.86	30.81	3.02	1.67	22.413472	19.925251	21.029986	0.555583
13.82	21.41	25.87	30.82	3.02	1.67	22.421202	19.930327	21.036464	0.555610
13.82	21.41	25.88	30.82	3.02	1.67	22.428926	19.935402	21.042940	0.555637
13.83	21.41	25.89	30.83	3.02	1.67	22.436647	19.940477	21.049413	0.555663
13.83	21.41	25.90	30.84	3.02	1.67	22.444363	19.945551	21.055883	0.555690
13.83	21.41	25.91	30.85	3.02	1.67	22.452074	19.950624	21.062351	0.555717
13.84	21.41	25.92	30.85	3.02	1.67	22.459781	19.955696	21.068816	0.555743
13.84	21.41	25.93	30.86	3.02	1.67	22.467483	19.960768	21.075279	0.555770
13.84	21.41	25.94	30.87	3.02	1.67	22.475181	19.965838	21.081739	0.555796
13.84	21.41	25.95	30.87	3.02	1.67	22.482874	19.970908	21.088197	0.555823
13.85	21.41	25.96	30.88	3.02	1.67	22.490563	19.975977	21.094652	0.555849
13.85	21.41	25.97	30.89	3.02	1.67	22.498247	19.981046	21.101104	0.555875
13.85	21.41	25.98	30.89	3.02	1.68	22.505927	19.986113	21.107554	0.555902
13.86	21.41	25.99	30.90	3.02	1.68	22.513602	19.991180	21.114002	0.555928
13.86	21.41	26.00	30.91	3.02	1.68	22.521273	19.996245	21.120447	0.555954
13.86	21.41	26.00	30.92	3.02	1.68	22.528939	20.001310	21.126889	0.555980
13.86	21.41	26.01	30.92	3.02	1.68	22.536601	20.006375	21.133328	0.556006
13.87	21.41	26.02	30.93	3.02	1.68	22.544258	20.011438	21.139765	0.556032
13.87	21.41	26.03	30.94	3.02	1.68	22.551910	20.016500	21.146200	0.556058
13.87	21.41	26.04	30.94	3.02	1.68	22.559558	20.021562	21.152631	0.556084
13.88	21.41	26.05	30.95	3.02	1.68	22.567201	20.026623	21.159061	0.556110
13.88	21.41	26.06	30.96	3.02	1.68	22.574840	20.031683	21.165487	0.556136
13.88	21.41	26.07	30.96	3.02	1.68	22.582474	20.036742	21.171911	0.556162
13.88	21.41	26.08	30.97	3.02	1.68	22.590104	20.041800	21.178332	0.556188
13.89	21.41	26.09	30.98	3.02	1.68	22.597729	20.046857	21.184751	0.556213
13.89	21.41	26.10	30.98	3.02	1.68	22.605349	20.051913	21.191167	0.556239
13.89	21.41	26.11	30.99	3.02	1.68	22.612965	20.056969	21.197580	0.556265
13.89	21.41	26.12	31.00	3.02	1.68	22.620576	20.062024	21.203991	0.556291
13.90	21.41	26.13	31.00	3.02	1.68	22.628182	20.067077	21.210399	0.556316
13.90	21.41	26.14	31.01	3.02	1.68	22.635784	20.072130	21.216804	0.556342
13.90	21.41	26.15	31.02	3.02	1.68	22.643381	20.077182	21.223206	0.556367
13.91	21.41	26.15	31.02	3.02	1.68	22.650973	20.082233	21.229606	0.556393
13.91	21.41	26.16	31.03	3.02	1.68	22.658561	20.087283	21.236004	0.556418
13.91	21.41	26.17	31.04	3.02	1.68	22.666144	20.092333	21.242398	0.556443
13.91	21.41	26.18	31.04	3.02	1.69	22.673723	20.097381	21.248790	0.556469
13.92	21.41	26.19	31.05	3.03	1.69	22.681297	20.102428	21.255179	0.556494
13.92	21.41	26.20	31.06	3.03	1.69	22.688866	20.107475	21.261566	0.556519
13.92	21.41	26.21	31.06	3.03	1.69	22.696430	20.112520	21.267949	0.556545
13.93	21.41	26.22	31.07	3.03	1.69	22.703990	20.117565	21.274330	0.556570
13.93	21.41	26.23	31.08	3.03	1.69	22.711545	20.122608	21.280709	0.556595
13.93	21.41	26.24	31.08	3.03	1.69	22.719095	20.127651	21.287084	0.556620
13.93	21.41	26.25	31.09	3.03	1.69	22.726641	20.132693	21.293457	0.556645
13.94	21.41	26.26	31.10	3.03	1.69	22.734182	20.137734	21.299827	0.556670
13.94	21.41	26.26	31.10	3.03	1.69	22.741718	20.142774	21.306194	0.556695
13.94	21.41	26.27	31.11	3.03	1.69	22.749249	20.147812	21.312559	0.556720
13.94	21.41	26.28	31.12	3.03	1.69	22.756776	20.152850	21.318921	0.556745
13.95	21.41	26.29	31.12	3.03	1.69	22.764298	20.157887	21.325280	0.556770
13.95	21.41	26.30	31.13	3.03	1.69	22.771815	20.162923	21.331636	0.556794
13.95	21.41	26.31	31.14	3.03	1.69	22.779327	20.167958	21.337989	0.556819
13.96	21.41	26.32	31.14	3.03	1.69	22.786835	20.172992	21.344340	0.556844
13.96	21.41	26.33	31.15	3.03	1.69	22.794338	20.178025	21.350688	0.556869
13.96	21.41	26.34	31.16	3.03	1.69	22.801836	20.183057	21.357033	0.556893
13.96	21.41	26.35	31.16	3.03	1.69	22.809329	20.188088	21.363375	0.556918
13.97	21.41	26.36	31.17	3.03	1.69	22.816817	20.193118	21.369715	0.556942
13.97	21.41	26.36	31.18	3.03	1.69	22.824301	20.198147	21.376051	0.556967
13.97	21.41	26.37	31.18	3.03	1.69	22.831780	20.203175	21.382385	0.556991
13.97	21.41	26.38	31.19	3.03	1.69	22.839254	20.208202	21.388716	0.557016
13.98	21.41	26.39	31.19	3.03	1.70	22.846723	20.213228	21.395045	0.557040
13.98	21.41	26.40	31.20	3.03	1.70	22.854188	20.218253	21.401370	0.557065
13.98	21.41	26.41	31.21	3.03	1.70	22.861647	20.223277	21.407693	0.557089
13.99	21.41	26.42	31.21	3.03	1.70	22.869102	20.228299	21.414012	0.557113
13.99	21.41	26.43	31.22	3.03	1.70	22.876552	20.233321	21.420329	0.557137
13.99	21.41	26.44	31.23	3.03	1.70	22.883997	20.238342	21.426643	0.557162
13.99	21.41	26.45	31.23	3.03	1.70	22.891437	20.243361	21.432954	0.557186
14.00	21.41	26.45	31.24	3.03	1.70	22.898872	20.248380	21.439263	0.557210
14.00	21.41	26.46	31.24	3.03	1.70	22.906303	20.253398	21.445568	0.557234
14.00	21.41	26.47	31.25	3.03	1.70	22.913729	20.258414	21.451870	0.557258
14.01	21.41	26.48	31.26	3.03	1.70	22.921149	20.263429	21.458170	0.557282
14.01	21.41	26.49	31.26	3.03	1.70	22.928565	20.268444	21.464467	0.557306
14.01	21.41	26.50	31.27	3.03	1.70	22.935976	20.273457	21.470761	0.557330
14.01	21.41	26.51	31.28	3.03	1.70	22.943382	20.278469	21.477052	0.557354
14.02	21.41	26.52	31.28	3.03	1.70	22.950783	20.283480	21.483340	0.557377
14.02	21.41	26.53	31.29	3.03	1.70	22.958179	20.288490	21.489625	0.557401
14.02	21.41	26.53	31.29	3.03	1.70	22.965571	20.293499	21.495907	0.557425
14.03	21.41	26.54	31.30	3.03	1.70	22.972957	20.298507	21.502186	0.557449
14.03	21.41	26.55	31.31	3.03	1.70	22.980338	20.303514	21.508463	0.557472
14.03	21.41	26.56	31.31	3.03	1.70	22.987715	20.308519	21.514736	0.557496
14.03	21.41	26.57	31.32	3.03	1.70	22.995086	20.313524	21.521007	0.557520
14.04	21.41	26.58	31.32	3.03	1.70	23.002453	20.318527	21.527274	0.557543
14.04	21.41	26.59	31.33	3.03	1.70	23.009814	20.323529	21.533539	0.557567
14.04	21.41	26.60	31.34	3.03	1.70	23.017171	20.328530	21.539801	0.557590
14.04	21.41	26.60	31.34	3.03	1.71	23.024523	20.333530	21.546059	0.557613
14.05	21.41	26.61	31.35	3.03	1.71	23.031869	20.338529	21.552315	0.557637
14.05	21.41	26.62	31.36	3.03	1.71	23.039211	20.343526	21.558568	0.557660
14.05	21.41	26.63	31.36	3.03	1.71	23.046548	20.348523	21.564818	0.557684
14.06	21.41	26.64	31.37	3.03	1.71	23.053880	20.353518	21.571065	0.557707
14.06	21.41	26.65	31.37	3.03	1.71	23.061206	20.358512	21.577308	0.557730
14.06	21.41	26.66	31.38	3.04	1.71	23.068528	20.363505	21.583549	0.557753
14.06	21.41	26.67	31.38	3.04	1.71	23.075845	20.368497	21.589787	0.557776
14.07	21.41	26.67	31.39	3.04	1.71	23.083156	20.373488	21.596022	0.557799
14.07	21.41	26.68	31.40	3.04	1.71	23.090463	20.378477	21.602254	0.557823
14.07	21.41	26.69	31.40	3.04	1.71	23.097765	20.383466	21.608483	0.557846
14.07	21.41	26.70	31.41	3.04	1.71	23.105061	20.388453	21.614708	0.557869
14.08	21.41	26.71	31.41	3.04	1.71	23.112353	20.393439	21.620931	0.557892
14.08	21.41	26.72	31.42	3.04	1.71	23.119639	20.398424	21.627151	0.557914
14.08	21.41	26.73	31.43	3.04	1.71	23.126921	20.403407	21.633368	0.557937
14.09	21.41	26.73	31.43	3.04	1.71	23.134197	20.408389	21.639581	0.557960
14.09	21.41	26.74	31.44	3.04	1.71	23.141468	20.413371	21.645792	0.557983
14.09	21.41	26.75	31.44	3.04	1.71	23.148735	20.418351	21.651999	0.558006
14.09	21.41	26.76	31.45	3.04	1.71	23.155996	20.423329	21.658204	0.558028
14.10	21.41	26.77	31.46	3.04	1.71	23.163252	20.428307	21.664405	0.558051
14.10	21.41	26.78	31.46	3.04	1.71	23.170503	20.433283	21.670604	0.558074
14.10	21.41	26.79	31.47	3.04	1.71	23.177749	20.438258	21.676799	0.558096
14.11	21.41	26.79	31.47	3.04	1.71	23.184989	20.443232	21.682991	0.558119
14.11	21.41	26.80	31.48	3.04	1.71	23.192225	20.448204	21.689181	0.558141
14.11	21.41	26.81	31.48	3.04	1.71	23.199455	20.453176	21.695367	0.558164
14.11	21.41	26.82	31.49	3.04	1.72	23.206681	20.458146	21.701550	0.558186
14.12	21.41	26.83	31.50	3.04	1.72	23.213901	20.463114	21.707729	0.558209
14.12	21.41	26.84	31.50	3.04	1.72	23.221116	20.468082	21.713906	0.558231
14.12	21.41	26.85	31.51	3.04	1.72	23.228326	20.473048	21.720080	0.558254
14.12	21.41	26.85	31.51	3.04	1.72	23.235531	20.478013	21.726250	0.558276
14.13	21.41	26.86	31.52	3.04	1.72	23.242731	20.482977	21.732418	0.558298
14.13	21.41	26.87	31.52	3.04	1.72	23.249925	20.487939	21.738582	0.558320
14.13	21.41	26.88	31.53	3.04	1.72	23.257114	20.492901	21.744743	0.558343
14.14	21.41	26.89	31.53	3.04	1.72	23.264298	20.497860	21.750901	0.558365
14.14	21.41	26.90	31.54	3.04	1.72	23.271477	20.502819	21.757056	0.558387
14.14	21.41	26.90	31.55	3.04	1.72	23.278651	20.507776	21.763208	0.558409
14.14	21.41	26.91	31.55	3.04	1.72	23.285820	20.512732	21.769356	0.558431
14.15	21.41	26.92	31.56	3.04	1.72	23.292983	20.517687	21.775502	0.558453
14.15	21.41	26.93	31.56	3.04	1.72	23.300141	20.522640	21.781644	0.558475
14.15	21.41	26.94	31.57	3.04	1.72	23.307294	20.527592	21.787783	0.558497
14.16	21.41	26.95	31.57	3.04	1.72	23.314442	20.532543	21.793919	0.558519
14.16	21.41	26.95	31.58	3.04	1.72	23.321584	20.537493	21.800051	0.558541
14.16	21.41	26.96	31.58	3.04	1.72	23.328722	20.542441	21.806181	0.558562
14.16	21.41	26.97	31.59	3.04	1.72	23.335854	20.547387	21.812307	0.558584
14.17	21.41	26.98	31.59	3.04	1.72	23.342981	20.552333	21.818430	0.558606
14.17	21.41	26.99	31.60	3.04	1.72	23.350102	20.557277	21.824550	0.558628
14.17	21.41	27.00	31.61	3.04	1.72	23.357218	20.562220	21.830667	0.558649
14.18	21.41	27.00	31.61	3.04	1.72	23.364329	20.567161	21.836781	0.558671
14.18	21.41	27.01	31.62	3.04	1.72	23.371435	20.572101	21.842891	0.558692
14.18	21.41	27.02	31.62	3.04	1.72	23.378536	20.577040	21.848998	0.558714
14.18	21.41	27.03	31.63	3.04	1.72	23.385631	20.581977	21.855102	0.558735
14.19	21.41	27.04	31.63	3.04	1.72	23.392721	20.586913	21.861202	0.558757
14.19	21.41	27.04	31.64	3.04	1.73	23.399805	20.591848	21.867300	0.558778
14.19	21.41	27.05	31.64	3.04	1.73	23.406885	20.596781	21.873394	0.558800
14.19	21.41	27.06	31.65	3.04	1.73	23.413959	20.601713	21.879485	0.558821
14.20	21.41	27.07	31.65	3.04	1.73	23.421027	20.606643	21.885572	0.558842
14.20	21.41	27.08	31.66	3.04	1.73	23.428091	20.611572	21.891656	0.558864
14.20	21.41	27.09	31.66	3.04	1.73	23.435149	20.616500	21.897738	0.558885
14.21	21.41	27.09	31.67	3.04	1.73	23.442202	20.621426	21.903815	0.558906
14.21	21.41	27.10	31.67	3.05	1.73	23.449249	20.626351	21.909890	0.558927
14.21	21.41	27.11	31.68	3.05	1.73	23.456291	20.631274	21.915961	0.558948
14.21	21.41	27.12	31.68	3.05	1.73	23.463328	20.636196	21.922029	0.558970
14.22	21.41	27.13	31.69	3.05	1.73	23.470359	20.641117	21.928094	0.558991
14.22	21.41	27.13	31.70	3.05	1.73	23.477385	20.646036	21.934155	0.559012
14.22	21.41	27.14	31.70	3.05	1.73	23.484406	20.650954	21.940213	0.559033
14.22	21.41	27.15	31.71	3.05	1.73	23.491421	20.655870	21.946268	0.559054
14.23	21.41	27.16	31.71	3.05	1.73	23.498431	20.660785	21.952319	0.559074
14.23	21.41	27.17	31.72	3.05	1.73	23.505436	20.665698	21.958367	0.559095
14.23	21.41	27.17	31.72	3.05	1.73	23.512435	20.670610	21.964412	0.559116
14.24	21.41	27.18	31.73	3.05	1.73	23.519428	20.675521	21.970453	0.559137
14.24	21.41	27.19	31.73	3.05	1.73	23.526417	20.680430	21.976491	0.559158
14.24	21.41	27.20	31.74	3.05	1.73	23.533400	20.685338	21.982526	0.559178
14.24	21.41	27.21	31.74	3.05	1.73	23.540377	20.690244	21.988558	0.559199
14.25	21.41	27.21	31.75	3.05	1.73	23.547349	20.695148	21.994586	0.559220
14.25	21.41	27.22	31.75	3.05	1.73	23.554316	20.700052	22.000610	0.559240
14.25	21.41	27.23	31.76	3.05	1.73	23.561277	20.704953	22.006632	0.559261
14.26	21.41	27.24	31.76	3.05	1.73	23.568233	20.709854	22.012650	0.559282
14.26	21.41	27.25	31.77	3.05	1.73	23.575183	20.714752	22.018664	0.559302
14.26	21.41	27.25	31.77	3.05	1.73	23.582128	20.719650	22.024675	0.559322
14.26	21.41	27.26	31.78	3.05	1.73	23.589068	20.724545	22.030683	0.559343
14.27	21.41	27.27	31.78	3.05	1.73	23.596002	20.729440	22.036688	0.559363
14.27	21.41	27.28	31.79	3.05	1.74	23.602930	20.734333	22.042689	0.559384
14.27	21.41	27.29	31.79	3.05	1.74	23.609853	20.739224	22.048686	0.559404
14.28	21.41	27.29	31.80	3.05	1.74	23.616771	20.744114	22.054680	0.559424
14.28	21.41	27.30	31.80	3.05	1.74	23.623683	20.749002	22.060671	0.559445
14.28	21.41	27.31	31.81	3.05	1.74	23.630589	20.753889	22.066659	0.559465
14.28	21.41	27.32	31.81	3.05	1.74	23.637491	20.758774	22.072643	0.559485
14.29	21.41	27.32	31.81	3.05	1.74	23.644386	20.763657	22.078623	0.559505
14.29	21.41	27.33	31.82	3.05	1.74	23.651276	20.768539	22.084600	0.559525
14.29	21.41	27.34	31.82	3.05	1.74	23.658161	20.773420	22.090574	0.559545
14.29	21.41	27.35	31.83	3.05	1.74	23.665040	20.778299	22.096544	0.559565
14.30	21.41	27.36	31.83	3.05	1.74	23.671913	20.783177	22.102511	0.559585
14.30	21.41	27.36	31.84	3.05	1.74	23.678781	20.788053	22.108474	0.559605
14.30	21.41	27.37	31.84	3.05	1.74	23.685644	20.792927	22.114434	0.559625
14.31	21.41	27.38	31.85	3.05	1.74	23.692501	20.797800	22.120391	0.559645
14.31	21.41	27.39	31.85	3.05	1.74	23.699352	20.802671	22.126344	0.559665
14.31	21.41	27.39	31.86	3.05	1.74	23.706198	20.807541	22.132293	0.559685
14.31	21.41	27.40	31.86	3.05	1.74	23.713038	20.812409	22.138239	0.559705
14.32	21.41	27.41	31.87	3.05	1.74	23.719873	20.817275	22.144181	0.559724
14.32	21.41	27.42	31.87	3.05	1.74	23.726702	20.822140	22.150120	0.559744
14.32	21.41	27.43	31.88	3.05	1.74	23.733525	20.827004	22.156056	0.559764
14.32	21.41	27.43	31.88	3.05	1.74	23.740343	20.831865	22.161988	0.559783
14.33	21.41	27.44	31.89	3.05	1.74	23.747156	20.836725	22.167916	0.559803
14.33	21.41	27.45	31.89	3.05	1.74	23.753962	20.841584	22.173841	0.559822
14.33	21.41	27.46	31.89	3.05	1.74	23.760763	20.846441	22.179763	0.559842
14.34	21.41	27.46	31.90	3.05	1.74	23.767559	20.851296	22.185681	0.559862
14.34	21.41	27.47	31.90	3.05	1.74	23.774349	20.856150	22.191595	0.559881
14.34	21.41	27.48	31.91	3.05	1.74	23.781133	20.861002	22.197506	0.559900
14.34	21.41	27.49	31.91	3.05	1.74	23.787912	20.865853	22.203414	0.559920
14.35	21.41	27.49	31.92	3.05	1.74	23.794685	20.870701	22.209317	0.559939
14.35	21.41	27.50	31.92	3.05	1.74	23.801452	20.875549	22.215218	0.559958
14.35	21.41	27.51	31.93	3.05	1.74	23.808214	20.880394	22.221114	0.559978
14.36	21.41	27.52	31.93	3.05	1.75	23.814970	20.885238	22.227008	0.559997
14.36	21.41	27.52	31.93	3.05	1.75	23.821721	20.890080	22.232897	0.560016
14.36	21.41	27.53	31.94	3.06	1.75	23.828465	20.894921	22.238783	0.560035
14.36	21.41	27.54	31.94	3.06	1.75	23.835205	20.899760	22.244666	0.560055
14.37	21.41	27.55	31.95	3.06	1.75	23.841938	20.904597	22.250545	0.560074
14.37	21.41	27.55	31.95	3.06	1.75	23.848666	20.909433	22.256420	0.560093
14.37	21.41	27.56	31.96	3.06	1.75	23.855388	20.914267	22.262292	0.560112
14.38	21.41	27.57	31.96	3.06	1.75	23.862104	20.919099	22.268160	0.560131
14.38	21.41	27.58	31.97	3.06	1.75	23.868815	20.923930	22.274024	0.560150
14.38	21.41	27.58	31.97	3.06	1.75	23.875520	20.928759	22.279885	0.560169
14.38	21.41	27.59	31.97	3.06	1.75	23.882219	20.933586	22.285742	0.560188
14.39	21.41	27.60	31.98	3.06	1.75	23.888913	20.938411	22.291596	0.560206
14.39	21.41	27.61	31.98	3.06	1.75	23.895601	20.943235	22.297446	0.560225
14.39	21.41	27.61	31.99	3.06	1.75	23.902283	20.948057	22.303292	0.560244
14.39	21.41	27.62	31.99	3.06	1.75	23.908959	20.952878	22.309135	0.560263
14.40	21.41	27.63	32.00	3.06	1.75	23.915630	20.957697	22.314974	0.560281
14.40	21.41	27.63	32.00	3.06	1.75	23.922295	20.962514	22.320810	0.560300
14.40	21.41	27.64	32.00	3.06	1.75	23.928954	20.967329	22.326642	0.560319
14.41	21.41	27.65	32.01	3.06	1.75	23.935607	20.972142	22.332470	0.560337
14.41	21.41	27.66	32.01	3.06	1.75	23.942255	20.976954	22.338295	0.560356
14.41	21.41	27.66	32.02	3.06	1.75	23.948897	20.981764	22.344116	0.560375
14.41	21.41	27.67	32.02	3.06	1.75	23.955533	20.986573	22.349933	0.560393
14.42	21.41	27.68	32.02	3.06	1.75	23.962163	20.991379	22.355746	0.560412
14.42	21.41	27.69	32.03	3.06	1.75	23.968788	20.996184	22.361556	0.560430
14.42	21.41	27.69	32.03	3.06	1.75	23.975407	21.000987	22.367362	0.560448
14.43	21.41	27.70	32.04	3.06	1.75	23.982020	21.005789	22.373165	0.560467
14.43	21.41	27.71	32.04	3.06	1.75	23.988627	21.010588	22.378964	0.560485
14.43	21.41	27.71	32.05	3.06	1.75	23.995228	21.015386	22.384759	0.560503
14.43	21.41	27.72	32.05	3.06	1.75	24.001824	21.020182	22.390550	0.560522
14.44	21.41	27.73	32.05	3.06	1.75	24.008414	21.024977	22.396338	0.560540
14.44	21.41	27.74	32.06	3.06	1.75	24.014997	21.029769	22.402122	0.560558
14.44	21.41	27.74	32.06	3.06	1.75	24.021576	21.034560	22.407902	0.560576
14.44	21.41	27.75	32.07	3.06	1.75	24.028148	21.039349	22.413679	0.560594
14.45	21.41	27.76	32.07	3.06	1.75	24.034714	21.044136	22.419452	0.560612
14.45	21.41	27.76	32.07	3.06	1.76	24.041275	21.048922	22.425221	0.560631
14.45	21.41	27.77	32.08	3.06	1.76	24.047829	21.053705	22.430986	0.560649
14.46	21.41	27.78	32.08	3.06	1.76	24.054378	21.058487	22.436748	0.560667
14.46	21.41	27.79	32.09	3.06	1.76	24.060921	21.063267	22.442506	0.560684
14.46	21.41	27.79	32.09	3.06	1.76	24.067458	21.068045	22.448260	0.560702
14.46	21.41	27.80	32.09	3.06	1.76	24.073990	21.072821	22.454010	0.560720
14.47	21.41	27.81	32.10	3.06	1.76	24.080515	21.077596	22.459757	0.560738
14.47	21.41	27.81	32.10	3.06	1.76	24.087035	21.082369	22.465500	0.560756
14.47	21.41	27.82	32.10	3.06	1.76	24.093548	21.087140	22.471239	0.560774
14.47	21.41	27.83	32.11	3.06	1.76	24.100056	21.091909	22.476974	0.560791
14.48	21.41	27.84	32.11	3.06	1.76	24.106558	21.096676	22.482705	0.560809
14.48	21.41	27.84	32.12	3.06	1.76	24.113054	21.101441	22.488433	0.560827
14.48	21.41	27.85	32.12	3.06	1.76	24.119544	21.106205	22.494157	0.560844
14.49	21.41	27.86	32.12	3.06	1.76	24.126028	21.110966	22.499877	0.560862
14.49	21.41	27.86	32.13	3.06	1.76	24.132506	21.115726	22.505593	0.560880
14.49	21.41	27.87	32.13	3.06	1.76	24.138978	21.120484	22.511306	0.560897
14.49	21.41	27.88	32.13	3.06	1.76	24.145444	21.125240	22.517015	0.560915
14.50	21.41	27.88	32.14	3.06	1.76	24.151905	21.129994	22.522720	0.560932
14.50	21.41	27.89	32.14	3.06	1.76	24.158359	21.134747	22.528421	0.560950
14.50	21.41	27.90	32.15	3.06	1.76	24.164807	21.139497	22.534118	0.560967
14.51	21.41	27.91	32.15	3.06	1.76	24.171250	21.144246	22.539811	0.560984
14.51	21.41	27.91	32.15	3.06	1.76	24.177686	21.148992	22.545501	0.561002
14.51	21.41	27.92	32.16	3.06	1.76	24.184117	21.153737	22.551186	0.561019
14.51	21.41	27.93	32.16	3.06	1.76	24.190541	21.158480	22.556868	0.561036
14.52	21.41	27.93	32.16	3.07	1.76	24.196960	21.163221	22.562546	0.561054
14.52	21.41	27.94	32.17	3.07	1.76	24.203373	21.167960	22.568220	0.561071
14.52	21.41	27.95	32.17	3.07	1.76	24.209779	21.172697	22.573890	0.561088
14.53	21.41	27.95	32.17	3.07	1.76	24.216180	21.177433	22.579557	0.561105
14.53	21.41	27.96	32.18	3.07	1.76	24.222574	21.182166	22.585219	0.561122
14.53	21.41	27.97	32.18	3.07	1.76	24.228963	21.186897	22.590878	0.561139
14.53	21.41	27.97	32.19	3.07	1.76	24.235346	21.191627	22.596533	0.561156
14.54	21.41	27.98	32.19	3.07	1.76	24.241722	21.196355	22.602184	0.561173
14.54	21.41	27.99	32.19	3.07	1.76	24.248093	21.201080	22.607830	0.561190
14.54	21.41	27.99	32.20	3.07	1.76	24.254457	21.205804	22.613474	0.561207
14.54	21.41	28.00	32.20	3.07	1.76	24.260816	21.210526	22.619113	0.561224
14.55	21.41	28.01	32.20	3.07	1.76	24.267168	21.215245	22.624748	0.561241
14.55	21.41	28.01	32.21	3.07	1.76	24.273514	21.219963	22.630379	0.561258
14.55	21.41	28.02	32.21	3.07	1.77	24.279855	21.224679	22.636007	0.561274
14.56	21.41	28.03	32.21	3.07	1.77	24.286189	21.229393	22.641630	0.561291
14.56	21.41	28.03	32.22	3.07	1.77	24.292517	21.234105	22.647250	0.561308
14.56	21.41	28.04	32.22	3.07	1.77	24.298839	21.238815	22.652865	0.561325
14.56	21.41	28.05	32.22	3.07	1.77	24.305155	21.243523	22.658477	0.561341
14.57	21.41	28.05	32.23	3.07	1.77	24.311465	21.248229	22.664085	0.561358
14.57	21.41	28.06	32.23	3.07	1.77	24.317769	21.252933	22.669688	0.561375
14.57	21.41	28.07	32.23	3.07	1.77	24.324067	21.257635	22.675288	0.561391
14.57	21.41	28.07	32.24	3.07	1.77	24.330359	21.262336	22.680884	0.561408
14.58	21.41	28.08	32.24	3.07	1.77	24.336644	21.267034	22.686476	0.561424
14.58	21.41	28.09	32.24	3.07	1.77	24.342924	21.271730	22.692064	0.561441
14.58	21.41	28.09	32.25	3.07	1.77	24.349197	21.276424	22.697648	0.561457
14.59	21.41	28.10	32.25	3.07	1.77	24.355464	21.281116	22.703228	0.561473
14.59	21.41	28.11	32.25	3.07	1.77	24.361725	21.285806	22.708804	0.561490
14.59	21.41	28.11	32.26	3.07	1.77	24.367980	21.290494	22.714376	0.561506
14.59	21.41	28.12	32.26	3.07	1.77	24.374229	21.295180	22.719944	0.561522
14.60	21.41	28.13	32.26	3.07	1.77	24.380472	21.299864	22.725508	0.561539
14.60	21.41	28.13	32.27	3.07	1.77	24.386709	21.304546	22.731068	0.561555
14.60	21.41	28.14	32.27	3.07	1.77	24.392939	21.309226	22.736624	0.561571
14.61	21.41	28.15	32.27	3.07	1.77	24.399163	21.313904	22.742176	0.561587
14.61	21.41	28.15	32.28	3.07	1.77	24.405381	21.318580	22.747723	0.561603
14.61	21.41	28.16	32.28	3.07	1.77	24.411593	21.323253	22.753267	0.561619
14.61	21.41	28.17	32.28	3.07	1.77	24.417799	21.327925	22.758807	0.561635
14.62	21.41	28.17	32.28	3.07	1.77	24.423999	21.332595	22.764343	0.561651
14.62	21.41	28.18	32.29	3.07	1.77	24.430192	21.337263	22.769875	0.561667
14.62	21.41	28.18	32.29	3.07	1.77	24.436379	21.341928	22.775403	0.561683
14.62	21.41	28.19	32.29	3.07	1.77	24.442560	21.346592	22.780926	0.561699
14.63	21.41	28.20	32.30	3.07	1.77	24.448735	21.351253	22.786446	0.561715
14.63	21.41	28.20	32.30	3.07	1.77	24.454904	21.355912	22.791962	0.561731
14.63	21.41	28.21	32.30	3.07	1.77	24.461066	21.360570	22.797473	0.561747
14.64	21.41	28.22	32.31	3.07	1.77	24.467222	21.365225	22.802981	0.561763
14.64	21.41	28.22	32.31	3.07	1.77	24.473372	21.369878	22.808484	0.561778
14.64	21.41	28.23	32.31	3.07	1.77	24.479516	21.374529	22.813983	0.561794
14.64	21.41	28.24	32.31	3.07	1.77	24.485653	21.379178	22.819479	0.561810
14.65	21.41	28.24	32.32	3.07	1.77	24.491785	21.383825	22.824970	0.561825
14.65	21.41	28.25	32.32	3.07	1.77	24.497910	21.388469	22.830457	0.561841
14.65	21.41	28.25	32.32	3.07	1.77	24.504028	21.393112	22.835940	0.561857
14.66	21.41	28.26	32.33	3.07	1.77	24.510141	21.397752	22.841418	0.561872
14.66	21.41	28.27	32.33	3.07	1.77	24.516247	21.402391	22.846893	0.561888
14.66	21.41	28.27	32.33	3.07	1.77	24.522347	21.407027	22.852364	0.561903
14.66	21.41	28.28	32.33	3.07	1.77	24.528441	21.411661	22.857830	0.561919
14.67	21.41	28.29	32.34	3.07	1.77	24.534528	21.416293	22.863293	0.561934
14.67	21.41	28.29	32.34	3.07	1.78	24.540610	21.420923	22.868751	0.561949
14.67	21.41	28.30	32.34	3.07	1.78	24.546684	21.425550	22.874205	0.561965
14.68	21.41	28.30	32.35	3.07	1.78	24.552753	21.430176	22.879655	0.561980
14.68	21.41	28.31	32.35	3.07	1.78	24.558815	21.434799	22.885101	0.561995
14.68	21.41	28.32	32.35	3.08	1.78	24.564871	21.439420	22.890543	0.562011
14.68	21.41	28.32	32.35	3.08	1.78	24.570921	21.444039	22.895980	0.562026
14.69	21.41	28.33	32.36	3.08	1.78	24.576964	21.448656	22.901413	0.562041
14.69	21.41	28.33	32.36	3.08	1.78	24.583001	21.453271	22.906843	0.562056
14.69	21.41	28.34	32.36	3.08	1.78	24.589032	21.457883	22.912268	0.562071
14.69	21.41	28.35	32.37	3.08	1.78	24.595056	21.462494	22.917689	0.562086
14.70	21.41	28.35	32.37	3.08	1.78	24.601074	21.467102	22.923105	0.562101
14.70	21.41	28.36	32.37	3.08	1.78	24.607086	21.471708	22.928518	0.562116
14.70	21.41	28.36	32.37	3.08	1.78	24.613092	21.476312	22.933926	0.562131
14.71	21.41	28.37	32.38	3.08	1.78	24.619091	21.480913	22.939330	0.562146
14.71	21.41	28.38	32.38	3.08	1.78	24.625083	21.485513	22.944730	0.562161
14.71	21.41	28.38	32.38	3.08	1.78	24.631070	21.490110	22.950126	0.562176
14.71	21.41	28.39	32.38	3.08	1.78	24.637049	21.494705	22.955518	0.562191
14.72	21.41	28.39	32.39	3.08	1.78	24.643023	21.499298	22.960905	0.562206
14.72	21.41	28.40	32.39	3.08	1.78	24.648990	21.503888	22.966288	0.562221
14.72	21.41	28.41	32.39	3.08	1.78	24.654951	21.508477	22.971667	0.562235
14.72	21.41	28.41	32.39	3.08	1.78	24.660906	21.513063	22.977042	0.562250
14.73	21.41	28.42	32.40	3.08	1.78	24.666854	21.517647	22.982412	0.562265
14.73	21.41	28.42	32.40	3.08	1.78	24.672795	21.522228	22.987778	0.562280
14.73	21.41	28.43	32.40	3.08	1.78	24.678730	21.526808	22.993140	0.562294
14.74	21.41	28.44	32.40	3.08	1.78	24.684659	21.531385	22.998498	0.562309
14.74	21.41	28.44	32.41	3.08	1.78	24.690582	21.535960	23.003851	0.562323
14.74	21.41	28.45	32.41	3.08	1.78	24.696498	21.540533	23.009201	0.562338
14.74	21.41	28.45	32.41	3.08	1.78	24.702407	21.545103	23.014546	0.562352
14.75	21.41	28.46	32.41	3.08	1.78	24.708310	21.549671	23.019886	0.562367
14.75	21.41	28.47	32.42	3.08	1.78	24.714207	21.554237	23.025223	0.562381
14.75	21.41	28.47	32.42	3.08	1.78	24.720097	21.558801	23.030555	0.562396
14.76	21.41	28.48	32.42	3.08	1.78	24.725981	21.563362	23.035883	0.562410
14.76	21.41	28.48	32.42	3.08	1.78	24.731859	21.567921	23.041206	0.562424
14.76	21.41	28.49	32.42	3.08	1.78	24.737730	21.572478	23.046526	0.562439
14.76	21.41	28.49	32.43	3.08	1.78	24.743594	21.577033	23.051841	0.562453
14.77	21.41	28.50	32.43	3.08	1.78	24.749452	21.581585	23.057151	0.562467
14.77	21.41	28.51	32.43	3.08	1.78	24.755304	21.586135	23.062458	0.562481
14.77	21.41	28.51	32.43	3.08	1.78	24.761149	21.590683	23.067760	0.562495
14.78	21.41	28.52	32.44	3.08	1.78	24.766987	21.595228	23.073058	0.562510
14.78	21.41	28.52	32.44	3.08	1.78	24.772819	21.599771	23.078351	0.562524
14.78	21.41	28.53	32.44	3.08	1.78	24.778645	21.604312	23.083640	0.562538
14.78	21.41	28.54	32.44	3.08	1.78	24.784464	21.608850	23.088925	0.562552
14.79	21.41	28.54	32.44	3.08	1.78	24.790277	21.613386	23.094206	0.562566
14.79	21.41	28.55	32.45	3.08	1.78	24.796083	21.617920	23.099482	0.562580
14.79	21.41	28.55	32.45	3.08	1.78	24.801882	21.622452	23.104754	0.562594
14.79	21.41	28.56	32.45	3.08	1.78	24.807675	21.626981	23.110021	0.562608
14.80	21.41	28.56	32.45	3.08	1.78	24.813462	21.631508	23.115284	0.562622
14.80	21.41	28.57	32.46	3.08	1.78	24.819242	21.636032	23.120543	0.562635
14.80	21.41	28.57	32.46	3.08	1.79	24.825015	21.640554	23.125798	0.562649
14.81	21.41	28.58	32.46	3.08	1.79	24.830782	21.645074	23.131048	0.562663
14.81	21.41	28.59	32.46	3.08	1.79	24.836543	21.649592	23.136293	0.562677
14.81	21.41	28.59	32.46	3.08	1.79	24.842297	21.654107	23.141535	0.562690
14.81	21.41	28.60	32.47	3.08	1.79	24.848044	21.658619	23.146772	0.562704
14.82	21.41	28.60	32.47	3.08	1.79	24.853785	21.663130	23.152004	0.562718
14.82	21.41	28.61	32.47	3.08	1.79	24.859519	21.667638	23.157232	0.562731
14.82	21.41	28.61	32.47	3.08	1.79	24.865247	21.672143	23.162456	0.562745
14.82	21.41	28.62	32.47	3.08	1.79	24.870968	21.676647	23.167676	0.562759
14.83	21.41	28.62	32.48	3.08	1.79	24.876682	21.681148	23.172891	0.562772
14.83	21.41	28.63	32.48	3.08	1.79	24.882390	21.685646	23.178101	0.562786
14.83	21.41	28.64	32.48	3.08	1.79	24.888091	21.690142	23.183307	0.562799
14.84	21.41	28.64	32.48	3.08	1.79	24.893786	21.694636	23.188509	0.562812
14.84	21.41	28.65	32.48	3.08	1.79	24.899474	21.699127	23.193706	0.562826
14.84	21.41	28.65	32.49	3.08	1.79	24.905156	21.703616	23.198899	0.562839
14.84	21.41	28.66	32.49	3.08	1.79	24.910831	21.708103	23.204088	0.562853
14.85	21.41	28.66	32.49	3.08	1.79	24.916499	21.712587	23.209272	0.562866
14.85	21.41	28.67	32.49	3.08	1.79	24.922161	21.717068	23.214452	0.562879
14.85	21.41	28.67	32.49	3.09	1.79	24.927816	21.721548	23.219627	0.562892
14.86	21.41	28.68	32.49	3.09	1.79	24.933464	21.726025	23.224798	0.562905
14.86	21.41	28.68	32.50	3.09	1.79	24.939106	21.730499	23.229964	0.562919
14.86	21.41	28.69	32.50	3.09	1.79	24.944741	21.734971	23.235126	0.562932
14.86	21.41	28.69	32.50	3.09	1.79	24.950370	21.739441	23.240283	0.562945
14.87	21.41	28.70	32.50	3.09	1.79	24.955992	21.743908	23.245436	0.562958
14.87	21.41	28.71	32.50	3.09	1.79	24.961607	21.748372	23.250584	0.562971
14.87	21.41	28.71	32.51	3.09	1.79	24.967216	21.752835	23.255728	0.562984
14.88	21.41	28.72	32.51	3.09	1.79	24.972817	21.757294	23.260868	0.562997
14.88	21.41	28.72	32.51	3.09	1.79	24.978413	21.761752	23.266003	0.563010
14.88	21.41	28.73	32.51	3.09	1.79	24.984001	21.766207	23.271133	0.563023
14.88	21.41	28.73	32.51	3.09	1.79	24.989583	21.770659	23.276259	0.563036
14.89	21.41	28.74	32.51	3.09	1.79	24.995158	21.775109	23.281381	0.563049
14.89	21.41	28.74	32.52	3.09	1.79	25.000727	21.779556	23.286498	0.563061
14.89	21.41	28.75	32.52	3.09	1.79	25.006289	21.784001	23.291610	0.563074
14.89	21.41	28.75	32.52	3.09	1.79	25.011844	21.788444	23.296718	0.563087
14.90	21.41	28.76	32.52	3.09	1.79	25.017392	21.792884	23.301822	0.563100
14.90	21.41	28.76	32.52	3.09	1.79	25.022934	21.797322	23.306921	0.563112
14.90	21.41	28.77	32.52	3.09	1.79	25.028469	21.801757	23.312015	0.563125
14.91	21.41	28.77	32.52	3.09	1.79	25.033998	21.806189	23.317105	0.563138
14.91	21.41	28.78	32.53	3.09	1.79	25.039519	21.810619	23.322190	0.563150
14.91	21.41	28.78	32.53	3.09	1.79	25.045034	21.815047	23.327271	0.563163
14.91	21.41	28.79	32.53	3.09	1.79	25.050542	21.819472	23.332348	0.563175
14.92	21.41	28.79	32.53	3.09	1.79	25.056044	21.823894	23.337419	0.563188
14.92	21.41	28.80	32.53	3.09	1.79	25.061538	21.828314	23.342487	0.563200
14.92	21.41	28.80	32.53	3.09	1.79	25.067026	21.832732	23.347549	0.563213
14.93	21.41	28.81	32.54	3.09	1.79	25.072507	21.837147	23.352607	0.563225
14.93	21.41	28.81	32.54	3.09	1.79	25.077982	21.841559	23.357661	0.563237
14.93	21.41	28.82	32.54	3.09	1.79	25.083449	21.845969	23.362710	0.563250
14.93	21.41	28.82	32.54	3.09	1.79	25.088910	21.850377	23.367754	0.563262
14.94	21.41	28.83	32.54	3.09	1.79	25.094364	21.854782	23.372794	0.563274
14.94	21.41	28.83	32.54	3.09	1.79	25.099812	21.859184	23.377829	0.563286
14.94	21.41	28.84	32.54	3.09	1.79	25.105252	21.863584	23.382860	0.563299
14.94	21.41	28.84	32.54	3.09	1.79	25.110686	21.867981	23.387886	0.563311
14.95	21.41	28.85	32.55	3.09	1.79	25.116113	21.872375	23.392907	0.563323
14.95	21.41	28.85	32.55	3.09	1.79	25.121533	21.876767	23.397924	0.563335
14.95	21.41	28.86	32.55	3.09	1.79	25.126947	21.881157	23.402936	0.563347
14.96	21.41	28.86	32.55	3.09	1.79	25.132353	21.885544	23.407944	0.563359
14.96	21.41	28.87	32.55	3.09	1.79	25.137753	21.889928	23.412947	0.563371
14.96	21.41	28.87	32.55	3.09	1.79	25.143146	21.894310	23.417945	0.563383
14.96	21.41	28.88	32.55	3.09	1.80	25.148532	21.898689	23.422939	0.563395
14.97	21.41	28.88	32.55	3.09	1.80	25.153912	21.903066	23.427928	0.563407
14.97	21.41	28.89	32.56	3.09	1.80	25.159284	21.907440	23.432912	0.563419
14.97	21.41	28.89	32.56	3.09	1.80	25.164650	21.911811	23.437892	0.563431
14.97	21.41	28.90	32.56	3.09	1.80	25.170009	21.916180	23.442867	0.563443
14.98	21.41	28.90	32.56	3.09	1.80	25.175361	21.920546	23.447838	0.563454
14.98	21.41	28.91	32.56	3.09	1.80	25.180706	21.924910	23.452804	0.563466
14.98	21.41	28.91	32.56	3.09	1.80	25.186044	21.929271	23.457765	0.563478
14.99	21.41	28.92	32.56	3.09	1.80	25.191375	21.933630	23.462721	0.563490
14.99	21.41	28.92	32.56	3.09	1.80	25.196700	21.937985	23.467673	0.563501
14.99	21.41	28.93	32.56	3.09	1.80	25.202018	21.942339	23.472620	0.563513
14.99	21.41	28.93	32.57	3.09	1.80	25.207329	21.946689	23.477563	0.563524
15.00	21.41	28.94	32.57	3.09	1.80	25.212633	21.951037	23.482501	0.563536
15.00	21.41	28.94	32.57	3.09	1.80	25.217930	21.955382	23.487434	0.563547
15.00	21.41	28.95	32.57	3.09	1.80	25.223220	21.959725	23.492363	0.563559
15.01	21.41	28.95	32.57	3.09	1.80	25.228503	21.964065	23.497286	0.563570
15.01	21.41	28.96	32.57	3.09	1.80	25.233780	21.968402	23.502205	0.563582
15.01	21.41	28.96	32.57	3.09	1.80	25.239049	21.972737	23.507120	0.563593
15.01	21.41	28.96	32.57	3.09	1.80	25.244312	21.977069	23.512030	0.563605
15.02	21.41	28.97	32.57	3.09	1.80	25.249567	21.981398	23.516935	0.563616
15.02	21.41	28.97	32.57	3.09	1.80	25.254816	21.985725	23.521835	0.563627
15.02	21.41	28.98	32.58	3.09	1.80	25.260058	21.990049	23.526730	0.563639
15.03	21.41	28.98	32.58	3.09	1.80	25.265293	21.994371	23.531621	0.563650
15.03	21.41	28.99	32.58	3.09	1.80	25.270521	21.998689	23.536507	0.563661
15.03	21.41	28.99	32.58	3.09	1.80	25.275742	22.003005	23.541389	0.563672
15.03	21.41	29.00	32.58	3.10	1.80	25.280956	22.007319	23.546265	0.563683
15.04	21.41	29.00	32.58	3.10	1.80	25.286164	22.011629	23.551137	0.563694
15.04	21.41	29.01	32.58	3.10	1.80	25.291364	22.015937	23.556004	0.563706
15.04	21.41	29.01	32.58	3.10	1.80	25.296557	22.020243	23.560867	0.563717
15.04	21.41	29.02	32.58	3.10	1.80	25.301744	22.024545	23.565724	0.563728
15.05	21.41	29.02	32.58	3.10	1.80	25.306923	22.028845	23.570577	0.563739
15.05	21.41	29.02	32.58	3.10	1.80	25.312096	22.033142	23.575425	0.563750
15.05	21.41	29.03	32.58	3.10	1.80	25.317261	22.037437	23.580269	0.563761
15.06	21.41	29.03	32.59	3.10	1.80	25.322420	22.041729	23.585107	0.563771
15.06	21.41	29.04	32.59	3.10	1.80	25.327571	22.046018	23.589941	0.563782
15.06	21.41	29.04	32.59	3.10	1.80	25.332716	22.050304	23.594770	0.563793
15.06	21.41	29.05	32.59	3.10	1.80	25.337853	22.054587	23.599594	0.563804
15.07	21.41	29.05	32.59	3.10	1.80	25.342984	22.058868	23.604414	0.563815
15.07	21.41	29.06	32.59	3.10	1.80	25.348107	22.063146	23.609229	0.563825
15.07	21.41	29.06	32.59	3.10	1.80	25.353224	22.067422	23.614038	0.563836
15.07	21.41	29.06	32.59	3.10	1.80	25.358334	22.071694	23.618843	0.563847
15.08	21.41	29.07	32.59	3.10	1.80	25.363436	22.075964	23.623644	0.563857
15.08	21.41	29.07	32.59	3.10	1.80	25.368532	22.080231	23.628439	0.563868
15.08	21.41	29.08	32.59	3.10	1.80	25.373620	22.084496	23.633230	0.563879
15.09	21.41	29.08	32.59	3.10	1.80	25.378702	22.088757	23.638016	0.563889
15.09	21.41	29.09	32.59	3.10	1.80	25.383776	22.093016	23.642797	0.563900
15.09	21.41	29.09	32.59	3.10	1.80	25.388844	22.097272	23.647573	0.563910
15.09	21.41	29.09	32.59	3.10	1.80	25.393904	22.101526	23.652344	0.563921
15.10	21.41	29.10	32.59	3.10	1.80	25.398957	22.105776	23.657111	0.563931
15.10	21.41	29.10	32.59	3.10	1.80	25.404004	22.110024	23.661872	0.563941
15.10	21.41	29.11	32.60	3.10	1.80	25.409043	22.114269	23.666629	0.563952
15.11	21.41	29.11	32.60	3.10	1.80	25.414075	22.118511	23.671381	0.563962
15.11	21.41	29.12	32.60	3.10	1.80	25.419100	22.122751	23.676128	0.563972
15.11	21.41	29.12	32.60	3.10	1.80	25.424118	22.126987	23.680870	0.563983
15.11	21.41	29.12	32.60	3.10	1.80	25.429129	22.131221	23.685608	0.563993
15.12	21.41	29.13	32.60	3.10	1.80	25.434133	22.135452	23.690340	0.564003
15.12	21.41	29.13	32.60	3.10	1.80	25.439130	22.139680	23.695068	0.564013
15.12	21.41	29.14	32.60	3.10	1.80	25.444120	22.143906	23.699790	0.564023
15.12	21.41	29.14	32.60	3.10	1.80	25.449103	22.148128	23.704508	0.564033
15.13	21.41	29.15	32.60	3.10	1.80	25.454078	22.152348	23.709221	0.564044
15.13	21.41	29.15	32.60	3.10	1.80	25.459047	22.156565	23.713929	0.564054
15.13	21.41	29.15	32.60	3.10	1.80	25.464008	22.160779	23.718633	0.564064
15.14	21.41	29.16	32.60	3.10	1.80	25.468963	22.164991	23.723331	0.564074
15.14	21.41	29.16	32.60	3.10	1.80	25.473910	22.169199	23.728024	0.564084
15.14	21.41	29.17	32.60	3.10	1.80	25.478850	22.173405	23.732713	0.564093
15.14	21.41	29.17	32.60	3.10	1.80	25.483783	22.177608	23.737396	0.564103
15.15	21.41	29.17	32.60	3.10	1.80	25.488709	22.181808	23.742075	0.564113
15.15	21.41	29.18	32.60	3.10	1.80	25.493627	22.186005	23.746749	0.564123
15.15	21.41	29.18	32.60	3.10	1.80	25.498539	22.190199	23.751418	0.564133
15.16	21.41	29.19	32.60	3.10	1.80	25.503444	22.194390	23.756082	0.564143
15.16	21.41	29.19	32.60	3.10	1.80	25.508341	22.198579	23.760741	0.564152
15.16	21.41	29.19	32.60	3.10	1.80	25.513231	22.202765	23.765395	0.564162
15.16	21.41	29.20	32.60	3.10	1.80	25.518114	22.206947	23.770044	0.564172
15.17	21.41	29.20	32.60	3.10	1.80	25.522990	22.211127	23.774688	0.564181
15.17	21.41	29.21	32.60	3.10	1.80	25.527859	22.215304	23.779327	0.564191
15.17	21.41	29.21	32.60	3.10	1.80	25.532720	22.219478	23.783961	0.564200
15.18	21.41	29.21	32.60	3.10	1.80	25.537575	22.223650	23.788591	0.564210
15.18	21.41	29.22	32.60	3.10	1.80	25.542422	22.227818	23.793215	0.564219
15.18	21.41	29.22	32.60	3.10	1.80	25.547262	22.231984	23.797834	0.564229
15.18	21.41	29.23	32.60	3.10	1.80	25.552095	22.236146	23.802449	0.564238
15.19	21.41	29.23	32.60	3.10	1.81	25.556920	22.240306	23.807058	0.564248
15.19	21.41	29.23	32.60	3.10	1.81	25.561739	22.244463	23.811663	0.564257
15.19	21.41	29.24	32.60	3.10	1.81	25.566550	22.248617	23.816262	0.564267
15.19	21.41	29.24	32.60	3.10	1.81	25.571354	22.252768	23.820857	0.564276
15.20	21.41	29.24	32.60	3.10	1.81	25.576151	22.256916	23.825446	0.564285
15.20	21.41	29.25	32.60	3.10	1.81	25.580941	22.261061	23.830031	0.564294
15.20	21.41	29.25	32.60	3.10	1.81	25.585723	22.265203	23.834610	0.564304
15.21	21.41	29.26	32.60	3.10	1.81	25.590498	22.269343	23.839185	0.564313
15.21	21.41	29.26	32.60	3.10	1.81	25.595266	22.273479	23.843754	0.564322
15.21	21.41	29.26	32.60	3.10	1.81	25.600027	22.277612	23.848319	0.564331
15.21	21.41	29.27	32.60	3.10	1.81	25.604781	22.281743	23.852878	0.564340
15.22	21.41	29.27	32.60	3.10	1.81	25.609527	22.285870	23.857433	0.564349
15.22	21.41	29.28	32.60	3.10	1.81	25.614266	22.289995	23.861982	0.564358
15.22	21.41	29.28	32.60	3.10	1.81	25.618998	22.294117	23.866526	0.564367
15.22	21.41	29.28	32.60	3.11	1.81	25.623723	22.298235	23.871066	0.564376
15.23	21.41	29.29	32.60	3.11	1.81	25.628440	22.302351	23.875600	0.564385
15.23	21.41	29.29	32.60	3.11	1.81	25.633150	22.306464	23.880129	0.564394
15.23	21.41	29.29	32.60	3.11	1.81	25.637853	22.310574	23.884654	0.564403
15.24	21.41	29.30	32.60	3.11	1.81	25.642549	22.314681	23.889173	0.564412
15.24	21.41	29.30	32.60	3.11	1.81	25.647237	22.318785	23.893687	0.564421
15.24	21.41	29.30	32.60	3.11	1.81	25.651918	22.322886	23.898196	0.564429
15.24	21.41	29.31	32.60	3.11	1.81	25.656592	22.326984	23.902700	0.564438
15.25	21.41	29.31	32.60	3.11	1.81	25.661259	22.331078	23.907199	0.564447
15.25	21.41	29.32	32.60	3.11	1.81	25.665918	22.335170	23.911693	0.564455
15.25	21.41	29.32	32.60	3.11	1.81	25.670570	22.339259	23.916182	0.564464
15.26	21.41	29.32	32.60	3.11	1.81	25.675214	22.343345	23.920666	0.564473
15.26	21.41	29.33	32.60	3.11	1.81	25.679852	22.347428	23.925144	0.564481
15.26	21.41	29.33	32.60	3.11	1.81	25.684482	22.351508	23.929618	0.564490
15.26	21.41	29.33	32.60	3.11	1.81	25.689105	22.355585	23.934086	0.564498
15.27	21.41	29.34	32.60	3.11	1.81	25.693720	22.359659	23.938550	0.564507
15.27	21.41	29.34	32.60	3.11	1.81	25.698328	22.363730	23.943008	0.564515
15.27	21.41	29.34	32.60	3.11	1.81	25.702929	22.367798	23.947461	0.564524
15.28	21.41	29.35	32.59	3.11	1.81	25.707523	22.371863	23.951909	0.564532
15.28	21.41	29.35	32.59	3.11	1.81	25.712109	22.375925	23.956352	0.564541
15.28	21.41	29.35	32.59	3.11	1.81	25.716688	22.379984	23.960790	0.564549
15.28	21.41	29.36	32.59	3.11	1.81	25.721259	22.384040	23.965223	0.564557
15.29	21.41	29.36	32.59	3.11	1.81	25.725823	22.388092	23.969650	0.564566
15.29	21.41	29.36	32.59	3.11	1.81	25.730380	22.392142	23.974073	0.564574
15.29	21.41	29.37	32.59	3.11	1.81	25.734930	22.396189	23.978490	0.564582
15.29	21.41	29.37	32.59	3.11	1.81	25.739472	22.400233	23.982903	0.564590
15.30	21.41	29.37	32.59	3.11	1.81	25.744007	22.404273	23.987310	0.564598
15.30	21.41	29.38	32.59	3.11	1.81	25.748534	22.408311	23.991712	0.564606
15.30	21.41	29.38	32.59	3.11	1.81	25.753054	22.412345	23.996108	0.564614
15.31	21.41	29.38	32.59	3.11	1.81	25.757567	22.416377	24.000500	0.564623
15.31	21.41	29.39	32.59	3.11	1.81	25.762072	22.420405	24.004887	0.564631
15.31	21.41	29.39	32.59	3.11	1.81	25.766570	22.424430	24.009268	0.564639
15.31	21.41	29.39	32.59	3.11	1.81	25.771061	22.428452	24.013644	0.564647
15.32	21.41	29.40	32.59	3.11	1.81	25.775544	22.432472	24.018015	0.564654
15.32	21.41	29.40	32.59	3.11	1.81	25.780020	22.436488	24.022381	0.564662
15.32	21.41	29.40	32.58	3.11	1.81	25.784488	22.440501	24.026742	0.564670
15.32	21.41	29.41	32.58	3.11	1.81	25.788949	22.444510	24.031097	0.564678
15.33	21.41	29.41	32.58	3.11	1.81	25.793403	22.448517	24.035448	0.564686
15.33	21.41	29.41	32.58	3.11	1.81	25.797849	22.452521	24.039793	0.564694
15.33	21.41	29.42	32.58	3.11	1.81	25.802288	22.456522	24.044133	0.564701
15.34	21.41	29.42	32.58	3.11	1.81	25.806719	22.460519	24.048467	0.564709
15.34	21.41	29.42	32.58	3.11	1.81	25.811143	22.464513	24.052797	0.564717
15.34	21.41	29.43	32.58	3.11	1.81	25.815560	22.468505	24.057121	0.564724
15.34	21.41	29.43	32.58	3.11	1.81	25.819969	22.472493	24.061440	0.564732
15.35	21.41	29.43	32.58	3.11	1.81	25.824371	22.476478	24.065754	0.564740
15.35	21.41	29.44	32.58	3.11	1.81	25.828765	22.480460	24.070063	0.564747
15.35	21.41	29.44	32.58	3.11	1.81	25.833152	22.484438	24.074367	0.564755
15.36	21.41	29.44	32.57	3.11	1.81	25.837531	22.488414	24.078665	0.564762
15.36	21.41	29.44	32.57	3.11	1.81	25.841903	22.492387	24.082958	0.564770
15.36	21.41	29.45	32.57	3.11	1.81	25.846268	22.496356	24.087246	0.564777
15.36	21.41	29.45	32.57	3.11	1.81	25.850625	22.500322	24.091528	0.564784
15.37	21.41	29.45	32.57	3.11	1.81	25.854974	22.504285	24.095806	0.564792
15.37	21.41	29.46	32.57	3.11	1.81	25.859316	22.508245	24.100078	0.564799
15.37	21.41	29.46	32.57	3.11	1.81	25.863651	22.512202	24.104345	0.564806
15.38	21.41	29.46	32.57	3.11	1.81	25.867978	22.516156	24.108606	0.564814
15.38	21.41	29.47	32.57	3.11	1.81	25.872298	22.520106	24.112863	0.564821
15.38	21.41	29.47	32.57	3.11	1.81	25.876610	22.524053	24.117114	0.564828
15.38	21.41	29.47	32.56	3.11	1.81	25.880915	22.527998	24.121360	0.564835
15.39	21.41	29.47	32.56	3.11	1.81	25.885213	22.531939	24.125600	0.564842
15.39	21.41	29.48	32.56	3.11	1.81	25.889502	22.535876	24.129835	0.564850
15.39	21.41	29.48	32.56	3.11	1.81	25.893785	22.539811	24.134066	0.564857
15.39	21.41	29.48	32.56	3.11	1.81	25.898059	22.543742	24.138290	0.564864
15.40	21.41	29.49	32.56	3.11	1.81	25.902327	22.547671	24.142510	0.564871
15.40	21.41	29.49	32.56	3.11	1.81	25.906587	22.551596	24.146724	0.564878
15.40	21.41	29.49	32.56	3.11	1.81	25.910839	22.555517	24.150933	0.564885
15.41	21.41	29.49	32.56	3.11	1.81	25.915084	22.559436	24.155137	0.564892
15.41	21.41	29.50	32.55	3.11	1.81	25.919321	22.563352	24.159335	0.564898
15.41	21.41	29.50	32.55	3.11	1.81	25.923551	22.567264	24.163528	0.564905
15.41	21.41	29.50	32.55	3.11	1.81	25.927773	22.571173	24.167716	0.564912
15.42	21.41	29.51	32.55	3.11	1.81	25.931988	22.575079	24.171898	0.564919
15.42	21.41	29.51	32.55	3.11	1.81	25.936195	22.578981	24.176075	0.564926
15.42	21.41	29.51	32.55	3.11	1.81	25.940395	22.582881	24.180247	0.564932
15.43	21.41	29.51	32.55	3.11	1.81	25.944587	22.586777	24.184413	0.564939
15.43	21.41	29.52	32.55	3.11	1.81	25.948771	22.590670	24.188574	0.564946
15.43	21.41	29.52	32.54	3.11	1.81	25.952949	22.594560	24.192730	0.564952
15.43	21.41	29.52	32.54	3.12	1.81	25.957118	22.598446	24.196881	0.564959
15.44	21.41	29.53	32.54	3.12	1.81	25.961280	22.602329	24.201026	0.564966
15.44	21.41	29.53	32.54	3.12	1.81	25.965434	22.606209	24.205166	0.564972
15.44	21.41	29.53	32.54	3.12	1.81	25.969581	22.610086	24.209300	0.564979
15.44	21.41	29.53	32.54	3.12	1.81	25.973720	22.613960	24.213429	0.564985
15.45	21.41	29.54	32.54	3.12	1.81	25.977852	22.617830	24.217553	0.564992
15.45	21.41	29.54	32.53	3.12	1.81	25.981976	22.621697	24.221672	0.564998
15.45	21.41	29.54	32.53	3.12	1.81	25.986093	22.625561	24.225785	0.565004
15.46	21.41	29.54	32.53	3.12	1.81	25.990202	22.629421	24.229892	0.565011
15.46	21.41	29.55	32.53	3.12	1.81	25.994303	22.633278	24.233995	0.565017
15.46	21.41	29.55	32.53	3.12	1.81	25.998397	22.637132	24.238092	0.565023
15.46	21.41	29.55	32.53	3.12	1.81	26.002483	22.640983	24.242183	0.565030
15.47	21.41	29.55	32.53	3.12	1.81	26.006562	22.644831	24.246270	0.565036
15.47	21.41	29.56	32.52	3.12	1.81	26.010633	22.648675	24.250350	0.565042
15.47	21.41	29.56	32.52	3.12	1.81	26.014696	22.652515	24.254426	0.565048
15.47	21.41	29.56	32.52	3.12	1.81	26.018752	22.656353	24.258496	0.565054
15.48	21.41	29.56	32.52	3.12	1.81	26.022800	22.660187	24.262561	0.565060
15.48	21.41	29.57	32.52	3.12	1.81	26.026841	22.664018	24.266620	0.565066
15.48	21.41	29.57	32.52	3.12	1.81	26.030874	22.667846	24.270674	0.565073
15.49	21.41	29.57	32.51	3.12	1.81	26.034899	22.671670	24.274722	0.565079
15.49	21.41	29.57	32.51	3.12	1.81	26.038917	22.675491	24.278765	0.565084
15.49	21.41	29.58	32.51	3.12	1.81	26.042927	22.679309	24.282803	0.565090
15.49	21.41	29.58	32.51	3.12	1.81	26.046929	22.683124	24.286835	0.565096
15.50	21.41	29.58	32.51	3.12	1.81	26.050924	22.686935	24.290862	0.565102
15.50	21.41	29.58	32.51	3.12	1.81	26.054911	22.690743	24.294884	0.565108
15.50	21.41	29.59	32.50	3.12	1.81	26.058891	22.694547	24.298900	0.565114
15.51	21.41	29.59	32.50	3.12	1.81	26.062862	22.698348	24.302910	0.565120
15.51	21.41	29.59	32.50	3.12	1.81	26.066827	22.702146	24.306915	0.565125
15.51	21.41	29.59	32.50	3.12	1.81	26.070783	22.705941	24.310915	0.565131
15.51	21.41	29.60	32.50	3.12	1.81	26.074732	22.709732	24.314909	0.565137
15.52	21.41	29.60	32.50	3.12	1.81	26.078673	22.713520	24.318898	0.565143
15.52	21.41	29.60	32.49	3.12	1.81	26.082607	22.717304	24.322881	0.565148
15.52	21.41	29.60	32.49	3.12	1.81	26.086533	22.721085	24.326859	0.565154
15.53	21.41	29.60	32.49	3.12	1.81	26.090451	22.724863	24.330832	0.565159
15.53	21.41	29.61	32.49	3.12	1.81	26.094362	22.728637	24.334799	0.565165
15.53	21.41	29.61	32.49	3.12	1.81	26.098265	22.732408	24.338760	0.565170
15.53	21.41	29.61	32.48	3.12	1.81	26.102160	22.736176	24.342716	0.565176
15.54	21.41	29.61	32.48	3.12	1.81	26.106047	22.739940	24.346667	0.565181
15.54	21.41	29.62	32.48	3.12	1.81	26.109927	22.743701	24.350612	0.565187
15.54	21.41	29.62	32.48	3.12	1.81	26.113799	22.747459	24.354552	0.565192
15.54	21.41	29.62	32.48	3.12	1.81	26.117664	22.751213	24.358486	0.565197
15.55	21.41	29.62	32.47	3.12	1.81	26.121520	22.754964	24.362415	0.565203
15.55	21.41	29.62	32.47	3.12	1.81	26.125369	22.758712	24.366338	0.565208
15.55	21.41	29.63	32.47	3.12	1.81	26.129211	22.762456	24.370256	0.565213
15.56	21.41	29.63	32.47	3.12	1.81	26.133044	22.766196	24.374168	0.565218
15.56	21.41	29.63	32.47	3.12	1.81	26.136870	22.769934	24.378075	0.565224
15.56	21.41	29.63	32.46	3.12	1.81	26.140688	22.773667	24.381976	0.565229
15.56	21.41	29.64	32.46	3.12	1.81	26.144499	22.777398	24.385872	0.565234
15.57	21.41	29.64	32.46	3.12	1.81	26.148301	22.781125	24.389762	0.565239
15.57	21.41	29.64	32.46	3.12	1.81	26.152096	22.784849	24.393647	0.565244
15.57	21.41	29.64	32.46	3.12	1.81	26.155884	22.788569	24.397526	0.565249
15.57	21.41	29.64	32.45	3.12	1.81	26.159663	22.792286	24.401400	0.565254
15.58	21.41	29.65	32.45	3.12	1.81	26.163435	22.795999	24.405268	0.565259
15.58	21.41	29.65	32.45	3.12	1.81	26.167199	22.799709	24.409130	0.565264
15.58	21.41	29.65	32.45	3.12	1.81	26.170955	22.803416	24.412987	0.565269
15.59	21.41	29.65	32.45	3.12	1.81	26.174704	22.807119	24.416839	0.565274
15.59	21.41	29.65	32.44	3.12	1.81	26.178444	22.810819	24.420685	0.565279
15.59	21.41	29.66	32.44	3.12	1.81	26.182177	22.814515	24.424525	0.565283
15.59	21.41	29.66	32.44	3.12	1.81	26.185903	22.818208	24.428360	0.565288
15.60	21.41	29.66	32.44	3.12	1.81	26.189620	22.821897	24.432190	0.565293
15.60	21.41	29.66	32.43	3.12	1.81	26.193330	22.825583	24.436014	0.565298
15.60	21.41	29.66	32.43	3.12	1.81	26.197032	22.829266	24.439832	0.565302
15.61	21.41	29.67	32.43	3.12	1.81	26.200726	22.832945	24.443645	0.565307
15.61	21.41	29.67	32.43	3.12	1.81	26.204412	22.836620	24.447452	0.565312
15.61	21.41	29.67	32.43	3.12	1.81	26.208091	22.840293	24.451253	0.565316
15.61	21.41	29.67	32.42	3.12	1.81	26.211761	22.843961	24.455049	0.565321
15.62	21.41	29.67	32.42	3.12	1.81	26.215424	22.847626	24.458840	0.565325
15.62	21.41	29.67	32.42	3.12	1.81	26.219080	22.851288	24.462625	0.565330
15.62	21.41	29.68	32.42	3.12	1.81	26.222727	22.854946	24.466404	0.565334
15.62	21.41	29.68	32.41	3.12	1.81	26.226367	22.858601	24.470178	0.565339
15.63	21.41	29.68	32.41	3.12	1.81	26.229998	22.862253	24.473946	0.565343
15.63	21.41	29.68	32.41	3.12	1.81	26.233622	22.865900	24.477708	0.565347
15.63	21.41	29.68	32.41	3.12	1.81	26.237239	22.869545	24.481465	0.565352
15.64	21.41	29.69	32.40	3.12	1.81	26.240847	22.873186	24.485217	0.565356
15.64	21.41	29.69	32.40	3.12	1.81	26.244448	22.876823	24.488962	0.565360
15.64	21.41	29.69	32.40	3.12	1.81	26.248040	22.880457	24.492703	0.565364
15.64	21.41	29.69	32.40	3.12	1.81	26.251625	22.884087	24.496437	0.565369
15.65	21.41	29.69	32.39	3.12	1.81	26.255202	22.887714	24.500166	0.565373
15.65	21.41	29.69	32.39	3.12	1.81	26.258772	22.891337	24.503889	0.565377
15.65	21.41	29.70	32.39	3.12	1.81	26.262333	22.894957	24.507607	0.565381
15.66	21.41	29.70	32.39	3.12	1.81	26.265887	22.898574	24.511319	0.565385
15.66	21.41	29.70	32.38	3.12	1.81	26.269432	22.902186	24.515025	0.565389
15.66	21.41	29.70	32.38	3.12	1.81	26.272970	22.905796	24.518726	0.565393
15.66	21.41	29.70	32.38	3.12	1.81	26.276500	22.909401	24.522421	0.565397
15.67	21.41	29.70	32.38	3.13	1.81	26.280022	22.913004	24.526111	0.565401
15.67	21.41	29.71	32.37	3.13	1.81	26.283537	22.916602	24.529795	0.565405
15.67	21.41	29.71	32.37	3.13	1.81	26.287043	22.920198	24.533473	0.565409
15.68	21.41	29.71	32.37	3.13	1.81	26.290542	22.923789	24.537146	0.565413
15.68	21.41	29.71	32.37	3.13	1.81	26.294032	22.927377	24.540813	0.565417
15.68	21.41	29.71	32.36	3.13	1.81	26.297515	22.930962	24.544474	0.565420
15.68	21.41	29.71	32.36	3.13	1.81	26.300990	22.934543	24.548130	0.565424
15.69	21.41	29.71	32.36	3.13	1.81	26.304457	22.938120	24.551780	0.565428
15.69	21.41	29.72	32.35	3.13	1.81	26.307917	22.941694	24.555424	0.565432
15.69	21.41	29.72	32.35	3.13	1.81	26.311368	22.945265	24.559063	0.565435
15.69	21.41	29.72	32.35	3.13	1.81	26.314812	22.948831	24.562696	0.565439
15.70	21.41	29.72	32.35	3.13	1.81	26.318247	22.952395	24.566323	0.565442
15.70	21.41	29.72	32.34	3.13	1.81	26.321675	22.955954	24.569945	0.565446
15.70	21.41	29.72	32.34	3.13	1.81	26.325095	22.959510	24.573561	0.565450
15.71	21.41	29.72	32.34	3.13	1.81	26.328507	22.963063	24.577171	0.565453
15.71	21.41	29.73	32.34	3.13	1.81	26.331911	22.966612	24.580776	0.565456
15.71	21.41	29.73	32.33	3.13	1.81	26.335307	22.970157	24.584374	0.565460
15.71	21.41	29.73	32.33	3.13	1.81	26.338695	22.973699	24.587968	0.565463
15.72	21.41	29.73	32.33	3.13	1.81	26.342075	22.977237	24.591555	0.565467
15.72	21.41	29.73	32.32	3.13	1.81	26.345448	22.980772	24.595137	0.565470
15.72	21.41	29.73	32.32	3.13	1.81	26.348812	22.984303	24.598713	0.565473
15.72	21.41	29.73	32.32	3.13	1.81	26.352169	22.987830	24.602284	0.565477
15.73	21.41	29.74	32.32	3.13	1.81	26.355517	22.991354	24.605848	0.565480
15.73	21.41	29.74	32.31	3.13	1.81	26.358858	22.994874	24.609407	0.565483
15.73	21.41	29.74	32.31	3.13	1.81	26.362191	22.998390	24.612960	0.565486
15.74	21.41	29.74	32.31	3.13	1.81	26.365515	23.001903	24.616508	0.565489
15.74	21.41	29.74	32.30	3.13	1.81	26.368832	23.005413	24.620050	0.565493
15.74	21.41	29.74	32.30	3.13	1.81	26.372141	23.008918	24.623586	0.565496
15.74	21.41	29.74	32.30	3.13	1.81	26.375442	23.012421	24.627116	0.565499
15.75	21.41	29.74	32.29	3.13	1.81	26.378735	23.015919	24.630641	0.565502
15.75	21.41	29.75	32.29	3.13	1.81	26.382020	23.019414	24.634160	0.565505
15.75	21.41	29.75	32.29	3.13	1.81	26.385298	23.022905	24.637673	0.565508
15.76	21.41	29.75	32.28	3.13	1.81	26.388567	23.026393	24.641180	0.565511
15.76	21.41	29.75	32.28	3.13	1.81	26.391828	23.029877	24.644682	0.565513
15.76	21.41	29.75	32.28	3.13	1.81	26.395081	23.033357	24.648178	0.565516
15.76	21.41	29.75	32.28	3.13	1.81	26.398327	23.036834	24.651668	0.565519
15.77	21.41	29.75	32.27	3.13	1.81	26.401564	23.040307	24.655153	0.565522
15.77	21.41	29.75	32.27	3.13	1.81	26.404793	23.043776	24.658631	0.565525
15.77	21.41	29.76	32.27	3.13	1.81	26.408015	23.047242	24.662104	0.565527
15.78	21.41	29.76	32.26	3.13	1.81	26.411228	23.050704	24.665571	0.565530
15.78	21.41	29.76	32.26	3.13	1.81	26.414434	23.054162	24.669033	0.565533
15.78	21.41	29.76	32.26	3.13	1.81	26.417631	23.057617	24.672488	0.565535
15.78	21.41	29.76	32.25	3.13	1.81	26.420821	23.061068	24.675938	0.565538
15.79	21.41	29.76	32.25	3.13	1.81	26.424002	23.064515	24.679382	0.565541
15.79	21.41	29.76	32.25	3.13	1.81	26.427176	23.067959	24.682820	0.565543
15.79	21.41	29.76	32.24	3.13	1.81	26.430341	23.071399	24.686253	0.565546
15.79	21.41	29.76	32.24	3.13	1.81	26.433499	23.074836	24.689679	0.565548
15.80	21.41	29.76	32.24	3.13	1.81	26.436648	23.078268	24.693100	0.565551
15.80	21.41	29.77	32.23	3.13	1.81	26.439790	23.081697	24.696515	0.565553
15.80	21.41	29.77	32.23	3.13	1.81	26.442923	23.085123	24.699924	0.565555
15.81	21.41	29.77	32.23	3.13	1.81	26.446048	23.088544	24.703328	0.565558
15.81	21.41	29.77	32.22	3.13	1.81	26.449166	23.091962	24.706726	0.565560
15.81	21.41	29.77	32.22	3.13	1.81	26.452275	23.095376	24.710117	0.565562
15.81	21.41	29.77	32.22	3.13	1.81	26.455377	23.098787	24.713504	0.565565
15.82	21.41	29.77	32.21	3.13	1.81	26.458470	23.102194	24.716884	0.565567
15.82	21.41	29.77	32.21	3.13	1.81	26.461556	23.105597	24.720258	0.565569
15.82	21.41	29.77	32.21	3.13	1.81	26.464633	23.108996	24.723627	0.565571
15.82	21.41	29.77	32.20	3.13	1.81	26.467702	23.112392	24.726990	0.565573
15.83	21.41	29.77	32.20	3.13	1.81	26.470763	23.115784	24.730346	0.565575
15.83	21.41	29.78	32.20	3.13	1.81	26.473817	23.119172	24.733698	0.565577
15.83	21.41	29.78	32.19	3.13	1.81	26.476862	23.122557	24.737043	0.565579
15.84	21.41	29.78	32.19	3.13	1.81	26.479899	23.125938	24.740382	0.565581
15.84	21.41	29.78	32.18	3.13	1.81	26.482928	23.129315	24.743716	0.565583
15.84	21.41	29.78	32.18	3.13	1.81	26.485949	23.132688	24.747044	0.565585
15.84	21.41	29.78	32.18	3.13	1.81	26.488962	23.136058	24.750366	0.565587
15.85	21.41	29.78	32.17	3.13	1.81	26.491967	23.139423	24.753682	0.565589
15.85	21.41	29.78	32.17	3.13	1.81	26.494964	23.142786	24.756992	0.565591
15.85	21.41	29.78	32.17	3.13	1.81	26.497953	23.146144	24.760296	0.565593
15.86	21.41	29.78	32.16	3.13	1.81	26.500934	23.149499	24.763595	0.565595
15.86	21.41	29.78	32.16	3.13	1.81	26.503906	23.152849	24.766887	0.565596
15.86	21.41	29.78	32.16	3.13	1.81	26.506871	23.156197	24.770174	0.565598
15.86	21.41	29.78	32.15	3.13	1.81	26.509828	23.159540	24.773455	0.565600
15.87	21.41	29.78	32.15	3.13	1.81	26.512776	23.162879	24.776730	0.565601
15.87	21.41	29.79	32.14	3.13	1.81	26.515716	23.166215	24.779999	0.565603
15.87	21.41	29.79	32.14	3.13	1.81	26.518649	23.169547	24.783262	0.565604
15.88	21.41	29.79	32.14	3.13	1.81	26.521573	23.172876	24.786520	0.565606
15.88	21.41	29.79	32.13	3.13	1.81	26.524489	23.176200	24.789771	0.565608
15.88	21.41	29.79	32.13	3.13	1.81	26.527397	23.179521	24.793017	0.565609
15.88	21.41	29.79	32.13	3.13	1.81	26.530297	23.182838	24.796257	0.565610
15.89	21.41	29.79	32.12	3.13	1.81	26.533189	23.186151	24.799491	0.565612
15.89	21.41	29.79	32.12	3.13	1.81	26.536073	23.189460	24.802718	0.565613
15.89	21.41	29.79	32.11	3.13	1.81	26.538948	23.192766	24.805941	0.565615
15.89	21.41	29.79	32.11	3.13	1.81	26.541816	23.196068	24.809157	0.565616
15.90	21.41	29.79	32.11	3.13	1.81	26.544675	23.199366	24.812367	0.565617
15.90	21.41	29.79	32.10	3.13	1.81	26.547527	23.202660	24.815571	0.565618
15.90	21.41	29.79	32.10	3.13	1.81	26.550370	23.205950	24.818770	0.565620
15.91	21.41	29.79	32.10	3.13	1.81	26.553205	23.209237	24.821962	0.565621
15.91	21.41	29.79	32.09	3.13	1.81	26.556032	23.212520	24.825149	0.565622
15.91	21.41	29.79	32.09	3.13	1.81	26.558851	23.215799	24.828329	0.565623
15.91	21.41	29.79	32.08	3.13	1.81	26.561662	23.219074	24.831504	0.565624
15.92	21.41	29.79	32.08	3.13	1.81	26.564464	23.222345	24.834673	0.565625
15.92	21.41	29.79	32.08	3.13	1.81	26.567259	23.225613	24.837836	0.565626
15.92	21.41	29.79	32.07	3.13	1.81	26.570045	23.228876	24.840993	0.565627
15.93	21.41	29.80	32.07	3.13	1.81	26.572823	23.232136	24.844144	0.565628
15.93	21.41	29.80	32.06	3.13	1.81	26.575594	23.235392	24.847289	0.565629
15.93	21.41	29.80	32.06	3.13	1.81	26.578355	23.238645	24.850428	0.565630
15.93	21.41	29.80	32.06	3.13	1.81	26.581109	23.241893	24.853561	0.565631
15.94	21.41	29.80	32.05	3.14	1.81	26.583855	23.245137	24.856689	0.565632
15.94	21.41	29.80	32.05	3.14	1.81	26.586592	23.248378	24.859810	0.565632
15.94	21.41	29.80	32.04	3.14	1.81	26.589322	23.251615	24.862925	0.565633
15.94	21.41	29.80	32.04	3.14	1.81	26.592043	23.254848	24.866035	0.565634
15.95	21.41	29.80	32.04	3.14	1.81	26.594756	23.258077	24.869138	0.565635
15.95	21.41	29.80	32.03	3.14	1.81	26.597461	23.261302	24.872236	0.565635
15.95	21.41	29.80	32.03	3.14	1.81	26.600158	23.264524	24.875327	0.565636
15.96	21.41	29.80	32.02	3.14	1.81	26.602846	23.267741	24.878413	0.565637
15.96	21.41	29.80	32.02	3.14	1.81	26.605527	23.270955	24.881492	0.565637
15.96	21.41	29.80	32.01	3.14	1.81	26.608199	23.274165	24.884566	0.565638
15.96	21.41	29.80	32.01	3.14	1.81	26.610863	23.277371	24.887633	0.565638
15.97	21.41	29.80	32.01	3.14	1.81	26.613519	23.280573	24.890695	0.565639
15.97	21.41	29.80	32.00	3.14	1.81	26.616166	23.283771	24.893751	0.565639
15.97	21.41	29.80	32.00	3.14	1.81	26.618806	23.286966	24.896800	0.565639
15.97	21.41	29.80	31.99	3.14	1.81	26.621437	23.290156	24.899844	0.565640
15.98	21.41	29.80	31.99	3.14	1.81	26.624060	23.293343	24.902882	0.565640
15.98	21.41	29.80	31.98	3.14	1.81	26.626675	23.296525	24.905913	0.565640
15.98	21.41	29.80	31.98	3.14	1.81	26.629282	23.299704	24.908939	0.565641
15.99	21.41	29.80	31.98	3.14	1.81	26.631881	23.302879	24.911959	0.565641
15.99	21.41	29.80	31.97	3.14	1.81	26.634471	23.306050	24.914972	0.565641
15.99	21.41	29.80	31.97	3.14	1.81	26.637053	23.309217	24.917980	0.565641
15.99	21.41	29.80	31.96	3.14	1.81	26.639627	23.312380	24.920982	0.565642
16.00	21.41	29.80	31.96	3.14	1.81	26.642193	23.315540	24.923977	0.565642
16.00	21.41	29.80	31.95	3.14	1.81	26.644750	23.318695	24.926967	0.565642
16.00	21.41	29.80	31.95	3.14	1.81	26.647300	23.321846	24.929951	0.565642
16.01	21.41	29.80	31.94	3.14	1.81	26.649841	23.324994	24.932928	0.565642
16.01	21.41	29.80	31.94	3.14	1.81	26.652374	23.328138	24.935900	0.565642
16.01	21.41	29.80	31.94	3.14	1.81	26.654899	23.331277	24.938866	0.565642
16.01	21.41	29.80	31.93	3.14	1.81	26.657415	23.334413	24.941825	0.565642
16.02	21.41	29.80	31.93	3.14	1.81	26.659923	23.337545	24.944779	0.565641
16.02	21.41	29.80	31.92	3.14	1.81	26.662423	23.340673	24.947726	0.565641
16.02	21.41	29.80	31.92	3.14	1.81	26.664915	23.343797	24.950668	0.565641
16.02	21.41	29.80	31.91	3.14	1.81	26.667399	23.346917	24.953603	0.565641
16.03	21.41	29.80	31.91	3.14	1.81	26.669874	23.350033	24.956532	0.565641
16.03	21.41	29.80	31.90	3.14	1.81	26.672341	23.353145	24.959456	0.565640
16.03	21.41	29.80	31.90	3.14	1.81	26.674800	23.356254	24.962373	0.565640
16.04	21.41	29.80	31.90	3.14	1.81	26.677251	23.359358	24.965284	0.565640
16.04	21.41	29.80	31.89	3.14	1.81	26.679693	23.362458	24.968189	0.565639
16.04	21.41	29.80	31.89	3.14	1.81	26.682127	23.365555	24.971088	0.565639
16.04	21.41	29.80	31.88	3.14	1.80	26.684553	23.368647	24.973981	0.565638
16.05	21.41	29.80	31.88	3.14	1.80	26.686971	23.371736	24.976868	0.565638
16.05	21.41	29.80	31.87	3.14	1.80	26.689380	23.374820	24.979749	0.565637
16.05	21.41	29.80	31.87	3.14	1.80	26.691781	23.377901	24.982624	0.565637
16.06	21.41	29.80	31.86	3.14	1.80	26.694174	23.380977	24.985493	0.565636
16.06	21.41	29.80	31.86	3.14	1.80	26.696559	23.384050	24.988356	0.565636
16.06	21.41	29.80	31.85	3.14	1.80	26.698936	23.387119	24.991212	0.565635
16.06	21.41	29.80	31.85	3.14	1.80	26.701304	23.390183	24.994063	0.565634
16.07	21.41	29.80	31.85	3.14	1.80	26.703664	23.393244	24.996907	0.565634
16.07	21.41	29.80	31.84	3.14	1.80	26.706016	23.396301	24.999746	0.565633
16.07	21.41	29.80	31.84	3.14	1.80	26.708359	23.399353	25.002578	0.565632
16.07	21.41	29.80	31.83	3.14	1.80	26.710695	23.402402	25.005404	0.565631
16.08	21.41	29.80	31.83	3.14	1.80	26.713022	23.405447	25.008224	0.565630
16.08	21.41	29.80	31.82	3.14	1.80	26.715341	23.408488	25.011038	0.565629
16.08	21.41	29.80	31.82	3.14	1.80	26.717651	23.411524	25.013846	0.565629
16.09	21.41	29.80	31.81	3.14	1.80	26.719954	23.414557	25.016648	0.565628
16.09	21.41	29.80	31.81	3.14	1.80	26.722248	23.417586	25.019444	0.565627
16.09	21.41	29.80	31.80	3.14	1.80	26.724534	23.420611	25.022234	0.565626
16.09	21.41	29.80	31.80	3.14	1.80	26.726812	23.423631	25.025018	0.565625
16.10	21.41	29.80	31.80	3.14	1.80	26.729082	23.426648	25.027795	0.565624
16.10	21.41	29.80	31.79	3.14	1.80	26.731343	23.429661	25.030567	0.565622
16.10	21.41	29.80	31.79	3.14	1.80	26.733597	23.432670	25.033332	0.565621
16.11	21.41	29.80	31.78	3.14	1.80	26.735842	23.435674	25.036091	0.565620
16.11	21.41	29.80	31.78	3.14	1.80	26.738079	23.438675	25.038844	0.565619
16.11	21.41	29.80	31.77	3.14	1.80	26.740308	23.441672	25.041591	0.565618
16.11	21.41	29.80	31.77	3.14	1.80	26.742528	23.444664	25.044332	0.565616
16.12	21.41	29.80	31.76	3.14	1.80	26.744741	23.447653	25.047067	0.565615
16.12	21.41	29.80	31.76	3.14	1.80	26.746945	23.450637	25.049796	0.565614
16.12	21.41	29.79	31.75	3.14	1.80	26.749141	23.453618	25.052519	0.565612
16.12	21.41	29.79	31.75	3.14	1.80	26.751330	23.456594	25.055235	0.565611
16.13	21.41	29.79	31.74	3.14	1.80	26.753510	23.459567	25.057946	0.565610
16.13	21.41	29.79	31.74	3.14	1.80	26.755681	23.462535	25.060650	0.565608
16.13	21.41	29.79	31.73	3.14	1.80	26.757845	23.465500	25.063349	0.565607
16.14	21.41	29.79	31.73	3.14	1.80	26.760001	23.468460	25.066041	0.565605
16.14	21.41	29.79	31.72	3.14	1.80	26.762148	23.471416	25.068727	0.565603
16.14	21.41	29.79	31.72	3.14	1.80	26.764288	23.474368	25.071407	0.565602
16.14	21.41	29.79	31.71	3.14	1.80	26.766419	23.477316	25.074081	0.565600
16.15	21.41	29.79	31.71	3.14	1.80	26.768542	23.480261	25.076749	0.565599
16.15	21.41	29.79	31.71	3.14	1.80	26.770657	23.483201	25.079411	0.565597
16.15	21.41	29.79	31.70	3.14	1.80	26.772765	23.486137	25.082066	0.565595
16.16	21.41	29.79	31.70	3.14	1.80	26.774864	23.489068	25.084716	0.565593
16.16	21.41	29.79	31.69	3.14	1.80	26.776955	23.491996	25.087359	0.565592
16.16	21.41	29.79	31.69	3.14	1.80	26.779038	23.494920	25.089997	0.565590
16.16	21.41	29.79	31.68	3.14	1.80	26.781112	23.497840	25.092628	0.565588
16.17	21.41	29.79	31.68	3.14	1.80	26.783179	23.500755	25.095253	0.565586
16.17	21.41	29.79	31.67	3.14	1.80	26.785238	23.503667	25.097872	0.565584
16.17	21.41	29.79	31.67	3.14	1.80	26.787289	23.506574	25.100485	0.565582
16.18	21.41	29.79	31.66	3.14	1.80	26.789332	23.509478	25.103092	0.565580
16.18	21.41	29.79	31.66	3.14	1.80	26.791367	23.512377	25.105693	0.565578
16.18	21.41	29.79	31.65	3.14	1.80	26.793393	23.515272	25.108288	0.565576
16.18	21.41	29.79	31.65	3.14	1.80	26.795412	23.518163	25.110877	0.565574
16.19	21.41	29.79	31.64	3.14	1.80	26.797423	23.521050	25.113459	0.565572
16.19	21.41	29.79	31.64	3.14	1.80	26.799426	23.523933	25.116036	0.565570
16.19	21.41	29.79	31.63	3.14	1.80	26.801421	23.526812	25.118606	0.565568
16.19	21.41	29.79	31.63	3.14	1.80	26.803408	23.529687	25.121171	0.565566
16.20	21.41	29.79	31.62	3.14	1.80	26.805387	23.532557	25.123729	0.565563
16.20	21.41	29.79	31.62	3.14	1.80	26.807358	23.535424	25.126281	0.565561
16.20	21.41	29.79	31.61	3.14	1.80	26.809321	23.538286	25.128827	0.565559
16.21	21.41	29.79	31.61	3.14	1.80	26.811276	23.541144	25.131367	0.565556
16.21	21.41	29.79	31.60	3.14	1.80	26.813223	23.543998	25.133901	0.565554
16.21	21.41	29.78	31.60	3.14	1.80	26.815162	23.546848	25.136429	0.565552
16.21	21.41	29.78	31.59	3.14	1.80	26.817094	23.549694	25.138951	0.565549
16.22	21.41	29.78	31.59	3.14	1.80	26.819017	23.552536	25.141467	0.565547
16.22	21.41	29.78	31.58	3.14	1.80	26.820933	23.555374	25.143977	0.565544
16.22	21.41	29.78	31.58	3.14	1.80	26.822840	23.558207	25.146480	0.565542
16.23	21.41	29.78	31.57	3.14	1.80	26.824740	23.561037	25.148978	0.565539
16.23	21.41	29.78	31.57	3.14	1.80	26.826632	23.563862	25.151470	0.565537
16.23	21.41	29.78	31.56	3.14	1.80	26.828516	23.566683	25.153955	0.565534
16.23	21.41	29.78	31.56	3.14	1.80	26.830392	23.569500	25.156435	0.565532
16.24	21.41	29.78	31.55	3.14	1.80	26.832260	23.572313	25.158908	0.565529
16.24	21.41	29.78	31.55	3.14	1.80	26.834121	23.575122	25.161375	0.565526
16.24	21.41	29.78	31.54	3.14	1.80	26.835973	23.577927	25.163837	0.565524
16.24	21.41	29.78	31.54	3.14	1.80	26.837818	23.580727	25.166292	0.565521
16.25	21.41	29.78	31.53	3.14	1.80	26.839655	23.583524	25.168741	0.565518
16.25	21.41	29.78	31.53	3.14	1.80	26.841484	23.586316	25.171185	0.565515
16.25	21.41	29.78	31.52	3.14	1.80	26.843306	23.589104	25.173622	0.565512
16.26	21.41	29.78	31.52	3.14	1.80	26.845119	23.591888	25.176053	0.565509
16.26	21.41	29.78	31.51	3.14	1.80	26.846925	23.594668	25.178478	0.565507
16.26	21.41	29.78	31.51	3.14	1.80	26.848723	23.597443	25.180897	0.565504
16.26	21.41	29.78	31.50	3.14	1.80	26.850513	23.600215	25.183310	0.565501
16.27	21.41	29.78	31.50	3.14	1.79	26.852295	23.602982	25.185717	0.565498
16.27	21.41	29.77	31.49	3.15	1.79	26.854070	23.605745	25.188118	0.565495
16.27	21.41	29.77	31.49	3.15	1.79	26.855837	23.608504	25.190513	0.565492
16.27	21.41	29.77	31.48	3.15	1.79	26.857596	23.611259	25.192902	0.565489
16.28	21.41	29.77	31.48	3.15	1.79	26.859347	23.614010	25.195285	0.565485
16.28	21.41	29.77	31.47	3.15	1.79	26.861091	23.616756	25.197662	0.565482
16.28	21.41	29.77	31.47	3.15	1.79	26.862827	23.619499	25.200033	0.565479
16.29	21.41	29.77	31.46	3.15	1.79	26.864555	23.622237	25.202397	0.565476
16.29	21.41	29.77	31.46	3.15	1.79	26.866275	23.624971	25.204756	0.565473
16.29	21.41	29.77	31.45	3.15	1.79	26.867988	23.627701	25.207109	0.565469
16.29	21.41	29.77	31.45	3.15	1.79	26.869693	23.630427	25.209456	0.565466
16.30	21.41	29.77	31.44	3.15	1.79	26.871390	23.633148	25.211797	0.565463
16.30	21.41	29.77	31.44	3.15	1.79	26.873080	23.635866	25.214132	0.565460
16.30	21.41	29.77	31.43	3.15	1.79	26.874762	23.638579	25.216460	0.565456
16.31	21.41	29.77	31.43	3.15	1.79	26.876436	23.641288	25.218783	0.565453
16.31	21.41	29.77	31.42	3.15	1.79	26.878103	23.643993	25.221100	0.565449
16.31	21.41	29.77	31.42	3.15	1.79	26.879761	23.646693	25.223411	0.565446
16.31	21.41	29.77	31.41	3.15	1.79	26.881413	23.649390	25.225716	0.565442
16.32	21.41	29.77	31.41	3.15	1.79	26.883056	23.652082	25.228015	0.565439
16.32	21.41	29.76	31.40	3.15	1.79	26.884692	23.654770	25.230308	0.565435
16.32	21.41	29.76	31.40	3.15	1.79	26.886321	23.657454	25.232594	0.565432
16.32	21.41	29.76	31.39	3.15	1.79	26.887941	23.660134	25.234875	0.565428
16.33	21.41	29.76	31.39	3.15	1.79	26.889554	23.662809	25.237150	0.565424
16.33	21.41	29.76	31.38	3.15	1.79	26.891160	23.665480	25.239419	0.565421
16.33	21.41	29.76	31.38	3.15	1.79	26.892758	23.668148	25.241682	0.565417
16.34	21.41	29.76	31.37	3.15	1.79	26.894348	23.670811	25.243939	0.565413
16.34	21.41	29.76	31.37	3.15	1.79	26.895931	23.673469	25.246191	0.565410
16.34	21.41	29.76	31.36	3.15	1.79	26.897506	23.676124	25.248436	0.565406
16.34	21.41	29.76	31.35	3.15	1.79	26.899073	23.678774	25.250675	0.565402
16.35	21.41	29.76	31.35	3.15	1.79	26.900633	23.681420	25.252908	0.565398
16.35	21.41	29.76	31.34	3.15	1.79	26.902185	23.684062	25.255135	0.565394
16.35	21.41	29.76	31.34	3.15	1.79	26.903730	23.686700	25.257357	0.565390
16.36	21.41	29.76	31.33	3.15	1.79	26.905267	23.689334	25.259572	0.565386
16.36	21.41	29.76	31.33	3.15	1.79	26.906797	23.691963	25.261781	0.565383
16.36	21.41	29.75	31.32	3.15	1.79	26.908319	23.694588	25.263985	0.565379
16.36	21.41	29.75	31.32	3.15	1.79	26.909834	23.697209	25.266182	0.565375
16.37	21.41	29.75	31.31	3.15	1.79	26.911341	23.699826	25.268374	0.565370
16.37	21.41	29.75	31.31	3.15	1.79	26.912840	23.702438	25.270559	0.565366
16.37	21.41	29.75	31.30	3.15	1.79	26.914332	23.705047	25.272739	0.565362
16.38	21.41	29.75	31.30	3.15	1.79	26.915817	23.707651	25.274913	0.565358
16.38	21.41	29.75	31.29	3.15	1.79	26.917294	23.710251	25.277081	0.565354
16.38	21.41	29.75	31.29	3.15	1.79	26.918763	23.712846	25.279243	0.565350
16.38	21.41	29.75	31.28	3.15	1.79	26.920225	23.715438	25.281399	0.565346
16.39	21.41	29.75	31.28	3.15	1.79	26.921680	23.718025	25.283549	0.565341
16.39	21.41	29.75	31.27	3.15	1.79	26.923127	23.720608	25.285693	0.565337
16.39	21.41	29.75	31.26	3.15	1.79	26.924567	23.723187	25.287831	0.565333
16.39	21.41	29.75	31.26	3.15	1.79	26.925999	23.725761	25.289963	0.565328
16.40	21.41	29.75	31.25	3.15	1.79	26.927423	23.728332	25.292090	0.565324
16.40	21.41	29.74	31.25	3.15	1.79	26.928841	23.730898	25.294210	0.565320
16.40	21.41	29.74	31.24	3.15	1.79	26.930250	23.733460	25.296325	0.565315
16.41	21.41	29.74	31.24	3.15	1.79	26.931653	23.736018	25.298433	0.565311
16.41	21.41	29.74	31.23	3.15	1.79	26.933048	23.738571	25.300536	0.565306
16.41	21.41	29.74	31.23	3.15	1.79	26.934435	23.741120	25.302633	0.565302
16.41	21.41	29.74	31.22	3.15	1.79	26.935815	23.743665	25.304724	0.565297
16.42	21.41	29.74	31.22	3.15	1.79	26.937188	23.746206	25.306809	0.565293
16.42	21.41	29.74	31.21	3.15	1.79	26.938553	23.748743	25.308888	0.565288
16.42	21.41	29.74	31.21	3.15	1.79	26.939911	23.751275	25.310962	0.565284
16.43	21.41	29.74	31.20	3.15	1.79	26.941262	23.753803	25.313029	0.565279
16.43	21.41	29.74	31.19	3.15	1.79	26.942605	23.756327	25.315091	0.565274
16.43	21.41	29.74	31.19	3.15	1.79	26.943940	23.758847	25.317146	0.565270
16.43	21.41	29.74	31.18	3.15	1.79	26.945269	23.761362	25.319196	0.565265
16.44	21.41	29.73	31.18	3.15	1.78	26.946590	23.763873	25.321240	0.565260
16.44	21.41	29.73	31.17	3.15	1.78	26.947903	23.766380	25.323278	0.565255
16.44	21.41	29.73	31.17	3.15	1.78	26.949210	23.768883	25.325310	0.565251
16.44	21.41	29.73	31.16	3.15	1.78	26.950509	23.771382	25.327337	0.565246
16.45	21.41	29.73	31.16	3.15	1.78	26.951800	23.773876	25.329357	0.565241
16.45	21.41	29.73	31.15	3.15	1.78	26.953084	23.776366	25.331372	0.565236
16.45	21.41	29.73	31.15	3.15	1.78	26.954361	23.778852	25.333380	0.565231
16.46	21.41	29.73	31.14	3.15	1.78	26.955631	23.781333	25.335383	0.565226
16.46	21.41	29.73	31.13	3.15	1.78	26.956893	23.783811	25.337380	0.565221
16.46	21.41	29.73	31.13	3.15	1.78	26.958148	23.786284	25.339372	0.565216
16.46	21.41	29.73	31.12	3.15	1.78	26.959396	23.788752	25.341357	0.565211
16.47	21.41	29.72	31.12	3.15	1.78	26.960636	23.791217	25.343336	0.565206
16.47	21.41	29.72	31.11	3.15	1.78	26.961869	23.793677	25.345310	0.565201
16.47	21.41	29.72	31.11	3.15	1.78	26.963095	23.796134	25.347278	0.565196
16.48	21.41	29.72	31.10	3.15	1.78	26.964314	23.798585	25.349240	0.565191
16.48	21.41	29.72	31.10	3.15	1.78	26.965525	23.801033	25.351196	0.565186
16.48	21.41	29.72	31.09	3.15	1.78	26.966729	23.803476	25.353146	0.565180
16.48	21.41	29.72	31.09	3.15	1.78	26.967926	23.805915	25.355091	0.565175
16.49	21.41	29.72	31.08	3.15	1.78	26.969115	23.808350	25.357030	0.565170
16.49	21.41	29.72	31.07	3.15	1.78	26.970297	23.810781	25.358962	0.565165
16.49	21.41	29.72	31.07	3.15	1.78	26.971472	23.813207	25.360889	0.565159
16.49	21.41	29.72	31.06	3.15	1.78	26.972640	23.815630	25.362811	0.565154
16.50	21.41	29.71	31.06	3.15	1.78	26.973801	23.818047	25.364726	0.565149
16.50	21.41	29.71	31.05	3.15	1.78	26.974954	23.820461	25.366636	0.565143
16.50	21.41	29.71	31.05	3.15	1.78	26.976100	23.822870	25.368539	0.565138
16.51	21.41	29.71	31.04	3.15	1.78	26.977239	23.825276	25.370437	0.565132
16.51	21.41	29.71	31.03	3.15	1.78	26.978370	23.827676	25.372330	0.565127
16.51	21.41	29.71	31.03	3.15	1.78	26.979495	23.830073	25.374216	0.565121
16.51	21.41	29.71	31.02	3.15	1.78	26.980612	23.832465	25.376097	0.565116
16.52	21.41	29.71	31.02	3.15	1.78	26.981722	23.834854	25.377971	0.565110
16.52	21.41	29.71	31.01	3.15	1.78	26.982825	23.837237	25.379840	0.565105
16.52	21.41	29.71	31.01	3.15	1.78	26.983921	23.839617	25.381704	0.565099
16.52	21.41	29.70	31.00	3.15	1.78	26.985009	23.841993	25.383561	0.565094
16.53	21.41	29.70	31.00	3.15	1.78	26.986091	23.844364	25.385413	0.565088
16.53	21.41	29.70	30.99	3.15	1.78	26.987165	23.846730	25.387258	0.565082
16.53	21.41	29.70	30.98	3.15	1.78	26.988232	23.849093	25.389099	0.565076
16.54	21.41	29.70	30.98	3.15	1.78	26.989292	23.851451	25.390933	0.565071
16.54	21.41	29.70	30.97	3.15	1.78	26.990344	23.853806	25.392761	0.565065
16.54	21.41	29.70	30.97	3.15	1.78	26.991390	23.856155	25.394584	0.565059
16.54	21.41	29.70	30.96	3.15	1.78	26.992429	23.858501	25.396401	0.565053
16.55	21.41	29.70	30.96	3.15	1.78	26.993460	23.860842	25.398212	0.565048
16.55	21.41	29.70	30.95	3.15	1.78	26.994484	23.863179	25.400018	0.565042
16.55	21.41	29.69	30.94	3.15	1.78	26.995501	23.865512	25.401818	0.565036
16.56	21.41	29.69	30.94	3.15	1.78	26.996511	23.867841	25.403612	0.565030
16.56	21.41	29.69	30.93	3.15	1.78	26.997514	23.870165	25.405400	0.565024
16.56	21.41	29.69	30.93	3.15	1.78	26.998510	23.872485	25.407182	0.565018
16.56	21.41	29.69	30.92	3.15	1.78	26.999499	23.874801	25.408959	0.565012
16.57	21.41	29.69	30.92	3.15	1.78	27.000480	23.877112	25.410730	0.565006
16.57	21.41	29.69	30.91	3.15	1.78	27.001455	23.879420	25.412495	0.565000
16.57	21.41	29.69	30.90	3.15	1.78	27.002422	23.881723	25.414255	0.564994
16.57	21.41	29.69	30.90	3.15	1.78	27.003383	23.884021	25.416008	0.564988
16.58	21.41	29.68	30.89	3.15	1.77	27.004336	23.886316	25.417756	0.564981
16.58	21.41	29.68	30.89	3.15	1.77	27.005283	23.888606	25.419499	0.564975
16.58	21.41	29.68	30.88	3.15	1.77	27.006222	23.890892	25.421235	0.564969
16.59	21.41	29.68	30.88	3.15	1.77	27.007154	23.893174	25.422966	0.564963
16.59	21.41	29.68	30.87	3.15	1.77	27.008079	23.895451	25.424691	0.564957
16.59	21.41	29.68	30.86	3.15	1.77	27.008997	23.897724	25.426411	0.564950
16.59	21.41	29.68	30.86	3.15	1.77	27.009908	23.899993	25.428124	0.564944
16.60	21.41	29.68	30.85	3.15	1.77	27.010812	23.902258	25.429832	0.564938
16.60	21.41	29.68	30.85	3.15	1.77	27.011710	23.904518	25.431535	0.564931
16.60	21.41	29.67	30.84	3.15	1.77	27.012600	23.906775	25.433231	0.564925
16.61	21.41	29.67	30.83	3.15	1.77	27.013483	23.909026	25.434922	0.564919
16.61	21.41	29.67	30.83	3.15	1.77	27.014359	23.911274	25.436607	0.564912
16.61	21.41	29.67	30.82	3.15	1.77	27.015228	23.913517	25.438286	0.564906
16.61	21.41	29.67	30.82	3.15	1.77	27.016090	23.915757	25.439960	0.564899
16.62	21.41	29.67	30.81	3.15	1.77	27.016945	23.917991	25.441628	0.564893
16.62	21.41	29.67	30.81	3.15	1.77	27.017793	23.920222	25.443291	0.564886
16.62	21.41	29.67	30.80	3.15	1.77	27.018634	23.922448	25.444947	0.564880
16.62	21.41	29.67	30.79	3.15	1.77	27.019468	23.924670	25.446598	0.564873
16.63	21.41	29.66	30.79	3.15	1.77	27.020295	23.926888	25.448243	0.564866
16.63	21.41	29.66	30.78	3.15	1.77	27.021116	23.929102	25.449883	0.564860
16.63	21.41	29.66	30.78	3.15	1.77	27.021929	23.931311	25.451517	0.564853
16.64	21.41	29.66	30.77	3.15	1.77	27.022735	23.933516	25.453145	0.564846
16.64	21.41	29.66	30.76	3.15	1.77	27.023535	23.935716	25.454768	0.564840
16.64	21.41	29.66	30.76	3.15	1.77	27.024327	23.937913	25.456385	0.564833
16.64	21.41	29.66	30.75	3.15	1.77	27.025113	23.940105	25.457996	0.564826
16.65	21.41	29.66	30.75	3.15	1.77	27.025891	23.942293	25.459601	0.564819
16.65	21.41	29.65	30.74	3.15	1.77	27.026663	23.944477	25.461201	0.564813
16.65	21.41	29.65	30.73	3.15	1.77	27.027428	23.946656	25.462796	0.564806
16.66	21.41	29.65	30.73	3.15	1.77	27.028185	23.948831	25.464384	0.564799
16.66	21.41	29.65	30.72	3.15	1.77	27.028936	23.951002	25.465967	0.564792
16.66	21.41	29.65	30.72	3.15	1.77	27.029680	23.953169	25.467544	0.564785
16.66	21.41	29.65	30.71	3.15	1.77	27.030417	23.955331	25.469116	0.564778
16.67	21.41	29.65	30.71	3.15	1.77	27.031148	23.957489	25.470682	0.564771
16.67	21.41	29.65	30.70	3.15	1.77	27.031871	23.959643	25.472242	0.564764
16.67	21.41	29.64	30.69	3.15	1.77	27.032588	23.961792	25.473797	0.564757
16.68	21.41	29.64	30.69	3.15	1.77	27.033297	23.963938	25.475346	0.564750
16.68	21.41	29.64	30.68	3.15	1.77	27.034000	23.966079	25.476889	0.564743
16.68	21.41	29.64	30.68	3.15	1.77	27.034696	23.968215	25.478427	0.564736
16.68	21.41	29.64	30.67	3.15	1.77	27.035385	23.970348	25.479959	0.564729
16.69	21.41	29.64	30.66	3.15	1.77	27.036067	23.972476	25.481486	0.564722
16.69	21.41	29.64	30.66	3.15	1.77	27.036742	23.974600	25.483007	0.564714
16.69	21.41	29.64	30.65	3.15	1.77	27.037411	23.976720	25.484522	0.564707
16.69	21.41	29.63	30.65	3.15	1.77	27.038073	23.978835	25.486032	0.564700
16.70	21.41	29.63	30.64	3.15	1.77	27.038727	23.980946	25.487536	0.564693
16.70	21.41	29.63	30.63	3.15	1.77	27.039375	23.983053	25.489034	0.564685
16.70	21.41	29.63	30.63	3.15	1.77	27.040017	23.985156	25.490527	0.564678
16.71	21.41	29.63	30.62	3.15	1.76	27.040651	23.987254	25.492014	0.564671
16.71	21.41	29.63	30.62	3.15	1.76	27.041278	23.989349	25.493496	0.564663
16.71	21.41	29.63	30.61	3.15	1.76	27.041899	23.991438	25.494972	0.564656
16.71	21.41	29.62	30.60	3.15	1.76	27.042513	23.993524	25.496442	0.564648
16.72	21.41	29.62	30.60	3.15	1.76	27.043120	23.995605	25.497907	0.564641
16.72	21.41	29.62	30.59	3.15	1.76	27.043721	23.997682	25.499366	0.564634
16.72	21.41	29.62	30.58	3.15	1.76	27.044314	23.999755	25.500820	0.564626
16.73	21.41	29.62	30.58	3.15	1.76	27.044901	24.001824	25.502268	0.564619
16.73	21.41	29.62	30.57	3.15	1.76	27.045481	24.003888	25.503710	0.564611
16.73	21.41	29.62	30.57	3.15	1.76	27.046054	24.005948	25.505147	0.564603
16.73	21.41	29.61	30.56	3.15	1.76	27.046621	24.008004	25.506578	0.564596
16.74	21.41	29.61	30.55	3.15	1.76	27.047180	24.010055	25.508004	0.564588
16.74	21.41	29.61	30.55	3.15	1.76	27.047733	24.012103	25.509424	0.564581
16.74	21.41	29.61	30.54	3.15	1.76	27.048280	24.014146	25.510839	0.564573
16.74	21.41	29.61	30.54	3.15	1.76	27.048819	24.016184	25.512248	0.564565
16.75	21.41	29.61	30.53	3.15	1.76	27.049352	24.018219	25.513651	0.564557
16.75	21.41	29.61	30.52	3.15	1.76	27.049878	24.020249	25.515049	0.564550
16.75	21.41	29.60	30.52	3.15	1.76	27.050397	24.022275	25.516441	0.564542
16.76	21.41	29.60	30.51	3.15	1.76	27.050909	24.024297	25.517828	0.564534
16.76	21.41	29.60	30.51	3.15	1.76	27.051415	24.026314	25.519209	0.564526
16.76	21.41	29.60	30.50	3.15	1.76	27.051914	24.028327	25.520585	0.564518
16.76	21.41	29.60	30.49	3.15	1.76	27.052407	24.030336	25.521955	0.564511
16.77	21.41	29.60	30.49	3.15	1.76	27.052892	24.032341	25.523319	0.564503
16.77	21.41	29.60	30.48	3.15	1.76	27.053371	24.034341	25.524678	0.564495
16.77	21.41	29.59	30.47	3.15	1.76	27.053844	24.036337	25.526032	0.564487
16.77	21.41	29.59	30.47	3.16	1.76	27.054309	24.038329	25.527379	0.564479
16.78	21.41	29.59	30.46	3.16	1.76	27.054768	24.040317	25.528722	0.564471
16.78	21.41	29.59	30.46	3.16	1.76	27.055220	24.042300	25.530058	0.564463
16.78	21.41	29.59	30.45	3.16	1.76	27.055666	24.044279	25.531390	0.564455
16.79	21.41	29.59	30.44	3.16	1.76	27.056105	24.046254	25.532715	0.564447
16.79	21.41	29.59	30.44	3.16	1.76	27.056537	24.048225	25.534036	0.564438
16.79	21.41	29.58	30.43	3.16	1.76	27.056962	24.050191	25.535350	0.564430
16.79	21.41	29.58	30.42	3.16	1.76	27.057381	24.052153	25.536659	0.564422
16.80	21.41	29.58	30.42	3.16	1.76	27.057793	24.054111	25.537963	0.564414
16.80	21.41	29.58	30.41	3.16	1.76	27.058199	24.056065	25.539261	0.564406
16.80	21.41	29.58	30.41	3.16	1.76	27.058598	24.058014	25.540554	0.564398
16.81	21.41	29.58	30.40	3.16	1.76	27.058990	24.059959	25.541841	0.564389
16.81	21.41	29.57	30.39	3.16	1.76	27.059376	24.061900	25.543122	0.564381
16.81	21.41	29.57	30.39	3.16	1.76	27.059755	24.063837	25.544398	0.564373
16.81	21.41	29.57	30.38	3.16	1.76	27.060127	24.065769	25.545669	0.564364
16.82	21.41	29.57	30.37	3.16	1.76	27.060493	24.067697	25.546934	0.564356
16.82	21.41	29.57	30.37	3.16	1.76	27.060852	24.069621	25.548193	0.564348
16.82	21.41	29.57	30.36	3.16	1.75	27.061205	24.071540	25.549447	0.564339
16.82	21.41	29.57	30.36	3.16	1.75	27.061551	24.073456	25.550696	0.564331
16.83	21.41	29.56	30.35	3.16	1.75	27.061890	24.075367	25.551939	0.564322
16.83	21.41	29.56	30.34	3.16	1.75	27.062223	24.077274	25.553177	0.564314
16.83	21.41	29.56	30.34	3.16	1.75	27.062549	24.079176	25.554409	0.564305
16.84	21.41	29.56	30.33	3.16	1.75	27.062869	24.081075	25.555635	0.564297
16.84	21.41	29.56	30.32	3.16	1.75	27.063182	24.082969	25.556856	0.564288
16.84	21.41	29.56	30.32	3.16	1.75	27.063488	24.084859	25.558072	0.564280
16.84	21.41	29.55	30.31	3.16	1.75	27.063788	24.086744	25.559282	0.564271
16.85	21.41	29.55	30.31	3.16	1.75	27.064081	24.088626	25.560487	0.564262
16.85	21.41	29.55	30.30	3.16	1.75	27.064368	24.090503	25.561686	0.564254
16.85	21.41	29.55	30.29	3.16	1.75	27.064648	24.092376	25.562880	0.564245
16.86	21.41	29.55	30.29	3.16	1.75	27.064921	24.094244	25.564068	0.564236
16.86	21.41	29.55	30.28	3.16	1.75	27.065188	24.096109	25.565251	0.564227
16.86	21.41	29.54	30.27	3.16	1.75	27.065449	24.097969	25.566428	0.564219
16.86	21.41	29.54	30.27	3.16	1.75	27.065703	24.099825	25.567600	0.564210
16.87	21.41	29.54	30.26	3.16	1.75	27.065950	24.101676	25.568767	0.564201
16.87	21.41	29.54	30.25	3.16	1.75	27.066191	24.103524	25.569928	0.564192
16.87	21.41	29.54	30.25	3.16	1.75	27.066426	24.105367	25.571083	0.564183
16.88	21.41	29.54	30.24	3.16	1.75	27.066653	24.107206	25.572233	0.564174
16.88	21.41	29.53	30.24	3.16	1.75	27.066875	24.109040	25.573378	0.564166
16.88	21.41	29.53	30.23	3.16	1.75	27.067089	24.110871	25.574517	0.564157
16.88	21.41	29.53	30.22	3.16	1.75	27.067298	24.112697	25.575651	0.564148
16.89	21.41	29.53	30.22	3.16	1.75	27.067500	24.114519	25.576779	0.564139
16.89	21.41	29.53	30.21	3.16	1.75	27.067695	24.116337	25.577902	0.564130
16.89	21.41	29.53	30.20	3.16	1.75	27.067884	24.118150	25.579019	0.564121
16.89	21.41	29.52	30.20	3.16	1.75	27.068066	24.119959	25.580131	0.564112
16.90	21.41	29.52	30.19	3.16	1.75	27.068242	24.121764	25.581238	0.564102
16.90	21.41	29.52	30.18	3.16	1.75	27.068411	24.123565	25.582339	0.564093
16.90	21.41	29.52	30.18	3.16	1.75	27.068574	24.125362	25.583435	0.564084
16.91	21.41	29.52	30.17	3.16	1.75	27.068730	24.127154	25.584525	0.564075
16.91	21.41	29.52	30.16	3.16	1.75	27.068880	24.128942	25.585610	0.564066
16.91	21.41	29.51	30.16	3.16	1.75	27.069024	24.130726	25.586690	0.564057
16.91	21.41	29.51	30.15	3.16	1.75	27.069161	24.132506	25.587764	0.564047
16.92	21.41	29.51	30.15	3.16	1.75	27.069291	24.134281	25.588833	0.564038
16.92	21.41	29.51	30.14	3.16	1.75	27.069415	24.136052	25.589896	0.564029
16.92	21.41	29.51	30.13	3.16	1.75	27.069533	24.137819	25.590954	0.564019
16.93	21.41	29.51	30.13	3.16	1.75	27.069644	24.139582	25.592006	0.564010
16.93	21.41	29.50	30.12	3.16	1.74	27.069749	24.141340	25.593053	0.564001
16.93	21.41	29.50	30.11	3.16	1.74	27.069847	24.143094	25.594095	0.563991
16.93	21.41	29.50	30.11	3.16	1.74	27.069939	24.144844	25.595131	0.563982
16.94	21.41	29.50	30.10	3.16	1.74	27.070024	24.146590	25.596162	0.563972
16.94	21.41	29.50	30.09	3.16	1.74	27.070104	24.148332	25.597188	0.563963
16.94	21.41	29.49	30.09	3.16	1.74	27.070176	24.150069	25.598208	0.563954
16.94	21.41	29.49	30.08	3.16	1.74	27.070242	24.151802	25.599222	0.563944
16.95	21.41	29.49	30.07	3.16	1.74	27.070302	24.153531	25.600232	0.563934
16.95	21.41	29.49	30.07	3.16	1.74	27.070356	24.155256	25.601236	0.563925
16.95	21.41	29.49	30.06	3.16	1.74	27.070403	24.156976	25.602234	0.563915
16.96	21.41	29.49	30.05	3.16	1.74	27.070443	24.158692	25.603228	0.563906
16.96	21.41	29.48	30.05	3.16	1.74	27.070477	24.160404	25.604216	0.563896
16.96	21.41	29.48	30.04	3.16	1.74	27.070505	24.162112	25.605198	0.563886
16.96	21.41	29.48	30.03	3.16	1.74	27.070527	24.163816	25.606175	0.563877
16.97	21.41	29.48	30.03	3.16	1.74	27.070542	24.165515	25.607147	0.563867
16.97	21.41	29.48	30.02	3.16	1.74	27.070551	24.167210	25.608113	0.563857
16.97	21.41	29.47	30.01	3.16	1.74	27.070553	24.168901	25.609074	0.563847
16.98	21.41	29.47	30.01	3.16	1.74	27.070549	24.170588	25.610030	0.563838
16.98	21.41	29.47	30.00	3.16	1.74	27.070539	24.172270	25.610980	0.563828
16.98	21.41	29.47	29.99	3.16	1.74	27.070522	24.173949	25.611925	0.563818
16.98	21.41	29.47	29.99	3.16	1.74	27.070499	24.175623	25.612865	0.563808
16.99	21.41	29.47	29.98	3.16	1.74	27.070469	24.177292	25.613799	0.563798
16.99	21.41	29.46	29.97	3.16	1.74	27.070434	24.178958	25.614728	0.563788
16.99	21.41	29.46	29.97	3.16	1.74	27.070391	24.180619	25.615652	0.563778
16.99	21.41	29.46	29.96	3.16	1.74	27.070343	24.182277	25.616570	0.563768
17.00	21.41	29.46	29.95	3.16	1.74	27.070288	24.183930	25.617483	0.563758
17.00	21.41	29.46	29.95	3.16	1.74	27.070227	24.185578	25.618391	0.563748
17.00	21.41	29.45	29.94	3.16	1.74	27.070160	24.187223	25.619293	0.563738
17.01	21.41	29.45	29.94	3.16	1.74	27.070086	24.188863	25.620190	0.563728
17.01	21.41	29.45	29.93	3.16	1.74	27.070006	24.190499	25.621082	0.563718
17.01	21.41	29.45	29.92	3.16	1.74	27.069920	24.192131	25.621968	0.563708
17.01	21.41	29.45	29.92	3.16	1.74	27.069827	24.193759	25.622849	0.563698
17.02	21.41	29.44	29.91	3.16	1.74	27.069728	24.195383	25.623725	0.563688
17.02	21.41	29.44	29.90	3.16	1.74	27.069623	24.197002	25.624595	0.563678
17.02	21.41	29.44	29.89	3.16	1.74	27.069511	24.198617	25.625460	0.563667
17.02	21.41	29.44	29.89	3.16	1.74	27.069393	24.200228	25.626320	0.563657
17.03	21.41	29.44	29.88	3.16	1.73	27.069269	24.201835	25.627175	0.563647
17.03	21.41	29.43	29.87	3.16	1.73	27.069139	24.203437	25.628024	0.563637
17.03	21.41	29.43	29.87	3.16	1.73	27.069002	24.205036	25.628868	0.563626
17.04	21.41	29.43	29.86	3.16	1.73	27.068859	24.206630	25.629706	0.563616
17.04	21.41	29.43	29.85	3.16	1.73	27.068710	24.208220	25.630540	0.563605
17.04	21.41	29.43	29.85	3.16	1.73	27.068555	24.209805	25.631368	0.563595
17.04	21.41	29.42	29.84	3.16	1.73	27.068393	24.211387	25.632190	0.563585
17.05	21.41	29.42	29.83	3.16	1.73	27.068225	24.212964	25.633008	0.563574
17.05	21.41	29.42	29.83	3.16	1.73	27.068051	24.214537	25.633820	0.563564
17.05	21.41	29.42	29.82	3.16	1.73	27.067870	24.216106	25.634627	0.563553
17.06	21.41	29.42	29.81	3.16	1.73	27.067683	24.217671	25.635428	0.563543
17.06	21.41	29.41	29.81	3.16	1.73	27.067490	24.219232	25.636224	0.563532
17.06	21.41	29.41	29.80	3.16	1.73	27.067291	24.220788	25.637015	0.563522
17.06	21.41	29.41	29.79	3.16	1.73	27.067086	24.222340	25.637801	0.563511
17.07	21.41	29.41	29.79	3.16	1.73	27.066874	24.223888	25.638582	0.563500
17.07	21.41	29.41	29.78	3.16	1.73	27.066656	24.225432	25.639357	0.563490
17.07	21.41	29.40	29.77	3.16	1.73	27.066432	24.226972	25.640127	0.563479
17.07	21.41	29.40	29.77	3.16	1.73	27.066202	24.228507	25.640891	0.563468
17.08	21.41	29.40	29.76	3.16	1.73	27.065966	24.230038	25.641651	0.563458
17.08	21.41	29.40	29.75	3.16	1.73	27.065723	24.231565	25.642405	0.563447
17.08	21.41	29.40	29.75	3.16	1.73	27.065474	24.233088	25.643154	0.563436
17.09	21.41	29.39	29.74	3.16	1.73	27.065219	24.234607	25.643897	0.563425
17.09	21.41	29.39	29.73	3.16	1.73	27.064957	24.236121	25.644636	0.563415
17.09	21.41	29.39	29.73	3.16	1.73	27.064690	24.237632	25.645369	0.563404
17.09	21.41	29.39	29.72	3.16	1.73	27.064416	24.239138	25.646097	0.563393
17.10	21.41	29.39	29.71	3.16	1.73	27.064136	24.240640	25.646820	0.563382
17.10	21.41	29.38	29.71	3.16	1.73	27.063850	24.242138	25.647537	0.563371
17.10	21.41	29.38	29.70	3.16	1.73	27.063558	24.243631	25.648249	0.563360
17.11	21.41	29.38	29.69	3.16	1.73	27.063260	24.245121	25.648956	0.563349
17.11	21.41	29.38	29.68	3.16	1.73	27.062955	24.246606	25.649658	0.563338
17.11	21.41	29.38	29.68	3.16	1.73	27.062645	24.248087	25.650354	0.563327
17.11	21.41	29.37	29.67	3.16	1.73	27.062328	24.249564	25.651046	0.563316
17.12	21.41	29.37	29.66	3.16	1.73	27.062005	24.251037	25.651732	0.563305
17.12	21.41	29.37	29.66	3.16	1.73	27.061676	24.252505	25.652413	0.563294
17.12	21.41	29.37	29.65	3.16	1.73	27.061340	24.253970	25.653088	0.563283
17.12	21.41	29.36	29.64	3.16	1.72	27.060999	24.255430	25.653759	0.563272
17.13	21.41	29.36	29.64	3.16	1.72	27.060651	24.256886	25.654424	0.563261
17.13	21.41	29.36	29.63	3.16	1.72	27.060298	24.258338	25.655084	0.563249
17.13	21.41	29.36	29.62	3.16	1.72	27.059938	24.259786	25.655738	0.563238
17.14	21.41	29.36	29.62	3.16	1.72	27.059572	24.261229	25.656388	0.563227
17.14	21.41	29.35	29.61	3.16	1.72	27.059200	24.262669	25.657032	0.563216
17.14	21.41	29.35	29.60	3.16	1.72	27.058822	24.264104	25.657671	0.563204
17.14	21.41	29.35	29.60	3.16	1.72	27.058437	24.265535	25.658305	0.563193
17.15	21.41	29.35	29.59	3.16	1.72	27.058047	24.266962	25.658934	0.563182
17.15	21.41	29.35	29.58	3.16	1.72	27.057650	24.268385	25.659558	0.563170
17.15	21.41	29.34	29.57	3.16	1.72	27.057248	24.269804	25.660176	0.563159
17.16	21.41	29.34	29.57	3.16	1.72	27.056839	24.271218	25.660789	0.563148
17.16	21.41	29.34	29.56	3.16	1.72	27.056424	24.272628	25.661397	0.563136
17.16	21.41	29.34	29.55	3.16	1.72	27.056003	24.274034	25.662000	0.563125
17.16	21.41	29.33	29.55	3.16	1.72	27.055576	24.275436	25.662598	0.563113
17.17	21.41	29.33	29.54	3.16	1.72	27.055143	24.276834	25.663190	0.563102
17.17	21.41	29.33	29.53	3.16	1.72	27.054704	24.278228	25.663777	0.563090
17.17	21.41	29.33	29.53	3.16	1.72	27.054259	24.279618	25.664359	0.563079
17.18	21.41	29.33	29.52	3.16	1.72	27.053808	24.281003	25.664936	0.563067
17.18	21.41	29.32	29.51	3.16	1.72	27.053350	24.282384	25.665508	0.563055
17.18	21.41	29.32	29.50	3.16	1.72	27.052887	24.283761	25.666075	0.563044
17.18	21.41	29.32	29.50	3.16	1.72	27.052418	24.285134	25.666636	0.563032
17.19	21.41	29.32	29.49	3.16	1.72	27.051942	24.286503	25.667192	0.563020
17.19	21.41	29.31	29.48	3.16	1.72	27.051460	24.287868	25.667744	0.563009
17.19	21.41	29.31	29.48	3.16	1.72	27.050973	24.289228	25.668290	0.562997
17.19	21.41	29.31	29.47	3.16	1.72	27.050479	24.290585	25.668830	0.562985
17.20	21.41	29.31	29.46	3.16	1.72	27.049979	24.291937	25.669366	0.562973
17.20	21.41	29.31	29.46	3.16	1.72	27.049474	24.293285	25.669897	0.562962
17.20	21.41	29.30	29.45	3.16	1.72	27.048962	24.294629	25.670422	0.562950
17.21	21.41	29.30	29.44	3.16	1.72	27.048444	24.295969	25.670942	0.562938
17.21	21.41	29.30	29.43	3.16	1.72	27.047920	24.297304	25.671457	0.562926
17.21	21.41	29.30	29.43	3.16	1.72	27.047391	24.298636	25.671967	0.562914
17.21	21.41	29.29	29.42	3.16	1.71	27.046855	24.299963	25.672472	0.562902
17.22	21.41	29.29	29.41	3.16	1.71	27.046313	24.301287	25.672972	0.562890
17.22	21.41	29.29	29.41	3.16	1.71	27.045765	24.302606	25.673466	0.562878
17.22	21.41	29.29	29.40	3.16	1.71	27.045211	24.303921	25.673956	0.562866
17.23	21.41	29.28	29.39	3.16	1.71	27.044651	24.305232	25.674440	0.562854
17.23	21.41	29.28	29.38	3.16	1.71	27.044085	24.306538	25.674919	0.562842
17.23	21.41	29.28	29.38	3.16	1.71	27.043513	24.307841	25.675393	0.562830
17.23	21.41	29.28	29.37	3.16	1.71	27.042936	24.309139	25.675862	0.562818
17.24	21.41	29.28	29.36	3.16	1.71	27.042352	24.310434	25.676326	0.562806
17.24	21.41	29.27	29.36	3.16	1.71	27.041762	24.311724	25.676784	0.562794
17.24	21.41	29.27	29.35	3.16	1.71	27.041166	24.313010	25.677238	0.562781
17.24	21.41	29.27	29.34	3.16	1.71	27.040564	24.314292	25.677687	0.562769
17.25	21.41	29.27	29.34	3.16	1.71	27.039957	24.315570	25.678130	0.562757
17.25	21.41	29.26	29.33	3.16	1.71	27.039343	24.316844	25.678568	0.562745
17.25	21.41	29.26	29.32	3.16	1.71	27.038723	24.318113	25.679001	0.562732
17.26	21.41	29.26	29.31	3.16	1.71	27.038098	24.319379	25.679429	0.562720
17.26	21.41	29.26	29.31	3.16	1.71	27.037466	24.320640	25.679852	0.562708
17.26	21.41	29.25	29.30	3.16	1.71	27.036829	24.321898	25.680270	0.562695
17.26	21.41	29.25	29.29	3.16	1.71	27.036185	24.323151	25.680683	0.562683
17.27	21.41	29.25	29.29	3.16	1.71	27.035536	24.324400	25.681091	0.562671
17.27	21.41	29.25	29.28	3.16	1.71	27.034880	24.325645	25.681493	0.562658
17.27	21.41	29.24	29.27	3.16	1.71	27.034219	24.326886	25.681891	0.562646
17.27	21.41	29.24	29.26	3.16	1.71	27.033552	24.328122	25.682283	0.562633
17.28	21.41	29.24	29.26	3.16	1.71	27.032879	24.329355	25.682671	0.562621
17.28	21.41	29.24	29.25	3.16	1.71	27.032200	24.330584	25.683053	0.562608
17.28	21.41	29.23	29.24	3.16	1.71	27.031515	24.331808	25.683430	0.562596
17.29	21.41	29.23	29.23	3.16	1.71	27.030824	24.333028	25.683803	0.562583
17.29	21.41	29.23	29.23	3.16	1.71	27.030127	24.334245	25.684170	0.562570
17.29	21.41	29.23	29.23	3.16	1.71	27.029424	24.335457	25.684532	0.562558
17.29	21.41	29.22	29.22	3.16	1.71	27.028715	24.336665	25.684889	0.562545
17.30	21.41	29.22	29.22	3.16	1.71	27.028001	24.337869	25.685241	0.562532
17.30	21.41	29.22	29.22	3.16	1.70	27.027280	24.339068	25.685587	0.562520
17.30	21.41	29.22	29.22	3.16	1.70	27.026554	24.340264	25.685929	0.562507
17.31	21.41	29.22	29.22	3.16	1.70	27.025822	24.341456	25.686266	0.562494
17.31	21.41	29.21	29.21	3.16	1.70	27.025084	24.342643	25.686598	0.562481
17.31	21.41	29.21	29.21	3.16	1.70	27.024340	24.343827	25.686924	0.562469
17.31	21.41	29.21	29.21	3.16	1.70	27.023590	24.345006	25.687246	0.562456
17.32	21.41	29.21	29.21	3.16	1.70	27.022835	24.346181	25.687563	0.562443
17.32	21.41	29.20	29.20	3.16	1.70	27.022075	24.347352	25.687874	0.562430
17.32	21.41	29.20	29.20	3.16	1.70	27.021309	24.348520	25.688181	0.562417
17.32	21.41	29.20	29.20	3.16	1.70	27.020538	24.349683	25.688482	0.562404
17.33	21.41	29.20	29.20	3.16	1.70	27.019762	24.350841	25.688779	0.562391
17.33	21.41	29.19	29.19	3.16	1.70	27.018981	24.351996	25.689071	0.562378
17.33	21.41	29.19	29.19	3.16	1.70	27.018196	24.353147	25.689358	0.562365
17.34	21.41	29.19	29.19	3.16	1.70	27.017407	24.354294	25.689640	0.562352
17.34	21.41	29.19	29.19	3.16	1.70	27.016614	24.355436	25.689918	0.562339
17.34	21.41	29.18	29.18	3.16	1.70	27.015816	24.356575	25.690190	0.562326
17.34	21.41	29.18	29.18	3.16	1.70	27.015015	24.357709	25.690458	0.562313
17.35	21.41	29.18	29.18	3.16	1.70	27.014211	24.358839	25.690722	0.562300
17.35	21.41	29.17	29.17	3.16	1.70	27.013403	24.359966	25.690981	0.562287
17.35	21.41	29.17	29.17	3.16	1.70	27.012592	24.361088	25.691235	0.562274
17.36	21.41	29.17	29.17	3.16	1.70	27.011779	24.362206	25.691485	0.562261
17.36	21.41	29.17	29.17	3.16	1.70	27.010962	24.363320	25.691730	0.562248
17.36	21.41	29.16	29.16	3.16	1.70	27.010143	24.364430	25.691971	0.562235
17.36	21.41	29.16	29.16	3.16	1.70	27.009322	24.365536	25.692208	0.562222
17.37	21.41	29.16	29.16	3.16	1.70	27.008498	24.366638	25.692441	0.562209
17.37	21.41	29.16	29.16	3.16	1.70	27.007672	24.367736	25.692669	0.562196
17.37	21.41	29.15	29.15	3.16	1.70	27.006844	24.368830	25.692893	0.562183
17.38	21.41	29.15	29.15	3.16	1.70	27.006014	24.369919	25.693113	0.562170
17.38	21.41	29.15	29.15	3.16	1.70	27.005183	24.371005	25.693329	0.562157
17.38	21.41	29.15	29.15	3.16	1.70	27.004349	24.372087	25.693541	0.562144
17.38	21.41	29.14	29.14	3.16	1.69	27.003515	24.373164	25.693749	0.562131
17.39	21.41	29.14	29.14	3.16	1.69	27.002678	24.374238	25.693953	0.562118
17.39	21.41	29.14	29.14	3.16	1.69	27.001841	24.375307	25.694154	0.562105
17.39	21.41	29.14	29.14	3.16	1.69	27.001002	24.376373	25.694350	0.562092
17.39	21.41	29.13	29.13	3.16	1.69	27.000162	24.377434	25.694543	0.562079
17.40	21.41	29.13	29.13	3.16	1.69	26.999321	24.378492	25.694732	0.562066
17.40	21.41	29.13	29.13	3.16	1.69	26.998479	24.379545	25.694918	0.562053
17.40	21.41	29.13	29.13	3.16	1.69	26.997635	24.380595	25.695100	0.562040
17.41	21.41	29.12	29.12	3.16	1.69	26.996791	24.381640	25.695278	0.562027
17.41	21.41	29.12	29.12	3.16	1.69	26.995946	24.382682	25.695453	0.562014
17.41	21.41	29.12	29.12	3.16	1.69	26.995101	24.383719	25.695625	0.562001
17.41	21.41	29.11	29.11	3.16	1.69	26.994254	24.384753	25.695793	0.561988
17.42	21.41	29.11	29.11	3.16	1.69	26.993407	24.385782	25.695958	0.561975
17.42	21.41	29.11	29.11	3.16	1.69	26.992559	24.386808	25.696119	0.561963
17.42	21.41	29.11	29.11	3.16	1.69	26.991711	24.387829	25.696277	0.561950
17.43	21.41	29.10	29.10	3.16	1.69	26.990862	24.388847	25.696432	0.561937
17.43	21.41	29.10	29.10	3.16	1.69	26.990013	24.389860	25.696584	0.561924
17.43	21.41	29.10	29.10	3.16	1.69	26.989163	24.390870	25.696732	0.561911
17.43	21.41	29.10	29.10	3.16	1.69	26.988312	24.391876	25.696878	0.561898
17.44	21.41	29.09	29.09	3.16	1.69	26.987462	24.392878	25.697020	0.561886
17.44	21.41	29.09	29.09	3.16	1.69	26.986611	24.393876	25.697159	0.561873
17.44	21.41	29.09	29.09	3.16	1.69	26.985759	24.394870	25.697296	0.561860
17.44	21.41	29.09	29.09	3.16	1.69	26.984907	24.395860	25.697429	0.561847
17.45	21.41	29.08	29.08	3.16	1.69	26.984055	24.396846	25.697560	0.561835
17.45	21.41	29.08	29.08	3.16	1.69	26.983203	24.397828	25.697687	0.561822
17.45	21.41	29.08	29.08	3.16	1.69	26.982350	24.398807	25.697812	0.561809
17.46	21.41	29.07	29.07	3.16	1.69	26.981497	24.399781	25.697933	0.561796
17.46	21.41	29.07	29.07	3.16	1.69	26.980643	24.400752	25.698052	0.561784
17.46	21.41	29.07	29.07	3.16	1.69	26.979790	24.401719	25.698169	0.561771
17.46	21.41	29.07	29.07	3.16	1.69	26.978936	24.402682	25.698282	0.561759
17.47	21.41	29.06	29.06	3.16	1.68	26.978082	24.403641	25.698393	0.561746
17.47	21.41	29.06	29.06	3.16	1.68	26.977228	24.404597	25.698501	0.561733
17.47	21.41	29.06	29.06	3.16	1.68	26.976374	24.405548	25.698606	0.561721
17.48	21.41	29.05	29.05	3.16	1.68	26.975520	24.406496	25.698709	0.561708
17.48	21.41	29.05	29.05	3.16	1.68	26.974665	24.407440	25.698809	0.561696
17.48	21.41	29.05	29.05	3.16	1.68	26.973810	24.408381	25.698907	0.561683
17.48	21.41	29.05	29.05	3.16	1.68	26.972955	24.409317	25.699002	0.561671
17.49	21.41	29.04	29.04	3.16	1.68	26.972100	24.410250	25.699094	0.561658
17.49	21.41	29.04	29.04	3.16	1.68	26.971245	24.411179	25.699184	0.561646
17.49	21.41	29.04	29.04	3.16	1.68	26.970390	24.412104	25.699272	0.561633
17.49	21.41	29.04	29.04	3.16	1.68	26.969534	24.413026	25.699356	0.561621
17.50	21.41	29.03	29.03	3.16	1.68	26.968678	24.413943	25.699439	0.561608
17.50	21.41	29.03	29.03	3.16	1.68	26.967823	24.414858	25.699519	0.561596
17.50	21.41	29.03	29.03	3.16	1.68	26.966967	24.415768	25.699597	0.561583
17.51	21.41	29.02	29.02	3.16	1.68	26.966111	24.416675	25.699672	0.561571
17.51	21.41	29.02	29.02	3.16	1.68	26.965255	24.417578	25.699745	0.561559
17.51	21.41	29.02	29.02	3.16	1.68	26.964398	24.418477	25.699815	0.561546
17.51	21.41	29.02	29.02	3.16	1.68	26.963542	24.419373	25.699884	0.561534
17.52	21.41	29.01	29.01	3.16	1.68	26.962685	24.420265	25.699949	0.561522
17.52	21.41	29.01	29.01	3.16	1.68	26.961829	24.421154	25.700013	0.561509
17.52	21.41	29.01	29.01	3.16	1.68	26.960972	24.422039	25.700074	0.561497
17.52	21.41	29.00	29.00	3.16	1.68	26.960115	24.422920	25.700133	0.561485
17.53	21.41	29.00	29.00	3.16	1.68	26.959258	24.423798	25.700190	0.561473
17.53	21.41	29.00	29.00	3.16	1.68	26.958401	24.424672	25.700244	0.561460
17.53	21.41	29.00	29.00	3.16	1.68	26.957543	24.425542	25.700297	0.561448
17.54	21.41	28.99	28.99	3.16	1.68	26.956686	24.426409	25.700347	0.561436
17.54	21.41	28.99	28.99	3.16	1.68	26.955828	24.427273	25.700395	0.561424
17.54	21.41	28.99	28.99	3.16	1.68	26.954970	24.428133	25.700440	0.561412
17.54	21.41	28.98	28.98	3.16	1.68	26.954112	24.428989	25.700484	0.561399
17.55	21.41	28.98	28.98	3.16	1.68	26.953254	24.429842	25.700525	0.561387
17.55	21.41	28.98	28.98	3.16	1.68	26.952395	24.430691	25.700564	0.561375
17.55	21.41	28.97	28.97	3.16	1.68	26.951537	24.431537	25.700601	0.561363
17.56	21.41	28.97	28.97	3.16	1.67	26.950678	24.432379	25.700636	0.561351
17.56	21.41	28.97	28.97	3.16	1.67	26.949819	24.433218	25.700669	0.561339
17.56	21.41	28.97	28.97	3.16	1.67	26.948960	24.434053	25.700700	0.561327
17.56	21.41	28.96	28.96	3.16	1.67	26.948101	24.434885	25.700729	0.561315
17.57	21.41	28.96	28.96	3.16	1.67	26.947241	24.435713	25.700755	0.561303
17.57	21.41	28.96	28.96	3.16	1.67	26.946381	24.436538	25.700779	0.561291
17.57	21.41	28.95	28.95	3.16	1.67	26.945521	24.437360	25.700802	0.561279
17.57	21.41	28.95	28.95	3.16	1.67	26.944661	24.438178	25.700822	0.561267
17.58	21.41	28.95	28.95	3.16	1.67	26.943800	24.438993	25.700840	0.561255
17.58	21.41	28.95	28.95	3.16	1.67	26.942939	24.439804	25.700857	0.561243
17.58	21.41	28.94	28.94	3.16	1.67	26.942078	24.440612	25.700871	0.561231
17.59	21.41	28.94	28.94	3.16	1.67	26.941217	24.441416	25.700883	0.561219
17.59	21.41	28.94	28.94	3.16	1.67	26.940355	24.442218	25.700893	0.561207
17.59	21.41	28.93	28.93	3.16	1.67	26.939494	24.443015	25.700901	0.561195
17.59	21.41	28.93	28.93	3.16	1.67	26.938631	24.443810	25.700908	0.561183
17.60	21.41	28.93	28.93	3.16	1.67	26.937769	24.444601	25.700912	0.561171
17.60	21.41	28.92	28.92	3.16	1.67	26.936906	24.445389	25.700914	0.561159
17.60	21.41	28.92	28.92	3.16	1.67	26.936043	24.446173	25.700914	0.561147
17.61	21.41	28.92	28.92	3.16	1.67	26.935180	24.446954	25.700912	0.561136
17.61	21.41	28.92	28.92	3.16	1.67	26.934316	24.447732	25.700909	0.561124
17.61	21.41	28.91	28.91	3.16	1.67	26.933452	24.448506	25.700903	0.561112
17.61	21.41	28.91	28.91	3.16	1.67	26.932587	24.449277	25.700895	0.561100
17.62	21.41	28.91	28.91	3.16	1.67	26.931723	24.450045	25.700886	0.561088
17.62	21.41	28.90	28.90	3.16	1.67	26.930857	24.450810	25.700874	0.561077
17.62	21.41	28.90	28.90	3.16	1.67	26.929992	24.451571	25.700860	0.561065
17.62	21.41	28.90	28.90	3.16	1.67	26.929126	24.452329	25.700845	0.561053
17.63	21.41	28.89	28.89	3.16	1.67	26.928260	24.453084	25.700828	0.561041
17.63	21.41	28.89	28.89	3.16	1.67	26.927393	24.453836	25.700808	0.561030
17.63	21.41	28.89	28.89	3.16	1.67	26.926526	24.454584	25.700787	0.561018
17.64	21.41	28.88	28.88	3.16	1.67	26.925658	24.455329	25.700764	0.561006
17.64	21.41	28.88	28.88	3.16	1.67	26.924790	24.456071	25.700739	0.560995
17.64	21.41	28.88	28.88	3.16	1.67	26.923922	24.456810	25.700712	0.560983
17.64	21.41	28.88	28.88	3.16	1.67	26.923053	24.457545	25.700683	0.560971
17.65	21.41	28.87	28.87	3.16	1.66	26.922184	24.458278	25.700652	0.560960
17.65	21.41	28.87	28.87	3.16	1.66	26.921314	24.459007	25.700619	0.560948
17.65	21.41	28.87	28.87	3.16	1.66	26.920444	24.459733	25.700585	0.560936
17.66	21.41	28.86	28.86	3.16	1.66	26.919573	24.460455	25.700548	0.560925
17.66	21.41	28.86	28.86	3.16	1.66	26.918702	24.461175	25.700510	0.560913
17.66	21.41	28.86	28.86	3.16	1.66	26.917830	24.461892	25.700469	0.560901
17.66	21.41	28.85	28.85	3.16	1.66	26.916958	24.462605	25.700427	0.560890
17.67	21.41	28.85	28.85	3.16	1.66	26.916085	24.463315	25.700383	0.560878
17.67	21.41	28.85	28.85	3.16	1.66	26.915212	24.464022	25.700337	0.560867
17.67	21.41	28.84	28.84	3.16	1.66	26.914338	24.464726	25.700289	0.560855
17.68	21.41	28.84	28.84	3.16	1.66	26.913464	24.465427	25.700240	0.560844
17.68	21.41	28.84	28.84	3.16	1.66	26.912589	24.466125	25.700188	0.560832
17.68	21.41	28.83	28.83	3.16	1.66	26.911714	24.466819	25.700135	0.560821
17.68	21.41	28.83	28.83	3.16	1.66	26.910838	24.467511	25.700079	0.560809
17.69	21.41	28.83	28.83	3.16	1.66	26.909961	24.468200	25.700022	0.560798
17.69	21.41	28.83	28.83	3.16	1.66	26.909084	24.468885	25.699963	0.560786
17.69	21.41	28.82	28.82	3.16	1.66	26.908206	24.469567	25.699902	0.560775
17.69	21.41	28.82	28.82	3.16	1.66	26.907328	24.470247	25.699839	0.560763
17.70	21.41	28.82	28.82	3.16	1.66	26.906449	24.470923	25.699774	0.560752
17.70	21.41	28.81	28.81	3.16	1.66	26.905569	24.471596	25.699708	0.560740
17.70	21.41	28.81	28.81	3.16	1.66	26.904689	24.472266	25.699639	0.560729
17.71	21.41	28.81	28.81	3.16	1.66	26.903808	24.472933	25.699569	0.560718
17.71	21.41	28.80	28.80	3.16	1.66	26.902927	24.473597	25.699497	0.560706
17.71	21.41	28.80	28.80	3.16	1.66	26.902044	24.474259	25.699423	0.560695
17.71	21.41	28.80	28.80	3.16	1.66	26.901162	24.474917	25.699347	0.560683
17.72	21.41	28.79	28.79	3.16	1.66	26.900278	24.475572	25.699269	0.560672
17.72	21.41	28.79	28.79	3.16	1.66	26.899394	24.476224	25.699190	0.560661
17.72	21.41	28.79	28.79	3.16	1.66	26.898509	24.476873	25.699108	0.560649
17.73	21.41	28.78	28.78	3.16	1.66	26.897623	24.477519	25.699025	0.560638
17.73	21.41	28.78	28.78	3.16	1.66	26.896737	24.478162	25.698940	0.560626
17.73	21.41	28.78	28.78	3.16	1.66	26.895850	24.478802	25.698853	0.560615
17.73	21.41	28.77	28.77	3.16	1.66	26.894962	24.479440	25.698764	0.560604
17.74	21.41	28.77	28.77	3.16	1.66	26.894074	24.480074	25.698673	0.560593
17.74	21.41	28.77	28.77	3.16	1.66	26.893184	24.480705	25.698581	0.560581
17.74	21.41	28.76	28.76	3.16	1.66	26.892294	24.481334	25.698487	0.560570
17.74	21.41	28.76	28.76	3.16	1.65	26.891403	24.481959	25.698390	0.560559
17.75	21.41	28.76	28.76	3.16	1.65	26.890512	24.482582	25.698292	0.560547
17.75	21.41	28.75	28.75	3.16	1.65	26.889619	24.483201	25.698192	0.560536
17.75	21.41	28.75	28.75	3.16	1.65	26.888726	24.483818	25.698090	0.560525
17.76	21.41	28.75	28.75	3.16	1.65	26.887832	24.484432	25.697987	0.560514
17.76	21.41	28.74	28.74	3.16	1.65	26.886938	24.485043	25.697881	0.560502
17.76	21.41	28.74	28.74	3.16	1.65	26.886042	24.485651	25.697774	0.560491
17.76	21.41	28.74	28.74	3.16	1.65	26.885146	24.486256	25.697665	0.560480
17.77	21.41	28.73	28.73	3.16	1.65	26.884248	24.486858	25.697554	0.560469
17.77	21.41	28.73	28.73	3.16	1.65	26.883350	24.487458	25.697441	0.560457
17.77	21.41	28.73	28.73	3.16	1.65	26.882451	24.488054	25.697326	0.560446
17.77	21.41	28.72	28.72	3.16	1.65	26.881551	24.488648	25.697209	0.560435
17.78	21.41	28.72	28.72	3.16	1.65	26.880651	24.489239	25.697091	0.560424
17.78	21.41	28.72	28.72	3.16	1.65	26.879749	24.489827	25.696970	0.560413
17.78	21.41	28.71	28.71	3.16	1.65	26.878847	24.490412	25.696848	0.560401
17.79	21.41	28.71	28.71	3.16	1.65	26.877943	24.490994	25.696724	0.560390
17.79	21.41	28.71	28.71	3.16	1.65	26.877039	24.491573	25.696598	0.560379
17.79	21.41	28.70	28.70	3.16	1.65	26.876134	24.492150	25.696471	0.560368
17.79	21.41	28.70	28.70	3.16	1.65	26.875228	24.492724	25.696341	0.560357
17.80	21.41	28.70	28.70	3.16	1.65	26.874321	24.493295	25.696210	0.560346
17.80	21.41	28.69	28.69	3.16	1.65	26.873413	24.493863	25.696076	0.560334
17.80	21.41	28.69	28.69	3.16	1.65	26.872504	24.494428	25.695941	0.560323
17.81	21.41	28.69	28.69	3.16	1.65	26.871594	24.494991	25.695804	0.560312
17.81	21.41	28.68	28.68	3.16	1.65	26.870684	24.495551	25.695665	0.560301
17.81	21.41	28.68	28.68	3.16	1.65	26.869772	24.496108	25.695524	0.560290
17.81	21.41	28.68	28.68	3.16	1.65	26.868859	24.496662	25.695382	0.560279
17.82	21.41	28.67	28.67	3.16	1.65	26.867945	24.497213	25.695237	0.560268
17.82	21.41	28.67	28.67	3.16	1.65	26.867031	24.497762	25.695091	0.560257
17.82	21.41	28.67	28.67	3.16	1.65	26.866115	24.498308	25.694943	0.560245
17.82	21.41	28.66	28.66	3.16	1.65	26.865198	24.498851	25.694793	0.560234
17.83	21.41	28.66	28.66	3.16	1.65	26.864280	24.499392	25.694641	0.560223
17.83	21.41	28.66	28.66	3.16	1.65	26.863362	24.499929	25.694487	0.560212
17.83	21.41	28.65	28.65	3.16	1.65	26.862442	24.500464	25.694331	0.560201
17.84	21.41	28.65	28.65	3.16	1.65	26.861521	24.500996	25.694174	0.560190
17.84	21.41	28.65	28.65	3.16	1.65	26.860599	24.501526	25.694015	0.560179
17.84	21.41	28.64	28.64	3.16	1.65	26.859676	24.502053	25.693853	0.560168
17.84	21.41	28.64	28.64	3.16	1.64	26.858752	24.502577	25.693690	0.560157
17.85	21.41	28.64	28.64	3.16	1.64	26.857827	24.503098	25.693525	0.560146
17.85	21.41	28.63	28.63	3.16	1.64	26.856901	24.503617	25.693359	0.560135
17.85	21.41	28.63	28.63	3.16	1.64	26.855973	24.504132	25.693190	0.560124
17.86	21.41	28.63	28.63	3.16	1.64	26.855045	24.504646	25.693019	0.560113
17.86	21.41	28.62	28.62	3.16	1.64	26.854116	24.505156	25.692847	0.560102
17.86	21.41	28.62	28.62	3.16	1.64	26.853185	24.505664	25.692672	0.560091
17.86	21.41	28.62	28.62	3.16	1.64	26.852253	24.506169	25.692496	0.560080
17.87	21.41	28.61	28.61	3.16	1.64	26.851321	24.506672	25.692318	0.560069
17.87	21.41	28.61	28.61	3.16	1.64	26.850387	24.507171	25.692138	0.560058
17.87	21.41	28.61	28.61	3.16	1.64	26.849451	24.507669	25.691956	0.560047
17.88	21.41	28.60	28.60	3.16	1.64	26.848515	24.508163	25.691773	0.560036
17.88	21.41	28.60	28.60	3.16	1.64	26.847578	24.508655	25.691587	0.560025
17.88	21.41	28.59	28.59	3.16	1.64	26.846639	24.509144	25.691400	0.560014
17.88	21.41	28.59	28.59	3.16	1.64	26.845699	24.509630	25.691210	0.560003
17.89	21.41	28.59	28.59	3.16	1.64	26.844758	24.510114	25.691019	0.559992
17.89	21.41	28.58	28.58	3.16	1.64	26.843816	24.510596	25.690826	0.559981
17.89	21.41	28.58	28.58	3.16	1.64	26.842873	24.511074	25.690631	0.559970
17.89	21.41	28.58	28.58	3.16	1.64	26.841928	24.511550	25.690434	0.559959
17.90	21.41	28.57	28.57	3.16	1.64	26.840983	24.512024	25.690235	0.559948
17.90	21.41	28.57	28.57	3.16	1.64	26.840036	24.512494	25.690035	0.559937
17.90	21.41	28.57	28.57	3.16	1.64	26.839088	24.512962	25.689832	0.559926
17.91	21.41	28.56	28.56	3.16	1.64	26.838138	24.513428	25.689628	0.559915
17.91	21.41	28.56	28.56	3.16	1.64	26.837188	24.513891	25.689422	0.559904
17.91	21.41	28.56	28.56	3.16	1.64	26.836236	24.514351	25.689213	0.559893
17.91	21.41	28.55	28.55	3.16	1.64	26.835282	24.514809	25.689003	0.559882
17.92	21.41	28.55	28.55	3.16	1.64	26.834328	24.515264	25.688791	0.559871
17.92	21.41	28.55	28.55	3.16	1.64	26.833372	24.515717	25.688577	0.559860
17.92	21.41	28.54	28.54	3.16	1.64	26.832415	24.516167	25.688362	0.559849
17.93	21.41	28.54	28.54	3.16	1.64	26.831457	24.516614	25.688144	0.559838
17.93	21.41	28.53	28.53	3.16	1.64	26.830498	24.517059	25.687924	0.559827
17.93	21.41	28.53	28.53	3.16	1.64	26.829537	24.517501	25.687703	0.559816
17.93	21.41	28.53	28.53	3.16	1.64	26.828575	24.517941	25.687480	0.559805
17.94	21.41	28.52	28.52	3.16	1.64	26.827611	24.518378	25.687254	0.559795
17.94	21.41	28.52	28.52	3.16	1.64	26.826646	24.518813	25.687027	0.559784
17.94	21.41	28.52	28.52	3.16	1.64	26.825680	24.519245	25.686798	0.559773
17.94	21.41	28.51	28.51	3.16	1.63	26.824713	24.519674	25.686567	0.559762
17.95	21.41	28.51	28.51	3.16	1.63	26.823744	24.520101	25.686334	0.559751
17.95	21.41	28.51	28.51	3.16	1.63	26.822774	24.520526	25.686099	0.559740
17.95	21.41	28.50	28.50	3.16	1.63	26.821803	24.520947	25.685863	0.559729
17.96	21.41	28.50	28.50	3.16	1.63	26.820830	24.521367	25.685624	0.559718
17.96	21.41	28.49	28.49	3.16	1.63	26.819856	24.521784	25.685384	0.559707
17.96	21.41	28.49	28.49	3.16	1.63	26.818880	24.522198	25.685141	0.559696
17.96	21.41	28.49	28.49	3.16	1.63	26.817903	24.522610	25.684897	0.559685
17.97	21.41	28.48	28.48	3.16	1.63	26.816925	24.523019	25.684650	0.559674
17.97	21.41	28.48	28.48	3.16	1.63	26.815945	24.523426	25.684402	0.559664
17.97	21.41	28.48	28.48	3.16	1.63	26.814964	24.523830	25.684152	0.559653
17.98	21.41	28.47	28.47	3.16	1.63	26.813982	24.524232	25.683900	0.559642
17.98	21.41	28.47	28.47	3.16	1.63	26.812998	24.524631	25.683646	0.559631
17.98	21.41	28.47	28.47	3.16	1.63	26.812012	24.525028	25.683390	0.559620
17.98	21.41	28.46	28.46	3.16	1.63	26.811026	24.525423	25.683133	0.559609
17.99	21.41	28.46	28.46	3.16	1.63	26.810037	24.525814	25.682873	0.559598
17.99	21.41	28.45	28.45	3.16	1.63	26.809048	24.526204	25.682611	0.559587
17.99	21.41	28.45	28.45	3.16	1.63	26.808057	24.526591	25.682348	0.559576
17.99	21.41	28.45	28.45	3.16	1.63	26.807064	24.526975	25.682082	0.559565
18.00	21.41	28.44	28.44	3.16	1.63	26.806070	24.527357	25.681815	0.559555
18.00	21.41	28.44	28.44	3.16	1.63	26.805075	24.527737	25.681545	0.559544
18.00	21.41	28.44	28.44	3.16	1.63	26.804078	24.528114	25.681274	0.559533
18.01	21.41	28.43	28.43	3.16	1.63	26.803079	24.528488	25.681001	0.559522
18.01	21.41	28.43	28.43	3.16	1.63	26.802080	24.528861	25.680726	0.559511
18.01	21.41	28.42	28.42	3.16	1.63	26.801078	24.529230	25.680449	0.559500
18.01	21.41	28.42	28.42	3.16	1.63	26.800075	24.529598	25.680170	0.559489
18.02	21.41	28.42	28.42	3.16	1.63	26.799071	24.529962	25.679889	0.559478
18.02	21.41	28.41	28.41	3.16	1.63	26.798065	24.530325	25.679606	0.559467
18.02	21.41	28.41	28.41	3.16	1.63	26.797058	24.530685	25.679321	0.559456
18.02	21.41	28.41	28.41	3.16	1.63	26.796049	24.531042	25.679034	0.559446
18.03	21.41	28.40	28.40	3.16	1.63	26.795038	24.531397	25.678746	0.559435
18.03	21.41	28.40	28.40	3.16	1.63	26.794026	24.531750	25.678455	0.559424
18.03	21.41	28.39	28.39	3.16	1.63	26.793013	24.532101	25.678162	0.559413
18.04	21.41	28.39	28.39	3.16	1.63	26.791998	24.532448	25.677868	0.559402
18.04	21.41	28.39	28.39	3.16	1.63	26.790981	24.532794	25.677571	0.559391
18.04	21.41	28.38	28.38	3.16	1.63	26.789963	24.533137	25.677273	0.559380
18.04	21.41	28.38	28.38	3.16	1.63	26.788944	24.533478	25.676973	0.559369
18.05	21.41	28.38	28.38	3.16	1.63	26.787922	24.533816	25.676670	0.559358
18.05	21.41	28.37	28.37	3.16	1.62	26.786899	24.534152	25.676366	0.559347
18.05	21.41	28.37	28.37	3.16	1.62	26.785875	24.534485	25.676060	0.559337
18.06	21.41	28.36	28.36	3.16	1.62	26.784849	24.534817	25.675751	0.559326
18.06	21.41	28.36	28.36	3.16	1.62	26.783821	24.535145	25.675441	0.559315
18.06	21.41	28.36	28.36	3.16	1.62	26.782792	24.535472	25.675129	0.559304
18.06	21.41	28.35	28.35	3.16	1.62	26.781761	24.535796	25.674815	0.559293
18.07	21.41	28.35	28.35	3.16	1.62	26.780729	24.536117	25.674499	0.559282
18.07	21.41	28.34	28.34	3.16	1.62	26.779695	24.536436	25.674181	0.559271
18.07	21.41	28.34	28.34	3.16	1.62	26.778659	24.536753	25.673861	0.559260
18.07	21.41	28.34	28.34	3.16	1.62	26.777622	24.537068	25.673539	0.559249
18.08	21.41	28.33	28.33	3.16	1.62	26.776583	24.537380	25.673216	0.559238
18.08	21.41	28.33	28.33	3.16	1.62	26.775543	24.537690	25.672890	0.559228
18.08	21.41	28.33	28.33	3.16	1.62	26.774500	24.537997	25.672562	0.559217
18.09	21.41	28.32	28.32	3.16	1.62	26.773457	24.538302	25.672232	0.559206
18.09	21.41	28.32	28.32	3.16	1.62	26.772411	24.538605	25.671900	0.559195
18.09	21.41	28.31	28.31	3.16	1.62	26.771364	24.538906	25.671567	0.559184
18.09	21.41	28.31	28.31	3.16	1.62	26.770315	24.539204	25.671231	0.559173
18.10	21.41	28.31	28.31	3.16	1.62	26.769265	24.539500	25.670893	0.559162
18.10	21.41	28.30	28.30	3.16	1.62	26.768212	24.539793	25.670554	0.559151
18.10	21.41	28.30	28.30	3.16	1.62	26.767159	24.540084	25.670212	0.559140
18.11	21.41	28.29	28.29	3.16	1.62	26.766103	24.540373	25.669869	0.559129
18.11	21.41	28.29	28.29	3.16	1.62	26.765046	24.540659	25.669523	0.559118
18.11	21.41	28.29	28.29	3.16	1.62	26.763987	24.540944	25.669176	0.559107
18.11	21.41	28.28	28.28	3.16	1.62	26.762926	24.541225	25.668826	0.559096
18.12	21.41	28.28	28.28	3.16	1.62	26.761864	24.541505	25.668475	0.559085
18.12	21.41	28.27	28.27	3.16	1.62	26.760800	24.541782	25.668121	0.559075
18.12	21.41	28.27	28.27	3.16	1.62	26.759734	24.542057	25.667766	0.559064
18.12	21.41	28.27	28.27	3.16	1.62	26.758667	24.542330	25.667408	0.559053
18.13	21.41	28.26	28.26	3.16	1.62	26.757597	24.542600	25.667049	0.559042
18.13	21.41	28.26	28.26	3.16	1.62	26.756527	24.542868	25.666688	0.559031
18.13	21.41	28.26	28.26	3.16	1.62	26.755454	24.543134	25.666324	0.559020
18.14	21.41	28.25	28.25	3.16	1.62	26.754379	24.543397	25.665959	0.559009
18.14	21.41	28.25	28.25	3.16	1.62	26.753303	24.543658	25.665592	0.558998
18.14	21.41	28.24	28.24	3.16	1.62	26.752225	24.543917	25.665222	0.558987
18.14	21.41	28.24	28.24	3.16	1.62	26.751146	24.544174	25.664851	0.558976
18.15	21.41	28.24	28.24	3.16	1.62	26.750064	24.544428	25.664478	0.558965
18.15	21.41	28.23	28.23	3.16	1.62	26.748981	24.544680	25.664102	0.558954
18.15	21.41	28.23	28.23	3.16	1.61	26.747896	24.544930	25.663725	0.558943
18.16	21.41	28.22	28.22	3.16	1.61	26.746809	24.545177	25.663346	0.558932
18.16	21.41	28.22	28.22	3.16	1.61	26.745720	24.545423	25.662965	0.558921
18.16	21.41	28.22	28.22	3.16	1.61	26.744630	24.545666	25.662581	0.558910
18.16	21.41	28.21	28.21	3.16	1.61	26.743538	24.545906	25.662196	0.558899
18.17	21.41	28.21	28.21	3.16	1.61	26.742444	24.546145	25.661809	0.558888
18.17	21.41	28.20	28.20	3.16	1.61	26.741348	24.546381	25.661419	0.558877
18.17	21.41	28.20	28.20	3.16	1.61	26.740250	24.546615	25.661028	0.558866
18.18	21.41	28.20	28.20	3.16	1.61	26.739151	24.546847	25.660635	0.558855
18.18	21.41	28.19	28.19	3.16	1.61	26.738050	24.547076	25.660239	0.558844
18.18	21.41	28.19	28.19	3.16	1.61	26.736947	24.547303	25.659842	0.558833
18.18	21.41	28.18	28.18	3.16	1.61	26.735842	24.547528	25.659443	0.558822
18.19	21.41	28.18	28.18	3.16	1.61	26.734735	24.547751	25.659042	0.558811
18.19	21.41	28.18	28.18	3.16	1.61	26.733627	24.547972	25.658638	0.558800
18.19	21.41	28.17	28.17	3.16	1.61	26.732516	24.548190	25.658233	0.558789
18.19	21.41	28.17	28.17	3.16	1.61	26.731404	24.548406	25.657826	0.558778
18.20	21.41	28.16	28.16	3.16	1.61	26.730290	24.548620	25.657416	0.558767
18.20	21.41	28.16	28.16	3.16	1.61	26.729174	24.548831	25.657005	0.558756
18.20	21.41	28.15	28.15	3.16	1.61	26.728056	24.549041	25.656591	0.558745
18.21	21.41	28.15	28.15	3.16	1.61	26.726936	24.549248	25.656176	0.558734
18.21	21.41	28.15	28.15	3.16	1.61	26.725815	24.549453	25.655759	0.558723
18.21	21.41	28.14	28.14	3.16	1.61	26.724691	24.549656	25.655339	0.558712
18.21	21.41	28.14	28.14	3.16	1.61	26.723566	24.549856	25.654918	0.558701
18.22	21.41	28.13	28.13	3.16	1.61	26.722439	24.550055	25.654494	0.558690
18.22	21.41	28.13	28.13	3.16	1.61	26.721309	24.550251	25.654069	0.558678
18.22	21.41	28.13	28.13	3.16	1.61	26.720178	24.550445	25.653641	0.558667
18.23	21.41	28.12	28.12	3.16	1.61	26.719045	24.550636	25.653212	0.558656
18.23	21.41	28.12	28.12	3.16	1.61	26.717911	24.550826	25.652780	0.558645
18.23	21.41	28.11	28.11	3.16	1.61	26.716774	24.551013	25.652347	0.558634
18.23	21.41	28.11	28.11	3.16	1.61	26.715635	24.551198	25.651911	0.558623
18.24	21.41	28.11	28.11	3.16	1.61	26.714495	24.551381	25.651473	0.558612
18.24	21.41	28.10	28.10	3.16	1.61	26.713352	24.551562	25.651034	0.558601
18.24	21.41	28.10	28.10	3.16	1.61	26.712208	24.551741	25.650592	0.558590
18.24	21.41	28.09	28.09	3.16	1.61	26.711061	24.551917	25.650148	0.558579
18.25	21.41	28.09	28.09	3.16	1.61	26.709913	24.552091	25.649702	0.558567
18.25	21.41	28.08	28.08	3.16	1.61	26.708763	24.552264	25.649255	0.558556
18.25	21.41	28.08	28.08	3.16	1.61	26.707611	24.552433	25.648805	0.558545
18.26	21.41	28.08	28.08	3.16	1.61	26.706457	24.552601	25.648353	0.558534
18.26	21.41	28.07	28.07	3.16	1.60	26.705300	24.552767	25.647899	0.558523
18.26	21.41	28.07	28.07	3.16	1.60	26.704142	24.552930	25.647443	0.558512
18.26	21.41	28.06	28.06	3.16	1.60	26.702982	24.553091	25.646985	0.558501
18.27	21.41	28.06	28.06	3.16	1.60	26.701820	24.553250	25.646525	0.558489
18.27	21.41	28.06	28.06	3.16	1.60	26.700656	24.553407	25.646063	0.558478
18.27	21.41	28.05	28.05	3.16	1.60	26.699491	24.553562	25.645599	0.558467
18.27	21.41	28.05	28.05	3.16	1.60	26.698323	24.553715	25.645133	0.558456
18.28	21.41	28.04	28.04	3.16	1.60	26.697153	24.553865	25.644665	0.558445
18.28	21.41	28.04	28.04	3.16	1.60	26.695981	24.554013	25.644194	0.558434
18.28	21.41	28.03	28.03	3.16	1.60	26.694807	24.554160	25.643722	0.558422
18.29	21.41	28.03	28.03	3.16	1.60	26.693631	24.554304	25.643248	0.558411
18.29	21.41	28.03	28.03	3.16	1.60	26.692453	24.554445	25.642772	0.558400
18.29	21.41	28.02	28.02	3.16	1.60	26.691273	24.554585	25.642293	0.558389
18.29	21.41	28.02	28.02	3.16	1.60	26.690092	24.554723	25.641813	0.558377
18.30	21.41	28.01	28.01	3.16	1.60	26.688908	24.554858	25.641330	0.558366
18.30	21.41	28.01	28.01	3.16	1.60	26.687722	24.554992	25.640846	0.558355
18.30	21.41	28.01	28.01	3.16	1.60	26.686534	24.555123	25.640359	0.558344
18.31	21.41	28.00	28.00	3.16	1.60	26.685344	24.555252	25.639870	0.558333
18.31	21.41	28.00	28.00	3.16	1.60	26.684152	24.555379	25.639380	0.558321
18.31	21.41	27.99	27.99	3.16	1.60	26.682958	24.555504	25.638887	0.558310
18.31	21.41	27.99	27.99	3.16	1.60	26.681762	24.555626	25.638392	0.558299
18.32	21.41	27.98	27.98	3.16	1.60	26.680564	24.555747	25.637895	0.558287
18.32	21.41	27.98	27.98	3.16	1.60	26.679364	24.555865	25.637396	0.558276
18.32	21.41	27.98	27.98	3.16	1.60	26.678161	24.555982	25.636895	0.558265
18.32	21.41	27.97	27.97	3.16	1.60	26.676957	24.556096	25.636392	0.558254
18.33	21.41	27.97	27.97	3.16	1.60	26.675751	24.556208	25.635887	0.558242
18.33	21.41	27.96	27.96	3.16	1.60	26.674542	24.556318	25.635380	0.558231
18.33	21.41	27.96	27.96	3.16	1.60	26.673332	24.556426	25.634871	0.558220
18.34	21.41	27.95	27.95	3.16	1.60	26.672119	24.556532	25.634360	0.558208
18.34	21.41	27.95	27.95	3.16	1.60	26.670905	24.556635	25.633846	0.558197
18.34	21.41	27.95	27.95	3.16	1.60	26.669688	24.556737	25.633331	0.558186
18.34	21.41	27.94	27.94	3.16	1.60	26.668470	24.556837	25.632813	0.558174
18.35	21.41	27.94	27.94	3.16	1.60	26.667249	24.556934	25.632294	0.558163
18.35	21.41	27.93	27.93	3.16	1.60	26.666026	24.557029	25.631772	0.558152
18.35	21.41	27.93	27.93	3.16	1.60	26.664801	24.557123	25.631249	0.558140
18.36	21.41	27.92	27.92	3.16	1.60	26.663574	24.557214	25.630723	0.558129
18.36	21.41	27.92	27.92	3.16	1.60	26.662345	24.557303	25.630195	0.558117
18.36	21.41	27.91	27.91	3.16	1.59	26.661113	24.557390	25.629665	0.558106
18.36	21.41	27.91	27.91	3.16	1.59	26.659880	24.557475	25.629133	0.558095
18.37	21.41	27.91	27.91	3.16	1.59	26.658644	24.557557	25.628599	0.558083
18.37	21.41	27.90	27.90	3.16	1.59	26.657407	24.557638	25.628063	0.558072
18.37	21.41	27.90	27.90	3.16	1.59	26.656167	24.557717	25.627525	0.558060
18.38	21.41	27.89	27.89	3.16	1.59	26.654925	24.557793	25.626985	0.558049
18.38	21.41	27.89	27.89	3.16	1.59	26.653681	24.557868	25.626442	0.558038
18.38	21.41	27.88	27.88	3.16	1.59	26.652435	24.557940	25.625898	0.558026
18.38	21.41	27.88	27.88	3.16	1.59	26.651187	24.558011	25.625351	0.558015
18.39	21.41	27.88	27.88	3.16	1.59	26.649937	24.558079	25.624803	0.558003
18.39	21.41	27.87	27.87	3.16	1.59	26.648684	24.558145	25.624252	0.557992
18.39	21.41	27.87	27.87	3.16	1.59	26.647430	24.558209	25.623699	0.557980
18.39	21.41	27.86	27.86	3.16	1.59	26.646173	24.558271	25.623145	0.557969
18.40	21.41	27.86	27.86	3.16	1.59	26.644914	24.558331	25.622588	0.557957
18.40	21.41	27.85	27.85	3.16	1.59	26.643653	24.558389	25.622029	0.557946
18.40	21.41	27.85	27.85	3.16	1.59	26.642389	24.558445	25.621468	0.557934
18.41	21.41	27.84	27.84	3.16	1.59	26.641124	24.558499	25.620905	0.557923
18.41	21.41	27.84	27.84	3.16	1.59	26.639856	24.558551	25.620339	0.557911
18.41	21.41	27.84	27.84	3.16	1.59	26.638587	24.558601	25.619772	0.557900
18.41	21.41	27.83	27.83	3.16	1.59	26.637315	24.558648	25.619203	0.557888
18.42	21.41	27.83	27.83	3.16	1.59	26.636041	24.558694	25.618631	0.557877
18.42	21.41	27.82	27.82	3.16	1.59	26.634765	24.558738	25.618058	0.557865
18.42	21.41	27.82	27.82	3.16	1.59	26.633486	24.558779	25.617482	0.557853
18.43	21.41	27.81	27.81	3.16	1.59	26.632206	24.558819	25.616904	0.557842
18.43	21.41	27.81	27.81	3.16	1.59	26.630923	24.558856	25.616324	0.557830
18.43	21.41	27.80	27.80	3.16	1.59	26.629638	24.558892	25.615742	0.557819
18.43	21.41	27.80	27.80	3.16	1.59	26.628351	24.558925	25.615158	0.557807
18.44	21.41	27.80	27.80	3.16	1.59	26.627061	24.558957	25.614572	0.557795
18.44	21.41	27.79	27.79	3.16	1.59	26.625770	24.558986	25.613984	0.557784
18.44	21.41	27.79	27.79	3.16	1.59	26.624476	24.559013	25.613394	0.557772
18.44	21.41	27.78	27.78	3.16	1.59	26.623180	24.559039	25.612801	0.557761
18.45	21.41	27.78	27.78	3.16	1.59	26.621882	24.559062	25.612207	0.557749
18.45	21.41	27.77	27.77	3.16	1.59	26.620581	24.559083	25.611610	0.557737
18.45	21.41	27.77	27.77	3.16	1.59	26.619279	24.559102	25.611011	0.557726
18.46	21.41	27.76	27.76	3.16	1.59	26.617974	24.559120	25.610410	0.557714
18.46	21.41	27.76	27.76	3.16	1.59	26.616667	24.559135	25.609808	0.557702
18.46	21.41	27.76	27.76	3.16	1.58	26.615357	24.559148	25.609203	0.557691
18.46	21.41	27.75	27.75	3.16	1.58	26.614046	24.559159	25.608595	0.557679
18.47	21.41	27.75	27.75	3.16	1.58	26.612732	24.559168	25.607986	0.557667
18.47	21.41	27.74	27.74	3.16	1.58	26.611416	24.559175	25.607375	0.557655
18.47	21.41	27.74	27.74	3.16	1.58	26.610098	24.559180	25.606761	0.557644
18.48	21.41	27.73	27.73	3.16	1.58	26.608778	24.559183	25.606146	0.557632
18.48	21.41	27.73	27.73	3.16	1.58	26.607455	24.559184	25.605528	0.557620
18.48	21.41	27.72	27.72	3.16	1.58	26.606130	24.559184	25.604908	0.557608
18.48	21.41	27.72	27.72	3.16	1.58	26.604803	24.559181	25.604287	0.557597
18.49	21.41	27.71	27.71	3.16	1.58	26.603473	24.559176	25.603663	0.557585
18.49	21.41	27.71	27.71	3.16	1.58	26.602142	24.559169	25.603036	0.557573
18.49	21.41	27.71	27.71	3.16	1.58	26.600808	24.559160	25.602408	0.557561
18.49	21.41	27.70	27.70	3.16	1.58	26.599471	24.559149	25.601778	0.557549
18.50	21.41	27.70	27.70	3.16	1.58	26.598133	24.559136	25.601146	0.557538
18.50	21.41	27.69	27.69	3.16	1.58	26.596792	24.559121	25.600511	0.557526
18.50	21.41	27.69	27.69	3.16	1.58	26.595449	24.559104	25.599874	0.557514
18.51	21.41	27.68	27.68	3.16	1.58	26.594104	24.559085	25.599236	0.557502
18.51	21.41	27.68	27.68	3.16	1.58	26.592756	24.559064	25.598595	0.557490
18.51	21.41	27.67	27.67	3.16	1.58	26.591407	24.559041	25.597952	0.557478
18.51	21.41	27.67	27.67	3.16	1.58	26.590054	24.559016	25.597307	0.557466
18.52	21.41	27.66	27.66	3.16	1.58	26.588700	24.558990	25.596659	0.557454
18.52	21.41	27.66	27.66	3.16	1.58	26.587343	24.558961	25.596010	0.557443
18.52	21.41	27.66	27.66	3.16	1.58	26.585984	24.558930	25.595359	0.557431
18.52	21.41	27.65	27.65	3.16	1.58	26.584623	24.558897	25.594705	0.557419
18.53	21.41	27.65	27.65	3.16	1.58	26.583259	24.558862	25.594049	0.557407
18.53	21.41	27.64	27.64	3.16	1.58	26.581894	24.558825	25.593391	0.557395
18.53	21.41	27.64	27.64	3.16	1.58	26.580525	24.558787	25.592731	0.557383
18.54	21.41	27.63	27.63	3.16	1.58	26.579155	24.558746	25.592069	0.557371
18.54	21.41	27.63	27.63	3.16	1.58	26.577782	24.558703	25.591405	0.557359
18.54	21.41	27.62	27.62	3.16	1.58	26.576407	24.558658	25.590739	0.557347
18.54	21.41	27.62	27.62	3.16	1.58	26.575030	24.558612	25.590070	0.557335
18.55	21.41	27.61	27.61	3.16	1.58	26.573650	24.558563	25.589400	0.557323
18.55	21.41	27.61	27.61	3.16	1.58	26.572268	24.558512	25.588727	0.557311
18.55	21.41	27.60	27.60	3.16	1.58	26.570883	24.558460	25.588052	0.557299
18.56	21.41	27.60	27.60	3.16	1.58	26.569497	24.558405	25.587375	0.557287
18.56	21.41	27.60	27.60	3.16	1.58	26.568108	24.558349	25.586696	0.557275
18.56	21.41	27.59	27.59	3.16	1.57	26.566716	24.558290	25.586015	0.557263
18.56	21.41	27.59	27.59	3.16	1.57	26.565323	24.558230	25.585332	0.557251
18.57	21.41	27.58	27.58	3.16	1.57	26.563927	24.558167	25.584646	0.557238
18.57	21.41	27.58	27.58	3.16	1.57	26.562528	24.558103	25.583959	0.557226
18.57	21.41	27.57	27.57	3.16	1.57	26.561128	24.558037	25.583269	0.557214
18.57	21.41	27.57	27.57	3.16	1.57	26.559725	24.557968	25.582577	0.557202
18.58	21.41	27.56	27.56	3.16	1.57	26.558319	24.557898	25.581883	0.557190
18.58	21.41	27.56	27.56	3.16	1.57	26.556911	24.557826	25.581187	0.557178
18.58	21.41	27.55	27.55	3.16	1.57	26.555501	24.557752	25.580489	0.557166
18.59	21.41	27.55	27.55	3.16	1.57	26.554089	24.557676	25.579788	0.557154
18.59	21.41	27.54	27.54	3.16	1.57	26.552674	24.557598	25.579086	0.557141
18.59	21.41	27.54	27.54	3.16	1.57	26.551257	24.557518	25.578381	0.557129
18.59	21.41	27.53	27.53	3.16	1.57	26.549838	24.557436	25.577674	0.557117
18.60	21.41	27.53	27.53	3.16	1.57	26.548416	24.557352	25.576965	0.557105
18.60	21.41	27.52	27.52	3.16	1.57	26.546991	24.557266	25.576254	0.557092
18.60	21.41	27.52	27.52	3.16	1.57	26.545565	24.557178	25.575541	0.557080
18.61	21.41	27.52	27.52	3.16	1.57	26.544136	24.557089	25.574825	0.557068
18.61	21.41	27.51	27.51	3.16	1.57	26.542705	24.556997	25.574108	0.557056
18.61	21.41	27.51	27.51	3.16	1.57	26.541271	24.556903	25.573388	0.557043
18.61	21.41	27.50	27.50	3.16	1.57	26.539835	24.556808	25.572666	0.557031
18.62	21.41	27.50	27.50	3.16	1.57	26.538396	24.556710	25.571943	0.557019
18.62	21.41	27.49	27.49	3.16	1.57	26.536955	24.556611	25.571216	0.557007
18.62	21.41	27.49	27.49	3.15	1.57	26.535512	24.556509	25.570488	0.556994
18.62	21.41	27.48	27.48	3.15	1.57	26.534066	24.556406	25.569758	0.556982
18.63	21.41	27.48	27.48	3.15	1.57	26.532618	24.556301	25.569025	0.556970
18.63	21.41	27.47	27.47	3.15	1.57	26.531168	24.556194	25.568291	0.556957
18.63	21.41	27.47	27.47	3.15	1.57	26.529715	24.556085	25.567554	0.556945
18.64	21.41	27.46	27.46	3.15	1.57	26.528260	24.555974	25.566815	0.556932
18.64	21.41	27.46	27.46	3.15	1.57	26.526802	24.555861	25.566074	0.556920
18.64	21.41	27.45	27.45	3.15	1.57	26.525342	24.555746	25.565330	0.556908
18.64	21.41	27.45	27.45	3.15	1.57	26.523880	24.555629	25.564585	0.556895
18.65	21.41	27.44	27.44	3.15	1.57	26.522415	24.555510	25.563837	0.556883
18.65	21.41	27.44	27.44	3.15	1.57	26.520948	24.555390	25.563088	0.556870
18.65	21.41	27.43	27.43	3.15	1.57	26.519478	24.555267	25.562336	0.556858
18.66	21.41	27.43	27.43	3.15	1.57	26.518006	24.555143	25.561582	0.556845
18.66	21.41	27.42	27.42	3.15	1.56	26.516532	24.555016	25.560826	0.556833
18.66	21.41	27.42	27.42	3.15	1.56	26.515055	24.554888	25.560067	0.556820
18.66	21.41	27.41	27.41	3.15	1.56	26.513576	24.554758	25.559307	0.556808
18.67	21.41	27.41	27.41	3.15	1.56	26.512094	24.554625	25.558544	0.556795
18.67	21.41	27.40	27.40	3.15	1.56	26.510610	24.554491	25.557779	0.556783
18.67	21.41	27.40	27.40	3.15	1.56	26.509123	24.554355	25.557012	0.556770
18.68	21.41	27.39	27.39	3.15	1.56	26.507634	24.554217	25.556243	0.556758
18.68	21.41	27.39	27.39	3.15	1.56	26.506143	24.554078	25.555472	0.556745
18.68	21.41	27.39	27.39	3.15	1.56	26.504649	24.553936	25.554699	0.556733
18.68	21.41	27.38	27.38	3.15	1.56	26.503152	24.553792	25.553923	0.556720
18.69	21.41	27.38	27.38	3.15	1.56	26.501654	24.553647	25.553145	0.556707
18.69	21.41	27.37	27.37	3.15	1.56	26.500153	24.553499	25.552365	0.556695
18.69	21.41	27.37	27.37	3.15	1.56	26.498649	24.553350	25.551583	0.556682
18.69	21.41	27.36	27.36	3.15	1.56	26.497143	24.553199	25.550799	0.556669
18.70	21.41	27.36	27.36	3.15	1.56	26.495634	24.553045	25.550013	0.556657
18.70	21.41	27.35	27.35	3.15	1.56	26.494123	24.552890	25.549224	0.556644
18.70	21.41	27.35	27.35	3.15	1.56	26.492610	24.552733	25.548434	0.556631
18.71	21.41	27.34	27.34	3.15	1.56	26.491094	24.552574	25.547641	0.556619
18.71	21.41	27.34	27.34	3.15	1.56	26.489576	24.552414	25.546846	0.556606
18.71	21.41	27.33	27.33	3.15	1.56	26.488055	24.552251	25.546048	0.556593
18.71	21.41	27.33	27.33	3.15	1.56	26.486532	24.552086	25.545249	0.556580
18.72	21.41	27.32	27.32	3.15	1.56	26.485006	24.551920	25.544448	0.556568
18.72	21.41	27.32	27.32	3.15	1.56	26.483478	24.551751	25.543644	0.556555
18.72	21.41	27.31	27.31	3.15	1.56	26.481947	24.551581	25.542838	0.556542
18.73	21.41	27.31	27.31	3.15	1.56	26.480414	24.551409	25.542030	0.556529
18.73	21.41	27.30	27.30	3.15	1.56	26.478878	24.551235	25.541220	0.556516
18.73	21.41	27.30	27.30	3.15	1.56	26.477340	24.551059	25.540407	0.556504
18.73	21.41	27.29	27.29	3.15	1.56	26.475800	24.550881	25.539593	0.556491
18.74	21.41	27.29	27.29	3.15	1.56	26.474257	24.550701	25.538776	0.556478
18.74	21.41	27.28	27.28	3.15	1.56	26.472711	24.550520	25.537957	0.556465
18.74	21.41	27.28	27.28	3.15	1.56	26.471164	24.550336	25.537136	0.556452
18.74	21.41	27.27	27.27	3.15	1.56	26.469613	24.550151	25.536313	0.556439
18.75	21.41	27.27	27.27	3.15	1.56	26.468060	24.549964	25.535488	0.556426
18.75	21.41	27.26	27.26	3.15	1.55	26.466505	24.549774	25.534660	0.556413
18.75	21.41	27.26	27.26	3.15	1.55	26.464947	24.549583	25.533830	0.556400
18.76	21.41	27.25	27.25	3.15	1.55	26.463386	24.549390	25.532998	0.556388
18.76	21.41	27.25	27.25	3.15	1.55	26.461824	24.549196	25.532164	0.556375
18.76	21.41	27.24	27.24	3.15	1.55	26.460258	24.548999	25.531328	0.556362
18.76	21.41	27.24	27.24	3.15	1.55	26.458690	24.548800	25.530490	0.556349
18.77	21.41	27.23	27.23	3.15	1.55	26.457120	24.548600	25.529649	0.556336
18.77	21.41	27.23	27.23	3.15	1.55	26.455547	24.548397	25.528806	0.556323
18.77	21.41	27.22	27.22	3.15	1.55	26.453972	24.548193	25.527961	0.556309
18.77	21.41	27.22	27.22	3.15	1.55	26.452394	24.547987	25.527114	0.556296
18.78	21.41	27.21	27.21	3.15	1.55	26.450814	24.547779	25.526265	0.556283
18.78	21.41	27.21	27.21	3.15	1.55	26.449231	24.547569	25.525413	0.556270
18.78	21.41	27.20	27.20	3.15	1.55	26.447645	24.547358	25.524560	0.556257
18.79	21.41	27.20	27.20	3.15	1.55	26.446058	24.547144	25.523704	0.556244
18.79	21.41	27.19	27.19	3.15	1.55	26.444467	24.546928	25.522846	0.556231
18.79	21.41	27.19	27.19	3.15	1.55	26.442874	24.546711	25.521986	0.556218
18.79	21.41	27.18	27.18	3.15	1.55	26.441279	24.546492	25.521123	0.556205
18.80	21.41	27.18	27.18	3.15	1.55	26.439681	24.546271	25.520259	0.556191
18.80	21.41	27.17	27.17	3.15	1.55	26.438080	24.546048	25.519392	0.556178
18.80	21.41	27.17	27.17	3.15	1.55	26.436477	24.545823	25.518523	0.556165
18.81	21.41	27.16	27.16	3.15	1.55	26.434872	24.545596	25.517652	0.556152
18.81	21.41	27.16	27.16	3.15	1.55	26.433264	24.545368	25.516778	0.556139
18.81	21.41	27.15	27.15	3.15	1.55	26.431653	24.545137	25.515903	0.556125
18.81	21.41	27.15	27.15	3.15	1.55	26.430040	24.544905	25.515025	0.556112
18.82	21.41	27.14	27.14	3.15	1.55	26.428425	24.544671	25.514145	0.556099
18.82	21.41	27.14	27.14	3.15	1.55	26.426807	24.544435	25.513263	0.556086
18.82	21.41	27.13	27.13	3.15	1.55	26.425186	24.544197	25.512379	0.556072
18.82	21.41	27.13	27.13	3.15	1.55	26.423563	24.543957	25.511493	0.556059
18.83	21.41	27.12	27.12	3.15	1.55	26.421937	24.543716	25.510604	0.556046
18.83	21.41	27.12	27.12	3.15	1.55	26.420309	24.543472	25.509713	0.556032
18.83	21.41	27.11	27.11	3.15	1.55	26.418678	24.543227	25.508820	0.556019
18.84	21.41	27.11	27.11	3.15	1.55	26.417045	24.542980	25.507925	0.556005
18.84	21.41	27.10	27.10	3.15	1.55	26.415409	24.542731	25.507028	0.555992
18.84	21.41	27.10	27.10	3.15	1.54	26.413770	24.542480	25.506128	0.555979
18.84	21.41	27.09	27.09	3.15	1.54	26.412129	24.542227	25.505227	0.555965
18.85	21.41	27.09	27.09	3.15	1.54	26.410486	24.541972	25.504323	0.555952
18.85	21.41	27.08	27.08	3.15	1.54	26.408840	24.541716	25.503417	0.555938
18.85	21.41	27.07	27.07	3.15	1.54	26.407191	24.541458	25.502508	0.555925
18.86	21.41	27.07	27.07	3.15	1.54	26.405540	24.541197	25.501598	0.555911
18.86	21.41	27.06	27.06	3.15	1.54	26.403886	24.540935	25.500685	0.555898
18.86	21.41	27.06	27.06	3.15	1.54	26.402230	24.540672	25.499770	0.555884
18.86	21.41	27.05	27.05	3.15	1.54	26.400571	24.540406	25.498853	0.555871
18.87	21.41	27.05	27.05	3.15	1.54	26.398909	24.540138	25.497934	0.555857
18.87	21.41	27.04	27.04	3.15	1.54	26.397245	24.539869	25.497012	0.555844
18.87	21.41	27.04	27.04	3.15	1.54	26.395579	24.539598	25.496089	0.555830
18.88	21.41	27.03	27.03	3.15	1.54	26.393910	24.539324	25.495163	0.555816
18.88	21.41	27.03	27.03	3.15	1.54	26.392238	24.539049	25.494235	0.555803
18.88	21.41	27.02	27.02	3.15	1.54	26.390564	24.538773	25.493305	0.555789
18.88	21.41	27.02	27.02	3.15	1.54	26.388887	24.538494	25.492372	0.555776
18.89	21.41	27.01	27.01	3.15	1.54	26.387208	24.538214	25.491437	0.555762
18.89	21.41	27.01	27.01	3.15	1.54	26.385526	24.537931	25.490501	0.555748
18.89	21.41	27.00	27.00	3.15	1.54	26.383841	24.537647	25.489562	0.555735
18.89	21.41	27.00	27.00	3.15	1.54	26.382154	24.537361	25.488620	0.555721
18.90	21.41	26.99	26.99	3.15	1.54	26.380465	24.537073	25.487677	0.555707
18.90	21.41	26.99	26.99	3.15	1.54	26.378772	24.536783	25.486731	0.555693
18.90	21.41	26.98	26.98	3.15	1.54	26.377077	24.536492	25.485783	0.555680
18.91	21.41	26.98	26.98	3.15	1.54	26.375380	24.536198	25.484833	0.555666
18.91	21.41	26.97	26.97	3.15	1.54	26.373680	24.535903	25.483881	0.555652
18.91	21.41	26.97	26.97	3.15	1.54	26.371978	24.535606	25.482927	0.555638
18.91	21.41	26.96	26.96	3.15	1.54	26.370272	24.535307	25.481970	0.555624
18.92	21.41	26.96	26.96	3.15	1.54	26.368565	24.535007	25.481011	0.555610
18.92	21.41	26.95	26.95	3.15	1.54	26.366854	24.534704	25.480050	0.555597
18.92	21.41	26.95	26.95	3.15	1.54	26.365141	24.534400	25.479087	0.555583
18.93	21.41	26.94	26.94	3.15	1.54	26.363426	24.534093	25.478122	0.555569
18.93	21.41	26.93	26.93	3.15	1.53	26.361708	24.533785	25.477154	0.555555
18.93	21.41	26.93	26.93	3.15	1.53	26.359987	24.533475	25.476184	0.555541
18.93	21.41	26.92	26.92	3.15	1.53	26.358264	24.533164	25.475212	0.555527
18.94	21.41	26.92	26.92	3.15	1.53	26.356538	24.532850	25.474238	0.555513
18.94	21.41	26.91	26.91	3.15	1.53	26.354809	24.532535	25.473261	0.555499
18.94	21.41	26.91	26.91	3.15	1.53	26.353078	24.532217	25.472283	0.555485
18.94	21.41	26.90	26.90	3.15	1.53	26.351345	24.531898	25.471302	0.555471
18.95	21.41	26.90	26.90	3.15	1.53	26.349608	24.531577	25.470319	0.555457
18.95	21.41	26.89	26.89	3.15	1.53	26.347870	24.531255	25.469333	0.555443
18.95	21.41	26.89	26.89	3.15	1.53	26.346128	24.530930	25.468346	0.555429
18.96	21.41	26.88	26.88	3.15	1.53	26.344384	24.530604	25.467356	0.555415
18.96	21.41	26.88	26.88	3.15	1.53	26.342637	24.530275	25.466364	0.555401
18.96	21.41	26.87	26.87	3.15	1.53	26.340888	24.529945	25.465370	0.555387
18.96	21.41	26.87	26.87	3.15	1.53	26.339136	24.529614	25.464374	0.555373
18.97	21.41	26.86	26.86	3.15	1.53	26.337382	24.529280	25.463375	0.555358
18.97	21.41	26.86	26.86	3.15	1.53	26.335624	24.528944	25.462375	0.555344
18.97	21.41	26.85	26.85	3.15	1.53	26.333865	24.528607	25.461372	0.555330
18.98	21.41	26.84	26.84	3.15	1.53	26.332102	24.528268	25.460367	0.555316
18.98	21.41	26.84	26.84	3.15	1.53	26.330337	24.527927	25.459359	0.555302
18.98	21.41	26.83	26.83	3.15	1.53	26.328570	24.527584	25.458350	0.555287
18.98	21.41	26.83	26.83	3.15	1.53	26.326800	24.527240	25.457338	0.555273
18.99	21.41	26.82	26.82	3.15	1.53	26.325027	24.526893	25.456324	0.555259
18.99	21.41	26.82	26.82	3.15	1.53	26.323251	24.526545	25.455308	0.555245
18.99	21.41	26.81	26.81	3.15	1.53	26.321473	24.526195	25.454289	0.555230
18.99	21.41	26.81	26.81	3.15	1.53	26.319692	24.525843	25.453269	0.555216
19.00	21.41	26.80	26.80	3.15	1.53	26.317909	24.525489	25.452246	0.555202
19.00	21.41	26.80	26.80	3.15	1.53	26.316123	24.525134	25.451221	0.555187
19.00	21.41	26.79	26.79	3.15	1.53	26.314335	24.524776	25.450193	0.555173
19.01	21.41	26.79	26.79	3.15	1.53	26.312543	24.524417	25.449164	0.555159
19.01	21.41	26.78	26.78	3.15	1.53	26.310750	24.524056	25.448132	0.555144
19.01	21.41	26.77	26.77	3.15	1.53	26.308953	24.523693	25.447098	0.555130
19.01	21.41	26.77	26.77	3.15	1.52	26.307154	24.523329	25.446062	0.555115
19.02	21.41	26.76	26.76	3.15	1.52	26.305352	24.522962	25.445024	0.555101
19.02	21.41	26.76	26.76	3.15	1.52	26.303548	24.522594	25.443983	0.555086
19.02	21.41	26.75	26.75	3.15	1.52	26.301741	24.522224	25.442940	0.555072
19.02	21.41	26.75	26.75	3.15	1.52	26.299931	24.521852	25.441895	0.555057
19.03	21.41	26.74	26.74	3.15	1.52	26.298119	24.521478	25.440848	0.555043
19.03	21.41	26.74	26.74	3.15	1.52	26.296304	24.521103	25.439799	0.555028
19.03	21.41	26.73	26.73	3.15	1.52	26.294487	24.520726	25.438747	0.555014
19.04	21.41	26.73	26.73	3.15	1.52	26.292666	24.520347	25.437693	0.554999
19.04	21.41	26.72	26.72	3.15	1.52	26.290843	24.519966	25.436637	0.554984
19.04	21.41	26.72	26.72	3.15	1.52	26.289018	24.519583	25.435579	0.554970
19.04	21.41	26.71	26.71	3.15	1.52	26.287190	24.519198	25.434518	0.554955
19.05	21.41	26.70	26.70	3.15	1.52	26.285359	24.518812	25.433456	0.554940
19.05	21.41	26.70	26.70	3.15	1.52	26.283526	24.518424	25.432391	0.554926
19.05	21.41	26.69	26.69	3.15	1.52	26.281690	24.518034	25.431323	0.554911
19.06	21.41	26.69	26.69	3.15	1.52	26.279851	24.517642	25.430254	0.554896
19.06	21.41	26.68	26.68	3.15	1.52	26.278010	24.517249	25.429182	0.554882
19.06	21.41	26.68	26.68	3.15	1.52	26.276166	24.516853	25.428109	0.554867
19.06	21.41	26.67	26.67	3.15	1.52	26.274319	24.516456	25.427033	0.554852
19.07	21.41	26.67	26.67	3.15	1.52	26.272470	24.516057	25.425954	0.554837
19.07	21.41	26.66	26.66	3.15	1.52	26.270618	24.515656	25.424874	0.554822
19.07	21.41	26.66	26.66	3.15	1.52	26.268763	24.515254	25.423791	0.554808
19.07	21.41	26.65	26.65	3.15	1.52	26.266906	24.514849	25.422706	0.554793
19.08	21.41	26.64	26.64	3.15	1.52	26.265046	24.514443	25.421619	0.554778
19.08	21.41	26.64	26.64	3.15	1.52	26.263183	24.514035	25.420530	0.554763
19.08	21.41	26.63	26.63	3.15	1.52	26.261318	24.513625	25.419438	0.554748
19.09	21.41	26.63	26.63	3.15	1.52	26.259450	24.513214	25.418344	0.554733
19.09	21.41	26.62	26.62	3.15	1.52	26.257579	24.512800	25.417248	0.554718
19.09	21.41	26.62	26.62	3.15	1.52	26.255706	24.512385	25.416150	0.554703
19.09	21.41	26.61	26.61	3.15	1.51	26.253830	24.511968	25.415049	0.554688
19.10	21.41	26.61	26.61	3.15	1.51	26.251952	24.511549	25.413947	0.554673
19.10	21.41	26.60	26.60	3.15	1.51	26.250070	24.511129	25.412842	0.554658
19.10	21.41	26.59	26.59	3.15	1.51	26.248187	24.510706	25.411734	0.554643
19.11	21.41	26.59	26.59	3.15	1.51	26.246300	24.510282	25.410625	0.554628
19.11	21.41	26.58	26.58	3.15	1.51	26.244411	24.509856	25.409513	0.554613
19.11	21.41	26.58	26.58	3.15	1.51	26.242519	24.509429	25.408399	0.554598
19.11	21.41	26.57	26.57	3.15	1.51	26.240624	24.508999	25.407283	0.554583
19.12	21.41	26.57	26.57	3.15	1.51	26.238727	24.508568	25.406165	0.554568
19.12	21.41	26.56	26.56	3.15	1.51	26.236827	24.508134	25.405045	0.554553
19.12	21.41	26.56	26.56	3.15	1.51	26.234925	24.507699	25.403922	0.554537
19.12	21.41	26.55	26.55	3.15	1.51	26.233019	24.507263	25.402797	0.554522
19.13	21.41	26.54	26.54	3.15	1.51	26.231111	24.506824	25.401670	0.554507
19.13	21.41	26.54	26.54	3.15	1.51	26.229201	24.506384	25.400540	0.554492
19.13	21.41	26.53	26.53	3.15	1.51	26.227287	24.505942	25.399408	0.554477
19.14	21.41	26.53	26.53	3.15	1.51	26.225371	24.505498	25.398275	0.554461
19.14	21.41	26.52	26.52	3.15	1.51	26.223453	24.505052	25.397138	0.554446
19.14	21.41	26.52	26.52	3.15	1.51	26.221531	24.504605	25.396000	0.554431
19.14	21.41	26.51	26.51	3.15	1.51	26.219607	24.504155	25.394859	0.554415
19.15	21.41	26.51	26.51	3.15	1.51	26.217681	24.503704	25.393717	0.554400
19.15	21.41	26.50	26.50	3.15	1.51	26.215751	24.503251	25.392572	0.554385
19.15	21.41	26.49	26.49	3.15	1.51	26.213819	24.502797	25.391424	0.554369
19.16	21.41	26.49	26.49	3.15	1.51	26.211885	24.502340	25.390275	0.554354
19.16	21.41	26.48	26.48	3.15	1.51	26.209947	24.501882	25.389123	0.554338
19.16	21.41	26.48	26.48	3.15	1.51	26.208007	24.501422	25.387969	0.554323
19.16	21.41	26.47	26.47	3.15	1.51	26.206064	24.500960	25.386813	0.554307
19.17	21.41	26.47	26.47	3.15	1.51	26.204119	24.500497	25.385654	0.554292
19.17	21.41	26.46	26.46	3.15	1.51	26.202171	24.500031	25.384494	0.554276
19.17	21.41	26.46	26.46	3.15	1.51	26.200220	24.499564	25.383331	0.554261
19.18	21.41	26.45	26.45	3.15	1.50	26.198266	24.499095	25.382166	0.554245
19.18	21.41	26.44	26.44	3.15	1.50	26.196310	24.498624	25.380998	0.554230
19.18	21.41	26.44	26.44	3.15	1.50	26.194351	24.498152	25.379829	0.554214
19.18	21.41	26.43	26.43	3.15	1.50	26.192389	24.497677	25.378657	0.554199
19.19	21.41	26.43	26.43	3.15	1.50	26.190425	24.497201	25.377483	0.554183
19.19	21.41	26.42	26.42	3.15	1.50	26.188458	24.496723	25.376307	0.554167
19.19	21.41	26.42	26.42	3.15	1.50	26.186488	24.496244	25.375128	0.554152
19.19	21.41	26.41	26.41	3.15	1.50	26.184516	24.495762	25.373947	0.554136
19.20	21.41	26.40	26.40	3.15	1.50	26.182541	24.495279	25.372764	0.554120
19.20	21.41	26.40	26.40	3.15	1.50	26.180563	24.494794	25.371579	0.554104
19.20	21.41	26.39	26.39	3.15	1.50	26.178583	24.494307	25.370392	0.554089
19.21	21.41	26.39	26.39	3.15	1.50	26.176599	24.493819	25.369202	0.554073
19.21	21.41	26.38	26.38	3.15	1.50	26.174614	24.493328	25.368010	0.554057
19.21	21.41	26.38	26.38	3.15	1.50	26.172625	24.492836	25.366816	0.554041
19.21	21.41	26.37	26.37	3.15	1.50	26.170634	24.492342	25.365619	0.554025
19.22	21.41	26.36	26.36	3.15	1.50	26.168640	24.491847	25.364421	0.554010
19.22	21.41	26.36	26.36	3.15	1.50	26.166643	24.491349	25.363220	0.553994
19.22	21.41	26.35	26.35	3.15	1.50	26.164644	24.490850	25.362017	0.553978
19.23	21.41	26.35	26.35	3.15	1.50	26.162642	24.490349	25.360811	0.553962
19.23	21.41	26.34	26.34	3.15	1.50	26.160637	24.489846	25.359604	0.553946
19.23	21.41	26.34	26.34	3.15	1.50	26.158629	24.489342	25.358394	0.553930
19.23	21.41	26.33	26.33	3.15	1.50	26.156619	24.488835	25.357182	0.553914
19.24	21.41	26.32	26.32	3.15	1.50	26.154606	24.488327	25.355968	0.553898
19.24	21.41	26.32	26.32	3.15	1.50	26.152590	24.487817	25.354751	0.553882
19.24	21.41	26.31	26.31	3.15	1.50	26.150572	24.487305	25.353532	0.553866
19.24	21.41	26.31	26.31	3.15	1.50	26.148551	24.486792	25.352311	0.553850
19.25	21.41	26.30	26.30	3.15	1.50	26.146527	24.486277	25.351088	0.553834
19.25	21.41	26.30	26.30	3.15	1.49	26.144501	24.485760	25.349863	0.553818
19.25	21.41	26.29	26.29	3.15	1.49	26.142472	24.485241	25.348635	0.553801
19.26	21.41	26.28	26.28	3.15	1.49	26.140440	24.484720	25.347405	0.553785
19.26	21.41	26.28	26.28	3.15	1.49	26.138405	24.484198	25.346173	0.553769
19.26	21.41	26.27	26.27	3.15	1.49	26.136368	24.483674	25.344938	0.553753
19.26	21.41	26.27	26.27	3.15	1.49	26.134328	24.483148	25.343702	0.553737
19.27	21.41	26.26	26.26	3.15	1.49	26.132285	24.482620	25.342463	0.553720
19.27	21.41	26.26	26.26	3.15	1.49	26.130240	24.482091	25.341222	0.553704
19.27	21.41	26.25	26.25	3.15	1.49	26.128192	24.481560	25.339978	0.553688
19.27	21.41	26.24	26.24	3.15	1.49	26.126141	24.481027	25.338733	0.553672
19.28	21.41	26.24	26.24	3.15	1.49	26.124087	24.480492	25.337485	0.553655
19.28	21.41	26.23	26.23	3.15	1.49	26.122031	24.479956	25.336235	0.553639
19.28	21.41	26.23	26.23	3.15	1.49	26.119972	24.479417	25.334982	0.553623
19.29	21.41	26.22	26.22	3.15	1.49	26.117910	24.478877	25.333728	0.553606
19.29	21.41	26.21	26.21	3.15	1.49	26.115845	24.478335	25.332471	0.553590
19.29	21.41	26.21	26.21	3.15	1.49	26.113778	24.477792	25.331212	0.553573
19.29	21.41	26.20	26.20	3.15	1.49	26.111708	24.477246	25.329951	0.553557
19.30	21.41	26.20	26.20	3.15	1.49	26.109636	24.476699	25.328687	0.553540
19.30	21.41	26.19	26.19	3.15	1.49	26.107560	24.476150	25.327421	0.553524
19.30	21.41	26.19	26.19	3.15	1.49	26.105482	24.475600	25.326153	0.553507
19.31	21.41	26.18	26.18	3.15	1.49	26.103402	24.475047	25.324883	0.553491
19.31	21.41	26.17	26.17	3.15	1.49	26.101318	24.474493	25.323610	0.553474
19.31	21.41	26.17	26.17	3.15	1.49	26.099232	24.473937	25.322336	0.553458
19.31	21.41	26.16	26.16	3.15	1.49	26.097143	24.473379	25.321059	0.553441
19.32	21.41	26.16	26.16	3.15	1.49	26.095051	24.472820	25.319780	0.553424
19.32	21.41	26.15	26.15	3.15	1.49	26.092957	24.472259	25.318498	0.553408
19.32	21.41	26.15	26.15	3.15	1.49	26.090860	24.471696	25.317214	0.553391
19.32	21.41	26.14	26.14	3.15	1.48	26.088760	24.471131	25.315928	0.553374
19.33	21.41	26.13	26.13	3.15	1.48	26.086657	24.470564	25.314640	0.553357
19.33	21.41	26.13	26.13	3.15	1.48	26.084552	24.469996	25.313350	0.553341
19.33	21.41	26.12	26.12	3.15	1.48	26.082444	24.469426	25.312057	0.553324
19.34	21.41	26.12	26.12	3.15	1.48	26.080333	24.468854	25.310762	0.553307
19.34	21.41	26.11	26.11	3.15	1.48	26.078219	24.468280	25.309465	0.553290
19.34	21.41	26.10	26.10	3.15	1.48	26.076103	24.467705	25.308166	0.553273
19.34	21.41	26.10	26.10	3.15	1.48	26.073984	24.467128	25.306864	0.553257
19.35	21.41	26.09	26.09	3.15	1.48	26.071862	24.466549	25.305560	0.553240
19.35	21.41	26.09	26.09	3.15	1.48	26.069738	24.465968	25.304254	0.553223
19.35	21.41	26.08	26.08	3.15	1.48	26.067611	24.465386	25.302945	0.553206
19.36	21.41	26.07	26.07	3.15	1.48	26.065481	24.464802	25.301635	0.553189
19.36	21.41	26.07	26.07	3.15	1.48	26.063348	24.464216	25.300322	0.553172
19.36	21.41	26.06	26.06	3.15	1.48	26.061213	24.463628	25.299007	0.553155
19.36	21.41	26.06	26.06	3.15	1.48	26.059075	24.463039	25.297689	0.553138
19.37	21.41	26.05	26.05	3.15	1.48	26.056934	24.462447	25.296370	0.553121
19.37	21.41	26.04	26.04	3.15	1.48	26.054790	24.461854	25.295048	0.553104
19.37	21.41	26.04	26.04	3.15	1.48	26.052644	24.461260	25.293724	0.553087
19.38	21.41	26.03	26.03	3.15	1.48	26.050495	24.460663	25.292398	0.553070
19.38	21.41	26.03	26.03	3.15	1.48	26.048343	24.460065	25.291069	0.553052
19.38	21.41	26.02	26.02	3.15	1.48	26.046189	24.459465	25.289738	0.553035
19.38	21.41	26.02	26.02	3.15	1.48	26.044031	24.458863	25.288405	0.553018
19.39	21.41	26.01	26.01	3.15	1.48	26.041872	24.458259	25.287070	0.553001
19.39	21.41	26.00	26.00	3.15	1.48	26.039709	24.457654	25.285732	0.552984
19.39	21.41	26.00	26.00	3.15	1.48	26.037543	24.457047	25.284392	0.552966
19.39	21.41	25.99	25.99	3.15	1.48	26.035375	24.456438	25.283050	0.552949
19.40	21.41	25.99	25.99	3.15	1.47	26.033204	24.455828	25.281706	0.552932
19.40	21.41	25.98	25.98	3.15	1.47	26.031030	24.455215	25.280360	0.552914
19.40	21.41	25.97	25.97	3.15	1.47	26.028854	24.454601	25.279011	0.552897
19.41	21.41	25.97	25.97	3.15	1.47	26.026675	24.453985	25.277660	0.552880
19.41	21.41	25.96	25.96	3.15	1.47	26.024493	24.453368	25.276306	0.552862
19.41	21.41	25.96	25.96	3.15	1.47	26.022308	24.452748	25.274951	0.552845
19.41	21.41	25.95	25.95	3.15	1.47	26.020121	24.452127	25.273593	0.552827
19.42	21.41	25.94	25.94	3.15	1.47	26.017931	24.451504	25.272233	0.552810
19.42	21.41	25.94	25.94	3.15	1.47	26.015738	24.450880	25.270871	0.552792
19.42	21.41	25.93	25.93	3.15	1.47	26.013542	24.450253	25.269506	0.552775
19.43	21.41	25.93	25.93	3.14	1.47	26.011344	24.449625	25.268140	0.552757
19.43	21.41	25.92	25.92	3.14	1.47	26.009143	24.448995	25.266771	0.552740
19.43	21.41	25.91	25.91	3.14	1.47	26.006939	24.448364	25.265399	0.552722
19.43	21.41	25.91	25.91	3.14	1.47	26.004732	24.447730	25.264026	0.552704
19.44	21.41	25.90	25.90	3.14	1.47	26.002523	24.447095	25.262650	0.552687
19.44	21.41	25.90	25.90	3.14	1.47	26.000311	24.446458	25.261272	0.552669
19.44	21.41	25.89	25.89	3.14	1.47	25.998096	24.445820	25.259892	0.552651
19.44	21.41	25.88	25.88	3.14	1.47	25.995879	24.445179	25.258509	0.552634
19.45	21.41	25.88	25.88	3.14	1.47	25.993658	24.444537	25.257125	0.552616
19.45	21.41	25.87	25.87	3.14	1.47	25.991435	24.443893	25.255738	0.552598
19.45	21.41	25.87	25.87	3.14	1.47	25.989209	24.443248	25.254349	0.552580
19.46	21.41	25.86	25.86	3.14	1.47	25.986981	24.442600	25.252957	0.552563
19.46	21.41	25.85	25.85	3.14	1.47	25.984749	24.441951	25.251563	0.552545
19.46	21.41	25.85	25.85	3.14	1.47	25.982515	24.441300	25.250167	0.552527
19.46	21.41	25.84	25.84	3.14	1.46	25.980279	24.440648	25.248769	0.552509
19.47	21.41	25.84	25.84	3.14	1.46	25.978039	24.439993	25.247369	0.552491
19.47	21.41	25.83	25.83	3.14	1.46	25.975797	24.439337	25.245966	0.552473
19.47	21.41	25.82	25.82	3.14	1.46	25.973552	24.438679	25.244561	0.552455
19.48	21.41	25.82	25.82	3.14	1.46	25.971304	24.438019	25.243154	0.552437
19.48	21.41	25.81	25.81	3.14	1.46	25.969053	24.437358	25.241744	0.552419
19.48	21.41	25.80	25.80	3.14	1.46	25.966800	24.436695	25.240333	0.552401
19.48	21.41	25.80	25.80	3.14	1.46	25.964544	24.436030	25.238919	0.552383
19.49	21.41	25.79	25.79	3.14	1.46	25.962285	24.435363	25.237503	0.552365
19.49	21.41	25.79	25.79	3.14	1.46	25.960023	24.434695	25.236084	0.552347
19.49	21.41	25.78	25.78	3.14	1.46	25.957759	24.434025	25.234664	0.552329
19.49	21.41	25.77	25.77	3.14	1.46	25.955492	24.433353	25.233241	0.552310
19.50	21.41	25.77	25.77	3.14	1.46	25.953222	24.432679	25.231815	0.552292
19.50	21.41	25.76	25.76	3.14	1.46	25.950950	24.432004	25.230388	0.552274
19.50	21.41	25.76	25.76	3.14	1.46	25.948674	24.431327	25.228958	0.552256
19.51	21.41	25.75	25.75	3.14	1.46	25.946396	24.430648	25.227526	0.552237
19.51	21.41	25.74	25.74	3.14	1.46	25.944115	24.429967	25.226092	0.552219
19.51	21.41	25.74	25.74	3.14	1.46	25.941832	24.429285	25.224656	0.552201
19.51	21.41	25.73	25.73	3.14	1.46	25.939546	24.428601	25.223217	0.552182
19.52	21.41	25.73	25.73	3.14	1.46	25.937256	24.427915	25.221776	0.552164
19.52	21.41	25.72	25.72	3.14	1.46	25.934965	24.427227	25.220333	0.552146
19.52	21.41	25.71	25.71	3.14	1.46	25.932670	24.426538	25.218888	0.552127
19.52	21.41	25.71	25.71	3.14	1.46	25.930373	24.425847	25.217440	0.552109
19.53	21.41	25.70	25.70	3.14	1.46	25.928073	24.425154	25.215990	0.552090
19.53	21.41	25.69	25.69	3.14	1.45	25.925770	24.424460	25.214538	0.552072
19.53	21.41	25.69	25.69	3.14	1.45	25.923464	24.423763	25.213084	0.552053
19.54	21.41	25.68	25.68	3.14	1.45	25.921156	24.423065	25.211627	0.552035
19.54	21.41	25.68	25.68	3.14	1.45	25.918844	24.422365	25.210168	0.552016
19.54	21.41	25.67	25.67	3.14	1.45	25.916531	24.421664	25.208707	0.551997
19.54	21.41	25.66	25.66	3.14	1.45	25.914214	24.420961	25.207244	0.551979
19.55	21.41	25.66	25.66	3.14	1.45	25.911895	24.420256	25.205778	0.551960
19.55	21.41	25.65	25.65	3.14	1.45	25.909572	24.419549	25.204310	0.551941
19.55	21.41	25.65	25.65	3.14	1.45	25.907247	24.418840	25.202840	0.551923
19.56	21.41	25.64	25.64	3.14	1.45	25.904920	24.418130	25.201367	0.551904
19.56	21.41	25.63	25.63	3.14	1.45	25.902589	24.417418	25.199893	0.551885
19.56	21.41	25.63	25.63	3.14	1.45	25.900256	24.416704	25.198416	0.551866
19.56	21.41	25.62	25.62	3.14	1.45	25.897920	24.415989	25.196937	0.551848
19.57	21.41	25.61	25.61	3.14	1.45	25.895581	24.415272	25.195455	0.551829
19.57	21.41	25.61	25.61	3.14	1.45	25.893240	24.414553	25.193972	0.551810
19.57	21.41	25.60	25.60	3.14	1.45	25.890896	24.413832	25.192486	0.551791
19.57	21.41	25.60	25.60	3.14	1.45	25.888549	24.413110	25.190998	0.551772
19.58	21.41	25.59	25.59	3.14	1.45	25.886199	24.412385	25.189507	0.551753
19.58	21.41	25.58	25.58	3.14	1.45	25.883847	24.411660	25.188015	0.551734
19.58	21.41	25.58	25.58	3.14	1.45	25.881491	24.410932	25.186520	0.551715
19.59	21.41	25.57	25.57	3.14	1.45	25.879133	24.410203	25.185023	0.551696
19.59	21.41	25.56	25.56	3.14	1.45	25.876772	24.409471	25.183524	0.551677
19.59	21.41	25.56	25.56	3.14	1.45	25.874409	24.408739	25.182022	0.551658
19.59	21.41	25.55	25.55	3.14	1.45	25.872043	24.408004	25.180518	0.551639
19.60	21.41	25.55	25.55	3.14	1.44	25.869674	24.407268	25.179012	0.551619
19.60	21.41	25.54	25.54	3.14	1.44	25.867302	24.406530	25.177504	0.551600
19.60	21.41	25.53	25.53	3.14	1.44	25.864927	24.405790	25.175993	0.551581
19.61	21.41	25.53	25.53	3.14	1.44	25.862550	24.405048	25.174480	0.551562
19.61	21.41	25.52	25.52	3.14	1.44	25.860170	24.404305	25.172965	0.551543
19.61	21.41	25.51	25.51	3.14	1.44	25.857787	24.403560	25.171448	0.551523
19.61	21.41	25.51	25.51	3.14	1.44	25.855401	24.402813	25.169928	0.551504
19.62	21.41	25.50	25.50	3.14	1.44	25.853013	24.402065	25.168406	0.551485
19.62	21.41	25.50	25.50	3.14	1.44	25.850622	24.401314	25.166882	0.551465
19.62	21.41	25.49	25.49	3.14	1.44	25.848228	24.400562	25.165356	0.551446
19.62	21.41	25.48	25.48	3.14	1.44	25.845831	24.399809	25.163827	0.551426
19.63	21.41	25.48	25.48	3.14	1.44	25.843432	24.399053	25.162297	0.551407
19.63	21.41	25.47	25.47	3.14	1.44	25.841029	24.398296	25.160763	0.551387
19.63	21.41	25.46	25.46	3.14	1.44	25.838624	24.397537	25.159228	0.551368
19.64	21.41	25.46	25.46	3.14	1.44	25.836217	24.396777	25.157691	0.551348
19.64	21.41	25.45	25.45	3.14	1.44	25.833806	24.396014	25.156151	0.551329
19.64	21.41	25.45	25.45	3.14	1.44	25.831393	24.395250	25.154609	0.551309
19.64	21.41	25.44	25.44	3.14	1.44	25.828977	24.394484	25.153064	0.551289
19.65	21.41	25.43	25.43	3.14	1.44	25.826558	24.393717	25.151518	0.551270
19.65	21.41	25.43	25.43	3.14	1.44	25.824137	24.392947	25.149969	0.551250
19.65	21.41	25.42	25.42	3.14	1.44	25.821712	24.392176	25.148418	0.551230
19.66	21.41	25.41	25.41	3.14	1.44	25.819285	24.391404	25.146865	0.551211
19.66	21.41	25.41	25.41	3.14	1.43	25.816856	24.390629	25.145309	0.551191
19.66	21.41	25.40	25.40	3.14	1.43	25.814423	24.389853	25.143751	0.551171
19.66	21.41	25.40	25.40	3.14	1.43	25.811988	24.389075	25.142191	0.551151
19.67	21.41	25.39	25.39	3.14	1.43	25.809549	24.388295	25.140629	0.551131
19.67	21.41	25.38	25.38	3.14	1.43	25.807109	24.387514	25.139064	0.551111
19.67	21.41	25.38	25.38	3.14	1.43	25.804665	24.386731	25.137498	0.551092
19.68	21.41	25.37	25.37	3.14	1.43	25.802219	24.385946	25.135929	0.551072
19.68	21.41	25.36	25.36	3.14	1.43	25.799769	24.385159	25.134357	0.551052
19.68	21.41	25.36	25.36	3.14	1.43	25.797317	24.384371	25.132784	0.551032
19.68	21.41	25.35	25.35	3.14	1.43	25.794863	24.383581	25.131208	0.551012
19.69	21.41	25.34	25.34	3.14	1.43	25.792405	24.382789	25.129630	0.550992
19.69	21.41	25.34	25.34	3.14	1.43	25.789945	24.381995	25.128050	0.550971
19.69	21.41	25.33	25.33	3.14	1.43	25.787482	24.381200	25.126467	0.550951
19.69	21.41	25.33	25.33	3.14	1.43	25.785016	24.380403	25.124883	0.550931
19.70	21.41	25.32	25.32	3.14	1.43	25.782548	24.379604	25.123296	0.550911
19.70	21.41	25.31	25.31	3.14	1.43	25.780077	24.378804	25.121706	0.550891
19.70	21.41	25.31	25.31	3.14	1.43	25.777603	24.378002	25.120115	0.550870
19.71	21.41	25.30	25.30	3.14	1.43	25.775126	24.377198	25.118521	0.550850
19.71	21.41	25.29	25.29	3.14	1.43	25.772646	24.376392	25.116925	0.550830
19.71	21.41	25.29	25.29	3.14	1.43	25.770164	24.375585	25.115327	0.550810
19.71	21.41	25.28	25.28	3.14	1.43	25.767679	24.374776	25.113726	0.550789
19.72	21.41	25.27	25.27	3.14	1.43	25.765191	24.373965	25.112124	0.550769
19.72	21.41	25.27	25.27	3.14	1.42	25.762700	24.373152	25.110519	0.550748
19.72	21.41	25.26	25.26	3.14	1.42	25.760207	24.372338	25.108911	0.550728
19.73	21.41	25.25	25.25	3.14	1.42	25.757711	24.371522	25.107302	0.550707
19.73	21.41	25.25	25.25	3.14	1.42	25.755212	24.370704	25.105690	0.550687
19.73	21.41	25.24	25.24	3.14	1.42	25.752710	24.369885	25.104076	0.550666
19.73	21.41	25.24	25.24	3.14	1.42	25.750206	24.369064	25.102460	0.550646
19.74	21.41	25.23	25.23	3.14	1.42	25.747699	24.368241	25.100842	0.550625
19.74	21.41	25.22	25.22	3.14	1.42	25.745189	24.367416	25.099221	0.550604
19.74	21.41	25.22	25.22	3.14	1.42	25.742676	24.366590	25.097598	0.550584
19.74	21.41	25.21	25.21	3.14	1.42	25.740160	24.365762	25.095973	0.550563
19.75	21.41	25.20	25.20	3.14	1.42	25.737642	24.364932	25.094346	0.550542
19.75	21.41	25.20	25.20	3.14	1.42	25.735121	24.364100	25.092716	0.550522
19.75	21.41	25.19	25.19	3.14	1.42	25.732597	24.363267	25.091084	0.550501
19.76	21.41	25.18	25.18	3.14	1.42	25.730071	24.362432	25.089450	0.550480
19.76	21.41	25.18	25.18	3.14	1.42	25.727542	24.361596	25.087813	0.550459
19.76	21.41	25.17	25.17	3.14	1.42	25.725009	24.360757	25.086175	0.550438
19.76	21.41	25.16	25.16	3.14	1.42	25.722475	24.359917	25.084534	0.550417
19.77	21.41	25.16	25.16	3.14	1.42	25.719937	24.359075	25.082891	0.550396
19.77	21.41	25.15	25.15	3.14	1.42	25.717397	24.358231	25.081245	0.550375
19.77	21.41	25.15	25.15	3.14	1.42	25.714854	24.357386	25.079598	0.550354
19.77	21.41	25.14	25.14	3.14	1.42	25.712308	24.356539	25.077948	0.550333
19.78	21.41	25.13	25.13	3.14	1.41	25.709759	24.355690	25.076296	0.550312
19.78	21.41	25.13	25.13	3.14	1.41	25.707208	24.354840	25.074642	0.550291
19.78	21.41	25.12	25.12	3.14	1.41	25.704653	24.353988	25.072985	0.550270
19.79	21.41	25.11	25.11	3.14	1.41	25.702097	24.353134	25.071326	0.550249
19.79	21.41	25.11	25.11	3.14	1.41	25.699537	24.352278	25.069665	0.550228
19.79	21.41	25.10	25.10	3.14	1.41	25.696974	24.351421	25.068002	0.550206
19.79	21.41	25.09	25.09	3.14	1.41	25.694409	24.350562	25.066336	0.550185
19.80	21.41	25.09	25.09	3.14	1.41	25.691841	24.349701	25.064668	0.550164
19.80	21.41	25.08	25.08	3.14	1.41	25.689270	24.348838	25.062998	0.550142
19.80	21.41	25.07	25.07	3.14	1.41	25.686697	24.347974	25.061326	0.550121
19.81	21.41	25.07	25.07	3.14	1.41	25.684121	24.347108	25.059652	0.550100
19.81	21.41	25.06	25.06	3.14	1.41	25.681542	24.346240	25.057975	0.550078
19.81	21.41	25.05	25.05	3.14	1.41	25.678960	24.345371	25.056296	0.550057
19.81	21.41	25.05	25.05	3.14	1.41	25.676375	24.344500	25.054614	0.550035
19.82	21.41	25.04	25.04	3.14	1.41	25.673788	24.343627	25.052931	0.550014
19.82	21.41	25.03	25.03	3.14	1.41	25.671198	24.342752	25.051245	0.549992
19.82	21.41	25.03	25.03	3.14	1.41	25.668605	24.341876	25.049557	0.549971
19.82	21.41	25.02	25.02	3.14	1.41	25.666009	24.340998	25.047867	0.549949
19.83	21.41	25.01	25.01	3.14	1.41	25.663411	24.340118	25.046175	0.549927
19.83	21.41	25.01	25.01	3.14	1.41	25.660810	24.339237	25.044480	0.549906
19.83	21.41	25.00	25.00	3.14	1.40	25.658206	24.338354	25.042783	0.549884
19.84	21.41	25.00	25.00	3.14	1.40	25.655599	24.337469	25.041084	0.549862
19.84	21.41	24.99	24.99	3.14	1.40	25.652990	24.336582	25.039382	0.549840
19.84	21.41	24.98	24.98	3.14	1.40	25.650378	24.335694	25.037679	0.549819
19.84	21.41	24.98	24.98	3.14	1.40	25.647763	24.334804	25.035973	0.549797
19.85	21.41	24.97	24.97	3.14	1.40	25.645145	24.333912	25.034265	0.549775
19.85	21.41	24.96	24.96	3.14	1.40	25.642525	24.333019	25.032554	0.549753
19.85	21.41	24.96	24.96	3.14	1.40	25.639901	24.332124	25.030842	0.549731
19.86	21.41	24.95	24.95	3.14	1.40	25.637275	24.331227	25.029127	0.549709
19.86	21.41	24.94	24.94	3.14	1.40	25.634647	24.330328	25.027410	0.549687
19.86	21.41	24.94	24.94	3.14	1.40	25.632015	24.329428	25.025690	0.549665
19.86	21.41	24.93	24.93	3.14	1.40	25.629381	24.328526	25.023969	0.549643
19.87	21.41	24.92	24.92	3.14	1.40	25.626744	24.327622	25.022245	0.549621
19.87	21.41	24.92	24.92	3.14	1.40	25.624104	24.326717	25.020519	0.549598
19.87	21.41	24.91	24.91	3.14	1.40	25.621461	24.325809	25.018791	0.549576
19.88	21.41	24.90	24.90	3.14	1.40	25.618816	24.324900	25.017060	0.549554
19.88	21.41	24.90	24.90	3.14	1.40	25.616168	24.323990	25.015327	0.549532
19.88	21.41	24.89	24.89	3.14	1.40	25.613517	24.323077	25.013592	0.549509
19.88	21.41	24.88	24.88	3.14	1.40	25.610864	24.322163	25.011855	0.549487
19.89	21.41	24.88	24.88	3.14	1.40	25.608207	24.321248	25.010116	0.549465
19.89	21.41	24.87	24.87	3.14	1.39	25.605548	24.320330	25.008374	0.549442
19.89	21.41	24.86	24.86	3.14	1.39	25.602886	24.319411	25.006630	0.549420
19.89	21.41	24.86	24.86	3.14	1.39	25.600222	24.318490	25.004884	0.549397
19.90	21.41	24.85	24.85	3.14	1.39	25.597554	24.317568	25.003135	0.549375
19.90	21.41	24.84	24.84	3.14	1.39	25.594884	24.316643	25.001385	0.549352
19.90	21.41	24.84	24.84	3.14	1.39	25.592211	24.315717	24.999632	0.549330
19.91	21.41	24.83	24.83	3.14	1.39	25.589536	24.314789	24.997877	0.549307
19.91	21.41	24.82	24.82	3.14	1.39	25.586857	24.313860	24.996119	0.549284
19.91	21.41	24.82	24.82	3.14	1.39	25.584176	24.312929	24.994360	0.549262
19.91	21.41	24.81	24.81	3.14	1.39	25.581492	24.311996	24.992598	0.549239
19.92	21.41	24.80	24.80	3.14	1.39	25.578806	24.311061	24.990834	0.549216
19.92	21.41	24.80	24.80	3.14	1.39	25.576116	24.310125	24.989067	0.549193
19.92	21.41	24.79	24.79	3.14	1.39	25.573424	24.309187	24.987299	0.549171
19.93	21.41	24.78	24.78	3.14	1.39	25.570729	24.308247	24.985528	0.549148
19.93	21.41	24.78	24.78	3.14	1.39	25.568031	24.307306	24.983755	0.549125
19.93	21.41	24.77	24.77	3.14	1.39	25.565331	24.306363	24.981980	0.549102
19.93	21.41	24.76	24.76	3.14	1.39	25.562628	24.305418	24.980202	0.549079
19.94	21.41	24.76	24.76	3.14	1.39	25.559922	24.304471	24.978423	0.549056
19.94	21.41	24.75	24.75	3.14	1.39	25.557213	24.303523	24.976641	0.549033
19.94	21.41	24.74	24.74	3.14	1.38	25.554502	24.302573	24.974856	0.549010
19.94	21.41	24.74	24.74	3.14	1.38	25.551787	24.301621	24.973070	0.548987
19.95	21.41	24.73	24.73	3.14	1.38	25.549070	24.300668	24.971281	0.548964
19.95	21.41	24.72	24.72	3.14	1.38	25.546351	24.299713	24.969490	0.548940
19.95	21.41	24.72	24.72	3.14	1.38	25.543628	24.298756	24.967697	0.548917
19.96	21.41	24.71	24.71	3.14	1.38	25.540903	24.297798	24.965902	0.548894
19.96	21.41	24.70	24.70	3.14	1.38	25.538175	24.296837	24.964104	0.548871
19.96	21.41	24.70	24.70	3.14	1.38	25.535444	24.295875	24.962305	0.548847
19.96	21.41	24.69	24.69	3.13	1.38	25.532711	24.294912	24.960502	0.548824
19.97	21.41	24.68	24.68	3.13	1.38	25.529974	24.293946	24.958698	0.548800
19.97	21.41	24.68	24.68	3.13	1.38	25.527235	24.292979	24.956892	0.548777
19.97	21.41	24.67	24.67	3.13	1.38	25.524493	24.292011	24.955083	0.548753
19.98	21.41	24.66	24.66	3.13	1.38	25.521749	24.291040	24.953272	0.548730
19.98	21.41	24.66	24.66	3.13	1.38	25.519002	24.290068	24.951459	0.548706
19.98	21.41	24.65	24.65	3.13	1.38	25.516252	24.289094	24.949643	0.548683
19.98	21.41	24.64	24.64	3.13	1.38	25.513499	24.288119	24.947826	0.548659
19.99	21.41	24.64	24.64	3.13	1.38	25.510743	24.287141	24.946006	0.548635
19.99	21.41	24.63	24.63	3.13	1.38	25.507985	24.286162	24.944184	0.548612
19.99	21.41	24.62	24.62	3.13	1.38	25.505224	24.285182	24.942359	0.548588
19.99	21.41	24.62	24.62	3.13	1.37	25.502460	24.284199	24.940533	0.548564
20.00	21.41	24.61	24.61	3.13	1.37	25.499694	24.283215	24.938704	0.548540
20.00	21.41	24.60	24.60	3.13	1.37	25.496924	24.282229	24.936873	0.548517
20.00	21.41	24.59	24.59	3.13	1.37	25.494152	24.281242	24.935040	0.548493
20.01	21.41	24.59	24.59	3.13	1.37	25.491378	24.280253	24.933204	0.548469
20.01	21.41	24.58	24.58	3.13	1.37	25.488600	24.279262	24.931366	0.548445
20.01	21.41	24.57	24.57	3.13	1.37	25.485820	24.278269	24.929526	0.548421
20.01	21.41	24.57	24.57	3.13	1.37	25.483037	24.277275	24.927684	0.548397
20.02	21.41	24.56	24.56	3.13	1.37	25.480251	24.276279	24.925840	0.548373
20.02	21.41	24.55	24.55	3.13	1.37	25.477463	24.275281	24.923993	0.548348
20.02	21.41	24.55	24.55	3.13	1.37	25.474671	24.274281	24.922144	0.548324
20.02	21.41	24.54	24.54	3.13	1.37	25.471877	24.273280	24.920293	0.548300
20.03	21.41	24.53	24.53	3.13	1.37	25.469081	24.272277	24.918440	0.548276
20.03	21.41	24.53	24.53	3.13	1.37	25.466281	24.271273	24.916584	0.548251
20.03	21.41	24.52	24.52	3.13	1.37	25.463479	24.270267	24.914726	0.548227
20.04	21.41	24.51	24.51	3.13	1.37	25.460674	24.269259	24.912866	0.548203
20.04	21.41	24.51	24.51	3.13	1.37	25.457866	24.268249	24.911004	0.548178
20.04	21.41	24.50	24.50	3.13	1.37	25.455055	24.267238	24.909140	0.548154
20.04	21.41	24.49	24.49	3.13	1.36	25.452242	24.266225	24.907273	0.548129
20.05	21.41	24.49	24.49	3.13	1.36	25.449426	24.265210	24.905404	0.548105
20.05	21.41	24.48	24.48	3.13	1.36	25.446608	24.264194	24.903533	0.548080
20.05	21.41	24.47	24.47	3.13	1.36	25.443786	24.263175	24.901660	0.548056
20.06	21.41	24.47	24.47	3.13	1.36	25.440962	24.262156	24.899784	0.548031
20.06	21.41	24.46	24.46	3.13	1.36	25.438135	24.261134	24.897906	0.548006
20.06	21.41	24.45	24.45	3.13	1.36	25.435305	24.260111	24.896026	0.547982
20.06	21.41	24.44	24.44	3.13	1.36	25.432473	24.259086	24.894144	0.547957
20.07	21.41	24.44	24.44	3.13	1.36	25.429638	24.258059	24.892260	0.547932
20.07	21.41	24.43	24.43	3.13	1.36	25.426800	24.257031	24.890373	0.547907
20.07	21.41	24.42	24.42	3.13	1.36	25.423959	24.256001	24.888484	0.547882
20.07	21.41	24.42	24.42	3.13	1.36	25.421116	24.254969	24.886593	0.547857
20.08	21.41	24.41	24.41	3.13	1.36	25.418269	24.253936	24.884699	0.547832
20.08	21.41	24.40	24.40	3.13	1.36	25.415420	24.252901	24.882804	0.547807
20.08	21.41	24.40	24.40	3.13	1.36	25.412569	24.251864	24.880906	0.547782
20.09	21.41	24.39	24.39	3.13	1.36	25.409714	24.250825	24.879006	0.547757
20.09	21.41	24.38	24.38	3.13	1.36	25.406857	24.249785	24.877104	0.547732
20.09	21.41	24.38	24.38	3.13	1.35	25.403997	24.248743	24.875199	0.547707
20.09	21.41	24.37	24.37	3.13	1.35	25.401135	24.247699	24.873293	0.547682
20.10	21.41	24.36	24.36	3.13	1.35	25.398269	24.246654	24.871384	0.547656
20.10	21.41	24.36	24.36	3.13	1.35	25.395401	24.245607	24.869473	0.547631
20.10	21.41	24.35	24.35	3.13	1.35	25.392531	24.244558	24.867559	0.547606
20.11	21.41	24.34	24.34	3.13	1.35	25.389657	24.243508	24.865644	0.547580
20.11	21.41	24.33	24.33	3.13	1.35	25.386781	24.242456	24.863726	0.547555
20.11	21.41	24.33	24.33	3.13	1.35	25.383902	24.241402	24.861806	0.547529
20.11	21.41	24.32	24.32	3.13	1.35	25.381020	24.240347	24.859884	0.547504
20.12	21.41	24.31	24.31	3.13	1.35	25.378135	24.239290	24.857959	0.547478
20.12	21.41	24.31	24.31	3.13	1.35	25.375248	24.238231	24.856033	0.547453
20.12	21.41	24.30	24.30	3.13	1.35	25.372358	24.237170	24.854104	0.547427
20.12	21.41	24.29	24.29	3.13	1.35	25.369465	24.236108	24.852173	0.547401
20.13	21.41	24.29	24.29	3.13	1.35	25.366570	24.235044	24.850239	0.547375
20.13	21.41	24.28	24.28	3.13	1.35	25.363672	24.233978	24.848304	0.547350
20.13	21.41	24.27	24.27	3.13	1.35	25.360771	24.232911	24.846366	0.547324
20.14	21.41	24.27	24.27	3.13	1.35	25.357867	24.231842	24.844426	0.547298
20.14	21.41	24.26	24.26	3.13	1.34	25.354961	24.230771	24.842484	0.547272
20.14	21.41	24.25	24.25	3.13	1.34	25.352052	24.229699	24.840540	0.547246
20.14	21.41	24.24	24.24	3.13	1.34	25.349140	24.228625	24.838593	0.547220
20.15	21.41	24.24	24.24	3.13	1.34	25.346225	24.227549	24.836644	0.547194
20.15	21.41	24.23	24.23	3.13	1.34	25.343308	24.226471	24.834693	0.547168
20.15	21.41	24.22	24.22	3.13	1.34	25.340388	24.225392	24.832740	0.547142
20.16	21.41	24.22	24.22	3.13	1.34	25.337465	24.224311	24.830784	0.547116
20.16	21.41	24.21	24.21	3.13	1.34	25.334540	24.223229	24.828827	0.547089
20.16	21.41	24.20	24.20	3.13	1.34	25.331611	24.222145	24.826867	0.547063
20.16	21.41	24.20	24.20	3.13	1.34	25.328680	24.221059	24.824905	0.547037
20.17	21.41	24.19	24.19	3.13	1.34	25.325747	24.219971	24.822940	0.547010
20.17	21.41	24.18	24.18	3.13	1.34	25.322810	24.218882	24.820974	0.546984
20.17	21.41	24.17	24.17	3.13	1.34	25.319871	24.217791	24.819005	0.546958
20.18	21.41	24.17	24.17	3.13	1.34	25.316929	24.216698	24.817034	0.546931
20.18	21.41	24.16	24.16	3.13	1.34	25.313985	24.215604	24.815061	0.546905
20.18	21.41	24.15	24.15	3.13	1.34	25.311037	24.214508	24.813086	0.546878
20.18	21.41	24.15	24.15	3.13	1.34	25.308087	24.213410	24.811108	0.546851
20.19	21.41	24.14	24.14	3.13	1.33	25.305134	24.212310	24.809128	0.546825
20.19	21.41	24.13	24.13	3.13	1.33	25.302179	24.211209	24.807146	0.546798
20.19	21.41	24.13	24.13	3.13	1.33	25.299221	24.210107	24.805162	0.546771
20.19	21.41	24.12	24.12	3.13	1.33	25.296260	24.209002	24.803176	0.546744
20.20	21.41	24.11	24.11	3.13	1.33	25.293296	24.207896	24.801187	0.546717
20.20	21.41	24.10	24.10	3.13	1.33	25.290330	24.206788	24.799196	0.546690
20.20	21.41	24.10	24.10	3.13	1.33	25.287360	24.205678	24.797203	0.546664
20.21	21.41	24.09	24.09	3.13	1.33	25.284389	24.204567	24.795208	0.546637
20.21	21.41	24.08	24.08	3.13	1.33	25.281414	24.203454	24.793211	0.546609
20.21	21.41	24.08	24.08	3.13	1.33	25.278437	24.202340	24.791211	0.546582
20.21	21.41	24.07	24.07	3.13	1.33	25.275457	24.201223	24.789209	0.546555
20.22	21.41	24.06	24.06	3.13	1.33	25.272474	24.200105	24.787205	0.546528
20.22	21.41	24.06	24.06	3.13	1.33	25.269488	24.198986	24.785199	0.546501
20.22	21.41	24.05	24.05	3.13	1.33	25.266500	24.197864	24.783190	0.546473
20.23	21.41	24.04	24.04	3.13	1.33	25.263509	24.196741	24.781179	0.546446
20.23	21.41	24.03	24.03	3.13	1.33	25.260515	24.195617	24.779167	0.546419
20.23	21.41	24.03	24.03	3.13	1.32	25.257519	24.194490	24.777152	0.546391
20.23	21.41	24.02	24.02	3.13	1.32	25.254520	24.193362	24.775134	0.546364
20.24	21.41	24.01	24.01	3.13	1.32	25.251518	24.192232	24.773115	0.546336
20.24	21.41	24.01	24.01	3.13	1.32	25.248514	24.191101	24.771093	0.546309
20.24	21.41	24.00	24.00	3.13	1.32	25.245506	24.189968	24.769069	0.546281
20.24	21.41	23.99	23.99	3.13	1.32	25.242496	24.188833	24.767043	0.546253
20.25	21.41	23.98	23.98	3.13	1.32	25.239484	24.187696	24.765015	0.546226
20.25	21.41	23.98	23.98	3.13	1.32	25.236468	24.186558	24.762984	0.546198
20.25	21.41	23.97	23.97	3.13	1.32	25.233450	24.185418	24.760951	0.546170
20.26	21.41	23.96	23.96	3.13	1.32	25.230429	24.184277	24.758916	0.546142
20.26	21.41	23.96	23.96	3.13	1.32	25.227406	24.183134	24.756879	0.546114
20.26	21.41	23.95	23.95	3.13	1.32	25.224380	24.181989	24.754840	0.546086
20.26	21.41	23.94	23.94	3.13	1.32	25.221351	24.180842	24.752798	0.546058
20.27	21.41	23.94	23.94	3.13	1.32	25.218319	24.179694	24.750755	0.546030
20.27	21.41	23.93	23.93	3.13	1.32	25.215285	24.178544	24.748709	0.546002
20.27	21.41	23.92	23.92	3.13	1.31	25.212247	24.177392	24.746661	0.545974
20.27	21.41	23.91	23.91	3.13	1.31	25.209208	24.176239	24.744610	0.545946
20.28	21.41	23.91	23.91	3.13	1.31	25.206165	24.175084	24.742558	0.545917
20.28	21.41	23.90	23.90	3.13	1.31	25.203120	24.173927	24.740503	0.545889
20.28	21.41	23.89	23.89	3.13	1.31	25.200072	24.172769	24.738446	0.545861
20.29	21.41	23.89	23.89	3.13	1.31	25.197021	24.171609	24.736387	0.545832
20.29	21.41	23.88	23.88	3.13	1.31	25.193968	24.170447	24.734326	0.545804
20.29	21.41	23.87	23.87	3.13	1.31	25.190912	24.169284	24.732262	0.545775
20.29	21.41	23.86	23.86	3.13	1.31	25.187853	24.168119	24.730197	0.545747
20.30	21.41	23.86	23.86	3.13	1.31	25.184791	24.166952	24.728129	0.545718
20.30	21.41	23.85	23.85	3.13	1.31	25.181727	24.165784	24.726059	0.545689
20.30	21.41	23.84	23.84	3.13	1.31	25.178660	24.164614	24.723986	0.545661
20.31	21.41	23.84	23.84	3.13	1.31	25.175590	24.163442	24.721912	0.545632
20.31	21.41	23.83	23.83	3.13	1.31	25.172518	24.162269	24.719835	0.545603
20.31	21.41	23.82	23.82	3.13	1.31	25.169443	24.161093	24.717756	0.545574
20.31	21.41	23.81	23.81	3.13	1.31	25.166365	24.159917	24.715675	0.545545
20.32	21.41	23.81	23.81	3.13	1.30	25.163285	24.158738	24.713592	0.545516
20.32	21.41	23.80	23.80	3.13	1.30	25.160202	24.157558	24.711506	0.545487
20.32	21.41	23.79	23.79	3.13	1.30	25.157116	24.156376	24.709419	0.545458
20.32	21.41	23.79	23.79	3.13	1.30	25.154027	24.155193	24.707329	0.545429
20.33	21.41	23.78	23.78	3.13	1.30	25.150936	24.154008	24.705237	0.545399
20.33	21.41	23.77	23.77	3.13	1.30	25.147842	24.152821	24.703143	0.545370
20.33	21.41	23.76	23.76	3.13	1.30	25.144745	24.151632	24.701046	0.545341
20.34	21.41	23.76	23.76	3.13	1.30	25.141646	24.150442	24.698948	0.545311
20.34	21.41	23.75	23.75	3.13	1.30	25.138544	24.149250	24.696847	0.545282
20.34	21.41	23.74	23.74	3.13	1.30	25.135439	24.148057	24.694744	0.545252
20.34	21.41	23.74	23.74	3.13	1.30	25.132331	24.146862	24.692639	0.545223
20.35	21.41	23.73	23.73	3.13	1.30	25.129221	24.145665	24.690531	0.545193
20.35	21.41	23.72	23.72	3.13	1.30	25.126108	24.144466	24.688422	0.545164
20.35	21.41	23.71	23.71	3.13	1.30	25.122993	24.143266	24.686310	0.545134
20.36	21.41	23.71	23.71	3.13	1.29	25.119875	24.142064	24.684196	0.545104
20.36	21.41	23.70	23.70	3.13	1.29	25.116754	24.140861	24.682080	0.545074
20.36	21.41	23.69	23.69	3.13	1.29	25.113630	24.139655	24.679962	0.545044
20.36	21.41	23.68	23.68	3.13	1.29	25.110503	24.138448	24.677841	0.545015
20.37	21.41	23.68	23.68	3.13	1.29	25.107374	24.137240	24.675719	0.544985
20.37	21.41	23.67	23.67	3.13	1.29	25.104243	24.136030	24.673594	0.544954
20.37	21.41	23.66	23.66	3.13	1.29	25.101108	24.134818	24.671467	0.544924
20.38	21.41	23.66	23.66	3.13	1.29	25.097971	24.133604	24.669338	0.544894
20.38	21.41	23.65	23.65	3.13	1.29	25.094831	24.132389	24.667206	0.544864
20.38	21.41	23.64	23.64	3.13	1.29	25.091689	24.131172	24.665073	0.544834
20.38	21.41	23.63	23.63	3.13	1.29	25.088543	24.129954	24.662937	0.544803
20.39	21.41	23.63	23.63	3.13	1.29	25.085395	24.128733	24.660799	0.544773
20.39	21.41	23.62	23.62	3.13	1.29	25.082245	24.127511	24.658659	0.544742
20.39	21.41	23.61	23.61	3.13	1.29	25.079091	24.126288	24.656516	0.544712
20.39	21.41	23.61	23.61	3.13	1.28	25.075935	24.125063	24.654372	0.544681
20.40	21.41	23.60	23.60	3.13	1.28	25.072777	24.123836	24.652225	0.544651
20.40	21.41	23.59	23.59	3.12	1.28	25.069615	24.122607	24.650076	0.544620
20.40	21.41	23.58	23.58	3.12	1.28	25.066451	24.121377	24.647925	0.544589
20.41	21.41	23.58	23.58	3.12	1.28	25.063285	24.120145	24.645772	0.544559
20.41	21.41	23.57	23.57	3.12	1.28	25.060115	24.118912	24.643617	0.544528
20.41	21.41	23.56	23.56	3.12	1.28	25.056943	24.117676	24.641459	0.544497
20.41	21.41	23.55	23.55	3.12	1.28	25.053768	24.116439	24.639299	0.544466
20.42	21.41	23.55	23.55	3.12	1.28	25.050591	24.115201	24.637137	0.544435
20.42	21.41	23.54	23.54	3.12	1.28	25.047410	24.113961	24.634973	0.544404
20.42	21.41	23.53	23.53	3.12	1.28	25.044227	24.112719	24.632807	0.544372
20.43	21.41	23.53	23.53	3.12	1.28	25.041042	24.111475	24.630639	0.544341
20.43	21.41	23.52	23.52	3.12	1.28	25.037854	24.110230	24.628468	0.544310
20.43	21.41	23.51	23.51	3.12	1.28	25.034663	24.108983	24.626295	0.544279
20.43	21.41	23.50	23.50	3.12	1.27	25.031469	24.107735	24.624120	0.544247
20.44	21.41	23.50	23.50	3.12	1.27	25.028273	24.106484	24.621943	0.544216
20.44	21.41	23.49	23.49	3.12	1.27	25.025074	24.105233	24.619764	0.544184
20.44	21.41	23.48	23.48	3.12	1.27	25.021872	24.103979	24.617582	0.544153
20.44	21.41	23.47	23.47	3.12	1.27	25.018668	24.102724	24.615398	0.544121
20.45	21.41	23.47	23.47	3.12	1.27	25.015461	24.101467	24.613212	0.544089
20.45	21.41	23.46	23.46	3.12	1.27	25.012251	24.100209	24.611024	0.544057
20.45	21.41	23.45	23.45	3.12	1.27	25.009039	24.098948	24.608834	0.544025
20.46	21.41	23.45	23.45	3.12	1.27	25.005824	24.097687	24.606642	0.543994
20.46	21.41	23.44	23.44	3.12	1.27	25.002606	24.096423	24.604447	0.543962
20.46	21.41	23.43	23.43	3.12	1.27	24.999386	24.095158	24.602251	0.543930
20.46	21.41	23.42	23.42	3.12	1.27	24.996162	24.093891	24.600052	0.543897
20.47	21.41	23.42	23.42	3.12	1.27	24.992937	24.092623	24.597851	0.543865
20.47	21.41	23.41	23.41	3.12	1.27	24.989708	24.091353	24.595647	0.543833
20.47	21.41	23.40	23.40	3.12	1.26	24.986477	24.090081	24.593442	0.543801
20.48	21.41	23.39	23.39	3.12	1.26	24.983243	24.088807	24.591234	0.543768
20.48	21.41	23.39	23.39	3.12	1.26	24.980007	24.087532	24.589025	0.543736
20.48	21.41	23.38	23.38	3.12	1.26	24.976768	24.086256	24.586813	0.543703
20.48	21.41	23.37	23.37	3.12	1.26	24.973526	24.084977	24.584599	0.543671
20.49	21.41	23.36	23.36	3.12	1.26	24.970281	24.083697	24.582383	0.543638
20.49	21.41	23.36	23.36	3.12	1.26	24.967034	24.082415	24.580164	0.543606
20.49	21.41	23.35	23.35	3.12	1.26	24.963784	24.081132	24.577944	0.543573
20.49	21.41	23.34	23.34	3.12	1.26	24.960532	24.079847	24.575721	0.543540
20.50	21.41	23.33	23.33	3.12	1.26	24.957277	24.078560	24.573496	0.543507
20.50	21.41	23.33	23.33	3.12	1.26	24.954019	24.077272	24.571269	0.543474
20.50	21.41	23.32	23.32	3.12	1.26	24.950758	24.075982	24.569040	0.543441
20.51	21.41	23.31	23.31	3.12	1.26	24.947495	24.074690	24.566808	0.543408
20.51	21.41	23.31	23.31	3.12	1.25	24.944229	24.073397	24.564575	0.543375
20.51	21.41	23.30	23.30	3.12	1.25	24.940961	24.072102	24.562339	0.543342
20.51	21.41	23.29	23.29	3.12	1.25	24.937690	24.070806	24.560101	0.543308
20.52	21.41	23.28	23.28	3.12	1.25	24.934416	24.069507	24.557861	0.543275
20.52	21.41	23.28	23.28	3.12	1.25	24.931139	24.068207	24.555619	0.543242
20.52	21.41	23.27	23.27	3.12	1.25	24.927860	24.066906	24.553375	0.543208
20.52	21.41	23.26	23.26	3.12	1.25	24.924579	24.065603	24.551128	0.543174
20.53	21.41	23.25	23.25	3.12	1.25	24.921294	24.064298	24.548879	0.543141
20.53	21.41	23.25	23.25	3.12	1.25	24.918007	24.062991	24.546628	0.543107
20.53	21.41	23.24	23.24	3.12	1.25	24.914717	24.061683	24.544376	0.543073
20.54	21.41	23.23	23.23	3.12	1.25	24.911425	24.060373	24.542120	0.543039
20.54	21.41	23.22	23.22	3.12	1.25	24.908129	24.059062	24.539863	0.543005
20.54	21.41	23.22	23.22	3.12	1.25	24.904832	24.057749	24.537604	0.542971
20.54	21.41	23.21	23.21	3.12	1.24	24.901531	24.056434	24.535342	0.542937
20.55	21.41	23.20	23.20	3.12	1.24	24.898228	24.055118	24.533078	0.542903
20.55	21.41	23.19	23.19	3.12	1.24	24.894922	24.053800	24.530812	0.542869
20.55	21.41	23.19	23.19	3.12	1.24	24.891614	24.052480	24.528544	0.542835
20.56	21.41	23.18	23.18	3.12	1.24	24.888303	24.051159	24.526274	0.542800
20.56	21.41	23.17	23.17	3.12	1.24	24.884989	24.049836	24.524002	0.542766
20.56	21.41	23.16	23.16	3.12	1.24	24.881673	24.048511	24.521727	0.542731
20.56	21.41	23.16	23.16	3.12	1.24	24.878354	24.047185	24.519450	0.542697
20.57	21.41	23.15	23.15	3.12	1.24	24.875032	24.045857	24.517171	0.542662
20.57	21.41	23.14	23.14	3.12	1.24	24.871708	24.044527	24.514890	0.542627
20.57	21.41	23.14	23.14	3.12	1.24	24.868381	24.043196	24.512607	0.542593
20.57	21.41	23.13	23.13	3.12	1.24	24.865051	24.041863	24.510322	0.542558
20.58	21.41	23.12	23.12	3.12	1.23	24.861719	24.040529	24.508035	0.542523
20.58	21.41	23.11	23.11	3.12	1.23	24.858384	24.039192	24.505745	0.542488
20.58	21.41	23.11	23.11	3.12	1.23	24.855046	24.037855	24.503453	0.542453
20.59	21.41	23.10	23.10	3.12	1.23	24.851706	24.036515	24.501159	0.542418
20.59	21.41	23.09	23.09	3.12	1.23	24.848363	24.035174	24.498863	0.542382
20.59	21.41	23.08	23.08	3.12	1.23	24.845018	24.033831	24.496565	0.542347
20.59	21.41	23.08	23.08	3.12	1.23	24.841669	24.032487	24.494265	0.542311
20.60	21.41	23.07	23.07	3.12	1.23	24.838319	24.031141	24.491962	0.542276
20.60	21.41	23.06	23.06	3.12	1.23	24.834965	24.029793	24.489658	0.542240
20.60	21.41	23.05	23.05	3.12	1.23	24.831609	24.028444	24.487351	0.542205
20.61	21.41	23.05	23.05	3.12	1.23	24.828250	24.027093	24.485042	0.542169
20.61	21.41	23.04	23.04	3.12	1.23	24.824889	24.025741	24.482731	0.542133
20.61	21.41	23.03	23.03	3.12	1.22	24.821525	24.024386	24.480418	0.542097
20.61	21.41	23.02	23.02	3.12	1.22	24.818158	24.023030	24.478102	0.542061
20.62	21.41	23.02	23.02	3.12	1.22	24.814789	24.021673	24.475785	0.542025
20.62	21.41	23.01	23.01	3.12	1.22	24.811417	24.020314	24.473465	0.541989
20.62	21.41	23.00	23.00	3.12	1.22	24.808042	24.018953	24.471143	0.541953
20.62	21.41	22.99	22.99	3.12	1.22	24.804665	24.017591	24.468819	0.541917
20.63	21.41	22.99	22.99	3.12	1.22	24.801285	24.016227	24.466493	0.541880
20.63	21.41	22.98	22.98	3.12	1.22	24.797902	24.014861	24.464165	0.541844
20.63	21.41	22.97	22.97	3.12	1.22	24.794517	24.013494	24.461835	0.541807
20.64	21.41	22.96	22.96	3.12	1.22	24.791129	24.012125	24.459502	0.541771
20.64	21.41	22.96	22.96	3.12	1.22	24.787739	24.010754	24.457168	0.541734
20.64	21.41	22.95	22.95	3.12	1.22	24.784346	24.009382	24.454831	0.541697
20.64	21.41	22.94	22.94	3.12	1.21	24.780950	24.008008	24.452492	0.541660
20.65	21.41	22.93	22.93	3.12	1.21	24.777552	24.006632	24.450151	0.541623
20.65	21.41	22.93	22.93	3.12	1.21	24.774151	24.005255	24.447808	0.541586
20.65	21.41	22.92	22.92	3.12	1.21	24.770747	24.003876	24.445463	0.541549
20.66	21.41	22.91	22.91	3.12	1.21	24.767341	24.002496	24.443115	0.541512
20.66	21.41	22.90	22.90	3.12	1.21	24.763932	24.001114	24.440766	0.541475
20.66	21.41	22.90	22.90	3.12	1.21	24.760520	23.999730	24.438414	0.541437
20.66	21.41	22.89	22.89	3.12	1.21	24.757106	23.998345	24.436060	0.541400
20.67	21.41	22.88	22.88	3.12	1.21	24.753690	23.996958	24.433704	0.541362
20.67	21.41	22.87	22.87	3.12	1.21	24.750270	23.995569	24.431346	0.541325
20.67	21.41	22.87	22.87	3.12	1.21	24.746848	23.994179	24.428986	0.541287
20.68	21.41	22.86	22.86	3.12	1.20	24.743423	23.992787	24.426624	0.541249
20.68	21.41	22.85	22.85	3.12	1.20	24.739996	23.991394	24.424259	0.541211
20.68	21.41	22.84	22.84	3.12	1.20	24.736566	23.989999	24.421892	0.541173
20.68	21.41	22.83	22.83	3.12	1.20	24.733134	23.988602	24.419524	0.541135
20.69	21.41	22.83	22.83	3.12	1.20	24.729699	23.987204	24.417153	0.541097
20.69	21.41	22.82	22.82	3.12	1.20	24.726261	23.985804	24.414780	0.541059
20.69	21.41	22.81	22.81	3.12	1.20	24.722820	23.984402	24.412405	0.541021
20.69	21.41	22.80	22.80	3.12	1.20	24.719377	23.982999	24.410027	0.540982
20.70	21.41	22.80	22.80	3.12	1.20	24.715932	23.981594	24.407648	0.540944
20.70	21.41	22.79	22.79	3.12	1.20	24.712483	23.980187	24.405267	0.540905
20.70	21.41	22.78	22.78	3.12	1.20	24.709033	23.978779	24.402883	0.540866
20.71	21.41	22.77	22.77	3.12	1.20	24.705579	23.977370	24.400497	0.540827
20.71	21.41	22.77	22.77	3.12	1.19	24.702123	23.975958	24.398109	0.540788
20.71	21.41	22.76	22.76	3.12	1.19	24.698664	23.974545	24.395719	0.540749
20.71	21.41	22.75	22.75	3.12	1.19	24.695203	23.973130	24.393327	0.540710
20.72	21.41	22.74	22.74	3.12	1.19	24.691739	23.971714	24.390933	0.540671
20.72	21.41	22.74	22.74	3.12	1.19	24.688272	23.970296	24.388537	0.540632
20.72	21.41	22.73	22.73	3.12	1.19	24.684803	23.968877	24.386138	0.540593
20.73	21.41	22.72	22.72	3.12	1.19	24.681331	23.967456	24.383738	0.540553
20.73	21.41	22.71	22.71	3.12	1.19	24.677857	23.966033	24.381335	0.540514
20.73	21.41	22.71	22.71	3.12	1.19	24.674380	23.964609	24.378930	0.540474
20.73	21.41	22.70	22.70	3.12	1.19	24.670900	23.963182	24.376523	0.540434
20.74	21.41	22.69	22.69	3.12	1.18	24.667418	23.961755	24.374114	0.540394
20.74	21.41	22.68	22.68	3.12	1.18	24.663933	23.960326	24.371703	0.540354
20.74	21.41	22.68	22.68	3.12	1.18	24.660445	23.958895	24.369289	0.540314
20.74	21.41	22.67	22.67	3.12	1.18	24.656955	23.957462	24.366874	0.540274
20.75	21.41	22.66	22.66	3.12	1.18	24.653462	23.956028	24.364456	0.540234
20.75	21.41	22.65	22.65	3.12	1.18	24.649967	23.954592	24.362037	0.540193
20.75	21.41	22.64	22.64	3.12	1.18	24.646469	23.953155	24.359615	0.540153
20.76	21.41	22.64	22.64	3.12	1.18	24.642968	23.951716	24.357191	0.540112
20.76	21.41	22.63	22.63	3.12	1.18	24.639465	23.950275	24.354765	0.540072
20.76	21.41	22.62	22.62	3.12	1.18	24.635960	23.948833	24.352337	0.540031
20.76	21.41	22.61	22.61	3.12	1.18	24.632451	23.947389	24.349907	0.539990
20.77	21.41	22.61	22.61	3.12	1.17	24.628940	23.945944	24.347474	0.539949
20.77	21.41	22.60	22.60	3.12	1.17	24.625427	23.944497	24.345040	0.539908
20.77	21.41	22.59	22.59	3.12	1.17	24.621910	23.943048	24.342603	0.539867
20.77	21.41	22.58	22.58	3.11	1.17	24.618392	23.941598	24.340165	0.539826
20.78	21.41	22.58	22.58	3.11	1.17	24.614870	23.940146	24.337724	0.539784
20.78	21.41	22.57	22.57	3.11	1.17	24.611346	23.938692	24.335281	0.539743
20.78	21.41	22.56	22.56	3.11	1.17	24.607820	23.937237	24.332836	0.539701
20.79	21.41	22.55	22.55	3.11	1.17	24.604291	23.935780	24.330389	0.539659
20.79	21.41	22.55	22.55	3.11	1.17	24.600759	23.934322	24.327940	0.539618
20.79	21.41	22.54	22.54	3.11	1.17	24.597224	23.932862	24.325489	0.539576
20.79	21.41	22.53	22.53	3.11	1.16	24.593687	23.931400	24.323035	0.539534
20.80	21.41	22.52	22.52	3.11	1.16	24.590148	23.929937	24.320580	0.539491
20.80	21.41	22.51	22.51	3.11	1.16	24.586606	23.928472	24.318122	0.539449
20.80	21.41	22.51	22.51	3.11	1.16	24.583061	23.927006	24.315662	0.539407
20.81	21.41	22.50	22.50	3.11	1.16	24.579514	23.925538	24.313200	0.539364
20.81	21.41	22.49	22.49	3.11	1.16	24.575964	23.924068	24.310737	0.539322
20.81	21.41	22.48	22.48	3.11	1.16	24.572411	23.922597	24.308271	0.539279
20.81	21.41	22.48	22.48	3.11	1.16	24.568856	23.921124	24.305802	0.539236
20.82	21.41	22.47	22.47	3.11	1.16	24.565298	23.919649	24.303332	0.539193
20.82	21.41	22.46	22.46	3.11	1.16	24.561738	23.918173	24.300860	0.539150
20.82	21.41	22.45	22.45	3.11	1.15	24.558175	23.916696	24.298385	0.539107
20.82	21.41	22.45	22.45	3.11	1.15	24.554610	23.915216	24.295909	0.539064
20.83	21.41	22.44	22.44	3.11	1.15	24.551041	23.913735	24.293430	0.539020
20.83	21.41	22.43	22.43	3.11	1.15	24.547471	23.912253	24.290950	0.538977
20.83	21.41	22.42	22.42	3.11	1.15	24.543898	23.910769	24.288467	0.538933
20.84	21.41	22.41	22.41	3.11	1.15	24.540322	23.909283	24.285982	0.538889
20.84	21.41	22.41	22.41	3.11	1.15	24.536743	23.907795	24.283495	0.538846
20.84	21.41	22.40	22.40	3.11	1.15	24.533162	23.906306	24.281006	0.538802
20.84	21.41	22.39	22.39	3.11	1.15	24.529579	23.904816	24.278515	0.538758
20.85	21.41	22.38	22.38	3.11	1.15	24.525993	23.903324	24.276021	0.538713
20.85	21.41	22.38	22.38	3.11	1.14	24.522404	23.901830	24.273526	0.538669
20.85	21.41	22.37	22.37	3.11	1.14	24.518812	23.900334	24.271029	0.538624
20.86	21.41	22.36	22.36	3.11	1.14	24.515219	23.898837	24.268529	0.538580
20.86	21.41	22.35	22.35	3.11	1.14	24.511622	23.897339	24.266027	0.538535
20.86	21.41	22.35	22.35	3.11	1.14	24.508023	23.895839	24.263524	0.538490
20.86	21.41	22.34	22.34	3.11	1.14	24.504421	23.894337	24.261018	0.538445
20.87	21.41	22.33	22.33	3.11	1.14	24.500817	23.892833	24.258510	0.538400
20.87	21.41	22.32	22.32	3.11	1.14	24.497210	23.891328	24.256000	0.538355
20.87	21.41	22.31	22.31	3.11	1.14	24.493601	23.889822	24.253488	0.538310
20.88	21.41	22.31	22.31	3.11	1.13	24.489989	23.888313	24.250974	0.538264
20.88	21.41	22.30	22.30	3.11	1.13	24.486374	23.886804	24.248458	0.538218
20.88	21.41	22.29	22.29	3.11	1.13	24.482757	23.885292	24.245939	0.538173
20.88	21.41	22.28	22.28	3.11	1.13	24.479138	23.883779	24.243419	0.538127
20.89	21.41	22.28	22.28	3.11	1.13	24.475515	23.882265	24.240896	0.538081
20.89	21.41	22.27	22.27	3.11	1.13	24.471891	23.880748	24.238372	0.538035
20.89	21.41	22.26	22.26	3.11	1.13	24.468263	23.879231	24.235845	0.537988
20.89	21.41	22.25	22.25	3.11	1.13	24.464633	23.877711	24.233316	0.537942
20.90	21.41	22.24	22.24	3.11	1.13	24.461001	23.876190	24.230786	0.537895
20.90	21.41	22.24	22.24	3.11	1.12	24.457366	23.874668	24.228253	0.537849
20.90	21.41	22.23	22.23	3.11	1.12	24.453728	23.873143	24.225718	0.537802
20.91	21.41	22.22	22.22	3.11	1.12	24.450088	23.871618	24.223181	0.537755
20.91	21.41	22.21	22.21	3.11	1.12	24.446445	23.870090	24.220642	0.537708
20.91	21.41	22.21	22.21	3.11	1.12	24.442799	23.868561	24.218100	0.537660
20.91	21.41	22.20	22.20	3.11	1.12	24.439152	23.867031	24.215557	0.537613
20.92	21.41	22.19	22.19	3.11	1.12	24.435501	23.865498	24.213012	0.537565
20.92	21.41	22.18	22.18	3.11	1.12	24.431848	23.863965	24.210464	0.537518
20.92	21.41	22.17	22.17	3.11	1.12	24.428192	23.862429	24.207915	0.537470
20.93	21.41	22.17	22.17	3.11	1.11	24.424534	23.860892	24.205363	0.537422
20.93	21.41	22.16	22.16	3.11	1.11	24.420873	23.859354	24.202810	0.537374
20.93	21.41	22.15	22.15	3.11	1.11	24.417210	23.857814	24.200254	0.537326
20.93	21.41	22.14	22.14	3.11	1.11	24.413544	23.856272	24.197696	0.537277
20.94	21.41	22.14	22.14	3.11	1.11	24.409876	23.854729	24.195136	0.537229
20.94	21.41	22.13	22.13	3.11	1.11	24.406205	23.853184	24.192574	0.537180
20.94	21.41	22.12	22.12	3.11	1.11	24.402531	23.851637	24.190011	0.537131
20.94	21.41	22.11	22.11	3.11	1.11	24.398855	23.850089	24.187444	0.537082
20.95	21.41	22.10	22.10	3.11	1.11	24.395177	23.848539	24.184876	0.537033
20.95	21.41	22.10	22.10	3.11	1.10	24.391495	23.846988	24.182306	0.536984
20.95	21.41	22.09	22.09	3.11	1.10	24.387812	23.845435	24.179734	0.536934
20.96	21.41	22.08	22.08	3.11	1.10	24.384125	23.843881	24.177160	0.536885
20.96	21.41	22.07	22.07	3.11	1.10	24.380436	23.842325	24.174583	0.536835
20.96	21.41	22.06	22.06	3.11	1.10	24.376745	23.840767	24.172005	0.536785
20.96	21.41	22.06	22.06	3.11	1.10	24.373051	23.839208	24.169424	0.536735
20.97	21.41	22.05	22.05	3.11	1.10	24.369355	23.837647	24.166842	0.536684
20.97	21.41	22.04	22.04	3.11	1.10	24.365655	23.836085	24.164257	0.536634
20.97	21.41	22.03	22.03	3.11	1.09	24.361954	23.834521	24.161670	0.536583
20.98	21.41	22.03	22.03	3.11	1.09	24.358250	23.832955	24.159082	0.536533
20.98	21.41	22.02	22.02	3.11	1.09	24.354543	23.831388	24.156491	0.536482
20.98	21.41	22.01	22.01	3.11	1.09	24.350834	23.829820	24.153898	0.536431
20.98	21.41	22.00	22.00	3.11	1.09	24.347122	23.828249	24.151303	0.536379
20.99	21.41	21.99	21.99	3.11	1.09	24.343408	23.826678	24.148706	0.536328
20.99	21.41	21.99	21.99	3.11	1.09	24.339691	23.825104	24.146107	0.536276
20.99	21.41	21.98	21.98	3.11	1.09	24.335971	23.823529	24.143506	0.536225
20.99	21.41	21.97	21.97	3.11	1.08	24.332249	23.821953	24.140903	0.536173
21.00	21.41	21.96	21.96	3.11	1.08	24.328525	23.820374	24.138298	0.536121
21.00	21.41	21.95	21.95	3.11	1.08	24.324798	23.818795	24.135691	0.536068
21.00	21.41	21.95	21.95	3.11	1.08	24.321068	23.817213	24.133081	0.536016
21.01	21.41	21.94	21.94	3.11	1.08	24.317336	23.815630	24.130470	0.535963
21.01	21.41	21.93	21.93	3.11	1.08	24.313601	23.814046	24.127857	0.535910
21.01	21.41	21.92	21.92	3.11	1.08	24.309864	23.812460	24.125241	0.535857
21.01	21.41	21.92	21.92	3.11	1.08	24.306124	23.810872	24.122624	0.535804
21.02	21.41	21.91	21.91	3.11	1.07	24.302382	23.809283	24.120004	0.535751
21.02	21.41	21.90	21.90	3.11	1.07	24.298637	23.807692	24.117382	0.535697
21.02	21.41	21.89	21.89	3.11	1.07	24.294890	23.806100	24.114759	0.535644
21.02	21.41	21.88	21.88	3.11	1.07	24.291140	23.804506	24.112133	0.535590
21.03	21.41	21.88	21.88	3.11	1.07	24.287388	23.802910	24.109505	0.535536
21.03	21.41	21.87	21.87	3.11	1.07	24.283633	23.801313	24.106876	0.535481
21.03	21.41	21.86	21.86	3.11	1.07	24.279875	23.799715	24.104244	0.535427
21.04	21.41	21.85	21.85	3.11	1.07	24.276115	23.798115	24.101610	0.535372
21.04	21.41	21.84	21.84	3.11	1.06	24.272353	23.796513	24.098974	0.535317
21.04	21.41	21.84	21.84	3.11	1.06	24.268587	23.794909	24.096336	0.535262
21.04	21.41	21.83	21.83	3.11	1.06	24.264820	23.793304	24.093696	0.535207
21.05	21.41	21.82	21.82	3.11	1.06	24.261050	23.791698	24.091054	0.535151
21.05	21.41	21.81	21.81	3.11	1.06	24.257277	23.790090	24.088410	0.535096
21.05	21.41	21.80	21.80	3.11	1.06	24.253502	23.788480	24.085764	0.535040
21.06	21.41	21.80	21.80	3.11	1.06	24.249724	23.786869	24.083116	0.534984
21.06	21.41	21.79	21.79	3.11	1.06	24.245944	23.785256	24.080466	0.534928
21.06	21.41	21.78	21.78	3.11	1.05	24.242161	23.783642	24.077814	0.534871
21.06	21.41	21.77	21.77	3.11	1.05	24.238376	23.782026	24.075160	0.534814
21.07	21.41	21.77	21.77	3.11	1.05	24.234588	23.780409	24.072503	0.534757
21.07	21.41	21.76	21.76	3.11	1.05	24.230798	23.778790	24.069845	0.534700
21.07	21.41	21.75	21.75	3.11	1.05	24.227005	23.777169	24.067185	0.534643
21.07	21.41	21.74	21.74	3.11	1.05	24.223209	23.775547	24.064522	0.534585
21.08	21.41	21.73	21.73	3.11	1.05	24.219412	23.773923	24.061858	0.534528
21.08	21.41	21.73	21.73	3.11	1.04	24.215611	23.772298	24.059192	0.534470
21.08	21.41	21.72	21.72	3.11	1.04	24.211808	23.770671	24.056523	0.534411
21.09	21.41	21.71	21.71	3.11	1.04	24.208003	23.769043	24.053853	0.534353
21.09	21.41	21.70	21.70	3.11	1.04	24.204195	23.767413	24.051180	0.534294
21.09	21.41	21.69	21.69	3.11	1.04	24.200384	23.765781	24.048506	0.534236
21.09	21.41	21.69	21.69	3.11	1.04	24.196571	23.764148	24.045829	0.534176
21.10	21.41	21.68	21.68	3.11	1.04	24.192756	23.762513	24.043151	0.534117
21.10	21.41	21.67	21.67	3.11	1.03	24.188938	23.760877	24.040470	0.534057
21.10	21.41	21.66	21.66	3.11	1.03	24.185117	23.759239	24.037788	0.533998
21.11	21.41	21.65	21.65	3.11	1.03	24.181294	23.757600	24.035103	0.533938
21.11	21.41	21.65	21.65	3.11	1.03	24.177469	23.755959	24.032416	0.533877
21.11	21.41	21.64	21.64	3.11	1.03	24.173641	23.754317	24.029728	0.533817
21.11	21.41	21.63	21.63	3.10	1.03	24.169810	23.752673	24.027037	0.533756
21.12	21.41	21.62	21.62	3.10	1.03	24.165977	23.751027	24.024344	0.533695
21.12	21.41	21.61	21.61	3.10	1.02	24.162141	23.749380	24.021650	0.533634
21.12	21.41	21.61	21.61	3.10	1.02	24.158303	23.747732	24.018953	0.533572
21.12	21.41	21.60	21.60	3.10	1.02	24.154463	23.746081	24.016254	0.533510
21.13	21.41	21.59	21.59	3.10	1.02	24.150619	23.744430	24.013554	0.533448
21.13	21.41	21.58	21.58	3.10	1.02	24.146774	23.742776	24.010851	0.533386
21.13	21.41	21.57	21.57	3.10	1.02	24.142926	23.741121	24.008146	0.533323
21.14	21.41	21.57	21.57	3.10	1.02	24.139075	23.739465	24.005439	0.533261
21.14	21.41	21.56	21.56	3.10	1.01	24.135222	23.737807	24.002731	0.533197
21.14	21.41	21.55	21.55	3.10	1.01	24.131366	23.736148	24.000020	0.533134
21.14	21.41	21.54	21.54	3.10	1.01	24.127508	23.734487	23.997307	0.533070
21.15	21.41	21.53	21.53	3.10	1.01	24.123647	23.732824	23.994592	0.533006
21.15	21.41	21.53	21.53	3.10	1.01	24.119784	23.731160	23.991875	0.532942
21.15	21.41	21.52	21.52	3.10	1.01	24.115919	23.729494	23.989157	0.532878
21.16	21.41	21.51	21.51	3.10	1.00	24.112050	23.727827	23.986436	0.532813
21.16	21.41	21.50	21.50	3.10	1.00	24.108180	23.726158	23.983713	0.532748
21.16	21.41	21.49	21.49	3.10	1.00	24.104307	23.724488	23.980988	0.532683
21.16	21.41	21.49	21.49	3.10	1.00	24.100431	23.722816	23.978261	0.532617
21.17	21.41	21.48	21.48	3.10	1.00	24.096553	23.721142	23.975533	0.532551
21.17	21.41	21.47	21.47	3.10	1.00	24.092672	23.719467	23.972802	0.532485
21.17	21.41	21.46	21.46	3.10	0.99	24.088789	23.717791	23.970069	0.532418
21.18	21.41	21.45	21.45	3.10	0.99	24.084903	23.716113	23.967334	0.532352
21.18	21.41	21.45	21.45	3.10	0.99	24.081015	23.714433	23.964597	0.532284
21.18	21.41	21.44	21.44	3.10	0.99	24.077125	23.712752	23.961859	0.532217
21.18	21.41	21.43	21.43	3.10	0.99	24.073232	23.711070	23.959118	0.532149
21.19	21.41	21.42	21.42	3.10	0.99	24.069336	23.709385	23.956375	0.532081
21.19	21.41	21.41	21.41	3.10	0.98	24.065438	23.707700	23.953630	0.532013
21.19	21.41	21.41	21.41	3.10	0.98	24.061537	23.706012	23.950883	0.531944
21.19	21.41	21.40	21.40	3.10	0.98	24.057634	23.704323	23.948135	0.531875
21.20	21.41	21.39	21.39	3.10	0.98	24.053729	23.702633	23.945384	0.531806
21.20	21.41	21.38	21.38	3.10	0.98	24.049821	23.700941	23.942631	0.531736
21.20	21.41	21.37	21.37	3.10	0.98	24.045910	23.699248	23.939877	0.531666
21.21	21.41	21.37	21.37	3.10	0.97	24.041997	23.697553	23.937120	0.531596
21.21	21.41	21.36	21.36	3.10	0.97	24.038082	23.695856	23.934361	0.531525
21.21	21.41	21.35	21.35	3.10	0.97	24.034164	23.694158	23.931600	0.531454
21.21	21.41	21.34	21.34	3.10	0.97	24.030243	23.692459	23.928838	0.531382
21.22	21.41	21.33	21.33	3.10	0.97	24.026320	23.690758	23.926073	0.531311
21.22	21.41	21.33	21.33	3.10	0.97	24.022395	23.689055	23.923307	0.531238
21.22	21.41	21.32	21.32	3.10	0.96	24.018467	23.687351	23.920538	0.531166
21.23	21.41	21.31	21.31	3.10	0.96	24.014536	23.685645	23.917767	0.531093
21.23	21.41	21.30	21.30	3.10	0.96	24.010604	23.683938	23.914995	0.531020
21.23	21.41	21.29	21.29	3.10	0.96	24.006668	23.682229	23.912220	0.530946
21.23	21.41	21.28	21.28	3.10	0.96	24.002730	23.680519	23.909444	0.530872
21.24	21.41	21.28	21.28	3.10	0.96	23.998790	23.678807	23.906665	0.530798
21.24	21.41	21.27	21.27	3.10	0.95	23.994847	23.677094	23.903885	0.530723
21.24	21.41	21.26	21.26	3.10	0.95	23.990902	23.675379	23.901103	0.530648
21.24	21.41	21.25	21.25	3.10	0.95	23.986954	23.673662	23.898318	0.530572
21.25	21.41	21.24	21.24	3.10	0.95	23.983004	23.671944	23.895532	0.530496
21.25	21.41	21.24	21.24	3.10	0.95	23.979051	23.670225	23.892744	0.530420
21.25	21.41	21.23	21.23	3.10	0.94	23.975096	23.668504	23.889953	0.530343
21.26	21.41	21.22	21.22	3.10	0.94	23.971138	23.666782	23.887161	0.530266
21.26	21.41	21.21	21.21	3.10	0.94	23.967178	23.665057	23.884367	0.530188
21.26	21.41	21.20	21.20	3.10	0.94	23.963216	23.663332	23.881571	0.530110
21.26	21.41	21.20	21.20	3.10	0.94	23.959250	23.661605	23.878773	0.530031
21.27	21.41	21.19	21.19	3.10	0.93	23.955283	23.659876	23.875972	0.529952
21.27	21.41	21.18	21.18	3.10	0.93	23.951313	23.658146	23.873170	0.529873
21.27	21.41	21.17	21.17	3.10	0.93	23.947340	23.656415	23.870366	0.529793
21.27	21.41	21.16	21.16	3.10	0.93	23.943365	23.654681	23.867560	0.529712
21.28	21.41	21.16	21.16	3.10	0.93	23.939388	23.652947	23.864752	0.529631
21.28	21.41	21.15	21.15	3.10	0.93	23.935408	23.651211	23.861943	0.529550
21.28	21.41	21.14	21.14	3.10	0.92	23.931426	23.649473	23.859131	0.529468
21.29	21.41	21.13	21.13	3.10	0.92	23.927441	23.647734	23.856317	0.529386
21.29	21.41	21.12	21.12	3.10	0.92	23.923453	23.645993	23.853501	0.529303
21.29	21.41	21.11	21.11	3.10	0.92	23.919464	23.644251	23.850684	0.529220
21.29	21.41	21.11	21.11	3.10	0.92	23.915471	23.642507	23.847864	0.529136
21.30	21.41	21.10	21.10	3.10	0.91	23.911477	23.640762	23.845042	0.529052
21.30	21.41	21.09	21.09	3.10	0.91	23.907479	23.639015	23.842219	0.528967
21.30	21.41	21.08	21.08	3.10	0.91	23.903480	23.637267	23.839393	0.528881
21.31	21.41	21.07	21.07	3.10	0.91	23.899478	23.635517	23.836566	0.528795
21.31	21.41	21.07	21.07	3.10	0.90	23.895473	23.633766	23.833737	0.528709
21.31	21.41	21.06	21.06	3.10	0.90	23.891466	23.632013	23.830905	0.528622
21.31	21.41	21.05	21.05	3.10	0.90	23.887456	23.630258	23.828072	0.528534
21.32	21.41	21.04	21.04	3.10	0.90	23.883444	23.628503	23.825237	0.528446
21.32	21.41	21.03	21.03	3.10	0.90	23.879430	23.626745	23.822400	0.528357
21.32	21.41	21.03	21.03	3.10	0.89	23.875413	23.624986	23.819561	0.528268
21.32	21.41	21.02	21.02	3.10	0.89	23.871394	23.623226	23.816720	0.528178
21.33	21.41	21.01	21.01	3.10	0.89	23.867372	23.621464	23.813877	0.528087
21.33	21.41	21.00	21.00	3.10	0.89	23.863347	23.619701	23.811032	0.527996
21.33	21.41	20.99	20.99	3.10	0.89	23.859321	23.617936	23.808186	0.527904
21.34	21.41	20.98	20.98	3.10	0.88	23.855291	23.616170	23.805337	0.527811
21.34	21.41	20.98	20.98	3.10	0.88	23.851260	23.614402	23.802486	0.527718
21.34	21.41	20.97	20.97	3.10	0.88	23.847225	23.612632	23.799634	0.527624
21.34	21.41	20.96	20.96	3.10	0.88	23.843189	23.610861	23.796779	0.527530
21.35	21.41	20.95	20.95	3.10	0.87	23.839150	23.609089	23.793923	0.527435
21.35	21.41	20.94	20.94	3.10	0.87	23.835108	23.607315	23.791065	0.527339
21.35	21.41	20.94	20.94	3.10	0.87	23.831064	23.605540	23.788205	0.527242
21.36	21.41	20.93	20.93	3.10	0.87	23.827018	23.603763	23.785343	0.527145
21.36	21.41	20.92	20.92	3.10	0.86	23.822969	23.601984	23.782479	0.527047
21.36	21.41	20.91	20.91	3.10	0.86	23.818917	23.600205	23.779613	0.526948
21.36	21.41	20.90	20.90	3.10	0.86	23.814864	23.598423	23.776745	0.526848
21.37	21.41	20.89	20.89	3.10	0.86	23.810807	23.596640	23.773875	0.526748
21.37	21.41	20.89	20.89	3.10	0.85	23.806749	23.594856	23.771003	0.526647
21.37	21.41	20.88	20.88	3.10	0.85	23.802687	23.593070	23.768130	0.526545
21.38	21.41	20.87	20.87	3.10	0.85	23.798624	23.591283	23.765254	0.526442
21.38	21.41	20.86	20.86	3.10	0.85	23.794557	23.589494	23.762377	0.526338
21.38	21.41	20.85	20.85	3.10	0.84	23.790489	23.587704	23.759498	0.526234
21.38	21.41	20.85	20.85	3.10	0.84	23.786418	23.585912	23.756617	0.526128
21.39	21.41	20.84	20.84	3.10	0.84	23.782344	23.584118	23.753734	0.526022
21.39	21.41	20.83	20.83	3.10	0.84	23.778268	23.582324	23.750849	0.525915
21.39	21.41	20.82	20.82	3.10	0.83	23.774190	23.580527	23.747962	0.525807
21.39	21.41	20.81	20.81	3.10	0.83	23.770109	23.578729	23.745073	0.525697
21.40	21.41	20.80	20.80	3.10	0.83	23.766026	23.576930	23.742183	0.525587
21.40	21.41	20.80	20.80	3.10	0.83	23.761940	23.575129	23.739290	0.525476
21.40	21.41	20.79	20.79	3.10	0.82	23.757852	23.573327	23.736396	0.525364
21.41	21.41	20.78	20.78	3.10	0.82	23.753761	23.571523	23.733500	0.525251
21.41	21.41	20.77	20.77	3.10	0.82	23.749668	23.569718	23.730602	0.525137
21.41	21.41	20.76	20.76	3.10	0.81	23.745572	23.567911	23.727702	0.525022
21.41	21.41	20.75	20.75	3.10	0.81	23.741474	23.566103	23.724800	0.524906
21.42	21.41	20.75	20.75	3.10	0.81	23.737373	23.564293	23.721896	0.524788
21.42	21.41	20.74	20.74	3.10	0.81	23.733270	23.562482	23.718990	0.524670
21.42	21.41	20.73	20.73	3.10	0.80	23.729165	23.560670	23.716083	0.524550
21.43	21.41	20.72	20.72	3.09	0.80	23.725057	23.558855	23.713174	0.524429
21.43	21.41	20.71	20.71	3.09	0.80	23.720946	23.557040	23.710262	0.524307
21.43	21.41	20.71	20.71	3.09	0.79	23.716834	23.555223	23.707349	0.524183
21.43	21.41	20.70	20.70	3.09	0.79	23.712718	23.553404	23.704434	0.524058
21.44	21.41	20.69	20.69	3.09	0.79	23.708600	23.551584	23.701518	0.523932
21.44	21.41	20.68	20.68	3.09	0.78	23.704480	23.549762	23.698599	0.523805
21.44	21.41	20.67	20.67	3.09	0.78	23.700357	23.547939	23.695679	0.523676
21.44	21.41	20.66	20.66	3.09	0.78	23.696232	23.546115	23.692756	0.523546
21.45	21.41	20.66	20.66	3.09	0.77	23.692105	23.544289	23.689832	0.523414
21.45	21.41	20.65	20.65	3.09	0.77	23.687975	23.542461	23.686906	0.523280
21.45	21.41	20.64	20.64	3.09	0.77	23.683842	23.540632	23.683979	0.523146
21.46	21.41	20.63	20.63	3.09	0.76	23.679707	23.538802	23.681049	0.523009
21.46	21.41	20.62	20.62	3.09	0.76	23.675569	23.536970	23.678117	0.522871
21.46	21.41	20.61	20.61	3.09	0.76	23.671429	23.535136	23.675184	0.522731
21.46	21.41	20.61	20.61	3.09	0.75	23.667287	23.533302	23.672249	0.522590
21.47	21.41	20.60	20.60	3.09	0.75	23.663142	23.531465	23.669312	0.522446
21.47	21.41	20.59	20.59	3.09	0.75	23.658994	23.529627	23.666374	0.522301
21.47	21.41	20.58	20.58	3.09	0.74	23.654845	23.527788	23.663433	0.522154
21.48	21.41	20.57	20.57	3.09	0.74	23.650692	23.525947	23.660491	0.522005
21.48	21.41	20.57	20.57	3.09	0.74	23.646537	23.524105	23.657547	0.521853
21.48	21.41	20.56	20.56	3.09	0.73	23.642380	23.522261	23.654601	0.521700
21.48	21.41	20.55	20.55	3.09	0.73	23.638220	23.520416	23.651653	0.521545
21.49	21.41	20.54	20.54	3.09	0.72	23.634058	23.518569	23.648703	0.521387
21.49	21.41	20.53	20.53	3.09	0.72	23.629893	23.516721	23.645752	0.521227
21.49	21.41	20.52	20.52	3.09	0.72	23.625726	23.514871	23.642799	0.521064
21.49	21.41	20.52	20.52	3.09	0.71	23.621556	23.513020	23.639844	0.520899
21.50	21.41	20.51	20.51	3.09	0.71	23.617384	23.511168	23.636888	0.520732
21.50	21.41	20.50	20.50	3.09	0.70	23.613209	23.509313	23.633929	0.520561
21.50	21.41	20.49	20.49	3.09	0.70	23.609031	23.507458	23.630969	0.520388
21.51	21.41	20.48	20.48	3.09	0.69	23.604852	23.505601	23.628007	0.520212
21.51	21.41	20.47	20.47	3.09	0.69	23.600669	23.503742	23.625044	0.520033
21.51	21.41	20.47	20.47	3.09	0.69	23.596484	23.501882	23.622079	0.519851
21.51	21.41	20.46	20.46	3.09	0.68	23.592297	23.500021	23.619111	0.519665
21.52	21.41	20.45	20.45	3.09	0.68	23.588107	23.498158	23.616143	0.519476
21.52	21.41	20.44	20.44	3.09	0.67	23.583915	23.496293	23.613172	0.519284
21.52	21.41	20.43	20.43	3.09	0.67	23.579720	23.494427	23.610200	0.519087
21.52	21.41	20.42	20.42	3.09	0.66	23.575522	23.492559	23.607226	0.518887
21.53	21.41	20.42	20.42	3.09	0.66	23.571322	23.490690	23.604251	0.518682
21.53	21.41	20.41	20.41	3.09	0.65	23.567120	23.488820	23.601273	0.518474
21.53	21.41	20.40	20.40	3.09	0.65	23.562915	23.486948	23.598294	0.518260
21.54	21.41	20.39	20.39	3.09	0.64	23.558707	23.485074	23.595314	0.518042
21.54	21.41	20.38	20.38	3.09	0.64	23.554497	23.483199	23.592332	0.517818
21.54	21.41	20.37	20.37	3.09	0.63	23.550284	23.481323	23.589348	0.517589
21.54	21.41	20.37	20.37	3.09	0.62	23.546068	23.479445	23.586362	0.517355
21.55	21.41	20.36	20.36	3.09	0.62	23.541850	23.477565	23.583375	0.517114
21.55	21.41	20.35	20.35	3.09	0.61	23.537630	23.475684	23.580387	0.516867
21.55	21.41	20.34	20.34	3.09	0.60	23.533406	23.473801	23.577396	0.516613
21.56	21.41	20.33	20.33	3.09	0.60	23.529181	23.471917	23.574405	0.516352
21.56	21.41	20.32	20.32	3.09	0.59	23.524952	23.470031	23.571411	0.516082
21.56	21.41	20.32	20.32	3.09	0.58	23.520721	23.468144	23.568417	0.515804
21.56	21.41	20.31	20.31	3.09	0.58	23.516487	23.466255	23.565420	0.515517
21.57	21.41	20.30	20.30	3.09	0.57	23.512250	23.464365	23.562422	0.515220
21.57	21.41	20.29	20.29	3.09	0.56	23.508011	23.462472	23.559423	0.514912
21.57	21.41	20.28	20.28	3.09	0.55	23.503769	23.460579	23.556423	0.514593
21.57	21.41	20.27	20.27	3.09	0.55	23.499524	23.458683	23.553420	0.514260
21.58	21.41	20.27	20.27	3.09	0.54	23.495276	23.456786	23.550417	0.513913
21.58	21.41	20.26	20.26	3.09	0.53	23.491025	23.454888	23.547412	0.513551
21.58	21.41	20.25	20.25	3.09	0.52	23.486772	23.452987	23.544406	0.513171
21.59	21.41	20.24	20.24	3.09	0.51	23.482515	23.451085	23.541399	0.512771
21.59	21.41	20.23	20.23	3.09	0.50	23.478256	23.449181	23.538391	0.512348
21.59	21.41	20.22	20.22	3.09	0.49	23.473993	23.447275	23.535381	0.511900
21.59	21.41	20.22	20.22	3.09	0.48	23.469727	23.445367	23.532371	0.511504
21.60	21.41	20.21	20.21	3.09	0.48	23.465462	23.443461	23.529358	0.511500
21.60	21.41	20.20	20.20	3.09	0.48	23.461197	23.441556	23.526343	0.511497
21.60	21.41	20.19	20.19	3.09	0.48	23.456931	23.439652	23.523325	0.511493
21.61	21.41	20.18	20.18	3.09	0.48	23.452664	23.437747	23.520304	0.511489
21.61	21.41	20.17	20.17	3.09	0.48	23.448394	23.435841	23.517281	0.511485
21.61	21.41	20.17	20.17	3.09	0.48	23.444123	23.433935	23.514254	0.511481
21.61	21.41	20.16	20.16	3.09	0.48	23.439850	23.432029	23.511226	0.511478
21.62	21.41	20.15	20.15	3.09	0.48	23.435575	23.430121	23.508195	0.511474
21.62	21.41	20.14	20.14	3.09	0.48	23.431297	23.428212	23.505161	0.511470
21.62	21.41	20.13	20.13	3.09	0.48	23.427018	23.426303	23.502125	0.511466
21.62	21.41	20.12	20.12	3.09	0.48	23.422736	23.424393	23.499086	0.511462
21.63	21.41	20.12	20.12	3.09	0.48	23.418452	23.422481	23.496045	0.511459
21.63	21.41	20.11	20.11	3.09	0.48	23.414166	23.420569	23.493002	0.511455
21.63	21.41	20.10	20.10	3.09	0.48	23.409878	23.418655	23.489956	0.511451
21.64	21.41	20.09	20.09	3.09	0.48	23.405587	23.416741	23.486908	0.511447
21.64	21.41	20.08	20.08	3.09	0.48	23.401294	23.414825	23.483857	0.511443
21.64	21.41	20.07	20.07	3.09	0.48	23.396999	23.412908	23.480804	0.511440
21.64	21.41	20.07	20.07	3.09	0.48	23.392702	23.410990	23.477749	0.511436
21.65	21.41	20.06	20.06	3.09	0.48	23.388402	23.409070	23.474691	0.511432
21.65	21.41	20.05	20.05	3.09	0.48	23.384100	23.407150	23.471631	0.511428
21.65	21.41	20.04	20.04	3.09	0.48	23.379796	23.405228	23.468569	0.511562
21.66	21.41	20.03	20.03	3.09	0.49	23.375494	23.403309	23.465503	0.512023
21.66	21.41	20.02	20.02	3.09	0.50	23.371193	23.401391	23.462433	0.512456
21.66	21.41	20.01	20.01	3.09	0.51	23.366891	23.399472	23.459359	0.512864
21.66	21.41	20.01	20.01	3.09	0.52	23.362587	23.397553	23.456282	0.513252
21.67	21.41	20.00	20.00	3.09	0.53	23.358282	23.395632	23.453202	0.513620
21.67	21.41	19.99	19.99	3.09	0.54	23.353974	23.393711	23.450118	0.513972
21.67	21.41	19.98	19.98	3.09	0.55	23.349665	23.391788	23.447030	0.514308
21.68	21.41	19.97	19.97	3.09	0.56	23.345354	23.389864	23.443940	0.514631
21.68	21.41	19.96	19.96	3.09	0.57	23.341040	23.387939	23.440847	0.514942
21.68	21.41	19.96	19.96	3.09	0.57	23.336725	23.386012	23.437750	0.515241
21.68	21.41	19.95	19.95	3.09	0.58	23.332407	23.384084	23.434651	0.515530
21.69	21.41	19.94	19.94	3.09	0.59	23.328086	23.382155	23.431549	0.515809
21.69	21.41	19.93	19.93	3.09	0.60	23.323764	23.380223	23.428445	0.516079
21.69	21.41	19.92	19.92	3.09	0.60	23.319439	23.378291	23.425338	0.516341
21.69	21.41	19.91	19.91	3.09	0.61	23.315111	23.376356	23.422228	0.516595
21.70	21.41	19.91	19.91	3.09	0.62	23.310782	23.374420	23.419115	0.516842
21.70	21.41	19.90	19.90	3.09	0.62	23.306449	23.372483	23.416000	0.517083
21.70	21.41	19.89	19.89	3.09	0.63	23.302115	23.370543	23.412883	0.517317
21.71	21.41	19.88	19.88	3.09	0.63	23.297778	23.368602	23.409763	0.517545
21.71	21.41	19.87	19.87	3.09	0.64	23.293439	23.366660	23.406641	0.517768
21.71	21.41	19.86	19.86	3.09	0.65	23.289097	23.364715	23.403516	0.517985
21.71	21.41	19.85	19.85	3.09	0.65	23.284753	23.362769	23.400389	0.518198
21.72	21.41	19.85	19.85	3.08	0.66	23.280407	23.360822	23.397260	0.518405
21.72	21.41	19.84	19.84	3.08	0.66	23.276058	23.358873	23.394128	0.518608
21.72	21.41	19.83	19.83	3.08	0.67	23.271707	23.356922	23.390995	0.518807
21.73	21.41	19.82	19.82	3.08	0.67	23.267354	23.354969	23.387859	0.519002
21.73	21.41	19.81	19.81	3.08	0.68	23.262998	23.353014	23.384720	0.519193
21.73	21.41	19.80	19.80	3.08	0.68	23.258640	23.351058	23.381580	0.519380
21.73	21.41	19.80	19.80	3.08	0.69	23.254279	23.349101	23.378438	0.519564
21.74	21.41	19.79	19.79	3.08	0.69	23.249916	23.347141	23.375293	0.519744
21.74	21.41	19.78	19.78	3.08	0.70	23.245551	23.345180	23.372146	0.519921
21.74	21.41	19.77	19.77	3.08	0.70	23.241183	23.343217	23.368998	0.520095
21.74	21.41	19.76	19.76	3.08	0.70	23.236813	23.341253	23.365847	0.520266
21.75	21.41	19.75	19.75	3.08	0.71	23.232441	23.339287	23.362694	0.520435
21.75	21.41	19.74	19.74	3.08	0.71	23.228067	23.337319	23.359539	0.520600
21.75	21.41	19.74	19.74	3.08	0.72	23.223690	23.335349	23.356382	0.520763
21.76	21.41	19.73	19.73	3.08	0.72	23.219311	23.333378	23.353223	0.520923
21.76	21.41	19.72	19.72	3.08	0.73	23.214929	23.331405	23.350062	0.521081
21.76	21.41	19.71	19.71	3.08	0.73	23.210545	23.329431	23.346899	0.521236
21.76	21.41	19.70	19.70	3.08	0.73	23.206159	23.327454	23.343734	0.521389
21.77	21.41	19.69	19.69	3.08	0.74	23.201771	23.325477	23.340567	0.521540
21.77	21.41	19.69	19.69	3.08	0.74	23.197380	23.323497	23.337398	0.521689
21.77	21.41	19.68	19.68	3.08	0.75	23.192987	23.321516	23.334227	0.521835
21.77	21.41	19.67	19.67	3.08	0.75	23.188592	23.319533	23.331054	0.521980
21.78	21.41	19.66	19.66	3.08	0.75	23.184195	23.317549	23.327879	0.522122
21.78	21.41	19.65	19.65	3.08	0.76	23.179795	23.315562	23.324703	0.522263
21.78	21.41	19.64	19.64	3.08	0.76	23.175393	23.313575	23.321524	0.522402
21.79	21.41	19.63	19.63	3.08	0.76	23.170989	23.311585	23.318344	0.522539
21.79	21.41	19.63	19.63	3.08	0.77	23.166582	23.309594	23.315162	0.522675
21.79	21.41	19.62	19.62	3.08	0.77	23.162174	23.307602	23.311977	0.522809
21.79	21.41	19.61	19.61	3.08	0.77	23.157763	23.305607	23.308791	0.522941
21.80	21.41	19.60	19.60	3.08	0.78	23.153350	23.303612	23.305603	0.523071
21.80	21.41	19.59	19.59	3.08	0.78	23.148934	23.301614	23.302413	0.523201
21.80	21.41	19.58	19.58	3.08	0.78	23.144517	23.299615	23.299222	0.523328
21.81	21.41	19.58	19.58	3.08	0.79	23.140097	23.297614	23.296028	0.523454
21.81	21.41	19.57	19.57	3.08	0.79	23.135675	23.295612	23.292833	0.523579
21.81	21.41	19.56	19.56	3.08	0.79	23.131251	23.293608	23.289635	0.523702
21.81	21.41	19.55	19.55	3.08	0.80	23.126824	23.291602	23.286436	0.523824
21.82	21.41	19.54	19.54	3.08	0.80	23.122396	23.289595	23.283235	0.523945
21.82	21.41	19.53	19.53	3.08	0.80	23.117965	23.287586	23.280032	0.524064
21.82	21.41	19.52	19.52	3.08	0.81	23.113532	23.285576	23.276828	0.524182
21.82	21.41	19.52	19.52	3.08	0.81	23.109097	23.283564	23.273621	0.524299
21.83	21.41	19.51	19.51	3.08	0.81	23.104659	23.281551	23.270413	0.524415
21.83	21.41	19.50	19.50	3.08	0.82	23.100220	23.279535	23.267203	0.524529
21.83	21.41	19.49	19.49	3.08	0.82	23.095778	23.277519	23.263991	0.524643
21.84	21.41	19.48	19.48	3.08	0.82	23.091334	23.275500	23.260777	0.524755
21.84	21.41	19.47	19.47	3.08	0.83	23.086888	23.273481	23.257562	0.524866
21.84	21.41	19.46	19.46	3.08	0.83	23.082440	23.271459	23.254345	0.524977
21.84	21.41	19.46	19.46	3.08	0.83	23.077990	23.269436	23.251126	0.525086
21.85	21.41	19.45	19.45	3.08	0.83	23.073538	23.267411	23.247905	0.525194
21.85	21.41	19.44	19.44	3.08	0.84	23.069083	23.265385	23.244682	0.525301
21.85	21.41	19.43	19.43	3.08	0.84	23.064626	23.263357	23.241457	0.525407
21.86	21.41	19.42	19.42	3.08	0.84	23.060167	23.261328	23.238231	0.525512
21.86	21.41	19.41	19.41	3.08	0.84	23.055706	23.259297	23.235003	0.525617
21.86	21.41	19.40	19.40	3.08	0.85	23.051243	23.257265	23.231773	0.525720
21.86	21.41	19.40	19.40	3.08	0.85	23.046778	23.255231	23.228542	0.525822
21.87	21.41	19.39	19.39	3.08	0.85	23.042311	23.253195	23.225308	0.525924
21.87	21.41	19.38	19.38	3.08	0.86	23.037841	23.251158	23.222073	0.526025
21.87	21.41	19.37	19.37	3.08	0.86	23.033369	23.249119	23.218836	0.526125
21.88	21.41	19.36	19.36	3.08	0.86	23.028896	23.247079	23.215597	0.526224
21.88	21.41	19.35	19.35	3.08	0.86	23.024420	23.245037	23.212357	0.526322
21.88	21.41	19.35	19.35	3.08	0.87	23.019942	23.242994	23.209115	0.526419
21.88	21.41	19.34	19.34	3.08	0.87	23.015462	23.240949	23.205870	0.526516
21.89	21.41	19.33	19.33	3.08	0.87	23.010980	23.238902	23.202625	0.526612
21.89	21.41	19.32	19.32	3.08	0.87	23.006495	23.236854	23.199377	0.526707
21.89	21.41	19.31	19.31	3.08	0.88	23.002009	23.234805	23.196128	0.526801
21.89	21.41	19.30	19.30	3.08	0.88	22.997521	23.232754	23.192877	0.526895
21.90	21.41	19.29	19.29	3.08	0.88	22.993030	23.230701	23.189624	0.526988
21.90	21.41	19.29	19.29	3.08	0.88	22.988537	23.228647	23.186369	0.527080
21.90	21.41	19.28	19.28	3.08	0.89	22.984043	23.226591	23.183113	0.527172
21.91	21.41	19.27	19.27	3.08	0.89	22.979546	23.224534	23.179855	0.527263
21.91	21.41	19.26	19.26	3.08	0.89	22.975047	23.222475	23.176595	0.527353
21.91	21.41	19.25	19.25	3.08	0.89	22.970546	23.220414	23.173333	0.527442
21.91	21.41	19.24	19.24	3.08	0.90	22.966043	23.218352	23.170070	0.527531
21.92	21.41	19.23	19.23	3.08	0.90	22.961538	23.216289	23.166805	0.527620
21.92	21.41	19.23	19.23	3.08	0.90	22.957031	23.214224	23.163538	0.527707
21.92	21.41	19.22	19.22	3.08	0.90	22.952521	23.212157	23.160269	0.527794
21.93	21.41	19.21	19.21	3.08	0.91	22.948010	23.210089	23.156999	0.527881
21.93	21.41	19.20	19.20	3.08	0.91	22.943497	23.208020	23.153727	0.527967
21.93	21.41	19.19	19.19	3.08	0.91	22.938981	23.205949	23.150453	0.528052
21.93	21.41	19.18	19.18	3.08	0.91	22.934464	23.203876	23.147177	0.528137
21.94	21.41	19.17	19.17	3.08	0.91	22.929944	23.201802	23.143900	0.528221
21.94	21.41	19.17	19.17	3.08	0.92	22.925423	23.199726	23.140621	0.528304
21.94	21.41	19.16	19.16	3.08	0.92	22.920899	23.197649	23.137340	0.528387
21.94	21.41	19.15	19.15	3.08	0.92	22.916373	23.195570	23.134057	0.528470
21.95	21.41	19.14	19.14	3.08	0.92	22.911846	23.193489	23.130773	0.528552
21.95	21.41	19.13	19.13	3.08	0.93	22.907316	23.191408	23.127487	0.528633
21.95	21.41	19.12	19.12	3.08	0.93	22.902784	23.189324	23.124199	0.528714
21.96	21.41	19.11	19.11	3.08	0.93	22.898250	23.187239	23.120910	0.528794
21.96	21.41	19.11	19.11	3.08	0.93	22.893714	23.185153	23.117618	0.528874
21.96	21.41	19.10	19.10	3.08	0.93	22.889176	23.183065	23.114325	0.528953
21.96	21.41	19.09	19.09	3.08	0.94	22.884636	23.180976	23.111031	0.529032
21.97	21.41	19.08	19.08	3.08	0.94	22.880094	23.178885	23.107734	0.529111
21.97	21.41	19.07	19.07	3.08	0.94	22.875550	23.176792	23.104436	0.529189
21.97	21.41	19.06	19.06	3.08	0.94	22.871004	23.174698	23.101136	0.529266
21.98	21.41	19.05	19.05	3.08	0.94	22.866456	23.172602	23.097834	0.529343
21.98	21.41	19.05	19.05	3.08	0.95	22.861906	23.170505	23.094531	0.529420
21.98	21.41	19.04	19.04	3.08	0.95	22.857354	23.168407	23.091226	0.529496
21.98	21.41	19.03	19.03	3.08	0.95	22.852800	23.166307	23.087919	0.529571
21.99	21.41	19.02	19.02	3.08	0.95	22.848244	23.164205	23.084611	0.529647
21.99	21.41	19.01	19.01	3.08	0.95	22.843685	23.162102	23.081300	0.529721
21.99	21.41	19.00	19.00	3.07	0.96	22.839125	23.159997	23.077988	0.529796
21.99	21.41	18.99	18.99	3.07	0.96	22.834563	23.157891	23.074675	0.529870
22.00	21.41	18.98	18.98	3.07	0.96	22.829999	23.155783	23.071359	0.529943
22.00	21.41	18.98	18.98	3.07	0.96	22.825433	23.153674	23.068042	0.530016
22.00	21.41	18.97	18.97	3.07	0.96	22.820864	23.151563	23.064723	0.530089
22.01	21.41	18.96	18.96	3.07	0.97	22.816294	23.149451	23.061402	0.530161
22.01	21.41	18.95	18.95	3.07	0.97	22.811722	23.147337	23.058080	0.530233
22.01	21.41	18.94	18.94	3.07	0.97	22.807148	23.145222	23.054756	0.530305
22.01	21.41	18.93	18.93	3.07	0.97	22.802571	23.143105	23.051430	0.530376
22.02	21.41	18.92	18.92	3.07	0.97	22.797993	23.140987	23.048103	0.530446
22.02	21.41	18.92	18.92	3.07	0.98	22.793413	23.138867	23.044773	0.530517
22.02	21.41	18.91	18.91	3.07	0.98	22.788831	23.136746	23.041443	0.530587
22.02	21.41	18.90	18.90	3.07	0.98	22.784247	23.134623	23.038110	0.530656
22.03	21.41	18.89	18.89	3.07	0.98	22.779661	23.132499	23.034776	0.530726
22.03	21.41	18.88	18.88	3.07	0.98	22.775072	23.130373	23.031439	0.530794
22.03	21.41	18.87	18.87	3.07	0.98	22.770482	23.128246	23.028102	0.530863
22.04	21.41	18.86	18.86	3.07	0.99	22.765890	23.126117	23.024762	0.530931
22.04	21.41	18.86	18.86	3.07	0.99	22.761296	23.123987	23.021421	0.530999
22.04	21.41	18.85	18.85	3.07	0.99	22.756700	23.121855	23.018078	0.531066
22.04	21.41	18.84	18.84	3.07	0.99	22.752102	23.119721	23.014733	0.531134
22.05	21.41	18.83	18.83	3.07	0.99	22.747502	23.117587	23.011387	0.531200
22.05	21.41	18.82	18.82	3.07	1.00	22.742900	23.115450	23.008039	0.531267
22.05	21.41	18.81	18.81	3.07	1.00	22.738296	23.113312	23.004689	0.531333
22.06	21.41	18.80	18.80	3.07	1.00	22.733690	23.111173	23.001338	0.531399
22.06	21.41	18.80	18.80	3.07	1.00	22.729082	23.109032	22.997984	0.531464
22.06	21.41	18.79	18.79	3.07	1.00	22.724472	23.106890	22.994629	0.531530
22.06	21.41	18.78	18.78	3.07	1.00	22.719860	23.104746	22.991273	0.531594
22.07	21.41	18.77	18.77	3.07	1.01	22.715247	23.102601	22.987914	0.531659
22.07	21.41	18.76	18.76	3.07	1.01	22.710631	23.100454	22.984554	0.531723
22.07	21.41	18.75	18.75	3.07	1.01	22.706013	23.098305	22.981193	0.531787
22.07	21.41	18.74	18.74	3.07	1.01	22.701394	23.096156	22.977829	0.531851
22.08	21.41	18.73	18.73	3.07	1.01	22.696772	23.094004	22.974464	0.531914
22.08	21.41	18.73	18.73	3.07	1.02	22.692148	23.091851	22.971097	0.531977
22.08	21.41	18.72	18.72	3.07	1.02	22.687523	23.089697	22.967729	0.532040
22.09	21.41	18.71	18.71	3.07	1.02	22.682895	23.087541	22.964358	0.532102
22.09	21.41	18.70	18.70	3.07	1.02	22.678266	23.085384	22.960987	0.532165
22.09	21.41	18.69	18.69	3.07	1.02	22.673635	23.083225	22.957613	0.532227
22.09	21.41	18.68	18.68	3.07	1.02	22.669001	23.081065	22.954238	0.532288
22.10	21.41	18.67	18.67	3.07	1.03	22.664366	23.078903	22.950860	0.532350
22.10	21.41	18.67	18.67	3.07	1.03	22.659729	23.076739	22.947482	0.532411
22.10	21.41	18.66	18.66	3.07	1.03	22.655090	23.074575	22.944101	0.532471
22.11	21.41	18.65	18.65	3.07	1.03	22.650449	23.072408	22.940719	0.532532
22.11	21.41	18.64	18.64	3.07	1.03	22.645806	23.070240	22.937335	0.532592
22.11	21.41	18.63	18.63	3.07	1.03	22.641161	23.068071	22.933950	0.532652
22.11	21.41	18.62	18.62	3.07	1.04	22.636514	23.065900	22.930562	0.532712
22.12	21.41	18.61	18.61	3.07	1.04	22.631865	23.063728	22.927174	0.532772
22.12	21.41	18.60	18.60	3.07	1.04	22.627215	23.061554	22.923783	0.532831
22.12	21.41	18.60	18.60	3.07	1.04	22.622562	23.059379	22.920391	0.532890
22.12	21.41	18.59	18.59	3.07	1.04	22.617907	23.057202	22.916997	0.532948
22.13	21.41	18.58	18.58	3.07	1.04	22.613251	23.055024	22.913601	0.533007
22.13	21.41	18.57	18.57	3.07	1.04	22.608593	23.052844	22.910203	0.533065
22.13	21.41	18.56	18.56	3.07	1.05	22.603932	23.050663	22.906804	0.533123
22.14	21.41	18.55	18.55	3.07	1.05	22.599270	23.048480	22.903404	0.533181
22.14	21.41	18.54	18.54	3.07	1.05	22.594606	23.046296	22.900001	0.533238
22.14	21.41	18.54	18.54	3.07	1.05	22.589940	23.044110	22.896597	0.533296
22.14	21.41	18.53	18.53	3.07	1.05	22.585272	23.041923	22.893191	0.533353
22.15	21.41	18.52	18.52	3.07	1.05	22.580602	23.039735	22.889784	0.533410
22.15	21.41	18.51	18.51	3.07	1.06	22.575930	23.037545	22.886374	0.533466
22.15	21.41	18.50	18.50	3.07	1.06	22.571256	23.035353	22.882963	0.533522
22.16	21.41	18.49	18.49	3.07	1.06	22.566581	23.033160	22.879551	0.533579
22.16	21.41	18.48	18.48	3.07	1.06	22.561903	23.030965	22.876137	0.533634
22.16	21.41	18.47	18.47	3.07	1.06	22.557224	23.028769	22.872721	0.533690
22.16	21.41	18.47	18.47	3.07	1.06	22.552543	23.026572	22.869303	0.533746
22.17	21.41	18.46	18.46	3.07	1.06	22.547859	23.024373	22.865884	0.533801
22.17	21.41	18.45	18.45	3.07	1.07	22.543174	23.022172	22.862463	0.533856
22.17	21.41	18.44	18.44	3.07	1.07	22.538487	23.019970	22.859040	0.533911
22.18	21.41	18.43	18.43	3.07	1.07	22.533798	23.017767	22.855616	0.533965
22.18	21.41	18.42	18.42	3.07	1.07	22.529108	23.015562	22.852190	0.534020
22.18	21.41	18.41	18.41	3.07	1.07	22.524415	23.013355	22.848762	0.534074
22.18	21.41	18.40	18.40	3.07	1.07	22.519720	23.011147	22.845333	0.534128
22.19	21.41	18.40	18.40	3.07	1.08	22.515024	23.008938	22.841901	0.534181
22.19	21.41	18.39	18.39	3.07	1.08	22.510326	23.006727	22.838469	0.534235
22.19	21.41	18.38	18.38	3.07	1.08	22.505625	23.004515	22.835034	0.534288
22.19	21.41	18.37	18.37	3.07	1.08	22.500923	23.002301	22.831598	0.534341
22.20	21.41	18.36	18.36	3.07	1.08	22.496219	23.000085	22.828160	0.534394
22.20	21.41	18.35	18.35	3.07	1.08	22.491513	22.997869	22.824721	0.534447
22.20	21.41	18.34	18.34	3.07	1.08	22.486806	22.995650	22.821280	0.534500
22.21	21.41	18.34	18.34	3.07	1.09	22.482096	22.993431	22.817837	0.534552
22.21	21.41	18.33	18.33	3.07	1.09	22.477385	22.991209	22.814393	0.534604
22.21	21.41	18.32	18.32	3.07	1.09	22.472671	22.988987	22.810947	0.534656
22.21	21.41	18.31	18.31	3.07	1.09	22.467956	22.986763	22.807499	0.534708
22.22	21.41	18.30	18.30	3.07	1.09	22.463239	22.984537	22.804049	0.534759
22.22	21.41	18.29	18.29	3.07	1.09	22.458520	22.982310	22.800598	0.534811
22.22	21.41	18.28	18.28	3.07	1.09	22.453799	22.980081	22.797145	0.534862
22.23	21.41	18.27	18.27	3.07	1.10	22.449076	22.977851	22.793691	0.534913
22.23	21.41	18.27	18.27	3.07	1.10	22.444352	22.975620	22.790235	0.534964
22.23	21.41	18.26	18.26	3.07	1.10	22.439625	22.973387	22.786777	0.535015
22.23	21.41	18.25	18.25	3.07	1.10	22.434897	22.971152	22.783318	0.535065
22.24	21.41	18.24	18.24	3.07	1.10	22.430167	22.968916	22.779856	0.535115
22.24	21.41	18.23	18.23	3.07	1.10	22.425435	22.966679	22.776394	0.535165
22.24	21.41	18.22	18.22	3.07	1.10	22.420701	22.964440	22.772929	0.535215
22.24	21.41	18.21	18.21	3.07	1.11	22.415965	22.962200	22.769463	0.535265
22.25	21.41	18.20	18.20	3.07	1.11	22.411228	22.959958	22.765995	0.535315
22.25	21.41	18.20	18.20	3.07	1.11	22.406488	22.957715	22.762526	0.535364
22.25	21.41	18.19	18.19	3.06	1.11	22.401747	22.955470	22.759055	0.535414
22.26	21.41	18.18	18.18	3.06	1.11	22.397004	22.953224	22.755582	0.535463
22.26	21.41	18.17	18.17	3.06	1.11	22.392259	22.950976	22.752108	0.535512
22.26	21.41	18.16	18.16	3.06	1.11	22.387512	22.948727	22.748632	0.535560
22.26	21.41	18.15	18.15	3.06	1.11	22.382764	22.946477	22.745154	0.535609
22.27	21.41	18.14	18.14	3.06	1.12	22.378013	22.944225	22.741675	0.535657
22.27	21.41	18.13	18.13	3.06	1.12	22.373261	22.941971	22.738194	0.535706
22.27	21.41	18.13	18.13	3.06	1.12	22.368507	22.939716	22.734711	0.535754
22.27	21.41	18.12	18.12	3.06	1.12	22.363751	22.937460	22.731227	0.535802
22.28	21.41	18.11	18.11	3.06	1.12	22.358993	22.935202	22.727741	0.535849
22.28	21.41	18.10	18.10	3.06	1.12	22.354234	22.932942	22.724253	0.535897
22.28	21.41	18.09	18.09	3.06	1.12	22.349472	22.930682	22.720764	0.535945
22.29	21.41	18.08	18.08	3.06	1.13	22.344709	22.928419	22.717273	0.535992
22.29	21.41	18.07	18.07	3.06	1.13	22.339944	22.926156	22.713781	0.536039
22.29	21.41	18.06	18.06	3.06	1.13	22.335177	22.923890	22.710287	0.536086
22.29	21.41	18.06	18.06	3.06	1.13	22.330408	22.921624	22.706791	0.536133
22.30	21.41	18.05	18.05	3.06	1.13	22.325637	22.919356	22.703293	0.536180
22.30	21.41	18.04	18.04	3.06	1.13	22.320865	22.917086	22.699794	0.536226
22.30	21.41	18.03	18.03	3.06	1.13	22.316091	22.914815	22.696293	0.536272
22.31	21.41	18.02	18.02	3.06	1.13	22.311315	22.912543	22.692791	0.536319
22.31	21.41	18.01	18.01	3.06	1.14	22.306537	22.910269	22.689287	0.536365
22.31	21.41	18.00	18.00	3.06	1.14	22.301757	22.907993	22.685781	0.536411
22.31	21.41	17.99	17.99	3.06	1.14	22.296976	22.905717	22.682274	0.536457
22.32	21.41	17.99	17.99	3.06	1.14	22.292192	22.903438	22.678765	0.536502
22.32	21.41	17.98	17.98	3.06	1.14	22.287407	22.901159	22.675255	0.536548
22.32	21.41	17.97	17.97	3.06	1.14	22.282620	22.898877	22.671742	0.536593
22.32	21.41	17.96	17.96	3.06	1.14	22.277832	22.896595	22.668229	0.536638
22.33	21.41	17.95	17.95	3.06	1.14	22.273041	22.894311	22.664713	0.536683
22.33	21.41	17.94	17.94	3.06	1.15	22.268249	22.892025	22.661196	0.536728
22.33	21.41	17.93	17.93	3.06	1.15	22.263455	22.889738	22.657677	0.536773
22.34	21.41	17.92	17.92	3.06	1.15	22.258659	22.887450	22.654157	0.536818
22.34	21.41	17.92	17.92	3.06	1.15	22.253861	22.885160	22.650635	0.536862
22.34	21.41	17.91	17.91	3.06	1.15	22.249062	22.882869	22.647111	0.536907
22.34	21.41	17.90	17.90	3.06	1.15	22.244260	22.880576	22.643586	0.536951
22.35	21.41	17.89	17.89	3.06	1.15	22.239457	22.878282	22.640059	0.536995
22.35	21.41	17.88	17.88	3.06	1.15	22.234652	22.875986	22.636531	0.537039
22.35	21.41	17.87	17.87	3.06	1.16	22.229846	22.873689	22.633000	0.537083
22.36	21.41	17.86	17.86	3.06	1.16	22.225037	22.871390	22.629469	0.537127
22.36	21.41	17.85	17.85	3.06	1.16	22.220227	22.869090	22.625935	0.537171
22.36	21.41	17.84	17.84	3.06	1.16	22.215415	22.866789	22.622400	0.537214
22.36	21.41	17.84	17.84	3.06	1.16	22.210601	22.864486	22.618864	0.537257
22.37	21.41	17.83	17.83	3.06	1.16	22.205785	22.862182	22.615325	0.537301
22.37	21.41	17.82	17.82	3.06	1.16	22.200968	22.859876	22.611786	0.537344
22.37	21.41	17.81	17.81	3.06	1.16	22.196149	22.857569	22.608244	0.537387
22.38	21.41	17.80	17.80	3.06	1.17	22.191328	22.855260	22.604701	0.537429
22.38	21.41	17.79	17.79	3.06	1.17	22.186505	22.852950	22.601156	0.537472
22.38	21.41	17.78	17.78	3.06	1.17	22.181681	22.850638	22.597610	0.537515
22.38	21.41	17.77	17.77	3.06	1.17	22.176855	22.848325	22.594062	0.537557
22.39	21.41	17.77	17.77	3.06	1.17	22.172027	22.846011	22.590513	0.537600
22.39	21.41	17.76	17.76	3.06	1.17	22.167197	22.843695	22.586961	0.537642
22.39	21.41	17.75	17.75	3.06	1.17	22.162365	22.841378	22.583409	0.537684
22.39	21.41	17.74	17.74	3.06	1.17	22.157532	22.839059	22.579854	0.537726
22.40	21.41	17.73	17.73	3.06	1.17	22.152697	22.836739	22.576298	0.537768
22.40	21.41	17.72	17.72	3.06	1.18	22.147860	22.834417	22.572741	0.537809
22.40	21.41	17.71	17.71	3.06	1.18	22.143021	22.832094	22.569181	0.537851
22.41	21.41	17.70	17.70	3.06	1.18	22.138181	22.829770	22.565621	0.537893
22.41	21.41	17.70	17.70	3.06	1.18	22.133339	22.827444	22.562058	0.537934
22.41	21.41	17.69	17.69	3.06	1.18	22.128495	22.825117	22.558494	0.537975
22.41	21.41	17.68	17.68	3.06	1.18	22.123649	22.822788	22.554929	0.538016
22.42	21.41	17.67	17.67	3.06	1.18	22.118802	22.820458	22.551361	0.538057
22.42	21.41	17.66	17.66	3.06	1.18	22.113953	22.818126	22.547792	0.538098
22.42	21.41	17.65	17.65	3.06	1.19	22.109102	22.815793	22.544222	0.538139
22.43	21.41	17.64	17.64	3.06	1.19	22.104249	22.813459	22.540650	0.538180
22.43	21.41	17.63	17.63	3.06	1.19	22.099395	22.811123	22.537076	0.538220
22.43	21.41	17.63	17.63	3.06	1.19	22.094539	22.808786	22.533501	0.538261
22.43	21.41	17.62	17.62	3.06	1.19	22.089681	22.806447	22.529924	0.538301
22.44	21.41	17.61	17.61	3.06	1.19	22.084821	22.804107	22.526346	0.538341
22.44	21.41	17.60	17.60	3.06	1.19	22.079960	22.801765	22.522766	0.538382
22.44	21.41	17.59	17.59	3.06	1.19	22.075097	22.799422	22.519184	0.538422
22.44	21.41	17.58	17.58	3.06	1.19	22.070232	22.797078	22.515601	0.538462
22.45	21.41	17.57	17.57	3.06	1.20	22.065366	22.794732	22.512016	0.538501
22.45	21.41	17.56	17.56	3.06	1.20	22.060497	22.792384	22.508430	0.538541
22.45	21.41	17.55	17.55	3.06	1.20	22.055627	22.790036	22.504842	0.538581
22.46	21.41	17.55	17.55	3.06	1.20	22.050756	22.787686	22.501252	0.538620
22.46	21.41	17.54	17.54	3.06	1.20	22.045882	22.785334	22.497661	0.538660
22.46	21.41	17.53	17.53	3.06	1.20	22.041007	22.782981	22.494068	0.538699
22.46	21.41	17.52	17.52	3.06	1.20	22.036130	22.780627	22.490474	0.538738
22.47	21.41	17.51	17.51	3.06	1.20	22.031251	22.778271	22.486878	0.538777
22.47	21.41	17.50	17.50	3.06	1.20	22.026371	22.775914	22.483281	0.538816
22.47	21.41	17.49	17.49	3.06	1.21	22.021489	22.773555	22.479682	0.538855
22.48	21.41	17.48	17.48	3.06	1.21	22.016605	22.771195	22.476081	0.538894
22.48	21.41	17.48	17.48	3.06	1.21	22.011720	22.768833	22.472479	0.538932
22.48	21.41	17.47	17.47	3.06	1.21	22.006832	22.766471	22.468875	0.538971
22.48	21.41	17.46	17.46	3.06	1.21	22.001943	22.764106	22.465269	0.539009
22.49	21.41	17.45	17.45	3.06	1.21	21.997053	22.761740	22.461663	0.539048
22.49	21.41	17.44	17.44	3.06	1.21	21.992160	22.759373	22.458054	0.539086
22.49	21.41	17.43	17.43	3.06	1.21	21.987266	22.757005	22.454444	0.539124
22.49	21.41	17.42	17.42	3.06	1.21	21.982371	22.754635	22.450832	0.539162
22.50	21.41	17.41	17.41	3.06	1.22	21.977473	22.752263	22.447219	0.539200
22.50	21.41	17.40	17.40	3.06	1.22	21.972574	22.749891	22.443604	0.539238
22.50	21.41	17.40	17.40	3.05	1.22	21.967673	22.747516	22.439988	0.539276
22.51	21.41	17.39	17.39	3.05	1.22	21.962770	22.745141	22.436370	0.539313
22.51	21.41	17.38	17.38	3.05	1.22	21.957866	22.742764	22.432750	0.539351
22.51	21.41	17.37	17.37	3.05	1.22	21.952960	22.740385	22.429129	0.539388
22.51	21.41	17.36	17.36	3.05	1.22	21.948052	22.738005	22.425506	0.539426
22.52	21.41	17.35	17.35	3.05	1.22	21.943143	22.735624	22.421882	0.539463
22.52	21.41	17.34	17.34	3.05	1.22	21.938232	22.733242	22.418256	0.539500
22.52	21.41	17.33	17.33	3.05	1.22	21.933319	22.730858	22.414629	0.539537
22.52	21.41	17.32	17.32	3.05	1.23	21.928405	22.728472	22.411000	0.539574
22.53	21.41	17.32	17.32	3.05	1.23	21.923489	22.726085	22.407369	0.539611
22.53	21.41	17.31	17.31	3.05	1.23	21.918571	22.723697	22.403737	0.539648
22.53	21.41	17.30	17.30	3.05	1.23	21.913651	22.721307	22.400104	0.539685
22.54	21.41	17.29	17.29	3.05	1.23	21.908730	22.718916	22.396468	0.539722
22.54	21.41	17.28	17.28	3.05	1.23	21.903807	22.716524	22.392832	0.539758
22.54	21.41	17.27	17.27	3.05	1.23	21.898883	22.714130	22.389193	0.539795
22.54	21.41	17.26	17.26	3.05	1.23	21.893956	22.711735	22.385554	0.539831
22.55	21.41	17.25	17.25	3.05	1.23	21.889028	22.709338	22.381912	0.539867
22.55	21.41	17.25	17.25	3.05	1.24	21.884099	22.706940	22.378269	0.539904
22.55	21.41	17.24	17.24	3.05	1.24	21.879168	22.704540	22.374625	0.539940
22.56	21.41	17.23	17.23	3.05	1.24	21.874235	22.702139	22.370979	0.539976
22.56	21.41	17.22	17.22	3.05	1.24	21.869300	22.699737	22.367331	0.540012
22.56	21.41	17.21	17.21	3.05	1.24	21.864364	22.697333	22.363682	0.540047
22.56	21.41	17.20	17.20	3.05	1.24	21.859426	22.694928	22.360031	0.540083
22.57	21.41	17.19	17.19	3.05	1.24	21.854486	22.692522	22.356379	0.540119
22.57	21.41	17.18	17.18	3.05	1.24	21.849545	22.690114	22.352725	0.540154
22.57	21.41	17.17	17.17	3.05	1.24	21.844602	22.687705	22.349070	0.540190
22.57	21.41	17.17	17.17	3.05	1.24	21.839657	22.685294	22.345413	0.540225
22.58	21.41	17.16	17.16	3.05	1.25	21.834711	22.682882	22.341754	0.540261
22.58	21.41	17.15	17.15	3.05	1.25	21.829763	22.680469	22.338094	0.540296
22.58	21.41	17.14	17.14	3.05	1.25	21.824814	22.678054	22.334433	0.540331
22.59	21.41	17.13	17.13	3.05	1.25	21.819862	22.675638	22.330770	0.540366
22.59	21.41	17.12	17.12	3.05	1.25	21.814910	22.673220	22.327105	0.540401
22.59	21.41	17.11	17.11	3.05	1.25	21.809955	22.670801	22.323439	0.540436
22.59	21.41	17.10	17.10	3.05	1.25	21.804999	22.668381	22.319771	0.540471
22.60	21.41	17.09	17.09	3.05	1.25	21.800041	22.665959	22.316102	0.540506
22.60	21.41	17.09	17.09	3.05	1.25	21.795082	22.663536	22.312432	0.540540
22.60	21.41	17.08	17.08	3.05	1.25	21.790120	22.661111	22.308759	0.540575
22.61	21.41	17.07	17.07	3.05	1.26	21.785158	22.658685	22.305085	0.540609
22.61	21.41	17.06	17.06	3.05	1.26	21.780193	22.656258	22.301410	0.540644
22.61	21.41	17.05	17.05	3.05	1.26	21.775227	22.653829	22.297733	0.540678
22.61	21.41	17.04	17.04	3.05	1.26	21.770260	22.651399	22.294055	0.540713
22.62	21.41	17.03	17.03	3.05	1.26	21.765290	22.648968	22.290375	0.540747
22.62	21.41	17.02	17.02	3.05	1.26	21.760319	22.646535	22.286694	0.540781
22.62	21.41	17.01	17.01	3.05	1.26	21.755347	22.644101	22.283011	0.540815
22.62	21.41	17.01	17.01	3.05	1.26	21.750372	22.641665	22.279326	0.540849
22.63	21.41	17.00	17.00	3.05	1.26	21.745397	22.639228	22.275640	0.540883
22.63	21.41	16.99	16.99	3.05	1.26	21.740419	22.636790	22.271953	0.540917
22.63	21.41	16.98	16.98	3.05	1.27	21.735440	22.634350	22.268263	0.540950
22.64	21.41	16.97	16.97	3.05	1.27	21.730459	22.631909	22.264573	0.540984
22.64	21.41	16.96	16.96	3.05	1.27	21.725477	22.629467	22.260881	0.541017
22.64	21.41	16.95	16.95	3.05	1.27	21.720493	22.627023	22.257187	0.541051
22.64	21.41	16.94	16.94	3.05	1.27	21.715507	22.624578	22.253492	0.541084
22.65	21.41	16.93	16.93	3.05	1.27	21.710520	22.622131	22.249795	0.541118
22.65	21.41	16.93	16.93	3.05	1.27	21.705531	22.619683	22.246097	0.541151
22.65	21.41	16.92	16.92	3.05	1.27	21.700541	22.617234	22.242398	0.541184
22.66	21.41	16.91	16.91	3.05	1.27	21.695549	22.614783	22.238696	0.541217
22.66	21.41	16.90	16.90	3.05	1.27	21.690555	22.612331	22.234994	0.541250
22.66	21.41	16.89	16.89	3.05	1.28	21.685560	22.609877	22.231290	0.541283
22.66	21.41	16.88	16.88	3.05	1.28	21.680563	22.607423	22.227584	0.541316
22.67	21.41	16.87	16.87	3.05	1.28	21.675565	22.604966	22.223877	0.541349
22.67	21.41	16.86	16.86	3.05	1.28	21.670565	22.602509	22.220168	0.541382
22.67	21.41	16.85	16.85	3.05	1.28	21.665563	22.600050	22.216458	0.541415
22.68	21.41	16.85	16.85	3.05	1.28	21.660560	22.597590	22.212746	0.541447
22.68	21.41	16.84	16.84	3.05	1.28	21.655555	22.595128	22.209033	0.541480
22.68	21.41	16.83	16.83	3.05	1.28	21.650548	22.592665	22.205318	0.541512
22.68	21.41	16.82	16.82	3.05	1.28	21.645540	22.590200	22.201602	0.541545
22.69	21.41	16.81	16.81	3.05	1.28	21.640530	22.587735	22.197884	0.541577
22.69	21.41	16.80	16.80	3.05	1.28	21.635519	22.585268	22.194165	0.541609
22.69	21.41	16.79	16.79	3.05	1.29	21.630506	22.582799	22.190444	0.541641
22.69	21.41	16.78	16.78	3.05	1.29	21.625492	22.580329	22.186722	0.541673
22.70	21.41	16.77	16.77	3.05	1.29	21.620476	22.577858	22.182998	0.541705
22.70	21.41	16.77	16.77	3.05	1.29	21.615458	22.575386	22.179273	0.541737
22.70	21.41	16.76	16.76	3.05	1.29	21.610439	22.572912	22.175546	0.541769
22.71	21.41	16.75	16.75	3.05	1.29	21.605418	22.570436	22.171818	0.541801
22.71	21.41	16.74	16.74	3.05	1.29	21.600395	22.567960	22.168088	0.541833
22.71	21.41	16.73	16.73	3.05	1.29	21.595371	22.565482	22.164357	0.541865
22.71	21.41	16.72	16.72	3.05	1.29	21.590346	22.563002	22.160624	0.541896
22.72	21.41	16.71	16.71	3.05	1.29	21.585319	22.560522	22.156890	0.541928
22.72	21.41	16.70	16.70	3.05	1.29	21.580290	22.558040	22.153155	0.541959
22.72	21.41	16.69	16.69	3.05	1.30	21.575260	22.555556	22.149417	0.541991
22.73	21.41	16.69	16.69	3.05	1.30	21.570228	22.553071	22.145679	0.542022
22.73	21.41	16.68	16.68	3.05	1.30	21.565194	22.550585	22.141939	0.542054
22.73	21.41	16.67	16.67	3.05	1.30	21.560159	22.548098	22.138197	0.542085
22.73	21.41	16.66	16.66	3.05	1.30	21.555123	22.545609	22.134454	0.542116
22.74	21.41	16.65	16.65	3.05	1.30	21.550085	22.543119	22.130710	0.542147
22.74	21.41	16.64	16.64	3.05	1.30	21.545045	22.540627	22.126964	0.542178
22.74	21.41	16.63	16.63	3.05	1.30	21.540004	22.538134	22.123216	0.542209
22.74	21.41	16.62	16.62	3.04	1.30	21.534961	22.535640	22.119467	0.542240
22.75	21.41	16.61	16.61	3.04	1.30	21.529916	22.533144	22.115717	0.542271
22.75	21.41	16.61	16.61	3.04	1.30	21.524870	22.530648	22.111965	0.542302
22.75	21.41	16.60	16.60	3.04	1.31	21.519823	22.528149	22.108211	0.542332
22.76	21.41	16.59	16.59	3.04	1.31	21.514774	22.525650	22.104456	0.542363
22.76	21.41	16.58	16.58	3.04	1.31	21.509723	22.523149	22.100700	0.542394
22.76	21.41	16.57	16.57	3.04	1.31	21.504671	22.520646	22.096942	0.542424
22.76	21.41	16.56	16.56	3.04	1.31	21.499617	22.518143	22.093183	0.542455
22.77	21.41	16.55	16.55	3.04	1.31	21.494562	22.515638	22.089422	0.542485
22.77	21.41	16.54	16.54	3.04	1.31	21.489505	22.513132	22.085660	0.542515
22.77	21.41	16.53	16.53	3.04	1.31	21.484447	22.510624	22.081896	0.542546
22.77	21.41	16.53	16.53	3.04	1.31	21.479387	22.508115	22.078131	0.542576
22.78	21.41	16.52	16.52	3.04	1.31	21.474325	22.505605	22.074365	0.542606
22.78	21.41	16.51	16.51	3.04	1.31	21.469262	22.503093	22.070597	0.542636
22.78	21.41	16.50	16.50	3.04	1.32	21.464198	22.500580	22.066827	0.542666
22.79	21.41	16.49	16.49	3.04	1.32	21.459132	22.498065	22.063056	0.542696
22.79	21.41	16.48	16.48	3.04	1.32	21.454064	22.495550	22.059284	0.542726
22.79	21.41	16.47	16.47	3.04	1.32	21.448995	22.493033	22.055510	0.542756
22.79	21.41	16.46	16.46	3.04	1.32	21.443924	22.490514	22.051735	0.542786
22.80	21.41	16.45	16.45	3.04	1.32	21.438852	22.487995	22.047958	0.542815
22.80	21.41	16.45	16.45	3.04	1.32	21.433778	22.485474	22.044180	0.542845
22.80	21.41	16.44	16.44	3.04	1.32	21.428703	22.482951	22.040400	0.542875
22.81	21.41	16.43	16.43	3.04	1.32	21.423626	22.480428	22.036619	0.542904
22.81	21.41	16.42	16.42	3.04	1.32	21.418548	22.477903	22.032836	0.542934
22.81	21.41	16.41	16.41	3.04	1.32	21.413468	22.475376	22.029052	0.542963
22.81	21.41	16.40	16.40	3.04	1.33	21.408387	22.472849	22.025267	0.542992
22.82	21.41	16.39	16.39	3.04	1.33	21.403304	22.470320	22.021480	0.543022
22.82	21.41	16.38	16.38	3.04	1.33	21.398219	22.467789	22.017691	0.543051
22.82	21.41	16.37	16.37	3.04	1.33	21.393134	22.465258	22.013902	0.543080
22.82	21.41	16.36	16.36	3.04	1.33	21.388046	22.462725	22.010110	0.543109
22.83	21.41	16.36	16.36	3.04	1.33	21.382957	22.460190	22.006318	0.543138
22.83	21.41	16.35	16.35	3.04	1.33	21.377867	22.457655	22.002523	0.543167
22.83	21.41	16.34	16.34	3.04	1.33	21.372775	22.455118	21.998728	0.543196
22.84	21.41	16.33	16.33	3.04	1.33	21.367681	22.452580	21.994931	0.543225
22.84	21.41	16.32	16.32	3.04	1.33	21.362586	22.450040	21.991132	0.543254
22.84	21.41	16.31	16.31	3.04	1.33	21.357490	22.447499	21.987333	0.543283
22.84	21.41	16.30	16.30	3.04	1.33	21.352392	22.444957	21.983531	0.543312
22.85	21.41	16.29	16.29	3.04	1.34	21.347292	22.442413	21.979728	0.543340
22.85	21.41	16.28	16.28	3.04	1.34	21.342191	22.439868	21.975924	0.543369
22.85	21.41	16.28	16.28	3.04	1.34	21.337089	22.437322	21.972119	0.543398
22.86	21.41	16.27	16.27	3.04	1.34	21.331985	22.434775	21.968312	0.543426
22.86	21.41	16.26	16.26	3.04	1.34	21.326879	22.432226	21.964503	0.543455
22.86	21.41	16.25	16.25	3.04	1.34	21.321772	22.429676	21.960693	0.543483
22.86	21.41	16.24	16.24	3.04	1.34	21.316664	22.427124	21.956882	0.543511
22.87	21.41	16.23	16.23	3.04	1.34	21.311554	22.424572	21.953069	0.543540
22.87	21.41	16.22	16.22	3.04	1.34	21.306443	22.422017	21.949255	0.543568
22.87	21.41	16.21	16.21	3.04	1.34	21.301330	22.419462	21.945439	0.543596
22.88	21.41	16.20	16.20	3.04	1.34	21.296215	22.416905	21.941622	0.543624
22.88	21.41	16.19	16.19	3.04	1.34	21.291099	22.414347	21.937804	0.543652
22.88	21.41	16.19	16.19	3.04	1.35	21.285982	22.411788	21.933984	0.543680
22.88	21.41	16.18	16.18	3.04	1.35	21.280863	22.409227	21.930163	0.543708
22.89	21.41	16.17	16.17	3.04	1.35	21.275743	22.406665	21.926340	0.543736
22.89	21.41	16.16	16.16	3.04	1.35	21.270621	22.404102	21.922516	0.543764
22.89	21.41	16.15	16.15	3.04	1.35	21.265498	22.401538	21.918691	0.543792
22.89	21.41	16.14	16.14	3.04	1.35	21.260373	22.398972	21.914864	0.543820
22.90	21.41	16.13	16.13	3.04	1.35	21.255247	22.396405	21.911035	0.543848
22.90	21.41	16.12	16.12	3.04	1.35	21.250119	22.393836	21.907205	0.543875
22.90	21.41	16.11	16.11	3.04	1.35	21.244990	22.391266	21.903374	0.543903
22.91	21.41	16.11	16.11	3.04	1.35	21.239859	22.388695	21.899542	0.543930
22.91	21.41	16.10	16.10	3.04	1.35	21.234727	22.386123	21.895708	0.543958
22.91	21.41	16.09	16.09	3.04	1.35	21.229593	22.383549	21.891872	0.543985
22.91	21.41	16.08	16.08	3.04	1.36	21.224458	22.380974	21.888036	0.544013
22.92	21.41	16.07	16.07	3.04	1.36	21.219322	22.378398	21.884197	0.544040
22.92	21.41	16.06	16.06	3.04	1.36	21.214184	22.375821	21.880358	0.544067
22.92	21.41	16.05	16.05	3.04	1.36	21.209044	22.373242	21.876517	0.544095
22.93	21.41	16.04	16.04	3.04	1.36	21.203903	22.370662	21.872675	0.544122
22.93	21.41	16.03	16.03	3.04	1.36	21.198761	22.368080	21.868831	0.544149
22.93	21.41	16.03	16.03	3.04	1.36	21.193617	22.365497	21.864986	0.544176
22.93	21.41	16.02	16.02	3.04	1.36	21.188472	22.362913	21.861139	0.544203
22.94	21.41	16.01	16.01	3.04	1.36	21.183325	22.360328	21.857291	0.544230
22.94	21.41	16.00	16.00	3.04	1.36	21.178177	22.357741	21.853442	0.544257
22.94	21.41	15.99	15.99	3.04	1.36	21.173028	22.355153	21.849591	0.544284
22.94	21.41	15.98	15.98	3.04	1.36	21.167877	22.352564	21.845739	0.544311
22.95	21.41	15.97	15.97	3.04	1.36	21.162724	22.349974	21.841885	0.544338
22.95	21.41	15.96	15.96	3.04	1.37	21.157570	22.347382	21.838030	0.544364
22.95	21.41	15.95	15.95	3.04	1.37	21.152415	22.344789	21.834174	0.544391
22.96	21.41	15.94	15.94	3.04	1.37	21.147258	22.342195	21.830316	0.544418
22.96	21.41	15.94	15.94	3.04	1.37	21.142100	22.339599	21.826457	0.544444
22.96	21.41	15.93	15.93	3.04	1.37	21.136940	22.337002	21.822597	0.544471
22.96	21.41	15.92	15.92	3.04	1.37	21.131779	22.334404	21.818735	0.544497
22.97	21.41	15.91	15.91	3.04	1.37	21.126617	22.331804	21.814872	0.544524
22.97	21.41	15.90	15.90	3.04	1.37	21.121453	22.329203	21.811007	0.544550
22.97	21.41	15.89	15.89	3.04	1.37	21.116287	22.326601	21.807141	0.544577
22.98	21.41	15.88	15.88	3.04	1.37	21.111121	22.323998	21.803274	0.544603
22.98	21.41	15.87	15.87	3.04	1.37	21.105952	22.321393	21.799405	0.544629
22.98	21.41	15.86	15.86	3.03	1.37	21.100783	22.318788	21.795535	0.544655
22.98	21.41	15.85	15.85	3.03	1.38	21.095612	22.316180	21.791663	0.544682
22.99	21.41	15.85	15.85	3.03	1.38	21.090439	22.313572	21.787790	0.544708
22.99	21.41	15.84	15.84	3.03	1.38	21.085265	22.310962	21.783916	0.544734
22.99	21.41	15.83	15.83	3.03	1.38	21.080090	22.308351	21.780041	0.544760
22.99	21.41	15.82	15.82	3.03	1.38	21.074913	22.305739	21.776164	0.544786
23.00	21.41	15.81	15.81	3.03	1.38	21.069735	22.303125	21.772285	0.544812
23.00	21.41	15.80	15.80	3.03	1.38	21.064556	22.300510	21.768406	0.544838
23.00	21.41	15.79	15.79	3.03	1.38	21.059375	22.297894	21.764524	0.544864
23.01	21.41	15.78	15.78	3.03	1.38	21.054192	22.295277	21.760642	0.544889
23.01	21.41	15.77	15.77	3.03	1.38	21.049009	22.292658	21.756758	0.544915
23.01	21.41	15.77	15.77	3.03	1.38	21.043823	22.290038	21.752873	0.544941
23.01	21.41	15.76	15.76	3.03	1.38	21.038637	22.287417	21.748987	0.544966
23.02	21.41	15.75	15.75	3.03	1.38	21.033449	22.284795	21.745099	0.544992
23.02	21.41	15.74	15.74	3.03	1.39	21.028259	22.282171	21.741209	0.545018
23.02	21.41	15.73	15.73	3.03	1.39	21.023069	22.279546	21.737319	0.545043
23.02	21.41	15.72	15.72	3.03	1.39	21.017876	22.276920	21.733427	0.545069
23.03	21.41	15.71	15.71	3.03	1.39	21.012683	22.274292	21.729534	0.545094
23.03	21.41	15.70	15.70	3.03	1.39	21.007488	22.271663	21.725639	0.545120
23.03	21.41	15.69	15.69	3.03	1.39	21.002292	22.269033	21.721743	0.545145
23.04	21.41	15.68	15.68	3.03	1.39	20.997094	22.266402	21.717845	0.545170
23.04	21.41	15.68	15.68	3.03	1.39	20.991895	22.263769	21.713947	0.545195
23.04	21.41	15.67	15.67	3.03	1.39	20.986694	22.261136	21.710047	0.545221
23.04	21.41	15.66	15.66	3.03	1.39	20.981492	22.258500	21.706145	0.545246
23.05	21.41	15.65	15.65	3.03	1.39	20.976289	22.255864	21.702243	0.545271
23.05	21.41	15.64	15.64	3.03	1.39	20.971084	22.253226	21.698338	0.545296
23.05	21.41	15.63	15.63	3.03	1.39	20.965878	22.250588	21.694433	0.545321
23.06	21.41	15.62	15.62	3.03	1.40	20.960671	22.247947	21.690526	0.545346
23.06	21.41	15.61	15.61	3.03	1.40	20.955462	22.245306	21.686618	0.545371
23.06	21.41	15.60	15.60	3.03	1.40	20.950252	22.242663	21.682709	0.545396
23.06	21.41	15.59	15.59	3.03	1.40	20.945040	22.240019	21.678798	0.545421
23.07	21.41	15.59	15.59	3.03	1.40	20.939827	22.237374	21.674886	0.545446
23.07	21.41	15.58	15.58	3.03	1.40	20.934613	22.234728	21.670972	0.545470
23.07	21.41	15.57	15.57	3.03	1.40	20.929397	22.232080	21.667057	0.545495
23.07	21.41	15.56	15.56	3.03	1.40	20.924180	22.229431	21.663141	0.545520
23.08	21.41	15.55	15.55	3.03	1.40	20.918962	22.226781	21.659224	0.545545
23.08	21.41	15.54	15.54	3.03	1.40	20.913742	22.224130	21.655305	0.545569
23.08	21.41	15.53	15.53	3.03	1.40	20.908521	22.221477	21.651385	0.545594
23.09	21.41	15.52	15.52	3.03	1.40	20.903299	22.218823	21.647463	0.545618
23.09	21.41	15.51	15.51	3.03	1.40	20.898075	22.216168	21.643541	0.545643
23.09	21.41	15.51	15.51	3.03	1.41	20.892850	22.213512	21.639616	0.545667
23.09	21.41	15.50	15.50	3.03	1.41	20.887623	22.210854	21.635691	0.545692
23.10	21.41	15.49	15.49	3.03	1.41	20.882395	22.208195	21.631764	0.545716
23.10	21.41	15.48	15.48	3.03	1.41	20.877166	22.205535	21.627836	0.545740
23.10	21.41	15.47	15.47	3.03	1.41	20.871936	22.202874	21.623907	0.545765
23.11	21.41	15.46	15.46	3.03	1.41	20.866704	22.200211	21.619976	0.545789
23.11	21.41	15.45	15.45	3.03	1.41	20.861470	22.197547	21.616044	0.545813
23.11	21.41	15.44	15.44	3.03	1.41	20.856236	22.194882	21.612111	0.545837
23.11	21.41	15.43	15.43	3.03	1.41	20.851000	22.192216	21.608176	0.545861
23.12	21.41	15.42	15.42	3.03	1.41	20.845762	22.189548	21.604240	0.545885
23.12	21.41	15.42	15.42	3.03	1.41	20.840524	22.186879	21.600303	0.545909
23.12	21.41	15.41	15.41	3.03	1.41	20.835284	22.184209	21.596364	0.545933
23.12	21.41	15.40	15.40	3.03	1.41	20.830043	22.181538	21.592424	0.545957
23.13	21.41	15.39	15.39	3.03	1.41	20.824800	22.178865	21.588483	0.545981
23.13	21.41	15.38	15.38	3.03	1.42	20.819556	22.176192	21.584540	0.546005
23.13	21.41	15.37	15.37	3.03	1.42	20.814311	22.173517	21.580596	0.546029
23.14	21.41	15.36	15.36	3.03	1.42	20.809064	22.170840	21.576651	0.546053
23.14	21.41	15.35	15.35	3.03	1.42	20.803816	22.168163	21.572705	0.546077
23.14	21.41	15.34	15.34	3.03	1.42	20.798567	22.165484	21.568757	0.546100
23.14	21.41	15.33	15.33	3.03	1.42	20.793316	22.162804	21.564808	0.546124
23.15	21.41	15.33	15.33	3.03	1.42	20.788064	22.160123	21.560858	0.546148
23.15	21.41	15.32	15.32	3.03	1.42	20.782811	22.157441	21.556906	0.546171
23.15	21.41	15.31	15.31	3.03	1.42	20.777556	22.154757	21.552953	0.546195
23.16	21.41	15.30	15.30	3.03	1.42	20.772300	22.152072	21.548999	0.546218
23.16	21.41	15.29	15.29	3.03	1.42	20.767043	22.149386	21.545043	0.546242
23.16	21.41	15.28	15.28	3.03	1.42	20.761785	22.146699	21.541086	0.546265
23.16	21.41	15.27	15.27	3.03	1.42	20.756525	22.144011	21.537128	0.546289
23.17	21.41	15.26	15.26	3.03	1.42	20.751264	22.141321	21.533169	0.546312
23.17	21.41	15.25	15.25	3.03	1.43	20.746001	22.138630	21.529208	0.546335
23.17	21.41	15.24	15.24	3.03	1.43	20.740737	22.135938	21.525246	0.546359
23.18	21.41	15.24	15.24	3.03	1.43	20.735472	22.133245	21.521283	0.546382
23.18	21.41	15.23	15.23	3.03	1.43	20.730206	22.130550	21.517318	0.546405
23.18	21.41	15.22	15.22	3.03	1.43	20.724938	22.127854	21.513352	0.546428
23.18	21.41	15.21	15.21	3.03	1.43	20.719669	22.125157	21.509385	0.546452
23.19	21.41	15.20	15.20	3.03	1.43	20.714399	22.122459	21.505417	0.546475
23.19	21.41	15.19	15.19	3.03	1.43	20.709128	22.119759	21.501447	0.546498
23.19	21.41	15.18	15.18	3.03	1.43	20.703855	22.117059	21.497476	0.546521
23.19	21.41	15.17	15.17	3.03	1.43	20.698581	22.114357	21.493503	0.546544
23.20	21.41	15.16	15.16	3.03	1.43	20.693305	22.111654	21.489530	0.546567
23.20	21.41	15.16	15.16	3.03	1.43	20.688028	22.108949	21.485555	0.546590
23.20	21.41	15.15	15.15	3.03	1.43	20.682750	22.106244	21.481579	0.546612
23.21	21.41	15.14	15.14	3.03	1.43	20.677471	22.103537	21.477602	0.546635
23.21	21.41	15.13	15.13	3.02	1.44	20.672190	22.100829	21.473623	0.546658
23.21	21.41	15.12	15.12	3.02	1.44	20.666909	22.098120	21.469643	0.546681
23.21	21.41	15.11	15.11	3.02	1.44	20.661625	22.095410	21.465662	0.546704
23.22	21.41	15.10	15.10	3.02	1.44	20.656341	22.092698	21.461679	0.546726
23.22	21.41	15.09	15.09	3.02	1.44	20.651055	22.089986	21.457696	0.546749
23.22	21.41	15.08	15.08	3.02	1.44	20.645768	22.087272	21.453710	0.546772
23.23	21.41	15.07	15.07	3.02	1.44	20.640480	22.084556	21.449724	0.546794
23.23	21.41	15.07	15.07	3.02	1.44	20.635190	22.081840	21.445737	0.546817
23.23	21.41	15.06	15.06	3.02	1.44	20.629900	22.079122	21.441748	0.546839
23.23	21.41	15.05	15.05	3.02	1.44	20.624608	22.076404	21.437758	0.546862
23.24	21.41	15.04	15.04	3.02	1.44	20.619314	22.073684	21.433766	0.546884
23.24	21.41	15.03	15.03	3.02	1.44	20.614020	22.070963	21.429774	0.546907
23.24	21.41	15.02	15.02	3.02	1.44	20.608724	22.068240	21.425780	0.546929
23.24	21.41	15.01	15.01	3.02	1.44	20.603427	22.065517	21.421785	0.546951
23.25	21.41	15.00	15.00	3.02	1.45	20.598128	22.062792	21.417789	0.546974
23.25	21.41	14.99	14.99	3.02	1.45	20.592828	22.060066	21.413791	0.546996
23.25	21.41	14.98	14.98	3.02	1.45	20.587528	22.057339	21.409792	0.547018
23.26	21.41	14.98	14.98	3.02	1.45	20.582225	22.054610	21.405792	0.547040
23.26	21.41	14.97	14.97	3.02	1.45	20.576922	22.051881	21.401791	0.547062
23.26	21.41	14.96	14.96	3.02	1.45	20.571617	22.049150	21.397788	0.547085
23.26	21.41	14.95	14.95	3.02	1.45	20.566311	22.046418	21.393784	0.547107
23.27	21.41	14.94	14.94	3.02	1.45	20.561004	22.043685	21.389779	0.547129
23.27	21.41	14.93	14.93	3.02	1.45	20.555696	22.040951	21.385773	0.547151
23.27	21.41	14.92	14.92	3.02	1.45	20.550386	22.038215	21.381765	0.547173
23.27	21.41	14.91	14.91	3.02	1.45	20.545075	22.035479	21.377756	0.547195
23.28	21.41	14.90	14.90	3.02	1.45	20.539763	22.032741	21.373746	0.547217
23.28	21.41	14.89	14.89	3.02	1.45	20.534450	22.030002	21.369735	0.547238
23.28	21.41	14.89	14.89	3.02	1.45	20.529135	22.027261	21.365722	0.547260
23.29	21.41	14.88	14.88	3.02	1.45	20.523819	22.024520	21.361709	0.547282
23.29	21.41	14.87	14.87	3.02	1.46	20.518502	22.021777	21.357694	0.547304
23.29	21.41	14.86	14.86	3.02	1.46	20.513184	22.019034	21.353677	0.547326
23.29	21.41	14.85	14.85	3.02	1.46	20.507864	22.016289	21.349660	0.547347
23.30	21.41	14.84	14.84	3.02	1.46	20.502543	22.013543	21.345641	0.547369
23.30	21.41	14.83	14.83	3.02	1.46	20.497221	22.010795	21.341621	0.547391
23.30	21.41	14.82	14.82	3.02	1.46	20.491898	22.008047	21.337600	0.547412
23.31	21.41	14.81	14.81	3.02	1.46	20.486573	22.005297	21.333578	0.547434
23.31	21.41	14.80	14.80	3.02	1.46	20.481248	22.002546	21.329554	0.547455
23.31	21.41	14.80	14.80	3.02	1.46	20.475921	21.999794	21.325529	0.547477
23.31	21.41	14.79	14.79	3.02	1.46	20.470593	21.997041	21.321503	0.547498
23.32	21.41	14.78	14.78	3.02	1.46	20.465263	21.994287	21.317476	0.547520
23.32	21.41	14.77	14.77	3.02	1.46	20.459933	21.991531	21.313447	0.547541
23.32	21.41	14.76	14.76	3.02	1.46	20.454601	21.988774	21.309417	0.547563
23.32	21.41	14.75	14.75	3.02	1.46	20.449268	21.986016	21.305386	0.547584
23.33	21.41	14.74	14.74	3.02	1.46	20.443934	21.983257	21.301354	0.547605
23.33	21.41	14.73	14.73	3.02	1.47	20.438598	21.980497	21.297321	0.547627
23.33	21.41	14.72	14.72	3.02	1.47	20.433262	21.977736	21.293286	0.547648
23.34	21.41	14.71	14.71	3.02	1.47	20.427924	21.974973	21.289250	0.547669
23.34	21.41	14.71	14.71	3.02	1.47	20.422585	21.972209	21.285213	0.547690
23.34	21.41	14.70	14.70	3.02	1.47	20.417244	21.969445	21.281175	0.547711
23.34	21.41	14.69	14.69	3.02	1.47	20.411903	21.966678	21.277136	0.547732
23.35	21.41	14.68	14.68	3.02	1.47	20.406560	21.963911	21.273095	0.547753
23.35	21.41	14.67	14.67	3.02	1.47	20.401216	21.961143	21.269053	0.547775
23.35	21.41	14.66	14.66	3.02	1.47	20.395871	21.958373	21.265010	0.547796
23.36	21.41	14.65	14.65	3.02	1.47	20.390525	21.955603	21.260966	0.547817
23.36	21.41	14.64	14.64	3.02	1.47	20.385178	21.952831	21.256920	0.547838
23.36	21.41	14.63	14.63	3.02	1.47	20.379829	21.950058	21.252873	0.547858
23.36	21.41	14.63	14.63	3.02	1.47	20.374479	21.947283	21.248826	0.547879
23.37	21.41	14.62	14.62	3.02	1.47	20.369128	21.944508	21.244776	0.547900
23.37	21.41	14.61	14.61	3.02	1.47	20.363776	21.941732	21.240726	0.547921
23.37	21.41	14.60	14.60	3.02	1.48	20.358423	21.938954	21.236675	0.547942
23.38	21.41	14.59	14.59	3.02	1.48	20.353068	21.936175	21.232622	0.547963
23.38	21.41	14.58	14.58	3.02	1.48	20.347712	21.933395	21.228568	0.547983
23.38	21.41	14.57	14.57	3.02	1.48	20.342356	21.930614	21.224513	0.548004
23.38	21.41	14.56	14.56	3.02	1.48	20.336997	21.927832	21.220457	0.548025
23.39	21.41	14.55	14.55	3.02	1.48	20.331638	21.925048	21.216399	0.548045
23.39	21.41	14.54	14.54	3.02	1.48	20.326278	21.922264	21.212341	0.548066
23.39	21.41	14.54	14.54	3.02	1.48	20.320916	21.919478	21.208281	0.548086
23.39	21.41	14.53	14.53	3.02	1.48	20.315553	21.916691	21.204220	0.548107
23.40	21.41	14.52	14.52	3.02	1.48	20.310189	21.913903	21.200158	0.548128
23.40	21.41	14.51	14.51	3.02	1.48	20.304824	21.911114	21.196094	0.548148
23.40	21.41	14.50	14.50	3.02	1.48	20.299458	21.908324	21.192030	0.548169
23.41	21.41	14.49	14.49	3.02	1.48	20.294091	21.905532	21.187964	0.548189
23.41	21.41	14.48	14.48	3.02	1.48	20.288722	21.902740	21.183897	0.548209
23.41	21.41	14.47	14.47	3.02	1.48	20.283352	21.899946	21.179829	0.548230
23.41	21.41	14.46	14.46	3.02	1.49	20.277981	21.897151	21.175760	0.548250
23.42	21.41	14.45	14.45	3.02	1.49	20.272609	21.894355	21.171689	0.548270
23.42	21.41	14.45	14.45	3.02	1.49	20.267236	21.891558	21.167618	0.548291
23.42	21.41	14.44	14.44	3.02	1.49	20.261862	21.888760	21.163545	0.548311
23.43	21.41	14.43	14.43	3.02	1.49	20.256486	21.885960	21.159471	0.548331
23.43	21.41	14.42	14.42	3.02	1.49	20.251110	21.883160	21.155396	0.548351
23.43	21.41	14.41	14.41	3.01	1.49	20.245732	21.880358	21.151319	0.548371
23.43	21.41	14.40	14.40	3.01	1.49	20.240353	21.877555	21.147242	0.548391
23.44	21.41	14.39	14.39	3.01	1.49	20.234973	21.874751	21.143163	0.548412
23.44	21.41	14.38	14.38	3.01	1.49	20.229591	21.871946	21.139083	0.548432
23.44	21.41	14.37	14.37	3.01	1.49	20.224209	21.869140	21.135002	0.548452
23.44	21.41	14.36	14.36	3.01	1.49	20.218825	21.866332	21.130920	0.548472
23.45	21.41	14.36	14.36	3.01	1.49	20.213441	21.863524	21.126837	0.548492
23.45	21.41	14.35	14.35	3.01	1.49	20.208055	21.860714	21.122753	0.548512
23.45	21.41	14.34	14.34	3.01	1.49	20.202668	21.857904	21.118667	0.548532
23.46	21.41	14.33	14.33	3.01	1.49	20.197280	21.855092	21.114580	0.548551
23.46	21.41	14.32	14.32	3.01	1.50	20.191891	21.852279	21.110492	0.548571
23.46	21.41	14.31	14.31	3.01	1.50	20.186500	21.849465	21.106403	0.548591
23.46	21.41	14.30	14.30	3.01	1.50	20.181109	21.846649	21.102313	0.548611
23.47	21.41	14.29	14.29	3.01	1.50	20.175716	21.843833	21.098222	0.548631
23.47	21.41	14.28	14.28	3.01	1.50	20.170323	21.841015	21.094129	0.548650
23.47	21.41	14.27	14.27	3.01	1.50	20.164928	21.838197	21.090035	0.548670
23.48	21.41	14.27	14.27	3.01	1.50	20.159532	21.835377	21.085940	0.548690
23.48	21.41	14.26	14.26	3.01	1.50	20.154135	21.832556	21.081844	0.548709
23.48	21.41	14.25	14.25	3.01	1.50	20.148737	21.829734	21.077747	0.548729
23.48	21.41	14.24	14.24	3.01	1.50	20.143338	21.826911	21.073649	0.548749
23.49	21.41	14.23	14.23	3.01	1.50	20.137937	21.824087	21.069550	0.548768
23.49	21.41	14.22	14.22	3.01	1.50	20.132536	21.821262	21.065449	0.548788
23.49	21.41	14.21	14.21	3.01	1.50	20.127133	21.818435	21.061347	0.548807
23.49	21.41	14.20	14.20	3.01	1.50	20.121729	21.815608	21.057245	0.548827
23.50	21.41	14.19	14.19	3.01	1.50	20.116324	21.812779	21.053141	0.548846
23.50	21.41	14.18	14.18	3.01	1.50	20.110919	21.809949	21.049036	0.548866
23.50	21.41	14.18	14.18	3.01	1.51	20.105512	21.807118	21.044929	0.548885
23.51	21.41	14.17	14.17	3.01	1.51	20.100103	21.804286	21.040822	0.548904
23.51	21.41	14.16	14.16	3.01	1.51	20.094694	21.801453	21.036713	0.548924
23.51	21.41	14.15	14.15	3.01	1.51	20.089284	21.798619	21.032604	0.548943
23.51	21.41	14.14	14.14	3.01	1.51	20.083872	21.795784	21.028493	0.548962
23.52	21.41	14.13	14.13	3.01	1.51	20.078460	21.792947	21.024381	0.548982
23.52	21.41	14.12	14.12	3.01	1.51	20.073046	21.790110	21.020268	0.549001
23.52	21.41	14.11	14.11	3.01	1.51	20.067632	21.787271	21.016154	0.549020
23.52	21.41	14.10	14.10	3.01	1.51	20.062216	21.784431	21.012039	0.549039
23.53	21.41	14.10	14.10	3.01	1.51	20.056799	21.781590	21.007922	0.549058
23.53	21.41	14.09	14.09	3.01	1.51	20.051381	21.778748	21.003805	0.549077
23.53	21.41	14.08	14.08	3.01	1.51	20.045962	21.775905	20.999686	0.549097
23.54	21.41	14.07	14.07	3.01	1.51	20.040542	21.773061	20.995566	0.549116
23.54	21.41	14.06	14.06	3.01	1.51	20.035121	21.770216	20.991446	0.549135
23.54	21.41	14.05	14.05	3.01	1.51	20.029698	21.767370	20.987324	0.549154
23.54	21.41	14.04	14.04	3.01	1.51	20.024275	21.764522	20.983201	0.549173
23.55	21.41	14.03	14.03	3.01	1.52	20.018851	21.761674	20.979076	0.549192
23.55	21.41	14.02	14.02	3.01	1.52	20.013425	21.758824	20.974951	0.549210
23.55	21.41	14.01	14.01	3.01	1.52	20.007999	21.755973	20.970825	0.549229
23.56	21.41	14.01	14.01	3.01	1.52	20.002571	21.753121	20.966697	0.549248
23.56	21.41	14.00	14.00	3.01	1.52	19.997142	21.750268	20.962568	0.549267
23.56	21.41	13.99	13.99	3.01	1.52	19.991713	21.747414	20.958439	0.549286
23.56	21.41	13.98	13.98	3.01	1.52	19.986282	21.744559	20.954308	0.549305
23.57	21.41	13.97	13.97	3.01	1.52	19.980850	21.741703	20.950176	0.549323
23.57	21.41	13.96	13.96	3.01	1.52	19.975417	21.738846	20.946043	0.549342
23.57	21.41	13.95	13.95	3.01	1.52	19.969983	21.735988	20.941909	0.549361
23.57	21.41	13.94	13.94	3.01	1.52	19.964548	21.733128	20.937773	0.549380
23.58	21.41	13.93	13.93	3.01	1.52	19.959112	21.730268	20.933637	0.549398
23.58	21.41	13.92	13.92	3.01	1.52	19.953675	21.727406	20.929500	0.549417
23.58	21.41	13.92	13.92	3.01	1.52	19.948236	21.724543	20.925361	0.549436
23.59	21.41	13.91	13.91	3.01	1.52	19.942797	21.721679	20.921221	0.549454
23.59	21.41	13.90	13.90	3.01	1.52	19.937357	21.718815	20.917081	0.549473
23.59	21.41	13.89	13.89	3.01	1.52	19.931915	21.715949	20.912939	0.549491
23.59	21.41	13.88	13.88	3.01	1.53	19.926473	21.713082	20.908796	0.549510
23.60	21.41	13.87	13.87	3.01	1.53	19.921030	21.710213	20.904652	0.549528
23.60	21.41	13.86	13.86	3.01	1.53	19.915585	21.707344	20.900507	0.549547
23.60	21.41	13.85	13.85	3.01	1.53	19.910140	21.704474	20.896361	0.549565
23.61	21.41	13.84	13.84	3.01	1.53	19.904693	21.701603	20.892213	0.549583
23.61	21.41	13.83	13.83	3.01	1.53	19.899246	21.698730	20.888065	0.549602
23.61	21.41	13.83	13.83	3.01	1.53	19.893797	21.695857	20.883916	0.549620
23.61	21.41	13.82	13.82	3.01	1.53	19.888347	21.692982	20.879765	0.549638
23.62	21.41	13.81	13.81	3.01	1.53	19.882897	21.690107	20.875614	0.549657
23.62	21.41	13.80	13.80	3.01	1.53	19.877445	21.687230	20.871461	0.549675
23.62	21.41	13.79	13.79	3.01	1.53	19.871992	21.684352	20.867307	0.549693
23.62	21.41	13.78	13.78	3.01	1.53	19.866538	21.681473	20.863152	0.549711
23.63	21.41	13.77	13.77	3.01	1.53	19.861084	21.678593	20.858997	0.549730
23.63	21.41	13.76	13.76	3.01	1.53	19.855628	21.675712	20.854840	0.549748
23.63	21.41	13.75	13.75	3.01	1.53	19.850171	21.672830	20.850682	0.549766
23.64	21.41	13.74	13.74	3.01	1.53	19.844713	21.669947	20.846522	0.549784
23.64	21.41	13.74	13.74	3.01	1.53	19.839254	21.667063	20.842362	0.549802
23.64	21.41	13.73	13.73	3.01	1.54	19.833794	21.664178	20.838201	0.549820
23.64	21.41	13.72	13.72	3.01	1.54	19.828334	21.661292	20.834039	0.549838
23.65	21.41	13.71	13.71	3.01	1.54	19.822872	21.658404	20.829875	0.549856
23.65	21.41	13.70	13.70	3.00	1.54	19.817409	21.655516	20.825711	0.549874
23.65	21.41	13.69	13.69	3.00	1.54	19.811945	21.652626	20.821545	0.549892
23.66	21.41	13.68	13.68	3.00	1.54	19.806480	21.649736	20.817379	0.549910
23.66	21.41	13.67	13.67	3.00	1.54	19.801014	21.646844	20.813211	0.549928
23.66	21.41	13.66	13.66	3.00	1.54	19.795547	21.643952	20.809043	0.549946
23.66	21.41	13.66	13.66	3.00	1.54	19.790079	21.641058	20.804873	0.549964
23.67	21.41	13.65	13.65	3.00	1.54	19.784610	21.638163	20.800702	0.549982
23.67	21.41	13.64	13.64	3.00	1.54	19.779141	21.635267	20.796530	0.550000
23.67	21.41	13.63	13.63	3.00	1.54	19.773670	21.632371	20.792358	0.550017
23.68	21.41	13.62	13.62	3.00	1.54	19.768198	21.629473	20.788184	0.550035
23.68	21.41	13.61	13.61	3.00	1.54	19.762725	21.626574	20.784009	0.550053
23.68	21.41	13.60	13.60	3.00	1.54	19.757251	21.623674	20.779833	0.550071
23.68	21.41	13.59	13.59	3.00	1.54	19.751776	21.620773	20.775656	0.550088
23.69	21.41	13.58	13.58	3.00	1.54	19.746300	21.617871	20.771477	0.550106
23.69	21.41	13.57	13.57	3.00	1.55	19.740824	21.614967	20.767298	0.550124
23.69	21.41	13.57	13.57	3.00	1.55	19.735346	21.612063	20.763118	0.550141
23.69	21.41	13.56	13.56	3.00	1.55	19.729867	21.609158	20.758937	0.550159
23.70	21.41	13.55	13.55	3.00	1.55	19.724387	21.606252	20.754755	0.550176
23.70	21.41	13.54	13.54	3.00	1.55	19.718907	21.603344	20.750571	0.550194
23.70	21.41	13.53	13.53	3.00	1.55	19.713425	21.600436	20.746387	0.550211
23.71	21.41	13.52	13.52	3.00	1.55	19.707942	21.597527	20.742202	0.550229
23.71	21.41	13.51	13.51	3.00	1.55	19.702459	21.594616	20.738015	0.550246
23.71	21.41	13.50	13.50	3.00	1.55	19.696974	21.591705	20.733828	0.550264
23.71	21.41	13.49	13.49	3.00	1.55	19.691488	21.588792	20.729639	0.550281
23.72	21.41	13.49	13.49	3.00	1.55	19.686002	21.585879	20.725450	0.550299
23.72	21.41	13.48	13.48	3.00	1.55	19.680514	21.582964	20.721259	0.550316
23.72	21.41	13.47	13.47	3.00	1.55	19.675026	21.580048	20.717068	0.550333
23.73	21.41	13.46	13.46	3.00	1.55	19.669536	21.577132	20.712875	0.550351
23.73	21.41	13.45	13.45	3.00	1.55	19.664046	21.574214	20.708681	0.550368
23.73	21.41	13.44	13.44	3.00	1.55	19.658555	21.571295	20.704487	0.550385
23.73	21.41	13.43	13.43	3.00	1.55	19.653062	21.568376	20.700291	0.550403
23.74	21.41	13.42	13.42	3.00	1.56	19.647569	21.565455	20.696094	0.550420
23.74	21.41	13.41	13.41	3.00	1.56	19.642075	21.562533	20.691897	0.550437
23.74	21.41	13.40	13.40	3.00	1.56	19.636580	21.559610	20.687698	0.550454
23.74	21.41	13.40	13.40	3.00	1.56	19.631084	21.556686	20.683498	0.550471
23.75	21.41	13.39	13.39	3.00	1.56	19.625587	21.553761	20.679298	0.550488
23.75	21.41	13.38	13.38	3.00	1.56	19.620089	21.550835	20.675096	0.550506
23.75	21.41	13.37	13.37	3.00	1.56	19.614590	21.547909	20.670893	0.550523
23.76	21.41	13.36	13.36	3.00	1.56	19.609090	21.544981	20.666689	0.550540
23.76	21.41	13.35	13.35	3.00	1.56	19.603589	21.542052	20.662484	0.550557
23.76	21.41	13.34	13.34	3.00	1.56	19.598087	21.539122	20.658279	0.550574
23.76	21.41	13.33	13.33	3.00	1.56	19.592585	21.536191	20.654072	0.550591
23.77	21.41	13.32	13.32	3.00	1.56	19.587081	21.533259	20.649864	0.550608
23.77	21.41	13.31	13.31	3.00	1.56	19.581577	21.530325	20.645655	0.550625
23.77	21.41	13.31	13.31	3.00	1.56	19.576071	21.527391	20.641445	0.550642
23.77	21.41	13.30	13.30	3.00	1.56	19.570565	21.524456	20.637235	0.550659
23.78	21.41	13.29	13.29	3.00	1.56	19.565057	21.521520	20.633023	0.550676
23.78	21.41	13.28	13.28	3.00	1.56	19.559549	21.518583	20.628810	0.550692
23.78	21.41	13.27	13.27	3.00	1.56	19.554040	21.515645	20.624596	0.550709
23.79	21.41	13.26	13.26	3.00	1.57	19.548530	21.512706	20.620381	0.550726
23.79	21.41	13.25	13.25	3.00	1.57	19.543019	21.509766	20.616166	0.550743
23.79	21.41	13.24	13.24	3.00	1.57	19.537507	21.506824	20.611949	0.550760
23.79	21.41	13.23	13.23	3.00	1.57	19.531994	21.503882	20.607731	0.550776
23.80	21.41	13.23	13.23	3.00	1.57	19.526481	21.500939	20.603512	0.550793
23.80	21.41	13.22	13.22	3.00	1.57	19.520966	21.497995	20.599292	0.550810
23.80	21.41	13.21	13.21	3.00	1.57	19.515450	21.495050	20.595072	0.550827
23.81	21.41	13.20	13.20	3.00	1.57	19.509934	21.492104	20.590850	0.550843
23.81	21.41	13.19	13.19	3.00	1.57	19.504416	21.489156	20.586627	0.550860
23.81	21.41	13.18	13.18	3.00	1.57	19.498898	21.486208	20.582404	0.550876
23.81	21.41	13.17	13.17	3.00	1.57	19.493379	21.483259	20.578179	0.550893
23.82	21.41	13.16	13.16	3.00	1.57	19.487859	21.480309	20.573953	0.550910
23.82	21.41	13.15	13.15	3.00	1.57	19.482338	21.477358	20.569727	0.550926
23.82	21.41	13.14	13.14	3.00	1.57	19.476816	21.474405	20.565499	0.550943
23.82	21.41	13.14	13.14	3.00	1.57	19.471293	21.471452	20.561270	0.550959
23.83	21.41	13.13	13.13	3.00	1.57	19.465770	21.468498	20.557041	0.550976
23.83	21.41	13.12	13.12	3.00	1.57	19.460245	21.465543	20.552810	0.550992
23.83	21.41	13.11	13.11	3.00	1.57	19.454720	21.462587	20.548579	0.551009
23.84	21.41	13.10	13.10	3.00	1.58	19.449193	21.459629	20.544346	0.551025
23.84	21.41	13.09	13.09	3.00	1.58	19.443666	21.456671	20.540113	0.551041
23.84	21.41	13.08	13.08	3.00	1.58	19.438138	21.453712	20.535879	0.551058
23.84	21.41	13.07	13.07	3.00	1.58	19.432609	21.450752	20.531643	0.551074
23.85	21.41	13.06	13.06	3.00	1.58	19.427079	21.447791	20.527407	0.551090
23.85	21.41	13.06	13.06	3.00	1.58	19.421548	21.444829	20.523170	0.551107
23.85	21.41	13.05	13.05	3.00	1.58	19.416017	21.441866	20.518931	0.551123
23.86	21.41	13.04	13.04	3.00	1.58	19.410484	21.438901	20.514692	0.551139
23.86	21.41	13.03	13.03	3.00	1.58	19.404951	21.435936	20.510452	0.551156
23.86	21.41	13.02	13.02	3.00	1.58	19.399417	21.432970	20.506211	0.551172
23.86	21.41	13.01	13.01	2.99	1.58	19.393882	21.430003	20.501969	0.551188
23.87	21.41	13.00	13.00	2.99	1.58	19.388346	21.427035	20.497726	0.551204
23.87	21.41	12.99	12.99	2.99	1.58	19.382809	21.424066	20.493482	0.551220
23.87	21.41	12.98	12.98	2.99	1.58	19.377271	21.421096	20.489237	0.551236
23.88	21.41	12.98	12.98	2.99	1.58	19.371733	21.418125	20.484991	0.551253
23.88	21.41	12.97	12.97	2.99	1.58	19.366193	21.415153	20.480744	0.551269
23.88	21.41	12.96	12.96	2.99	1.58	19.360653	21.412180	20.476496	0.551285
23.88	21.41	12.95	12.95	2.99	1.58	19.355112	21.409206	20.472247	0.551301
23.89	21.41	12.94	12.94	2.99	1.59	19.349570	21.406231	20.467998	0.551317
23.89	21.41	12.93	12.93	2.99	1.59	19.344027	21.403256	20.463747	0.551333
23.89	21.41	12.92	12.92	2.99	1.59	19.338483	21.400279	20.459496	0.551349
23.89	21.41	12.91	12.91	2.99	1.59	19.332939	21.397301	20.455243	0.551365
23.90	21.41	12.90	12.90	2.99	1.59	19.327393	21.394322	20.450990	0.551381
23.90	21.41	12.89	12.89	2.99	1.59	19.321847	21.391342	20.446735	0.551397
23.90	21.41	12.89	12.89	2.99	1.59	19.316300	21.388362	20.442480	0.551413
23.91	21.41	12.88	12.88	2.99	1.59	19.310752	21.385380	20.438224	0.551428
23.91	21.41	12.87	12.87	2.99	1.59	19.305203	21.382397	20.433966	0.551444
23.91	21.41	12.86	12.86	2.99	1.59	19.299654	21.379414	20.429708	0.551460
23.91	21.41	12.85	12.85	2.99	1.59	19.294103	21.376429	20.425449	0.551476
23.92	21.41	12.84	12.84	2.99	1.59	19.288552	21.373444	20.421189	0.551492
23.92	21.41	12.83	12.83	2.99	1.59	19.283000	21.370457	20.416928	0.551508
23.92	21.41	12.82	12.82	2.99	1.59	19.277447	21.367470	20.412667	0.551523
23.93	21.41	12.81	12.81	2.99	1.59	19.271893	21.364481	20.408404	0.551539
23.93	21.41	12.81	12.81	2.99	1.59	19.266339	21.361492	20.404140	0.551555
23.93	21.41	12.80	12.80	2.99	1.59	19.260783	21.358501	20.399875	0.551571
23.93	21.41	12.79	12.79	2.99	1.59	19.255227	21.355510	20.395610	0.551586
23.94	21.41	12.78	12.78	2.99	1.59	19.249670	21.352518	20.391344	0.551602
23.94	21.41	12.77	12.77	2.99	1.60	19.244112	21.349525	20.387076	0.551617
23.94	21.41	12.76	12.76	2.99	1.60	19.238553	21.346531	20.382808	0.551633
23.94	21.41	12.75	12.75	2.99	1.60	19.232994	21.343535	20.378539	0.551649
23.95	21.41	12.74	12.74	2.99	1.60	19.227434	21.340539	20.374269	0.551664
23.95	21.41	12.73	12.73	2.99	1.60	19.221872	21.337542	20.369998	0.551680
23.95	21.41	12.73	12.73	2.99	1.60	19.216310	21.334544	20.365726	0.551695
23.96	21.41	12.72	12.72	2.99	1.60	19.210748	21.331545	20.361453	0.551711
23.96	21.41	12.71	12.71	2.99	1.60	19.205184	21.328545	20.357179	0.551726
23.96	21.41	12.70	12.70	2.99	1.60	19.199620	21.325545	20.352904	0.551742
23.96	21.41	12.69	12.69	2.99	1.60	19.194055	21.322543	20.348629	0.551757
23.97	21.41	12.68	12.68	2.99	1.60	19.188489	21.319540	20.344352	0.551773
23.97	21.41	12.67	12.67	2.99	1.60	19.182922	21.316536	20.340075	0.551788
23.97	21.41	12.66	12.66	2.99	1.60	19.177354	21.313532	20.335797	0.551804
23.98	21.41	12.65	12.65	2.99	1.60	19.171786	21.310526	20.331518	0.551819
23.98	21.41	12.65	12.65	2.99	1.60	19.166217	21.307520	20.327238	0.551834
23.98	21.41	12.64	12.64	2.99	1.60	19.160647	21.304512	20.322957	0.551850
23.98	21.41	12.63	12.63	2.99	1.60	19.155076	21.301504	20.318675	0.551865
23.99	21.41	12.62	12.62	2.99	1.60	19.149504	21.298495	20.314392	0.551880
23.99	21.41	12.61	12.61	2.99	1.60	19.143932	21.295484	20.310108	0.551895
23.99	21.41	12.60	12.60	2.99	1.61	19.138359	21.292473	20.305824	0.551911
23.99	21.41	12.59	12.59	2.99	1.61	19.132785	21.289461	20.301538	0.551926
24.00	21.41	12.58	12.58	2.99	1.61	19.127210	21.286448	20.297252	0.551941
24.00	21.41	12.57	12.57	2.99	1.61	19.121635	21.283434	20.292965	0.551956
