#Hora	Tint	Ta	Tsa	Hr	Hc	T1	T2	<T12>	Keq2
#1	2	3	4	5	6	7	8	9	10
0.00	28.54	24.97	24.97	3.28	1.22	29.162548	29.939842	29.628465	0.548218
0.00	28.54	24.97	24.97	3.28	1.22	29.158110	29.937383	29.625015	0.548246
0.01	28.54	24.96	24.96	3.28	1.22	29.153672	29.934922	29.621564	0.548275
0.01	28.54	24.95	24.95	3.28	1.22	29.149234	29.932461	29.618113	0.548303
0.01	28.54	24.95	24.95	3.28	1.22	29.144795	29.930000	29.614661	0.548332
0.01	28.54	24.94	24.94	3.28	1.22	29.140356	29.927538	29.611209	0.548360
0.02	28.54	24.93	24.93	3.28	1.22	29.135916	29.925075	29.607756	0.548388
0.02	28.54	24.93	24.93	3.28	1.22	29.131476	29.922612	29.604303	0.548417
0.02	28.54	24.92	24.92	3.28	1.22	29.127036	29.920148	29.600850	0.548445
0.03	28.54	24.91	24.91	3.28	1.22	29.122596	29.917684	29.597396	0.548473
0.03	28.54	24.91	24.91	3.28	1.22	29.118155	29.915219	29.593941	0.548501
0.03	28.54	24.90	24.90	3.28	1.23	29.113714	29.912753	29.590486	0.548529
0.03	28.54	24.89	24.89	3.28	1.23	29.109273	29.910287	29.587031	0.548557
0.04	28.54	24.89	24.89	3.28	1.23	29.104832	29.907820	29.583575	0.548585
0.04	28.54	24.88	24.88	3.28	1.23	29.100390	29.905353	29.580119	0.548613
0.04	28.54	24.87	24.87	3.28	1.23	29.095948	29.902885	29.576662	0.548640
0.04	28.54	24.87	24.87	3.28	1.23	29.091506	29.900417	29.573205	0.548668
0.05	28.54	24.86	24.86	3.28	1.23	29.087064	29.897948	29.569748	0.548696
0.05	28.54	24.85	24.85	3.28	1.23	29.082621	29.895479	29.566290	0.548723
0.05	28.54	24.85	24.85	3.28	1.23	29.078178	29.893009	29.562831	0.548751
0.06	28.54	24.84	24.84	3.28	1.23	29.073735	29.890538	29.559373	0.548778
0.06	28.54	24.83	24.83	3.28	1.23	29.069291	29.888067	29.555913	0.548806
0.06	28.54	24.82	24.82	3.28	1.23	29.064847	29.885596	29.552454	0.548833
0.06	28.54	24.82	24.82	3.28	1.24	29.060403	29.883123	29.548994	0.548860
0.07	28.54	24.81	24.81	3.28	1.24	29.055959	29.880651	29.545533	0.548887
0.07	28.54	24.80	24.80	3.28	1.24	29.051515	29.878177	29.542072	0.548914
0.07	28.54	24.80	24.80	3.28	1.24	29.047070	29.875703	29.538611	0.548941
0.07	28.54	24.79	24.79	3.28	1.24	29.042625	29.873229	29.535149	0.548968
0.08	28.54	24.78	24.78	3.28	1.24	29.038179	29.870754	29.531687	0.548995
0.08	28.54	24.78	24.78	3.28	1.24	29.033734	29.868279	29.528224	0.549022
0.08	28.54	24.77	24.77	3.28	1.24	29.029288	29.865802	29.524761	0.549049
0.09	28.54	24.76	24.76	3.28	1.24	29.024842	29.863326	29.521298	0.549076
0.09	28.54	24.76	24.76	3.28	1.24	29.020396	29.860849	29.517834	0.549103
0.09	28.54	24.75	24.75	3.28	1.24	29.015949	29.858371	29.514370	0.549129
0.09	28.54	24.74	24.74	3.28	1.24	29.011503	29.855893	29.510905	0.549156
0.10	28.54	24.74	24.74	3.28	1.24	29.007055	29.853414	29.507440	0.549182
0.10	28.54	24.73	24.73	3.28	1.25	29.002608	29.850935	29.503974	0.549209
0.10	28.54	24.72	24.72	3.28	1.25	28.998161	29.848455	29.500509	0.549235
0.11	28.54	24.72	24.72	3.28	1.25	28.993713	29.845974	29.497042	0.549262
0.11	28.54	24.71	24.71	3.28	1.25	28.989265	29.843493	29.493575	0.549288
0.11	28.54	24.70	24.70	3.28	1.25	28.984817	29.841012	29.490108	0.549314
0.11	28.54	24.70	24.70	3.28	1.25	28.980368	29.838530	29.486641	0.549340
0.12	28.54	24.69	24.69	3.28	1.25	28.975919	29.836047	29.483173	0.549367
0.12	28.54	24.68	24.68	3.28	1.25	28.971470	29.833564	29.479704	0.549393
0.12	28.54	24.68	24.68	3.28	1.25	28.967021	29.831080	29.476236	0.549419
0.12	28.54	24.67	24.67	3.28	1.25	28.962571	29.828596	29.472767	0.549445
0.13	28.54	24.66	24.66	3.28	1.25	28.958122	29.826111	29.469297	0.549471
0.13	28.54	24.66	24.66	3.28	1.25	28.953672	29.823626	29.465827	0.549496
0.13	28.54	24.65	24.65	3.28	1.26	28.949221	29.821140	29.462357	0.549522
0.14	28.54	24.64	24.64	3.28	1.26	28.944771	29.818654	29.458886	0.549548
0.14	28.54	24.64	24.64	3.28	1.26	28.940320	29.816167	29.455415	0.549574
0.14	28.54	24.63	24.63	3.28	1.26	28.935869	29.813680	29.451943	0.549599
0.14	28.54	24.62	24.62	3.28	1.26	28.931418	29.811192	29.448471	0.549625
0.15	28.54	24.62	24.62	3.28	1.26	28.926967	29.808703	29.444999	0.549650
0.15	28.54	24.61	24.61	3.28	1.26	28.922515	29.806214	29.441526	0.549676
0.15	28.54	24.60	24.60	3.28	1.26	28.918063	29.803725	29.438053	0.549701
0.16	28.54	24.60	24.60	3.28	1.26	28.913611	29.801235	29.434579	0.549727
0.16	28.54	24.59	24.59	3.28	1.26	28.909159	29.798744	29.431105	0.549752
0.16	28.54	24.58	24.58	3.28	1.26	28.904706	29.796253	29.427631	0.549777
0.16	28.54	24.58	24.58	3.28	1.26	28.900253	29.793761	29.424156	0.549803
0.17	28.54	24.57	24.57	3.28	1.26	28.895800	29.791269	29.420681	0.549828
0.17	28.54	24.56	24.56	3.28	1.26	28.891347	29.788776	29.417206	0.549853
0.17	28.54	24.56	24.56	3.28	1.27	28.886893	29.786283	29.413730	0.549878
0.17	28.54	24.55	24.55	3.28	1.27	28.882440	29.783790	29.410253	0.549903
0.18	28.54	24.54	24.54	3.28	1.27	28.877986	29.781295	29.406777	0.549928
0.18	28.54	24.54	24.54	3.28	1.27	28.873531	29.778801	29.403300	0.549953
0.18	28.54	24.53	24.53	3.28	1.27	28.869077	29.776305	29.399822	0.549978
0.19	28.54	24.52	24.52	3.28	1.27	28.864622	29.773809	29.396344	0.550003
0.19	28.54	24.52	24.52	3.28	1.27	28.860168	29.771313	29.392866	0.550027
0.19	28.54	24.51	24.51	3.28	1.27	28.855713	29.768816	29.389388	0.550052
0.19	28.54	24.50	24.50	3.28	1.27	28.851257	29.766319	29.385909	0.550077
0.20	28.54	24.50	24.50	3.28	1.27	28.846802	29.763821	29.382429	0.550101
0.20	28.54	24.49	24.49	3.28	1.27	28.842346	29.761323	29.378950	0.550126
0.20	28.54	24.48	24.48	3.28	1.27	28.837890	29.758824	29.375470	0.550150
0.21	28.54	24.47	24.47	3.28	1.27	28.833434	29.756324	29.371989	0.550175
0.21	28.54	24.47	24.47	3.28	1.28	28.828978	29.753825	29.368508	0.550199
0.21	28.54	24.46	24.46	3.28	1.28	28.824521	29.751324	29.365027	0.550224
0.21	28.54	24.45	24.45	3.27	1.28	28.820064	29.748823	29.361545	0.550248
0.22	28.54	24.45	24.45	3.27	1.28	28.815607	29.746322	29.358063	0.550272
0.22	28.54	24.44	24.44	3.27	1.28	28.811150	29.743820	29.354581	0.550296
0.22	28.54	24.43	24.43	3.27	1.28	28.806693	29.741317	29.351098	0.550321
0.23	28.54	24.43	24.43	3.27	1.28	28.802235	29.738814	29.347615	0.550345
0.23	28.54	24.42	24.42	3.27	1.28	28.797777	29.736311	29.344132	0.550369
0.23	28.54	24.41	24.41	3.27	1.28	28.793319	29.733807	29.340648	0.550393
0.23	28.54	24.41	24.41	3.27	1.28	28.788861	29.731302	29.337164	0.550417
0.24	28.54	24.40	24.40	3.27	1.28	28.784403	29.728797	29.333679	0.550441
0.24	28.54	24.39	24.39	3.27	1.28	28.779944	29.726292	29.330194	0.550465
0.24	28.54	24.39	24.39	3.27	1.28	28.775485	29.723786	29.326709	0.550488
0.24	28.54	24.38	24.38	3.27	1.28	28.771026	29.721280	29.323224	0.550512
0.25	28.54	24.37	24.37	3.27	1.29	28.766567	29.718773	29.319738	0.550536
0.25	28.54	24.37	24.37	3.27	1.29	28.762108	29.716265	29.316251	0.550560
0.25	28.54	24.36	24.36	3.27	1.29	28.757648	29.713757	29.312764	0.550583
0.26	28.54	24.35	24.35	3.27	1.29	28.753189	29.711249	29.309277	0.550607
0.26	28.54	24.35	24.35	3.27	1.29	28.748729	29.708740	29.305790	0.550630
0.26	28.54	24.34	24.34	3.27	1.29	28.744269	29.706230	29.302302	0.550654
0.26	28.54	24.33	24.33	3.27	1.29	28.739808	29.703720	29.298814	0.550677
0.27	28.54	24.33	24.33	3.27	1.29	28.735348	29.701210	29.295325	0.550701
0.27	28.54	24.32	24.32	3.27	1.29	28.730887	29.698699	29.291837	0.550724
0.27	28.54	24.31	24.31	3.27	1.29	28.726426	29.696187	29.288347	0.550747
0.28	28.54	24.31	24.31	3.27	1.29	28.721965	29.693675	29.284858	0.550771
0.28	28.54	24.30	24.30	3.27	1.29	28.717504	29.691163	29.281368	0.550794
0.28	28.54	24.29	24.29	3.27	1.29	28.713043	29.688650	29.277878	0.550817
0.28	28.54	24.29	24.29	3.27	1.29	28.708581	29.686137	29.274387	0.550840
0.29	28.54	24.28	24.28	3.27	1.30	28.704119	29.683623	29.270896	0.550863
0.29	28.54	24.27	24.27	3.27	1.30	28.699657	29.681108	29.267405	0.550886
0.29	28.54	24.27	24.27	3.27	1.30	28.695195	29.678593	29.263913	0.550909
0.29	28.54	24.26	24.26	3.27	1.30	28.690733	29.676078	29.260421	0.550932
0.30	28.54	24.25	24.25	3.27	1.30	28.686271	29.673562	29.256929	0.550955
0.30	28.54	24.25	24.25	3.27	1.30	28.681808	29.671046	29.253436	0.550978
0.30	28.54	24.24	24.24	3.27	1.30	28.677345	29.668529	29.249943	0.551001
0.31	28.54	24.23	24.23	3.27	1.30	28.672882	29.666012	29.246450	0.551024
0.31	28.54	24.23	24.23	3.27	1.30	28.668419	29.663494	29.242956	0.551047
0.31	28.54	24.22	24.22	3.27	1.30	28.663956	29.660976	29.239462	0.551069
0.31	28.54	24.21	24.21	3.27	1.30	28.659493	29.658457	29.235968	0.551092
0.32	28.54	24.21	24.21	3.27	1.30	28.655029	29.655938	29.232473	0.551115
0.32	28.54	24.20	24.20	3.27	1.30	28.650565	29.653418	29.228978	0.551137
0.32	28.54	24.19	24.19	3.27	1.30	28.646101	29.650898	29.225482	0.551160
0.33	28.54	24.19	24.19	3.27	1.31	28.641637	29.648377	29.221987	0.551182
0.33	28.54	24.18	24.18	3.27	1.31	28.637173	29.645856	29.218491	0.551205
0.33	28.54	24.17	24.17	3.27	1.31	28.632709	29.643335	29.214994	0.551227
0.33	28.54	24.17	24.17	3.27	1.31	28.628244	29.640812	29.211498	0.551249
0.34	28.54	24.16	24.16	3.27	1.31	28.623780	29.638290	29.208000	0.551272
0.34	28.54	24.15	24.15	3.27	1.31	28.619315	29.635767	29.204503	0.551294
0.34	28.54	24.15	24.15	3.27	1.31	28.614850	29.633243	29.201005	0.551316
0.34	28.54	24.14	24.14	3.27	1.31	28.610385	29.630719	29.197507	0.551338
0.35	28.54	24.13	24.13	3.27	1.31	28.605920	29.628195	29.194009	0.551360
0.35	28.54	24.13	24.13	3.27	1.31	28.601454	29.625670	29.190510	0.551383
0.35	28.54	24.12	24.12	3.27	1.31	28.596989	29.623145	29.187011	0.551405
0.36	28.54	24.11	24.11	3.27	1.31	28.592523	29.620619	29.183512	0.551427
0.36	28.54	24.11	24.11	3.27	1.31	28.588057	29.618092	29.180012	0.551449
0.36	28.54	24.10	24.10	3.27	1.31	28.583591	29.615566	29.176512	0.551471
0.36	28.54	24.09	24.09	3.27	1.31	28.579125	29.613038	29.173012	0.551493
0.37	28.54	24.09	24.09	3.27	1.32	28.574659	29.610511	29.169512	0.551514
0.37	28.54	24.08	24.08	3.27	1.32	28.570192	29.607983	29.166011	0.551536
0.37	28.54	24.07	24.07	3.27	1.32	28.565726	29.605454	29.162509	0.551558
0.38	28.54	24.07	24.07	3.27	1.32	28.561259	29.602925	29.159008	0.551580
0.38	28.54	24.06	24.06	3.27	1.32	28.556793	29.600395	29.155506	0.551601
0.38	28.54	24.05	24.05	3.27	1.32	28.552326	29.597865	29.152004	0.551623
0.38	28.54	24.05	24.05	3.27	1.32	28.547859	29.595335	29.148501	0.551645
0.39	28.54	24.04	24.04	3.27	1.32	28.543391	29.592804	29.144999	0.551666
0.39	28.54	24.04	24.04	3.27	1.32	28.538924	29.590272	29.141495	0.551688
0.39	28.54	24.03	24.03	3.27	1.32	28.534457	29.587741	29.137992	0.551709
0.39	28.54	24.02	24.02	3.27	1.32	28.529989	29.585208	29.134488	0.551731
0.40	28.54	24.02	24.02	3.27	1.32	28.525522	29.582675	29.130984	0.551752
0.40	28.54	24.01	24.01	3.27	1.32	28.521054	29.580142	29.127480	0.551774
0.40	28.54	24.00	24.00	3.27	1.32	28.516586	29.577609	29.123975	0.551795
0.41	28.54	24.00	24.00	3.27	1.32	28.512118	29.575074	29.120470	0.551816
0.41	28.54	23.99	23.99	3.27	1.33	28.507650	29.572540	29.116965	0.551838
0.41	28.54	23.98	23.98	3.27	1.33	28.503182	29.570005	29.113460	0.551859
0.41	28.54	23.98	23.98	3.27	1.33	28.498713	29.567469	29.109954	0.551880
0.42	28.54	23.97	23.97	3.27	1.33	28.494245	29.564933	29.106448	0.551901
0.42	28.54	23.96	23.96	3.27	1.33	28.489776	29.562397	29.102941	0.551922
0.42	28.54	23.96	23.96	3.27	1.33	28.485308	29.559860	29.099434	0.551943
0.42	28.54	23.95	23.95	3.27	1.33	28.480839	29.557323	29.095927	0.551964
0.43	28.54	23.94	23.94	3.27	1.33	28.476370	29.554785	29.092420	0.551985
0.43	28.54	23.94	23.94	3.27	1.33	28.471901	29.552247	29.088912	0.552006
0.43	28.54	23.93	23.93	3.27	1.33	28.467432	29.549708	29.085405	0.552027
0.44	28.54	23.92	23.92	3.27	1.33	28.462962	29.547169	29.081896	0.552048
0.44	28.54	23.92	23.92	3.27	1.33	28.458493	29.544630	29.078388	0.552069
0.44	28.54	23.91	23.91	3.27	1.33	28.454024	29.542090	29.074879	0.552090
0.44	28.54	23.90	23.90	3.27	1.33	28.449554	29.539549	29.071370	0.552111
0.45	28.54	23.90	23.90	3.27	1.33	28.445085	29.537009	29.067861	0.552131
0.45	28.54	23.89	23.89	3.27	1.33	28.440615	29.534467	29.064351	0.552152
0.45	28.54	23.88	23.88	3.27	1.34	28.436145	29.531926	29.060841	0.552173
0.46	28.54	23.88	23.88	3.27	1.34	28.431675	29.529383	29.057331	0.552193
0.46	28.54	23.87	23.87	3.26	1.34	28.427205	29.526841	29.053820	0.552214
0.46	28.54	23.86	23.86	3.26	1.34	28.422735	29.524298	29.050310	0.552234
0.46	28.54	23.86	23.86	3.26	1.34	28.418265	29.521754	29.046798	0.552255
0.47	28.54	23.85	23.85	3.26	1.34	28.413795	29.519210	29.043287	0.552275
0.47	28.54	23.84	23.84	3.26	1.34	28.409324	29.516666	29.039776	0.552296
0.47	28.54	23.84	23.84	3.26	1.34	28.404854	29.514121	29.036264	0.552316
0.47	28.54	23.83	23.83	3.26	1.34	28.400383	29.511576	29.032751	0.552337
0.48	28.54	23.82	23.82	3.26	1.34	28.395913	29.509030	29.029239	0.552357
0.48	28.54	23.82	23.82	3.26	1.34	28.391442	29.506484	29.025726	0.552377
0.48	28.54	23.81	23.81	3.26	1.34	28.386971	29.503938	29.022213	0.552397
0.49	28.54	23.80	23.80	3.26	1.34	28.382500	29.501391	29.018700	0.552418
0.49	28.54	23.80	23.80	3.26	1.34	28.378029	29.498844	29.015186	0.552438
0.49	28.54	23.79	23.79	3.26	1.34	28.373558	29.496296	29.011673	0.552458
0.49	28.54	23.78	23.78	3.26	1.35	28.369087	29.493748	29.008159	0.552478
0.50	28.54	23.78	23.78	3.26	1.35	28.364616	29.491199	29.004644	0.552498
0.50	28.54	23.77	23.77	3.26	1.35	28.360145	29.488650	29.001130	0.552518
0.50	28.54	23.76	23.76	3.26	1.35	28.355674	29.486101	28.997615	0.552538
0.51	28.54	23.76	23.76	3.26	1.35	28.351202	29.483551	28.994100	0.552558
0.51	28.54	23.75	23.75	3.26	1.35	28.346731	29.481000	28.990584	0.552578
0.51	28.54	23.74	23.74	3.26	1.35	28.342259	29.478450	28.987068	0.552598
0.51	28.54	23.74	23.74	3.26	1.35	28.337788	29.475898	28.983553	0.552618
0.52	28.54	23.73	23.73	3.26	1.35	28.333316	29.473347	28.980036	0.552638
0.52	28.54	23.72	23.72	3.26	1.35	28.328845	29.470795	28.976520	0.552658
0.52	28.54	23.72	23.72	3.26	1.35	28.324373	29.468242	28.973003	0.552677
0.53	28.54	23.71	23.71	3.26	1.35	28.319901	29.465690	28.969486	0.552697
0.53	28.54	23.71	23.71	3.26	1.35	28.315429	29.463136	28.965969	0.552717
0.53	28.54	23.70	23.70	3.26	1.35	28.310957	29.460583	28.962451	0.552737
0.53	28.54	23.69	23.69	3.26	1.35	28.306485	29.458029	28.958934	0.552756
0.54	28.54	23.69	23.69	3.26	1.35	28.302013	29.455474	28.955416	0.552776
0.54	28.54	23.68	23.68	3.26	1.35	28.297541	29.452919	28.951898	0.552795
0.54	28.54	23.67	23.67	3.26	1.36	28.293069	29.450364	28.948379	0.552815
0.54	28.54	23.67	23.67	3.26	1.36	28.288597	29.447808	28.944860	0.552834
0.55	28.54	23.66	23.66	3.26	1.36	28.284124	29.445252	28.941341	0.552854
0.55	28.54	23.65	23.65	3.26	1.36	28.279652	29.442695	28.937822	0.552873
0.55	28.54	23.65	23.65	3.26	1.36	28.275180	29.440138	28.934303	0.552893
0.56	28.54	23.64	23.64	3.26	1.36	28.270707	29.437581	28.930783	0.552912
0.56	28.54	23.63	23.63	3.26	1.36	28.266235	29.435023	28.927263	0.552931
0.56	28.54	23.63	23.63	3.26	1.36	28.261762	29.432465	28.923743	0.552951
0.56	28.54	23.62	23.62	3.26	1.36	28.257290	29.429906	28.920222	0.552970
0.57	28.54	23.61	23.61	3.26	1.36	28.252817	29.427347	28.916701	0.552989
0.57	28.54	23.61	23.61	3.26	1.36	28.248345	29.424788	28.913180	0.553008
0.57	28.54	23.60	23.60	3.26	1.36	28.243872	29.422228	28.909659	0.553028
0.57	28.54	23.59	23.59	3.26	1.36	28.239399	29.419668	28.906138	0.553047
0.58	28.54	23.59	23.59	3.26	1.36	28.234927	29.417107	28.902616	0.553066
0.58	28.54	23.58	23.58	3.26	1.36	28.230454	29.414546	28.899094	0.553085
0.58	28.54	23.57	23.57	3.26	1.36	28.225981	29.411985	28.895572	0.553104
0.59	28.54	23.57	23.57	3.26	1.37	28.221508	29.409423	28.892050	0.553123
0.59	28.54	23.56	23.56	3.26	1.37	28.217035	29.406861	28.888527	0.553142
0.59	28.54	23.55	23.55	3.26	1.37	28.212563	29.404298	28.885004	0.553161
0.59	28.54	23.55	23.55	3.26	1.37	28.208090	29.401735	28.881481	0.553180
0.60	28.54	23.54	23.54	3.26	1.37	28.203617	29.399172	28.877958	0.553199
0.60	28.54	23.53	23.53	3.26	1.37	28.199144	29.396608	28.874434	0.553217
0.60	28.54	23.53	23.53	3.26	1.37	28.194671	29.394044	28.870911	0.553236
0.61	28.54	23.52	23.52	3.26	1.37	28.190198	29.391479	28.867387	0.553255
0.61	28.54	23.52	23.52	3.26	1.37	28.185725	29.388914	28.863863	0.553274
0.61	28.54	23.51	23.51	3.26	1.37	28.181252	29.386349	28.860338	0.553292
0.61	28.54	23.50	23.50	3.26	1.37	28.176779	29.383783	28.856813	0.553311
0.62	28.54	23.50	23.50	3.26	1.37	28.172306	29.381217	28.853289	0.553330
0.62	28.54	23.49	23.49	3.26	1.37	28.167833	29.378651	28.849763	0.553348
0.62	28.54	23.48	23.48	3.26	1.37	28.163359	29.376084	28.846238	0.553367
0.62	28.54	23.48	23.48	3.26	1.37	28.158886	29.373516	28.842713	0.553386
0.63	28.54	23.47	23.47	3.26	1.37	28.154413	29.370949	28.839187	0.553404
0.63	28.54	23.46	23.46	3.26	1.37	28.149940	29.368381	28.835661	0.553423
0.63	28.54	23.46	23.46	3.26	1.38	28.145467	29.365812	28.832135	0.553441
0.64	28.54	23.45	23.45	3.26	1.38	28.140994	29.363243	28.828608	0.553460
0.64	28.54	23.44	23.44	3.26	1.38	28.136521	29.360674	28.825082	0.553478
0.64	28.54	23.44	23.44	3.26	1.38	28.132048	29.358104	28.821555	0.553496
0.64	28.54	23.43	23.43	3.26	1.38	28.127574	29.355534	28.818028	0.553515
0.65	28.54	23.42	23.42	3.26	1.38	28.123101	29.352964	28.814501	0.553533
0.65	28.54	23.42	23.42	3.26	1.38	28.118628	29.350393	28.810973	0.553551
0.65	28.54	23.41	23.41	3.26	1.38	28.114155	29.347822	28.807446	0.553570
0.66	28.54	23.40	23.40	3.26	1.38	28.109682	29.345251	28.803918	0.553588
0.66	28.54	23.40	23.40	3.26	1.38	28.105209	29.342679	28.800390	0.553606
0.66	28.54	23.39	23.39	3.26	1.38	28.100735	29.340106	28.796861	0.553624
0.66	28.54	23.39	23.39	3.26	1.38	28.096262	29.337534	28.793333	0.553642
0.67	28.54	23.38	23.38	3.26	1.38	28.091789	29.334961	28.789804	0.553660
0.67	28.54	23.37	23.37	3.26	1.38	28.087316	29.332387	28.786275	0.553678
0.67	28.54	23.37	23.37	3.26	1.38	28.082843	29.329814	28.782746	0.553697
0.68	28.54	23.36	23.36	3.26	1.38	28.078370	29.327240	28.779217	0.553715
0.68	28.54	23.35	23.35	3.26	1.38	28.073897	29.324665	28.775687	0.553733
0.68	28.54	23.35	23.35	3.26	1.39	28.069424	29.322090	28.772158	0.553750
0.68	28.54	23.34	23.34	3.26	1.39	28.064950	29.319515	28.768628	0.553768
0.69	28.54	23.33	23.33	3.26	1.39	28.060477	29.316939	28.765098	0.553786
0.69	28.54	23.33	23.33	3.26	1.39	28.056004	29.314363	28.761567	0.553804
0.69	28.54	23.32	23.32	3.26	1.39	28.051531	29.311787	28.758037	0.553822
0.69	28.54	23.31	23.31	3.26	1.39	28.047058	29.309210	28.754506	0.553840
0.70	28.54	23.31	23.31	3.26	1.39	28.042585	29.306633	28.750976	0.553858
0.70	28.54	23.30	23.30	3.26	1.39	28.038112	29.304056	28.747444	0.553875
0.70	28.54	23.29	23.29	3.25	1.39	28.033640	29.301478	28.743913	0.553893
0.71	28.54	23.29	23.29	3.25	1.39	28.029167	29.298900	28.740382	0.553911
0.71	28.54	23.28	23.28	3.25	1.39	28.024694	29.296321	28.736850	0.553928
0.71	28.54	23.27	23.27	3.25	1.39	28.020221	29.293742	28.733318	0.553946
0.71	28.54	23.27	23.27	3.25	1.39	28.015748	29.291163	28.729787	0.553964
0.72	28.54	23.26	23.26	3.25	1.39	28.011275	29.288583	28.726254	0.553981
0.72	28.54	23.26	23.26	3.25	1.39	28.006803	29.286003	28.722722	0.553999
0.72	28.54	23.25	23.25	3.25	1.39	28.002330	29.283423	28.719190	0.554016
0.72	28.54	23.24	23.24	3.25	1.39	27.997857	29.280842	28.715657	0.554034
0.73	28.54	23.24	23.24	3.25	1.39	27.993385	29.278261	28.712124	0.554051
0.73	28.54	23.23	23.23	3.25	1.40	27.988912	29.275680	28.708591	0.554069
0.73	28.54	23.22	23.22	3.25	1.40	27.984439	29.273098	28.705058	0.554086
0.74	28.54	23.22	23.22	3.25	1.40	27.979967	29.270516	28.701524	0.554104
0.74	28.54	23.21	23.21	3.25	1.40	27.975494	29.267934	28.697991	0.554121
0.74	28.54	23.20	23.20	3.25	1.40	27.971022	29.265351	28.694457	0.554138
0.74	28.54	23.20	23.20	3.25	1.40	27.966550	29.262768	28.690923	0.554156
0.75	28.54	23.19	23.19	3.25	1.40	27.962077	29.260184	28.687389	0.554173
0.75	28.54	23.18	23.18	3.25	1.40	27.957605	29.257600	28.683855	0.554190
0.75	28.54	23.18	23.18	3.25	1.40	27.953133	29.255016	28.680320	0.554207
0.76	28.54	23.17	23.17	3.25	1.40	27.948660	29.252432	28.676786	0.554225
0.76	28.54	23.16	23.16	3.25	1.40	27.944188	29.249847	28.673251	0.554242
0.76	28.54	23.16	23.16	3.25	1.40	27.939716	29.247261	28.669716	0.554259
0.76	28.54	23.15	23.15	3.25	1.40	27.935244	29.244676	28.666181	0.554276
0.77	28.54	23.15	23.15	3.25	1.40	27.930772	29.242090	28.662646	0.554293
0.77	28.54	23.14	23.14	3.25	1.40	27.926300	29.239504	28.659110	0.554310
0.77	28.54	23.13	23.13	3.25	1.40	27.921828	29.236917	28.655574	0.554327
0.78	28.54	23.13	23.13	3.25	1.40	27.917357	29.234330	28.652039	0.554344
0.78	28.54	23.12	23.12	3.25	1.40	27.912885	29.231743	28.648503	0.554361
0.78	28.54	23.11	23.11	3.25	1.41	27.908413	29.229155	28.644967	0.554378
0.78	28.54	23.11	23.11	3.25	1.41	27.903941	29.226567	28.641431	0.554395
0.79	28.54	23.10	23.10	3.25	1.41	27.899470	29.223979	28.637894	0.554412
0.79	28.54	23.09	23.09	3.25	1.41	27.894998	29.221390	28.634358	0.554429
0.79	28.54	23.09	23.09	3.25	1.41	27.890527	29.218801	28.630821	0.554446
0.79	28.54	23.08	23.08	3.25	1.41	27.886056	29.216212	28.627284	0.554462
0.80	28.54	23.07	23.07	3.25	1.41	27.881584	29.213622	28.623747	0.554479
0.80	28.54	23.07	23.07	3.25	1.41	27.877113	29.211032	28.620210	0.554496
0.80	28.54	23.06	23.06	3.25	1.41	27.872642	29.208442	28.616673	0.554513
0.81	28.54	23.06	23.06	3.25	1.41	27.868171	29.205851	28.613135	0.554529
0.81	28.54	23.05	23.05	3.25	1.41	27.863700	29.203260	28.609598	0.554546
0.81	28.54	23.04	23.04	3.25	1.41	27.859229	29.200669	28.606060	0.554563
0.81	28.54	23.04	23.04	3.25	1.41	27.854758	29.198077	28.602522	0.554579
0.82	28.54	23.03	23.03	3.25	1.41	27.850287	29.195485	28.598984	0.554596
0.82	28.54	23.02	23.02	3.25	1.41	27.845817	29.192893	28.595446	0.554612
0.82	28.54	23.02	23.02	3.25	1.41	27.841346	29.190300	28.591907	0.554629
0.82	28.54	23.01	23.01	3.25	1.41	27.836876	29.187707	28.588369	0.554646
0.83	28.54	23.00	23.00	3.25	1.41	27.832405	29.185114	28.584830	0.554662
0.83	28.54	23.00	23.00	3.25	1.41	27.827935	29.182520	28.581292	0.554679
0.83	28.54	22.99	22.99	3.25	1.42	27.823465	29.179926	28.577753	0.554695
0.84	28.54	22.98	22.98	3.25	1.42	27.818994	29.177332	28.574214	0.554711
0.84	28.54	22.98	22.98	3.25	1.42	27.814524	29.174737	28.570675	0.554728
0.84	28.54	22.97	22.97	3.25	1.42	27.810054	29.172142	28.567135	0.554744
0.84	28.54	22.97	22.97	3.25	1.42	27.805584	29.169547	28.563596	0.554760
0.85	28.54	22.96	22.96	3.25	1.42	27.801115	29.166952	28.560056	0.554777
0.85	28.54	22.95	22.95	3.25	1.42	27.796645	29.164356	28.556517	0.554793
0.85	28.54	22.95	22.95	3.25	1.42	27.792175	29.161760	28.552977	0.554809
0.86	28.54	22.94	22.94	3.25	1.42	27.787706	29.159163	28.549437	0.554826
0.86	28.54	22.93	22.93	3.25	1.42	27.783236	29.156566	28.545897	0.554842
0.86	28.54	22.93	22.93	3.25	1.42	27.778767	29.153969	28.542357	0.554858
0.86	28.54	22.92	22.92	3.25	1.42	27.774298	29.151372	28.538816	0.554874
0.87	28.54	22.91	22.91	3.25	1.42	27.769829	29.148774	28.535276	0.554890
0.87	28.54	22.91	22.91	3.25	1.42	27.765360	29.146176	28.531735	0.554906
0.87	28.54	22.90	22.90	3.25	1.42	27.760891	29.143577	28.528195	0.554923
0.88	28.54	22.90	22.90	3.25	1.42	27.756422	29.140979	28.524654	0.554939
0.88	28.54	22.89	22.89	3.25	1.42	27.751953	29.138380	28.521113	0.554955
0.88	28.54	22.88	22.88	3.25	1.42	27.747485	29.135780	28.517572	0.554971
0.88	28.54	22.88	22.88	3.25	1.42	27.743016	29.133181	28.514031	0.554987
0.89	28.54	22.87	22.87	3.25	1.43	27.738548	29.130581	28.510489	0.555003
0.89	28.54	22.86	22.86	3.25	1.43	27.734080	29.127981	28.506948	0.555019
0.89	28.54	22.86	22.86	3.25	1.43	27.729612	29.125380	28.503407	0.555034
0.89	28.54	22.85	22.85	3.25	1.43	27.725144	29.122779	28.499865	0.555050
0.90	28.54	22.84	22.84	3.25	1.43	27.720676	29.120178	28.496323	0.555066
0.90	28.54	22.84	22.84	3.25	1.43	27.716208	29.117577	28.492781	0.555082
0.90	28.54	22.83	22.83	3.25	1.43	27.711740	29.114975	28.489239	0.555098
0.91	28.54	22.82	22.82	3.25	1.43	27.707273	29.112373	28.485697	0.555114
0.91	28.54	22.82	22.82	3.25	1.43	27.702805	29.109770	28.482155	0.555129
0.91	28.54	22.81	22.81	3.25	1.43	27.698338	29.107168	28.478613	0.555145
0.91	28.54	22.81	22.81	3.25	1.43	27.693871	29.104565	28.475070	0.555161
0.92	28.54	22.80	22.80	3.25	1.43	27.689404	29.101961	28.471528	0.555177
0.92	28.54	22.79	22.79	3.25	1.43	27.684937	29.099358	28.467985	0.555192
0.92	28.54	22.79	22.79	3.25	1.43	27.680470	29.096754	28.464443	0.555208
0.93	28.54	22.78	22.78	3.25	1.43	27.676004	29.094150	28.460900	0.555224
0.93	28.54	22.77	22.77	3.25	1.43	27.671537	29.091545	28.457357	0.555239
0.93	28.54	22.77	22.77	3.25	1.43	27.667071	29.088941	28.453814	0.555255
0.93	28.54	22.76	22.76	3.25	1.43	27.662605	29.086336	28.450271	0.555270
0.94	28.54	22.75	22.75	3.25	1.43	27.658139	29.083730	28.446727	0.555286
0.94	28.54	22.75	22.75	3.25	1.44	27.653673	29.081125	28.443184	0.555301
0.94	28.54	22.74	22.74	3.25	1.44	27.649207	29.078519	28.439641	0.555317
0.94	28.54	22.74	22.74	3.25	1.44	27.644741	29.075913	28.436097	0.555332
0.95	28.54	22.73	22.73	3.24	1.44	27.640276	29.073306	28.432554	0.555348
0.95	28.54	22.72	22.72	3.24	1.44	27.635810	29.070699	28.429010	0.555363
0.95	28.54	22.72	22.72	3.24	1.44	27.631345	29.068092	28.425466	0.555379
0.96	28.54	22.71	22.71	3.24	1.44	27.626880	29.065485	28.421922	0.555394
0.96	28.54	22.70	22.70	3.24	1.44	27.622415	29.062877	28.418378	0.555409
0.96	28.54	22.70	22.70	3.24	1.44	27.617950	29.060269	28.414834	0.555425
0.96	28.54	22.69	22.69	3.24	1.44	27.613485	29.057661	28.411290	0.555440
0.97	28.54	22.68	22.68	3.24	1.44	27.609021	29.055053	28.407746	0.555455
0.97	28.54	22.68	22.68	3.24	1.44	27.604557	29.052444	28.404202	0.555470
0.97	28.54	22.67	22.67	3.24	1.44	27.600092	29.049835	28.400657	0.555486
0.97	28.54	22.67	22.67	3.24	1.44	27.595628	29.047226	28.397113	0.555501
0.98	28.54	22.66	22.66	3.24	1.44	27.591165	29.044616	28.393568	0.555516
0.98	28.54	22.65	22.65	3.24	1.44	27.586701	29.042006	28.390024	0.555531
0.98	28.54	22.65	22.65	3.24	1.44	27.582237	29.039396	28.386479	0.555546
0.99	28.54	22.64	22.64	3.24	1.44	27.577774	29.036785	28.382934	0.555561
0.99	28.54	22.63	22.63	3.24	1.44	27.573311	29.034175	28.379389	0.555577
0.99	28.54	22.63	22.63	3.24	1.44	27.568848	29.031564	28.375844	0.555592
0.99	28.54	22.62	22.62	3.24	1.45	27.564385	29.028952	28.372299	0.555607
1.00	28.54	22.62	22.62	3.24	1.45	27.559922	29.026341	28.368754	0.555622
1.00	28.54	22.61	22.61	3.24	1.45	27.555459	29.023729	28.365209	0.555637
1.00	28.54	22.60	22.60	3.24	1.45	27.550997	29.021117	28.361664	0.555652
1.01	28.54	22.60	22.60	3.24	1.45	27.546535	29.018505	28.358119	0.555667
1.01	28.54	22.59	22.59	3.24	1.45	27.542073	29.015892	28.354573	0.555682
1.01	28.54	22.58	22.58	3.24	1.45	27.537611	29.013279	28.351028	0.555697
1.01	28.54	22.58	22.58	3.24	1.45	27.533149	29.010666	28.347482	0.555711
1.02	28.54	22.57	22.57	3.24	1.45	27.528687	29.008053	28.343937	0.555726
1.02	28.54	22.56	22.56	3.24	1.45	27.524226	29.005439	28.340391	0.555741
1.02	28.54	22.56	22.56	3.24	1.45	27.519765	29.002825	28.336845	0.555756
1.02	28.54	22.55	22.55	3.24	1.45	27.515304	29.000211	28.333300	0.555771
1.03	28.54	22.55	22.55	3.24	1.45	27.510843	28.997596	28.329754	0.555786
1.03	28.54	22.54	22.54	3.24	1.45	27.506382	28.994981	28.326208	0.555800
1.03	28.54	22.53	22.53	3.24	1.45	27.501922	28.992366	28.322662	0.555815
1.04	28.54	22.53	22.53	3.24	1.45	27.497462	28.989751	28.319116	0.555830
1.04	28.54	22.52	22.52	3.24	1.45	27.493002	28.987136	28.315570	0.555844
1.04	28.54	22.51	22.51	3.24	1.45	27.488542	28.984520	28.312024	0.555859
1.04	28.54	22.51	22.51	3.24	1.45	27.484082	28.981904	28.308478	0.555874
1.05	28.54	22.50	22.50	3.24	1.45	27.479622	28.979287	28.304931	0.555888
1.05	28.54	22.50	22.50	3.24	1.46	27.475163	28.976671	28.301385	0.555903
1.05	28.54	22.49	22.49	3.24	1.46	27.470704	28.974054	28.297839	0.555918
1.06	28.54	22.48	22.48	3.24	1.46	27.466245	28.971437	28.294293	0.555932
1.06	28.54	22.48	22.48	3.24	1.46	27.461786	28.968820	28.290746	0.555947
1.06	28.54	22.47	22.47	3.24	1.46	27.457328	28.966202	28.287200	0.555961
1.06	28.54	22.46	22.46	3.24	1.46	27.452869	28.963584	28.283653	0.555976
1.07	28.54	22.46	22.46	3.24	1.46	27.448411	28.960966	28.280106	0.555990
1.07	28.54	22.45	22.45	3.24	1.46	27.443953	28.958348	28.276560	0.556005
1.07	28.54	22.45	22.45	3.24	1.46	27.439495	28.955729	28.273013	0.556019
1.07	28.54	22.44	22.44	3.24	1.46	27.435038	28.953110	28.269467	0.556033
1.08	28.54	22.43	22.43	3.24	1.46	27.430580	28.950491	28.265920	0.556048
1.08	28.54	22.43	22.43	3.24	1.46	27.426123	28.947872	28.262373	0.556062
1.08	28.54	22.42	22.42	3.24	1.46	27.421666	28.945252	28.258826	0.556077
1.09	28.54	22.41	22.41	3.24	1.46	27.417210	28.942632	28.255279	0.556091
1.09	28.54	22.41	22.41	3.24	1.46	27.412753	28.940012	28.251732	0.556105
1.09	28.54	22.40	22.40	3.24	1.46	27.408297	28.937392	28.248185	0.556120
1.09	28.54	22.39	22.39	3.24	1.46	27.403841	28.934771	28.244638	0.556134
1.10	28.54	22.39	22.39	3.24	1.46	27.399385	28.932151	28.241091	0.556148
1.10	28.54	22.38	22.38	3.24	1.46	27.394929	28.929529	28.237544	0.556162
1.10	28.54	22.38	22.38	3.24	1.46	27.390474	28.926908	28.233997	0.556176
1.11	28.54	22.37	22.37	3.24	1.46	27.386018	28.924287	28.230450	0.556191
1.11	28.54	22.36	22.36	3.24	1.47	27.381563	28.921665	28.226903	0.556205
1.11	28.54	22.36	22.36	3.24	1.47	27.377109	28.919043	28.223356	0.556219
1.11	28.54	22.35	22.35	3.24	1.47	27.372654	28.916421	28.219809	0.556233
1.12	28.54	22.34	22.34	3.24	1.47	27.368200	28.913798	28.216261	0.556247
1.12	28.54	22.34	22.34	3.24	1.47	27.363746	28.911175	28.212714	0.556261
1.12	28.54	22.33	22.33	3.24	1.47	27.359292	28.908552	28.209167	0.556275
1.12	28.54	22.33	22.33	3.24	1.47	27.354838	28.905929	28.205620	0.556289
1.13	28.54	22.32	22.32	3.24	1.47	27.350385	28.903306	28.202072	0.556303
1.13	28.54	22.31	22.31	3.24	1.47	27.345931	28.900682	28.198525	0.556317
1.13	28.54	22.31	22.31	3.24	1.47	27.341478	28.898058	28.194978	0.556331
1.14	28.54	22.30	22.30	3.24	1.47	27.337026	28.895434	28.191430	0.556345
1.14	28.54	22.29	22.29	3.24	1.47	27.332573	28.892810	28.187883	0.556359
1.14	28.54	22.29	22.29	3.24	1.47	27.328121	28.890185	28.184335	0.556373
1.14	28.54	22.28	22.28	3.24	1.47	27.323669	28.887560	28.180788	0.556387
1.15	28.54	22.28	22.28	3.24	1.47	27.319217	28.884935	28.177241	0.556401
1.15	28.54	22.27	22.27	3.24	1.47	27.314765	28.882310	28.173693	0.556415
1.15	28.54	22.26	22.26	3.24	1.47	27.310314	28.879685	28.170146	0.556429
1.16	28.54	22.26	22.26	3.24	1.47	27.305863	28.877059	28.166598	0.556442
1.16	28.54	22.25	22.25	3.24	1.47	27.301412	28.874433	28.163051	0.556456
1.16	28.54	22.25	22.25	3.24	1.47	27.296962	28.871807	28.159503	0.556470
1.16	28.54	22.24	22.24	3.24	1.47	27.292511	28.869180	28.155956	0.556484
1.17	28.54	22.23	22.23	3.24	1.47	27.288061	28.866554	28.152408	0.556497
1.17	28.54	22.23	22.23	3.24	1.48	27.283611	28.863927	28.148861	0.556511
1.17	28.54	22.22	22.22	3.24	1.48	27.279162	28.861300	28.145313	0.556525
1.18	28.54	22.21	22.21	3.24	1.48	27.274712	28.858673	28.141766	0.556539
1.18	28.54	22.21	22.21	3.24	1.48	27.270263	28.856045	28.138218	0.556552
1.18	28.54	22.20	22.20	3.24	1.48	27.265814	28.853418	28.134670	0.556566
1.18	28.54	22.20	22.20	3.24	1.48	27.261366	28.850790	28.131123	0.556579
1.19	28.54	22.19	22.19	3.24	1.48	27.256917	28.848161	28.127575	0.556593
1.19	28.54	22.18	22.18	3.23	1.48	27.252469	28.845533	28.124028	0.556607
1.19	28.54	22.18	22.18	3.23	1.48	27.248022	28.842905	28.120480	0.556620
1.19	28.54	22.17	22.17	3.23	1.48	27.243574	28.840276	28.116933	0.556634
1.20	28.54	22.16	22.16	3.23	1.48	27.239127	28.837647	28.113385	0.556647
1.20	28.54	22.16	22.16	3.23	1.48	27.234680	28.835018	28.109838	0.556661
1.20	28.54	22.15	22.15	3.23	1.48	27.230233	28.832388	28.106290	0.556674
1.21	28.54	22.15	22.15	3.23	1.48	27.225786	28.829759	28.102743	0.556688
1.21	28.54	22.14	22.14	3.23	1.48	27.221340	28.827129	28.099195	0.556701
1.21	28.54	22.13	22.13	3.23	1.48	27.216894	28.824499	28.095648	0.556715
1.21	28.54	22.13	22.13	3.23	1.48	27.212448	28.821869	28.092100	0.556728
1.22	28.54	22.12	22.12	3.23	1.48	27.208003	28.819238	28.088553	0.556741
1.22	28.54	22.11	22.11	3.23	1.48	27.203558	28.816607	28.085005	0.556755
1.22	28.54	22.11	22.11	3.23	1.48	27.199113	28.813977	28.081458	0.556768
1.23	28.54	22.10	22.10	3.23	1.48	27.194668	28.811346	28.077910	0.556781
1.23	28.54	22.10	22.10	3.23	1.49	27.190224	28.808714	28.074363	0.556795
1.23	28.54	22.09	22.09	3.23	1.49	27.185780	28.806083	28.070816	0.556808
1.23	28.54	22.08	22.08	3.23	1.49	27.181336	28.803451	28.067268	0.556821
1.24	28.54	22.08	22.08	3.23	1.49	27.176893	28.800819	28.063721	0.556834
1.24	28.54	22.07	22.07	3.23	1.49	27.172449	28.798187	28.060174	0.556848
1.24	28.54	22.07	22.07	3.23	1.49	27.168007	28.795555	28.056626	0.556861
1.24	28.54	22.06	22.06	3.23	1.49	27.163564	28.792923	28.053079	0.556874
1.25	28.54	22.05	22.05	3.23	1.49	27.159122	28.790290	28.049532	0.556887
1.25	28.54	22.05	22.05	3.23	1.49	27.154679	28.787657	28.045985	0.556900
1.25	28.54	22.04	22.04	3.23	1.49	27.150238	28.785024	28.042437	0.556914
1.26	28.54	22.03	22.03	3.23	1.49	27.145796	28.782391	28.038890	0.556927
1.26	28.54	22.03	22.03	3.23	1.49	27.141355	28.779757	28.035343	0.556940
1.26	28.54	22.02	22.02	3.23	1.49	27.136914	28.777124	28.031796	0.556953
1.26	28.54	22.02	22.02	3.23	1.49	27.132473	28.774490	28.028249	0.556966
1.27	28.54	22.01	22.01	3.23	1.49	27.128033	28.771856	28.024702	0.556979
1.27	28.54	22.00	22.00	3.23	1.49	27.123593	28.769222	28.021155	0.556992
1.27	28.54	22.00	22.00	3.23	1.49	27.119153	28.766587	28.017608	0.557005
1.27	28.54	21.99	21.99	3.23	1.49	27.114714	28.763953	28.014061	0.557018
1.28	28.54	21.99	21.99	3.23	1.49	27.110275	28.761318	28.010514	0.557031
1.28	28.54	21.98	21.98	3.23	1.49	27.105836	28.758683	28.006967	0.557044
1.28	28.54	21.97	21.97	3.23	1.49	27.101397	28.756048	28.003420	0.557057
1.29	28.54	21.97	21.97	3.23	1.49	27.096959	28.753413	27.999873	0.557070
1.29	28.54	21.96	21.96	3.23	1.49	27.092521	28.750777	27.996327	0.557083
1.29	28.54	21.95	21.95	3.23	1.50	27.088084	28.748142	27.992780	0.557096
1.29	28.54	21.95	21.95	3.23	1.50	27.083646	28.745506	27.989233	0.557108
1.30	28.54	21.94	21.94	3.23	1.50	27.079209	28.742870	27.985687	0.557121
1.30	28.54	21.94	21.94	3.23	1.50	27.074773	28.740234	27.982140	0.557134
1.30	28.54	21.93	21.93	3.23	1.50	27.070336	28.737597	27.978593	0.557147
1.31	28.54	21.92	21.92	3.23	1.50	27.065900	28.734961	27.975047	0.557160
1.31	28.54	21.92	21.92	3.23	1.50	27.061465	28.732324	27.971501	0.557172
1.31	28.54	21.91	21.91	3.23	1.50	27.057029	28.729687	27.967954	0.557185
1.31	28.54	21.91	21.91	3.23	1.50	27.052594	28.727050	27.964408	0.557198
1.32	28.54	21.90	21.90	3.23	1.50	27.048159	28.724413	27.960861	0.557211
1.32	28.54	21.89	21.89	3.23	1.50	27.043725	28.721775	27.957315	0.557223
1.32	28.54	21.89	21.89	3.23	1.50	27.039291	28.719137	27.953769	0.557236
1.32	28.54	21.88	21.88	3.23	1.50	27.034857	28.716500	27.950223	0.557249
1.33	28.54	21.87	21.87	3.23	1.50	27.030423	28.713862	27.946677	0.557261
1.33	28.54	21.87	21.87	3.23	1.50	27.025990	28.711224	27.943131	0.557274
1.33	28.54	21.86	21.86	3.23	1.50	27.021557	28.708585	27.939585	0.557287
1.34	28.54	21.86	21.86	3.23	1.50	27.017125	28.705947	27.936039	0.557299
1.34	28.54	21.85	21.85	3.23	1.50	27.012693	28.703308	27.932493	0.557312
1.34	28.54	21.84	21.84	3.23	1.50	27.008261	28.700669	27.928947	0.557324
1.34	28.54	21.84	21.84	3.23	1.50	27.003829	28.698030	27.925402	0.557337
1.35	28.54	21.83	21.83	3.23	1.50	26.999398	28.695391	27.921856	0.557349
1.35	28.54	21.83	21.83	3.23	1.50	26.994967	28.692752	27.918310	0.557362
1.35	28.54	21.82	21.82	3.23	1.50	26.990537	28.690112	27.914765	0.557374
1.36	28.54	21.81	21.81	3.23	1.51	26.986107	28.687473	27.911219	0.557387
1.36	28.54	21.81	21.81	3.23	1.51	26.981677	28.684833	27.907674	0.557399
1.36	28.54	21.80	21.80	3.23	1.51	26.977247	28.682193	27.904129	0.557412
1.36	28.54	21.80	21.80	3.23	1.51	26.972818	28.679553	27.900583	0.557424
1.37	28.54	21.79	21.79	3.23	1.51	26.968389	28.676913	27.897038	0.557436
1.37	28.54	21.78	21.78	3.23	1.51	26.963961	28.674272	27.893493	0.557449
1.37	28.54	21.78	21.78	3.23	1.51	26.959533	28.671632	27.889948	0.557461
1.38	28.54	21.77	21.77	3.23	1.51	26.955105	28.668991	27.886403	0.557474
1.38	28.54	21.76	21.76	3.23	1.51	26.950677	28.666350	27.882858	0.557486
1.38	28.54	21.76	21.76	3.23	1.51	26.946250	28.663709	27.879314	0.557498
1.38	28.54	21.75	21.75	3.23	1.51	26.941824	28.661068	27.875769	0.557510
1.39	28.54	21.75	21.75	3.23	1.51	26.937397	28.658426	27.872224	0.557523
1.39	28.54	21.74	21.74	3.23	1.51	26.932971	28.655785	27.868680	0.557535
1.39	28.54	21.73	21.73	3.23	1.51	26.928545	28.653143	27.865135	0.557547
1.39	28.54	21.73	21.73	3.23	1.51	26.924120	28.650501	27.861591	0.557559
1.40	28.54	21.72	21.72	3.23	1.51	26.919695	28.647859	27.858046	0.557572
1.40	28.54	21.72	21.72	3.23	1.51	26.915271	28.645217	27.854502	0.557584
1.40	28.54	21.71	21.71	3.23	1.51	26.910846	28.642575	27.850958	0.557596
1.41	28.54	21.70	21.70	3.23	1.51	26.906422	28.639933	27.847414	0.557608
1.41	28.54	21.70	21.70	3.23	1.51	26.901999	28.637290	27.843870	0.557620
1.41	28.54	21.69	21.69	3.23	1.51	26.897576	28.634647	27.840326	0.557632
1.41	28.54	21.69	21.69	3.23	1.51	26.893153	28.632004	27.836782	0.557645
1.42	28.54	21.68	21.68	3.23	1.51	26.888731	28.629361	27.833239	0.557657
1.42	28.54	21.67	21.67	3.23	1.52	26.884308	28.626718	27.829695	0.557669
1.42	28.54	21.67	21.67	3.23	1.52	26.879887	28.624075	27.826151	0.557681
1.43	28.54	21.66	21.66	3.23	1.52	26.875465	28.621432	27.822608	0.557693
1.43	28.54	21.66	21.66	3.23	1.52	26.871045	28.618788	27.819065	0.557705
1.43	28.54	21.65	21.65	3.23	1.52	26.866624	28.616144	27.815521	0.557717
1.43	28.54	21.64	21.64	3.22	1.52	26.862204	28.613500	27.811978	0.557729
1.44	28.54	21.64	21.64	3.22	1.52	26.857784	28.610856	27.808435	0.557741
1.44	28.54	21.63	21.63	3.22	1.52	26.853364	28.608212	27.804892	0.557753
1.44	28.54	21.63	21.63	3.22	1.52	26.848945	28.605568	27.801350	0.557765
1.44	28.54	21.62	21.62	3.22	1.52	26.844527	28.602924	27.797807	0.557777
1.45	28.54	21.61	21.61	3.22	1.52	26.840108	28.600279	27.794264	0.557789
1.45	28.54	21.61	21.61	3.22	1.52	26.835691	28.597634	27.790722	0.557800
1.45	28.54	21.60	21.60	3.22	1.52	26.831273	28.594990	27.787179	0.557812
1.46	28.54	21.60	21.60	3.22	1.52	26.826856	28.592345	27.783637	0.557824
1.46	28.54	21.59	21.59	3.22	1.52	26.822439	28.589700	27.780095	0.557836
1.46	28.54	21.58	21.58	3.22	1.52	26.818023	28.587055	27.776553	0.557848
1.46	28.54	21.58	21.58	3.22	1.52	26.813607	28.584409	27.773011	0.557860
1.47	28.54	21.57	21.57	3.22	1.52	26.809191	28.581764	27.769469	0.557871
1.47	28.54	21.57	21.57	3.22	1.52	26.804776	28.579118	27.765927	0.557883
1.47	28.54	21.56	21.56	3.22	1.52	26.800361	28.576473	27.762385	0.557895
1.48	28.54	21.55	21.55	3.22	1.52	26.795947	28.573827	27.758844	0.557907
1.48	28.54	21.55	21.55	3.22	1.52	26.791533	28.571181	27.755302	0.557918
1.48	28.54	21.54	21.54	3.22	1.52	26.787119	28.568535	27.751761	0.557930
1.48	28.54	21.54	21.54	3.22	1.52	26.782706	28.565888	27.748220	0.557942
1.49	28.54	21.53	21.53	3.22	1.53	26.778293	28.563242	27.744679	0.557954
1.49	28.54	21.52	21.52	3.22	1.53	26.773881	28.560596	27.741138	0.557965
1.49	28.54	21.52	21.52	3.22	1.53	26.769468	28.557949	27.737597	0.557977
1.49	28.54	21.51	21.51	3.22	1.53	26.765057	28.555302	27.734056	0.557988
1.50	28.54	21.51	21.51	3.22	1.53	26.760646	28.552656	27.730516	0.558000
1.50	28.54	21.50	21.50	3.22	1.53	26.756235	28.550009	27.726975	0.558012
1.50	28.54	21.49	21.49	3.22	1.53	26.751824	28.547362	27.723435	0.558023
1.51	28.54	21.49	21.49	3.22	1.53	26.747414	28.544715	27.719895	0.558035
1.51	28.54	21.48	21.48	3.22	1.53	26.743005	28.542067	27.716354	0.558046
1.51	28.54	21.48	21.48	3.22	1.53	26.738596	28.539420	27.712815	0.558058
1.51	28.54	21.47	21.47	3.22	1.53	26.734187	28.536772	27.709275	0.558069
1.52	28.54	21.46	21.46	3.22	1.53	26.729779	28.534125	27.705735	0.558081
1.52	28.54	21.46	21.46	3.22	1.53	26.725371	28.531477	27.702195	0.558092
1.52	28.54	21.45	21.45	3.22	1.53	26.720963	28.528829	27.698656	0.558104
1.52	28.54	21.45	21.45	3.22	1.53	26.716556	28.526181	27.695117	0.558115
1.53	28.54	21.44	21.44	3.22	1.53	26.712149	28.523533	27.691577	0.558127
1.53	28.54	21.43	21.43	3.22	1.53	26.707743	28.520885	27.688038	0.558138
1.53	28.54	21.43	21.43	3.22	1.53	26.703337	28.518237	27.684500	0.558150
1.54	28.54	21.42	21.42	3.22	1.53	26.698932	28.515588	27.680961	0.558161
1.54	28.54	21.42	21.42	3.22	1.53	26.694527	28.512940	27.677422	0.558172
1.54	28.54	21.41	21.41	3.22	1.53	26.690122	28.510291	27.673884	0.558184
1.54	28.54	21.40	21.40	3.22	1.53	26.685718	28.507643	27.670345	0.558195
1.55	28.54	21.40	21.40	3.22	1.53	26.681315	28.504994	27.666807	0.558206
1.55	28.54	21.39	21.39	3.22	1.53	26.676911	28.502345	27.663269	0.558218
1.55	28.54	21.39	21.39	3.22	1.53	26.672508	28.499696	27.659731	0.558229
1.56	28.54	21.38	21.38	3.22	1.54	26.668106	28.497047	27.656193	0.558240
1.56	28.54	21.37	21.37	3.22	1.54	26.663704	28.494398	27.652656	0.558252
1.56	28.54	21.37	21.37	3.22	1.54	26.659302	28.491748	27.649118	0.558263
1.56	28.54	21.36	21.36	3.22	1.54	26.654901	28.489099	27.645581	0.558274
1.57	28.54	21.36	21.36	3.22	1.54	26.650501	28.486449	27.642044	0.558285
1.57	28.54	21.35	21.35	3.22	1.54	26.646100	28.483800	27.638507	0.558296
1.57	28.54	21.34	21.34	3.22	1.54	26.641701	28.481150	27.634970	0.558308
1.57	28.54	21.34	21.34	3.22	1.54	26.637301	28.478500	27.631433	0.558319
1.58	28.54	21.33	21.33	3.22	1.54	26.632902	28.475850	27.627897	0.558330
1.58	28.54	21.33	21.33	3.22	1.54	26.628504	28.473201	27.624360	0.558341
1.58	28.54	21.32	21.32	3.22	1.54	26.624106	28.470550	27.620824	0.558352
1.59	28.54	21.31	21.31	3.22	1.54	26.619708	28.467900	27.617288	0.558363
1.59	28.54	21.31	21.31	3.22	1.54	26.615311	28.465250	27.613752	0.558374
1.59	28.54	21.30	21.30	3.22	1.54	26.610915	28.462600	27.610216	0.558386
1.59	28.54	21.30	21.30	3.22	1.54	26.606518	28.459949	27.606681	0.558397
1.60	28.54	21.29	21.29	3.22	1.54	26.602123	28.457299	27.603145	0.558408
1.60	28.54	21.28	21.28	3.22	1.54	26.597727	28.454648	27.599610	0.558419
1.60	28.54	21.28	21.28	3.22	1.54	26.593333	28.451997	27.596075	0.558430
1.61	28.54	21.27	21.27	3.22	1.54	26.588938	28.449347	27.592540	0.558441
1.61	28.54	21.27	21.27	3.22	1.54	26.584544	28.446696	27.589005	0.558452
1.61	28.54	21.26	21.26	3.22	1.54	26.580151	28.444045	27.585470	0.558463
1.61	28.54	21.25	21.25	3.22	1.54	26.575758	28.441394	27.581936	0.558474
1.62	28.54	21.25	21.25	3.22	1.54	26.571365	28.438743	27.578402	0.558485
1.62	28.54	21.24	21.24	3.22	1.54	26.566973	28.436092	27.574867	0.558496
1.62	28.54	21.24	21.24	3.22	1.54	26.562581	28.433440	27.571333	0.558506
1.62	28.54	21.23	21.23	3.22	1.55	26.558190	28.430789	27.567800	0.558517
1.63	28.54	21.23	21.23	3.22	1.55	26.553800	28.428138	27.564266	0.558528
1.63	28.54	21.22	21.22	3.22	1.55	26.549409	28.425486	27.560733	0.558539
1.63	28.54	21.21	21.21	3.22	1.55	26.545020	28.422834	27.557199	0.558550
1.64	28.54	21.21	21.21	3.22	1.55	26.540630	28.420183	27.553666	0.558561
1.64	28.54	21.20	21.20	3.22	1.55	26.536242	28.417531	27.550133	0.558572
1.64	28.54	21.20	21.20	3.22	1.55	26.531853	28.414879	27.546601	0.558583
1.64	28.54	21.19	21.19	3.22	1.55	26.527465	28.412227	27.543068	0.558593
1.65	28.54	21.18	21.18	3.22	1.55	26.523078	28.409575	27.539536	0.558604
1.65	28.54	21.18	21.18	3.22	1.55	26.518691	28.406923	27.536004	0.558615
1.65	28.54	21.17	21.17	3.22	1.55	26.514305	28.404271	27.532472	0.558626
1.66	28.54	21.17	21.17	3.22	1.55	26.509919	28.401619	27.528940	0.558636
1.66	28.54	21.16	21.16	3.22	1.55	26.505533	28.398967	27.525408	0.558647
1.66	28.54	21.15	21.15	3.22	1.55	26.501148	28.396315	27.521877	0.558658
1.66	28.54	21.15	21.15	3.22	1.55	26.496764	28.393662	27.518346	0.558669
1.67	28.54	21.14	21.14	3.22	1.55	26.492380	28.391010	27.514815	0.558679
1.67	28.54	21.14	21.14	3.22	1.55	26.487996	28.388357	27.511284	0.558690
1.67	28.54	21.13	21.13	3.22	1.55	26.483613	28.385705	27.507753	0.558701
1.68	28.54	21.12	21.12	3.22	1.55	26.479231	28.383052	27.504222	0.558711
1.68	28.54	21.12	21.12	3.22	1.55	26.474849	28.380399	27.500692	0.558722
1.68	28.54	21.11	21.11	3.21	1.55	26.470467	28.377747	27.497162	0.558732
1.68	28.54	21.11	21.11	3.21	1.55	26.466086	28.375094	27.493632	0.558743
1.69	28.54	21.10	21.10	3.21	1.55	26.461705	28.372441	27.490103	0.558754
1.69	28.54	21.10	21.10	3.21	1.55	26.457325	28.369788	27.486573	0.558764
1.69	28.54	21.09	21.09	3.21	1.55	26.452946	28.367135	27.483044	0.558775
1.69	28.54	21.08	21.08	3.21	1.55	26.448567	28.364482	27.479515	0.558785
1.70	28.54	21.08	21.08	3.21	1.56	26.444188	28.361829	27.475986	0.558796
1.70	28.54	21.07	21.07	3.21	1.56	26.439810	28.359176	27.472457	0.558806
1.70	28.54	21.07	21.07	3.21	1.56	26.435432	28.356522	27.468928	0.558817
1.71	28.54	21.06	21.06	3.21	1.56	26.431055	28.353869	27.465400	0.558827
1.71	28.54	21.05	21.05	3.21	1.56	26.426679	28.351216	27.461872	0.558838
1.71	28.54	21.05	21.05	3.21	1.56	26.422303	28.348562	27.458344	0.558848
1.71	28.54	21.04	21.04	3.21	1.56	26.417927	28.345909	27.454817	0.558859
1.72	28.54	21.04	21.04	3.21	1.56	26.413552	28.343255	27.451289	0.558869
1.72	28.54	21.03	21.03	3.21	1.56	26.409177	28.340602	27.447762	0.558879
1.72	28.54	21.03	21.03	3.21	1.56	26.404803	28.337948	27.444235	0.558890
1.73	28.54	21.02	21.02	3.21	1.56	26.400430	28.335295	27.440708	0.558900
1.73	28.54	21.01	21.01	3.21	1.56	26.396057	28.332641	27.437181	0.558911
1.73	28.54	21.01	21.01	3.21	1.56	26.391684	28.329987	27.433655	0.558921
1.73	28.54	21.00	21.00	3.21	1.56	26.387312	28.327333	27.430129	0.558931
1.74	28.54	21.00	21.00	3.21	1.56	26.382941	28.324680	27.426603	0.558942
1.74	28.54	20.99	20.99	3.21	1.56	26.378570	28.322026	27.423077	0.558952
1.74	28.54	20.98	20.98	3.21	1.56	26.374200	28.319372	27.419551	0.558962
1.74	28.54	20.98	20.98	3.21	1.56	26.369830	28.316718	27.416026	0.558973
1.75	28.54	20.97	20.97	3.21	1.56	26.365460	28.314064	27.412501	0.558983
1.75	28.54	20.97	20.97	3.21	1.56	26.361092	28.311410	27.408976	0.558993
1.75	28.54	20.96	20.96	3.21	1.56	26.356723	28.308756	27.405451	0.559003
1.76	28.54	20.96	20.96	3.21	1.56	26.352355	28.306101	27.401927	0.559014
1.76	28.54	20.95	20.95	3.21	1.56	26.347988	28.303447	27.398403	0.559024
1.76	28.54	20.94	20.94	3.21	1.56	26.343621	28.300793	27.394879	0.559034
1.76	28.54	20.94	20.94	3.21	1.56	26.339255	28.298139	27.391355	0.559044
1.77	28.54	20.93	20.93	3.21	1.56	26.334890	28.295485	27.387832	0.559054
1.77	28.54	20.93	20.93	3.21	1.56	26.330524	28.292830	27.384308	0.559065
1.77	28.54	20.92	20.92	3.21	1.57	26.326160	28.290176	27.380785	0.559075
1.77	28.54	20.91	20.91	3.21	1.57	26.321796	28.287522	27.377262	0.559085
1.78	28.54	20.91	20.91	3.21	1.57	26.317432	28.284867	27.373740	0.559095
1.78	28.54	20.90	20.90	3.21	1.57	26.313069	28.282213	27.370217	0.559105
1.78	28.54	20.90	20.90	3.21	1.57	26.308707	28.279558	27.366695	0.559115
1.79	28.54	20.89	20.89	3.21	1.57	26.304345	28.276904	27.363173	0.559125
1.79	28.54	20.89	20.89	3.21	1.57	26.299984	28.274249	27.359652	0.559135
1.79	28.54	20.88	20.88	3.21	1.57	26.295623	28.271595	27.356130	0.559145
1.79	28.54	20.87	20.87	3.21	1.57	26.291263	28.268940	27.352609	0.559155
1.80	28.54	20.87	20.87	3.21	1.57	26.286903	28.266286	27.349088	0.559165
1.80	28.54	20.86	20.86	3.21	1.57	26.282544	28.263631	27.345567	0.559175
1.80	28.54	20.86	20.86	3.21	1.57	26.278185	28.260976	27.342047	0.559185
1.81	28.54	20.85	20.85	3.21	1.57	26.273827	28.258322	27.338527	0.559195
1.81	28.54	20.85	20.85	3.21	1.57	26.269470	28.255667	27.335007	0.559205
1.81	28.54	20.84	20.84	3.21	1.57	26.265113	28.253012	27.331487	0.559215
1.81	28.54	20.83	20.83	3.21	1.57	26.260756	28.250357	27.327968	0.559225
1.82	28.54	20.83	20.83	3.21	1.57	26.256400	28.247703	27.324448	0.559235
1.82	28.54	20.82	20.82	3.21	1.57	26.252045	28.245048	27.320929	0.559245
1.82	28.54	20.82	20.82	3.21	1.57	26.247690	28.242393	27.317411	0.559255
1.82	28.54	20.81	20.81	3.21	1.57	26.243336	28.239738	27.313892	0.559265
1.83	28.54	20.81	20.81	3.21	1.57	26.238983	28.237083	27.310374	0.559275
1.83	28.54	20.80	20.80	3.21	1.57	26.234629	28.234428	27.306856	0.559285
1.83	28.54	20.79	20.79	3.21	1.57	26.230277	28.231774	27.303338	0.559295
1.84	28.54	20.79	20.79	3.21	1.57	26.225925	28.229119	27.299821	0.559304
1.84	28.54	20.78	20.78	3.21	1.57	26.221574	28.226464	27.296304	0.559314
1.84	28.54	20.78	20.78	3.21	1.57	26.217223	28.223809	27.292787	0.559324
1.84	28.54	20.77	20.77	3.21	1.57	26.212873	28.221154	27.289270	0.559334
1.85	28.54	20.76	20.76	3.21	1.58	26.208523	28.218499	27.285753	0.559344
1.85	28.54	20.76	20.76	3.21	1.58	26.204174	28.215844	27.282237	0.559353
1.85	28.54	20.75	20.75	3.21	1.58	26.199826	28.213189	27.278721	0.559363
1.86	28.54	20.75	20.75	3.21	1.58	26.195478	28.210534	27.275206	0.559373
1.86	28.54	20.74	20.74	3.21	1.58	26.191130	28.207879	27.271690	0.559383
1.86	28.54	20.74	20.74	3.21	1.58	26.186784	28.205224	27.268175	0.559392
1.86	28.54	20.73	20.73	3.21	1.58	26.182437	28.202569	27.264660	0.559402
1.87	28.54	20.72	20.72	3.21	1.58	26.178092	28.199914	27.261146	0.559412
1.87	28.54	20.72	20.72	3.21	1.58	26.173747	28.197259	27.257631	0.559421
1.87	28.54	20.71	20.71	3.21	1.58	26.169402	28.194604	27.254117	0.559431
1.88	28.54	20.71	20.71	3.21	1.58	26.165058	28.191949	27.250604	0.559441
1.88	28.54	20.70	20.70	3.21	1.58	26.160715	28.189294	27.247090	0.559450
1.88	28.54	20.70	20.70	3.21	1.58	26.156372	28.186639	27.243577	0.559460
1.88	28.54	20.69	20.69	3.21	1.58	26.152030	28.183984	27.240064	0.559470
1.89	28.54	20.68	20.68	3.21	1.58	26.147689	28.181329	27.236551	0.559479
1.89	28.54	20.68	20.68	3.21	1.58	26.143348	28.178674	27.233039	0.559489
1.89	28.54	20.67	20.67	3.21	1.58	26.139008	28.176019	27.229527	0.559498
1.89	28.54	20.67	20.67	3.21	1.58	26.134668	28.173364	27.226015	0.559508
1.90	28.54	20.66	20.66	3.21	1.58	26.130329	28.170709	27.222503	0.559518
1.90	28.54	20.66	20.66	3.21	1.58	26.125990	28.168054	27.218992	0.559527
1.90	28.54	20.65	20.65	3.21	1.58	26.121652	28.165399	27.215481	0.559537
1.91	28.54	20.64	20.64	3.21	1.58	26.117315	28.162744	27.211970	0.559546
1.91	28.54	20.64	20.64	3.21	1.58	26.112978	28.160089	27.208460	0.559556
1.91	28.54	20.63	20.63	3.21	1.58	26.108642	28.157434	27.204949	0.559565
1.91	28.54	20.63	20.63	3.21	1.58	26.104306	28.154779	27.201440	0.559575
1.92	28.54	20.62	20.62	3.21	1.58	26.099972	28.152124	27.197930	0.559584
1.92	28.54	20.62	20.62	3.21	1.58	26.095637	28.149469	27.194421	0.559593
1.92	28.54	20.61	20.61	3.21	1.58	26.091303	28.146815	27.190912	0.559603
1.93	28.54	20.60	20.60	3.21	1.59	26.086970	28.144160	27.187403	0.559612
1.93	28.54	20.60	20.60	3.20	1.59	26.082638	28.141505	27.183895	0.559622
1.93	28.54	20.59	20.59	3.20	1.59	26.078306	28.138850	27.180386	0.559631
1.93	28.54	20.59	20.59	3.20	1.59	26.073975	28.136195	27.176879	0.559641
1.94	28.54	20.58	20.58	3.20	1.59	26.069644	28.133540	27.173371	0.559650
1.94	28.54	20.58	20.58	3.20	1.59	26.065314	28.130885	27.169864	0.559659
1.94	28.54	20.57	20.57	3.20	1.59	26.060984	28.128231	27.166357	0.559669
1.94	28.54	20.57	20.57	3.20	1.59	26.056656	28.125576	27.162850	0.559678
1.95	28.54	20.56	20.56	3.20	1.59	26.052327	28.122921	27.159344	0.559687
1.95	28.54	20.55	20.55	3.20	1.59	26.048000	28.120266	27.155838	0.559697
1.95	28.54	20.55	20.55	3.20	1.59	26.043673	28.117612	27.152332	0.559706
1.96	28.54	20.54	20.54	3.20	1.59	26.039346	28.114957	27.148826	0.559715
1.96	28.54	20.54	20.54	3.20	1.59	26.035021	28.112302	27.145321	0.559725
1.96	28.54	20.53	20.53	3.20	1.59	26.030696	28.109648	27.141816	0.559734
1.96	28.54	20.53	20.53	3.20	1.59	26.026371	28.106993	27.138312	0.559743
1.97	28.54	20.52	20.52	3.20	1.59	26.022047	28.104338	27.134808	0.559752
1.97	28.54	20.51	20.51	3.20	1.59	26.017724	28.101684	27.131304	0.559761
1.97	28.54	20.51	20.51	3.20	1.59	26.013401	28.099029	27.127800	0.559771
1.98	28.54	20.50	20.50	3.20	1.59	26.009079	28.096375	27.124297	0.559780
1.98	28.54	20.50	20.50	3.20	1.59	26.004758	28.093720	27.120794	0.559789
1.98	28.54	20.49	20.49	3.20	1.59	26.000437	28.091066	27.117291	0.559798
1.98	28.54	20.49	20.49	3.20	1.59	25.996117	28.088411	27.113789	0.559807
1.99	28.54	20.48	20.48	3.20	1.59	25.991798	28.085757	27.110286	0.559817
1.99	28.54	20.47	20.47	3.20	1.59	25.987479	28.083102	27.106785	0.559826
1.99	28.54	20.47	20.47	3.20	1.59	25.983161	28.080448	27.103283	0.559835
1.99	28.54	20.46	20.46	3.20	1.59	25.978843	28.077794	27.099782	0.559844
2.00	28.54	20.46	20.46	3.20	1.59	25.974527	28.075140	27.096281	0.559853
2.00	28.54	20.45	20.45	3.20	1.59	25.970210	28.072485	27.092781	0.559862
2.00	28.54	20.45	20.45	3.20	1.59	25.965895	28.069831	27.089281	0.559871
2.01	28.54	20.44	20.44	3.20	1.60	25.961580	28.067177	27.085781	0.559880
2.01	28.54	20.44	20.44	3.20	1.60	25.957266	28.064523	27.082281	0.559889
2.01	28.54	20.43	20.43	3.20	1.60	25.952952	28.061869	27.078782	0.559898
2.01	28.54	20.42	20.42	3.20	1.60	25.948639	28.059215	27.075283	0.559907
2.02	28.54	20.42	20.42	3.20	1.60	25.944327	28.056561	27.071785	0.559916
2.02	28.54	20.41	20.41	3.20	1.60	25.940015	28.053907	27.068286	0.559925
2.02	28.54	20.41	20.41	3.20	1.60	25.935704	28.051253	27.064788	0.559934
2.02	28.54	20.40	20.40	3.20	1.60	25.931393	28.048599	27.061291	0.559943
2.03	28.54	20.40	20.40	3.20	1.60	25.927084	28.045945	27.057794	0.559952
2.03	28.54	20.39	20.39	3.20	1.60	25.922775	28.043291	27.054297	0.559961
2.03	28.54	20.39	20.39	3.20	1.60	25.918466	28.040638	27.050800	0.559970
2.04	28.54	20.38	20.38	3.20	1.60	25.914158	28.037984	27.047304	0.559979
2.04	28.54	20.37	20.37	3.20	1.60	25.909851	28.035330	27.043808	0.559988
2.04	28.54	20.37	20.37	3.20	1.60	25.905545	28.032677	27.040312	0.559997
2.04	28.54	20.36	20.36	3.20	1.60	25.901239	28.030023	27.036817	0.560006
2.05	28.54	20.36	20.36	3.20	1.60	25.896934	28.027370	27.033322	0.560015
2.05	28.54	20.35	20.35	3.20	1.60	25.892630	28.024716	27.029828	0.560024
2.05	28.54	20.35	20.35	3.20	1.60	25.888326	28.022063	27.026333	0.560033
2.06	28.54	20.34	20.34	3.20	1.60	25.884023	28.019410	27.022840	0.560041
2.06	28.54	20.33	20.33	3.20	1.60	25.879720	28.016756	27.019346	0.560050
2.06	28.54	20.33	20.33	3.20	1.60	25.875419	28.014103	27.015853	0.560059
2.06	28.54	20.32	20.32	3.20	1.60	25.871117	28.011450	27.012360	0.560068
2.07	28.54	20.32	20.32	3.20	1.60	25.866817	28.008797	27.008868	0.560077
2.07	28.54	20.31	20.31	3.20	1.60	25.862517	28.006144	27.005375	0.560086
2.07	28.54	20.31	20.31	3.20	1.60	25.858218	28.003491	27.001884	0.560094
2.08	28.54	20.30	20.30	3.20	1.60	25.853920	28.000838	26.998392	0.560103
2.08	28.54	20.30	20.30	3.20	1.60	25.849622	27.998185	26.994901	0.560112
2.08	28.54	20.29	20.29	3.20	1.60	25.845325	27.995532	26.991410	0.560121
2.08	28.54	20.28	20.28	3.20	1.60	25.841029	27.992879	26.987920	0.560129
2.09	28.54	20.28	20.28	3.20	1.60	25.836733	27.990227	26.984430	0.560138
2.09	28.54	20.27	20.27	3.20	1.61	25.832438	27.987574	26.980940	0.560147
2.09	28.54	20.27	20.27	3.20	1.61	25.828144	27.984922	26.977451	0.560156
2.09	28.54	20.26	20.26	3.20	1.61	25.823850	27.982269	26.973962	0.560164
2.10	28.54	20.26	20.26	3.20	1.61	25.819557	27.979617	26.970473	0.560173
2.10	28.54	20.25	20.25	3.20	1.61	25.815265	27.976964	26.966985	0.560182
2.10	28.54	20.25	20.25	3.20	1.61	25.810974	27.974312	26.963497	0.560190
2.11	28.54	20.24	20.24	3.20	1.61	25.806683	27.971660	26.960009	0.560199
2.11	28.54	20.23	20.23	3.20	1.61	25.802393	27.969008	26.956522	0.560207
2.11	28.54	20.23	20.23	3.20	1.61	25.798103	27.966355	26.953035	0.560216
2.11	28.54	20.22	20.22	3.20	1.61	25.793814	27.963703	26.949549	0.560225
2.12	28.54	20.22	20.22	3.20	1.61	25.789526	27.961051	26.946063	0.560233
2.12	28.54	20.21	20.21	3.20	1.61	25.785239	27.958400	26.942577	0.560242
2.12	28.54	20.21	20.21	3.20	1.61	25.780952	27.955748	26.939091	0.560250
2.12	28.54	20.20	20.20	3.20	1.61	25.776666	27.953096	26.935606	0.560259
2.13	28.54	20.20	20.20	3.20	1.61	25.772381	27.950444	26.932122	0.560268
2.13	28.54	20.19	20.19	3.20	1.61	25.768096	27.947793	26.928637	0.560276
2.13	28.54	20.19	20.19	3.20	1.61	25.763813	27.945141	26.925154	0.560285
2.14	28.54	20.18	20.18	3.20	1.61	25.759529	27.942490	26.921670	0.560293
2.14	28.54	20.17	20.17	3.20	1.61	25.755247	27.939839	26.918187	0.560302
2.14	28.54	20.17	20.17	3.20	1.61	25.750965	27.937187	26.914704	0.560310
2.14	28.54	20.16	20.16	3.20	1.61	25.746684	27.934536	26.911222	0.560319
2.15	28.54	20.16	20.16	3.20	1.61	25.742404	27.931885	26.907740	0.560327
2.15	28.54	20.15	20.15	3.20	1.61	25.738124	27.929234	26.904258	0.560336
2.15	28.54	20.15	20.15	3.20	1.61	25.733845	27.926583	26.900777	0.560344
2.16	28.54	20.14	20.14	3.20	1.61	25.729567	27.923932	26.897296	0.560352
2.16	28.54	20.14	20.14	3.20	1.61	25.725290	27.921281	26.893815	0.560361
2.16	28.54	20.13	20.13	3.20	1.61	25.721013	27.918631	26.890335	0.560369
2.16	28.54	20.12	20.12	3.20	1.61	25.716737	27.915980	26.886855	0.560378
2.17	28.54	20.12	20.12	3.20	1.61	25.712462	27.913330	26.883376	0.560386
2.17	28.54	20.11	20.11	3.20	1.61	25.708187	27.910679	26.879897	0.560394
2.17	28.54	20.11	20.11	3.20	1.62	25.703913	27.908029	26.876418	0.560403
2.17	28.54	20.10	20.10	3.19	1.62	25.699640	27.905379	26.872940	0.560411
2.18	28.54	20.10	20.10	3.19	1.62	25.695368	27.902728	26.869462	0.560420
2.18	28.54	20.09	20.09	3.19	1.62	25.691096	27.900078	26.865985	0.560428
2.18	28.54	20.09	20.09	3.19	1.62	25.686825	27.897428	26.862508	0.560436
2.19	28.54	20.08	20.08	3.19	1.62	25.682555	27.894779	26.859031	0.560445
2.19	28.54	20.08	20.08	3.19	1.62	25.678285	27.892129	26.855555	0.560453
2.19	28.54	20.07	20.07	3.19	1.62	25.674017	27.889479	26.852079	0.560461
2.19	28.54	20.06	20.06	3.19	1.62	25.669749	27.886829	26.848604	0.560469
2.20	28.54	20.06	20.06	3.19	1.62	25.665481	27.884180	26.845128	0.560478
2.20	28.54	20.05	20.05	3.19	1.62	25.661215	27.881531	26.841654	0.560486
2.20	28.54	20.05	20.05	3.19	1.62	25.656949	27.878881	26.838179	0.560494
2.21	28.54	20.04	20.04	3.19	1.62	25.652684	27.876232	26.834706	0.560502
2.21	28.54	20.04	20.04	3.19	1.62	25.648420	27.873583	26.831232	0.560511
2.21	28.54	20.03	20.03	3.19	1.62	25.644156	27.870934	26.827759	0.560519
2.21	28.54	20.03	20.03	3.19	1.62	25.639893	27.868285	26.824286	0.560527
2.22	28.54	20.02	20.02	3.19	1.62	25.635631	27.865636	26.820814	0.560535
2.22	28.54	20.02	20.02	3.19	1.62	25.631370	27.862988	26.817342	0.560543
2.22	28.54	20.01	20.01	3.19	1.62	25.627109	27.860339	26.813871	0.560552
2.23	28.54	20.00	20.00	3.19	1.62	25.622849	27.857690	26.810400	0.560560
2.23	28.54	20.00	20.00	3.19	1.62	25.618590	27.855042	26.806929	0.560568
2.23	28.54	19.99	19.99	3.19	1.62	25.614332	27.852394	26.803459	0.560576
2.23	28.54	19.99	19.99	3.19	1.62	25.610074	27.849746	26.799989	0.560584
2.24	28.54	19.98	19.98	3.19	1.62	25.605817	27.847098	26.796519	0.560592
2.24	28.54	19.98	19.98	3.19	1.62	25.601561	27.844450	26.793050	0.560600
2.24	28.54	19.97	19.97	3.19	1.62	25.597306	27.841802	26.789582	0.560609
2.24	28.54	19.97	19.97	3.19	1.62	25.593051	27.839154	26.786114	0.560617
2.25	28.54	19.96	19.96	3.19	1.62	25.588797	27.836506	26.782646	0.560625
2.25	28.54	19.96	19.96	3.19	1.62	25.584544	27.833859	26.779178	0.560633
2.25	28.54	19.95	19.95	3.19	1.62	25.580292	27.831212	26.775711	0.560641
2.26	28.54	19.95	19.95	3.19	1.62	25.576040	27.828564	26.772245	0.560649
2.26	28.54	19.94	19.94	3.19	1.63	25.571790	27.825917	26.768779	0.560657
2.26	28.54	19.93	19.93	3.19	1.63	25.567539	27.823270	26.765313	0.560665
2.26	28.54	19.93	19.93	3.19	1.63	25.563290	27.820623	26.761848	0.560673
2.27	28.54	19.92	19.92	3.19	1.63	25.559042	27.817976	26.758383	0.560681
2.27	28.54	19.92	19.92	3.19	1.63	25.554794	27.815330	26.754919	0.560689
2.27	28.54	19.91	19.91	3.19	1.63	25.550547	27.812683	26.751455	0.560697
2.27	28.54	19.91	19.91	3.19	1.63	25.546301	27.810037	26.747991	0.560705
2.28	28.54	19.90	19.90	3.19	1.63	25.542055	27.807390	26.744528	0.560713
2.28	28.54	19.90	19.90	3.19	1.63	25.537811	27.804744	26.741065	0.560721
2.28	28.54	19.89	19.89	3.19	1.63	25.533567	27.802098	26.737603	0.560729
2.29	28.54	19.89	19.89	3.19	1.63	25.529324	27.799452	26.734141	0.560737
2.29	28.54	19.88	19.88	3.19	1.63	25.525081	27.796806	26.730680	0.560744
2.29	28.54	19.88	19.88	3.19	1.63	25.520840	27.794160	26.727219	0.560752
2.29	28.54	19.87	19.87	3.19	1.63	25.516599	27.791515	26.723758	0.560760
2.30	28.54	19.86	19.86	3.19	1.63	25.512359	27.788869	26.720298	0.560768
2.30	28.54	19.86	19.86	3.19	1.63	25.508120	27.786224	26.716838	0.560776
2.30	28.54	19.85	19.85	3.19	1.63	25.503882	27.783579	26.713379	0.560784
2.31	28.54	19.85	19.85	3.19	1.63	25.499644	27.780934	26.709920	0.560792
2.31	28.54	19.84	19.84	3.19	1.63	25.495407	27.778289	26.706462	0.560800
2.31	28.54	19.84	19.84	3.19	1.63	25.491171	27.775644	26.703004	0.560807
2.31	28.54	19.83	19.83	3.19	1.63	25.486936	27.772999	26.699546	0.560815
2.32	28.54	19.83	19.83	3.19	1.63	25.482701	27.770355	26.696089	0.560823
2.32	28.54	19.82	19.82	3.19	1.63	25.478468	27.767710	26.692633	0.560831
2.32	28.54	19.82	19.82	3.19	1.63	25.474235	27.765066	26.689176	0.560839
2.33	28.54	19.81	19.81	3.19	1.63	25.470003	27.762422	26.685721	0.560846
2.33	28.54	19.81	19.81	3.19	1.63	25.465771	27.759778	26.682265	0.560854
2.33	28.54	19.80	19.80	3.19	1.63	25.461541	27.757134	26.678810	0.560862
2.33	28.54	19.79	19.79	3.19	1.63	25.457311	27.754490	26.675356	0.560870
2.34	28.54	19.79	19.79	3.19	1.63	25.453082	27.751847	26.671902	0.560877
2.34	28.54	19.78	19.78	3.19	1.63	25.448854	27.749203	26.668449	0.560885
2.34	28.54	19.78	19.78	3.19	1.63	25.444627	27.746560	26.664996	0.560893
2.34	28.54	19.77	19.77	3.19	1.63	25.440400	27.743917	26.661543	0.560901
2.35	28.54	19.77	19.77	3.19	1.63	25.436174	27.741274	26.658091	0.560908
2.35	28.54	19.76	19.76	3.19	1.64	25.431949	27.738631	26.654639	0.560916
2.35	28.54	19.76	19.76	3.19	1.64	25.427725	27.735988	26.651188	0.560924
2.36	28.54	19.75	19.75	3.19	1.64	25.423502	27.733345	26.647737	0.560931
2.36	28.54	19.75	19.75	3.19	1.64	25.419280	27.730703	26.644287	0.560939
2.36	28.54	19.74	19.74	3.19	1.64	25.415058	27.728061	26.640837	0.560947
2.36	28.54	19.74	19.74	3.19	1.64	25.410837	27.725418	26.637388	0.560954
2.37	28.54	19.73	19.73	3.19	1.64	25.406617	27.722776	26.633939	0.560962
2.37	28.54	19.73	19.73	3.19	1.64	25.402398	27.720135	26.630490	0.560969
2.37	28.54	19.72	19.72	3.19	1.64	25.398179	27.717493	26.627042	0.560977
2.38	28.54	19.72	19.72	3.19	1.64	25.393962	27.714851	26.623595	0.560985
2.38	28.54	19.71	19.71	3.19	1.64	25.389745	27.712210	26.620147	0.560992
2.38	28.54	19.70	19.70	3.19	1.64	25.385529	27.709569	26.616701	0.561000
2.38	28.54	19.70	19.70	3.19	1.64	25.381314	27.706928	26.613255	0.561007
2.39	28.54	19.69	19.69	3.19	1.64	25.377100	27.704287	26.609809	0.561015
2.39	28.54	19.69	19.69	3.19	1.64	25.372886	27.701646	26.606364	0.561022
2.39	28.54	19.68	19.68	3.19	1.64	25.368673	27.699005	26.602919	0.561030
2.39	28.54	19.68	19.68	3.19	1.64	25.364462	27.696365	26.599475	0.561037
2.40	28.54	19.67	19.67	3.19	1.64	25.360251	27.693724	26.596031	0.561045
2.40	28.54	19.67	19.67	3.19	1.64	25.356040	27.691084	26.592588	0.561052
2.40	28.54	19.66	19.66	3.19	1.64	25.351831	27.688444	26.589145	0.561060
2.41	28.54	19.66	19.66	3.19	1.64	25.347622	27.685804	26.585702	0.561067
2.41	28.54	19.65	19.65	3.19	1.64	25.343415	27.683165	26.582261	0.561075
2.41	28.54	19.65	19.65	3.19	1.64	25.339208	27.680525	26.578819	0.561082
2.41	28.54	19.64	19.64	3.19	1.64	25.335002	27.677886	26.575378	0.561090
2.42	28.54	19.64	19.64	3.19	1.64	25.330797	27.675246	26.571938	0.561097
2.42	28.54	19.63	19.63	3.19	1.64	25.326592	27.672607	26.568498	0.561105
2.42	28.54	19.63	19.63	3.19	1.64	25.322389	27.669969	26.565058	0.561112
2.42	28.54	19.62	19.62	3.19	1.64	25.318186	27.667330	26.561619	0.561119
2.43	28.54	19.61	19.61	3.18	1.64	25.313984	27.664691	26.558181	0.561127
2.43	28.54	19.61	19.61	3.18	1.64	25.309783	27.662053	26.554743	0.561134
2.43	28.54	19.60	19.60	3.18	1.64	25.305583	27.659415	26.551305	0.561142
2.44	28.54	19.60	19.60	3.18	1.64	25.301384	27.656777	26.547868	0.561149
2.44	28.54	19.59	19.59	3.18	1.64	25.297185	27.654139	26.544431	0.561156
2.44	28.54	19.59	19.59	3.18	1.65	25.292988	27.651501	26.540995	0.561164
2.44	28.54	19.58	19.58	3.18	1.65	25.288791	27.648864	26.537560	0.561171
2.45	28.54	19.58	19.58	3.18	1.65	25.284595	27.646226	26.534125	0.561178
2.45	28.54	19.57	19.57	3.18	1.65	25.280400	27.643589	26.530690	0.561186
2.45	28.54	19.57	19.57	3.18	1.65	25.276206	27.640952	26.527256	0.561193
2.46	28.54	19.56	19.56	3.18	1.65	25.272012	27.638315	26.523822	0.561200
2.46	28.54	19.56	19.56	3.18	1.65	25.267820	27.635678	26.520389	0.561208
2.46	28.54	19.55	19.55	3.18	1.65	25.263628	27.633042	26.516956	0.561215
2.46	28.54	19.55	19.55	3.18	1.65	25.259437	27.630406	26.513524	0.561222
2.47	28.54	19.54	19.54	3.18	1.65	25.255247	27.627770	26.510093	0.561229
2.47	28.54	19.54	19.54	3.18	1.65	25.251058	27.625134	26.506661	0.561237
2.47	28.54	19.53	19.53	3.18	1.65	25.246870	27.622498	26.503231	0.561244
2.48	28.54	19.53	19.53	3.18	1.65	25.242683	27.619862	26.499801	0.561251
2.48	28.54	19.52	19.52	3.18	1.65	25.238496	27.617227	26.496371	0.561258
2.48	28.54	19.52	19.52	3.18	1.65	25.234311	27.614592	26.492942	0.561266
2.48	28.54	19.51	19.51	3.18	1.65	25.230126	27.611957	26.489513	0.561273
2.49	28.54	19.51	19.51	3.18	1.65	25.225942	27.609322	26.486085	0.561280
2.49	28.54	19.50	19.50	3.18	1.65	25.221759	27.606687	26.482657	0.561287
2.49	28.54	19.49	19.49	3.18	1.65	25.217577	27.604053	26.479230	0.561294
2.49	28.54	19.49	19.49	3.18	1.65	25.213396	27.601418	26.475804	0.561302
2.50	28.54	19.48	19.48	3.18	1.65	25.209215	27.598784	26.472378	0.561309
2.50	28.54	19.48	19.48	3.18	1.65	25.205036	27.596150	26.468952	0.561316
2.50	28.54	19.47	19.47	3.18	1.65	25.200857	27.593517	26.465527	0.561323
2.51	28.54	19.47	19.47	3.18	1.65	25.196679	27.590883	26.462102	0.561330
2.51	28.54	19.46	19.46	3.18	1.65	25.192502	27.588250	26.458678	0.561337
2.51	28.54	19.46	19.46	3.18	1.65	25.188326	27.585616	26.455255	0.561344
2.51	28.54	19.45	19.45	3.18	1.65	25.184151	27.582984	26.451832	0.561351
2.52	28.54	19.45	19.45	3.18	1.65	25.179977	27.580351	26.448409	0.561358
2.52	28.54	19.44	19.44	3.18	1.65	25.175804	27.577718	26.444987	0.561366
2.52	28.54	19.44	19.44	3.18	1.65	25.171631	27.575086	26.441566	0.561373
2.52	28.54	19.43	19.43	3.18	1.65	25.167459	27.572454	26.438145	0.561380
2.53	28.54	19.43	19.43	3.18	1.65	25.163289	27.569822	26.434725	0.561387
2.53	28.54	19.42	19.42	3.18	1.65	25.159119	27.567190	26.431305	0.561394
2.53	28.54	19.42	19.42	3.18	1.65	25.154950	27.564558	26.427885	0.561401
2.54	28.54	19.41	19.41	3.18	1.66	25.150782	27.561927	26.424467	0.561408
2.54	28.54	19.41	19.41	3.18	1.66	25.146615	27.559296	26.421048	0.561415
2.54	28.54	19.40	19.40	3.18	1.66	25.142448	27.556665	26.417630	0.561422
2.54	28.54	19.40	19.40	3.18	1.66	25.138283	27.554034	26.414213	0.561429
2.55	28.54	19.39	19.39	3.18	1.66	25.134119	27.551403	26.410796	0.561436
2.55	28.54	19.39	19.39	3.18	1.66	25.129955	27.548773	26.407380	0.561443
2.55	28.54	19.38	19.38	3.18	1.66	25.125792	27.546143	26.403965	0.561450
2.56	28.54	19.38	19.38	3.18	1.66	25.121630	27.543513	26.400550	0.561457
2.56	28.54	19.37	19.37	3.18	1.66	25.117470	27.540883	26.397135	0.561464
2.56	28.54	19.37	19.37	3.18	1.66	25.113310	27.538253	26.393721	0.561471
2.56	28.54	19.36	19.36	3.18	1.66	25.109151	27.535624	26.390307	0.561477
2.57	28.54	19.36	19.36	3.18	1.66	25.104992	27.532995	26.386894	0.561484
2.57	28.54	19.35	19.35	3.18	1.66	25.100835	27.530366	26.383482	0.561491
2.57	28.54	19.35	19.35	3.18	1.66	25.096679	27.527737	26.380070	0.561498
2.58	28.54	19.34	19.34	3.18	1.66	25.092523	27.525109	26.376659	0.561505
2.58	28.54	19.34	19.34	3.18	1.66	25.088369	27.522480	26.373248	0.561512
2.58	28.54	19.33	19.33	3.18	1.66	25.084215	27.519852	26.369837	0.561519
2.58	28.54	19.32	19.32	3.18	1.66	25.080062	27.517224	26.366428	0.561526
2.59	28.54	19.32	19.32	3.18	1.66	25.075910	27.514597	26.363019	0.561533
2.59	28.54	19.31	19.31	3.18	1.66	25.071760	27.511969	26.359610	0.561539
2.59	28.54	19.31	19.31	3.18	1.66	25.067610	27.509342	26.356202	0.561546
2.59	28.54	19.30	19.30	3.18	1.66	25.063461	27.506715	26.352794	0.561553
2.60	28.54	19.30	19.30	3.18	1.66	25.059312	27.504088	26.349387	0.561560
2.60	28.54	19.29	19.29	3.18	1.66	25.055165	27.501462	26.345981	0.561567
2.60	28.54	19.29	19.29	3.18	1.66	25.051019	27.498835	26.342575	0.561573
2.61	28.54	19.28	19.28	3.18	1.66	25.046873	27.496209	26.339169	0.561580
2.61	28.54	19.28	19.28	3.18	1.66	25.042729	27.493583	26.335765	0.561587
2.61	28.54	19.27	19.27	3.18	1.66	25.038585	27.490958	26.332360	0.561594
2.61	28.54	19.27	19.27	3.18	1.66	25.034443	27.488332	26.328957	0.561601
2.62	28.54	19.26	19.26	3.18	1.66	25.030301	27.485707	26.325554	0.561607
2.62	28.54	19.26	19.26	3.18	1.66	25.026160	27.483082	26.322151	0.561614
2.62	28.54	19.25	19.25	3.18	1.66	25.022021	27.480457	26.318749	0.561621
2.62	28.54	19.25	19.25	3.18	1.66	25.017882	27.477833	26.315347	0.561627
2.63	28.54	19.24	19.24	3.18	1.66	25.013744	27.475208	26.311947	0.561634
2.63	28.54	19.24	19.24	3.18	1.66	25.009607	27.472584	26.308546	0.561641
2.63	28.54	19.23	19.23	3.18	1.66	25.005470	27.469960	26.305146	0.561648
2.64	28.54	19.23	19.23	3.18	1.67	25.001335	27.467336	26.301747	0.561654
2.64	28.54	19.22	19.22	3.18	1.67	24.997201	27.464713	26.298349	0.561661
2.64	28.54	19.22	19.22	3.18	1.67	24.993068	27.462090	26.294950	0.561668
2.64	28.54	19.21	19.21	3.18	1.67	24.988935	27.459467	26.291553	0.561674
2.65	28.54	19.21	19.21	3.18	1.67	24.984804	27.456844	26.288156	0.561681
2.65	28.54	19.20	19.20	3.18	1.67	24.980674	27.454222	26.284760	0.561688
2.65	28.54	19.20	19.20	3.18	1.67	24.976544	27.451599	26.281364	0.561694
2.66	28.54	19.19	19.19	3.18	1.67	24.972415	27.448977	26.277968	0.561701
2.66	28.54	19.19	19.19	3.18	1.67	24.968288	27.446356	26.274574	0.561707
2.66	28.54	19.18	19.18	3.18	1.67	24.964161	27.443734	26.271180	0.561714
2.66	28.54	19.18	19.18	3.18	1.67	24.960035	27.441113	26.267786	0.561721
2.67	28.54	19.17	19.17	3.18	1.67	24.955911	27.438492	26.264393	0.561727
2.67	28.54	19.17	19.17	3.18	1.67	24.951787	27.435871	26.261001	0.561734
2.67	28.54	19.16	19.16	3.18	1.67	24.947664	27.433250	26.257609	0.561740
2.67	28.54	19.16	19.16	3.18	1.67	24.943542	27.430630	26.254218	0.561747
2.68	28.54	19.15	19.15	3.18	1.67	24.939421	27.428010	26.250827	0.561753
2.68	28.54	19.15	19.15	3.18	1.67	24.935301	27.425390	26.247437	0.561760
2.68	28.54	19.14	19.14	3.18	1.67	24.931182	27.422770	26.244048	0.561766
2.69	28.54	19.14	19.14	3.17	1.67	24.927064	27.420151	26.240659	0.561773
2.69	28.54	19.13	19.13	3.17	1.67	24.922947	27.417532	26.237270	0.561780
2.69	28.54	19.13	19.13	3.17	1.67	24.918830	27.414913	26.233883	0.561786
2.69	28.54	19.12	19.12	3.17	1.67	24.914715	27.412294	26.230495	0.561793
2.70	28.54	19.12	19.12	3.17	1.67	24.910601	27.409676	26.227109	0.561799
2.70	28.54	19.11	19.11	3.17	1.67	24.906488	27.407058	26.223723	0.561805
2.70	28.54	19.11	19.11	3.17	1.67	24.902375	27.404440	26.220337	0.561812
2.71	28.54	19.10	19.10	3.17	1.67	24.898264	27.401822	26.216953	0.561818
2.71	28.54	19.10	19.10	3.17	1.67	24.894153	27.399205	26.213568	0.561825
2.71	28.54	19.09	19.09	3.17	1.67	24.890044	27.396587	26.210185	0.561831
2.71	28.54	19.09	19.09	3.17	1.67	24.885936	27.393971	26.206802	0.561838
2.72	28.54	19.08	19.08	3.17	1.67	24.881828	27.391354	26.203419	0.561844
2.72	28.54	19.08	19.08	3.17	1.67	24.877722	27.388738	26.200037	0.561851
2.72	28.54	19.07	19.07	3.17	1.67	24.873616	27.386121	26.196656	0.561857
2.73	28.54	19.07	19.07	3.17	1.67	24.869511	27.383506	26.193276	0.561863
2.73	28.54	19.06	19.06	3.17	1.67	24.865408	27.380890	26.189896	0.561870
2.73	28.54	19.06	19.06	3.17	1.67	24.861305	27.378275	26.186516	0.561876
2.73	28.54	19.05	19.05	3.17	1.67	24.857204	27.375659	26.183137	0.561882
2.74	28.54	19.05	19.05	3.17	1.68	24.853103	27.373045	26.179759	0.561889
2.74	28.54	19.04	19.04	3.17	1.68	24.849003	27.370430	26.176381	0.561895
2.74	28.54	19.04	19.04	3.17	1.68	24.844905	27.367816	26.173004	0.561902
2.74	28.54	19.03	19.03	3.17	1.68	24.840807	27.365202	26.169628	0.561908
2.75	28.54	19.03	19.03	3.17	1.68	24.836710	27.362588	26.166252	0.561914
2.75	28.54	19.02	19.02	3.17	1.68	24.832614	27.359974	26.162877	0.561921
2.75	28.54	19.02	19.02	3.17	1.68	24.828520	27.357361	26.159502	0.561927
2.76	28.54	19.01	19.01	3.17	1.68	24.824426	27.354748	26.156128	0.561933
2.76	28.54	19.01	19.01	3.17	1.68	24.820333	27.352135	26.152755	0.561939
2.76	28.54	19.00	19.00	3.17	1.68	24.816241	27.349523	26.149382	0.561946
2.76	28.54	19.00	19.00	3.17	1.68	24.812151	27.346911	26.146010	0.561952
2.77	28.54	18.99	18.99	3.17	1.68	24.808061	27.344299	26.142638	0.561958
2.77	28.54	18.99	18.99	3.17	1.68	24.803972	27.341687	26.139267	0.561964
2.77	28.54	18.98	18.98	3.17	1.68	24.799884	27.339076	26.135897	0.561971
2.77	28.54	18.98	18.98	3.17	1.68	24.795797	27.336465	26.132527	0.561977
2.78	28.54	18.97	18.97	3.17	1.68	24.791712	27.333854	26.129158	0.561983
2.78	28.54	18.97	18.97	3.17	1.68	24.787627	27.331243	26.125789	0.561989
2.78	28.54	18.96	18.96	3.17	1.68	24.783543	27.328633	26.122422	0.561996
2.79	28.54	18.96	18.96	3.17	1.68	24.779460	27.326023	26.119054	0.562002
2.79	28.54	18.95	18.95	3.17	1.68	24.775378	27.323413	26.115688	0.562008
2.79	28.54	18.95	18.95	3.17	1.68	24.771298	27.320804	26.112322	0.562014
2.79	28.54	18.94	18.94	3.17	1.68	24.767218	27.318194	26.108956	0.562020
2.80	28.54	18.94	18.94	3.17	1.68	24.763139	27.315585	26.105591	0.562027
2.80	28.54	18.93	18.93	3.17	1.68	24.759061	27.312977	26.102227	0.562033
2.80	28.54	18.93	18.93	3.17	1.68	24.754985	27.310368	26.098864	0.562039
2.81	28.54	18.93	18.93	3.17	1.68	24.750909	27.307760	26.095501	0.562045
2.81	28.54	18.92	18.92	3.17	1.68	24.746834	27.305153	26.092139	0.562051
2.81	28.54	18.92	18.92	3.17	1.68	24.742760	27.302545	26.088777	0.562057
2.81	28.54	18.91	18.91	3.17	1.68	24.738688	27.299938	26.085416	0.562063
2.82	28.54	18.91	18.91	3.17	1.68	24.734616	27.297331	26.082056	0.562070
2.82	28.54	18.90	18.90	3.17	1.68	24.730545	27.294724	26.078696	0.562076
2.82	28.54	18.90	18.90	3.17	1.68	24.726476	27.292118	26.075337	0.562082
2.83	28.54	18.89	18.89	3.17	1.68	24.722407	27.289512	26.071978	0.562088
2.83	28.54	18.89	18.89	3.17	1.68	24.718340	27.286906	26.068620	0.562094
2.83	28.54	18.88	18.88	3.17	1.68	24.714273	27.284300	26.065263	0.562100
2.83	28.54	18.88	18.88	3.17	1.68	24.710207	27.281695	26.061907	0.562106
2.84	28.54	18.87	18.87	3.17	1.68	24.706143	27.279090	26.058551	0.562112
2.84	28.54	18.87	18.87	3.17	1.68	24.702079	27.276485	26.055195	0.562118
2.84	28.54	18.86	18.86	3.17	1.69	24.698017	27.273881	26.051841	0.562124
2.84	28.54	18.86	18.86	3.17	1.69	24.693955	27.271277	26.048487	0.562130
2.85	28.54	18.85	18.85	3.17	1.69	24.689895	27.268673	26.045133	0.562136
2.85	28.54	18.85	18.85	3.17	1.69	24.685836	27.266070	26.041780	0.562142
2.85	28.54	18.84	18.84	3.17	1.69	24.681777	27.263467	26.038428	0.562148
2.86	28.54	18.84	18.84	3.17	1.69	24.677720	27.260864	26.035077	0.562154
2.86	28.54	18.83	18.83	3.17	1.69	24.673664	27.258261	26.031726	0.562160
2.86	28.54	18.83	18.83	3.17	1.69	24.669608	27.255659	26.028376	0.562166
2.86	28.54	18.82	18.82	3.17	1.69	24.665554	27.253057	26.025027	0.562172
2.87	28.54	18.82	18.82	3.17	1.69	24.661501	27.250455	26.021678	0.562178
2.87	28.54	18.81	18.81	3.17	1.69	24.657449	27.247854	26.018329	0.562184
2.87	28.54	18.81	18.81	3.17	1.69	24.653398	27.245252	26.014982	0.562190
2.88	28.54	18.80	18.80	3.17	1.69	24.649348	27.242652	26.011635	0.562196
2.88	28.54	18.80	18.80	3.17	1.69	24.645299	27.240051	26.008289	0.562202
2.88	28.54	18.79	18.79	3.17	1.69	24.641251	27.237451	26.004943	0.562208
2.88	28.54	18.79	18.79	3.17	1.69	24.637204	27.234851	26.001598	0.562214
2.89	28.54	18.78	18.78	3.17	1.69	24.633158	27.232251	25.998254	0.562220
2.89	28.54	18.78	18.78	3.17	1.69	24.629113	27.229652	25.994910	0.562225
2.89	28.54	18.77	18.77	3.17	1.69	24.625069	27.227053	25.991567	0.562231
2.89	28.54	18.77	18.77	3.17	1.69	24.621027	27.224454	25.988225	0.562237
2.90	28.54	18.77	18.77	3.17	1.69	24.616985	27.221856	25.984883	0.562243
2.90	28.54	18.76	18.76	3.17	1.69	24.612945	27.219258	25.981543	0.562249
2.90	28.54	18.76	18.76	3.17	1.69	24.608905	27.216660	25.978202	0.562255
2.91	28.54	18.75	18.75	3.17	1.69	24.604866	27.214063	25.974863	0.562261
2.91	28.54	18.75	18.75	3.17	1.69	24.600829	27.211466	25.971524	0.562266
2.91	28.54	18.74	18.74	3.17	1.69	24.596793	27.208869	25.968185	0.562272
2.91	28.54	18.74	18.74	3.17	1.69	24.592757	27.206272	25.964848	0.562278
2.92	28.54	18.73	18.73	3.17	1.69	24.588723	27.203676	25.961511	0.562284
2.92	28.54	18.73	18.73	3.17	1.69	24.584690	27.201080	25.958174	0.562290
2.92	28.54	18.72	18.72	3.17	1.69	24.580658	27.198485	25.954839	0.562295
2.92	28.54	18.72	18.72	3.17	1.69	24.576627	27.195889	25.951504	0.562301
2.93	28.54	18.71	18.71	3.17	1.69	24.572597	27.193295	25.948169	0.562307
2.93	28.54	18.71	18.71	3.17	1.69	24.568568	27.190700	25.944836	0.562313
2.93	28.54	18.70	18.70	3.17	1.69	24.564540	27.188106	25.941503	0.562319
2.94	28.54	18.70	18.70	3.17	1.69	24.560513	27.185512	25.938171	0.562324
2.94	28.54	18.69	18.69	3.17	1.69	24.556487	27.182918	25.934839	0.562330
2.94	28.54	18.69	18.69	3.17	1.69	24.552463	27.180325	25.931508	0.562336
2.94	28.54	18.68	18.68	3.17	1.69	24.548439	27.177732	25.928178	0.562342
2.95	28.54	18.68	18.68	3.16	1.69	24.544417	27.175139	25.924848	0.562347
2.95	28.54	18.67	18.67	3.16	1.70	24.540395	27.172547	25.921519	0.562353
2.95	28.54	18.67	18.67	3.16	1.70	24.536375	27.169954	25.918191	0.562359
2.96	28.54	18.66	18.66	3.16	1.70	24.532355	27.167363	25.914864	0.562364
2.96	28.54	18.66	18.66	3.16	1.70	24.528337	27.164771	25.911537	0.562370
2.96	28.54	18.66	18.66	3.16	1.70	24.524320	27.162180	25.908211	0.562376
2.96	28.54	18.65	18.65	3.16	1.70	24.520304	27.159590	25.904885	0.562381
2.97	28.54	18.65	18.65	3.16	1.70	24.516289	27.156999	25.901560	0.562387
2.97	28.54	18.64	18.64	3.16	1.70	24.512275	27.154409	25.898236	0.562393
2.97	28.54	18.64	18.64	3.16	1.70	24.508262	27.151819	25.894913	0.562398
2.98	28.54	18.63	18.63	3.16	1.70	24.504251	27.149230	25.891590	0.562404
2.98	28.54	18.63	18.63	3.16	1.70	24.500240	27.146641	25.888268	0.562410
2.98	28.54	18.62	18.62	3.16	1.70	24.496231	27.144052	25.884947	0.562415
2.98	28.54	18.62	18.62	3.16	1.70	24.492222	27.141464	25.881626	0.562421
2.99	28.54	18.61	18.61	3.16	1.70	24.488215	27.138875	25.878306	0.562426
2.99	28.54	18.61	18.61	3.16	1.70	24.484209	27.136288	25.874987	0.562432
2.99	28.54	18.60	18.60	3.16	1.70	24.480203	27.133700	25.871668	0.562438
2.99	28.54	18.60	18.60	3.16	1.70	24.476199	27.131113	25.868351	0.562443
3.00	28.54	18.59	18.59	3.16	1.70	24.472196	27.128526	25.865033	0.562449
3.00	28.54	18.59	18.59	3.16	1.70	24.468194	27.125940	25.861717	0.562454
3.00	28.54	18.58	18.58	3.16	1.70	24.464194	27.123354	25.858401	0.562460
3.01	28.54	18.58	18.58	3.16	1.70	24.460194	27.120768	25.855086	0.562465
3.01	28.54	18.58	18.58	3.16	1.70	24.456195	27.118183	25.851772	0.562471
3.01	28.54	18.57	18.57	3.16	1.70	24.452198	27.115598	25.848458	0.562477
3.01	28.54	18.57	18.57	3.16	1.70	24.448202	27.113013	25.845145	0.562482
3.02	28.54	18.56	18.56	3.16	1.70	24.444206	27.110429	25.841833	0.562488
3.02	28.54	18.56	18.56	3.16	1.70	24.440212	27.107845	25.838521	0.562493
3.02	28.54	18.55	18.55	3.16	1.70	24.436219	27.105261	25.835211	0.562499
3.02	28.54	18.55	18.55	3.16	1.70	24.432227	27.102678	25.831900	0.562504
3.03	28.54	18.54	18.54	3.16	1.70	24.428236	27.100095	25.828591	0.562510
3.03	28.54	18.54	18.54	3.16	1.70	24.424247	27.097512	25.825282	0.562515
3.03	28.54	18.53	18.53	3.16	1.70	24.420258	27.094930	25.821974	0.562521
3.04	28.54	18.53	18.53	3.16	1.70	24.416271	27.092348	25.818667	0.562526
3.04	28.54	18.52	18.52	3.16	1.70	24.412284	27.089766	25.815360	0.562531
3.04	28.54	18.52	18.52	3.16	1.70	24.408299	27.087185	25.812055	0.562537
3.04	28.54	18.51	18.51	3.16	1.70	24.404315	27.084604	25.808749	0.562542
3.05	28.54	18.51	18.51	3.16	1.70	24.400332	27.082023	25.805445	0.562548
3.05	28.54	18.51	18.51	3.16	1.70	24.396350	27.079443	25.802141	0.562553
3.05	28.54	18.50	18.50	3.16	1.70	24.392369	27.076863	25.798838	0.562559
3.06	28.54	18.50	18.50	3.16	1.70	24.388389	27.074284	25.795536	0.562564
3.06	28.54	18.49	18.49	3.16	1.70	24.384411	27.071705	25.792234	0.562569
3.06	28.54	18.49	18.49	3.16	1.70	24.380433	27.069126	25.788934	0.562575
3.06	28.54	18.48	18.48	3.16	1.71	24.376457	27.066547	25.785634	0.562580
3.07	28.54	18.48	18.48	3.16	1.71	24.372482	27.063969	25.782334	0.562586
3.07	28.54	18.47	18.47	3.16	1.71	24.368508	27.061392	25.779036	0.562591
3.07	28.54	18.47	18.47	3.16	1.71	24.364535	27.058814	25.775738	0.562596
3.08	28.54	18.46	18.46	3.16	1.71	24.360563	27.056237	25.772440	0.562602
3.08	28.54	18.46	18.46	3.16	1.71	24.356593	27.053661	25.769144	0.562607
3.08	28.54	18.45	18.45	3.16	1.71	24.352623	27.051084	25.765848	0.562612
3.08	28.54	18.45	18.45	3.16	1.71	24.348655	27.048509	25.762553	0.562618
3.09	28.54	18.45	18.45	3.16	1.71	24.344687	27.045933	25.759259	0.562623
3.09	28.54	18.44	18.44	3.16	1.71	24.340721	27.043358	25.755965	0.562628
3.09	28.54	18.44	18.44	3.16	1.71	24.336756	27.040783	25.752672	0.562634
3.09	28.54	18.43	18.43	3.16	1.71	24.332793	27.038209	25.749380	0.562639
3.10	28.54	18.43	18.43	3.16	1.71	24.328830	27.035634	25.746089	0.562644
3.10	28.54	18.42	18.42	3.16	1.71	24.324868	27.033061	25.742798	0.562650
3.10	28.54	18.42	18.42	3.16	1.71	24.320908	27.030487	25.739508	0.562655
3.11	28.54	18.41	18.41	3.16	1.71	24.316949	27.027914	25.736219	0.562660
3.11	28.54	18.41	18.41	3.16	1.71	24.312990	27.025342	25.732931	0.562665
3.11	28.54	18.40	18.40	3.16	1.71	24.309034	27.022770	25.729643	0.562671
3.11	28.54	18.40	18.40	3.16	1.71	24.305078	27.020198	25.726356	0.562676
3.12	28.54	18.39	18.39	3.16	1.71	24.301123	27.017626	25.723070	0.562681
3.12	28.54	18.39	18.39	3.16	1.71	24.297169	27.015055	25.719785	0.562686
3.12	28.54	18.39	18.39	3.16	1.71	24.293217	27.012484	25.716500	0.562692
3.12	28.54	18.38	18.38	3.16	1.71	24.289266	27.009914	25.713216	0.562697
3.13	28.54	18.38	18.38	3.16	1.71	24.285316	27.007344	25.709933	0.562702
3.13	28.54	18.37	18.37	3.16	1.71	24.281367	27.004774	25.706650	0.562707
3.13	28.54	18.37	18.37	3.16	1.71	24.277419	27.002205	25.703369	0.562712
3.14	28.54	18.36	18.36	3.16	1.71	24.273472	26.999636	25.700088	0.562718
3.14	28.54	18.36	18.36	3.16	1.71	24.269527	26.997068	25.696807	0.562723
3.14	28.54	18.35	18.35	3.16	1.71	24.265583	26.994500	25.693528	0.562728
3.14	28.54	18.35	18.35	3.16	1.71	24.261640	26.991932	25.690249	0.562733
3.15	28.54	18.34	18.34	3.16	1.71	24.257698	26.989365	25.686971	0.562738
3.15	28.54	18.34	18.34	3.16	1.71	24.253757	26.986798	25.683694	0.562743
3.15	28.54	18.34	18.34	3.16	1.71	24.249817	26.984231	25.680418	0.562748
3.16	28.54	18.33	18.33	3.16	1.71	24.245879	26.981665	25.677142	0.562754
3.16	28.54	18.33	18.33	3.16	1.71	24.241941	26.979099	25.673867	0.562759
3.16	28.54	18.32	18.32	3.16	1.71	24.238005	26.976534	25.670593	0.562764
3.16	28.54	18.32	18.32	3.16	1.71	24.234070	26.973969	25.667319	0.562769
3.17	28.54	18.31	18.31	3.16	1.71	24.230136	26.971404	25.664047	0.562774
3.17	28.54	18.31	18.31	3.16	1.71	24.226204	26.968840	25.660775	0.562779
3.17	28.54	18.30	18.30	3.16	1.71	24.222272	26.966276	25.657504	0.562784
3.17	28.54	18.30	18.30	3.16	1.71	24.218342	26.963712	25.654233	0.562789
3.18	28.54	18.29	18.29	3.16	1.71	24.214413	26.961149	25.650964	0.562794
3.18	28.54	18.29	18.29	3.16	1.72	24.210485	26.958587	25.647695	0.562799
3.18	28.54	18.29	18.29	3.16	1.72	24.206558	26.956024	25.644427	0.562805
3.19	28.54	18.28	18.28	3.16	1.72	24.202633	26.953462	25.641159	0.562810
3.19	28.54	18.28	18.28	3.16	1.72	24.198708	26.950901	25.637893	0.562815
3.19	28.54	18.27	18.27	3.16	1.72	24.194785	26.948340	25.634627	0.562820
3.19	28.54	18.27	18.27	3.16	1.72	24.190863	26.945779	25.631362	0.562825
3.20	28.54	18.26	18.26	3.16	1.72	24.186942	26.943219	25.628098	0.562830
3.20	28.54	18.26	18.26	3.16	1.72	24.183022	26.940659	25.624834	0.562835
3.20	28.54	18.25	18.25	3.16	1.72	24.179104	26.938099	25.621572	0.562840
3.21	28.54	18.25	18.25	3.16	1.72	24.175187	26.935540	25.618310	0.562845
3.21	28.54	18.25	18.25	3.16	1.72	24.171270	26.932981	25.615049	0.562850
3.21	28.54	18.24	18.24	3.16	1.72	24.167356	26.930423	25.611788	0.562855
3.21	28.54	18.24	18.24	3.16	1.72	24.163442	26.927865	25.608529	0.562860
3.22	28.54	18.23	18.23	3.15	1.72	24.159529	26.925307	25.605270	0.562865
3.22	28.54	18.23	18.23	3.15	1.72	24.155618	26.922750	25.602012	0.562870
3.22	28.54	18.22	18.22	3.15	1.72	24.151708	26.920194	25.598755	0.562875
3.23	28.54	18.22	18.22	3.15	1.72	24.147799	26.917637	25.595498	0.562880
3.23	28.54	18.21	18.21	3.15	1.72	24.143891	26.915081	25.592242	0.562884
3.23	28.54	18.21	18.21	3.15	1.72	24.139984	26.912526	25.588988	0.562889
3.23	28.54	18.21	18.21	3.15	1.72	24.136079	26.909971	25.585733	0.562894
3.24	28.54	18.20	18.20	3.15	1.72	24.132175	26.907416	25.582480	0.562899
3.24	28.54	18.20	18.20	3.15	1.72	24.128272	26.904862	25.579227	0.562904
3.24	28.54	18.19	18.19	3.15	1.72	24.124370	26.902308	25.575976	0.562909
3.24	28.54	18.19	18.19	3.15	1.72	24.120470	26.899754	25.572725	0.562914
3.25	28.54	18.18	18.18	3.15	1.72	24.116570	26.897201	25.569475	0.562919
3.25	28.54	18.18	18.18	3.15	1.72	24.112672	26.894648	25.566225	0.562924
3.25	28.54	18.17	18.17	3.15	1.72	24.108775	26.892096	25.562977	0.562929
3.26	28.54	18.17	18.17	3.15	1.72	24.104879	26.889544	25.559729	0.562933
3.26	28.54	18.17	18.17	3.15	1.72	24.100985	26.886993	25.556482	0.562938
3.26	28.54	18.16	18.16	3.15	1.72	24.097091	26.884442	25.553235	0.562943
3.26	28.54	18.16	18.16	3.15	1.72	24.093199	26.881891	25.549990	0.562948
3.27	28.54	18.15	18.15	3.15	1.72	24.089308	26.879341	25.546745	0.562953
3.27	28.54	18.15	18.15	3.15	1.72	24.085419	26.876791	25.543502	0.562958
3.27	28.54	18.14	18.14	3.15	1.72	24.081530	26.874242	25.540259	0.562962
3.27	28.54	18.14	18.14	3.15	1.72	24.077643	26.871693	25.537016	0.562967
3.28	28.54	18.13	18.13	3.15	1.72	24.073757	26.869144	25.533775	0.562972
3.28	28.54	18.13	18.13	3.15	1.72	24.069872	26.866596	25.530534	0.562977
3.28	28.54	18.13	18.13	3.15	1.72	24.065989	26.864049	25.527294	0.562982
3.29	28.54	18.12	18.12	3.15	1.72	24.062106	26.861501	25.524055	0.562987
3.29	28.54	18.12	18.12	3.15	1.72	24.058225	26.858955	25.520817	0.562991
3.29	28.54	18.11	18.11	3.15	1.72	24.054345	26.856408	25.517580	0.562996
3.29	28.54	18.11	18.11	3.15	1.72	24.050466	26.853862	25.514343	0.563001
3.30	28.54	18.10	18.10	3.15	1.72	24.046589	26.851317	25.511107	0.563006
3.30	28.54	18.10	18.10	3.15	1.72	24.042713	26.848772	25.507872	0.563010
3.30	28.54	18.09	18.09	3.15	1.73	24.038838	26.846227	25.504638	0.563015
3.31	28.54	18.09	18.09	3.15	1.73	24.034964	26.843683	25.501405	0.563020
3.31	28.54	18.09	18.09	3.15	1.73	24.031091	26.841139	25.498172	0.563025
3.31	28.54	18.08	18.08	3.15	1.73	24.027220	26.838595	25.494940	0.563029
3.31	28.54	18.08	18.08	3.15	1.73	24.023350	26.836052	25.491709	0.563034
3.32	28.54	18.07	18.07	3.15	1.73	24.019481	26.833510	25.488479	0.563039
3.32	28.54	18.07	18.07	3.15	1.73	24.015613	26.830968	25.485250	0.563043
3.32	28.54	18.06	18.06	3.15	1.73	24.011747	26.828426	25.482021	0.563048
3.33	28.54	18.06	18.06	3.15	1.73	24.007882	26.825885	25.478794	0.563053
3.33	28.54	18.06	18.06	3.15	1.73	24.004018	26.823344	25.475567	0.563057
3.33	28.54	18.05	18.05	3.15	1.73	24.000155	26.820803	25.472341	0.563062
3.33	28.54	18.05	18.05	3.15	1.73	23.996294	26.818263	25.469115	0.563067
3.34	28.54	18.04	18.04	3.15	1.73	23.992434	26.815724	25.465891	0.563071
3.34	28.54	18.04	18.04	3.15	1.73	23.988575	26.813185	25.462667	0.563076
3.34	28.54	18.03	18.03	3.15	1.73	23.984717	26.810646	25.459445	0.563081
3.34	28.54	18.03	18.03	3.15	1.73	23.980860	26.808108	25.456223	0.563085
3.35	28.54	18.03	18.03	3.15	1.73	23.977005	26.805570	25.453002	0.563090
3.35	28.54	18.02	18.02	3.15	1.73	23.973151	26.803033	25.449781	0.563095
3.35	28.54	18.02	18.02	3.15	1.73	23.969299	26.800496	25.446562	0.563099
3.36	28.54	18.01	18.01	3.15	1.73	23.965447	26.797959	25.443343	0.563104
3.36	28.54	18.01	18.01	3.15	1.73	23.961597	26.795423	25.440125	0.563108
3.36	28.54	18.00	18.00	3.15	1.73	23.957748	26.792888	25.436908	0.563113
3.36	28.54	18.00	18.00	3.15	1.73	23.953900	26.790353	25.433692	0.563118
3.37	28.54	17.99	17.99	3.15	1.73	23.950054	26.787818	25.430477	0.563122
3.37	28.54	17.99	17.99	3.15	1.73	23.946209	26.785284	25.427263	0.563127
3.37	28.54	17.99	17.99	3.15	1.73	23.942365	26.782750	25.424049	0.563131
3.38	28.54	17.98	17.98	3.15	1.73	23.938522	26.780217	25.420836	0.563136
3.38	28.54	17.98	17.98	3.15	1.73	23.934680	26.777684	25.417624	0.563140
3.38	28.54	17.97	17.97	3.15	1.73	23.930840	26.775151	25.414413	0.563145
3.38	28.54	17.97	17.97	3.15	1.73	23.927001	26.772619	25.411203	0.563150
3.39	28.54	17.96	17.96	3.15	1.73	23.923164	26.770088	25.407993	0.563154
3.39	28.54	17.96	17.96	3.15	1.73	23.919327	26.767557	25.404785	0.563159
3.39	28.54	17.96	17.96	3.15	1.73	23.915492	26.765026	25.401577	0.563163
3.39	28.54	17.95	17.95	3.15	1.73	23.911658	26.762496	25.398370	0.563168
3.40	28.54	17.95	17.95	3.15	1.73	23.907826	26.759966	25.395164	0.563172
3.40	28.54	17.94	17.94	3.15	1.73	23.903995	26.757437	25.391958	0.563177
3.40	28.54	17.94	17.94	3.15	1.73	23.900165	26.754908	25.388754	0.563181
3.41	28.54	17.93	17.93	3.15	1.73	23.896336	26.752380	25.385551	0.563186
3.41	28.54	17.93	17.93	3.15	1.73	23.892508	26.749852	25.382348	0.563190
3.41	28.54	17.93	17.93	3.15	1.73	23.888682	26.747324	25.379146	0.563195
3.41	28.54	17.92	17.92	3.15	1.73	23.884857	26.744797	25.375945	0.563199
3.42	28.54	17.92	17.92	3.15	1.73	23.881033	26.742271	25.372745	0.563203
3.42	28.54	17.91	17.91	3.15	1.73	23.877211	26.739745	25.369545	0.563208
3.42	28.54	17.91	17.91	3.15	1.73	23.873390	26.737219	25.366347	0.563212
3.42	28.54	17.91	17.91	3.15	1.73	23.869570	26.734694	25.363149	0.563217
3.43	28.54	17.90	17.90	3.15	1.73	23.865752	26.732169	25.359953	0.563221
3.43	28.54	17.90	17.90	3.15	1.74	23.861934	26.729645	25.356757	0.563226
3.43	28.54	17.89	17.89	3.15	1.74	23.858118	26.727121	25.353562	0.563230
3.44	28.54	17.89	17.89	3.15	1.74	23.854304	26.724598	25.350367	0.563234
3.44	28.54	17.88	17.88	3.15	1.74	23.850490	26.722075	25.347174	0.563239
3.44	28.54	17.88	17.88	3.15	1.74	23.846678	26.719553	25.343982	0.563243
3.44	28.54	17.88	17.88	3.15	1.74	23.842867	26.717031	25.340790	0.563248
3.45	28.54	17.87	17.87	3.15	1.74	23.839058	26.714510	25.337599	0.563252
3.45	28.54	17.87	17.87	3.15	1.74	23.835249	26.711989	25.334409	0.563256
3.45	28.54	17.86	17.86	3.15	1.74	23.831442	26.709468	25.331220	0.563261
3.46	28.54	17.86	17.86	3.15	1.74	23.827637	26.706948	25.328032	0.563265
3.46	28.54	17.85	17.85	3.15	1.74	23.823832	26.704428	25.324845	0.563269
3.46	28.54	17.85	17.85	3.15	1.74	23.820029	26.701909	25.321658	0.563274
3.46	28.54	17.85	17.85	3.15	1.74	23.816228	26.699391	25.318473	0.563278
3.47	28.54	17.84	17.84	3.15	1.74	23.812427	26.696873	25.315288	0.563282
3.47	28.54	17.84	17.84	3.15	1.74	23.808628	26.694355	25.312104	0.563287
3.47	28.54	17.83	17.83	3.15	1.74	23.804830	26.691838	25.308921	0.563291
3.48	28.54	17.83	17.83	3.15	1.74	23.801033	26.689321	25.305739	0.563295
3.48	28.54	17.83	17.83	3.15	1.74	23.797238	26.686805	25.302558	0.563300
3.48	28.54	17.82	17.82	3.15	1.74	23.793444	26.684289	25.299378	0.563304
3.48	28.54	17.82	17.82	3.15	1.74	23.789651	26.681774	25.296198	0.563308
3.49	28.54	17.81	17.81	3.15	1.74	23.785860	26.679259	25.293020	0.563313
3.49	28.54	17.81	17.81	3.14	1.74	23.782070	26.676745	25.289842	0.563317
3.49	28.54	17.80	17.80	3.14	1.74	23.778281	26.674231	25.286665	0.563321
3.49	28.54	17.80	17.80	3.14	1.74	23.774494	26.671718	25.283489	0.563325
3.50	28.54	17.80	17.80	3.14	1.74	23.770708	26.669205	25.280314	0.563330
3.50	28.54	17.79	17.79	3.14	1.74	23.766923	26.666692	25.277140	0.563334
3.50	28.54	17.79	17.79	3.14	1.74	23.763139	26.664180	25.273966	0.563338
3.51	28.54	17.78	17.78	3.14	1.74	23.759357	26.661669	25.270794	0.563342
3.51	28.54	17.78	17.78	3.14	1.74	23.755576	26.659158	25.267622	0.563347
3.51	28.54	17.78	17.78	3.14	1.74	23.751796	26.656648	25.264452	0.563351
3.51	28.54	17.77	17.77	3.14	1.74	23.748018	26.654138	25.261282	0.563355
3.52	28.54	17.77	17.77	3.14	1.74	23.744241	26.651628	25.258113	0.563359
3.52	28.54	17.76	17.76	3.14	1.74	23.740466	26.649119	25.254945	0.563364
3.52	28.54	17.76	17.76	3.14	1.74	23.736691	26.646611	25.251778	0.563368
3.52	28.54	17.75	17.75	3.14	1.74	23.732918	26.644103	25.248611	0.563372
3.53	28.54	17.75	17.75	3.14	1.74	23.729147	26.641595	25.245446	0.563376
3.53	28.54	17.75	17.75	3.14	1.74	23.725376	26.639088	25.242282	0.563380
3.53	28.54	17.74	17.74	3.14	1.74	23.721607	26.636582	25.239118	0.563384
3.54	28.54	17.74	17.74	3.14	1.74	23.717840	26.634075	25.235955	0.563389
3.54	28.54	17.73	17.73	3.14	1.74	23.714073	26.631570	25.232793	0.563393
3.54	28.54	17.73	17.73	3.14	1.74	23.710308	26.629065	25.229633	0.563397
3.54	28.54	17.73	17.73	3.14	1.74	23.706544	26.626560	25.226472	0.563401
3.55	28.54	17.72	17.72	3.14	1.74	23.702782	26.624056	25.223313	0.563405
3.55	28.54	17.72	17.72	3.14	1.74	23.699021	26.621553	25.220155	0.563409
3.55	28.54	17.71	17.71	3.14	1.74	23.695261	26.619050	25.216998	0.563413
3.56	28.54	17.71	17.71	3.14	1.74	23.691503	26.616547	25.213841	0.563418
3.56	28.54	17.71	17.71	3.14	1.74	23.687746	26.614045	25.210686	0.563422
3.56	28.54	17.70	17.70	3.14	1.74	23.683990	26.611543	25.207531	0.563426
3.56	28.54	17.70	17.70	3.14	1.74	23.680236	26.609042	25.204377	0.563430
3.57	28.54	17.69	17.69	3.14	1.75	23.676483	26.606542	25.201225	0.563434
3.57	28.54	17.69	17.69	3.14	1.75	23.672731	26.604042	25.198073	0.563438
3.57	28.54	17.68	17.68	3.14	1.75	23.668981	26.601542	25.194922	0.563442
3.58	28.54	17.68	17.68	3.14	1.75	23.665232	26.599043	25.191772	0.563446
3.58	28.54	17.68	17.68	3.14	1.75	23.661484	26.596545	25.188622	0.563450
3.58	28.54	17.67	17.67	3.14	1.75	23.657738	26.594047	25.185474	0.563454
3.58	28.54	17.67	17.67	3.14	1.75	23.653993	26.591549	25.182327	0.563458
3.59	28.54	17.66	17.66	3.14	1.75	23.650249	26.589052	25.179180	0.563462
3.59	28.54	17.66	17.66	3.14	1.75	23.646507	26.586556	25.176035	0.563466
3.59	28.54	17.66	17.66	3.14	1.75	23.642766	26.584060	25.172890	0.563471
3.59	28.54	17.65	17.65	3.14	1.75	23.639026	26.581564	25.169746	0.563475
3.60	28.54	17.65	17.65	3.14	1.75	23.635288	26.579069	25.166603	0.563479
3.60	28.54	17.64	17.64	3.14	1.75	23.631551	26.576575	25.163462	0.563483
3.60	28.54	17.64	17.64	3.14	1.75	23.627816	26.574081	25.160321	0.563487
3.61	28.54	17.64	17.64	3.14	1.75	23.624082	26.571587	25.157180	0.563491
3.61	28.54	17.63	17.63	3.14	1.75	23.620349	26.569094	25.154041	0.563495
3.61	28.54	17.63	17.63	3.14	1.75	23.616617	26.566602	25.150903	0.563499
3.61	28.54	17.62	17.62	3.14	1.75	23.612887	26.564110	25.147766	0.563503
3.62	28.54	17.62	17.62	3.14	1.75	23.609158	26.561618	25.144629	0.563507
3.62	28.54	17.62	17.62	3.14	1.75	23.605431	26.559128	25.141494	0.563510
3.62	28.54	17.61	17.61	3.14	1.75	23.601705	26.556637	25.138359	0.563514
3.62	28.54	17.61	17.61	3.14	1.75	23.597980	26.554147	25.135226	0.563518
3.63	28.54	17.60	17.60	3.14	1.75	23.594257	26.551658	25.132093	0.563522
3.63	28.54	17.60	17.60	3.14	1.75	23.590535	26.549169	25.128961	0.563526
3.63	28.54	17.60	17.60	3.14	1.75	23.586815	26.546681	25.125830	0.563530
3.64	28.54	17.59	17.59	3.14	1.75	23.583095	26.544193	25.122700	0.563534
3.64	28.54	17.59	17.59	3.14	1.75	23.579378	26.541706	25.119571	0.563538
3.64	28.54	17.58	17.58	3.14	1.75	23.575661	26.539219	25.116443	0.563542
3.64	28.54	17.58	17.58	3.14	1.75	23.571946	26.536733	25.113316	0.563546
3.65	28.54	17.58	17.58	3.14	1.75	23.568232	26.534247	25.110190	0.563550
3.65	28.54	17.57	17.57	3.14	1.75	23.564520	26.531762	25.107064	0.563554
3.65	28.54	17.57	17.57	3.14	1.75	23.560809	26.529278	25.103940	0.563558
3.66	28.54	17.56	17.56	3.14	1.75	23.557099	26.526794	25.100817	0.563561
3.66	28.54	17.56	17.56	3.14	1.75	23.553391	26.524310	25.097694	0.563565
3.66	28.54	17.56	17.56	3.14	1.75	23.549684	26.521827	25.094573	0.563569
3.66	28.54	17.55	17.55	3.14	1.75	23.545979	26.519345	25.091452	0.563573
3.67	28.54	17.55	17.55	3.14	1.75	23.542275	26.516863	25.088332	0.563577
3.67	28.54	17.54	17.54	3.14	1.75	23.538572	26.514381	25.085214	0.563581
3.67	28.54	17.54	17.54	3.14	1.75	23.534871	26.511900	25.082096	0.563585
3.67	28.54	17.54	17.54	3.14	1.75	23.531171	26.509420	25.078979	0.563588
3.68	28.54	17.53	17.53	3.14	1.75	23.527472	26.506940	25.075863	0.563592
3.68	28.54	17.53	17.53	3.14	1.75	23.523775	26.504461	25.072748	0.563596
3.68	28.54	17.52	17.52	3.14	1.75	23.520079	26.501982	25.069634	0.563600
3.69	28.54	17.52	17.52	3.14	1.75	23.516385	26.499504	25.066521	0.563604
3.69	28.54	17.52	17.52	3.14	1.75	23.512692	26.497026	25.063409	0.563608
3.69	28.54	17.51	17.51	3.14	1.75	23.509000	26.494549	25.060298	0.563611
3.69	28.54	17.51	17.51	3.14	1.75	23.505310	26.492072	25.057187	0.563615
3.70	28.54	17.50	17.50	3.14	1.75	23.501621	26.489596	25.054078	0.563619
3.70	28.54	17.50	17.50	3.14	1.75	23.497934	26.487121	25.050970	0.563623
3.70	28.54	17.50	17.50	3.14	1.75	23.494248	26.484646	25.047862	0.563627
3.71	28.54	17.49	17.49	3.14	1.76	23.490563	26.482171	25.044756	0.563630
3.71	28.54	17.49	17.49	3.14	1.76	23.486880	26.479697	25.041650	0.563634
3.71	28.54	17.48	17.48	3.14	1.76	23.483198	26.477224	25.038546	0.563638
3.71	28.54	17.48	17.48	3.14	1.76	23.479517	26.474751	25.035442	0.563642
3.72	28.54	17.48	17.48	3.14	1.76	23.475838	26.472279	25.032339	0.563645
3.72	28.54	17.47	17.47	3.14	1.76	23.472161	26.469807	25.029238	0.563649
3.72	28.54	17.47	17.47	3.14	1.76	23.468484	26.467336	25.026137	0.563653
3.73	28.54	17.46	17.46	3.14	1.76	23.464810	26.464865	25.023037	0.563656
3.73	28.54	17.46	17.46	3.14	1.76	23.461136	26.462395	25.019938	0.563660
3.73	28.54	17.46	17.46	3.14	1.76	23.457464	26.459925	25.016841	0.563664
3.73	28.54	17.45	17.45	3.14	1.76	23.453793	26.457456	25.013744	0.563668
3.74	28.54	17.45	17.45	3.14	1.76	23.450124	26.454988	25.010648	0.563671
3.74	28.54	17.45	17.45	3.14	1.76	23.446456	26.452520	25.007553	0.563675
3.74	28.54	17.44	17.44	3.14	1.76	23.442790	26.450053	25.004459	0.563679
3.74	28.54	17.44	17.44	3.14	1.76	23.439125	26.447586	25.001366	0.563682
3.75	28.54	17.43	17.43	3.14	1.76	23.435461	26.445120	24.998274	0.563686
3.75	28.54	17.43	17.43	3.14	1.76	23.431799	26.442654	24.995183	0.563690
3.75	28.54	17.43	17.43	3.14	1.76	23.428138	26.440189	24.992092	0.563693
3.76	28.54	17.42	17.42	3.14	1.76	23.424479	26.437724	24.989003	0.563697
3.76	28.54	17.42	17.42	3.14	1.76	23.420821	26.435260	24.985915	0.563701
3.76	28.54	17.41	17.41	3.14	1.76	23.417165	26.432797	24.982828	0.563704
3.76	28.54	17.41	17.41	3.14	1.76	23.413509	26.430334	24.979742	0.563708
3.77	28.54	17.41	17.41	3.14	1.76	23.409856	26.427871	24.976656	0.563712
3.77	28.54	17.40	17.40	3.14	1.76	23.406204	26.425410	24.973572	0.563715
3.77	28.54	17.40	17.40	3.13	1.76	23.402553	26.422948	24.970489	0.563719
3.77	28.54	17.40	17.40	3.13	1.76	23.398903	26.420488	24.967406	0.563722
3.78	28.54	17.39	17.39	3.13	1.76	23.395255	26.418028	24.964325	0.563726
3.78	28.54	17.39	17.39	3.13	1.76	23.391609	26.415568	24.961244	0.563730
3.78	28.54	17.38	17.38	3.13	1.76	23.387964	26.413109	24.958165	0.563733
3.79	28.54	17.38	17.38	3.13	1.76	23.384320	26.410651	24.955087	0.563737
3.79	28.54	17.38	17.38	3.13	1.76	23.380678	26.408193	24.952009	0.563740
3.79	28.54	17.37	17.37	3.13	1.76	23.377037	26.405735	24.948933	0.563744
3.79	28.54	17.37	17.37	3.13	1.76	23.373397	26.403279	24.945857	0.563748
3.80	28.54	17.36	17.36	3.13	1.76	23.369759	26.400822	24.942782	0.563751
3.80	28.54	17.36	17.36	3.13	1.76	23.366123	26.398367	24.939709	0.563755
3.80	28.54	17.36	17.36	3.13	1.76	23.362488	26.395912	24.936636	0.563758
3.81	28.54	17.35	17.35	3.13	1.76	23.358854	26.393457	24.933565	0.563762
3.81	28.54	17.35	17.35	3.13	1.76	23.355222	26.391003	24.930494	0.563765
3.81	28.54	17.35	17.35	3.13	1.76	23.351591	26.388550	24.927425	0.563769
3.81	28.54	17.34	17.34	3.13	1.76	23.347962	26.386097	24.924356	0.563772
3.82	28.54	17.34	17.34	3.13	1.76	23.344334	26.383645	24.921288	0.563776
3.82	28.54	17.33	17.33	3.13	1.76	23.340707	26.381194	24.918222	0.563779
3.82	28.54	17.33	17.33	3.13	1.76	23.337082	26.378743	24.915156	0.563783
3.83	28.54	17.33	17.33	3.13	1.76	23.333459	26.376292	24.912091	0.563786
3.83	28.54	17.32	17.32	3.13	1.76	23.329836	26.373842	24.909028	0.563790
3.83	28.54	17.32	17.32	3.13	1.76	23.326216	26.371393	24.905965	0.563793
3.83	28.54	17.32	17.32	3.13	1.76	23.322596	26.368944	24.902903	0.563797
3.84	28.54	17.31	17.31	3.13	1.76	23.318979	26.366496	24.899843	0.563800
3.84	28.54	17.31	17.31	3.13	1.76	23.315362	26.364048	24.896783	0.563804
3.84	28.54	17.30	17.30	3.13	1.76	23.311747	26.361601	24.893724	0.563807
3.84	28.54	17.30	17.30	3.13	1.76	23.308134	26.359155	24.890667	0.563811
3.85	28.54	17.30	17.30	3.13	1.76	23.304522	26.356709	24.887610	0.563814
3.85	28.54	17.29	17.29	3.13	1.76	23.300911	26.354264	24.884554	0.563818
3.85	28.54	17.29	17.29	3.13	1.77	23.297302	26.351819	24.881499	0.563821
3.86	28.54	17.28	17.28	3.13	1.77	23.293694	26.349375	24.878446	0.563825
3.86	28.54	17.28	17.28	3.13	1.77	23.290088	26.346932	24.875393	0.563828
3.86	28.54	17.28	17.28	3.13	1.77	23.286484	26.344489	24.872341	0.563831
3.86	28.54	17.27	17.27	3.13	1.77	23.282880	26.342046	24.869291	0.563835
3.87	28.54	17.27	17.27	3.13	1.77	23.279278	26.339605	24.866241	0.563838
3.87	28.54	17.27	17.27	3.13	1.77	23.275678	26.337163	24.863192	0.563842
3.87	28.54	17.26	17.26	3.13	1.77	23.272079	26.334723	24.860145	0.563845
3.88	28.54	17.26	17.26	3.13	1.77	23.268482	26.332283	24.857098	0.563848
3.88	28.54	17.25	17.25	3.13	1.77	23.264886	26.329844	24.854052	0.563852
3.88	28.54	17.25	17.25	3.13	1.77	23.261291	26.327405	24.851008	0.563855
3.88	28.54	17.25	17.25	3.13	1.77	23.257698	26.324966	24.847964	0.563859
3.89	28.54	17.24	17.24	3.13	1.77	23.254107	26.322529	24.844922	0.563862
3.89	28.54	17.24	17.24	3.13	1.77	23.250517	26.320092	24.841880	0.563865
3.89	28.54	17.24	17.24	3.13	1.77	23.246928	26.317655	24.838839	0.563869
3.89	28.54	17.23	17.23	3.13	1.77	23.243341	26.315220	24.835800	0.563872
3.90	28.54	17.23	17.23	3.13	1.77	23.239755	26.312784	24.832761	0.563875
3.90	28.54	17.23	17.23	3.13	1.77	23.236171	26.310350	24.829724	0.563879
3.90	28.54	17.22	17.22	3.13	1.77	23.232588	26.307916	24.826687	0.563882
3.91	28.54	17.22	17.22	3.13	1.77	23.229007	26.305482	24.823652	0.563885
3.91	28.54	17.21	17.21	3.13	1.77	23.225427	26.303049	24.820617	0.563889
3.91	28.54	17.21	17.21	3.13	1.77	23.221849	26.300617	24.817584	0.563892
3.91	28.54	17.21	17.21	3.13	1.77	23.218272	26.298185	24.814552	0.563895
3.92	28.54	17.20	17.20	3.13	1.77	23.214696	26.295754	24.811520	0.563899
3.92	28.54	17.20	17.20	3.13	1.77	23.211123	26.293324	24.808490	0.563902
3.92	28.54	17.20	17.20	3.13	1.77	23.207550	26.290894	24.805460	0.563905
3.92	28.54	17.19	17.19	3.13	1.77	23.203979	26.288465	24.802432	0.563909
3.93	28.54	17.19	17.19	3.13	1.77	23.200410	26.286036	24.799405	0.563912
3.93	28.54	17.18	17.18	3.13	1.77	23.196842	26.283608	24.796379	0.563915
3.93	28.54	17.18	17.18	3.13	1.77	23.193275	26.281180	24.793353	0.563918
3.94	28.54	17.18	17.18	3.13	1.77	23.189710	26.278753	24.790329	0.563922
3.94	28.54	17.17	17.17	3.13	1.77	23.186147	26.276327	24.787306	0.563925
3.94	28.54	17.17	17.17	3.13	1.77	23.182585	26.273902	24.784284	0.563928
3.94	28.54	17.17	17.17	3.13	1.77	23.179024	26.271477	24.781263	0.563931
3.95	28.54	17.16	17.16	3.13	1.77	23.175465	26.269052	24.778243	0.563935
3.95	28.54	17.16	17.16	3.13	1.77	23.171908	26.266628	24.775223	0.563938
3.95	28.54	17.16	17.16	3.13	1.77	23.168352	26.264205	24.772205	0.563941
3.96	28.54	17.15	17.15	3.13	1.77	23.164797	26.261782	24.769188	0.563944
3.96	28.54	17.15	17.15	3.13	1.77	23.161244	26.259360	24.766173	0.563947
3.96	28.54	17.14	17.14	3.13	1.77	23.157693	26.256939	24.763158	0.563951
3.96	28.54	17.14	17.14	3.13	1.77	23.154143	26.254518	24.760144	0.563954
3.97	28.54	17.14	17.14	3.13	1.77	23.150594	26.252098	24.757131	0.563957
3.97	28.54	17.13	17.13	3.13	1.77	23.147047	26.249679	24.754119	0.563960
3.97	28.54	17.13	17.13	3.13	1.77	23.143502	26.247260	24.751108	0.563963
3.98	28.54	17.13	17.13	3.13	1.77	23.139958	26.244841	24.748099	0.563967
3.98	28.54	17.12	17.12	3.13	1.77	23.136415	26.242424	24.745090	0.563970
3.98	28.54	17.12	17.12	3.13	1.77	23.132874	26.240007	24.742082	0.563973
3.98	28.54	17.12	17.12	3.13	1.77	23.129334	26.237590	24.739076	0.563976
3.99	28.54	17.11	17.11	3.13	1.77	23.125796	26.235174	24.736070	0.563979
3.99	28.54	17.11	17.11	3.13	1.77	23.122260	26.232759	24.733066	0.563982
3.99	28.54	17.10	17.10	3.13	1.77	23.118725	26.230345	24.730062	0.563986
3.99	28.54	17.10	17.10	3.13	1.77	23.115191	26.227931	24.727060	0.563989
4.00	28.54	17.10	17.10	3.13	1.77	23.111659	26.225517	24.724059	0.563992
4.00	28.54	17.09	17.09	3.13	1.77	23.108129	26.223105	24.721058	0.563995
4.00	28.54	17.09	17.09	3.13	1.77	23.104600	26.220692	24.718059	0.563998
4.01	28.54	17.09	17.09	3.13	1.77	23.101073	26.218281	24.715061	0.564001
4.01	28.54	17.08	17.08	3.13	1.78	23.097547	26.215870	24.712064	0.564004
4.01	28.54	17.08	17.08	3.13	1.78	23.094022	26.213460	24.709068	0.564007
4.01	28.54	17.08	17.08	3.13	1.78	23.090499	26.211050	24.706073	0.564011
4.02	28.54	17.07	17.07	3.13	1.78	23.086978	26.208641	24.703079	0.564014
4.02	28.54	17.07	17.07	3.13	1.78	23.083458	26.206233	24.700086	0.564017
4.02	28.54	17.07	17.07	3.13	1.78	23.079940	26.203825	24.697094	0.564020
4.03	28.54	17.06	17.06	3.13	1.78	23.076423	26.201418	24.694103	0.564023
4.03	28.54	17.06	17.06	3.13	1.78	23.072908	26.199012	24.691114	0.564026
4.03	28.54	17.05	17.05	3.13	1.78	23.069394	26.196606	24.688125	0.564029
4.03	28.54	17.05	17.05	3.13	1.78	23.065882	26.194201	24.685137	0.564032
4.04	28.54	17.05	17.05	3.13	1.78	23.062371	26.191796	24.682151	0.564035
4.04	28.54	17.04	17.04	3.13	1.78	23.058862	26.189392	24.679165	0.564038
4.04	28.54	17.04	17.04	3.13	1.78	23.055354	26.186989	24.676181	0.564041
4.04	28.54	17.04	17.04	3.13	1.78	23.051848	26.184586	24.673198	0.564044
4.05	28.54	17.03	17.03	3.13	1.78	23.048343	26.182184	24.670215	0.564047
4.05	28.54	17.03	17.03	3.13	1.78	23.044840	26.179783	24.667234	0.564050
4.05	28.54	17.03	17.03	3.13	1.78	23.041339	26.177382	24.664254	0.564053
4.06	28.54	17.02	17.02	3.13	1.78	23.037839	26.174982	24.661275	0.564056
4.06	28.54	17.02	17.02	3.13	1.78	23.034340	26.172582	24.658297	0.564059
4.06	28.54	17.02	17.02	3.13	1.78	23.030843	26.170183	24.655320	0.564062
4.06	28.54	17.01	17.01	3.13	1.78	23.027348	26.167785	24.652344	0.564065
4.07	28.54	17.01	17.01	3.12	1.78	23.023854	26.165388	24.649369	0.564068
4.07	28.54	17.01	17.01	3.12	1.78	23.020362	26.162991	24.646396	0.564071
4.07	28.54	17.00	17.00	3.12	1.78	23.016871	26.160594	24.643423	0.564074
4.08	28.54	17.00	17.00	3.12	1.78	23.013382	26.158199	24.640451	0.564077
4.08	28.54	17.00	17.00	3.12	1.78	23.009894	26.155804	24.637481	0.564080
4.08	28.54	16.99	16.99	3.12	1.78	23.006408	26.153409	24.634512	0.564083
4.08	28.54	16.99	16.99	3.12	1.78	23.002923	26.151016	24.631543	0.564086
4.09	28.54	16.98	16.98	3.12	1.78	22.999440	26.148623	24.628576	0.564089
4.09	28.54	16.98	16.98	3.12	1.78	22.995959	26.146230	24.625610	0.564092
4.09	28.54	16.98	16.98	3.12	1.78	22.992479	26.143839	24.622645	0.564095
4.09	28.54	16.97	16.97	3.12	1.78	22.989000	26.141447	24.619681	0.564098
4.10	28.54	16.97	16.97	3.12	1.78	22.985523	26.139057	24.616718	0.564101
4.10	28.54	16.97	16.97	3.12	1.78	22.982048	26.136667	24.613756	0.564104
4.10	28.54	16.96	16.96	3.12	1.78	22.978574	26.134278	24.610795	0.564107
4.11	28.54	16.96	16.96	3.12	1.78	22.975102	26.131889	24.607836	0.564110
4.11	28.54	16.96	16.96	3.12	1.78	22.971631	26.129502	24.604877	0.564113
4.11	28.54	16.95	16.95	3.12	1.78	22.968162	26.127114	24.601920	0.564115
4.11	28.54	16.95	16.95	3.12	1.78	22.964695	26.124728	24.598963	0.564118
4.12	28.54	16.95	16.95	3.12	1.78	22.961229	26.122342	24.596008	0.564121
4.12	28.54	16.94	16.94	3.12	1.78	22.957764	26.119957	24.593054	0.564124
4.12	28.54	16.94	16.94	3.12	1.78	22.954301	26.117572	24.590100	0.564127
4.12	28.54	16.94	16.94	3.12	1.78	22.950840	26.115188	24.587148	0.564130
4.13	28.54	16.93	16.93	3.12	1.78	22.947380	26.112805	24.584198	0.564133
4.13	28.54	16.93	16.93	3.12	1.78	22.943922	26.110422	24.581248	0.564136
4.13	28.54	16.93	16.93	3.12	1.78	22.940466	26.108040	24.578299	0.564138
4.14	28.54	16.92	16.92	3.12	1.78	22.937011	26.105659	24.575351	0.564141
4.14	28.54	16.92	16.92	3.12	1.78	22.933557	26.103278	24.572405	0.564144
4.14	28.54	16.92	16.92	3.12	1.78	22.930105	26.100898	24.569459	0.564147
4.14	28.54	16.91	16.91	3.12	1.78	22.926655	26.098519	24.566515	0.564150
4.15	28.54	16.91	16.91	3.12	1.78	22.923206	26.096140	24.563572	0.564153
4.15	28.54	16.91	16.91	3.12	1.78	22.919759	26.093762	24.560629	0.564155
4.15	28.54	16.90	16.90	3.12	1.78	22.916313	26.091385	24.557688	0.564158
4.16	28.54	16.90	16.90	3.12	1.78	22.912869	26.089008	24.554748	0.564161
4.16	28.54	16.90	16.90	3.12	1.78	22.909426	26.086632	24.551810	0.564164
4.16	28.54	16.89	16.89	3.12	1.78	22.905985	26.084257	24.548872	0.564167
4.16	28.54	16.89	16.89	3.12	1.78	22.902546	26.081882	24.545935	0.564169
4.17	28.54	16.89	16.89	3.12	1.78	22.899108	26.079508	24.543000	0.564172
4.17	28.54	16.88	16.88	3.12	1.78	22.895672	26.077135	24.540065	0.564175
4.17	28.54	16.88	16.88	3.12	1.78	22.892237	26.074762	24.537132	0.564178
4.17	28.54	16.87	16.87	3.12	1.79	22.888804	26.072390	24.534200	0.564181
4.18	28.54	16.87	16.87	3.12	1.79	22.885373	26.070019	24.531268	0.564183
4.18	28.54	16.87	16.87	3.12	1.79	22.881943	26.067648	24.528338	0.564186
4.18	28.54	16.86	16.86	3.12	1.79	22.878515	26.065278	24.525410	0.564189
4.19	28.54	16.86	16.86	3.12	1.79	22.875088	26.062909	24.522482	0.564192
4.19	28.54	16.86	16.86	3.12	1.79	22.871663	26.060540	24.519555	0.564194
4.19	28.54	16.85	16.85	3.12	1.79	22.868239	26.058172	24.516630	0.564197
4.19	28.54	16.85	16.85	3.12	1.79	22.864817	26.055805	24.513705	0.564200
4.20	28.54	16.85	16.85	3.12	1.79	22.861397	26.053439	24.510782	0.564203
4.20	28.54	16.84	16.84	3.12	1.79	22.857978	26.051073	24.507860	0.564205
4.20	28.54	16.84	16.84	3.12	1.79	22.854561	26.048707	24.504938	0.564208
4.21	28.54	16.84	16.84	3.12	1.79	22.851145	26.046343	24.502019	0.564211
4.21	28.54	16.83	16.83	3.12	1.79	22.847731	26.043979	24.499100	0.564213
4.21	28.54	16.83	16.83	3.12	1.79	22.844319	26.041616	24.496182	0.564216
4.21	28.54	16.83	16.83	3.12	1.79	22.840908	26.039253	24.493265	0.564219
4.22	28.54	16.82	16.82	3.12	1.79	22.837499	26.036891	24.490350	0.564221
4.22	28.54	16.82	16.82	3.12	1.79	22.834091	26.034530	24.487435	0.564224
4.22	28.54	16.82	16.82	3.12	1.79	22.830685	26.032170	24.484522	0.564227
4.22	28.54	16.81	16.81	3.12	1.79	22.827281	26.029810	24.481610	0.564230
4.23	28.54	16.81	16.81	3.12	1.79	22.823878	26.027451	24.478699	0.564232
4.23	28.54	16.81	16.81	3.12	1.79	22.820476	26.025092	24.475789	0.564235
4.23	28.54	16.80	16.80	3.12	1.79	22.817077	26.022734	24.472881	0.564237
4.24	28.54	16.80	16.80	3.12	1.79	22.813679	26.020377	24.469973	0.564240
4.24	28.54	16.80	16.80	3.12	1.79	22.810282	26.018021	24.467066	0.564243
4.24	28.54	16.79	16.79	3.12	1.79	22.806887	26.015665	24.464161	0.564245
4.24	28.54	16.79	16.79	3.12	1.79	22.803494	26.013310	24.461257	0.564248
4.25	28.54	16.79	16.79	3.12	1.79	22.800103	26.010956	24.458354	0.564251
4.25	28.54	16.79	16.79	3.12	1.79	22.796713	26.008602	24.455452	0.564253
4.25	28.54	16.78	16.78	3.12	1.79	22.793324	26.006249	24.452551	0.564256
4.26	28.54	16.78	16.78	3.12	1.79	22.789937	26.003897	24.449651	0.564259
4.26	28.54	16.78	16.78	3.12	1.79	22.786552	26.001545	24.446753	0.564261
4.26	28.54	16.77	16.77	3.12	1.79	22.783169	25.999195	24.443855	0.564264
4.26	28.54	16.77	16.77	3.12	1.79	22.779787	25.996844	24.440959	0.564266
4.27	28.54	16.77	16.77	3.12	1.79	22.776406	25.994495	24.438064	0.564269
4.27	28.54	16.76	16.76	3.12	1.79	22.773027	25.992146	24.435170	0.564272
4.27	28.54	16.76	16.76	3.12	1.79	22.769650	25.989798	24.432277	0.564274
4.28	28.54	16.76	16.76	3.12	1.79	22.766275	25.987451	24.429385	0.564277
4.28	28.54	16.75	16.75	3.12	1.79	22.762901	25.985104	24.426495	0.564279
4.28	28.54	16.75	16.75	3.12	1.79	22.759529	25.982758	24.423605	0.564282
4.28	28.54	16.75	16.75	3.12	1.79	22.756158	25.980413	24.420717	0.564284
4.29	28.54	16.74	16.74	3.12	1.79	22.752789	25.978068	24.417830	0.564287
4.29	28.54	16.74	16.74	3.12	1.79	22.749421	25.975724	24.414944	0.564289
4.29	28.54	16.74	16.74	3.12	1.79	22.746056	25.973381	24.412059	0.564292
4.29	28.54	16.73	16.73	3.12	1.79	22.742692	25.971039	24.409175	0.564295
4.30	28.54	16.73	16.73	3.12	1.79	22.739329	25.968697	24.406293	0.564297
4.30	28.54	16.73	16.73	3.12	1.79	22.735968	25.966356	24.403411	0.564300
4.30	28.54	16.72	16.72	3.12	1.79	22.732609	25.964015	24.400531	0.564302
4.31	28.54	16.72	16.72	3.12	1.79	22.729251	25.961676	24.397652	0.564305
4.31	28.54	16.72	16.72	3.12	1.79	22.725895	25.959337	24.394774	0.564307
4.31	28.54	16.71	16.71	3.12	1.79	22.722541	25.956998	24.391897	0.564310
4.31	28.54	16.71	16.71	3.12	1.79	22.719188	25.954661	24.389022	0.564312
4.32	28.54	16.71	16.71	3.12	1.79	22.715837	25.952324	24.386147	0.564315
4.32	28.54	16.70	16.70	3.12	1.79	22.712487	25.949988	24.383274	0.564317
4.32	28.54	16.70	16.70	3.12	1.79	22.709139	25.947652	24.380402	0.564320
4.33	28.54	16.70	16.70	3.12	1.79	22.705793	25.945318	24.377531	0.564322
4.33	28.54	16.69	16.69	3.12	1.79	22.702449	25.942984	24.374661	0.564325
4.33	28.54	16.69	16.69	3.12	1.79	22.699106	25.940650	24.371792	0.564327
4.33	28.54	16.69	16.69	3.12	1.79	22.695764	25.938318	24.368924	0.564329
4.34	28.54	16.68	16.68	3.12	1.79	22.692425	25.935986	24.366058	0.564332
4.34	28.54	16.68	16.68	3.12	1.79	22.689086	25.933655	24.363193	0.564334
4.34	28.54	16.68	16.68	3.12	1.79	22.685750	25.931324	24.360329	0.564337
4.34	28.54	16.68	16.68	3.12	1.79	22.682415	25.928994	24.357466	0.564339
4.35	28.54	16.67	16.67	3.12	1.79	22.679082	25.926665	24.354604	0.564342
4.35	28.54	16.67	16.67	3.12	1.79	22.675751	25.924337	24.351744	0.564344
4.35	28.54	16.67	16.67	3.12	1.80	22.672421	25.922009	24.348884	0.564347
4.36	28.54	16.66	16.66	3.12	1.80	22.669093	25.919683	24.346026	0.564349
4.36	28.54	16.66	16.66	3.12	1.80	22.665766	25.917356	24.343169	0.564351
4.36	28.54	16.66	16.66	3.12	1.80	22.662441	25.915031	24.340313	0.564354
4.36	28.54	16.65	16.65	3.12	1.80	22.659118	25.912706	24.337458	0.564356
4.37	28.54	16.65	16.65	3.12	1.80	22.655796	25.910382	24.334605	0.564359
4.37	28.54	16.65	16.65	3.12	1.80	22.652476	25.908059	24.331752	0.564361
4.37	28.54	16.64	16.64	3.11	1.80	22.649158	25.905736	24.328901	0.564363
4.38	28.54	16.64	16.64	3.11	1.80	22.645842	25.903415	24.326051	0.564366
4.38	28.54	16.64	16.64	3.11	1.80	22.642527	25.901093	24.323202	0.564368
4.38	28.54	16.63	16.63	3.11	1.80	22.639213	25.898773	24.320354	0.564371
4.38	28.54	16.63	16.63	3.11	1.80	22.635902	25.896453	24.317508	0.564373
4.39	28.54	16.63	16.63	3.11	1.80	22.632592	25.894134	24.314662	0.564375
4.39	28.54	16.63	16.63	3.11	1.80	22.629283	25.891816	24.311818	0.564378
4.39	28.54	16.62	16.62	3.11	1.80	22.625976	25.889499	24.308975	0.564380
4.39	28.54	16.62	16.62	3.11	1.80	22.622671	25.887182	24.306133	0.564382
4.40	28.54	16.62	16.62	3.11	1.80	22.619368	25.884866	24.303293	0.564385
4.40	28.54	16.61	16.61	3.11	1.80	22.616066	25.882551	24.300453	0.564387
4.40	28.54	16.61	16.61	3.11	1.80	22.612766	25.880236	24.297615	0.564389
4.41	28.54	16.61	16.61	3.11	1.80	22.609468	25.877922	24.294778	0.564392
4.41	28.54	16.60	16.60	3.11	1.80	22.606171	25.875609	24.291942	0.564394
4.41	28.54	16.60	16.60	3.11	1.80	22.602876	25.873297	24.289107	0.564396
4.41	28.54	16.60	16.60	3.11	1.80	22.599583	25.870985	24.286274	0.564399
4.42	28.54	16.59	16.59	3.11	1.80	22.596291	25.868674	24.283441	0.564401
4.42	28.54	16.59	16.59	3.11	1.80	22.593001	25.866364	24.280610	0.564403
4.42	28.54	16.59	16.59	3.11	1.80	22.589713	25.864055	24.277780	0.564406
4.42	28.54	16.58	16.58	3.11	1.80	22.586426	25.861746	24.274951	0.564408
4.43	28.54	16.58	16.58	3.11	1.80	22.583141	25.859438	24.272124	0.564410
4.43	28.54	16.58	16.58	3.11	1.80	22.579858	25.857131	24.269297	0.564412
4.43	28.54	16.58	16.58	3.11	1.80	22.576576	25.854824	24.266472	0.564415
4.44	28.54	16.57	16.57	3.11	1.80	22.573296	25.852518	24.263648	0.564417
4.44	28.54	16.57	16.57	3.11	1.80	22.570018	25.850213	24.260825	0.564419
4.44	28.54	16.57	16.57	3.11	1.80	22.566741	25.847909	24.258004	0.564421
4.44	28.54	16.56	16.56	3.11	1.80	22.563466	25.845606	24.255183	0.564424
4.45	28.54	16.56	16.56	3.11	1.80	22.560193	25.843303	24.252364	0.564426
4.45	28.54	16.56	16.56	3.11	1.80	22.556921	25.841001	24.249546	0.564428
4.45	28.54	16.55	16.55	3.11	1.80	22.553651	25.838699	24.246729	0.564430
4.46	28.54	16.55	16.55	3.11	1.80	22.550383	25.836399	24.243913	0.564433
4.46	28.54	16.55	16.55	3.11	1.80	22.547116	25.834099	24.241099	0.564435
4.46	28.54	16.55	16.55	3.11	1.80	22.543851	25.831800	24.238286	0.564437
4.46	28.54	16.54	16.54	3.11	1.80	22.540588	25.829502	24.235473	0.564439
4.47	28.54	16.54	16.54	3.11	1.80	22.537327	25.827204	24.232663	0.564442
4.47	28.54	16.54	16.54	3.11	1.80	22.534067	25.824907	24.229853	0.564444
4.47	28.54	16.53	16.53	3.11	1.80	22.530809	25.822611	24.227045	0.564446
4.47	28.54	16.53	16.53	3.11	1.80	22.527552	25.820316	24.224237	0.564448
4.48	28.54	16.53	16.53	3.11	1.80	22.524298	25.818021	24.221431	0.564450
4.48	28.54	16.52	16.52	3.11	1.80	22.521045	25.815727	24.218626	0.564452
4.48	28.54	16.52	16.52	3.11	1.80	22.517793	25.813434	24.215823	0.564455
4.49	28.54	16.52	16.52	3.11	1.80	22.514543	25.811142	24.213020	0.564457
4.49	28.54	16.52	16.52	3.11	1.80	22.511295	25.808850	24.210219	0.564459
4.49	28.54	16.51	16.51	3.11	1.80	22.508049	25.806560	24.207419	0.564461
4.49	28.54	16.51	16.51	3.11	1.80	22.504805	25.804269	24.204620	0.564463
4.50	28.54	16.51	16.51	3.11	1.80	22.501562	25.801980	24.201823	0.564465
4.50	28.54	16.50	16.50	3.11	1.80	22.498321	25.799692	24.199026	0.564468
4.50	28.54	16.50	16.50	3.11	1.80	22.495081	25.797404	24.196231	0.564470
4.51	28.54	16.50	16.50	3.11	1.80	22.491843	25.795117	24.193437	0.564472
4.51	28.54	16.49	16.49	3.11	1.80	22.488607	25.792830	24.190644	0.564474
4.51	28.54	16.49	16.49	3.11	1.80	22.485373	25.790545	24.187853	0.564476
4.51	28.54	16.49	16.49	3.11	1.80	22.482140	25.788260	24.185063	0.564478
4.52	28.54	16.49	16.49	3.11	1.80	22.478909	25.785976	24.182274	0.564480
4.52	28.54	16.48	16.48	3.11	1.80	22.475680	25.783693	24.179486	0.564483
4.52	28.54	16.48	16.48	3.11	1.80	22.472452	25.781410	24.176699	0.564485
4.53	28.54	16.48	16.48	3.11	1.80	22.469226	25.779129	24.173914	0.564487
4.53	28.54	16.47	16.47	3.11	1.80	22.466002	25.776848	24.171129	0.564489
4.53	28.54	16.47	16.47	3.11	1.80	22.462780	25.774567	24.168346	0.564491
4.53	28.54	16.47	16.47	3.11	1.80	22.459559	25.772288	24.165565	0.564493
4.54	28.54	16.47	16.47	3.11	1.80	22.456340	25.770009	24.162784	0.564495
4.54	28.54	16.46	16.46	3.11	1.80	22.453123	25.767731	24.160005	0.564497
4.54	28.54	16.46	16.46	3.11	1.80	22.449907	25.765454	24.157227	0.564499
4.54	28.54	16.46	16.46	3.11	1.81	22.446693	25.763178	24.154450	0.564501
4.55	28.54	16.45	16.45	3.11	1.81	22.443481	25.760902	24.151674	0.564503
4.55	28.54	16.45	16.45	3.11	1.81	22.440271	25.758627	24.148900	0.564505
4.55	28.54	16.45	16.45	3.11	1.81	22.437062	25.756353	24.146126	0.564508
4.56	28.54	16.44	16.44	3.11	1.81	22.433855	25.754080	24.143355	0.564510
4.56	28.54	16.44	16.44	3.11	1.81	22.430650	25.751807	24.140584	0.564512
4.56	28.54	16.44	16.44	3.11	1.81	22.427446	25.749536	24.137814	0.564514
4.56	28.54	16.44	16.44	3.11	1.81	22.424244	25.747265	24.135046	0.564516
4.57	28.54	16.43	16.43	3.11	1.81	22.421044	25.744994	24.132279	0.564518
4.57	28.54	16.43	16.43	3.11	1.81	22.417846	25.742725	24.129513	0.564520
4.57	28.54	16.43	16.43	3.11	1.81	22.414649	25.740456	24.126749	0.564522
4.58	28.54	16.42	16.42	3.11	1.81	22.411454	25.738188	24.123985	0.564524
4.58	28.54	16.42	16.42	3.11	1.81	22.408261	25.735921	24.121223	0.564526
4.58	28.54	16.42	16.42	3.11	1.81	22.405069	25.733655	24.118462	0.564528
4.58	28.54	16.42	16.42	3.11	1.81	22.401880	25.731389	24.115703	0.564530
4.59	28.54	16.41	16.41	3.11	1.81	22.398692	25.729124	24.112944	0.564532
4.59	28.54	16.41	16.41	3.11	1.81	22.395505	25.726860	24.110187	0.564534
4.59	28.54	16.41	16.41	3.11	1.81	22.392321	25.724597	24.107431	0.564536
4.59	28.54	16.40	16.40	3.11	1.81	22.389138	25.722335	24.104677	0.564538
4.60	28.54	16.40	16.40	3.11	1.81	22.385957	25.720073	24.101923	0.564540
4.60	28.54	16.40	16.40	3.11	1.81	22.382777	25.717812	24.099171	0.564542
4.60	28.54	16.40	16.40	3.11	1.81	22.379600	25.715552	24.096420	0.564544
4.61	28.54	16.39	16.39	3.11	1.81	22.376424	25.713293	24.093670	0.564546
4.61	28.54	16.39	16.39	3.11	1.81	22.373250	25.711034	24.090922	0.564548
4.61	28.54	16.39	16.39	3.11	1.81	22.370077	25.708776	24.088175	0.564549
4.61	28.54	16.38	16.38	3.11	1.81	22.366906	25.706519	24.085429	0.564551
4.62	28.54	16.38	16.38	3.11	1.81	22.363737	25.704263	24.082684	0.564553
4.62	28.54	16.38	16.38	3.11	1.81	22.360570	25.702008	24.079941	0.564555
4.62	28.54	16.38	16.38	3.11	1.81	22.357405	25.699753	24.077198	0.564557
4.62	28.54	16.37	16.37	3.11	1.81	22.354241	25.697499	24.074457	0.564559
4.63	28.54	16.37	16.37	3.11	1.81	22.351079	25.695246	24.071718	0.564561
4.63	28.54	16.37	16.37	3.11	1.81	22.347919	25.692994	24.068979	0.564563
4.63	28.54	16.36	16.36	3.11	1.81	22.344760	25.690742	24.066242	0.564565
4.64	28.54	16.36	16.36	3.11	1.81	22.341604	25.688492	24.063506	0.564567
4.64	28.54	16.36	16.36	3.11	1.81	22.338449	25.686242	24.060771	0.564569
4.64	28.54	16.36	16.36	3.11	1.81	22.335295	25.683993	24.058038	0.564571
4.64	28.54	16.35	16.35	3.11	1.81	22.332144	25.681744	24.055306	0.564572
4.65	28.54	16.35	16.35	3.11	1.81	22.328994	25.679497	24.052575	0.564574
4.65	28.54	16.35	16.35	3.11	1.81	22.325846	25.677250	24.049845	0.564576
4.65	28.54	16.35	16.35	3.11	1.81	22.322700	25.675004	24.047117	0.564578
4.66	28.54	16.34	16.34	3.11	1.81	22.319555	25.672759	24.044390	0.564580
4.66	28.54	16.34	16.34	3.11	1.81	22.316412	25.670514	24.041664	0.564582
4.66	28.54	16.34	16.34	3.11	1.81	22.313271	25.668271	24.038939	0.564584
4.66	28.54	16.33	16.33	3.11	1.81	22.310132	25.666028	24.036216	0.564586
4.67	28.54	16.33	16.33	3.11	1.81	22.306995	25.663786	24.033494	0.564587
4.67	28.54	16.33	16.33	3.11	1.81	22.303859	25.661545	24.030773	0.564589
4.67	28.54	16.33	16.33	3.11	1.81	22.300725	25.659305	24.028053	0.564591
4.67	28.54	16.32	16.32	3.11	1.81	22.297593	25.657065	24.025335	0.564593
4.68	28.54	16.32	16.32	3.11	1.81	22.294462	25.654826	24.022618	0.564595
4.68	28.54	16.32	16.32	3.11	1.81	22.291334	25.652588	24.019902	0.564597
4.68	28.54	16.31	16.31	3.11	1.81	22.288207	25.650351	24.017188	0.564598
4.69	28.54	16.31	16.31	3.11	1.81	22.285082	25.648115	24.014474	0.564600
4.69	28.54	16.31	16.31	3.11	1.81	22.281958	25.645879	24.011762	0.564602
4.69	28.54	16.31	16.31	3.11	1.81	22.278837	25.643645	24.009052	0.564604
4.69	28.54	16.30	16.30	3.10	1.81	22.275717	25.641411	24.006342	0.564606
4.70	28.54	16.30	16.30	3.10	1.81	22.272599	25.639177	24.003634	0.564607
4.70	28.54	16.30	16.30	3.10	1.81	22.269482	25.636945	24.000927	0.564609
4.70	28.54	16.30	16.30	3.10	1.81	22.266368	25.634714	23.998222	0.564611
4.71	28.54	16.29	16.29	3.10	1.81	22.263255	25.632483	23.995517	0.564613
4.71	28.54	16.29	16.29	3.10	1.81	22.260144	25.630253	23.992814	0.564615
4.71	28.54	16.29	16.29	3.10	1.81	22.257035	25.628024	23.990113	0.564616
4.71	28.54	16.28	16.28	3.10	1.81	22.253927	25.625796	23.987412	0.564618
4.72	28.54	16.28	16.28	3.10	1.81	22.250822	25.623568	23.984713	0.564620
4.72	28.54	16.28	16.28	3.10	1.81	22.247718	25.621341	23.982015	0.564622
4.72	28.54	16.28	16.28	3.10	1.81	22.244616	25.619115	23.979318	0.564623
4.72	28.54	16.27	16.27	3.10	1.81	22.241515	25.616890	23.976623	0.564625
4.73	28.54	16.27	16.27	3.10	1.81	22.238417	25.614666	23.973929	0.564627
4.73	28.54	16.27	16.27	3.10	1.81	22.235320	25.612443	23.971236	0.564629
4.73	28.54	16.27	16.27	3.10	1.81	22.232225	25.610220	23.968544	0.564630
4.74	28.54	16.26	16.26	3.10	1.81	22.229132	25.607998	23.965854	0.564632
4.74	28.54	16.26	16.26	3.10	1.81	22.226040	25.605777	23.963165	0.564634
4.74	28.54	16.26	16.26	3.10	1.81	22.222951	25.603557	23.960477	0.564636
4.74	28.54	16.26	16.26	3.10	1.81	22.219863	25.601338	23.957791	0.564637
4.75	28.54	16.25	16.25	3.10	1.81	22.216777	25.599119	23.955106	0.564639
4.75	28.54	16.25	16.25	3.10	1.81	22.213692	25.596902	23.952422	0.564641
4.75	28.54	16.25	16.25	3.10	1.81	22.210610	25.594685	23.949740	0.564642
4.76	28.54	16.24	16.24	3.10	1.82	22.207529	25.592469	23.947058	0.564644
4.76	28.54	16.24	16.24	3.10	1.82	22.204450	25.590253	23.944378	0.564646
4.76	28.54	16.24	16.24	3.10	1.82	22.201373	25.588039	23.941700	0.564647
4.76	28.54	16.24	16.24	3.10	1.82	22.198297	25.585825	23.939022	0.564649
4.77	28.54	16.23	16.23	3.10	1.82	22.195224	25.583613	23.936346	0.564651
4.77	28.54	16.23	16.23	3.10	1.82	22.192152	25.581401	23.933671	0.564652
4.77	28.54	16.23	16.23	3.10	1.82	22.189082	25.579189	23.930998	0.564654
4.78	28.54	16.23	16.23	3.10	1.82	22.186014	25.576979	23.928326	0.564656
4.78	28.54	16.22	16.22	3.10	1.82	22.182948	25.574770	23.925655	0.564657
4.78	28.54	16.22	16.22	3.10	1.82	22.179883	25.572561	23.922985	0.564659
4.78	28.54	16.22	16.22	3.10	1.82	22.176820	25.570353	23.920317	0.564661
4.79	28.54	16.22	16.22	3.10	1.82	22.173759	25.568146	23.917650	0.564662
4.79	28.54	16.21	16.21	3.10	1.82	22.170700	25.565940	23.914984	0.564664
4.79	28.54	16.21	16.21	3.10	1.82	22.167642	25.563735	23.912320	0.564666
4.79	28.54	16.21	16.21	3.10	1.82	22.164587	25.561530	23.909657	0.564667
4.80	28.54	16.21	16.21	3.10	1.82	22.161533	25.559326	23.906995	0.564669
4.80	28.54	16.20	16.20	3.10	1.82	22.158481	25.557124	23.904334	0.564671
4.80	28.54	16.20	16.20	3.10	1.82	22.155431	25.554922	23.901675	0.564672
4.81	28.54	16.20	16.20	3.10	1.82	22.152382	25.552720	23.899017	0.564674
4.81	28.54	16.20	16.20	3.10	1.82	22.149336	25.550520	23.896361	0.564675
4.81	28.54	16.19	16.19	3.10	1.82	22.146291	25.548320	23.893706	0.564677
4.81	28.54	16.19	16.19	3.10	1.82	22.143248	25.546122	23.891052	0.564679
4.82	28.54	16.19	16.19	3.10	1.82	22.140207	25.543924	23.888399	0.564680
4.82	28.54	16.18	16.18	3.10	1.82	22.137167	25.541727	23.885748	0.564682
4.82	28.54	16.18	16.18	3.10	1.82	22.134130	25.539531	23.883098	0.564683
4.83	28.54	16.18	16.18	3.10	1.82	22.131094	25.537335	23.880449	0.564685
4.83	28.54	16.18	16.18	3.10	1.82	22.128060	25.535141	23.877801	0.564686
4.83	28.54	16.17	16.17	3.10	1.82	22.125028	25.532947	23.875155	0.564688
4.83	28.54	16.17	16.17	3.10	1.82	22.121998	25.530754	23.872510	0.564690
4.84	28.54	16.17	16.17	3.10	1.82	22.118969	25.528562	23.869867	0.564691
4.84	28.54	16.17	16.17	3.10	1.82	22.115943	25.526371	23.867225	0.564693
4.84	28.54	16.16	16.16	3.10	1.82	22.112918	25.524181	23.864584	0.564694
4.84	28.54	16.16	16.16	3.10	1.82	22.109895	25.521991	23.861944	0.564696
4.85	28.54	16.16	16.16	3.10	1.82	22.106873	25.519803	23.859306	0.564697
4.85	28.54	16.16	16.16	3.10	1.82	22.103854	25.517615	23.856669	0.564699
4.85	28.54	16.15	16.15	3.10	1.82	22.100836	25.515428	23.854034	0.564700
4.86	28.54	16.15	16.15	3.10	1.82	22.097821	25.513242	23.851399	0.564702
4.86	28.54	16.15	16.15	3.10	1.82	22.094807	25.511057	23.848766	0.564703
4.86	28.54	16.15	16.15	3.10	1.82	22.091795	25.508872	23.846135	0.564705
4.86	28.54	16.14	16.14	3.10	1.82	22.088784	25.506689	23.843505	0.564706
4.87	28.54	16.14	16.14	3.10	1.82	22.085776	25.504506	23.840876	0.564708
4.87	28.54	16.14	16.14	3.10	1.82	22.082769	25.502324	23.838248	0.564709
4.87	28.54	16.14	16.14	3.10	1.82	22.079764	25.500143	23.835622	0.564711
4.88	28.54	16.13	16.13	3.10	1.82	22.076761	25.497963	23.832997	0.564712
4.88	28.54	16.13	16.13	3.10	1.82	22.073760	25.495784	23.830373	0.564714
4.88	28.54	16.13	16.13	3.10	1.82	22.070761	25.493605	23.827750	0.564715
4.88	28.54	16.13	16.13	3.10	1.82	22.067763	25.491427	23.825129	0.564717
4.89	28.54	16.12	16.12	3.10	1.82	22.064768	25.489251	23.822510	0.564718
4.89	28.54	16.12	16.12	3.10	1.82	22.061774	25.487075	23.819891	0.564720
4.89	28.54	16.12	16.12	3.10	1.82	22.058782	25.484900	23.817274	0.564721
4.89	28.54	16.12	16.12	3.10	1.82	22.055792	25.482725	23.814659	0.564723
4.90	28.54	16.11	16.11	3.10	1.82	22.052803	25.480552	23.812044	0.564724
4.90	28.54	16.11	16.11	3.10	1.82	22.049817	25.478380	23.809431	0.564726
4.90	28.54	16.11	16.11	3.10	1.82	22.046832	25.476208	23.806819	0.564727
4.91	28.54	16.11	16.11	3.10	1.82	22.043849	25.474037	23.804209	0.564729
4.91	28.54	16.10	16.10	3.10	1.82	22.040868	25.471867	23.801600	0.564730
4.91	28.54	16.10	16.10	3.10	1.82	22.037889	25.469698	23.798992	0.564731
4.91	28.54	16.10	16.10	3.10	1.82	22.034912	25.467530	23.796386	0.564733
4.92	28.54	16.10	16.10	3.10	1.82	22.031937	25.465363	23.793781	0.564734
4.92	28.54	16.09	16.09	3.10	1.82	22.028963	25.463196	23.791177	0.564736
4.92	28.54	16.09	16.09	3.10	1.82	22.025991	25.461031	23.788575	0.564737
4.92	28.54	16.09	16.09	3.10	1.82	22.023021	25.458866	23.785974	0.564738
4.93	28.54	16.09	16.09	3.10	1.82	22.020053	25.456702	23.783374	0.564740
4.93	28.54	16.09	16.09	3.10	1.82	22.017087	25.454539	23.780776	0.564741
4.93	28.54	16.08	16.08	3.10	1.82	22.014123	25.452377	23.778179	0.564743
4.94	28.54	16.08	16.08	3.10	1.82	22.011160	25.450215	23.775583	0.564744
4.94	28.54	16.08	16.08	3.10	1.82	22.008199	25.448055	23.772989	0.564745
4.94	28.54	16.08	16.08	3.10	1.82	22.005240	25.445895	23.770396	0.564747
4.94	28.54	16.07	16.07	3.10	1.82	22.002283	25.443737	23.767804	0.564748
4.95	28.54	16.07	16.07	3.10	1.82	21.999328	25.441579	23.765214	0.564750
4.95	28.54	16.07	16.07	3.10	1.82	21.996375	25.439422	23.762625	0.564751
4.95	28.54	16.07	16.07	3.10	1.82	21.993424	25.437266	23.760037	0.564752
4.96	28.54	16.06	16.06	3.10	1.82	21.990474	25.435110	23.757451	0.564754
4.96	28.54	16.06	16.06	3.10	1.82	21.987526	25.432956	23.754866	0.564755
4.96	28.54	16.06	16.06	3.10	1.82	21.984580	25.430803	23.752283	0.564756
4.96	28.54	16.06	16.06	3.10	1.82	21.981636	25.428650	23.749700	0.564758
4.97	28.54	16.05	16.05	3.10	1.82	21.978694	25.426498	23.747120	0.564759
4.97	28.54	16.05	16.05	3.10	1.82	21.975754	25.424347	23.744540	0.564760
4.97	28.54	16.05	16.05	3.10	1.82	21.972815	25.422197	23.741962	0.564762
4.97	28.54	16.05	16.05	3.10	1.82	21.969879	25.420048	23.739385	0.564763
4.98	28.54	16.04	16.04	3.10	1.82	21.966944	25.417900	23.736810	0.564764
4.98	28.54	16.04	16.04	3.10	1.82	21.964011	25.415752	23.734236	0.564766
4.98	28.54	16.04	16.04	3.10	1.82	21.961080	25.413606	23.731663	0.564767
4.99	28.54	16.04	16.04	3.10	1.82	21.958151	25.411460	23.729092	0.564768
4.99	28.54	16.04	16.04	3.10	1.83	21.955224	25.409315	23.726522	0.564770
4.99	28.54	16.03	16.03	3.10	1.83	21.952299	25.407172	23.723953	0.564771
4.99	28.54	16.03	16.03	3.10	1.83	21.949375	25.405029	23.721386	0.564772
5.00	28.54	16.03	16.03	3.10	1.83	21.946453	25.402886	23.718820	0.564773
5.00	28.54	16.03	16.03	3.10	1.83	21.943534	25.400745	23.716255	0.564775
5.00	28.54	16.02	16.02	3.10	1.83	21.940616	25.398605	23.713692	0.564776
5.01	28.54	16.02	16.02	3.10	1.83	21.937700	25.396465	23.711130	0.564777
5.01	28.54	16.02	16.02	3.10	1.83	21.934785	25.394327	23.708570	0.564779
5.01	28.54	16.02	16.02	3.10	1.83	21.931873	25.392189	23.706011	0.564780
5.01	28.54	16.01	16.01	3.10	1.83	21.928963	25.390052	23.703453	0.564781
5.02	28.54	16.01	16.01	3.10	1.83	21.926054	25.387916	23.700896	0.564782
5.02	28.54	16.01	16.01	3.10	1.83	21.923147	25.385781	23.698341	0.564784
5.02	28.54	16.01	16.01	3.10	1.83	21.920243	25.383647	23.695788	0.564785
5.03	28.54	16.00	16.00	3.10	1.83	21.917340	25.381514	23.693235	0.564786
5.03	28.54	16.00	16.00	3.10	1.83	21.914439	25.379381	23.690685	0.564787
5.03	28.54	16.00	16.00	3.10	1.83	21.911539	25.377250	23.688135	0.564788
5.03	28.54	16.00	16.00	3.10	1.83	21.908642	25.375119	23.685587	0.564790
5.04	28.54	16.00	16.00	3.09	1.83	21.905747	25.372989	23.683040	0.564791
5.04	28.54	15.99	15.99	3.09	1.83	21.902853	25.370860	23.680495	0.564792
5.04	28.54	15.99	15.99	3.09	1.83	21.899961	25.368732	23.677951	0.564793
5.04	28.54	15.99	15.99	3.09	1.83	21.897072	25.366605	23.675408	0.564795
5.05	28.54	15.99	15.99	3.09	1.83	21.894184	25.364479	23.672867	0.564796
5.05	28.54	15.98	15.98	3.09	1.83	21.891298	25.362354	23.670327	0.564797
5.05	28.54	15.98	15.98	3.09	1.83	21.888414	25.360229	23.667788	0.564798
5.06	28.54	15.98	15.98	3.09	1.83	21.885531	25.358106	23.665251	0.564799
5.06	28.54	15.98	15.98	3.09	1.83	21.882651	25.355983	23.662715	0.564801
5.06	28.54	15.98	15.98	3.09	1.83	21.879773	25.353861	23.660181	0.564802
5.06	28.54	15.97	15.97	3.09	1.83	21.876896	25.351741	23.657648	0.564803
5.07	28.54	15.97	15.97	3.09	1.83	21.874021	25.349621	23.655116	0.564804
5.07	28.54	15.97	15.97	3.09	1.83	21.871149	25.347502	23.652586	0.564805
5.07	28.54	15.97	15.97	3.09	1.83	21.868278	25.345384	23.650057	0.564806
5.08	28.54	15.96	15.96	3.09	1.83	21.865409	25.343266	23.647529	0.564808
5.08	28.54	15.96	15.96	3.09	1.83	21.862542	25.341150	23.645003	0.564809
5.08	28.54	15.96	15.96	3.09	1.83	21.859676	25.339034	23.642478	0.564810
5.08	28.54	15.96	15.96	3.09	1.83	21.856813	25.336920	23.639955	0.564811
5.09	28.54	15.96	15.96	3.09	1.83	21.853952	25.334806	23.637433	0.564812
5.09	28.54	15.95	15.95	3.09	1.83	21.851092	25.332693	23.634912	0.564813
5.09	28.54	15.95	15.95	3.09	1.83	21.848234	25.330582	23.632393	0.564814
5.09	28.54	15.95	15.95	3.09	1.83	21.845379	25.328471	23.629875	0.564816
5.10	28.54	15.95	15.95	3.09	1.83	21.842525	25.326361	23.627359	0.564817
5.10	28.54	15.94	15.94	3.09	1.83	21.839673	25.324251	23.624844	0.564818
5.10	28.54	15.94	15.94	3.09	1.83	21.836823	25.322143	23.622330	0.564819
5.11	28.54	15.94	15.94	3.09	1.83	21.833975	25.320036	23.619818	0.564820
5.11	28.54	15.94	15.94	3.09	1.83	21.831129	25.317929	23.617307	0.564821
5.11	28.54	15.94	15.94	3.09	1.83	21.828284	25.315824	23.614797	0.564822
5.11	28.54	15.93	15.93	3.09	1.83	21.825442	25.313719	23.612289	0.564823
5.12	28.54	15.93	15.93	3.09	1.83	21.822601	25.311616	23.609783	0.564824
5.12	28.54	15.93	15.93	3.09	1.83	21.819763	25.309513	23.607277	0.564826
5.12	28.54	15.93	15.93	3.09	1.83	21.816926	25.307411	23.604773	0.564827
5.12	28.54	15.92	15.92	3.09	1.83	21.814091	25.305310	23.602271	0.564828
5.13	28.54	15.92	15.92	3.09	1.83	21.811258	25.303210	23.599770	0.564829
5.13	28.54	15.92	15.92	3.09	1.83	21.808427	25.301111	23.597270	0.564830
5.13	28.54	15.92	15.92	3.09	1.83	21.805598	25.299012	23.594772	0.564831
5.14	28.54	15.92	15.92	3.09	1.83	21.802771	25.296915	23.592275	0.564832
5.14	28.54	15.91	15.91	3.09	1.83	21.799946	25.294819	23.589779	0.564833
5.14	28.54	15.91	15.91	3.09	1.83	21.797123	25.292723	23.587285	0.564834
5.14	28.54	15.91	15.91	3.09	1.83	21.794301	25.290629	23.584793	0.564835
5.15	28.54	15.91	15.91	3.09	1.83	21.791482	25.288535	23.582301	0.564836
5.15	28.54	15.91	15.91	3.09	1.83	21.788664	25.286442	23.579811	0.564837
5.15	28.54	15.90	15.90	3.09	1.83	21.785849	25.284350	23.577323	0.564838
5.16	28.54	15.90	15.90	3.09	1.83	21.783035	25.282259	23.574836	0.564839
5.16	28.54	15.90	15.90	3.09	1.83	21.780223	25.280169	23.572350	0.564840
5.16	28.54	15.90	15.90	3.09	1.83	21.777413	25.278080	23.569866	0.564841
5.16	28.54	15.89	15.89	3.09	1.83	21.774605	25.275992	23.567383	0.564842
5.17	28.54	15.89	15.89	3.09	1.83	21.771799	25.273905	23.564901	0.564843
5.17	28.54	15.89	15.89	3.09	1.83	21.768995	25.271818	23.562421	0.564844
5.17	28.54	15.89	15.89	3.09	1.83	21.766193	25.269733	23.559943	0.564845
5.17	28.54	15.89	15.89	3.09	1.83	21.763392	25.267648	23.557465	0.564846
5.18	28.54	15.88	15.88	3.09	1.83	21.760594	25.265565	23.554989	0.564847
5.18	28.54	15.88	15.88	3.09	1.83	21.757798	25.263482	23.552515	0.564848
5.18	28.54	15.88	15.88	3.09	1.83	21.755003	25.261400	23.550042	0.564849
5.19	28.54	15.88	15.88	3.09	1.83	21.752210	25.259320	23.547570	0.564850
5.19	28.54	15.88	15.88	3.09	1.83	21.749420	25.257240	23.545100	0.564851
5.19	28.54	15.87	15.87	3.09	1.83	21.746631	25.255161	23.542631	0.564852
5.19	28.54	15.87	15.87	3.09	1.83	21.743844	25.253083	23.540164	0.564853
5.20	28.54	15.87	15.87	3.09	1.83	21.741059	25.251006	23.537698	0.564854
5.20	28.54	15.87	15.87	3.09	1.83	21.738276	25.248929	23.535234	0.564855
5.20	28.54	15.87	15.87	3.09	1.83	21.735495	25.246854	23.532770	0.564856
5.21	28.54	15.86	15.86	3.09	1.83	21.732716	25.244780	23.530309	0.564857
5.21	28.54	15.86	15.86	3.09	1.83	21.729939	25.242706	23.527848	0.564858
5.21	28.54	15.86	15.86	3.09	1.83	21.727164	25.240634	23.525390	0.564859
5.21	28.54	15.86	15.86	3.09	1.83	21.724391	25.238562	23.522932	0.564860
5.22	28.54	15.85	15.85	3.09	1.83	21.721619	25.236492	23.520476	0.564861
5.22	28.54	15.85	15.85	3.09	1.83	21.718850	25.234422	23.518022	0.564862
5.22	28.54	15.85	15.85	3.09	1.83	21.716083	25.232353	23.515568	0.564863
5.22	28.54	15.85	15.85	3.09	1.83	21.713317	25.230286	23.513117	0.564864
5.23	28.54	15.85	15.85	3.09	1.83	21.710554	25.228219	23.510666	0.564865
5.23	28.54	15.84	15.84	3.09	1.83	21.707792	25.226153	23.508217	0.564866
5.23	28.54	15.84	15.84	3.09	1.83	21.705032	25.224088	23.505770	0.564866
5.24	28.54	15.84	15.84	3.09	1.83	21.702274	25.222024	23.503324	0.564867
5.24	28.54	15.84	15.84	3.09	1.83	21.699519	25.219960	23.500879	0.564868
5.24	28.54	15.84	15.84	3.09	1.83	21.696765	25.217898	23.498436	0.564869
5.24	28.54	15.83	15.83	3.09	1.83	21.694013	25.215837	23.495994	0.564870
5.25	28.54	15.83	15.83	3.09	1.83	21.691263	25.213777	23.493554	0.564871
5.25	28.54	15.83	15.83	3.09	1.83	21.688515	25.211717	23.491115	0.564872
5.25	28.54	15.83	15.83	3.09	1.84	21.685769	25.209659	23.488678	0.564873
5.26	28.54	15.83	15.83	3.09	1.84	21.683025	25.207601	23.486242	0.564874
5.26	28.54	15.82	15.82	3.09	1.84	21.680283	25.205545	23.483807	0.564874
5.26	28.54	15.82	15.82	3.09	1.84	21.677542	25.203489	23.481374	0.564875
5.26	28.54	15.82	15.82	3.09	1.84	21.674804	25.201434	23.478942	0.564876
5.27	28.54	15.82	15.82	3.09	1.84	21.672068	25.199381	23.476512	0.564877
5.27	28.54	15.82	15.82	3.09	1.84	21.669333	25.197328	23.474083	0.564878
5.27	28.54	15.81	15.81	3.09	1.84	21.666601	25.195276	23.471655	0.564879
5.28	28.54	15.81	15.81	3.09	1.84	21.663871	25.193225	23.469229	0.564880
5.28	28.54	15.81	15.81	3.09	1.84	21.661142	25.191175	23.466805	0.564880
5.28	28.54	15.81	15.81	3.09	1.84	21.658415	25.189126	23.464382	0.564881
5.28	28.54	15.81	15.81	3.09	1.84	21.655691	25.187078	23.461960	0.564882
5.29	28.54	15.80	15.80	3.09	1.84	21.652968	25.185031	23.459540	0.564883
5.29	28.54	15.80	15.80	3.09	1.84	21.650248	25.182985	23.457121	0.564884
5.29	28.54	15.80	15.80	3.09	1.84	21.647529	25.180939	23.454704	0.564884
5.29	28.54	15.80	15.80	3.09	1.84	21.644812	25.178895	23.452288	0.564885
5.30	28.54	15.80	15.80	3.09	1.84	21.642097	25.176852	23.449873	0.564886
5.30	28.54	15.80	15.80	3.09	1.84	21.639384	25.174809	23.447460	0.564887
5.30	28.54	15.79	15.79	3.09	1.84	21.636674	25.172768	23.445049	0.564888
5.31	28.54	15.79	15.79	3.09	1.84	21.633965	25.170727	23.442638	0.564889
5.31	28.54	15.79	15.79	3.09	1.84	21.631258	25.168688	23.440230	0.564889
5.31	28.54	15.79	15.79	3.09	1.84	21.628553	25.166649	23.437823	0.564890
5.31	28.54	15.79	15.79	3.09	1.84	21.625850	25.164612	23.435417	0.564891
5.32	28.54	15.78	15.78	3.09	1.84	21.623149	25.162575	23.433012	0.564892
5.32	28.54	15.78	15.78	3.09	1.84	21.620450	25.160539	23.430609	0.564892
5.32	28.54	15.78	15.78	3.09	1.84	21.617753	25.158505	23.428208	0.564893
5.33	28.54	15.78	15.78	3.09	1.84	21.615057	25.156471	23.425808	0.564894
5.33	28.54	15.78	15.78	3.09	1.84	21.612364	25.154438	23.423409	0.564895
5.33	28.54	15.77	15.77	3.09	1.84	21.609673	25.152406	23.421012	0.564895
5.33	28.54	15.77	15.77	3.09	1.84	21.606984	25.150375	23.418617	0.564896
5.34	28.54	15.77	15.77	3.09	1.84	21.604297	25.148345	23.416223	0.564897
5.34	28.54	15.77	15.77	3.09	1.84	21.601611	25.146316	23.413830	0.564898
5.34	28.54	15.77	15.77	3.09	1.84	21.598928	25.144288	23.411439	0.564898
5.34	28.54	15.76	15.76	3.09	1.84	21.596247	25.142261	23.409049	0.564899
5.35	28.54	15.76	15.76	3.09	1.84	21.593567	25.140235	23.406660	0.564900
5.35	28.54	15.76	15.76	3.09	1.84	21.590890	25.138209	23.404273	0.564901
5.35	28.54	15.76	15.76	3.09	1.84	21.588215	25.136185	23.401888	0.564901
5.36	28.54	15.76	15.76	3.09	1.84	21.585541	25.134162	23.399504	0.564902
5.36	28.54	15.76	15.76	3.09	1.84	21.582870	25.132140	23.397121	0.564903
5.36	28.54	15.75	15.75	3.09	1.84	21.580200	25.130118	23.394740	0.564904
5.36	28.54	15.75	15.75	3.09	1.84	21.577533	25.128098	23.392361	0.564904
5.37	28.54	15.75	15.75	3.09	1.84	21.574867	25.126079	23.389983	0.564905
5.37	28.54	15.75	15.75	3.09	1.84	21.572204	25.124060	23.387606	0.564906
5.37	28.54	15.75	15.75	3.09	1.84	21.569542	25.122043	23.385231	0.564906
5.38	28.54	15.74	15.74	3.09	1.84	21.566883	25.120026	23.382857	0.564907
5.38	28.54	15.74	15.74	3.09	1.84	21.564225	25.118011	23.380485	0.564908
5.38	28.54	15.74	15.74	3.09	1.84	21.561570	25.115996	23.378114	0.564908
5.38	28.54	15.74	15.74	3.09	1.84	21.558916	25.113982	23.375744	0.564909
5.39	28.54	15.74	15.74	3.09	1.84	21.556264	25.111970	23.373376	0.564910
5.39	28.54	15.74	15.74	3.09	1.84	21.553615	25.109958	23.371010	0.564910
5.39	28.54	15.73	15.73	3.09	1.84	21.550967	25.107947	23.368645	0.564911
5.39	28.54	15.73	15.73	3.09	1.84	21.548321	25.105938	23.366281	0.564912
5.40	28.54	15.73	15.73	3.09	1.84	21.545678	25.103929	23.363919	0.564912
5.40	28.54	15.73	15.73	3.09	1.84	21.543036	25.101921	23.361559	0.564913
5.40	28.54	15.73	15.73	3.09	1.84	21.540397	25.099914	23.359200	0.564914
5.41	28.54	15.72	15.72	3.08	1.84	21.537759	25.097909	23.356842	0.564914
5.41	28.54	15.72	15.72	3.08	1.84	21.535123	25.095904	23.354486	0.564915
5.41	28.54	15.72	15.72	3.08	1.84	21.532490	25.093900	23.352131	0.564916
5.41	28.54	15.72	15.72	3.08	1.84	21.529858	25.091897	23.349778	0.564916
5.42	28.54	15.72	15.72	3.08	1.84	21.527228	25.089895	23.347426	0.564917
5.42	28.54	15.72	15.72	3.08	1.84	21.524600	25.087894	23.345076	0.564917
5.42	28.54	15.71	15.71	3.08	1.84	21.521975	25.085894	23.342727	0.564918
5.42	28.54	15.71	15.71	3.08	1.84	21.519351	25.083895	23.340380	0.564919
5.43	28.54	15.71	15.71	3.08	1.84	21.516729	25.081897	23.338034	0.564919
5.43	28.54	15.71	15.71	3.08	1.84	21.514110	25.079900	23.335690	0.564920
5.43	28.54	15.71	15.71	3.08	1.84	21.511492	25.077904	23.333347	0.564921
5.44	28.54	15.70	15.70	3.08	1.84	21.508876	25.075909	23.331006	0.564921
5.44	28.54	15.70	15.70	3.08	1.84	21.506263	25.073915	23.328666	0.564922
5.44	28.54	15.70	15.70	3.08	1.84	21.503651	25.071922	23.326327	0.564922
5.44	28.54	15.70	15.70	3.08	1.84	21.501041	25.069930	23.323990	0.564923
5.45	28.54	15.70	15.70	3.08	1.84	21.498434	25.067938	23.321655	0.564923
5.45	28.54	15.70	15.70	3.08	1.84	21.495828	25.065948	23.319321	0.564924
5.45	28.54	15.69	15.69	3.08	1.84	21.493224	25.063959	23.316988	0.564925
5.46	28.54	15.69	15.69	3.08	1.84	21.490623	25.061971	23.314657	0.564925
5.46	28.54	15.69	15.69	3.08	1.84	21.488023	25.059984	23.312328	0.564926
5.46	28.54	15.69	15.69	3.08	1.84	21.485425	25.057998	23.310000	0.564926
5.46	28.54	15.69	15.69	3.08	1.84	21.482830	25.056012	23.307673	0.564927
5.47	28.54	15.69	15.69	3.08	1.84	21.480236	25.054028	23.305348	0.564927
5.47	28.54	15.68	15.68	3.08	1.84	21.477645	25.052045	23.303025	0.564928
5.47	28.54	15.68	15.68	3.08	1.84	21.475055	25.050063	23.300703	0.564928
5.47	28.54	15.68	15.68	3.08	1.84	21.472467	25.048081	23.298382	0.564929
5.48	28.54	15.68	15.68	3.08	1.84	21.469882	25.046101	23.296063	0.564930
5.48	28.54	15.68	15.68	3.08	1.84	21.467298	25.044122	23.293745	0.564930
5.48	28.54	15.68	15.68	3.08	1.84	21.464717	25.042143	23.291429	0.564931
5.49	28.54	15.67	15.67	3.08	1.84	21.462137	25.040166	23.289115	0.564931
5.49	28.54	15.67	15.67	3.08	1.84	21.459560	25.038190	23.286801	0.564932
5.49	28.54	15.67	15.67	3.08	1.84	21.456984	25.036214	23.284490	0.564932
5.49	28.54	15.67	15.67	3.08	1.84	21.454411	25.034240	23.282180	0.564933
5.50	28.54	15.67	15.67	3.08	1.84	21.451839	25.032267	23.279871	0.564933
5.50	28.54	15.67	15.67	3.08	1.84	21.449270	25.030294	23.277564	0.564934
5.50	28.54	15.66	15.66	3.08	1.84	21.446703	25.028323	23.275258	0.564934
5.51	28.54	15.66	15.66	3.08	1.84	21.444137	25.026353	23.272954	0.564935
5.51	28.54	15.66	15.66	3.08	1.84	21.441574	25.024383	23.270651	0.564935
5.51	28.54	15.66	15.66	3.08	1.84	21.439013	25.022415	23.268350	0.564936
5.51	28.54	15.66	15.66	3.08	1.84	21.436453	25.020448	23.266051	0.564936
5.52	28.54	15.66	15.66	3.08	1.84	21.433896	25.018481	23.263752	0.564937
5.52	28.54	15.65	15.65	3.08	1.84	21.431341	25.016516	23.261456	0.564937
5.52	28.54	15.65	15.65	3.08	1.84	21.428787	25.014551	23.259161	0.564938
5.53	28.54	15.65	15.65	3.08	1.84	21.426236	25.012588	23.256867	0.564938
5.53	28.54	15.65	15.65	3.08	1.84	21.423687	25.010626	23.254575	0.564938
5.53	28.54	15.65	15.65	3.08	1.84	21.421140	25.008664	23.252284	0.564939
5.53	28.54	15.65	15.65	3.08	1.84	21.418595	25.006704	23.249995	0.564939
5.54	28.54	15.64	15.64	3.08	1.84	21.416052	25.004745	23.247707	0.564940
5.54	28.54	15.64	15.64	3.08	1.84	21.413511	25.002786	23.245421	0.564940
5.54	28.54	15.64	15.64	3.08	1.84	21.410972	25.000829	23.243137	0.564941
5.54	28.54	15.64	15.64	3.08	1.84	21.408435	24.998873	23.240853	0.564941
5.55	28.54	15.64	15.64	3.08	1.84	21.405900	24.996917	23.238572	0.564942
5.55	28.54	15.64	15.64	3.08	1.84	21.403367	24.994963	23.236292	0.564942
5.55	28.54	15.63	15.63	3.08	1.84	21.400836	24.993010	23.234013	0.564942
5.56	28.54	15.63	15.63	3.08	1.84	21.398307	24.991057	23.231736	0.564943
5.56	28.54	15.63	15.63	3.08	1.84	21.395780	24.989106	23.229460	0.564943
5.56	28.54	15.63	15.63	3.08	1.84	21.393256	24.987156	23.227186	0.564944
5.56	28.54	15.63	15.63	3.08	1.84	21.390733	24.985206	23.224914	0.564944
5.57	28.54	15.63	15.63	3.08	1.85	21.388212	24.983258	23.222643	0.564944
5.57	28.54	15.63	15.63	3.08	1.85	21.385694	24.981311	23.220373	0.564945
5.57	28.54	15.62	15.62	3.08	1.85	21.383177	24.979364	23.218105	0.564945
5.58	28.54	15.62	15.62	3.08	1.85	21.380662	24.977419	23.215839	0.564946
5.58	28.54	15.62	15.62	3.08	1.85	21.378150	24.975475	23.213574	0.564946
5.58	28.54	15.62	15.62	3.08	1.85	21.375639	24.973532	23.211310	0.564946
5.58	28.54	15.62	15.62	3.08	1.85	21.373131	24.971589	23.209048	0.564947
5.59	28.54	15.62	15.62	3.08	1.85	21.370625	24.969648	23.206788	0.564947
5.59	28.54	15.61	15.61	3.08	1.85	21.368120	24.967708	23.204529	0.564948
5.59	28.54	15.61	15.61	3.08	1.85	21.365618	24.965769	23.202272	0.564948
5.59	28.54	15.61	15.61	3.08	1.85	21.363118	24.963831	23.200016	0.564948
5.60	28.54	15.61	15.61	3.08	1.85	21.360619	24.961894	23.197761	0.564949
5.60	28.54	15.61	15.61	3.08	1.85	21.358123	24.959957	23.195509	0.564949
5.60	28.54	15.61	15.61	3.08	1.85	21.355629	24.958022	23.193257	0.564949
5.61	28.54	15.60	15.60	3.08	1.85	21.353137	24.956088	23.191008	0.564950
5.61	28.54	15.60	15.60	3.08	1.85	21.350647	24.954155	23.188759	0.564950
5.61	28.54	15.60	15.60	3.08	1.85	21.348159	24.952223	23.186513	0.564950
5.61	28.54	15.60	15.60	3.08	1.85	21.345673	24.950292	23.184267	0.564951
5.62	28.54	15.60	15.60	3.08	1.85	21.343189	24.948362	23.182024	0.564951
5.62	28.54	15.60	15.60	3.08	1.85	21.340708	24.946433	23.179782	0.564951
5.62	28.54	15.60	15.60	3.08	1.85	21.338228	24.944505	23.177541	0.564952
5.62	28.54	15.59	15.59	3.08	1.85	21.335750	24.942578	23.175302	0.564952
5.63	28.54	15.59	15.59	3.08	1.85	21.333274	24.940652	23.173064	0.564952
5.63	28.54	15.59	15.59	3.08	1.85	21.330801	24.938727	23.170828	0.564953
5.63	28.54	15.59	15.59	3.08	1.85	21.328329	24.936803	23.168594	0.564953
5.64	28.54	15.59	15.59	3.08	1.85	21.325860	24.934881	23.166361	0.564953
5.64	28.54	15.59	15.59	3.08	1.85	21.323393	24.932959	23.164129	0.564953
5.64	28.54	15.59	15.59	3.08	1.85	21.320927	24.931038	23.161899	0.564954
5.64	28.54	15.58	15.58	3.08	1.85	21.318464	24.929118	23.159671	0.564954
5.65	28.54	15.58	15.58	3.08	1.85	21.316003	24.927199	23.157444	0.564954
5.65	28.54	15.58	15.58	3.08	1.85	21.313544	24.925282	23.155219	0.564955
5.65	28.54	15.58	15.58	3.08	1.85	21.311086	24.923365	23.152995	0.564955
5.66	28.54	15.58	15.58	3.08	1.85	21.308631	24.921449	23.150773	0.564955
5.66	28.54	15.58	15.58	3.08	1.85	21.306178	24.919535	23.148552	0.564955
5.66	28.54	15.58	15.58	3.08	1.85	21.303728	24.917621	23.146333	0.564956
5.66	28.54	15.57	15.57	3.08	1.85	21.301279	24.915708	23.144115	0.564956
5.67	28.54	15.57	15.57	3.08	1.85	21.298832	24.913797	23.141899	0.564956
5.67	28.54	15.57	15.57	3.08	1.85	21.296387	24.911886	23.139685	0.564956
5.67	28.54	15.57	15.57	3.08	1.85	21.293945	24.909977	23.137472	0.564957
5.67	28.54	15.57	15.57	3.08	1.85	21.291504	24.908068	23.135260	0.564957
5.68	28.54	15.57	15.57	3.08	1.85	21.289066	24.906161	23.133050	0.564957
5.68	28.54	15.57	15.57	3.08	1.85	21.286629	24.904255	23.130842	0.564957
5.68	28.54	15.56	15.56	3.08	1.85	21.284195	24.902349	23.128635	0.564958
5.69	28.54	15.56	15.56	3.08	1.85	21.281762	24.900445	23.126430	0.564958
5.69	28.54	15.56	15.56	3.08	1.85	21.279332	24.898542	23.124226	0.564958
5.69	28.54	15.56	15.56	3.08	1.85	21.276904	24.896639	23.122023	0.564958
5.69	28.54	15.56	15.56	3.08	1.85	21.274478	24.894738	23.119823	0.564959
5.70	28.54	15.56	15.56	3.08	1.85	21.272054	24.892838	23.117624	0.564959
5.70	28.54	15.56	15.56	3.08	1.85	21.269632	24.890939	23.115426	0.564959
5.70	28.54	15.55	15.55	3.08	1.85	21.267212	24.889041	23.113230	0.564959
5.71	28.54	15.55	15.55	3.08	1.85	21.264795	24.887144	23.111036	0.564959
5.71	28.54	15.55	15.55	3.08	1.85	21.262379	24.885248	23.108843	0.564960
5.71	28.54	15.55	15.55	3.08	1.85	21.259965	24.883353	23.106651	0.564960
5.71	28.54	15.55	15.55	3.08	1.85	21.257554	24.881459	23.104461	0.564960
5.72	28.54	15.55	15.55	3.08	1.85	21.255144	24.879566	23.102273	0.564960
5.72	28.54	15.55	15.55	3.08	1.85	21.252737	24.877674	23.100086	0.564960
5.72	28.54	15.54	15.54	3.08	1.85	21.250332	24.875783	23.097901	0.564960
5.72	28.54	15.54	15.54	3.08	1.85	21.247929	24.873894	23.095717	0.564961
5.73	28.54	15.54	15.54	3.08	1.85	21.245527	24.872005	23.093535	0.564961
5.73	28.54	15.54	15.54	3.08	1.85	21.243128	24.870117	23.091355	0.564961
5.73	28.54	15.54	15.54	3.08	1.85	21.240731	24.868231	23.089176	0.564961
5.74	28.54	15.54	15.54	3.08	1.85	21.238337	24.866345	23.086998	0.564961
5.74	28.54	15.54	15.54	3.08	1.85	21.235944	24.864460	23.084822	0.564961
5.74	28.54	15.53	15.53	3.08	1.85	21.233553	24.862577	23.082648	0.564962
5.74	28.54	15.53	15.53	3.08	1.85	21.231165	24.860694	23.080475	0.564962
5.75	28.54	15.53	15.53	3.08	1.85	21.228778	24.858813	23.078304	0.564962
5.75	28.54	15.53	15.53	3.08	1.85	21.226394	24.856933	23.076135	0.564962
5.75	28.54	15.53	15.53	3.08	1.85	21.224011	24.855053	23.073966	0.564962
5.76	28.54	15.53	15.53	3.08	1.85	21.221631	24.853175	23.071800	0.564962
5.76	28.54	15.53	15.53	3.08	1.85	21.219253	24.851298	23.069635	0.564962
5.76	28.54	15.53	15.53	3.08	1.85	21.216877	24.849422	23.067472	0.564962
5.76	28.54	15.52	15.52	3.08	1.85	21.214503	24.847547	23.065310	0.564963
5.77	28.54	15.52	15.52	3.08	1.85	21.212131	24.845673	23.063149	0.564963
5.77	28.54	15.52	15.52	3.08	1.85	21.209761	24.843800	23.060991	0.564963
5.77	28.54	15.52	15.52	3.08	1.85	21.207394	24.841928	23.058834	0.564963
5.78	28.54	15.52	15.52	3.08	1.85	21.205028	24.840057	23.056678	0.564963
5.78	28.54	15.52	15.52	3.08	1.85	21.202664	24.838187	23.054524	0.564963
5.78	28.54	15.52	15.52	3.08	1.85	21.200303	24.836318	23.052371	0.564963
5.78	28.54	15.52	15.52	3.08	1.85	21.197944	24.834451	23.050221	0.564963
5.79	28.54	15.51	15.51	3.08	1.85	21.195587	24.832584	23.048071	0.564963
5.79	28.54	15.51	15.51	3.08	1.85	21.193231	24.830718	23.045923	0.564963
5.79	28.54	15.51	15.51	3.08	1.85	21.190878	24.828854	23.043777	0.564964
5.79	28.54	15.51	15.51	3.08	1.85	21.188528	24.826990	23.041633	0.564964
5.80	28.54	15.51	15.51	3.08	1.85	21.186179	24.825128	23.039490	0.564964
5.80	28.54	15.51	15.51	3.08	1.85	21.183832	24.823266	23.037348	0.564964
5.80	28.54	15.51	15.51	3.08	1.85	21.181487	24.821406	23.035208	0.564964
5.81	28.54	15.50	15.50	3.08	1.85	21.179145	24.819547	23.033070	0.564964
5.81	28.54	15.50	15.50	3.07	1.85	21.176805	24.817689	23.030933	0.564964
5.81	28.54	15.50	15.50	3.07	1.85	21.174466	24.815832	23.028798	0.564964
5.81	28.54	15.50	15.50	3.07	1.85	21.172130	24.813976	23.026664	0.564964
5.82	28.54	15.50	15.50	3.07	1.85	21.169796	24.812121	23.024532	0.564964
5.82	28.54	15.50	15.50	3.07	1.85	21.167464	24.810267	23.022402	0.564964
5.82	28.54	15.50	15.50	3.07	1.85	21.165134	24.808414	23.020273	0.564964
5.83	28.54	15.50	15.50	3.07	1.85	21.162807	24.806562	23.018146	0.564964
5.83	28.54	15.50	15.50	3.07	1.85	21.160481	24.804711	23.016020	0.564964
5.83	28.54	15.49	15.49	3.07	1.85	21.158157	24.802861	23.013896	0.564964
5.83	28.54	15.49	15.49	3.07	1.85	21.155836	24.801013	23.011773	0.564964
5.84	28.54	15.49	15.49	3.07	1.85	21.153517	24.799165	23.009652	0.564964
5.84	28.54	15.49	15.49	3.07	1.85	21.151199	24.797319	23.007533	0.564964
5.84	28.54	15.49	15.49	3.07	1.85	21.148884	24.795473	23.005415	0.564964
5.84	28.54	15.49	15.49	3.07	1.85	21.146571	24.793629	23.003298	0.564964
5.85	28.54	15.49	15.49	3.07	1.85	21.144261	24.791786	23.001184	0.564964
5.85	28.54	15.49	15.49	3.07	1.85	21.141952	24.789944	22.999071	0.564964
5.85	28.54	15.48	15.48	3.07	1.85	21.139645	24.788102	22.996959	0.564964
5.86	28.54	15.48	15.48	3.07	1.85	21.137341	24.786262	22.994849	0.564964
5.86	28.54	15.48	15.48	3.07	1.85	21.135038	24.784423	22.992741	0.564964
5.86	28.54	15.48	15.48	3.07	1.85	21.132738	24.782585	22.990634	0.564964
5.86	28.54	15.48	15.48	3.07	1.85	21.130440	24.780749	22.988529	0.564964
5.87	28.54	15.48	15.48	3.07	1.85	21.128144	24.778913	22.986425	0.564964
5.87	28.54	15.48	15.48	3.07	1.85	21.125850	24.777078	22.984323	0.564964
5.87	28.54	15.48	15.48	3.07	1.85	21.123558	24.775244	22.982223	0.564964
5.88	28.54	15.47	15.47	3.07	1.85	21.121269	24.773412	22.980124	0.564964
5.88	28.54	15.47	15.47	3.07	1.85	21.118981	24.771580	22.978027	0.564964
5.88	28.54	15.47	15.47	3.07	1.85	21.116696	24.769750	22.975931	0.564964
5.88	28.54	15.47	15.47	3.07	1.85	21.114412	24.767921	22.973837	0.564964
5.89	28.54	15.47	15.47	3.07	1.85	21.112131	24.766092	22.971744	0.564964
5.89	28.54	15.47	15.47	3.07	1.85	21.109852	24.764265	22.969654	0.564964
5.89	28.54	15.47	15.47	3.07	1.85	21.107575	24.762439	22.967564	0.564964
5.89	28.54	15.47	15.47	3.07	1.85	21.105300	24.760614	22.965477	0.564964
5.90	28.54	15.47	15.47	3.07	1.85	21.103028	24.758790	22.963390	0.564963
5.90	28.54	15.46	15.46	3.07	1.85	21.100757	24.756967	22.961306	0.564963
5.90	28.54	15.46	15.46	3.07	1.85	21.098489	24.755145	22.959223	0.564963
5.91	28.54	15.46	15.46	3.07	1.85	21.096222	24.753325	22.957142	0.564963
5.91	28.54	15.46	15.46	3.07	1.85	21.093958	24.751505	22.955062	0.564963
5.91	28.54	15.46	15.46	3.07	1.85	21.091696	24.749687	22.952984	0.564963
5.91	28.54	15.46	15.46	3.07	1.85	21.089436	24.747869	22.950907	0.564963
5.92	28.54	15.46	15.46	3.07	1.85	21.087179	24.746053	22.948832	0.564963
5.92	28.54	15.46	15.46	3.07	1.85	21.084923	24.744238	22.946759	0.564963
5.92	28.54	15.46	15.46	3.07	1.85	21.082669	24.742423	22.944687	0.564963
5.92	28.54	15.45	15.45	3.07	1.85	21.080418	24.740610	22.942617	0.564962
5.93	28.54	15.45	15.45	3.07	1.85	21.078169	24.738798	22.940549	0.564962
5.93	28.54	15.45	15.45	3.07	1.85	21.075922	24.736987	22.938482	0.564962
5.93	28.54	15.45	15.45	3.07	1.85	21.073677	24.735177	22.936416	0.564962
5.94	28.54	15.45	15.45	3.07	1.85	21.071434	24.733369	22.934352	0.564962
5.94	28.54	15.45	15.45	3.07	1.85	21.069193	24.731561	22.932290	0.564962
5.94	28.54	15.45	15.45	3.07	1.85	21.066955	24.729754	22.930230	0.564962
5.94	28.54	15.45	15.45	3.07	1.85	21.064718	24.727949	22.928171	0.564962
5.95	28.54	15.45	15.45	3.07	1.85	21.062484	24.726144	22.926114	0.564961
5.95	28.54	15.44	15.44	3.07	1.85	21.060252	24.724341	22.924058	0.564961
5.95	28.54	15.44	15.44	3.07	1.85	21.058022	24.722539	22.922004	0.564961
5.96	28.54	15.44	15.44	3.07	1.85	21.055794	24.720738	22.919951	0.564961
5.96	28.54	15.44	15.44	3.07	1.85	21.053568	24.718938	22.917900	0.564961
5.96	28.54	15.44	15.44	3.07	1.85	21.051345	24.717139	22.915851	0.564961
5.96	28.54	15.44	15.44	3.07	1.85	21.049123	24.715341	22.913803	0.564960
5.97	28.54	15.44	15.44	3.07	1.85	21.046904	24.713544	22.911757	0.564960
5.97	28.54	15.44	15.44	3.07	1.86	21.044687	24.711748	22.909713	0.564960
5.97	28.54	15.44	15.44	3.07	1.86	21.042472	24.709954	22.907670	0.564960
5.97	28.54	15.44	15.44	3.07	1.86	21.040259	24.708160	22.905629	0.564960
5.98	28.54	15.43	15.43	3.07	1.86	21.038049	24.706368	22.903589	0.564960
5.98	28.54	15.43	15.43	3.07	1.86	21.035840	24.704576	22.901551	0.564959
5.98	28.54	15.43	15.43	3.07	1.86	21.033634	24.702786	22.899514	0.564959
5.99	28.54	15.43	15.43	3.07	1.86	21.031429	24.700997	22.897480	0.564959
5.99	28.54	15.43	15.43	3.07	1.86	21.029227	24.699209	22.895446	0.564959
5.99	28.54	15.43	15.43	3.07	1.86	21.027027	24.697422	22.893415	0.564959
5.99	28.54	15.43	15.43	3.07	1.86	21.024830	24.695636	22.891385	0.564958
6.00	28.54	15.43	15.43	3.07	1.86	21.022634	24.693852	22.889357	0.564958
6.00	28.54	15.43	15.43	3.07	1.86	21.020440	24.692068	22.887330	0.564958
6.00	28.54	15.43	15.43	3.07	1.86	21.018249	24.690285	22.885305	0.564958
6.01	28.54	15.42	15.42	3.07	1.86	21.016060	24.688504	22.883281	0.564958
6.01	28.54	15.42	15.42	3.07	1.86	21.013873	24.686724	22.881259	0.564957
6.01	28.54	15.42	15.42	3.07	1.86	21.011688	24.684944	22.879239	0.564957
6.01	28.54	15.42	15.42	3.07	1.86	21.009505	24.683166	22.877221	0.564957
6.02	28.54	15.42	15.42	3.07	1.86	21.007325	24.681389	22.875204	0.564957
6.02	28.54	15.42	15.42	3.07	1.86	21.005146	24.679613	22.873188	0.564956
6.02	28.54	15.42	15.42	3.07	1.86	21.002970	24.677839	22.871174	0.564956
6.03	28.54	15.42	15.42	3.07	1.86	21.000796	24.676065	22.869162	0.564956
6.03	28.54	15.42	15.42	3.07	1.86	20.998624	24.674292	22.867152	0.564956
6.03	28.54	15.42	15.42	3.07	1.86	20.996454	24.672521	22.865143	0.564955
6.03	28.54	15.42	15.42	3.07	1.86	20.994287	24.670750	22.863135	0.564955
6.04	28.54	15.41	15.41	3.07	1.86	20.992121	24.668981	22.861130	0.564955
6.04	28.54	15.41	15.41	3.07	1.86	20.989958	24.667213	22.859126	0.564955
6.04	28.54	15.41	15.41	3.07	1.86	20.987797	24.665446	22.857123	0.564954
6.04	28.54	15.41	15.41	3.07	1.86	20.985638	24.663680	22.855123	0.564954
6.05	28.54	15.41	15.41	3.07	1.86	20.983481	24.661915	22.853123	0.564954
6.05	28.54	15.41	15.41	3.07	1.86	20.981326	24.660151	22.851126	0.564953
6.05	28.54	15.41	15.41	3.07	1.86	20.979174	24.658389	22.849130	0.564953
6.06	28.54	15.41	15.41	3.07	1.86	20.977024	24.656627	22.847136	0.564953
6.06	28.54	15.41	15.41	3.07	1.86	20.974876	24.654867	22.845143	0.564953
6.06	28.54	15.41	15.41	3.07	1.86	20.972730	24.653108	22.843152	0.564952
6.06	28.54	15.40	15.40	3.07	1.86	20.970586	24.651349	22.841163	0.564952
6.07	28.54	15.40	15.40	3.07	1.86	20.968444	24.649592	22.839175	0.564952
6.07	28.54	15.40	15.40	3.07	1.86	20.966305	24.647836	22.837189	0.564951
6.07	28.54	15.40	15.40	3.07	1.86	20.964167	24.646082	22.835204	0.564951
6.08	28.54	15.40	15.40	3.07	1.86	20.962032	24.644328	22.833222	0.564951
6.08	28.54	15.40	15.40	3.07	1.86	20.959899	24.642575	22.831240	0.564950
6.08	28.54	15.40	15.40	3.07	1.86	20.957769	24.640824	22.829261	0.564950
6.08	28.54	15.40	15.40	3.07	1.86	20.955640	24.639073	22.827283	0.564950
6.09	28.54	15.40	15.40	3.07	1.86	20.953514	24.637324	22.825307	0.564949
6.09	28.54	15.40	15.40	3.07	1.86	20.951389	24.635576	22.823332	0.564949
6.09	28.54	15.40	15.40	3.07	1.86	20.949267	24.633829	22.821359	0.564949
6.09	28.54	15.40	15.40	3.07	1.86	20.947147	24.632083	22.819387	0.564948
6.10	28.54	15.39	15.39	3.07	1.86	20.945030	24.630338	22.817418	0.564948
6.10	28.54	15.39	15.39	3.07	1.86	20.942914	24.628595	22.815450	0.564948
6.10	28.54	15.39	15.39	3.07	1.86	20.940801	24.626852	22.813483	0.564947
6.11	28.54	15.39	15.39	3.07	1.86	20.938689	24.625111	22.811518	0.564947
6.11	28.54	15.39	15.39	3.07	1.86	20.936580	24.623370	22.809555	0.564946
6.11	28.54	15.39	15.39	3.07	1.86	20.934474	24.621631	22.807593	0.564946
6.11	28.54	15.39	15.39	3.07	1.86	20.932369	24.619893	22.805634	0.564946
6.12	28.54	15.39	15.39	3.07	1.86	20.930266	24.618156	22.803675	0.564945
6.12	28.54	15.39	15.39	3.07	1.86	20.928166	24.616420	22.801719	0.564945
6.12	28.54	15.39	15.39	3.07	1.86	20.926068	24.614686	22.799764	0.564945
6.12	28.54	15.39	15.39	3.07	1.86	20.923972	24.612952	22.797810	0.564944
6.13	28.54	15.39	15.39	3.07	1.86	20.921878	24.611220	22.795859	0.564944
6.13	28.54	15.38	15.38	3.07	1.86	20.919787	24.609488	22.793909	0.564943
6.13	28.54	15.38	15.38	3.07	1.86	20.917697	24.607758	22.791960	0.564943
6.14	28.54	15.38	15.38	3.07	1.86	20.915610	24.606029	22.790013	0.564943
6.14	28.54	15.38	15.38	3.07	1.86	20.913525	24.604301	22.788068	0.564942
6.14	28.54	15.38	15.38	3.07	1.86	20.911442	24.602574	22.786125	0.564942
6.14	28.54	15.38	15.38	3.07	1.86	20.909362	24.600849	22.784183	0.564941
6.15	28.54	15.38	15.38	3.07	1.86	20.907283	24.599124	22.782243	0.564941
6.15	28.54	15.38	15.38	3.07	1.86	20.905207	24.597401	22.780304	0.564941
6.15	28.54	15.38	15.38	3.07	1.86	20.903133	24.595678	22.778367	0.564940
6.16	28.54	15.38	15.38	3.07	1.86	20.901061	24.593957	22.776432	0.564940
6.16	28.54	15.38	15.38	3.07	1.86	20.898991	24.592237	22.774499	0.564939
6.16	28.54	15.38	15.38	3.07	1.86	20.896924	24.590518	22.772567	0.564939
6.16	28.54	15.38	15.38	3.07	1.86	20.894858	24.588800	22.770636	0.564938
6.17	28.54	15.37	15.37	3.07	1.86	20.892795	24.587084	22.768708	0.564938
6.17	28.54	15.37	15.37	3.07	1.86	20.890734	24.585368	22.766781	0.564937
6.17	28.54	15.37	15.37	3.07	1.86	20.888676	24.583654	22.764856	0.564937
6.17	28.54	15.37	15.37	3.07	1.86	20.886619	24.581941	22.762932	0.564937
6.18	28.54	15.37	15.37	3.07	1.86	20.884565	24.580229	22.761010	0.564936
6.18	28.54	15.37	15.37	3.07	1.86	20.882512	24.578518	22.759090	0.564936
6.18	28.54	15.37	15.37	3.07	1.86	20.880462	24.576808	22.757171	0.564935
6.19	28.54	15.37	15.37	3.07	1.86	20.878415	24.575099	22.755254	0.564935
6.19	28.54	15.37	15.37	3.07	1.86	20.876369	24.573391	22.753338	0.564934
6.19	28.54	15.37	15.37	3.07	1.86	20.874326	24.571685	22.751425	0.564934
6.19	28.54	15.37	15.37	3.07	1.86	20.872285	24.569980	22.749513	0.564933
6.20	28.54	15.37	15.37	3.07	1.86	20.870246	24.568276	22.747602	0.564933
6.20	28.54	15.37	15.37	3.07	1.86	20.868209	24.566573	22.745694	0.564932
6.20	28.54	15.36	15.36	3.07	1.86	20.866174	24.564871	22.743787	0.564932
6.21	28.54	15.36	15.36	3.07	1.86	20.864142	24.563170	22.741881	0.564931
6.21	28.54	15.36	15.36	3.07	1.86	20.862112	24.561470	22.739977	0.564931
6.21	28.54	15.36	15.36	3.07	1.86	20.860084	24.559772	22.738075	0.564930
6.21	28.54	15.36	15.36	3.07	1.86	20.858058	24.558075	22.736175	0.564930
6.22	28.54	15.36	15.36	3.07	1.86	20.856034	24.556378	22.734276	0.564929
6.22	28.54	15.36	15.36	3.07	1.86	20.854013	24.554683	22.732379	0.564929
6.22	28.54	15.36	15.36	3.07	1.86	20.851994	24.552989	22.730484	0.564928
6.22	28.54	15.36	15.36	3.07	1.86	20.849977	24.551297	22.728590	0.564928
6.23	28.54	15.36	15.36	3.07	1.86	20.847962	24.549605	22.726698	0.564927
6.23	28.54	15.36	15.36	3.07	1.86	20.845950	24.547915	22.724807	0.564927
6.23	28.54	15.36	15.36	3.07	1.86	20.843939	24.546225	22.722919	0.564926
6.24	28.54	15.36	15.36	3.07	1.86	20.841931	24.544537	22.721031	0.564926
6.24	28.54	15.36	15.36	3.07	1.86	20.839925	24.542850	22.719146	0.564925
6.24	28.54	15.36	15.36	3.07	1.86	20.837921	24.541164	22.717262	0.564924
6.24	28.54	15.35	15.35	3.07	1.86	20.835920	24.539480	22.715380	0.564924
6.25	28.54	15.35	15.35	3.07	1.86	20.833921	24.537796	22.713500	0.564923
6.25	28.54	15.35	15.35	3.07	1.86	20.831924	24.536114	22.711621	0.564923
6.25	28.54	15.35	15.35	3.07	1.86	20.829929	24.534432	22.709744	0.564922
6.26	28.54	15.35	15.35	3.07	1.86	20.827936	24.532752	22.707869	0.564922
6.26	28.54	15.35	15.35	3.07	1.86	20.825946	24.531073	22.705995	0.564921
6.26	28.54	15.35	15.35	3.06	1.86	20.823957	24.529395	22.704123	0.564921
6.26	28.54	15.35	15.35	3.06	1.86	20.821971	24.527719	22.702252	0.564920
6.27	28.54	15.35	15.35	3.06	1.86	20.819987	24.526043	22.700384	0.564919
6.27	28.54	15.35	15.35	3.06	1.86	20.818006	24.524369	22.698517	0.564919
6.27	28.54	15.35	15.35	3.06	1.86	20.816027	24.522696	22.696651	0.564918
6.28	28.54	15.35	15.35	3.06	1.86	20.814049	24.521023	22.694788	0.564918
6.28	28.54	15.35	15.35	3.06	1.86	20.812074	24.519353	22.692926	0.564917
6.28	28.54	15.35	15.35	3.06	1.86	20.810102	24.517683	22.691065	0.564916
6.28	28.54	15.35	15.35	3.06	1.86	20.808131	24.516014	22.689207	0.564916
6.29	28.54	15.35	15.35	3.06	1.86	20.806163	24.514347	22.687350	0.564915
6.29	28.54	15.34	15.34	3.06	1.86	20.804197	24.512680	22.685494	0.564915
6.29	28.54	15.34	15.34	3.06	1.86	20.802233	24.511015	22.683641	0.564914
6.29	28.54	15.34	15.34	3.06	1.86	20.800271	24.509351	22.681789	0.564913
6.30	28.54	15.34	15.34	3.06	1.86	20.798312	24.507688	22.679938	0.564913
6.30	28.54	15.34	15.34	3.06	1.86	20.796355	24.506027	22.678090	0.564912
6.30	28.54	15.34	15.34	3.06	1.86	20.794400	24.504366	22.676243	0.564911
6.31	28.54	15.34	15.34	3.06	1.86	20.792447	24.502707	22.674398	0.564911
6.31	28.54	15.34	15.34	3.06	1.86	20.790496	24.501049	22.672554	0.564910
6.31	28.54	15.34	15.34	3.06	1.86	20.788548	24.499392	22.670712	0.564910
6.31	28.54	15.34	15.34	3.06	1.86	20.786602	24.497736	22.668872	0.564909
6.32	28.54	15.34	15.34	3.06	1.86	20.784658	24.496081	22.667034	0.564908
6.32	28.54	15.34	15.34	3.06	1.86	20.782717	24.494427	22.665197	0.564908
6.32	28.54	15.34	15.34	3.06	1.86	20.780777	24.492775	22.663362	0.564907
6.33	28.54	15.34	15.34	3.06	1.86	20.778840	24.491124	22.661528	0.564906
6.33	28.54	15.34	15.34	3.06	1.86	20.776905	24.489474	22.659697	0.564906
6.33	28.54	15.34	15.34	3.06	1.86	20.774972	24.487825	22.657867	0.564905
6.33	28.54	15.34	15.34	3.06	1.86	20.773042	24.486177	22.656038	0.564904
6.34	28.54	15.34	15.34	3.06	1.86	20.771114	24.484530	22.654212	0.564904
6.34	28.54	15.33	15.33	3.06	1.86	20.769188	24.482885	22.652387	0.564903
6.34	28.54	15.33	15.33	3.06	1.86	20.767264	24.481241	22.650563	0.564902
6.34	28.54	15.33	15.33	3.06	1.86	20.765342	24.479598	22.648742	0.564902
6.35	28.54	15.33	15.33	3.06	1.86	20.763423	24.477956	22.646922	0.564901
6.35	28.54	15.33	15.33	3.06	1.86	20.761506	24.476315	22.645104	0.564900
6.35	28.54	15.33	15.33	3.06	1.86	20.759591	24.474675	22.643287	0.564900
6.36	28.54	15.33	15.33	3.06	1.86	20.757678	24.473037	22.641472	0.564899
6.36	28.54	15.33	15.33	3.06	1.86	20.755768	24.471400	22.639659	0.564898
6.36	28.54	15.33	15.33	3.06	1.86	20.753860	24.469764	22.637848	0.564897
6.36	28.54	15.33	15.33	3.06	1.86	20.751954	24.468129	22.636038	0.564897
6.37	28.54	15.33	15.33	3.06	1.86	20.750050	24.466495	22.634230	0.564896
6.37	28.54	15.33	15.33	3.06	1.86	20.748149	24.464862	22.632423	0.564895
6.37	28.54	15.33	15.33	3.06	1.86	20.746249	24.463231	22.630619	0.564895
6.38	28.54	15.33	15.33	3.06	1.86	20.744352	24.461601	22.628816	0.564894
6.38	28.54	15.33	15.33	3.06	1.86	20.742458	24.459972	22.627014	0.564893
6.38	28.54	15.33	15.33	3.06	1.86	20.740565	24.458344	22.625215	0.564892
6.38	28.54	15.33	15.33	3.06	1.86	20.738675	24.456717	22.623417	0.564892
6.39	28.54	15.33	15.33	3.06	1.86	20.736787	24.455092	22.621621	0.564891
6.39	28.54	15.33	15.33	3.06	1.86	20.734901	24.453467	22.619826	0.564890
6.39	28.54	15.33	15.33	3.06	1.86	20.733017	24.451844	22.618034	0.564889
6.39	28.54	15.33	15.33	3.06	1.86	20.731136	24.450222	22.616242	0.564889
6.40	28.54	15.32	15.32	3.06	1.86	20.729257	24.448601	22.614453	0.564888
6.40	28.54	15.32	15.32	3.06	1.86	20.727380	24.446981	22.612665	0.564887
6.40	28.54	15.32	15.32	3.06	1.86	20.725506	24.445363	22.610879	0.564886
6.41	28.54	15.32	15.32	3.06	1.86	20.723633	24.443746	22.609095	0.564886
6.41	28.54	15.32	15.32	3.06	1.86	20.721763	24.442129	22.607313	0.564885
6.41	28.54	15.32	15.32	3.06	1.86	20.719895	24.440514	22.605532	0.564884
6.41	28.54	15.32	15.32	3.06	1.86	20.718030	24.438901	22.603752	0.564883
6.42	28.54	15.32	15.32	3.06	1.86	20.716166	24.437288	22.601975	0.564882
6.42	28.54	15.32	15.32	3.06	1.86	20.714305	24.435677	22.600199	0.564882
6.42	28.54	15.32	15.32	3.06	1.86	20.712446	24.434066	22.598425	0.564881
6.42	28.54	15.32	15.32	3.06	1.86	20.710590	24.432457	22.596653	0.564880
6.43	28.54	15.32	15.32	3.06	1.86	20.708735	24.430849	22.594882	0.564879
6.43	28.54	15.32	15.32	3.06	1.86	20.706883	24.429243	22.593113	0.564879
6.43	28.54	15.32	15.32	3.06	1.86	20.705033	24.427637	22.591346	0.564878
6.44	28.54	15.32	15.32	3.06	1.86	20.703186	24.426033	22.589581	0.564877
6.44	28.54	15.32	15.32	3.06	1.86	20.701341	24.424430	22.587817	0.564876
6.44	28.54	15.32	15.32	3.06	1.86	20.699497	24.422828	22.586055	0.564875
6.44	28.54	15.32	15.32	3.06	1.86	20.697657	24.421227	22.584294	0.564874
6.45	28.54	15.32	15.32	3.06	1.86	20.695818	24.419627	22.582536	0.564874
6.45	28.54	15.32	15.32	3.06	1.86	20.693982	24.418029	22.580779	0.564873
6.45	28.54	15.32	15.32	3.06	1.86	20.692147	24.416432	22.579023	0.564872
6.46	28.54	15.32	15.32	3.06	1.86	20.690316	24.414835	22.577270	0.564871
6.46	28.54	15.32	15.32	3.06	1.86	20.688486	24.413241	22.575518	0.564870
6.46	28.54	15.32	15.32	3.06	1.86	20.686659	24.411647	22.573768	0.564870
6.46	28.54	15.32	15.32	3.06	1.86	20.684834	24.410054	22.572019	0.564869
6.47	28.54	15.32	15.32	3.06	1.86	20.683011	24.408463	22.570273	0.564868
6.47	28.54	15.31	15.31	3.06	1.86	20.681190	24.406873	22.568528	0.564867
6.47	28.54	15.31	15.31	3.06	1.86	20.679372	24.405284	22.566784	0.564866
6.47	28.54	15.31	15.31	3.06	1.86	20.677556	24.403696	22.565043	0.564865
6.48	28.54	15.31	15.31	3.06	1.86	20.675742	24.402110	22.563303	0.564864
6.48	28.54	15.31	15.31	3.06	1.86	20.673931	24.400524	22.561565	0.564864
6.48	28.54	15.31	15.31	3.06	1.86	20.672121	24.398940	22.559829	0.564863
6.49	28.54	15.31	15.31	3.06	1.86	20.670314	24.397357	22.558094	0.564862
6.49	28.54	15.31	15.31	3.06	1.86	20.668509	24.395775	22.556361	0.564861
6.49	28.54	15.31	15.31	3.06	1.86	20.666707	24.394195	22.554630	0.564860
6.49	28.54	15.31	15.31	3.06	1.86	20.664907	24.392615	22.552900	0.564859
6.50	28.54	15.31	15.31	3.06	1.86	20.663109	24.391037	22.551172	0.564858
6.50	28.54	15.31	15.31	3.06	1.86	20.661313	24.389460	22.549446	0.564857
6.50	28.54	15.31	15.31	3.06	1.86	20.659520	24.387884	22.547722	0.564857
6.51	28.54	15.31	15.31	3.06	1.86	20.657728	24.386310	22.545999	0.564856
6.51	28.54	15.31	15.31	3.06	1.86	20.655940	24.384736	22.544278	0.564855
6.51	28.54	15.31	15.31	3.06	1.86	20.654153	24.383164	22.542559	0.564854
6.51	28.54	15.31	15.31	3.06	1.86	20.652369	24.381593	22.540842	0.564853
6.52	28.54	15.31	15.31	3.06	1.86	20.650586	24.380023	22.539126	0.564852
6.52	28.54	15.31	15.31	3.06	1.86	20.648807	24.378454	22.537412	0.564851
6.52	28.54	15.31	15.31	3.06	1.86	20.647029	24.376887	22.535700	0.564850
6.53	28.54	15.31	15.31	3.06	1.86	20.645254	24.375321	22.533989	0.564849
6.53	28.54	15.31	15.31	3.06	1.86	20.643481	24.373756	22.532280	0.564848
6.53	28.54	15.31	15.31	3.06	1.86	20.641710	24.372192	22.530573	0.564847
6.53	28.54	15.31	15.31	3.06	1.86	20.639941	24.370629	22.528868	0.564846
6.54	28.54	15.31	15.31	3.06	1.86	20.638175	24.369068	22.527164	0.564845
6.54	28.54	15.31	15.31	3.06	1.86	20.636411	24.367507	22.525462	0.564845
6.54	28.54	15.31	15.31	3.06	1.86	20.634649	24.365948	22.523762	0.564844
6.54	28.54	15.31	15.31	3.06	1.86	20.632890	24.364390	22.522063	0.564843
6.55	28.54	15.31	15.31	3.06	1.86	20.631133	24.362834	22.520367	0.564842
6.55	28.54	15.31	15.31	3.06	1.86	20.629378	24.361278	22.518672	0.564841
6.55	28.54	15.31	15.31	3.06	1.86	20.627625	24.359724	22.516978	0.564840
6.56	28.54	15.31	15.31	3.06	1.86	20.625875	24.358171	22.515287	0.564839
6.56	28.54	15.31	15.31	3.06	1.86	20.624127	24.356619	22.513597	0.564838
6.56	28.54	15.31	15.31	3.06	1.86	20.622381	24.355068	22.511909	0.564837
6.56	28.54	15.31	15.31	3.06	1.86	20.620638	24.353519	22.510222	0.564836
6.57	28.54	15.31	15.31	3.06	1.86	20.618897	24.351971	22.508538	0.564835
6.57	28.54	15.31	15.31	3.06	1.86	20.617158	24.350424	22.506855	0.564834
6.57	28.54	15.30	15.30	3.06	1.86	20.615421	24.348878	22.505174	0.564833
6.58	28.54	15.30	15.30	3.06	1.86	20.613687	24.347333	22.503494	0.564832
6.58	28.54	15.30	15.30	3.06	1.86	20.611954	24.345790	22.501817	0.564831
6.58	28.54	15.30	15.30	3.06	1.86	20.610225	24.344248	22.500141	0.564830
6.58	28.54	15.30	15.30	3.06	1.86	20.608497	24.342707	22.498466	0.564829
6.59	28.54	15.30	15.30	3.06	1.86	20.606772	24.341167	22.496794	0.564828
6.59	28.54	15.30	15.30	3.06	1.86	20.605049	24.339628	22.495123	0.564827
6.59	28.54	15.30	15.30	3.06	1.86	20.603328	24.338091	22.493454	0.564826
6.59	28.54	15.30	15.30	3.06	1.86	20.601610	24.336555	22.491787	0.564825
6.60	28.54	15.30	15.30	3.06	1.86	20.599893	24.335020	22.490121	0.564824
6.60	28.54	15.30	15.30	3.06	1.86	20.598180	24.333486	22.488458	0.564823
6.60	28.54	15.30	15.30	3.06	1.86	20.596468	24.331953	22.486796	0.564822
6.61	28.54	15.30	15.30	3.06	1.86	20.594759	24.330422	22.485135	0.564821
6.61	28.54	15.30	15.30	3.06	1.86	20.593052	24.328892	22.483477	0.564820
6.61	28.54	15.30	15.30	3.06	1.86	20.591347	24.327363	22.481820	0.564819
6.61	28.54	15.30	15.30	3.06	1.86	20.589645	24.325835	22.480165	0.564818
6.62	28.54	15.30	15.30	3.06	1.86	20.587944	24.324309	22.478512	0.564817
6.62	28.54	15.30	15.30	3.06	1.86	20.586246	24.322784	22.476860	0.564816
6.62	28.54	15.30	15.30	3.06	1.86	20.584551	24.321260	22.475210	0.564815
6.62	28.54	15.30	15.30	3.06	1.86	20.582858	24.319737	22.473562	0.564814
6.63	28.54	15.30	15.30	3.06	1.86	20.581167	24.318215	22.471916	0.564813
6.63	28.54	15.30	15.30	3.06	1.86	20.579478	24.316695	22.470271	0.564812
6.63	28.54	15.30	15.30	3.06	1.86	20.577791	24.315176	22.468628	0.564810
6.64	28.54	15.30	15.30	3.06	1.86	20.576107	24.313658	22.466987	0.564809
6.64	28.54	15.30	15.30	3.06	1.86	20.574425	24.312141	22.465348	0.564808
6.64	28.54	15.30	15.30	3.06	1.86	20.572746	24.310625	22.463710	0.564807
6.64	28.54	15.30	15.30	3.06	1.86	20.571069	24.309111	22.462074	0.564806
6.65	28.54	15.30	15.30	3.06	1.86	20.569394	24.307598	22.460440	0.564805
6.65	28.54	15.30	15.30	3.06	1.86	20.567721	24.306086	22.458808	0.564804
6.65	28.54	15.30	15.30	3.06	1.86	20.566051	24.304575	22.457177	0.564803
6.66	28.54	15.30	15.30	3.06	1.86	20.564382	24.303066	22.455548	0.564802
6.66	28.54	15.30	15.30	3.06	1.86	20.562717	24.301558	22.453921	0.564801
6.66	28.54	15.30	15.30	3.06	1.86	20.561053	24.300051	22.452295	0.564800
6.66	28.54	15.30	15.30	3.06	1.86	20.559392	24.298545	22.450672	0.564799
6.67	28.54	15.30	15.30	3.06	1.86	20.557733	24.297040	22.449050	0.564797
6.67	28.54	15.30	15.30	3.06	1.86	20.556076	24.295537	22.447430	0.564796
6.67	28.54	15.30	15.30	3.06	1.86	20.554422	24.294035	22.445811	0.564795
6.67	28.54	15.30	15.30	3.06	1.86	20.552770	24.292534	22.444195	0.564794
6.68	28.54	15.30	15.30	3.06	1.86	20.551120	24.291034	22.442580	0.564793
6.68	28.54	15.30	15.30	3.06	1.86	20.549473	24.289536	22.440967	0.564792
6.68	28.54	15.30	15.30	3.06	1.87	20.547828	24.288039	22.439355	0.564791
6.69	28.54	15.30	15.30	3.06	1.87	20.546185	24.286543	22.437746	0.564790
6.69	28.54	15.30	15.30	3.06	1.87	20.544544	24.285048	22.436138	0.564788
6.69	28.54	15.30	15.30	3.06	1.87	20.542906	24.283554	22.434532	0.564787
6.69	28.54	15.30	15.30	3.06	1.87	20.541270	24.282062	22.432927	0.564786
6.70	28.54	15.30	15.30	3.06	1.87	20.539636	24.280571	22.431325	0.564785
6.70	28.54	15.30	15.30	3.06	1.87	20.538005	24.279081	22.429724	0.564784
6.70	28.54	15.30	15.30	3.06	1.87	20.536376	24.277593	22.428125	0.564783
6.71	28.54	15.30	15.30	3.06	1.87	20.534749	24.276105	22.426528	0.564782
6.71	28.54	15.30	15.30	3.06	1.87	20.533125	24.274619	22.424932	0.564780
6.71	28.54	15.30	15.30	3.06	1.87	20.531503	24.273134	22.423338	0.564779
6.71	28.54	15.30	15.30	3.06	1.87	20.529883	24.271650	22.421746	0.564778
6.72	28.54	15.30	15.30	3.06	1.87	20.528265	24.270168	22.420156	0.564777
6.72	28.54	15.30	15.30	3.06	1.87	20.526650	24.268687	22.418567	0.564776
6.72	28.54	15.30	15.31	3.06	1.87	20.525037	24.267207	22.416981	0.564775
6.72	28.54	15.30	15.31	3.06	1.87	20.523427	24.265728	22.415396	0.564773
6.73	28.54	15.30	15.31	3.06	1.87	20.521818	24.264250	22.413812	0.564772
6.73	28.54	15.30	15.31	3.06	1.87	20.520212	24.262774	22.412231	0.564771
6.73	28.54	15.30	15.31	3.06	1.87	20.518609	24.261299	22.410651	0.564770
6.74	28.54	15.30	15.32	3.06	1.87	20.517007	24.259825	22.409073	0.564769
6.74	28.54	15.30	15.32	3.06	1.87	20.515408	24.258352	22.407497	0.564767
6.74	28.54	15.30	15.32	3.06	1.87	20.513812	24.256881	22.405923	0.564766
6.74	28.54	15.30	15.32	3.06	1.87	20.512218	24.255411	22.404350	0.564765
6.75	28.54	15.30	15.32	3.06	1.87	20.510626	24.253942	22.402779	0.564764
6.75	28.54	15.30	15.33	3.06	1.87	20.509038	24.252474	22.401210	0.564763
6.75	28.54	15.30	15.33	3.06	1.87	20.507451	24.251008	22.399643	0.564761
6.76	28.54	15.30	15.33	3.06	1.87	20.505868	24.249543	22.398078	0.564760
6.76	28.54	15.30	15.33	3.06	1.87	20.504288	24.248079	22.396514	0.564759
6.76	28.54	15.30	15.34	3.06	1.87	20.502710	24.246616	22.394953	0.564758
6.76	28.54	15.30	15.34	3.06	1.87	20.501136	24.245154	22.393393	0.564756
6.77	28.54	15.30	15.34	3.06	1.87	20.499564	24.243694	22.391835	0.564755
6.77	28.54	15.30	15.34	3.06	1.87	20.497996	24.242235	22.390279	0.564754
6.77	28.54	15.30	15.34	3.06	1.87	20.496431	24.240777	22.388725	0.564753
6.78	28.54	15.30	15.35	3.06	1.87	20.494870	24.239321	22.387173	0.564751
6.78	28.54	15.30	15.35	3.06	1.87	20.493312	24.237865	22.385623	0.564750
6.78	28.54	15.30	15.35	3.06	1.87	20.491757	24.236411	22.384074	0.564749
6.78	28.54	15.30	15.35	3.06	1.87	20.490206	24.234959	22.382528	0.564747
6.79	28.54	15.30	15.36	3.06	1.87	20.488659	24.233507	22.380984	0.564746
6.79	28.54	15.31	15.36	3.06	1.87	20.487116	24.232057	22.379442	0.564745
6.79	28.54	15.31	15.36	3.06	1.87	20.485576	24.230608	22.377902	0.564743
6.79	28.54	15.31	15.36	3.06	1.87	20.484040	24.229160	22.376364	0.564742
6.80	28.54	15.31	15.36	3.05	1.87	20.482508	24.227713	22.374829	0.564741
6.80	28.54	15.31	15.37	3.05	1.87	20.480980	24.226268	22.373295	0.564739
6.80	28.54	15.31	15.37	3.05	1.87	20.479456	24.224824	22.371764	0.564738
6.81	28.54	15.31	15.37	3.05	1.87	20.477936	24.223381	22.370234	0.564737
6.81	28.54	15.31	15.37	3.05	1.87	20.476421	24.221939	22.368707	0.564735
6.81	28.54	15.31	15.38	3.05	1.87	20.474909	24.220499	22.367183	0.564734
6.81	28.54	15.31	15.38	3.05	1.87	20.473402	24.219060	22.365660	0.564732
6.82	28.54	15.31	15.38	3.05	1.87	20.471899	24.217622	22.364140	0.564731
6.82	28.54	15.31	15.38	3.05	1.87	20.470400	24.216186	22.362622	0.564729
6.82	28.54	15.31	15.39	3.05	1.87	20.468906	24.214750	22.361107	0.564728
6.83	28.54	15.31	15.39	3.05	1.87	20.467416	24.213316	22.359594	0.564726
6.83	28.54	15.31	15.39	3.05	1.87	20.465930	24.211884	22.358083	0.564725
6.83	28.54	15.31	15.39	3.05	1.87	20.464449	24.210452	22.356574	0.564723
6.83	28.54	15.31	15.40	3.05	1.87	20.462973	24.209022	22.355068	0.564722
6.84	28.54	15.31	15.40	3.05	1.87	20.461501	24.207593	22.353565	0.564720
6.84	28.54	15.31	15.40	3.05	1.87	20.460033	24.206165	22.352064	0.564719
6.84	28.54	15.32	15.40	3.05	1.87	20.458570	24.204739	22.350565	0.564717
6.84	28.54	15.32	15.41	3.05	1.87	20.457112	24.203314	22.349069	0.564716
6.85	28.54	15.32	15.41	3.05	1.87	20.455658	24.201890	22.347575	0.564714
6.85	28.54	15.32	15.41	3.05	1.87	20.454209	24.200467	22.346084	0.564712
6.85	28.54	15.32	15.41	3.05	1.87	20.452765	24.199046	22.344596	0.564711
6.86	28.54	15.32	15.42	3.05	1.87	20.451325	24.197626	22.343110	0.564709
6.86	28.54	15.32	15.42	3.05	1.87	20.449891	24.196207	22.341626	0.564708
6.86	28.54	15.32	15.42	3.05	1.87	20.448460	24.194790	22.340146	0.564706
6.86	28.54	15.32	15.42	3.05	1.87	20.447035	24.193374	22.338667	0.564704
6.87	28.54	15.32	15.43	3.05	1.87	20.445615	24.191959	22.337192	0.564702
6.87	28.54	15.32	15.43	3.05	1.87	20.444199	24.190546	22.335719	0.564701
6.87	28.54	15.32	15.43	3.05	1.87	20.442788	24.189134	22.334249	0.564699
6.88	28.54	15.32	15.43	3.05	1.87	20.441382	24.187723	22.332782	0.564697
6.88	28.54	15.32	15.44	3.05	1.87	20.439981	24.186313	22.331317	0.564696
6.88	28.54	15.33	15.44	3.05	1.87	20.438585	24.184905	22.329855	0.564694
6.88	28.54	15.33	15.44	3.05	1.87	20.437194	24.183498	22.328396	0.564692
6.89	28.54	15.33	15.45	3.05	1.87	20.435807	24.182093	22.326939	0.564690
6.89	28.54	15.33	15.45	3.05	1.87	20.434426	24.180689	22.325485	0.564688
6.89	28.54	15.33	15.45	3.05	1.87	20.433049	24.179286	22.324035	0.564687
6.89	28.54	15.33	15.45	3.05	1.87	20.431678	24.177884	22.322587	0.564685
6.90	28.54	15.33	15.46	3.05	1.87	20.430311	24.176484	22.321141	0.564683
6.90	28.54	15.33	15.46	3.05	1.87	20.428950	24.175085	22.319699	0.564681
6.90	28.54	15.33	15.46	3.05	1.87	20.427594	24.173688	22.318259	0.564679
6.91	28.54	15.33	15.47	3.05	1.87	20.426242	24.172292	22.316823	0.564677
6.91	28.54	15.33	15.47	3.05	1.87	20.424896	24.170897	22.315389	0.564675
6.91	28.54	15.34	15.47	3.05	1.87	20.423554	24.169504	22.313958	0.564673
6.91	28.54	15.34	15.47	3.05	1.87	20.422218	24.168112	22.312530	0.564671
6.92	28.54	15.34	15.48	3.05	1.87	20.420887	24.166721	22.311105	0.564669
6.92	28.54	15.34	15.48	3.05	1.87	20.419561	24.165332	22.309683	0.564667
6.92	28.54	15.34	15.48	3.05	1.87	20.418240	24.163944	22.308263	0.564665
6.92	28.54	15.34	15.49	3.05	1.87	20.416924	24.162558	22.306847	0.564663
6.93	28.54	15.34	15.49	3.05	1.87	20.415614	24.161173	22.305434	0.564661
6.93	28.54	15.34	15.49	3.05	1.87	20.414308	24.159789	22.304024	0.564659
6.93	28.54	15.34	15.49	3.05	1.87	20.413008	24.158407	22.302616	0.564657
6.94	28.54	15.35	15.50	3.05	1.87	20.411712	24.157026	22.301212	0.564655
6.94	28.54	15.35	15.50	3.05	1.87	20.410422	24.155647	22.299811	0.564653
6.94	28.54	15.35	15.50	3.05	1.87	20.409137	24.154269	22.298413	0.564651
6.94	28.54	15.35	15.51	3.05	1.87	20.407858	24.152893	22.297017	0.564649
6.95	28.54	15.35	15.51	3.05	1.87	20.406583	24.151518	22.295625	0.564647
6.95	28.54	15.35	15.51	3.05	1.87	20.405314	24.150144	22.294236	0.564644
6.95	28.54	15.35	15.52	3.05	1.87	20.404050	24.148772	22.292850	0.564642
6.96	28.54	15.35	15.52	3.05	1.87	20.402791	24.147401	22.291468	0.564640
6.96	28.54	15.35	15.52	3.05	1.87	20.401538	24.146032	22.290088	0.564638
6.96	28.54	15.36	15.53	3.05	1.87	20.400289	24.144664	22.288711	0.564636
6.96	28.54	15.36	15.53	3.05	1.87	20.399046	24.143298	22.287338	0.564633
6.97	28.54	15.36	15.53	3.05	1.87	20.397808	24.141933	22.285967	0.564631
6.97	28.54	15.36	15.53	3.05	1.87	20.396576	24.140570	22.284600	0.564629
6.97	28.54	15.36	15.54	3.05	1.87	20.395349	24.139208	22.283236	0.564626
6.97	28.54	15.36	15.54	3.05	1.87	20.394127	24.137847	22.281875	0.564624
6.98	28.54	15.36	15.54	3.05	1.87	20.392910	24.136488	22.280517	0.564622
6.98	28.54	15.37	15.55	3.05	1.87	20.391699	24.135131	22.279163	0.564620
6.98	28.54	15.37	15.55	3.05	1.87	20.390493	24.133775	22.277811	0.564617
6.99	28.54	15.37	15.55	3.05	1.87	20.389292	24.132420	22.276463	0.564615
6.99	28.54	15.37	15.56	3.05	1.87	20.388097	24.131067	22.275118	0.564612
6.99	28.54	15.37	15.56	3.05	1.87	20.386907	24.129716	22.273777	0.564610
6.99	28.54	15.37	15.56	3.05	1.87	20.385722	24.128366	22.272438	0.564608
7.00	28.54	15.37	15.57	3.05	1.87	20.384543	24.127018	22.271103	0.564605
7.00	28.54	15.38	15.57	3.05	1.87	20.383369	24.125671	22.269771	0.564603
7.00	28.54	15.38	15.57	3.05	1.87	20.382200	24.124325	22.268442	0.564600
7.01	28.54	15.38	15.58	3.05	1.87	20.381037	24.122982	22.267117	0.564598
7.01	28.54	15.38	15.58	3.05	1.87	20.379879	24.121639	22.265794	0.564595
7.01	28.54	15.38	15.58	3.05	1.87	20.378727	24.120299	22.264475	0.564593
7.01	28.54	15.38	15.59	3.05	1.87	20.377580	24.118959	22.263160	0.564590
7.02	28.54	15.38	15.59	3.05	1.87	20.376438	24.117622	22.261847	0.564588
7.02	28.54	15.39	15.59	3.05	1.87	20.375302	24.116286	22.260538	0.564585
7.02	28.54	15.39	15.60	3.05	1.87	20.374171	24.114951	22.259233	0.564582
7.03	28.54	15.39	15.60	3.05	1.87	20.373046	24.113618	22.257930	0.564580
7.03	28.54	15.39	15.60	3.05	1.87	20.371926	24.112287	22.256631	0.564577
7.03	28.54	15.39	15.61	3.05	1.87	20.370812	24.110957	22.255336	0.564575
7.03	28.54	15.39	15.61	3.05	1.86	20.369703	24.109629	22.254043	0.564572
7.04	28.54	15.40	15.62	3.05	1.86	20.368599	24.108303	22.252754	0.564569
7.04	28.54	15.40	15.62	3.05	1.86	20.367501	24.106978	22.251469	0.564567
7.04	28.54	15.40	15.62	3.05	1.86	20.366408	24.105654	22.250186	0.564564
7.04	28.54	15.40	15.63	3.05	1.86	20.365321	24.104332	22.248907	0.564561
7.05	28.54	15.40	15.63	3.05	1.86	20.364240	24.103012	22.247632	0.564558
7.05	28.54	15.40	15.63	3.05	1.86	20.363163	24.101694	22.246360	0.564556
7.05	28.54	15.41	15.64	3.05	1.86	20.362093	24.100377	22.245091	0.564553
7.06	28.54	15.41	15.64	3.05	1.86	20.361028	24.099061	22.243826	0.564550
7.06	28.54	15.41	15.64	3.05	1.86	20.359968	24.097748	22.242564	0.564547
7.06	28.54	15.41	15.65	3.05	1.86	20.358914	24.096436	22.241305	0.564544
7.06	28.54	15.41	15.65	3.05	1.86	20.357865	24.095125	22.240050	0.564542
7.07	28.54	15.41	15.65	3.05	1.86	20.356822	24.093816	22.238799	0.564539
7.07	28.54	15.42	15.66	3.05	1.86	20.355784	24.092509	22.237550	0.564536
7.07	28.54	15.42	15.66	3.05	1.86	20.354752	24.091204	22.236306	0.564533
7.08	28.54	15.42	15.67	3.05	1.86	20.353726	24.089900	22.235064	0.564530
7.08	28.54	15.42	15.67	3.05	1.86	20.352705	24.088598	22.233827	0.564527
7.08	28.54	15.42	15.67	3.05	1.86	20.351690	24.087297	22.232592	0.564524
7.08	28.54	15.42	15.68	3.05	1.86	20.350680	24.085999	22.231361	0.564521
7.09	28.54	15.43	15.68	3.05	1.86	20.349675	24.084701	22.230134	0.564518
7.09	28.54	15.43	15.68	3.05	1.86	20.348677	24.083406	22.228910	0.564515
7.09	28.54	15.43	15.69	3.05	1.86	20.347684	24.082112	22.227690	0.564512
7.09	28.54	15.43	15.69	3.05	1.86	20.346696	24.080820	22.226473	0.564509
7.10	28.54	15.43	15.70	3.05	1.86	20.345714	24.079530	22.225260	0.564506
7.10	28.54	15.44	15.70	3.05	1.86	20.344738	24.078241	22.224050	0.564503
7.10	28.54	15.44	15.70	3.05	1.86	20.343767	24.076954	22.222843	0.564500
7.11	28.54	15.44	15.71	3.05	1.86	20.342802	24.075669	22.221640	0.564497
7.11	28.54	15.44	15.71	3.05	1.86	20.341843	24.074385	22.220441	0.564494
7.11	28.54	15.44	15.72	3.05	1.86	20.340889	24.073103	22.219245	0.564491
7.11	28.54	15.45	15.72	3.05	1.86	20.339941	24.071823	22.218053	0.564488
7.12	28.54	15.45	15.72	3.05	1.86	20.338998	24.070545	22.216865	0.564485
7.12	28.54	15.45	15.73	3.05	1.86	20.338061	24.069268	22.215680	0.564482
7.12	28.54	15.45	15.73	3.05	1.86	20.337130	24.067993	22.214498	0.564478
7.12	28.54	15.45	15.73	3.05	1.86	20.336204	24.066720	22.213320	0.564475
7.13	28.54	15.46	15.74	3.05	1.86	20.335284	24.065448	22.212146	0.564472
7.13	28.54	15.46	15.74	3.05	1.86	20.334370	24.064179	22.210975	0.564469
7.13	28.54	15.46	15.75	3.05	1.86	20.333461	24.062911	22.209808	0.564465
7.14	28.54	15.46	15.75	3.05	1.86	20.332558	24.061644	22.208644	0.564462
7.14	28.54	15.46	15.75	3.05	1.86	20.331661	24.060380	22.207484	0.564459
7.14	28.54	15.47	15.76	3.05	1.86	20.330769	24.059117	22.206328	0.564456
7.14	28.54	15.47	15.76	3.05	1.86	20.329883	24.057856	22.205175	0.564452
7.15	28.54	15.47	15.77	3.05	1.86	20.329003	24.056597	22.204026	0.564449
7.15	28.54	15.47	15.77	3.05	1.86	20.328128	24.055340	22.202880	0.564446
7.15	28.54	15.48	15.77	3.05	1.86	20.327259	24.054084	22.201738	0.564442
7.16	28.54	15.48	15.78	3.05	1.86	20.326396	24.052830	22.200600	0.564439
7.16	28.54	15.48	15.78	3.05	1.86	20.325539	24.051578	22.199465	0.564436
7.16	28.54	15.48	15.79	3.05	1.86	20.324687	24.050328	22.198334	0.564432
7.16	28.54	15.48	15.79	3.05	1.86	20.323841	24.049080	22.197207	0.564429
7.17	28.54	15.49	15.80	3.05	1.86	20.323001	24.047833	22.196083	0.564425
7.17	28.54	15.49	15.80	3.05	1.86	20.322166	24.046589	22.194963	0.564422
7.17	28.54	15.49	15.80	3.05	1.86	20.321338	24.045346	22.193847	0.564418
7.17	28.54	15.49	15.81	3.05	1.86	20.320515	24.044104	22.192734	0.564415
7.18	28.54	15.50	15.81	3.05	1.86	20.319697	24.042865	22.191625	0.564411
7.18	28.54	15.50	15.82	3.05	1.86	20.318886	24.041628	22.190520	0.564408
7.18	28.54	15.50	15.82	3.05	1.86	20.318080	24.040392	22.189418	0.564404
7.19	28.54	15.50	15.82	3.05	1.86	20.317280	24.039158	22.188320	0.564401
7.19	28.54	15.51	15.83	3.05	1.86	20.316486	24.037926	22.187226	0.564397
7.19	28.54	15.51	15.83	3.05	1.86	20.315698	24.036696	22.186136	0.564394
7.19	28.54	15.51	15.84	3.05	1.86	20.314915	24.035468	22.185049	0.564390
7.20	28.54	15.51	15.84	3.05	1.86	20.314138	24.034241	22.183966	0.564386
7.20	28.54	15.52	15.85	3.05	1.86	20.313367	24.033017	22.182886	0.564383
7.20	28.54	15.52	15.85	3.05	1.86	20.312602	24.031794	22.181811	0.564379
7.21	28.54	15.52	15.86	3.05	1.86	20.311842	24.030573	22.180739	0.564375
7.21	28.54	15.52	15.86	3.05	1.86	20.311089	24.029354	22.179670	0.564372
7.21	28.54	15.53	15.86	3.05	1.86	20.310341	24.028137	22.178606	0.564368
7.21	28.54	15.53	15.87	3.05	1.86	20.309599	24.026922	22.177545	0.564364
7.22	28.54	15.53	15.87	3.05	1.86	20.308863	24.025709	22.176488	0.564360
7.22	28.54	15.53	15.88	3.05	1.86	20.308132	24.024497	22.175435	0.564357
7.22	28.54	15.54	15.88	3.05	1.86	20.307408	24.023288	22.174386	0.564353
7.22	28.54	15.54	15.89	3.05	1.86	20.306689	24.022080	22.173340	0.564349
7.23	28.54	15.54	15.89	3.05	1.86	20.305976	24.020874	22.172298	0.564345
7.23	28.54	15.54	15.89	3.05	1.86	20.305269	24.019670	22.171260	0.564341
7.23	28.54	15.55	15.90	3.05	1.86	20.304568	24.018469	22.170226	0.564338
7.24	28.54	15.55	15.90	3.05	1.86	20.303873	24.017269	22.169195	0.564334
7.24	28.54	15.55	15.91	3.05	1.86	20.303183	24.016070	22.168168	0.564330
7.24	28.54	15.55	15.91	3.05	1.86	20.302500	24.014874	22.167145	0.564326
7.24	28.54	15.56	15.92	3.05	1.86	20.301822	24.013680	22.166126	0.564322
7.25	28.54	15.56	15.92	3.05	1.86	20.301150	24.012488	22.165111	0.564318
7.25	28.54	15.56	15.93	3.05	1.86	20.300484	24.011297	22.164099	0.564314
7.25	28.54	15.56	15.93	3.05	1.86	20.299824	24.010109	22.163092	0.564310
7.26	28.54	15.57	15.94	3.05	1.86	20.299170	24.008922	22.162088	0.564306
7.26	28.54	15.57	15.94	3.05	1.86	20.298522	24.007738	22.161088	0.564302
7.26	28.54	15.57	15.94	3.05	1.86	20.297879	24.006555	22.160091	0.564298
7.26	28.54	15.58	15.95	3.05	1.86	20.297243	24.005375	22.159099	0.564294
7.27	28.54	15.58	15.95	3.05	1.86	20.296613	24.004196	22.158111	0.564290
7.27	28.54	15.58	15.96	3.05	1.86	20.295988	24.003019	22.157126	0.564286
7.27	28.54	15.58	15.96	3.05	1.86	20.295369	24.001845	22.156145	0.564282
7.28	28.54	15.59	15.97	3.05	1.86	20.294756	24.000672	22.155168	0.564278
7.28	28.54	15.59	15.97	3.05	1.86	20.294150	23.999501	22.154195	0.564274
7.28	28.54	15.59	15.98	3.05	1.86	20.293549	23.998332	22.153225	0.564270
7.28	28.54	15.59	15.98	3.05	1.86	20.292954	23.997166	22.152260	0.564266
7.29	28.54	15.60	15.99	3.05	1.86	20.292365	23.996001	22.151299	0.564261
7.29	28.54	15.60	15.99	3.05	1.86	20.291782	23.994838	22.150341	0.564257
7.29	28.54	15.60	16.00	3.05	1.86	20.291204	23.993677	22.149387	0.564253
7.29	28.54	15.61	16.00	3.05	1.86	20.290633	23.992518	22.148437	0.564249
7.30	28.54	15.61	16.01	3.05	1.86	20.290068	23.991362	22.147491	0.564245
7.30	28.54	15.61	16.01	3.05	1.86	20.289509	23.990207	22.146549	0.564240
7.30	28.54	15.62	16.02	3.05	1.86	20.288956	23.989054	22.145611	0.564236
7.31	28.54	15.62	16.02	3.05	1.86	20.288408	23.987903	22.144677	0.564232
7.31	28.54	15.62	16.03	3.05	1.86	20.287867	23.986754	22.143746	0.564228
7.31	28.54	15.62	16.03	3.05	1.86	20.287332	23.985608	22.142820	0.564223
7.31	28.54	15.63	16.03	3.05	1.86	20.286802	23.984463	22.141897	0.564219
7.32	28.54	15.63	16.04	3.05	1.86	20.286279	23.983321	22.140979	0.564215
7.32	28.54	15.63	16.04	3.05	1.86	20.285761	23.982180	22.140064	0.564210
7.32	28.54	15.64	16.05	3.05	1.86	20.285250	23.981041	22.139153	0.564206
7.33	28.54	15.64	16.05	3.05	1.86	20.284745	23.979905	22.138246	0.564201
7.33	28.54	15.64	16.06	3.05	1.86	20.284245	23.978770	22.137344	0.564197
7.33	28.54	15.65	16.06	3.05	1.86	20.283752	23.977638	22.136445	0.564193
7.33	28.54	15.65	16.07	3.05	1.86	20.283265	23.976508	22.135550	0.564188
7.34	28.54	15.65	16.07	3.05	1.86	20.282783	23.975379	22.134659	0.564184
7.34	28.54	15.65	16.08	3.05	1.86	20.282308	23.974253	22.133772	0.564179
7.34	28.54	15.66	16.08	3.05	1.86	20.281839	23.973129	22.132888	0.564175
7.34	28.54	15.66	16.09	3.05	1.86	20.281376	23.972007	22.132009	0.564170
7.35	28.54	15.66	16.09	3.05	1.86	20.280919	23.970887	22.131134	0.564166
7.35	28.54	15.67	16.10	3.05	1.86	20.280468	23.969769	22.130263	0.564161
7.35	28.54	15.67	16.10	3.05	1.86	20.280022	23.968654	22.129396	0.564157
7.36	28.54	15.67	16.11	3.05	1.86	20.279583	23.967540	22.128533	0.564152
7.36	28.54	15.68	16.11	3.05	1.86	20.279151	23.966428	22.127674	0.564147
7.36	28.54	15.68	16.12	3.05	1.86	20.278724	23.965319	22.126818	0.564143
7.36	28.54	15.68	16.12	3.05	1.86	20.278303	23.964211	22.125967	0.564138
7.37	28.54	15.69	16.13	3.05	1.86	20.277888	23.963106	22.125120	0.564134
7.37	28.54	15.69	16.13	3.05	1.86	20.277479	23.962003	22.124277	0.564129
7.37	28.54	15.69	16.14	3.05	1.86	20.277077	23.960902	22.123438	0.564124
7.38	28.54	15.70	16.15	3.05	1.86	20.276680	23.959803	22.122602	0.564120
7.38	28.54	15.70	16.15	3.05	1.86	20.276290	23.958706	22.121771	0.564115
7.38	28.54	15.70	16.16	3.05	1.86	20.275905	23.957612	22.120944	0.564110
7.38	28.54	15.71	16.16	3.05	1.86	20.275527	23.956519	22.120121	0.564105
7.39	28.54	15.71	16.17	3.05	1.86	20.275155	23.955429	22.119302	0.564101
7.39	28.54	15.71	16.17	3.05	1.86	20.274789	23.954341	22.118487	0.564096
7.39	28.54	15.72	16.18	3.05	1.86	20.274429	23.953255	22.117676	0.564091
7.39	28.54	15.72	16.18	3.05	1.86	20.274075	23.952171	22.116869	0.564086
7.40	28.54	15.72	16.19	3.05	1.86	20.273728	23.951089	22.116066	0.564081
7.40	28.54	15.73	16.19	3.05	1.86	20.273386	23.950009	22.115268	0.564077
7.40	28.54	15.73	16.20	3.05	1.86	20.273051	23.948932	22.114473	0.564072
7.41	28.54	15.73	16.20	3.05	1.86	20.272721	23.947856	22.113682	0.564067
7.41	28.54	15.74	16.21	3.05	1.86	20.272398	23.946783	22.112896	0.564062
7.41	28.54	15.74	16.21	3.05	1.86	20.272081	23.945712	22.112113	0.564057
7.41	28.54	15.74	16.22	3.05	1.86	20.271770	23.944644	22.111335	0.564052
7.42	28.54	15.75	16.22	3.05	1.86	20.271465	23.943577	22.110560	0.564047
7.42	28.54	15.75	16.23	3.05	1.86	20.271167	23.942513	22.109790	0.564042
7.42	28.54	15.75	16.23	3.05	1.86	20.270874	23.941450	22.109024	0.564037
7.42	28.54	15.76	16.24	3.05	1.86	20.270588	23.940390	22.108262	0.564032
7.43	28.54	15.76	16.25	3.05	1.86	20.270308	23.939333	22.107504	0.564027
7.43	28.54	15.77	16.25	3.05	1.86	20.270034	23.938277	22.106750	0.564022
7.43	28.54	15.77	16.26	3.05	1.86	20.269766	23.937224	22.106000	0.564017
7.44	28.54	15.77	16.26	3.05	1.85	20.269504	23.936172	22.105255	0.564012
7.44	28.54	15.78	16.27	3.05	1.85	20.269248	23.935124	22.104513	0.564007
7.44	28.54	15.78	16.27	3.05	1.85	20.268999	23.934077	22.103776	0.564002
7.44	28.54	15.78	16.28	3.05	1.85	20.268756	23.933032	22.103042	0.563997
7.45	28.54	15.79	16.28	3.05	1.85	20.268519	23.931990	22.102313	0.563992
7.45	28.54	15.79	16.29	3.05	1.85	20.268288	23.930950	22.101588	0.563986
7.45	28.54	15.79	16.30	3.05	1.85	20.268064	23.929912	22.100867	0.563981
7.46	28.54	15.80	16.30	3.05	1.85	20.267845	23.928876	22.100150	0.563976
7.46	28.54	15.80	16.31	3.05	1.85	20.267633	23.927843	22.099438	0.563971
7.46	28.54	15.81	16.31	3.05	1.85	20.267427	23.926812	22.098729	0.563966
7.46	28.54	15.81	16.32	3.05	1.85	20.267227	23.925783	22.098025	0.563960
7.47	28.54	15.81	16.32	3.05	1.85	20.267034	23.924756	22.097325	0.563955
7.47	28.54	15.82	16.33	3.05	1.85	20.266847	23.923732	22.096629	0.563950
7.47	28.54	15.82	16.33	3.05	1.85	20.266665	23.922710	22.095937	0.563945
7.47	28.54	15.82	16.34	3.05	1.85	20.266491	23.921690	22.095249	0.563939
7.48	28.54	15.83	16.35	3.05	1.85	20.266322	23.920673	22.094566	0.563934
7.48	28.54	15.83	16.35	3.05	1.85	20.266160	23.919657	22.093887	0.563929
7.48	28.54	15.84	16.36	3.05	1.85	20.266003	23.918644	22.093211	0.563923
7.49	28.54	15.84	16.36	3.05	1.85	20.265853	23.917634	22.092540	0.563918
7.49	28.54	15.84	16.37	3.05	1.85	20.265710	23.916625	22.091874	0.563912
7.49	28.54	15.85	16.37	3.05	1.85	20.265572	23.915619	22.091211	0.563907
7.49	28.54	15.85	16.38	3.05	1.85	20.265441	23.914615	22.090553	0.563902
7.50	28.54	15.86	16.39	3.05	1.85	20.265316	23.913614	22.089898	0.563896
7.50	28.54	15.86	16.39	3.05	1.85	20.265197	23.912614	22.089248	0.563891
7.50	28.54	15.86	16.40	3.05	1.85	20.265085	23.911617	22.088603	0.563885
7.51	28.54	15.87	16.40	3.05	1.85	20.264979	23.910623	22.087961	0.563880
7.51	28.54	15.87	16.41	3.05	1.85	20.264879	23.909630	22.087324	0.563874
7.51	28.54	15.87	16.41	3.05	1.85	20.264785	23.908640	22.086691	0.563869
7.51	28.54	15.88	16.42	3.05	1.85	20.264698	23.907653	22.086062	0.563863
7.52	28.54	15.88	16.43	3.05	1.85	20.264617	23.906667	22.085437	0.563858
7.52	28.54	15.89	16.43	3.05	1.85	20.264542	23.905684	22.084817	0.563852
7.52	28.54	15.89	16.44	3.05	1.85	20.264473	23.904704	22.084200	0.563846
7.53	28.54	15.89	16.44	3.05	1.85	20.264411	23.903725	22.083588	0.563841
7.53	28.54	15.90	16.45	3.05	1.85	20.264355	23.902749	22.082981	0.563835
7.53	28.54	15.90	16.46	3.05	1.85	20.264306	23.901775	22.082377	0.563829
7.53	28.54	15.91	16.46	3.05	1.85	20.264262	23.900804	22.081778	0.563824
7.54	28.54	15.91	16.47	3.05	1.85	20.264225	23.899835	22.081183	0.563818
7.54	28.54	15.92	16.47	3.05	1.85	20.264194	23.898868	22.080592	0.563812
7.54	28.54	15.92	16.48	3.05	1.85	20.264170	23.897904	22.080006	0.563807
7.54	28.54	15.92	16.48	3.05	1.85	20.264152	23.896942	22.079424	0.563801
7.55	28.54	15.93	16.49	3.05	1.85	20.264140	23.895983	22.078846	0.563795
7.55	28.54	15.93	16.50	3.05	1.85	20.264135	23.895025	22.078272	0.563789
7.55	28.54	15.94	16.50	3.05	1.85	20.264136	23.894070	22.077703	0.563784
7.56	28.54	15.94	16.51	3.05	1.85	20.264143	23.893118	22.077138	0.563778
7.56	28.54	15.94	16.51	3.05	1.85	20.264156	23.892168	22.076577	0.563772
7.56	28.54	15.95	16.52	3.05	1.85	20.264176	23.891220	22.076020	0.563766
7.56	28.54	15.95	16.53	3.05	1.85	20.264202	23.890275	22.075468	0.563760
7.57	28.54	15.96	16.53	3.05	1.85	20.264235	23.889332	22.074920	0.563754
7.57	28.54	15.96	16.54	3.05	1.85	20.264274	23.888391	22.074376	0.563749
7.57	28.54	15.97	16.55	3.05	1.85	20.264319	23.887453	22.073837	0.563743
7.58	28.54	15.97	16.55	3.05	1.85	20.264370	23.886518	22.073302	0.563737
7.58	28.54	15.97	16.56	3.05	1.85	20.264428	23.885584	22.072771	0.563731
7.58	28.54	15.98	16.56	3.05	1.85	20.264493	23.884653	22.072245	0.563725
7.58	28.54	15.98	16.57	3.05	1.85	20.264563	23.883725	22.071723	0.563719
7.59	28.54	15.99	16.58	3.05	1.85	20.264640	23.882799	22.071205	0.563713
7.59	28.54	15.99	16.58	3.05	1.85	20.264723	23.881875	22.070692	0.563707
7.59	28.54	16.00	16.59	3.05	1.85	20.264813	23.880954	22.070183	0.563701
7.59	28.54	16.00	16.59	3.05	1.85	20.264909	23.880035	22.069678	0.563695
7.60	28.54	16.00	16.60	3.05	1.85	20.265012	23.879119	22.069177	0.563689
7.60	28.54	16.01	16.61	3.05	1.85	20.265121	23.878205	22.068681	0.563683
7.60	28.54	16.01	16.61	3.05	1.85	20.265236	23.877293	22.068189	0.563677
7.61	28.54	16.02	16.62	3.05	1.85	20.265357	23.876384	22.067702	0.563670
7.61	28.54	16.02	16.63	3.05	1.85	20.265485	23.875478	22.067219	0.563664
7.61	28.54	16.03	16.63	3.05	1.85	20.265620	23.874574	22.066740	0.563658
7.61	28.54	16.03	16.64	3.05	1.85	20.265761	23.873672	22.066266	0.563652
7.62	28.54	16.04	16.64	3.05	1.85	20.265908	23.872773	22.065796	0.563646
7.62	28.54	16.04	16.65	3.05	1.85	20.266061	23.871876	22.065330	0.563640
7.62	28.54	16.04	16.66	3.05	1.85	20.266221	23.870982	22.064869	0.563633
7.62	28.54	16.05	16.66	3.05	1.85	20.266388	23.870090	22.064412	0.563627
7.63	28.54	16.05	16.67	3.05	1.85	20.266561	23.869200	22.063959	0.563621
7.63	28.54	16.06	16.68	3.05	1.85	20.266740	23.868313	22.063511	0.563615
7.63	28.54	16.06	16.68	3.05	1.85	20.266926	23.867429	22.063068	0.563608
7.64	28.54	16.07	16.69	3.05	1.85	20.267118	23.866547	22.062628	0.563602
7.64	28.54	16.07	16.69	3.05	1.85	20.267316	23.865668	22.062193	0.563596
7.64	28.54	16.08	16.70	3.05	1.85	20.267521	23.864791	22.061763	0.563589
7.64	28.54	16.08	16.71	3.05	1.85	20.267732	23.863916	22.061336	0.563583
7.65	28.54	16.09	16.71	3.05	1.85	20.267950	23.863044	22.060915	0.563577
7.65	28.54	16.09	16.72	3.05	1.84	20.268174	23.862175	22.060497	0.563570
7.65	28.54	16.09	16.73	3.05	1.84	20.268405	23.861308	22.060084	0.563564
7.66	28.54	16.10	16.73	3.05	1.84	20.268642	23.860443	22.059676	0.563557
7.66	28.54	16.10	16.74	3.05	1.84	20.268886	23.859581	22.059271	0.563551
7.66	28.54	16.11	16.75	3.05	1.84	20.269136	23.858722	22.058872	0.563544
7.66	28.54	16.11	16.75	3.05	1.84	20.269392	23.857865	22.058476	0.563538
7.67	28.54	16.12	16.76	3.05	1.84	20.269655	23.857011	22.058085	0.563532
7.67	28.54	16.12	16.77	3.05	1.84	20.269924	23.856159	22.057699	0.563525
7.67	28.54	16.13	16.77	3.05	1.84	20.270200	23.855309	22.057317	0.563518
7.67	28.54	16.13	16.78	3.05	1.84	20.270482	23.854463	22.056939	0.563512
7.68	28.54	16.14	16.79	3.05	1.84	20.270771	23.853618	22.056566	0.563505
7.68	28.54	16.14	16.79	3.05	1.84	20.271066	23.852777	22.056197	0.563499
7.68	28.54	16.15	16.80	3.05	1.84	20.271368	23.851937	22.055833	0.563492
7.69	28.54	16.15	16.81	3.05	1.84	20.271676	23.851101	22.055473	0.563486
7.69	28.54	16.16	16.81	3.05	1.84	20.271990	23.850267	22.055118	0.563479
7.69	28.54	16.16	16.82	3.05	1.84	20.272311	23.849435	22.054767	0.563472
7.69	28.54	16.17	16.83	3.05	1.84	20.272639	23.848606	22.054420	0.563466
7.70	28.54	16.17	16.83	3.05	1.84	20.272973	23.847780	22.054078	0.563459
7.70	28.54	16.18	16.84	3.05	1.84	20.273314	23.846956	22.053741	0.563452
7.70	28.54	16.18	16.85	3.05	1.84	20.273661	23.846135	22.053407	0.563445
7.71	28.54	16.19	16.85	3.05	1.84	20.274014	23.845316	22.053079	0.563439
7.71	28.54	16.19	16.86	3.05	1.84	20.274374	23.844500	22.052755	0.563432
7.71	28.54	16.20	16.87	3.05	1.84	20.274741	23.843686	22.052435	0.563425
7.71	28.54	16.20	16.87	3.05	1.84	20.275114	23.842875	22.052120	0.563418
7.72	28.54	16.20	16.88	3.05	1.84	20.275493	23.842067	22.051809	0.563412
7.72	28.54	16.21	16.89	3.05	1.84	20.275879	23.841261	22.051503	0.563405
7.72	28.54	16.21	16.89	3.05	1.84	20.276272	23.840458	22.051201	0.563398
7.72	28.54	16.22	16.90	3.05	1.84	20.276671	23.839657	22.050904	0.563391
7.73	28.54	16.22	16.91	3.05	1.84	20.277076	23.838859	22.050611	0.563384
7.73	28.54	16.23	16.91	3.05	1.84	20.277488	23.838064	22.050323	0.563377
7.73	28.54	16.23	16.92	3.05	1.84	20.277907	23.837271	22.050039	0.563370
7.74	28.54	16.24	16.93	3.05	1.84	20.278332	23.836481	22.049760	0.563363
7.74	28.54	16.24	16.93	3.05	1.84	20.278763	23.835694	22.049485	0.563356
7.74	28.54	16.25	16.94	3.05	1.84	20.279202	23.834909	22.049215	0.563349
7.74	28.54	16.26	16.95	3.05	1.84	20.279646	23.834126	22.048949	0.563342
7.75	28.54	16.26	16.95	3.05	1.84	20.280097	23.833347	22.048688	0.563335
7.75	28.54	16.27	16.96	3.05	1.84	20.280555	23.832570	22.048431	0.563328
7.75	28.54	16.27	16.97	3.05	1.84	20.281020	23.831795	22.048179	0.563321
7.76	28.54	16.28	16.97	3.05	1.84	20.281490	23.831023	22.047931	0.563314
7.76	28.54	16.28	16.98	3.05	1.84	20.281968	23.830254	22.047688	0.563307
7.76	28.54	16.29	16.99	3.05	1.84	20.282452	23.829488	22.047450	0.563300
7.76	28.54	16.29	17.00	3.05	1.84	20.282942	23.828724	22.047216	0.563293
7.77	28.54	16.30	17.00	3.05	1.84	20.283439	23.827962	22.046986	0.563286
7.77	28.54	16.30	17.01	3.05	1.84	20.283943	23.827204	22.046761	0.563279
7.77	28.54	16.31	17.02	3.05	1.84	20.284453	23.826448	22.046541	0.563272
7.78	28.54	16.31	17.02	3.05	1.84	20.284969	23.825695	22.046325	0.563264
7.78	28.54	16.32	17.03	3.05	1.84	20.285493	23.824944	22.046114	0.563257
7.78	28.54	16.32	17.04	3.05	1.84	20.286022	23.824196	22.045907	0.563250
7.78	28.54	16.33	17.04	3.05	1.84	20.286559	23.823451	22.045705	0.563243
7.79	28.54	16.33	17.05	3.05	1.84	20.287102	23.822708	22.045507	0.563235
7.79	28.54	16.34	17.06	3.05	1.84	20.287651	23.821968	22.045314	0.563228
7.79	28.54	16.34	17.07	3.05	1.84	20.288207	23.821231	22.045126	0.563221
7.79	28.54	16.35	17.07	3.05	1.84	20.288770	23.820496	22.044942	0.563213
7.80	28.54	16.35	17.08	3.05	1.84	20.289339	23.819765	22.044763	0.563206
7.80	28.54	16.36	17.09	3.05	1.84	20.289915	23.819035	22.044588	0.563199
7.80	28.54	16.36	17.09	3.05	1.84	20.290497	23.818309	22.044418	0.563191
7.81	28.54	16.37	17.10	3.05	1.84	20.291086	23.817585	22.044252	0.563184
7.81	28.54	16.38	17.11	3.05	1.84	20.291682	23.816864	22.044091	0.563177
7.81	28.54	16.38	17.12	3.05	1.84	20.292284	23.816146	22.043935	0.563169
7.81	28.54	16.39	17.12	3.05	1.83	20.292892	23.815430	22.043783	0.563162
7.82	28.54	16.39	17.13	3.05	1.83	20.293508	23.814717	22.043636	0.563154
7.82	28.54	16.40	17.14	3.05	1.83	20.294130	23.814007	22.043493	0.563147
7.82	28.54	16.40	17.14	3.05	1.83	20.294758	23.813299	22.043355	0.563139
7.83	28.54	16.41	17.15	3.05	1.83	20.295393	23.812594	22.043221	0.563132
7.83	28.54	16.41	17.16	3.05	1.83	20.296035	23.811892	22.043093	0.563124
7.83	28.54	16.42	17.17	3.05	1.83	20.296683	23.811193	22.042968	0.563117
7.83	28.54	16.42	17.17	3.05	1.83	20.297338	23.810496	22.042849	0.563109
7.84	28.54	16.43	17.18	3.05	1.83	20.298000	23.809802	22.042734	0.563102
7.84	28.54	16.44	17.19	3.05	1.83	20.298668	23.809111	22.042624	0.563094
7.84	28.54	16.44	17.20	3.05	1.83	20.299343	23.808422	22.042518	0.563086
7.84	28.54	16.45	17.20	3.05	1.83	20.300024	23.807736	22.042417	0.563079
7.85	28.54	16.45	17.21	3.05	1.83	20.300712	23.807053	22.042320	0.563071
7.85	28.54	16.46	17.22	3.05	1.83	20.301407	23.806373	22.042228	0.563063
7.85	28.54	16.46	17.22	3.05	1.83	20.302108	23.805696	22.042141	0.563056
7.86	28.54	16.47	17.23	3.05	1.83	20.302816	23.805021	22.042059	0.563048
7.86	28.54	16.47	17.24	3.05	1.83	20.303530	23.804349	22.041981	0.563040
7.86	28.54	16.48	17.25	3.05	1.83	20.304251	23.803680	22.041907	0.563033
7.86	28.54	16.49	17.25	3.05	1.83	20.304979	23.803013	22.041839	0.563025
7.87	28.54	16.49	17.26	3.05	1.83	20.305713	23.802350	22.041775	0.563017
7.87	28.54	16.50	17.27	3.05	1.83	20.306454	23.801689	22.041715	0.563009
7.87	28.54	16.50	17.28	3.05	1.83	20.307202	23.801031	22.041661	0.563001
7.88	28.54	16.51	17.28	3.05	1.83	20.307956	23.800375	22.041611	0.562994
7.88	28.54	16.51	17.29	3.05	1.83	20.308717	23.799723	22.041565	0.562986
7.88	28.54	16.52	17.30	3.05	1.83	20.309485	23.799073	22.041524	0.562978
7.88	28.54	16.52	17.31	3.05	1.83	20.310259	23.798426	22.041488	0.562970
7.89	28.54	16.53	17.31	3.05	1.83	20.311040	23.797781	22.041457	0.562962
7.89	28.54	16.54	17.32	3.05	1.83	20.311827	23.797140	22.041430	0.562954
7.89	28.54	16.54	17.33	3.05	1.83	20.312621	23.796501	22.041408	0.562946
7.89	28.54	16.55	17.34	3.05	1.83	20.313422	23.795866	22.041391	0.562938
7.90	28.54	16.55	17.34	3.05	1.83	20.314230	23.795232	22.041378	0.562930
7.90	28.54	16.56	17.35	3.05	1.83	20.315044	23.794602	22.041370	0.562922
7.90	28.54	16.57	17.36	3.05	1.83	20.315865	23.793975	22.041367	0.562914
7.91	28.54	16.57	17.37	3.05	1.83	20.316692	23.793350	22.041368	0.562906
7.91	28.54	16.58	17.37	3.05	1.83	20.317526	23.792728	22.041374	0.562898
7.91	28.54	16.58	17.38	3.05	1.83	20.318367	23.792109	22.041385	0.562890
7.91	28.54	16.59	17.39	3.05	1.83	20.319214	23.791493	22.041400	0.562882
7.92	28.54	16.59	17.40	3.05	1.83	20.320068	23.790880	22.041420	0.562874
7.92	28.54	16.60	17.41	3.05	1.83	20.320929	23.790269	22.041445	0.562866
7.92	28.54	16.61	17.41	3.05	1.83	20.321797	23.789662	22.041475	0.562858
7.92	28.54	16.61	17.42	3.05	1.83	20.322671	23.789057	22.041509	0.562849
7.93	28.54	16.62	17.43	3.05	1.83	20.323552	23.788455	22.041548	0.562841
7.93	28.54	16.62	17.44	3.05	1.83	20.324439	23.787856	22.041592	0.562833
7.93	28.54	16.63	17.44	3.05	1.83	20.325333	23.787259	22.041640	0.562825
7.94	28.54	16.64	17.45	3.05	1.83	20.326234	23.786666	22.041693	0.562817
7.94	28.54	16.64	17.46	3.05	1.83	20.327142	23.786075	22.041751	0.562808
7.94	28.54	16.65	17.47	3.05	1.83	20.328056	23.785487	22.041813	0.562800
7.94	28.54	16.65	17.47	3.05	1.83	20.328977	23.784902	22.041881	0.562792
7.95	28.54	16.66	17.48	3.05	1.83	20.329904	23.784320	22.041953	0.562783
7.95	28.54	16.67	17.49	3.05	1.82	20.330839	23.783741	22.042029	0.562775
7.95	28.54	16.67	17.50	3.05	1.82	20.331780	23.783165	22.042111	0.562767
7.96	28.54	16.68	17.51	3.05	1.82	20.332727	23.782591	22.042197	0.562758
7.96	28.54	16.68	17.51	3.05	1.82	20.333682	23.782021	22.042288	0.562750
7.96	28.54	16.69	17.52	3.05	1.82	20.334643	23.781453	22.042383	0.562742
7.96	28.54	16.70	17.53	3.05	1.82	20.335611	23.780888	22.042484	0.562733
7.97	28.54	16.70	17.54	3.05	1.82	20.336585	23.780326	22.042589	0.562725
7.97	28.54	16.71	17.54	3.05	1.82	20.337566	23.779767	22.042699	0.562716
7.97	28.54	16.71	17.55	3.05	1.82	20.338554	23.779211	22.042813	0.562708
7.97	28.54	16.72	17.56	3.05	1.82	20.339549	23.778657	22.042933	0.562699
7.98	28.54	16.73	17.57	3.05	1.82	20.340550	23.778107	22.043057	0.562691
7.98	28.54	16.73	17.58	3.05	1.82	20.341558	23.777559	22.043186	0.562682
7.98	28.54	16.74	17.58	3.05	1.82	20.342573	23.777015	22.043319	0.562674
7.99	28.54	16.74	17.59	3.05	1.82	20.343594	23.776473	22.043458	0.562665
7.99	28.54	16.75	17.60	3.05	1.82	20.344622	23.775934	22.043601	0.562656
7.99	28.54	16.76	17.61	3.05	1.82	20.345657	23.775398	22.043749	0.562648
7.99	28.54	16.76	17.62	3.05	1.82	20.346699	23.774865	22.043902	0.562639
8.00	28.54	16.77	17.62	3.05	1.82	20.347747	23.774335	22.044059	0.562631
8.00	28.54	16.78	17.63	3.05	1.82	20.348802	23.773808	22.044221	0.562622
8.00	28.54	16.78	17.64	3.05	1.82	20.349864	23.773284	22.044388	0.562613
8.01	28.54	16.79	17.65	3.05	1.82	20.350932	23.772762	22.044560	0.562604
8.01	28.54	16.79	17.66	3.05	1.82	20.352007	23.772244	22.044737	0.562596
8.01	28.54	16.80	17.66	3.05	1.82	20.353089	23.771728	22.044918	0.562587
8.01	28.54	16.81	17.67	3.05	1.82	20.354178	23.771216	22.045104	0.562578
8.02	28.54	16.81	17.68	3.05	1.82	20.355273	23.770706	22.045295	0.562569
8.02	28.54	16.82	17.69	3.05	1.82	20.356376	23.770199	22.045491	0.562561
8.02	28.54	16.83	17.70	3.05	1.82	20.357484	23.769696	22.045692	0.562552
8.03	28.54	16.83	17.70	3.05	1.82	20.358600	23.769195	22.045897	0.562543
8.03	28.54	16.84	17.71	3.05	1.82	20.359722	23.768697	22.046107	0.562534
8.03	28.54	16.85	17.72	3.05	1.82	20.360851	23.768202	22.046322	0.562525
8.03	28.54	16.85	17.73	3.05	1.82	20.361987	23.767710	22.046542	0.562516
8.04	28.54	16.86	17.74	3.05	1.82	20.363130	23.767221	22.046766	0.562507
8.04	28.54	16.86	17.75	3.05	1.82	20.364279	23.766735	22.046996	0.562498
8.04	28.54	16.87	17.75	3.05	1.82	20.365435	23.766252	22.047230	0.562490
8.04	28.54	16.88	17.76	3.05	1.82	20.366598	23.765772	22.047469	0.562481
8.05	28.54	16.88	17.77	3.05	1.82	20.367768	23.765294	22.047713	0.562472
8.05	28.54	16.89	17.78	3.05	1.82	20.368944	23.764820	22.047961	0.562463
8.05	28.54	16.90	17.79	3.05	1.82	20.370127	23.764349	22.048215	0.562454
8.06	28.54	16.90	17.79	3.05	1.82	20.371317	23.763881	22.048473	0.562444
8.06	28.54	16.91	17.80	3.05	1.82	20.372513	23.763415	22.048736	0.562435
8.06	28.54	16.92	17.81	3.05	1.82	20.373716	23.762953	22.049004	0.562426
8.06	28.54	16.92	17.82	3.05	1.82	20.374927	23.762494	22.049276	0.562417
8.07	28.54	16.93	17.83	3.05	1.82	20.376143	23.762037	22.049554	0.562408
8.07	28.54	16.94	17.84	3.05	1.81	20.377367	23.761584	22.049836	0.562399
8.07	28.54	16.94	17.84	3.05	1.81	20.378597	23.761133	22.050124	0.562390
8.07	28.54	16.95	17.85	3.05	1.81	20.379834	23.760686	22.050416	0.562381
8.08	28.54	16.96	17.86	3.05	1.81	20.381078	23.760242	22.050713	0.562371
8.08	28.54	16.96	17.87	3.05	1.81	20.382329	23.759800	22.051014	0.562362
8.08	28.54	16.97	17.88	3.05	1.81	20.383586	23.759362	22.051321	0.562353
8.09	28.54	16.98	17.89	3.05	1.81	20.384850	23.758926	22.051632	0.562344
8.09	28.54	16.98	17.89	3.05	1.81	20.386121	23.758494	22.051949	0.562334
8.09	28.54	16.99	17.90	3.05	1.81	20.387399	23.758065	22.052270	0.562325
8.09	28.54	17.00	17.91	3.05	1.81	20.388683	23.757638	22.052596	0.562316
8.10	28.54	17.00	17.92	3.05	1.81	20.389975	23.757215	22.052926	0.562306
8.10	28.54	17.01	17.93	3.05	1.81	20.391273	23.756795	22.053262	0.562297
8.10	28.54	17.02	17.94	3.05	1.81	20.392577	23.756377	22.053603	0.562288
8.11	28.54	17.02	17.94	3.05	1.81	20.393889	23.755963	22.053948	0.562278
8.11	28.54	17.03	17.95	3.05	1.81	20.395207	23.755552	22.054298	0.562269
8.11	28.54	17.04	17.96	3.05	1.81	20.396532	23.755144	22.054654	0.562259
8.11	28.54	17.04	17.97	3.05	1.81	20.397864	23.754738	22.055014	0.562250
8.12	28.54	17.05	17.98	3.05	1.81	20.399203	23.754336	22.055378	0.562241
8.12	28.54	17.06	17.99	3.05	1.81	20.400548	23.753937	22.055748	0.562231
8.12	28.54	17.06	18.00	3.05	1.81	20.401901	23.753541	22.056123	0.562222
8.12	28.54	17.07	18.00	3.05	1.81	20.403260	23.753148	22.056502	0.562212
8.13	28.54	17.08	18.01	3.05	1.81	20.404625	23.752758	22.056887	0.562202
8.13	28.54	17.08	18.02	3.05	1.81	20.405998	23.752371	22.057276	0.562193
8.13	28.54	17.09	18.03	3.05	1.81	20.407377	23.751987	22.057670	0.562183
8.14	28.54	17.10	18.04	3.05	1.81	20.408763	23.751606	22.058069	0.562174
8.14	28.54	17.10	18.05	3.05	1.81	20.410156	23.751229	22.058473	0.562164
8.14	28.54	17.11	18.05	3.05	1.81	20.411556	23.750854	22.058882	0.562154
8.14	28.54	17.12	18.06	3.05	1.81	20.412963	23.750482	22.059295	0.562145
8.15	28.54	17.12	18.07	3.05	1.81	20.414376	23.750114	22.059714	0.562135
8.15	28.54	17.13	18.08	3.05	1.81	20.415796	23.749748	22.060138	0.562125
8.15	28.54	17.14	18.09	3.05	1.81	20.417223	23.749386	22.060566	0.562116
8.16	28.54	17.14	18.10	3.05	1.81	20.418657	23.749026	22.060999	0.562106
8.16	28.54	17.15	18.11	3.05	1.81	20.420097	23.748670	22.061437	0.562096
8.16	28.54	17.16	18.12	3.05	1.81	20.421544	23.748317	22.061880	0.562086
8.16	28.54	17.17	18.12	3.05	1.81	20.422998	23.747967	22.062328	0.562077
8.17	28.54	17.17	18.13	3.05	1.81	20.424459	23.747620	22.062781	0.562067
8.17	28.54	17.18	18.14	3.05	1.81	20.425927	23.747276	22.063239	0.562057
8.17	28.54	17.19	18.15	3.05	1.81	20.427402	23.746935	22.063702	0.562047
8.18	28.54	17.19	18.16	3.05	1.81	20.428883	23.746597	22.064169	0.562037
8.18	28.54	17.20	18.17	3.05	1.80	20.430371	23.746262	22.064642	0.562027
8.18	28.54	17.21	18.18	3.05	1.80	20.431866	23.745931	22.065119	0.562017
8.18	28.54	17.21	18.19	3.05	1.80	20.433368	23.745602	22.065602	0.562007
8.19	28.54	17.22	18.19	3.05	1.80	20.434876	23.745277	22.066089	0.561997
8.19	28.54	17.23	18.20	3.05	1.80	20.436391	23.744955	22.066581	0.561987
8.19	28.54	17.24	18.21	3.05	1.80	20.437913	23.744635	22.067078	0.561977
8.19	28.54	17.24	18.22	3.05	1.80	20.439442	23.744319	22.067580	0.561967
8.20	28.54	17.25	18.23	3.05	1.80	20.440978	23.744006	22.068087	0.561957
8.20	28.54	17.26	18.24	3.05	1.80	20.442521	23.743697	22.068599	0.561947
8.20	28.54	17.26	18.25	3.05	1.80	20.444070	23.743390	22.069116	0.561937
8.21	28.54	17.27	18.26	3.05	1.80	20.445626	23.743086	22.069638	0.561927
8.21	28.54	17.28	18.26	3.05	1.80	20.447189	23.742786	22.070165	0.561917
8.21	28.54	17.29	18.27	3.05	1.80	20.448759	23.742488	22.070696	0.561907
8.21	28.54	17.29	18.28	3.05	1.80	20.450336	23.742194	22.071233	0.561897
8.22	28.54	17.30	18.29	3.05	1.80	20.451919	23.741903	22.071774	0.561887
8.22	28.54	17.31	18.30	3.05	1.80	20.453509	23.741615	22.072321	0.561876
8.22	28.54	17.31	18.31	3.05	1.80	20.455106	23.741330	22.072872	0.561866
8.22	28.54	17.32	18.32	3.05	1.80	20.456710	23.741048	22.073429	0.561856
8.23	28.54	17.33	18.33	3.05	1.80	20.458321	23.740770	22.073990	0.561846
8.23	28.54	17.34	18.34	3.05	1.80	20.459938	23.740494	22.074556	0.561835
8.23	28.54	17.34	18.34	3.05	1.80	20.461563	23.740222	22.075128	0.561825
8.24	28.54	17.35	18.35	3.05	1.80	20.463194	23.739953	22.075704	0.561815
8.24	28.54	17.36	18.36	3.05	1.80	20.464832	23.739687	22.076285	0.561804
8.24	28.54	17.36	18.37	3.05	1.80	20.466477	23.739424	22.076871	0.561794
8.24	28.54	17.37	18.38	3.05	1.80	20.468128	23.739165	22.077462	0.561784
8.25	28.54	17.38	18.39	3.05	1.80	20.469787	23.738908	22.078058	0.561773
8.25	28.54	17.39	18.40	3.05	1.80	20.471452	23.738655	22.078659	0.561763
8.25	28.54	17.39	18.41	3.05	1.80	20.473124	23.738405	22.079265	0.561752
8.26	28.54	17.40	18.42	3.05	1.80	20.474803	23.738158	22.079876	0.561742
8.26	28.54	17.41	18.43	3.05	1.80	20.476489	23.737914	22.080492	0.561731
8.26	28.54	17.42	18.43	3.05	1.80	20.478181	23.737673	22.081112	0.561721
8.26	28.54	17.42	18.44	3.05	1.80	20.479881	23.737436	22.081738	0.561710
8.27	28.54	17.43	18.45	3.05	1.80	20.481587	23.737201	22.082369	0.561700
8.27	28.54	17.44	18.46	3.05	1.80	20.483300	23.736970	22.083005	0.561689
8.27	28.54	17.45	18.47	3.05	1.80	20.485020	23.736742	22.083645	0.561679
8.28	28.54	17.45	18.48	3.05	1.80	20.486746	23.736517	22.084291	0.561668
8.28	28.54	17.46	18.49	3.05	1.79	20.488480	23.736296	22.084942	0.561657
8.28	28.54	17.47	18.50	3.05	1.79	20.490220	23.736077	22.085597	0.561647
8.28	28.54	17.48	18.51	3.05	1.79	20.491967	23.735862	22.086258	0.561636
8.29	28.54	17.48	18.52	3.05	1.79	20.493721	23.735650	22.086924	0.561625
8.29	28.54	17.49	18.53	3.05	1.79	20.495482	23.735441	22.087594	0.561615
8.29	28.54	17.50	18.53	3.05	1.79	20.497250	23.735236	22.088270	0.561604
8.29	28.54	17.51	18.54	3.05	1.79	20.499025	23.735033	22.088950	0.561593
8.30	28.54	17.51	18.55	3.05	1.79	20.500806	23.734834	22.089636	0.561582
8.30	28.54	17.52	18.56	3.05	1.79	20.502594	23.734638	22.090327	0.561572
8.30	28.54	17.53	18.57	3.05	1.79	20.504389	23.734445	22.091022	0.561561
8.31	28.54	17.54	18.58	3.05	1.79	20.506191	23.734255	22.091723	0.561550
8.31	28.54	17.54	18.59	3.05	1.79	20.508000	23.734069	22.092428	0.561539
8.31	28.54	17.55	18.60	3.05	1.79	20.509815	23.733886	22.093139	0.561528
8.31	28.54	17.56	18.61	3.05	1.79	20.511637	23.733706	22.093854	0.561517
8.32	28.54	17.57	18.62	3.05	1.79	20.513467	23.733529	22.094575	0.561506
8.32	28.54	17.57	18.63	3.05	1.79	20.515303	23.733356	22.095300	0.561496
8.32	28.54	17.58	18.64	3.05	1.79	20.517146	23.733185	22.096031	0.561485
8.32	28.54	17.59	18.65	3.05	1.79	20.518995	23.733018	22.096767	0.561474
8.33	28.54	17.60	18.66	3.05	1.79	20.520852	23.732854	22.097507	0.561463
8.33	28.54	17.60	18.66	3.05	1.79	20.522715	23.732694	22.098253	0.561452
8.33	28.54	17.61	18.67	3.05	1.79	20.524585	23.732536	22.099003	0.561441
8.34	28.54	17.62	18.68	3.05	1.79	20.526463	23.732382	22.099759	0.561430
8.34	28.54	17.63	18.69	3.05	1.79	20.528346	23.732231	22.100519	0.561418
8.34	28.54	17.63	18.70	3.05	1.79	20.530237	23.732083	22.101285	0.561407
8.34	28.54	17.64	18.71	3.05	1.79	20.532135	23.731939	22.102056	0.561396
8.35	28.54	17.65	18.72	3.05	1.79	20.534039	23.731798	22.102831	0.561385
8.35	28.54	17.66	18.73	3.05	1.79	20.535950	23.731660	22.103612	0.561374
8.35	28.54	17.67	18.74	3.05	1.79	20.537869	23.731525	22.104398	0.561363
8.36	28.54	17.67	18.75	3.05	1.79	20.539793	23.731394	22.105189	0.561351
8.36	28.54	17.68	18.76	3.05	1.79	20.541725	23.731265	22.105984	0.561340
8.36	28.54	17.69	18.77	3.05	1.79	20.543664	23.731140	22.106785	0.561329
8.36	28.54	17.70	18.78	3.05	1.79	20.545609	23.731019	22.107591	0.561318
8.37	28.54	17.70	18.79	3.05	1.78	20.547562	23.730900	22.108402	0.561306
8.37	28.54	17.71	18.80	3.05	1.78	20.549521	23.730785	22.109218	0.561295
8.37	28.54	17.72	18.81	3.05	1.78	20.551487	23.730673	22.110038	0.561284
8.38	28.54	17.73	18.82	3.05	1.78	20.553460	23.730565	22.110864	0.561272
8.38	28.54	17.74	18.82	3.05	1.78	20.555439	23.730459	22.111695	0.561261
8.38	28.54	17.74	18.83	3.05	1.78	20.557426	23.730357	22.112531	0.561250
8.38	28.54	17.75	18.84	3.05	1.78	20.559419	23.730258	22.113372	0.561238
8.39	28.54	17.76	18.85	3.05	1.78	20.561419	23.730163	22.114218	0.561227
8.39	28.54	17.77	18.86	3.05	1.78	20.563427	23.730071	22.115069	0.561215
8.39	28.54	17.78	18.87	3.05	1.78	20.565440	23.729982	22.115926	0.561204
8.39	28.54	17.78	18.88	3.05	1.78	20.567461	23.729896	22.116787	0.561192
8.40	28.54	17.79	18.89	3.05	1.78	20.569489	23.729813	22.117653	0.561181
8.40	28.54	17.80	18.90	3.05	1.78	20.571523	23.729734	22.118524	0.561169
8.40	28.54	17.81	18.91	3.05	1.78	20.573564	23.729658	22.119400	0.561158
8.41	28.54	17.81	18.92	3.05	1.78	20.575613	23.729586	22.120282	0.561146
8.41	28.54	17.82	18.93	3.05	1.78	20.577668	23.729517	22.121168	0.561134
8.41	28.54	17.83	18.94	3.05	1.78	20.579729	23.729451	22.122060	0.561123
8.41	28.54	17.84	18.95	3.05	1.78	20.581798	23.729388	22.122956	0.561111
8.42	28.54	17.85	18.96	3.05	1.78	20.583874	23.729328	22.123858	0.561100
8.42	28.54	17.85	18.97	3.05	1.78	20.585956	23.729272	22.124764	0.561088
8.42	28.54	17.86	18.98	3.05	1.78	20.588045	23.729220	22.125676	0.561076
8.43	28.54	17.87	18.99	3.05	1.78	20.590141	23.729170	22.126593	0.561064
8.43	28.54	17.88	19.00	3.05	1.78	20.592244	23.729124	22.127515	0.561053
8.43	28.54	17.89	19.01	3.05	1.78	20.594354	23.729081	22.128441	0.561041
8.43	28.54	17.90	19.02	3.05	1.78	20.596470	23.729042	22.129373	0.561029
8.44	28.54	17.90	19.03	3.05	1.78	20.598594	23.729005	22.130310	0.561017
8.44	28.54	17.91	19.04	3.05	1.78	20.600724	23.728972	22.131252	0.561005
8.44	28.54	17.92	19.05	3.05	1.78	20.602861	23.728943	22.132199	0.560993
8.44	28.54	17.93	19.06	3.05	1.78	20.605005	23.728917	22.133151	0.560982
8.45	28.54	17.94	19.07	3.05	1.78	20.607156	23.728894	22.134109	0.560970
8.45	28.54	17.94	19.08	3.05	1.78	20.609314	23.728874	22.135071	0.560958
8.45	28.54	17.95	19.09	3.05	1.77	20.611478	23.728858	22.136038	0.560946
8.46	28.54	17.96	19.10	3.05	1.77	20.613649	23.728845	22.137011	0.560934
8.46	28.54	17.97	19.11	3.05	1.77	20.615828	23.728835	22.137988	0.560922
8.46	28.54	17.98	19.12	3.05	1.77	20.618013	23.728829	22.138971	0.560910
8.46	28.54	17.98	19.12	3.05	1.77	20.620204	23.728826	22.139958	0.560898
8.47	28.54	17.99	19.13	3.05	1.77	20.622403	23.728826	22.140951	0.560886
8.47	28.54	18.00	19.14	3.05	1.77	20.624609	23.728830	22.141949	0.560873
8.47	28.54	18.01	19.15	3.05	1.77	20.626821	23.728837	22.142951	0.560861
8.47	28.54	18.02	19.16	3.05	1.77	20.629040	23.728847	22.143959	0.560849
8.48	28.54	18.03	19.17	3.05	1.77	20.631266	23.728861	22.144972	0.560837
8.48	28.54	18.03	19.18	3.05	1.77	20.633499	23.728878	22.145990	0.560825
8.48	28.54	18.04	19.19	3.05	1.77	20.635739	23.728899	22.147014	0.560813
8.49	28.54	18.05	19.20	3.05	1.77	20.637986	23.728922	22.148042	0.560800
8.49	28.54	18.06	19.21	3.05	1.77	20.640239	23.728950	22.149075	0.560788
8.49	28.54	18.07	19.22	3.05	1.77	20.642499	23.728980	22.150113	0.560776
8.49	28.54	18.08	19.23	3.05	1.77	20.644767	23.729014	22.151157	0.560764
8.50	28.54	18.08	19.24	3.05	1.77	20.647041	23.729051	22.152206	0.560751
8.50	28.54	18.09	19.25	3.05	1.77	20.649321	23.729092	22.153259	0.560739
8.50	28.54	18.10	19.26	3.05	1.77	20.651609	23.729136	22.154318	0.560727
8.51	28.54	18.11	19.27	3.05	1.77	20.653904	23.729183	22.155382	0.560714
8.51	28.54	18.12	19.28	3.05	1.77	20.656205	23.729234	22.156451	0.560702
8.51	28.54	18.13	19.29	3.05	1.77	20.658513	23.729288	22.157525	0.560689
8.51	28.54	18.13	19.30	3.05	1.77	20.660828	23.729345	22.158604	0.560677
8.52	28.54	18.14	19.31	3.05	1.77	20.663150	23.729406	22.159688	0.560665
8.52	28.54	18.15	19.32	3.05	1.77	20.665479	23.729470	22.160777	0.560652
8.52	28.54	18.16	19.33	3.05	1.77	20.667814	23.729537	22.161871	0.560639
8.53	28.54	18.17	19.34	3.05	1.77	20.670157	23.729608	22.162971	0.560627
8.53	28.54	18.18	19.35	3.05	1.77	20.672506	23.729683	22.164076	0.560614
8.53	28.54	18.18	19.36	3.05	1.77	20.674862	23.729760	22.165185	0.560602
8.53	28.54	18.19	19.37	3.05	1.76	20.677225	23.729841	22.166300	0.560589
8.54	28.54	18.20	19.38	3.05	1.76	20.679595	23.729926	22.167420	0.560577
8.54	28.54	18.21	19.39	3.05	1.76	20.681971	23.730014	22.168545	0.560564
8.54	28.54	18.22	19.40	3.05	1.76	20.684355	23.730105	22.169675	0.560551
8.54	28.54	18.23	19.41	3.05	1.76	20.686745	23.730199	22.170810	0.560539
8.55	28.54	18.24	19.42	3.05	1.76	20.689142	23.730297	22.171950	0.560526
8.55	28.54	18.24	19.43	3.05	1.76	20.691546	23.730399	22.173095	0.560513
8.55	28.54	18.25	19.45	3.05	1.76	20.693957	23.730504	22.174246	0.560500
8.56	28.54	18.26	19.46	3.05	1.76	20.696374	23.730612	22.175401	0.560487
8.56	28.54	18.27	19.47	3.05	1.76	20.698799	23.730723	22.176562	0.560475
8.56	28.54	18.28	19.48	3.05	1.76	20.701230	23.730838	22.177728	0.560462
8.56	28.54	18.29	19.49	3.05	1.76	20.703668	23.730957	22.178899	0.560449
8.57	28.54	18.30	19.50	3.05	1.76	20.706113	23.731079	22.180075	0.560436
8.57	28.54	18.30	19.51	3.05	1.76	20.708565	23.731204	22.181256	0.560423
8.57	28.54	18.31	19.52	3.05	1.76	20.711024	23.731333	22.182442	0.560410
8.57	28.54	18.32	19.53	3.05	1.76	20.713489	23.731465	22.183633	0.560397
8.58	28.54	18.33	19.54	3.05	1.76	20.715961	23.731600	22.184830	0.560384
8.58	28.54	18.34	19.55	3.05	1.76	20.718440	23.731739	22.186031	0.560371
8.58	28.54	18.35	19.56	3.05	1.76	20.720926	23.731881	22.187238	0.560358
8.59	28.54	18.36	19.57	3.05	1.76	20.723419	23.732027	22.188450	0.560345
8.59	28.54	18.36	19.58	3.05	1.76	20.725919	23.732176	22.189667	0.560332
8.59	28.54	18.37	19.59	3.05	1.76	20.728425	23.732329	22.190889	0.560319
8.59	28.54	18.38	19.60	3.05	1.76	20.730938	23.732485	22.192116	0.560306
8.60	28.54	18.39	19.61	3.05	1.76	20.733458	23.732644	22.193348	0.560293
8.60	28.54	18.40	19.62	3.05	1.76	20.735985	23.732807	22.194585	0.560280
8.60	28.54	18.41	19.63	3.05	1.76	20.738519	23.732973	22.195828	0.560266
8.61	28.54	18.42	19.64	3.05	1.76	20.741060	23.733143	22.197075	0.560253
8.61	28.54	18.43	19.65	3.05	1.75	20.743607	23.733316	22.198328	0.560240
8.61	28.54	18.43	19.66	3.05	1.75	20.746161	23.733493	22.199586	0.560227
8.61	28.54	18.44	19.67	3.05	1.75	20.748722	23.733673	22.200849	0.560213
8.62	28.54	18.45	19.68	3.05	1.75	20.751290	23.733856	22.202117	0.560200
8.62	28.54	18.46	19.69	3.05	1.75	20.753865	23.734043	22.203390	0.560187
8.62	28.54	18.47	19.70	3.05	1.75	20.756446	23.734233	22.204668	0.560174
8.62	28.54	18.48	19.71	3.05	1.75	20.759035	23.734427	22.205952	0.560160
8.63	28.54	18.49	19.72	3.05	1.75	20.761630	23.734624	22.207240	0.560147
8.63	28.54	18.50	19.73	3.05	1.75	20.764232	23.734825	22.208534	0.560133
8.63	28.54	18.50	19.74	3.05	1.75	20.766841	23.735029	22.209833	0.560120
8.64	28.54	18.51	19.75	3.05	1.75	20.769456	23.735237	22.211137	0.560106
8.64	28.54	18.52	19.76	3.05	1.75	20.772079	23.735448	22.212446	0.560093
8.64	28.54	18.53	19.78	3.05	1.75	20.774708	23.735662	22.213760	0.560079
8.64	28.54	18.54	19.79	3.05	1.75	20.777344	23.735880	22.215079	0.560066
8.65	28.54	18.55	19.80	3.05	1.75	20.779987	23.736101	22.216404	0.560052
8.65	28.54	18.56	19.81	3.05	1.75	20.782636	23.736326	22.217733	0.560039
8.65	28.54	18.57	19.82	3.05	1.75	20.785293	23.736554	22.219068	0.560025
8.66	28.54	18.58	19.83	3.05	1.75	20.787956	23.736786	22.220408	0.560011
8.66	28.54	18.59	19.84	3.05	1.75	20.790626	23.737021	22.221753	0.559998
8.66	28.54	18.59	19.85	3.05	1.75	20.793303	23.737260	22.223103	0.559984
8.66	28.54	18.60	19.86	3.05	1.75	20.795987	23.737502	22.224458	0.559970
8.67	28.54	18.61	19.87	3.05	1.75	20.798678	23.737748	22.225818	0.559957
8.67	28.54	18.62	19.88	3.05	1.75	20.801375	23.737997	22.227184	0.559943
8.67	28.54	18.63	19.89	3.05	1.75	20.804079	23.738250	22.228554	0.559929
8.68	28.54	18.64	19.90	3.05	1.75	20.806790	23.738506	22.229930	0.559915
8.68	28.54	18.65	19.91	3.05	1.75	20.809508	23.738765	22.231311	0.559901
8.68	28.54	18.66	19.92	3.05	1.74	20.812232	23.739028	22.232697	0.559888
8.68	28.54	18.67	19.93	3.05	1.74	20.814964	23.739295	22.234088	0.559874
8.69	28.54	18.68	19.94	3.05	1.74	20.817702	23.739565	22.235485	0.559860
8.69	28.54	18.68	19.95	3.05	1.74	20.820447	23.739838	22.236886	0.559846
8.69	28.54	18.69	19.97	3.05	1.74	20.823199	23.740115	22.238293	0.559832
8.69	28.54	18.70	19.98	3.05	1.74	20.825957	23.740396	22.239704	0.559818
8.70	28.54	18.71	19.99	3.05	1.74	20.828723	23.740679	22.241121	0.559804
8.70	28.54	18.72	20.00	3.05	1.74	20.831495	23.740967	22.242543	0.559790
8.70	28.54	18.73	20.01	3.05	1.74	20.834274	23.741258	22.243970	0.559776
8.71	28.54	18.74	20.02	3.05	1.74	20.837060	23.741552	22.245402	0.559762
8.71	28.54	18.75	20.03	3.05	1.74	20.839852	23.741850	22.246840	0.559748
8.71	28.54	18.76	20.04	3.05	1.74	20.842652	23.742151	22.248282	0.559733
8.71	28.54	18.77	20.05	3.05	1.74	20.845458	23.742456	22.249730	0.559719
8.72	28.54	18.78	20.06	3.05	1.74	20.848271	23.742765	22.251183	0.559705
8.72	28.54	18.78	20.07	3.05	1.74	20.851091	23.743076	22.252641	0.559691
8.72	28.54	18.79	20.08	3.05	1.74	20.853917	23.743392	22.254104	0.559677
8.72	28.54	18.80	20.09	3.05	1.74	20.856751	23.743711	22.255572	0.559662
8.73	28.54	18.81	20.10	3.05	1.74	20.859591	23.744033	22.257046	0.559648
8.73	28.54	18.82	20.12	3.05	1.74	20.862438	23.744359	22.258524	0.559634
8.73	28.54	18.83	20.13	3.05	1.74	20.865292	23.744688	22.260008	0.559620
8.74	28.54	18.84	20.14	3.05	1.74	20.868152	23.745021	22.261497	0.559605
8.74	28.54	18.85	20.15	3.05	1.74	20.871019	23.745357	22.262991	0.559591
8.74	28.54	18.86	20.16	3.05	1.74	20.873893	23.745697	22.264490	0.559576
8.74	28.54	18.87	20.17	3.05	1.74	20.876774	23.746041	22.265994	0.559562
8.75	28.54	18.88	20.18	3.05	1.73	20.879662	23.746388	22.267503	0.559547
8.75	28.54	18.89	20.19	3.05	1.73	20.882556	23.746738	22.269018	0.559533
8.75	28.54	18.90	20.20	3.05	1.73	20.885458	23.747092	22.270538	0.559518
8.76	28.54	18.90	20.21	3.05	1.73	20.888365	23.747450	22.272063	0.559504
8.76	28.54	18.91	20.22	3.05	1.73	20.891280	23.747811	22.273593	0.559489
8.76	28.54	18.92	20.23	3.05	1.73	20.894202	23.748175	22.275128	0.559475
8.76	28.54	18.93	20.25	3.05	1.73	20.897130	23.748543	22.276668	0.559460
8.77	28.54	18.94	20.26	3.05	1.73	20.900065	23.748915	22.278213	0.559446
8.77	28.54	18.95	20.27	3.05	1.73	20.903007	23.749290	22.279764	0.559431
8.77	28.54	18.96	20.28	3.05	1.73	20.905956	23.749668	22.281320	0.559416
8.78	28.54	18.97	20.29	3.05	1.73	20.908911	23.750051	22.282881	0.559401
8.78	28.54	18.98	20.30	3.05	1.73	20.911873	23.750436	22.284447	0.559387
8.78	28.54	18.99	20.31	3.05	1.73	20.914842	23.750825	22.286018	0.559372
8.78	28.54	19.00	20.32	3.05	1.73	20.917818	23.751218	22.287594	0.559357
8.79	28.54	19.01	20.33	3.05	1.73	20.920800	23.751615	22.289176	0.559342
8.79	28.54	19.02	20.34	3.05	1.73	20.923790	23.752014	22.290762	0.559328
8.79	28.54	19.03	20.35	3.05	1.73	20.926786	23.752418	22.292354	0.559313
8.79	28.54	19.04	20.37	3.05	1.73	20.929788	23.752825	22.293951	0.559298
8.80	28.54	19.05	20.38	3.05	1.73	20.932798	23.753235	22.295553	0.559283
8.80	28.54	19.05	20.39	3.05	1.73	20.935814	23.753649	22.297160	0.559268
8.80	28.54	19.06	20.40	3.05	1.73	20.938837	23.754066	22.298772	0.559253
8.81	28.54	19.07	20.41	3.05	1.73	20.941867	23.754488	22.300390	0.559238
8.81	28.54	19.08	20.42	3.05	1.73	20.944904	23.754912	22.302013	0.559223
8.81	28.54	19.09	20.43	3.05	1.73	20.947947	23.755340	22.303640	0.559208
8.81	28.54	19.10	20.44	3.05	1.72	20.950997	23.755772	22.305273	0.559193
8.82	28.54	19.11	20.45	3.05	1.72	20.954054	23.756207	22.306912	0.559178
8.82	28.54	19.12	20.46	3.05	1.72	20.957117	23.756646	22.308555	0.559162
8.82	28.54	19.13	20.48	3.06	1.72	20.960188	23.757088	22.310203	0.559147
8.82	28.54	19.14	20.49	3.06	1.72	20.963265	23.757534	22.311857	0.559132
8.83	28.54	19.15	20.50	3.06	1.72	20.966348	23.757984	22.313516	0.559117
8.83	28.54	19.16	20.51	3.06	1.72	20.969439	23.758437	22.315179	0.559102
8.83	28.54	19.17	20.52	3.06	1.72	20.972536	23.758893	22.316848	0.559086
8.84	28.54	19.18	20.53	3.06	1.72	20.975640	23.759353	22.318523	0.559071
8.84	28.54	19.19	20.54	3.06	1.72	20.978751	23.759817	22.320202	0.559056
8.84	28.54	19.20	20.55	3.06	1.72	20.981869	23.760284	22.321886	0.559040
8.84	28.54	19.21	20.56	3.06	1.72	20.984993	23.760755	22.323576	0.559025
8.85	28.54	19.22	20.58	3.06	1.72	20.988124	23.761229	22.325271	0.559010
8.85	28.54	19.23	20.59	3.06	1.72	20.991261	23.761707	22.326971	0.558994
8.85	28.54	19.24	20.60	3.06	1.72	20.994406	23.762189	22.328676	0.558979
8.86	28.54	19.25	20.61	3.06	1.72	20.997557	23.762674	22.330386	0.558963
8.86	28.54	19.26	20.62	3.06	1.72	21.000715	23.763163	22.332102	0.558948
8.86	28.54	19.27	20.63	3.06	1.72	21.003880	23.763655	22.333822	0.558932
8.86	28.54	19.27	20.64	3.06	1.72	21.007051	23.764151	22.335548	0.558917
8.87	28.54	19.28	20.65	3.06	1.72	21.010229	23.764650	22.337279	0.558901
8.87	28.54	19.29	20.67	3.06	1.72	21.013414	23.765153	22.339015	0.558886
8.87	28.54	19.30	20.68	3.06	1.72	21.016605	23.765659	22.340756	0.558870
8.88	28.54	19.31	20.69	3.06	1.71	21.019804	23.766169	22.342502	0.558854
8.88	28.54	19.32	20.70	3.06	1.71	21.023009	23.766683	22.344254	0.558838
8.88	28.54	19.33	20.71	3.06	1.71	21.026220	23.767200	22.346010	0.558823
8.88	28.54	19.34	20.72	3.06	1.71	21.029439	23.767721	22.347772	0.558807
8.89	28.54	19.35	20.73	3.06	1.71	21.032664	23.768245	22.349539	0.558791
8.89	28.54	19.36	20.74	3.06	1.71	21.035896	23.768773	22.351311	0.558775
8.89	28.54	19.37	20.76	3.06	1.71	21.039134	23.769305	22.353088	0.558760
8.89	28.54	19.38	20.77	3.06	1.71	21.042380	23.769840	22.354871	0.558744
8.90	28.54	19.39	20.78	3.06	1.71	21.045632	23.770379	22.356658	0.558728
8.90	28.54	19.40	20.79	3.06	1.71	21.048890	23.770921	22.358451	0.558712
8.90	28.54	19.41	20.80	3.06	1.71	21.052156	23.771467	22.360249	0.558696
8.91	28.54	19.42	20.81	3.06	1.71	21.055428	23.772016	22.362052	0.558680
8.91	28.54	19.43	20.82	3.06	1.71	21.058707	23.772569	22.363860	0.558664
8.91	28.54	19.44	20.83	3.06	1.71	21.061992	23.773126	22.365673	0.558648
8.91	28.54	19.45	20.85	3.06	1.71	21.065284	23.773686	22.367492	0.558632
8.92	28.54	19.46	20.86	3.06	1.71	21.068583	23.774250	22.369315	0.558616
8.92	28.54	19.47	20.87	3.06	1.71	21.071889	23.774817	22.371144	0.558600
8.92	28.54	19.48	20.88	3.06	1.71	21.075201	23.775389	22.372978	0.558584
8.93	28.54	19.49	20.89	3.06	1.71	21.078520	23.775963	22.374817	0.558567
8.93	28.54	19.50	20.90	3.06	1.71	21.081846	23.776541	22.376661	0.558551
8.93	28.54	19.51	20.91	3.06	1.71	21.085178	23.777123	22.378510	0.558535
8.93	28.54	19.52	20.93	3.06	1.70	21.088517	23.777709	22.380365	0.558519
8.94	28.54	19.53	20.94	3.06	1.70	21.091863	23.778298	22.382224	0.558502
8.94	28.54	19.54	20.95	3.06	1.70	21.095215	23.778890	22.384089	0.558486
8.94	28.54	19.55	20.96	3.06	1.70	21.098574	23.779486	22.385959	0.558470
8.94	28.54	19.56	20.97	3.06	1.70	21.101940	23.780086	22.387834	0.558453
8.95	28.54	19.57	20.98	3.06	1.70	21.105312	23.780690	22.389714	0.558437
8.95	28.54	19.58	20.99	3.06	1.70	21.108692	23.781297	22.391600	0.558420
8.95	28.54	19.59	21.01	3.06	1.70	21.112077	23.781907	22.393490	0.558404
8.96	28.54	19.60	21.02	3.06	1.70	21.115470	23.782522	22.395386	0.558388
8.96	28.54	19.61	21.03	3.06	1.70	21.118869	23.783139	22.397287	0.558371
8.96	28.54	19.62	21.04	3.06	1.70	21.122275	23.783761	22.399193	0.558354
8.96	28.54	19.63	21.05	3.06	1.70	21.125687	23.784386	22.401104	0.558338
8.97	28.54	19.64	21.06	3.06	1.70	21.129106	23.785015	22.403020	0.558321
8.97	28.54	19.65	21.07	3.06	1.70	21.132532	23.785647	22.404942	0.558305
8.97	28.54	19.66	21.09	3.06	1.70	21.135965	23.786283	22.406868	0.558288
8.97	28.54	19.67	21.10	3.06	1.70	21.139404	23.786922	22.408800	0.558271
8.98	28.54	19.68	21.11	3.06	1.70	21.142850	23.787565	22.410737	0.558255
8.98	28.54	19.69	21.12	3.06	1.70	21.146302	23.788212	22.412679	0.558238
8.98	28.54	19.70	21.13	3.06	1.70	21.149761	23.788863	22.414626	0.558221
8.99	28.54	19.71	21.14	3.06	1.70	21.153227	23.789517	22.416578	0.558204
8.99	28.54	19.72	21.16	3.06	1.70	21.156699	23.790174	22.418536	0.558187
8.99	28.54	19.73	21.17	3.06	1.69	21.160178	23.790835	22.420498	0.558170
8.99	28.54	19.74	21.18	3.06	1.69	21.163664	23.791500	22.422466	0.558154
9.00	28.54	19.75	21.19	3.06	1.69	21.167156	23.792169	22.424439	0.558137
9.00	28.54	19.76	21.20	3.06	1.69	21.170655	23.792841	22.426417	0.558120
9.00	28.54	19.77	21.21	3.06	1.69	21.174161	23.793516	22.428400	0.558103
9.01	28.54	19.78	21.23	3.06	1.69	21.177673	23.794196	22.430388	0.558086
9.01	28.54	19.79	21.24	3.06	1.69	21.181192	23.794879	22.432382	0.558069
9.01	28.54	19.80	21.25	3.06	1.69	21.184718	23.795565	22.434380	0.558052
9.01	28.54	19.81	21.26	3.06	1.69	21.188250	23.796256	22.436384	0.558034
9.02	28.54	19.82	21.27	3.06	1.69	21.191789	23.796949	22.438393	0.558017
9.02	28.54	19.83	21.28	3.06	1.69	21.195334	23.797647	22.440407	0.558000
9.02	28.54	19.84	21.30	3.06	1.69	21.198886	23.798348	22.442426	0.557983
9.03	28.54	19.85	21.31	3.06	1.69	21.202445	23.799053	22.444450	0.557966
9.03	28.54	19.86	21.32	3.06	1.69	21.206010	23.799761	22.446480	0.557948
9.03	28.54	19.87	21.33	3.06	1.69	21.209582	23.800473	22.448514	0.557931
9.03	28.54	19.88	21.34	3.06	1.69	21.213161	23.801189	22.450554	0.557914
9.04	28.54	19.89	21.35	3.06	1.69	21.216746	23.801908	22.452599	0.557896
9.04	28.54	19.90	21.37	3.06	1.69	21.220338	23.802631	22.454649	0.557879
9.04	28.54	19.91	21.38	3.06	1.69	21.223936	23.803358	22.456704	0.557862
9.04	28.54	19.92	21.39	3.06	1.69	21.227541	23.804088	22.458764	0.557844
9.05	28.54	19.93	21.40	3.06	1.68	21.231153	23.804822	22.460830	0.557827
9.05	28.54	19.94	21.41	3.06	1.68	21.234771	23.805559	22.462900	0.557809
9.05	28.54	19.95	21.42	3.06	1.68	21.238396	23.806300	22.464976	0.557792
9.06	28.54	19.97	21.44	3.06	1.68	21.242027	23.807045	22.467057	0.557774
9.06	28.54	19.98	21.45	3.06	1.68	21.245665	23.807793	22.469143	0.557757
9.06	28.54	19.99	21.46	3.06	1.68	21.249310	23.808545	22.471234	0.557739
9.06	28.54	20.00	21.47	3.06	1.68	21.252961	23.809301	22.473330	0.557721
9.07	28.54	20.01	21.48	3.06	1.68	21.256619	23.810060	22.475431	0.557704
9.07	28.54	20.02	21.49	3.06	1.68	21.260283	23.810823	22.477538	0.557686
9.07	28.54	20.03	21.51	3.06	1.68	21.263954	23.811590	22.479649	0.557668
9.07	28.54	20.04	21.52	3.06	1.68	21.267632	23.812360	22.481766	0.557650
9.08	28.54	20.05	21.53	3.06	1.68	21.271316	23.813134	22.483888	0.557633
9.08	28.54	20.06	21.54	3.06	1.68	21.275006	23.813912	22.486015	0.557615
9.08	28.54	20.07	21.55	3.06	1.68	21.278704	23.814693	22.488147	0.557597
9.09	28.54	20.08	21.57	3.06	1.68	21.282408	23.815478	22.490284	0.557579
9.09	28.54	20.09	21.58	3.06	1.68	21.286118	23.816266	22.492426	0.557561
9.09	28.54	20.10	21.59	3.06	1.68	21.289835	23.817058	22.494574	0.557543
9.09	28.54	20.11	21.60	3.06	1.68	21.293559	23.817854	22.496726	0.557525
9.10	28.54	20.12	21.61	3.06	1.68	21.297289	23.818654	22.498884	0.557507
9.10	28.54	20.13	21.63	3.06	1.67	21.301026	23.819457	22.501047	0.557489
9.10	28.54	20.14	21.64	3.06	1.67	21.304769	23.820263	22.503215	0.557471
9.11	28.54	20.15	21.65	3.06	1.67	21.308519	23.821074	22.505388	0.557453
9.11	28.54	20.16	21.66	3.06	1.67	21.312275	23.821888	22.507566	0.557434
9.11	28.54	20.17	21.67	3.06	1.67	21.316038	23.822706	22.509750	0.557416
9.11	28.54	20.18	21.68	3.06	1.67	21.319808	23.823527	22.511938	0.557398
9.12	28.54	20.19	21.70	3.06	1.67	21.323584	23.824352	22.514132	0.557380
9.12	28.54	20.20	21.71	3.06	1.67	21.327367	23.825181	22.516331	0.557361
9.12	28.54	20.22	21.72	3.06	1.67	21.331156	23.826013	22.518534	0.557343
9.12	28.54	20.23	21.73	3.06	1.67	21.334952	23.826849	22.520743	0.557325
9.13	28.54	20.24	21.74	3.06	1.67	21.338754	23.827689	22.522957	0.557306
9.13	28.54	20.25	21.76	3.06	1.67	21.342563	23.828532	22.525177	0.557288
9.13	28.54	20.26	21.77	3.06	1.67	21.346378	23.829379	22.527401	0.557269
9.14	28.54	20.27	21.78	3.06	1.67	21.350200	23.830230	22.529630	0.557251
9.14	28.54	20.28	21.79	3.06	1.67	21.354029	23.831084	22.531865	0.557232
9.14	28.54	20.29	21.80	3.06	1.67	21.357864	23.831942	22.534104	0.557214
9.14	28.54	20.30	21.82	3.06	1.67	21.361705	23.832804	22.536349	0.557195
9.15	28.54	20.31	21.83	3.06	1.67	21.365553	23.833669	22.538599	0.557177
9.15	28.54	20.32	21.84	3.06	1.67	21.369408	23.834538	22.540854	0.557158
9.15	28.54	20.33	21.85	3.06	1.66	21.373269	23.835411	22.543114	0.557139
9.16	28.54	20.34	21.86	3.06	1.66	21.377136	23.836287	22.545379	0.557121
9.16	28.54	20.35	21.88	3.06	1.66	21.381011	23.837167	22.547650	0.557102
9.16	28.54	20.36	21.89	3.06	1.66	21.384891	23.838050	22.549925	0.557083
9.16	28.54	20.37	21.90	3.06	1.66	21.388778	23.838938	22.552206	0.557064
9.17	28.54	20.38	21.91	3.06	1.66	21.392672	23.839829	22.554491	0.557045
9.17	28.54	20.40	21.92	3.06	1.66	21.396572	23.840723	22.556782	0.557026
9.17	28.54	20.41	21.94	3.06	1.66	21.400479	23.841622	22.559078	0.557007
9.18	28.54	20.42	21.95	3.06	1.66	21.404392	23.842524	22.561379	0.556989
9.18	28.54	20.43	21.96	3.06	1.66	21.408312	23.843429	22.563685	0.556970
9.18	28.54	20.44	21.97	3.06	1.66	21.412238	23.844339	22.565996	0.556950
9.18	28.54	20.45	21.99	3.06	1.66	21.416170	23.845252	22.568313	0.556931
9.19	28.54	20.46	22.00	3.06	1.66	21.420110	23.846168	22.570634	0.556912
9.19	28.54	20.47	22.01	3.06	1.66	21.424055	23.847089	22.572960	0.556893
9.19	28.54	20.48	22.02	3.06	1.66	21.428007	23.848013	22.575292	0.556874
9.19	28.54	20.49	22.03	3.06	1.66	21.431966	23.848940	22.577629	0.556855
9.20	28.54	20.50	22.05	3.06	1.66	21.435931	23.849872	22.579970	0.556836
9.20	28.54	20.51	22.06	3.06	1.66	21.439903	23.850807	22.582317	0.556816
9.20	28.54	20.52	22.07	3.06	1.65	21.443881	23.851746	22.584669	0.556797
9.21	28.54	20.53	22.08	3.06	1.65	21.447865	23.852688	22.587026	0.556778
9.21	28.54	20.55	22.09	3.06	1.65	21.451856	23.853634	22.589389	0.556758
9.21	28.54	20.56	22.11	3.06	1.65	21.455854	23.854584	22.591756	0.556739
9.21	28.54	20.57	22.12	3.06	1.65	21.459858	23.855537	22.594128	0.556719
9.22	28.54	20.58	22.13	3.06	1.65	21.463868	23.856494	22.596506	0.556700
9.22	28.54	20.59	22.14	3.06	1.65	21.467885	23.857455	22.598888	0.556680
9.22	28.54	20.60	22.16	3.06	1.65	21.471908	23.858420	22.601276	0.556661
9.22	28.54	20.61	22.17	3.06	1.65	21.475938	23.859388	22.603668	0.556641
9.23	28.54	20.62	22.18	3.06	1.65	21.479974	23.860359	22.606066	0.556622
9.23	28.54	20.63	22.19	3.06	1.65	21.484017	23.861335	22.608469	0.556602
9.23	28.54	20.64	22.20	3.06	1.65	21.488066	23.862314	22.610877	0.556582
9.24	28.54	20.65	22.22	3.06	1.65	21.492122	23.863297	22.613290	0.556563
9.24	28.54	20.66	22.23	3.07	1.65	21.496184	23.864284	22.615708	0.556543
9.24	28.54	20.68	22.24	3.07	1.65	21.500252	23.865274	22.618131	0.556523
9.24	28.54	20.69	22.25	3.07	1.65	21.504327	23.866268	22.620560	0.556503
9.25	28.54	20.70	22.27	3.07	1.65	21.508408	23.867265	22.622993	0.556483
9.25	28.54	20.71	22.28	3.07	1.64	21.512496	23.868267	22.625432	0.556463
9.25	28.54	20.72	22.29	3.07	1.64	21.516590	23.869272	22.627875	0.556443
9.26	28.54	20.73	22.30	3.07	1.64	21.520691	23.870280	22.630324	0.556423
9.26	28.54	20.74	22.31	3.07	1.64	21.524798	23.871293	22.632777	0.556403
9.26	28.54	20.75	22.33	3.07	1.64	21.528911	23.872309	22.635236	0.556383
9.26	28.54	20.76	22.34	3.07	1.64	21.533031	23.873328	22.637700	0.556363
9.27	28.54	20.77	22.35	3.07	1.64	21.537158	23.874352	22.640169	0.556343
9.27	28.54	20.78	22.36	3.07	1.64	21.541290	23.875379	22.642643	0.556323
9.27	28.54	20.80	22.38	3.07	1.64	21.545429	23.876410	22.645122	0.556303
9.28	28.54	20.81	22.39	3.07	1.64	21.549575	23.877444	22.647606	0.556283
9.28	28.54	20.82	22.40	3.07	1.64	21.553727	23.878482	22.650095	0.556262
9.28	28.54	20.83	22.41	3.07	1.64	21.557885	23.879524	22.652590	0.556242
9.28	28.54	20.84	22.43	3.07	1.64	21.562050	23.880569	22.655089	0.556222
9.29	28.54	20.85	22.44	3.07	1.64	21.566221	23.881619	22.657593	0.556201
9.29	28.54	20.86	22.45	3.07	1.64	21.570398	23.882672	22.660103	0.556181
9.29	28.54	20.87	22.46	3.07	1.64	21.574582	23.883728	22.662617	0.556160
9.29	28.54	20.88	22.48	3.07	1.64	21.578773	23.884788	22.665137	0.556140
9.30	28.54	20.89	22.49	3.07	1.63	21.582969	23.885852	22.667662	0.556119
9.30	28.54	20.91	22.50	3.07	1.63	21.587172	23.886920	22.670191	0.556099
9.30	28.54	20.92	22.51	3.07	1.63	21.591382	23.887991	22.672726	0.556078
9.31	28.54	20.93	22.53	3.07	1.63	21.595598	23.889066	22.675266	0.556057
9.31	28.54	20.94	22.54	3.07	1.63	21.599820	23.890145	22.677811	0.556037
9.31	28.54	20.95	22.55	3.07	1.63	21.604048	23.891227	22.680361	0.556016
9.31	28.54	20.96	22.56	3.07	1.63	21.608283	23.892314	22.682916	0.555995
9.32	28.54	20.97	22.57	3.07	1.63	21.612524	23.893403	22.685476	0.555974
9.32	28.54	20.98	22.59	3.07	1.63	21.616772	23.894497	22.688041	0.555954
9.32	28.54	20.99	22.60	3.07	1.63	21.621026	23.895594	22.690611	0.555933
9.32	28.54	21.01	22.61	3.07	1.63	21.625286	23.896695	22.693186	0.555912
9.33	28.54	21.02	22.62	3.07	1.63	21.629553	23.897799	22.695766	0.555891
9.33	28.54	21.03	22.64	3.07	1.63	21.633826	23.898908	22.698352	0.555870
9.33	28.54	21.04	22.65	3.07	1.63	21.638106	23.900020	22.700942	0.555849
9.34	28.54	21.05	22.66	3.07	1.63	21.642391	23.901135	22.703537	0.555828
9.34	28.54	21.06	22.67	3.07	1.63	21.646683	23.902255	22.706138	0.555807
9.34	28.54	21.07	22.69	3.07	1.62	21.650982	23.903378	22.708743	0.555785
9.34	28.54	21.08	22.70	3.07	1.62	21.655286	23.904504	22.711354	0.555764
9.35	28.54	21.09	22.71	3.07	1.62	21.659598	23.905635	22.713969	0.555743
9.35	28.54	21.11	22.72	3.07	1.62	21.663915	23.906769	22.716590	0.555722
9.35	28.54	21.12	22.74	3.07	1.62	21.668239	23.907907	22.719215	0.555700
9.36	28.54	21.13	22.75	3.07	1.62	21.672569	23.909048	22.721846	0.555679
9.36	28.54	21.14	22.76	3.07	1.62	21.676905	23.910193	22.724482	0.555658
9.36	28.54	21.15	22.77	3.07	1.62	21.681248	23.911342	22.727122	0.555636
9.36	28.54	21.16	22.79	3.07	1.62	21.685597	23.912495	22.729768	0.555615
9.37	28.54	21.17	22.80	3.07	1.62	21.689952	23.913651	22.732419	0.555593
9.37	28.54	21.18	22.81	3.07	1.62	21.694314	23.914811	22.735075	0.555572
9.37	28.54	21.20	22.83	3.07	1.62	21.698681	23.915975	22.737736	0.555550
9.38	28.54	21.21	22.84	3.07	1.62	21.703056	23.917142	22.740401	0.555529
9.38	28.54	21.22	22.85	3.07	1.62	21.707436	23.918313	22.743072	0.555507
9.38	28.54	21.23	22.86	3.07	1.62	21.711823	23.919488	22.745748	0.555485
9.38	28.54	21.24	22.88	3.07	1.62	21.716216	23.920666	22.748429	0.555463
9.39	28.54	21.25	22.89	3.07	1.61	21.720615	23.921849	22.751115	0.555442
9.39	28.54	21.26	22.90	3.07	1.61	21.725021	23.923034	22.753806	0.555420
9.39	28.54	21.27	22.91	3.07	1.61	21.729433	23.924224	22.756502	0.555398
9.39	28.54	21.29	22.93	3.07	1.61	21.733851	23.925417	22.759203	0.555376
9.40	28.54	21.30	22.94	3.07	1.61	21.738276	23.926614	22.761909	0.555354
9.40	28.54	21.31	22.95	3.07	1.61	21.742706	23.927815	22.764620	0.555332
9.40	28.54	21.32	22.96	3.07	1.61	21.747143	23.929019	22.767336	0.555310
9.41	28.54	21.33	22.98	3.07	1.61	21.751587	23.930227	22.770057	0.555288
9.41	28.54	21.34	22.99	3.07	1.61	21.756036	23.931439	22.772783	0.555266
9.41	28.54	21.35	23.00	3.07	1.61	21.760492	23.932654	22.775514	0.555244
9.41	28.54	21.37	23.01	3.07	1.61	21.764954	23.933874	22.778250	0.555221
9.42	28.54	21.38	23.03	3.07	1.61	21.769422	23.935096	22.780991	0.555199
9.42	28.54	21.39	23.04	3.07	1.61	21.773897	23.936323	22.783737	0.555177
9.42	28.54	21.40	23.05	3.07	1.61	21.778378	23.937553	22.786488	0.555154
9.43	28.54	21.41	23.07	3.07	1.61	21.782865	23.938787	22.789245	0.555132
9.43	28.54	21.42	23.08	3.07	1.60	21.787358	23.940025	22.792006	0.555110
9.43	28.54	21.43	23.09	3.07	1.60	21.791858	23.941266	22.794772	0.555087
9.43	28.54	21.44	23.10	3.07	1.60	21.796363	23.942511	22.797543	0.555065
9.44	28.54	21.46	23.12	3.07	1.60	21.800875	23.943760	22.800319	0.555042
9.44	28.54	21.47	23.13	3.07	1.60	21.805394	23.945012	22.803100	0.555020
9.44	28.54	21.48	23.14	3.07	1.60	21.809918	23.946268	22.805886	0.554997
9.44	28.54	21.49	23.15	3.07	1.60	21.814449	23.947528	22.808677	0.554974
9.45	28.54	21.50	23.17	3.07	1.60	21.818986	23.948791	22.811473	0.554952
9.45	28.54	21.51	23.18	3.07	1.60	21.823529	23.950059	22.814274	0.554929
9.45	28.54	21.52	23.19	3.07	1.60	21.828078	23.951330	22.817080	0.554906
9.46	28.54	21.54	23.21	3.07	1.60	21.832633	23.952604	22.819891	0.554883
9.46	28.54	21.55	23.22	3.07	1.60	21.837195	23.953882	22.822707	0.554860
9.46	28.54	21.56	23.23	3.07	1.60	21.841763	23.955164	22.825528	0.554837
9.46	28.54	21.57	23.24	3.07	1.60	21.846337	23.956450	22.828354	0.554814
9.47	28.54	21.58	23.26	3.07	1.60	21.850917	23.957739	22.831184	0.554791
9.47	28.54	21.59	23.27	3.07	1.59	21.855504	23.959033	22.834020	0.554768
9.47	28.54	21.61	23.28	3.07	1.59	21.860096	23.960329	22.836861	0.554745
9.47	28.54	21.62	23.29	3.07	1.59	21.864695	23.961630	22.839707	0.554722
9.48	28.54	21.63	23.31	3.07	1.59	21.869300	23.962934	22.842558	0.554699
9.48	28.54	21.64	23.32	3.07	1.59	21.873911	23.964242	22.845413	0.554675
9.48	28.54	21.65	23.33	3.07	1.59	21.878529	23.965553	22.848274	0.554652
9.49	28.54	21.66	23.35	3.07	1.59	21.883152	23.966869	22.851140	0.554629
9.49	28.54	21.67	23.36	3.07	1.59	21.887782	23.968188	22.854010	0.554605
9.49	28.54	21.69	23.37	3.07	1.59	21.892418	23.969510	22.856886	0.554582
9.49	28.54	21.70	23.38	3.07	1.59	21.897060	23.970837	22.859766	0.554559
9.50	28.54	21.71	23.40	3.07	1.59	21.901708	23.972167	22.862652	0.554535
9.50	28.54	21.72	23.41	3.07	1.59	21.906362	23.973500	22.865542	0.554511
9.50	28.54	21.73	23.42	3.07	1.59	21.911023	23.974838	22.868438	0.554488
9.51	28.54	21.74	23.44	3.07	1.59	21.915689	23.976179	22.871338	0.554464
9.51	28.54	21.76	23.45	3.07	1.59	21.920362	23.977524	22.874244	0.554440
9.51	28.54	21.77	23.46	3.07	1.58	21.925041	23.978872	22.877154	0.554417
9.51	28.54	21.78	23.47	3.07	1.58	21.929726	23.980225	22.880069	0.554393
9.52	28.54	21.79	23.49	3.07	1.58	21.934417	23.981581	22.882989	0.554369
9.52	28.54	21.80	23.50	3.07	1.58	21.939114	23.982940	22.885914	0.554345
9.52	28.54	21.81	23.51	3.07	1.58	21.943818	23.984304	22.888844	0.554321
9.53	28.54	21.83	23.53	3.07	1.58	21.948527	23.985671	22.891779	0.554297
9.53	28.54	21.84	23.54	3.07	1.58	21.953243	23.987041	22.894719	0.554273
9.53	28.54	21.85	23.55	3.07	1.58	21.957965	23.988416	22.897664	0.554249
9.53	28.54	21.86	23.56	3.07	1.58	21.962693	23.989794	22.900614	0.554225
9.54	28.54	21.87	23.58	3.07	1.58	21.967426	23.991176	22.903569	0.554201
9.54	28.54	21.88	23.59	3.07	1.58	21.972167	23.992561	22.906528	0.554177
9.54	28.54	21.89	23.60	3.07	1.58	21.976913	23.993950	22.909493	0.554152
9.54	28.54	21.91	23.62	3.07	1.58	21.981665	23.995343	22.912462	0.554128
9.55	28.54	21.92	23.63	3.07	1.58	21.986423	23.996740	22.915437	0.554104
9.55	28.54	21.93	23.64	3.07	1.57	21.991188	23.998140	22.918416	0.554079
9.55	28.54	21.94	23.66	3.07	1.57	21.995958	23.999544	22.921401	0.554055
9.56	28.54	21.95	23.67	3.07	1.57	22.000735	24.000952	22.924390	0.554030
9.56	28.54	21.97	23.68	3.08	1.57	22.005517	24.002363	22.927384	0.554006
9.56	28.54	21.98	23.69	3.08	1.57	22.010306	24.003778	22.930383	0.553981
9.56	28.54	21.99	23.71	3.08	1.57	22.015101	24.005197	22.933387	0.553956
9.57	28.54	22.00	23.72	3.08	1.57	22.019902	24.006619	22.936396	0.553932
9.57	28.54	22.01	23.73	3.08	1.57	22.024709	24.008045	22.939410	0.553907
9.57	28.54	22.02	23.75	3.08	1.57	22.029522	24.009475	22.942428	0.553882
9.57	28.54	22.04	23.76	3.08	1.57	22.034341	24.010909	22.945452	0.553857
9.58	28.54	22.05	23.77	3.08	1.57	22.039166	24.012346	22.948480	0.553832
9.58	28.54	22.06	23.79	3.08	1.57	22.043997	24.013787	22.951514	0.553807
9.58	28.54	22.07	23.80	3.08	1.57	22.048834	24.015231	22.954552	0.553782
9.59	28.54	22.08	23.81	3.08	1.57	22.053677	24.016679	22.957595	0.553757
9.59	28.54	22.09	23.82	3.08	1.56	22.058526	24.018131	22.960644	0.553732
9.59	28.54	22.11	23.84	3.08	1.56	22.063382	24.019587	22.963697	0.553707
9.59	28.54	22.12	23.85	3.08	1.56	22.068243	24.021046	22.966755	0.553682
9.60	28.54	22.13	23.86	3.08	1.56	22.073110	24.022509	22.969817	0.553657
9.60	28.54	22.14	23.88	3.08	1.56	22.077984	24.023976	22.972885	0.553631
9.60	28.54	22.15	23.89	3.08	1.56	22.082863	24.025446	22.975958	0.553606
9.61	28.54	22.17	23.90	3.08	1.56	22.087748	24.026921	22.979035	0.553581
9.61	28.54	22.18	23.92	3.08	1.56	22.092640	24.028398	22.982117	0.553555
9.61	28.54	22.19	23.93	3.08	1.56	22.097537	24.029880	22.985205	0.553530
9.61	28.54	22.20	23.94	3.08	1.56	22.102441	24.031365	22.988297	0.553504
9.62	28.54	22.21	23.95	3.08	1.56	22.107350	24.032854	22.991394	0.553478
9.62	28.54	22.22	23.97	3.08	1.56	22.112265	24.034346	22.994496	0.553453
9.62	28.54	22.24	23.98	3.08	1.56	22.117187	24.035842	22.997603	0.553427
9.62	28.54	22.25	23.99	3.08	1.55	22.122114	24.037342	23.000714	0.553401
9.63	28.54	22.26	24.01	3.08	1.55	22.127047	24.038846	23.003831	0.553375
9.63	28.54	22.27	24.02	3.08	1.55	22.131987	24.040353	23.006952	0.553349
9.63	28.54	22.28	24.03	3.08	1.55	22.136932	24.041864	23.010078	0.553324
9.64	28.54	22.30	24.05	3.08	1.55	22.141883	24.043379	23.013209	0.553298
9.64	28.54	22.31	24.06	3.08	1.55	22.146840	24.044897	23.016345	0.553271
9.64	28.54	22.32	24.07	3.08	1.55	22.151804	24.046419	23.019486	0.553245
9.64	28.54	22.33	24.09	3.08	1.55	22.156773	24.047945	23.022632	0.553219
9.65	28.54	22.34	24.10	3.08	1.55	22.161748	24.049474	23.025782	0.553193
9.65	28.54	22.36	24.11	3.08	1.55	22.166729	24.051007	23.028938	0.553167
9.65	28.54	22.37	24.13	3.08	1.55	22.171716	24.052544	23.032098	0.553140
9.66	28.54	22.38	24.14	3.08	1.55	22.176709	24.054084	23.035263	0.553114
9.66	28.54	22.39	24.15	3.08	1.55	22.181708	24.055628	23.038433	0.553088
9.66	28.54	22.40	24.16	3.08	1.54	22.186712	24.057176	23.041608	0.553061
9.66	28.54	22.41	24.18	3.08	1.54	22.191723	24.058728	23.044788	0.553035
9.67	28.54	22.43	24.19	3.08	1.54	22.196740	24.060283	23.047972	0.553008
9.67	28.54	22.44	24.20	3.08	1.54	22.201762	24.061842	23.051161	0.552981
9.67	28.54	22.45	24.22	3.08	1.54	22.206791	24.063404	23.054355	0.552955
9.68	28.54	22.46	24.23	3.08	1.54	22.211825	24.064970	23.057554	0.552928
9.68	28.54	22.47	24.24	3.08	1.54	22.216866	24.066540	23.060758	0.552901
9.68	28.54	22.49	24.26	3.08	1.54	22.221912	24.068114	23.063967	0.552874
9.68	28.54	22.50	24.27	3.08	1.54	22.226964	24.069691	23.067180	0.552847
9.69	28.54	22.51	24.28	3.08	1.54	22.232022	24.071272	23.070399	0.552820
9.69	28.54	22.52	24.30	3.08	1.54	22.237086	24.072856	23.073622	0.552793
9.69	28.54	22.53	24.31	3.08	1.54	22.242156	24.074444	23.076850	0.552766
9.69	28.54	22.55	24.32	3.08	1.54	22.247231	24.076036	23.080083	0.552739
9.70	28.54	22.56	24.34	3.08	1.53	22.252313	24.077632	23.083320	0.552712
9.70	28.54	22.57	24.35	3.08	1.53	22.257401	24.079231	23.086563	0.552685
9.70	28.54	22.58	24.36	3.08	1.53	22.262494	24.080834	23.089810	0.552657
9.71	28.54	22.59	24.38	3.08	1.53	22.267593	24.082441	23.093062	0.552630
9.71	28.54	22.61	24.39	3.08	1.53	22.272698	24.084051	23.096319	0.552603
9.71	28.54	22.62	24.40	3.08	1.53	22.277809	24.085665	23.099580	0.552575
9.71	28.54	22.63	24.42	3.08	1.53	22.282926	24.087282	23.102847	0.552548
9.72	28.54	22.64	24.43	3.08	1.53	22.288049	24.088904	23.106118	0.552520
9.72	28.54	22.66	24.44	3.08	1.53	22.293177	24.090529	23.109394	0.552492
9.72	28.54	22.67	24.46	3.08	1.53	22.298311	24.092157	23.112675	0.552465
9.72	28.54	22.68	24.47	3.08	1.53	22.303452	24.093789	23.115961	0.552437
9.73	28.54	22.69	24.48	3.08	1.53	22.308598	24.095425	23.119251	0.552409
9.73	28.54	22.70	24.50	3.08	1.52	22.313749	24.097065	23.122546	0.552381
9.73	28.54	22.72	24.51	3.08	1.52	22.318907	24.098708	23.125847	0.552353
9.74	28.54	22.73	24.52	3.08	1.52	22.324071	24.100355	23.129151	0.552325
9.74	28.54	22.74	24.54	3.08	1.52	22.329240	24.102006	23.132461	0.552297
9.74	28.54	22.75	24.55	3.08	1.52	22.334415	24.103660	23.135775	0.552269
9.74	28.54	22.76	24.56	3.08	1.52	22.339596	24.105318	23.139095	0.552241
9.75	28.54	22.78	24.58	3.08	1.52	22.344783	24.106980	23.142418	0.552212
9.75	28.54	22.79	24.59	3.08	1.52	22.349976	24.108645	23.145747	0.552184
9.75	28.54	22.80	24.60	3.08	1.52	22.355174	24.110314	23.149081	0.552156
9.76	28.54	22.81	24.61	3.08	1.52	22.360378	24.111986	23.152419	0.552127
9.76	28.54	22.82	24.63	3.08	1.52	22.365588	24.113663	23.155762	0.552099
9.76	28.54	22.84	24.64	3.08	1.52	22.370804	24.115343	23.159110	0.552070
9.76	28.54	22.85	24.65	3.08	1.51	22.376025	24.117026	23.162462	0.552041
9.77	28.54	22.86	24.67	3.08	1.51	22.381253	24.118713	23.165820	0.552013
9.77	28.54	22.87	24.68	3.08	1.51	22.386486	24.120404	23.169182	0.551984
9.77	28.54	22.89	24.69	3.08	1.51	22.391725	24.122099	23.172549	0.551955
9.78	28.54	22.90	24.71	3.08	1.51	22.396969	24.123797	23.175920	0.551926
9.78	28.54	22.91	24.72	3.08	1.51	22.402220	24.125499	23.179297	0.551897
9.78	28.54	22.92	24.73	3.08	1.51	22.407476	24.127204	23.182678	0.551868
9.78	28.54	22.93	24.75	3.08	1.51	22.412738	24.128914	23.186063	0.551839
9.79	28.54	22.95	24.76	3.08	1.51	22.418005	24.130626	23.189454	0.551810
9.79	28.54	22.96	24.78	3.08	1.51	22.423279	24.132343	23.192849	0.551781
9.79	28.54	22.97	24.79	3.08	1.51	22.428558	24.134063	23.196249	0.551751
9.79	28.54	22.98	24.80	3.08	1.51	22.433843	24.135787	23.199654	0.551722
9.80	28.54	23.00	24.82	3.08	1.50	22.439134	24.137514	23.203064	0.551693
9.80	28.54	23.01	24.83	3.08	1.50	22.444430	24.139245	23.206478	0.551663
9.80	28.54	23.02	24.84	3.08	1.50	22.449732	24.140980	23.209897	0.551634
9.81	28.54	23.03	24.86	3.08	1.50	22.455040	24.142718	23.213321	0.551604
9.81	28.54	23.04	24.87	3.08	1.50	22.460353	24.144460	23.216749	0.551574
9.81	28.54	23.06	24.88	3.08	1.50	22.465672	24.146206	23.220182	0.551545
9.81	28.54	23.07	24.90	3.08	1.50	22.470997	24.147955	23.223620	0.551515
9.82	28.54	23.08	24.91	3.08	1.50	22.476328	24.149708	23.227063	0.551485
9.82	28.54	23.09	24.92	3.08	1.50	22.481664	24.151465	23.230510	0.551455
9.82	28.54	23.11	24.94	3.08	1.50	22.487006	24.153225	23.233962	0.551425
9.82	28.54	23.12	24.95	3.09	1.50	22.492354	24.154989	23.237419	0.551395
9.83	28.54	23.13	24.96	3.09	1.50	22.497707	24.156757	23.240881	0.551365
9.83	28.54	23.14	24.98	3.09	1.49	22.503066	24.158528	23.244347	0.551335
9.83	28.54	23.15	24.99	3.09	1.49	22.508431	24.160303	23.247818	0.551304
9.84	28.54	23.17	25.00	3.09	1.49	22.513802	24.162081	23.251293	0.551274
9.84	28.54	23.18	25.02	3.09	1.49	22.519178	24.163863	23.254773	0.551244
9.84	28.54	23.19	25.03	3.09	1.49	22.524559	24.165649	23.258258	0.551213
9.84	28.54	23.20	25.04	3.09	1.49	22.529947	24.167438	23.261748	0.551183
9.85	28.54	23.22	25.06	3.09	1.49	22.535340	24.169231	23.265242	0.551152
9.85	28.54	23.23	25.07	3.09	1.49	22.540739	24.171028	23.268741	0.551121
9.85	28.54	23.24	25.08	3.09	1.49	22.546143	24.172828	23.272245	0.551091
9.86	28.54	23.25	25.10	3.09	1.49	22.551553	24.174632	23.275754	0.551060
9.86	28.54	23.27	25.11	3.09	1.49	22.556969	24.176440	23.279267	0.551029
9.86	28.54	23.28	25.12	3.09	1.48	22.562390	24.178251	23.282784	0.550998
9.86	28.54	23.29	25.14	3.09	1.48	22.567817	24.180066	23.286307	0.550967
9.87	28.54	23.30	25.15	3.09	1.48	22.573249	24.181884	23.289834	0.550936
9.87	28.54	23.32	25.16	3.09	1.48	22.578687	24.183706	23.293366	0.550905
9.87	28.54	23.33	25.18	3.09	1.48	22.584131	24.185532	23.296902	0.550873
9.88	28.54	23.34	25.19	3.09	1.48	22.589580	24.187361	23.300443	0.550842
9.88	28.54	23.35	25.21	3.09	1.48	22.595035	24.189194	23.303989	0.550811
9.88	28.54	23.36	25.22	3.09	1.48	22.600496	24.191031	23.307539	0.550779
9.88	28.54	23.38	25.23	3.09	1.48	22.605962	24.192871	23.311094	0.550747
9.89	28.54	23.39	25.25	3.09	1.48	22.611434	24.194715	23.314654	0.550716
9.89	28.54	23.40	25.26	3.09	1.48	22.616911	24.196563	23.318219	0.550684
9.89	28.54	23.41	25.27	3.09	1.47	22.622394	24.198414	23.321788	0.550652
9.89	28.54	23.43	25.29	3.09	1.47	22.627883	24.200268	23.325361	0.550621
9.90	28.54	23.44	25.30	3.09	1.47	22.633377	24.202127	23.328940	0.550589
9.90	28.54	23.45	25.31	3.09	1.47	22.638876	24.203989	23.332522	0.550557
9.90	28.54	23.46	25.33	3.09	1.47	22.644381	24.205854	23.336110	0.550525
9.91	28.54	23.48	25.34	3.09	1.47	22.649892	24.207723	23.339702	0.550492
9.91	28.54	23.49	25.35	3.09	1.47	22.655408	24.209596	23.343299	0.550460
9.91	28.54	23.50	25.37	3.09	1.47	22.660930	24.211473	23.346901	0.550428
9.91	28.54	23.51	25.38	3.09	1.47	22.666458	24.213353	23.350507	0.550395
9.92	28.54	23.53	25.39	3.09	1.47	22.671991	24.215236	23.354117	0.550363
9.92	28.54	23.54	25.41	3.09	1.46	22.677529	24.217124	23.357733	0.550330
9.92	28.54	23.55	25.42	3.09	1.46	22.683073	24.219014	23.361353	0.550298
9.93	28.54	23.56	25.43	3.09	1.46	22.688623	24.220909	23.364977	0.550265
9.93	28.54	23.58	25.45	3.09	1.46	22.694178	24.222807	23.368607	0.550232
9.93	28.54	23.59	25.46	3.09	1.46	22.699738	24.224709	23.372240	0.550200
9.93	28.54	23.60	25.48	3.09	1.46	22.705304	24.226614	23.375879	0.550167
9.94	28.54	23.61	25.49	3.09	1.46	22.710876	24.228523	23.379522	0.550134
9.94	28.54	23.63	25.50	3.09	1.46	22.716453	24.230436	23.383169	0.550101
9.94	28.54	23.64	25.52	3.09	1.46	22.722036	24.232352	23.386822	0.550067
9.94	28.54	23.65	25.53	3.09	1.46	22.727624	24.234271	23.390478	0.550034
9.95	28.54	23.66	25.54	3.09	1.46	22.733217	24.236195	23.394140	0.550001
9.95	28.54	23.68	25.56	3.09	1.45	22.738816	24.238122	23.397806	0.549967
9.95	28.54	23.69	25.57	3.09	1.45	22.744421	24.240052	23.401476	0.549934
9.96	28.54	23.70	25.58	3.09	1.45	22.750031	24.241986	23.405152	0.549900
9.96	28.54	23.71	25.60	3.09	1.45	22.755646	24.243924	23.408831	0.549867
9.96	28.54	23.73	25.61	3.09	1.45	22.761267	24.245866	23.412516	0.549833
9.96	28.54	23.74	25.63	3.09	1.45	22.766894	24.247810	23.416205	0.549799
9.97	28.54	23.75	25.64	3.09	1.45	22.772526	24.249759	23.419898	0.549765
9.97	28.54	23.76	25.65	3.09	1.45	22.778163	24.251711	23.423596	0.549731
9.97	28.54	23.78	25.67	3.09	1.45	22.783806	24.253667	23.427299	0.549697
9.97	28.54	23.79	25.68	3.09	1.45	22.789454	24.255626	23.431006	0.549663
9.98	28.54	23.80	25.69	3.09	1.44	22.795108	24.257589	23.434718	0.549629
9.98	28.54	23.81	25.71	3.09	1.44	22.800767	24.259556	23.438434	0.549594
9.98	28.54	23.83	25.72	3.09	1.44	22.806431	24.261526	23.442155	0.549560
9.99	28.54	23.84	25.73	3.09	1.44	22.812101	24.263499	23.445880	0.549525
9.99	28.54	23.85	25.75	3.09	1.44	22.817776	24.265477	23.449610	0.549491
9.99	28.54	23.86	25.76	3.09	1.44	22.823457	24.267457	23.453345	0.549456
9.99	28.54	23.88	25.78	3.09	1.44	22.829143	24.269442	23.457084	0.549421
10.00	28.54	23.89	25.79	3.09	1.44	22.834835	24.271430	23.460827	0.549387
10.00	28.54	23.90	25.80	3.09	1.44	22.840532	24.273422	23.464575	0.549352
10.00	28.54	23.91	25.82	3.09	1.44	22.846234	24.275417	23.468328	0.549317
10.01	28.54	23.93	25.83	3.09	1.43	22.851942	24.277415	23.472085	0.549281
10.01	28.54	23.94	25.84	3.09	1.43	22.857655	24.279418	23.475847	0.549246
10.01	28.54	23.95	25.86	3.09	1.43	22.863374	24.281424	23.479613	0.549211
10.01	28.54	23.96	25.87	3.09	1.43	22.869098	24.283433	23.483384	0.549176
10.02	28.54	23.98	25.88	3.09	1.43	22.874827	24.285446	23.487159	0.549140
10.02	28.54	23.99	25.90	3.09	1.43	22.880562	24.287463	23.490939	0.549105
10.02	28.54	24.00	25.91	3.09	1.43	22.886302	24.289483	23.494723	0.549069
10.03	28.54	24.02	25.93	3.09	1.43	22.892047	24.291507	23.498512	0.549033
10.03	28.54	24.03	25.94	3.09	1.43	22.897798	24.293534	23.502306	0.548997
10.03	28.54	24.04	25.95	3.09	1.43	22.903554	24.295565	23.506103	0.548961
10.03	28.54	24.05	25.97	3.09	1.42	22.909315	24.297600	23.509906	0.548925
10.04	28.54	24.07	25.98	3.09	1.42	22.915082	24.299638	23.513713	0.548889
10.04	28.54	24.08	25.99	3.09	1.42	22.920854	24.301679	23.517524	0.548853
10.04	28.54	24.09	26.01	3.09	1.42	22.926631	24.303725	23.521340	0.548817
10.04	28.54	24.10	26.02	3.09	1.42	22.932414	24.305773	23.525160	0.548780
10.05	28.54	24.12	26.03	3.09	1.42	22.938202	24.307826	23.528985	0.548744
10.05	28.54	24.13	26.05	3.09	1.42	22.943995	24.309882	23.532814	0.548707
10.05	28.54	24.14	26.06	3.09	1.42	22.949794	24.311941	23.536648	0.548670
10.06	28.54	24.15	26.08	3.09	1.42	22.955598	24.314004	23.540486	0.548634
10.06	28.54	24.17	26.09	3.09	1.41	22.961407	24.316071	23.544329	0.548597
10.06	28.54	24.18	26.10	3.10	1.41	22.967222	24.318141	23.548176	0.548560
10.06	28.54	24.19	26.12	3.10	1.41	22.973042	24.320214	23.552028	0.548523
10.07	28.54	24.21	26.13	3.10	1.41	22.978867	24.322291	23.555884	0.548485
10.07	28.54	24.22	26.14	3.10	1.41	22.984697	24.324372	23.559745	0.548448
10.07	28.54	24.23	26.16	3.10	1.41	22.990533	24.326457	23.563610	0.548411
10.07	28.54	24.24	26.17	3.10	1.41	22.996374	24.328544	23.567479	0.548373
10.08	28.54	24.26	26.19	3.10	1.41	23.002220	24.330636	23.571353	0.548336
10.08	28.54	24.27	26.20	3.10	1.41	23.008071	24.332731	23.575231	0.548298
10.08	28.54	24.28	26.21	3.10	1.41	23.013928	24.334829	23.579114	0.548260
10.09	28.54	24.29	26.23	3.10	1.40	23.019790	24.336931	23.583002	0.548222
10.09	28.54	24.31	26.24	3.10	1.40	23.025657	24.339037	23.586893	0.548184
10.09	28.54	24.32	26.25	3.10	1.40	23.031529	24.341146	23.590790	0.548146
10.09	28.54	24.33	26.27	3.10	1.40	23.037407	24.343259	23.594690	0.548108
10.10	28.54	24.35	26.28	3.10	1.40	23.043290	24.345375	23.598595	0.548070
10.10	28.54	24.36	26.30	3.10	1.40	23.049178	24.347495	23.602505	0.548031
10.10	28.54	24.37	26.31	3.10	1.40	23.055071	24.349618	23.606419	0.547993
10.11	28.54	24.38	26.32	3.10	1.40	23.060970	24.351745	23.610337	0.547954
10.11	28.54	24.40	26.34	3.10	1.40	23.066874	24.353875	23.614260	0.547916
10.11	28.54	24.41	26.35	3.10	1.39	23.072783	24.356009	23.618187	0.547877
10.11	28.54	24.42	26.36	3.10	1.39	23.078697	24.358146	23.622118	0.547838
10.12	28.54	24.43	26.38	3.10	1.39	23.084616	24.360287	23.626054	0.547799
10.12	28.54	24.45	26.39	3.10	1.39	23.090541	24.362432	23.629995	0.547760
10.12	28.54	24.46	26.41	3.10	1.39	23.096470	24.364580	23.633940	0.547720
10.12	28.54	24.47	26.42	3.10	1.39	23.102405	24.366731	23.637889	0.547681
10.13	28.54	24.49	26.43	3.10	1.39	23.108345	24.368886	23.641842	0.547641
10.13	28.54	24.50	26.45	3.10	1.39	23.114290	24.371045	23.645800	0.547602
10.13	28.54	24.51	26.46	3.10	1.39	23.120241	24.373207	23.649763	0.547562
10.14	28.54	24.52	26.47	3.10	1.38	23.126196	24.375372	23.653729	0.547522
10.14	28.54	24.54	26.49	3.10	1.38	23.132157	24.377542	23.657700	0.547482
10.14	28.54	24.55	26.50	3.10	1.38	23.138123	24.379714	23.661676	0.547442
10.14	28.54	24.56	26.52	3.10	1.38	23.144094	24.381890	23.665656	0.547402
10.15	28.54	24.57	26.53	3.10	1.38	23.150070	24.384070	23.669640	0.547362
10.15	28.54	24.59	26.54	3.10	1.38	23.156051	24.386253	23.673629	0.547321
10.15	28.54	24.60	26.56	3.10	1.38	23.162037	24.388440	23.677622	0.547281
10.16	28.54	24.61	26.57	3.10	1.38	23.168029	24.390630	23.681619	0.547240
10.16	28.54	24.63	26.58	3.10	1.37	23.174025	24.392824	23.685621	0.547200
10.16	28.54	24.64	26.60	3.10	1.37	23.180027	24.395021	23.689627	0.547159
10.16	28.54	24.65	26.61	3.10	1.37	23.186034	24.397222	23.693637	0.547118
10.17	28.54	24.66	26.63	3.10	1.37	23.192046	24.399426	23.697652	0.547077
10.17	28.54	24.68	26.64	3.10	1.37	23.198063	24.401633	23.701671	0.547035
10.17	28.54	24.69	26.65	3.10	1.37	23.204085	24.403845	23.705695	0.546994
10.18	28.54	24.70	26.67	3.10	1.37	23.210112	24.406059	23.709722	0.546953
10.18	28.54	24.72	26.68	3.10	1.37	23.216144	24.408278	23.713755	0.546911
10.18	28.54	24.73	26.70	3.10	1.37	23.222182	24.410499	23.717791	0.546869
10.18	28.54	24.74	26.71	3.10	1.36	23.228224	24.412724	23.721832	0.546827
10.19	28.54	24.75	26.72	3.10	1.36	23.234272	24.414953	23.725877	0.546785
10.19	28.54	24.77	26.74	3.10	1.36	23.240324	24.417185	23.729926	0.546743
10.19	28.54	24.78	26.75	3.10	1.36	23.246382	24.419421	23.733980	0.546701
10.19	28.54	24.79	26.76	3.10	1.36	23.252444	24.421660	23.738038	0.546659
10.20	28.54	24.81	26.78	3.10	1.36	23.258512	24.423903	23.742100	0.546616
10.20	28.54	24.82	26.79	3.10	1.36	23.264585	24.426149	23.746167	0.546574
10.20	28.54	24.83	26.81	3.10	1.36	23.270662	24.428398	23.750238	0.546531
10.21	28.54	24.84	26.82	3.10	1.35	23.276745	24.430651	23.754313	0.546488
10.21	28.54	24.86	26.83	3.10	1.35	23.282833	24.432908	23.758393	0.546445
10.21	28.54	24.87	26.85	3.10	1.35	23.288926	24.435168	23.762477	0.546402
10.21	28.54	24.88	26.86	3.10	1.35	23.295024	24.437432	23.766565	0.546359
10.22	28.54	24.90	26.88	3.10	1.35	23.301126	24.439698	23.770658	0.546315
10.22	28.54	24.91	26.89	3.10	1.35	23.307234	24.441969	23.774754	0.546272
10.22	28.54	24.92	26.90	3.10	1.35	23.313347	24.444243	23.778855	0.546228
10.22	28.54	24.93	26.92	3.10	1.35	23.319465	24.446520	23.782961	0.546185
10.23	28.54	24.95	26.93	3.10	1.34	23.325588	24.448801	23.787070	0.546141
10.23	28.54	24.96	26.94	3.10	1.34	23.331715	24.451085	23.791184	0.546097
10.23	28.54	24.97	26.96	3.10	1.34	23.337848	24.453373	23.795302	0.546052
10.24	28.54	24.99	26.97	3.10	1.34	23.343986	24.455664	23.799425	0.546008
10.24	28.54	25.00	26.99	3.10	1.34	23.350128	24.457959	23.803551	0.545964
10.24	28.54	25.01	27.00	3.10	1.34	23.356276	24.460257	23.807682	0.545919
10.24	28.54	25.03	27.01	3.10	1.34	23.362429	24.462559	23.811817	0.545874
10.25	28.54	25.04	27.03	3.10	1.34	23.368586	24.464864	23.815957	0.545829
10.25	28.54	25.05	27.04	3.10	1.33	23.374749	24.467173	23.820100	0.545784
10.25	28.54	25.06	27.06	3.10	1.33	23.380916	24.469485	23.824248	0.545739
10.26	28.54	25.08	27.07	3.10	1.33	23.387088	24.471800	23.828400	0.545694
10.26	28.54	25.09	27.08	3.10	1.33	23.393266	24.474119	23.832557	0.545648
10.26	28.54	25.10	27.10	3.10	1.33	23.399448	24.476441	23.836717	0.545603
10.26	28.54	25.12	27.11	3.10	1.33	23.405635	24.478767	23.840882	0.545557
10.27	28.54	25.13	27.12	3.10	1.33	23.411827	24.481096	23.845051	0.545511
10.27	28.54	25.14	27.14	3.10	1.33	23.418024	24.483429	23.849224	0.545465
10.27	28.54	25.15	27.15	3.10	1.32	23.424226	24.485765	23.853402	0.545419
10.28	28.54	25.17	27.17	3.10	1.32	23.430432	24.488105	23.857583	0.545373
10.28	28.54	25.18	27.18	3.11	1.32	23.436644	24.490448	23.861769	0.545326
10.28	28.54	25.19	27.19	3.11	1.32	23.442860	24.492794	23.865959	0.545279
10.28	28.54	25.21	27.21	3.11	1.32	23.449082	24.495144	23.870154	0.545233
10.29	28.54	25.22	27.22	3.11	1.32	23.455308	24.497497	23.874352	0.545186
10.29	28.54	25.23	27.24	3.11	1.32	23.461539	24.499854	23.878555	0.545139
10.29	28.54	25.25	27.25	3.11	1.31	23.467775	24.502214	23.882762	0.545091
10.29	28.54	25.26	27.26	3.11	1.31	23.474016	24.504578	23.886973	0.545044
10.30	28.54	25.27	27.28	3.11	1.31	23.480262	24.506945	23.891188	0.544996
10.30	28.54	25.28	27.29	3.11	1.31	23.486512	24.509315	23.895408	0.544948
10.30	28.54	25.30	27.31	3.11	1.31	23.492767	24.511689	23.899631	0.544901
10.31	28.54	25.31	27.32	3.11	1.31	23.499028	24.514066	23.903859	0.544853
10.31	28.54	25.32	27.33	3.11	1.31	23.505293	24.516447	23.908091	0.544804
10.31	28.54	25.34	27.35	3.11	1.31	23.511562	24.518831	23.912327	0.544756
10.31	28.54	25.35	27.36	3.11	1.30	23.517837	24.521218	23.916567	0.544707
10.32	28.54	25.36	27.37	3.11	1.30	23.524117	24.523609	23.920812	0.544659
10.32	28.54	25.38	27.39	3.11	1.30	23.530401	24.526004	23.925060	0.544610
10.32	28.54	25.39	27.40	3.11	1.30	23.536690	24.528401	23.929313	0.544561
10.32	28.54	25.40	27.42	3.11	1.30	23.542984	24.530803	23.933570	0.544511
10.33	28.54	25.41	27.43	3.11	1.30	23.549283	24.533207	23.937831	0.544462
10.33	28.54	25.43	27.44	3.11	1.30	23.555586	24.535615	23.942096	0.544412
10.33	28.54	25.44	27.46	3.11	1.29	23.561894	24.538026	23.946365	0.544363
10.34	28.54	25.45	27.47	3.11	1.29	23.568207	24.540441	23.950639	0.544313
10.34	28.54	25.47	27.49	3.11	1.29	23.574525	24.542859	23.954916	0.544263
10.34	28.54	25.48	27.50	3.11	1.29	23.580848	24.545281	23.959198	0.544212
10.34	28.54	25.49	27.51	3.11	1.29	23.587175	24.547706	23.963484	0.544162
10.35	28.54	25.51	27.53	3.11	1.29	23.593507	24.550134	23.967774	0.544111
10.35	28.54	25.52	27.54	3.11	1.29	23.599844	24.552566	23.972068	0.544060
10.35	28.54	25.53	27.56	3.11	1.28	23.606185	24.555001	23.976366	0.544009
10.36	28.54	25.54	27.57	3.11	1.28	23.612532	24.557440	23.980668	0.543958
10.36	28.54	25.56	27.58	3.11	1.28	23.618883	24.559881	23.984975	0.543907
10.36	28.54	25.57	27.60	3.11	1.28	23.625238	24.562327	23.989285	0.543855
10.36	28.54	25.58	27.61	3.11	1.28	23.631599	24.564775	23.993599	0.543803
10.37	28.54	25.60	27.63	3.11	1.28	23.637964	24.567227	23.997918	0.543752
10.37	28.54	25.61	27.64	3.11	1.28	23.644334	24.569683	24.002241	0.543699
10.37	28.54	25.62	27.65	3.11	1.27	23.650708	24.572142	24.006568	0.543647
10.38	28.54	25.64	27.67	3.11	1.27	23.657088	24.574604	24.010898	0.543595
10.38	28.54	25.65	27.68	3.11	1.27	23.663472	24.577069	24.015233	0.543542
10.38	28.54	25.66	27.70	3.11	1.27	23.669860	24.579538	24.019572	0.543489
10.38	28.54	25.67	27.71	3.11	1.27	23.676254	24.582010	24.023915	0.543436
10.39	28.54	25.69	27.72	3.11	1.27	23.682652	24.584486	24.028263	0.543383
10.39	28.54	25.70	27.74	3.11	1.27	23.689054	24.586965	24.032614	0.543329
10.39	28.54	25.71	27.75	3.11	1.26	23.695462	24.589447	24.036969	0.543275
10.39	28.54	25.73	27.76	3.11	1.26	23.701874	24.591933	24.041328	0.543221
10.40	28.54	25.74	27.78	3.11	1.26	23.708290	24.594422	24.045692	0.543167
10.40	28.54	25.75	27.79	3.11	1.26	23.714712	24.596914	24.050059	0.543113
10.40	28.54	25.77	27.81	3.11	1.26	23.721138	24.599410	24.054430	0.543058
10.41	28.54	25.78	27.82	3.11	1.26	23.727568	24.601909	24.058806	0.543004
10.41	28.54	25.79	27.83	3.11	1.25	23.734003	24.604412	24.063185	0.542949
10.41	28.54	25.81	27.85	3.11	1.25	23.740443	24.606918	24.067569	0.542894
10.41	28.54	25.82	27.86	3.11	1.25	23.746888	24.609427	24.071956	0.542838
10.42	28.54	25.83	27.88	3.11	1.25	23.753337	24.611939	24.076348	0.542783
10.42	28.54	25.84	27.89	3.11	1.25	23.759791	24.614455	24.080743	0.542727
10.42	28.54	25.86	27.90	3.11	1.25	23.766249	24.616974	24.085143	0.542671
10.43	28.54	25.87	27.92	3.11	1.25	23.772712	24.619497	24.089546	0.542614
10.43	28.54	25.88	27.93	3.11	1.24	23.779179	24.622023	24.093954	0.542558
10.43	28.54	25.90	27.95	3.11	1.24	23.785651	24.624552	24.098366	0.542501
10.43	28.54	25.91	27.96	3.11	1.24	23.792128	24.627084	24.102781	0.542444
10.44	28.54	25.92	27.97	3.11	1.24	23.798609	24.629620	24.107201	0.542387
10.44	28.54	25.94	27.99	3.11	1.24	23.805095	24.632159	24.111624	0.542330
10.44	28.54	25.95	28.00	3.11	1.24	23.811585	24.634702	24.116052	0.542272
10.44	28.54	25.96	28.02	3.11	1.23	23.818080	24.637248	24.120483	0.542214
10.45	28.54	25.98	28.03	3.11	1.23	23.824580	24.639797	24.124919	0.542156
10.45	28.54	25.99	28.04	3.11	1.23	23.831084	24.642349	24.129358	0.542098
10.45	28.54	26.00	28.06	3.11	1.23	23.837592	24.644905	24.133801	0.542039
10.46	28.54	26.02	28.07	3.11	1.23	23.844106	24.647464	24.138249	0.541980
10.46	28.54	26.03	28.09	3.11	1.23	23.850623	24.650026	24.142700	0.541921
10.46	28.54	26.04	28.10	3.11	1.22	23.857145	24.652592	24.147155	0.541862
10.46	28.54	26.05	28.11	3.11	1.22	23.863672	24.655161	24.151614	0.541802
10.47	28.54	26.07	28.13	3.11	1.22	23.870203	24.657733	24.156078	0.541742
10.47	28.54	26.08	28.14	3.11	1.22	23.876739	24.660309	24.160545	0.541682
10.47	28.54	26.09	28.16	3.11	1.22	23.883279	24.662888	24.165016	0.541622
10.47	28.54	26.11	28.17	3.11	1.22	23.889824	24.665470	24.169491	0.541561
10.48	28.54	26.12	28.18	3.12	1.21	23.896373	24.668056	24.173969	0.541501
10.48	28.54	26.13	28.20	3.12	1.21	23.902927	24.670644	24.178452	0.541439
10.48	28.54	26.15	28.21	3.12	1.21	23.909485	24.673237	24.182939	0.541378
10.49	28.54	26.16	28.23	3.12	1.21	23.916048	24.675832	24.187430	0.541316
10.49	28.54	26.17	28.24	3.12	1.21	23.922615	24.678431	24.191924	0.541254
10.49	28.54	26.19	28.25	3.12	1.21	23.929186	24.681033	24.196423	0.541192
10.49	28.54	26.20	28.27	3.12	1.20	23.935762	24.683638	24.200925	0.541130
10.50	28.54	26.21	28.28	3.12	1.20	23.942343	24.686246	24.205431	0.541067
10.50	28.54	26.23	28.30	3.12	1.20	23.948928	24.688858	24.209941	0.541004
10.50	28.54	26.24	28.31	3.12	1.20	23.955517	24.691473	24.214455	0.540941
10.51	28.54	26.25	28.32	3.12	1.20	23.962111	24.694091	24.218973	0.540877
10.51	28.54	26.26	28.34	3.12	1.19	23.968709	24.696713	24.223495	0.540813
10.51	28.54	26.28	28.35	3.12	1.19	23.975312	24.699338	24.228021	0.540749
10.51	28.54	26.29	28.36	3.12	1.19	23.981919	24.701966	24.232550	0.540684
10.52	28.54	26.30	28.38	3.12	1.19	23.988530	24.704598	24.237083	0.540619
10.52	28.54	26.32	28.39	3.12	1.19	23.995146	24.707232	24.241621	0.540554
10.52	28.54	26.33	28.41	3.12	1.19	24.001767	24.709870	24.246162	0.540489
10.53	28.54	26.34	28.42	3.12	1.18	24.008391	24.712511	24.250707	0.540423
10.53	28.54	26.36	28.43	3.12	1.18	24.015020	24.715156	24.255255	0.540357
10.53	28.54	26.37	28.45	3.12	1.18	24.021654	24.717803	24.259808	0.540291
10.53	28.54	26.38	28.46	3.12	1.18	24.028292	24.720454	24.264365	0.540224
10.54	28.54	26.40	28.48	3.12	1.18	24.034934	24.723109	24.268925	0.540157
10.54	28.54	26.41	28.49	3.12	1.17	24.041581	24.725766	24.273489	0.540090
10.54	28.54	26.42	28.50	3.12	1.17	24.048232	24.728427	24.278057	0.540022
10.54	28.54	26.44	28.52	3.12	1.17	24.054887	24.731091	24.282629	0.539954
10.55	28.54	26.45	28.53	3.12	1.17	24.061547	24.733758	24.287204	0.539886
10.55	28.54	26.46	28.55	3.12	1.17	24.068211	24.736428	24.291784	0.539817
10.55	28.54	26.48	28.56	3.12	1.17	24.074879	24.739102	24.296367	0.539748
10.56	28.54	26.49	28.57	3.12	1.16	24.081552	24.741779	24.300954	0.539679
10.56	28.54	26.50	28.59	3.12	1.16	24.088229	24.744459	24.305545	0.539609
10.56	28.54	26.52	28.60	3.12	1.16	24.094910	24.747142	24.310140	0.539539
10.56	28.54	26.53	28.62	3.12	1.16	24.101596	24.749829	24.314738	0.539469
10.57	28.54	26.54	28.63	3.12	1.16	24.108286	24.752519	24.319340	0.539398
10.57	28.54	26.55	28.64	3.12	1.15	24.114980	24.755212	24.323946	0.539327
10.57	28.54	26.57	28.66	3.12	1.15	24.121678	24.757908	24.328556	0.539256
10.57	28.54	26.58	28.67	3.12	1.15	24.128381	24.760607	24.333169	0.539184
10.58	28.54	26.59	28.69	3.12	1.15	24.135088	24.763310	24.337787	0.539112
10.58	28.54	26.61	28.70	3.12	1.15	24.141800	24.766016	24.342408	0.539039
10.58	28.54	26.62	28.71	3.12	1.14	24.148516	24.768725	24.347033	0.538966
10.59	28.54	26.63	28.73	3.12	1.14	24.155236	24.771437	24.351661	0.538893
10.59	28.54	26.65	28.74	3.12	1.14	24.161960	24.774153	24.356293	0.538819
10.59	28.54	26.66	28.76	3.12	1.14	24.168688	24.776871	24.360929	0.538745
10.59	28.54	26.67	28.77	3.12	1.14	24.175421	24.779593	24.365569	0.538670
10.60	28.54	26.69	28.78	3.12	1.13	24.182158	24.782318	24.370213	0.538596
10.60	28.54	26.70	28.80	3.12	1.13	24.188900	24.785046	24.374860	0.538520
10.60	28.54	26.71	28.81	3.12	1.13	24.195645	24.787778	24.379511	0.538444
10.61	28.54	26.73	28.83	3.12	1.13	24.202395	24.790513	24.384166	0.538368
10.61	28.54	26.74	28.84	3.12	1.13	24.209149	24.793250	24.388824	0.538292
10.61	28.54	26.75	28.85	3.12	1.12	24.215907	24.795991	24.393486	0.538215
10.61	28.54	26.77	28.87	3.12	1.12	24.222669	24.798736	24.398152	0.538137
10.62	28.54	26.78	28.88	3.12	1.12	24.229436	24.801483	24.402822	0.538059
10.62	28.54	26.79	28.90	3.12	1.12	24.236207	24.804234	24.407495	0.537981
10.62	28.54	26.81	28.91	3.12	1.11	24.242982	24.806987	24.412172	0.537902
10.62	28.54	26.82	28.92	3.12	1.11	24.249761	24.809744	24.416852	0.537823
10.63	28.54	26.83	28.94	3.12	1.11	24.256545	24.812504	24.421536	0.537743
10.63	28.54	26.85	28.95	3.12	1.11	24.263332	24.815267	24.426224	0.537663
10.63	28.54	26.86	28.97	3.12	1.11	24.270124	24.818034	24.430916	0.537582
10.64	28.54	26.87	28.98	3.12	1.10	24.276920	24.820803	24.435611	0.537501
10.64	28.54	26.89	28.99	3.12	1.10	24.283720	24.823576	24.440310	0.537419
10.64	28.54	26.90	29.01	3.12	1.10	24.290524	24.826352	24.445013	0.537337
10.64	28.54	26.91	29.02	3.12	1.10	24.297333	24.829131	24.449719	0.537254
10.65	28.54	26.92	29.04	3.12	1.09	24.304145	24.831913	24.454429	0.537171
10.65	28.54	26.94	29.05	3.12	1.09	24.310962	24.834699	24.459142	0.537088
10.65	28.54	26.95	29.06	3.12	1.09	24.317783	24.837487	24.463860	0.537003
10.66	28.54	26.96	29.08	3.12	1.09	24.324608	24.840279	24.468580	0.536919
10.66	28.54	26.98	29.09	3.12	1.09	24.331437	24.843073	24.473305	0.536833
10.66	28.54	26.99	29.11	3.12	1.08	24.338270	24.845871	24.478033	0.536748
10.66	28.54	27.00	29.12	3.12	1.08	24.345108	24.848672	24.482764	0.536661
10.67	28.54	27.02	29.13	3.13	1.08	24.351949	24.851476	24.487500	0.536574
10.67	28.54	27.03	29.15	3.13	1.08	24.358795	24.854284	24.492238	0.536487
10.67	28.54	27.04	29.16	3.13	1.07	24.365645	24.857094	24.496981	0.536399
10.68	28.54	27.06	29.18	3.13	1.07	24.372498	24.859908	24.501727	0.536310
10.68	28.54	27.07	29.19	3.13	1.07	24.379356	24.862724	24.506477	0.536221
10.68	28.54	27.08	29.20	3.13	1.07	24.386218	24.865544	24.511230	0.536131
10.68	28.54	27.10	29.22	3.13	1.06	24.393084	24.868367	24.515986	0.536041
10.69	28.54	27.11	29.23	3.13	1.06	24.399954	24.871193	24.520747	0.535950
10.69	28.54	27.12	29.24	3.13	1.06	24.406829	24.874022	24.525511	0.535858
10.69	28.54	27.14	29.26	3.13	1.06	24.413707	24.876854	24.530278	0.535766
10.69	28.54	27.15	29.27	3.13	1.05	24.420589	24.879690	24.535049	0.535673
10.70	28.54	27.16	29.29	3.13	1.05	24.427476	24.882528	24.539824	0.535579
10.70	28.54	27.18	29.30	3.13	1.05	24.434366	24.885370	24.544602	0.535485
10.70	28.54	27.19	29.31	3.13	1.05	24.441260	24.888214	24.549384	0.535390
10.71	28.54	27.20	29.33	3.13	1.04	24.448159	24.891062	24.554169	0.535294
10.71	28.54	27.22	29.34	3.13	1.04	24.455062	24.893913	24.558957	0.535198
10.71	28.54	27.23	29.36	3.13	1.04	24.461968	24.896767	24.563750	0.535101
10.71	28.54	27.24	29.37	3.13	1.04	24.468879	24.899624	24.568545	0.535003
10.72	28.54	27.26	29.38	3.13	1.03	24.475793	24.902484	24.573345	0.534904
10.72	28.54	27.27	29.40	3.13	1.03	24.482712	24.905347	24.578147	0.534805
10.72	28.54	27.28	29.41	3.13	1.03	24.489635	24.908214	24.582954	0.534705
10.72	28.54	27.30	29.43	3.13	1.03	24.496561	24.911083	24.587763	0.534604
10.73	28.54	27.31	29.44	3.13	1.02	24.503492	24.913955	24.592577	0.534503
10.73	28.54	27.32	29.45	3.13	1.02	24.510427	24.916831	24.597393	0.534400
10.73	28.54	27.34	29.47	3.13	1.02	24.517365	24.919709	24.602214	0.534297
10.74	28.54	27.35	29.48	3.13	1.01	24.524308	24.922591	24.607037	0.534193
10.74	28.54	27.36	29.50	3.13	1.01	24.531254	24.925476	24.611864	0.534088
10.74	28.54	27.37	29.51	3.13	1.01	24.538205	24.928363	24.616695	0.533983
10.74	28.54	27.39	29.52	3.13	1.01	24.545159	24.931254	24.621529	0.533876
10.75	28.54	27.40	29.54	3.13	1.00	24.552118	24.934148	24.626366	0.533769
10.75	28.54	27.41	29.55	3.13	1.00	24.559080	24.937045	24.631207	0.533660
10.75	28.54	27.43	29.57	3.13	1.00	24.566047	24.939945	24.636052	0.533551
10.76	28.54	27.44	29.58	3.13	0.99	24.573017	24.942848	24.640899	0.533441
10.76	28.54	27.45	29.59	3.13	0.99	24.579991	24.945754	24.645751	0.533330
10.76	28.54	27.47	29.61	3.13	0.99	24.586970	24.948663	24.650605	0.533217
10.76	28.54	27.48	29.62	3.13	0.98	24.593952	24.951575	24.655463	0.533104
10.77	28.54	27.49	29.64	3.13	0.98	24.600938	24.954491	24.660324	0.532990
10.77	28.54	27.51	29.65	3.13	0.98	24.607928	24.957409	24.665189	0.532875
10.77	28.54	27.52	29.66	3.13	0.98	24.614922	24.960330	24.670057	0.532759
10.78	28.54	27.53	29.68	3.13	0.97	24.621920	24.963254	24.674929	0.532641
10.78	28.54	27.55	29.69	3.13	0.97	24.628921	24.966182	24.679804	0.532523
10.78	28.54	27.56	29.71	3.13	0.97	24.635927	24.969112	24.684682	0.532403
10.78	28.54	27.57	29.72	3.13	0.96	24.642937	24.972045	24.689564	0.532283
10.79	28.54	27.59	29.73	3.13	0.96	24.649950	24.974982	24.694449	0.532161
10.79	28.54	27.60	29.75	3.13	0.96	24.656968	24.977921	24.699337	0.532038
10.79	28.54	27.61	29.76	3.13	0.95	24.663989	24.980863	24.704229	0.531913
10.79	28.54	27.63	29.77	3.13	0.95	24.671014	24.983809	24.709124	0.531788
10.80	28.54	27.64	29.79	3.13	0.95	24.678043	24.986757	24.714022	0.531661
10.80	28.54	27.65	29.80	3.13	0.94	24.685076	24.989709	24.718923	0.531533
10.80	28.54	27.67	29.82	3.13	0.94	24.692113	24.992663	24.723828	0.531403
10.81	28.54	27.68	29.83	3.13	0.94	24.699153	24.995621	24.728737	0.531272
10.81	28.54	27.69	29.84	3.13	0.93	24.706198	24.998581	24.733648	0.531140
10.81	28.54	27.71	29.86	3.13	0.93	24.713246	25.001544	24.738563	0.531006
10.81	28.54	27.72	29.87	3.13	0.93	24.720299	25.004511	24.743481	0.530871
10.82	28.54	27.73	29.89	3.13	0.92	24.727355	25.007480	24.748402	0.530735
10.82	28.54	27.75	29.90	3.13	0.92	24.734415	25.010453	24.753327	0.530596
10.82	28.54	27.76	29.91	3.13	0.91	24.741478	25.013428	24.758254	0.530457
10.82	28.54	27.77	29.93	3.13	0.91	24.748546	25.016407	24.763186	0.530315
10.83	28.54	27.79	29.94	3.13	0.91	24.755618	25.019388	24.768120	0.530172
10.83	28.54	27.80	29.96	3.13	0.90	24.762693	25.022372	24.773057	0.530027
10.83	28.54	27.81	29.97	3.13	0.90	24.769772	25.025360	24.777998	0.529880
10.84	28.54	27.83	29.98	3.13	0.89	24.776855	25.028350	24.782942	0.529732
10.84	28.54	27.84	30.00	3.13	0.89	24.783942	25.031343	24.787889	0.529582
10.84	28.54	27.85	30.01	3.13	0.89	24.791033	25.034339	24.792839	0.529429
10.84	28.54	27.87	30.03	3.14	0.88	24.798127	25.037339	24.797793	0.529275
10.85	28.54	27.88	30.04	3.14	0.88	24.805226	25.040341	24.802749	0.529119
10.85	28.54	27.89	30.05	3.14	0.87	24.812328	25.043346	24.807709	0.528960
10.85	28.54	27.91	30.07	3.14	0.87	24.819434	25.046354	24.812672	0.528800
10.86	28.54	27.92	30.08	3.14	0.87	24.826544	25.049365	24.817638	0.528637
10.86	28.54	27.93	30.09	3.14	0.86	24.833657	25.052379	24.822607	0.528472
10.86	28.54	27.95	30.11	3.14	0.86	24.840775	25.055396	24.827580	0.528304
10.86	28.54	27.96	30.12	3.14	0.85	24.847896	25.058416	24.832555	0.528134
10.87	28.54	27.97	30.14	3.14	0.85	24.855021	25.061439	24.837533	0.527962
10.87	28.54	27.98	30.15	3.14	0.84	24.862150	25.064465	24.842515	0.527787
10.87	28.54	28.00	30.16	3.14	0.84	24.869283	25.067494	24.847500	0.527609
10.88	28.54	28.01	30.18	3.14	0.83	24.876419	25.070526	24.852487	0.527428
10.88	28.54	28.02	30.19	3.14	0.83	24.883560	25.073560	24.857478	0.527244
10.88	28.54	28.04	30.21	3.14	0.82	24.890704	25.076598	24.862472	0.527058
10.88	28.54	28.05	30.22	3.14	0.82	24.897852	25.079639	24.867468	0.526868
10.89	28.54	28.06	30.23	3.14	0.81	24.905004	25.082682	24.872468	0.526675
10.89	28.54	28.08	30.25	3.14	0.81	24.912160	25.085729	24.877471	0.526478
10.89	28.54	28.09	30.26	3.14	0.80	24.919319	25.088779	24.882476	0.526278
10.89	28.54	28.10	30.28	3.14	0.80	24.926482	25.091831	24.887485	0.526074
10.90	28.54	28.12	30.29	3.14	0.79	24.933650	25.094886	24.892497	0.525866
10.90	28.54	28.13	30.30	3.14	0.79	24.940821	25.097945	24.897511	0.525654
10.90	28.54	28.14	30.32	3.14	0.78	24.947995	25.101006	24.902528	0.525438
10.91	28.54	28.16	30.33	3.14	0.78	24.955174	25.104071	24.907549	0.525218
10.91	28.54	28.17	30.34	3.14	0.77	24.962357	25.107138	24.912572	0.524993
10.91	28.54	28.18	30.36	3.14	0.76	24.969543	25.110208	24.917598	0.524762
10.91	28.54	28.20	30.37	3.14	0.76	24.976733	25.113281	24.922626	0.524527
10.92	28.54	28.21	30.39	3.14	0.75	24.983928	25.116358	24.927658	0.524287
10.92	28.54	28.22	30.40	3.14	0.75	24.991126	25.119437	24.932692	0.524040
10.92	28.54	28.24	30.41	3.14	0.74	24.998328	25.122519	24.937729	0.523788
10.93	28.54	28.25	30.43	3.14	0.73	25.005533	25.125604	24.942769	0.523529
10.93	28.54	28.26	30.44	3.14	0.72	25.012743	25.128692	24.947811	0.523264
10.93	28.54	28.28	30.46	3.14	0.72	25.019957	25.131784	24.952856	0.522991
10.93	28.54	28.29	30.47	3.14	0.71	25.027175	25.134878	24.957904	0.522711
10.94	28.54	28.30	30.48	3.14	0.70	25.034396	25.137975	24.962954	0.522422
10.94	28.54	28.32	30.50	3.14	0.70	25.041622	25.141075	24.968007	0.522125
10.94	28.54	28.33	30.51	3.14	0.69	25.048852	25.144179	24.973062	0.521818
10.94	28.54	28.34	30.52	3.14	0.68	25.056086	25.147285	24.978120	0.521502
10.95	28.54	28.36	30.54	3.14	0.67	25.063324	25.150395	24.983180	0.521174
10.95	28.54	28.37	30.55	3.14	0.66	25.070566	25.153508	24.988243	0.520834
10.95	28.54	28.38	30.57	3.14	0.65	25.077812	25.156623	24.993308	0.520482
10.96	28.54	28.40	30.58	3.14	0.64	25.085062	25.159743	24.998375	0.520116
10.96	28.54	28.41	30.59	3.14	0.63	25.092317	25.162865	25.003444	0.519734
10.96	28.54	28.42	30.61	3.14	0.62	25.099576	25.165990	25.008516	0.519335
10.96	28.54	28.44	30.62	3.14	0.61	25.106840	25.169119	25.013589	0.518917
10.97	28.54	28.45	30.64	3.14	0.60	25.114108	25.172252	25.018665	0.518478
10.97	28.54	28.46	30.65	3.14	0.59	25.121380	25.175388	25.023742	0.518016
10.97	28.54	28.48	30.66	3.14	0.58	25.128658	25.178527	25.028821	0.517526
10.97	28.54	28.49	30.68	3.14	0.56	25.135940	25.181670	25.033902	0.517005
10.98	28.54	28.50	30.69	3.14	0.55	25.143227	25.184817	25.038983	0.516448
10.98	28.54	28.52	30.70	3.14	0.53	25.150520	25.187968	25.044067	0.515848
10.98	28.54	28.53	30.72	3.14	0.52	25.157818	25.191123	25.049151	0.515197
10.99	28.54	28.54	30.73	3.14	0.50	25.165122	25.194282	25.054236	0.514484
10.99	28.54	28.55	30.75	3.14	0.48	25.172433	25.197447	25.059321	0.513691
10.99	28.54	28.57	30.76	3.14	0.48	25.179741	25.200608	25.064408	0.513645
10.99	28.54	28.58	30.77	3.14	0.48	25.187045	25.203764	25.069501	0.513651
11.00	28.54	28.59	30.79	3.14	0.48	25.194348	25.206919	25.074599	0.513657
11.00	28.54	28.61	30.80	3.14	0.48	25.201651	25.210074	25.079701	0.513664
11.00	28.54	28.62	30.81	3.14	0.48	25.208957	25.213228	25.084809	0.513670
11.01	28.54	28.63	30.83	3.14	0.48	25.216264	25.216384	25.089922	0.513677
11.01	28.54	28.65	30.84	3.14	0.48	25.223574	25.219540	25.095040	0.513683
11.01	28.54	28.66	30.86	3.14	0.48	25.230886	25.222698	25.100162	0.513690
11.01	28.54	28.67	30.87	3.15	0.48	25.238200	25.225857	25.105288	0.513696
11.02	28.54	28.69	30.88	3.15	0.48	25.245517	25.229017	25.110420	0.513703
11.02	28.54	28.70	30.90	3.15	0.48	25.252837	25.232179	25.115555	0.513710
11.02	28.54	28.71	30.91	3.15	0.48	25.260160	25.235343	25.120696	0.513728
11.03	28.54	28.73	30.92	3.15	0.50	25.267475	25.238501	25.125843	0.514541
11.03	28.54	28.74	30.94	3.15	0.52	25.274784	25.241654	25.130999	0.515272
11.03	28.54	28.75	30.95	3.15	0.53	25.282092	25.244805	25.136164	0.515941
11.03	28.54	28.77	30.97	3.15	0.55	25.289401	25.247957	25.141337	0.516557
11.04	28.54	28.78	30.98	3.15	0.56	25.296711	25.251110	25.146517	0.517131
11.04	28.54	28.79	30.99	3.15	0.58	25.304024	25.254265	25.151704	0.517668
11.04	28.54	28.81	31.01	3.15	0.59	25.311340	25.257423	25.156898	0.518174
11.04	28.54	28.82	31.02	3.15	0.60	25.318658	25.260582	25.162097	0.518653
11.05	28.54	28.83	31.03	3.15	0.61	25.325980	25.263744	25.167303	0.519108
11.05	28.54	28.85	31.05	3.15	0.62	25.333304	25.266909	25.172515	0.519541
11.05	28.54	28.86	31.06	3.15	0.63	25.340632	25.270077	25.177732	0.519955
11.06	28.54	28.87	31.08	3.15	0.64	25.347963	25.273248	25.182954	0.520353
11.06	28.54	28.89	31.09	3.15	0.65	25.355298	25.276422	25.188181	0.520735
11.06	28.54	28.90	31.10	3.15	0.66	25.362636	25.279599	25.193414	0.521102
11.06	28.54	28.91	31.12	3.15	0.67	25.369977	25.282779	25.198651	0.521457
11.07	28.54	28.93	31.13	3.15	0.68	25.377322	25.285963	25.203893	0.521800
11.07	28.54	28.94	31.14	3.15	0.69	25.384670	25.289149	25.209139	0.522132
11.07	28.54	28.95	31.16	3.15	0.70	25.392021	25.292339	25.214390	0.522454
11.07	28.54	28.96	31.17	3.15	0.70	25.399376	25.295532	25.219645	0.522766
11.08	28.54	28.98	31.19	3.15	0.71	25.406735	25.298729	25.224905	0.523070
11.08	28.54	28.99	31.20	3.15	0.72	25.414097	25.301929	25.230168	0.523365
11.08	28.54	29.00	31.21	3.15	0.73	25.421462	25.305132	25.235436	0.523653
11.09	28.54	29.02	31.23	3.15	0.73	25.428830	25.308339	25.240708	0.523933
11.09	28.54	29.03	31.24	3.15	0.74	25.436202	25.311548	25.245983	0.524207
11.09	28.54	29.04	31.25	3.15	0.75	25.443577	25.314762	25.251263	0.524474
11.09	28.54	29.06	31.27	3.15	0.75	25.450956	25.317978	25.256546	0.524735
11.10	28.54	29.07	31.28	3.15	0.76	25.458338	25.321198	25.261833	0.524991
11.10	28.54	29.08	31.30	3.15	0.77	25.465723	25.324421	25.267124	0.525241
11.10	28.54	29.10	31.31	3.15	0.77	25.473111	25.327648	25.272418	0.525486
11.11	28.54	29.11	31.32	3.15	0.78	25.480503	25.330878	25.277716	0.525726
11.11	28.54	29.12	31.34	3.15	0.78	25.487898	25.334111	25.283018	0.525961
11.11	28.54	29.14	31.35	3.15	0.79	25.495296	25.337348	25.288322	0.526192
11.11	28.54	29.15	31.36	3.15	0.79	25.502697	25.340588	25.293631	0.526418
11.12	28.54	29.16	31.38	3.15	0.80	25.510102	25.343831	25.298942	0.526641
11.12	28.54	29.18	31.39	3.15	0.81	25.517509	25.347077	25.304257	0.526859
11.12	28.54	29.19	31.41	3.15	0.81	25.524920	25.350327	25.309576	0.527074
11.12	28.54	29.20	31.42	3.15	0.82	25.532334	25.353580	25.314897	0.527285
11.13	28.54	29.22	31.43	3.15	0.82	25.539751	25.356836	25.320222	0.527493
11.13	28.54	29.23	31.45	3.15	0.83	25.547171	25.360096	25.325550	0.527698
11.13	28.54	29.24	31.46	3.15	0.83	25.554594	25.363359	25.330881	0.527899
11.14	28.54	29.26	31.47	3.15	0.84	25.562020	25.366625	25.336216	0.528097
11.14	28.54	29.27	31.49	3.15	0.84	25.569449	25.369894	25.341553	0.528292
11.14	28.54	29.28	31.50	3.15	0.85	25.576881	25.373167	25.346894	0.528485
11.14	28.54	29.29	31.51	3.15	0.85	25.584316	25.376442	25.352238	0.528674
11.15	28.54	29.31	31.53	3.15	0.85	25.591754	25.379721	25.357585	0.528862
11.15	28.54	29.32	31.54	3.15	0.86	25.599195	25.383003	25.362934	0.529046
11.15	28.54	29.33	31.56	3.15	0.86	25.606639	25.386289	25.368287	0.529228
11.16	28.54	29.35	31.57	3.15	0.87	25.614086	25.389577	25.373643	0.529408
11.16	28.54	29.36	31.58	3.15	0.87	25.621536	25.392869	25.379002	0.529585
11.16	28.54	29.37	31.60	3.15	0.88	25.628988	25.396163	25.384364	0.529760
11.16	28.54	29.39	31.61	3.15	0.88	25.636444	25.399461	25.389728	0.529933
11.17	28.54	29.40	31.62	3.15	0.88	25.643902	25.402762	25.395096	0.530103
11.17	28.54	29.41	31.64	3.15	0.89	25.651363	25.406066	25.400467	0.530272
11.17	28.54	29.43	31.65	3.15	0.89	25.658827	25.409373	25.405840	0.530439
11.18	28.54	29.44	31.66	3.15	0.90	25.666294	25.412684	25.411216	0.530604
11.18	28.54	29.45	31.68	3.15	0.90	25.673763	25.415997	25.416596	0.530766
11.18	28.54	29.47	31.69	3.16	0.90	25.681235	25.419314	25.421978	0.530927
11.18	28.54	29.48	31.71	3.16	0.91	25.688710	25.422633	25.427362	0.531087
11.19	28.54	29.49	31.72	3.16	0.91	25.696188	25.425956	25.432750	0.531244
11.19	28.54	29.51	31.73	3.16	0.92	25.703668	25.429282	25.438141	0.531400
11.19	28.54	29.52	31.75	3.16	0.92	25.711152	25.432610	25.443534	0.531554
11.19	28.54	29.53	31.76	3.16	0.92	25.718637	25.435942	25.448930	0.531707
11.20	28.54	29.54	31.77	3.16	0.93	25.726126	25.439277	25.454329	0.531858
11.20	28.54	29.56	31.79	3.16	0.93	25.733617	25.442615	25.459730	0.532007
11.20	28.54	29.57	31.80	3.16	0.93	25.741111	25.445955	25.465135	0.532155
11.21	28.54	29.58	31.81	3.16	0.94	25.748607	25.449299	25.470542	0.532302
11.21	28.54	29.60	31.83	3.16	0.94	25.756106	25.452646	25.475951	0.532447
11.21	28.54	29.61	31.84	3.16	0.95	25.763608	25.455996	25.481364	0.532591
11.21	28.54	29.62	31.85	3.16	0.95	25.771112	25.459349	25.486779	0.532733
11.22	28.54	29.64	31.87	3.16	0.95	25.778619	25.462705	25.492197	0.532874
11.22	28.54	29.65	31.88	3.16	0.96	25.786128	25.466063	25.497618	0.533014
11.22	28.54	29.66	31.90	3.16	0.96	25.793640	25.469425	25.503041	0.533153
11.22	28.54	29.68	31.91	3.16	0.96	25.801155	25.472790	25.508467	0.533290
11.23	28.54	29.69	31.92	3.16	0.97	25.808672	25.476158	25.513895	0.533426
11.23	28.54	29.70	31.94	3.16	0.97	25.816191	25.479528	25.519327	0.533561
11.23	28.54	29.72	31.95	3.16	0.97	25.823713	25.482902	25.524760	0.533695
11.24	28.54	29.73	31.96	3.16	0.98	25.831238	25.486278	25.530197	0.533828
11.24	28.54	29.74	31.98	3.16	0.98	25.838765	25.489658	25.535636	0.533959
11.24	28.54	29.75	31.99	3.16	0.98	25.846294	25.493040	25.541078	0.534090
11.24	28.54	29.77	32.00	3.16	0.98	25.853826	25.496425	25.546522	0.534219
11.25	28.54	29.78	32.02	3.16	0.99	25.861360	25.499814	25.551969	0.534348
11.25	28.54	29.79	32.03	3.16	0.99	25.868897	25.503205	25.557419	0.534475
11.25	28.54	29.81	32.04	3.16	0.99	25.876436	25.506599	25.562871	0.534601
11.26	28.54	29.82	32.06	3.16	1.00	25.883978	25.509996	25.568326	0.534727
11.26	28.54	29.83	32.07	3.16	1.00	25.891522	25.513395	25.573783	0.534851
11.26	28.54	29.85	32.08	3.16	1.00	25.899069	25.516798	25.579243	0.534974
11.26	28.54	29.86	32.10	3.16	1.01	25.906617	25.520204	25.584706	0.535097
11.27	28.54	29.87	32.11	3.16	1.01	25.914169	25.523612	25.590171	0.535219
11.27	28.54	29.89	32.13	3.16	1.01	25.921722	25.527023	25.595639	0.535339
11.27	28.54	29.90	32.14	3.16	1.01	25.929278	25.530438	25.601109	0.535459
11.28	28.54	29.91	32.15	3.16	1.02	25.936836	25.533855	25.606581	0.535578
11.28	28.54	29.92	32.17	3.16	1.02	25.944397	25.537275	25.612057	0.535696
11.28	28.54	29.94	32.18	3.16	1.02	25.951960	25.540697	25.617534	0.535814
11.28	28.54	29.95	32.19	3.16	1.03	25.959525	25.544123	25.623015	0.535930
11.29	28.54	29.96	32.21	3.16	1.03	25.967092	25.547552	25.628498	0.536046
11.29	28.54	29.98	32.22	3.16	1.03	25.974662	25.550983	25.633983	0.536161
11.29	28.54	29.99	32.23	3.16	1.03	25.982234	25.554417	25.639471	0.536275
11.29	28.54	30.00	32.25	3.16	1.04	25.989809	25.557854	25.644961	0.536388
11.30	28.54	30.02	32.26	3.16	1.04	25.997385	25.561294	25.650454	0.536501
11.30	28.54	30.03	32.27	3.16	1.04	26.004964	25.564737	25.655949	0.536613
11.30	28.54	30.04	32.29	3.16	1.04	26.012545	25.568182	25.661447	0.536724
11.31	28.54	30.06	32.30	3.16	1.05	26.020128	25.571630	25.666948	0.536834
11.31	28.54	30.07	32.31	3.16	1.05	26.027714	25.575082	25.672450	0.536944
11.31	28.54	30.08	32.33	3.16	1.05	26.035302	25.578535	25.677956	0.537053
11.31	28.54	30.09	32.34	3.16	1.06	26.042891	25.581992	25.683463	0.537161
11.32	28.54	30.11	32.35	3.16	1.06	26.050484	25.585452	25.688974	0.537269
11.32	28.54	30.12	32.37	3.16	1.06	26.058078	25.588914	25.694486	0.537376
11.32	28.54	30.13	32.38	3.16	1.06	26.065674	25.592379	25.700001	0.537482
11.32	28.54	30.15	32.39	3.16	1.07	26.073273	25.595847	25.705519	0.537588
11.33	28.54	30.16	32.41	3.16	1.07	26.080874	25.599318	25.711039	0.537693
11.33	28.54	30.17	32.42	3.16	1.07	26.088477	25.602792	25.716561	0.537798
11.33	28.54	30.19	32.43	3.16	1.07	26.096082	25.606268	25.722086	0.537901
11.34	28.54	30.20	32.45	3.16	1.08	26.103689	25.609747	25.727613	0.538005
11.34	28.54	30.21	32.46	3.16	1.08	26.111298	25.613229	25.733143	0.538107
11.34	28.54	30.23	32.47	3.17	1.08	26.118910	25.616713	25.738675	0.538209
11.34	28.54	30.24	32.49	3.17	1.08	26.126523	25.620201	25.744210	0.538311
11.35	28.54	30.25	32.50	3.17	1.08	26.134139	25.623691	25.749747	0.538412
11.35	28.54	30.26	32.52	3.17	1.09	26.141756	25.627184	25.755286	0.538512
11.35	28.54	30.28	32.53	3.17	1.09	26.149376	25.630680	25.760828	0.538612
11.36	28.54	30.29	32.54	3.17	1.09	26.156998	25.634178	25.766372	0.538711
11.36	28.54	30.30	32.56	3.17	1.09	26.164622	25.637679	25.771918	0.538810
11.36	28.54	30.32	32.57	3.17	1.10	26.172248	25.641183	25.777467	0.538908
11.36	28.54	30.33	32.58	3.17	1.10	26.179876	25.644690	25.783018	0.539006
11.37	28.54	30.34	32.60	3.17	1.10	26.187506	25.648199	25.788572	0.539103
11.37	28.54	30.36	32.61	3.17	1.10	26.195137	25.651712	25.794128	0.539199
11.37	28.54	30.37	32.62	3.17	1.11	26.202771	25.655226	25.799686	0.539295
11.38	28.54	30.38	32.64	3.17	1.11	26.210407	25.658744	25.805247	0.539391
11.38	28.54	30.39	32.65	3.17	1.11	26.218045	25.662264	25.810810	0.539486
11.38	28.54	30.41	32.66	3.17	1.11	26.225685	25.665788	25.816376	0.539581
11.38	28.54	30.42	32.68	3.17	1.11	26.233327	25.669313	25.821943	0.539675
11.39	28.54	30.43	32.69	3.17	1.12	26.240971	25.672842	25.827514	0.539769
11.39	28.54	30.45	32.70	3.17	1.12	26.248617	25.676373	25.833086	0.539862
11.39	28.54	30.46	32.72	3.17	1.12	26.256265	25.679907	25.838661	0.539955
11.39	28.54	30.47	32.73	3.17	1.12	26.263915	25.683444	25.844238	0.540047
11.40	28.54	30.49	32.74	3.17	1.13	26.271566	25.686983	25.849817	0.540139
11.40	28.54	30.50	32.76	3.17	1.13	26.279220	25.690525	25.855399	0.540230
11.40	28.54	30.51	32.77	3.17	1.13	26.286875	25.694070	25.860983	0.540321
11.41	28.54	30.52	32.78	3.17	1.13	26.294533	25.697618	25.866569	0.540411
11.41	28.54	30.54	32.80	3.17	1.13	26.302192	25.701168	25.872158	0.540502
11.41	28.54	30.55	32.81	3.17	1.14	26.309853	25.704721	25.877749	0.540591
11.41	28.54	30.56	32.82	3.17	1.14	26.317516	25.708276	25.883342	0.540680
11.42	28.54	30.58	32.83	3.17	1.14	26.325181	25.711834	25.888938	0.540769
11.42	28.54	30.59	32.85	3.17	1.14	26.332848	25.715395	25.894536	0.540858
11.42	28.54	30.60	32.86	3.17	1.14	26.340517	25.718959	25.900136	0.540946
11.43	28.54	30.61	32.87	3.17	1.15	26.348187	25.722525	25.905738	0.541033
11.43	28.54	30.63	32.89	3.17	1.15	26.355859	25.726094	25.911343	0.541120
11.43	28.54	30.64	32.90	3.17	1.15	26.363534	25.729666	25.916950	0.541207
11.43	28.54	30.65	32.91	3.17	1.15	26.371209	25.733240	25.922559	0.541294
11.44	28.54	30.67	32.93	3.17	1.15	26.378887	25.736817	25.928170	0.541380
11.44	28.54	30.68	32.94	3.17	1.16	26.386567	25.740397	25.933784	0.541465
11.44	28.54	30.69	32.95	3.17	1.16	26.394248	25.743979	25.939400	0.541551
11.44	28.54	30.71	32.97	3.17	1.16	26.401931	25.747564	25.945018	0.541636
11.45	28.54	30.72	32.98	3.17	1.16	26.409616	25.751151	25.950638	0.541720
11.45	28.54	30.73	32.99	3.17	1.16	26.417303	25.754742	25.956261	0.541804
11.45	28.54	30.74	33.01	3.17	1.17	26.424991	25.758334	25.961886	0.541888
11.46	28.54	30.76	33.02	3.17	1.17	26.432682	25.761930	25.967513	0.541972
11.46	28.54	30.77	33.03	3.17	1.17	26.440374	25.765528	25.973142	0.542055
11.46	28.54	30.78	33.05	3.17	1.17	26.448067	25.769129	25.978774	0.542137
11.46	28.54	30.80	33.06	3.17	1.17	26.455763	25.772732	25.984408	0.542220
11.47	28.54	30.81	33.07	3.17	1.18	26.463460	25.776338	25.990044	0.542302
11.47	28.54	30.82	33.09	3.17	1.18	26.471159	25.779947	25.995682	0.542384
11.47	28.54	30.83	33.10	3.17	1.18	26.478859	25.783558	26.001322	0.542465
11.47	28.54	30.85	33.11	3.17	1.18	26.486562	25.787172	26.006964	0.542546
11.48	28.54	30.86	33.13	3.17	1.18	26.494265	25.790789	26.012609	0.542627
11.48	28.54	30.87	33.14	3.17	1.19	26.501971	25.794408	26.018256	0.542707
11.48	28.54	30.89	33.15	3.17	1.19	26.509678	25.798029	26.023905	0.542787
11.49	28.54	30.90	33.17	3.17	1.19	26.517387	25.801654	26.029556	0.542867
11.49	28.54	30.91	33.18	3.17	1.19	26.525098	25.805281	26.035210	0.542947
11.49	28.54	30.92	33.19	3.17	1.19	26.532810	25.808910	26.040865	0.543026
11.49	28.54	30.94	33.20	3.17	1.19	26.540524	25.812542	26.046523	0.543105
11.50	28.54	30.95	33.22	3.18	1.20	26.548239	25.816177	26.052183	0.543183
11.50	28.54	30.96	33.23	3.18	1.20	26.555956	25.819814	26.057845	0.543261
11.50	28.54	30.98	33.24	3.18	1.20	26.563675	25.823454	26.063509	0.543339
11.51	28.54	30.99	33.26	3.18	1.20	26.571396	25.827097	26.069175	0.543417
11.51	28.54	31.00	33.27	3.18	1.20	26.579117	25.830742	26.074844	0.543494
11.51	28.54	31.01	33.28	3.18	1.21	26.586841	25.834390	26.080514	0.543571
11.51	28.54	31.03	33.30	3.18	1.21	26.594566	25.838040	26.086187	0.543648
11.52	28.54	31.04	33.31	3.18	1.21	26.602293	25.841693	26.091862	0.543724
11.52	28.54	31.05	33.32	3.18	1.21	26.610021	25.845348	26.097539	0.543801
11.52	28.54	31.07	33.34	3.18	1.21	26.617751	25.849006	26.103218	0.543877
11.53	28.54	31.08	33.35	3.18	1.21	26.625482	25.852667	26.108899	0.543952
11.53	28.54	31.09	33.36	3.18	1.22	26.633215	25.856330	26.114582	0.544028
11.53	28.54	31.10	33.38	3.18	1.22	26.640949	25.859995	26.120267	0.544103
11.53	28.54	31.12	33.39	3.18	1.22	26.648685	25.863663	26.125955	0.544177
11.54	28.54	31.13	33.40	3.18	1.22	26.656422	25.867334	26.131644	0.544252
11.54	28.54	31.14	33.41	3.18	1.22	26.664161	25.871007	26.137336	0.544326
11.54	28.54	31.16	33.43	3.18	1.22	26.671902	25.874683	26.143029	0.544400
11.54	28.54	31.17	33.44	3.18	1.23	26.679644	25.878362	26.148725	0.544474
11.55	28.54	31.18	33.45	3.18	1.23	26.687387	25.882043	26.154423	0.544547
11.55	28.54	31.19	33.47	3.18	1.23	26.695132	25.885726	26.160122	0.544621
11.55	28.54	31.21	33.48	3.18	1.23	26.702878	25.889412	26.165824	0.544694
11.56	28.54	31.22	33.49	3.18	1.23	26.710626	25.893100	26.171528	0.544766
11.56	28.54	31.23	33.51	3.18	1.23	26.718375	25.896791	26.177234	0.544839
11.56	28.54	31.24	33.52	3.18	1.24	26.726126	25.900485	26.182942	0.544911
11.56	28.54	31.26	33.53	3.18	1.24	26.733878	25.904181	26.188652	0.544983
11.57	28.54	31.27	33.54	3.18	1.24	26.741631	25.907880	26.194364	0.545055
11.57	28.54	31.28	33.56	3.18	1.24	26.749386	25.911581	26.200078	0.545126
11.57	28.54	31.30	33.57	3.18	1.24	26.757142	25.915284	26.205794	0.545197
11.57	28.54	31.31	33.58	3.18	1.24	26.764900	25.918990	26.211512	0.545268
11.58	28.54	31.32	33.60	3.18	1.25	26.772659	25.922699	26.217232	0.545339
11.58	28.54	31.33	33.61	3.18	1.25	26.780420	25.926410	26.222955	0.545410
11.58	28.54	31.35	33.62	3.18	1.25	26.788181	25.930124	26.228679	0.545480
11.59	28.54	31.36	33.64	3.18	1.25	26.795945	25.933840	26.234405	0.545550
11.59	28.54	31.37	33.65	3.18	1.25	26.803709	25.937558	26.240133	0.545620
11.59	28.54	31.38	33.66	3.18	1.25	26.811475	25.941279	26.245863	0.545689
11.59	28.54	31.40	33.67	3.18	1.26	26.819242	25.945003	26.251595	0.545759
11.60	28.54	31.41	33.69	3.18	1.26	26.827011	25.948729	26.257329	0.545828
11.60	28.54	31.42	33.70	3.18	1.26	26.834781	25.952457	26.263065	0.545897
11.60	28.54	31.44	33.71	3.18	1.26	26.842552	25.956188	26.268803	0.545966
11.61	28.54	31.45	33.73	3.18	1.26	26.850325	25.959922	26.274543	0.546034
11.61	28.54	31.46	33.74	3.18	1.26	26.858098	25.963658	26.280285	0.546102
11.61	28.54	31.47	33.75	3.18	1.27	26.865873	25.967396	26.286028	0.546170
11.61	28.54	31.49	33.76	3.18	1.27	26.873650	25.971137	26.291774	0.546238
11.62	28.54	31.50	33.78	3.18	1.27	26.881428	25.974880	26.297522	0.546306
11.62	28.54	31.51	33.79	3.18	1.27	26.889206	25.978626	26.303271	0.546373
11.62	28.54	31.52	33.80	3.18	1.27	26.896987	25.982374	26.309023	0.546441
11.62	28.54	31.54	33.82	3.18	1.27	26.904768	25.986125	26.314776	0.546508
11.63	28.54	31.55	33.83	3.18	1.27	26.912551	25.989878	26.320532	0.546574
11.63	28.54	31.56	33.84	3.18	1.28	26.920335	25.993634	26.326289	0.546641
11.63	28.54	31.58	33.86	3.18	1.28	26.928120	25.997391	26.332048	0.546707
11.64	28.54	31.59	33.87	3.18	1.28	26.935906	26.001152	26.337809	0.546774
11.64	28.54	31.60	33.88	3.18	1.28	26.943694	26.004915	26.343572	0.546840
11.64	28.54	31.61	33.89	3.18	1.28	26.951483	26.008680	26.349337	0.546905
11.64	28.54	31.63	33.91	3.18	1.28	26.959273	26.012448	26.355104	0.546971
11.65	28.54	31.64	33.92	3.19	1.28	26.967064	26.016218	26.360873	0.547036
11.65	28.54	31.65	33.93	3.19	1.29	26.974856	26.019990	26.366643	0.547102
11.65	28.54	31.66	33.95	3.19	1.29	26.982650	26.023765	26.372415	0.547167
11.66	28.54	31.68	33.96	3.19	1.29	26.990444	26.027542	26.378190	0.547231
11.66	28.54	31.69	33.97	3.19	1.29	26.998240	26.031322	26.383966	0.547296
11.66	28.54	31.70	33.98	3.19	1.29	27.006037	26.035104	26.389744	0.547361
11.66	28.54	31.71	34.00	3.19	1.29	27.013835	26.038889	26.395523	0.547425
11.67	28.54	31.73	34.01	3.19	1.30	27.021634	26.042676	26.401305	0.547489
11.67	28.54	31.74	34.02	3.19	1.30	27.029435	26.046465	26.407088	0.547553
11.67	28.54	31.75	34.03	3.19	1.30	27.037236	26.050257	26.412874	0.547616
11.68	28.54	31.76	34.05	3.19	1.30	27.045039	26.054051	26.418661	0.547680
11.68	28.54	31.78	34.06	3.19	1.30	27.052842	26.057847	26.424450	0.547743
11.68	28.54	31.79	34.07	3.19	1.30	27.060647	26.061646	26.430240	0.547807
11.68	28.54	31.80	34.09	3.19	1.30	27.068453	26.065448	26.436033	0.547870
11.69	28.54	31.82	34.10	3.19	1.31	27.076260	26.069251	26.441827	0.547932
11.69	28.54	31.83	34.11	3.19	1.31	27.084068	26.073057	26.447624	0.547995
11.69	28.54	31.84	34.12	3.19	1.31	27.091877	26.076865	26.453421	0.548057
11.69	28.54	31.85	34.14	3.19	1.31	27.099687	26.080676	26.459221	0.548120
11.70	28.54	31.87	34.15	3.19	1.31	27.107498	26.084489	26.465023	0.548182
11.70	28.54	31.88	34.16	3.19	1.31	27.115310	26.088305	26.470826	0.548244
11.70	28.54	31.89	34.18	3.19	1.31	27.123123	26.092122	26.476631	0.548306
11.71	28.54	31.90	34.19	3.19	1.31	27.130938	26.095943	26.482438	0.548367
11.71	28.54	31.92	34.20	3.19	1.32	27.138753	26.099765	26.488246	0.548429
11.71	28.54	31.93	34.21	3.19	1.32	27.146569	26.103590	26.494057	0.548490
11.71	28.54	31.94	34.23	3.19	1.32	27.154386	26.107417	26.499869	0.548551
11.72	28.54	31.95	34.24	3.19	1.32	27.162204	26.111246	26.505683	0.548612
11.72	28.54	31.97	34.25	3.19	1.32	27.170023	26.115078	26.511498	0.548673
11.72	28.54	31.98	34.26	3.19	1.32	27.177844	26.118912	26.517316	0.548733
11.72	28.54	31.99	34.28	3.19	1.32	27.185665	26.122749	26.523135	0.548794
11.73	28.54	32.00	34.29	3.19	1.33	27.193487	26.126588	26.528955	0.548854
11.73	28.54	32.02	34.30	3.19	1.33	27.201310	26.130429	26.534778	0.548914
11.73	28.54	32.03	34.31	3.19	1.33	27.209133	26.134272	26.540602	0.548974
11.74	28.54	32.04	34.33	3.19	1.33	27.216958	26.138118	26.546428	0.549034
11.74	28.54	32.05	34.34	3.19	1.33	27.224784	26.141966	26.552256	0.549094
11.74	28.54	32.07	34.35	3.19	1.33	27.232611	26.145816	26.558085	0.549153
11.74	28.54	32.08	34.37	3.19	1.33	27.240438	26.149669	26.563916	0.549212
11.75	28.54	32.09	34.38	3.19	1.34	27.248267	26.153524	26.569748	0.549272
11.75	28.54	32.10	34.39	3.19	1.34	27.256096	26.157381	26.575583	0.549331
11.75	28.54	32.12	34.40	3.19	1.34	27.263926	26.161240	26.581419	0.549389
11.76	28.54	32.13	34.42	3.19	1.34	27.271757	26.165102	26.587256	0.549448
11.76	28.54	32.14	34.43	3.19	1.34	27.279589	26.168966	26.593096	0.549507
11.76	28.54	32.15	34.44	3.19	1.34	27.287422	26.172833	26.598937	0.549565
11.76	28.54	32.17	34.45	3.19	1.34	27.295256	26.176701	26.604779	0.549624
11.77	28.54	32.18	34.47	3.19	1.34	27.303090	26.180572	26.610624	0.549682
11.77	28.54	32.19	34.48	3.19	1.35	27.310925	26.184445	26.616470	0.549740
11.77	28.54	32.20	34.49	3.19	1.35	27.318761	26.188321	26.622317	0.549797
11.78	28.54	32.22	34.50	3.19	1.35	27.326598	26.192198	26.628166	0.549855
11.78	28.54	32.23	34.52	3.19	1.35	27.334436	26.196078	26.634017	0.549913
11.78	28.54	32.24	34.53	3.19	1.35	27.342275	26.199960	26.639870	0.549970
11.78	28.54	32.25	34.54	3.19	1.35	27.350114	26.203845	26.645724	0.550027
11.79	28.54	32.27	34.55	3.19	1.35	27.357954	26.207731	26.651579	0.550085
11.79	28.54	32.28	34.57	3.19	1.35	27.365795	26.211620	26.657437	0.550142
11.79	28.54	32.29	34.58	3.19	1.36	27.373637	26.215511	26.663295	0.550198
11.79	28.54	32.30	34.59	3.19	1.36	27.381479	26.219405	26.669156	0.550255
11.80	28.54	32.31	34.60	3.20	1.36	27.389322	26.223300	26.675018	0.550312
11.80	28.54	32.33	34.62	3.20	1.36	27.397166	26.227198	26.680881	0.550368
11.80	28.54	32.34	34.63	3.20	1.36	27.405011	26.231098	26.686747	0.550424
11.81	28.54	32.35	34.64	3.20	1.36	27.412856	26.235001	26.692613	0.550481
11.81	28.54	32.36	34.65	3.20	1.36	27.420702	26.238905	26.698482	0.550537
11.81	28.54	32.38	34.67	3.20	1.36	27.428549	26.242812	26.704351	0.550593
11.81	28.54	32.39	34.68	3.20	1.37	27.436396	26.246721	26.710223	0.550648
11.82	28.54	32.40	34.69	3.20	1.37	27.444245	26.250632	26.716096	0.550704
11.82	28.54	32.41	34.70	3.20	1.37	27.452093	26.254545	26.721970	0.550759
11.82	28.54	32.43	34.72	3.20	1.37	27.459943	26.258461	26.727846	0.550815
11.82	28.54	32.44	34.73	3.20	1.37	27.467793	26.262378	26.733724	0.550870
11.83	28.54	32.45	34.74	3.20	1.37	27.475644	26.266298	26.739603	0.550925
11.83	28.54	32.46	34.75	3.20	1.37	27.483495	26.270220	26.745483	0.550980
11.83	28.54	32.48	34.77	3.20	1.37	27.491348	26.274145	26.751365	0.551035
11.84	28.54	32.49	34.78	3.20	1.38	27.499200	26.278071	26.757249	0.551090
11.84	28.54	32.50	34.79	3.20	1.38	27.507054	26.282000	26.763134	0.551144
11.84	28.54	32.51	34.80	3.20	1.38	27.514908	26.285931	26.769021	0.551199
11.84	28.54	32.52	34.82	3.20	1.38	27.522762	26.289864	26.774909	0.551253
11.85	28.54	32.54	34.83	3.20	1.38	27.530618	26.293799	26.780798	0.551307
11.85	28.54	32.55	34.84	3.20	1.38	27.538474	26.297736	26.786689	0.551361
11.85	28.54	32.56	34.85	3.20	1.38	27.546330	26.301675	26.792582	0.551415
11.86	28.54	32.57	34.87	3.20	1.38	27.554187	26.305617	26.798476	0.551469
11.86	28.54	32.59	34.88	3.20	1.38	27.562045	26.309561	26.804371	0.551523
11.86	28.54	32.60	34.89	3.20	1.39	27.569903	26.313507	26.810268	0.551576
11.86	28.54	32.61	34.90	3.20	1.39	27.577761	26.317455	26.816166	0.551630
11.87	28.54	32.62	34.91	3.20	1.39	27.585621	26.321405	26.822066	0.551683
11.87	28.54	32.64	34.93	3.20	1.39	27.593480	26.325357	26.827967	0.551737
11.87	28.54	32.65	34.94	3.20	1.39	27.601341	26.329312	26.833870	0.551790
11.88	28.54	32.66	34.95	3.20	1.39	27.609201	26.333268	26.839774	0.551843
11.88	28.54	32.67	34.96	3.20	1.39	27.617063	26.337227	26.845680	0.551896
11.88	28.54	32.68	34.98	3.20	1.39	27.624925	26.341188	26.851586	0.551948
11.88	28.54	32.70	34.99	3.20	1.40	27.632787	26.345151	26.857495	0.552001
11.89	28.54	32.71	35.00	3.20	1.40	27.640650	26.349116	26.863404	0.552053
11.89	28.54	32.72	35.01	3.20	1.40	27.648513	26.353083	26.869316	0.552106
11.89	28.54	32.73	35.03	3.20	1.40	27.656377	26.357052	26.875228	0.552158
11.89	28.54	32.75	35.04	3.20	1.40	27.664241	26.361023	26.881142	0.552210
11.90	28.54	32.76	35.05	3.20	1.40	27.672106	26.364997	26.887057	0.552262
11.90	28.54	32.77	35.06	3.20	1.40	27.679971	26.368972	26.892974	0.552314
11.90	28.54	32.78	35.07	3.20	1.40	27.687837	26.372950	26.898892	0.552366
11.91	28.54	32.79	35.09	3.20	1.40	27.695703	26.376930	26.904811	0.552418
11.91	28.54	32.81	35.10	3.20	1.41	27.703569	26.380911	26.910732	0.552470
11.91	28.54	32.82	35.11	3.20	1.41	27.711436	26.384895	26.916654	0.552521
11.91	28.54	32.83	35.12	3.20	1.41	27.719303	26.388881	26.922577	0.552573
11.92	28.54	32.84	35.14	3.20	1.41	27.727171	26.392869	26.928502	0.552624
11.92	28.54	32.86	35.15	3.20	1.41	27.735039	26.396859	26.934428	0.552675
11.92	28.54	32.87	35.16	3.20	1.41	27.742908	26.400851	26.940356	0.552726
11.93	28.54	32.88	35.17	3.20	1.41	27.750777	26.404846	26.946284	0.552777
11.93	28.54	32.89	35.18	3.20	1.41	27.758646	26.408842	26.952214	0.552828
11.93	28.54	32.90	35.20	3.20	1.41	27.766515	26.412840	26.958146	0.552879
11.93	28.54	32.92	35.21	3.20	1.42	27.774385	26.416840	26.964078	0.552929
11.94	28.54	32.93	35.22	3.20	1.42	27.782256	26.420843	26.970012	0.552980
11.94	28.54	32.94	35.23	3.20	1.42	27.790126	26.424847	26.975947	0.553030
11.94	28.54	32.95	35.25	3.20	1.42	27.797997	26.428854	26.981884	0.553081
11.94	28.54	32.96	35.26	3.21	1.42	27.805868	26.432862	26.987822	0.553131
11.95	28.54	32.98	35.27	3.21	1.42	27.813740	26.436873	26.993761	0.553181
11.95	28.54	32.99	35.28	3.21	1.42	27.821612	26.440885	26.999701	0.553231
11.95	28.54	33.00	35.29	3.21	1.42	27.829484	26.444900	27.005643	0.553281
11.96	28.54	33.01	35.31	3.21	1.42	27.837357	26.448916	27.011586	0.553331
11.96	28.54	33.02	35.32	3.21	1.43	27.845229	26.452935	27.017530	0.553380
11.96	28.54	33.04	35.33	3.21	1.43	27.853102	26.456955	27.023475	0.553430
11.96	28.54	33.05	35.34	3.21	1.43	27.860976	26.460978	27.029422	0.553479
11.97	28.54	33.06	35.35	3.21	1.43	27.868849	26.465003	27.035370	0.553529
11.97	28.54	33.07	35.37	3.21	1.43	27.876723	26.469029	27.041319	0.553578
11.97	28.54	33.09	35.38	3.21	1.43	27.884597	26.473058	27.047269	0.553627
11.97	28.54	33.10	35.39	3.21	1.43	27.892471	26.477088	27.053221	0.553676
11.98	28.54	33.11	35.40	3.21	1.43	27.900346	26.481121	27.059173	0.553725
11.98	28.54	33.12	35.41	3.21	1.43	27.908221	26.485155	27.065127	0.553774
11.98	28.54	33.13	35.43	3.21	1.43	27.916095	26.489192	27.071082	0.553823
11.99	28.54	33.15	35.44	3.21	1.44	27.923971	26.493230	27.077039	0.553872
11.99	28.54	33.16	35.45	3.21	1.44	27.931846	26.497271	27.082996	0.553920
11.99	28.54	33.17	35.46	3.21	1.44	27.939721	26.501313	27.088955	0.553969
11.99	28.54	33.18	35.47	3.21	1.44	27.947597	26.505358	27.094915	0.554017
12.00	28.54	33.19	35.49	3.21	1.44	27.955473	26.509404	27.100876	0.554065
12.00	28.54	33.21	35.50	3.21	1.44	27.963349	26.513452	27.106838	0.554114
12.00	28.54	33.22	35.51	3.21	1.44	27.971225	26.517502	27.112801	0.554162
12.01	28.54	33.23	35.52	3.21	1.44	27.979101	26.521555	27.118766	0.554210
12.01	28.54	33.24	35.53	3.21	1.44	27.986978	26.525609	27.124731	0.554258
12.01	28.54	33.25	35.55	3.21	1.45	27.994854	26.529665	27.130698	0.554306
12.01	28.54	33.27	35.56	3.21	1.45	28.002731	26.533723	27.136666	0.554353
12.02	28.54	33.28	35.57	3.21	1.45	28.010608	26.537783	27.142635	0.554401
12.02	28.54	33.29	35.58	3.21	1.45	28.018485	26.541844	27.148605	0.554449
12.02	28.54	33.30	35.59	3.21	1.45	28.026362	26.545908	27.154576	0.554496
12.03	28.54	33.31	35.61	3.21	1.45	28.034239	26.549974	27.160549	0.554543
12.03	28.54	33.33	35.62	3.21	1.45	28.042116	26.554041	27.166522	0.554591
12.03	28.54	33.34	35.63	3.21	1.45	28.049993	26.558111	27.172497	0.554638
12.03	28.54	33.35	35.64	3.21	1.45	28.057870	26.562182	27.178473	0.554685
12.04	28.54	33.36	35.65	3.21	1.45	28.065748	26.566256	27.184449	0.554732
12.04	28.54	33.37	35.67	3.21	1.46	28.073625	26.570331	27.190427	0.554779
12.04	28.54	33.38	35.68	3.21	1.46	28.081503	26.574408	27.196406	0.554826
12.04	28.54	33.40	35.69	3.21	1.46	28.089380	26.578487	27.202386	0.554872
12.05	28.54	33.41	35.70	3.21	1.46	28.097258	26.582568	27.208367	0.554919
12.05	28.54	33.42	35.71	3.21	1.46	28.105135	26.586651	27.214349	0.554966
12.05	28.54	33.43	35.73	3.21	1.46	28.113013	26.590735	27.220333	0.555012
12.06	28.54	33.44	35.74	3.21	1.46	28.120890	26.594822	27.226317	0.555058
12.06	28.54	33.46	35.75	3.21	1.46	28.128768	26.598910	27.232302	0.555105
12.06	28.54	33.47	35.76	3.21	1.46	28.136645	26.603000	27.238288	0.555151
12.06	28.54	33.48	35.77	3.21	1.46	28.144522	26.607092	27.244276	0.555197
12.07	28.54	33.49	35.78	3.21	1.47	28.152400	26.611186	27.250264	0.555243
12.07	28.54	33.50	35.80	3.21	1.47	28.160277	26.615282	27.256253	0.555289
12.07	28.54	33.52	35.81	3.21	1.47	28.168155	26.619380	27.262244	0.555335
12.07	28.54	33.53	35.82	3.21	1.47	28.176032	26.623479	27.268235	0.555381
12.08	28.54	33.54	35.83	3.21	1.47	28.183909	26.627580	27.274227	0.555426
12.08	28.54	33.55	35.84	3.21	1.47	28.191786	26.631684	27.280221	0.555472
12.08	28.54	33.56	35.86	3.21	1.47	28.199663	26.635789	27.286215	0.555517
12.09	28.54	33.57	35.87	3.21	1.47	28.207540	26.639895	27.292210	0.555563
12.09	28.54	33.59	35.88	3.22	1.47	28.215417	26.644004	27.298207	0.555608
12.09	28.54	33.60	35.89	3.22	1.47	28.223294	26.648114	27.304204	0.555653
12.09	28.54	33.61	35.90	3.22	1.48	28.231170	26.652227	27.310202	0.555699
12.10	28.54	33.62	35.91	3.22	1.48	28.239047	26.656341	27.316201	0.555744
12.10	28.54	33.63	35.93	3.22	1.48	28.246923	26.660457	27.322201	0.555789
12.10	28.54	33.64	35.94	3.22	1.48	28.254800	26.664574	27.328202	0.555834
12.11	28.54	33.66	35.95	3.22	1.48	28.262676	26.668694	27.334204	0.555878
12.11	28.54	33.67	35.96	3.22	1.48	28.270552	26.672815	27.340207	0.555923
12.11	28.54	33.68	35.97	3.22	1.48	28.278427	26.676938	27.346211	0.555968
12.11	28.54	33.69	35.98	3.22	1.48	28.286303	26.681063	27.352216	0.556012
12.12	28.54	33.70	36.00	3.22	1.48	28.294178	26.685190	27.358222	0.556057
12.12	28.54	33.72	36.01	3.22	1.48	28.302054	26.689318	27.364228	0.556101
12.12	28.54	33.73	36.02	3.22	1.48	28.309929	26.693448	27.370236	0.556146
12.12	28.54	33.74	36.03	3.22	1.49	28.317804	26.697580	27.376244	0.556190
12.13	28.54	33.75	36.04	3.22	1.49	28.325678	26.701714	27.382254	0.556234
12.13	28.54	33.76	36.05	3.22	1.49	28.333553	26.705850	27.388264	0.556278
12.13	28.54	33.77	36.07	3.22	1.49	28.341427	26.709987	27.394275	0.556322
12.14	28.54	33.79	36.08	3.22	1.49	28.349301	26.714126	27.400287	0.556366
12.14	28.54	33.80	36.09	3.22	1.49	28.357174	26.718267	27.406299	0.556410
12.14	28.54	33.81	36.10	3.22	1.49	28.365048	26.722409	27.412313	0.556454
12.14	28.54	33.82	36.11	3.22	1.49	28.372921	26.726553	27.418328	0.556498
12.15	28.54	33.83	36.12	3.22	1.49	28.380794	26.730699	27.424343	0.556541
12.15	28.54	33.84	36.14	3.22	1.49	28.388667	26.734847	27.430359	0.556585
12.15	28.54	33.86	36.15	3.22	1.49	28.396539	26.738997	27.436376	0.556629
12.16	28.54	33.87	36.16	3.22	1.50	28.404411	26.743148	27.442394	0.556672
12.16	28.54	33.88	36.17	3.22	1.50	28.412283	26.747301	27.448413	0.556715
12.16	28.54	33.89	36.18	3.22	1.50	28.420154	26.751455	27.454432	0.556759
12.16	28.54	33.90	36.19	3.22	1.50	28.428026	26.755612	27.460453	0.556802
12.17	28.54	33.91	36.20	3.22	1.50	28.435896	26.759770	27.466474	0.556845
12.17	28.54	33.93	36.22	3.22	1.50	28.443767	26.763929	27.472496	0.556888
12.17	28.54	33.94	36.23	3.22	1.50	28.451637	26.768091	27.478518	0.556931
12.18	28.54	33.95	36.24	3.22	1.50	28.459507	26.772254	27.484542	0.556974
12.18	28.54	33.96	36.25	3.22	1.50	28.467376	26.776419	27.490566	0.557017
12.18	28.54	33.97	36.26	3.22	1.50	28.475245	26.780585	27.496591	0.557059
12.18	28.54	33.98	36.27	3.22	1.50	28.483114	26.784753	27.502617	0.557102
12.19	28.54	33.99	36.28	3.22	1.51	28.490983	26.788923	27.508643	0.557145
12.19	28.54	34.01	36.30	3.22	1.51	28.498851	26.793095	27.514671	0.557187
12.19	28.54	34.02	36.31	3.22	1.51	28.506718	26.797268	27.520699	0.557230
12.19	28.54	34.03	36.32	3.22	1.51	28.514585	26.801443	27.526728	0.557272
12.20	28.54	34.04	36.33	3.22	1.51	28.522452	26.805620	27.532757	0.557314
12.20	28.54	34.05	36.34	3.22	1.51	28.530318	26.809798	27.538788	0.557356
12.20	28.54	34.06	36.35	3.22	1.51	28.538184	26.813978	27.544819	0.557399
12.21	28.54	34.08	36.36	3.22	1.51	28.546050	26.818159	27.550850	0.557441
12.21	28.54	34.09	36.38	3.22	1.51	28.553915	26.822342	27.556883	0.557483
12.21	28.54	34.10	36.39	3.22	1.51	28.561779	26.826527	27.562916	0.557525
12.21	28.54	34.11	36.40	3.22	1.51	28.569643	26.830713	27.568950	0.557566
12.22	28.54	34.12	36.41	3.22	1.52	28.577507	26.834902	27.574984	0.557608
12.22	28.54	34.13	36.42	3.22	1.52	28.585370	26.839091	27.581020	0.557650
12.22	28.54	34.14	36.43	3.22	1.52	28.593233	26.843283	27.587056	0.557692
12.22	28.54	34.16	36.44	3.22	1.52	28.601095	26.847475	27.593092	0.557733
12.23	28.54	34.17	36.46	3.22	1.52	28.608957	26.851670	27.599130	0.557775
12.23	28.54	34.18	36.47	3.22	1.52	28.616818	26.855866	27.605168	0.557816
12.23	28.54	34.19	36.48	3.23	1.52	28.624679	26.860064	27.611206	0.557858
12.24	28.54	34.20	36.49	3.23	1.52	28.632539	26.864263	27.617245	0.557899
12.24	28.54	34.21	36.50	3.23	1.52	28.640398	26.868464	27.623285	0.557940
12.24	28.54	34.22	36.51	3.23	1.52	28.648257	26.872667	27.629326	0.557981
12.24	28.54	34.24	36.52	3.23	1.52	28.656116	26.876871	27.635367	0.558022
12.25	28.54	34.25	36.54	3.23	1.52	28.663974	26.881077	27.641409	0.558063
12.25	28.54	34.26	36.55	3.23	1.53	28.671831	26.885284	27.647451	0.558104
12.25	28.54	34.27	36.56	3.23	1.53	28.679688	26.889493	27.653494	0.558145
12.26	28.54	34.28	36.57	3.23	1.53	28.687544	26.893703	27.659538	0.558186
12.26	28.54	34.29	36.58	3.23	1.53	28.695400	26.897915	27.665582	0.558227
12.26	28.54	34.30	36.59	3.23	1.53	28.703255	26.902129	27.671627	0.558267
12.26	28.54	34.32	36.60	3.23	1.53	28.711109	26.906344	27.677673	0.558308
12.27	28.54	34.33	36.61	3.23	1.53	28.718963	26.910561	27.683719	0.558349
12.27	28.54	34.34	36.62	3.23	1.53	28.726816	26.914779	27.689765	0.558389
12.27	28.54	34.35	36.64	3.23	1.53	28.734669	26.918999	27.695813	0.558430
12.28	28.54	34.36	36.65	3.23	1.53	28.742521	26.923220	27.701860	0.558470
12.28	28.54	34.37	36.66	3.23	1.53	28.750372	26.927443	27.707909	0.558510
12.28	28.54	34.38	36.67	3.23	1.53	28.758223	26.931668	27.713958	0.558550
12.28	28.54	34.40	36.68	3.23	1.54	28.766073	26.935894	27.720007	0.558591
12.29	28.54	34.41	36.69	3.23	1.54	28.773922	26.940121	27.726057	0.558631
12.29	28.54	34.42	36.70	3.23	1.54	28.781771	26.944350	27.732108	0.558671
12.29	28.54	34.43	36.71	3.23	1.54	28.789619	26.948581	27.738159	0.558711
12.29	28.54	34.44	36.73	3.23	1.54	28.797466	26.952813	27.744210	0.558751
12.30	28.54	34.45	36.74	3.23	1.54	28.805313	26.957046	27.750262	0.558790
12.30	28.54	34.46	36.75	3.23	1.54	28.813159	26.961281	27.756315	0.558830
12.30	28.54	34.47	36.76	3.23	1.54	28.821004	26.965518	27.762368	0.558870
12.31	28.54	34.49	36.77	3.23	1.54	28.828848	26.969756	27.768422	0.558909
12.31	28.54	34.50	36.78	3.23	1.54	28.836692	26.973995	27.774476	0.558949
12.31	28.54	34.51	36.79	3.23	1.54	28.844535	26.978236	27.780531	0.558989
12.31	28.54	34.52	36.80	3.23	1.54	28.852377	26.982479	27.786586	0.559028
12.32	28.54	34.53	36.81	3.23	1.55	28.860218	26.986723	27.792641	0.559067
12.32	28.54	34.54	36.83	3.23	1.55	28.868059	26.990968	27.798697	0.559107
12.32	28.54	34.55	36.84	3.23	1.55	28.875899	26.995215	27.804754	0.559146
12.32	28.54	34.56	36.85	3.23	1.55	28.883738	26.999464	27.810811	0.559185
12.33	28.54	34.58	36.86	3.23	1.55	28.891576	27.003714	27.816868	0.559224
12.33	28.54	34.59	36.87	3.23	1.55	28.899414	27.007965	27.822926	0.559263
12.33	28.54	34.60	36.88	3.23	1.55	28.907251	27.012218	27.828984	0.559302
12.34	28.54	34.61	36.89	3.23	1.55	28.915086	27.016472	27.835043	0.559341
12.34	28.54	34.62	36.90	3.23	1.55	28.922922	27.020728	27.841102	0.559380
12.34	28.54	34.63	36.91	3.23	1.55	28.930756	27.024985	27.847162	0.559419
12.34	28.54	34.64	36.92	3.23	1.55	28.938589	27.029243	27.853222	0.559458
12.35	28.54	34.65	36.94	3.23	1.55	28.946422	27.033503	27.859282	0.559496
12.35	28.54	34.66	36.95	3.23	1.55	28.954253	27.037765	27.865343	0.559535
12.35	28.54	34.68	36.96	3.23	1.56	28.962084	27.042027	27.871404	0.559574
12.36	28.54	34.69	36.97	3.23	1.56	28.969914	27.046292	27.877466	0.559612
12.36	28.54	34.70	36.98	3.23	1.56	28.977743	27.050557	27.883528	0.559651
12.36	28.54	34.71	36.99	3.23	1.56	28.985572	27.054824	27.889590	0.559689
12.36	28.54	34.72	37.00	3.23	1.56	28.993399	27.059093	27.895653	0.559727
12.37	28.54	34.73	37.01	3.23	1.56	29.001225	27.063363	27.901716	0.559766
12.37	28.54	34.74	37.02	3.23	1.56	29.009051	27.067634	27.907779	0.559804
12.37	28.54	34.75	37.03	3.23	1.56	29.016875	27.071906	27.913843	0.559842
12.38	28.54	34.76	37.04	3.24	1.56	29.024699	27.076180	27.919907	0.559880
12.38	28.54	34.78	37.05	3.24	1.56	29.032522	27.080456	27.925972	0.559918
12.38	28.54	34.79	37.07	3.24	1.56	29.040344	27.084733	27.932037	0.559956
12.38	28.54	34.80	37.08	3.24	1.56	29.048164	27.089011	27.938102	0.559994
12.39	28.54	34.81	37.09	3.24	1.56	29.055984	27.093290	27.944167	0.560032
12.39	28.54	34.82	37.10	3.24	1.57	29.063803	27.097571	27.950233	0.560070
12.39	28.54	34.83	37.11	3.24	1.57	29.071621	27.101853	27.956299	0.560107
12.39	28.54	34.84	37.12	3.24	1.57	29.079438	27.106137	27.962366	0.560145
12.40	28.54	34.85	37.13	3.24	1.57	29.087254	27.110422	27.968432	0.560183
12.40	28.54	34.86	37.14	3.24	1.57	29.095069	27.114708	27.974499	0.560220
12.40	28.54	34.88	37.15	3.24	1.57	29.102883	27.118996	27.980567	0.560258
12.41	28.54	34.89	37.16	3.24	1.57	29.110696	27.123285	27.986634	0.560295
12.41	28.54	34.90	37.17	3.24	1.57	29.118508	27.127575	27.992702	0.560332
12.41	28.54	34.91	37.18	3.24	1.57	29.126319	27.131867	27.998770	0.560370
12.41	28.54	34.92	37.20	3.24	1.57	29.134129	27.136160	28.004839	0.560407
12.42	28.54	34.93	37.21	3.24	1.57	29.141938	27.140454	28.010907	0.560444
12.42	28.54	34.94	37.22	3.24	1.57	29.149745	27.144750	28.016976	0.560481
12.42	28.54	34.95	37.23	3.24	1.57	29.157552	27.149047	28.023045	0.560519
12.43	28.54	34.96	37.24	3.24	1.58	29.165358	27.153345	28.029115	0.560556
12.43	28.54	34.97	37.25	3.24	1.58	29.173162	27.157644	28.035184	0.560593
12.43	28.54	34.98	37.26	3.24	1.58	29.180966	27.161945	28.041254	0.560630
12.43	28.54	35.00	37.27	3.24	1.58	29.188768	27.166247	28.047324	0.560666
12.44	28.54	35.01	37.28	3.24	1.58	29.196569	27.170551	28.053394	0.560703
12.44	28.54	35.02	37.29	3.24	1.58	29.204369	27.174856	28.059465	0.560740
12.44	28.54	35.03	37.30	3.24	1.58	29.212168	27.179161	28.065535	0.560777
12.44	28.54	35.04	37.31	3.24	1.58	29.219966	27.183469	28.071606	0.560813
12.45	28.54	35.05	37.32	3.24	1.58	29.227763	27.187777	28.077677	0.560850
12.45	28.54	35.06	37.33	3.24	1.58	29.235559	27.192087	28.083748	0.560886
12.45	28.54	35.07	37.34	3.24	1.58	29.243353	27.196398	28.089820	0.560923
12.46	28.54	35.08	37.36	3.24	1.58	29.251147	27.200710	28.095891	0.560959
12.46	28.54	35.09	37.37	3.24	1.58	29.258939	27.205024	28.101963	0.560996
12.46	28.54	35.10	37.38	3.24	1.59	29.266730	27.209339	28.108035	0.561032
12.46	28.54	35.11	37.39	3.24	1.59	29.274520	27.213655	28.114107	0.561068
12.47	28.54	35.13	37.40	3.24	1.59	29.282308	27.217972	28.120179	0.561105
12.47	28.54	35.14	37.41	3.24	1.59	29.290096	27.222291	28.126251	0.561141
12.47	28.54	35.15	37.42	3.24	1.59	29.297882	27.226610	28.132323	0.561177
12.47	28.54	35.16	37.43	3.24	1.59	29.305667	27.230931	28.138396	0.561213
12.48	28.54	35.17	37.44	3.24	1.59	29.313451	27.235254	28.144469	0.561249
12.48	28.54	35.18	37.45	3.24	1.59	29.321233	27.239577	28.150541	0.561285
12.48	28.54	35.19	37.46	3.24	1.59	29.329014	27.243902	28.156614	0.561321
12.49	28.54	35.20	37.47	3.24	1.59	29.336794	27.248228	28.162687	0.561356
12.49	28.54	35.21	37.48	3.24	1.59	29.344573	27.252555	28.168760	0.561392
12.49	28.54	35.22	37.49	3.24	1.59	29.352351	27.256883	28.174833	0.561428
12.49	28.54	35.23	37.50	3.24	1.59	29.360127	27.261212	28.180907	0.561464
12.50	28.54	35.24	37.51	3.24	1.59	29.367902	27.265543	28.186980	0.561499
12.50	28.54	35.25	37.52	3.24	1.60	29.375676	27.269875	28.193053	0.561535
12.50	28.54	35.27	37.53	3.24	1.60	29.383448	27.274208	28.199127	0.561570
12.51	28.54	35.28	37.54	3.24	1.60	29.391219	27.278542	28.205200	0.561606
12.51	28.54	35.29	37.55	3.24	1.60	29.398989	27.282877	28.211274	0.561641
12.51	28.54	35.30	37.56	3.24	1.60	29.406758	27.287214	28.217347	0.561677
12.51	28.54	35.31	37.58	3.24	1.60	29.414525	27.291552	28.223421	0.561712
12.52	28.54	35.32	37.59	3.25	1.60	29.422291	27.295891	28.229495	0.561747
12.52	28.54	35.33	37.60	3.25	1.60	29.430055	27.300231	28.235568	0.561782
12.52	28.54	35.34	37.61	3.25	1.60	29.437818	27.304572	28.241642	0.561817
12.53	28.54	35.35	37.62	3.25	1.60	29.445580	27.308914	28.247716	0.561853
12.53	28.54	35.36	37.63	3.25	1.60	29.453340	27.313257	28.253789	0.561888
12.53	28.54	35.37	37.64	3.25	1.60	29.461099	27.317602	28.259863	0.561923
12.53	28.54	35.38	37.65	3.25	1.60	29.468857	27.321948	28.265937	0.561957
12.54	28.54	35.39	37.66	3.25	1.60	29.476613	27.326295	28.272010	0.561992
12.54	28.54	35.40	37.67	3.25	1.61	29.484368	27.330643	28.278084	0.562027
12.54	28.54	35.41	37.68	3.25	1.61	29.492122	27.334992	28.284158	0.562062
12.54	28.54	35.43	37.69	3.25	1.61	29.499874	27.339342	28.290231	0.562097
12.55	28.54	35.44	37.70	3.25	1.61	29.507624	27.343693	28.296305	0.562131
12.55	28.54	35.45	37.71	3.25	1.61	29.515374	27.348046	28.302378	0.562166
12.55	28.54	35.46	37.72	3.25	1.61	29.523121	27.352399	28.308452	0.562201
12.56	28.54	35.47	37.73	3.25	1.61	29.530868	27.356754	28.314525	0.562235
12.56	28.54	35.48	37.74	3.25	1.61	29.538613	27.361110	28.320599	0.562270
12.56	28.54	35.49	37.75	3.25	1.61	29.546356	27.365466	28.326672	0.562304
12.56	28.54	35.50	37.76	3.25	1.61	29.554098	27.369824	28.332745	0.562338
12.57	28.54	35.51	37.77	3.25	1.61	29.561838	27.374183	28.338818	0.562373
12.57	28.54	35.52	37.78	3.25	1.61	29.569577	27.378543	28.344891	0.562407
12.57	28.54	35.53	37.79	3.25	1.61	29.577315	27.382904	28.350964	0.562441
12.57	28.54	35.54	37.80	3.25	1.61	29.585051	27.387266	28.357037	0.562475
12.58	28.54	35.55	37.81	3.25	1.61	29.592785	27.391630	28.363110	0.562510
12.58	28.54	35.56	37.82	3.25	1.62	29.600518	27.395994	28.369183	0.562544
12.58	28.54	35.57	37.83	3.25	1.62	29.608250	27.400359	28.375255	0.562578
12.59	28.54	35.58	37.84	3.25	1.62	29.615980	27.404726	28.381328	0.562612
12.59	28.54	35.59	37.85	3.25	1.62	29.623708	27.409093	28.387400	0.562646
12.59	28.54	35.60	37.86	3.25	1.62	29.631435	27.413461	28.393472	0.562679
12.59	28.54	35.61	37.87	3.25	1.62	29.639160	27.417831	28.399544	0.562713
12.60	28.54	35.62	37.88	3.25	1.62	29.646884	27.422201	28.405616	0.562747
12.60	28.54	35.63	37.89	3.25	1.62	29.654606	27.426573	28.411687	0.562781
12.60	28.54	35.65	37.90	3.25	1.62	29.662326	27.430946	28.417759	0.562814
12.61	28.54	35.66	37.91	3.25	1.62	29.670045	27.435319	28.423830	0.562848
12.61	28.54	35.67	37.92	3.25	1.62	29.677763	27.439694	28.429901	0.562882
12.61	28.54	35.68	37.93	3.25	1.62	29.685478	27.444069	28.435972	0.562915
12.61	28.54	35.69	37.94	3.25	1.62	29.693192	27.448446	28.442043	0.562949
12.62	28.54	35.70	37.95	3.25	1.62	29.700905	27.452823	28.448114	0.562982
12.62	28.54	35.71	37.96	3.25	1.62	29.708616	27.457202	28.454184	0.563016
12.62	28.54	35.72	37.97	3.25	1.63	29.716325	27.461582	28.460254	0.563049
12.62	28.54	35.73	37.98	3.25	1.63	29.724033	27.465962	28.466324	0.563082
12.63	28.54	35.74	37.99	3.25	1.63	29.731739	27.470344	28.472394	0.563115
12.63	28.54	35.75	38.00	3.25	1.63	29.739443	27.474726	28.478464	0.563149
12.63	28.54	35.76	38.01	3.25	1.63	29.747146	27.479110	28.484533	0.563182
12.64	28.54	35.77	38.02	3.25	1.63	29.754847	27.483494	28.490602	0.563215
12.64	28.54	35.78	38.03	3.25	1.63	29.762546	27.487879	28.496671	0.563248
12.64	28.54	35.79	38.04	3.25	1.63	29.770243	27.492266	28.502739	0.563281
12.64	28.54	35.80	38.05	3.25	1.63	29.777939	27.496653	28.508808	0.563314
12.65	28.54	35.81	38.06	3.25	1.63	29.785633	27.501041	28.514876	0.563347
12.65	28.54	35.82	38.07	3.25	1.63	29.793326	27.505430	28.520944	0.563380
12.65	28.54	35.83	38.08	3.25	1.63	29.801017	27.509820	28.527011	0.563413
12.66	28.54	35.84	38.09	3.25	1.63	29.808706	27.514212	28.533078	0.563445
12.66	28.54	35.85	38.10	3.25	1.63	29.816393	27.518603	28.539145	0.563478
12.66	28.54	35.86	38.11	3.26	1.63	29.824078	27.522996	28.545212	0.563511
12.66	28.54	35.87	38.12	3.26	1.63	29.831762	27.527390	28.551278	0.563543
12.67	28.54	35.88	38.13	3.26	1.64	29.839444	27.531785	28.557344	0.563576
12.67	28.54	35.89	38.14	3.26	1.64	29.847124	27.536181	28.563410	0.563609
12.67	28.54	35.90	38.15	3.26	1.64	29.854803	27.540577	28.569476	0.563641
12.68	28.54	35.91	38.16	3.26	1.64	29.862479	27.544974	28.575541	0.563673
12.68	28.54	35.92	38.17	3.26	1.64	29.870154	27.549373	28.581605	0.563706
12.68	28.54	35.93	38.18	3.26	1.64	29.877827	27.553772	28.587670	0.563738
12.68	28.54	35.94	38.19	3.26	1.64	29.885499	27.558172	28.593734	0.563771
12.69	28.54	35.95	38.20	3.26	1.64	29.893168	27.562573	28.599798	0.563803
12.69	28.54	35.96	38.21	3.26	1.64	29.900836	27.566975	28.605861	0.563835
12.69	28.54	35.97	38.22	3.26	1.64	29.908501	27.571378	28.611924	0.563867
12.69	28.54	35.98	38.23	3.26	1.64	29.916165	27.575781	28.617987	0.563899
12.70	28.54	35.99	38.24	3.26	1.64	29.923827	27.580186	28.624049	0.563931
12.70	28.54	36.00	38.25	3.26	1.64	29.931488	27.584591	28.630111	0.563964
12.70	28.54	36.01	38.26	3.26	1.64	29.939146	27.588997	28.636172	0.563996
12.71	28.54	36.02	38.27	3.26	1.64	29.946802	27.593404	28.642233	0.564027
12.71	28.54	36.03	38.28	3.26	1.64	29.954457	27.597812	28.648294	0.564059
12.71	28.54	36.04	38.29	3.26	1.65	29.962110	27.602221	28.654354	0.564091
12.71	28.54	36.05	38.30	3.26	1.65	29.969761	27.606630	28.660414	0.564123
12.72	28.54	36.06	38.31	3.26	1.65	29.977409	27.611041	28.666474	0.564155
12.72	28.54	36.07	38.32	3.26	1.65	29.985056	27.615452	28.672533	0.564187
12.72	28.54	36.08	38.32	3.26	1.65	29.992702	27.619864	28.678591	0.564218
12.72	28.54	36.09	38.33	3.26	1.65	30.000345	27.624277	28.684649	0.564250
12.73	28.54	36.10	38.34	3.26	1.65	30.007986	27.628690	28.690707	0.564281
12.73	28.54	36.11	38.35	3.26	1.65	30.015625	27.633105	28.696764	0.564313
12.73	28.54	36.12	38.36	3.26	1.65	30.023262	27.637520	28.702821	0.564345
12.74	28.54	36.13	38.37	3.26	1.65	30.030898	27.641936	28.708878	0.564376
12.74	28.54	36.14	38.38	3.26	1.65	30.038531	27.646353	28.714933	0.564407
12.74	28.54	36.15	38.39	3.26	1.65	30.046163	27.650770	28.720989	0.564439
12.74	28.54	36.16	38.40	3.26	1.65	30.053792	27.655189	28.727044	0.564470
12.75	28.54	36.17	38.41	3.26	1.65	30.061420	27.659608	28.733098	0.564501
12.75	28.54	36.18	38.42	3.26	1.65	30.069045	27.664028	28.739152	0.564533
12.75	28.54	36.19	38.43	3.26	1.65	30.076668	27.668449	28.745206	0.564564
12.76	28.54	36.20	38.44	3.26	1.66	30.084290	27.672870	28.751258	0.564595
12.76	28.54	36.21	38.45	3.26	1.66	30.091909	27.677292	28.757311	0.564626
12.76	28.54	36.22	38.46	3.26	1.66	30.099527	27.681715	28.763363	0.564657
12.76	28.54	36.23	38.47	3.26	1.66	30.107142	27.686139	28.769414	0.564688
12.77	28.54	36.24	38.48	3.26	1.66	30.114755	27.690564	28.775465	0.564719
12.77	28.54	36.25	38.49	3.26	1.66	30.122366	27.694989	28.781515	0.564750
12.77	28.54	36.26	38.50	3.26	1.66	30.129975	27.699415	28.787565	0.564781
12.78	28.54	36.27	38.51	3.26	1.66	30.137583	27.703841	28.793614	0.564812
12.78	28.54	36.28	38.51	3.26	1.66	30.145188	27.708269	28.799663	0.564843
12.78	28.54	36.29	38.52	3.26	1.66	30.152791	27.712697	28.805711	0.564873
12.78	28.54	36.30	38.53	3.26	1.66	30.160391	27.717126	28.811758	0.564904
12.79	28.54	36.31	38.54	3.26	1.66	30.167990	27.721555	28.817805	0.564935
12.79	28.54	36.32	38.55	3.26	1.66	30.175587	27.725986	28.823852	0.564965
12.79	28.54	36.33	38.56	3.26	1.66	30.183181	27.730417	28.829897	0.564996
12.79	28.54	36.34	38.57	3.26	1.66	30.190774	27.734848	28.835943	0.565027
12.80	28.54	36.35	38.58	3.26	1.66	30.198364	27.739281	28.841987	0.565057
12.80	28.54	36.36	38.59	3.26	1.66	30.205952	27.743714	28.848031	0.565088
12.80	28.54	36.37	38.60	3.27	1.67	30.213538	27.748148	28.854075	0.565118
12.81	28.54	36.38	38.61	3.27	1.67	30.221122	27.752582	28.860117	0.565148
12.81	28.54	36.39	38.62	3.27	1.67	30.228703	27.757017	28.866159	0.565179
12.81	28.54	36.40	38.63	3.27	1.67	30.236283	27.761453	28.872201	0.565209
12.81	28.54	36.41	38.64	3.27	1.67	30.243860	27.765889	28.878242	0.565239
12.82	28.54	36.42	38.65	3.27	1.67	30.251435	27.770326	28.884282	0.565269
12.82	28.54	36.43	38.65	3.27	1.67	30.259008	27.774764	28.890321	0.565300
12.82	28.54	36.44	38.66	3.27	1.67	30.266579	27.779203	28.896360	0.565330
12.82	28.54	36.45	38.67	3.27	1.67	30.274147	27.783642	28.902398	0.565360
12.83	28.54	36.46	38.68	3.27	1.67	30.281713	27.788081	28.908436	0.565390
12.83	28.54	36.47	38.69	3.27	1.67	30.289277	27.792522	28.914473	0.565420
12.83	28.54	36.48	38.70	3.27	1.67	30.296839	27.796963	28.920509	0.565450
12.84	28.54	36.49	38.71	3.27	1.67	30.304399	27.801404	28.926544	0.565480
12.84	28.54	36.50	38.72	3.27	1.67	30.311956	27.805847	28.932579	0.565510
12.84	28.54	36.51	38.73	3.27	1.67	30.319511	27.810289	28.938613	0.565540
12.84	28.54	36.52	38.74	3.27	1.67	30.327064	27.814733	28.944647	0.565569
12.85	28.54	36.52	38.75	3.27	1.67	30.334614	27.819177	28.950679	0.565599
12.85	28.54	36.53	38.76	3.27	1.67	30.342163	27.823622	28.956711	0.565629
12.85	28.54	36.54	38.76	3.27	1.68	30.349709	27.828067	28.962743	0.565658
12.86	28.54	36.55	38.77	3.27	1.68	30.357252	27.832513	28.968773	0.565688
12.86	28.54	36.56	38.78	3.27	1.68	30.364794	27.836959	28.974803	0.565718
12.86	28.54	36.57	38.79	3.27	1.68	30.372333	27.841406	28.980832	0.565747
12.86	28.54	36.58	38.80	3.27	1.68	30.379869	27.845854	28.986860	0.565777
12.87	28.54	36.59	38.81	3.27	1.68	30.387404	27.850302	28.992888	0.565806
12.87	28.54	36.60	38.82	3.27	1.68	30.394936	27.854751	28.998914	0.565836
12.87	28.54	36.61	38.83	3.27	1.68	30.402465	27.859200	29.004940	0.565865
12.88	28.54	36.62	38.84	3.27	1.68	30.409993	27.863650	29.010965	0.565894
12.88	28.54	36.63	38.85	3.27	1.68	30.417518	27.868101	29.016990	0.565924
12.88	28.54	36.64	38.85	3.27	1.68	30.425040	27.872552	29.023013	0.565953
12.88	28.54	36.65	38.86	3.27	1.68	30.432560	27.877003	29.029036	0.565982
12.89	28.54	36.66	38.87	3.27	1.68	30.440078	27.881455	29.035058	0.566011
12.89	28.54	36.67	38.88	3.27	1.68	30.447594	27.885908	29.041079	0.566041
12.89	28.54	36.68	38.89	3.27	1.68	30.455107	27.890361	29.047100	0.566070
12.89	28.54	36.69	38.90	3.27	1.68	30.462617	27.894815	29.053119	0.566099
12.90	28.54	36.70	38.91	3.27	1.68	30.470126	27.899269	29.059138	0.566128
12.90	28.54	36.71	38.92	3.27	1.68	30.477632	27.903724	29.065156	0.566157
12.90	28.54	36.71	38.93	3.27	1.69	30.485135	27.908179	29.071173	0.566186
12.91	28.54	36.72	38.94	3.27	1.69	30.492636	27.912635	29.077189	0.566215
12.91	28.54	36.73	38.94	3.27	1.69	30.500134	27.917091	29.083205	0.566243
12.91	28.54	36.74	38.95	3.27	1.69	30.507630	27.921548	29.089219	0.566272
12.91	28.54	36.75	38.96	3.27	1.69	30.515124	27.926005	29.095233	0.566301
12.92	28.54	36.76	38.97	3.27	1.69	30.522615	27.930463	29.101246	0.566330
12.92	28.54	36.77	38.98	3.27	1.69	30.530104	27.934921	29.107258	0.566359
12.92	28.54	36.78	38.99	3.27	1.69	30.537590	27.939380	29.113269	0.566387
12.93	28.54	36.79	39.00	3.27	1.69	30.545074	27.943839	29.119279	0.566416
12.93	28.54	36.80	39.01	3.27	1.69	30.552555	27.948299	29.125288	0.566444
12.93	28.54	36.81	39.01	3.27	1.69	30.560033	27.952759	29.131296	0.566473
12.93	28.54	36.82	39.02	3.27	1.69	30.567510	27.957220	29.137304	0.566501
12.94	28.54	36.83	39.03	3.27	1.69	30.574983	27.961681	29.143310	0.566530
12.94	28.54	36.84	39.04	3.27	1.69	30.582454	27.966142	29.149316	0.566558
12.94	28.54	36.85	39.05	3.27	1.69	30.589923	27.970604	29.155320	0.566587
12.94	28.54	36.85	39.06	3.28	1.69	30.597389	27.975067	29.161324	0.566615
12.95	28.54	36.86	39.07	3.28	1.69	30.604852	27.979529	29.167327	0.566643
12.95	28.54	36.87	39.08	3.28	1.69	30.612313	27.983993	29.173329	0.566672
12.95	28.54	36.88	39.08	3.28	1.69	30.619771	27.988456	29.179330	0.566700
12.96	28.54	36.89	39.09	3.28	1.70	30.627227	27.992921	29.185330	0.566728
12.96	28.54	36.90	39.10	3.28	1.70	30.634680	27.997385	29.191328	0.566756
12.96	28.54	36.91	39.11	3.28	1.70	30.642131	28.001850	29.197326	0.566784
12.96	28.54	36.92	39.12	3.28	1.70	30.649579	28.006315	29.203323	0.566813
12.97	28.54	36.93	39.13	3.28	1.70	30.657024	28.010781	29.209319	0.566841
12.97	28.54	36.94	39.14	3.28	1.70	30.664467	28.015247	29.215314	0.566869
12.97	28.54	36.95	39.14	3.28	1.70	30.671907	28.019714	29.221309	0.566897
12.97	28.54	36.96	39.15	3.28	1.70	30.679345	28.024181	29.227302	0.566924
12.98	28.54	36.96	39.16	3.28	1.70	30.686779	28.028648	29.233294	0.566952
12.98	28.54	36.97	39.17	3.28	1.70	30.694212	28.033116	29.239285	0.566980
12.98	28.54	36.98	39.18	3.28	1.70	30.701641	28.037584	29.245275	0.567008
12.99	28.54	36.99	39.19	3.28	1.70	30.709068	28.042053	29.251264	0.567036
12.99	28.54	37.00	39.20	3.28	1.70	30.716492	28.046522	29.257251	0.567064
12.99	28.54	37.01	39.20	3.28	1.70	30.723914	28.050991	29.263238	0.567091
12.99	28.54	37.02	39.21	3.28	1.70	30.731333	28.055460	29.269224	0.567119
13.00	28.54	37.03	39.22	3.28	1.70	30.738749	28.059930	29.275209	0.567147
13.00	28.54	37.04	39.23	3.28	1.70	30.746162	28.064401	29.281193	0.567174
13.00	28.54	37.05	39.24	3.28	1.70	30.753573	28.068871	29.287175	0.567202
13.01	28.54	37.06	39.25	3.28	1.70	30.760981	28.073342	29.293157	0.567229
13.01	28.54	37.06	39.26	3.28	1.71	30.768386	28.077814	29.299137	0.567257
13.01	28.54	37.07	39.26	3.28	1.71	30.775789	28.082285	29.305117	0.567284
13.01	28.54	37.08	39.27	3.28	1.71	30.783189	28.086757	29.311095	0.567311
13.02	28.54	37.09	39.28	3.28	1.71	30.790586	28.091229	29.317072	0.567339
13.02	28.54	37.10	39.29	3.28	1.71	30.797980	28.095702	29.323049	0.567366
13.02	28.54	37.11	39.30	3.28	1.71	30.805372	28.100175	29.329024	0.567393
13.03	28.54	37.12	39.31	3.28	1.71	30.812761	28.104648	29.334997	0.567421
13.03	28.54	37.13	39.31	3.28	1.71	30.820147	28.109122	29.340970	0.567448
13.03	28.54	37.14	39.32	3.28	1.71	30.827530	28.113595	29.346942	0.567475
13.03	28.54	37.14	39.33	3.28	1.71	30.834910	28.118069	29.352912	0.567502
13.04	28.54	37.15	39.34	3.28	1.71	30.842288	28.122544	29.358882	0.567529
13.04	28.54	37.16	39.35	3.28	1.71	30.849663	28.127018	29.364850	0.567556
13.04	28.54	37.17	39.36	3.28	1.71	30.857035	28.131493	29.370817	0.567583
13.04	28.54	37.18	39.36	3.28	1.71	30.864404	28.135969	29.376783	0.567610
13.05	28.54	37.19	39.37	3.28	1.71	30.871771	28.140444	29.382748	0.567637
13.05	28.54	37.20	39.38	3.28	1.71	30.879134	28.144920	29.388711	0.567664
13.05	28.54	37.21	39.39	3.28	1.71	30.886495	28.149396	29.394674	0.567691
13.06	28.54	37.22	39.40	3.28	1.71	30.893853	28.153872	29.400635	0.567718
13.06	28.54	37.22	39.41	3.28	1.71	30.901208	28.158349	29.406595	0.567745
13.06	28.54	37.23	39.41	3.28	1.71	30.908560	28.162825	29.412554	0.567771
13.06	28.54	37.24	39.42	3.28	1.72	30.915909	28.167302	29.418512	0.567798
13.07	28.54	37.25	39.43	3.28	1.72	30.923255	28.171779	29.424468	0.567825
13.07	28.54	37.26	39.44	3.28	1.72	30.930599	28.176257	29.430423	0.567852
13.07	28.54	37.27	39.45	3.28	1.72	30.937939	28.180734	29.436377	0.567878
13.07	28.54	37.28	39.45	3.28	1.72	30.945277	28.185212	29.442330	0.567905
13.08	28.54	37.29	39.46	3.28	1.72	30.952612	28.189690	29.448281	0.567931
13.08	28.54	37.29	39.47	3.28	1.72	30.959943	28.194169	29.454232	0.567958
13.08	28.54	37.30	39.48	3.28	1.72	30.967272	28.198647	29.460181	0.567984
13.09	28.54	37.31	39.49	3.28	1.72	30.974598	28.203126	29.466129	0.568011
13.09	28.54	37.32	39.50	3.29	1.72	30.981921	28.207605	29.472075	0.568037
13.09	28.54	37.33	39.50	3.29	1.72	30.989241	28.212084	29.478020	0.568063
13.09	28.54	37.34	39.51	3.29	1.72	30.996558	28.216563	29.483964	0.568090
13.10	28.54	37.35	39.52	3.29	1.72	31.003872	28.221043	29.489907	0.568116
13.10	28.54	37.36	39.53	3.29	1.72	31.011183	28.225522	29.495849	0.568142
13.10	28.54	37.36	39.54	3.29	1.72	31.018492	28.230002	29.501789	0.568169
13.11	28.54	37.37	39.54	3.29	1.72	31.025797	28.234482	29.507727	0.568195
13.11	28.54	37.38	39.55	3.29	1.72	31.033099	28.238962	29.513665	0.568221
13.11	28.54	37.39	39.56	3.29	1.72	31.040398	28.243442	29.519601	0.568247
13.11	28.54	37.40	39.57	3.29	1.72	31.047694	28.247923	29.525536	0.568273
13.12	28.54	37.41	39.58	3.29	1.72	31.054987	28.252403	29.531470	0.568299
13.12	28.54	37.42	39.58	3.29	1.72	31.062277	28.256884	29.537402	0.568325
13.12	28.54	37.42	39.59	3.29	1.73	31.069564	28.261365	29.543333	0.568351
13.12	28.54	37.43	39.60	3.29	1.73	31.076848	28.265846	29.549263	0.568377
13.13	28.54	37.44	39.61	3.29	1.73	31.084129	28.270327	29.555191	0.568403
13.13	28.54	37.45	39.62	3.29	1.73	31.091407	28.274808	29.561118	0.568429
13.13	28.54	37.46	39.62	3.29	1.73	31.098682	28.279290	29.567043	0.568455
13.14	28.54	37.47	39.63	3.29	1.73	31.105954	28.283771	29.572967	0.568480
13.14	28.54	37.48	39.64	3.29	1.73	31.113222	28.288253	29.578890	0.568506
13.14	28.54	37.48	39.65	3.29	1.73	31.120488	28.292734	29.584812	0.568532
13.14	28.54	37.49	39.66	3.29	1.73	31.127751	28.297216	29.590732	0.568558
13.15	28.54	37.50	39.66	3.29	1.73	31.135010	28.301698	29.596650	0.568583
13.15	28.54	37.51	39.67	3.29	1.73	31.142266	28.306180	29.602567	0.568609
13.15	28.54	37.52	39.68	3.29	1.73	31.149519	28.310662	29.608483	0.568634
13.16	28.54	37.53	39.69	3.29	1.73	31.156769	28.315144	29.614398	0.568660
13.16	28.54	37.54	39.69	3.29	1.73	31.164016	28.319626	29.620311	0.568685
13.16	28.54	37.54	39.70	3.29	1.73	31.171260	28.324109	29.626222	0.568711
13.16	28.54	37.55	39.71	3.29	1.73	31.178500	28.328591	29.632133	0.568736
13.17	28.54	37.56	39.72	3.29	1.73	31.185738	28.333073	29.638041	0.568762
13.17	28.54	37.57	39.73	3.29	1.73	31.192972	28.337556	29.643949	0.568787
13.17	28.54	37.58	39.73	3.29	1.73	31.200203	28.342038	29.649854	0.568812
13.18	28.54	37.59	39.74	3.29	1.73	31.207431	28.346521	29.655759	0.568838
13.18	28.54	37.59	39.75	3.29	1.73	31.214656	28.351003	29.661662	0.568863
13.18	28.54	37.60	39.76	3.29	1.73	31.221877	28.355486	29.667563	0.568888
13.18	28.54	37.61	39.76	3.29	1.74	31.229096	28.359969	29.673463	0.568913
13.19	28.54	37.62	39.77	3.29	1.74	31.236311	28.364451	29.679362	0.568938
13.19	28.54	37.63	39.78	3.29	1.74	31.243523	28.368934	29.685259	0.568964
13.19	28.54	37.64	39.79	3.29	1.74	31.250731	28.373417	29.691154	0.568989
13.19	28.54	37.64	39.79	3.29	1.74	31.257937	28.377899	29.697048	0.569014
13.20	28.54	37.65	39.80	3.29	1.74	31.265139	28.382382	29.702941	0.569039
13.20	28.54	37.66	39.81	3.29	1.74	31.272338	28.386865	29.708832	0.569064
13.20	28.54	37.67	39.82	3.29	1.74	31.279534	28.391348	29.714721	0.569089
13.21	28.54	37.68	39.83	3.29	1.74	31.286726	28.395830	29.720609	0.569114
13.21	28.54	37.69	39.83	3.29	1.74	31.293915	28.400313	29.726496	0.569138
13.21	28.54	37.69	39.84	3.29	1.74	31.301101	28.404796	29.732381	0.569163
13.21	28.54	37.70	39.85	3.29	1.74	31.308284	28.409278	29.738264	0.569188
13.22	28.54	37.71	39.86	3.29	1.74	31.315463	28.413761	29.744146	0.569213
13.22	28.54	37.72	39.86	3.29	1.74	31.322639	28.418244	29.750027	0.569238
13.22	28.54	37.73	39.87	3.29	1.74	31.329811	28.422726	29.755905	0.569262
13.22	28.54	37.73	39.88	3.29	1.74	31.336981	28.427209	29.761782	0.569287
13.23	28.54	37.74	39.89	3.29	1.74	31.344147	28.431691	29.767658	0.569312
13.23	28.54	37.75	39.89	3.29	1.74	31.351310	28.436174	29.773532	0.569336
13.23	28.54	37.76	39.90	3.30	1.74	31.358469	28.440656	29.779405	0.569361
13.24	28.54	37.77	39.91	3.30	1.74	31.365625	28.445138	29.785275	0.569385
13.24	28.54	37.78	39.92	3.30	1.74	31.372778	28.449621	29.791145	0.569410
13.24	28.54	37.78	39.92	3.30	1.74	31.379927	28.454103	29.797012	0.569434
13.24	28.54	37.79	39.93	3.30	1.74	31.387073	28.458585	29.802878	0.569459
13.25	28.54	37.80	39.94	3.30	1.75	31.394215	28.463067	29.808743	0.569483
13.25	28.54	37.81	39.94	3.30	1.75	31.401355	28.467549	29.814606	0.569507
13.25	28.54	37.82	39.95	3.30	1.75	31.408490	28.472031	29.820467	0.569532
13.26	28.54	37.82	39.96	3.30	1.75	31.415623	28.476513	29.826327	0.569556
13.26	28.54	37.83	39.97	3.30	1.75	31.422752	28.480994	29.832184	0.569580
13.26	28.54	37.84	39.97	3.30	1.75	31.429877	28.485476	29.838041	0.569605
13.26	28.54	37.85	39.98	3.30	1.75	31.436999	28.489957	29.843895	0.569629
13.27	28.54	37.86	39.99	3.30	1.75	31.444118	28.494438	29.849748	0.569653
13.27	28.54	37.86	40.00	3.30	1.75	31.451233	28.498920	29.855600	0.569677
13.27	28.54	37.87	40.00	3.30	1.75	31.458345	28.503401	29.861449	0.569701
13.28	28.54	37.88	40.01	3.30	1.75	31.465454	28.507882	29.867297	0.569725
13.28	28.54	37.89	40.02	3.30	1.75	31.472559	28.512363	29.873144	0.569749
13.28	28.54	37.90	40.03	3.30	1.75	31.479660	28.516843	29.878988	0.569773
13.28	28.54	37.90	40.03	3.30	1.75	31.486758	28.521324	29.884831	0.569797
13.29	28.54	37.91	40.04	3.30	1.75	31.493853	28.525804	29.890672	0.569821
13.29	28.54	37.92	40.05	3.30	1.75	31.500944	28.530284	29.896512	0.569845
13.29	28.54	37.93	40.05	3.30	1.75	31.508031	28.534764	29.902350	0.569869
13.29	28.54	37.94	40.06	3.30	1.75	31.515115	28.539244	29.908186	0.569893
13.30	28.54	37.94	40.07	3.30	1.75	31.522196	28.543724	29.914020	0.569916
13.30	28.54	37.95	40.08	3.30	1.75	31.529273	28.548204	29.919853	0.569940
13.30	28.54	37.96	40.08	3.30	1.75	31.536346	28.552683	29.925684	0.569964
13.31	28.54	37.97	40.09	3.30	1.75	31.543416	28.557162	29.931513	0.569987
13.31	28.54	37.97	40.10	3.30	1.75	31.550483	28.561641	29.937340	0.570011
13.31	28.54	37.98	40.10	3.30	1.76	31.557545	28.566120	29.943166	0.570035
13.31	28.54	37.99	40.11	3.30	1.76	31.564605	28.570599	29.948990	0.570058
13.32	28.54	38.00	40.12	3.30	1.76	31.571660	28.575077	29.954812	0.570082
13.32	28.54	38.01	40.13	3.30	1.76	31.578713	28.579556	29.960632	0.570105
13.32	28.54	38.01	40.13	3.30	1.76	31.585761	28.584034	29.966451	0.570129
13.32	28.54	38.02	40.14	3.30	1.76	31.592806	28.588511	29.972267	0.570152
13.33	28.54	38.03	40.15	3.30	1.76	31.599848	28.592989	29.978082	0.570176
13.33	28.54	38.04	40.15	3.30	1.76	31.606885	28.597466	29.983895	0.570199
13.33	28.54	38.04	40.16	3.30	1.76	31.613920	28.601943	29.989707	0.570222
13.34	28.54	38.05	40.17	3.30	1.76	31.620950	28.606420	29.995516	0.570246
13.34	28.54	38.06	40.17	3.30	1.76	31.627977	28.610897	30.001324	0.570269
13.34	28.54	38.07	40.18	3.30	1.76	31.635001	28.615373	30.007130	0.570292
13.34	28.54	38.08	40.19	3.30	1.76	31.642020	28.619850	30.012934	0.570316
13.35	28.54	38.08	40.20	3.30	1.76	31.649036	28.624325	30.018736	0.570339
13.35	28.54	38.09	40.20	3.30	1.76	31.656049	28.628801	30.024537	0.570362
13.35	28.54	38.10	40.21	3.30	1.76	31.663058	28.633277	30.030335	0.570385
13.36	28.54	38.11	40.22	3.30	1.76	31.670063	28.637752	30.036132	0.570408
13.36	28.54	38.11	40.22	3.30	1.76	31.677064	28.642226	30.041927	0.570431
13.36	28.54	38.12	40.23	3.30	1.76	31.684062	28.646701	30.047720	0.570454
13.36	28.54	38.13	40.24	3.30	1.76	31.691056	28.651175	30.053511	0.570477
13.37	28.54	38.14	40.24	3.30	1.76	31.698046	28.655649	30.059300	0.570500
13.37	28.54	38.14	40.25	3.30	1.76	31.705033	28.660123	30.065087	0.570523
13.37	28.54	38.15	40.26	3.30	1.76	31.712016	28.664596	30.070873	0.570546
13.38	28.54	38.16	40.26	3.30	1.76	31.718995	28.669069	30.076656	0.570569
13.38	28.54	38.17	40.27	3.30	1.76	31.725971	28.673542	30.082438	0.570592
13.38	28.54	38.17	40.28	3.31	1.77	31.732943	28.678015	30.088218	0.570614
13.38	28.54	38.18	40.28	3.31	1.77	31.739911	28.682487	30.093996	0.570637
13.39	28.54	38.19	40.29	3.31	1.77	31.746875	28.686959	30.099772	0.570660
13.39	28.54	38.20	40.30	3.31	1.77	31.753835	28.691430	30.105546	0.570683
13.39	28.54	38.20	40.30	3.31	1.77	31.760792	28.695901	30.111318	0.570705
13.39	28.54	38.21	40.31	3.31	1.77	31.767745	28.700372	30.117088	0.570728
13.40	28.54	38.22	40.32	3.31	1.77	31.774695	28.704843	30.122856	0.570750
13.40	28.54	38.23	40.33	3.31	1.77	31.781640	28.709313	30.128622	0.570773
13.40	28.54	38.23	40.33	3.31	1.77	31.788582	28.713783	30.134386	0.570796
13.41	28.54	38.24	40.34	3.31	1.77	31.795520	28.718252	30.140149	0.570818
13.41	28.54	38.25	40.35	3.31	1.77	31.802454	28.722721	30.145909	0.570841
13.41	28.54	38.26	40.35	3.31	1.77	31.809384	28.727190	30.151667	0.570863
13.41	28.54	38.26	40.36	3.31	1.77	31.816310	28.731658	30.157424	0.570885
13.42	28.54	38.27	40.36	3.31	1.77	31.823233	28.736126	30.163178	0.570908
13.42	28.54	38.28	40.37	3.31	1.77	31.830152	28.740594	30.168930	0.570930
13.42	28.54	38.29	40.38	3.31	1.77	31.837067	28.745061	30.174681	0.570952
13.43	28.54	38.29	40.38	3.31	1.77	31.843978	28.749528	30.180429	0.570975
13.43	28.54	38.30	40.39	3.31	1.77	31.850885	28.753994	30.186175	0.570997
13.43	28.54	38.31	40.40	3.31	1.77	31.857789	28.758460	30.191920	0.571019
13.43	28.54	38.32	40.40	3.31	1.77	31.864688	28.762926	30.197662	0.571041
13.44	28.54	38.32	40.41	3.31	1.77	31.871584	28.767391	30.203402	0.571063
13.44	28.54	38.33	40.42	3.31	1.77	31.878475	28.771856	30.209140	0.571086
13.44	28.54	38.34	40.42	3.31	1.77	31.885363	28.776320	30.214877	0.571108
13.44	28.54	38.34	40.43	3.31	1.77	31.892247	28.780784	30.220611	0.571130
13.45	28.54	38.35	40.44	3.31	1.77	31.899127	28.785248	30.226343	0.571152
13.45	28.54	38.36	40.44	3.31	1.77	31.906004	28.789711	30.232073	0.571174
13.45	28.54	38.37	40.45	3.31	1.78	31.912876	28.794173	30.237801	0.571196
13.46	28.54	38.37	40.46	3.31	1.78	31.919744	28.798635	30.243527	0.571218
13.46	28.54	38.38	40.46	3.31	1.78	31.926608	28.803097	30.249250	0.571239
13.46	28.54	38.39	40.47	3.31	1.78	31.933469	28.807558	30.254972	0.571261
13.46	28.54	38.40	40.48	3.31	1.78	31.940325	28.812019	30.260692	0.571283
13.47	28.54	38.40	40.48	3.31	1.78	31.947178	28.816480	30.266409	0.571305
13.47	28.54	38.41	40.49	3.31	1.78	31.954027	28.820940	30.272125	0.571327
13.47	28.54	38.42	40.49	3.31	1.78	31.960871	28.825399	30.277838	0.571348
13.47	28.54	38.42	40.50	3.31	1.78	31.967712	28.829858	30.283549	0.571370
13.48	28.54	38.43	40.51	3.31	1.78	31.974548	28.834316	30.289258	0.571392
13.48	28.54	38.44	40.51	3.31	1.78	31.981381	28.838774	30.294965	0.571413
13.48	28.54	38.45	40.52	3.31	1.78	31.988210	28.843232	30.300670	0.571435
13.49	28.54	38.45	40.53	3.31	1.78	31.995034	28.847689	30.306373	0.571457
13.49	28.54	38.46	40.53	3.31	1.78	32.001855	28.852145	30.312073	0.571478
13.49	28.54	38.47	40.54	3.31	1.78	32.008672	28.856601	30.317771	0.571500
13.49	28.54	38.47	40.55	3.31	1.78	32.015484	28.861057	30.323468	0.571521
13.50	28.54	38.48	40.55	3.31	1.78	32.022293	28.865512	30.329162	0.571543
13.50	28.54	38.49	40.56	3.31	1.78	32.029097	28.869966	30.334854	0.571564
13.50	28.54	38.50	40.56	3.31	1.78	32.035898	28.874420	30.340543	0.571585
13.51	28.54	38.50	40.57	3.31	1.78	32.042694	28.878873	30.346231	0.571607
13.51	28.54	38.51	40.58	3.31	1.78	32.049486	28.883326	30.351916	0.571628
13.51	28.54	38.52	40.58	3.31	1.78	32.056275	28.887778	30.357599	0.571649
13.51	28.54	38.52	40.59	3.31	1.78	32.063059	28.892230	30.363280	0.571671
13.52	28.54	38.53	40.59	3.31	1.78	32.069839	28.896681	30.368959	0.571692
13.52	28.54	38.54	40.60	3.31	1.78	32.076615	28.901132	30.374635	0.571713
13.52	28.54	38.54	40.61	3.31	1.78	32.083387	28.905582	30.380309	0.571734
13.53	28.54	38.55	40.61	3.31	1.78	32.090155	28.910032	30.385982	0.571755
13.53	28.54	38.56	40.62	3.31	1.78	32.096918	28.914481	30.391651	0.571776
13.53	28.54	38.56	40.63	3.32	1.79	32.103678	28.918929	30.397319	0.571797
13.53	28.54	38.57	40.63	3.32	1.79	32.110433	28.923377	30.402984	0.571818
13.54	28.54	38.58	40.64	3.32	1.79	32.117185	28.927824	30.408647	0.571839
13.54	28.54	38.59	40.64	3.32	1.79	32.123932	28.932271	30.414308	0.571860
13.54	28.54	38.59	40.65	3.32	1.79	32.130675	28.936717	30.419967	0.571881
13.54	28.54	38.60	40.66	3.32	1.79	32.137414	28.941162	30.425623	0.571902
13.55	28.54	38.61	40.66	3.32	1.79	32.144148	28.945607	30.431277	0.571923
13.55	28.54	38.61	40.67	3.32	1.79	32.150879	28.950051	30.436929	0.571944
13.55	28.54	38.62	40.67	3.32	1.79	32.157605	28.954495	30.442578	0.571965
13.56	28.54	38.63	40.68	3.32	1.79	32.164327	28.958938	30.448225	0.571986
13.56	28.54	38.63	40.69	3.32	1.79	32.171045	28.963380	30.453870	0.572006
13.56	28.54	38.64	40.69	3.32	1.79	32.177759	28.967822	30.459513	0.572027
13.56	28.54	38.65	40.70	3.32	1.79	32.184469	28.972263	30.465153	0.572048
13.57	28.54	38.65	40.70	3.32	1.79	32.191174	28.976703	30.470791	0.572068
13.57	28.54	38.66	40.71	3.32	1.79	32.197875	28.981143	30.476427	0.572089
13.57	28.54	38.67	40.71	3.32	1.79	32.204572	28.985582	30.482060	0.572110
13.57	28.54	38.67	40.72	3.32	1.79	32.211265	28.990021	30.487691	0.572130
13.58	28.54	38.68	40.73	3.32	1.79	32.217953	28.994459	30.493319	0.572151
13.58	28.54	38.69	40.73	3.32	1.79	32.224637	28.998896	30.498946	0.572171
13.58	28.54	38.69	40.74	3.32	1.79	32.231317	29.003332	30.504570	0.572192
13.59	28.54	38.70	40.74	3.32	1.79	32.237993	29.007768	30.510191	0.572212
13.59	28.54	38.71	40.75	3.32	1.79	32.244664	29.012203	30.515810	0.572233
13.59	28.54	38.71	40.76	3.32	1.79	32.251331	29.016638	30.521427	0.572253
13.59	28.54	38.72	40.76	3.32	1.79	32.257994	29.021072	30.527042	0.572273
13.60	28.54	38.73	40.77	3.32	1.79	32.264653	29.025505	30.532654	0.572294
13.60	28.54	38.73	40.77	3.32	1.79	32.271307	29.029937	30.538263	0.572314
13.60	28.54	38.74	40.78	3.32	1.79	32.277957	29.034369	30.543871	0.572334
13.61	28.54	38.75	40.78	3.32	1.79	32.284603	29.038800	30.549476	0.572354
13.61	28.54	38.75	40.79	3.32	1.79	32.291244	29.043230	30.555078	0.572375
13.61	28.54	38.76	40.80	3.32	1.80	32.297881	29.047660	30.560678	0.572395
13.61	28.54	38.77	40.80	3.32	1.80	32.304514	29.052089	30.566276	0.572415
13.62	28.54	38.77	40.81	3.32	1.80	32.311142	29.056517	30.571871	0.572435
13.62	28.54	38.78	40.81	3.32	1.80	32.317766	29.060944	30.577464	0.572455
13.62	28.54	38.79	40.82	3.32	1.80	32.324386	29.065371	30.583054	0.572475
13.62	28.54	38.79	40.82	3.32	1.80	32.331001	29.069797	30.588642	0.572495
13.63	28.54	38.80	40.83	3.32	1.80	32.337612	29.074222	30.594227	0.572515
13.63	28.54	38.81	40.84	3.32	1.80	32.344218	29.078647	30.599810	0.572535
13.63	28.54	38.81	40.84	3.32	1.80	32.350820	29.083070	30.605391	0.572555
13.64	28.54	38.82	40.85	3.32	1.80	32.357418	29.087493	30.610969	0.572575
13.64	28.54	38.82	40.85	3.32	1.80	32.364011	29.091915	30.616545	0.572595
13.64	28.54	38.83	40.86	3.32	1.80	32.370600	29.096337	30.622118	0.572615
13.64	28.54	38.84	40.86	3.32	1.80	32.377185	29.100757	30.627688	0.572634
13.65	28.54	38.84	40.87	3.32	1.80	32.383765	29.105177	30.633257	0.572654
13.65	28.54	38.85	40.87	3.32	1.80	32.390341	29.109596	30.638822	0.572674
13.65	28.54	38.86	40.88	3.32	1.80	32.396912	29.114015	30.644385	0.572694
13.66	28.54	38.86	40.88	3.32	1.80	32.403479	29.118432	30.649946	0.572713
13.66	28.54	38.87	40.89	3.32	1.80	32.410041	29.122849	30.655504	0.572733
13.66	28.54	38.88	40.90	3.32	1.80	32.416599	29.127265	30.661060	0.572753
13.66	28.54	38.88	40.90	3.32	1.80	32.423153	29.131680	30.666613	0.572772
13.67	28.54	38.89	40.91	3.32	1.80	32.429702	29.136094	30.672164	0.572792
13.67	28.54	38.89	40.91	3.32	1.80	32.436246	29.140508	30.677712	0.572811
13.67	28.54	38.90	40.92	3.32	1.80	32.442786	29.144920	30.683257	0.572831
13.68	28.54	38.91	40.92	3.32	1.80	32.449322	29.149332	30.688800	0.572850
13.68	28.54	38.91	40.93	3.32	1.80	32.455853	29.153743	30.694340	0.572870
13.68	28.54	38.92	40.93	3.32	1.80	32.462380	29.158153	30.699878	0.572889
13.68	28.54	38.93	40.94	3.33	1.80	32.468902	29.162562	30.705413	0.572908
13.69	28.54	38.93	40.94	3.33	1.80	32.475419	29.166971	30.710946	0.572928
13.69	28.54	38.94	40.95	3.33	1.80	32.481932	29.171378	30.716476	0.572947
13.69	28.54	38.94	40.95	3.33	1.80	32.488441	29.175785	30.722004	0.572966
13.69	28.54	38.95	40.96	3.33	1.80	32.494945	29.180191	30.727529	0.572986
13.70	28.54	38.96	40.97	3.33	1.81	32.501444	29.184596	30.733051	0.573005
13.70	28.54	38.96	40.97	3.33	1.81	32.507939	29.189000	30.738571	0.573024
13.70	28.54	38.97	40.98	3.33	1.81	32.514429	29.193404	30.744088	0.573043
13.71	28.54	38.98	40.98	3.33	1.81	32.520915	29.197806	30.749602	0.573062
13.71	28.54	38.98	40.99	3.33	1.81	32.527397	29.202208	30.755114	0.573081
13.71	28.54	38.99	40.99	3.33	1.81	32.533873	29.206608	30.760624	0.573100
13.71	28.54	38.99	41.00	3.33	1.81	32.540345	29.211008	30.766130	0.573119
13.72	28.54	39.00	41.00	3.33	1.81	32.546813	29.215407	30.771634	0.573138
13.72	28.54	39.01	41.01	3.33	1.81	32.553276	29.219805	30.777136	0.573157
13.72	28.54	39.01	41.01	3.33	1.81	32.559734	29.224202	30.782634	0.573176
13.72	28.54	39.02	41.02	3.33	1.81	32.566187	29.228598	30.788130	0.573195
13.73	28.54	39.02	41.02	3.33	1.81	32.572637	29.232993	30.793624	0.573214
13.73	28.54	39.03	41.03	3.33	1.81	32.579081	29.237387	30.799114	0.573233
13.73	28.54	39.04	41.03	3.33	1.81	32.585521	29.241781	30.804602	0.573252
13.74	28.54	39.04	41.04	3.33	1.81	32.591956	29.246173	30.810088	0.573271
13.74	28.54	39.05	41.04	3.33	1.81	32.598386	29.250564	30.815570	0.573289
13.74	28.54	39.05	41.05	3.33	1.81	32.604812	29.254955	30.821050	0.573308
13.74	28.54	39.06	41.05	3.33	1.81	32.611234	29.259345	30.826528	0.573327
13.75	28.54	39.07	41.06	3.33	1.81	32.617650	29.263733	30.832002	0.573346
13.75	28.54	39.07	41.06	3.33	1.81	32.624062	29.268121	30.837474	0.573364
13.75	28.54	39.08	41.07	3.33	1.81	32.630469	29.272508	30.842943	0.573383
13.76	28.54	39.08	41.07	3.33	1.81	32.636872	29.276893	30.848410	0.573401
13.76	28.54	39.09	41.08	3.33	1.81	32.643269	29.281278	30.853874	0.573420
13.76	28.54	39.10	41.08	3.33	1.81	32.649663	29.285662	30.859335	0.573439
13.76	28.54	39.10	41.09	3.33	1.81	32.656051	29.290045	30.864793	0.573457
13.77	28.54	39.11	41.09	3.33	1.81	32.662435	29.294427	30.870248	0.573476
13.77	28.54	39.11	41.10	3.33	1.81	32.668814	29.298807	30.875701	0.573494
13.77	28.54	39.12	41.10	3.33	1.81	32.675188	29.303187	30.881151	0.573512
13.78	28.54	39.13	41.11	3.33	1.81	32.681558	29.307566	30.886598	0.573531
13.78	28.54	39.13	41.11	3.33	1.81	32.687922	29.311944	30.892043	0.573549
13.78	28.54	39.14	41.12	3.33	1.81	32.694282	29.316321	30.897485	0.573567
13.78	28.54	39.14	41.12	3.33	1.81	32.700638	29.320697	30.902923	0.573586
13.79	28.54	39.15	41.13	3.33	1.81	32.706988	29.325071	30.908360	0.573604
13.79	28.54	39.15	41.13	3.33	1.81	32.713334	29.329445	30.913793	0.573622
13.79	28.54	39.16	41.14	3.33	1.82	32.719675	29.333818	30.919224	0.573640
13.79	28.54	39.17	41.14	3.33	1.82	32.726011	29.338190	30.924651	0.573659
13.80	28.54	39.17	41.15	3.33	1.82	32.732343	29.342560	30.930076	0.573677
13.80	28.54	39.18	41.15	3.33	1.82	32.738669	29.346930	30.935498	0.573695
13.80	28.54	39.18	41.16	3.33	1.82	32.744991	29.351299	30.940918	0.573713
13.81	28.54	39.19	41.16	3.33	1.82	32.751308	29.355666	30.946334	0.573731
13.81	28.54	39.19	41.16	3.33	1.82	32.757620	29.360033	30.951748	0.573749
13.81	28.54	39.20	41.17	3.33	1.82	32.763928	29.364398	30.957159	0.573767
13.81	28.54	39.21	41.17	3.33	1.82	32.770230	29.368762	30.962567	0.573785
13.82	28.54	39.21	41.18	3.33	1.82	32.776528	29.373126	30.967972	0.573803
13.82	28.54	39.22	41.18	3.33	1.82	32.782821	29.377488	30.973374	0.573821
13.82	28.54	39.22	41.19	3.33	1.82	32.789109	29.381849	30.978773	0.573839
13.82	28.54	39.23	41.19	3.33	1.82	32.795392	29.386209	30.984170	0.573857
13.83	28.54	39.23	41.20	3.33	1.82	32.801671	29.390568	30.989564	0.573874
13.83	28.54	39.24	41.20	3.33	1.82	32.807944	29.394926	30.994955	0.573892
13.83	28.54	39.24	41.21	3.33	1.82	32.814213	29.399283	31.000342	0.573910
13.84	28.54	39.25	41.21	3.33	1.82	32.820477	29.403638	31.005728	0.573928
13.84	28.54	39.26	41.22	3.33	1.82	32.826736	29.407993	31.011110	0.573945
13.84	28.54	39.26	41.22	3.34	1.82	32.832989	29.412346	31.016489	0.573963
13.84	28.54	39.27	41.22	3.34	1.82	32.839239	29.416698	31.021865	0.573981
13.85	28.54	39.27	41.23	3.34	1.82	32.845483	29.421050	31.027239	0.573998
13.85	28.54	39.28	41.23	3.34	1.82	32.851722	29.425400	31.032609	0.574016
13.85	28.54	39.28	41.24	3.34	1.82	32.857956	29.429749	31.037977	0.574033
13.86	28.54	39.29	41.24	3.34	1.82	32.864186	29.434096	31.043341	0.574051
13.86	28.54	39.29	41.25	3.34	1.82	32.870410	29.438443	31.048703	0.574068
13.86	28.54	39.30	41.25	3.34	1.82	32.876630	29.442788	31.054062	0.574086
13.86	28.54	39.31	41.26	3.34	1.82	32.882844	29.447133	31.059418	0.574103
13.87	28.54	39.31	41.26	3.34	1.82	32.889054	29.451476	31.064771	0.574121
13.87	28.54	39.32	41.26	3.34	1.82	32.895259	29.455818	31.070121	0.574138
13.87	28.54	39.32	41.27	3.34	1.82	32.901458	29.460159	31.075468	0.574155
13.88	28.54	39.33	41.27	3.34	1.82	32.907653	29.464499	31.080811	0.574173
13.88	28.54	39.33	41.28	3.34	1.82	32.913843	29.468837	31.086153	0.574190
13.88	28.54	39.34	41.28	3.34	1.82	32.920028	29.473174	31.091491	0.574207
13.88	28.54	39.34	41.29	3.34	1.82	32.926207	29.477510	31.096826	0.574224
13.89	28.54	39.35	41.29	3.34	1.82	32.932382	29.481845	31.102158	0.574242
13.89	28.54	39.35	41.30	3.34	1.82	32.938552	29.486179	31.107487	0.574259
13.89	28.54	39.36	41.30	3.34	1.83	32.944717	29.490512	31.112813	0.574276
13.89	28.54	39.36	41.30	3.34	1.83	32.950876	29.494843	31.118136	0.574293
13.90	28.54	39.37	41.31	3.34	1.83	32.957031	29.499173	31.123456	0.574310
13.90	28.54	39.37	41.31	3.34	1.83	32.963181	29.503502	31.128773	0.574327
13.90	28.54	39.38	41.32	3.34	1.83	32.969326	29.507830	31.134087	0.574344
13.91	28.54	39.38	41.32	3.34	1.83	32.975465	29.512156	31.139398	0.574361
13.91	28.54	39.39	41.32	3.34	1.83	32.981600	29.516481	31.144706	0.574378
13.91	28.54	39.40	41.33	3.34	1.83	32.987729	29.520805	31.150011	0.574395
13.91	28.54	39.40	41.33	3.34	1.83	32.993854	29.525128	31.155312	0.574412
13.92	28.54	39.41	41.34	3.34	1.83	32.999973	29.529450	31.160611	0.574429
13.92	28.54	39.41	41.34	3.34	1.83	33.006087	29.533770	31.165907	0.574446
13.92	28.54	39.42	41.35	3.34	1.83	33.012197	29.538089	31.171199	0.574463
13.93	28.54	39.42	41.35	3.34	1.83	33.018301	29.542407	31.176489	0.574479
13.93	28.54	39.43	41.35	3.34	1.83	33.024400	29.546723	31.181775	0.574496
13.93	28.54	39.43	41.36	3.34	1.83	33.030494	29.551039	31.187059	0.574513
13.93	28.54	39.44	41.36	3.34	1.83	33.036582	29.555352	31.192339	0.574530
13.94	28.54	39.44	41.37	3.34	1.83	33.042666	29.559665	31.197616	0.574546
13.94	28.54	39.45	41.37	3.34	1.83	33.048745	29.563977	31.202891	0.574563
13.94	28.54	39.45	41.37	3.34	1.83	33.054818	29.568287	31.208162	0.574579
13.94	28.54	39.46	41.38	3.34	1.83	33.060887	29.572595	31.213429	0.574596
13.95	28.54	39.46	41.38	3.34	1.83	33.066950	29.576903	31.218694	0.574613
13.95	28.54	39.47	41.39	3.34	1.83	33.073008	29.581209	31.223956	0.574629
13.95	28.54	39.47	41.39	3.34	1.83	33.079061	29.585514	31.229214	0.574646
13.96	28.54	39.48	41.39	3.34	1.83	33.085108	29.589818	31.234470	0.574662
13.96	28.54	39.48	41.40	3.34	1.83	33.091151	29.594120	31.239722	0.574679
13.96	28.54	39.49	41.40	3.34	1.83	33.097188	29.598421	31.244971	0.574695
13.96	28.54	39.49	41.41	3.34	1.83	33.103220	29.602721	31.250217	0.574711
13.97	28.54	39.50	41.41	3.34	1.83	33.109247	29.607019	31.255460	0.574728
13.97	28.54	39.50	41.41	3.34	1.83	33.115269	29.611316	31.260700	0.574744
13.97	28.54	39.51	41.42	3.34	1.83	33.121286	29.615612	31.265936	0.574760
13.97	28.54	39.51	41.42	3.34	1.83	33.127297	29.619906	31.271169	0.574777
13.98	28.54	39.52	41.43	3.34	1.83	33.133303	29.624199	31.276399	0.574793
13.98	28.54	39.52	41.43	3.34	1.83	33.139304	29.628491	31.281626	0.574809
13.98	28.54	39.53	41.43	3.34	1.83	33.145300	29.632781	31.286850	0.574825
13.99	28.54	39.53	41.44	3.34	1.83	33.151291	29.637070	31.292071	0.574841
13.99	28.54	39.54	41.44	3.34	1.83	33.157276	29.641357	31.297288	0.574857
13.99	28.54	39.54	41.44	3.34	1.83	33.163256	29.645643	31.302502	0.574874
13.99	28.54	39.55	41.45	3.34	1.83	33.169231	29.649928	31.307713	0.574890
14.00	28.54	39.55	41.45	3.34	1.83	33.175200	29.654212	31.312921	0.574906
14.00	28.54	39.56	41.46	3.34	1.83	33.181165	29.658494	31.318125	0.574922
14.00	28.54	39.56	41.46	3.35	1.84	33.187124	29.662774	31.323326	0.574938
14.01	28.54	39.56	41.46	3.35	1.84	33.193077	29.667053	31.328524	0.574954
14.01	28.54	39.57	41.47	3.35	1.84	33.199026	29.671331	31.333719	0.574969
14.01	28.54	39.57	41.47	3.35	1.84	33.204969	29.675608	31.338911	0.574985
14.01	28.54	39.58	41.47	3.35	1.84	33.210907	29.679883	31.344099	0.575001
14.02	28.54	39.58	41.48	3.35	1.84	33.216839	29.684156	31.349284	0.575017
14.02	28.54	39.59	41.48	3.35	1.84	33.222767	29.688428	31.354466	0.575033
14.02	28.54	39.59	41.48	3.35	1.84	33.228689	29.692699	31.359644	0.575049
14.03	28.54	39.60	41.49	3.35	1.84	33.234605	29.696969	31.364819	0.575064
14.03	28.54	39.60	41.49	3.35	1.84	33.240516	29.701236	31.369991	0.575080
14.03	28.54	39.61	41.50	3.35	1.84	33.246422	29.705503	31.375160	0.575096
14.03	28.54	39.61	41.50	3.35	1.84	33.252323	29.709768	31.380325	0.575111
14.04	28.54	39.62	41.50	3.35	1.84	33.258218	29.714032	31.385487	0.575127
14.04	28.54	39.62	41.51	3.35	1.84	33.264108	29.718294	31.390646	0.575143
14.04	28.54	39.63	41.51	3.35	1.84	33.269993	29.722554	31.395801	0.575158
14.04	28.54	39.63	41.51	3.35	1.84	33.275872	29.726813	31.400953	0.575174
14.05	28.54	39.63	41.52	3.35	1.84	33.281746	29.731071	31.406102	0.575189
14.05	28.54	39.64	41.52	3.35	1.84	33.287614	29.735327	31.411248	0.575205
14.05	28.54	39.64	41.52	3.35	1.84	33.293477	29.739582	31.416390	0.575220
14.06	28.54	39.65	41.53	3.35	1.84	33.299335	29.743836	31.421528	0.575236
14.06	28.54	39.65	41.53	3.35	1.84	33.305187	29.748087	31.426664	0.575251
14.06	28.54	39.66	41.53	3.35	1.84	33.311034	29.752338	31.431796	0.575266
14.06	28.54	39.66	41.54	3.35	1.84	33.316875	29.756587	31.436925	0.575282
14.07	28.54	39.67	41.54	3.35	1.84	33.322712	29.760834	31.442050	0.575297
14.07	28.54	39.67	41.54	3.35	1.84	33.328542	29.765080	31.447172	0.575312
14.07	28.54	39.68	41.55	3.35	1.84	33.334367	29.769324	31.452291	0.575328
14.07	28.54	39.68	41.55	3.35	1.84	33.340187	29.773567	31.457406	0.575343
14.08	28.54	39.68	41.55	3.35	1.84	33.346001	29.777808	31.462518	0.575358
14.08	28.54	39.69	41.56	3.35	1.84	33.351810	29.782048	31.467626	0.575373
14.08	28.54	39.69	41.56	3.35	1.84	33.357614	29.786286	31.472732	0.575388
14.09	28.54	39.70	41.56	3.35	1.84	33.363412	29.790523	31.477833	0.575403
14.09	28.54	39.70	41.57	3.35	1.84	33.369204	29.794758	31.482932	0.575419
14.09	28.54	39.71	41.57	3.35	1.84	33.374991	29.798992	31.488027	0.575434
14.09	28.54	39.71	41.57	3.35	1.84	33.380773	29.803224	31.493118	0.575449
14.10	28.54	39.71	41.58	3.35	1.84	33.386549	29.807455	31.498206	0.575464
14.10	28.54	39.72	41.58	3.35	1.84	33.392320	29.811684	31.503291	0.575479
14.10	28.54	39.72	41.58	3.35	1.84	33.398085	29.815911	31.508372	0.575493
14.11	28.54	39.73	41.59	3.35	1.84	33.403844	29.820137	31.513450	0.575508
14.11	28.54	39.73	41.59	3.35	1.84	33.409598	29.824361	31.518524	0.575523
14.11	28.54	39.74	41.59	3.35	1.84	33.415347	29.828584	31.523595	0.575538
14.11	28.54	39.74	41.60	3.35	1.84	33.421090	29.832805	31.528662	0.575553
14.12	28.54	39.74	41.60	3.35	1.84	33.426827	29.837025	31.533726	0.575568
14.12	28.54	39.75	41.60	3.35	1.84	33.432559	29.841243	31.538787	0.575583
14.12	28.54	39.75	41.61	3.35	1.84	33.438286	29.845459	31.543844	0.575597
14.12	28.54	39.76	41.61	3.35	1.84	33.444007	29.849674	31.548898	0.575612
14.13	28.54	39.76	41.61	3.35	1.85	33.449722	29.853887	31.553948	0.575627
14.13	28.54	39.77	41.61	3.35	1.85	33.455432	29.858099	31.558994	0.575641
14.13	28.54	39.77	41.62	3.35	1.85	33.461136	29.862309	31.564037	0.575656
14.14	28.54	39.77	41.62	3.35	1.85	33.466835	29.866517	31.569077	0.575671
14.14	28.54	39.78	41.62	3.35	1.85	33.472528	29.870724	31.574113	0.575685
14.14	28.54	39.78	41.63	3.35	1.85	33.478215	29.874929	31.579146	0.575700
14.14	28.54	39.79	41.63	3.35	1.85	33.483897	29.879132	31.584175	0.575714
14.15	28.54	39.79	41.63	3.35	1.85	33.489574	29.883334	31.589200	0.575729
14.15	28.54	39.79	41.64	3.35	1.85	33.495244	29.887534	31.594222	0.575743
14.15	28.54	39.80	41.64	3.35	1.85	33.500909	29.891733	31.599241	0.575757
14.16	28.54	39.80	41.64	3.35	1.85	33.506569	29.895930	31.604256	0.575772
14.16	28.54	39.81	41.64	3.35	1.85	33.512223	29.900125	31.609267	0.575786
14.16	28.54	39.81	41.65	3.35	1.85	33.517871	29.904319	31.614275	0.575801
14.16	28.54	39.81	41.65	3.35	1.85	33.523514	29.908511	31.619280	0.575815
14.17	28.54	39.82	41.65	3.35	1.85	33.529151	29.912701	31.624280	0.575829
14.17	28.54	39.82	41.66	3.36	1.85	33.534782	29.916890	31.629278	0.575843
14.17	28.54	39.83	41.66	3.36	1.85	33.540408	29.921077	31.634271	0.575858
14.18	28.54	39.83	41.66	3.36	1.85	33.546028	29.925262	31.639261	0.575872
14.18	28.54	39.83	41.66	3.36	1.85	33.551642	29.929445	31.644248	0.575886
14.18	28.54	39.84	41.67	3.36	1.85	33.557251	29.933627	31.649231	0.575900
14.18	28.54	39.84	41.67	3.36	1.85	33.562854	29.937807	31.654210	0.575914
14.19	28.54	39.85	41.67	3.36	1.85	33.568452	29.941986	31.659186	0.575928
14.19	28.54	39.85	41.68	3.36	1.85	33.574043	29.946163	31.664158	0.575942
14.19	28.54	39.85	41.68	3.36	1.85	33.579629	29.950338	31.669127	0.575956
14.19	28.54	39.86	41.68	3.36	1.85	33.585210	29.954511	31.674092	0.575970
14.20	28.54	39.86	41.68	3.36	1.85	33.590784	29.958683	31.679053	0.575984
14.20	28.54	39.87	41.69	3.36	1.85	33.596353	29.962853	31.684011	0.575998
14.20	28.54	39.87	41.69	3.36	1.85	33.601916	29.967021	31.688965	0.576012
14.21	28.54	39.87	41.69	3.36	1.85	33.607474	29.971188	31.693915	0.576026
14.21	28.54	39.88	41.69	3.36	1.85	33.613025	29.975352	31.698862	0.576040
14.21	28.54	39.88	41.70	3.36	1.85	33.618571	29.979515	31.703805	0.576054
14.21	28.54	39.88	41.70	3.36	1.85	33.624112	29.983677	31.708745	0.576068
14.22	28.54	39.89	41.70	3.36	1.85	33.629646	29.987836	31.713681	0.576081
14.22	28.54	39.89	41.70	3.36	1.85	33.635175	29.991994	31.718613	0.576095
14.22	28.54	39.90	41.71	3.36	1.85	33.640698	29.996150	31.723541	0.576109
14.22	28.54	39.90	41.71	3.36	1.85	33.646215	30.000304	31.728466	0.576122
14.23	28.54	39.90	41.71	3.36	1.85	33.651727	30.004456	31.733387	0.576136
14.23	28.54	39.91	41.71	3.36	1.85	33.657232	30.008607	31.738305	0.576150
14.23	28.54	39.91	41.72	3.36	1.85	33.662732	30.012756	31.743219	0.576163
14.24	28.54	39.91	41.72	3.36	1.85	33.668227	30.016903	31.748129	0.576177
14.24	28.54	39.92	41.72	3.36	1.85	33.673715	30.021049	31.753035	0.576190
14.24	28.54	39.92	41.72	3.36	1.85	33.679197	30.025192	31.757938	0.576204
14.24	28.54	39.92	41.73	3.36	1.85	33.684674	30.029334	31.762837	0.576217
14.25	28.54	39.93	41.73	3.36	1.85	33.690145	30.033474	31.767732	0.576231
14.25	28.54	39.93	41.73	3.36	1.85	33.695610	30.037612	31.772624	0.576244
14.25	28.54	39.94	41.73	3.36	1.85	33.701070	30.041748	31.777512	0.576258
14.26	28.54	39.94	41.74	3.36	1.85	33.706523	30.045883	31.782396	0.576271
14.26	28.54	39.94	41.74	3.36	1.85	33.711971	30.050016	31.787277	0.576284
14.26	28.54	39.95	41.74	3.36	1.85	33.717413	30.054146	31.792153	0.576298
14.26	28.54	39.95	41.74	3.36	1.85	33.722849	30.058276	31.797026	0.576311
14.27	28.54	39.95	41.75	3.36	1.85	33.728279	30.062403	31.801895	0.576324
14.27	28.54	39.96	41.75	3.36	1.86	33.733703	30.066528	31.806761	0.576338
14.27	28.54	39.96	41.75	3.36	1.86	33.739121	30.070652	31.811622	0.576351
14.28	28.54	39.96	41.75	3.36	1.86	33.744534	30.074773	31.816480	0.576364
14.28	28.54	39.97	41.76	3.36	1.86	33.749940	30.078893	31.821335	0.576377
14.28	28.54	39.97	41.76	3.36	1.86	33.755341	30.083011	31.826185	0.576390
14.28	28.54	39.97	41.76	3.36	1.86	33.760736	30.087127	31.831031	0.576403
14.29	28.54	39.98	41.76	3.36	1.86	33.766125	30.091242	31.835874	0.576416
14.29	28.54	39.98	41.76	3.36	1.86	33.771508	30.095354	31.840713	0.576429
14.29	28.54	39.98	41.77	3.36	1.86	33.776885	30.099465	31.845548	0.576442
14.29	28.54	39.99	41.77	3.36	1.86	33.782257	30.103573	31.850380	0.576455
14.30	28.54	39.99	41.77	3.36	1.86	33.787622	30.107680	31.855207	0.576468
14.30	28.54	39.99	41.77	3.36	1.86	33.792982	30.111785	31.860031	0.576481
14.30	28.54	40.00	41.78	3.36	1.86	33.798335	30.115888	31.864851	0.576494
14.31	28.54	40.00	41.78	3.36	1.86	33.803683	30.119989	31.869667	0.576507
14.31	28.54	40.00	41.78	3.36	1.86	33.809024	30.124088	31.874480	0.576520
14.31	28.54	40.01	41.78	3.36	1.86	33.814360	30.128186	31.879288	0.576533
14.31	28.54	40.01	41.78	3.36	1.86	33.819690	30.132281	31.884093	0.576545
14.32	28.54	40.01	41.79	3.36	1.86	33.825014	30.136374	31.888894	0.576558
14.32	28.54	40.02	41.79	3.36	1.86	33.830332	30.140466	31.893691	0.576571
14.32	28.54	40.02	41.79	3.36	1.86	33.835643	30.144556	31.898484	0.576583
14.32	28.54	40.02	41.79	3.36	1.86	33.840949	30.148643	31.903273	0.576596
14.33	28.54	40.03	41.79	3.36	1.86	33.846249	30.152729	31.908058	0.576609
14.33	28.54	40.03	41.80	3.36	1.86	33.851543	30.156813	31.912840	0.576621
14.33	28.54	40.03	41.80	3.36	1.86	33.856831	30.160895	31.917618	0.576634
14.34	28.54	40.04	41.80	3.36	1.86	33.862113	30.164975	31.922391	0.576646
14.34	28.54	40.04	41.80	3.36	1.86	33.867389	30.169053	31.927161	0.576659
14.34	28.54	40.04	41.80	3.36	1.86	33.872659	30.173129	31.931927	0.576671
14.34	28.54	40.05	41.81	3.37	1.86	33.877923	30.177203	31.936689	0.576684
14.35	28.54	40.05	41.81	3.37	1.86	33.883181	30.181275	31.941447	0.576696
14.35	28.54	40.05	41.81	3.37	1.86	33.888433	30.185345	31.946202	0.576709
14.35	28.54	40.06	41.81	3.37	1.86	33.893679	30.189413	31.950952	0.576721
14.36	28.54	40.06	41.81	3.37	1.86	33.898919	30.193480	31.955698	0.576734
14.36	28.54	40.06	41.82	3.37	1.86	33.904153	30.197544	31.960441	0.576746
14.36	28.54	40.06	41.82	3.37	1.86	33.909380	30.201606	31.965180	0.576758
14.36	28.54	40.07	41.82	3.37	1.86	33.914602	30.205666	31.969914	0.576770
14.37	28.54	40.07	41.82	3.37	1.86	33.919818	30.209724	31.974645	0.576783
14.37	28.54	40.07	41.82	3.37	1.86	33.925027	30.213781	31.979372	0.576795
14.37	28.54	40.08	41.82	3.37	1.86	33.930231	30.217835	31.984095	0.576807
14.38	28.54	40.08	41.83	3.37	1.86	33.935428	30.221887	31.988814	0.576819
14.38	28.54	40.08	41.83	3.37	1.86	33.940620	30.225937	31.993528	0.576831
14.38	28.54	40.09	41.83	3.37	1.86	33.945805	30.229986	31.998239	0.576843
14.38	28.54	40.09	41.83	3.37	1.86	33.950984	30.234032	32.002946	0.576855
14.39	28.54	40.09	41.83	3.37	1.86	33.956157	30.238076	32.007649	0.576868
14.39	28.54	40.09	41.83	3.37	1.86	33.961324	30.242118	32.012348	0.576880
14.39	28.54	40.10	41.84	3.37	1.86	33.966485	30.246158	32.017044	0.576892
14.39	28.54	40.10	41.84	3.37	1.86	33.971640	30.250196	32.021735	0.576903
14.40	28.54	40.10	41.84	3.37	1.86	33.976789	30.254232	32.026422	0.576915
14.40	28.54	40.11	41.84	3.37	1.86	33.981931	30.258266	32.031105	0.576927
14.40	28.54	40.11	41.84	3.37	1.86	33.987068	30.262298	32.035784	0.576939
14.41	28.54	40.11	41.84	3.37	1.86	33.992198	30.266328	32.040459	0.576951
14.41	28.54	40.11	41.85	3.37	1.86	33.997322	30.270356	32.045130	0.576963
14.41	28.54	40.12	41.85	3.37	1.86	34.002440	30.274381	32.049797	0.576975
14.41	28.54	40.12	41.85	3.37	1.86	34.007552	30.278405	32.054460	0.576986
14.42	28.54	40.12	41.85	3.37	1.86	34.012657	30.282427	32.059119	0.576998
14.42	28.54	40.13	41.85	3.37	1.86	34.017757	30.286446	32.063774	0.577010
14.42	28.54	40.13	41.85	3.37	1.86	34.022850	30.290463	32.068425	0.577021
14.43	28.54	40.13	41.85	3.37	1.86	34.027937	30.294479	32.073072	0.577033
14.43	28.54	40.13	41.86	3.37	1.86	34.033018	30.298492	32.077715	0.577045
14.43	28.54	40.14	41.86	3.37	1.86	34.038093	30.302503	32.082353	0.577056
14.43	28.54	40.14	41.86	3.37	1.86	34.043162	30.306512	32.086988	0.577068
14.44	28.54	40.14	41.86	3.37	1.86	34.048224	30.310519	32.091619	0.577079
14.44	28.54	40.14	41.86	3.37	1.86	34.053280	30.314524	32.096245	0.577091
14.44	28.54	40.15	41.86	3.37	1.86	34.058330	30.318526	32.100868	0.577102
14.44	28.54	40.15	41.86	3.37	1.87	34.063374	30.322527	32.105486	0.577114
14.45	28.54	40.15	41.87	3.37	1.87	34.068412	30.326525	32.110100	0.577125
14.45	28.54	40.16	41.87	3.37	1.87	34.073443	30.330522	32.114711	0.577137
14.45	28.54	40.16	41.87	3.37	1.87	34.078468	30.334516	32.119317	0.577148
14.46	28.54	40.16	41.87	3.37	1.87	34.083487	30.338508	32.123919	0.577159
14.46	28.54	40.16	41.87	3.37	1.87	34.088500	30.342498	32.128517	0.577171
14.46	28.54	40.17	41.87	3.37	1.87	34.093506	30.346485	32.133111	0.577182
14.46	28.54	40.17	41.87	3.37	1.87	34.098506	30.350471	32.137700	0.577193
14.47	28.54	40.17	41.88	3.37	1.87	34.103500	30.354454	32.142286	0.577204
14.47	28.54	40.17	41.88	3.37	1.87	34.108488	30.358436	32.146867	0.577216
14.47	28.54	40.18	41.88	3.37	1.87	34.113469	30.362415	32.151445	0.577227
14.47	28.54	40.18	41.88	3.37	1.87	34.118444	30.366392	32.156018	0.577238
14.48	28.54	40.18	41.88	3.37	1.87	34.123413	30.370367	32.160587	0.577249
14.48	28.54	40.18	41.88	3.37	1.87	34.128376	30.374339	32.165152	0.577260
14.48	28.54	40.19	41.88	3.37	1.87	34.133332	30.378309	32.169713	0.577271
14.49	28.54	40.19	41.88	3.37	1.87	34.138282	30.382278	32.174269	0.577282
14.49	28.54	40.19	41.89	3.37	1.87	34.143226	30.386244	32.178822	0.577293
14.49	28.54	40.19	41.89	3.37	1.87	34.148163	30.390208	32.183370	0.577304
14.49	28.54	40.20	41.89	3.37	1.87	34.153094	30.394169	32.187914	0.577315
14.50	28.54	40.20	41.89	3.37	1.87	34.158019	30.398129	32.192454	0.577326
14.50	28.54	40.20	41.89	3.37	1.87	34.162937	30.402086	32.196990	0.577337
14.50	28.54	40.20	41.89	3.37	1.87	34.167849	30.406041	32.201521	0.577348
14.51	28.54	40.20	41.89	3.37	1.87	34.172755	30.409994	32.206049	0.577359
14.51	28.54	40.21	41.89	3.37	1.87	34.177654	30.413944	32.210572	0.577369
14.51	28.54	40.21	41.89	3.37	1.87	34.182547	30.417892	32.215091	0.577380
14.51	28.54	40.21	41.89	3.37	1.87	34.187434	30.421838	32.219606	0.577391
14.52	28.54	40.21	41.90	3.37	1.87	34.192314	30.425782	32.224116	0.577402
14.52	28.54	40.22	41.90	3.37	1.87	34.197189	30.429724	32.228623	0.577412
14.52	28.54	40.22	41.90	3.37	1.87	34.202056	30.433663	32.233125	0.577423
14.53	28.54	40.22	41.90	3.37	1.87	34.206917	30.437600	32.237623	0.577434
14.53	28.54	40.22	41.90	3.37	1.87	34.211772	30.441535	32.242116	0.577444
14.53	28.54	40.23	41.90	3.38	1.87	34.216621	30.445468	32.246606	0.577455
14.53	28.54	40.23	41.90	3.38	1.87	34.221463	30.449398	32.251091	0.577465
14.54	28.54	40.23	41.90	3.38	1.87	34.226299	30.453326	32.255572	0.577476
14.54	28.54	40.23	41.90	3.38	1.87	34.231128	30.457252	32.260049	0.577486
14.54	28.54	40.23	41.90	3.38	1.87	34.235951	30.461176	32.264521	0.577497
14.54	28.54	40.24	41.90	3.38	1.87	34.240768	30.465097	32.268989	0.577507
14.55	28.54	40.24	41.91	3.38	1.87	34.245578	30.469016	32.273453	0.577518
14.55	28.54	40.24	41.91	3.38	1.87	34.250381	30.472933	32.277913	0.577528
14.55	28.54	40.24	41.91	3.38	1.87	34.255179	30.476847	32.282368	0.577538
14.56	28.54	40.24	41.91	3.38	1.87	34.259970	30.480759	32.286819	0.577549
14.56	28.54	40.25	41.91	3.38	1.87	34.264754	30.484669	32.291266	0.577559
14.56	28.54	40.25	41.91	3.38	1.87	34.269532	30.488576	32.295709	0.577569
14.56	28.54	40.25	41.91	3.38	1.87	34.274304	30.492482	32.300147	0.577579
14.57	28.54	40.25	41.91	3.38	1.87	34.279069	30.496384	32.304581	0.577590
14.57	28.54	40.25	41.91	3.38	1.87	34.283827	30.500285	32.309011	0.577600
14.57	28.54	40.26	41.91	3.38	1.87	34.288580	30.504183	32.313436	0.577610
14.57	28.54	40.26	41.91	3.38	1.87	34.293325	30.508079	32.317857	0.577620
14.58	28.54	40.26	41.91	3.38	1.87	34.298065	30.511973	32.322274	0.577630
14.58	28.54	40.26	41.91	3.38	1.87	34.302797	30.515864	32.326686	0.577640
14.58	28.54	40.26	41.92	3.38	1.87	34.307524	30.519753	32.331094	0.577650
14.59	28.54	40.27	41.92	3.38	1.87	34.312244	30.523639	32.335498	0.577660
14.59	28.54	40.27	41.92	3.38	1.87	34.316957	30.527523	32.339897	0.577670
14.59	28.54	40.27	41.92	3.38	1.87	34.321664	30.531405	32.344292	0.577680
14.59	28.54	40.27	41.92	3.38	1.87	34.326364	30.535285	32.348683	0.577690
14.60	28.54	40.27	41.92	3.38	1.87	34.331058	30.539162	32.353069	0.577700
14.60	28.54	40.28	41.92	3.38	1.87	34.335745	30.543037	32.357451	0.577710
14.60	28.54	40.28	41.92	3.38	1.87	34.340426	30.546909	32.361829	0.577720
14.61	28.54	40.28	41.92	3.38	1.87	34.345101	30.550779	32.366202	0.577730
14.61	28.54	40.28	41.92	3.38	1.87	34.349768	30.554647	32.370571	0.577739
14.61	28.54	40.28	41.92	3.38	1.87	34.354430	30.558512	32.374936	0.577749
14.61	28.54	40.28	41.92	3.38	1.87	34.359084	30.562375	32.379296	0.577759
14.62	28.54	40.29	41.92	3.38	1.87	34.363732	30.566235	32.383652	0.577769
14.62	28.54	40.29	41.92	3.38	1.87	34.368374	30.570093	32.388003	0.577778
14.62	28.54	40.29	41.92	3.38	1.87	34.373009	30.573949	32.392350	0.577788
14.62	28.54	40.29	41.92	3.38	1.87	34.377638	30.577802	32.396693	0.577797
14.63	28.54	40.29	41.92	3.38	1.87	34.382260	30.581653	32.401031	0.577807
14.63	28.54	40.30	41.92	3.38	1.87	34.386875	30.585502	32.405365	0.577817
14.63	28.54	40.30	41.92	3.38	1.87	34.391484	30.589348	32.409694	0.577826
14.64	28.54	40.30	41.92	3.38	1.87	34.396086	30.593191	32.414019	0.577836
14.64	28.54	40.30	41.92	3.38	1.87	34.400682	30.597032	32.418339	0.577845
14.64	28.54	40.30	41.93	3.38	1.87	34.405271	30.600871	32.422655	0.577855
14.64	28.54	40.30	41.93	3.38	1.87	34.409854	30.604707	32.426967	0.577864
14.65	28.54	40.31	41.93	3.38	1.87	34.414429	30.608541	32.431274	0.577873
14.65	28.54	40.31	41.93	3.38	1.87	34.418999	30.612373	32.435577	0.577883
14.65	28.54	40.31	41.93	3.38	1.87	34.423562	30.616202	32.439875	0.577892
14.66	28.54	40.31	41.93	3.38	1.87	34.428118	30.620028	32.444169	0.577901
14.66	28.54	40.31	41.93	3.38	1.87	34.432667	30.623852	32.448459	0.577911
14.66	28.54	40.31	41.93	3.38	1.87	34.437210	30.627674	32.452744	0.577920
14.66	28.54	40.31	41.93	3.38	1.87	34.441746	30.631493	32.457024	0.577929
14.67	28.54	40.32	41.93	3.38	1.87	34.446276	30.635310	32.461300	0.577938
14.67	28.54	40.32	41.93	3.38	1.87	34.450799	30.639124	32.465572	0.577947
14.67	28.54	40.32	41.93	3.38	1.87	34.455315	30.642936	32.469839	0.577957
14.68	28.54	40.32	41.93	3.38	1.87	34.459825	30.646745	32.474101	0.577966
14.68	28.54	40.32	41.93	3.38	1.87	34.464328	30.650552	32.478360	0.577975
14.68	28.54	40.32	41.93	3.38	1.88	34.468824	30.654356	32.482613	0.577984
14.68	28.54	40.33	41.93	3.38	1.88	34.473314	30.658158	32.486862	0.577993
14.69	28.54	40.33	41.93	3.38	1.88	34.477797	30.661957	32.491107	0.578002
14.69	28.54	40.33	41.93	3.38	1.88	34.482273	30.665754	32.495347	0.578011
14.69	28.54	40.33	41.93	3.38	1.88	34.486743	30.669548	32.499583	0.578020
14.69	28.54	40.33	41.93	3.38	1.88	34.491206	30.673340	32.503814	0.578029
14.70	28.54	40.33	41.93	3.38	1.88	34.495663	30.677129	32.508040	0.578038
14.70	28.54	40.33	41.93	3.38	1.88	34.500112	30.680916	32.512262	0.578046
14.70	28.54	40.34	41.93	3.38	1.88	34.504555	30.684700	32.516480	0.578055
14.71	28.54	40.34	41.93	3.38	1.88	34.508991	30.688481	32.520693	0.578064
14.71	28.54	40.34	41.93	3.38	1.88	34.513421	30.692260	32.524901	0.578073
14.71	28.54	40.34	41.93	3.38	1.88	34.517844	30.696037	32.529105	0.578082
14.71	28.54	40.34	41.93	3.38	1.88	34.522260	30.699811	32.533304	0.578090
14.72	28.54	40.34	41.93	3.38	1.88	34.526670	30.703583	32.537499	0.578099
14.72	28.54	40.34	41.93	3.38	1.88	34.531072	30.707352	32.541689	0.578108
14.72	28.54	40.34	41.93	3.38	1.88	34.535468	30.711118	32.545875	0.578116
14.72	28.54	40.35	41.93	3.38	1.88	34.539857	30.714882	32.550056	0.578125
14.73	28.54	40.35	41.93	3.39	1.88	34.544240	30.718643	32.554232	0.578133
14.73	28.54	40.35	41.93	3.39	1.88	34.548616	30.722402	32.558404	0.578142
14.73	28.54	40.35	41.93	3.39	1.88	34.552985	30.726158	32.562572	0.578151
14.74	28.54	40.35	41.93	3.39	1.88	34.557347	30.729911	32.566734	0.578159
14.74	28.54	40.35	41.93	3.39	1.88	34.561703	30.733662	32.570893	0.578167
14.74	28.54	40.35	41.93	3.39	1.88	34.566051	30.737411	32.575046	0.578176
14.74	28.54	40.35	41.93	3.39	1.88	34.570393	30.741157	32.579195	0.578184
14.75	28.54	40.35	41.93	3.39	1.88	34.574729	30.744900	32.583340	0.578193
14.75	28.54	40.36	41.93	3.39	1.88	34.579057	30.748641	32.587479	0.578201
14.75	28.54	40.36	41.93	3.39	1.88	34.583379	30.752379	32.591614	0.578209
14.76	28.54	40.36	41.93	3.39	1.88	34.587693	30.756114	32.595745	0.578218
14.76	28.54	40.36	41.93	3.39	1.88	34.592002	30.759847	32.599871	0.578226
14.76	28.54	40.36	41.92	3.39	1.88	34.596303	30.763577	32.603992	0.578234
14.76	28.54	40.36	41.92	3.39	1.88	34.600597	30.767305	32.608109	0.578242
14.77	28.54	40.36	41.92	3.39	1.88	34.604885	30.771030	32.612221	0.578251
14.77	28.54	40.36	41.92	3.39	1.88	34.609166	30.774752	32.616328	0.578259
14.77	28.54	40.36	41.92	3.39	1.88	34.613440	30.778472	32.620431	0.578267
14.78	28.54	40.37	41.92	3.39	1.88	34.617707	30.782189	32.624529	0.578275
14.78	28.54	40.37	41.92	3.39	1.88	34.621968	30.785903	32.628622	0.578283
14.78	28.54	40.37	41.92	3.39	1.88	34.626221	30.789615	32.632711	0.578291
14.78	28.54	40.37	41.92	3.39	1.88	34.630468	30.793324	32.636795	0.578299
14.79	28.54	40.37	41.92	3.39	1.88	34.634708	30.797031	32.640875	0.578307
14.79	28.54	40.37	41.92	3.39	1.88	34.638941	30.800734	32.644949	0.578315
14.79	28.54	40.37	41.92	3.39	1.88	34.643167	30.804436	32.649020	0.578323
14.79	28.54	40.37	41.92	3.39	1.88	34.647387	30.808134	32.653085	0.578331
14.80	28.54	40.37	41.92	3.39	1.88	34.651599	30.811830	32.657146	0.578339
14.80	28.54	40.37	41.92	3.39	1.88	34.655805	30.815523	32.661202	0.578346
14.80	28.54	40.37	41.92	3.39	1.88	34.660004	30.819214	32.665253	0.578354
14.81	28.54	40.38	41.92	3.39	1.88	34.664196	30.822901	32.669300	0.578362
14.81	28.54	40.38	41.92	3.39	1.88	34.668381	30.826587	32.673342	0.578370
14.81	28.54	40.38	41.92	3.39	1.88	34.672559	30.830269	32.677379	0.578378
14.81	28.54	40.38	41.92	3.39	1.88	34.676730	30.833949	32.681411	0.578385
14.82	28.54	40.38	41.92	3.39	1.88	34.680895	30.837626	32.685439	0.578393
14.82	28.54	40.38	41.91	3.39	1.88	34.685052	30.841300	32.689462	0.578401
14.82	28.54	40.38	41.91	3.39	1.88	34.689203	30.844972	32.693480	0.578408
14.82	28.54	40.38	41.91	3.39	1.88	34.693346	30.848641	32.697494	0.578416
14.83	28.54	40.38	41.91	3.39	1.88	34.697483	30.852307	32.701503	0.578423
14.83	28.54	40.38	41.91	3.39	1.88	34.701613	30.855971	32.705507	0.578431
14.83	28.54	40.38	41.91	3.39	1.88	34.705736	30.859632	32.709506	0.578438
14.84	28.54	40.38	41.91	3.39	1.88	34.709852	30.863290	32.713501	0.578446
14.84	28.54	40.38	41.91	3.39	1.88	34.713961	30.866945	32.717491	0.578453
14.84	28.54	40.39	41.91	3.39	1.88	34.718064	30.870598	32.721476	0.578461
14.84	28.54	40.39	41.91	3.39	1.88	34.722159	30.874248	32.725456	0.578468
14.85	28.54	40.39	41.91	3.39	1.88	34.726247	30.877895	32.729432	0.578475
14.85	28.54	40.39	41.91	3.39	1.88	34.730329	30.881539	32.733403	0.578483
14.85	28.54	40.39	41.91	3.39	1.88	34.734403	30.885181	32.737369	0.578490
14.86	28.54	40.39	41.90	3.39	1.88	34.738471	30.888820	32.741330	0.578497
14.86	28.54	40.39	41.90	3.39	1.88	34.742531	30.892456	32.745287	0.578505
14.86	28.54	40.39	41.90	3.39	1.88	34.746585	30.896089	32.749238	0.578512
14.86	28.54	40.39	41.90	3.39	1.88	34.750631	30.899720	32.753185	0.578519
14.87	28.54	40.39	41.90	3.39	1.88	34.754671	30.903348	32.757127	0.578526
14.87	28.54	40.39	41.90	3.39	1.88	34.758704	30.906973	32.761065	0.578533
14.87	28.54	40.39	41.90	3.39	1.88	34.762729	30.910595	32.764997	0.578540
14.88	28.54	40.39	41.90	3.39	1.88	34.766748	30.914215	32.768925	0.578547
14.88	28.54	40.39	41.90	3.39	1.88	34.770760	30.917831	32.772848	0.578554
14.88	28.54	40.39	41.90	3.39	1.88	34.774765	30.921445	32.776766	0.578561
14.88	28.54	40.39	41.90	3.39	1.88	34.778762	30.925057	32.780679	0.578568
14.89	28.54	40.39	41.89	3.39	1.88	34.782753	30.928665	32.784588	0.578575
14.89	28.54	40.39	41.89	3.39	1.88	34.786737	30.932271	32.788491	0.578582
14.89	28.54	40.39	41.89	3.39	1.88	34.790714	30.935873	32.792390	0.578589
14.89	28.54	40.39	41.89	3.39	1.88	34.794683	30.939473	32.796284	0.578596
14.90	28.54	40.40	41.89	3.39	1.88	34.798646	30.943070	32.800173	0.578603
14.90	28.54	40.40	41.89	3.39	1.88	34.802602	30.946665	32.804057	0.578610
14.90	28.54	40.40	41.89	3.39	1.88	34.806550	30.950256	32.807937	0.578617
14.91	28.54	40.40	41.89	3.39	1.88	34.810492	30.953845	32.811811	0.578623
14.91	28.54	40.40	41.89	3.39	1.88	34.814427	30.957431	32.815681	0.578630
14.91	28.54	40.40	41.88	3.39	1.88	34.818354	30.961014	32.819546	0.578637
14.91	28.54	40.40	41.88	3.39	1.88	34.822275	30.964594	32.823405	0.578643
14.92	28.54	40.40	41.88	3.39	1.88	34.826188	30.968171	32.827260	0.578650
14.92	28.54	40.40	41.88	3.39	1.88	34.830094	30.971746	32.831111	0.578657
14.92	28.54	40.40	41.88	3.39	1.88	34.833994	30.975317	32.834956	0.578663
14.93	28.54	40.40	41.88	3.39	1.88	34.837886	30.978886	32.838796	0.578670
14.93	28.54	40.40	41.88	3.39	1.88	34.841771	30.982452	32.842632	0.578676
14.93	28.54	40.40	41.88	3.39	1.88	34.845649	30.986015	32.846462	0.578683
14.93	28.54	40.40	41.88	3.39	1.88	34.849520	30.989575	32.850288	0.578689
14.94	28.54	40.40	41.87	3.39	1.88	34.853384	30.993133	32.854109	0.578696
14.94	28.54	40.40	41.87	3.39	1.88	34.857241	30.996687	32.857925	0.578702
14.94	28.54	40.40	41.87	3.40	1.88	34.861091	31.000239	32.861736	0.578709
14.94	28.54	40.40	41.87	3.40	1.88	34.864934	31.003787	32.865542	0.578715
14.95	28.54	40.40	41.87	3.40	1.88	34.868770	31.007333	32.869343	0.578721
14.95	28.54	40.40	41.87	3.40	1.88	34.872598	31.010876	32.873139	0.578728
14.95	28.54	40.40	41.87	3.40	1.88	34.876420	31.014416	32.876931	0.578734
14.96	28.54	40.40	41.86	3.40	1.88	34.880234	31.017953	32.880717	0.578740
14.96	28.54	40.40	41.86	3.40	1.88	34.884041	31.021488	32.884498	0.578746
14.96	28.54	40.40	41.86	3.40	1.88	34.887841	31.025019	32.888275	0.578753
14.96	28.54	40.40	41.86	3.40	1.88	34.891634	31.028547	32.892046	0.578759
14.97	28.54	40.40	41.86	3.40	1.88	34.895420	31.032073	32.895813	0.578765
14.97	28.54	40.40	41.86	3.40	1.88	34.899199	31.035595	32.899575	0.578771
14.97	28.54	40.40	41.86	3.40	1.88	34.902970	31.039115	32.903331	0.578777
14.97	28.54	40.40	41.85	3.40	1.88	34.906735	31.042632	32.907083	0.578783
14.98	28.54	40.40	41.85	3.40	1.88	34.910492	31.046146	32.910830	0.578789
14.98	28.54	40.40	41.85	3.40	1.88	34.914242	31.049657	32.914571	0.578795
14.98	28.54	40.40	41.85	3.40	1.88	34.917985	31.053164	32.918308	0.578801
14.99	28.54	40.40	41.85	3.40	1.88	34.921721	31.056669	32.922040	0.578807
14.99	28.54	40.40	41.85	3.40	1.88	34.925450	31.060172	32.925767	0.578813
14.99	28.54	40.40	41.85	3.40	1.88	34.929171	31.063671	32.929489	0.578819
14.99	28.54	40.40	41.84	3.40	1.88	34.932886	31.067167	32.933206	0.578825
15.00	28.54	40.40	41.84	3.40	1.88	34.936593	31.070660	32.936917	0.578831
15.00	28.54	40.40	41.84	3.40	1.88	34.940293	31.074150	32.940624	0.578836
15.00	28.54	40.40	41.84	3.40	1.88	34.943986	31.077638	32.944326	0.578842
15.01	28.54	40.40	41.84	3.40	1.88	34.947671	31.081122	32.948023	0.578848
15.01	28.54	40.40	41.84	3.40	1.88	34.951350	31.084603	32.951715	0.578854
15.01	28.54	40.40	41.84	3.40	1.88	34.955021	31.088082	32.955402	0.578859
15.01	28.54	40.40	41.83	3.40	1.88	34.958685	31.091557	32.959083	0.578865
15.02	28.54	40.40	41.83	3.40	1.88	34.962342	31.095029	32.962760	0.578871
15.02	28.54	40.40	41.83	3.40	1.88	34.965992	31.098499	32.966432	0.578876
15.02	28.54	40.40	41.83	3.40	1.88	34.969634	31.101965	32.970099	0.578882
15.03	28.54	40.40	41.83	3.40	1.88	34.973270	31.105429	32.973760	0.578887
15.03	28.54	40.40	41.83	3.40	1.88	34.976898	31.108889	32.977417	0.578893
15.03	28.54	40.40	41.82	3.40	1.88	34.980519	31.112346	32.981069	0.578898
15.03	28.54	40.40	41.82	3.40	1.88	34.984132	31.115801	32.984715	0.578904
15.04	28.54	40.40	41.82	3.40	1.88	34.987739	31.119252	32.988357	0.578909
15.04	28.54	40.40	41.82	3.40	1.88	34.991338	31.122701	32.991993	0.578915
15.04	28.54	40.40	41.82	3.40	1.88	34.994931	31.126146	32.995625	0.578920
15.04	28.54	40.40	41.82	3.40	1.88	34.998516	31.129588	32.999251	0.578925
15.05	28.54	40.40	41.81	3.40	1.88	35.002094	31.133028	33.002872	0.578931
15.05	28.54	40.40	41.81	3.40	1.88	35.005664	31.136464	33.006488	0.578936
15.05	28.54	40.40	41.81	3.40	1.88	35.009228	31.139897	33.010100	0.578941
15.06	28.54	40.40	41.81	3.40	1.88	35.012784	31.143328	33.013706	0.578946
15.06	28.54	40.40	41.81	3.40	1.88	35.016333	31.146755	33.017307	0.578952
15.06	28.54	40.40	41.81	3.40	1.88	35.019876	31.150179	33.020903	0.578957
15.06	28.54	40.40	41.81	3.40	1.88	35.023410	31.153600	33.024494	0.578962
15.07	28.54	40.40	41.80	3.40	1.88	35.026938	31.157018	33.028079	0.578967
15.07	28.54	40.40	41.80	3.40	1.88	35.030459	31.160433	33.031660	0.578972
15.07	28.54	40.40	41.80	3.40	1.88	35.033972	31.163845	33.035236	0.578977
15.07	28.54	40.40	41.80	3.40	1.88	35.037479	31.167254	33.038807	0.578982
15.08	28.54	40.40	41.80	3.40	1.88	35.040978	31.170660	33.042372	0.578987
15.08	28.54	40.40	41.80	3.40	1.88	35.044470	31.174062	33.045933	0.578992
15.08	28.54	40.40	41.79	3.40	1.88	35.047955	31.177462	33.049488	0.578997
15.09	28.54	40.40	41.79	3.40	1.88	35.051433	31.180858	33.053038	0.579002
15.09	28.54	40.40	41.79	3.40	1.88	35.054904	31.184252	33.056583	0.579007
15.09	28.54	40.40	41.79	3.40	1.88	35.058368	31.187642	33.060123	0.579012
15.09	28.54	40.40	41.79	3.40	1.88	35.061824	31.191030	33.063659	0.579017
15.10	28.54	40.40	41.79	3.40	1.88	35.065274	31.194414	33.067188	0.579021
15.10	28.54	40.40	41.78	3.40	1.88	35.068716	31.197795	33.070713	0.579026
15.10	28.54	40.40	41.78	3.40	1.88	35.072152	31.201173	33.074233	0.579031
15.11	28.54	40.40	41.78	3.40	1.88	35.075580	31.204548	33.077748	0.579036
15.11	28.54	40.40	41.78	3.40	1.88	35.079001	31.207920	33.081257	0.579040
15.11	28.54	40.40	41.78	3.40	1.88	35.082416	31.211288	33.084762	0.579045
15.11	28.54	40.39	41.78	3.40	1.88	35.085823	31.214654	33.088261	0.579050
15.12	28.54	40.39	41.77	3.40	1.88	35.089223	31.218016	33.091756	0.579054
15.12	28.54	40.39	41.77	3.40	1.88	35.092616	31.221376	33.095245	0.579059
15.12	28.54	40.39	41.77	3.40	1.88	35.096003	31.224732	33.098729	0.579064
15.12	28.54	40.39	41.77	3.40	1.88	35.099382	31.228085	33.102208	0.579068
15.13	28.54	40.39	41.77	3.40	1.88	35.102754	31.231435	33.105682	0.579073
15.13	28.54	40.39	41.76	3.40	1.88	35.106119	31.234782	33.109151	0.579077
15.13	28.54	40.39	41.76	3.40	1.88	35.109477	31.238125	33.112615	0.579082
15.14	28.54	40.39	41.76	3.40	1.88	35.112829	31.241466	33.116074	0.579086
15.14	28.54	40.39	41.76	3.40	1.88	35.116173	31.244803	33.119528	0.579090
15.14	28.54	40.39	41.76	3.40	1.88	35.119510	31.248138	33.122976	0.579095
15.14	28.54	40.39	41.76	3.40	1.88	35.122841	31.251469	33.126420	0.579099
15.15	28.54	40.39	41.75	3.40	1.88	35.126164	31.254797	33.129858	0.579103
15.15	28.54	40.39	41.75	3.40	1.88	35.129480	31.258121	33.133291	0.579108
15.15	28.54	40.39	41.75	3.40	1.88	35.132790	31.261443	33.136720	0.579112
15.16	28.54	40.39	41.75	3.40	1.88	35.136093	31.264761	33.140143	0.579116
15.16	28.54	40.39	41.75	3.40	1.88	35.139388	31.268077	33.143561	0.579121
15.16	28.54	40.39	41.75	3.40	1.88	35.142677	31.271389	33.146974	0.579125
15.16	28.54	40.39	41.74	3.40	1.88	35.145959	31.274698	33.150382	0.579129
15.17	28.54	40.39	41.74	3.40	1.88	35.149234	31.278003	33.153785	0.579133
15.17	28.54	40.39	41.74	3.40	1.88	35.152502	31.281306	33.157183	0.579137
15.17	28.54	40.39	41.74	3.40	1.88	35.155764	31.284605	33.160575	0.579141
15.18	28.54	40.39	41.74	3.40	1.88	35.159018	31.287901	33.163963	0.579145
15.18	28.54	40.39	41.73	3.40	1.88	35.162266	31.291194	33.167346	0.579149
15.18	28.54	40.39	41.73	3.41	1.88	35.165506	31.294484	33.170723	0.579153
15.18	28.54	40.39	41.73	3.41	1.88	35.168740	31.297771	33.174096	0.579157
15.19	28.54	40.39	41.73	3.41	1.88	35.171967	31.301054	33.177463	0.579161
15.19	28.54	40.39	41.73	3.41	1.88	35.175187	31.304334	33.180825	0.579165
15.19	28.54	40.39	41.73	3.41	1.88	35.178401	31.307611	33.184183	0.579169
15.19	28.54	40.39	41.72	3.41	1.88	35.181607	31.310885	33.187535	0.579173
15.20	28.54	40.39	41.72	3.41	1.88	35.184807	31.314156	33.190882	0.579177
15.20	28.54	40.39	41.72	3.41	1.88	35.188000	31.317423	33.194224	0.579181
15.20	28.54	40.39	41.72	3.41	1.88	35.191186	31.320687	33.197561	0.579185
15.21	28.54	40.39	41.72	3.41	1.88	35.194366	31.323948	33.200893	0.579189
15.21	28.54	40.39	41.71	3.41	1.88	35.197539	31.327206	33.204220	0.579192
15.21	28.54	40.39	41.71	3.41	1.88	35.200705	31.330460	33.207542	0.579196
15.21	28.54	40.39	41.71	3.41	1.88	35.203864	31.333711	33.210859	0.579200
15.22	28.54	40.38	41.71	3.41	1.88	35.207016	31.336959	33.214171	0.579203
15.22	28.54	40.38	41.71	3.41	1.88	35.210162	31.340204	33.217478	0.579207
15.22	28.54	40.38	41.70	3.41	1.88	35.213301	31.343446	33.220779	0.579211
15.22	28.54	40.38	41.70	3.41	1.88	35.216433	31.346684	33.224076	0.579214
15.23	28.54	40.38	41.70	3.41	1.88	35.219559	31.349919	33.227368	0.579218
15.23	28.54	40.38	41.70	3.41	1.88	35.222677	31.353151	33.230654	0.579222
15.23	28.54	40.38	41.70	3.41	1.88	35.225790	31.356379	33.233936	0.579225
15.24	28.54	40.38	41.70	3.41	1.88	35.228895	31.359605	33.237212	0.579229
15.24	28.54	40.38	41.69	3.41	1.88	35.231994	31.362827	33.240484	0.579232
15.24	28.54	40.38	41.69	3.41	1.88	35.235086	31.366046	33.243751	0.579236
15.24	28.54	40.38	41.69	3.41	1.88	35.238171	31.369261	33.247012	0.579239
15.25	28.54	40.38	41.69	3.41	1.88	35.241250	31.372473	33.250268	0.579243
15.25	28.54	40.38	41.69	3.41	1.88	35.244322	31.375682	33.253520	0.579246
15.25	28.54	40.38	41.68	3.41	1.88	35.247388	31.378888	33.256766	0.579249
15.26	28.54	40.38	41.68	3.41	1.88	35.250447	31.382091	33.260008	0.579253
15.26	28.54	40.38	41.68	3.41	1.88	35.253499	31.385290	33.263244	0.579256
15.26	28.54	40.38	41.68	3.41	1.88	35.256544	31.388486	33.266476	0.579259
15.26	28.54	40.38	41.68	3.41	1.88	35.259583	31.391678	33.269702	0.579263
15.27	28.54	40.38	41.67	3.41	1.88	35.262616	31.394868	33.272923	0.579266
15.27	28.54	40.38	41.67	3.41	1.88	35.265642	31.398054	33.276140	0.579269
15.27	28.54	40.38	41.67	3.41	1.88	35.268661	31.401237	33.279351	0.579272
15.28	28.54	40.38	41.67	3.41	1.88	35.271674	31.404416	33.282557	0.579276
15.28	28.54	40.38	41.67	3.41	1.88	35.274680	31.407593	33.285759	0.579279
15.28	28.54	40.38	41.66	3.41	1.88	35.277679	31.410765	33.288955	0.579282
15.28	28.54	40.38	41.66	3.41	1.88	35.280672	31.413935	33.292146	0.579285
15.29	28.54	40.38	41.66	3.41	1.88	35.283659	31.417102	33.295333	0.579288
15.29	28.54	40.37	41.66	3.41	1.88	35.286638	31.420265	33.298514	0.579291
15.29	28.54	40.37	41.66	3.41	1.88	35.289612	31.423424	33.301691	0.579294
15.29	28.54	40.37	41.65	3.41	1.88	35.292579	31.426581	33.304862	0.579297
15.30	28.54	40.37	41.65	3.41	1.88	35.295539	31.429734	33.308029	0.579300
15.30	28.54	40.37	41.65	3.41	1.88	35.298493	31.432884	33.311190	0.579303
15.30	28.54	40.37	41.65	3.41	1.88	35.301440	31.436031	33.314347	0.579306
15.31	28.54	40.37	41.65	3.41	1.88	35.304381	31.439174	33.317498	0.579309
15.31	28.54	40.37	41.64	3.41	1.88	35.307315	31.442314	33.320645	0.579312
15.31	28.54	40.37	41.64	3.41	1.88	35.310243	31.445450	33.323786	0.579315
15.31	28.54	40.37	41.64	3.41	1.88	35.313164	31.448584	33.326923	0.579318
15.32	28.54	40.37	41.64	3.41	1.88	35.316079	31.451714	33.330055	0.579321
15.32	28.54	40.37	41.64	3.41	1.88	35.318988	31.454841	33.333181	0.579323
15.32	28.54	40.37	41.63	3.41	1.88	35.321890	31.457964	33.336303	0.579326
15.32	28.54	40.37	41.63	3.41	1.88	35.324785	31.461084	33.339420	0.579329
15.33	28.54	40.37	41.63	3.41	1.88	35.327674	31.464201	33.342532	0.579332
15.33	28.54	40.37	41.63	3.41	1.88	35.330557	31.467314	33.345639	0.579335
15.33	28.54	40.37	41.63	3.41	1.88	35.333433	31.470424	33.348741	0.579337
15.34	28.54	40.37	41.62	3.41	1.88	35.336303	31.473531	33.351838	0.579340
15.34	28.54	40.37	41.62	3.41	1.88	35.339167	31.476634	33.354930	0.579343
15.34	28.54	40.37	41.62	3.41	1.88	35.342024	31.479735	33.358017	0.579345
15.34	28.54	40.36	41.62	3.41	1.88	35.344874	31.482831	33.361099	0.579348
15.35	28.54	40.36	41.61	3.41	1.88	35.347719	31.485925	33.364176	0.579350
15.35	28.54	40.36	41.61	3.41	1.88	35.350556	31.489015	33.367249	0.579353
15.35	28.54	40.36	41.61	3.41	1.88	35.353388	31.492102	33.370316	0.579356
15.36	28.54	40.36	41.61	3.41	1.88	35.356213	31.495185	33.373378	0.579358
15.36	28.54	40.36	41.61	3.41	1.88	35.359032	31.498265	33.376436	0.579361
15.36	28.54	40.36	41.60	3.41	1.88	35.361844	31.501342	33.379489	0.579363
15.36	28.54	40.36	41.60	3.41	1.88	35.364650	31.504415	33.382536	0.579366
15.37	28.54	40.36	41.60	3.41	1.88	35.367450	31.507485	33.385579	0.579368
15.37	28.54	40.36	41.60	3.41	1.88	35.370244	31.510552	33.388617	0.579370
15.37	28.54	40.36	41.60	3.41	1.88	35.373031	31.513615	33.391650	0.579373
15.38	28.54	40.36	41.59	3.41	1.88	35.375812	31.516675	33.394678	0.579375
15.38	28.54	40.36	41.59	3.41	1.88	35.378586	31.519732	33.397701	0.579378
15.38	28.54	40.36	41.59	3.41	1.88	35.381354	31.522785	33.400720	0.579380
15.38	28.54	40.36	41.59	3.41	1.88	35.384116	31.525835	33.403733	0.579382
15.39	28.54	40.36	41.58	3.41	1.88	35.386872	31.528882	33.406742	0.579384
15.39	28.54	40.36	41.58	3.41	1.88	35.389621	31.531925	33.409745	0.579387
15.39	28.54	40.36	41.58	3.41	1.88	35.392364	31.534965	33.412744	0.579389
15.39	28.54	40.36	41.58	3.41	1.88	35.395101	31.538001	33.415738	0.579391
15.40	28.54	40.35	41.58	3.41	1.88	35.397832	31.541034	33.418727	0.579393
15.40	28.54	40.35	41.57	3.41	1.88	35.400556	31.544064	33.421711	0.579396
15.40	28.54	40.35	41.57	3.41	1.88	35.403274	31.547090	33.424690	0.579398
15.41	28.54	40.35	41.57	3.41	1.88	35.405986	31.550113	33.427664	0.579400
15.41	28.54	40.35	41.57	3.41	1.88	35.408692	31.553133	33.430633	0.579402
15.41	28.54	40.35	41.56	3.41	1.88	35.411391	31.556149	33.433598	0.579404
15.41	28.54	40.35	41.56	3.41	1.88	35.414084	31.559162	33.436558	0.579406
15.42	28.54	40.35	41.56	3.41	1.88	35.416771	31.562172	33.439512	0.579408
15.42	28.54	40.35	41.56	3.41	1.88	35.419452	31.565178	33.442462	0.579410
15.42	28.54	40.35	41.56	3.41	1.88	35.422126	31.568181	33.445407	0.579412
15.43	28.54	40.35	41.55	3.41	1.88	35.424795	31.571180	33.448348	0.579414
15.43	28.54	40.35	41.55	3.41	1.88	35.427457	31.574176	33.451283	0.579416
15.43	28.54	40.35	41.55	3.41	1.88	35.430113	31.577169	33.454214	0.579418
15.43	28.54	40.35	41.55	3.41	1.88	35.432763	31.580158	33.457139	0.579420
15.44	28.54	40.35	41.54	3.41	1.88	35.435406	31.583144	33.460060	0.579422
15.44	28.54	40.35	41.54	3.41	1.88	35.438044	31.586126	33.462976	0.579424
15.44	28.54	40.34	41.54	3.41	1.88	35.440675	31.589105	33.465887	0.579426
15.44	28.54	40.34	41.54	3.41	1.88	35.443300	31.592081	33.468794	0.579428
15.45	28.54	40.34	41.54	3.41	1.88	35.445920	31.595053	33.471695	0.579430
15.45	28.54	40.34	41.53	3.41	1.88	35.448532	31.598022	33.474592	0.579431
15.45	28.54	40.34	41.53	3.41	1.88	35.451139	31.600988	33.477483	0.579433
15.46	28.54	40.34	41.53	3.41	1.88	35.453740	31.603950	33.480370	0.579435
15.46	28.54	40.34	41.53	3.42	1.88	35.456335	31.606909	33.483252	0.579437
15.46	28.54	40.34	41.52	3.42	1.88	35.458923	31.609864	33.486130	0.579438
15.46	28.54	40.34	41.52	3.42	1.88	35.461505	31.612816	33.489002	0.579440
15.47	28.54	40.34	41.52	3.42	1.88	35.464082	31.615765	33.491870	0.579442
15.47	28.54	40.34	41.52	3.42	1.88	35.466652	31.618710	33.494733	0.579443
15.47	28.54	40.34	41.51	3.42	1.88	35.469216	31.621652	33.497591	0.579445
15.47	28.54	40.34	41.51	3.42	1.88	35.471774	31.624590	33.500444	0.579447
15.48	28.54	40.34	41.51	3.42	1.88	35.474326	31.627525	33.503293	0.579448
15.48	28.54	40.33	41.51	3.42	1.88	35.476872	31.630457	33.506136	0.579450
15.48	28.54	40.33	41.51	3.42	1.88	35.479412	31.633385	33.508975	0.579451
15.49	28.54	40.33	41.50	3.42	1.88	35.481946	31.636310	33.511809	0.579453
15.49	28.54	40.33	41.50	3.42	1.88	35.484474	31.639231	33.514638	0.579454
15.49	28.54	40.33	41.50	3.42	1.88	35.486995	31.642149	33.517463	0.579456
15.49	28.54	40.33	41.50	3.42	1.88	35.489511	31.645064	33.520282	0.579457
15.50	28.54	40.33	41.49	3.42	1.88	35.492021	31.647975	33.523097	0.579459
15.50	28.54	40.33	41.49	3.42	1.88	35.494524	31.650883	33.525907	0.579460
15.50	28.54	40.33	41.49	3.42	1.88	35.497022	31.653787	33.528713	0.579462
15.51	28.54	40.33	41.49	3.42	1.88	35.499514	31.656688	33.531513	0.579463
15.51	28.54	40.33	41.48	3.42	1.88	35.501999	31.659585	33.534309	0.579465
15.51	28.54	40.33	41.48	3.42	1.88	35.504479	31.662479	33.537100	0.579466
15.51	28.54	40.33	41.48	3.42	1.88	35.506953	31.665370	33.539886	0.579467
15.52	28.54	40.33	41.48	3.42	1.88	35.509420	31.668257	33.542668	0.579469
15.52	28.54	40.32	41.47	3.42	1.88	35.511882	31.671141	33.545444	0.579470
15.52	28.54	40.32	41.47	3.42	1.88	35.514338	31.674022	33.548216	0.579471
15.53	28.54	40.32	41.47	3.42	1.88	35.516788	31.676899	33.550983	0.579472
15.53	28.54	40.32	41.47	3.42	1.88	35.519232	31.679772	33.553746	0.579474
15.53	28.54	40.32	41.47	3.42	1.88	35.521669	31.682643	33.556503	0.579475
15.53	28.54	40.32	41.46	3.42	1.88	35.524101	31.685509	33.559256	0.579476
15.54	28.54	40.32	41.46	3.42	1.88	35.526527	31.688373	33.562004	0.579477
15.54	28.54	40.32	41.46	3.42	1.88	35.528947	31.691233	33.564748	0.579478
15.54	28.54	40.32	41.46	3.42	1.88	35.531362	31.694089	33.567486	0.579480
15.54	28.54	40.32	41.45	3.42	1.88	35.533770	31.696942	33.570220	0.579481
15.55	28.54	40.32	41.45	3.42	1.88	35.536172	31.699792	33.572949	0.579482
15.55	28.54	40.32	41.45	3.42	1.88	35.538569	31.702638	33.575674	0.579483
15.55	28.54	40.32	41.45	3.42	1.88	35.540959	31.705481	33.578393	0.579484
15.56	28.54	40.31	41.44	3.42	1.88	35.543344	31.708321	33.581108	0.579485
15.56	28.54	40.31	41.44	3.42	1.88	35.545722	31.711157	33.583819	0.579486
15.56	28.54	40.31	41.44	3.42	1.88	35.548095	31.713989	33.586524	0.579487
15.56	28.54	40.31	41.44	3.42	1.88	35.550462	31.716818	33.589225	0.579488
15.57	28.54	40.31	41.43	3.42	1.88	35.552823	31.719644	33.591921	0.579489
15.57	28.54	40.31	41.43	3.42	1.88	35.555178	31.722466	33.594612	0.579490
15.57	28.54	40.31	41.43	3.42	1.88	35.557528	31.725285	33.597299	0.579491
15.57	28.54	40.31	41.43	3.42	1.88	35.559871	31.728101	33.599981	0.579492
15.58	28.54	40.31	41.42	3.42	1.88	35.562209	31.730913	33.602658	0.579493
15.58	28.54	40.31	41.42	3.42	1.88	35.564541	31.733721	33.605330	0.579494
15.58	28.54	40.31	41.42	3.42	1.88	35.566867	31.736526	33.607998	0.579495
15.59	28.54	40.31	41.42	3.42	1.88	35.569187	31.739328	33.610661	0.579495
15.59	28.54	40.30	41.41	3.42	1.88	35.571501	31.742126	33.613319	0.579496
15.59	28.54	40.30	41.41	3.42	1.88	35.573809	31.744921	33.615973	0.579497
15.59	28.54	40.30	41.41	3.42	1.88	35.576112	31.747713	33.618622	0.579498
15.60	28.54	40.30	41.41	3.42	1.88	35.578409	31.750501	33.621266	0.579499
15.60	28.54	40.30	41.40	3.42	1.88	35.580700	31.753285	33.623906	0.579499
15.60	28.54	40.30	41.40	3.42	1.88	35.582985	31.756066	33.626541	0.579500
15.61	28.54	40.30	41.40	3.42	1.88	35.585265	31.758844	33.629171	0.579501
15.61	28.54	40.30	41.40	3.42	1.88	35.587538	31.761618	33.631797	0.579501
15.61	28.54	40.30	41.39	3.42	1.88	35.589806	31.764389	33.634418	0.579502
15.61	28.54	40.30	41.39	3.42	1.88	35.592068	31.767156	33.637034	0.579503
15.62	28.54	40.30	41.39	3.42	1.88	35.594324	31.769920	33.639645	0.579503
15.62	28.54	40.29	41.39	3.42	1.88	35.596575	31.772681	33.642252	0.579504
15.62	28.54	40.29	41.38	3.42	1.88	35.598820	31.775438	33.644854	0.579505
15.62	28.54	40.29	41.38	3.42	1.88	35.601059	31.778191	33.647452	0.579505
15.63	28.54	40.29	41.38	3.42	1.88	35.603292	31.780942	33.650045	0.579506
15.63	28.54	40.29	41.38	3.42	1.88	35.605519	31.783688	33.652633	0.579506
15.63	28.54	40.29	41.37	3.42	1.88	35.607741	31.786432	33.655216	0.579507
15.64	28.54	40.29	41.37	3.42	1.88	35.609957	31.789172	33.657795	0.579507
15.64	28.54	40.29	41.37	3.42	1.88	35.612168	31.791908	33.660369	0.579508
15.64	28.54	40.29	41.36	3.42	1.88	35.614372	31.794641	33.662939	0.579508
15.64	28.54	40.29	41.36	3.42	1.88	35.616571	31.797371	33.665504	0.579509
15.65	28.54	40.29	41.36	3.42	1.88	35.618764	31.800097	33.668064	0.579509
15.65	28.54	40.28	41.36	3.42	1.88	35.620952	31.802819	33.670620	0.579510
15.65	28.54	40.28	41.35	3.42	1.88	35.623133	31.805539	33.673171	0.579510
15.66	28.54	40.28	41.35	3.42	1.88	35.625309	31.808254	33.675717	0.579510
15.66	28.54	40.28	41.35	3.42	1.88	35.627480	31.810967	33.678259	0.579511
15.66	28.54	40.28	41.35	3.42	1.88	35.629644	31.813676	33.680796	0.579511
15.66	28.54	40.28	41.34	3.42	1.88	35.631803	31.816381	33.683328	0.579511
15.67	28.54	40.28	41.34	3.42	1.88	35.633957	31.819083	33.685856	0.579512
15.67	28.54	40.28	41.34	3.42	1.87	35.636104	31.821782	33.688379	0.579512
15.67	28.54	40.28	41.34	3.42	1.87	35.638246	31.824477	33.690898	0.579512
15.68	28.54	40.28	41.33	3.42	1.87	35.640382	31.827169	33.693412	0.579513
15.68	28.54	40.28	41.33	3.42	1.87	35.642513	31.829857	33.695921	0.579513
15.68	28.54	40.27	41.33	3.42	1.87	35.644638	31.832542	33.698426	0.579513
15.68	28.54	40.27	41.33	3.42	1.87	35.646757	31.835223	33.700926	0.579513
15.69	28.54	40.27	41.32	3.42	1.87	35.648871	31.837901	33.703422	0.579513
15.69	28.54	40.27	41.32	3.42	1.87	35.650979	31.840575	33.705912	0.579514
15.69	28.54	40.27	41.32	3.42	1.87	35.653082	31.843246	33.708399	0.579514
15.69	28.54	40.27	41.31	3.42	1.87	35.655178	31.845914	33.710880	0.579514
15.70	28.54	40.27	41.31	3.42	1.87	35.657270	31.848578	33.713358	0.579514
15.70	28.54	40.27	41.31	3.42	1.87	35.659355	31.851239	33.715830	0.579514
15.70	28.54	40.27	41.31	3.42	1.87	35.661435	31.853896	33.718298	0.579514
15.71	28.54	40.27	41.30	3.42	1.87	35.663509	31.856550	33.720761	0.579514
15.71	28.54	40.26	41.30	3.42	1.87	35.665578	31.859200	33.723220	0.579514
15.71	28.54	40.26	41.30	3.42	1.87	35.667641	31.861847	33.725674	0.579514
15.71	28.54	40.26	41.30	3.42	1.87	35.669699	31.864490	33.728124	0.579514
15.72	28.54	40.26	41.29	3.42	1.87	35.671751	31.867131	33.730569	0.579514
15.72	28.54	40.26	41.29	3.42	1.87	35.673797	31.869767	33.733009	0.579514
15.72	28.54	40.26	41.29	3.42	1.87	35.675838	31.872400	33.735445	0.579514
15.72	28.54	40.26	41.28	3.42	1.87	35.677873	31.875030	33.737876	0.579514
15.73	28.54	40.26	41.28	3.42	1.87	35.679903	31.877656	33.740303	0.579514
15.73	28.54	40.26	41.28	3.42	1.87	35.681927	31.880279	33.742725	0.579514
15.73	28.54	40.25	41.28	3.42	1.87	35.683946	31.882898	33.745142	0.579514
15.74	28.54	40.25	41.27	3.42	1.87	35.685959	31.885514	33.747555	0.579514
15.74	28.54	40.25	41.27	3.42	1.87	35.687966	31.888126	33.749964	0.579513
15.74	28.54	40.25	41.27	3.42	1.87	35.689968	31.890735	33.752367	0.579513
15.74	28.54	40.25	41.27	3.42	1.87	35.691965	31.893341	33.754767	0.579513
15.75	28.54	40.25	41.26	3.42	1.87	35.693955	31.895943	33.757161	0.579513
15.75	28.54	40.25	41.26	3.42	1.87	35.695941	31.898542	33.759552	0.579513
15.75	28.54	40.25	41.26	3.42	1.87	35.697921	31.901137	33.761937	0.579512
15.76	28.54	40.25	41.25	3.42	1.87	35.699895	31.903729	33.764318	0.579512
15.76	28.54	40.25	41.25	3.42	1.87	35.701864	31.906317	33.766695	0.579512
15.76	28.54	40.24	41.25	3.42	1.87	35.703827	31.908902	33.769067	0.579512
15.76	28.54	40.24	41.25	3.42	1.87	35.705785	31.911483	33.771434	0.579511
15.77	28.54	40.24	41.24	3.42	1.87	35.707737	31.914061	33.773797	0.579511
15.77	28.54	40.24	41.24	3.42	1.87	35.709684	31.916636	33.776156	0.579511
15.77	28.54	40.24	41.24	3.42	1.87	35.711625	31.919207	33.778509	0.579510
15.78	28.54	40.24	41.23	3.42	1.87	35.713561	31.921774	33.780859	0.579510
15.78	28.54	40.24	41.23	3.42	1.87	35.715491	31.924339	33.783203	0.579510
15.78	28.54	40.24	41.23	3.42	1.87	35.717416	31.926899	33.785544	0.579509
15.78	28.54	40.24	41.23	3.42	1.87	35.719335	31.929457	33.787879	0.579509
15.79	28.54	40.23	41.22	3.42	1.87	35.721249	31.932010	33.790211	0.579508
15.79	28.54	40.23	41.22	3.43	1.87	35.723158	31.934561	33.792537	0.579508
15.79	28.54	40.23	41.22	3.43	1.87	35.725061	31.937108	33.794860	0.579507
15.79	28.54	40.23	41.21	3.43	1.87	35.726958	31.939651	33.797177	0.579507
15.80	28.54	40.23	41.21	3.43	1.87	35.728850	31.942191	33.799490	0.579506
15.80	28.54	40.23	41.21	3.43	1.87	35.730737	31.944728	33.801799	0.579506
15.80	28.54	40.23	41.21	3.43	1.87	35.732618	31.947261	33.804103	0.579505
15.81	28.54	40.23	41.20	3.43	1.87	35.734494	31.949791	33.806403	0.579505
15.81	28.54	40.22	41.20	3.43	1.87	35.736364	31.952317	33.808698	0.579504
15.81	28.54	40.22	41.20	3.43	1.87	35.738229	31.954840	33.810989	0.579504
15.81	28.54	40.22	41.19	3.43	1.87	35.740089	31.957359	33.813275	0.579503
15.82	28.54	40.22	41.19	3.43	1.87	35.741943	31.959875	33.815556	0.579502
15.82	28.54	40.22	41.19	3.43	1.87	35.743791	31.962387	33.817834	0.579502
15.82	28.54	40.22	41.19	3.43	1.87	35.745635	31.964896	33.820106	0.579501
15.82	28.54	40.22	41.18	3.43	1.87	35.747472	31.967402	33.822374	0.579500
15.83	28.54	40.22	41.18	3.43	1.87	35.749305	31.969904	33.824638	0.579500
15.83	28.54	40.22	41.18	3.43	1.87	35.751132	31.972403	33.826897	0.579499
15.83	28.54	40.21	41.17	3.43	1.87	35.752954	31.974898	33.829152	0.579498
15.84	28.54	40.21	41.17	3.43	1.87	35.754770	31.977390	33.831402	0.579498
15.84	28.54	40.21	41.17	3.43	1.87	35.756581	31.979878	33.833648	0.579497
15.84	28.54	40.21	41.17	3.43	1.87	35.758386	31.982363	33.835889	0.579496
15.84	28.54	40.21	41.16	3.43	1.87	35.760187	31.984845	33.838126	0.579495
15.85	28.54	40.21	41.16	3.43	1.87	35.761981	31.987323	33.840359	0.579494
15.85	28.54	40.21	41.16	3.43	1.87	35.763771	31.989797	33.842587	0.579494
15.85	28.54	40.21	41.15	3.43	1.87	35.765555	31.992268	33.844810	0.579493
15.86	28.54	40.20	41.15	3.43	1.87	35.767334	31.994736	33.847029	0.579492
15.86	28.54	40.20	41.15	3.43	1.87	35.769107	31.997200	33.849244	0.579491
15.86	28.54	40.20	41.15	3.43	1.87	35.770875	31.999661	33.851454	0.579490
15.86	28.54	40.20	41.14	3.43	1.87	35.772638	32.002118	33.853659	0.579489
15.87	28.54	40.20	41.14	3.43	1.87	35.774395	32.004572	33.855860	0.579488
15.87	28.54	40.20	41.14	3.43	1.87	35.776147	32.007023	33.858057	0.579487
15.87	28.54	40.20	41.13	3.43	1.87	35.777894	32.009470	33.860249	0.579486
15.88	28.54	40.20	41.13	3.43	1.87	35.779635	32.011913	33.862437	0.579485
15.88	28.54	40.19	41.13	3.43	1.87	35.781371	32.014354	33.864621	0.579484
15.88	28.54	40.19	41.12	3.43	1.87	35.783102	32.016790	33.866800	0.579483
15.88	28.54	40.19	41.12	3.43	1.87	35.784827	32.019224	33.868974	0.579482
15.89	28.54	40.19	41.12	3.43	1.87	35.786548	32.021653	33.871144	0.579481
15.89	28.54	40.19	41.12	3.43	1.87	35.788262	32.024080	33.873310	0.579480
15.89	28.54	40.19	41.11	3.43	1.87	35.789972	32.026503	33.875471	0.579479
15.89	28.54	40.19	41.11	3.43	1.87	35.791676	32.028922	33.877628	0.579478
15.90	28.54	40.19	41.11	3.43	1.87	35.793375	32.031338	33.879780	0.579477
15.90	28.54	40.18	41.10	3.43	1.87	35.795069	32.033751	33.881928	0.579476
15.90	28.54	40.18	41.10	3.43	1.87	35.796757	32.036160	33.884072	0.579475
15.91	28.54	40.18	41.10	3.43	1.87	35.798440	32.038566	33.886211	0.579474
15.91	28.54	40.18	41.09	3.43	1.87	35.800118	32.040968	33.888346	0.579473
15.91	28.54	40.18	41.09	3.43	1.87	35.801791	32.043367	33.890476	0.579471
15.91	28.54	40.18	41.09	3.43	1.87	35.803458	32.045762	33.892602	0.579470
15.92	28.54	40.18	41.09	3.43	1.87	35.805120	32.048154	33.894723	0.579469
15.92	28.54	40.18	41.08	3.43	1.87	35.806777	32.050543	33.896840	0.579468
15.92	28.54	40.17	41.08	3.43	1.87	35.808428	32.052928	33.898953	0.579467
15.93	28.54	40.17	41.08	3.43	1.87	35.810075	32.055310	33.901061	0.579465
15.93	28.54	40.17	41.07	3.43	1.87	35.811716	32.057688	33.903165	0.579464
15.93	28.54	40.17	41.07	3.43	1.87	35.813351	32.060063	33.905265	0.579463
15.93	28.54	40.17	41.07	3.43	1.87	35.814982	32.062434	33.907360	0.579461
15.94	28.54	40.17	41.06	3.43	1.87	35.816607	32.064802	33.909450	0.579460
15.94	28.54	40.17	41.06	3.43	1.87	35.818227	32.067167	33.911537	0.579459
15.94	28.54	40.16	41.06	3.43	1.87	35.819842	32.069528	33.913619	0.579457
15.94	28.54	40.16	41.05	3.43	1.87	35.821452	32.071886	33.915696	0.579456
15.95	28.54	40.16	41.05	3.43	1.87	35.823056	32.074240	33.917769	0.579455
15.95	28.54	40.16	41.05	3.43	1.87	35.824656	32.076591	33.919838	0.579453
15.95	28.54	40.16	41.05	3.43	1.87	35.826250	32.078938	33.921902	0.579452
15.96	28.54	40.16	41.04	3.43	1.87	35.827839	32.081282	33.923962	0.579450
15.96	28.54	40.16	41.04	3.43	1.87	35.829422	32.083622	33.926018	0.579449
15.96	28.54	40.16	41.04	3.43	1.87	35.831001	32.085959	33.928069	0.579447
15.96	28.54	40.15	41.03	3.43	1.87	35.832574	32.088293	33.930116	0.579446
15.97	28.54	40.15	41.03	3.43	1.87	35.834142	32.090623	33.932159	0.579444
15.97	28.54	40.15	41.03	3.43	1.87	35.835705	32.092950	33.934197	0.579443
15.97	28.54	40.15	41.02	3.43	1.87	35.837263	32.095273	33.936231	0.579441
15.97	28.54	40.15	41.02	3.43	1.87	35.838815	32.097593	33.938260	0.579440
15.98	28.54	40.15	41.02	3.43	1.87	35.840362	32.099910	33.940285	0.579438
15.98	28.54	40.15	41.01	3.43	1.86	35.841905	32.102223	33.942306	0.579437
15.98	28.54	40.14	41.01	3.43	1.86	35.843442	32.104533	33.944322	0.579435
15.99	28.54	40.14	41.01	3.43	1.86	35.844973	32.106839	33.946334	0.579434
15.99	28.54	40.14	41.00	3.43	1.86	35.846500	32.109142	33.948342	0.579432
15.99	28.54	40.14	41.00	3.43	1.86	35.848022	32.111441	33.950345	0.579430
15.99	28.54	40.14	41.00	3.43	1.86	35.849538	32.113737	33.952344	0.579429
16.00	28.54	40.14	41.00	3.43	1.86	35.851049	32.116029	33.954339	0.579427
16.00	28.54	40.14	40.99	3.43	1.86	35.852555	32.118319	33.956329	0.579425
16.00	28.54	40.13	40.99	3.43	1.86	35.854056	32.120604	33.958315	0.579424
16.01	28.54	40.13	40.99	3.43	1.86	35.855552	32.122887	33.960297	0.579422
16.01	28.54	40.13	40.98	3.43	1.86	35.857043	32.125165	33.962274	0.579420
16.01	28.54	40.13	40.98	3.43	1.86	35.858529	32.127441	33.964247	0.579418
16.01	28.54	40.13	40.98	3.43	1.86	35.860009	32.129713	33.966215	0.579417
16.02	28.54	40.13	40.97	3.43	1.86	35.861484	32.131981	33.968180	0.579415
16.02	28.54	40.13	40.97	3.43	1.86	35.862955	32.134247	33.970140	0.579413
16.02	28.54	40.12	40.97	3.43	1.86	35.864420	32.136508	33.972095	0.579411
16.02	28.54	40.12	40.96	3.43	1.86	35.865880	32.138767	33.974047	0.579410
16.03	28.54	40.12	40.96	3.43	1.86	35.867335	32.141021	33.975994	0.579408
16.03	28.54	40.12	40.96	3.43	1.86	35.868785	32.143273	33.977936	0.579406
16.03	28.54	40.12	40.95	3.43	1.86	35.870229	32.145521	33.979875	0.579404
16.04	28.54	40.12	40.95	3.43	1.86	35.871669	32.147766	33.981809	0.579402
16.04	28.54	40.12	40.95	3.43	1.86	35.873104	32.150007	33.983739	0.579400
16.04	28.54	40.11	40.94	3.43	1.86	35.874533	32.152245	33.985664	0.579398
16.04	28.54	40.11	40.94	3.43	1.86	35.875957	32.154479	33.987585	0.579396
16.05	28.54	40.11	40.94	3.43	1.86	35.877377	32.156710	33.989502	0.579394
16.05	28.54	40.11	40.93	3.43	1.86	35.878791	32.158938	33.991415	0.579393
16.05	28.54	40.11	40.93	3.43	1.86	35.880200	32.161162	33.993323	0.579391
16.06	28.54	40.11	40.93	3.43	1.86	35.881604	32.163383	33.995227	0.579389
16.06	28.54	40.11	40.92	3.43	1.86	35.883003	32.165600	33.997127	0.579387
16.06	28.54	40.10	40.92	3.43	1.86	35.884397	32.167814	33.999022	0.579385
16.06	28.54	40.10	40.92	3.43	1.86	35.885786	32.170024	34.000913	0.579383
16.07	28.54	40.10	40.91	3.43	1.86	35.887170	32.172232	34.002800	0.579380
16.07	28.54	40.10	40.91	3.43	1.86	35.888549	32.174435	34.004683	0.579378
16.07	28.54	40.10	40.91	3.43	1.86	35.889923	32.176636	34.006561	0.579376
16.07	28.54	40.10	40.90	3.43	1.86	35.891292	32.178833	34.008435	0.579374
16.08	28.54	40.09	40.90	3.43	1.86	35.892655	32.181026	34.010305	0.579372
16.08	28.54	40.09	40.90	3.43	1.86	35.894014	32.183216	34.012170	0.579370
16.08	28.54	40.09	40.89	3.43	1.86	35.895368	32.185403	34.014031	0.579368
16.09	28.54	40.09	40.89	3.43	1.86	35.896716	32.187586	34.015888	0.579366
16.09	28.54	40.09	40.89	3.43	1.86	35.898060	32.189766	34.017741	0.579364
16.09	28.54	40.09	40.88	3.43	1.86	35.899398	32.191942	34.019589	0.579361
16.09	28.54	40.09	40.88	3.43	1.86	35.900732	32.194115	34.021433	0.579359
16.10	28.54	40.08	40.88	3.43	1.86	35.902061	32.196285	34.023273	0.579357
16.10	28.54	40.08	40.87	3.43	1.86	35.903384	32.198451	34.025108	0.579355
16.10	28.54	40.08	40.87	3.43	1.86	35.904703	32.200614	34.026940	0.579353
16.11	28.54	40.08	40.87	3.43	1.86	35.906016	32.202774	34.028767	0.579350
16.11	28.54	40.08	40.86	3.43	1.86	35.907325	32.204930	34.030590	0.579348
16.11	28.54	40.08	40.86	3.43	1.86	35.908629	32.207082	34.032408	0.579346
16.11	28.54	40.07	40.86	3.43	1.86	35.909927	32.209232	34.034222	0.579343
16.12	28.54	40.07	40.85	3.43	1.86	35.911221	32.211378	34.036032	0.579341
16.12	28.54	40.07	40.85	3.43	1.86	35.912509	32.213520	34.037838	0.579339
16.12	28.54	40.07	40.85	3.43	1.86	35.913793	32.215659	34.039640	0.579336
16.12	28.54	40.07	40.84	3.43	1.86	35.915072	32.217795	34.041437	0.579334
16.13	28.54	40.07	40.84	3.43	1.86	35.916345	32.219927	34.043230	0.579332
16.13	28.54	40.06	40.84	3.43	1.86	35.917614	32.222056	34.045019	0.579329
16.13	28.54	40.06	40.83	3.43	1.86	35.918878	32.224181	34.046804	0.579327
16.14	28.54	40.06	40.83	3.43	1.86	35.920137	32.226304	34.048584	0.579324
16.14	28.54	40.06	40.83	3.43	1.86	35.921391	32.228422	34.050360	0.579322
16.14	28.54	40.06	40.82	3.43	1.86	35.922639	32.230538	34.052132	0.579320
16.14	28.54	40.06	40.82	3.43	1.86	35.923883	32.232650	34.053900	0.579317
16.15	28.54	40.06	40.82	3.43	1.86	35.925122	32.234758	34.055663	0.579315
16.15	28.54	40.05	40.81	3.43	1.86	35.926356	32.236863	34.057423	0.579312
16.15	28.54	40.05	40.81	3.43	1.86	35.927586	32.238965	34.059178	0.579310
16.16	28.54	40.05	40.81	3.43	1.86	35.928810	32.241063	34.060929	0.579307
16.16	28.54	40.05	40.80	3.43	1.86	35.930029	32.243158	34.062675	0.579305
16.16	28.54	40.05	40.80	3.43	1.86	35.931243	32.245250	34.064418	0.579302
16.16	28.54	40.05	40.80	3.43	1.86	35.932453	32.247338	34.066156	0.579300
16.17	28.54	40.04	40.79	3.43	1.86	35.933657	32.249423	34.067890	0.579297
16.17	28.54	40.04	40.79	3.43	1.86	35.934857	32.251505	34.069620	0.579294
16.17	28.54	40.04	40.79	3.43	1.86	35.936051	32.253583	34.071345	0.579292
16.18	28.54	40.04	40.78	3.43	1.86	35.937241	32.255657	34.073067	0.579289
16.18	28.54	40.04	40.78	3.43	1.86	35.938426	32.257729	34.074784	0.579286
16.18	28.54	40.04	40.78	3.43	1.86	35.939606	32.259797	34.076497	0.579284
16.18	28.54	40.03	40.77	3.43	1.86	35.940781	32.261861	34.078206	0.579281
16.19	28.54	40.03	40.77	3.43	1.86	35.941951	32.263922	34.079910	0.579278
16.19	28.54	40.03	40.77	3.43	1.86	35.943116	32.265980	34.081611	0.579276
16.19	28.54	40.03	40.76	3.43	1.86	35.944276	32.268035	34.083307	0.579273
16.19	28.54	40.03	40.76	3.43	1.86	35.945432	32.270086	34.084999	0.579270
16.20	28.54	40.03	40.76	3.43	1.86	35.946582	32.272133	34.086687	0.579268
16.20	28.54	40.02	40.75	3.43	1.86	35.947728	32.274178	34.088370	0.579265
16.20	28.54	40.02	40.75	3.43	1.86	35.948869	32.276219	34.090050	0.579262
16.21	28.54	40.02	40.75	3.43	1.86	35.950005	32.278256	34.091725	0.579259
16.21	28.54	40.02	40.74	3.43	1.86	35.951136	32.280290	34.093396	0.579257
16.21	28.54	40.02	40.74	3.43	1.86	35.952262	32.282321	34.095063	0.579254
16.21	28.54	40.02	40.73	3.43	1.86	35.953383	32.284349	34.096726	0.579251
16.22	28.54	40.01	40.73	3.43	1.86	35.954500	32.286373	34.098385	0.579248
16.22	28.54	40.01	40.73	3.43	1.86	35.955611	32.288394	34.100039	0.579245
16.22	28.54	40.01	40.72	3.43	1.85	35.956718	32.290411	34.101689	0.579242
16.23	28.54	40.01	40.72	3.43	1.85	35.957820	32.292425	34.103336	0.579239
16.23	28.54	40.01	40.72	3.43	1.85	35.958917	32.294435	34.104978	0.579237
16.23	28.54	40.00	40.71	3.44	1.85	35.960009	32.296443	34.106615	0.579234
16.23	28.54	40.00	40.71	3.44	1.85	35.961096	32.298447	34.108249	0.579231
16.24	28.54	40.00	40.71	3.44	1.85	35.962179	32.300447	34.109879	0.579228
16.24	28.54	40.00	40.70	3.44	1.85	35.963256	32.302444	34.111504	0.579225
16.24	28.54	40.00	40.70	3.44	1.85	35.964329	32.304438	34.113125	0.579222
16.24	28.54	40.00	40.70	3.44	1.85	35.965397	32.306429	34.114742	0.579219
16.25	28.54	39.99	40.69	3.44	1.85	35.966460	32.308416	34.116355	0.579216
16.25	28.54	39.99	40.69	3.44	1.85	35.967519	32.310399	34.117964	0.579213
16.25	28.54	39.99	40.69	3.44	1.85	35.968572	32.312380	34.119568	0.579210
16.26	28.54	39.99	40.68	3.44	1.85	35.969621	32.314357	34.121169	0.579207
16.26	28.54	39.99	40.68	3.44	1.85	35.970665	32.316330	34.122765	0.579204
16.26	28.54	39.99	40.67	3.44	1.85	35.971704	32.318301	34.124357	0.579201
16.26	28.54	39.98	40.67	3.44	1.85	35.972738	32.320268	34.125946	0.579198
16.27	28.54	39.98	40.67	3.44	1.85	35.973768	32.322231	34.127530	0.579195
16.27	28.54	39.98	40.66	3.44	1.85	35.974792	32.324191	34.129109	0.579191
16.27	28.54	39.98	40.66	3.44	1.85	35.975812	32.326148	34.130685	0.579188
16.27	28.54	39.98	40.66	3.44	1.85	35.976827	32.328102	34.132257	0.579185
16.28	28.54	39.98	40.65	3.44	1.85	35.977837	32.330052	34.133824	0.579182
16.28	28.54	39.97	40.65	3.44	1.85	35.978843	32.331999	34.135387	0.579179
16.28	28.54	39.97	40.65	3.44	1.85	35.979844	32.333942	34.136947	0.579176
16.29	28.54	39.97	40.64	3.44	1.85	35.980839	32.335883	34.138502	0.579173
16.29	28.54	39.97	40.64	3.44	1.85	35.981831	32.337819	34.140053	0.579169
16.29	28.54	39.97	40.63	3.44	1.85	35.982817	32.339753	34.141599	0.579166
16.29	28.54	39.96	40.63	3.44	1.85	35.983799	32.341683	34.143142	0.579163
16.30	28.54	39.96	40.63	3.44	1.85	35.984775	32.343610	34.144681	0.579160
16.30	28.54	39.96	40.62	3.44	1.85	35.985747	32.345533	34.146215	0.579156
16.30	28.54	39.96	40.62	3.44	1.85	35.986715	32.347453	34.147746	0.579153
16.31	28.54	39.96	40.62	3.44	1.85	35.987677	32.349370	34.149272	0.579150
16.31	28.54	39.96	40.61	3.44	1.85	35.988635	32.351283	34.150794	0.579146
16.31	28.54	39.95	40.61	3.44	1.85	35.989588	32.353193	34.152312	0.579143
16.31	28.54	39.95	40.61	3.44	1.85	35.990536	32.355100	34.153827	0.579140
16.32	28.54	39.95	40.60	3.44	1.85	35.991480	32.357003	34.155336	0.579136
16.32	28.54	39.95	40.60	3.44	1.85	35.992418	32.358903	34.156842	0.579133
16.32	28.54	39.95	40.59	3.44	1.85	35.993352	32.360800	34.158344	0.579130
16.32	28.54	39.94	40.59	3.44	1.85	35.994282	32.362694	34.159842	0.579126
16.33	28.54	39.94	40.59	3.44	1.85	35.995206	32.364584	34.161335	0.579123
16.33	28.54	39.94	40.58	3.44	1.85	35.996126	32.366470	34.162825	0.579120
16.33	28.54	39.94	40.58	3.44	1.85	35.997041	32.368354	34.164310	0.579116
16.34	28.54	39.94	40.58	3.44	1.85	35.997952	32.370234	34.165792	0.579113
16.34	28.54	39.93	40.57	3.44	1.85	35.998857	32.372110	34.167269	0.579109
16.34	28.54	39.93	40.57	3.44	1.85	35.999758	32.373984	34.168742	0.579106
16.34	28.54	39.93	40.57	3.44	1.85	36.000654	32.375854	34.170211	0.579102
16.35	28.54	39.93	40.56	3.44	1.85	36.001546	32.377721	34.171676	0.579099
16.35	28.54	39.93	40.56	3.44	1.85	36.002432	32.379584	34.173137	0.579095
16.35	28.54	39.93	40.55	3.44	1.85	36.003315	32.381444	34.174594	0.579092
16.36	28.54	39.92	40.55	3.44	1.85	36.004192	32.383301	34.176047	0.579088
16.36	28.54	39.92	40.55	3.44	1.85	36.005064	32.385154	34.177496	0.579085
16.36	28.54	39.92	40.54	3.44	1.85	36.005932	32.387005	34.178940	0.579081
16.36	28.54	39.92	40.54	3.44	1.85	36.006796	32.388851	34.180381	0.579077
16.37	28.54	39.92	40.54	3.44	1.85	36.007654	32.390695	34.181818	0.579074
16.37	28.54	39.91	40.53	3.44	1.85	36.008508	32.392535	34.183250	0.579070
16.37	28.54	39.91	40.53	3.44	1.85	36.009357	32.394372	34.184679	0.579067
16.38	28.54	39.91	40.52	3.44	1.85	36.010202	32.396205	34.186103	0.579063
16.38	28.54	39.91	40.52	3.44	1.85	36.011042	32.398036	34.187523	0.579059
16.38	28.54	39.91	40.52	3.44	1.85	36.011877	32.399862	34.188940	0.579056
16.38	28.54	39.90	40.51	3.44	1.85	36.012707	32.401686	34.190352	0.579052
16.39	28.54	39.90	40.51	3.44	1.85	36.013533	32.403506	34.191760	0.579048
16.39	28.54	39.90	40.51	3.44	1.85	36.014354	32.405323	34.193165	0.579045
16.39	28.54	39.90	40.50	3.44	1.85	36.015170	32.407137	34.194565	0.579041
16.39	28.54	39.90	40.50	3.44	1.85	36.015982	32.408947	34.195961	0.579037
16.40	28.54	39.89	40.49	3.44	1.85	36.016789	32.410754	34.197353	0.579033
16.40	28.54	39.89	40.49	3.44	1.85	36.017592	32.412558	34.198741	0.579030
16.40	28.54	39.89	40.49	3.44	1.85	36.018390	32.414358	34.200125	0.579026
16.41	28.54	39.89	40.48	3.44	1.85	36.019183	32.416156	34.201505	0.579022
16.41	28.54	39.89	40.48	3.44	1.85	36.019971	32.417949	34.202881	0.579018
16.41	28.54	39.88	40.48	3.44	1.85	36.020755	32.419740	34.204253	0.579014
16.41	28.54	39.88	40.47	3.44	1.85	36.021534	32.421527	34.205621	0.579011
16.42	28.54	39.88	40.47	3.44	1.85	36.022309	32.423311	34.206985	0.579007
16.42	28.54	39.88	40.46	3.44	1.85	36.023079	32.425092	34.208345	0.579003
16.42	28.54	39.88	40.46	3.44	1.85	36.023844	32.426869	34.209701	0.578999
16.43	28.54	39.87	40.46	3.44	1.85	36.024605	32.428643	34.211053	0.578995
16.43	28.54	39.87	40.45	3.44	1.85	36.025361	32.430414	34.212400	0.578991
16.43	28.54	39.87	40.45	3.44	1.84	36.026112	32.432181	34.213744	0.578987
16.43	28.54	39.87	40.44	3.44	1.84	36.026859	32.433945	34.215084	0.578983
16.44	28.54	39.87	40.44	3.44	1.84	36.027601	32.435706	34.216420	0.578979
16.44	28.54	39.86	40.44	3.44	1.84	36.028338	32.437463	34.217752	0.578975
16.44	28.54	39.86	40.43	3.44	1.84	36.029071	32.439218	34.219080	0.578971
16.44	28.54	39.86	40.43	3.44	1.84	36.029800	32.440969	34.220403	0.578967
16.45	28.54	39.86	40.43	3.44	1.84	36.030523	32.442716	34.221723	0.578963
16.45	28.54	39.86	40.42	3.44	1.84	36.031242	32.444461	34.223039	0.578959
16.45	28.54	39.85	40.42	3.44	1.84	36.031957	32.446202	34.224351	0.578955
16.46	28.54	39.85	40.41	3.44	1.84	36.032667	32.447940	34.225659	0.578951
16.46	28.54	39.85	40.41	3.44	1.84	36.033372	32.449674	34.226963	0.578947
16.46	28.54	39.85	40.41	3.44	1.84	36.034073	32.451405	34.228262	0.578943
16.46	28.54	39.85	40.40	3.44	1.84	36.034769	32.453133	34.229558	0.578939
16.47	28.54	39.84	40.40	3.44	1.84	36.035460	32.454858	34.230850	0.578935
16.47	28.54	39.84	40.39	3.44	1.84	36.036147	32.456579	34.232138	0.578931
16.47	28.54	39.84	40.39	3.44	1.84	36.036830	32.458297	34.233422	0.578927
16.48	28.54	39.84	40.39	3.44	1.84	36.037507	32.460012	34.234702	0.578923
16.48	28.54	39.84	40.38	3.44	1.84	36.038181	32.461724	34.235978	0.578919
16.48	28.54	39.83	40.38	3.44	1.84	36.038849	32.463432	34.237250	0.578914
16.48	28.54	39.83	40.37	3.44	1.84	36.039513	32.465137	34.238518	0.578910
16.49	28.54	39.83	40.37	3.44	1.84	36.040173	32.466839	34.239782	0.578906
16.49	28.54	39.83	40.37	3.44	1.84	36.040828	32.468537	34.241042	0.578902
16.49	28.54	39.83	40.36	3.44	1.84	36.041478	32.470232	34.242298	0.578898
16.49	28.54	39.82	40.36	3.44	1.84	36.042124	32.471924	34.243550	0.578893
16.50	28.54	39.82	40.36	3.44	1.84	36.042765	32.473613	34.244798	0.578889
16.50	28.54	39.82	40.35	3.44	1.84	36.043401	32.475298	34.246043	0.578885
16.50	28.54	39.82	40.35	3.44	1.84	36.044033	32.476980	34.247283	0.578881
16.51	28.54	39.82	40.34	3.44	1.84	36.044661	32.478659	34.248519	0.578876
16.51	28.54	39.81	40.34	3.44	1.84	36.045284	32.480334	34.249751	0.578872
16.51	28.54	39.81	40.34	3.44	1.84	36.045902	32.482007	34.250980	0.578868
16.51	28.54	39.81	40.33	3.44	1.84	36.046516	32.483676	34.252204	0.578864
16.52	28.54	39.81	40.33	3.44	1.84	36.047126	32.485341	34.253425	0.578859
16.52	28.54	39.80	40.32	3.44	1.84	36.047731	32.487004	34.254641	0.578855
16.52	28.54	39.80	40.32	3.44	1.84	36.048331	32.488663	34.255854	0.578850
16.52	28.54	39.80	40.32	3.44	1.84	36.048927	32.490319	34.257062	0.578846
16.53	28.54	39.80	40.31	3.44	1.84	36.049518	32.491972	34.258267	0.578842
16.53	28.54	39.80	40.31	3.44	1.84	36.050104	32.493621	34.259468	0.578837
16.53	28.54	39.79	40.30	3.44	1.84	36.050687	32.495267	34.260665	0.578833
16.54	28.54	39.79	40.30	3.44	1.84	36.051264	32.496910	34.261858	0.578828
16.54	28.54	39.79	40.30	3.44	1.84	36.051837	32.498550	34.263047	0.578824
16.54	28.54	39.79	40.29	3.44	1.84	36.052406	32.500186	34.264232	0.578820
16.54	28.54	39.79	40.29	3.44	1.84	36.052970	32.501820	34.265413	0.578815
16.55	28.54	39.78	40.28	3.44	1.84	36.053530	32.503450	34.266590	0.578811
16.55	28.54	39.78	40.28	3.44	1.84	36.054085	32.505076	34.267763	0.578806
16.55	28.54	39.78	40.28	3.44	1.84	36.054635	32.506700	34.268932	0.578802
16.56	28.54	39.78	40.27	3.44	1.84	36.055182	32.508320	34.270098	0.578797
16.56	28.54	39.77	40.27	3.44	1.84	36.055723	32.509937	34.271259	0.578793
16.56	28.54	39.77	40.26	3.44	1.84	36.056260	32.511550	34.272417	0.578788
16.56	28.54	39.77	40.26	3.44	1.84	36.056793	32.513161	34.273571	0.578783
16.57	28.54	39.77	40.26	3.44	1.84	36.057321	32.514768	34.274720	0.578779
16.57	28.54	39.77	40.25	3.44	1.84	36.057844	32.516372	34.275866	0.578774
16.57	28.54	39.76	40.25	3.44	1.84	36.058364	32.517973	34.277008	0.578770
16.57	28.54	39.76	40.24	3.44	1.84	36.058878	32.519570	34.278146	0.578765
16.58	28.54	39.76	40.24	3.44	1.84	36.059388	32.521164	34.279280	0.578760
16.58	28.54	39.76	40.24	3.44	1.84	36.059894	32.522755	34.280410	0.578756
16.58	28.54	39.76	40.23	3.44	1.84	36.060395	32.524343	34.281536	0.578751
16.59	28.54	39.75	40.23	3.44	1.84	36.060892	32.525928	34.282659	0.578746
16.59	28.54	39.75	40.22	3.44	1.84	36.061384	32.527509	34.283777	0.578742
16.59	28.54	39.75	40.22	3.44	1.84	36.061872	32.529087	34.284892	0.578737
16.59	28.54	39.75	40.22	3.44	1.84	36.062355	32.530662	34.286003	0.578732
16.60	28.54	39.74	40.21	3.44	1.84	36.062834	32.532233	34.287109	0.578728
16.60	28.54	39.74	40.21	3.44	1.84	36.063309	32.533802	34.288212	0.578723
16.60	28.54	39.74	40.20	3.44	1.84	36.063779	32.535367	34.289311	0.578718
16.61	28.54	39.74	40.20	3.44	1.84	36.064244	32.536929	34.290406	0.578713
16.61	28.54	39.74	40.19	3.44	1.84	36.064705	32.538488	34.291498	0.578709
16.61	28.54	39.73	40.19	3.44	1.84	36.065162	32.540043	34.292585	0.578704
16.61	28.54	39.73	40.19	3.44	1.84	36.065614	32.541595	34.293668	0.578699
16.62	28.54	39.73	40.18	3.44	1.83	36.066062	32.543144	34.294748	0.578694
16.62	28.54	39.73	40.18	3.44	1.83	36.066505	32.544690	34.295824	0.578689
16.62	28.54	39.72	40.17	3.44	1.83	36.066944	32.546233	34.296896	0.578685
16.62	28.54	39.72	40.17	3.44	1.83	36.067378	32.547772	34.297964	0.578680
16.63	28.54	39.72	40.17	3.44	1.83	36.067808	32.549308	34.299028	0.578675
16.63	28.54	39.72	40.16	3.44	1.83	36.068234	32.550841	34.300088	0.578670
16.63	28.54	39.71	40.16	3.44	1.83	36.068655	32.552371	34.301144	0.578665
16.64	28.54	39.71	40.15	3.44	1.83	36.069071	32.553897	34.302197	0.578660
16.64	28.54	39.71	40.15	3.44	1.83	36.069484	32.555420	34.303245	0.578655
16.64	28.54	39.71	40.15	3.44	1.83	36.069891	32.556940	34.304290	0.578650
16.64	28.54	39.71	40.14	3.44	1.83	36.070295	32.558457	34.305331	0.578645
16.65	28.54	39.70	40.14	3.44	1.83	36.070694	32.559971	34.306368	0.578640
16.65	28.54	39.70	40.13	3.44	1.83	36.071088	32.561481	34.307401	0.578635
16.65	28.54	39.70	40.13	3.44	1.83	36.071478	32.562989	34.308430	0.578630
16.66	28.54	39.70	40.12	3.44	1.83	36.071864	32.564493	34.309456	0.578625
16.66	28.54	39.69	40.12	3.44	1.83	36.072246	32.565993	34.310477	0.578620
16.66	28.54	39.69	40.12	3.44	1.83	36.072623	32.567491	34.311495	0.578615
16.66	28.54	39.69	40.11	3.44	1.83	36.072995	32.568985	34.312509	0.578610
16.67	28.54	39.69	40.11	3.44	1.83	36.073363	32.570476	34.313519	0.578605
16.67	28.54	39.69	40.10	3.44	1.83	36.073727	32.571964	34.314525	0.578600
16.67	28.54	39.68	40.10	3.44	1.83	36.074086	32.573449	34.315528	0.578595
16.68	28.54	39.68	40.10	3.44	1.83	36.074441	32.574931	34.316526	0.578590
16.68	28.54	39.68	40.09	3.44	1.83	36.074792	32.576409	34.317521	0.578585
16.68	28.54	39.68	40.09	3.44	1.83	36.075138	32.577884	34.318512	0.578580
16.68	28.54	39.67	40.08	3.44	1.83	36.075480	32.579356	34.319499	0.578575
16.69	28.54	39.67	40.08	3.44	1.83	36.075817	32.580825	34.320482	0.578570
16.69	28.54	39.67	40.07	3.44	1.83	36.076150	32.582291	34.321462	0.578564
16.69	28.54	39.67	40.07	3.44	1.83	36.076479	32.583753	34.322437	0.578559
16.69	28.54	39.66	40.07	3.44	1.83	36.076803	32.585212	34.323409	0.578554
16.70	28.54	39.66	40.06	3.44	1.83	36.077123	32.586669	34.324377	0.578549
16.70	28.54	39.66	40.06	3.44	1.83	36.077439	32.588121	34.325341	0.578544
16.70	28.54	39.66	40.05	3.44	1.83	36.077750	32.589571	34.326301	0.578538
16.71	28.54	39.65	40.05	3.44	1.83	36.078057	32.591017	34.327257	0.578533
16.71	28.54	39.65	40.05	3.44	1.83	36.078359	32.592461	34.328210	0.578528
16.71	28.54	39.65	40.04	3.44	1.83	36.078658	32.593901	34.329159	0.578523
16.71	28.54	39.65	40.04	3.44	1.83	36.078951	32.595338	34.330104	0.578517
16.72	28.54	39.65	40.03	3.44	1.83	36.079241	32.596772	34.331045	0.578512
16.72	28.54	39.64	40.03	3.44	1.83	36.079526	32.598202	34.331982	0.578507
16.72	28.54	39.64	40.02	3.44	1.83	36.079806	32.599630	34.332916	0.578502
16.73	28.54	39.64	40.02	3.44	1.83	36.080083	32.601054	34.333846	0.578496
16.73	28.54	39.64	40.02	3.44	1.83	36.080355	32.602475	34.334771	0.578491
16.73	28.54	39.63	40.01	3.44	1.83	36.080623	32.603893	34.335694	0.578486
16.73	28.54	39.63	40.01	3.44	1.83	36.080886	32.605307	34.336612	0.578480
16.74	28.54	39.63	40.00	3.44	1.83	36.081145	32.606719	34.337526	0.578475
16.74	28.54	39.63	40.00	3.44	1.83	36.081400	32.608127	34.338437	0.578469
16.74	28.54	39.62	39.99	3.44	1.83	36.081650	32.609532	34.339344	0.578464
16.74	28.54	39.62	39.99	3.44	1.83	36.081896	32.610934	34.340247	0.578459
16.75	28.54	39.62	39.99	3.44	1.83	36.082138	32.612333	34.341147	0.578453
16.75	28.54	39.62	39.98	3.44	1.83	36.082375	32.613729	34.342042	0.578448
16.75	28.54	39.61	39.98	3.44	1.83	36.082608	32.615121	34.342934	0.578442
16.76	28.54	39.61	39.97	3.44	1.83	36.082837	32.616511	34.343822	0.578437
16.76	28.54	39.61	39.97	3.44	1.83	36.083061	32.617897	34.344706	0.578431
16.76	28.54	39.61	39.96	3.44	1.83	36.083281	32.619280	34.345587	0.578426
16.76	28.54	39.60	39.96	3.44	1.83	36.083497	32.620660	34.346463	0.578420
16.77	28.54	39.60	39.96	3.44	1.83	36.083709	32.622036	34.347336	0.578415
16.77	28.54	39.60	39.95	3.44	1.83	36.083916	32.623410	34.348205	0.578409
16.77	28.54	39.60	39.95	3.44	1.83	36.084119	32.624780	34.349070	0.578404
16.77	28.54	39.59	39.94	3.44	1.83	36.084317	32.626148	34.349932	0.578398
16.78	28.54	39.59	39.94	3.44	1.83	36.084512	32.627512	34.350790	0.578393
16.78	28.54	39.59	39.93	3.44	1.83	36.084702	32.628872	34.351644	0.578387
16.78	28.54	39.59	39.93	3.44	1.83	36.084887	32.630230	34.352494	0.578381
16.79	28.54	39.58	39.93	3.44	1.82	36.085069	32.631585	34.353340	0.578376
16.79	28.54	39.58	39.92	3.44	1.82	36.085246	32.632936	34.354183	0.578370
16.79	28.54	39.58	39.92	3.44	1.82	36.085419	32.634285	34.355022	0.578364
16.79	28.54	39.58	39.91	3.44	1.82	36.085587	32.635630	34.355857	0.578359
16.80	28.54	39.57	39.91	3.44	1.82	36.085751	32.636972	34.356689	0.578353
16.80	28.54	39.57	39.90	3.44	1.82	36.085911	32.638311	34.357516	0.578347
16.80	28.54	39.57	39.90	3.44	1.82	36.086067	32.639646	34.358340	0.578342
16.81	28.54	39.57	39.89	3.44	1.82	36.086219	32.640979	34.359160	0.578336
16.81	28.54	39.56	39.89	3.44	1.82	36.086366	32.642308	34.359977	0.578330
16.81	28.54	39.56	39.89	3.44	1.82	36.086509	32.643635	34.360789	0.578325
16.81	28.54	39.56	39.88	3.44	1.82	36.086647	32.644958	34.361598	0.578319
16.82	28.54	39.56	39.88	3.44	1.82	36.086782	32.646278	34.362404	0.578313
16.82	28.54	39.55	39.87	3.44	1.82	36.086912	32.647595	34.363205	0.578307
16.82	28.54	39.55	39.87	3.44	1.82	36.087037	32.648909	34.364003	0.578302
16.82	28.54	39.55	39.86	3.44	1.82	36.087159	32.650219	34.364797	0.578296
16.83	28.54	39.55	39.86	3.44	1.82	36.087276	32.651527	34.365587	0.578290
16.83	28.54	39.54	39.86	3.44	1.82	36.087389	32.652831	34.366373	0.578284
16.83	28.54	39.54	39.85	3.44	1.82	36.087498	32.654132	34.367156	0.578278
16.84	28.54	39.54	39.85	3.44	1.82	36.087603	32.655430	34.367935	0.578272
16.84	28.54	39.54	39.84	3.44	1.82	36.087703	32.656725	34.368710	0.578267
16.84	28.54	39.53	39.84	3.44	1.82	36.087799	32.658017	34.369482	0.578261
16.84	28.54	39.53	39.83	3.44	1.82	36.087891	32.659306	34.370250	0.578255
16.85	28.54	39.53	39.83	3.44	1.82	36.087979	32.660591	34.371014	0.578249
16.85	28.54	39.53	39.82	3.44	1.82	36.088062	32.661874	34.371774	0.578243
16.85	28.54	39.52	39.82	3.44	1.82	36.088141	32.663153	34.372531	0.578237
16.86	28.54	39.52	39.82	3.44	1.82	36.088216	32.664429	34.373284	0.578231
16.86	28.54	39.52	39.81	3.44	1.82	36.088287	32.665703	34.374033	0.578225
16.86	28.54	39.52	39.81	3.44	1.82	36.088353	32.666973	34.374778	0.578219
16.86	28.54	39.51	39.80	3.44	1.82	36.088415	32.668239	34.375520	0.578213
16.87	28.54	39.51	39.80	3.44	1.82	36.088473	32.669503	34.376258	0.578207
16.87	28.54	39.51	39.79	3.44	1.82	36.088527	32.670764	34.376992	0.578201
16.87	28.54	39.51	39.79	3.44	1.82	36.088577	32.672021	34.377723	0.578195
16.88	28.54	39.50	39.78	3.44	1.82	36.088622	32.673276	34.378450	0.578189
16.88	28.54	39.50	39.78	3.44	1.82	36.088663	32.674527	34.379173	0.578183
16.88	28.54	39.50	39.78	3.44	1.82	36.088700	32.675775	34.379893	0.578177
16.88	28.54	39.50	39.77	3.44	1.82	36.088733	32.677020	34.380608	0.578171
16.89	28.54	39.49	39.77	3.44	1.82	36.088761	32.678262	34.381321	0.578165
16.89	28.54	39.49	39.76	3.44	1.82	36.088785	32.679501	34.382029	0.578159
16.89	28.54	39.49	39.76	3.44	1.82	36.088806	32.680737	34.382734	0.578153
16.89	28.54	39.49	39.75	3.44	1.82	36.088821	32.681970	34.383435	0.578147
16.90	28.54	39.48	39.75	3.44	1.82	36.088833	32.683199	34.384132	0.578141
16.90	28.54	39.48	39.74	3.44	1.82	36.088841	32.684426	34.384826	0.578134
16.90	28.54	39.48	39.74	3.44	1.82	36.088844	32.685649	34.385516	0.578128
16.91	28.54	39.48	39.74	3.44	1.82	36.088843	32.686869	34.386202	0.578122
16.91	28.54	39.47	39.73	3.44	1.82	36.088838	32.688087	34.386885	0.578116
16.91	28.54	39.47	39.73	3.44	1.82	36.088829	32.689301	34.387563	0.578110
16.91	28.54	39.47	39.72	3.44	1.82	36.088815	32.690512	34.388239	0.578104
16.92	28.54	39.46	39.72	3.44	1.82	36.088798	32.691719	34.388910	0.578097
16.92	28.54	39.46	39.71	3.44	1.82	36.088776	32.692924	34.389578	0.578091
16.92	28.54	39.46	39.71	3.44	1.82	36.088750	32.694126	34.390242	0.578085
16.93	28.54	39.46	39.70	3.44	1.82	36.088720	32.695325	34.390903	0.578079
16.93	28.54	39.45	39.70	3.44	1.82	36.088685	32.696520	34.391560	0.578072
16.93	28.54	39.45	39.69	3.44	1.82	36.088647	32.697713	34.392213	0.578066
16.93	28.54	39.45	39.69	3.44	1.82	36.088604	32.698902	34.392862	0.578060
16.94	28.54	39.45	39.69	3.44	1.82	36.088557	32.700088	34.393508	0.578053
16.94	28.54	39.44	39.68	3.44	1.82	36.088506	32.701271	34.394150	0.578047
16.94	28.54	39.44	39.68	3.44	1.82	36.088451	32.702451	34.394789	0.578041
16.94	28.54	39.44	39.67	3.44	1.82	36.088392	32.703628	34.395424	0.578034
16.95	28.54	39.44	39.67	3.44	1.81	36.088329	32.704802	34.396055	0.578028
16.95	28.54	39.43	39.66	3.44	1.81	36.088261	32.705973	34.396682	0.578022
16.95	28.54	39.43	39.66	3.44	1.81	36.088189	32.707141	34.397306	0.578015
16.96	28.54	39.43	39.65	3.44	1.81	36.088113	32.708306	34.397926	0.578009
16.96	28.54	39.42	39.65	3.44	1.81	36.088033	32.709467	34.398543	0.578003
16.96	28.54	39.42	39.64	3.44	1.81	36.087949	32.710626	34.399156	0.577996
16.96	28.54	39.42	39.64	3.44	1.81	36.087861	32.711781	34.399765	0.577990
16.97	28.54	39.42	39.64	3.44	1.81	36.087768	32.712934	34.400371	0.577983
16.97	28.54	39.41	39.63	3.44	1.81	36.087672	32.714083	34.400973	0.577977
16.97	28.54	39.41	39.63	3.44	1.81	36.087571	32.715230	34.401571	0.577970
16.98	28.54	39.41	39.62	3.44	1.81	36.087466	32.716373	34.402166	0.577964
16.98	28.54	39.41	39.62	3.44	1.81	36.087357	32.717513	34.402757	0.577957
16.98	28.54	39.40	39.61	3.44	1.81	36.087244	32.718650	34.403344	0.577951
16.98	28.54	39.40	39.61	3.44	1.81	36.087126	32.719784	34.403928	0.577944
16.99	28.54	39.40	39.60	3.44	1.81	36.087005	32.720915	34.404508	0.577938
16.99	28.54	39.40	39.60	3.44	1.81	36.086880	32.722043	34.405084	0.577931
16.99	28.54	39.39	39.59	3.44	1.81	36.086750	32.723168	34.405657	0.577925
16.99	28.54	39.39	39.59	3.44	1.81	36.086616	32.724290	34.406226	0.577918
17.00	28.54	39.39	39.58	3.44	1.81	36.086478	32.725408	34.406792	0.577911
17.00	28.54	39.38	39.58	3.44	1.81	36.086336	32.726524	34.407354	0.577905
17.00	28.54	39.38	39.58	3.44	1.81	36.086190	32.727637	34.407912	0.577898
17.01	28.54	39.38	39.57	3.44	1.81	36.086040	32.728746	34.408467	0.577892
17.01	28.54	39.38	39.57	3.44	1.81	36.085886	32.729853	34.409018	0.577885
17.01	28.54	39.37	39.56	3.44	1.81	36.085727	32.730956	34.409566	0.577878
17.01	28.54	39.37	39.56	3.44	1.81	36.085565	32.732056	34.410109	0.577872
17.02	28.54	39.37	39.55	3.44	1.81	36.085398	32.733154	34.410650	0.577865
17.02	28.54	39.36	39.55	3.44	1.81	36.085227	32.734248	34.411186	0.577858
17.02	28.54	39.36	39.54	3.44	1.81	36.085053	32.735339	34.411719	0.577851
17.02	28.54	39.36	39.54	3.44	1.81	36.084874	32.736428	34.412249	0.577845
17.03	28.54	39.36	39.53	3.44	1.81	36.084691	32.737513	34.412775	0.577838
17.03	28.54	39.35	39.53	3.44	1.81	36.084504	32.738595	34.413297	0.577831
17.03	28.54	39.35	39.52	3.44	1.81	36.084312	32.739674	34.413815	0.577825
17.04	28.54	39.35	39.52	3.44	1.81	36.084117	32.740750	34.414330	0.577818
17.04	28.54	39.35	39.51	3.44	1.81	36.083918	32.741823	34.414842	0.577811
17.04	28.54	39.34	39.51	3.44	1.81	36.083714	32.742893	34.415349	0.577804
17.04	28.54	39.34	39.51	3.44	1.81	36.083507	32.743960	34.415854	0.577797
17.05	28.54	39.34	39.50	3.44	1.81	36.083295	32.745024	34.416354	0.577791
17.05	28.54	39.33	39.50	3.44	1.81	36.083080	32.746085	34.416851	0.577784
17.05	28.54	39.33	39.49	3.44	1.81	36.082860	32.747143	34.417345	0.577777
17.06	28.54	39.33	39.49	3.44	1.81	36.082636	32.748198	34.417834	0.577770
17.06	28.54	39.33	39.48	3.44	1.81	36.082408	32.749249	34.418321	0.577763
17.06	28.54	39.32	39.48	3.44	1.81	36.082177	32.750298	34.418803	0.577756
17.06	28.54	39.32	39.47	3.44	1.81	36.081941	32.751344	34.419282	0.577749
17.07	28.54	39.32	39.47	3.44	1.81	36.081701	32.752387	34.419758	0.577742
17.07	28.54	39.31	39.46	3.44	1.81	36.081457	32.753426	34.420230	0.577736
17.07	28.54	39.31	39.46	3.44	1.81	36.081208	32.754463	34.420698	0.577729
17.07	28.54	39.31	39.45	3.44	1.81	36.080956	32.755497	34.421163	0.577722
17.08	28.54	39.31	39.45	3.44	1.81	36.080700	32.756527	34.421624	0.577715
17.08	28.54	39.30	39.44	3.44	1.81	36.080440	32.757555	34.422081	0.577708
17.08	28.54	39.30	39.44	3.44	1.81	36.080175	32.758579	34.422535	0.577701
17.09	28.54	39.30	39.43	3.44	1.81	36.079907	32.759601	34.422986	0.577694
17.09	28.54	39.29	39.43	3.44	1.81	36.079635	32.760619	34.423433	0.577687
17.09	28.54	39.29	39.43	3.44	1.81	36.079358	32.761635	34.423876	0.577680
17.09	28.54	39.29	39.42	3.44	1.80	36.079078	32.762648	34.424316	0.577673
17.10	28.54	39.29	39.42	3.44	1.80	36.078793	32.763657	34.424752	0.577666
17.10	28.54	39.28	39.41	3.44	1.80	36.078504	32.764664	34.425184	0.577659
17.10	28.54	39.28	39.41	3.44	1.80	36.078212	32.765667	34.425613	0.577651
17.11	28.54	39.28	39.40	3.44	1.80	36.077915	32.766668	34.426039	0.577644
17.11	28.54	39.27	39.40	3.44	1.80	36.077615	32.767665	34.426461	0.577637
17.11	28.54	39.27	39.39	3.44	1.80	36.077310	32.768660	34.426879	0.577630
17.11	28.54	39.27	39.39	3.44	1.80	36.077001	32.769651	34.427294	0.577623
17.12	28.54	39.27	39.38	3.44	1.80	36.076689	32.770640	34.427705	0.577616
17.12	28.54	39.26	39.38	3.44	1.80	36.076372	32.771625	34.428113	0.577609
17.12	28.54	39.26	39.37	3.44	1.80	36.076051	32.772607	34.428517	0.577602
17.12	28.54	39.26	39.37	3.44	1.80	36.075726	32.773587	34.428918	0.577594
17.13	28.54	39.25	39.36	3.44	1.80	36.075397	32.774563	34.429315	0.577587
17.13	28.54	39.25	39.36	3.45	1.80	36.075065	32.775537	34.429708	0.577580
17.13	28.54	39.25	39.35	3.45	1.80	36.074728	32.776507	34.430098	0.577573
17.14	28.54	39.25	39.35	3.45	1.80	36.074387	32.777475	34.430485	0.577566
17.14	28.54	39.24	39.34	3.45	1.80	36.074042	32.778439	34.430868	0.577558
17.14	28.54	39.24	39.34	3.45	1.80	36.073693	32.779401	34.431247	0.577551
17.14	28.54	39.24	39.33	3.45	1.80	36.073341	32.780359	34.431623	0.577544
17.15	28.54	39.23	39.33	3.45	1.80	36.072984	32.781315	34.431995	0.577536
17.15	28.54	39.23	39.32	3.45	1.80	36.072623	32.782268	34.432364	0.577529
17.15	28.54	39.23	39.32	3.45	1.80	36.072258	32.783217	34.432729	0.577522
17.16	28.54	39.23	39.32	3.45	1.80	36.071889	32.784164	34.433091	0.577515
17.16	28.54	39.22	39.31	3.45	1.80	36.071517	32.785107	34.433449	0.577507
17.16	28.54	39.22	39.31	3.45	1.80	36.071140	32.786048	34.433803	0.577500
17.16	28.54	39.22	39.30	3.45	1.80	36.070759	32.786985	34.434155	0.577493
17.17	28.54	39.21	39.30	3.45	1.80	36.070375	32.787920	34.434502	0.577485
17.17	28.54	39.21	39.29	3.45	1.80	36.069986	32.788852	34.434846	0.577478
17.17	28.54	39.21	39.29	3.45	1.80	36.069593	32.789781	34.435187	0.577470
17.18	28.54	39.20	39.28	3.45	1.80	36.069196	32.790706	34.435524	0.577463
17.18	28.54	39.20	39.28	3.45	1.80	36.068796	32.791629	34.435857	0.577456
17.18	28.54	39.20	39.27	3.45	1.80	36.068391	32.792549	34.436187	0.577448
17.18	28.54	39.20	39.27	3.45	1.80	36.067983	32.793466	34.436514	0.577441
17.19	28.54	39.19	39.26	3.45	1.80	36.067570	32.794379	34.436837	0.577433
17.19	28.54	39.19	39.26	3.45	1.80	36.067154	32.795290	34.437156	0.577426
17.19	28.54	39.19	39.25	3.45	1.80	36.066733	32.796198	34.437472	0.577418
17.19	28.54	39.18	39.25	3.45	1.80	36.066309	32.797103	34.437785	0.577411
17.20	28.54	39.18	39.24	3.45	1.80	36.065880	32.798005	34.438094	0.577403
17.20	28.54	39.18	39.24	3.45	1.80	36.065448	32.798904	34.438399	0.577396
17.20	28.54	39.17	39.23	3.45	1.80	36.065012	32.799800	34.438701	0.577388
17.21	28.54	39.17	39.23	3.45	1.80	36.064572	32.800693	34.439000	0.577381
17.21	28.54	39.17	39.22	3.45	1.80	36.064127	32.801583	34.439295	0.577373
17.21	28.54	39.17	39.22	3.45	1.80	36.063679	32.802470	34.439586	0.577366
17.21	28.54	39.16	39.21	3.45	1.80	36.063227	32.803355	34.439874	0.577358
17.22	28.54	39.16	39.21	3.45	1.80	36.062771	32.804236	34.440159	0.577350
17.22	28.54	39.16	39.20	3.45	1.80	36.062311	32.805114	34.440440	0.577343
17.22	28.54	39.15	39.20	3.45	1.80	36.061847	32.805990	34.440717	0.577335
17.23	28.54	39.15	39.19	3.45	1.80	36.061379	32.806862	34.440991	0.577327
17.23	28.54	39.15	39.19	3.45	1.80	36.060908	32.807731	34.441262	0.577320
17.23	28.54	39.14	39.18	3.45	1.80	36.060432	32.808598	34.441529	0.577312
17.23	28.54	39.14	39.18	3.45	1.80	36.059952	32.809461	34.441793	0.577304
17.24	28.54	39.14	39.17	3.45	1.79	36.059469	32.810322	34.442053	0.577297
17.24	28.54	39.14	39.17	3.45	1.79	36.058981	32.811180	34.442309	0.577289
17.24	28.54	39.13	39.16	3.45	1.79	36.058490	32.812034	34.442563	0.577281
17.24	28.54	39.13	39.16	3.45	1.79	36.057995	32.812886	34.442812	0.577274
17.25	28.54	39.13	39.15	3.45	1.79	36.057495	32.813735	34.443059	0.577266
17.25	28.54	39.12	39.15	3.45	1.79	36.056992	32.814581	34.443301	0.577258
17.25	28.54	39.12	39.14	3.45	1.79	36.056485	32.815424	34.443541	0.577250
17.26	28.54	39.12	39.14	3.45	1.79	36.055974	32.816264	34.443776	0.577243
17.26	28.54	39.11	39.13	3.45	1.79	36.055459	32.817101	34.444009	0.577235
17.26	28.54	39.11	39.13	3.45	1.79	36.054940	32.817935	34.444238	0.577227
17.26	28.54	39.11	39.12	3.45	1.79	36.054417	32.818766	34.444463	0.577219
17.27	28.54	39.10	39.12	3.45	1.79	36.053891	32.819594	34.444685	0.577211
17.27	28.54	39.10	39.11	3.45	1.79	36.053360	32.820420	34.444904	0.577204
17.27	28.54	39.10	39.11	3.45	1.79	36.052826	32.821242	34.445119	0.577196
17.27	28.54	39.10	39.10	3.45	1.79	36.052287	32.822061	34.445330	0.577188
17.28	28.54	39.09	39.10	3.45	1.79	36.051745	32.822878	34.445539	0.577180
17.28	28.54	39.09	39.09	3.45	1.79	36.051199	32.823692	34.445743	0.577172
17.28	28.54	39.09	39.09	3.45	1.79	36.050649	32.824502	34.445944	0.577164
17.29	28.54	39.08	39.08	3.45	1.79	36.050095	32.825310	34.446142	0.577156
17.29	28.54	39.08	39.08	3.45	1.79	36.049537	32.826115	34.446337	0.577148
17.29	28.54	39.08	39.08	3.45	1.79	36.048976	32.826917	34.446528	0.577140
17.29	28.54	39.07	39.07	3.45	1.79	36.048410	32.827716	34.446715	0.577132
17.30	28.54	39.07	39.07	3.45	1.79	36.047841	32.828512	34.446899	0.577124
17.30	28.54	39.07	39.07	3.45	1.79	36.047267	32.829305	34.447080	0.577116
17.30	28.54	39.06	39.06	3.45	1.79	36.046690	32.830095	34.447257	0.577108
17.31	28.54	39.06	39.06	3.45	1.79	36.046109	32.830883	34.447431	0.577100
17.31	28.54	39.06	39.06	3.45	1.79	36.045524	32.831667	34.447601	0.577092
17.31	28.54	39.06	39.06	3.45	1.79	36.044935	32.832449	34.447768	0.577084
17.31	28.54	39.05	39.05	3.45	1.79	36.044343	32.833227	34.447931	0.577076
17.32	28.54	39.05	39.05	3.45	1.79	36.043746	32.834003	34.448091	0.577068
17.32	28.54	39.05	39.05	3.45	1.79	36.043146	32.834776	34.448248	0.577060
17.32	28.54	39.04	39.04	3.45	1.79	36.042542	32.835545	34.448401	0.577052
17.32	28.54	39.04	39.04	3.45	1.79	36.041935	32.836312	34.448551	0.577044
17.33	28.54	39.04	39.04	3.45	1.79	36.041325	32.837076	34.448697	0.577036
17.33	28.54	39.03	39.03	3.45	1.79	36.040710	32.837838	34.448840	0.577028
17.33	28.54	39.03	39.03	3.45	1.79	36.040093	32.838596	34.448980	0.577020
17.34	28.54	39.03	39.03	3.45	1.79	36.039472	32.839351	34.449117	0.577012
17.34	28.54	39.02	39.02	3.45	1.79	36.038848	32.840104	34.449250	0.577003
17.34	28.54	39.02	39.02	3.45	1.79	36.038222	32.840853	34.449379	0.576995
17.34	28.54	39.02	39.02	3.45	1.79	36.037592	32.841600	34.449506	0.576987
17.35	28.54	39.01	39.01	3.45	1.79	36.036959	32.842344	34.449629	0.576979
17.35	28.54	39.01	39.01	3.45	1.79	36.036323	32.843085	34.449749	0.576971
17.35	28.54	39.01	39.01	3.45	1.79	36.035685	32.843823	34.449866	0.576963
17.36	28.54	39.00	39.00	3.45	1.79	36.035044	32.844558	34.449980	0.576955
17.36	28.54	39.00	39.00	3.45	1.79	36.034400	32.845290	34.450090	0.576946
17.36	28.54	39.00	39.00	3.45	1.79	36.033754	32.846019	34.450198	0.576938
17.36	28.54	38.99	38.99	3.45	1.79	36.033105	32.846746	34.450302	0.576930
17.37	28.54	38.99	38.99	3.45	1.79	36.032454	32.847469	34.450403	0.576922
17.37	28.54	38.99	38.99	3.45	1.79	36.031801	32.848190	34.450501	0.576914
17.37	28.54	38.99	38.99	3.45	1.78	36.031145	32.848908	34.450596	0.576905
17.38	28.54	38.98	38.98	3.45	1.78	36.030487	32.849623	34.450688	0.576897
17.38	28.54	38.98	38.98	3.45	1.78	36.029826	32.850335	34.450777	0.576889
17.38	28.54	38.98	38.98	3.45	1.78	36.029164	32.851044	34.450863	0.576881
17.38	28.54	38.97	38.97	3.45	1.78	36.028499	32.851750	34.450946	0.576873
17.39	28.54	38.97	38.97	3.45	1.78	36.027832	32.852454	34.451026	0.576864
17.39	28.54	38.97	38.97	3.45	1.78	36.027163	32.853154	34.451103	0.576856
17.39	28.54	38.96	38.96	3.45	1.78	36.026493	32.853852	34.451177	0.576848
17.39	28.54	38.96	38.96	3.45	1.78	36.025820	32.854547	34.451248	0.576840
17.40	28.54	38.96	38.96	3.45	1.78	36.025145	32.855239	34.451317	0.576832
17.40	28.54	38.95	38.95	3.45	1.78	36.024468	32.855928	34.451382	0.576823
17.40	28.54	38.95	38.95	3.45	1.78	36.023790	32.856614	34.451445	0.576815
17.41	28.54	38.95	38.95	3.45	1.78	36.023109	32.857297	34.451505	0.576807
17.41	28.54	38.94	38.94	3.45	1.78	36.022427	32.857978	34.451562	0.576799
17.41	28.54	38.94	38.94	3.45	1.78	36.021742	32.858656	34.451617	0.576791
17.41	28.54	38.94	38.94	3.45	1.78	36.021056	32.859331	34.451668	0.576782
17.42	28.54	38.93	38.93	3.45	1.78	36.020369	32.860003	34.451717	0.576774
17.42	28.54	38.93	38.93	3.45	1.78	36.019679	32.860672	34.451763	0.576766
17.42	28.54	38.93	38.93	3.45	1.78	36.018988	32.861338	34.451807	0.576758
17.43	28.54	38.92	38.92	3.45	1.78	36.018294	32.862002	34.451848	0.576750
17.43	28.54	38.92	38.92	3.45	1.78	36.017600	32.862663	34.451886	0.576741
17.43	28.54	38.92	38.92	3.45	1.78	36.016903	32.863321	34.451922	0.576733
17.43	28.54	38.91	38.91	3.45	1.78	36.016205	32.863976	34.451955	0.576725
17.44	28.54	38.91	38.91	3.45	1.78	36.015505	32.864628	34.451985	0.576717
17.44	28.54	38.91	38.91	3.45	1.78	36.014804	32.865278	34.452013	0.576709
17.44	28.54	38.90	38.90	3.45	1.78	36.014100	32.865925	34.452038	0.576700
17.44	28.54	38.90	38.90	3.45	1.78	36.013395	32.866568	34.452060	0.576692
17.45	28.54	38.90	38.90	3.45	1.78	36.012689	32.867210	34.452080	0.576684
17.45	28.54	38.89	38.89	3.45	1.78	36.011981	32.867848	34.452098	0.576676
17.45	28.54	38.89	38.89	3.45	1.78	36.011271	32.868484	34.452113	0.576668
17.46	28.54	38.89	38.89	3.45	1.78	36.010560	32.869116	34.452125	0.576659
17.46	28.54	38.88	38.88	3.45	1.78	36.009847	32.869746	34.452135	0.576651
17.46	28.54	38.88	38.88	3.45	1.78	36.009132	32.870374	34.452143	0.576643
17.46	28.54	38.88	38.88	3.45	1.78	36.008416	32.870998	34.452148	0.576635
17.47	28.54	38.87	38.87	3.45	1.78	36.007698	32.871620	34.452150	0.576627
17.47	28.54	38.87	38.87	3.45	1.78	36.006979	32.872239	34.452150	0.576619
17.47	28.54	38.87	38.87	3.45	1.78	36.006258	32.872855	34.452148	0.576610
17.48	28.54	38.86	38.86	3.45	1.78	36.005536	32.873469	34.452143	0.576602
17.48	28.54	38.86	38.86	3.45	1.78	36.004812	32.874079	34.452136	0.576594
17.48	28.54	38.86	38.86	3.45	1.78	36.004086	32.874687	34.452126	0.576586
17.48	28.54	38.85	38.85	3.45	1.78	36.003359	32.875293	34.452114	0.576578
17.49	28.54	38.85	38.85	3.45	1.78	36.002630	32.875895	34.452100	0.576570
17.49	28.54	38.85	38.85	3.45	1.78	36.001900	32.876495	34.452083	0.576561
17.49	28.54	38.84	38.84	3.45	1.78	36.001168	32.877092	34.452064	0.576553
17.49	28.54	38.84	38.84	3.45	1.78	36.000434	32.877687	34.452043	0.576545
17.50	28.54	38.84	38.84	3.45	1.78	35.999699	32.878279	34.452019	0.576537
17.50	28.54	38.83	38.83	3.45	1.78	35.998963	32.878868	34.451993	0.576529
17.50	28.54	38.83	38.83	3.45	1.78	35.998225	32.879454	34.451964	0.576521
17.51	28.54	38.83	38.83	3.45	1.77	35.997485	32.880038	34.451933	0.576512
17.51	28.54	38.82	38.82	3.45	1.77	35.996744	32.880619	34.451900	0.576504
17.51	28.54	38.82	38.82	3.45	1.77	35.996001	32.881197	34.451865	0.576496
17.51	28.54	38.82	38.82	3.45	1.77	35.995257	32.881772	34.451827	0.576488
17.52	28.54	38.81	38.81	3.45	1.77	35.994511	32.882345	34.451787	0.576480
17.52	28.54	38.81	38.81	3.45	1.77	35.993764	32.882916	34.451744	0.576472
17.52	28.54	38.81	38.81	3.45	1.77	35.993015	32.883483	34.451700	0.576463
17.52	28.54	38.80	38.80	3.45	1.77	35.992264	32.884048	34.451653	0.576455
17.53	28.54	38.80	38.80	3.45	1.77	35.991512	32.884611	34.451604	0.576447
17.53	28.54	38.80	38.80	3.45	1.77	35.990759	32.885170	34.451552	0.576439
17.53	28.54	38.79	38.79	3.45	1.77	35.990003	32.885727	34.451499	0.576431
17.54	28.54	38.79	38.79	3.45	1.77	35.989247	32.886282	34.451443	0.576423
17.54	28.54	38.79	38.79	3.45	1.77	35.988488	32.886834	34.451385	0.576415
17.54	28.54	38.78	38.78	3.45	1.77	35.987729	32.887383	34.451324	0.576406
17.54	28.54	38.78	38.78	3.45	1.77	35.986967	32.887929	34.451262	0.576398
17.55	28.54	38.78	38.78	3.45	1.77	35.986204	32.888473	34.451197	0.576390
17.55	28.54	38.77	38.77	3.45	1.77	35.985440	32.889015	34.451130	0.576382
17.55	28.54	38.77	38.77	3.45	1.77	35.984674	32.889553	34.451061	0.576374
17.56	28.54	38.77	38.77	3.45	1.77	35.983906	32.890089	34.450989	0.576366
17.56	28.54	38.76	38.76	3.45	1.77	35.983137	32.890623	34.450916	0.576358
17.56	28.54	38.76	38.76	3.45	1.77	35.982366	32.891154	34.450840	0.576350
17.56	28.54	38.76	38.76	3.45	1.77	35.981594	32.891682	34.450762	0.576341
17.57	28.54	38.75	38.75	3.45	1.77	35.980820	32.892208	34.450682	0.576333
17.57	28.54	38.75	38.75	3.45	1.77	35.980045	32.892731	34.450599	0.576325
17.57	28.54	38.75	38.75	3.45	1.77	35.979267	32.893252	34.450515	0.576317
17.57	28.54	38.74	38.74	3.45	1.77	35.978489	32.893770	34.450428	0.576309
17.58	28.54	38.74	38.74	3.45	1.77	35.977709	32.894285	34.450339	0.576301
17.58	28.54	38.74	38.74	3.45	1.77	35.976927	32.894798	34.450248	0.576293
17.58	28.54	38.73	38.73	3.45	1.77	35.976143	32.895309	34.450154	0.576285
17.59	28.54	38.73	38.73	3.45	1.77	35.975358	32.895816	34.450059	0.576276
17.59	28.54	38.72	38.72	3.45	1.77	35.974572	32.896322	34.449962	0.576268
17.59	28.54	38.72	38.72	3.45	1.77	35.973784	32.896825	34.449862	0.576260
17.59	28.54	38.72	38.72	3.45	1.77	35.972994	32.897325	34.449760	0.576252
17.60	28.54	38.71	38.71	3.45	1.77	35.972203	32.897822	34.449656	0.576244
17.60	28.54	38.71	38.71	3.45	1.77	35.971410	32.898318	34.449550	0.576236
17.60	28.54	38.71	38.71	3.45	1.77	35.970615	32.898810	34.449441	0.576228
17.61	28.54	38.70	38.70	3.45	1.77	35.969819	32.899300	34.449331	0.576220
17.61	28.54	38.70	38.70	3.45	1.77	35.969021	32.899788	34.449219	0.576212
17.61	28.54	38.70	38.70	3.45	1.77	35.968222	32.900273	34.449104	0.576203
17.61	28.54	38.69	38.69	3.45	1.77	35.967421	32.900756	34.448987	0.576195
17.62	28.54	38.69	38.69	3.45	1.77	35.966618	32.901236	34.448868	0.576187
17.62	28.54	38.69	38.69	3.45	1.77	35.965814	32.901713	34.448747	0.576179
17.62	28.54	38.68	38.68	3.45	1.77	35.965008	32.902189	34.448624	0.576171
17.62	28.54	38.68	38.68	3.45	1.77	35.964201	32.902661	34.448499	0.576163
17.63	28.54	38.68	38.68	3.45	1.77	35.963391	32.903131	34.448371	0.576155
17.63	28.54	38.67	38.67	3.45	1.77	35.962581	32.903599	34.448242	0.576147
17.63	28.54	38.67	38.67	3.45	1.77	35.961768	32.904064	34.448110	0.576138
17.64	28.54	38.67	38.67	3.45	1.77	35.960954	32.904527	34.447976	0.576130
17.64	28.54	38.66	38.66	3.45	1.77	35.960139	32.904987	34.447840	0.576122
17.64	28.54	38.66	38.66	3.45	1.76	35.959321	32.905445	34.447703	0.576114
17.64	28.54	38.65	38.65	3.45	1.76	35.958502	32.905900	34.447563	0.576106
17.65	28.54	38.65	38.65	3.45	1.76	35.957682	32.906353	34.447420	0.576098
17.65	28.54	38.65	38.65	3.45	1.76	35.956860	32.906804	34.447276	0.576090
17.65	28.54	38.64	38.64	3.45	1.76	35.956036	32.907252	34.447130	0.576082
17.66	28.54	38.64	38.64	3.45	1.76	35.955210	32.907697	34.446981	0.576074
17.66	28.54	38.64	38.64	3.45	1.76	35.954383	32.908140	34.446831	0.576065
17.66	28.54	38.63	38.63	3.45	1.76	35.953554	32.908581	34.446678	0.576057
17.66	28.54	38.63	38.63	3.45	1.76	35.952723	32.909019	34.446524	0.576049
17.67	28.54	38.63	38.63	3.45	1.76	35.951891	32.909455	34.446367	0.576041
17.67	28.54	38.62	38.62	3.45	1.76	35.951057	32.909889	34.446208	0.576033
17.67	28.54	38.62	38.62	3.45	1.76	35.950222	32.910320	34.446047	0.576025
17.68	28.54	38.62	38.62	3.45	1.76	35.949384	32.910748	34.445884	0.576017
17.68	28.54	38.61	38.61	3.45	1.76	35.948545	32.911174	34.445719	0.576009
17.68	28.54	38.61	38.61	3.45	1.76	35.947705	32.911598	34.445552	0.576001
17.68	28.54	38.60	38.60	3.45	1.76	35.946862	32.912020	34.445383	0.575992
17.69	28.54	38.60	38.60	3.45	1.76	35.946018	32.912438	34.445211	0.575984
17.69	28.54	38.60	38.60	3.45	1.76	35.945173	32.912855	34.445038	0.575976
17.69	28.54	38.59	38.59	3.45	1.76	35.944325	32.913269	34.444862	0.575968
17.69	28.54	38.59	38.59	3.45	1.76	35.943476	32.913681	34.444685	0.575960
17.70	28.54	38.59	38.59	3.45	1.76	35.942625	32.914090	34.444505	0.575952
17.70	28.54	38.58	38.58	3.45	1.76	35.941773	32.914497	34.444324	0.575944
17.70	28.54	38.58	38.58	3.45	1.76	35.940919	32.914902	34.444140	0.575936
17.71	28.54	38.58	38.58	3.45	1.76	35.940063	32.915304	34.443954	0.575927
17.71	28.54	38.57	38.57	3.45	1.76	35.939205	32.915704	34.443766	0.575919
17.71	28.54	38.57	38.57	3.45	1.76	35.938346	32.916102	34.443576	0.575911
17.71	28.54	38.57	38.57	3.45	1.76	35.937485	32.916497	34.443384	0.575903
17.72	28.54	38.56	38.56	3.45	1.76	35.936622	32.916890	34.443190	0.575895
17.72	28.54	38.56	38.56	3.45	1.76	35.935757	32.917280	34.442994	0.575887
17.72	28.54	38.55	38.55	3.45	1.76	35.934891	32.917668	34.442796	0.575879
17.73	28.54	38.55	38.55	3.45	1.76	35.934023	32.918054	34.442596	0.575871
17.73	28.54	38.55	38.55	3.45	1.76	35.933153	32.918437	34.442393	0.575862
17.73	28.54	38.54	38.54	3.44	1.76	35.932282	32.918819	34.442189	0.575854
17.73	28.54	38.54	38.54	3.44	1.76	35.931409	32.919197	34.441982	0.575846
17.74	28.54	38.54	38.54	3.44	1.76	35.930534	32.919574	34.441774	0.575838
17.74	28.54	38.53	38.53	3.44	1.76	35.929657	32.919948	34.441563	0.575830
17.74	28.54	38.53	38.53	3.44	1.76	35.928779	32.920319	34.441351	0.575822
17.74	28.54	38.52	38.52	3.44	1.76	35.927898	32.920689	34.441136	0.575814
17.75	28.54	38.52	38.52	3.44	1.76	35.927017	32.921056	34.440919	0.575805
17.75	28.54	38.52	38.52	3.44	1.76	35.926133	32.921421	34.440701	0.575797
17.75	28.54	38.51	38.51	3.44	1.76	35.925247	32.921783	34.440480	0.575789
17.76	28.54	38.51	38.51	3.44	1.76	35.924360	32.922143	34.440257	0.575781
17.76	28.54	38.51	38.51	3.44	1.76	35.923471	32.922501	34.440032	0.575773
17.76	28.54	38.50	38.50	3.44	1.76	35.922580	32.922857	34.439805	0.575765
17.76	28.54	38.50	38.50	3.44	1.76	35.921688	32.923210	34.439576	0.575757
17.77	28.54	38.50	38.50	3.44	1.76	35.920793	32.923561	34.439345	0.575748
17.77	28.54	38.49	38.49	3.44	1.76	35.919897	32.923909	34.439112	0.575740
17.77	28.54	38.49	38.49	3.44	1.76	35.918999	32.924256	34.438877	0.575732
17.77	28.54	38.48	38.48	3.44	1.76	35.918100	32.924600	34.438639	0.575724
17.78	28.54	38.48	38.48	3.44	1.76	35.917198	32.924942	34.438400	0.575716
17.78	28.54	38.48	38.48	3.44	1.75	35.916295	32.925281	34.438159	0.575708
17.78	28.54	38.47	38.47	3.44	1.75	35.915390	32.925618	34.437916	0.575699
17.79	28.54	38.47	38.47	3.44	1.75	35.914483	32.925953	34.437670	0.575691
17.79	28.54	38.47	38.47	3.44	1.75	35.913575	32.926286	34.437423	0.575683
17.79	28.54	38.46	38.46	3.44	1.75	35.912664	32.926616	34.437173	0.575675
17.79	28.54	38.46	38.46	3.44	1.75	35.911752	32.926944	34.436922	0.575667
17.80	28.54	38.45	38.45	3.44	1.75	35.910838	32.927270	34.436668	0.575659
17.80	28.54	38.45	38.45	3.44	1.75	35.909922	32.927594	34.436412	0.575650
17.80	28.54	38.45	38.45	3.44	1.75	35.909004	32.927915	34.436155	0.575642
17.81	28.54	38.44	38.44	3.44	1.75	35.908085	32.928234	34.435895	0.575634
17.81	28.54	38.44	38.44	3.44	1.75	35.907164	32.928551	34.435633	0.575626
17.81	28.54	38.44	38.44	3.44	1.75	35.906241	32.928865	34.435370	0.575618
17.81	28.54	38.43	38.43	3.44	1.75	35.905316	32.929178	34.435104	0.575609
17.82	28.54	38.43	38.43	3.44	1.75	35.904389	32.929488	34.434836	0.575601
17.82	28.54	38.43	38.43	3.44	1.75	35.903460	32.929796	34.434566	0.575593
17.82	28.54	38.42	38.42	3.44	1.75	35.902530	32.930101	34.434294	0.575585
17.82	28.54	38.42	38.42	3.44	1.75	35.901598	32.930404	34.434020	0.575577
17.83	28.54	38.41	38.41	3.44	1.75	35.900664	32.930706	34.433744	0.575568
17.83	28.54	38.41	38.41	3.44	1.75	35.899728	32.931004	34.433466	0.575560
17.83	28.54	38.41	38.41	3.44	1.75	35.898790	32.931301	34.433186	0.575552
17.84	28.54	38.40	38.40	3.44	1.75	35.897850	32.931595	34.432904	0.575544
17.84	28.54	38.40	38.40	3.44	1.75	35.896909	32.931888	34.432619	0.575536
17.84	28.54	38.39	38.39	3.44	1.75	35.895966	32.932178	34.432333	0.575527
17.84	28.54	38.39	38.39	3.44	1.75	35.895021	32.932465	34.432045	0.575519
17.85	28.54	38.39	38.39	3.44	1.75	35.894074	32.932751	34.431755	0.575511
17.85	28.54	38.38	38.38	3.44	1.75	35.893125	32.933034	34.431462	0.575503
17.85	28.54	38.38	38.38	3.44	1.75	35.892174	32.933315	34.431168	0.575494
17.86	28.54	38.38	38.38	3.44	1.75	35.891222	32.933594	34.430872	0.575486
17.86	28.54	38.37	38.37	3.44	1.75	35.890267	32.933871	34.430573	0.575478
17.86	28.54	38.37	38.37	3.44	1.75	35.889311	32.934146	34.430273	0.575470
17.86	28.54	38.36	38.36	3.44	1.75	35.888353	32.934418	34.429970	0.575462
17.87	28.54	38.36	38.36	3.44	1.75	35.887393	32.934688	34.429665	0.575453
17.87	28.54	38.36	38.36	3.44	1.75	35.886431	32.934956	34.429359	0.575445
17.87	28.54	38.35	38.35	3.44	1.75	35.885467	32.935222	34.429050	0.575437
17.88	28.54	38.35	38.35	3.44	1.75	35.884501	32.935485	34.428740	0.575429
17.88	28.54	38.35	38.35	3.44	1.75	35.883534	32.935747	34.428427	0.575420
17.88	28.54	38.34	38.34	3.44	1.75	35.882565	32.936006	34.428112	0.575412
17.88	28.54	38.34	38.34	3.44	1.75	35.881593	32.936263	34.427795	0.575404
17.89	28.54	38.33	38.33	3.44	1.75	35.880620	32.936518	34.427477	0.575395
17.89	28.54	38.33	38.33	3.44	1.75	35.879645	32.936770	34.427156	0.575387
17.89	28.54	38.33	38.33	3.44	1.75	35.878668	32.937021	34.426833	0.575379
17.89	28.54	38.32	38.32	3.44	1.75	35.877689	32.937269	34.426508	0.575371
17.90	28.54	38.32	38.32	3.44	1.75	35.876709	32.937515	34.426181	0.575362
17.90	28.54	38.32	38.32	3.44	1.75	35.875726	32.937759	34.425852	0.575354
17.90	28.54	38.31	38.31	3.44	1.75	35.874741	32.938001	34.425521	0.575346
17.91	28.54	38.31	38.31	3.44	1.75	35.873755	32.938241	34.425188	0.575338
17.91	28.54	38.30	38.30	3.44	1.75	35.872767	32.938479	34.424853	0.575329
17.91	28.54	38.30	38.30	3.44	1.75	35.871776	32.938714	34.424516	0.575321
17.91	28.54	38.30	38.30	3.44	1.75	35.870784	32.938947	34.424177	0.575313
17.92	28.54	38.29	38.29	3.44	1.75	35.869790	32.939178	34.423836	0.575304
17.92	28.54	38.29	38.29	3.44	1.75	35.868794	32.939407	34.423492	0.575296
17.92	28.54	38.28	38.28	3.44	1.74	35.867796	32.939634	34.423147	0.575288
17.93	28.54	38.28	38.28	3.44	1.74	35.866796	32.939859	34.422800	0.575279
17.93	28.54	38.28	38.28	3.44	1.74	35.865795	32.940081	34.422451	0.575271
17.93	28.54	38.27	38.27	3.44	1.74	35.864791	32.940301	34.422099	0.575263
17.93	28.54	38.27	38.27	3.44	1.74	35.863786	32.940520	34.421746	0.575254
17.94	28.54	38.26	38.26	3.44	1.74	35.862778	32.940736	34.421391	0.575246
17.94	28.54	38.26	38.26	3.44	1.74	35.861769	32.940950	34.421033	0.575238
17.94	28.54	38.26	38.26	3.44	1.74	35.860757	32.941162	34.420674	0.575229
17.94	28.54	38.25	38.25	3.44	1.74	35.859744	32.941371	34.420312	0.575221
17.95	28.54	38.25	38.25	3.44	1.74	35.858729	32.941579	34.419949	0.575213
17.95	28.54	38.25	38.25	3.44	1.74	35.857712	32.941784	34.419583	0.575204
17.95	28.54	38.24	38.24	3.44	1.74	35.856692	32.941988	34.419216	0.575196
17.96	28.54	38.24	38.24	3.44	1.74	35.855671	32.942189	34.418846	0.575188
17.96	28.54	38.23	38.23	3.44	1.74	35.854648	32.942388	34.418474	0.575179
17.96	28.54	38.23	38.23	3.44	1.74	35.853623	32.942585	34.418101	0.575171
17.96	28.54	38.23	38.23	3.44	1.74	35.852597	32.942780	34.417725	0.575163
17.97	28.54	38.22	38.22	3.44	1.74	35.851568	32.942973	34.417347	0.575154
17.97	28.54	38.22	38.22	3.44	1.74	35.850537	32.943164	34.416968	0.575146
17.97	28.54	38.21	38.21	3.44	1.74	35.849504	32.943352	34.416586	0.575138
17.98	28.54	38.21	38.21	3.44	1.74	35.848470	32.943539	34.416202	0.575129
17.98	28.54	38.21	38.21	3.44	1.74	35.847433	32.943723	34.415816	0.575121
17.98	28.54	38.20	38.20	3.44	1.74	35.846394	32.943906	34.415428	0.575112
17.98	28.54	38.20	38.20	3.44	1.74	35.845354	32.944086	34.415038	0.575104
17.99	28.54	38.19	38.19	3.44	1.74	35.844311	32.944264	34.414646	0.575096
17.99	28.54	38.19	38.19	3.44	1.74	35.843267	32.944440	34.414253	0.575087
17.99	28.54	38.19	38.19	3.44	1.74	35.842220	32.944614	34.413857	0.575079
17.99	28.54	38.18	38.18	3.44	1.74	35.841172	32.944786	34.413459	0.575070
18.00	28.54	38.18	38.18	3.44	1.74	35.840121	32.944956	34.413059	0.575062
18.00	28.54	38.17	38.17	3.44	1.74	35.839069	32.945124	34.412657	0.575054
18.00	28.54	38.17	38.17	3.44	1.74	35.838015	32.945289	34.412252	0.575045
18.01	28.54	38.17	38.17	3.44	1.74	35.836958	32.945453	34.411846	0.575037
18.01	28.54	38.16	38.16	3.44	1.74	35.835900	32.945614	34.411438	0.575028
18.01	28.54	38.16	38.16	3.44	1.74	35.834840	32.945774	34.411028	0.575020
18.01	28.54	38.15	38.15	3.44	1.74	35.833778	32.945931	34.410616	0.575011
18.02	28.54	38.15	38.15	3.44	1.74	35.832713	32.946086	34.410202	0.575003
18.02	28.54	38.15	38.15	3.44	1.74	35.831647	32.946240	34.409785	0.574994
18.02	28.54	38.14	38.14	3.44	1.74	35.830579	32.946391	34.409367	0.574986
18.02	28.54	38.14	38.14	3.44	1.74	35.829509	32.946540	34.408947	0.574978
18.03	28.54	38.14	38.14	3.44	1.74	35.828436	32.946687	34.408525	0.574969
18.03	28.54	38.13	38.13	3.44	1.74	35.827362	32.946832	34.408100	0.574961
18.03	28.54	38.13	38.13	3.44	1.74	35.826286	32.946975	34.407674	0.574952
18.04	28.54	38.12	38.12	3.44	1.74	35.825208	32.947116	34.407245	0.574944
18.04	28.54	38.12	38.12	3.44	1.74	35.824128	32.947255	34.406815	0.574935
18.04	28.54	38.12	38.12	3.44	1.74	35.823046	32.947392	34.406383	0.574927
18.04	28.54	38.11	38.11	3.44	1.74	35.821961	32.947526	34.405948	0.574918
18.05	28.54	38.11	38.11	3.44	1.74	35.820875	32.947659	34.405512	0.574910
18.05	28.54	38.10	38.10	3.44	1.74	35.819787	32.947790	34.405073	0.574901
18.05	28.54	38.10	38.10	3.44	1.74	35.818697	32.947918	34.404633	0.574893
18.06	28.54	38.09	38.09	3.44	1.74	35.817605	32.948045	34.404190	0.574884
18.06	28.54	38.09	38.09	3.44	1.74	35.816510	32.948170	34.403745	0.574876
18.06	28.54	38.09	38.09	3.44	1.73	35.815414	32.948292	34.403299	0.574867
18.06	28.54	38.08	38.08	3.44	1.73	35.814316	32.948413	34.402850	0.574859
18.07	28.54	38.08	38.08	3.44	1.73	35.813216	32.948531	34.402399	0.574850
18.07	28.54	38.07	38.07	3.44	1.73	35.812113	32.948648	34.401947	0.574841
18.07	28.54	38.07	38.07	3.44	1.73	35.811009	32.948762	34.401492	0.574833
18.07	28.54	38.07	38.07	3.44	1.73	35.809903	32.948875	34.401035	0.574824
18.08	28.54	38.06	38.06	3.44	1.73	35.808794	32.948985	34.400577	0.574816
18.08	28.54	38.06	38.06	3.44	1.73	35.807684	32.949093	34.400116	0.574807
18.08	28.54	38.05	38.05	3.44	1.73	35.806572	32.949200	34.399653	0.574799
18.09	28.54	38.05	38.05	3.44	1.73	35.805457	32.949304	34.399188	0.574790
18.09	28.54	38.05	38.05	3.44	1.73	35.804341	32.949406	34.398721	0.574782
18.09	28.54	38.04	38.04	3.44	1.73	35.803222	32.949507	34.398252	0.574773
18.09	28.54	38.04	38.04	3.44	1.73	35.802102	32.949605	34.397782	0.574764
18.10	28.54	38.03	38.03	3.44	1.73	35.800979	32.949701	34.397309	0.574756
18.10	28.54	38.03	38.03	3.44	1.73	35.799855	32.949796	34.396834	0.574747
18.10	28.54	38.03	38.03	3.44	1.73	35.798728	32.949888	34.396357	0.574739
18.11	28.54	38.02	38.02	3.44	1.73	35.797600	32.949978	34.395878	0.574730
18.11	28.54	38.02	38.02	3.44	1.73	35.796469	32.950067	34.395397	0.574721
18.11	28.54	38.01	38.01	3.44	1.73	35.795336	32.950153	34.394914	0.574713
18.11	28.54	38.01	38.01	3.44	1.73	35.794201	32.950237	34.394429	0.574704
18.12	28.54	38.01	38.01	3.44	1.73	35.793065	32.950320	34.393942	0.574696
18.12	28.54	38.00	38.00	3.44	1.73	35.791926	32.950400	34.393453	0.574687
18.12	28.54	38.00	38.00	3.44	1.73	35.790785	32.950478	34.392961	0.574678
18.12	28.54	37.99	37.99	3.44	1.73	35.789642	32.950555	34.392468	0.574670
18.13	28.54	37.99	37.99	3.44	1.73	35.788497	32.950629	34.391973	0.574661
18.13	28.54	37.99	37.99	3.44	1.73	35.787350	32.950701	34.391476	0.574652
18.13	28.54	37.98	37.98	3.44	1.73	35.786201	32.950772	34.390977	0.574644
18.14	28.54	37.98	37.98	3.44	1.73	35.785050	32.950840	34.390476	0.574635
18.14	28.54	37.97	37.97	3.44	1.73	35.783896	32.950907	34.389972	0.574626
18.14	28.54	37.97	37.97	3.44	1.73	35.782741	32.950971	34.389467	0.574618
18.14	28.54	37.96	37.96	3.44	1.73	35.781584	32.951033	34.388960	0.574609
18.15	28.54	37.96	37.96	3.44	1.73	35.780424	32.951094	34.388451	0.574600
18.15	28.54	37.96	37.96	3.44	1.73	35.779263	32.951152	34.387939	0.574592
18.15	28.54	37.95	37.95	3.44	1.73	35.778099	32.951209	34.387426	0.574583
18.16	28.54	37.95	37.95	3.44	1.73	35.776934	32.951264	34.386911	0.574574
18.16	28.54	37.94	37.94	3.44	1.73	35.775766	32.951316	34.386393	0.574565
18.16	28.54	37.94	37.94	3.44	1.73	35.774597	32.951367	34.385874	0.574557
18.16	28.54	37.94	37.94	3.44	1.73	35.773425	32.951416	34.385352	0.574548
18.17	28.54	37.93	37.93	3.44	1.73	35.772251	32.951462	34.384829	0.574539
18.17	28.54	37.93	37.93	3.44	1.73	35.771075	32.951507	34.384304	0.574530
18.17	28.54	37.92	37.92	3.44	1.73	35.769897	32.951550	34.383776	0.574522
18.18	28.54	37.92	37.92	3.44	1.73	35.768717	32.951591	34.383247	0.574513
18.18	28.54	37.92	37.92	3.44	1.73	35.767535	32.951630	34.382715	0.574504
18.18	28.54	37.91	37.91	3.44	1.73	35.766351	32.951667	34.382182	0.574495
18.18	28.54	37.91	37.91	3.44	1.73	35.765164	32.951702	34.381646	0.574487
18.19	28.54	37.90	37.90	3.44	1.73	35.763976	32.951735	34.381109	0.574478
18.19	28.54	37.90	37.90	3.44	1.73	35.762786	32.951766	34.380569	0.574469
18.19	28.54	37.89	37.89	3.44	1.73	35.761593	32.951795	34.380027	0.574460
18.19	28.54	37.89	37.89	3.44	1.73	35.760399	32.951822	34.379484	0.574452
18.20	28.54	37.89	37.89	3.44	1.73	35.759202	32.951848	34.378938	0.574443
18.20	28.54	37.88	37.88	3.44	1.72	35.758003	32.951871	34.378391	0.574434
18.20	28.54	37.88	37.88	3.44	1.72	35.756802	32.951892	34.377841	0.574425
18.21	28.54	37.87	37.87	3.44	1.72	35.755599	32.951912	34.377289	0.574416
18.21	28.54	37.87	37.87	3.44	1.72	35.754394	32.951929	34.376736	0.574408
18.21	28.54	37.87	37.87	3.44	1.72	35.753187	32.951945	34.376180	0.574399
18.21	28.54	37.86	37.86	3.44	1.72	35.751978	32.951959	34.375622	0.574390
18.22	28.54	37.86	37.86	3.44	1.72	35.750767	32.951970	34.375063	0.574381
18.22	28.54	37.85	37.85	3.44	1.72	35.749553	32.951980	34.374501	0.574372
18.22	28.54	37.85	37.85	3.44	1.72	35.748338	32.951988	34.373937	0.574363
18.23	28.54	37.84	37.84	3.44	1.72	35.747120	32.951994	34.373371	0.574354
18.23	28.54	37.84	37.84	3.44	1.72	35.745901	32.951998	34.372804	0.574346
18.23	28.54	37.84	37.84	3.44	1.72	35.744679	32.952000	34.372234	0.574337
18.23	28.54	37.83	37.83	3.44	1.72	35.743455	32.952000	34.371662	0.574328
18.24	28.54	37.83	37.83	3.44	1.72	35.742229	32.951998	34.371088	0.574319
18.24	28.54	37.82	37.82	3.44	1.72	35.741001	32.951995	34.370512	0.574310
18.24	28.54	37.82	37.82	3.44	1.72	35.739771	32.951989	34.369934	0.574301
18.24	28.54	37.81	37.81	3.44	1.72	35.738538	32.951982	34.369355	0.574292
18.25	28.54	37.81	37.81	3.44	1.72	35.737304	32.951972	34.368773	0.574283
18.25	28.54	37.81	37.81	3.44	1.72	35.736068	32.951961	34.368189	0.574274
18.25	28.54	37.80	37.80	3.44	1.72	35.734829	32.951948	34.367603	0.574266
18.26	28.54	37.80	37.80	3.44	1.72	35.733588	32.951933	34.367015	0.574257
18.26	28.54	37.79	37.79	3.44	1.72	35.732346	32.951916	34.366425	0.574248
18.26	28.54	37.79	37.79	3.44	1.72	35.731101	32.951897	34.365833	0.574239
18.26	28.54	37.78	37.78	3.44	1.72	35.729854	32.951876	34.365239	0.574230
18.27	28.54	37.78	37.78	3.44	1.72	35.728604	32.951853	34.364643	0.574221
18.27	28.54	37.78	37.78	3.44	1.72	35.727353	32.951828	34.364045	0.574212
18.27	28.54	37.77	37.77	3.44	1.72	35.726100	32.951802	34.363445	0.574203
18.27	28.54	37.77	37.77	3.44	1.72	35.724844	32.951773	34.362843	0.574194
18.28	28.54	37.76	37.76	3.44	1.72	35.723587	32.951743	34.362239	0.574185
18.28	28.54	37.76	37.76	3.44	1.72	35.722327	32.951711	34.361633	0.574176
18.28	28.54	37.76	37.76	3.44	1.72	35.721065	32.951676	34.361025	0.574167
18.29	28.54	37.75	37.75	3.44	1.72	35.719801	32.951640	34.360415	0.574158
18.29	28.54	37.75	37.75	3.44	1.72	35.718535	32.951603	34.359803	0.574149
18.29	28.54	37.74	37.74	3.44	1.72	35.717267	32.951563	34.359189	0.574140
18.29	28.54	37.74	37.74	3.44	1.72	35.715997	32.951521	34.358573	0.574131
18.30	28.54	37.73	37.73	3.44	1.72	35.714724	32.951477	34.357955	0.574122
18.30	28.54	37.73	37.73	3.44	1.72	35.713450	32.951432	34.357335	0.574113
18.30	28.54	37.73	37.73	3.44	1.72	35.712173	32.951385	34.356713	0.574104
18.31	28.54	37.72	37.72	3.44	1.72	35.710894	32.951335	34.356089	0.574095
18.31	28.54	37.72	37.72	3.44	1.72	35.709613	32.951284	34.355463	0.574086
18.31	28.54	37.71	37.71	3.44	1.72	35.708330	32.951231	34.354835	0.574077
18.31	28.54	37.71	37.71	3.44	1.72	35.707045	32.951176	34.354205	0.574067
18.32	28.54	37.70	37.70	3.44	1.72	35.705758	32.951120	34.353573	0.574058
18.32	28.54	37.70	37.70	3.44	1.72	35.704468	32.951061	34.352938	0.574049
18.32	28.54	37.69	37.69	3.44	1.72	35.703177	32.951000	34.352302	0.574040
18.32	28.54	37.69	37.69	3.44	1.72	35.701883	32.950938	34.351664	0.574031
18.33	28.54	37.69	37.69	3.44	1.72	35.700587	32.950874	34.351024	0.574022
18.33	28.54	37.68	37.68	3.44	1.72	35.699289	32.950808	34.350382	0.574013
18.33	28.54	37.68	37.68	3.44	1.71	35.697989	32.950740	34.349738	0.574004
18.34	28.54	37.67	37.67	3.44	1.71	35.696687	32.950670	34.349091	0.573995
18.34	28.54	37.67	37.67	3.44	1.71	35.695382	32.950598	34.348443	0.573986
18.34	28.54	37.66	37.66	3.44	1.71	35.694076	32.950524	34.347793	0.573976
18.34	28.54	37.66	37.66	3.44	1.71	35.692767	32.950449	34.347141	0.573967
18.35	28.54	37.66	37.66	3.44	1.71	35.691456	32.950372	34.346487	0.573958
18.35	28.54	37.65	37.65	3.44	1.71	35.690143	32.950293	34.345831	0.573949
18.35	28.54	37.65	37.65	3.44	1.71	35.688828	32.950212	34.345172	0.573940
18.36	28.54	37.64	37.64	3.44	1.71	35.687511	32.950129	34.344512	0.573931
18.36	28.54	37.64	37.64	3.44	1.71	35.686192	32.950044	34.343850	0.573921
18.36	28.54	37.63	37.63	3.44	1.71	35.684870	32.949957	34.343186	0.573912
18.36	28.54	37.63	37.63	3.44	1.71	35.683546	32.949869	34.342520	0.573903
18.37	28.54	37.63	37.63	3.44	1.71	35.682221	32.949779	34.341851	0.573894
18.37	28.54	37.62	37.62	3.44	1.71	35.680893	32.949686	34.341181	0.573885
18.37	28.54	37.62	37.62	3.44	1.71	35.679563	32.949592	34.340509	0.573875
18.38	28.54	37.61	37.61	3.44	1.71	35.678230	32.949497	34.339835	0.573866
18.38	28.54	37.61	37.61	3.44	1.71	35.676896	32.949399	34.339158	0.573857
18.38	28.54	37.60	37.60	3.44	1.71	35.675559	32.949299	34.338480	0.573848
18.38	28.54	37.60	37.60	3.44	1.71	35.674221	32.949198	34.337800	0.573838
18.39	28.54	37.59	37.59	3.44	1.71	35.672880	32.949095	34.337118	0.573829
18.39	28.54	37.59	37.59	3.44	1.71	35.671537	32.948990	34.336434	0.573820
18.39	28.54	37.59	37.59	3.44	1.71	35.670192	32.948883	34.335747	0.573811
18.39	28.54	37.58	37.58	3.44	1.71	35.668844	32.948774	34.335059	0.573801
18.40	28.54	37.58	37.58	3.44	1.71	35.667495	32.948663	34.334369	0.573792
18.40	28.54	37.57	37.57	3.44	1.71	35.666143	32.948551	34.333677	0.573783
18.40	28.54	37.57	37.57	3.44	1.71	35.664789	32.948437	34.332982	0.573773
18.41	28.54	37.56	37.56	3.44	1.71	35.663434	32.948321	34.332286	0.573764
18.41	28.54	37.56	37.56	3.44	1.71	35.662075	32.948203	34.331588	0.573755
18.41	28.54	37.56	37.56	3.44	1.71	35.660715	32.948083	34.330888	0.573745
18.41	28.54	37.55	37.55	3.44	1.71	35.659353	32.947962	34.330185	0.573736
18.42	28.54	37.55	37.55	3.44	1.71	35.657988	32.947838	34.329481	0.573727
18.42	28.54	37.54	37.54	3.44	1.71	35.656622	32.947713	34.328775	0.573717
18.42	28.54	37.54	37.54	3.44	1.71	35.655253	32.947586	34.328067	0.573708
18.43	28.54	37.53	37.53	3.44	1.71	35.653882	32.947457	34.327356	0.573699
18.43	28.54	37.53	37.53	3.44	1.71	35.652508	32.947326	34.326644	0.573689
18.43	28.54	37.52	37.52	3.44	1.71	35.651133	32.947194	34.325930	0.573680
18.43	28.54	37.52	37.52	3.44	1.71	35.649755	32.947059	34.325214	0.573670
18.44	28.54	37.52	37.52	3.44	1.71	35.648376	32.946923	34.324496	0.573661
18.44	28.54	37.51	37.51	3.44	1.71	35.646994	32.946785	34.323775	0.573652
18.44	28.54	37.51	37.51	3.44	1.71	35.645610	32.946645	34.323053	0.573642
18.44	28.54	37.50	37.50	3.44	1.71	35.644224	32.946504	34.322329	0.573633
18.45	28.54	37.50	37.50	3.44	1.71	35.642835	32.946360	34.321603	0.573623
18.45	28.54	37.49	37.49	3.44	1.71	35.641445	32.946215	34.320874	0.573614
18.45	28.54	37.49	37.49	3.44	1.71	35.640052	32.946068	34.320144	0.573605
18.46	28.54	37.48	37.48	3.44	1.71	35.638657	32.945919	34.319412	0.573595
18.46	28.54	37.48	37.48	3.44	1.71	35.637260	32.945769	34.318678	0.573586
18.46	28.54	37.48	37.48	3.44	1.71	35.635861	32.945616	34.317942	0.573576
18.46	28.54	37.47	37.47	3.44	1.70	35.634460	32.945462	34.317203	0.573567
18.47	28.54	37.47	37.47	3.44	1.70	35.633056	32.945306	34.316463	0.573557
18.47	28.54	37.46	37.46	3.44	1.70	35.631651	32.945148	34.315721	0.573548
18.47	28.54	37.46	37.46	3.44	1.70	35.630243	32.944988	34.314977	0.573538
18.48	28.54	37.45	37.45	3.44	1.70	35.628833	32.944827	34.314231	0.573529
18.48	28.54	37.45	37.45	3.44	1.70	35.627420	32.944663	34.313483	0.573519
18.48	28.54	37.44	37.44	3.44	1.70	35.626006	32.944498	34.312733	0.573510
18.48	28.54	37.44	37.44	3.44	1.70	35.624589	32.944331	34.311980	0.573500
18.49	28.54	37.44	37.44	3.44	1.70	35.623171	32.944163	34.311226	0.573491
18.49	28.54	37.43	37.43	3.44	1.70	35.621750	32.943992	34.310470	0.573481
18.49	28.54	37.43	37.43	3.44	1.70	35.620327	32.943820	34.309712	0.573471
18.49	28.54	37.42	37.42	3.44	1.70	35.618901	32.943646	34.308952	0.573462
18.50	28.54	37.42	37.42	3.44	1.70	35.617474	32.943470	34.308190	0.573452
18.50	28.54	37.41	37.41	3.44	1.70	35.616044	32.943292	34.307426	0.573443
18.50	28.54	37.41	37.41	3.44	1.70	35.614612	32.943113	34.306660	0.573433
18.51	28.54	37.40	37.40	3.44	1.70	35.613178	32.942931	34.305892	0.573424
18.51	28.54	37.40	37.40	3.44	1.70	35.611742	32.942748	34.305122	0.573414
18.51	28.54	37.39	37.39	3.44	1.70	35.610304	32.942564	34.304350	0.573404
18.51	28.54	37.39	37.39	3.44	1.70	35.608863	32.942377	34.303576	0.573395
18.52	28.54	37.39	37.39	3.44	1.70	35.607421	32.942189	34.302799	0.573385
18.52	28.54	37.38	37.38	3.44	1.70	35.605976	32.941998	34.302021	0.573375
18.52	28.54	37.38	37.38	3.44	1.70	35.604529	32.941806	34.301241	0.573366
18.52	28.54	37.37	37.37	3.44	1.70	35.603080	32.941613	34.300459	0.573356
18.53	28.54	37.37	37.37	3.44	1.70	35.601628	32.941417	34.299675	0.573346
18.53	28.54	37.36	37.36	3.44	1.70	35.600175	32.941220	34.298890	0.573337
18.53	28.54	37.36	37.36	3.44	1.70	35.598719	32.941021	34.298102	0.573327
18.54	28.54	37.35	37.35	3.44	1.70	35.597261	32.940820	34.297312	0.573317
18.54	28.54	37.35	37.35	3.44	1.70	35.595801	32.940617	34.296520	0.573308
18.54	28.54	37.34	37.34	3.44	1.70	35.594338	32.940413	34.295726	0.573298
18.54	28.54	37.34	37.34	3.44	1.70	35.592874	32.940207	34.294930	0.573288
18.55	28.54	37.34	37.34	3.44	1.70	35.591407	32.939999	34.294132	0.573279
18.55	28.54	37.33	37.33	3.44	1.70	35.589938	32.939789	34.293332	0.573269
18.55	28.54	37.33	37.33	3.44	1.70	35.588467	32.939577	34.292530	0.573259
18.56	28.54	37.32	37.32	3.44	1.70	35.586994	32.939364	34.291726	0.573249
18.56	28.54	37.32	37.32	3.44	1.70	35.585518	32.939149	34.290921	0.573240
18.56	28.54	37.31	37.31	3.44	1.70	35.584041	32.938932	34.290113	0.573230
18.56	28.54	37.31	37.31	3.44	1.70	35.582561	32.938714	34.289303	0.573220
18.57	28.54	37.30	37.30	3.44	1.70	35.581079	32.938493	34.288491	0.573210
18.57	28.54	37.30	37.30	3.44	1.70	35.579594	32.938271	34.287677	0.573201
18.57	28.54	37.29	37.29	3.44	1.70	35.578108	32.938047	34.286862	0.573191
18.57	28.54	37.29	37.29	3.44	1.70	35.576619	32.937822	34.286044	0.573181
18.58	28.54	37.29	37.29	3.44	1.70	35.575129	32.937594	34.285224	0.573171
18.58	28.54	37.28	37.28	3.44	1.70	35.573636	32.937365	34.284403	0.573161
18.58	28.54	37.28	37.28	3.44	1.70	35.572141	32.937134	34.283579	0.573151
18.59	28.54	37.27	37.27	3.44	1.70	35.570643	32.936902	34.282753	0.573142
18.59	28.54	37.27	37.27	3.44	1.70	35.569144	32.936667	34.281926	0.573132
18.59	28.54	37.26	37.26	3.44	1.69	35.567642	32.936431	34.281096	0.573122
18.59	28.54	37.26	37.26	3.44	1.69	35.566138	32.936193	34.280264	0.573112
18.60	28.54	37.25	37.25	3.44	1.69	35.564632	32.935953	34.279431	0.573102
18.60	28.54	37.25	37.25	3.44	1.69	35.563123	32.935712	34.278595	0.573092
18.60	28.54	37.24	37.24	3.44	1.69	35.561613	32.935469	34.277758	0.573082
18.61	28.54	37.24	37.24	3.44	1.69	35.560100	32.935224	34.276918	0.573072
18.61	28.54	37.23	37.23	3.44	1.69	35.558585	32.934977	34.276077	0.573063
18.61	28.54	37.23	37.23	3.44	1.69	35.557068	32.934728	34.275233	0.573053
18.61	28.54	37.23	37.23	3.44	1.69	35.555549	32.934478	34.274388	0.573043
18.62	28.54	37.22	37.22	3.44	1.69	35.554027	32.934226	34.273540	0.573033
18.62	28.54	37.22	37.22	3.44	1.69	35.552504	32.933973	34.272691	0.573023
18.62	28.54	37.21	37.21	3.44	1.69	35.550978	32.933717	34.271839	0.573013
18.62	28.54	37.21	37.21	3.44	1.69	35.549450	32.933460	34.270986	0.573003
18.63	28.54	37.20	37.20	3.44	1.69	35.547919	32.933201	34.270131	0.572993
18.63	28.54	37.20	37.20	3.44	1.69	35.546387	32.932940	34.269273	0.572983
18.63	28.54	37.19	37.19	3.44	1.69	35.544852	32.932678	34.268414	0.572973
18.64	28.54	37.19	37.19	3.44	1.69	35.543315	32.932414	34.267553	0.572963
18.64	28.54	37.18	37.18	3.44	1.69	35.541776	32.932148	34.266690	0.572953
18.64	28.54	37.18	37.18	3.44	1.69	35.540235	32.931880	34.265824	0.572943
18.64	28.54	37.17	37.17	3.44	1.69	35.538692	32.931611	34.264957	0.572933
18.65	28.54	37.17	37.17	3.44	1.69	35.537146	32.931340	34.264088	0.572923
18.65	28.54	37.17	37.17	3.44	1.69	35.535598	32.931067	34.263217	0.572913
18.65	28.54	37.16	37.16	3.44	1.69	35.534048	32.930792	34.262344	0.572903
18.66	28.54	37.16	37.16	3.44	1.69	35.532496	32.930516	34.261469	0.572893
18.66	28.54	37.15	37.15	3.44	1.69	35.530941	32.930238	34.260591	0.572883
18.66	28.54	37.15	37.15	3.44	1.69	35.529385	32.929958	34.259712	0.572873
18.66	28.54	37.14	37.14	3.44	1.69	35.527826	32.929677	34.258831	0.572863
18.67	28.54	37.14	37.14	3.44	1.69	35.526265	32.929394	34.257948	0.572852
18.67	28.54	37.13	37.13	3.44	1.69	35.524701	32.929109	34.257063	0.572842
18.67	28.54	37.13	37.13	3.44	1.69	35.523136	32.928822	34.256176	0.572832
18.68	28.54	37.12	37.12	3.44	1.69	35.521568	32.928534	34.255288	0.572822
18.68	28.54	37.12	37.12	3.44	1.69	35.519998	32.928243	34.254397	0.572812
18.68	28.54	37.11	37.11	3.44	1.69	35.518426	32.927952	34.253504	0.572802
18.68	28.54	37.11	37.11	3.44	1.69	35.516852	32.927658	34.252609	0.572792
18.69	28.54	37.10	37.10	3.44	1.69	35.515276	32.927363	34.251712	0.572781
18.69	28.54	37.10	37.10	3.44	1.69	35.513697	32.927066	34.250813	0.572771
18.69	28.54	37.09	37.09	3.44	1.69	35.512116	32.926767	34.249913	0.572761
18.69	28.54	37.09	37.09	3.44	1.69	35.510533	32.926466	34.249010	0.572751
18.70	28.54	37.09	37.09	3.44	1.69	35.508948	32.926164	34.248105	0.572741
18.70	28.54	37.08	37.08	3.44	1.69	35.507360	32.925860	34.247199	0.572731
18.70	28.54	37.08	37.08	3.44	1.69	35.505770	32.925555	34.246290	0.572720
18.71	28.54	37.07	37.07	3.44	1.69	35.504178	32.925247	34.245380	0.572710
18.71	28.54	37.07	37.07	3.44	1.69	35.502584	32.924938	34.244467	0.572700
18.71	28.54	37.06	37.06	3.44	1.69	35.500988	32.924628	34.243552	0.572690
18.71	28.54	37.06	37.06	3.44	1.68	35.499389	32.924315	34.242636	0.572679
18.72	28.54	37.05	37.05	3.44	1.68	35.497789	32.924001	34.241718	0.572669
18.72	28.54	37.05	37.05	3.44	1.68	35.496186	32.923685	34.240797	0.572659
18.72	28.54	37.04	37.04	3.44	1.68	35.494581	32.923367	34.239875	0.572649
18.73	28.54	37.04	37.04	3.44	1.68	35.492973	32.923048	34.238950	0.572638
18.73	28.54	37.03	37.03	3.44	1.68	35.491364	32.922727	34.238024	0.572628
18.73	28.54	37.03	37.03	3.44	1.68	35.489752	32.922404	34.237096	0.572618
18.73	28.54	37.02	37.02	3.44	1.68	35.488138	32.922080	34.236166	0.572607
18.74	28.54	37.02	37.02	3.44	1.68	35.486522	32.921754	34.235233	0.572597
18.74	28.54	37.01	37.01	3.44	1.68	35.484904	32.921426	34.234299	0.572587
18.74	28.54	37.01	37.01	3.44	1.68	35.483283	32.921096	34.233363	0.572576
18.74	28.54	37.00	37.00	3.44	1.68	35.481660	32.920765	34.232425	0.572566
18.75	28.54	37.00	37.00	3.44	1.68	35.480035	32.920432	34.231485	0.572556
18.75	28.54	37.00	37.00	3.44	1.68	35.478408	32.920097	34.230543	0.572545
18.75	28.54	36.99	36.99	3.44	1.68	35.476779	32.919761	34.229599	0.572535
18.76	28.54	36.99	36.99	3.44	1.68	35.475147	32.919423	34.228653	0.572524
18.76	28.54	36.98	36.98	3.44	1.68	35.473513	32.919083	34.227705	0.572514
18.76	28.54	36.98	36.98	3.44	1.68	35.471877	32.918742	34.226755	0.572504
18.76	28.54	36.97	36.97	3.44	1.68	35.470239	32.918398	34.225803	0.572493
18.77	28.54	36.97	36.97	3.44	1.68	35.468599	32.918054	34.224850	0.572483
18.77	28.54	36.96	36.96	3.44	1.68	35.466956	32.917707	34.223894	0.572472
18.77	28.54	36.96	36.96	3.44	1.68	35.465311	32.917359	34.222936	0.572462
18.77	28.54	36.95	36.95	3.44	1.68	35.463664	32.917009	34.221977	0.572451
18.78	28.54	36.95	36.95	3.44	1.68	35.462015	32.916657	34.221015	0.572441
18.78	28.54	36.94	36.94	3.44	1.68	35.460363	32.916304	34.220051	0.572430
18.78	28.54	36.94	36.94	3.44	1.68	35.458710	32.915949	34.219086	0.572420
18.79	28.54	36.93	36.93	3.44	1.68	35.457054	32.915592	34.218118	0.572409
18.79	28.54	36.93	36.93	3.44	1.68	35.455396	32.915234	34.217149	0.572399
18.79	28.54	36.92	36.92	3.44	1.68	35.453735	32.914874	34.216177	0.572388
18.79	28.54	36.92	36.92	3.44	1.68	35.452073	32.914512	34.215204	0.572378
18.80	28.54	36.91	36.91	3.44	1.68	35.450408	32.914148	34.214229	0.572367
18.80	28.54	36.91	36.91	3.44	1.68	35.448741	32.913783	34.213252	0.572357
18.80	28.54	36.90	36.90	3.44	1.68	35.447072	32.913416	34.212272	0.572346
18.81	28.54	36.90	36.90	3.44	1.68	35.445401	32.913048	34.211291	0.572336
18.81	28.54	36.89	36.89	3.44	1.68	35.443727	32.912678	34.210308	0.572325
18.81	28.54	36.89	36.89	3.44	1.68	35.442051	32.912306	34.209323	0.572315
18.81	28.54	36.89	36.89	3.44	1.68	35.440373	32.911932	34.208336	0.572304
18.82	28.54	36.88	36.88	3.44	1.68	35.438693	32.911557	34.207347	0.572293
18.82	28.54	36.88	36.88	3.44	1.68	35.437011	32.911180	34.206356	0.572283
18.82	28.54	36.87	36.87	3.44	1.68	35.435326	32.910801	34.205363	0.572272
18.82	28.54	36.87	36.87	3.44	1.68	35.433639	32.910421	34.204368	0.572261
18.83	28.54	36.86	36.86	3.44	1.68	35.431950	32.910039	34.203371	0.572251
18.83	28.54	36.86	36.86	3.44	1.68	35.430259	32.909655	34.202373	0.572240
18.83	28.54	36.85	36.85	3.44	1.67	35.428566	32.909270	34.201372	0.572230
18.84	28.54	36.85	36.85	3.44	1.67	35.426870	32.908883	34.200369	0.572219
18.84	28.54	36.84	36.84	3.44	1.67	35.425172	32.908494	34.199365	0.572208
18.84	28.54	36.84	36.84	3.44	1.67	35.423472	32.908104	34.198358	0.572197
18.84	28.54	36.83	36.83	3.44	1.67	35.421770	32.907712	34.197349	0.572187
18.85	28.54	36.83	36.83	3.44	1.67	35.420065	32.907318	34.196339	0.572176
18.85	28.54	36.82	36.82	3.44	1.67	35.418359	32.906923	34.195327	0.572165
18.85	28.54	36.82	36.82	3.44	1.67	35.416650	32.906526	34.194312	0.572155
18.86	28.54	36.81	36.81	3.44	1.67	35.414939	32.906127	34.193296	0.572144
18.86	28.54	36.81	36.81	3.44	1.67	35.413225	32.905727	34.192278	0.572133
18.86	28.54	36.80	36.80	3.44	1.67	35.411510	32.905325	34.191257	0.572122
18.86	28.54	36.80	36.80	3.44	1.67	35.409792	32.904921	34.190235	0.572112
18.87	28.54	36.79	36.79	3.44	1.67	35.408072	32.904516	34.189211	0.572101
18.87	28.54	36.79	36.79	3.44	1.67	35.406350	32.904109	34.188185	0.572090
18.87	28.54	36.78	36.78	3.44	1.67	35.404625	32.903700	34.187157	0.572079
18.88	28.54	36.78	36.78	3.44	1.67	35.402899	32.903290	34.186127	0.572068
18.88	28.54	36.77	36.77	3.44	1.67	35.401170	32.902877	34.185095	0.572058
18.88	28.54	36.77	36.77	3.44	1.67	35.399439	32.902464	34.184061	0.572047
18.88	28.54	36.76	36.76	3.44	1.67	35.397706	32.902048	34.183026	0.572036
18.89	28.54	36.76	36.76	3.44	1.67	35.395970	32.901631	34.181988	0.572025
18.89	28.54	36.75	36.75	3.44	1.67	35.394233	32.901213	34.180948	0.572014
18.89	28.54	36.75	36.75	3.44	1.67	35.392493	32.900792	34.179907	0.572003
18.89	28.54	36.74	36.74	3.44	1.67	35.390751	32.900370	34.178863	0.571992
18.90	28.54	36.74	36.74	3.44	1.67	35.389007	32.899947	34.177818	0.571982
18.90	28.54	36.73	36.73	3.44	1.67	35.387260	32.899521	34.176770	0.571971
18.90	28.54	36.73	36.73	3.44	1.67	35.385512	32.899094	34.175721	0.571960
18.91	28.54	36.72	36.72	3.44	1.67	35.383761	32.898666	34.174669	0.571949
18.91	28.54	36.72	36.72	3.44	1.67	35.382008	32.898235	34.173616	0.571938
18.91	28.54	36.71	36.71	3.44	1.67	35.380252	32.897803	34.172561	0.571927
18.91	28.54	36.71	36.71	3.44	1.67	35.378495	32.897370	34.171504	0.571916
18.92	28.54	36.70	36.70	3.44	1.67	35.376735	32.896935	34.170445	0.571905
18.92	28.54	36.70	36.70	3.44	1.67	35.374973	32.896498	34.169384	0.571894
18.92	28.54	36.69	36.69	3.44	1.67	35.373209	32.896059	34.168321	0.571883
18.93	28.54	36.69	36.69	3.44	1.67	35.371443	32.895619	34.167256	0.571872
18.93	28.54	36.68	36.68	3.44	1.67	35.369674	32.895177	34.166189	0.571861
18.93	28.54	36.68	36.68	3.44	1.67	35.367903	32.894734	34.165120	0.571850
18.93	28.54	36.67	36.67	3.44	1.67	35.366130	32.894288	34.164050	0.571839
18.94	28.54	36.67	36.67	3.44	1.67	35.364355	32.893842	34.162977	0.571828
18.94	28.54	36.67	36.67	3.43	1.67	35.362578	32.893393	34.161902	0.571817
18.94	28.54	36.66	36.66	3.43	1.67	35.360798	32.892943	34.160826	0.571806
18.94	28.54	36.66	36.66	3.43	1.67	35.359016	32.892491	34.159747	0.571795
18.95	28.54	36.65	36.65	3.43	1.67	35.357232	32.892038	34.158667	0.571784
18.95	28.54	36.65	36.65	3.43	1.66	35.355446	32.891583	34.157585	0.571773
18.95	28.54	36.64	36.64	3.43	1.66	35.353658	32.891126	34.156500	0.571761
18.96	28.54	36.64	36.64	3.43	1.66	35.351867	32.890668	34.155414	0.571750
18.96	28.54	36.63	36.63	3.43	1.66	35.350074	32.890208	34.154326	0.571739
18.96	28.54	36.63	36.63	3.43	1.66	35.348279	32.889746	34.153236	0.571728
18.96	28.54	36.62	36.62	3.43	1.66	35.346482	32.889283	34.152144	0.571717
18.97	28.54	36.62	36.62	3.43	1.66	35.344683	32.888818	34.151050	0.571706
18.97	28.54	36.61	36.61	3.43	1.66	35.342881	32.888352	34.149954	0.571695
18.97	28.54	36.61	36.61	3.43	1.66	35.341077	32.887884	34.148856	0.571683
18.98	28.54	36.60	36.60	3.43	1.66	35.339271	32.887414	34.147757	0.571672
18.98	28.54	36.60	36.60	3.43	1.66	35.337463	32.886942	34.146655	0.571661
18.98	28.54	36.59	36.59	3.43	1.66	35.335652	32.886469	34.145551	0.571650
18.98	28.54	36.59	36.59	3.43	1.66	35.333839	32.885995	34.144446	0.571639
18.99	28.54	36.58	36.58	3.43	1.66	35.332025	32.885518	34.143338	0.571627
18.99	28.54	36.58	36.58	3.43	1.66	35.330207	32.885040	34.142229	0.571616
18.99	28.54	36.57	36.57	3.43	1.66	35.328388	32.884561	34.141118	0.571605
18.99	28.54	36.57	36.57	3.43	1.66	35.326567	32.884080	34.140005	0.571594
19.00	28.54	36.56	36.56	3.43	1.66	35.324743	32.883597	34.138889	0.571582
19.00	28.54	36.56	36.56	3.43	1.66	35.322917	32.883112	34.137772	0.571571
19.00	28.54	36.55	36.55	3.43	1.66	35.321089	32.882626	34.136653	0.571560
19.01	28.54	36.55	36.55	3.43	1.66	35.319258	32.882138	34.135532	0.571549
19.01	28.54	36.54	36.54	3.43	1.66	35.317426	32.881649	34.134409	0.571537
19.01	28.54	36.54	36.54	3.43	1.66	35.315591	32.881158	34.133285	0.571526
19.01	28.54	36.53	36.53	3.43	1.66	35.313754	32.880665	34.132158	0.571515
19.02	28.54	36.53	36.53	3.43	1.66	35.311915	32.880171	34.131029	0.571503
19.02	28.54	36.52	36.52	3.43	1.66	35.310074	32.879675	34.129899	0.571492
19.02	28.54	36.52	36.52	3.43	1.66	35.308230	32.879178	34.128766	0.571481
19.02	28.54	36.51	36.51	3.43	1.66	35.306384	32.878679	34.127632	0.571469
19.03	28.54	36.51	36.51	3.43	1.66	35.304536	32.878178	34.126495	0.571458
19.03	28.54	36.50	36.50	3.43	1.66	35.302686	32.877675	34.125357	0.571446
19.03	28.54	36.50	36.50	3.43	1.66	35.300834	32.877171	34.124217	0.571435
19.04	28.54	36.49	36.49	3.43	1.66	35.298979	32.876666	34.123075	0.571424
19.04	28.54	36.49	36.49	3.43	1.66	35.297122	32.876159	34.121931	0.571412
19.04	28.54	36.48	36.48	3.43	1.66	35.295263	32.875650	34.120785	0.571401
19.04	28.54	36.47	36.47	3.43	1.66	35.293402	32.875139	34.119637	0.571389
19.05	28.54	36.47	36.47	3.43	1.66	35.291539	32.874627	34.118487	0.571378
19.05	28.54	36.46	36.46	3.43	1.66	35.289673	32.874113	34.117336	0.571366
19.05	28.54	36.46	36.46	3.43	1.66	35.287805	32.873598	34.116182	0.571355
19.06	28.54	36.45	36.45	3.43	1.66	35.285935	32.873081	34.115026	0.571343
19.06	28.54	36.45	36.45	3.43	1.66	35.284063	32.872563	34.113869	0.571332
19.06	28.54	36.44	36.44	3.43	1.65	35.282189	32.872042	34.112710	0.571320
19.06	28.54	36.44	36.44	3.43	1.65	35.280312	32.871521	34.111548	0.571309
19.07	28.54	36.43	36.43	3.43	1.65	35.278433	32.870997	34.110385	0.571297
19.07	28.54	36.43	36.43	3.43	1.65	35.276552	32.870472	34.109220	0.571286
19.07	28.54	36.42	36.42	3.43	1.65	35.274669	32.869945	34.108053	0.571274
19.07	28.54	36.42	36.42	3.43	1.65	35.272784	32.869417	34.106884	0.571263
19.08	28.54	36.41	36.41	3.43	1.65	35.270896	32.868887	34.105713	0.571251
19.08	28.54	36.41	36.41	3.43	1.65	35.269006	32.868356	34.104540	0.571239
19.08	28.54	36.40	36.40	3.43	1.65	35.267114	32.867823	34.103365	0.571228
19.09	28.54	36.40	36.40	3.43	1.65	35.265220	32.867288	34.102189	0.571216
19.09	28.54	36.39	36.39	3.43	1.65	35.263323	32.866752	34.101010	0.571205
19.09	28.54	36.39	36.39	3.43	1.65	35.261425	32.866214	34.099830	0.571193
19.09	28.54	36.38	36.38	3.43	1.65	35.259524	32.865674	34.098647	0.571181
19.10	28.54	36.38	36.38	3.43	1.65	35.257621	32.865133	34.097463	0.571170
19.10	28.54	36.37	36.37	3.43	1.65	35.255716	32.864591	34.096277	0.571158
19.10	28.54	36.37	36.37	3.43	1.65	35.253808	32.864046	34.095089	0.571146
19.11	28.54	36.36	36.36	3.43	1.65	35.251899	32.863500	34.093899	0.571135
19.11	28.54	36.36	36.36	3.43	1.65	35.249987	32.862953	34.092707	0.571123
19.11	28.54	36.35	36.35	3.43	1.65	35.248073	32.862404	34.091513	0.571111
19.11	28.54	36.35	36.35	3.43	1.65	35.246157	32.861853	34.090317	0.571100
19.12	28.54	36.34	36.34	3.43	1.65	35.244238	32.861300	34.089120	0.571088
19.12	28.54	36.34	36.34	3.43	1.65	35.242318	32.860747	34.087920	0.571076
19.12	28.54	36.33	36.33	3.43	1.65	35.240395	32.860191	34.086718	0.571064
19.12	28.54	36.33	36.33	3.43	1.65	35.238470	32.859634	34.085515	0.571053
19.13	28.54	36.32	36.32	3.43	1.65	35.236543	32.859075	34.084310	0.571041
19.13	28.54	36.32	36.32	3.43	1.65	35.234613	32.858515	34.083103	0.571029
19.13	28.54	36.31	36.31	3.43	1.65	35.232682	32.857953	34.081893	0.571017
19.14	28.54	36.31	36.31	3.43	1.65	35.230748	32.857389	34.080682	0.571005
19.14	28.54	36.30	36.30	3.43	1.65	35.228812	32.856824	34.079470	0.570993
19.14	28.54	36.30	36.30	3.43	1.65	35.226874	32.856257	34.078255	0.570982
19.14	28.54	36.29	36.29	3.43	1.65	35.224934	32.855689	34.077038	0.570970
19.15	28.54	36.29	36.29	3.43	1.65	35.222991	32.855119	34.075819	0.570958
19.15	28.54	36.28	36.28	3.43	1.65	35.221046	32.854548	34.074599	0.570946
19.15	28.54	36.28	36.28	3.43	1.65	35.219099	32.853974	34.073376	0.570934
19.16	28.54	36.27	36.27	3.43	1.65	35.217150	32.853400	34.072152	0.570922
19.16	28.54	36.27	36.27	3.43	1.65	35.215199	32.852823	34.070926	0.570910
19.16	28.54	36.26	36.26	3.43	1.65	35.213245	32.852245	34.069698	0.570899
19.16	28.54	36.26	36.26	3.43	1.65	35.211290	32.851666	34.068467	0.570887
19.17	28.54	36.25	36.25	3.43	1.65	35.209332	32.851085	34.067236	0.570875
19.17	28.54	36.24	36.24	3.43	1.64	35.207372	32.850502	34.066002	0.570863
19.17	28.54	36.24	36.24	3.43	1.64	35.205409	32.849918	34.064766	0.570851
19.18	28.54	36.23	36.23	3.43	1.64	35.203445	32.849332	34.063528	0.570839
19.18	28.54	36.23	36.23	3.43	1.64	35.201478	32.848745	34.062289	0.570827
19.18	28.54	36.22	36.22	3.43	1.64	35.199509	32.848156	34.061047	0.570815
19.18	28.54	36.22	36.22	3.43	1.64	35.197538	32.847565	34.059804	0.570803
19.19	28.54	36.21	36.21	3.43	1.64	35.195565	32.846973	34.058559	0.570791
19.19	28.54	36.21	36.21	3.43	1.64	35.193590	32.846379	34.057311	0.570779
19.19	28.54	36.20	36.20	3.43	1.64	35.191612	32.845784	34.056062	0.570767
19.19	28.54	36.20	36.20	3.43	1.64	35.189632	32.845187	34.054811	0.570755
19.20	28.54	36.19	36.19	3.43	1.64	35.187650	32.844588	34.053559	0.570743
19.20	28.54	36.19	36.19	3.43	1.64	35.185666	32.843988	34.052304	0.570731
19.20	28.54	36.18	36.18	3.43	1.64	35.183680	32.843387	34.051047	0.570718
19.21	28.54	36.18	36.18	3.43	1.64	35.181691	32.842783	34.049789	0.570706
19.21	28.54	36.17	36.17	3.43	1.64	35.179700	32.842178	34.048528	0.570694
19.21	28.54	36.17	36.17	3.43	1.64	35.177707	32.841572	34.047266	0.570682
19.21	28.54	36.16	36.16	3.43	1.64	35.175712	32.840964	34.046002	0.570670
19.22	28.54	36.16	36.16	3.43	1.64	35.173715	32.840354	34.044736	0.570658
19.22	28.54	36.15	36.15	3.43	1.64	35.171715	32.839743	34.043468	0.570646
19.22	28.54	36.15	36.15	3.43	1.64	35.169714	32.839130	34.042198	0.570634
19.23	28.54	36.14	36.14	3.43	1.64	35.167710	32.838516	34.040926	0.570621
19.23	28.54	36.14	36.14	3.43	1.64	35.165704	32.837900	34.039652	0.570609
19.23	28.54	36.13	36.13	3.43	1.64	35.163696	32.837283	34.038377	0.570597
19.23	28.54	36.13	36.13	3.43	1.64	35.161685	32.836664	34.037099	0.570585
19.24	28.54	36.12	36.12	3.43	1.64	35.159673	32.836043	34.035820	0.570573
19.24	28.54	36.11	36.11	3.43	1.64	35.157658	32.835421	34.034539	0.570560
19.24	28.54	36.11	36.11	3.43	1.64	35.155641	32.834797	34.033255	0.570548
19.24	28.54	36.10	36.10	3.43	1.64	35.153622	32.834172	34.031970	0.570536
19.25	28.54	36.10	36.10	3.43	1.64	35.151600	32.833545	34.030684	0.570524
19.25	28.54	36.09	36.09	3.43	1.64	35.149577	32.832916	34.029395	0.570511
19.25	28.54	36.09	36.09	3.43	1.64	35.147551	32.832286	34.028104	0.570499
19.26	28.54	36.08	36.08	3.43	1.64	35.145523	32.831655	34.026812	0.570487
19.26	28.54	36.08	36.08	3.43	1.64	35.143493	32.831021	34.025517	0.570474
19.26	28.54	36.07	36.07	3.43	1.64	35.141461	32.830387	34.024221	0.570462
19.26	28.54	36.07	36.07	3.43	1.64	35.139426	32.829750	34.022922	0.570450
19.27	28.54	36.06	36.06	3.43	1.64	35.137390	32.829112	34.021622	0.570437
19.27	28.54	36.06	36.06	3.43	1.64	35.135351	32.828473	34.020320	0.570425
19.27	28.54	36.05	36.05	3.43	1.64	35.133310	32.827832	34.019017	0.570413
19.27	28.54	36.05	36.05	3.43	1.63	35.131267	32.827189	34.017711	0.570400
19.28	28.54	36.04	36.04	3.43	1.63	35.129222	32.826545	34.016403	0.570388
19.28	28.54	36.04	36.04	3.43	1.63	35.127174	32.825899	34.015094	0.570375
19.28	28.54	36.03	36.03	3.43	1.63	35.125124	32.825252	34.013782	0.570363
19.29	28.54	36.03	36.03	3.43	1.63	35.123073	32.824603	34.012469	0.570351
19.29	28.54	36.02	36.02	3.43	1.63	35.121018	32.823953	34.011154	0.570338
19.29	28.54	36.01	36.01	3.43	1.63	35.118962	32.823301	34.009837	0.570326
19.29	28.54	36.01	36.01	3.43	1.63	35.116904	32.822647	34.008518	0.570313
19.30	28.54	36.00	36.00	3.43	1.63	35.114843	32.821992	34.007197	0.570301
19.30	28.54	36.00	36.00	3.43	1.63	35.112781	32.821335	34.005874	0.570288
19.30	28.54	35.99	35.99	3.43	1.63	35.110716	32.820677	34.004550	0.570276
19.31	28.54	35.99	35.99	3.43	1.63	35.108649	32.820017	34.003223	0.570263
19.31	28.54	35.98	35.98	3.43	1.63	35.106579	32.819356	34.001895	0.570251
19.31	28.54	35.98	35.98	3.43	1.63	35.104508	32.818693	34.000565	0.570238
19.31	28.54	35.97	35.97	3.43	1.63	35.102434	32.818029	33.999233	0.570226
19.32	28.54	35.97	35.97	3.43	1.63	35.100358	32.817363	33.997899	0.570213
19.32	28.54	35.96	35.96	3.43	1.63	35.098280	32.816695	33.996563	0.570200
19.32	28.54	35.96	35.96	3.43	1.63	35.096200	32.816026	33.995225	0.570188
19.32	28.54	35.95	35.95	3.43	1.63	35.094118	32.815355	33.993886	0.570175
19.33	28.54	35.95	35.95	3.43	1.63	35.092034	32.814683	33.992544	0.570163
19.33	28.54	35.94	35.94	3.43	1.63	35.089947	32.814009	33.991201	0.570150
19.33	28.54	35.94	35.94	3.43	1.63	35.087858	32.813334	33.989856	0.570137
19.34	28.54	35.93	35.93	3.43	1.63	35.085767	32.812657	33.988509	0.570125
19.34	28.54	35.92	35.92	3.43	1.63	35.083674	32.811979	33.987160	0.570112
19.34	28.54	35.92	35.92	3.43	1.63	35.081579	32.811299	33.985809	0.570099
19.34	28.54	35.91	35.91	3.43	1.63	35.079481	32.810617	33.984456	0.570087
19.35	28.54	35.91	35.91	3.43	1.63	35.077381	32.809934	33.983102	0.570074
19.35	28.54	35.90	35.90	3.43	1.63	35.075280	32.809249	33.981745	0.570061
19.35	28.54	35.90	35.90	3.43	1.63	35.073176	32.808563	33.980387	0.570049
19.36	28.54	35.89	35.89	3.43	1.63	35.071069	32.807875	33.979027	0.570036
19.36	28.54	35.89	35.89	3.43	1.63	35.068961	32.807186	33.977665	0.570023
19.36	28.54	35.88	35.88	3.43	1.63	35.066851	32.806495	33.976301	0.570010
19.36	28.54	35.88	35.88	3.43	1.63	35.064738	32.805803	33.974935	0.569998
19.37	28.54	35.87	35.87	3.43	1.63	35.062623	32.805109	33.973567	0.569985
19.37	28.54	35.87	35.87	3.43	1.63	35.060506	32.804413	33.972198	0.569972
19.37	28.54	35.86	35.86	3.43	1.63	35.058387	32.803716	33.970826	0.569959
19.38	28.54	35.86	35.86	3.43	1.62	35.056266	32.803018	33.969453	0.569946
19.38	28.54	35.85	35.85	3.43	1.62	35.054142	32.802317	33.968078	0.569933
19.38	28.54	35.84	35.84	3.43	1.62	35.052016	32.801616	33.966701	0.569921
19.38	28.54	35.84	35.84	3.43	1.62	35.049889	32.800913	33.965322	0.569908
19.39	28.54	35.83	35.83	3.43	1.62	35.047759	32.800208	33.963942	0.569895
19.39	28.54	35.83	35.83	3.43	1.62	35.045626	32.799501	33.962559	0.569882
19.39	28.54	35.82	35.82	3.43	1.62	35.043492	32.798794	33.961175	0.569869
19.39	28.54	35.82	35.82	3.43	1.62	35.041356	32.798084	33.959788	0.569856
19.40	28.54	35.81	35.81	3.43	1.62	35.039217	32.797373	33.958400	0.569843
19.40	28.54	35.81	35.81	3.43	1.62	35.037076	32.796661	33.957010	0.569830
19.40	28.54	35.80	35.80	3.43	1.62	35.034933	32.795947	33.955618	0.569817
19.41	28.54	35.80	35.80	3.43	1.62	35.032788	32.795231	33.954225	0.569804
19.41	28.54	35.79	35.79	3.43	1.62	35.030641	32.794514	33.952829	0.569792
19.41	28.54	35.79	35.79	3.43	1.62	35.028491	32.793796	33.951432	0.569779
19.41	28.54	35.78	35.78	3.43	1.62	35.026340	32.793075	33.950032	0.569766
19.42	28.54	35.77	35.77	3.43	1.62	35.024186	32.792354	33.948631	0.569753
19.42	28.54	35.77	35.77	3.43	1.62	35.022030	32.791631	33.947228	0.569740
19.42	28.54	35.76	35.76	3.43	1.62	35.019872	32.790906	33.945823	0.569727
19.43	28.54	35.76	35.76	3.43	1.62	35.017712	32.790179	33.944416	0.569713
19.43	28.54	35.75	35.75	3.43	1.62	35.015550	32.789452	33.943008	0.569700
19.43	28.54	35.75	35.75	3.43	1.62	35.013385	32.788722	33.941597	0.569687
19.43	28.54	35.74	35.74	3.43	1.62	35.011218	32.787991	33.940185	0.569674
19.44	28.54	35.74	35.74	3.43	1.62	35.009050	32.787259	33.938771	0.569661
19.44	28.54	35.73	35.73	3.43	1.62	35.006879	32.786525	33.937355	0.569648
19.44	28.54	35.73	35.73	3.43	1.62	35.004705	32.785790	33.935937	0.569635
19.44	28.54	35.72	35.72	3.43	1.62	35.002530	32.785052	33.934517	0.569622
19.45	28.54	35.72	35.72	3.43	1.62	35.000353	32.784314	33.933096	0.569609
19.45	28.54	35.71	35.71	3.43	1.62	34.998173	32.783574	33.931672	0.569596
19.45	28.54	35.70	35.70	3.43	1.62	34.995991	32.782832	33.930247	0.569582
19.46	28.54	35.70	35.70	3.43	1.62	34.993807	32.782089	33.928820	0.569569
19.46	28.54	35.69	35.69	3.43	1.62	34.991621	32.781344	33.927391	0.569556
19.46	28.54	35.69	35.69	3.43	1.62	34.989433	32.780598	33.925960	0.569543
19.46	28.54	35.68	35.68	3.43	1.62	34.987243	32.779851	33.924527	0.569530
19.47	28.54	35.68	35.68	3.43	1.62	34.985050	32.779101	33.923093	0.569516
19.47	28.54	35.67	35.67	3.43	1.62	34.982856	32.778351	33.921657	0.569503
19.47	28.54	35.67	35.67	3.43	1.61	34.980659	32.777598	33.920218	0.569490
19.48	28.54	35.66	35.66	3.43	1.61	34.978460	32.776844	33.918778	0.569477
19.48	28.54	35.66	35.66	3.43	1.61	34.976259	32.776089	33.917336	0.569463
19.48	28.54	35.65	35.65	3.43	1.61	34.974056	32.775332	33.915893	0.569450
19.48	28.54	35.64	35.64	3.43	1.61	34.971850	32.774574	33.914447	0.569437
19.49	28.54	35.64	35.64	3.43	1.61	34.969643	32.773814	33.913000	0.569423
19.49	28.54	35.63	35.63	3.43	1.61	34.967433	32.773052	33.911550	0.569410
19.49	28.54	35.63	35.63	3.43	1.61	34.965221	32.772290	33.910099	0.569397
19.49	28.54	35.62	35.62	3.43	1.61	34.963007	32.771525	33.908646	0.569383
19.50	28.54	35.62	35.62	3.43	1.61	34.960791	32.770759	33.907191	0.569370
19.50	28.54	35.61	35.61	3.43	1.61	34.958573	32.769992	33.905735	0.569357
19.50	28.54	35.61	35.61	3.43	1.61	34.956352	32.769223	33.904276	0.569343
19.51	28.54	35.60	35.60	3.43	1.61	34.954130	32.768452	33.902816	0.569330
19.51	28.54	35.60	35.60	3.43	1.61	34.951905	32.767680	33.901354	0.569316
19.51	28.54	35.59	35.59	3.43	1.61	34.949678	32.766906	33.899889	0.569303
19.51	28.54	35.58	35.58	3.43	1.61	34.947449	32.766131	33.898424	0.569289
19.52	28.54	35.58	35.58	3.43	1.61	34.945218	32.765355	33.896956	0.569276
19.52	28.54	35.57	35.57	3.43	1.61	34.942985	32.764576	33.895486	0.569263
19.52	28.54	35.57	35.57	3.43	1.61	34.940750	32.763797	33.894015	0.569249
19.52	28.54	35.56	35.56	3.43	1.61	34.938512	32.763016	33.892542	0.569236
19.53	28.54	35.56	35.56	3.43	1.61	34.936272	32.762233	33.891067	0.569222
19.53	28.54	35.55	35.55	3.43	1.61	34.934031	32.761449	33.889590	0.569209
19.53	28.54	35.55	35.55	3.43	1.61	34.931787	32.760663	33.888111	0.569195
19.54	28.54	35.54	35.54	3.43	1.61	34.929541	32.759876	33.886630	0.569181
19.54	28.54	35.53	35.53	3.43	1.61	34.927292	32.759087	33.885148	0.569168
19.54	28.54	35.53	35.53	3.43	1.61	34.925042	32.758297	33.883664	0.569154
19.54	28.54	35.52	35.52	3.43	1.61	34.922790	32.757505	33.882178	0.569141
19.55	28.54	35.52	35.52	3.43	1.61	34.920535	32.756712	33.880690	0.569127
19.55	28.54	35.51	35.51	3.43	1.61	34.918278	32.755917	33.879200	0.569114
19.55	28.54	35.51	35.51	3.43	1.61	34.916019	32.755121	33.877708	0.569100
19.56	28.54	35.50	35.50	3.43	1.61	34.913758	32.754323	33.876215	0.569086
19.56	28.54	35.50	35.50	3.43	1.61	34.911495	32.753524	33.874720	0.569073
19.56	28.54	35.49	35.49	3.43	1.61	34.909230	32.752723	33.873223	0.569059
19.56	28.54	35.49	35.49	3.42	1.61	34.906963	32.751921	33.871724	0.569045
19.57	28.54	35.48	35.48	3.42	1.60	34.904693	32.751117	33.870223	0.569032
19.57	28.54	35.47	35.47	3.42	1.60	34.902421	32.750312	33.868720	0.569018
19.57	28.54	35.47	35.47	3.42	1.60	34.900148	32.749505	33.867216	0.569004
19.57	28.54	35.46	35.46	3.42	1.60	34.897872	32.748696	33.865710	0.568990
19.58	28.54	35.46	35.46	3.42	1.60	34.895594	32.747887	33.864202	0.568977
19.58	28.54	35.45	35.45	3.42	1.60	34.893314	32.747075	33.862692	0.568963
19.58	28.54	35.45	35.45	3.42	1.60	34.891031	32.746262	33.861180	0.568949
19.59	28.54	35.44	35.44	3.42	1.60	34.888747	32.745448	33.859667	0.568935
19.59	28.54	35.44	35.44	3.42	1.60	34.886460	32.744632	33.858151	0.568922
19.59	28.54	35.43	35.43	3.42	1.60	34.884172	32.743815	33.856634	0.568908
19.59	28.54	35.42	35.42	3.42	1.60	34.881881	32.742996	33.855115	0.568894
19.60	28.54	35.42	35.42	3.42	1.60	34.879588	32.742176	33.853594	0.568880
19.60	28.54	35.41	35.41	3.42	1.60	34.877293	32.741354	33.852072	0.568866
19.60	28.54	35.41	35.41	3.42	1.60	34.874996	32.740531	33.850547	0.568852
19.61	28.54	35.40	35.40	3.42	1.60	34.872696	32.739706	33.849021	0.568838
19.61	28.54	35.40	35.40	3.42	1.60	34.870395	32.738879	33.847493	0.568825
19.61	28.54	35.39	35.39	3.42	1.60	34.868091	32.738052	33.845963	0.568811
19.61	28.54	35.39	35.39	3.42	1.60	34.865786	32.737222	33.844431	0.568797
19.62	28.54	35.38	35.38	3.42	1.60	34.863478	32.736391	33.842897	0.568783
19.62	28.54	35.37	35.37	3.42	1.60	34.861168	32.735559	33.841362	0.568769
19.62	28.54	35.37	35.37	3.42	1.60	34.858856	32.734725	33.839825	0.568755
19.62	28.54	35.36	35.36	3.42	1.60	34.856542	32.733890	33.838286	0.568741
19.63	28.54	35.36	35.36	3.42	1.60	34.854226	32.733053	33.836745	0.568727
19.63	28.54	35.35	35.35	3.42	1.60	34.851907	32.732215	33.835202	0.568713
19.63	28.54	35.35	35.35	3.42	1.60	34.849587	32.731375	33.833658	0.568699
19.64	28.54	35.34	35.34	3.42	1.60	34.847264	32.730534	33.832111	0.568685
19.64	28.54	35.34	35.34	3.42	1.60	34.844939	32.729691	33.830563	0.568671
19.64	28.54	35.33	35.33	3.42	1.60	34.842613	32.728847	33.829013	0.568657
19.64	28.54	35.32	35.32	3.42	1.60	34.840284	32.728001	33.827461	0.568643
19.65	28.54	35.32	35.32	3.42	1.60	34.837953	32.727154	33.825908	0.568629
19.65	28.54	35.31	35.31	3.42	1.60	34.835619	32.726305	33.824352	0.568615
19.65	28.54	35.31	35.31	3.42	1.60	34.833284	32.725455	33.822795	0.568600
19.66	28.54	35.30	35.30	3.42	1.60	34.830947	32.724603	33.821236	0.568586
19.66	28.54	35.30	35.30	3.42	1.60	34.828607	32.723750	33.819675	0.568572
19.66	28.54	35.29	35.29	3.42	1.59	34.826266	32.722895	33.818113	0.568558
19.66	28.54	35.28	35.28	3.42	1.59	34.823922	32.722039	33.816548	0.568544
19.67	28.54	35.28	35.28	3.42	1.59	34.821576	32.721181	33.814982	0.568530
19.67	28.54	35.27	35.27	3.42	1.59	34.819228	32.720322	33.813414	0.568516
19.67	28.54	35.27	35.27	3.42	1.59	34.816878	32.719461	33.811844	0.568501
19.68	28.54	35.26	35.26	3.42	1.59	34.814526	32.718599	33.810272	0.568487
19.68	28.54	35.26	35.26	3.42	1.59	34.812172	32.717736	33.808699	0.568473
19.68	28.54	35.25	35.25	3.42	1.59	34.809815	32.716871	33.807124	0.568459
19.68	28.54	35.25	35.25	3.42	1.59	34.807457	32.716004	33.805547	0.568444
19.69	28.54	35.24	35.24	3.42	1.59	34.805096	32.715136	33.803968	0.568430
19.69	28.54	35.23	35.23	3.42	1.59	34.802733	32.714266	33.802387	0.568416
19.69	28.54	35.23	35.23	3.42	1.59	34.800369	32.713395	33.800804	0.568402
19.69	28.54	35.22	35.22	3.42	1.59	34.798002	32.712523	33.799220	0.568387
19.70	28.54	35.22	35.22	3.42	1.59	34.795633	32.711649	33.797634	0.568373
19.70	28.54	35.21	35.21	3.42	1.59	34.793262	32.710773	33.796046	0.568359
19.70	28.54	35.21	35.21	3.42	1.59	34.790888	32.709896	33.794456	0.568344
19.71	28.54	35.20	35.20	3.42	1.59	34.788513	32.709018	33.792865	0.568330
19.71	28.54	35.20	35.20	3.42	1.59	34.786136	32.708138	33.791271	0.568315
19.71	28.54	35.19	35.19	3.42	1.59	34.783756	32.707257	33.789676	0.568301
19.71	28.54	35.18	35.18	3.42	1.59	34.781375	32.706374	33.788079	0.568287
19.72	28.54	35.18	35.18	3.42	1.59	34.778991	32.705489	33.786480	0.568272
19.72	28.54	35.17	35.17	3.42	1.59	34.776605	32.704604	33.784880	0.568258
19.72	28.54	35.17	35.17	3.42	1.59	34.774217	32.703716	33.783278	0.568243
19.73	28.54	35.16	35.16	3.42	1.59	34.771827	32.702828	33.781673	0.568229
19.73	28.54	35.16	35.16	3.42	1.59	34.769435	32.701937	33.780068	0.568214
19.73	28.54	35.15	35.15	3.42	1.59	34.767041	32.701046	33.778460	0.568200
19.73	28.54	35.14	35.14	3.42	1.59	34.764644	32.700152	33.776850	0.568185
19.74	28.54	35.14	35.14	3.42	1.59	34.762246	32.699258	33.775239	0.568171
19.74	28.54	35.13	35.13	3.42	1.59	34.759846	32.698362	33.773626	0.568156
19.74	28.54	35.13	35.13	3.42	1.59	34.757443	32.697464	33.772011	0.568142
19.74	28.54	35.12	35.12	3.42	1.59	34.755038	32.696565	33.770394	0.568127
19.75	28.54	35.12	35.12	3.42	1.59	34.752632	32.695664	33.768776	0.568113
19.75	28.54	35.11	35.11	3.42	1.58	34.750223	32.694762	33.767155	0.568098
19.75	28.54	35.10	35.10	3.42	1.58	34.747812	32.693859	33.765533	0.568083
19.76	28.54	35.10	35.10	3.42	1.58	34.745399	32.692954	33.763909	0.568069
19.76	28.54	35.09	35.09	3.42	1.58	34.742984	32.692047	33.762284	0.568054
19.76	28.54	35.09	35.09	3.42	1.58	34.740566	32.691139	33.760656	0.568040
19.76	28.54	35.08	35.08	3.42	1.58	34.738147	32.690230	33.759027	0.568025
19.77	28.54	35.08	35.08	3.42	1.58	34.735726	32.689319	33.757396	0.568010
19.77	28.54	35.07	35.07	3.42	1.58	34.733302	32.688407	33.755763	0.567996
19.77	28.54	35.06	35.06	3.42	1.58	34.730877	32.687493	33.754128	0.567981
19.77	28.54	35.06	35.06	3.42	1.58	34.728449	32.686578	33.752492	0.567966
19.78	28.54	35.05	35.05	3.42	1.58	34.726019	32.685661	33.750854	0.567951
19.78	28.54	35.05	35.05	3.42	1.58	34.723588	32.684743	33.749214	0.567937
19.78	28.54	35.04	35.04	3.42	1.58	34.721154	32.683823	33.747572	0.567922
19.79	28.54	35.04	35.04	3.42	1.58	34.718718	32.682902	33.745928	0.567907
19.79	28.54	35.03	35.03	3.42	1.58	34.716280	32.681980	33.744283	0.567892
19.79	28.54	35.02	35.02	3.42	1.58	34.713839	32.681056	33.742636	0.567878
19.79	28.54	35.02	35.02	3.42	1.58	34.711397	32.680130	33.740987	0.567863
19.80	28.54	35.01	35.01	3.42	1.58	34.708953	32.679203	33.739336	0.567848
19.80	28.54	35.01	35.01	3.42	1.58	34.706507	32.678275	33.737684	0.567833
19.80	28.54	35.00	35.00	3.42	1.58	34.704058	32.677345	33.736029	0.567818
19.81	28.54	35.00	35.00	3.42	1.58	34.701608	32.676414	33.734373	0.567803
19.81	28.54	34.99	34.99	3.42	1.58	34.699155	32.675481	33.732716	0.567788
19.81	28.54	34.98	34.98	3.42	1.58	34.696700	32.674547	33.731056	0.567774
19.81	28.54	34.98	34.98	3.42	1.58	34.694243	32.673611	33.729395	0.567759
19.82	28.54	34.97	34.97	3.42	1.58	34.691785	32.672674	33.727731	0.567744
19.82	28.54	34.97	34.97	3.42	1.58	34.689324	32.671735	33.726066	0.567729
19.82	28.54	34.96	34.96	3.42	1.58	34.686861	32.670795	33.724400	0.567714
19.82	28.54	34.96	34.96	3.42	1.58	34.684396	32.669853	33.722731	0.567699
19.83	28.54	34.95	34.95	3.42	1.58	34.681929	32.668910	33.721061	0.567684
19.83	28.54	34.94	34.94	3.42	1.58	34.679459	32.667966	33.719389	0.567669
19.83	28.54	34.94	34.94	3.42	1.58	34.676988	32.667020	33.717715	0.567654
19.84	28.54	34.93	34.93	3.42	1.57	34.674515	32.666073	33.716039	0.567639
19.84	28.54	34.93	34.93	3.42	1.57	34.672039	32.665124	33.714362	0.567624
19.84	28.54	34.92	34.92	3.42	1.57	34.669562	32.664174	33.712683	0.567609
19.84	28.54	34.92	34.92	3.42	1.57	34.667082	32.663222	33.711002	0.567594
19.85	28.54	34.91	34.91	3.42	1.57	34.664601	32.662269	33.709319	0.567579
19.85	28.54	34.90	34.90	3.42	1.57	34.662117	32.661314	33.707635	0.567563
19.85	28.54	34.90	34.90	3.42	1.57	34.659631	32.660358	33.705948	0.567548
19.86	28.54	34.89	34.89	3.42	1.57	34.657143	32.659400	33.704260	0.567533
19.86	28.54	34.89	34.89	3.42	1.57	34.654653	32.658441	33.702571	0.567518
19.86	28.54	34.88	34.88	3.42	1.57	34.652161	32.657481	33.700879	0.567503
19.86	28.54	34.88	34.88	3.42	1.57	34.649667	32.656519	33.699186	0.567488
19.87	28.54	34.87	34.87	3.42	1.57	34.647171	32.655556	33.697491	0.567472
19.87	28.54	34.86	34.86	3.42	1.57	34.644673	32.654591	33.695794	0.567457
19.87	28.54	34.86	34.86	3.42	1.57	34.642173	32.653625	33.694095	0.567442
19.88	28.54	34.85	34.85	3.42	1.57	34.639671	32.652657	33.692395	0.567427
19.88	28.54	34.85	34.85	3.42	1.57	34.637166	32.651688	33.690692	0.567412
19.88	28.54	34.84	34.84	3.42	1.57	34.634660	32.650717	33.688988	0.567396
19.88	28.54	34.84	34.84	3.42	1.57	34.632151	32.649745	33.687283	0.567381
19.89	28.54	34.83	34.83	3.42	1.57	34.629641	32.648772	33.685575	0.567366
19.89	28.54	34.82	34.82	3.42	1.57	34.627128	32.647797	33.683866	0.567350
19.89	28.54	34.82	34.82	3.42	1.57	34.624614	32.646821	33.682155	0.567335
19.89	28.54	34.81	34.81	3.42	1.57	34.622097	32.645843	33.680442	0.567320
19.90	28.54	34.81	34.81	3.42	1.57	34.619578	32.644864	33.678728	0.567304
19.90	28.54	34.80	34.80	3.42	1.57	34.617057	32.643883	33.677011	0.567289
19.90	28.54	34.79	34.79	3.42	1.57	34.614534	32.642901	33.675293	0.567274
19.91	28.54	34.79	34.79	3.42	1.57	34.612010	32.641917	33.673574	0.567258
19.91	28.54	34.78	34.78	3.42	1.57	34.609483	32.640932	33.671852	0.567243
19.91	28.54	34.78	34.78	3.42	1.57	34.606954	32.639946	33.670129	0.567227
19.91	28.54	34.77	34.77	3.42	1.57	34.604423	32.638958	33.668404	0.567212
19.92	28.54	34.77	34.77	3.42	1.57	34.601889	32.637969	33.666677	0.567196
19.92	28.54	34.76	34.76	3.42	1.56	34.599354	32.636978	33.664948	0.567181
19.92	28.54	34.75	34.75	3.42	1.56	34.596817	32.635986	33.663218	0.567165
19.93	28.54	34.75	34.75	3.42	1.56	34.594278	32.634992	33.661486	0.567150
19.93	28.54	34.74	34.74	3.42	1.56	34.591736	32.633997	33.659752	0.567134
19.93	28.54	34.74	34.74	3.42	1.56	34.589193	32.633000	33.658016	0.567119
19.93	28.54	34.73	34.73	3.42	1.56	34.586648	32.632002	33.656279	0.567103
19.94	28.54	34.73	34.73	3.42	1.56	34.584100	32.631003	33.654540	0.567088
19.94	28.54	34.72	34.72	3.42	1.56	34.581551	32.630002	33.652799	0.567072
19.94	28.54	34.71	34.71	3.42	1.56	34.578999	32.629000	33.651056	0.567057
19.94	28.54	34.71	34.71	3.42	1.56	34.576446	32.627996	33.649312	0.567041
19.95	28.54	34.70	34.70	3.42	1.56	34.573890	32.626991	33.647566	0.567025
19.95	28.54	34.70	34.70	3.42	1.56	34.571332	32.625985	33.645818	0.567010
19.95	28.54	34.69	34.69	3.42	1.56	34.568772	32.624977	33.644068	0.566994
19.96	28.54	34.68	34.68	3.42	1.56	34.566211	32.623967	33.642317	0.566978
19.96	28.54	34.68	34.68	3.42	1.56	34.563647	32.622956	33.640563	0.566963
19.96	28.54	34.67	34.67	3.42	1.56	34.561081	32.621944	33.638809	0.566947
19.96	28.54	34.67	34.67	3.42	1.56	34.558513	32.620930	33.637052	0.566931
19.97	28.54	34.66	34.66	3.42	1.56	34.555943	32.619915	33.635293	0.566916
19.97	28.54	34.66	34.66	3.42	1.56	34.553371	32.618899	33.633533	0.566900
19.97	28.54	34.65	34.65	3.42	1.56	34.550797	32.617881	33.631771	0.566884
19.98	28.54	34.64	34.64	3.42	1.56	34.548221	32.616861	33.630008	0.566868
19.98	28.54	34.64	34.64	3.42	1.56	34.545643	32.615840	33.628242	0.566853
19.98	28.54	34.63	34.63	3.42	1.56	34.543063	32.614818	33.626475	0.566837
19.98	28.54	34.63	34.63	3.42	1.56	34.540481	32.613794	33.624706	0.566821
19.99	28.54	34.62	34.62	3.42	1.56	34.537897	32.612769	33.622936	0.566805
19.99	28.54	34.61	34.61	3.42	1.56	34.535311	32.611743	33.621164	0.566789
19.99	28.54	34.61	34.61	3.42	1.56	34.532722	32.610715	33.619389	0.566773
19.99	28.54	34.60	34.60	3.42	1.56	34.530132	32.609685	33.617614	0.566757
20.00	28.54	34.60	34.60	3.42	1.56	34.527540	32.608654	33.615836	0.566742
20.00	28.54	34.59	34.59	3.42	1.56	34.524945	32.607622	33.614057	0.566726
20.00	28.54	34.58	34.58	3.42	1.55	34.522349	32.606588	33.612276	0.566710
20.01	28.54	34.58	34.58	3.42	1.55	34.519751	32.605553	33.610493	0.566694
20.01	28.54	34.57	34.57	3.42	1.55	34.517150	32.604517	33.608708	0.566678
20.01	28.54	34.57	34.57	3.42	1.55	34.514548	32.603479	33.606922	0.566662
20.01	28.54	34.56	34.56	3.42	1.55	34.511943	32.602439	33.605134	0.566646
20.02	28.54	34.56	34.56	3.42	1.55	34.509337	32.601399	33.603344	0.566630
20.02	28.54	34.55	34.55	3.42	1.55	34.506728	32.600356	33.601553	0.566614
20.02	28.54	34.54	34.54	3.42	1.55	34.504118	32.599313	33.599760	0.566598
20.02	28.54	34.54	34.54	3.42	1.55	34.501505	32.598268	33.597965	0.566582
20.03	28.54	34.53	34.53	3.42	1.55	34.498891	32.597221	33.596168	0.566566
20.03	28.54	34.53	34.53	3.42	1.55	34.496274	32.596173	33.594370	0.566549
20.03	28.54	34.52	34.52	3.42	1.55	34.493655	32.595124	33.592570	0.566533
20.04	28.54	34.51	34.51	3.42	1.55	34.491035	32.594073	33.590768	0.566517
20.04	28.54	34.51	34.51	3.42	1.55	34.488412	32.593021	33.588964	0.566501
20.04	28.54	34.50	34.50	3.42	1.55	34.485787	32.591968	33.587159	0.566485
20.04	28.54	34.50	34.50	3.42	1.55	34.483161	32.590913	33.585352	0.566469
20.05	28.54	34.49	34.49	3.42	1.55	34.480532	32.589856	33.583543	0.566453
20.05	28.54	34.48	34.48	3.42	1.55	34.477901	32.588798	33.581732	0.566436
20.05	28.54	34.48	34.48	3.41	1.55	34.475269	32.587739	33.579920	0.566420
20.06	28.54	34.47	34.47	3.41	1.55	34.472634	32.586678	33.578106	0.566404
20.06	28.54	34.47	34.47	3.41	1.55	34.469997	32.585616	33.576290	0.566388
20.06	28.54	34.46	34.46	3.41	1.55	34.467358	32.584553	33.574473	0.566371
20.06	28.54	34.46	34.46	3.41	1.55	34.464717	32.583488	33.572654	0.566355
20.07	28.54	34.45	34.45	3.41	1.55	34.462075	32.582422	33.570833	0.566339
20.07	28.54	34.44	34.44	3.41	1.55	34.459430	32.581354	33.569010	0.566323
20.07	28.54	34.44	34.44	3.41	1.55	34.456783	32.580285	33.567186	0.566306
20.07	28.54	34.43	34.43	3.41	1.55	34.454134	32.579214	33.565360	0.566290
20.08	28.54	34.43	34.43	3.41	1.55	34.451483	32.578143	33.563532	0.566274
20.08	28.54	34.42	34.42	3.41	1.54	34.448830	32.577069	33.561703	0.566257
20.08	28.54	34.41	34.41	3.41	1.54	34.446175	32.575994	33.559871	0.566241
20.09	28.54	34.41	34.41	3.41	1.54	34.443519	32.574918	33.558039	0.566224
20.09	28.54	34.40	34.40	3.41	1.54	34.440860	32.573841	33.556204	0.566208
20.09	28.54	34.40	34.40	3.41	1.54	34.438199	32.572762	33.554367	0.566192
20.09	28.54	34.39	34.39	3.41	1.54	34.435536	32.571681	33.552529	0.566175
20.10	28.54	34.38	34.38	3.41	1.54	34.432871	32.570600	33.550690	0.566159
20.10	28.54	34.38	34.38	3.41	1.54	34.430204	32.569516	33.548848	0.566142
20.10	28.54	34.37	34.37	3.41	1.54	34.427535	32.568432	33.547005	0.566126
20.11	28.54	34.37	34.37	3.41	1.54	34.424864	32.567346	33.545160	0.566109
20.11	28.54	34.36	34.36	3.41	1.54	34.422191	32.566258	33.543313	0.566093
20.11	28.54	34.35	34.35	3.41	1.54	34.419516	32.565170	33.541465	0.566076
20.11	28.54	34.35	34.35	3.41	1.54	34.416840	32.564079	33.539615	0.566059
20.12	28.54	34.34	34.34	3.41	1.54	34.414161	32.562988	33.537763	0.566043
20.12	28.54	34.34	34.34	3.41	1.54	34.411480	32.561895	33.535909	0.566026
20.12	28.54	34.33	34.33	3.41	1.54	34.408797	32.560800	33.534054	0.566010
20.12	28.54	34.32	34.32	3.41	1.54	34.406112	32.559705	33.532197	0.565993
20.13	28.54	34.32	34.32	3.41	1.54	34.403425	32.558607	33.530338	0.565976
20.13	28.54	34.31	34.31	3.41	1.54	34.400736	32.557509	33.528478	0.565960
20.13	28.54	34.31	34.31	3.41	1.54	34.398045	32.556409	33.526616	0.565943
20.14	28.54	34.30	34.30	3.41	1.54	34.395352	32.555307	33.524752	0.565926
20.14	28.54	34.29	34.29	3.41	1.54	34.392658	32.554205	33.522887	0.565910
20.14	28.54	34.29	34.29	3.41	1.54	34.389961	32.553100	33.521019	0.565893
20.14	28.54	34.28	34.28	3.41	1.54	34.387262	32.551995	33.519151	0.565876
20.15	28.54	34.28	34.28	3.41	1.54	34.384561	32.550888	33.517280	0.565859
20.15	28.54	34.27	34.27	3.41	1.54	34.381858	32.549779	33.515408	0.565843
20.15	28.54	34.26	34.26	3.41	1.54	34.379153	32.548670	33.513534	0.565826
20.16	28.54	34.26	34.26	3.41	1.54	34.376447	32.547558	33.511658	0.565809
20.16	28.54	34.25	34.25	3.41	1.53	34.373738	32.546446	33.509780	0.565792
20.16	28.54	34.25	34.25	3.41	1.53	34.371027	32.545332	33.507901	0.565775
20.16	28.54	34.24	34.24	3.41	1.53	34.368314	32.544216	33.506020	0.565758
20.17	28.54	34.23	34.23	3.41	1.53	34.365600	32.543100	33.504138	0.565741
20.17	28.54	34.23	34.23	3.41	1.53	34.362883	32.541982	33.502254	0.565725
20.17	28.54	34.22	34.22	3.41	1.53	34.360164	32.540862	33.500368	0.565708
20.18	28.54	34.22	34.22	3.41	1.53	34.357443	32.539741	33.498480	0.565691
20.18	28.54	34.21	34.21	3.41	1.53	34.354721	32.538619	33.496591	0.565674
20.18	28.54	34.20	34.20	3.41	1.53	34.351996	32.537495	33.494700	0.565657
20.18	28.54	34.20	34.20	3.41	1.53	34.349269	32.536370	33.492807	0.565640
20.19	28.54	34.19	34.19	3.41	1.53	34.346541	32.535243	33.490912	0.565623
20.19	28.54	34.19	34.19	3.41	1.53	34.343810	32.534116	33.489016	0.565606
20.19	28.54	34.18	34.18	3.41	1.53	34.341078	32.532986	33.487118	0.565589
20.19	28.54	34.17	34.17	3.41	1.53	34.338343	32.531856	33.485219	0.565572
20.20	28.54	34.17	34.17	3.41	1.53	34.335607	32.530724	33.483318	0.565555
20.20	28.54	34.16	34.16	3.41	1.53	34.332868	32.529590	33.481415	0.565538
20.20	28.54	34.16	34.16	3.41	1.53	34.330128	32.528455	33.479510	0.565520
20.21	28.54	34.15	34.15	3.41	1.53	34.327385	32.527319	33.477604	0.565503
20.21	28.54	34.14	34.14	3.41	1.53	34.324641	32.526182	33.475696	0.565486
20.21	28.54	34.14	34.14	3.41	1.53	34.321894	32.525043	33.473786	0.565469
20.21	28.54	34.13	34.13	3.41	1.53	34.319146	32.523902	33.471875	0.565452
20.22	28.54	34.13	34.13	3.41	1.53	34.316396	32.522760	33.469962	0.565435
20.22	28.54	34.12	34.12	3.41	1.53	34.313644	32.521617	33.468047	0.565418
20.22	28.54	34.11	34.11	3.41	1.53	34.310889	32.520473	33.466130	0.565400
20.23	28.54	34.11	34.11	3.41	1.53	34.308133	32.519327	33.464212	0.565383
20.23	28.54	34.10	34.10	3.41	1.53	34.305375	32.518180	33.462292	0.565366
20.23	28.54	34.10	34.10	3.41	1.53	34.302615	32.517031	33.460371	0.565349
20.23	28.54	34.09	34.09	3.41	1.52	34.299853	32.515881	33.458448	0.565331
20.24	28.54	34.08	34.08	3.41	1.52	34.297088	32.514730	33.456523	0.565314
20.24	28.54	34.08	34.08	3.41	1.52	34.294322	32.513577	33.454596	0.565297
20.24	28.54	34.07	34.07	3.41	1.52	34.291554	32.512423	33.452668	0.565279
20.24	28.54	34.07	34.07	3.41	1.52	34.288784	32.511267	33.450738	0.565262
20.25	28.54	34.06	34.06	3.41	1.52	34.286012	32.510110	33.448806	0.565245
20.25	28.54	34.05	34.05	3.41	1.52	34.283239	32.508952	33.446873	0.565227
20.25	28.54	34.05	34.05	3.41	1.52	34.280463	32.507792	33.444938	0.565210
20.26	28.54	34.04	34.04	3.41	1.52	34.277685	32.506631	33.443001	0.565192
20.26	28.54	34.04	34.04	3.41	1.52	34.274905	32.505469	33.441063	0.565175
20.26	28.54	34.03	34.03	3.41	1.52	34.272123	32.504305	33.439123	0.565157
20.26	28.54	34.02	34.02	3.41	1.52	34.269340	32.503140	33.437181	0.565140
20.27	28.54	34.02	34.02	3.41	1.52	34.266554	32.501973	33.435238	0.565122
20.27	28.54	34.01	34.01	3.41	1.52	34.263766	32.500805	33.433293	0.565105
20.27	28.54	34.01	34.01	3.41	1.52	34.260977	32.499636	33.431346	0.565087
20.27	28.54	34.00	34.00	3.41	1.52	34.258185	32.498465	33.429398	0.565070
20.28	28.54	33.99	33.99	3.41	1.52	34.255392	32.497293	33.427448	0.565052
20.28	28.54	33.99	33.99	3.41	1.52	34.252597	32.496120	33.425496	0.565035
20.28	28.54	33.98	33.98	3.41	1.52	34.249799	32.494945	33.423542	0.565017
20.29	28.54	33.98	33.98	3.41	1.52	34.247000	32.493769	33.421587	0.565000
20.29	28.54	33.97	33.97	3.41	1.52	34.244199	32.492591	33.419630	0.564982
20.29	28.54	33.96	33.96	3.41	1.52	34.241395	32.491413	33.417672	0.564964
20.29	28.54	33.96	33.96	3.41	1.52	34.238590	32.490232	33.415712	0.564947
20.30	28.54	33.95	33.95	3.41	1.52	34.235783	32.489051	33.413750	0.564929
20.30	28.54	33.95	33.95	3.41	1.52	34.232974	32.487868	33.411787	0.564911
20.30	28.54	33.94	33.94	3.41	1.52	34.230163	32.486683	33.409821	0.564893
20.31	28.54	33.93	33.93	3.41	1.51	34.227350	32.485498	33.407855	0.564876
20.31	28.54	33.93	33.93	3.41	1.51	34.224535	32.484310	33.405886	0.564858
20.31	28.54	33.92	33.92	3.41	1.51	34.221718	32.483122	33.403916	0.564840
20.31	28.54	33.91	33.91	3.41	1.51	34.218900	32.481932	33.401944	0.564822
20.32	28.54	33.91	33.91	3.41	1.51	34.216079	32.480741	33.399971	0.564805
20.32	28.54	33.90	33.90	3.41	1.51	34.213256	32.479548	33.397996	0.564787
20.32	28.54	33.90	33.90	3.41	1.51	34.210432	32.478354	33.396019	0.564769
20.32	28.54	33.89	33.89	3.41	1.51	34.207605	32.477159	33.394040	0.564751
20.33	28.54	33.88	33.88	3.41	1.51	34.204777	32.475963	33.392060	0.564733
20.33	28.54	33.88	33.88	3.41	1.51	34.201946	32.474765	33.390078	0.564715
20.33	28.54	33.87	33.87	3.41	1.51	34.199114	32.473565	33.388095	0.564697
20.34	28.54	33.87	33.87	3.41	1.51	34.196280	32.472364	33.386110	0.564679
20.34	28.54	33.86	33.86	3.41	1.51	34.193444	32.471162	33.384123	0.564661
20.34	28.54	33.85	33.85	3.41	1.51	34.190605	32.469959	33.382134	0.564643
20.34	28.54	33.85	33.85	3.41	1.51	34.187765	32.468754	33.380144	0.564625
20.35	28.54	33.84	33.84	3.41	1.51	34.184923	32.467548	33.378153	0.564607
20.35	28.54	33.84	33.84	3.41	1.51	34.182079	32.466340	33.376159	0.564589
20.35	28.54	33.83	33.83	3.41	1.51	34.179234	32.465132	33.374164	0.564571
20.36	28.54	33.82	33.82	3.41	1.51	34.176386	32.463921	33.372167	0.564553
20.36	28.54	33.82	33.82	3.41	1.51	34.173536	32.462710	33.370169	0.564535
20.36	28.54	33.81	33.81	3.41	1.51	34.170684	32.461497	33.368169	0.564517
20.36	28.54	33.80	33.80	3.41	1.51	34.167831	32.460282	33.366167	0.564499
20.37	28.54	33.80	33.80	3.41	1.51	34.164975	32.459067	33.364164	0.564481
20.37	28.54	33.79	33.79	3.41	1.51	34.162118	32.457850	33.362159	0.564463
20.37	28.54	33.79	33.79	3.41	1.51	34.159259	32.456631	33.360152	0.564444
20.38	28.54	33.78	33.78	3.41	1.51	34.156397	32.455412	33.358144	0.564426
20.38	28.54	33.77	33.77	3.41	1.50	34.153534	32.454191	33.356134	0.564408
20.38	28.54	33.77	33.77	3.41	1.50	34.150669	32.452968	33.354122	0.564390
20.38	28.54	33.76	33.76	3.41	1.50	34.147802	32.451744	33.352109	0.564372
20.39	28.54	33.76	33.76	3.41	1.50	34.144933	32.450519	33.350094	0.564353
20.39	28.54	33.75	33.75	3.41	1.50	34.142062	32.449293	33.348077	0.564335
20.39	28.54	33.74	33.74	3.41	1.50	34.139189	32.448065	33.346059	0.564317
20.39	28.54	33.74	33.74	3.41	1.50	34.136315	32.446836	33.344039	0.564298
20.40	28.54	33.73	33.73	3.41	1.50	34.133438	32.445605	33.342018	0.564280
20.40	28.54	33.73	33.73	3.41	1.50	34.130560	32.444373	33.339995	0.564262
20.40	28.54	33.72	33.72	3.41	1.50	34.127679	32.443140	33.337970	0.564243
20.41	28.54	33.71	33.71	3.41	1.50	34.124797	32.441906	33.335943	0.564225
20.41	28.54	33.71	33.71	3.41	1.50	34.121912	32.440670	33.333915	0.564207
20.41	28.54	33.70	33.70	3.41	1.50	34.119026	32.439432	33.331886	0.564188
20.41	28.54	33.69	33.69	3.41	1.50	34.116138	32.438194	33.329854	0.564170
20.42	28.54	33.69	33.69	3.41	1.50	34.113248	32.436954	33.327821	0.564151
20.42	28.54	33.68	33.68	3.41	1.50	34.110356	32.435712	33.325787	0.564133
20.42	28.54	33.68	33.68	3.41	1.50	34.107462	32.434470	33.323750	0.564114
20.43	28.54	33.67	33.67	3.41	1.50	34.104567	32.433226	33.321712	0.564096
20.43	28.54	33.66	33.66	3.41	1.50	34.101669	32.431980	33.319673	0.564077
20.43	28.54	33.66	33.66	3.41	1.50	34.098769	32.430734	33.317632	0.564059
20.43	28.54	33.65	33.65	3.41	1.50	34.095868	32.429486	33.315589	0.564040
20.44	28.54	33.64	33.64	3.41	1.50	34.092965	32.428236	33.313544	0.564021
20.44	28.54	33.64	33.64	3.41	1.50	34.090059	32.426986	33.311498	0.564003
20.44	28.54	33.63	33.63	3.41	1.50	34.087152	32.425734	33.309450	0.563984
20.44	28.54	33.63	33.63	3.41	1.50	34.084243	32.424480	33.307401	0.563965
20.45	28.54	33.62	33.62	3.41	1.49	34.081332	32.423226	33.305350	0.563947
20.45	28.54	33.61	33.61	3.41	1.49	34.078419	32.421970	33.303297	0.563928
20.45	28.54	33.61	33.61	3.41	1.49	34.075505	32.420712	33.301243	0.563909
20.46	28.54	33.60	33.60	3.41	1.49	34.072588	32.419453	33.299187	0.563891
20.46	28.54	33.60	33.60	3.41	1.49	34.069669	32.418193	33.297129	0.563872
20.46	28.54	33.59	33.59	3.41	1.49	34.066749	32.416932	33.295070	0.563853
20.46	28.54	33.58	33.58	3.41	1.49	34.063826	32.415669	33.293009	0.563834
20.47	28.54	33.58	33.58	3.41	1.49	34.060902	32.414405	33.290947	0.563815
20.47	28.54	33.57	33.57	3.41	1.49	34.057976	32.413140	33.288883	0.563797
20.47	28.54	33.56	33.56	3.41	1.49	34.055048	32.411873	33.286817	0.563778
20.48	28.54	33.56	33.56	3.40	1.49	34.052118	32.410605	33.284750	0.563759
20.48	28.54	33.55	33.55	3.40	1.49	34.049186	32.409335	33.282681	0.563740
20.48	28.54	33.55	33.55	3.40	1.49	34.046253	32.408065	33.280610	0.563721
20.48	28.54	33.54	33.54	3.40	1.49	34.043317	32.406793	33.278538	0.563702
20.49	28.54	33.53	33.53	3.40	1.49	34.040379	32.405519	33.276464	0.563683
20.49	28.54	33.53	33.53	3.40	1.49	34.037440	32.404244	33.274389	0.563664
20.49	28.54	33.52	33.52	3.40	1.49	34.034499	32.402968	33.272312	0.563645
20.49	28.54	33.51	33.51	3.40	1.49	34.031556	32.401691	33.270233	0.563626
20.50	28.54	33.51	33.51	3.40	1.49	34.028611	32.400412	33.268153	0.563607
20.50	28.54	33.50	33.50	3.40	1.49	34.025664	32.399132	33.266071	0.563588
20.50	28.54	33.50	33.50	3.40	1.49	34.022715	32.397851	33.263987	0.563569
20.51	28.54	33.49	33.49	3.40	1.49	34.019764	32.396568	33.261902	0.563550
20.51	28.54	33.48	33.48	3.40	1.49	34.016812	32.395284	33.259815	0.563531
20.51	28.54	33.48	33.48	3.40	1.49	34.013857	32.393998	33.257727	0.563512
20.51	28.54	33.47	33.47	3.40	1.48	34.010901	32.392712	33.255637	0.563493
20.52	28.54	33.47	33.47	3.40	1.48	34.007943	32.391424	33.253545	0.563473
20.52	28.54	33.46	33.46	3.40	1.48	34.004982	32.390134	33.251452	0.563454
20.52	28.54	33.45	33.45	3.40	1.48	34.002021	32.388844	33.249357	0.563435
20.52	28.54	33.45	33.45	3.40	1.48	33.999057	32.387552	33.247260	0.563416
20.53	28.54	33.44	33.44	3.40	1.48	33.996091	32.386258	33.245162	0.563397
20.53	28.54	33.43	33.43	3.40	1.48	33.993123	32.384964	33.243063	0.563377
20.53	28.54	33.43	33.43	3.40	1.48	33.990154	32.383668	33.240961	0.563358
20.54	28.54	33.42	33.42	3.40	1.48	33.987183	32.382370	33.238858	0.563339
20.54	28.54	33.42	33.42	3.40	1.48	33.984209	32.381072	33.236754	0.563319
20.54	28.54	33.41	33.41	3.40	1.48	33.981234	32.379772	33.234648	0.563300
20.54	28.54	33.40	33.40	3.40	1.48	33.978257	32.378471	33.232540	0.563281
20.55	28.54	33.40	33.40	3.40	1.48	33.975278	32.377168	33.230430	0.563261
20.55	28.54	33.39	33.39	3.40	1.48	33.972298	32.375864	33.228319	0.563242
20.55	28.54	33.38	33.38	3.40	1.48	33.969315	32.374559	33.226207	0.563222
20.56	28.54	33.38	33.38	3.40	1.48	33.966331	32.373252	33.224093	0.563203
20.56	28.54	33.37	33.37	3.40	1.48	33.963344	32.371944	33.221977	0.563183
20.56	28.54	33.37	33.37	3.40	1.48	33.960356	32.370635	33.219859	0.563164
20.56	28.54	33.36	33.36	3.40	1.48	33.957366	32.369325	33.217740	0.563144
20.57	28.54	33.35	33.35	3.40	1.48	33.954374	32.368013	33.215620	0.563125
20.57	28.54	33.35	33.35	3.40	1.48	33.951381	32.366700	33.213497	0.563105
20.57	28.54	33.34	33.34	3.40	1.48	33.948385	32.365385	33.211374	0.563086
20.57	28.54	33.33	33.33	3.40	1.48	33.945388	32.364070	33.209248	0.563066
20.58	28.54	33.33	33.33	3.40	1.48	33.942388	32.362752	33.207121	0.563047
20.58	28.54	33.32	33.32	3.40	1.47	33.939387	32.361434	33.204993	0.563027
20.58	28.54	33.32	33.32	3.40	1.47	33.936384	32.360114	33.202862	0.563007
20.59	28.54	33.31	33.31	3.40	1.47	33.933379	32.358793	33.200730	0.562988
20.59	28.54	33.30	33.30	3.40	1.47	33.930372	32.357471	33.198597	0.562968
20.59	28.54	33.30	33.30	3.40	1.47	33.927364	32.356147	33.196462	0.562948
20.59	28.54	33.29	33.29	3.40	1.47	33.924353	32.354822	33.194325	0.562929
20.60	28.54	33.28	33.28	3.40	1.47	33.921341	32.353496	33.192187	0.562909
20.60	28.54	33.28	33.28	3.40	1.47	33.918327	32.352169	33.190047	0.562889
20.60	28.54	33.27	33.27	3.40	1.47	33.915311	32.350840	33.187906	0.562869
20.61	28.54	33.27	33.27	3.40	1.47	33.912293	32.349510	33.185763	0.562849
20.61	28.54	33.26	33.26	3.40	1.47	33.909273	32.348178	33.183618	0.562830
20.61	28.54	33.25	33.25	3.40	1.47	33.906252	32.346845	33.181472	0.562810
20.61	28.54	33.25	33.25	3.40	1.47	33.903228	32.345511	33.179324	0.562790
20.62	28.54	33.24	33.24	3.40	1.47	33.900203	32.344176	33.177175	0.562770
20.62	28.54	33.23	33.23	3.40	1.47	33.897176	32.342839	33.175024	0.562750
20.62	28.54	33.23	33.23	3.40	1.47	33.894147	32.341501	33.172871	0.562730
20.62	28.54	33.22	33.22	3.40	1.47	33.891116	32.340162	33.170717	0.562710
20.63	28.54	33.22	33.22	3.40	1.47	33.888083	32.338821	33.168561	0.562690
20.63	28.54	33.21	33.21	3.40	1.47	33.885049	32.337479	33.166404	0.562670
20.63	28.54	33.20	33.20	3.40	1.47	33.882012	32.336136	33.164245	0.562650
20.64	28.54	33.20	33.20	3.40	1.47	33.878974	32.334791	33.162085	0.562630
20.64	28.54	33.19	33.19	3.40	1.47	33.875934	32.333446	33.159923	0.562610
20.64	28.54	33.18	33.18	3.40	1.47	33.872892	32.332098	33.157759	0.562590
20.64	28.54	33.18	33.18	3.40	1.46	33.869849	32.330750	33.155594	0.562570
20.65	28.54	33.17	33.17	3.40	1.46	33.866803	32.329400	33.153427	0.562550
20.65	28.54	33.16	33.16	3.40	1.46	33.863756	32.328049	33.151259	0.562529
20.65	28.54	33.16	33.16	3.40	1.46	33.860707	32.326697	33.149089	0.562509
20.66	28.54	33.15	33.15	3.40	1.46	33.857656	32.325343	33.146917	0.562489
20.66	28.54	33.15	33.15	3.40	1.46	33.854603	32.323988	33.144744	0.562469
20.66	28.54	33.14	33.14	3.40	1.46	33.851548	32.322632	33.142569	0.562449
20.66	28.54	33.13	33.13	3.40	1.46	33.848491	32.321274	33.140393	0.562428
20.67	28.54	33.13	33.13	3.40	1.46	33.845433	32.319916	33.138215	0.562408
20.67	28.54	33.12	33.12	3.40	1.46	33.842373	32.318555	33.136035	0.562388
20.67	28.54	33.11	33.11	3.40	1.46	33.839311	32.317194	33.133854	0.562367
20.68	28.54	33.11	33.11	3.40	1.46	33.836247	32.315831	33.131672	0.562347
20.68	28.54	33.10	33.10	3.40	1.46	33.833181	32.314467	33.129488	0.562327
20.68	28.54	33.10	33.10	3.40	1.46	33.830114	32.313102	33.127302	0.562306
20.68	28.54	33.09	33.09	3.40	1.46	33.827044	32.311735	33.125114	0.562286
20.69	28.54	33.08	33.08	3.40	1.46	33.823973	32.310368	33.122925	0.562266
20.69	28.54	33.08	33.08	3.40	1.46	33.820900	32.308998	33.120735	0.562245
20.69	28.54	33.07	33.07	3.40	1.46	33.817825	32.307628	33.118543	0.562225
20.69	28.54	33.06	33.06	3.40	1.46	33.814749	32.306256	33.116349	0.562204
20.70	28.54	33.06	33.06	3.40	1.46	33.811670	32.304883	33.114154	0.562184
20.70	28.54	33.05	33.05	3.40	1.46	33.808590	32.303509	33.111957	0.562163
20.70	28.54	33.04	33.04	3.40	1.46	33.805508	32.302133	33.109759	0.562142
20.71	28.54	33.04	33.04	3.40	1.46	33.802424	32.300756	33.107559	0.562122
20.71	28.54	33.03	33.03	3.40	1.45	33.799338	32.299378	33.105358	0.562101
20.71	28.54	33.03	33.03	3.40	1.45	33.796251	32.297998	33.103155	0.562081
20.71	28.54	33.02	33.02	3.40	1.45	33.793162	32.296618	33.100950	0.562060
20.72	28.54	33.01	33.01	3.40	1.45	33.790070	32.295236	33.098744	0.562039
20.72	28.54	33.01	33.01	3.40	1.45	33.786977	32.293852	33.096536	0.562019
20.72	28.54	33.00	33.00	3.40	1.45	33.783883	32.292467	33.094327	0.561998
20.73	28.54	32.99	32.99	3.40	1.45	33.780786	32.291082	33.092116	0.561977
20.73	28.54	32.99	32.99	3.40	1.45	33.777688	32.289694	33.089904	0.561956
20.73	28.54	32.98	32.98	3.40	1.45	33.774587	32.288306	33.087690	0.561936
20.73	28.54	32.97	32.97	3.40	1.45	33.771485	32.286916	33.085474	0.561915
20.74	28.54	32.97	32.97	3.40	1.45	33.768382	32.285525	33.083257	0.561894
20.74	28.54	32.96	32.96	3.40	1.45	33.765276	32.284133	33.081038	0.561873
20.74	28.54	32.96	32.96	3.40	1.45	33.762168	32.282739	33.078818	0.561852
20.74	28.54	32.95	32.95	3.40	1.45	33.759059	32.281344	33.076596	0.561831
20.75	28.54	32.94	32.94	3.40	1.45	33.755948	32.279948	33.074373	0.561810
20.75	28.54	32.94	32.94	3.40	1.45	33.752835	32.278550	33.072148	0.561789
20.75	28.54	32.93	32.93	3.40	1.45	33.749721	32.277152	33.069922	0.561768
20.76	28.54	32.92	32.92	3.40	1.45	33.746604	32.275752	33.067694	0.561747
20.76	28.54	32.92	32.92	3.40	1.45	33.743486	32.274350	33.065464	0.561726
20.76	28.54	32.91	32.91	3.40	1.45	33.740366	32.272948	33.063233	0.561705
20.76	28.54	32.90	32.90	3.40	1.45	33.737244	32.271544	33.061000	0.561684
20.77	28.54	32.90	32.90	3.40	1.45	33.734120	32.270139	33.058766	0.561663
20.77	28.54	32.89	32.89	3.40	1.44	33.730995	32.268732	33.056530	0.561642
20.77	28.54	32.89	32.89	3.40	1.44	33.727868	32.267325	33.054293	0.561621
20.77	28.54	32.88	32.88	3.40	1.44	33.724738	32.265916	33.052054	0.561600
20.78	28.54	32.87	32.87	3.40	1.44	33.721608	32.264505	33.049814	0.561579
20.78	28.54	32.87	32.87	3.40	1.44	33.718475	32.263094	33.047572	0.561558
20.78	28.54	32.86	32.86	3.40	1.44	33.715341	32.261681	33.045328	0.561536
20.79	28.54	32.85	32.85	3.40	1.44	33.712204	32.260267	33.043083	0.561515
20.79	28.54	32.85	32.85	3.40	1.44	33.709066	32.258852	33.040837	0.561494
20.79	28.54	32.84	32.84	3.40	1.44	33.705927	32.257435	33.038589	0.561472
20.79	28.54	32.83	32.83	3.40	1.44	33.702785	32.256017	33.036339	0.561451
20.80	28.54	32.83	32.83	3.40	1.44	33.699642	32.254598	33.034088	0.561430
20.80	28.54	32.82	32.82	3.40	1.44	33.696496	32.253178	33.031835	0.561408
20.80	28.54	32.82	32.82	3.40	1.44	33.693350	32.251756	33.029581	0.561387
20.81	28.54	32.81	32.81	3.40	1.44	33.690201	32.250333	33.027325	0.561366
20.81	28.54	32.80	32.80	3.40	1.44	33.687050	32.248909	33.025068	0.561344
20.81	28.54	32.80	32.80	3.40	1.44	33.683898	32.247483	33.022809	0.561323
20.81	28.54	32.79	32.79	3.40	1.44	33.680744	32.246057	33.020548	0.561301
20.82	28.54	32.78	32.78	3.40	1.44	33.677588	32.244629	33.018286	0.561280
20.82	28.54	32.78	32.78	3.40	1.44	33.674430	32.243199	33.016023	0.561258
20.82	28.54	32.77	32.77	3.40	1.44	33.671271	32.241769	33.013758	0.561237
20.82	28.54	32.76	32.76	3.40	1.44	33.668110	32.240337	33.011491	0.561215
20.83	28.54	32.76	32.76	3.40	1.43	33.664947	32.238904	33.009223	0.561194
20.83	28.54	32.75	32.75	3.40	1.43	33.661782	32.237470	33.006953	0.561172
20.83	28.54	32.75	32.75	3.40	1.43	33.658616	32.236034	33.004682	0.561150
20.84	28.54	32.74	32.74	3.40	1.43	33.655447	32.234597	33.002409	0.561129
20.84	28.54	32.73	32.73	3.40	1.43	33.652277	32.233159	33.000135	0.561107
20.84	28.54	32.73	32.73	3.40	1.43	33.649105	32.231720	32.997859	0.561085
20.84	28.54	32.72	32.72	3.40	1.43	33.645932	32.230279	32.995582	0.561063
20.85	28.54	32.71	32.71	3.40	1.43	33.642756	32.228837	32.993303	0.561042
20.85	28.54	32.71	32.71	3.40	1.43	33.639579	32.227394	32.991023	0.561020
20.85	28.54	32.70	32.70	3.39	1.43	33.636400	32.225949	32.988741	0.560998
20.86	28.54	32.69	32.69	3.39	1.43	33.633220	32.224504	32.986457	0.560976
20.86	28.54	32.69	32.69	3.39	1.43	33.630037	32.223057	32.984172	0.560954
20.86	28.54	32.68	32.68	3.39	1.43	33.626853	32.221609	32.981886	0.560933
20.86	28.54	32.67	32.67	3.39	1.43	33.623667	32.220159	32.979598	0.560911
20.87	28.54	32.67	32.67	3.39	1.43	33.620479	32.218708	32.977308	0.560889
20.87	28.54	32.66	32.66	3.39	1.43	33.617290	32.217256	32.975017	0.560867
20.87	28.54	32.66	32.66	3.39	1.43	33.614098	32.215803	32.972725	0.560845
20.88	28.54	32.65	32.65	3.39	1.43	33.610905	32.214349	32.970430	0.560823
20.88	28.54	32.64	32.64	3.39	1.43	33.607711	32.212893	32.968135	0.560801
20.88	28.54	32.64	32.64	3.39	1.43	33.604514	32.211436	32.965838	0.560779
20.88	28.54	32.63	32.63	3.39	1.43	33.601316	32.209978	32.963539	0.560757
20.89	28.54	32.62	32.62	3.39	1.42	33.598116	32.208518	32.961239	0.560734
20.89	28.54	32.62	32.62	3.39	1.42	33.594914	32.207058	32.958937	0.560712
20.89	28.54	32.61	32.61	3.39	1.42	33.591710	32.205596	32.956634	0.560690
20.89	28.54	32.60	32.60	3.39	1.42	33.588505	32.204132	32.954329	0.560668
20.90	28.54	32.60	32.60	3.39	1.42	33.585298	32.202668	32.952023	0.560646
20.90	28.54	32.59	32.59	3.39	1.42	33.582089	32.201202	32.949715	0.560624
20.90	28.54	32.58	32.58	3.39	1.42	33.578879	32.199735	32.947406	0.560601
20.91	28.54	32.58	32.58	3.39	1.42	33.575666	32.198267	32.945095	0.560579
20.91	28.54	32.57	32.57	3.39	1.42	33.572452	32.196797	32.942783	0.560557
20.91	28.54	32.57	32.57	3.39	1.42	33.569236	32.195327	32.940469	0.560534
20.91	28.54	32.56	32.56	3.39	1.42	33.566019	32.193855	32.938154	0.560512
20.92	28.54	32.55	32.55	3.39	1.42	33.562799	32.192381	32.935837	0.560490
20.92	28.54	32.55	32.55	3.39	1.42	33.559578	32.190907	32.933518	0.560467
20.92	28.54	32.54	32.54	3.39	1.42	33.556356	32.189431	32.931199	0.560445
20.93	28.54	32.53	32.53	3.39	1.42	33.553131	32.187954	32.928877	0.560422
20.93	28.54	32.53	32.53	3.39	1.42	33.549905	32.186476	32.926554	0.560400
20.93	28.54	32.52	32.52	3.39	1.42	33.546677	32.184997	32.924230	0.560377
20.93	28.54	32.51	32.51	3.39	1.42	33.543447	32.183516	32.921904	0.560355
20.94	28.54	32.51	32.51	3.39	1.42	33.540215	32.182034	32.919577	0.560332
20.94	28.54	32.50	32.50	3.39	1.42	33.536982	32.180551	32.917248	0.560310
20.94	28.54	32.49	32.49	3.39	1.41	33.533747	32.179066	32.914917	0.560287
20.94	28.54	32.49	32.49	3.39	1.41	33.530510	32.177581	32.912585	0.560264
20.95	28.54	32.48	32.48	3.39	1.41	33.527272	32.176094	32.910252	0.560242
20.95	28.54	32.47	32.47	3.39	1.41	33.524032	32.174606	32.907917	0.560219
20.95	28.54	32.47	32.47	3.39	1.41	33.520790	32.173116	32.905581	0.560196
20.96	28.54	32.46	32.46	3.39	1.41	33.517546	32.171626	32.903243	0.560174
20.96	28.54	32.46	32.46	3.39	1.41	33.514301	32.170134	32.900903	0.560151
20.96	28.54	32.45	32.45	3.39	1.41	33.511054	32.168641	32.898563	0.560128
20.96	28.54	32.44	32.44	3.39	1.41	33.507805	32.167147	32.896220	0.560105
20.97	28.54	32.44	32.44	3.39	1.41	33.504554	32.165651	32.893876	0.560082
20.97	28.54	32.43	32.43	3.39	1.41	33.501302	32.164154	32.891531	0.560059
20.97	28.54	32.42	32.42	3.39	1.41	33.498048	32.162656	32.889184	0.560037
20.98	28.54	32.42	32.42	3.39	1.41	33.494792	32.161157	32.886836	0.560014
20.98	28.54	32.41	32.41	3.39	1.41	33.491535	32.159656	32.884486	0.559991
20.98	28.54	32.40	32.40	3.39	1.41	33.488275	32.158155	32.882134	0.559968
20.98	28.54	32.40	32.40	3.39	1.41	33.485014	32.156652	32.879782	0.559945
20.99	28.54	32.39	32.39	3.39	1.41	33.481752	32.155148	32.877427	0.559922
20.99	28.54	32.38	32.38	3.39	1.41	33.478487	32.153642	32.875071	0.559899
20.99	28.54	32.38	32.38	3.39	1.41	33.475221	32.152136	32.872714	0.559875
20.99	28.54	32.37	32.37	3.39	1.41	33.471953	32.150628	32.870355	0.559852
21.00	28.54	32.36	32.36	3.39	1.40	33.468684	32.149119	32.867995	0.559829
21.00	28.54	32.36	32.36	3.39	1.40	33.465413	32.147608	32.865633	0.559806
21.00	28.54	32.35	32.35	3.39	1.40	33.462140	32.146097	32.863270	0.559783
21.01	28.54	32.35	32.35	3.39	1.40	33.458865	32.144584	32.860905	0.559760
21.01	28.54	32.34	32.34	3.39	1.40	33.455589	32.143070	32.858539	0.559736
21.01	28.54	32.33	32.33	3.39	1.40	33.452311	32.141555	32.856171	0.559713
21.01	28.54	32.33	32.33	3.39	1.40	33.449031	32.140038	32.853802	0.559690
21.02	28.54	32.32	32.32	3.39	1.40	33.445749	32.138520	32.851431	0.559666
21.02	28.54	32.31	32.31	3.39	1.40	33.442466	32.137002	32.849059	0.559643
21.02	28.54	32.31	32.31	3.39	1.40	33.439181	32.135481	32.846685	0.559620
21.02	28.54	32.30	32.30	3.39	1.40	33.435894	32.133960	32.844310	0.559596
21.03	28.54	32.29	32.29	3.39	1.40	33.432606	32.132438	32.841934	0.559573
21.03	28.54	32.29	32.29	3.39	1.40	33.429316	32.130914	32.839556	0.559549
21.03	28.54	32.28	32.28	3.39	1.40	33.426024	32.129389	32.837176	0.559526
21.04	28.54	32.27	32.27	3.39	1.40	33.422731	32.127862	32.834795	0.559502
21.04	28.54	32.27	32.27	3.39	1.40	33.419435	32.126335	32.832412	0.559479
21.04	28.54	32.26	32.26	3.39	1.40	33.416139	32.124806	32.830028	0.559455
21.04	28.54	32.25	32.25	3.39	1.40	33.412840	32.123276	32.827643	0.559432
21.05	28.54	32.25	32.25	3.39	1.40	33.409540	32.121745	32.825256	0.559408
21.05	28.54	32.24	32.24	3.39	1.39	33.406238	32.120213	32.822868	0.559384
21.05	28.54	32.23	32.23	3.39	1.39	33.402934	32.118679	32.820478	0.559361
21.06	28.54	32.23	32.23	3.39	1.39	33.399629	32.117145	32.818086	0.559337
21.06	28.54	32.22	32.22	3.39	1.39	33.396322	32.115609	32.815694	0.559313
21.06	28.54	32.22	32.22	3.39	1.39	33.393013	32.114071	32.813299	0.559289
21.06	28.54	32.21	32.21	3.39	1.39	33.389702	32.112533	32.810903	0.559266
21.07	28.54	32.20	32.20	3.39	1.39	33.386390	32.110993	32.808506	0.559242
21.07	28.54	32.20	32.20	3.39	1.39	33.383076	32.109453	32.806108	0.559218
21.07	28.54	32.19	32.19	3.39	1.39	33.379761	32.107910	32.803707	0.559194
21.07	28.54	32.18	32.18	3.39	1.39	33.376443	32.106367	32.801306	0.559170
21.08	28.54	32.18	32.18	3.39	1.39	33.373125	32.104823	32.798903	0.559146
21.08	28.54	32.17	32.17	3.39	1.39	33.369804	32.103277	32.796498	0.559122
21.08	28.54	32.16	32.16	3.39	1.39	33.366482	32.101730	32.794092	0.559098
21.09	28.54	32.16	32.16	3.39	1.39	33.363158	32.100182	32.791685	0.559074
21.09	28.54	32.15	32.15	3.39	1.39	33.359832	32.098633	32.789276	0.559050
21.09	28.54	32.14	32.14	3.39	1.39	33.356505	32.097082	32.786865	0.559026
21.09	28.54	32.14	32.14	3.39	1.39	33.353176	32.095530	32.784453	0.559002
21.10	28.54	32.13	32.13	3.39	1.39	33.349845	32.093978	32.782040	0.558978
21.10	28.54	32.12	32.12	3.39	1.39	33.346512	32.092423	32.779625	0.558954
21.10	28.54	32.12	32.12	3.39	1.38	33.343178	32.090868	32.777209	0.558929
21.11	28.54	32.11	32.11	3.39	1.38	33.339843	32.089311	32.774791	0.558905
21.11	28.54	32.10	32.10	3.39	1.38	33.336505	32.087754	32.772372	0.558881
21.11	28.54	32.10	32.10	3.39	1.38	33.333166	32.086195	32.769951	0.558857
21.11	28.54	32.09	32.09	3.39	1.38	33.329825	32.084635	32.767529	0.558832
21.12	28.54	32.08	32.08	3.39	1.38	33.326483	32.083073	32.765106	0.558808
21.12	28.54	32.08	32.08	3.39	1.38	33.323139	32.081511	32.762681	0.558784
21.12	28.54	32.07	32.07	3.39	1.38	33.319793	32.079947	32.760254	0.558759
21.12	28.54	32.06	32.06	3.39	1.38	33.316445	32.078382	32.757827	0.558735
21.13	28.54	32.06	32.06	3.39	1.38	33.313096	32.076816	32.755397	0.558710
21.13	28.54	32.05	32.05	3.39	1.38	33.309745	32.075248	32.752967	0.558686
21.13	28.54	32.05	32.05	3.39	1.38	33.306393	32.073680	32.750534	0.558661
21.14	28.54	32.04	32.04	3.39	1.38	33.303039	32.072110	32.748101	0.558637
21.14	28.54	32.03	32.03	3.39	1.38	33.299683	32.070539	32.745665	0.558612
21.14	28.54	32.03	32.03	3.39	1.38	33.296325	32.068967	32.743229	0.558587
21.14	28.54	32.02	32.02	3.39	1.38	33.292966	32.067393	32.740791	0.558563
21.15	28.54	32.01	32.01	3.39	1.38	33.289605	32.065819	32.738351	0.558538
21.15	28.54	32.01	32.01	3.39	1.38	33.286243	32.064243	32.735911	0.558513
21.15	28.54	32.00	32.00	3.39	1.38	33.282879	32.062666	32.733468	0.558489
21.16	28.54	31.99	31.99	3.39	1.37	33.279513	32.061088	32.731024	0.558464
21.16	28.54	31.99	31.99	3.39	1.37	33.276145	32.059508	32.728579	0.558439
21.16	28.54	31.98	31.98	3.39	1.37	33.272776	32.057928	32.726133	0.558414
21.16	28.54	31.97	31.97	3.39	1.37	33.269406	32.056346	32.723684	0.558389
21.17	28.54	31.97	31.97	3.39	1.37	33.266033	32.054763	32.721235	0.558365
21.17	28.54	31.96	31.96	3.39	1.37	33.262659	32.053179	32.718784	0.558340
21.17	28.54	31.95	31.95	3.39	1.37	33.259283	32.051594	32.716331	0.558315
21.18	28.54	31.95	31.95	3.39	1.37	33.255906	32.050007	32.713878	0.558290
21.18	28.54	31.94	31.94	3.39	1.37	33.252527	32.048419	32.711422	0.558265
21.18	28.54	31.93	31.93	3.39	1.37	33.249146	32.046831	32.708966	0.558240
21.18	28.54	31.93	31.93	3.39	1.37	33.245764	32.045240	32.706507	0.558215
21.19	28.54	31.92	31.92	3.39	1.37	33.242380	32.043649	32.704048	0.558189
21.19	28.54	31.91	31.91	3.39	1.37	33.238994	32.042057	32.701587	0.558164
21.19	28.54	31.91	31.91	3.39	1.37	33.235607	32.040463	32.699124	0.558139
21.19	28.54	31.90	31.90	3.39	1.37	33.232218	32.038868	32.696660	0.558114
21.20	28.54	31.89	31.89	3.39	1.37	33.228827	32.037272	32.694195	0.558089
21.20	28.54	31.89	31.89	3.38	1.37	33.225435	32.035675	32.691728	0.558063
21.20	28.54	31.88	31.88	3.38	1.37	33.222041	32.034077	32.689260	0.558038
21.21	28.54	31.87	31.87	3.38	1.36	33.218645	32.032477	32.686791	0.558013
21.21	28.54	31.87	31.87	3.38	1.36	33.215248	32.030876	32.684320	0.557987
21.21	28.54	31.86	31.86	3.38	1.36	33.211849	32.029274	32.681847	0.557962
21.21	28.54	31.85	31.85	3.38	1.36	33.208449	32.027671	32.679373	0.557937
21.22	28.54	31.85	31.85	3.38	1.36	33.205047	32.026067	32.676898	0.557911
21.22	28.54	31.84	31.84	3.38	1.36	33.201643	32.024461	32.674421	0.557886
21.22	28.54	31.83	31.83	3.38	1.36	33.198238	32.022855	32.671943	0.557860
21.23	28.54	31.83	31.83	3.38	1.36	33.194831	32.021247	32.669463	0.557835
21.23	28.54	31.82	31.82	3.38	1.36	33.191422	32.019638	32.666982	0.557809
21.23	28.54	31.81	31.81	3.38	1.36	33.188012	32.018028	32.664500	0.557783
21.23	28.54	31.81	31.81	3.38	1.36	33.184600	32.016416	32.662016	0.557758
21.24	28.54	31.80	31.80	3.38	1.36	33.181186	32.014804	32.659531	0.557732
21.24	28.54	31.79	31.79	3.38	1.36	33.177771	32.013190	32.657044	0.557706
21.24	28.54	31.79	31.79	3.38	1.36	33.174354	32.011575	32.654556	0.557681
21.24	28.54	31.78	31.78	3.38	1.36	33.170936	32.009959	32.652067	0.557655
21.25	28.54	31.78	31.78	3.38	1.36	33.167516	32.008342	32.649576	0.557629
21.25	28.54	31.77	31.77	3.38	1.36	33.164094	32.006723	32.647083	0.557603
21.25	28.54	31.76	31.76	3.38	1.35	33.160671	32.005104	32.644590	0.557577
21.26	28.54	31.76	31.76	3.38	1.35	33.157246	32.003483	32.642094	0.557551
21.26	28.54	31.75	31.75	3.38	1.35	33.153819	32.001861	32.639598	0.557525
21.26	28.54	31.74	31.74	3.38	1.35	33.150391	32.000238	32.637100	0.557499
21.26	28.54	31.74	31.74	3.38	1.35	33.146961	31.998614	32.634601	0.557473
21.27	28.54	31.73	31.73	3.38	1.35	33.143530	31.996988	32.632100	0.557447
21.27	28.54	31.72	31.72	3.38	1.35	33.140097	31.995362	32.629597	0.557421
21.27	28.54	31.72	31.72	3.38	1.35	33.136662	31.993734	32.627094	0.557395
21.27	28.54	31.71	31.71	3.38	1.35	33.133226	31.992105	32.624589	0.557369
21.28	28.54	31.70	31.70	3.38	1.35	33.129788	31.990475	32.622082	0.557343
21.28	28.54	31.70	31.70	3.38	1.35	33.126348	31.988843	32.619575	0.557317
21.28	28.54	31.69	31.69	3.38	1.35	33.122907	31.987211	32.617065	0.557290
21.29	28.54	31.68	31.68	3.38	1.35	33.119464	31.985577	32.614555	0.557264
21.29	28.54	31.68	31.68	3.38	1.35	33.116020	31.983942	32.612043	0.557238
21.29	28.54	31.67	31.67	3.38	1.35	33.112574	31.982306	32.609529	0.557211
21.29	28.54	31.66	31.66	3.38	1.35	33.109126	31.980669	32.607014	0.557185
21.30	28.54	31.66	31.66	3.38	1.35	33.105677	31.979031	32.604498	0.557159
21.30	28.54	31.65	31.65	3.38	1.35	33.102226	31.977391	32.601980	0.557132
21.30	28.54	31.64	31.64	3.38	1.34	33.098774	31.975751	32.599461	0.557106
21.31	28.54	31.64	31.64	3.38	1.34	33.095320	31.974109	32.596941	0.557079
21.31	28.54	31.63	31.63	3.38	1.34	33.091864	31.972466	32.594419	0.557053
21.31	28.54	31.62	31.62	3.38	1.34	33.088407	31.970822	32.591896	0.557026
21.31	28.54	31.62	31.62	3.38	1.34	33.084948	31.969177	32.589371	0.556999
21.32	28.54	31.61	31.61	3.38	1.34	33.081488	31.967530	32.586845	0.556973
21.32	28.54	31.60	31.60	3.38	1.34	33.078026	31.965883	32.584318	0.556946
21.32	28.54	31.60	31.60	3.38	1.34	33.074562	31.964234	32.581789	0.556919
21.32	28.54	31.59	31.59	3.38	1.34	33.071097	31.962584	32.579259	0.556893
21.33	28.54	31.58	31.58	3.38	1.34	33.067630	31.960933	32.576727	0.556866
21.33	28.54	31.58	31.58	3.38	1.34	33.064162	31.959281	32.574194	0.556839
21.33	28.54	31.57	31.57	3.38	1.34	33.060692	31.957627	32.571660	0.556812
21.34	28.54	31.56	31.56	3.38	1.34	33.057220	31.955973	32.569124	0.556785
21.34	28.54	31.56	31.56	3.38	1.34	33.053747	31.954317	32.566587	0.556758
21.34	28.54	31.55	31.55	3.38	1.34	33.050272	31.952660	32.564048	0.556731
21.34	28.54	31.54	31.54	3.38	1.34	33.046796	31.951002	32.561508	0.556704
21.35	28.54	31.54	31.54	3.38	1.33	33.043318	31.949343	32.558967	0.556677
21.35	28.54	31.53	31.53	3.38	1.33	33.039838	31.947683	32.556424	0.556650
21.35	28.54	31.52	31.52	3.38	1.33	33.036357	31.946021	32.553880	0.556623
21.36	28.54	31.52	31.52	3.38	1.33	33.032874	31.944359	32.551335	0.556596
21.36	28.54	31.51	31.51	3.38	1.33	33.029390	31.942695	32.548788	0.556569
21.36	28.54	31.50	31.50	3.38	1.33	33.025904	31.941030	32.546240	0.556541
21.36	28.54	31.50	31.50	3.38	1.33	33.022417	31.939364	32.543690	0.556514
21.37	28.54	31.49	31.49	3.38	1.33	33.018928	31.937697	32.541139	0.556487
21.37	28.54	31.48	31.48	3.38	1.33	33.015437	31.936029	32.538587	0.556459
21.37	28.54	31.48	31.48	3.38	1.33	33.011945	31.934359	32.536033	0.556432
21.38	28.54	31.47	31.47	3.38	1.33	33.008451	31.932688	32.533478	0.556405
21.38	28.54	31.46	31.46	3.38	1.33	33.004955	31.931017	32.530921	0.556377
21.38	28.54	31.46	31.46	3.38	1.33	33.001458	31.929344	32.528363	0.556350
21.38	28.54	31.45	31.45	3.38	1.33	32.997960	31.927670	32.525804	0.556322
21.39	28.54	31.44	31.44	3.38	1.33	32.994460	31.925994	32.523243	0.556295
21.39	28.54	31.44	31.44	3.38	1.33	32.990958	31.924318	32.520681	0.556267
21.39	28.54	31.43	31.43	3.38	1.33	32.987455	31.922641	32.518118	0.556239
21.39	28.54	31.42	31.42	3.38	1.32	32.983950	31.920962	32.515553	0.556212
21.40	28.54	31.42	31.42	3.38	1.32	32.980444	31.919282	32.512987	0.556184
21.40	28.54	31.41	31.41	3.38	1.32	32.976936	31.917601	32.510420	0.556156
21.40	28.54	31.40	31.40	3.38	1.32	32.973426	31.915919	32.507851	0.556128
21.41	28.54	31.40	31.40	3.38	1.32	32.969915	31.914236	32.505281	0.556101
21.41	28.54	31.39	31.39	3.38	1.32	32.966402	31.912552	32.502709	0.556073
21.41	28.54	31.38	31.38	3.38	1.32	32.962888	31.910866	32.500136	0.556045
21.41	28.54	31.38	31.38	3.38	1.32	32.959372	31.909180	32.497562	0.556017
21.42	28.54	31.37	31.37	3.38	1.32	32.955855	31.907492	32.494986	0.555989
21.42	28.54	31.36	31.36	3.38	1.32	32.952336	31.905803	32.492409	0.555961
21.42	28.54	31.36	31.36	3.38	1.32	32.948815	31.904113	32.489831	0.555933
21.43	28.54	31.35	31.35	3.38	1.32	32.945293	31.902422	32.487251	0.555905
21.43	28.54	31.34	31.34	3.38	1.32	32.941769	31.900729	32.484670	0.555876
21.43	28.54	31.34	31.34	3.38	1.32	32.938244	31.899036	32.482087	0.555848
21.43	28.54	31.33	31.33	3.38	1.32	32.934717	31.897341	32.479503	0.555820
21.44	28.54	31.32	31.32	3.38	1.32	32.931189	31.895646	32.476918	0.555792
21.44	28.54	31.32	31.32	3.38	1.31	32.927659	31.893949	32.474332	0.555764
21.44	28.54	31.31	31.31	3.38	1.31	32.924128	31.892251	32.471744	0.555735
21.44	28.54	31.30	31.30	3.38	1.31	32.920595	31.890552	32.469154	0.555707
21.45	28.54	31.30	31.30	3.38	1.31	32.917060	31.888852	32.466564	0.555678
21.45	28.54	31.29	31.29	3.38	1.31	32.913524	31.887150	32.463972	0.555650
21.45	28.54	31.28	31.28	3.38	1.31	32.909986	31.885448	32.461378	0.555621
21.46	28.54	31.28	31.28	3.38	1.31	32.906447	31.883744	32.458784	0.555593
21.46	28.54	31.27	31.27	3.38	1.31	32.902907	31.882039	32.456188	0.555564
21.46	28.54	31.26	31.26	3.38	1.31	32.899364	31.880334	32.453590	0.555536
21.46	28.54	31.26	31.26	3.38	1.31	32.895820	31.878627	32.450991	0.555507
21.47	28.54	31.25	31.25	3.38	1.31	32.892275	31.876919	32.448391	0.555478
21.47	28.54	31.24	31.24	3.38	1.31	32.888728	31.875209	32.445790	0.555450
21.47	28.54	31.24	31.24	3.38	1.31	32.885180	31.873499	32.443187	0.555421
21.48	28.54	31.23	31.23	3.38	1.31	32.881630	31.871787	32.440583	0.555392
21.48	28.54	31.22	31.22	3.38	1.31	32.878078	31.870075	32.437977	0.555363
21.48	28.54	31.22	31.22	3.38	1.30	32.874525	31.868361	32.435371	0.555334
21.48	28.54	31.21	31.21	3.38	1.30	32.870970	31.866646	32.432762	0.555305
21.49	28.54	31.20	31.20	3.38	1.30	32.867414	31.864930	32.430153	0.555276
21.49	28.54	31.20	31.20	3.38	1.30	32.863856	31.863213	32.427542	0.555247
21.49	28.54	31.19	31.19	3.38	1.30	32.860297	31.861495	32.424930	0.555218
21.49	28.54	31.18	31.18	3.38	1.30	32.856736	31.859776	32.422316	0.555189
21.50	28.54	31.18	31.18	3.38	1.30	32.853174	31.858055	32.419702	0.555160
21.50	28.54	31.17	31.17	3.38	1.30	32.849610	31.856334	32.417085	0.555131
21.50	28.54	31.16	31.16	3.38	1.30	32.846045	31.854611	32.414468	0.555101
21.51	28.54	31.16	31.16	3.38	1.30	32.842478	31.852887	32.411849	0.555072
21.51	28.54	31.15	31.15	3.38	1.30	32.838909	31.851162	32.409229	0.555043
21.51	28.54	31.14	31.14	3.38	1.30	32.835340	31.849436	32.406607	0.555013
21.51	28.54	31.14	31.14	3.38	1.30	32.831768	31.847709	32.403984	0.554984
21.52	28.54	31.13	31.13	3.38	1.30	32.828195	31.845981	32.401360	0.554955
21.52	28.54	31.12	31.12	3.38	1.30	32.824620	31.844252	32.398734	0.554925
21.52	28.54	31.12	31.12	3.38	1.30	32.821044	31.842521	32.396107	0.554896
21.52	28.54	31.11	31.11	3.37	1.29	32.817467	31.840789	32.393479	0.554866
21.53	28.54	31.10	31.10	3.37	1.29	32.813888	31.839057	32.390850	0.554836
21.53	28.54	31.10	31.10	3.37	1.29	32.810307	31.837323	32.388219	0.554807
21.53	28.54	31.09	31.09	3.37	1.29	32.806725	31.835588	32.385587	0.554777
21.54	28.54	31.08	31.08	3.37	1.29	32.803141	31.833852	32.382953	0.554747
21.54	28.54	31.08	31.08	3.37	1.29	32.799556	31.832115	32.380318	0.554717
21.54	28.54	31.07	31.07	3.37	1.29	32.795969	31.830377	32.377682	0.554688
21.54	28.54	31.06	31.06	3.37	1.29	32.792381	31.828637	32.375044	0.554658
21.55	28.54	31.05	31.05	3.37	1.29	32.788791	31.826897	32.372406	0.554628
21.55	28.54	31.05	31.05	3.37	1.29	32.785200	31.825155	32.369765	0.554598
21.55	28.54	31.04	31.04	3.37	1.29	32.781607	31.823413	32.367124	0.554568
21.56	28.54	31.03	31.03	3.37	1.29	32.778013	31.821669	32.364481	0.554538
21.56	28.54	31.03	31.03	3.37	1.29	32.774417	31.819924	32.361837	0.554508
21.56	28.54	31.02	31.02	3.37	1.29	32.770820	31.818178	32.359192	0.554477
21.56	28.54	31.01	31.01	3.37	1.28	32.767221	31.816431	32.356545	0.554447
21.57	28.54	31.01	31.01	3.37	1.28	32.763621	31.814683	32.353897	0.554417
21.57	28.54	31.00	31.00	3.37	1.28	32.760019	31.812933	32.351247	0.554387
21.57	28.54	30.99	30.99	3.37	1.28	32.756416	31.811183	32.348597	0.554356
21.57	28.54	30.99	30.99	3.37	1.28	32.752811	31.809431	32.345945	0.554326
21.58	28.54	30.98	30.98	3.37	1.28	32.749204	31.807679	32.343291	0.554295
21.58	28.54	30.97	30.97	3.37	1.28	32.745597	31.805925	32.340637	0.554265
21.58	28.54	30.97	30.97	3.37	1.28	32.741987	31.804170	32.337981	0.554234
21.59	28.54	30.96	30.96	3.37	1.28	32.738376	31.802414	32.335323	0.554204
21.59	28.54	30.95	30.95	3.37	1.28	32.734764	31.800658	32.332665	0.554173
21.59	28.54	30.95	30.95	3.37	1.28	32.731150	31.798899	32.330005	0.554143
21.59	28.54	30.94	30.94	3.37	1.28	32.727535	31.797140	32.327344	0.554112
21.60	28.54	30.93	30.93	3.37	1.28	32.723918	31.795380	32.324681	0.554081
21.60	28.54	30.93	30.93	3.37	1.28	32.720300	31.793619	32.322017	0.554050
21.60	28.54	30.92	30.92	3.37	1.28	32.716680	31.791856	32.319352	0.554019
21.61	28.54	30.91	30.91	3.37	1.27	32.713059	31.790093	32.316686	0.553989
21.61	28.54	30.91	30.91	3.37	1.27	32.709436	31.788328	32.314018	0.553958
21.61	28.54	30.90	30.90	3.37	1.27	32.705812	31.786562	32.311349	0.553927
21.61	28.54	30.89	30.89	3.37	1.27	32.702186	31.784795	32.308679	0.553896
21.62	28.54	30.89	30.89	3.37	1.27	32.698558	31.783028	32.306007	0.553864
21.62	28.54	30.88	30.88	3.37	1.27	32.694930	31.781259	32.303334	0.553833
21.62	28.54	30.87	30.87	3.37	1.27	32.691299	31.779488	32.300660	0.553802
21.62	28.54	30.87	30.87	3.37	1.27	32.687668	31.777717	32.297984	0.553771
21.63	28.54	30.86	30.86	3.37	1.27	32.684035	31.775945	32.295307	0.553740
21.63	28.54	30.85	30.85	3.37	1.27	32.680400	31.774172	32.292629	0.553708
21.63	28.54	30.85	30.85	3.37	1.27	32.676764	31.772397	32.289950	0.553677
21.64	28.54	30.84	30.84	3.37	1.27	32.673126	31.770622	32.287269	0.553645
21.64	28.54	30.83	30.83	3.37	1.27	32.669487	31.768845	32.284587	0.553614
21.64	28.54	30.83	30.83	3.37	1.27	32.665846	31.767067	32.281904	0.553582
21.64	28.54	30.82	30.82	3.37	1.26	32.662204	31.765289	32.279219	0.553551
21.65	28.54	30.81	30.81	3.37	1.26	32.658561	31.763509	32.276533	0.553519
21.65	28.54	30.81	30.81	3.37	1.26	32.654916	31.761728	32.273846	0.553488
21.65	28.54	30.80	30.80	3.37	1.26	32.651269	31.759946	32.271157	0.553456
21.66	28.54	30.79	30.79	3.37	1.26	32.647621	31.758163	32.268468	0.553424
21.66	28.54	30.79	30.79	3.37	1.26	32.643972	31.756378	32.265776	0.553392
21.66	28.54	30.78	30.78	3.37	1.26	32.640321	31.754593	32.263084	0.553360
21.66	28.54	30.77	30.77	3.37	1.26	32.636668	31.752807	32.260390	0.553328
21.67	28.54	30.76	30.76	3.37	1.26	32.633014	31.751019	32.257696	0.553296
21.67	28.54	30.76	30.76	3.37	1.26	32.629359	31.749231	32.254999	0.553264
21.67	28.54	30.75	30.75	3.37	1.26	32.625702	31.747441	32.252302	0.553232
21.68	28.54	30.74	30.74	3.37	1.26	32.622044	31.745651	32.249603	0.553200
21.68	28.54	30.74	30.74	3.37	1.26	32.618384	31.743859	32.246903	0.553168
21.68	28.54	30.73	30.73	3.37	1.26	32.614723	31.742066	32.244202	0.553136
21.68	28.54	30.72	30.72	3.37	1.25	32.611060	31.740272	32.241499	0.553103
21.69	28.54	30.72	30.72	3.37	1.25	32.607396	31.738477	32.238795	0.553071
21.69	28.54	30.71	30.71	3.37	1.25	32.603731	31.736681	32.236090	0.553039
21.69	28.54	30.70	30.70	3.37	1.25	32.600064	31.734884	32.233383	0.553006
21.69	28.54	30.70	30.70	3.37	1.25	32.596395	31.733086	32.230676	0.552974
21.70	28.54	30.69	30.69	3.37	1.25	32.592725	31.731287	32.227967	0.552941
21.70	28.54	30.68	30.68	3.37	1.25	32.589054	31.729487	32.225256	0.552908
21.70	28.54	30.68	30.68	3.37	1.25	32.585381	31.727685	32.222545	0.552876
21.71	28.54	30.67	30.67	3.37	1.25	32.581707	31.725883	32.219832	0.552843
21.71	28.54	30.66	30.66	3.37	1.25	32.578031	31.724079	32.217118	0.552810
21.71	28.54	30.66	30.66	3.37	1.25	32.574354	31.722275	32.214402	0.552777
21.71	28.54	30.65	30.65	3.37	1.25	32.570675	31.720469	32.211686	0.552745
21.72	28.54	30.64	30.64	3.37	1.25	32.566995	31.718662	32.208968	0.552712
21.72	28.54	30.64	30.64	3.37	1.24	32.563313	31.716855	32.206249	0.552679
21.72	28.54	30.63	30.63	3.37	1.24	32.559630	31.715046	32.203528	0.552646
21.73	28.54	30.62	30.62	3.37	1.24	32.555946	31.713236	32.200806	0.552612
21.73	28.54	30.62	30.62	3.37	1.24	32.552260	31.711425	32.198083	0.552579
21.73	28.54	30.61	30.61	3.37	1.24	32.548572	31.709613	32.195359	0.552546
21.73	28.54	30.60	30.60	3.37	1.24	32.544884	31.707800	32.192634	0.552513
21.74	28.54	30.60	30.60	3.37	1.24	32.541193	31.705986	32.189907	0.552479
21.74	28.54	30.59	30.59	3.37	1.24	32.537502	31.704170	32.187179	0.552446
21.74	28.54	30.58	30.58	3.37	1.24	32.533809	31.702354	32.184449	0.552413
21.74	28.54	30.57	30.57	3.37	1.24	32.530114	31.700537	32.181719	0.552379
21.75	28.54	30.57	30.57	3.37	1.24	32.526418	31.698718	32.178987	0.552346
21.75	28.54	30.56	30.56	3.37	1.24	32.522721	31.696899	32.176254	0.552312
21.75	28.54	30.55	30.55	3.37	1.24	32.519022	31.695078	32.173519	0.552278
21.76	28.54	30.55	30.55	3.37	1.24	32.515321	31.693257	32.170784	0.552244
21.76	28.54	30.54	30.54	3.37	1.23	32.511620	31.691434	32.168047	0.552211
21.76	28.54	30.53	30.53	3.37	1.23	32.507916	31.689611	32.165309	0.552177
21.76	28.54	30.53	30.53	3.37	1.23	32.504212	31.687786	32.162569	0.552143
21.77	28.54	30.52	30.52	3.37	1.23	32.500506	31.685960	32.159829	0.552109
21.77	28.54	30.51	30.51	3.37	1.23	32.496798	31.684133	32.157087	0.552075
21.77	28.54	30.51	30.51	3.37	1.23	32.493089	31.682305	32.154344	0.552041
21.77	28.54	30.50	30.50	3.37	1.23	32.489379	31.680476	32.151599	0.552007
21.78	28.54	30.49	30.49	3.37	1.23	32.485667	31.678646	32.148854	0.551973
21.78	28.54	30.49	30.49	3.37	1.23	32.481954	31.676815	32.146107	0.551938
21.78	28.54	30.48	30.48	3.37	1.23	32.478240	31.674983	32.143359	0.551904
21.79	28.54	30.47	30.47	3.37	1.23	32.474524	31.673150	32.140609	0.551870
21.79	28.54	30.47	30.47	3.37	1.23	32.470806	31.671316	32.137859	0.551835
21.79	28.54	30.46	30.46	3.37	1.23	32.467087	31.669481	32.135107	0.551801
21.79	28.54	30.45	30.45	3.37	1.22	32.463367	31.667644	32.132354	0.551766
21.80	28.54	30.45	30.45	3.37	1.22	32.459645	31.665807	32.129599	0.551731
21.80	28.54	30.44	30.44	3.37	1.22	32.455922	31.663969	32.126844	0.551697
21.80	28.54	30.43	30.43	3.37	1.22	32.452198	31.662129	32.124087	0.551662
21.81	28.54	30.43	30.43	3.37	1.22	32.448472	31.660289	32.121329	0.551627
21.81	28.54	30.42	30.42	3.37	1.22	32.444744	31.658447	32.118569	0.551592
21.81	28.54	30.41	30.41	3.37	1.22	32.441016	31.656605	32.115809	0.551557
21.81	28.54	30.40	30.40	3.37	1.22	32.437285	31.654761	32.113047	0.551522
21.82	28.54	30.40	30.40	3.37	1.22	32.433554	31.652916	32.110284	0.551487
21.82	28.54	30.39	30.39	3.37	1.22	32.429821	31.651071	32.107520	0.551452
21.82	28.54	30.38	30.38	3.37	1.22	32.426087	31.649224	32.104754	0.551417
21.82	28.54	30.38	30.38	3.37	1.22	32.422351	31.647376	32.101987	0.551382
21.83	28.54	30.37	30.37	3.37	1.21	32.418613	31.645528	32.099219	0.551347
21.83	28.54	30.36	30.36	3.36	1.21	32.414875	31.643678	32.096450	0.551311
21.83	28.54	30.36	30.36	3.36	1.21	32.411135	31.641827	32.093680	0.551276
21.84	28.54	30.35	30.35	3.36	1.21	32.407393	31.639975	32.090908	0.551240
21.84	28.54	30.34	30.34	3.36	1.21	32.403651	31.638122	32.088135	0.551205
21.84	28.54	30.34	30.34	3.36	1.21	32.399906	31.636268	32.085361	0.551169
21.84	28.54	30.33	30.33	3.36	1.21	32.396161	31.634413	32.082586	0.551133
21.85	28.54	30.32	30.32	3.36	1.21	32.392414	31.632557	32.079809	0.551098
21.85	28.54	30.32	30.32	3.36	1.21	32.388665	31.630700	32.077031	0.551062
21.85	28.54	30.31	30.31	3.36	1.21	32.384915	31.628842	32.074252	0.551026
21.86	28.54	30.30	30.30	3.36	1.21	32.381164	31.626983	32.071472	0.550990
21.86	28.54	30.30	30.30	3.36	1.21	32.377412	31.625123	32.068690	0.550954
21.86	28.54	30.29	30.29	3.36	1.20	32.373658	31.623261	32.065908	0.550918
21.86	28.54	30.28	30.28	3.36	1.20	32.369902	31.621399	32.063124	0.550882
21.87	28.54	30.28	30.28	3.36	1.20	32.366145	31.619536	32.060339	0.550845
21.87	28.54	30.27	30.27	3.36	1.20	32.362387	31.617672	32.057552	0.550809
21.87	28.54	30.26	30.26	3.36	1.20	32.358628	31.615806	32.054765	0.550773
21.88	28.54	30.25	30.25	3.36	1.20	32.354867	31.613940	32.051976	0.550736
21.88	28.54	30.25	30.25	3.36	1.20	32.351104	31.612073	32.049186	0.550700
21.88	28.54	30.24	30.24	3.36	1.20	32.347341	31.610204	32.046395	0.550663
21.88	28.54	30.23	30.23	3.36	1.20	32.343576	31.608335	32.043602	0.550627
21.89	28.54	30.23	30.23	3.36	1.20	32.339809	31.606464	32.040808	0.550590
21.89	28.54	30.22	30.22	3.36	1.20	32.336041	31.604593	32.038013	0.550553
21.89	28.54	30.21	30.21	3.36	1.20	32.332272	31.602720	32.035217	0.550516
21.89	28.54	30.21	30.21	3.36	1.19	32.328501	31.600847	32.032420	0.550479
21.90	28.54	30.20	30.20	3.36	1.19	32.324729	31.598972	32.029622	0.550442
21.90	28.54	30.19	30.19	3.36	1.19	32.320956	31.597097	32.026822	0.550405
21.90	28.54	30.19	30.19	3.36	1.19	32.317181	31.595220	32.024021	0.550368
21.91	28.54	30.18	30.18	3.36	1.19	32.313405	31.593343	32.021219	0.550331
21.91	28.54	30.17	30.17	3.36	1.19	32.309627	31.591464	32.018415	0.550294
21.91	28.54	30.17	30.17	3.36	1.19	32.305849	31.589584	32.015611	0.550256
21.91	28.54	30.16	30.16	3.36	1.19	32.302068	31.587704	32.012805	0.550219
21.92	28.54	30.15	30.15	3.36	1.19	32.298287	31.585822	32.009998	0.550181
21.92	28.54	30.15	30.15	3.36	1.19	32.294504	31.583939	32.007190	0.550144
21.92	28.54	30.14	30.14	3.36	1.19	32.290719	31.582056	32.004380	0.550106
21.93	28.54	30.13	30.13	3.36	1.19	32.286934	31.580171	32.001570	0.550068
21.93	28.54	30.13	30.13	3.36	1.18	32.283146	31.578285	31.998758	0.550031
21.93	28.54	30.12	30.12	3.36	1.18	32.279358	31.576399	31.995945	0.549993
21.93	28.54	30.11	30.11	3.36	1.18	32.275568	31.574511	31.993131	0.549955
21.94	28.54	30.10	30.10	3.36	1.18	32.271777	31.572622	31.990316	0.549917
21.94	28.54	30.10	30.10	3.36	1.18	32.267984	31.570732	31.987499	0.549879
21.94	28.54	30.09	30.09	3.36	1.18	32.264190	31.568841	31.984681	0.549840
21.94	28.54	30.08	30.08	3.36	1.18	32.260395	31.566950	31.981862	0.549802
21.95	28.54	30.08	30.08	3.36	1.18	32.256599	31.565057	31.979042	0.549764
21.95	28.54	30.07	30.07	3.36	1.18	32.252801	31.563163	31.976221	0.549725
21.95	28.54	30.06	30.06	3.36	1.18	32.249001	31.561268	31.973398	0.549687
21.96	28.54	30.06	30.06	3.36	1.18	32.245200	31.559373	31.970575	0.549648
21.96	28.54	30.05	30.05	3.36	1.17	32.241398	31.557476	31.967750	0.549610
21.96	28.54	30.04	30.04	3.36	1.17	32.237595	31.555578	31.964924	0.549571
21.96	28.54	30.04	30.04	3.36	1.17	32.233790	31.553679	31.962096	0.549532
21.97	28.54	30.03	30.03	3.36	1.17	32.229984	31.551779	31.959268	0.549493
21.97	28.54	30.02	30.02	3.36	1.17	32.226177	31.549878	31.956438	0.549454
21.97	28.54	30.02	30.02	3.36	1.17	32.222368	31.547977	31.953607	0.549415
21.98	28.54	30.01	30.01	3.36	1.17	32.218558	31.546074	31.950775	0.549376
21.98	28.54	30.00	30.00	3.36	1.17	32.214746	31.544170	31.947942	0.549337
21.98	28.54	29.99	29.99	3.36	1.17	32.210933	31.542265	31.945108	0.549298
21.98	28.54	29.99	29.99	3.36	1.17	32.207119	31.540359	31.942272	0.549258
21.99	28.54	29.98	29.98	3.36	1.17	32.203303	31.538452	31.939435	0.549219
21.99	28.54	29.97	29.97	3.36	1.16	32.199487	31.536545	31.936597	0.549179
21.99	28.54	29.97	29.97	3.36	1.16	32.195668	31.534636	31.933758	0.549140
21.99	28.54	29.96	29.96	3.36	1.16	32.191849	31.532726	31.930918	0.549100
22.00	28.54	29.95	29.95	3.36	1.16	32.188028	31.530815	31.928076	0.549060
22.00	28.54	29.95	29.95	3.36	1.16	32.184206	31.528903	31.925234	0.549021
22.00	28.54	29.94	29.94	3.36	1.16	32.180382	31.526990	31.922390	0.548981
22.01	28.54	29.93	29.93	3.36	1.16	32.176557	31.525077	31.919545	0.548941
22.01	28.54	29.93	29.93	3.36	1.16	32.172731	31.523162	31.916699	0.548900
22.01	28.54	29.92	29.92	3.36	1.16	32.168903	31.521246	31.913851	0.548860
22.01	28.54	29.91	29.91	3.36	1.16	32.165074	31.519329	31.911003	0.548820
22.02	28.54	29.91	29.91	3.36	1.16	32.161244	31.517412	31.908153	0.548780
22.02	28.54	29.90	29.90	3.36	1.15	32.157412	31.515493	31.905302	0.548739
22.02	28.54	29.89	29.89	3.36	1.15	32.153579	31.513573	31.902450	0.548699
22.02	28.54	29.89	29.89	3.36	1.15	32.149745	31.511652	31.899597	0.548658
22.03	28.54	29.88	29.88	3.36	1.15	32.145910	31.509731	31.896743	0.548617
22.03	28.54	29.87	29.87	3.36	1.15	32.142073	31.507808	31.893887	0.548576
22.03	28.54	29.86	29.86	3.36	1.15	32.138234	31.505884	31.891031	0.548535
22.04	28.54	29.86	29.86	3.36	1.15	32.134395	31.503960	31.888173	0.548494
22.04	28.54	29.85	29.85	3.36	1.15	32.130554	31.502034	31.885314	0.548453
22.04	28.54	29.84	29.84	3.36	1.15	32.126712	31.500107	31.882454	0.548412
22.04	28.54	29.84	29.84	3.36	1.15	32.122868	31.498180	31.879592	0.548371
22.05	28.54	29.83	29.83	3.36	1.15	32.119023	31.496251	31.876730	0.548330
22.05	28.54	29.82	29.82	3.36	1.14	32.115177	31.494321	31.873866	0.548288
22.05	28.54	29.82	29.82	3.36	1.14	32.111330	31.492391	31.871001	0.548247
22.06	28.54	29.81	29.81	3.36	1.14	32.107481	31.490459	31.868135	0.548205
22.06	28.54	29.80	29.80	3.36	1.14	32.103631	31.488527	31.865268	0.548163
22.06	28.54	29.80	29.80	3.36	1.14	32.099779	31.486593	31.862400	0.548121
22.06	28.54	29.79	29.79	3.36	1.14	32.095927	31.484659	31.859531	0.548079
22.07	28.54	29.78	29.78	3.36	1.14	32.092073	31.482723	31.856660	0.548037
22.07	28.54	29.78	29.78	3.36	1.14	32.088217	31.480787	31.853788	0.547995
22.07	28.54	29.77	29.77	3.36	1.14	32.084361	31.478849	31.850915	0.547953
22.07	28.54	29.76	29.76	3.36	1.14	32.080503	31.476911	31.848041	0.547911
22.08	28.54	29.75	29.75	3.36	1.13	32.076643	31.474972	31.845166	0.547868
22.08	28.54	29.75	29.75	3.36	1.13	32.072783	31.473031	31.842290	0.547826
22.08	28.54	29.74	29.74	3.36	1.13	32.068921	31.471090	31.839412	0.547783
22.09	28.54	29.73	29.73	3.36	1.13	32.065058	31.469148	31.836534	0.547741
22.09	28.54	29.73	29.73	3.36	1.13	32.061193	31.467205	31.833654	0.547698
22.09	28.54	29.72	29.72	3.36	1.13	32.057327	31.465260	31.830773	0.547655
22.09	28.54	29.71	29.71	3.36	1.13	32.053460	31.463315	31.827891	0.547612
22.10	28.54	29.71	29.71	3.36	1.13	32.049592	31.461369	31.825008	0.547569
22.10	28.54	29.70	29.70	3.36	1.13	32.045722	31.459422	31.822124	0.547526
22.10	28.54	29.69	29.69	3.36	1.13	32.041851	31.457474	31.819238	0.547482
22.11	28.54	29.69	29.69	3.36	1.12	32.037979	31.455525	31.816351	0.547439
22.11	28.54	29.68	29.68	3.36	1.12	32.034105	31.453575	31.813464	0.547395
22.11	28.54	29.67	29.67	3.36	1.12	32.030230	31.451624	31.810575	0.547352
22.11	28.54	29.67	29.67	3.36	1.12	32.026354	31.449672	31.807685	0.547308
22.12	28.54	29.66	29.66	3.36	1.12	32.022477	31.447719	31.804794	0.547264
22.12	28.54	29.65	29.65	3.36	1.12	32.018598	31.445765	31.801901	0.547220
22.12	28.54	29.64	29.64	3.36	1.12	32.014718	31.443810	31.799008	0.547176
22.12	28.54	29.64	29.64	3.35	1.12	32.010836	31.441854	31.796113	0.547132
22.13	28.54	29.63	29.63	3.35	1.12	32.006954	31.439897	31.793218	0.547088
22.13	28.54	29.62	29.62	3.35	1.12	32.003070	31.437940	31.790321	0.547043
22.13	28.54	29.62	29.62	3.35	1.11	31.999185	31.435981	31.787423	0.546999
22.14	28.54	29.61	29.61	3.35	1.11	31.995298	31.434021	31.784524	0.546954
22.14	28.54	29.60	29.60	3.35	1.11	31.991410	31.432061	31.781624	0.546910
22.14	28.54	29.60	29.60	3.35	1.11	31.987521	31.430099	31.778722	0.546865
22.14	28.54	29.59	29.59	3.35	1.11	31.983631	31.428137	31.775820	0.546820
22.15	28.54	29.58	29.58	3.35	1.11	31.979739	31.426173	31.772916	0.546775
22.15	28.54	29.58	29.58	3.35	1.11	31.975846	31.424209	31.770012	0.546730
22.15	28.54	29.57	29.57	3.35	1.11	31.971952	31.422243	31.767106	0.546684
22.16	28.54	29.56	29.56	3.35	1.11	31.968057	31.420277	31.764199	0.546639
22.16	28.54	29.55	29.55	3.35	1.10	31.964160	31.418310	31.761291	0.546594
22.16	28.54	29.55	29.55	3.35	1.10	31.960262	31.416341	31.758382	0.546548
22.16	28.54	29.54	29.54	3.35	1.10	31.956363	31.414372	31.755472	0.546502
22.17	28.54	29.53	29.53	3.35	1.10	31.952462	31.412402	31.752560	0.546456
22.17	28.54	29.53	29.53	3.35	1.10	31.948560	31.410431	31.749648	0.546410
22.17	28.54	29.52	29.52	3.35	1.10	31.944657	31.408459	31.746734	0.546364
22.18	28.54	29.51	29.51	3.35	1.10	31.940753	31.406486	31.743819	0.546318
22.18	28.54	29.51	29.51	3.35	1.10	31.936847	31.404512	31.740903	0.546272
22.18	28.54	29.50	29.50	3.35	1.10	31.932940	31.402537	31.737986	0.546225
22.18	28.54	29.49	29.49	3.35	1.10	31.929032	31.400561	31.735068	0.546179
22.19	28.54	29.49	29.49	3.35	1.09	31.925123	31.398584	31.732149	0.546132
22.19	28.54	29.48	29.48	3.35	1.09	31.921212	31.396607	31.729229	0.546085
22.19	28.54	29.47	29.47	3.35	1.09	31.917300	31.394628	31.726307	0.546039
22.19	28.54	29.47	29.47	3.35	1.09	31.913387	31.392648	31.723385	0.545991
22.20	28.54	29.46	29.46	3.35	1.09	31.909472	31.390668	31.720461	0.545944
22.20	28.54	29.45	29.45	3.35	1.09	31.905556	31.388686	31.717537	0.545897
22.20	28.54	29.44	29.44	3.35	1.09	31.901639	31.386704	31.714611	0.545850
22.21	28.54	29.44	29.44	3.35	1.09	31.897721	31.384721	31.711684	0.545802
22.21	28.54	29.43	29.43	3.35	1.09	31.893802	31.382736	31.708756	0.545754
22.21	28.54	29.42	29.42	3.35	1.08	31.889881	31.380751	31.705827	0.545707
22.21	28.54	29.42	29.42	3.35	1.08	31.885959	31.378765	31.702896	0.545659
22.22	28.54	29.41	29.41	3.35	1.08	31.882035	31.376778	31.699965	0.545611
22.22	28.54	29.40	29.40	3.35	1.08	31.878111	31.374790	31.697033	0.545562
22.22	28.54	29.40	29.40	3.35	1.08	31.874185	31.372801	31.694099	0.545514
22.23	28.54	29.39	29.39	3.35	1.08	31.870258	31.370811	31.691164	0.545465
22.23	28.54	29.38	29.38	3.35	1.08	31.866330	31.368820	31.688229	0.545417
22.23	28.54	29.38	29.38	3.35	1.08	31.862400	31.366828	31.685292	0.545368
22.23	28.54	29.37	29.37	3.35	1.08	31.858469	31.364835	31.682354	0.545319
22.24	28.54	29.36	29.36	3.35	1.07	31.854537	31.362842	31.679415	0.545270
22.24	28.54	29.35	29.35	3.35	1.07	31.850604	31.360847	31.676475	0.545221
22.24	28.54	29.35	29.35	3.35	1.07	31.846670	31.358852	31.673534	0.545172
22.24	28.54	29.34	29.34	3.35	1.07	31.842734	31.356855	31.670591	0.545122
22.25	28.54	29.33	29.33	3.35	1.07	31.838797	31.354858	31.667648	0.545073
22.25	28.54	29.33	29.33	3.35	1.07	31.834859	31.352859	31.664704	0.545023
22.25	28.54	29.32	29.32	3.35	1.07	31.830919	31.350860	31.661758	0.544973
22.26	28.54	29.31	29.31	3.35	1.07	31.826978	31.348860	31.658812	0.544923
22.26	28.54	29.31	29.31	3.35	1.06	31.823036	31.346859	31.655864	0.544873
22.26	28.54	29.30	29.30	3.35	1.06	31.819093	31.344857	31.652915	0.544823
22.26	28.54	29.29	29.29	3.35	1.06	31.815149	31.342854	31.649965	0.544772
22.27	28.54	29.29	29.29	3.35	1.06	31.811203	31.340850	31.647014	0.544722
22.27	28.54	29.28	29.28	3.35	1.06	31.807256	31.338845	31.644062	0.544671
22.27	28.54	29.27	29.27	3.35	1.06	31.803308	31.336840	31.641109	0.544620
22.27	28.54	29.27	29.27	3.35	1.06	31.799359	31.334833	31.638155	0.544569
22.28	28.54	29.26	29.26	3.35	1.06	31.795408	31.332826	31.635200	0.544518
22.28	28.54	29.25	29.25	3.35	1.06	31.791456	31.330817	31.632243	0.544466
22.28	28.54	29.24	29.24	3.35	1.05	31.787503	31.328808	31.629286	0.544415
22.29	28.54	29.24	29.24	3.35	1.05	31.783549	31.326797	31.626328	0.544363
22.29	28.54	29.23	29.23	3.35	1.05	31.779593	31.324786	31.623368	0.544311
22.29	28.54	29.22	29.22	3.35	1.05	31.775637	31.322774	31.620407	0.544259
22.29	28.54	29.22	29.22	3.35	1.05	31.771679	31.320761	31.617446	0.544207
22.30	28.54	29.21	29.21	3.35	1.05	31.767719	31.318747	31.614483	0.544155
22.30	28.54	29.20	29.20	3.35	1.05	31.763759	31.316732	31.611519	0.544103
22.30	28.54	29.20	29.20	3.35	1.05	31.759797	31.314716	31.608554	0.544050
22.31	28.54	29.19	29.19	3.35	1.04	31.755835	31.312700	31.605588	0.543997
22.31	28.54	29.18	29.18	3.35	1.04	31.751871	31.310682	31.602621	0.543944
22.31	28.54	29.18	29.18	3.35	1.04	31.747905	31.308664	31.599653	0.543891
22.31	28.54	29.17	29.17	3.35	1.04	31.743939	31.306644	31.596684	0.543838
22.32	28.54	29.16	29.16	3.35	1.04	31.739971	31.304624	31.593714	0.543784
22.32	28.54	29.15	29.15	3.35	1.04	31.736002	31.302603	31.590743	0.543731
22.32	28.54	29.15	29.15	3.35	1.04	31.732032	31.300581	31.587770	0.543677
22.32	28.54	29.14	29.14	3.35	1.04	31.728061	31.298557	31.584797	0.543623
22.33	28.54	29.13	29.13	3.35	1.03	31.724088	31.296534	31.581823	0.543569
22.33	28.54	29.13	29.13	3.35	1.03	31.720114	31.294509	31.578847	0.543514
22.33	28.54	29.12	29.12	3.35	1.03	31.716139	31.292483	31.575871	0.543460
22.34	28.54	29.11	29.11	3.35	1.03	31.712163	31.290456	31.572893	0.543405
22.34	28.54	29.11	29.11	3.35	1.03	31.708186	31.288429	31.569914	0.543350
22.34	28.54	29.10	29.10	3.35	1.03	31.704207	31.286400	31.566935	0.543295
22.34	28.54	29.09	29.09	3.35	1.03	31.700227	31.284371	31.563954	0.543240
22.35	28.54	29.09	29.09	3.35	1.02	31.696246	31.282341	31.560972	0.543185
22.35	28.54	29.08	29.08	3.35	1.02	31.692264	31.280309	31.557989	0.543129
22.35	28.54	29.07	29.07	3.35	1.02	31.688281	31.278277	31.555005	0.543073
22.36	28.54	29.06	29.06	3.35	1.02	31.684296	31.276244	31.552021	0.543017
22.36	28.54	29.06	29.06	3.35	1.02	31.680310	31.274211	31.549035	0.542961
22.36	28.54	29.05	29.05	3.35	1.02	31.676323	31.272176	31.546048	0.542905
22.36	28.54	29.04	29.04	3.35	1.02	31.672335	31.270140	31.543059	0.542848
22.37	28.54	29.04	29.04	3.35	1.02	31.668346	31.268104	31.540070	0.542791
22.37	28.54	29.03	29.03	3.35	1.01	31.664355	31.266066	31.537080	0.542734
22.37	28.54	29.02	29.02	3.35	1.01	31.660363	31.264028	31.534089	0.542677
22.38	28.54	29.02	29.02	3.35	1.01	31.656370	31.261989	31.531097	0.542620
22.38	28.54	29.01	29.01	3.35	1.01	31.652376	31.259948	31.528104	0.542562
22.38	28.54	29.00	29.00	3.35	1.01	31.648381	31.257907	31.525109	0.542505
22.38	28.54	29.00	29.00	3.35	1.01	31.644384	31.255866	31.522114	0.542447
22.39	28.54	28.99	28.99	3.35	1.01	31.640386	31.253823	31.519118	0.542388
22.39	28.54	28.98	28.98	3.35	1.00	31.636387	31.251779	31.516120	0.542330
22.39	28.54	28.97	28.97	3.35	1.00	31.632387	31.249735	31.513122	0.542271
22.39	28.54	28.97	28.97	3.35	1.00	31.628386	31.247689	31.510122	0.542213
22.40	28.54	28.96	28.96	3.35	1.00	31.624384	31.245643	31.507122	0.542154
22.40	28.54	28.95	28.95	3.35	1.00	31.620380	31.243596	31.504120	0.542094
22.40	28.54	28.95	28.95	3.35	1.00	31.616375	31.241547	31.501118	0.542035
22.41	28.54	28.94	28.94	3.35	1.00	31.612369	31.239498	31.498114	0.541975
22.41	28.54	28.93	28.93	3.34	0.99	31.608362	31.237449	31.495110	0.541915
22.41	28.54	28.93	28.93	3.34	0.99	31.604353	31.235398	31.492104	0.541855
22.41	28.54	28.92	28.92	3.34	0.99	31.600344	31.233346	31.489097	0.541795
22.42	28.54	28.91	28.91	3.34	0.99	31.596333	31.231294	31.486090	0.541734
22.42	28.54	28.91	28.91	3.34	0.99	31.592321	31.229240	31.483081	0.541673
22.42	28.54	28.90	28.90	3.34	0.99	31.588308	31.227186	31.480071	0.541612
22.43	28.54	28.89	28.89	3.34	0.99	31.584294	31.225131	31.477060	0.541551
22.43	28.54	28.88	28.88	3.34	0.98	31.580278	31.223075	31.474049	0.541490
22.43	28.54	28.88	28.88	3.34	0.98	31.576261	31.221018	31.471036	0.541428
22.43	28.54	28.87	28.87	3.34	0.98	31.572244	31.218960	31.468022	0.541366
22.44	28.54	28.86	28.86	3.34	0.98	31.568225	31.216902	31.465007	0.541303
22.44	28.54	28.86	28.86	3.34	0.98	31.564204	31.214842	31.461992	0.541241
22.44	28.54	28.85	28.85	3.34	0.98	31.560183	31.212782	31.458975	0.541178
22.44	28.54	28.84	28.84	3.34	0.98	31.556161	31.210721	31.455957	0.541115
22.45	28.54	28.84	28.84	3.34	0.97	31.552137	31.208658	31.452938	0.541052
22.45	28.54	28.83	28.83	3.34	0.97	31.548112	31.206595	31.449918	0.540988
22.45	28.54	28.82	28.82	3.34	0.97	31.544086	31.204532	31.446898	0.540925
22.46	28.54	28.81	28.81	3.34	0.97	31.540059	31.202467	31.443876	0.540861
22.46	28.54	28.81	28.81	3.34	0.97	31.536031	31.200401	31.440853	0.540796
22.46	28.54	28.80	28.80	3.34	0.97	31.532001	31.198335	31.437829	0.540732
22.46	28.54	28.79	28.79	3.34	0.96	31.527971	31.196267	31.434804	0.540667
22.47	28.54	28.79	28.79	3.34	0.96	31.523939	31.194199	31.431778	0.540602
22.47	28.54	28.78	28.78	3.34	0.96	31.519906	31.192130	31.428752	0.540536
22.47	28.54	28.77	28.77	3.34	0.96	31.515872	31.190060	31.425724	0.540471
22.48	28.54	28.77	28.77	3.34	0.96	31.511836	31.187989	31.422695	0.540405
22.48	28.54	28.76	28.76	3.34	0.96	31.507800	31.185918	31.419665	0.540338
22.48	28.54	28.75	28.75	3.34	0.96	31.503762	31.183845	31.416634	0.540272
22.48	28.54	28.75	28.75	3.34	0.95	31.499724	31.181772	31.413602	0.540205
22.49	28.54	28.74	28.74	3.34	0.95	31.495684	31.179698	31.410570	0.540138
22.49	28.54	28.73	28.73	3.34	0.95	31.491643	31.177623	31.407536	0.540071
22.49	28.54	28.72	28.72	3.34	0.95	31.487600	31.175547	31.404501	0.540003
22.49	28.54	28.72	28.72	3.34	0.95	31.483557	31.173470	31.401465	0.539935
22.50	28.54	28.71	28.71	3.34	0.95	31.479513	31.171392	31.398428	0.539867
22.50	28.54	28.70	28.70	3.34	0.94	31.475467	31.169314	31.395391	0.539798
22.50	28.54	28.70	28.70	3.34	0.94	31.471420	31.167234	31.392352	0.539729
22.51	28.54	28.69	28.69	3.34	0.94	31.467372	31.165154	31.389312	0.539660
22.51	28.54	28.68	28.68	3.34	0.94	31.463323	31.163073	31.386272	0.539590
22.51	28.54	28.68	28.68	3.34	0.94	31.459273	31.160991	31.383230	0.539520
22.51	28.54	28.67	28.67	3.34	0.94	31.455221	31.158908	31.380187	0.539450
22.52	28.54	28.66	28.66	3.34	0.93	31.451169	31.156825	31.377144	0.539379
22.52	28.54	28.66	28.66	3.34	0.93	31.447115	31.154740	31.374099	0.539308
22.52	28.54	28.65	28.65	3.34	0.93	31.443060	31.152655	31.371053	0.539237
22.52	28.54	28.64	28.64	3.34	0.93	31.439004	31.150569	31.368007	0.539166
22.53	28.54	28.63	28.63	3.34	0.93	31.434947	31.148482	31.364959	0.539094
22.53	28.54	28.63	28.63	3.34	0.93	31.430889	31.146394	31.361911	0.539021
22.53	28.54	28.62	28.62	3.34	0.92	31.426830	31.144305	31.358861	0.538949
22.54	28.54	28.61	28.61	3.34	0.92	31.422769	31.142216	31.355811	0.538876
22.54	28.54	28.61	28.61	3.34	0.92	31.418707	31.140125	31.352759	0.538802
22.54	28.54	28.60	28.60	3.34	0.92	31.414645	31.138034	31.349707	0.538729
22.54	28.54	28.59	28.59	3.34	0.92	31.410581	31.135942	31.346654	0.538654
22.55	28.54	28.59	28.59	3.34	0.91	31.406516	31.133849	31.343599	0.538580
22.55	28.54	28.58	28.58	3.34	0.91	31.402449	31.131755	31.340544	0.538505
22.55	28.54	28.57	28.57	3.34	0.91	31.398382	31.129661	31.337488	0.538430
22.56	28.54	28.56	28.56	3.34	0.91	31.394314	31.127565	31.334431	0.538354
22.56	28.54	28.56	28.56	3.34	0.91	31.390244	31.125469	31.331373	0.538278
22.56	28.54	28.55	28.55	3.34	0.91	31.386173	31.123372	31.328313	0.538202
22.56	28.54	28.54	28.54	3.34	0.90	31.382101	31.121274	31.325253	0.538125
22.57	28.54	28.54	28.54	3.34	0.90	31.378029	31.119175	31.322192	0.538047
22.57	28.54	28.53	28.53	3.34	0.90	31.373954	31.117076	31.319130	0.537970
22.57	28.54	28.52	28.52	3.34	0.90	31.369879	31.114975	31.316068	0.537892
22.57	28.54	28.52	28.52	3.34	0.90	31.365803	31.112874	31.313004	0.537813
22.58	28.54	28.51	28.51	3.34	0.89	31.361725	31.110772	31.309939	0.537734
22.58	28.54	28.50	28.50	3.34	0.89	31.357647	31.108669	31.306873	0.537654
22.58	28.54	28.50	28.50	3.34	0.89	31.353567	31.106565	31.303806	0.537575
22.59	28.54	28.49	28.49	3.34	0.89	31.349486	31.104460	31.300739	0.537494
22.59	28.54	28.48	28.48	3.34	0.89	31.345404	31.102355	31.297670	0.537413
22.59	28.54	28.47	28.47	3.34	0.88	31.341321	31.100249	31.294601	0.537332
22.59	28.54	28.47	28.47	3.34	0.88	31.337237	31.098142	31.291530	0.537250
22.60	28.54	28.46	28.46	3.34	0.88	31.333152	31.096034	31.288459	0.537168
22.60	28.54	28.45	28.45	3.34	0.88	31.329065	31.093925	31.285386	0.537085
22.60	28.54	28.45	28.45	3.34	0.88	31.324977	31.091815	31.282313	0.537002
22.61	28.54	28.44	28.44	3.34	0.87	31.320889	31.089705	31.279239	0.536918
22.61	28.54	28.43	28.43	3.34	0.87	31.316799	31.087594	31.276164	0.536834
22.61	28.54	28.43	28.43	3.34	0.87	31.312708	31.085482	31.273088	0.536749
22.61	28.54	28.42	28.42	3.34	0.87	31.308616	31.083369	31.270011	0.536664
22.62	28.54	28.41	28.41	3.34	0.87	31.304523	31.081255	31.266933	0.536578
22.62	28.54	28.41	28.41	3.34	0.86	31.300429	31.079141	31.263854	0.536492
22.62	28.54	28.40	28.40	3.34	0.86	31.296333	31.077026	31.260774	0.536405
22.62	28.54	28.39	28.39	3.34	0.86	31.292237	31.074909	31.257694	0.536317
22.63	28.54	28.38	28.38	3.34	0.86	31.288139	31.072793	31.254612	0.536229
22.63	28.54	28.38	28.38	3.34	0.86	31.284040	31.070675	31.251529	0.536141
22.63	28.54	28.37	28.37	3.34	0.85	31.279941	31.068556	31.248446	0.536051
22.64	28.54	28.36	28.36	3.34	0.85	31.275840	31.066437	31.245362	0.535962
22.64	28.54	28.36	28.36	3.34	0.85	31.271738	31.064317	31.242276	0.535871
22.64	28.54	28.35	28.35	3.34	0.85	31.267634	31.062196	31.239190	0.535780
22.64	28.54	28.34	28.34	3.34	0.84	31.263530	31.060074	31.236103	0.535688
22.65	28.54	28.34	28.34	3.34	0.84	31.259425	31.057951	31.233015	0.535596
22.65	28.54	28.33	28.33	3.34	0.84	31.255318	31.055828	31.229926	0.535503
22.65	28.54	28.32	28.32	3.34	0.84	31.251211	31.053704	31.226836	0.535410
22.66	28.54	28.31	28.31	3.34	0.84	31.247102	31.051579	31.223746	0.535315
22.66	28.54	28.31	28.31	3.34	0.83	31.242992	31.049453	31.220654	0.535220
22.66	28.54	28.30	28.30	3.34	0.83	31.238881	31.047326	31.217561	0.535125
22.66	28.54	28.29	28.29	3.34	0.83	31.234769	31.045199	31.214468	0.535028
22.67	28.54	28.29	28.29	3.34	0.83	31.230656	31.043070	31.211374	0.534931
22.67	28.54	28.28	28.28	3.34	0.82	31.226542	31.040941	31.208278	0.534833
22.67	28.54	28.27	28.27	3.34	0.82	31.222427	31.038811	31.205182	0.534735
22.68	28.54	28.27	28.27	3.34	0.82	31.218310	31.036681	31.202085	0.534635
22.68	28.54	28.26	28.26	3.34	0.82	31.214193	31.034549	31.198988	0.534535
22.68	28.54	28.25	28.25	3.34	0.81	31.210074	31.032417	31.195889	0.534434
22.68	28.54	28.25	28.25	3.33	0.81	31.205954	31.030284	31.192789	0.534333
22.69	28.54	28.24	28.24	3.33	0.81	31.201833	31.028150	31.189689	0.534230
22.69	28.54	28.23	28.23	3.33	0.81	31.197711	31.026015	31.186587	0.534127
22.69	28.54	28.22	28.22	3.33	0.80	31.193588	31.023880	31.183485	0.534022
22.69	28.54	28.22	28.22	3.33	0.80	31.189464	31.021744	31.180382	0.533917
22.70	28.54	28.21	28.21	3.33	0.80	31.185339	31.019606	31.177278	0.533811
22.70	28.54	28.20	28.20	3.33	0.80	31.181213	31.017469	31.174173	0.533704
22.70	28.54	28.20	28.20	3.33	0.79	31.177085	31.015330	31.171067	0.533596
22.71	28.54	28.19	28.19	3.33	0.79	31.172957	31.013190	31.167960	0.533488
22.71	28.54	28.18	28.18	3.33	0.79	31.168827	31.011050	31.164853	0.533378
22.71	28.54	28.18	28.18	3.33	0.79	31.164696	31.008909	31.161744	0.533267
22.71	28.54	28.17	28.17	3.33	0.78	31.160565	31.006767	31.158635	0.533155
22.72	28.54	28.16	28.16	3.33	0.78	31.156432	31.004625	31.155525	0.533042
22.72	28.54	28.15	28.15	3.33	0.78	31.152298	31.002481	31.152414	0.532928
22.72	28.54	28.15	28.15	3.33	0.77	31.148162	31.000337	31.149302	0.532814
22.73	28.54	28.14	28.14	3.33	0.77	31.144026	30.998192	31.146190	0.532697
22.73	28.54	28.13	28.13	3.33	0.77	31.139889	30.996046	31.143076	0.532580
22.73	28.54	28.13	28.13	3.33	0.77	31.135750	30.993900	31.139962	0.532462
22.73	28.54	28.12	28.12	3.33	0.76	31.131611	30.991752	31.136847	0.532342
22.74	28.54	28.11	28.11	3.33	0.76	31.127470	30.989604	31.133731	0.532221
22.74	28.54	28.11	28.11	3.33	0.76	31.123328	30.987455	31.130614	0.532099
22.74	28.54	28.10	28.10	3.33	0.75	31.119186	30.985305	31.127496	0.531976
22.74	28.54	28.09	28.09	3.33	0.75	31.115042	30.983155	31.124378	0.531851
22.75	28.54	28.09	28.09	3.33	0.75	31.110897	30.981004	31.121258	0.531725
22.75	28.54	28.08	28.08	3.33	0.74	31.106750	30.978852	31.118138	0.531598
22.75	28.54	28.07	28.07	3.33	0.74	31.102603	30.976699	31.115017	0.531469
22.76	28.54	28.06	28.06	3.33	0.74	31.098455	30.974545	31.111895	0.531339
22.76	28.54	28.06	28.06	3.33	0.73	31.094305	30.972391	31.108773	0.531207
22.76	28.54	28.05	28.05	3.33	0.73	31.090155	30.970235	31.105649	0.531073
22.76	28.54	28.04	28.04	3.33	0.73	31.086003	30.968079	31.102525	0.530938
22.77	28.54	28.04	28.04	3.33	0.72	31.081850	30.965923	31.099400	0.530802
22.77	28.54	28.03	28.03	3.33	0.72	31.077697	30.963765	31.096274	0.530664
22.77	28.54	28.02	28.02	3.33	0.72	31.073542	30.961607	31.093148	0.530523
22.77	28.54	28.02	28.02	3.33	0.71	31.069385	30.959448	31.090020	0.530382
22.78	28.54	28.01	28.01	3.33	0.71	31.065228	30.957288	31.086892	0.530238
22.78	28.54	28.00	28.00	3.33	0.71	31.061070	30.955127	31.083763	0.530092
22.78	28.54	27.99	27.99	3.33	0.70	31.056910	30.952965	31.080633	0.529945
22.79	28.54	27.99	27.99	3.33	0.70	31.052750	30.950803	31.077503	0.529795
22.79	28.54	27.98	27.98	3.33	0.70	31.048588	30.948640	31.074371	0.529643
22.79	28.54	27.97	27.97	3.33	0.69	31.044425	30.946476	31.071239	0.529489
22.79	28.54	27.97	27.97	3.33	0.69	31.040262	30.944312	31.068106	0.529333
22.80	28.54	27.96	27.96	3.33	0.68	31.036097	30.942146	31.064973	0.529174
22.80	28.54	27.95	27.95	3.33	0.68	31.031930	30.939980	31.061839	0.529013
22.80	28.54	27.95	27.95	3.33	0.68	31.027763	30.937813	31.058703	0.528850
22.81	28.54	27.94	27.94	3.33	0.67	31.023595	30.935645	31.055568	0.528683
22.81	28.54	27.93	27.93	3.33	0.67	31.019425	30.933477	31.052431	0.528514
22.81	28.54	27.93	27.93	3.33	0.66	31.015254	30.931307	31.049294	0.528343
22.81	28.54	27.92	27.92	3.33	0.66	31.011083	30.929137	31.046156	0.528168
22.82	28.54	27.91	27.91	3.33	0.66	31.006910	30.926966	31.043017	0.527990
22.82	28.54	27.90	27.90	3.33	0.65	31.002736	30.924795	31.039878	0.527809
22.82	28.54	27.90	27.90	3.33	0.65	30.998560	30.922622	31.036737	0.527624
22.82	28.54	27.89	27.89	3.33	0.64	30.994384	30.920449	31.033597	0.527436
22.83	28.54	27.88	27.88	3.33	0.64	30.990206	30.918275	31.030455	0.527245
22.83	28.54	27.88	27.88	3.33	0.63	30.986028	30.916100	31.027313	0.527049
22.83	28.54	27.87	27.87	3.33	0.63	30.981848	30.913924	31.024170	0.526849
22.84	28.54	27.86	27.86	3.33	0.62	30.977667	30.911747	31.021027	0.526646
22.84	28.54	27.86	27.86	3.33	0.62	30.973484	30.909570	31.017883	0.526437
22.84	28.54	27.85	27.85	3.33	0.61	30.969301	30.907392	31.014738	0.526224
22.84	28.54	27.84	27.84	3.33	0.61	30.965116	30.905213	31.011592	0.526006
22.85	28.54	27.83	27.83	3.33	0.60	30.960930	30.903033	31.008446	0.525782
22.85	28.54	27.83	27.83	3.33	0.59	30.956743	30.900853	31.005300	0.525553
22.85	28.54	27.82	27.82	3.33	0.59	30.952555	30.898671	31.002153	0.525318
22.86	28.54	27.81	27.81	3.33	0.58	30.948365	30.896489	30.999005	0.525076
22.86	28.54	27.81	27.81	3.33	0.58	30.944175	30.894306	30.995857	0.524827
22.86	28.54	27.80	27.80	3.33	0.57	30.939983	30.892122	30.992708	0.524572
22.86	28.54	27.79	27.79	3.33	0.56	30.935789	30.889937	30.989558	0.524308
22.87	28.54	27.79	27.79	3.33	0.56	30.931595	30.887751	30.986409	0.524036
22.87	28.54	27.78	27.78	3.33	0.55	30.927399	30.885564	30.983258	0.523754
22.87	28.54	27.77	27.77	3.33	0.54	30.923202	30.883377	30.980107	0.523463
22.88	28.54	27.77	27.77	3.33	0.53	30.919003	30.881188	30.976956	0.523161
22.88	28.54	27.76	27.76	3.33	0.53	30.914803	30.878999	30.973805	0.522847
22.88	28.54	27.75	27.75	3.33	0.52	30.910602	30.876809	30.970653	0.522520
22.88	28.54	27.74	27.74	3.33	0.51	30.906399	30.874617	30.967501	0.522179
22.89	28.54	27.74	27.74	3.33	0.50	30.902194	30.872425	30.964348	0.521822
22.89	28.54	27.73	27.73	3.33	0.49	30.897988	30.870231	30.961195	0.521447
22.89	28.54	27.72	27.72	3.33	0.48	30.893781	30.868037	30.958042	0.521051
22.89	28.54	27.72	27.72	3.33	0.48	30.889573	30.865842	30.954889	0.520847
22.90	28.54	27.71	27.71	3.33	0.48	30.885367	30.863650	30.951734	0.520843
22.90	28.54	27.70	27.70	3.33	0.48	30.881161	30.861459	30.948578	0.520839
22.90	28.54	27.70	27.70	3.33	0.48	30.876956	30.859268	30.945420	0.520835
22.91	28.54	27.69	27.69	3.33	0.48	30.872750	30.857078	30.942260	0.520830
22.91	28.54	27.68	27.68	3.33	0.48	30.868544	30.854888	30.939099	0.520826
22.91	28.54	27.67	27.67	3.33	0.48	30.864337	30.852697	30.935936	0.520822
22.91	28.54	27.67	27.67	3.33	0.48	30.860130	30.850507	30.932772	0.520818
22.92	28.54	27.66	27.66	3.33	0.48	30.855922	30.848316	30.929606	0.520814
22.92	28.54	27.65	27.65	3.33	0.48	30.851713	30.846125	30.926439	0.520810
22.92	28.54	27.65	27.65	3.33	0.48	30.847503	30.843934	30.923270	0.520806
22.93	28.54	27.64	27.64	3.33	0.48	30.843292	30.841742	30.920100	0.520802
22.93	28.54	27.63	27.63	3.33	0.48	30.839081	30.839550	30.916929	0.520797
22.93	28.54	27.63	27.63	3.33	0.48	30.834869	30.837358	30.913756	0.520793
22.93	28.54	27.62	27.62	3.33	0.48	30.830656	30.835165	30.910582	0.520789
22.94	28.54	27.61	27.61	3.33	0.48	30.826442	30.832972	30.907407	0.520785
22.94	28.54	27.61	27.61	3.33	0.48	30.822227	30.830778	30.904230	0.520781
22.94	28.54	27.60	27.60	3.33	0.48	30.818011	30.828584	30.901052	0.520777
22.94	28.54	27.59	27.59	3.33	0.48	30.813794	30.826389	30.897873	0.520773
22.95	28.54	27.58	27.58	3.33	0.48	30.809576	30.824194	30.894692	0.520768
22.95	28.54	27.58	27.58	3.32	0.48	30.805357	30.821998	30.891511	0.520764
22.95	28.54	27.57	27.57	3.32	0.48	30.801138	30.819802	30.888328	0.520760
22.96	28.54	27.56	27.56	3.32	0.48	30.796917	30.817605	30.885143	0.520756
22.96	28.54	27.56	27.56	3.32	0.48	30.792696	30.815407	30.881958	0.520752
22.96	28.54	27.55	27.55	3.32	0.48	30.788473	30.813209	30.878772	0.520748
22.96	28.54	27.54	27.54	3.32	0.49	30.784253	30.811013	30.875583	0.521144
22.97	28.54	27.54	27.54	3.32	0.50	30.780034	30.808818	30.872392	0.521523
22.97	28.54	27.53	27.53	3.32	0.51	30.775817	30.806624	30.869198	0.521882
22.97	28.54	27.52	27.52	3.32	0.51	30.771599	30.804430	30.866002	0.522225
22.98	28.54	27.51	27.51	3.32	0.52	30.767381	30.802236	30.862804	0.522552
22.98	28.54	27.51	27.51	3.32	0.53	30.763162	30.800041	30.859603	0.522866
22.98	28.54	27.50	27.50	3.32	0.54	30.758943	30.797846	30.856400	0.523167
22.98	28.54	27.49	27.49	3.32	0.55	30.754723	30.795651	30.853196	0.523457
22.99	28.54	27.49	27.49	3.32	0.55	30.750502	30.793454	30.849990	0.523736
22.99	28.54	27.48	27.48	3.32	0.56	30.746280	30.791257	30.846781	0.524006
22.99	28.54	27.47	27.47	3.32	0.57	30.742058	30.789060	30.843571	0.524267
22.99	28.54	27.47	27.47	3.32	0.57	30.737834	30.786861	30.840360	0.524520
23.00	28.54	27.46	27.46	3.32	0.58	30.733610	30.784662	30.837147	0.524766
23.00	28.54	27.45	27.45	3.32	0.59	30.729384	30.782461	30.833932	0.525004
23.00	28.54	27.45	27.45	3.32	0.59	30.725158	30.780260	30.830716	0.525236
23.01	28.54	27.44	27.44	3.32	0.60	30.720931	30.778058	30.827498	0.525461
23.01	28.54	27.43	27.43	3.32	0.60	30.716702	30.775856	30.824279	0.525681
23.01	28.54	27.42	27.42	3.32	0.61	30.712473	30.773652	30.821058	0.525895
23.01	28.54	27.42	27.42	3.32	0.61	30.708243	30.771447	30.817836	0.526103
23.02	28.54	27.41	27.41	3.32	0.62	30.704011	30.769242	30.814613	0.526307
23.02	28.54	27.40	27.40	3.32	0.63	30.699779	30.767035	30.811389	0.526507
23.02	28.54	27.40	27.40	3.32	0.63	30.695545	30.764828	30.808163	0.526702
23.02	28.54	27.39	27.39	3.32	0.64	30.691311	30.762619	30.804936	0.526892
23.03	28.54	27.38	27.38	3.32	0.64	30.687075	30.760410	30.801708	0.527079
23.03	28.54	27.38	27.38	3.32	0.64	30.682839	30.758200	30.798479	0.527262
23.03	28.54	27.37	27.37	3.32	0.65	30.678602	30.755988	30.795248	0.527441
23.04	28.54	27.36	27.36	3.32	0.65	30.674363	30.753776	30.792017	0.527617
23.04	28.54	27.35	27.35	3.32	0.66	30.670124	30.751563	30.788784	0.527790
23.04	28.54	27.35	27.35	3.32	0.66	30.665883	30.749349	30.785550	0.527959
23.04	28.54	27.34	27.34	3.32	0.67	30.661642	30.747134	30.782315	0.528126
23.05	28.54	27.33	27.33	3.32	0.67	30.657399	30.744918	30.779080	0.528289
23.05	28.54	27.33	27.33	3.32	0.68	30.653156	30.742701	30.775843	0.528450
23.05	28.54	27.32	27.32	3.32	0.68	30.648912	30.740483	30.772605	0.528607
23.06	28.54	27.31	27.31	3.32	0.68	30.644666	30.738265	30.769366	0.528763
23.06	28.54	27.31	27.31	3.32	0.69	30.640420	30.736045	30.766126	0.528916
23.06	28.54	27.30	27.30	3.32	0.69	30.636173	30.733824	30.762885	0.529066
23.06	28.54	27.29	27.29	3.32	0.70	30.631925	30.731603	30.759644	0.529214
23.07	28.54	27.29	27.29	3.32	0.70	30.627676	30.729380	30.756401	0.529360
23.07	28.54	27.28	27.28	3.32	0.70	30.623425	30.727157	30.753157	0.529504
23.07	28.54	27.27	27.27	3.32	0.71	30.619174	30.724933	30.749913	0.529646
23.07	28.54	27.26	27.26	3.32	0.71	30.614922	30.722708	30.746667	0.529785
23.08	28.54	27.26	27.26	3.32	0.71	30.610670	30.720481	30.743421	0.529923
23.08	28.54	27.25	27.25	3.32	0.72	30.606416	30.718254	30.740174	0.530059
23.08	28.54	27.24	27.24	3.32	0.72	30.602161	30.716026	30.736926	0.530193
23.09	28.54	27.24	27.24	3.32	0.72	30.597905	30.713798	30.733677	0.530325
23.09	28.54	27.23	27.23	3.32	0.73	30.593649	30.711568	30.730427	0.530455
23.09	28.54	27.22	27.22	3.32	0.73	30.589391	30.709337	30.727176	0.530584
23.09	28.54	27.22	27.22	3.32	0.74	30.585133	30.707106	30.723925	0.530711
23.10	28.54	27.21	27.21	3.32	0.74	30.580874	30.704873	30.720672	0.530837
23.10	28.54	27.20	27.20	3.32	0.74	30.576614	30.702640	30.717419	0.530961
23.10	28.54	27.20	27.20	3.32	0.74	30.572353	30.700406	30.714165	0.531083
23.11	28.54	27.19	27.19	3.32	0.75	30.568091	30.698171	30.710910	0.531204
23.11	28.54	27.18	27.18	3.32	0.75	30.563828	30.695935	30.707654	0.531324
23.11	28.54	27.17	27.17	3.32	0.75	30.559565	30.693698	30.704398	0.531442
23.11	28.54	27.17	27.17	3.32	0.76	30.555300	30.691461	30.701140	0.531559
23.12	28.54	27.16	27.16	3.32	0.76	30.551035	30.689222	30.697882	0.531675
23.12	28.54	27.15	27.15	3.32	0.76	30.546769	30.686983	30.694623	0.531789
23.12	28.54	27.15	27.15	3.32	0.77	30.542502	30.684743	30.691364	0.531902
23.12	28.54	27.14	27.14	3.32	0.77	30.538234	30.682502	30.688103	0.532014
23.13	28.54	27.13	27.13	3.32	0.77	30.533965	30.680260	30.684842	0.532125
23.13	28.54	27.13	27.13	3.32	0.78	30.529695	30.678017	30.681580	0.532234
23.13	28.54	27.12	27.12	3.32	0.78	30.525425	30.675773	30.678317	0.532343
23.14	28.54	27.11	27.11	3.32	0.78	30.521154	30.673529	30.675054	0.532450
23.14	28.54	27.10	27.10	3.32	0.78	30.516882	30.671283	30.671789	0.532556
23.14	28.54	27.10	27.10	3.32	0.79	30.512609	30.669037	30.668524	0.532662
23.14	28.54	27.09	27.09	3.32	0.79	30.508335	30.666790	30.665258	0.532766
23.15	28.54	27.08	27.08	3.32	0.79	30.504061	30.664543	30.661992	0.532869
23.15	28.54	27.08	27.08	3.32	0.79	30.499785	30.662294	30.658724	0.532971
23.15	28.54	27.07	27.07	3.32	0.80	30.495509	30.660044	30.655456	0.533072
23.16	28.54	27.06	27.06	3.32	0.80	30.491232	30.657794	30.652187	0.533173
23.16	28.54	27.06	27.06	3.32	0.80	30.486955	30.655543	30.648918	0.533272
23.16	28.54	27.05	27.05	3.32	0.81	30.482676	30.653291	30.645647	0.533371
23.16	28.54	27.04	27.04	3.32	0.81	30.478397	30.651038	30.642376	0.533468
23.17	28.54	27.04	27.04	3.32	0.81	30.474117	30.648785	30.639104	0.533565
23.17	28.54	27.03	27.03	3.32	0.81	30.469836	30.646530	30.635832	0.533661
23.17	28.54	27.02	27.02	3.32	0.82	30.465554	30.644275	30.632558	0.533756
23.18	28.54	27.01	27.01	3.32	0.82	30.461272	30.642019	30.629284	0.533850
23.18	28.54	27.01	27.01	3.32	0.82	30.456988	30.639762	30.626010	0.533943
23.18	28.54	27.00	27.00	3.32	0.82	30.452704	30.637505	30.622734	0.534036
23.18	28.54	26.99	26.99	3.32	0.83	30.448420	30.635246	30.619458	0.534128
23.19	28.54	26.99	26.99	3.32	0.83	30.444134	30.632987	30.616181	0.534219
23.19	28.54	26.98	26.98	3.32	0.83	30.439848	30.630727	30.612903	0.534309
23.19	28.54	26.97	26.97	3.32	0.83	30.435561	30.628466	30.609625	0.534399
23.19	28.54	26.97	26.97	3.32	0.84	30.431273	30.626204	30.606346	0.534488
23.20	28.54	26.96	26.96	3.32	0.84	30.426984	30.623942	30.603066	0.534576
23.20	28.54	26.95	26.95	3.32	0.84	30.422695	30.621678	30.599786	0.534663
23.20	28.54	26.95	26.95	3.32	0.84	30.418405	30.619414	30.596504	0.534750
23.21	28.54	26.94	26.94	3.32	0.84	30.414114	30.617150	30.593222	0.534836
23.21	28.54	26.93	26.93	3.32	0.85	30.409822	30.614884	30.589940	0.534922
23.21	28.54	26.92	26.92	3.31	0.85	30.405530	30.612617	30.586656	0.535007
23.21	28.54	26.92	26.92	3.31	0.85	30.401237	30.610350	30.583372	0.535091
23.22	28.54	26.91	26.91	3.31	0.85	30.396943	30.608082	30.580088	0.535174
23.22	28.54	26.90	26.90	3.31	0.86	30.392648	30.605813	30.576802	0.535257
23.22	28.54	26.90	26.90	3.31	0.86	30.388353	30.603544	30.573516	0.535340
23.23	28.54	26.89	26.89	3.31	0.86	30.384057	30.601273	30.570229	0.535421
23.23	28.54	26.88	26.88	3.31	0.86	30.379760	30.599002	30.566941	0.535503
23.23	28.54	26.88	26.88	3.31	0.86	30.375462	30.596730	30.563653	0.535583
23.23	28.54	26.87	26.87	3.31	0.87	30.371164	30.594458	30.560364	0.535663
23.24	28.54	26.86	26.86	3.31	0.87	30.366865	30.592184	30.557075	0.535743
23.24	28.54	26.86	26.86	3.31	0.87	30.362566	30.589910	30.553784	0.535822
23.24	28.54	26.85	26.85	3.31	0.87	30.358265	30.587635	30.550493	0.535900
23.24	28.54	26.84	26.84	3.31	0.87	30.353964	30.585359	30.547201	0.535978
23.25	28.54	26.83	26.83	3.31	0.88	30.349662	30.583082	30.543909	0.536055
23.25	28.54	26.83	26.83	3.31	0.88	30.345360	30.580805	30.540616	0.536132
23.25	28.54	26.82	26.82	3.31	0.88	30.341056	30.578527	30.537322	0.536208
23.26	28.54	26.81	26.81	3.31	0.88	30.336752	30.576248	30.534028	0.536284
23.26	28.54	26.81	26.81	3.31	0.89	30.332448	30.573968	30.530732	0.536359
23.26	28.54	26.80	26.80	3.31	0.89	30.328142	30.571688	30.527436	0.536434
23.26	28.54	26.79	26.79	3.31	0.89	30.323836	30.569406	30.524140	0.536509
23.27	28.54	26.79	26.79	3.31	0.89	30.319529	30.567124	30.520843	0.536582
23.27	28.54	26.78	26.78	3.31	0.89	30.315222	30.564842	30.517545	0.536656
23.27	28.54	26.77	26.77	3.31	0.90	30.310914	30.562558	30.514246	0.536729
23.27	28.54	26.76	26.76	3.31	0.90	30.306605	30.560274	30.510947	0.536801
23.28	28.54	26.76	26.76	3.31	0.90	30.302295	30.557989	30.507647	0.536873
23.28	28.54	26.75	26.75	3.31	0.90	30.297985	30.555703	30.504346	0.536945
23.28	28.54	26.74	26.74	3.31	0.90	30.293674	30.553416	30.501045	0.537016
23.29	28.54	26.74	26.74	3.31	0.90	30.289362	30.551129	30.497743	0.537087
23.29	28.54	26.73	26.73	3.31	0.91	30.285050	30.548841	30.494440	0.537157
23.29	28.54	26.72	26.72	3.31	0.91	30.280737	30.546552	30.491137	0.537227
23.29	28.54	26.72	26.72	3.31	0.91	30.276423	30.544262	30.487833	0.537297
23.30	28.54	26.71	26.71	3.31	0.91	30.272109	30.541972	30.484528	0.537366
23.30	28.54	26.70	26.70	3.31	0.91	30.267794	30.539680	30.481223	0.537434
23.30	28.54	26.70	26.70	3.31	0.92	30.263478	30.537389	30.477916	0.537503
23.31	28.54	26.69	26.69	3.31	0.92	30.259162	30.535096	30.474610	0.537570
23.31	28.54	26.68	26.68	3.31	0.92	30.254845	30.532802	30.471302	0.537638
23.31	28.54	26.67	26.67	3.31	0.92	30.250527	30.530508	30.467994	0.537705
23.31	28.54	26.67	26.67	3.31	0.92	30.246208	30.528213	30.464685	0.537772
23.32	28.54	26.66	26.66	3.31	0.93	30.241889	30.525918	30.461376	0.537838
23.32	28.54	26.65	26.65	3.31	0.93	30.237570	30.523621	30.458066	0.537904
23.32	28.54	26.65	26.65	3.31	0.93	30.233249	30.521324	30.454755	0.537970
23.32	28.54	26.64	26.64	3.31	0.93	30.228928	30.519026	30.451444	0.538035
23.33	28.54	26.63	26.63	3.31	0.93	30.224606	30.516727	30.448131	0.538100
23.33	28.54	26.63	26.63	3.31	0.93	30.220284	30.514428	30.444819	0.538164
23.33	28.54	26.62	26.62	3.31	0.94	30.215961	30.512128	30.441505	0.538229
23.34	28.54	26.61	26.61	3.31	0.94	30.211637	30.509827	30.438191	0.538292
23.34	28.54	26.61	26.61	3.31	0.94	30.207313	30.507525	30.434876	0.538356
23.34	28.54	26.60	26.60	3.31	0.94	30.202988	30.505223	30.431561	0.538419
23.34	28.54	26.59	26.59	3.31	0.94	30.198662	30.502919	30.428245	0.538482
23.35	28.54	26.58	26.58	3.31	0.94	30.194336	30.500615	30.424928	0.538544
23.35	28.54	26.58	26.58	3.31	0.95	30.190009	30.498311	30.421611	0.538607
23.35	28.54	26.57	26.57	3.31	0.95	30.185681	30.496005	30.418292	0.538669
23.36	28.54	26.56	26.56	3.31	0.95	30.181353	30.493699	30.414974	0.538730
23.36	28.54	26.56	26.56	3.31	0.95	30.177024	30.491392	30.411654	0.538791
23.36	28.54	26.55	26.55	3.31	0.95	30.172695	30.489085	30.408334	0.538852
23.36	28.54	26.54	26.54	3.31	0.95	30.168365	30.486776	30.405013	0.538913
23.37	28.54	26.54	26.54	3.31	0.96	30.164034	30.484467	30.401692	0.538973
23.37	28.54	26.53	26.53	3.31	0.96	30.159702	30.482157	30.398370	0.539033
23.37	28.54	26.52	26.52	3.31	0.96	30.155370	30.479847	30.395047	0.539093
23.38	28.54	26.52	26.52	3.31	0.96	30.151038	30.477535	30.391724	0.539152
23.38	28.54	26.51	26.51	3.31	0.96	30.146704	30.475223	30.388400	0.539212
23.38	28.54	26.50	26.50	3.31	0.96	30.142370	30.472910	30.385075	0.539270
23.38	28.54	26.49	26.49	3.31	0.97	30.138036	30.470597	30.381750	0.539329
23.39	28.54	26.49	26.49	3.31	0.97	30.133701	30.468283	30.378424	0.539387
23.39	28.54	26.48	26.48	3.31	0.97	30.129365	30.465968	30.375097	0.539445
23.39	28.54	26.47	26.47	3.31	0.97	30.125028	30.463652	30.371770	0.539503
23.39	28.54	26.47	26.47	3.31	0.97	30.120691	30.461335	30.368442	0.539560
23.40	28.54	26.46	26.46	3.31	0.97	30.116354	30.459018	30.365113	0.539618
23.40	28.54	26.45	26.45	3.31	0.98	30.112015	30.456700	30.361784	0.539675
23.40	28.54	26.45	26.45	3.31	0.98	30.107676	30.454382	30.358454	0.539731
23.41	28.54	26.44	26.44	3.31	0.98	30.103337	30.452062	30.355124	0.539788
23.41	28.54	26.43	26.43	3.31	0.98	30.098997	30.449742	30.351792	0.539844
23.41	28.54	26.43	26.43	3.31	0.98	30.094656	30.447421	30.348461	0.539900
23.41	28.54	26.42	26.42	3.31	0.98	30.090315	30.445100	30.345128	0.539955
23.42	28.54	26.41	26.41	3.31	0.98	30.085973	30.442777	30.341795	0.540011
23.42	28.54	26.40	26.40	3.31	0.99	30.081630	30.440454	30.338461	0.540066
23.42	28.54	26.40	26.40	3.31	0.99	30.077287	30.438131	30.335127	0.540121
23.43	28.54	26.39	26.39	3.31	0.99	30.072943	30.435806	30.331792	0.540175
23.43	28.54	26.38	26.38	3.31	0.99	30.068599	30.433481	30.328456	0.540230
23.43	28.54	26.38	26.38	3.31	0.99	30.064254	30.431155	30.325120	0.540284
23.43	28.54	26.37	26.37	3.31	0.99	30.059908	30.428828	30.321783	0.540338
23.44	28.54	26.36	26.36	3.31	0.99	30.055562	30.426501	30.318445	0.540391
23.44	28.54	26.36	26.36	3.31	1.00	30.051215	30.424173	30.315107	0.540445
23.44	28.54	26.35	26.35	3.31	1.00	30.046868	30.421844	30.311768	0.540498
23.44	28.54	26.34	26.34	3.31	1.00	30.042520	30.419515	30.308428	0.540551
23.45	28.54	26.34	26.34	3.31	1.00	30.038171	30.417184	30.305088	0.540604
23.45	28.54	26.33	26.33	3.31	1.00	30.033822	30.414853	30.301747	0.540656
23.45	28.54	26.32	26.32	3.31	1.00	30.029473	30.412522	30.298406	0.540709
23.46	28.54	26.32	26.32	3.31	1.00	30.025122	30.410189	30.295064	0.540761
23.46	28.54	26.31	26.31	3.31	1.01	30.020771	30.407856	30.291721	0.540813
23.46	28.54	26.30	26.30	3.31	1.01	30.016420	30.405522	30.288377	0.540864
23.46	28.54	26.29	26.29	3.31	1.01	30.012068	30.403188	30.285033	0.540916
23.47	28.54	26.29	26.29	3.30	1.01	30.007715	30.400852	30.281689	0.540967
23.47	28.54	26.28	26.28	3.30	1.01	30.003362	30.398516	30.278344	0.541018
23.47	28.54	26.27	26.27	3.30	1.01	29.999008	30.396180	30.274998	0.541069
23.48	28.54	26.27	26.27	3.30	1.01	29.994654	30.393842	30.271651	0.541119
23.48	28.54	26.26	26.26	3.30	1.02	29.990299	30.391504	30.268304	0.541170
23.48	28.54	26.25	26.25	3.30	1.02	29.985944	30.389165	30.264956	0.541220
23.48	28.54	26.25	26.25	3.30	1.02	29.981587	30.386826	30.261608	0.541270
23.49	28.54	26.24	26.24	3.30	1.02	29.977231	30.384486	30.258259	0.541320
23.49	28.54	26.23	26.23	3.30	1.02	29.972874	30.382145	30.254909	0.541369
23.49	28.54	26.23	26.23	3.30	1.02	29.968516	30.379803	30.251559	0.541419
23.49	28.54	26.22	26.22	3.30	1.02	29.964157	30.377461	30.248208	0.541468
23.50	28.54	26.21	26.21	3.30	1.03	29.959799	30.375118	30.244856	0.541517
23.50	28.54	26.20	26.20	3.30	1.03	29.955439	30.372774	30.241504	0.541566
23.50	28.54	26.20	26.20	3.30	1.03	29.951079	30.370429	30.238151	0.541614
23.51	28.54	26.19	26.19	3.30	1.03	29.946719	30.368084	30.234798	0.541663
23.51	28.54	26.18	26.18	3.30	1.03	29.942357	30.365738	30.231444	0.541711
23.51	28.54	26.18	26.18	3.30	1.03	29.937996	30.363392	30.228089	0.541759
23.51	28.54	26.17	26.17	3.30	1.03	29.933633	30.361044	30.224734	0.541807
23.52	28.54	26.16	26.16	3.30	1.04	29.929271	30.358696	30.221378	0.541854
23.52	28.54	26.16	26.16	3.30	1.04	29.924907	30.356348	30.218021	0.541902
23.52	28.54	26.15	26.15	3.30	1.04	29.920543	30.353998	30.214664	0.541949
23.52	28.54	26.14	26.14	3.30	1.04	29.916179	30.351648	30.211306	0.541996
23.53	28.54	26.14	26.14	3.30	1.04	29.911814	30.349297	30.207948	0.542043
23.53	28.54	26.13	26.13	3.30	1.04	29.907448	30.346946	30.204589	0.542090
23.53	28.54	26.12	26.12	3.30	1.04	29.903082	30.344594	30.201229	0.542137
23.54	28.54	26.12	26.12	3.30	1.04	29.898716	30.342241	30.197869	0.542183
23.54	28.54	26.11	26.11	3.30	1.05	29.894348	30.339887	30.194508	0.542229
23.54	28.54	26.10	26.10	3.30	1.05	29.889981	30.337533	30.191147	0.542276
23.54	28.54	26.09	26.09	3.30	1.05	29.885613	30.335178	30.187785	0.542321
23.55	28.54	26.09	26.09	3.30	1.05	29.881244	30.332822	30.184422	0.542367
23.55	28.54	26.08	26.08	3.30	1.05	29.876874	30.330466	30.181059	0.542413
23.55	28.54	26.07	26.07	3.30	1.05	29.872505	30.328109	30.177695	0.542458
23.56	28.54	26.07	26.07	3.30	1.05	29.868134	30.325751	30.174331	0.542504
23.56	28.54	26.06	26.06	3.30	1.05	29.863763	30.323392	30.170965	0.542549
23.56	28.54	26.05	26.05	3.30	1.06	29.859392	30.321033	30.167600	0.542594
23.56	28.54	26.05	26.05	3.30	1.06	29.855020	30.318673	30.164233	0.542638
23.57	28.54	26.04	26.04	3.30	1.06	29.850647	30.316313	30.160867	0.542683
23.57	28.54	26.03	26.03	3.30	1.06	29.846274	30.313952	30.157499	0.542727
23.57	28.54	26.03	26.03	3.30	1.06	29.841901	30.311590	30.154131	0.542772
23.57	28.54	26.02	26.02	3.30	1.06	29.837527	30.309227	30.150762	0.542816
23.58	28.54	26.01	26.01	3.30	1.06	29.833152	30.306864	30.147393	0.542860
23.58	28.54	26.00	26.00	3.30	1.06	29.828777	30.304500	30.144023	0.542904
23.58	28.54	26.00	26.00	3.30	1.07	29.824401	30.302135	30.140652	0.542947
23.59	28.54	25.99	25.99	3.30	1.07	29.820025	30.299770	30.137281	0.542991
23.59	28.54	25.98	25.98	3.30	1.07	29.815648	30.297404	30.133910	0.543034
23.59	28.54	25.98	25.98	3.30	1.07	29.811271	30.295037	30.130537	0.543077
23.59	28.54	25.97	25.97	3.30	1.07	29.806894	30.292670	30.127164	0.543121
23.60	28.54	25.96	25.96	3.30	1.07	29.802515	30.290302	30.123791	0.543163
23.60	28.54	25.96	25.96	3.30	1.07	29.798137	30.287933	30.120417	0.543206
23.60	28.54	25.95	25.95	3.30	1.07	29.793757	30.285563	30.117042	0.543249
23.61	28.54	25.94	25.94	3.30	1.08	29.789378	30.283193	30.113667	0.543291
23.61	28.54	25.94	25.94	3.30	1.08	29.784997	30.280823	30.110291	0.543334
23.61	28.54	25.93	25.93	3.30	1.08	29.780617	30.278451	30.106914	0.543376
23.61	28.54	25.92	25.92	3.30	1.08	29.776236	30.276079	30.103537	0.543418
23.62	28.54	25.92	25.92	3.30	1.08	29.771854	30.273706	30.100160	0.543460
23.62	28.54	25.91	25.91	3.30	1.08	29.767472	30.271333	30.096781	0.543502
23.62	28.54	25.90	25.90	3.30	1.08	29.763089	30.268958	30.093403	0.543543
23.62	28.54	25.89	25.89	3.30	1.08	29.758706	30.266584	30.090023	0.543585
23.63	28.54	25.89	25.89	3.30	1.08	29.754322	30.264208	30.086643	0.543626
23.63	28.54	25.88	25.88	3.30	1.09	29.749938	30.261832	30.083263	0.543668
23.63	28.54	25.87	25.87	3.30	1.09	29.745553	30.259455	30.079881	0.543709
23.64	28.54	25.87	25.87	3.30	1.09	29.741168	30.257077	30.076500	0.543750
23.64	28.54	25.86	25.86	3.30	1.09	29.736782	30.254699	30.073117	0.543790
23.64	28.54	25.85	25.85	3.30	1.09	29.732396	30.252320	30.069734	0.543831
23.64	28.54	25.85	25.85	3.30	1.09	29.728009	30.249941	30.066351	0.543872
23.65	28.54	25.84	25.84	3.30	1.09	29.723622	30.247560	30.062967	0.543912
23.65	28.54	25.83	25.83	3.30	1.09	29.719234	30.245180	30.059582	0.543953
23.65	28.54	25.83	25.83	3.30	1.09	29.714846	30.242798	30.056197	0.543993
23.66	28.54	25.82	25.82	3.30	1.10	29.710458	30.240416	30.052811	0.544033
23.66	28.54	25.81	25.81	3.30	1.10	29.706069	30.238033	30.049425	0.544073
23.66	28.54	25.81	25.81	3.30	1.10	29.701679	30.235649	30.046038	0.544113
23.66	28.54	25.80	25.80	3.30	1.10	29.697289	30.233265	30.042650	0.544152
23.67	28.54	25.79	25.79	3.30	1.10	29.692898	30.230880	30.039262	0.544192
23.67	28.54	25.79	25.79	3.30	1.10	29.688507	30.228495	30.035874	0.544231
23.67	28.54	25.78	25.78	3.30	1.10	29.684116	30.226108	30.032484	0.544270
23.68	28.54	25.77	25.77	3.30	1.10	29.679724	30.223721	30.029095	0.544310
23.68	28.54	25.76	25.76	3.30	1.11	29.675332	30.221334	30.025704	0.544349
23.68	28.54	25.76	25.76	3.30	1.11	29.670939	30.218946	30.022313	0.544388
23.68	28.54	25.75	25.75	3.30	1.11	29.666545	30.216557	30.018922	0.544427
23.69	28.54	25.74	25.74	3.30	1.11	29.662152	30.214167	30.015530	0.544465
23.69	28.54	25.74	25.74	3.30	1.11	29.657757	30.211777	30.012137	0.544504
23.69	28.54	25.73	25.73	3.30	1.11	29.653363	30.209386	30.008744	0.544542
23.69	28.54	25.72	25.72	3.30	1.11	29.648967	30.206995	30.005350	0.544581
23.70	28.54	25.72	25.72	3.30	1.11	29.644572	30.204603	30.001956	0.544619
23.70	28.54	25.71	25.71	3.30	1.11	29.640176	30.202210	29.998561	0.544657
23.70	28.54	25.70	25.70	3.30	1.11	29.635779	30.199816	29.995165	0.544695
23.71	28.54	25.70	25.70	3.30	1.12	29.631382	30.197422	29.991769	0.544733
23.71	28.54	25.69	25.69	3.30	1.12	29.626985	30.195027	29.988373	0.544771
23.71	28.54	25.68	25.68	3.30	1.12	29.622587	30.192632	29.984976	0.544808
23.71	28.54	25.68	25.68	3.30	1.12	29.618188	30.190236	29.981578	0.544846
23.72	28.54	25.67	25.67	3.30	1.12	29.613789	30.187839	29.978180	0.544883
23.72	28.54	25.66	25.66	3.29	1.12	29.609390	30.185442	29.974781	0.544921
23.72	28.54	25.65	25.65	3.29	1.12	29.604990	30.183044	29.971381	0.544958
23.73	28.54	25.65	25.65	3.29	1.12	29.600590	30.180645	29.967981	0.544995
23.73	28.54	25.64	25.64	3.29	1.12	29.596190	30.178246	29.964581	0.545032
23.73	28.54	25.63	25.63	3.29	1.13	29.591788	30.175846	29.961180	0.545069
23.73	28.54	25.63	25.63	3.29	1.13	29.587387	30.173445	29.957778	0.545106
23.74	28.54	25.62	25.62	3.29	1.13	29.582985	30.171044	29.954376	0.545142
23.74	28.54	25.61	25.61	3.29	1.13	29.578583	30.168642	29.950974	0.545179
23.74	28.54	25.61	25.61	3.29	1.13	29.574180	30.166239	29.947570	0.545215
23.74	28.54	25.60	25.60	3.29	1.13	29.569777	30.163836	29.944167	0.545252
23.75	28.54	25.59	25.59	3.29	1.13	29.565373	30.161432	29.940762	0.545288
23.75	28.54	25.59	25.59	3.29	1.13	29.560969	30.159028	29.937357	0.545324
23.75	28.54	25.58	25.58	3.29	1.13	29.556564	30.156623	29.933952	0.545360
23.76	28.54	25.57	25.57	3.29	1.13	29.552159	30.154217	29.930546	0.545396
23.76	28.54	25.57	25.57	3.29	1.14	29.547754	30.151811	29.927140	0.545432
23.76	28.54	25.56	25.56	3.29	1.14	29.543348	30.149404	29.923733	0.545468
23.76	28.54	25.55	25.55	3.29	1.14	29.538942	30.146996	29.920325	0.545504
23.77	28.54	25.55	25.55	3.29	1.14	29.534535	30.144588	29.916917	0.545539
23.77	28.54	25.54	25.54	3.29	1.14	29.530128	30.142179	29.913508	0.545574
23.77	28.54	25.53	25.53	3.29	1.14	29.525720	30.139769	29.910099	0.545610
23.77	28.54	25.52	25.52	3.29	1.14	29.521312	30.137359	29.906689	0.545645
23.78	28.54	25.52	25.52	3.29	1.14	29.516904	30.134948	29.903279	0.545680
23.78	28.54	25.51	25.51	3.29	1.14	29.512495	30.132536	29.899868	0.545715
23.78	28.54	25.50	25.50	3.29	1.14	29.508086	30.130124	29.896457	0.545750
23.79	28.54	25.50	25.50	3.29	1.15	29.503676	30.127711	29.893045	0.545785
23.79	28.54	25.49	25.49	3.29	1.15	29.499266	30.125298	29.889633	0.545820
23.79	28.54	25.48	25.48	3.29	1.15	29.494856	30.122884	29.886220	0.545855
23.79	28.54	25.48	25.48	3.29	1.15	29.490445	30.120469	29.882806	0.545889
23.80	28.54	25.47	25.47	3.29	1.15	29.486033	30.118054	29.879392	0.545924
23.80	28.54	25.46	25.46	3.29	1.15	29.481622	30.115638	29.875978	0.545958
23.80	28.54	25.46	25.46	3.29	1.15	29.477210	30.113222	29.872563	0.545992
23.81	28.54	25.45	25.45	3.29	1.15	29.472797	30.110804	29.869147	0.546026
23.81	28.54	25.44	25.44	3.29	1.15	29.468384	30.108387	29.865731	0.546061
23.81	28.54	25.44	25.44	3.29	1.15	29.463971	30.105968	29.862315	0.546095
23.81	28.54	25.43	25.43	3.29	1.16	29.459557	30.103549	29.858897	0.546128
23.82	28.54	25.42	25.42	3.29	1.16	29.455143	30.101129	29.855480	0.546162
23.82	28.54	25.42	25.42	3.29	1.16	29.450728	30.098709	29.852062	0.546196
23.82	28.54	25.41	25.41	3.29	1.16	29.446313	30.096288	29.848643	0.546230
23.82	28.54	25.40	25.40	3.29	1.16	29.441898	30.093867	29.845224	0.546263
23.83	28.54	25.40	25.40	3.29	1.16	29.437482	30.091444	29.841804	0.546297
23.83	28.54	25.39	25.39	3.29	1.16	29.433066	30.089022	29.838384	0.546330
23.83	28.54	25.38	25.38	3.29	1.16	29.428650	30.086598	29.834963	0.546363
23.84	28.54	25.37	25.37	3.29	1.16	29.424233	30.084174	29.831542	0.546397
23.84	28.54	25.37	25.37	3.29	1.16	29.419816	30.081750	29.828120	0.546430
23.84	28.54	25.36	25.36	3.29	1.17	29.415398	30.079324	29.824698	0.546463
23.84	28.54	25.35	25.35	3.29	1.17	29.410980	30.076898	29.821275	0.546496
23.85	28.54	25.35	25.35	3.29	1.17	29.406561	30.074472	29.817852	0.546529
23.85	28.54	25.34	25.34	3.29	1.17	29.402142	30.072045	29.814428	0.546561
23.85	28.54	25.33	25.33	3.29	1.17	29.397723	30.069617	29.811003	0.546594
23.86	28.54	25.33	25.33	3.29	1.17	29.393304	30.067189	29.807578	0.546627
23.86	28.54	25.32	25.32	3.29	1.17	29.388884	30.064760	29.804153	0.546659
23.86	28.54	25.31	25.31	3.29	1.17	29.384463	30.062330	29.800727	0.546692
23.86	28.54	25.31	25.31	3.29	1.17	29.380043	30.059900	29.797301	0.546724
23.87	28.54	25.30	25.30	3.29	1.17	29.375621	30.057469	29.793874	0.546756
23.87	28.54	25.29	25.29	3.29	1.17	29.371200	30.055038	29.790447	0.546788
23.87	28.54	25.29	25.29	3.29	1.18	29.366778	30.052606	29.787019	0.546820
23.88	28.54	25.28	25.28	3.29	1.18	29.362356	30.050173	29.783590	0.546853
23.88	28.54	25.27	25.27	3.29	1.18	29.357933	30.047740	29.780161	0.546884
23.88	28.54	25.27	25.27	3.29	1.18	29.353510	30.045306	29.776732	0.546916
23.88	28.54	25.26	25.26	3.29	1.18	29.349087	30.042872	29.773302	0.546948
23.89	28.54	25.25	25.25	3.29	1.18	29.344663	30.040437	29.769872	0.546980
23.89	28.54	25.25	25.25	3.29	1.18	29.340239	30.038001	29.766441	0.547011
23.89	28.54	25.24	25.24	3.29	1.18	29.335815	30.035565	29.763010	0.547043
23.89	28.54	25.23	25.23	3.29	1.18	29.331390	30.033128	29.759578	0.547074
23.90	28.54	25.22	25.22	3.29	1.18	29.326965	30.030690	29.756145	0.547106
23.90	28.54	25.22	25.22	3.29	1.18	29.322539	30.028252	29.752712	0.547137
23.90	28.54	25.21	25.21	3.29	1.19	29.318113	30.025814	29.749279	0.547168
23.91	28.54	25.20	25.20	3.29	1.19	29.313687	30.023375	29.745845	0.547199
23.91	28.54	25.20	25.20	3.29	1.19	29.309261	30.020935	29.742411	0.547231
23.91	28.54	25.19	25.19	3.29	1.19	29.304834	30.018494	29.738976	0.547262
23.91	28.54	25.18	25.18	3.29	1.19	29.300406	30.016053	29.735541	0.547292
23.92	28.54	25.18	25.18	3.29	1.19	29.295979	30.013612	29.732105	0.547323
23.92	28.54	25.17	25.17	3.29	1.19	29.291551	30.011169	29.728669	0.547354
23.92	28.54	25.16	25.16	3.29	1.19	29.287122	30.008726	29.725232	0.547385
23.93	28.54	25.16	25.16	3.29	1.19	29.282694	30.006283	29.721795	0.547415
23.93	28.54	25.15	25.15	3.29	1.19	29.278264	30.003839	29.718357	0.547446
23.93	28.54	25.14	25.14	3.29	1.19	29.273835	30.001394	29.714919	0.547476
23.93	28.54	25.14	25.14	3.29	1.20	29.269405	29.998949	29.711480	0.547507
23.94	28.54	25.13	25.13	3.29	1.20	29.264975	29.996503	29.708041	0.547537
23.94	28.54	25.12	25.12	3.29	1.20	29.260545	29.994057	29.704601	0.547567
23.94	28.54	25.12	25.12	3.29	1.20	29.256114	29.991610	29.701161	0.547597
23.94	28.54	25.11	25.11	3.29	1.20	29.251683	29.989162	29.697721	0.547628
23.95	28.54	25.10	25.10	3.29	1.20	29.247252	29.986714	29.694280	0.547658
23.95	28.54	25.10	25.10	3.29	1.20	29.242820	29.984265	29.690838	0.547688
23.95	28.54	25.09	25.09	3.29	1.20	29.238388	29.981816	29.687396	0.547717
23.96	28.54	25.08	25.08	3.29	1.20	29.233955	29.979366	29.683954	0.547747
23.96	28.54	25.08	25.08	3.29	1.20	29.229522	29.976916	29.680511	0.547777
23.96	28.54	25.07	25.07	3.29	1.20	29.225089	29.974465	29.677067	0.547807
23.96	28.54	25.06	25.06	3.29	1.21	29.220656	29.972013	29.673623	0.547836
23.97	28.54	25.05	25.05	3.28	1.21	29.216222	29.969561	29.670179	0.547866
23.97	28.54	25.05	25.05	3.28	1.21	29.211788	29.967108	29.666734	0.547895
23.97	28.54	25.04	25.04	3.28	1.21	29.207354	29.964654	29.663289	0.547925
23.98	28.54	25.03	25.03	3.28	1.21	29.202919	29.962200	29.659843	0.547954
23.98	28.54	25.03	25.03	3.28	1.21	29.198484	29.959746	29.656397	0.547983
23.98	28.54	25.02	25.02	3.28	1.21	29.194048	29.957291	29.652950	0.548012
23.98	28.54	25.01	25.01	3.28	1.21	29.189613	29.954835	29.649503	0.548041
23.99	28.54	25.01	25.01	3.28	1.21	29.185177	29.952379	29.646055	0.548071
23.99	28.54	25.00	25.00	3.28	1.21	29.180740	29.949922	29.642607	0.548100
23.99	28.54	24.99	24.99	3.28	1.21	29.176304	29.947464	29.639159	0.548128
23.99	28.54	24.99	24.99	3.28	1.21	29.171867	29.945006	29.635710	0.548157
24.00	28.54	24.98	24.98	3.28	1.22	29.167430	29.942548	29.632260	0.548186
24.00	28.54	24.97	24.97	3.28	1.22	29.162992	29.940088	29.628810	0.548215
