#Hora	Tint	Ta	Tsa	Hr	Hc	T1	T2	<T12>	Keq2
#1	2	3	4	5	6	7	8	9	10
0.00	28.54	24.05	24.05	3.30	1.32	29.445091	30.508120	30.077796	0.553010
0.00	28.54	24.04	24.04	3.30	1.33	29.439438	30.504686	30.073235	0.553034
0.01	28.54	24.03	24.03	3.30	1.33	29.433784	30.501252	30.068674	0.553058
0.01	28.54	24.02	24.02	3.30	1.33	29.428131	30.497818	30.064114	0.553081
0.01	28.54	24.02	24.02	3.30	1.33	29.422479	30.494384	30.059554	0.553105
0.01	28.54	24.01	24.01	3.30	1.33	29.416826	30.490949	30.054993	0.553128
0.02	28.54	24.00	24.00	3.30	1.33	29.411174	30.487515	30.050433	0.553152
0.02	28.54	23.99	23.99	3.30	1.33	29.405522	30.484081	30.045874	0.553175
0.02	28.54	23.98	23.98	3.30	1.33	29.399871	30.480646	30.041314	0.553199
0.03	28.54	23.98	23.98	3.30	1.33	29.394220	30.477212	30.036754	0.553222
0.03	28.54	23.97	23.97	3.30	1.33	29.388569	30.473778	30.032195	0.553245
0.03	28.54	23.96	23.96	3.30	1.33	29.382919	30.470343	30.027636	0.553268
0.03	28.54	23.95	23.95	3.30	1.33	29.377269	30.466909	30.023076	0.553292
0.04	28.54	23.95	23.95	3.30	1.33	29.371619	30.463475	30.018517	0.553315
0.04	28.54	23.94	23.94	3.30	1.33	29.365970	30.460040	30.013959	0.553338
0.04	28.54	23.93	23.93	3.30	1.34	29.360321	30.456606	30.009400	0.553361
0.04	28.54	23.92	23.92	3.30	1.34	29.354672	30.453171	30.004842	0.553384
0.05	28.54	23.91	23.91	3.29	1.34	29.349024	30.449737	30.000283	0.553407
0.05	28.54	23.91	23.91	3.29	1.34	29.343376	30.446303	29.995725	0.553430
0.05	28.54	23.90	23.90	3.29	1.34	29.337729	30.442868	29.991167	0.553452
0.06	28.54	23.89	23.89	3.29	1.34	29.332081	30.439434	29.986609	0.553475
0.06	28.54	23.88	23.88	3.29	1.34	29.326435	30.435999	29.982052	0.553498
0.06	28.54	23.88	23.88	3.29	1.34	29.320788	30.432565	29.977494	0.553521
0.06	28.54	23.87	23.87	3.29	1.34	29.315142	30.429130	29.972937	0.553543
0.07	28.54	23.86	23.86	3.29	1.34	29.309497	30.425696	29.968380	0.553566
0.07	28.54	23.85	23.85	3.29	1.34	29.303852	30.422261	29.963823	0.553589
0.07	28.54	23.84	23.84	3.29	1.34	29.298207	30.418826	29.959266	0.553611
0.07	28.54	23.84	23.84	3.29	1.34	29.292562	30.415392	29.954709	0.553634
0.08	28.54	23.83	23.83	3.29	1.35	29.286918	30.411957	29.950153	0.553656
0.08	28.54	23.82	23.82	3.29	1.35	29.281275	30.408523	29.945596	0.553678
0.08	28.54	23.81	23.81	3.29	1.35	29.275631	30.405088	29.941040	0.553701
0.09	28.54	23.81	23.81	3.29	1.35	29.269988	30.401654	29.936484	0.553723
0.09	28.54	23.80	23.80	3.29	1.35	29.264346	30.398219	29.931928	0.553745
0.09	28.54	23.79	23.79	3.29	1.35	29.258704	30.394784	29.927373	0.553768
0.09	28.54	23.78	23.78	3.29	1.35	29.253062	30.391350	29.922817	0.553790
0.10	28.54	23.78	23.78	3.29	1.35	29.247420	30.387915	29.918262	0.553812
0.10	28.54	23.77	23.77	3.29	1.35	29.241779	30.384481	29.913707	0.553834
0.10	28.54	23.76	23.76	3.29	1.35	29.236139	30.381046	29.909152	0.553856
0.11	28.54	23.75	23.75	3.29	1.35	29.230498	30.377611	29.904597	0.553878
0.11	28.54	23.74	23.74	3.29	1.35	29.224858	30.374177	29.900043	0.553900
0.11	28.54	23.74	23.74	3.29	1.35	29.219219	30.370742	29.895488	0.553922
0.11	28.54	23.73	23.73	3.29	1.35	29.213580	30.367307	29.890934	0.553944
0.12	28.54	23.72	23.72	3.29	1.36	29.207941	30.363873	29.886380	0.553965
0.12	28.54	23.71	23.71	3.29	1.36	29.202303	30.360438	29.881826	0.553987
0.12	28.54	23.71	23.71	3.29	1.36	29.196665	30.357004	29.877273	0.554009
0.12	28.54	23.70	23.70	3.29	1.36	29.191027	30.353569	29.872719	0.554031
0.13	28.54	23.69	23.69	3.29	1.36	29.185390	30.350134	29.868166	0.554052
0.13	28.54	23.68	23.68	3.29	1.36	29.179753	30.346700	29.863613	0.554074
0.13	28.54	23.67	23.67	3.29	1.36	29.174116	30.343265	29.859060	0.554095
0.14	28.54	23.67	23.67	3.29	1.36	29.168480	30.339830	29.854507	0.554117
0.14	28.54	23.66	23.66	3.29	1.36	29.162845	30.336396	29.849955	0.554138
0.14	28.54	23.65	23.65	3.29	1.36	29.157209	30.332961	29.845403	0.554160
0.14	28.54	23.64	23.64	3.29	1.36	29.151574	30.329526	29.840851	0.554181
0.15	28.54	23.64	23.64	3.29	1.36	29.145940	30.326092	29.836299	0.554203
0.15	28.54	23.63	23.63	3.29	1.36	29.140306	30.322657	29.831747	0.554224
0.15	28.54	23.62	23.62	3.29	1.36	29.134672	30.319223	29.827195	0.554245
0.16	28.54	23.61	23.61	3.29	1.36	29.129039	30.315788	29.822644	0.554266
0.16	28.54	23.61	23.61	3.29	1.37	29.123406	30.312353	29.818093	0.554288
0.16	28.54	23.60	23.60	3.29	1.37	29.117773	30.308919	29.813542	0.554309
0.16	28.54	23.59	23.59	3.29	1.37	29.112141	30.305484	29.808991	0.554330
0.17	28.54	23.58	23.58	3.29	1.37	29.106509	30.302050	29.804440	0.554351
0.17	28.54	23.57	23.57	3.29	1.37	29.100878	30.298615	29.799890	0.554372
0.17	28.54	23.57	23.57	3.29	1.37	29.095247	30.295180	29.795340	0.554393
0.17	28.54	23.56	23.56	3.29	1.37	29.089616	30.291746	29.790790	0.554414
0.18	28.54	23.55	23.55	3.29	1.37	29.083986	30.288311	29.786240	0.554435
0.18	28.54	23.54	23.54	3.29	1.37	29.078356	30.284877	29.781690	0.554456
0.18	28.54	23.54	23.54	3.29	1.37	29.072727	30.281442	29.777141	0.554477
0.19	28.54	23.53	23.53	3.29	1.37	29.067098	30.278008	29.772592	0.554497
0.19	28.54	23.52	23.52	3.29	1.37	29.061470	30.274573	29.768043	0.554518
0.19	28.54	23.51	23.51	3.29	1.37	29.055841	30.271138	29.763494	0.554539
0.19	28.54	23.51	23.51	3.29	1.37	29.050214	30.267704	29.758945	0.554560
0.20	28.54	23.50	23.50	3.29	1.38	29.044586	30.264269	29.754397	0.554580
0.20	28.54	23.49	23.49	3.29	1.38	29.038959	30.260835	29.749849	0.554601
0.20	28.54	23.48	23.48	3.29	1.38	29.033333	30.257401	29.745301	0.554621
0.21	28.54	23.47	23.47	3.29	1.38	29.027707	30.253966	29.740753	0.554642
0.21	28.54	23.47	23.47	3.29	1.38	29.022081	30.250532	29.736206	0.554662
0.21	28.54	23.46	23.46	3.29	1.38	29.016456	30.247097	29.731658	0.554683
0.21	28.54	23.45	23.45	3.29	1.38	29.010831	30.243663	29.727111	0.554703
0.22	28.54	23.44	23.44	3.29	1.38	29.005207	30.240228	29.722564	0.554724
0.22	28.54	23.44	23.44	3.29	1.38	28.999583	30.236794	29.718017	0.554744
0.22	28.54	23.43	23.43	3.29	1.38	28.993959	30.233360	29.713471	0.554764
0.23	28.54	23.42	23.42	3.29	1.38	28.988336	30.229925	29.708925	0.554784
0.23	28.54	23.41	23.41	3.29	1.38	28.982713	30.226491	29.704378	0.554805
0.23	28.54	23.41	23.41	3.29	1.38	28.977091	30.223057	29.699833	0.554825
0.23	28.54	23.40	23.40	3.29	1.38	28.971469	30.219622	29.695287	0.554845
0.24	28.54	23.39	23.39	3.28	1.38	28.965848	30.216188	29.690741	0.554865
0.24	28.54	23.38	23.38	3.28	1.39	28.960227	30.212754	29.686196	0.554885
0.24	28.54	23.38	23.38	3.28	1.39	28.954606	30.209320	29.681651	0.554905
0.24	28.54	23.37	23.37	3.28	1.39	28.948986	30.205885	29.677106	0.554925
0.25	28.54	23.36	23.36	3.28	1.39	28.943367	30.202451	29.672562	0.554945
0.25	28.54	23.35	23.35	3.28	1.39	28.937747	30.199017	29.668017	0.554965
0.25	28.54	23.34	23.34	3.28	1.39	28.932128	30.195583	29.663473	0.554985
0.26	28.54	23.34	23.34	3.28	1.39	28.926510	30.192149	29.658929	0.555005
0.26	28.54	23.33	23.33	3.28	1.39	28.920892	30.188715	29.654386	0.555025
0.26	28.54	23.32	23.32	3.28	1.39	28.915275	30.185280	29.649842	0.555044
0.26	28.54	23.31	23.31	3.28	1.39	28.909658	30.181846	29.645299	0.555064
0.27	28.54	23.31	23.31	3.28	1.39	28.904041	30.178412	29.640756	0.555084
0.27	28.54	23.30	23.30	3.28	1.39	28.898425	30.174978	29.636213	0.555103
0.27	28.54	23.29	23.29	3.28	1.39	28.892809	30.171544	29.631670	0.555123
0.28	28.54	23.28	23.28	3.28	1.39	28.887194	30.168110	29.627128	0.555143
0.28	28.54	23.28	23.28	3.28	1.39	28.881579	30.164676	29.622586	0.555162
0.28	28.54	23.27	23.27	3.28	1.39	28.875965	30.161242	29.618044	0.555182
0.28	28.54	23.26	23.26	3.28	1.40	28.870351	30.157809	29.613502	0.555201
0.29	28.54	23.25	23.25	3.28	1.40	28.864737	30.154375	29.608961	0.555221
0.29	28.54	23.25	23.25	3.28	1.40	28.859124	30.150941	29.604420	0.555240
0.29	28.54	23.24	23.24	3.28	1.40	28.853512	30.147507	29.599879	0.555259
0.29	28.54	23.23	23.23	3.28	1.40	28.847900	30.144073	29.595338	0.555279
0.30	28.54	23.22	23.22	3.28	1.40	28.842288	30.140640	29.590797	0.555298
0.30	28.54	23.21	23.21	3.28	1.40	28.836677	30.137206	29.586257	0.555317
0.30	28.54	23.21	23.21	3.28	1.40	28.831066	30.133772	29.581717	0.555337
0.31	28.54	23.20	23.20	3.28	1.40	28.825456	30.130338	29.577177	0.555356
0.31	28.54	23.19	23.19	3.28	1.40	28.819846	30.126905	29.572638	0.555375
0.31	28.54	23.18	23.18	3.28	1.40	28.814237	30.123471	29.568098	0.555394
0.31	28.54	23.18	23.18	3.28	1.40	28.808628	30.120038	29.563559	0.555413
0.32	28.54	23.17	23.17	3.28	1.40	28.803019	30.116604	29.559020	0.555432
0.32	28.54	23.16	23.16	3.28	1.40	28.797412	30.113171	29.554482	0.555451
0.32	28.54	23.15	23.15	3.28	1.40	28.791804	30.109737	29.549943	0.555470
0.33	28.54	23.15	23.15	3.28	1.40	28.786197	30.106304	29.545405	0.555489
0.33	28.54	23.14	23.14	3.28	1.41	28.780591	30.102870	29.540867	0.555508
0.33	28.54	23.13	23.13	3.28	1.41	28.774985	30.099437	29.536330	0.555527
0.33	28.54	23.12	23.12	3.28	1.41	28.769379	30.096004	29.531792	0.555546
0.34	28.54	23.12	23.12	3.28	1.41	28.763774	30.092570	29.527255	0.555565
0.34	28.54	23.11	23.11	3.28	1.41	28.758170	30.089137	29.522718	0.555583
0.34	28.54	23.10	23.10	3.28	1.41	28.752565	30.085704	29.518182	0.555602
0.34	28.54	23.09	23.09	3.28	1.41	28.746962	30.082271	29.513645	0.555621
0.35	28.54	23.09	23.09	3.28	1.41	28.741359	30.078838	29.509109	0.555640
0.35	28.54	23.08	23.08	3.28	1.41	28.735756	30.075405	29.504573	0.555658
0.35	28.54	23.07	23.07	3.28	1.41	28.730154	30.071972	29.500037	0.555677
0.36	28.54	23.06	23.06	3.28	1.41	28.724552	30.068539	29.495502	0.555695
0.36	28.54	23.06	23.06	3.28	1.41	28.718951	30.065106	29.490967	0.555714
0.36	28.54	23.05	23.05	3.28	1.41	28.713350	30.061673	29.486432	0.555733
0.36	28.54	23.04	23.04	3.28	1.41	28.707750	30.058240	29.481897	0.555751
0.37	28.54	23.03	23.03	3.28	1.41	28.702150	30.054807	29.477363	0.555769
0.37	28.54	23.03	23.03	3.28	1.41	28.696551	30.051374	29.472829	0.555788
0.37	28.54	23.02	23.02	3.28	1.42	28.690953	30.047941	29.468295	0.555806
0.38	28.54	23.01	23.01	3.28	1.42	28.685354	30.044509	29.463761	0.555825
0.38	28.54	23.00	23.00	3.28	1.42	28.679757	30.041076	29.459228	0.555843
0.38	28.54	23.00	23.00	3.28	1.42	28.674159	30.037643	29.454695	0.555861
0.38	28.54	22.99	22.99	3.28	1.42	28.668563	30.034211	29.450162	0.555880
0.39	28.54	22.98	22.98	3.28	1.42	28.662967	30.030778	29.445629	0.555898
0.39	28.54	22.97	22.97	3.28	1.42	28.657371	30.027346	29.441097	0.555916
0.39	28.54	22.96	22.96	3.28	1.42	28.651776	30.023913	29.436565	0.555934
0.39	28.54	22.96	22.96	3.28	1.42	28.646181	30.020481	29.432033	0.555952
0.40	28.54	22.95	22.95	3.28	1.42	28.640587	30.017049	29.427502	0.555970
0.40	28.54	22.94	22.94	3.28	1.42	28.634993	30.013616	29.422971	0.555988
0.40	28.54	22.93	22.93	3.28	1.42	28.629400	30.010184	29.418440	0.556006
0.41	28.54	22.93	22.93	3.28	1.42	28.623807	30.006752	29.413909	0.556024
0.41	28.54	22.92	22.92	3.28	1.42	28.618215	30.003320	29.409378	0.556042
0.41	28.54	22.91	22.91	3.28	1.42	28.612624	29.999888	29.404848	0.556060
0.41	28.54	22.90	22.90	3.28	1.42	28.607033	29.996456	29.400318	0.556078
0.42	28.54	22.90	22.90	3.28	1.43	28.601442	29.993024	29.395789	0.556096
0.42	28.54	22.89	22.89	3.28	1.43	28.595852	29.989592	29.391259	0.556114
0.42	28.54	22.88	22.88	3.28	1.43	28.590263	29.986160	29.386730	0.556132
0.42	28.54	22.87	22.87	3.27	1.43	28.584674	29.982728	29.382202	0.556150
0.43	28.54	22.87	22.87	3.27	1.43	28.579085	29.979296	29.377673	0.556167
0.43	28.54	22.86	22.86	3.27	1.43	28.573497	29.975864	29.373145	0.556185
0.43	28.54	22.85	22.85	3.27	1.43	28.567910	29.972433	29.368617	0.556203
0.44	28.54	22.84	22.84	3.27	1.43	28.562323	29.969001	29.364089	0.556220
0.44	28.54	22.84	22.84	3.27	1.43	28.556737	29.965570	29.359562	0.556238
0.44	28.54	22.83	22.83	3.27	1.43	28.551151	29.962138	29.355035	0.556256
0.44	28.54	22.82	22.82	3.27	1.43	28.545566	29.958707	29.350508	0.556273
0.45	28.54	22.81	22.81	3.27	1.43	28.539981	29.955275	29.345981	0.556291
0.45	28.54	22.81	22.81	3.27	1.43	28.534397	29.951844	29.341455	0.556308
0.45	28.54	22.80	22.80	3.27	1.43	28.528813	29.948413	29.336929	0.556326
0.46	28.54	22.79	22.79	3.27	1.43	28.523230	29.944982	29.332403	0.556343
0.46	28.54	22.78	22.78	3.27	1.43	28.517647	29.941550	29.327878	0.556361
0.46	28.54	22.78	22.78	3.27	1.43	28.512065	29.938119	29.323353	0.556378
0.46	28.54	22.77	22.77	3.27	1.44	28.506484	29.934688	29.318828	0.556395
0.47	28.54	22.76	22.76	3.27	1.44	28.500903	29.931257	29.314303	0.556413
0.47	28.54	22.75	22.75	3.27	1.44	28.495323	29.927826	29.309779	0.556430
0.47	28.54	22.75	22.75	3.27	1.44	28.489743	29.924396	29.305255	0.556447
0.47	28.54	22.74	22.74	3.27	1.44	28.484163	29.920965	29.300731	0.556464
0.48	28.54	22.73	22.73	3.27	1.44	28.478585	29.917534	29.296208	0.556482
0.48	28.54	22.72	22.72	3.27	1.44	28.473007	29.914104	29.291685	0.556499
0.48	28.54	22.72	22.72	3.27	1.44	28.467429	29.910673	29.287162	0.556516
0.49	28.54	22.71	22.71	3.27	1.44	28.461852	29.907243	29.282640	0.556533
0.49	28.54	22.70	22.70	3.27	1.44	28.456275	29.903812	29.278118	0.556550
0.49	28.54	22.69	22.69	3.27	1.44	28.450699	29.900382	29.273596	0.556567
0.49	28.54	22.69	22.69	3.27	1.44	28.445124	29.896951	29.269074	0.556584
0.50	28.54	22.68	22.68	3.27	1.44	28.439549	29.893521	29.264553	0.556601
0.50	28.54	22.67	22.67	3.27	1.44	28.433975	29.890091	29.260032	0.556618
0.50	28.54	22.66	22.66	3.27	1.44	28.428401	29.886661	29.255511	0.556635
0.51	28.54	22.66	22.66	3.27	1.44	28.422828	29.883231	29.250991	0.556652
0.51	28.54	22.65	22.65	3.27	1.44	28.417256	29.879801	29.246471	0.556669
0.51	28.54	22.64	22.64	3.27	1.45	28.411684	29.876371	29.241951	0.556686
0.51	28.54	22.64	22.64	3.27	1.45	28.406112	29.872941	29.237431	0.556703
0.52	28.54	22.63	22.63	3.27	1.45	28.400541	29.869512	29.232912	0.556720
0.52	28.54	22.62	22.62	3.27	1.45	28.394971	29.866082	29.228393	0.556736
0.52	28.54	22.61	22.61	3.27	1.45	28.389401	29.862652	29.223875	0.556753
0.53	28.54	22.61	22.61	3.27	1.45	28.383832	29.859223	29.219357	0.556770
0.53	28.54	22.60	22.60	3.27	1.45	28.378264	29.855793	29.214839	0.556786
0.53	28.54	22.59	22.59	3.27	1.45	28.372696	29.852364	29.210321	0.556803
0.53	28.54	22.58	22.58	3.27	1.45	28.367129	29.848935	29.205804	0.556820
0.54	28.54	22.58	22.58	3.27	1.45	28.361562	29.845506	29.201287	0.556836
0.54	28.54	22.57	22.57	3.27	1.45	28.355996	29.842076	29.196770	0.556853
0.54	28.54	22.56	22.56	3.27	1.45	28.350430	29.838647	29.192254	0.556869
0.54	28.54	22.55	22.55	3.27	1.45	28.344865	29.835218	29.187738	0.556886
0.55	28.54	22.55	22.55	3.27	1.45	28.339300	29.831790	29.183222	0.556902
0.55	28.54	22.54	22.54	3.27	1.45	28.333737	29.828361	29.178707	0.556919
0.55	28.54	22.53	22.53	3.27	1.45	28.328173	29.824932	29.174192	0.556935
0.56	28.54	22.52	22.52	3.27	1.45	28.322611	29.821503	29.169677	0.556952
0.56	28.54	22.52	22.52	3.27	1.45	28.317049	29.818075	29.165163	0.556968
0.56	28.54	22.51	22.51	3.27	1.46	28.311487	29.814646	29.160649	0.556985
0.56	28.54	22.50	22.50	3.27	1.46	28.305926	29.811218	29.156135	0.557001
0.57	28.54	22.49	22.49	3.27	1.46	28.300366	29.807790	29.151622	0.557017
0.57	28.54	22.49	22.49	3.27	1.46	28.294806	29.804361	29.147108	0.557033
0.57	28.54	22.48	22.48	3.27	1.46	28.289247	29.800933	29.142596	0.557050
0.57	28.54	22.47	22.47	3.27	1.46	28.283689	29.797505	29.138083	0.557066
0.58	28.54	22.46	22.46	3.27	1.46	28.278131	29.794077	29.133571	0.557082
0.58	28.54	22.46	22.46	3.27	1.46	28.272574	29.790649	29.129059	0.557098
0.58	28.54	22.45	22.45	3.27	1.46	28.267017	29.787222	29.124548	0.557114
0.59	28.54	22.44	22.44	3.27	1.46	28.261461	29.783794	29.120037	0.557130
0.59	28.54	22.43	22.43	3.27	1.46	28.255906	29.780366	29.115526	0.557147
0.59	28.54	22.43	22.43	3.27	1.46	28.250351	29.776939	29.111016	0.557163
0.59	28.54	22.42	22.42	3.27	1.46	28.244797	29.773511	29.106505	0.557179
0.60	28.54	22.41	22.41	3.27	1.46	28.239243	29.770084	29.101996	0.557195
0.60	28.54	22.41	22.41	3.27	1.46	28.233690	29.766657	29.097486	0.557211
0.60	28.54	22.40	22.40	3.27	1.46	28.228138	29.763230	29.092977	0.557227
0.61	28.54	22.39	22.39	3.27	1.46	28.222586	29.759802	29.088468	0.557242
0.61	28.54	22.38	22.38	3.27	1.46	28.217035	29.756375	29.083960	0.557258
0.61	28.54	22.38	22.38	3.27	1.47	28.211485	29.752949	29.079452	0.557274
0.61	28.54	22.37	22.37	3.27	1.47	28.205935	29.749522	29.074944	0.557290
0.62	28.54	22.36	22.36	3.26	1.47	28.200386	29.746095	29.070437	0.557306
0.62	28.54	22.35	22.35	3.26	1.47	28.194837	29.742669	29.065930	0.557322
0.62	28.54	22.35	22.35	3.26	1.47	28.189289	29.739242	29.061423	0.557337
0.62	28.54	22.34	22.34	3.26	1.47	28.183742	29.735816	29.056917	0.557353
0.63	28.54	22.33	22.33	3.26	1.47	28.178195	29.732389	29.052411	0.557369
0.63	28.54	22.32	22.32	3.26	1.47	28.172649	29.728963	29.047905	0.557385
0.63	28.54	22.32	22.32	3.26	1.47	28.167104	29.725537	29.043400	0.557400
0.64	28.54	22.31	22.31	3.26	1.47	28.161559	29.722111	29.038895	0.557416
0.64	28.54	22.30	22.30	3.26	1.47	28.156015	29.718685	29.034390	0.557431
0.64	28.54	22.30	22.30	3.26	1.47	28.150472	29.715259	29.029886	0.557447
0.64	28.54	22.29	22.29	3.26	1.47	28.144929	29.711833	29.025382	0.557463
0.65	28.54	22.28	22.28	3.26	1.47	28.139387	29.708408	29.020879	0.557478
0.65	28.54	22.27	22.27	3.26	1.47	28.133845	29.704982	29.016376	0.557494
0.65	28.54	22.27	22.27	3.26	1.47	28.128304	29.701557	29.011873	0.557509
0.66	28.54	22.26	22.26	3.26	1.47	28.122764	29.698132	29.007370	0.557524
0.66	28.54	22.25	22.25	3.26	1.47	28.117224	29.694706	29.002868	0.557540
0.66	28.54	22.24	22.24	3.26	1.48	28.111685	29.691281	28.998367	0.557555
0.66	28.54	22.24	22.24	3.26	1.48	28.106147	29.687856	28.993865	0.557571
0.67	28.54	22.23	22.23	3.26	1.48	28.100609	29.684432	28.989364	0.557586
0.67	28.54	22.22	22.22	3.26	1.48	28.095072	29.681007	28.984864	0.557601
0.67	28.54	22.21	22.21	3.26	1.48	28.089536	29.677582	28.980364	0.557617
0.68	28.54	22.21	22.21	3.26	1.48	28.084000	29.674158	28.975864	0.557632
0.68	28.54	22.20	22.20	3.26	1.48	28.078465	29.670733	28.971364	0.557647
0.68	28.54	22.19	22.19	3.26	1.48	28.072931	29.667309	28.966865	0.557662
0.68	28.54	22.19	22.19	3.26	1.48	28.067397	29.663885	28.962366	0.557678
0.69	28.54	22.18	22.18	3.26	1.48	28.061864	29.660460	28.957868	0.557693
0.69	28.54	22.17	22.17	3.26	1.48	28.056332	29.657036	28.953370	0.557708
0.69	28.54	22.16	22.16	3.26	1.48	28.050800	29.653613	28.948872	0.557723
0.69	28.54	22.16	22.16	3.26	1.48	28.045269	29.650189	28.944375	0.557738
0.70	28.54	22.15	22.15	3.26	1.48	28.039739	29.646765	28.939878	0.557753
0.70	28.54	22.14	22.14	3.26	1.48	28.034209	29.643342	28.935381	0.557768
0.70	28.54	22.13	22.13	3.26	1.48	28.028680	29.639918	28.930885	0.557783
0.71	28.54	22.13	22.13	3.26	1.48	28.023152	29.636495	28.926389	0.557798
0.71	28.54	22.12	22.12	3.26	1.48	28.017624	29.633072	28.921894	0.557813
0.71	28.54	22.11	22.11	3.26	1.48	28.012097	29.629648	28.917399	0.557828
0.71	28.54	22.10	22.10	3.26	1.49	28.006571	29.626226	28.912904	0.557843
0.72	28.54	22.10	22.10	3.26	1.49	28.001046	29.622803	28.908410	0.557858
0.72	28.54	22.09	22.09	3.26	1.49	27.995521	29.619380	28.903916	0.557873
0.72	28.54	22.08	22.08	3.26	1.49	27.989996	29.615957	28.899423	0.557888
0.72	28.54	22.08	22.08	3.26	1.49	27.984473	29.612535	28.894930	0.557903
0.73	28.54	22.07	22.07	3.26	1.49	27.978950	29.609112	28.890437	0.557917
0.73	28.54	22.06	22.06	3.26	1.49	27.973428	29.605690	28.885945	0.557932
0.73	28.54	22.05	22.05	3.26	1.49	27.967906	29.602268	28.881453	0.557947
0.74	28.54	22.05	22.05	3.26	1.49	27.962386	29.598846	28.876961	0.557962
0.74	28.54	22.04	22.04	3.26	1.49	27.956866	29.595424	28.872470	0.557976
0.74	28.54	22.03	22.03	3.26	1.49	27.951346	29.592002	28.867979	0.557991
0.74	28.54	22.03	22.03	3.26	1.49	27.945827	29.588581	28.863489	0.558006
0.75	28.54	22.02	22.02	3.26	1.49	27.940309	29.585159	28.858999	0.558020
0.75	28.54	22.01	22.01	3.26	1.49	27.934792	29.581738	28.854509	0.558035
0.75	28.54	22.00	22.00	3.26	1.49	27.929276	29.578317	28.850020	0.558050
0.76	28.54	22.00	22.00	3.26	1.49	27.923760	29.574896	28.845532	0.558064
0.76	28.54	21.99	21.99	3.26	1.49	27.918245	29.571475	28.841043	0.558079
0.76	28.54	21.98	21.98	3.26	1.49	27.912730	29.568054	28.836555	0.558093
0.76	28.54	21.97	21.97	3.26	1.49	27.907216	29.564633	28.832068	0.558108
0.77	28.54	21.97	21.97	3.26	1.50	27.901703	29.561212	28.827580	0.558122
0.77	28.54	21.96	21.96	3.26	1.50	27.896191	29.557792	28.823094	0.558137
0.77	28.54	21.95	21.95	3.26	1.50	27.890679	29.554371	28.818607	0.558151
0.78	28.54	21.95	21.95	3.26	1.50	27.885168	29.550951	28.814121	0.558165
0.78	28.54	21.94	21.94	3.26	1.50	27.879658	29.547531	28.809636	0.558180
0.78	28.54	21.93	21.93	3.26	1.50	27.874149	29.544111	28.805151	0.558194
0.78	28.54	21.92	21.92	3.26	1.50	27.868640	29.540691	28.800666	0.558209
0.79	28.54	21.92	21.92	3.26	1.50	27.863132	29.537272	28.796182	0.558223
0.79	28.54	21.91	21.91	3.26	1.50	27.857625	29.533852	28.791698	0.558237
0.79	28.54	21.90	21.90	3.26	1.50	27.852118	29.530433	28.787214	0.558251
0.79	28.54	21.89	21.89	3.26	1.50	27.846612	29.527014	28.782731	0.558266
0.80	28.54	21.89	21.89	3.26	1.50	27.841107	29.523594	28.778248	0.558280
0.80	28.54	21.88	21.88	3.26	1.50	27.835603	29.520175	28.773766	0.558294
0.80	28.54	21.87	21.87	3.26	1.50	27.830099	29.516757	28.769284	0.558308
0.81	28.54	21.87	21.87	3.26	1.50	27.824596	29.513338	28.764803	0.558322
0.81	28.54	21.86	21.86	3.25	1.50	27.819094	29.509919	28.760322	0.558337
0.81	28.54	21.85	21.85	3.25	1.50	27.813592	29.506501	28.755841	0.558351
0.81	28.54	21.84	21.84	3.25	1.50	27.808092	29.503083	28.751361	0.558365
0.82	28.54	21.84	21.84	3.25	1.50	27.802592	29.499664	28.746882	0.558379
0.82	28.54	21.83	21.83	3.25	1.50	27.797092	29.496246	28.742402	0.558393
0.82	28.54	21.82	21.82	3.25	1.51	27.791594	29.492829	28.737923	0.558407
0.82	28.54	21.82	21.82	3.25	1.51	27.786096	29.489411	28.733445	0.558421
0.83	28.54	21.81	21.81	3.25	1.51	27.780599	29.485993	28.728967	0.558435
0.83	28.54	21.80	21.80	3.25	1.51	27.775103	29.482576	28.724489	0.558449
0.83	28.54	21.79	21.79	3.25	1.51	27.769607	29.479159	28.720012	0.558463
0.84	28.54	21.79	21.79	3.25	1.51	27.764112	29.475741	28.715535	0.558477
0.84	28.54	21.78	21.78	3.25	1.51	27.758618	29.472324	28.711059	0.558490
0.84	28.54	21.77	21.77	3.25	1.51	27.753125	29.468908	28.706583	0.558504
0.84	28.54	21.77	21.77	3.25	1.51	27.747633	29.465491	28.702108	0.558518
0.85	28.54	21.76	21.76	3.25	1.51	27.742141	29.462074	28.697633	0.558532
0.85	28.54	21.75	21.75	3.25	1.51	27.736650	29.458658	28.693158	0.558546
0.85	28.54	21.74	21.74	3.25	1.51	27.731160	29.455242	28.688684	0.558560
0.86	28.54	21.74	21.74	3.25	1.51	27.725670	29.451826	28.684210	0.558573
0.86	28.54	21.73	21.73	3.25	1.51	27.720181	29.448410	28.679737	0.558587
0.86	28.54	21.72	21.72	3.25	1.51	27.714693	29.444994	28.675264	0.558601
0.86	28.54	21.72	21.72	3.25	1.51	27.709206	29.441578	28.670792	0.558614
0.87	28.54	21.71	21.71	3.25	1.51	27.703720	29.438163	28.666320	0.558628
0.87	28.54	21.70	21.70	3.25	1.51	27.698234	29.434748	28.661848	0.558642
0.87	28.54	21.69	21.69	3.25	1.51	27.692749	29.431332	28.657377	0.558655
0.88	28.54	21.69	21.69	3.25	1.51	27.687265	29.427917	28.652907	0.558669
0.88	28.54	21.68	21.68	3.25	1.52	27.681782	29.424503	28.648437	0.558682
0.88	28.54	21.67	21.67	3.25	1.52	27.676299	29.421088	28.643967	0.558696
0.88	28.54	21.67	21.67	3.25	1.52	27.670817	29.417673	28.639498	0.558710
0.89	28.54	21.66	21.66	3.25	1.52	27.665336	29.414259	28.635029	0.558723
0.89	28.54	21.65	21.65	3.25	1.52	27.659856	29.410845	28.630560	0.558737
0.89	28.54	21.64	21.64	3.25	1.52	27.654376	29.407431	28.626092	0.558750
0.89	28.54	21.64	21.64	3.25	1.52	27.648898	29.404017	28.621625	0.558763
0.90	28.54	21.63	21.63	3.25	1.52	27.643420	29.400603	28.617158	0.558777
0.90	28.54	21.62	21.62	3.25	1.52	27.637943	29.397190	28.612691	0.558790
0.90	28.54	21.62	21.62	3.25	1.52	27.632466	29.393776	28.608225	0.558804
0.91	28.54	21.61	21.61	3.25	1.52	27.626991	29.390363	28.603760	0.558817
0.91	28.54	21.60	21.60	3.25	1.52	27.621516	29.386950	28.599295	0.558830
0.91	28.54	21.59	21.59	3.25	1.52	27.616042	29.383537	28.594830	0.558844
0.91	28.54	21.59	21.59	3.25	1.52	27.610569	29.380124	28.590366	0.558857
0.92	28.54	21.58	21.58	3.25	1.52	27.605096	29.376712	28.585902	0.558870
0.92	28.54	21.57	21.57	3.25	1.52	27.599625	29.373300	28.581439	0.558884
0.92	28.54	21.57	21.57	3.25	1.52	27.594154	29.369887	28.576976	0.558897
0.93	28.54	21.56	21.56	3.25	1.52	27.588684	29.366475	28.572513	0.558910
0.93	28.54	21.55	21.55	3.25	1.52	27.583215	29.363063	28.568051	0.558923
0.93	28.54	21.54	21.54	3.25	1.52	27.577747	29.359652	28.563590	0.558936
0.93	28.54	21.54	21.54	3.25	1.52	27.572279	29.356240	28.559129	0.558950
0.94	28.54	21.53	21.53	3.25	1.53	27.566812	29.352829	28.554668	0.558963
0.94	28.54	21.52	21.52	3.25	1.53	27.561346	29.349418	28.550208	0.558976
0.94	28.54	21.52	21.52	3.25	1.53	27.555881	29.346007	28.545749	0.558989
0.94	28.54	21.51	21.51	3.25	1.53	27.550417	29.342596	28.541290	0.559002
0.95	28.54	21.50	21.50	3.25	1.53	27.544953	29.339185	28.536831	0.559015
0.95	28.54	21.50	21.50	3.25	1.53	27.539490	29.335775	28.532373	0.559028
0.95	28.54	21.49	21.49	3.25	1.53	27.534029	29.332364	28.527915	0.559041
0.96	28.54	21.48	21.48	3.25	1.53	27.528567	29.328954	28.523458	0.559054
0.96	28.54	21.47	21.47	3.25	1.53	27.523107	29.325544	28.519001	0.559067
0.96	28.54	21.47	21.47	3.25	1.53	27.517648	29.322135	28.514545	0.559080
0.96	28.54	21.46	21.46	3.25	1.53	27.512189	29.318725	28.510089	0.559093
0.97	28.54	21.45	21.45	3.25	1.53	27.506731	29.315316	28.505634	0.559106
0.97	28.54	21.45	21.45	3.25	1.53	27.501274	29.311906	28.501179	0.559119
0.97	28.54	21.44	21.44	3.25	1.53	27.495818	29.308497	28.496725	0.559131
0.97	28.54	21.43	21.43	3.25	1.53	27.490363	29.305089	28.492271	0.559144
0.98	28.54	21.42	21.42	3.25	1.53	27.484908	29.301680	28.487818	0.559157
0.98	28.54	21.42	21.42	3.25	1.53	27.479455	29.298271	28.483365	0.559170
0.98	28.54	21.41	21.41	3.25	1.53	27.474002	29.294863	28.478913	0.559183
0.99	28.54	21.40	21.40	3.25	1.53	27.468550	29.291455	28.474461	0.559196
0.99	28.54	21.40	21.40	3.25	1.53	27.463099	29.288047	28.470010	0.559208
0.99	28.54	21.39	21.39	3.25	1.53	27.457648	29.284639	28.465559	0.559221
0.99	28.54	21.38	21.38	3.25	1.54	27.452199	29.281232	28.461108	0.559234
1.00	28.54	21.38	21.38	3.25	1.54	27.446750	29.277824	28.456658	0.559246
1.00	28.54	21.37	21.37	3.24	1.54	27.441303	29.274417	28.452209	0.559259
1.00	28.54	21.36	21.36	3.24	1.54	27.435856	29.271010	28.447760	0.559272
1.01	28.54	21.35	21.35	3.24	1.54	27.430409	29.267604	28.443312	0.559284
1.01	28.54	21.35	21.35	3.24	1.54	27.424964	29.264197	28.438864	0.559297
1.01	28.54	21.34	21.34	3.24	1.54	27.419520	29.260791	28.434417	0.559309
1.01	28.54	21.33	21.33	3.24	1.54	27.414076	29.257384	28.429970	0.559322
1.02	28.54	21.33	21.33	3.24	1.54	27.408634	29.253978	28.425523	0.559335
1.02	28.54	21.32	21.32	3.24	1.54	27.403192	29.250573	28.421077	0.559347
1.02	28.54	21.31	21.31	3.24	1.54	27.397751	29.247167	28.416632	0.559360
1.02	28.54	21.31	21.31	3.24	1.54	27.392311	29.243762	28.412187	0.559372
1.03	28.54	21.30	21.30	3.24	1.54	27.386871	29.240356	28.407743	0.559385
1.03	28.54	21.29	21.29	3.24	1.54	27.381433	29.236951	28.403299	0.559397
1.03	28.54	21.28	21.28	3.24	1.54	27.375995	29.233546	28.398856	0.559409
1.04	28.54	21.28	21.28	3.24	1.54	27.370559	29.230142	28.394413	0.559422
1.04	28.54	21.27	21.27	3.24	1.54	27.365123	29.226737	28.389971	0.559434
1.04	28.54	21.26	21.26	3.24	1.54	27.359688	29.223333	28.385529	0.559447
1.04	28.54	21.26	21.26	3.24	1.54	27.354254	29.219929	28.381088	0.559459
1.05	28.54	21.25	21.25	3.24	1.54	27.348820	29.216525	28.376647	0.559471
1.05	28.54	21.24	21.24	3.24	1.54	27.343388	29.213122	28.372207	0.559484
1.05	28.54	21.24	21.24	3.24	1.54	27.337957	29.209718	28.367767	0.559496
1.06	28.54	21.23	21.23	3.24	1.55	27.332526	29.206315	28.363328	0.559508
1.06	28.54	21.22	21.22	3.24	1.55	27.327096	29.202912	28.358889	0.559520
1.06	28.54	21.22	21.22	3.24	1.55	27.321667	29.199509	28.354451	0.559533
1.06	28.54	21.21	21.21	3.24	1.55	27.316239	29.196107	28.350013	0.559545
1.07	28.54	21.20	21.20	3.24	1.55	27.310812	29.192704	28.345576	0.559557
1.07	28.54	21.19	21.19	3.24	1.55	27.305386	29.189302	28.341139	0.559569
1.07	28.54	21.19	21.19	3.24	1.55	27.299961	29.185900	28.336703	0.559581
1.07	28.54	21.18	21.18	3.24	1.55	27.294536	29.182498	28.332268	0.559594
1.08	28.54	21.17	21.17	3.24	1.55	27.289113	29.179097	28.327833	0.559606
1.08	28.54	21.17	21.17	3.24	1.55	27.283690	29.175696	28.323398	0.559618
1.08	28.54	21.16	21.16	3.24	1.55	27.278268	29.172294	28.318965	0.559630
1.09	28.54	21.15	21.15	3.24	1.55	27.272847	29.168894	28.314531	0.559642
1.09	28.54	21.15	21.15	3.24	1.55	27.267427	29.165493	28.310098	0.559654
1.09	28.54	21.14	21.14	3.24	1.55	27.262008	29.162092	28.305666	0.559666
1.09	28.54	21.13	21.13	3.24	1.55	27.256590	29.158692	28.301234	0.559678
1.10	28.54	21.13	21.13	3.24	1.55	27.251173	29.155292	28.296803	0.559690
1.10	28.54	21.12	21.12	3.24	1.55	27.245756	29.151892	28.292372	0.559702
1.10	28.54	21.11	21.11	3.24	1.55	27.240341	29.148493	28.287942	0.559714
1.11	28.54	21.10	21.10	3.24	1.55	27.234926	29.145093	28.283512	0.559726
1.11	28.54	21.10	21.10	3.24	1.55	27.229513	29.141694	28.279083	0.559738
1.11	28.54	21.09	21.09	3.24	1.55	27.224100	29.138295	28.274655	0.559750
1.11	28.54	21.08	21.08	3.24	1.55	27.218688	29.134897	28.270227	0.559762
1.12	28.54	21.08	21.08	3.24	1.56	27.213277	29.131498	28.265799	0.559773
1.12	28.54	21.07	21.07	3.24	1.56	27.207867	29.128100	28.261372	0.559785
1.12	28.54	21.06	21.06	3.24	1.56	27.202458	29.124702	28.256946	0.559797
1.12	28.54	21.06	21.06	3.24	1.56	27.197050	29.121304	28.252520	0.559809
1.13	28.54	21.05	21.05	3.24	1.56	27.191642	29.117906	28.248095	0.559821
1.13	28.54	21.04	21.04	3.24	1.56	27.186236	29.114509	28.243670	0.559833
1.13	28.54	21.04	21.04	3.24	1.56	27.180830	29.111112	28.239246	0.559844
1.14	28.54	21.03	21.03	3.24	1.56	27.175426	29.107715	28.234822	0.559856
1.14	28.54	21.02	21.02	3.24	1.56	27.170022	29.104318	28.230399	0.559868
1.14	28.54	21.01	21.01	3.24	1.56	27.164620	29.100922	28.225977	0.559879
1.14	28.54	21.01	21.01	3.24	1.56	27.159218	29.097525	28.221555	0.559891
1.15	28.54	21.00	21.00	3.24	1.56	27.153817	29.094129	28.217134	0.559903
1.15	28.54	20.99	20.99	3.24	1.56	27.148417	29.090734	28.212713	0.559914
1.15	28.54	20.99	20.99	3.24	1.56	27.143018	29.087338	28.208293	0.559926
1.16	28.54	20.98	20.98	3.24	1.56	27.137620	29.083943	28.203873	0.559938
1.16	28.54	20.97	20.97	3.24	1.56	27.132223	29.080548	28.199454	0.559949
1.16	28.54	20.97	20.97	3.24	1.56	27.126827	29.077153	28.195035	0.559961
1.16	28.54	20.96	20.96	3.24	1.56	27.121431	29.073758	28.190617	0.559972
1.17	28.54	20.95	20.95	3.24	1.56	27.116037	29.070364	28.186200	0.559984
1.17	28.54	20.95	20.95	3.24	1.56	27.110644	29.066970	28.181783	0.559995
1.17	28.54	20.94	20.94	3.24	1.56	27.105251	29.063576	28.177367	0.560007
1.18	28.54	20.93	20.93	3.24	1.56	27.099860	29.060182	28.172951	0.560018
1.18	28.54	20.93	20.93	3.24	1.56	27.094469	29.056789	28.168536	0.560030
1.18	28.54	20.92	20.92	3.24	1.57	27.089080	29.053396	28.164121	0.560041
1.18	28.54	20.91	20.91	3.24	1.57	27.083691	29.050003	28.159707	0.560053
1.19	28.54	20.91	20.91	3.24	1.57	27.078304	29.046610	28.155294	0.560064
1.19	28.54	20.90	20.90	3.24	1.57	27.072917	29.043218	28.150881	0.560076
1.19	28.54	20.89	20.89	3.24	1.57	27.067531	29.039825	28.146469	0.560087
1.19	28.54	20.89	20.89	3.24	1.57	27.062146	29.036433	28.142057	0.560098
1.20	28.54	20.88	20.88	3.23	1.57	27.056762	29.033042	28.137646	0.560110
1.20	28.54	20.87	20.87	3.23	1.57	27.051379	29.029650	28.133235	0.560121
1.20	28.54	20.86	20.86	3.23	1.57	27.045997	29.026259	28.128825	0.560132
1.21	28.54	20.86	20.86	3.23	1.57	27.040616	29.022868	28.124416	0.560144
1.21	28.54	20.85	20.85	3.23	1.57	27.035236	29.019477	28.120007	0.560155
1.21	28.54	20.84	20.84	3.23	1.57	27.029857	29.016087	28.115599	0.560166
1.21	28.54	20.84	20.84	3.23	1.57	27.024479	29.012696	28.111191	0.560177
1.22	28.54	20.83	20.83	3.23	1.57	27.019102	29.009306	28.106784	0.560188
1.22	28.54	20.82	20.82	3.23	1.57	27.013726	29.005917	28.102378	0.560200
1.22	28.54	20.82	20.82	3.23	1.57	27.008351	29.002527	28.097972	0.560211
1.23	28.54	20.81	20.81	3.23	1.57	27.002977	28.999138	28.093567	0.560222
1.23	28.54	20.80	20.80	3.23	1.57	26.997603	28.995749	28.089162	0.560233
1.23	28.54	20.80	20.80	3.23	1.57	26.992231	28.992360	28.084758	0.560244
1.23	28.54	20.79	20.79	3.23	1.57	26.986860	28.988972	28.080355	0.560255
1.24	28.54	20.78	20.78	3.23	1.57	26.981490	28.985584	28.075952	0.560267
1.24	28.54	20.78	20.78	3.23	1.57	26.976120	28.982196	28.071550	0.560278
1.24	28.54	20.77	20.77	3.23	1.57	26.970752	28.978808	28.067148	0.560289
1.24	28.54	20.76	20.76	3.23	1.58	26.965385	28.975421	28.062747	0.560300
1.25	28.54	20.76	20.76	3.23	1.58	26.960018	28.972033	28.058346	0.560311
1.25	28.54	20.75	20.75	3.23	1.58	26.954653	28.968646	28.053947	0.560322
1.25	28.54	20.74	20.74	3.23	1.58	26.949289	28.965260	28.049547	0.560333
1.26	28.54	20.74	20.74	3.23	1.58	26.943925	28.961873	28.045149	0.560344
1.26	28.54	20.73	20.73	3.23	1.58	26.938563	28.958487	28.040751	0.560355
1.26	28.54	20.72	20.72	3.23	1.58	26.933201	28.955101	28.036353	0.560366
1.26	28.54	20.72	20.72	3.23	1.58	26.927841	28.951716	28.031956	0.560377
1.27	28.54	20.71	20.71	3.23	1.58	26.922482	28.948330	28.027560	0.560388
1.27	28.54	20.70	20.70	3.23	1.58	26.917123	28.944945	28.023165	0.560398
1.27	28.54	20.70	20.70	3.23	1.58	26.911766	28.941561	28.018770	0.560409
1.27	28.54	20.69	20.69	3.23	1.58	26.906409	28.938176	28.014375	0.560420
1.28	28.54	20.68	20.68	3.23	1.58	26.901054	28.934792	28.009981	0.560431
1.28	28.54	20.68	20.68	3.23	1.58	26.895700	28.931408	28.005588	0.560442
1.28	28.54	20.67	20.67	3.23	1.58	26.890346	28.928024	28.001196	0.560453
1.29	28.54	20.66	20.66	3.23	1.58	26.884994	28.924641	27.996804	0.560463
1.29	28.54	20.66	20.66	3.23	1.58	26.879642	28.921257	27.992413	0.560474
1.29	28.54	20.65	20.65	3.23	1.58	26.874292	28.917874	27.988022	0.560485
1.29	28.54	20.64	20.64	3.23	1.58	26.868943	28.914492	27.983632	0.560496
1.30	28.54	20.64	20.64	3.23	1.58	26.863594	28.911109	27.979243	0.560506
1.30	28.54	20.63	20.63	3.23	1.58	26.858247	28.907727	27.974854	0.560517
1.30	28.54	20.62	20.62	3.23	1.58	26.852901	28.904345	27.970466	0.560528
1.31	28.54	20.62	20.62	3.23	1.58	26.847556	28.900964	27.966078	0.560539
1.31	28.54	20.61	20.61	3.23	1.58	26.842211	28.897583	27.961691	0.560549
1.31	28.54	20.60	20.60	3.23	1.59	26.836868	28.894202	27.957305	0.560560
1.31	28.54	20.59	20.59	3.23	1.59	26.831526	28.890821	27.952919	0.560570
1.32	28.54	20.59	20.59	3.23	1.59	26.826185	28.887440	27.948534	0.560581
1.32	28.54	20.58	20.58	3.23	1.59	26.820845	28.884060	27.944150	0.560592
1.32	28.54	20.57	20.57	3.23	1.59	26.815506	28.880680	27.939766	0.560602
1.32	28.54	20.57	20.57	3.23	1.59	26.810168	28.877301	27.935383	0.560613
1.33	28.54	20.56	20.56	3.23	1.59	26.804831	28.873922	27.931000	0.560623
1.33	28.54	20.55	20.55	3.23	1.59	26.799495	28.870543	27.926619	0.560634
1.33	28.54	20.55	20.55	3.23	1.59	26.794160	28.867164	27.922237	0.560644
1.34	28.54	20.54	20.54	3.23	1.59	26.788826	28.863785	27.917857	0.560655
1.34	28.54	20.53	20.53	3.23	1.59	26.783493	28.860407	27.913477	0.560665
1.34	28.54	20.53	20.53	3.23	1.59	26.778161	28.857029	27.909098	0.560676
1.34	28.54	20.52	20.52	3.23	1.59	26.772830	28.853652	27.904719	0.560686
1.35	28.54	20.52	20.52	3.23	1.59	26.767500	28.850274	27.900341	0.560697
1.35	28.54	20.51	20.51	3.23	1.59	26.762172	28.846897	27.895964	0.560707
1.35	28.54	20.50	20.50	3.23	1.59	26.756844	28.843521	27.891587	0.560718
1.36	28.54	20.50	20.50	3.23	1.59	26.751517	28.840144	27.887211	0.560728
1.36	28.54	20.49	20.49	3.23	1.59	26.746192	28.836768	27.882836	0.560738
1.36	28.54	20.48	20.48	3.23	1.59	26.740867	28.833392	27.878461	0.560749
1.36	28.54	20.48	20.48	3.23	1.59	26.735544	28.830017	27.874087	0.560759
1.37	28.54	20.47	20.47	3.23	1.59	26.730222	28.826641	27.869713	0.560769
1.37	28.54	20.46	20.46	3.23	1.59	26.724900	28.823266	27.865341	0.560780
1.37	28.54	20.46	20.46	3.23	1.59	26.719580	28.819892	27.860969	0.560790
1.38	28.54	20.45	20.45	3.23	1.59	26.714261	28.816517	27.856597	0.560800
1.38	28.54	20.44	20.44	3.23	1.59	26.708943	28.813143	27.852226	0.560810
1.38	28.54	20.44	20.44	3.23	1.60	26.703626	28.809769	27.847856	0.560821
1.38	28.54	20.43	20.43	3.23	1.60	26.698310	28.806396	27.843487	0.560831
1.39	28.54	20.42	20.42	3.23	1.60	26.692995	28.803023	27.839118	0.560841
1.39	28.54	20.42	20.42	3.23	1.60	26.687681	28.799650	27.834750	0.560851
1.39	28.54	20.41	20.41	3.23	1.60	26.682368	28.796277	27.830382	0.560862
1.39	28.54	20.40	20.40	3.22	1.60	26.677056	28.792905	27.826015	0.560872
1.40	28.54	20.40	20.40	3.22	1.60	26.671746	28.789533	27.821649	0.560882
1.40	28.54	20.39	20.39	3.22	1.60	26.666436	28.786161	27.817284	0.560892
1.40	28.54	20.38	20.38	3.22	1.60	26.661128	28.782790	27.812919	0.560902
1.41	28.54	20.38	20.38	3.22	1.60	26.655820	28.779419	27.808555	0.560912
1.41	28.54	20.37	20.37	3.22	1.60	26.650514	28.776048	27.804191	0.560922
1.41	28.54	20.36	20.36	3.22	1.60	26.645209	28.772678	27.799829	0.560932
1.41	28.54	20.36	20.36	3.22	1.60	26.639905	28.769308	27.795467	0.560942
1.42	28.54	20.35	20.35	3.22	1.60	26.634601	28.765938	27.791105	0.560952
1.42	28.54	20.34	20.34	3.22	1.60	26.629300	28.762568	27.786744	0.560963
1.42	28.54	20.34	20.34	3.22	1.60	26.623999	28.759199	27.782384	0.560973
1.43	28.54	20.33	20.33	3.22	1.60	26.618699	28.755830	27.778025	0.560983
1.43	28.54	20.32	20.32	3.22	1.60	26.613400	28.752462	27.773666	0.560992
1.43	28.54	20.32	20.32	3.22	1.60	26.608103	28.749093	27.769308	0.561002
1.43	28.54	20.31	20.31	3.22	1.60	26.602806	28.745725	27.764951	0.561012
1.44	28.54	20.30	20.30	3.22	1.60	26.597511	28.742358	27.760594	0.561022
1.44	28.54	20.30	20.30	3.22	1.60	26.592216	28.738991	27.756238	0.561032
1.44	28.54	20.29	20.29	3.22	1.60	26.586923	28.735624	27.751883	0.561042
1.44	28.54	20.28	20.28	3.22	1.60	26.581631	28.732257	27.747528	0.561052
1.45	28.54	20.28	20.28	3.22	1.60	26.576340	28.728890	27.743174	0.561062
1.45	28.54	20.27	20.27	3.22	1.61	26.571050	28.725524	27.738821	0.561072
1.45	28.54	20.26	20.26	3.22	1.61	26.565761	28.722159	27.734469	0.561082
1.46	28.54	20.26	20.26	3.22	1.61	26.560474	28.718793	27.730117	0.561091
1.46	28.54	20.25	20.25	3.22	1.61	26.555187	28.715428	27.725766	0.561101
1.46	28.54	20.25	20.25	3.22	1.61	26.549902	28.712063	27.721415	0.561111
1.46	28.54	20.24	20.24	3.22	1.61	26.544617	28.708699	27.717066	0.561121
1.47	28.54	20.23	20.23	3.22	1.61	26.539334	28.705335	27.712716	0.561131
1.47	28.54	20.23	20.23	3.22	1.61	26.534052	28.701971	27.708368	0.561140
1.47	28.54	20.22	20.22	3.22	1.61	26.528771	28.698608	27.704021	0.561150
1.48	28.54	20.21	20.21	3.22	1.61	26.523491	28.695245	27.699674	0.561160
1.48	28.54	20.21	20.21	3.22	1.61	26.518212	28.691882	27.695327	0.561170
1.48	28.54	20.20	20.20	3.22	1.61	26.512935	28.688519	27.690982	0.561179
1.48	28.54	20.19	20.19	3.22	1.61	26.507658	28.685157	27.686637	0.561189
1.49	28.54	20.19	20.19	3.22	1.61	26.502383	28.681795	27.682293	0.561199
1.49	28.54	20.18	20.18	3.22	1.61	26.497109	28.678434	27.677949	0.561208
1.49	28.54	20.17	20.17	3.22	1.61	26.491836	28.675073	27.673607	0.561218
1.49	28.54	20.17	20.17	3.22	1.61	26.486564	28.671712	27.669265	0.561227
1.50	28.54	20.16	20.16	3.22	1.61	26.481293	28.668351	27.664924	0.561237
1.50	28.54	20.15	20.15	3.22	1.61	26.476023	28.664991	27.660583	0.561247
1.50	28.54	20.15	20.15	3.22	1.61	26.470755	28.661631	27.656243	0.561256
1.51	28.54	20.14	20.14	3.22	1.61	26.465487	28.658272	27.651904	0.561266
1.51	28.54	20.14	20.14	3.22	1.61	26.460221	28.654913	27.647566	0.561275
1.51	28.54	20.13	20.13	3.22	1.61	26.454956	28.651554	27.643228	0.561285
1.51	28.54	20.12	20.12	3.22	1.61	26.449692	28.648196	27.638891	0.561294
1.52	28.54	20.12	20.12	3.22	1.61	26.444429	28.644837	27.634555	0.561304
1.52	28.54	20.11	20.11	3.22	1.61	26.439167	28.641480	27.630219	0.561313
1.52	28.54	20.10	20.10	3.22	1.62	26.433907	28.638122	27.625884	0.561323
1.52	28.54	20.10	20.10	3.22	1.62	26.428648	28.634765	27.621550	0.561332
1.53	28.54	20.09	20.09	3.22	1.62	26.423389	28.631408	27.617217	0.561342
1.53	28.54	20.08	20.08	3.22	1.62	26.418132	28.628052	27.612884	0.561351
1.53	28.54	20.08	20.08	3.22	1.62	26.412876	28.624696	27.608552	0.561361
1.54	28.54	20.07	20.07	3.22	1.62	26.407622	28.621340	27.604221	0.561370
1.54	28.54	20.06	20.06	3.22	1.62	26.402368	28.617985	27.599891	0.561379
1.54	28.54	20.06	20.06	3.22	1.62	26.397116	28.614630	27.595561	0.561389
1.54	28.54	20.05	20.05	3.22	1.62	26.391864	28.611275	27.591232	0.561398
1.55	28.54	20.05	20.05	3.22	1.62	26.386614	28.607921	27.586904	0.561407
1.55	28.54	20.04	20.04	3.22	1.62	26.381365	28.604567	27.582576	0.561417
1.55	28.54	20.03	20.03	3.22	1.62	26.376118	28.601213	27.578250	0.561426
1.56	28.54	20.03	20.03	3.22	1.62	26.370871	28.597860	27.573924	0.561435
1.56	28.54	20.02	20.02	3.22	1.62	26.365626	28.594507	27.569598	0.561445
1.56	28.54	20.01	20.01	3.22	1.62	26.360381	28.591155	27.565274	0.561454
1.56	28.54	20.01	20.01	3.22	1.62	26.355138	28.587802	27.560950	0.561463
1.57	28.54	20.00	20.00	3.22	1.62	26.349896	28.584450	27.556627	0.561472
1.57	28.54	19.99	19.99	3.22	1.62	26.344656	28.581099	27.552305	0.561482
1.57	28.54	19.99	19.99	3.22	1.62	26.339416	28.577748	27.547983	0.561491
1.57	28.54	19.98	19.98	3.22	1.62	26.334178	28.574397	27.543662	0.561500
1.58	28.54	19.97	19.97	3.22	1.62	26.328941	28.571047	27.539342	0.561509
1.58	28.54	19.97	19.97	3.22	1.62	26.323705	28.567697	27.535023	0.561518
1.58	28.54	19.96	19.96	3.22	1.62	26.318470	28.564347	27.530705	0.561528
1.59	28.54	19.96	19.96	3.22	1.62	26.313236	28.560998	27.526387	0.561537
1.59	28.54	19.95	19.95	3.22	1.62	26.308004	28.557649	27.522070	0.561546
1.59	28.54	19.94	19.94	3.22	1.62	26.302772	28.554300	27.517753	0.561555
1.59	28.54	19.94	19.94	3.21	1.62	26.297542	28.550952	27.513438	0.561564
1.60	28.54	19.93	19.93	3.21	1.63	26.292314	28.547604	27.509123	0.561573
1.60	28.54	19.92	19.92	3.21	1.63	26.287086	28.544256	27.504809	0.561582
1.60	28.54	19.92	19.92	3.21	1.63	26.281859	28.540909	27.500496	0.561591
1.61	28.54	19.91	19.91	3.21	1.63	26.276634	28.537562	27.496183	0.561600
1.61	28.54	19.90	19.90	3.21	1.63	26.271410	28.534216	27.491872	0.561609
1.61	28.54	19.90	19.90	3.21	1.63	26.266187	28.530870	27.487561	0.561618
1.61	28.54	19.89	19.89	3.21	1.63	26.260966	28.527524	27.483250	0.561627
1.62	28.54	19.89	19.89	3.21	1.63	26.255745	28.524179	27.478941	0.561636
1.62	28.54	19.88	19.88	3.21	1.63	26.250526	28.520834	27.474632	0.561645
1.62	28.54	19.87	19.87	3.21	1.63	26.245308	28.517490	27.470324	0.561654
1.62	28.54	19.87	19.87	3.21	1.63	26.240091	28.514145	27.466017	0.561663
1.63	28.54	19.86	19.86	3.21	1.63	26.234876	28.510802	27.461711	0.561672
1.63	28.54	19.85	19.85	3.21	1.63	26.229661	28.507458	27.457405	0.561681
1.63	28.54	19.85	19.85	3.21	1.63	26.224448	28.504115	27.453100	0.561690
1.64	28.54	19.84	19.84	3.21	1.63	26.219236	28.500772	27.448796	0.561699
1.64	28.54	19.84	19.84	3.21	1.63	26.214026	28.497430	27.444493	0.561708
1.64	28.54	19.83	19.83	3.21	1.63	26.208816	28.494088	27.440191	0.561717
1.64	28.54	19.82	19.82	3.21	1.63	26.203608	28.490747	27.435889	0.561725
1.65	28.54	19.82	19.82	3.21	1.63	26.198401	28.487406	27.431588	0.561734
1.65	28.54	19.81	19.81	3.21	1.63	26.193195	28.484065	27.427288	0.561743
1.65	28.54	19.80	19.80	3.21	1.63	26.187990	28.480724	27.422989	0.561752
1.66	28.54	19.80	19.80	3.21	1.63	26.182787	28.477384	27.418690	0.561761
1.66	28.54	19.79	19.79	3.21	1.63	26.177585	28.474045	27.414392	0.561769
1.66	28.54	19.79	19.79	3.21	1.63	26.172384	28.470705	27.410095	0.561778
1.66	28.54	19.78	19.78	3.21	1.63	26.167184	28.467367	27.405799	0.561787
1.67	28.54	19.77	19.77	3.21	1.63	26.161986	28.464028	27.401504	0.561796
1.67	28.54	19.77	19.77	3.21	1.63	26.156789	28.460690	27.397209	0.561804
1.67	28.54	19.76	19.76	3.21	1.64	26.151593	28.457352	27.392915	0.561813
1.68	28.54	19.75	19.75	3.21	1.64	26.146398	28.454015	27.388622	0.561822
1.68	28.54	19.75	19.75	3.21	1.64	26.141205	28.450678	27.384330	0.561830
1.68	28.54	19.74	19.74	3.21	1.64	26.136012	28.447342	27.380038	0.561839
1.68	28.54	19.73	19.73	3.21	1.64	26.130821	28.444006	27.375748	0.561848
1.69	28.54	19.73	19.73	3.21	1.64	26.125632	28.440670	27.371458	0.561856
1.69	28.54	19.72	19.72	3.21	1.64	26.120443	28.437335	27.367169	0.561865
1.69	28.54	19.72	19.72	3.21	1.64	26.115256	28.434000	27.362881	0.561874
1.69	28.54	19.71	19.71	3.21	1.64	26.110070	28.430665	27.358593	0.561882
1.70	28.54	19.70	19.70	3.21	1.64	26.104885	28.427331	27.354307	0.561891
1.70	28.54	19.70	19.70	3.21	1.64	26.099702	28.423997	27.350021	0.561899
1.70	28.54	19.69	19.69	3.21	1.64	26.094520	28.420664	27.345736	0.561908
1.71	28.54	19.69	19.69	3.21	1.64	26.089339	28.417331	27.341451	0.561917
1.71	28.54	19.68	19.68	3.21	1.64	26.084159	28.413998	27.337168	0.561925
1.71	28.54	19.67	19.67	3.21	1.64	26.078981	28.410666	27.332885	0.561934
1.71	28.54	19.67	19.67	3.21	1.64	26.073804	28.407334	27.328604	0.561942
1.72	28.54	19.66	19.66	3.21	1.64	26.068628	28.404003	27.324323	0.561951
1.72	28.54	19.65	19.65	3.21	1.64	26.063453	28.400672	27.320042	0.561959
1.72	28.54	19.65	19.65	3.21	1.64	26.058280	28.397342	27.315763	0.561968
1.73	28.54	19.64	19.64	3.21	1.64	26.053108	28.394012	27.311485	0.561976
1.73	28.54	19.64	19.64	3.21	1.64	26.047937	28.390682	27.307207	0.561984
1.73	28.54	19.63	19.63	3.21	1.64	26.042767	28.387353	27.302930	0.561993
1.73	28.54	19.62	19.62	3.21	1.64	26.037599	28.384024	27.298654	0.562001
1.74	28.54	19.62	19.62	3.21	1.64	26.032432	28.380695	27.294379	0.562010
1.74	28.54	19.61	19.61	3.21	1.64	26.027267	28.377367	27.290104	0.562018
1.74	28.54	19.60	19.60	3.21	1.64	26.022102	28.374039	27.285831	0.562026
1.74	28.54	19.60	19.60	3.21	1.64	26.016939	28.370712	27.281558	0.562035
1.75	28.54	19.59	19.59	3.21	1.64	26.011777	28.367385	27.277286	0.562043
1.75	28.54	19.59	19.59	3.21	1.64	26.006617	28.364059	27.273015	0.562052
1.75	28.54	19.58	19.58	3.21	1.65	26.001458	28.360733	27.268744	0.562060
1.76	28.54	19.57	19.57	3.21	1.65	25.996300	28.357407	27.264475	0.562068
1.76	28.54	19.57	19.57	3.21	1.65	25.991143	28.354082	27.260206	0.562076
1.76	28.54	19.56	19.56	3.21	1.65	25.985988	28.350757	27.255938	0.562085
1.76	28.54	19.56	19.56	3.21	1.65	25.980833	28.347433	27.251671	0.562093
1.77	28.54	19.55	19.55	3.21	1.65	25.975681	28.344109	27.247405	0.562101
1.77	28.54	19.54	19.54	3.21	1.65	25.970529	28.340786	27.243140	0.562110
1.77	28.54	19.54	19.54	3.21	1.65	25.965379	28.337462	27.238876	0.562118
1.77	28.54	19.53	19.53	3.21	1.65	25.960230	28.334140	27.234612	0.562126
1.78	28.54	19.52	19.52	3.21	1.65	25.955083	28.330818	27.230349	0.562134
1.78	28.54	19.52	19.52	3.21	1.65	25.949936	28.327496	27.226087	0.562142
1.78	28.54	19.51	19.51	3.21	1.65	25.944791	28.324174	27.221826	0.562151
1.79	28.54	19.51	19.51	3.21	1.65	25.939648	28.320853	27.217566	0.562159
1.79	28.54	19.50	19.50	3.21	1.65	25.934505	28.317533	27.213306	0.562167
1.79	28.54	19.49	19.49	3.21	1.65	25.929364	28.314213	27.209048	0.562175
1.79	28.54	19.49	19.49	3.21	1.65	25.924225	28.310893	27.204790	0.562183
1.80	28.54	19.48	19.48	3.20	1.65	25.919086	28.307574	27.200533	0.562191
1.80	28.54	19.48	19.48	3.20	1.65	25.913949	28.304255	27.196277	0.562199
1.80	28.54	19.47	19.47	3.20	1.65	25.908813	28.300937	27.192022	0.562208
1.81	28.54	19.46	19.46	3.20	1.65	25.903679	28.297619	27.187768	0.562216
1.81	28.54	19.46	19.46	3.20	1.65	25.898546	28.294301	27.183514	0.562224
1.81	28.54	19.45	19.45	3.20	1.65	25.893414	28.290984	27.179262	0.562232
1.81	28.54	19.45	19.45	3.20	1.65	25.888284	28.287667	27.175010	0.562240
1.82	28.54	19.44	19.44	3.20	1.65	25.883154	28.284351	27.170759	0.562248
1.82	28.54	19.43	19.43	3.20	1.65	25.878027	28.281035	27.166509	0.562256
1.82	28.54	19.43	19.43	3.20	1.65	25.872900	28.277720	27.162260	0.562264
1.82	28.54	19.42	19.42	3.20	1.65	25.867775	28.274405	27.158012	0.562272
1.83	28.54	19.41	19.41	3.20	1.65	25.862651	28.271091	27.153764	0.562280
1.83	28.54	19.41	19.41	3.20	1.65	25.857529	28.267777	27.149518	0.562288
1.83	28.54	19.40	19.40	3.20	1.66	25.852408	28.264463	27.145272	0.562296
1.84	28.54	19.40	19.40	3.20	1.66	25.847288	28.261150	27.141027	0.562304
1.84	28.54	19.39	19.39	3.20	1.66	25.842169	28.257837	27.136783	0.562312
1.84	28.54	19.38	19.38	3.20	1.66	25.837052	28.254525	27.132540	0.562320
1.84	28.54	19.38	19.38	3.20	1.66	25.831936	28.251213	27.128298	0.562327
1.85	28.54	19.37	19.37	3.20	1.66	25.826822	28.247902	27.124057	0.562335
1.85	28.54	19.37	19.37	3.20	1.66	25.821709	28.244591	27.119816	0.562343
1.85	28.54	19.36	19.36	3.20	1.66	25.816597	28.241280	27.115577	0.562351
1.86	28.54	19.35	19.35	3.20	1.66	25.811487	28.237970	27.111338	0.562359
1.86	28.54	19.35	19.35	3.20	1.66	25.806378	28.234661	27.107100	0.562367
1.86	28.54	19.34	19.34	3.20	1.66	25.801270	28.231352	27.102863	0.562375
1.86	28.54	19.34	19.34	3.20	1.66	25.796164	28.228043	27.098627	0.562382
1.87	28.54	19.33	19.33	3.20	1.66	25.791059	28.224735	27.094392	0.562390
1.87	28.54	19.32	19.32	3.20	1.66	25.785955	28.221427	27.090157	0.562398
1.87	28.54	19.32	19.32	3.20	1.66	25.780853	28.218120	27.085924	0.562406
1.88	28.54	19.31	19.31	3.20	1.66	25.775752	28.214813	27.081691	0.562414
1.88	28.54	19.31	19.31	3.20	1.66	25.770653	28.211507	27.077460	0.562421
1.88	28.54	19.30	19.30	3.20	1.66	25.765555	28.208201	27.073229	0.562429
1.88	28.54	19.29	19.29	3.20	1.66	25.760458	28.204895	27.068999	0.562437
1.89	28.54	19.29	19.29	3.20	1.66	25.755362	28.201590	27.064770	0.562445
1.89	28.54	19.28	19.28	3.20	1.66	25.750268	28.198286	27.060542	0.562452
1.89	28.54	19.28	19.28	3.20	1.66	25.745176	28.194981	27.056315	0.562460
1.89	28.54	19.27	19.27	3.20	1.66	25.740084	28.191678	27.052089	0.562468
1.90	28.54	19.26	19.26	3.20	1.66	25.734995	28.188375	27.047863	0.562475
1.90	28.54	19.26	19.26	3.20	1.66	25.729906	28.185072	27.043639	0.562483
1.90	28.54	19.25	19.25	3.20	1.66	25.724819	28.181770	27.039415	0.562491
1.91	28.54	19.25	19.25	3.20	1.66	25.719733	28.178468	27.035192	0.562498
1.91	28.54	19.24	19.24	3.20	1.66	25.714649	28.175167	27.030970	0.562506
1.91	28.54	19.23	19.23	3.20	1.66	25.709566	28.171866	27.026750	0.562513
1.91	28.54	19.23	19.23	3.20	1.66	25.704484	28.168565	27.022530	0.562521
1.92	28.54	19.22	19.22	3.20	1.67	25.699404	28.165265	27.018310	0.562529
1.92	28.54	19.22	19.22	3.20	1.67	25.694325	28.161966	27.014092	0.562536
1.92	28.54	19.21	19.21	3.20	1.67	25.689248	28.158667	27.009875	0.562544
1.93	28.54	19.21	19.21	3.20	1.67	25.684171	28.155369	27.005659	0.562551
1.93	28.54	19.20	19.20	3.20	1.67	25.679097	28.152070	27.001443	0.562559
1.93	28.54	19.19	19.19	3.20	1.67	25.674024	28.148773	26.997229	0.562566
1.93	28.54	19.19	19.19	3.20	1.67	25.668952	28.145476	26.993015	0.562574
1.94	28.54	19.18	19.18	3.20	1.67	25.663881	28.142179	26.988802	0.562581
1.94	28.54	19.18	19.18	3.20	1.67	25.658812	28.138883	26.984590	0.562589
1.94	28.54	19.17	19.17	3.20	1.67	25.653744	28.135587	26.980379	0.562596
1.94	28.54	19.16	19.16	3.20	1.67	25.648678	28.132292	26.976170	0.562604
1.95	28.54	19.16	19.16	3.20	1.67	25.643613	28.128998	26.971960	0.562611
1.95	28.54	19.15	19.15	3.20	1.67	25.638550	28.125703	26.967752	0.562619
1.95	28.54	19.15	19.15	3.20	1.67	25.633488	28.122410	26.963545	0.562626
1.96	28.54	19.14	19.14	3.20	1.67	25.628427	28.119116	26.959339	0.562634
1.96	28.54	19.13	19.13	3.20	1.67	25.623368	28.115824	26.955133	0.562641
1.96	28.54	19.13	19.13	3.20	1.67	25.618310	28.112531	26.950929	0.562648
1.96	28.54	19.12	19.12	3.20	1.67	25.613254	28.109240	26.946726	0.562656
1.97	28.54	19.12	19.12	3.20	1.67	25.608199	28.105948	26.942523	0.562663
1.97	28.54	19.11	19.11	3.20	1.67	25.603145	28.102657	26.938321	0.562670
1.97	28.54	19.10	19.10	3.20	1.67	25.598093	28.099367	26.934121	0.562678
1.98	28.54	19.10	19.10	3.20	1.67	25.593043	28.096077	26.929921	0.562685
1.98	28.54	19.09	19.09	3.20	1.67	25.587993	28.092788	26.925722	0.562693
1.98	28.54	19.09	19.09	3.20	1.67	25.582945	28.089499	26.921524	0.562700
1.98	28.54	19.08	19.08	3.20	1.67	25.577899	28.086211	26.917327	0.562707
1.99	28.54	19.08	19.08	3.20	1.67	25.572854	28.082923	26.913131	0.562714
1.99	28.54	19.07	19.07	3.20	1.67	25.567810	28.079635	26.908936	0.562722
1.99	28.54	19.06	19.06	3.20	1.67	25.562768	28.076348	26.904742	0.562729
1.99	28.54	19.06	19.06	3.20	1.67	25.557728	28.073062	26.900548	0.562736
2.00	28.54	19.05	19.05	3.20	1.67	25.552688	28.069776	26.896356	0.562743
2.00	28.54	19.05	19.05	3.20	1.67	25.547651	28.066491	26.892165	0.562751
2.00	28.54	19.04	19.04	3.20	1.68	25.542614	28.063206	26.887974	0.562758
2.01	28.54	19.03	19.03	3.19	1.68	25.537579	28.059921	26.883785	0.562765
2.01	28.54	19.03	19.03	3.19	1.68	25.532546	28.056637	26.879597	0.562772
2.01	28.54	19.02	19.02	3.19	1.68	25.527514	28.053354	26.875409	0.562779
2.01	28.54	19.02	19.02	3.19	1.68	25.522483	28.050071	26.871222	0.562787
2.02	28.54	19.01	19.01	3.19	1.68	25.517454	28.046789	26.867037	0.562794
2.02	28.54	19.01	19.01	3.19	1.68	25.512426	28.043507	26.862852	0.562801
2.02	28.54	19.00	19.00	3.19	1.68	25.507400	28.040225	26.858668	0.562808
2.02	28.54	18.99	18.99	3.19	1.68	25.502375	28.036944	26.854486	0.562815
2.03	28.54	18.99	18.99	3.19	1.68	25.497352	28.033664	26.850304	0.562822
2.03	28.54	18.98	18.98	3.19	1.68	25.492330	28.030384	26.846123	0.562829
2.03	28.54	18.98	18.98	3.19	1.68	25.487310	28.027105	26.841943	0.562837
2.04	28.54	18.97	18.97	3.19	1.68	25.482291	28.023826	26.837764	0.562844
2.04	28.54	18.96	18.96	3.19	1.68	25.477273	28.020547	26.833586	0.562851
2.04	28.54	18.96	18.96	3.19	1.68	25.472257	28.017270	26.829409	0.562858
2.04	28.54	18.95	18.95	3.19	1.68	25.467242	28.013992	26.825233	0.562865
2.05	28.54	18.95	18.95	3.19	1.68	25.462229	28.010715	26.821058	0.562872
2.05	28.54	18.94	18.94	3.19	1.68	25.457218	28.007439	26.816884	0.562879
2.05	28.54	18.94	18.94	3.19	1.68	25.452208	28.004163	26.812711	0.562886
2.06	28.54	18.93	18.93	3.19	1.68	25.447199	28.000888	26.808538	0.562893
2.06	28.54	18.92	18.92	3.19	1.68	25.442192	27.997613	26.804367	0.562900
2.06	28.54	18.92	18.92	3.19	1.68	25.437186	27.994339	26.800197	0.562907
2.06	28.54	18.91	18.91	3.19	1.68	25.432182	27.991065	26.796028	0.562914
2.07	28.54	18.91	18.91	3.19	1.68	25.427179	27.987792	26.791859	0.562921
2.07	28.54	18.90	18.90	3.19	1.68	25.422178	27.984519	26.787692	0.562928
2.07	28.54	18.90	18.90	3.19	1.68	25.417178	27.981247	26.783526	0.562935
2.08	28.54	18.89	18.89	3.19	1.68	25.412179	27.977976	26.779360	0.562942
2.08	28.54	18.88	18.88	3.19	1.68	25.407182	27.974704	26.775196	0.562948
2.08	28.54	18.88	18.88	3.19	1.68	25.402187	27.971434	26.771033	0.562955
2.08	28.54	18.87	18.87	3.19	1.68	25.397193	27.968164	26.766870	0.562962
2.09	28.54	18.87	18.87	3.19	1.68	25.392201	27.964894	26.762709	0.562969
2.09	28.54	18.86	18.86	3.19	1.68	25.387210	27.961625	26.758548	0.562976
2.09	28.54	18.86	18.86	3.19	1.69	25.382220	27.958357	26.754389	0.562983
2.09	28.54	18.85	18.85	3.19	1.69	25.377233	27.955089	26.750231	0.562990
2.10	28.54	18.84	18.84	3.19	1.69	25.372246	27.951821	26.746073	0.562997
2.10	28.54	18.84	18.84	3.19	1.69	25.367261	27.948554	26.741917	0.563003
2.10	28.54	18.83	18.83	3.19	1.69	25.362278	27.945288	26.737761	0.563010
2.11	28.54	18.83	18.83	3.19	1.69	25.357296	27.942022	26.733607	0.563017
2.11	28.54	18.82	18.82	3.19	1.69	25.352315	27.938757	26.729453	0.563024
2.11	28.54	18.82	18.82	3.19	1.69	25.347337	27.935492	26.725301	0.563030
2.11	28.54	18.81	18.81	3.19	1.69	25.342359	27.932228	26.721149	0.563037
2.12	28.54	18.80	18.80	3.19	1.69	25.337383	27.928964	26.716999	0.563044
2.12	28.54	18.80	18.80	3.19	1.69	25.332409	27.925701	26.712849	0.563051
2.12	28.54	18.79	18.79	3.19	1.69	25.327436	27.922438	26.708701	0.563057
2.12	28.54	18.79	18.79	3.19	1.69	25.322465	27.919176	26.704553	0.563064
2.13	28.54	18.78	18.78	3.19	1.69	25.317495	27.915915	26.700407	0.563071
2.13	28.54	18.78	18.78	3.19	1.69	25.312526	27.912654	26.696261	0.563078
2.13	28.54	18.77	18.77	3.19	1.69	25.307560	27.909393	26.692117	0.563084
2.14	28.54	18.76	18.76	3.19	1.69	25.302594	27.906133	26.687973	0.563091
2.14	28.54	18.76	18.76	3.19	1.69	25.297631	27.902874	26.683831	0.563098
2.14	28.54	18.75	18.75	3.19	1.69	25.292668	27.899615	26.679689	0.563104
2.14	28.54	18.75	18.75	3.19	1.69	25.287708	27.896357	26.675549	0.563111
2.15	28.54	18.74	18.74	3.19	1.69	25.282748	27.893099	26.671410	0.563118
2.15	28.54	18.74	18.74	3.19	1.69	25.277791	27.889842	26.667271	0.563124
2.15	28.54	18.73	18.73	3.19	1.69	25.272835	27.886585	26.663134	0.563131
2.16	28.54	18.73	18.73	3.19	1.69	25.267880	27.883329	26.658997	0.563137
2.16	28.54	18.72	18.72	3.19	1.69	25.262927	27.880073	26.654862	0.563144
2.16	28.54	18.71	18.71	3.19	1.69	25.257975	27.876818	26.650728	0.563151
2.16	28.54	18.71	18.71	3.19	1.69	25.253025	27.873564	26.646594	0.563157
2.17	28.54	18.70	18.70	3.19	1.69	25.248077	27.870310	26.642462	0.563164
2.17	28.54	18.70	18.70	3.19	1.69	25.243130	27.867057	26.638331	0.563170
2.17	28.54	18.69	18.69	3.19	1.69	25.238185	27.863804	26.634201	0.563177
2.17	28.54	18.69	18.69	3.19	1.69	25.233241	27.860552	26.630071	0.563183
2.18	28.54	18.68	18.68	3.19	1.69	25.228299	27.857300	26.625943	0.563190
2.18	28.54	18.67	18.67	3.19	1.69	25.223358	27.854049	26.621816	0.563196
2.18	28.54	18.67	18.67	3.19	1.70	25.218419	27.850798	26.617690	0.563203
2.19	28.54	18.66	18.66	3.19	1.70	25.213481	27.847548	26.613565	0.563209
2.19	28.54	18.66	18.66	3.19	1.70	25.208545	27.844299	26.609441	0.563216
2.19	28.54	18.65	18.65	3.19	1.70	25.203610	27.841050	26.605318	0.563222
2.19	28.54	18.65	18.65	3.19	1.70	25.198677	27.837802	26.601196	0.563229
2.20	28.54	18.64	18.64	3.19	1.70	25.193746	27.834554	26.597075	0.563235
2.20	28.54	18.64	18.64	3.19	1.70	25.188816	27.831307	26.592955	0.563242
2.20	28.54	18.63	18.63	3.19	1.70	25.183888	27.828060	26.588836	0.563248
2.21	28.54	18.62	18.62	3.19	1.70	25.178961	27.824814	26.584718	0.563254
2.21	28.54	18.62	18.62	3.19	1.70	25.174036	27.821569	26.580601	0.563261
2.21	28.54	18.61	18.61	3.19	1.70	25.169112	27.818324	26.576486	0.563267
2.21	28.54	18.61	18.61	3.19	1.70	25.164190	27.815080	26.572371	0.563273
2.22	28.54	18.60	18.60	3.18	1.70	25.159270	27.811836	26.568257	0.563280
2.22	28.54	18.60	18.60	3.18	1.70	25.154351	27.808593	26.564145	0.563286
2.22	28.54	18.59	18.59	3.18	1.70	25.149434	27.805350	26.560033	0.563293
2.23	28.54	18.59	18.59	3.18	1.70	25.144518	27.802108	26.555923	0.563299
2.23	28.54	18.58	18.58	3.18	1.70	25.139604	27.798866	26.551813	0.563305
2.23	28.54	18.58	18.58	3.18	1.70	25.134691	27.795626	26.547705	0.563312
2.23	28.54	18.57	18.57	3.18	1.70	25.129780	27.792385	26.543597	0.563318
2.24	28.54	18.56	18.56	3.18	1.70	25.124871	27.789146	26.539491	0.563324
2.24	28.54	18.56	18.56	3.18	1.70	25.119963	27.785906	26.535386	0.563330
2.24	28.54	18.55	18.55	3.18	1.70	25.115057	27.782668	26.531282	0.563337
2.24	28.54	18.55	18.55	3.18	1.70	25.110152	27.779430	26.527179	0.563343
2.25	28.54	18.54	18.54	3.18	1.70	25.105249	27.776192	26.523077	0.563349
2.25	28.54	18.54	18.54	3.18	1.70	25.100347	27.772955	26.518976	0.563355
2.25	28.54	18.53	18.53	3.18	1.70	25.095447	27.769719	26.514876	0.563362
2.26	28.54	18.53	18.53	3.18	1.70	25.090549	27.766484	26.510777	0.563368
2.26	28.54	18.52	18.52	3.18	1.70	25.085652	27.763248	26.506679	0.563374
2.26	28.54	18.51	18.51	3.18	1.70	25.080757	27.760014	26.502582	0.563380
2.26	28.54	18.51	18.51	3.18	1.70	25.075864	27.756780	26.498487	0.563386
2.27	28.54	18.50	18.50	3.18	1.70	25.070972	27.753547	26.494392	0.563393
2.27	28.54	18.50	18.50	3.18	1.70	25.066081	27.750314	26.490298	0.563399
2.27	28.54	18.49	18.49	3.18	1.70	25.061192	27.747082	26.486206	0.563405
2.27	28.54	18.49	18.49	3.18	1.70	25.056305	27.743850	26.482115	0.563411
2.28	28.54	18.48	18.48	3.18	1.70	25.051420	27.740619	26.478024	0.563417
2.28	28.54	18.48	18.48	3.18	1.71	25.046536	27.737389	26.473935	0.563423
2.28	28.54	18.47	18.47	3.18	1.71	25.041654	27.734159	26.469847	0.563429
2.29	28.54	18.47	18.47	3.18	1.71	25.036773	27.730930	26.465760	0.563436
2.29	28.54	18.46	18.46	3.18	1.71	25.031894	27.727701	26.461674	0.563442
2.29	28.54	18.45	18.45	3.18	1.71	25.027016	27.724473	26.457589	0.563448
2.29	28.54	18.45	18.45	3.18	1.71	25.022140	27.721246	26.453505	0.563454
2.30	28.54	18.44	18.44	3.18	1.71	25.017266	27.718019	26.449422	0.563460
2.30	28.54	18.44	18.44	3.18	1.71	25.012394	27.714793	26.445341	0.563466
2.30	28.54	18.43	18.43	3.18	1.71	25.007522	27.711567	26.441260	0.563472
2.31	28.54	18.43	18.43	3.18	1.71	25.002653	27.708342	26.437181	0.563478
2.31	28.54	18.42	18.42	3.18	1.71	24.997785	27.705118	26.433102	0.563484
2.31	28.54	18.42	18.42	3.18	1.71	24.992919	27.701894	26.429025	0.563490
2.31	28.54	18.41	18.41	3.18	1.71	24.988055	27.698671	26.424949	0.563496
2.32	28.54	18.41	18.41	3.18	1.71	24.983192	27.695448	26.420874	0.563502
2.32	28.54	18.40	18.40	3.18	1.71	24.978331	27.692226	26.416800	0.563508
2.32	28.54	18.40	18.40	3.18	1.71	24.973471	27.689005	26.412727	0.563514
2.33	28.54	18.39	18.39	3.18	1.71	24.968613	27.685784	26.408655	0.563520
2.33	28.54	18.38	18.38	3.18	1.71	24.963757	27.682564	26.404584	0.563526
2.33	28.54	18.38	18.38	3.18	1.71	24.958902	27.679344	26.400515	0.563532
2.33	28.54	18.37	18.37	3.18	1.71	24.954049	27.676126	26.396446	0.563538
2.34	28.54	18.37	18.37	3.18	1.71	24.949197	27.672907	26.392379	0.563544
2.34	28.54	18.36	18.36	3.18	1.71	24.944348	27.669689	26.388312	0.563549
2.34	28.54	18.36	18.36	3.18	1.71	24.939499	27.666472	26.384247	0.563555
2.34	28.54	18.35	18.35	3.18	1.71	24.934653	27.663256	26.380183	0.563561
2.35	28.54	18.35	18.35	3.18	1.71	24.929808	27.660040	26.376120	0.563567
2.35	28.54	18.34	18.34	3.18	1.71	24.924965	27.656825	26.372058	0.563573
2.35	28.54	18.34	18.34	3.18	1.71	24.920123	27.653610	26.367997	0.563579
2.36	28.54	18.33	18.33	3.18	1.71	24.915283	27.650396	26.363938	0.563585
2.36	28.54	18.33	18.33	3.18	1.71	24.910445	27.647183	26.359879	0.563591
2.36	28.54	18.32	18.32	3.18	1.71	24.905609	27.643970	26.355822	0.563596
2.36	28.54	18.31	18.31	3.18	1.71	24.900774	27.640758	26.351765	0.563602
2.37	28.54	18.31	18.31	3.18	1.71	24.895940	27.637546	26.347710	0.563608
2.37	28.54	18.30	18.30	3.18	1.71	24.891109	27.634335	26.343656	0.563614
2.37	28.54	18.30	18.30	3.18	1.71	24.886279	27.631125	26.339603	0.563620
2.38	28.54	18.29	18.29	3.18	1.71	24.881450	27.627915	26.335551	0.563625
2.38	28.54	18.29	18.29	3.18	1.72	24.876624	27.624706	26.331500	0.563631
2.38	28.54	18.28	18.28	3.18	1.72	24.871799	27.621498	26.327451	0.563637
2.38	28.54	18.28	18.28	3.18	1.72	24.866976	27.618290	26.323402	0.563643
2.39	28.54	18.27	18.27	3.18	1.72	24.862154	27.615083	26.319355	0.563648
2.39	28.54	18.27	18.27	3.18	1.72	24.857334	27.611877	26.315309	0.563654
2.39	28.54	18.26	18.26	3.18	1.72	24.852516	27.608671	26.311264	0.563660
2.39	28.54	18.26	18.26	3.18	1.72	24.847699	27.605465	26.307220	0.563665
2.40	28.54	18.25	18.25	3.18	1.72	24.842884	27.602261	26.303177	0.563671
2.40	28.54	18.25	18.25	3.18	1.72	24.838071	27.599057	26.299135	0.563677
2.40	28.54	18.24	18.24	3.18	1.72	24.833259	27.595853	26.295095	0.563683
2.41	28.54	18.24	18.24	3.18	1.72	24.828449	27.592651	26.291055	0.563688
2.41	28.54	18.23	18.23	3.18	1.72	24.823641	27.589449	26.287017	0.563694
2.41	28.54	18.23	18.23	3.18	1.72	24.818835	27.586247	26.282980	0.563699
2.41	28.54	18.22	18.22	3.18	1.72	24.814030	27.583046	26.278944	0.563705
2.42	28.54	18.21	18.21	3.18	1.72	24.809227	27.579846	26.274909	0.563711
2.42	28.54	18.21	18.21	3.18	1.72	24.804425	27.576647	26.270875	0.563716
2.42	28.54	18.20	18.20	3.18	1.72	24.799626	27.573448	26.266843	0.563722
2.42	28.54	18.20	18.20	3.18	1.72	24.794828	27.570250	26.262811	0.563728
2.43	28.54	18.19	18.19	3.18	1.72	24.790031	27.567052	26.258781	0.563733
2.43	28.54	18.19	18.19	3.17	1.72	24.785236	27.563855	26.254752	0.563739
2.43	28.54	18.18	18.18	3.17	1.72	24.780443	27.560659	26.250724	0.563744
2.44	28.54	18.18	18.18	3.17	1.72	24.775652	27.557463	26.246697	0.563750
2.44	28.54	18.17	18.17	3.17	1.72	24.770863	27.554268	26.242671	0.563755
2.44	28.54	18.17	18.17	3.17	1.72	24.766075	27.551074	26.238647	0.563761
2.44	28.54	18.16	18.16	3.17	1.72	24.761289	27.547880	26.234623	0.563766
2.45	28.54	18.16	18.16	3.17	1.72	24.756504	27.544687	26.230601	0.563772
2.45	28.54	18.15	18.15	3.17	1.72	24.751721	27.541495	26.226580	0.563777
2.45	28.54	18.15	18.15	3.17	1.72	24.746940	27.538303	26.222560	0.563783
2.46	28.54	18.14	18.14	3.17	1.72	24.742161	27.535112	26.218541	0.563788
2.46	28.54	18.14	18.14	3.17	1.72	24.737383	27.531921	26.214524	0.563794
2.46	28.54	18.13	18.13	3.17	1.72	24.732608	27.528731	26.210507	0.563799
2.46	28.54	18.13	18.13	3.17	1.72	24.727833	27.525542	26.206492	0.563805
2.47	28.54	18.12	18.12	3.17	1.72	24.723061	27.522354	26.202478	0.563810
2.47	28.54	18.12	18.12	3.17	1.72	24.718290	27.519166	26.198465	0.563816
2.47	28.54	18.11	18.11	3.17	1.72	24.713521	27.515979	26.194453	0.563821
2.48	28.54	18.11	18.11	3.17	1.72	24.708754	27.512792	26.190443	0.563827
2.48	28.54	18.10	18.10	3.17	1.72	24.703988	27.509607	26.186433	0.563832
2.48	28.54	18.09	18.09	3.17	1.72	24.699224	27.506421	26.182425	0.563837
2.48	28.54	18.09	18.09	3.17	1.73	24.694462	27.503237	26.178418	0.563843
2.49	28.54	18.08	18.08	3.17	1.73	24.689702	27.500053	26.174412	0.563848
2.49	28.54	18.08	18.08	3.17	1.73	24.684943	27.496870	26.170407	0.563854
2.49	28.54	18.07	18.07	3.17	1.73	24.680186	27.493687	26.166404	0.563859
2.49	28.54	18.07	18.07	3.17	1.73	24.675431	27.490506	26.162401	0.563864
2.50	28.54	18.06	18.06	3.17	1.73	24.670678	27.487324	26.158400	0.563870
2.50	28.54	18.06	18.06	3.17	1.73	24.665926	27.484144	26.154400	0.563875
2.50	28.54	18.05	18.05	3.17	1.73	24.661176	27.480964	26.150401	0.563880
2.51	28.54	18.05	18.05	3.17	1.73	24.656428	27.477785	26.146403	0.563886
2.51	28.54	18.04	18.04	3.17	1.73	24.651681	27.474606	26.142407	0.563891
2.51	28.54	18.04	18.04	3.17	1.73	24.646936	27.471429	26.138412	0.563896
2.51	28.54	18.03	18.03	3.17	1.73	24.642193	27.468251	26.134417	0.563902
2.52	28.54	18.03	18.03	3.17	1.73	24.637452	27.465075	26.130425	0.563907
2.52	28.54	18.02	18.02	3.17	1.73	24.632713	27.461899	26.126433	0.563912
2.52	28.54	18.02	18.02	3.17	1.73	24.627975	27.458724	26.122442	0.563917
2.52	28.54	18.01	18.01	3.17	1.73	24.623239	27.455550	26.118453	0.563923
2.53	28.54	18.01	18.01	3.17	1.73	24.618505	27.452376	26.114465	0.563928
2.53	28.54	18.00	18.00	3.17	1.73	24.613772	27.449203	26.110478	0.563933
2.53	28.54	18.00	18.00	3.17	1.73	24.609042	27.446030	26.106492	0.563938
2.54	28.54	17.99	17.99	3.17	1.73	24.604313	27.442859	26.102507	0.563943
2.54	28.54	17.99	17.99	3.17	1.73	24.599585	27.439688	26.098524	0.563949
2.54	28.54	17.98	17.98	3.17	1.73	24.594860	27.436517	26.094542	0.563954
2.54	28.54	17.98	17.98	3.17	1.73	24.590136	27.433347	26.090561	0.563959
2.55	28.54	17.97	17.97	3.17	1.73	24.585414	27.430179	26.086581	0.563964
2.55	28.54	17.97	17.97	3.17	1.73	24.580694	27.427010	26.082603	0.563969
2.55	28.54	17.96	17.96	3.17	1.73	24.575976	27.423843	26.078625	0.563975
2.56	28.54	17.96	17.96	3.17	1.73	24.571259	27.420676	26.074649	0.563980
2.56	28.54	17.95	17.95	3.17	1.73	24.566544	27.417509	26.070674	0.563985
2.56	28.54	17.95	17.95	3.17	1.73	24.561831	27.414344	26.066700	0.563990
2.56	28.54	17.94	17.94	3.17	1.73	24.557120	27.411179	26.062728	0.563995
2.57	28.54	17.94	17.94	3.17	1.73	24.552410	27.408015	26.058757	0.564000
2.57	28.54	17.93	17.93	3.17	1.73	24.547703	27.404851	26.054787	0.564005
2.57	28.54	17.93	17.93	3.17	1.73	24.542997	27.401689	26.050818	0.564010
2.58	28.54	17.92	17.92	3.17	1.73	24.538293	27.398527	26.046850	0.564015
2.58	28.54	17.92	17.92	3.17	1.73	24.533590	27.395365	26.042884	0.564021
2.58	28.54	17.91	17.91	3.17	1.73	24.528890	27.392205	26.038918	0.564026
2.58	28.54	17.91	17.91	3.17	1.73	24.524191	27.389045	26.034954	0.564031
2.59	28.54	17.90	17.90	3.17	1.73	24.519494	27.385885	26.030991	0.564036
2.59	28.54	17.90	17.90	3.17	1.74	24.514799	27.382727	26.027030	0.564041
2.59	28.54	17.89	17.89	3.17	1.74	24.510105	27.379569	26.023070	0.564046
2.59	28.54	17.89	17.89	3.17	1.74	24.505413	27.376412	26.019110	0.564051
2.60	28.54	17.88	17.88	3.17	1.74	24.500724	27.373255	26.015153	0.564056
2.60	28.54	17.88	17.88	3.17	1.74	24.496036	27.370099	26.011196	0.564061
2.60	28.54	17.87	17.87	3.17	1.74	24.491349	27.366944	26.007240	0.564066
2.61	28.54	17.87	17.87	3.17	1.74	24.486665	27.363790	26.003286	0.564071
2.61	28.54	17.86	17.86	3.17	1.74	24.481982	27.360636	25.999333	0.564076
2.61	28.54	17.86	17.86	3.17	1.74	24.477301	27.357483	25.995382	0.564081
2.61	28.54	17.85	17.85	3.17	1.74	24.472622	27.354331	25.991431	0.564086
2.62	28.54	17.85	17.85	3.17	1.74	24.467945	27.351180	25.987482	0.564091
2.62	28.54	17.84	17.84	3.17	1.74	24.463270	27.348029	25.983534	0.564096
2.62	28.54	17.84	17.84	3.17	1.74	24.458596	27.344879	25.979587	0.564100
2.62	28.54	17.83	17.83	3.17	1.74	24.453924	27.341729	25.975641	0.564105
2.63	28.54	17.83	17.83	3.17	1.74	24.449254	27.338581	25.971697	0.564110
2.63	28.54	17.82	17.82	3.17	1.74	24.444586	27.335433	25.967754	0.564115
2.63	28.54	17.82	17.82	3.17	1.74	24.439920	27.332286	25.963812	0.564120
2.64	28.54	17.81	17.81	3.17	1.74	24.435255	27.329139	25.959872	0.564125
2.64	28.54	17.81	17.81	3.17	1.74	24.430593	27.325993	25.955932	0.564130
2.64	28.54	17.80	17.80	3.17	1.74	24.425932	27.322848	25.951994	0.564135
2.64	28.54	17.80	17.80	3.17	1.74	24.421273	27.319704	25.948057	0.564140
2.65	28.54	17.79	17.79	3.17	1.74	24.416615	27.316560	25.944122	0.564144
2.65	28.54	17.79	17.79	3.17	1.74	24.411960	27.313417	25.940187	0.564149
2.65	28.54	17.78	17.78	3.16	1.74	24.407306	27.310275	25.936254	0.564154
2.66	28.54	17.78	17.78	3.16	1.74	24.402655	27.307134	25.932322	0.564159
2.66	28.54	17.77	17.77	3.16	1.74	24.398005	27.303993	25.928392	0.564164
2.66	28.54	17.77	17.77	3.16	1.74	24.393356	27.300853	25.924462	0.564168
2.66	28.54	17.76	17.76	3.16	1.74	24.388710	27.297714	25.920534	0.564173
2.67	28.54	17.76	17.76	3.16	1.74	24.384066	27.294575	25.916608	0.564178
2.67	28.54	17.75	17.75	3.16	1.74	24.379423	27.291437	25.912682	0.564183
2.67	28.54	17.75	17.75	3.16	1.74	24.374782	27.288300	25.908758	0.564188
2.67	28.54	17.74	17.74	3.16	1.74	24.370144	27.285164	25.904835	0.564192
2.68	28.54	17.74	17.74	3.16	1.74	24.365506	27.282028	25.900913	0.564197
2.68	28.54	17.74	17.74	3.16	1.74	24.360871	27.278893	25.896992	0.564202
2.68	28.54	17.73	17.73	3.16	1.74	24.356238	27.275759	25.893073	0.564206
2.69	28.54	17.73	17.73	3.16	1.74	24.351606	27.272625	25.889155	0.564211
2.69	28.54	17.72	17.72	3.16	1.74	24.346977	27.269493	25.885239	0.564216
2.69	28.54	17.72	17.72	3.16	1.74	24.342349	27.266361	25.881323	0.564221
2.69	28.54	17.71	17.71	3.16	1.74	24.337723	27.263230	25.877409	0.564225
2.70	28.54	17.71	17.71	3.16	1.74	24.333099	27.260099	25.873496	0.564230
2.70	28.54	17.70	17.70	3.16	1.74	24.328476	27.256969	25.869584	0.564235
2.70	28.54	17.70	17.70	3.16	1.75	24.323856	27.253840	25.865674	0.564239
2.71	28.54	17.69	17.69	3.16	1.75	24.319238	27.250712	25.861765	0.564244
2.71	28.54	17.69	17.69	3.16	1.75	24.314621	27.247585	25.857857	0.564249
2.71	28.54	17.68	17.68	3.16	1.75	24.310006	27.244458	25.853951	0.564253
2.71	28.54	17.68	17.68	3.16	1.75	24.305393	27.241332	25.850046	0.564258
2.72	28.54	17.67	17.67	3.16	1.75	24.300782	27.238206	25.846142	0.564262
2.72	28.54	17.67	17.67	3.16	1.75	24.296173	27.235082	25.842239	0.564267
2.72	28.54	17.66	17.66	3.16	1.75	24.291565	27.231958	25.838338	0.564272
2.73	28.54	17.66	17.66	3.16	1.75	24.286960	27.228835	25.834438	0.564276
2.73	28.54	17.65	17.65	3.16	1.75	24.282356	27.225713	25.830539	0.564281
2.73	28.54	17.65	17.65	3.16	1.75	24.277755	27.222591	25.826641	0.564285
2.73	28.54	17.64	17.64	3.16	1.75	24.273155	27.219470	25.822745	0.564290
2.74	28.54	17.64	17.64	3.16	1.75	24.268557	27.216350	25.818850	0.564295
2.74	28.54	17.63	17.63	3.16	1.75	24.263961	27.213231	25.814957	0.564299
2.74	28.54	17.63	17.63	3.16	1.75	24.259366	27.210113	25.811064	0.564304
2.74	28.54	17.62	17.62	3.16	1.75	24.254774	27.206995	25.807173	0.564308
2.75	28.54	17.62	17.62	3.16	1.75	24.250184	27.203878	25.803283	0.564313
2.75	28.54	17.62	17.62	3.16	1.75	24.245595	27.200761	25.799395	0.564317
2.75	28.54	17.61	17.61	3.16	1.75	24.241008	27.197646	25.795508	0.564322
2.76	28.54	17.61	17.61	3.16	1.75	24.236423	27.194531	25.791622	0.564326
2.76	28.54	17.60	17.60	3.16	1.75	24.231841	27.191417	25.787738	0.564331
2.76	28.54	17.60	17.60	3.16	1.75	24.227259	27.188304	25.783854	0.564335
2.76	28.54	17.59	17.59	3.16	1.75	24.222680	27.185192	25.779972	0.564340
2.77	28.54	17.59	17.59	3.16	1.75	24.218103	27.182080	25.776092	0.564344
2.77	28.54	17.58	17.58	3.16	1.75	24.213528	27.178969	25.772212	0.564349
2.77	28.54	17.58	17.58	3.16	1.75	24.208954	27.175859	25.768334	0.564353
2.77	28.54	17.57	17.57	3.16	1.75	24.204383	27.172749	25.764458	0.564357
2.78	28.54	17.57	17.57	3.16	1.75	24.199813	27.169641	25.760582	0.564362
2.78	28.54	17.56	17.56	3.16	1.75	24.195245	27.166533	25.756708	0.564366
2.78	28.54	17.56	17.56	3.16	1.75	24.190680	27.163426	25.752836	0.564371
2.79	28.54	17.55	17.55	3.16	1.75	24.186116	27.160319	25.748964	0.564375
2.79	28.54	17.55	17.55	3.16	1.75	24.181554	27.157214	25.745094	0.564380
2.79	28.54	17.54	17.54	3.16	1.75	24.176994	27.154109	25.741225	0.564384
2.79	28.54	17.54	17.54	3.16	1.75	24.172435	27.151005	25.737358	0.564388
2.80	28.54	17.54	17.54	3.16	1.75	24.167879	27.147902	25.733492	0.564393
2.80	28.54	17.53	17.53	3.16	1.75	24.163325	27.144799	25.729627	0.564397
2.80	28.54	17.53	17.53	3.16	1.75	24.158772	27.141698	25.725763	0.564401
2.81	28.54	17.52	17.52	3.16	1.75	24.154222	27.138597	25.721901	0.564406
2.81	28.54	17.52	17.52	3.16	1.75	24.149673	27.135497	25.718040	0.564410
2.81	28.54	17.51	17.51	3.16	1.75	24.145126	27.132397	25.714181	0.564414
2.81	28.54	17.51	17.51	3.16	1.75	24.140582	27.129299	25.710322	0.564419
2.82	28.54	17.50	17.50	3.16	1.75	24.136039	27.126201	25.706465	0.564423
2.82	28.54	17.50	17.50	3.16	1.76	24.131498	27.123104	25.702610	0.564427
2.82	28.54	17.49	17.49	3.16	1.76	24.126959	27.120008	25.698756	0.564432
2.83	28.54	17.49	17.49	3.16	1.76	24.122422	27.116912	25.694903	0.564436
2.83	28.54	17.48	17.48	3.16	1.76	24.117887	27.113818	25.691051	0.564440
2.83	28.54	17.48	17.48	3.16	1.76	24.113353	27.110724	25.687201	0.564444
2.83	28.54	17.48	17.48	3.16	1.76	24.108822	27.107631	25.683352	0.564449
2.84	28.54	17.47	17.47	3.16	1.76	24.104293	27.104538	25.679505	0.564453
2.84	28.54	17.47	17.47	3.16	1.76	24.099765	27.101447	25.675658	0.564457
2.84	28.54	17.46	17.46	3.16	1.76	24.095240	27.098356	25.671814	0.564461
2.84	28.54	17.46	17.46	3.16	1.76	24.090716	27.095266	25.667970	0.564466
2.85	28.54	17.45	17.45	3.16	1.76	24.086195	27.092177	25.664128	0.564470
2.85	28.54	17.45	17.45	3.16	1.76	24.081675	27.089089	25.660287	0.564474
2.85	28.54	17.44	17.44	3.16	1.76	24.077157	27.086001	25.656448	0.564478
2.86	28.54	17.44	17.44	3.16	1.76	24.072642	27.082915	25.652609	0.564482
2.86	28.54	17.43	17.43	3.16	1.76	24.068128	27.079829	25.648773	0.564487
2.86	28.54	17.43	17.43	3.16	1.76	24.063616	27.076743	25.644937	0.564491
2.86	28.54	17.42	17.42	3.16	1.76	24.059106	27.073659	25.641103	0.564495
2.87	28.54	17.42	17.42	3.16	1.76	24.054598	27.070576	25.637270	0.564499
2.87	28.54	17.42	17.42	3.16	1.76	24.050092	27.067493	25.633439	0.564503
2.87	28.54	17.41	17.41	3.16	1.76	24.045588	27.064411	25.629609	0.564507
2.88	28.54	17.41	17.41	3.16	1.76	24.041086	27.061330	25.625780	0.564511
2.88	28.54	17.40	17.40	3.16	1.76	24.036586	27.058249	25.621953	0.564516
2.88	28.54	17.40	17.40	3.15	1.76	24.032088	27.055170	25.618127	0.564520
2.88	28.54	17.39	17.39	3.15	1.76	24.027591	27.052091	25.614302	0.564524
2.89	28.54	17.39	17.39	3.15	1.76	24.023097	27.049013	25.610479	0.564528
2.89	28.54	17.38	17.38	3.15	1.76	24.018605	27.045936	25.606657	0.564532
2.89	28.54	17.38	17.38	3.15	1.76	24.014115	27.042860	25.602837	0.564536
2.89	28.54	17.37	17.37	3.15	1.76	24.009626	27.039784	25.599018	0.564540
2.90	28.54	17.37	17.37	3.15	1.76	24.005140	27.036709	25.595200	0.564544
2.90	28.54	17.37	17.37	3.15	1.76	24.000655	27.033636	25.591384	0.564548
2.90	28.54	17.36	17.36	3.15	1.76	23.996173	27.030562	25.587568	0.564552
2.91	28.54	17.36	17.36	3.15	1.76	23.991693	27.027490	25.583755	0.564556
2.91	28.54	17.35	17.35	3.15	1.76	23.987214	27.024419	25.579943	0.564560
2.91	28.54	17.35	17.35	3.15	1.76	23.982738	27.021348	25.576132	0.564564
2.91	28.54	17.34	17.34	3.15	1.76	23.978263	27.018278	25.572322	0.564568
2.92	28.54	17.34	17.34	3.15	1.76	23.973791	27.015209	25.568514	0.564572
2.92	28.54	17.33	17.33	3.15	1.76	23.969320	27.012141	25.564707	0.564576
2.92	28.54	17.33	17.33	3.15	1.76	23.964851	27.009074	25.560902	0.564580
2.92	28.54	17.33	17.33	3.15	1.76	23.960385	27.006007	25.557098	0.564584
2.93	28.54	17.32	17.32	3.15	1.76	23.955920	27.002942	25.553295	0.564588
2.93	28.54	17.32	17.32	3.15	1.76	23.951458	26.999877	25.549494	0.564592
2.93	28.54	17.31	17.31	3.15	1.76	23.946997	26.996813	25.545694	0.564596
2.94	28.54	17.31	17.31	3.15	1.76	23.942538	26.993749	25.541895	0.564600
2.94	28.54	17.30	17.30	3.15	1.76	23.938082	26.990687	25.538098	0.564604
2.94	28.54	17.30	17.30	3.15	1.76	23.933627	26.987625	25.534303	0.564608
2.94	28.54	17.29	17.29	3.15	1.77	23.929175	26.984564	25.530508	0.564612
2.95	28.54	17.29	17.29	3.15	1.77	23.924724	26.981505	25.526715	0.564616
2.95	28.54	17.29	17.29	3.15	1.77	23.920275	26.978445	25.522924	0.564620
2.95	28.54	17.28	17.28	3.15	1.77	23.915829	26.975387	25.519134	0.564624
2.96	28.54	17.28	17.28	3.15	1.77	23.911384	26.972330	25.515345	0.564628
2.96	28.54	17.27	17.27	3.15	1.77	23.906941	26.969273	25.511558	0.564631
2.96	28.54	17.27	17.27	3.15	1.77	23.902501	26.966217	25.507772	0.564635
2.96	28.54	17.26	17.26	3.15	1.77	23.898062	26.963162	25.503987	0.564639
2.97	28.54	17.26	17.26	3.15	1.77	23.893626	26.960108	25.500204	0.564643
2.97	28.54	17.25	17.25	3.15	1.77	23.889191	26.957055	25.496422	0.564647
2.97	28.54	17.25	17.25	3.15	1.77	23.884758	26.954002	25.492642	0.564651
2.98	28.54	17.25	17.25	3.15	1.77	23.880328	26.950951	25.488863	0.564655
2.98	28.54	17.24	17.24	3.15	1.77	23.875899	26.947900	25.485085	0.564658
2.98	28.54	17.24	17.24	3.15	1.77	23.871473	26.944850	25.481309	0.564662
2.98	28.54	17.23	17.23	3.15	1.77	23.867048	26.941801	25.477534	0.564666
2.99	28.54	17.23	17.23	3.15	1.77	23.862626	26.938753	25.473761	0.564670
2.99	28.54	17.22	17.22	3.15	1.77	23.858205	26.935705	25.469989	0.564674
2.99	28.54	17.22	17.22	3.15	1.77	23.853787	26.932659	25.466219	0.564677
2.99	28.54	17.22	17.22	3.15	1.77	23.849370	26.929613	25.462449	0.564681
3.00	28.54	17.21	17.21	3.15	1.77	23.844956	26.926568	25.458682	0.564685
3.00	28.54	17.21	17.21	3.15	1.77	23.840544	26.923524	25.454915	0.564689
3.00	28.54	17.20	17.20	3.15	1.77	23.836133	26.920481	25.451151	0.564692
3.01	28.54	17.20	17.20	3.15	1.77	23.831725	26.917439	25.447387	0.564696
3.01	28.54	17.19	17.19	3.15	1.77	23.827319	26.914397	25.443625	0.564700
3.01	28.54	17.19	17.19	3.15	1.77	23.822915	26.911356	25.439865	0.564704
3.01	28.54	17.19	17.19	3.15	1.77	23.818512	26.908317	25.436105	0.564707
3.02	28.54	17.18	17.18	3.15	1.77	23.814112	26.905278	25.432348	0.564711
3.02	28.54	17.18	17.18	3.15	1.77	23.809714	26.902240	25.428591	0.564715
3.02	28.54	17.17	17.17	3.15	1.77	23.805318	26.899202	25.424836	0.564718
3.02	28.54	17.17	17.17	3.15	1.77	23.800924	26.896166	25.421083	0.564722
3.03	28.54	17.16	17.16	3.15	1.77	23.796532	26.893130	25.417331	0.564726
3.03	28.54	17.16	17.16	3.15	1.77	23.792142	26.890096	25.413580	0.564729
3.03	28.54	17.15	17.15	3.15	1.77	23.787754	26.887062	25.409831	0.564733
3.04	28.54	17.15	17.15	3.15	1.77	23.783368	26.884029	25.406083	0.564737
3.04	28.54	17.15	17.15	3.15	1.77	23.778985	26.880997	25.402337	0.564740
3.04	28.54	17.14	17.14	3.15	1.77	23.774603	26.877966	25.398592	0.564744
3.04	28.54	17.14	17.14	3.15	1.77	23.770223	26.874935	25.394849	0.564748
3.05	28.54	17.13	17.13	3.15	1.77	23.765846	26.871906	25.391107	0.564751
3.05	28.54	17.13	17.13	3.15	1.77	23.761470	26.868877	25.387366	0.564755
3.05	28.54	17.13	17.13	3.15	1.77	23.757096	26.865850	25.383627	0.564759
3.06	28.54	17.12	17.12	3.15	1.77	23.752725	26.862823	25.379889	0.564762
3.06	28.54	17.12	17.12	3.15	1.77	23.748356	26.859797	25.376153	0.564766
3.06	28.54	17.11	17.11	3.15	1.77	23.743988	26.856771	25.372418	0.564769
3.06	28.54	17.11	17.11	3.15	1.77	23.739623	26.853747	25.368685	0.564773
3.07	28.54	17.10	17.10	3.15	1.77	23.735260	26.850724	25.364953	0.564776
3.07	28.54	17.10	17.10	3.15	1.77	23.730899	26.847701	25.361222	0.564780
3.07	28.54	17.10	17.10	3.15	1.77	23.726540	26.844680	25.357493	0.564784
3.08	28.54	17.09	17.09	3.15	1.78	23.722183	26.841659	25.353766	0.564787
3.08	28.54	17.09	17.09	3.15	1.78	23.717828	26.838639	25.350040	0.564791
3.08	28.54	17.08	17.08	3.15	1.78	23.713475	26.835620	25.346315	0.564794
3.08	28.54	17.08	17.08	3.15	1.78	23.709124	26.832602	25.342592	0.564798
3.09	28.54	17.07	17.07	3.15	1.78	23.704775	26.829584	25.338870	0.564801
3.09	28.54	17.07	17.07	3.15	1.78	23.700429	26.826568	25.335150	0.564805
3.09	28.54	17.07	17.07	3.15	1.78	23.696084	26.823552	25.331431	0.564808
3.09	28.54	17.06	17.06	3.15	1.78	23.691742	26.820538	25.327713	0.564812
3.10	28.54	17.06	17.06	3.15	1.78	23.687401	26.817524	25.323997	0.564815
3.10	28.54	17.05	17.05	3.15	1.78	23.683063	26.814511	25.320283	0.564819
3.10	28.54	17.05	17.05	3.15	1.78	23.678727	26.811499	25.316570	0.564822
3.11	28.54	17.05	17.05	3.15	1.78	23.674393	26.808488	25.312858	0.564826
3.11	28.54	17.04	17.04	3.15	1.78	23.670061	26.805478	25.309148	0.564829
3.11	28.54	17.04	17.04	3.15	1.78	23.665731	26.802468	25.305440	0.564832
3.11	28.54	17.03	17.03	3.15	1.78	23.661403	26.799460	25.301733	0.564836
3.12	28.54	17.03	17.03	3.14	1.78	23.657077	26.796452	25.298027	0.564839
3.12	28.54	17.02	17.02	3.14	1.78	23.652754	26.793445	25.294323	0.564843
3.12	28.54	17.02	17.02	3.14	1.78	23.648432	26.790440	25.290620	0.564846
3.12	28.54	17.02	17.02	3.14	1.78	23.644113	26.787435	25.286919	0.564850
3.13	28.54	17.01	17.01	3.14	1.78	23.639795	26.784431	25.283219	0.564853
3.13	28.54	17.01	17.01	3.14	1.78	23.635480	26.781428	25.279520	0.564856
3.13	28.54	17.00	17.00	3.14	1.78	23.631167	26.778425	25.275824	0.564860
3.14	28.54	17.00	17.00	3.14	1.78	23.626856	26.775424	25.272128	0.564863
3.14	28.54	17.00	17.00	3.14	1.78	23.622547	26.772424	25.268434	0.564866
3.14	28.54	16.99	16.99	3.14	1.78	23.618240	26.769424	25.264742	0.564870
3.14	28.54	16.99	16.99	3.14	1.78	23.613936	26.766425	25.261051	0.564873
3.15	28.54	16.98	16.98	3.14	1.78	23.609633	26.763428	25.257362	0.564876
3.15	28.54	16.98	16.98	3.14	1.78	23.605333	26.760431	25.253674	0.564880
3.15	28.54	16.98	16.98	3.14	1.78	23.601034	26.757435	25.249987	0.564883
3.16	28.54	16.97	16.97	3.14	1.78	23.596738	26.754440	25.246302	0.564886
3.16	28.54	16.97	16.97	3.14	1.78	23.592444	26.751446	25.242619	0.564890
3.16	28.54	16.96	16.96	3.14	1.78	23.588152	26.748452	25.238937	0.564893
3.16	28.54	16.96	16.96	3.14	1.78	23.583862	26.745460	25.235256	0.564896
3.17	28.54	16.95	16.95	3.14	1.78	23.579574	26.742469	25.231577	0.564900
3.17	28.54	16.95	16.95	3.14	1.78	23.575289	26.739478	25.227900	0.564903
3.17	28.54	16.95	16.95	3.14	1.78	23.571005	26.736488	25.224224	0.564906
3.17	28.54	16.94	16.94	3.14	1.78	23.566724	26.733500	25.220549	0.564909
3.18	28.54	16.94	16.94	3.14	1.78	23.562444	26.730512	25.216876	0.564913
3.18	28.54	16.93	16.93	3.14	1.78	23.558167	26.727525	25.213204	0.564916
3.18	28.54	16.93	16.93	3.14	1.78	23.553892	26.724539	25.209534	0.564919
3.19	28.54	16.93	16.93	3.14	1.78	23.549619	26.721554	25.205866	0.564922
3.19	28.54	16.92	16.92	3.14	1.78	23.545349	26.718570	25.202199	0.564926
3.19	28.54	16.92	16.92	3.14	1.78	23.541080	26.715587	25.198533	0.564929
3.19	28.54	16.91	16.91	3.14	1.78	23.536814	26.712604	25.194869	0.564932
3.20	28.54	16.91	16.91	3.14	1.78	23.532549	26.709623	25.191207	0.564935
3.20	28.54	16.91	16.91	3.14	1.78	23.528287	26.706642	25.187546	0.564938
3.20	28.54	16.90	16.90	3.14	1.78	23.524027	26.703663	25.183886	0.564942
3.21	28.54	16.90	16.90	3.14	1.78	23.519769	26.700684	25.180228	0.564945
3.21	28.54	16.89	16.89	3.14	1.78	23.515513	26.697706	25.176572	0.564948
3.21	28.54	16.89	16.89	3.14	1.79	23.511260	26.694730	25.172917	0.564951
3.21	28.54	16.89	16.89	3.14	1.79	23.507008	26.691754	25.169263	0.564954
3.22	28.54	16.88	16.88	3.14	1.79	23.502759	26.688779	25.165611	0.564957
3.22	28.54	16.88	16.88	3.14	1.79	23.498512	26.685805	25.161961	0.564961
3.22	28.54	16.87	16.87	3.14	1.79	23.494267	26.682832	25.158312	0.564964
3.23	28.54	16.87	16.87	3.14	1.79	23.490024	26.679859	25.154665	0.564967
3.23	28.54	16.87	16.87	3.14	1.79	23.485783	26.676888	25.151019	0.564970
3.23	28.54	16.86	16.86	3.14	1.79	23.481545	26.673918	25.147374	0.564973
3.23	28.54	16.86	16.86	3.14	1.79	23.477309	26.670948	25.143731	0.564976
3.24	28.54	16.85	16.85	3.14	1.79	23.473074	26.667980	25.140090	0.564979
3.24	28.54	16.85	16.85	3.14	1.79	23.468842	26.665012	25.136450	0.564982
3.24	28.54	16.85	16.85	3.14	1.79	23.464612	26.662046	25.132812	0.564985
3.24	28.54	16.84	16.84	3.14	1.79	23.460385	26.659080	25.129175	0.564989
3.25	28.54	16.84	16.84	3.14	1.79	23.456159	26.656115	25.125540	0.564992
3.25	28.54	16.83	16.83	3.14	1.79	23.451936	26.653152	25.121906	0.564995
3.25	28.54	16.83	16.83	3.14	1.79	23.447715	26.650189	25.118274	0.564998
3.26	28.54	16.83	16.83	3.14	1.79	23.443496	26.647227	25.114644	0.565001
3.26	28.54	16.82	16.82	3.14	1.79	23.439279	26.644266	25.111015	0.565004
3.26	28.54	16.82	16.82	3.14	1.79	23.435064	26.641306	25.107387	0.565007
3.26	28.54	16.82	16.82	3.14	1.79	23.430852	26.638347	25.103761	0.565010
3.27	28.54	16.81	16.81	3.14	1.79	23.426641	26.635389	25.100137	0.565013
3.27	28.54	16.81	16.81	3.14	1.79	23.422433	26.632431	25.096514	0.565016
3.27	28.54	16.80	16.80	3.14	1.79	23.418227	26.629475	25.092892	0.565019
3.27	28.54	16.80	16.80	3.14	1.79	23.414023	26.626520	25.089272	0.565022
3.28	28.54	16.80	16.80	3.14	1.79	23.409822	26.623565	25.085654	0.565025
3.28	28.54	16.79	16.79	3.14	1.79	23.405622	26.620612	25.082037	0.565028
3.28	28.54	16.79	16.79	3.14	1.79	23.401425	26.617659	25.078422	0.565031
3.29	28.54	16.78	16.78	3.14	1.79	23.397230	26.614708	25.074808	0.565034
3.29	28.54	16.78	16.78	3.14	1.79	23.393037	26.611757	25.071196	0.565037
3.29	28.54	16.78	16.78	3.14	1.79	23.388847	26.608808	25.067586	0.565040
3.29	28.54	16.77	16.77	3.14	1.79	23.384658	26.605859	25.063977	0.565043
3.30	28.54	16.77	16.77	3.14	1.79	23.380472	26.602911	25.060369	0.565046
3.30	28.54	16.77	16.77	3.14	1.79	23.376288	26.599964	25.056763	0.565048
3.30	28.54	16.76	16.76	3.14	1.79	23.372106	26.597019	25.053159	0.565051
3.31	28.54	16.76	16.76	3.14	1.79	23.367926	26.594074	25.049556	0.565054
3.31	28.54	16.75	16.75	3.14	1.79	23.363749	26.591130	25.045955	0.565057
3.31	28.54	16.75	16.75	3.14	1.79	23.359573	26.588187	25.042355	0.565060
3.31	28.54	16.75	16.75	3.14	1.79	23.355400	26.585245	25.038757	0.565063
3.32	28.54	16.74	16.74	3.14	1.79	23.351229	26.582304	25.035160	0.565066
3.32	28.54	16.74	16.74	3.14	1.79	23.347061	26.579364	25.031565	0.565069
3.32	28.54	16.73	16.73	3.14	1.79	23.342894	26.576424	25.027972	0.565072
3.33	28.54	16.73	16.73	3.14	1.79	23.338730	26.573486	25.024380	0.565074
3.33	28.54	16.73	16.73	3.14	1.79	23.334568	26.570549	25.020790	0.565077
3.33	28.54	16.72	16.72	3.14	1.79	23.330408	26.567613	25.017201	0.565080
3.33	28.54	16.72	16.72	3.14	1.79	23.326251	26.564678	25.013614	0.565083
3.34	28.54	16.72	16.72	3.14	1.79	23.322095	26.561743	25.010028	0.565086
3.34	28.54	16.71	16.71	3.14	1.79	23.317942	26.558810	25.006444	0.565089
3.34	28.54	16.71	16.71	3.14	1.79	23.313791	26.555878	25.002862	0.565091
3.34	28.54	16.70	16.70	3.14	1.79	23.309642	26.552946	24.999281	0.565094
3.35	28.54	16.70	16.70	3.14	1.79	23.305496	26.550016	24.995701	0.565097
3.35	28.54	16.70	16.70	3.14	1.79	23.301352	26.547086	24.992124	0.565100
3.35	28.54	16.69	16.69	3.14	1.79	23.297209	26.544158	24.988547	0.565103
3.36	28.54	16.69	16.69	3.14	1.79	23.293070	26.541230	24.984973	0.565105
3.36	28.54	16.69	16.69	3.14	1.79	23.288932	26.538304	24.981400	0.565108
3.36	28.54	16.68	16.68	3.13	1.80	23.284797	26.535378	24.977828	0.565111
3.36	28.54	16.68	16.68	3.13	1.80	23.280663	26.532453	24.974258	0.565114
3.37	28.54	16.67	16.67	3.13	1.80	23.276533	26.529530	24.970690	0.565116
3.37	28.54	16.67	16.67	3.13	1.80	23.272404	26.526607	24.967123	0.565119
3.37	28.54	16.67	16.67	3.13	1.80	23.268277	26.523686	24.963558	0.565122
3.38	28.54	16.66	16.66	3.13	1.80	23.264153	26.520765	24.959995	0.565125
3.38	28.54	16.66	16.66	3.13	1.80	23.260031	26.517845	24.956433	0.565127
3.38	28.54	16.66	16.66	3.13	1.80	23.255911	26.514926	24.952873	0.565130
3.38	28.54	16.65	16.65	3.13	1.80	23.251794	26.512009	24.949314	0.565133
3.39	28.54	16.65	16.65	3.13	1.80	23.247679	26.509092	24.945757	0.565136
3.39	28.54	16.64	16.64	3.13	1.80	23.243566	26.506176	24.942201	0.565138
3.39	28.54	16.64	16.64	3.13	1.80	23.239455	26.503261	24.938647	0.565141
3.39	28.54	16.64	16.64	3.13	1.80	23.235346	26.500348	24.935095	0.565144
3.40	28.54	16.63	16.63	3.13	1.80	23.231240	26.497435	24.931544	0.565146
3.40	28.54	16.63	16.63	3.13	1.80	23.227136	26.494523	24.927995	0.565149
3.40	28.54	16.63	16.63	3.13	1.80	23.223034	26.491612	24.924447	0.565152
3.41	28.54	16.62	16.62	3.13	1.80	23.218935	26.488702	24.920901	0.565154
3.41	28.54	16.62	16.62	3.13	1.80	23.214838	26.485793	24.917357	0.565157
3.41	28.54	16.62	16.62	3.13	1.80	23.210743	26.482886	24.913814	0.565159
3.41	28.54	16.61	16.61	3.13	1.80	23.206650	26.479979	24.910273	0.565162
3.42	28.54	16.61	16.61	3.13	1.80	23.202559	26.477073	24.906733	0.565165
3.42	28.54	16.60	16.60	3.13	1.80	23.198471	26.474168	24.903195	0.565167
3.42	28.54	16.60	16.60	3.13	1.80	23.194385	26.471264	24.899659	0.565170
3.42	28.54	16.60	16.60	3.13	1.80	23.190301	26.468361	24.896124	0.565173
3.43	28.54	16.59	16.59	3.13	1.80	23.186220	26.465459	24.892591	0.565175
3.43	28.54	16.59	16.59	3.13	1.80	23.182141	26.462558	24.889059	0.565178
3.43	28.54	16.59	16.59	3.13	1.80	23.178064	26.459658	24.885529	0.565180
3.44	28.54	16.58	16.58	3.13	1.80	23.173989	26.456760	24.882001	0.565183
3.44	28.54	16.58	16.58	3.13	1.80	23.169917	26.453862	24.878474	0.565185
3.44	28.54	16.58	16.58	3.13	1.80	23.165847	26.450965	24.874949	0.565188
3.44	28.54	16.57	16.57	3.13	1.80	23.161779	26.448069	24.871426	0.565191
3.45	28.54	16.57	16.57	3.13	1.80	23.157714	26.445174	24.867904	0.565193
3.45	28.54	16.56	16.56	3.13	1.80	23.153650	26.442280	24.864384	0.565196
3.45	28.54	16.56	16.56	3.13	1.80	23.149589	26.439387	24.860865	0.565198
3.46	28.54	16.56	16.56	3.13	1.80	23.145531	26.436496	24.857348	0.565201
3.46	28.54	16.55	16.55	3.13	1.80	23.141474	26.433605	24.853833	0.565203
3.46	28.54	16.55	16.55	3.13	1.80	23.137420	26.430715	24.850319	0.565206
3.46	28.54	16.55	16.55	3.13	1.80	23.133368	26.427826	24.846807	0.565208
3.47	28.54	16.54	16.54	3.13	1.80	23.129319	26.424938	24.843296	0.565211
3.47	28.54	16.54	16.54	3.13	1.80	23.125271	26.422051	24.839788	0.565213
3.47	28.54	16.54	16.54	3.13	1.80	23.121226	26.419166	24.836280	0.565216
3.48	28.54	16.53	16.53	3.13	1.80	23.117184	26.416281	24.832775	0.565218
3.48	28.54	16.53	16.53	3.13	1.80	23.113143	26.413397	24.829271	0.565221
3.48	28.54	16.53	16.53	3.13	1.80	23.109105	26.410514	24.825769	0.565223
3.48	28.54	16.52	16.52	3.13	1.80	23.105069	26.407633	24.822268	0.565226
3.49	28.54	16.52	16.52	3.13	1.80	23.101036	26.404752	24.818769	0.565228
3.49	28.54	16.51	16.51	3.13	1.80	23.097005	26.401872	24.815271	0.565230
3.49	28.54	16.51	16.51	3.13	1.80	23.092976	26.398994	24.811776	0.565233
3.49	28.54	16.51	16.51	3.13	1.80	23.088949	26.396116	24.808281	0.565235
3.50	28.54	16.50	16.50	3.13	1.80	23.084925	26.393239	24.804789	0.565238
3.50	28.54	16.50	16.50	3.13	1.80	23.080903	26.390364	24.801298	0.565240
3.50	28.54	16.50	16.50	3.13	1.80	23.076883	26.387489	24.797809	0.565242
3.51	28.54	16.49	16.49	3.13	1.80	23.072866	26.384616	24.794321	0.565245
3.51	28.54	16.49	16.49	3.13	1.80	23.068850	26.381743	24.790835	0.565247
3.51	28.54	16.49	16.49	3.13	1.80	23.064838	26.378872	24.787351	0.565250
3.51	28.54	16.48	16.48	3.13	1.80	23.060827	26.376001	24.783869	0.565252
3.52	28.54	16.48	16.48	3.13	1.80	23.056819	26.373132	24.780388	0.565254
3.52	28.54	16.48	16.48	3.13	1.81	23.052813	26.370263	24.776908	0.565257
3.52	28.54	16.47	16.47	3.13	1.81	23.048810	26.367396	24.773431	0.565259
3.52	28.54	16.47	16.47	3.13	1.81	23.044808	26.364530	24.769955	0.565261
3.53	28.54	16.47	16.47	3.13	1.81	23.040809	26.361664	24.766480	0.565264
3.53	28.54	16.46	16.46	3.13	1.81	23.036813	26.358800	24.763007	0.565266
3.53	28.54	16.46	16.46	3.13	1.81	23.032819	26.355937	24.759536	0.565268
3.54	28.54	16.46	16.46	3.13	1.81	23.028827	26.353075	24.756067	0.565271
3.54	28.54	16.45	16.45	3.13	1.81	23.024837	26.350214	24.752599	0.565273
3.54	28.54	16.45	16.45	3.13	1.81	23.020850	26.347353	24.749133	0.565275
3.54	28.54	16.45	16.45	3.13	1.81	23.016865	26.344494	24.745669	0.565278
3.55	28.54	16.44	16.44	3.13	1.81	23.012882	26.341636	24.742206	0.565280
3.55	28.54	16.44	16.44	3.13	1.81	23.008902	26.338779	24.738745	0.565282
3.55	28.54	16.44	16.44	3.13	1.81	23.004924	26.335923	24.735286	0.565285
3.56	28.54	16.43	16.43	3.13	1.81	23.000948	26.333068	24.731828	0.565287
3.56	28.54	16.43	16.43	3.13	1.81	22.996975	26.330215	24.728372	0.565289
3.56	28.54	16.43	16.43	3.13	1.81	22.993004	26.327362	24.724917	0.565291
3.56	28.54	16.42	16.42	3.13	1.81	22.989035	26.324510	24.721465	0.565294
3.57	28.54	16.42	16.42	3.13	1.81	22.985069	26.321659	24.718014	0.565296
3.57	28.54	16.42	16.42	3.13	1.81	22.981105	26.318810	24.714564	0.565298
3.57	28.54	16.41	16.41	3.13	1.81	22.977143	26.315961	24.711116	0.565300
3.58	28.54	16.41	16.41	3.13	1.81	22.973184	26.313113	24.707670	0.565302
3.58	28.54	16.41	16.41	3.13	1.81	22.969227	26.310267	24.704226	0.565305
3.58	28.54	16.40	16.40	3.13	1.81	22.965273	26.307421	24.700783	0.565307
3.58	28.54	16.40	16.40	3.13	1.81	22.961320	26.304577	24.697342	0.565309
3.59	28.54	16.39	16.39	3.13	1.81	22.957371	26.301734	24.693903	0.565311
3.59	28.54	16.39	16.39	3.13	1.81	22.953423	26.298891	24.690465	0.565313
3.59	28.54	16.39	16.39	3.13	1.81	22.949478	26.296050	24.687029	0.565316
3.59	28.54	16.38	16.38	3.13	1.81	22.945535	26.293210	24.683595	0.565318
3.60	28.54	16.38	16.38	3.13	1.81	22.941594	26.290371	24.680162	0.565320
3.60	28.54	16.38	16.38	3.13	1.81	22.937656	26.287533	24.676731	0.565322
3.60	28.54	16.37	16.37	3.13	1.81	22.933721	26.284695	24.673302	0.565324
3.61	28.54	16.37	16.37	3.13	1.81	22.929787	26.281860	24.669875	0.565326
3.61	28.54	16.37	16.37	3.13	1.81	22.925856	26.279025	24.666449	0.565329
3.61	28.54	16.37	16.37	3.13	1.81	22.921927	26.276191	24.663025	0.565331
3.61	28.54	16.36	16.36	3.13	1.81	22.918001	26.273358	24.659602	0.565333
3.62	28.54	16.36	16.36	3.12	1.81	22.914077	26.270526	24.656181	0.565335
3.62	28.54	16.36	16.36	3.12	1.81	22.910156	26.267696	24.652762	0.565337
3.62	28.54	16.35	16.35	3.12	1.81	22.906236	26.264866	24.649345	0.565339
3.62	28.54	16.35	16.35	3.12	1.81	22.902320	26.262038	24.645929	0.565341
3.63	28.54	16.35	16.35	3.12	1.81	22.898405	26.259210	24.642515	0.565343
3.63	28.54	16.34	16.34	3.12	1.81	22.894493	26.256384	24.639103	0.565345
3.63	28.54	16.34	16.34	3.12	1.81	22.890583	26.253558	24.635692	0.565348
3.64	28.54	16.34	16.34	3.12	1.81	22.886676	26.250734	24.632284	0.565350
3.64	28.54	16.33	16.33	3.12	1.81	22.882771	26.247911	24.628876	0.565352
3.64	28.54	16.33	16.33	3.12	1.81	22.878868	26.245089	24.625471	0.565354
3.64	28.54	16.33	16.33	3.12	1.81	22.874968	26.242268	24.622067	0.565356
3.65	28.54	16.32	16.32	3.12	1.81	22.871070	26.239448	24.618665	0.565358
3.65	28.54	16.32	16.32	3.12	1.81	22.867175	26.236629	24.615265	0.565360
3.65	28.54	16.32	16.32	3.12	1.81	22.863282	26.233811	24.611866	0.565362
3.66	28.54	16.31	16.31	3.12	1.81	22.859391	26.230995	24.608469	0.565364
3.66	28.54	16.31	16.31	3.12	1.81	22.855503	26.228179	24.605074	0.565366
3.66	28.54	16.31	16.31	3.12	1.81	22.851617	26.225364	24.601680	0.565368
3.66	28.54	16.30	16.30	3.12	1.81	22.847733	26.222551	24.598289	0.565370
3.67	28.54	16.30	16.30	3.12	1.81	22.843852	26.219738	24.594899	0.565372
3.67	28.54	16.30	16.30	3.12	1.81	22.839973	26.216927	24.591510	0.565374
3.67	28.54	16.29	16.29	3.12	1.81	22.836097	26.214117	24.588124	0.565376
3.67	28.54	16.29	16.29	3.12	1.81	22.832223	26.211308	24.584739	0.565378
3.68	28.54	16.29	16.29	3.12	1.81	22.828351	26.208500	24.581355	0.565380
3.68	28.54	16.28	16.28	3.12	1.81	22.824482	26.205693	24.577974	0.565382
3.68	28.54	16.28	16.28	3.12	1.81	22.820615	26.202887	24.574594	0.565384
3.69	28.54	16.28	16.28	3.12	1.81	22.816751	26.200082	24.571216	0.565386
3.69	28.54	16.27	16.27	3.12	1.81	22.812889	26.197278	24.567840	0.565388
3.69	28.54	16.27	16.27	3.12	1.82	22.809030	26.194476	24.564465	0.565390
3.69	28.54	16.27	16.27	3.12	1.82	22.805172	26.191674	24.561092	0.565392
3.70	28.54	16.27	16.27	3.12	1.82	22.801318	26.188874	24.557721	0.565394
3.70	28.54	16.26	16.26	3.12	1.82	22.797465	26.186074	24.554352	0.565395
3.70	28.54	16.26	16.26	3.12	1.82	22.793615	26.183276	24.550984	0.565397
3.71	28.54	16.26	16.26	3.12	1.82	22.789768	26.180479	24.547618	0.565399
3.71	28.54	16.25	16.25	3.12	1.82	22.785923	26.177683	24.544254	0.565401
3.71	28.54	16.25	16.25	3.12	1.82	22.782080	26.174888	24.540892	0.565403
3.71	28.54	16.25	16.25	3.12	1.82	22.778240	26.172094	24.537531	0.565405
3.72	28.54	16.24	16.24	3.12	1.82	22.774402	26.169301	24.534172	0.565407
3.72	28.54	16.24	16.24	3.12	1.82	22.770566	26.166510	24.530815	0.565409
3.72	28.54	16.24	16.24	3.12	1.82	22.766733	26.163719	24.527459	0.565411
3.73	28.54	16.23	16.23	3.12	1.82	22.762903	26.160930	24.524105	0.565412
3.73	28.54	16.23	16.23	3.12	1.82	22.759075	26.158141	24.520753	0.565414
3.73	28.54	16.23	16.23	3.12	1.82	22.755249	26.155354	24.517403	0.565416
3.73	28.54	16.22	16.22	3.12	1.82	22.751425	26.152568	24.514054	0.565418
3.74	28.54	16.22	16.22	3.12	1.82	22.747604	26.149783	24.510708	0.565420
3.74	28.54	16.22	16.22	3.12	1.82	22.743786	26.146999	24.507363	0.565422
3.74	28.54	16.22	16.22	3.12	1.82	22.739970	26.144216	24.504019	0.565423
3.74	28.54	16.21	16.21	3.12	1.82	22.736156	26.141435	24.500678	0.565425
3.75	28.54	16.21	16.21	3.12	1.82	22.732345	26.138654	24.497338	0.565427
3.75	28.54	16.21	16.21	3.12	1.82	22.728536	26.135874	24.494000	0.565429
3.75	28.54	16.20	16.20	3.12	1.82	22.724730	26.133096	24.490663	0.565431
3.76	28.54	16.20	16.20	3.12	1.82	22.720926	26.130319	24.487329	0.565432
3.76	28.54	16.20	16.20	3.12	1.82	22.717125	26.127543	24.483996	0.565434
3.76	28.54	16.19	16.19	3.12	1.82	22.713326	26.124768	24.480665	0.565436
3.76	28.54	16.19	16.19	3.12	1.82	22.709529	26.121994	24.477336	0.565438
3.77	28.54	16.19	16.19	3.12	1.82	22.705735	26.119221	24.474008	0.565440
3.77	28.54	16.18	16.18	3.12	1.82	22.701943	26.116449	24.470682	0.565441
3.77	28.54	16.18	16.18	3.12	1.82	22.698154	26.113679	24.467358	0.565443
3.77	28.54	16.18	16.18	3.12	1.82	22.694367	26.110909	24.464036	0.565445
3.78	28.54	16.18	16.18	3.12	1.82	22.690583	26.108141	24.460716	0.565447
3.78	28.54	16.17	16.17	3.12	1.82	22.686801	26.105374	24.457397	0.565448
3.78	28.54	16.17	16.17	3.12	1.82	22.683021	26.102607	24.454080	0.565450
3.79	28.54	16.17	16.17	3.12	1.82	22.679244	26.099843	24.450765	0.565452
3.79	28.54	16.16	16.16	3.12	1.82	22.675470	26.097079	24.447451	0.565453
3.79	28.54	16.16	16.16	3.12	1.82	22.671698	26.094316	24.444140	0.565455
3.79	28.54	16.16	16.16	3.12	1.82	22.667928	26.091554	24.440830	0.565457
3.80	28.54	16.15	16.15	3.12	1.82	22.664161	26.088794	24.437522	0.565458
3.80	28.54	16.15	16.15	3.12	1.82	22.660396	26.086035	24.434216	0.565460
3.80	28.54	16.15	16.15	3.12	1.82	22.656634	26.083276	24.430911	0.565462
3.81	28.54	16.15	16.15	3.12	1.82	22.652874	26.080519	24.427608	0.565464
3.81	28.54	16.14	16.14	3.12	1.82	22.649117	26.077763	24.424307	0.565465
3.81	28.54	16.14	16.14	3.12	1.82	22.645362	26.075008	24.421008	0.565467
3.81	28.54	16.14	16.14	3.12	1.82	22.641609	26.072255	24.417710	0.565468
3.82	28.54	16.13	16.13	3.12	1.82	22.637859	26.069502	24.414415	0.565470
3.82	28.54	16.13	16.13	3.12	1.82	22.634112	26.066751	24.411121	0.565472
3.82	28.54	16.13	16.13	3.12	1.82	22.630367	26.064001	24.407829	0.565473
3.83	28.54	16.13	16.13	3.12	1.82	22.626624	26.061251	24.404538	0.565475
3.83	28.54	16.12	16.12	3.12	1.82	22.622884	26.058503	24.401250	0.565477
3.83	28.54	16.12	16.12	3.12	1.82	22.619147	26.055757	24.397963	0.565478
3.83	28.54	16.12	16.12	3.12	1.82	22.615412	26.053011	24.394678	0.565480
3.84	28.54	16.11	16.11	3.12	1.82	22.611679	26.050266	24.391395	0.565481
3.84	28.54	16.11	16.11	3.12	1.82	22.607949	26.047523	24.388114	0.565483
3.84	28.54	16.11	16.11	3.12	1.82	22.604221	26.044780	24.384834	0.565485
3.84	28.54	16.11	16.11	3.12	1.82	22.600496	26.042039	24.381556	0.565486
3.85	28.54	16.10	16.10	3.12	1.82	22.596773	26.039299	24.378280	0.565488
3.85	28.54	16.10	16.10	3.12	1.82	22.593053	26.036560	24.375006	0.565489
3.85	28.54	16.10	16.10	3.12	1.82	22.589335	26.033823	24.371734	0.565491
3.86	28.54	16.09	16.09	3.12	1.82	22.585620	26.031086	24.368463	0.565492
3.86	28.54	16.09	16.09	3.12	1.82	22.581907	26.028351	24.365194	0.565494
3.86	28.54	16.09	16.09	3.12	1.82	22.578197	26.025616	24.361927	0.565496
3.86	28.54	16.09	16.09	3.12	1.82	22.574489	26.022883	24.358662	0.565497
3.87	28.54	16.08	16.08	3.12	1.82	22.570784	26.020151	24.355398	0.565499
3.87	28.54	16.08	16.08	3.12	1.82	22.567081	26.017420	24.352137	0.565500
3.87	28.54	16.08	16.08	3.12	1.82	22.563380	26.014691	24.348877	0.565502
3.88	28.54	16.07	16.07	3.12	1.82	22.559683	26.011962	24.345619	0.565503
3.88	28.54	16.07	16.07	3.12	1.82	22.555987	26.009235	24.342363	0.565505
3.88	28.54	16.07	16.07	3.12	1.83	22.552294	26.006509	24.339108	0.565506
3.88	28.54	16.07	16.07	3.11	1.83	22.548604	26.003784	24.335856	0.565508
3.89	28.54	16.06	16.06	3.11	1.83	22.544916	26.001060	24.332605	0.565509
3.89	28.54	16.06	16.06	3.11	1.83	22.541231	25.998337	24.329356	0.565511
3.89	28.54	16.06	16.06	3.11	1.83	22.537548	25.995615	24.326109	0.565512
3.89	28.54	16.05	16.05	3.11	1.83	22.533868	25.992895	24.322863	0.565514
3.90	28.54	16.05	16.05	3.11	1.83	22.530190	25.990176	24.319620	0.565515
3.90	28.54	16.05	16.05	3.11	1.83	22.526514	25.987457	24.316378	0.565516
3.90	28.54	16.05	16.05	3.11	1.83	22.522842	25.984741	24.313138	0.565518
3.91	28.54	16.04	16.04	3.11	1.83	22.519171	25.982025	24.309900	0.565519
3.91	28.54	16.04	16.04	3.11	1.83	22.515504	25.979310	24.306664	0.565521
3.91	28.54	16.04	16.04	3.11	1.83	22.511838	25.976597	24.303429	0.565522
3.91	28.54	16.03	16.03	3.11	1.83	22.508176	25.973884	24.300197	0.565524
3.92	28.54	16.03	16.03	3.11	1.83	22.504515	25.971173	24.296966	0.565525
3.92	28.54	16.03	16.03	3.11	1.83	22.500858	25.968463	24.293737	0.565526
3.92	28.54	16.03	16.03	3.11	1.83	22.497202	25.965755	24.290510	0.565528
3.92	28.54	16.02	16.02	3.11	1.83	22.493550	25.963047	24.287284	0.565529
3.93	28.54	16.02	16.02	3.11	1.83	22.489900	25.960341	24.284061	0.565531
3.93	28.54	16.02	16.02	3.11	1.83	22.486252	25.957635	24.280839	0.565532
3.93	28.54	16.02	16.02	3.11	1.83	22.482607	25.954931	24.277619	0.565533
3.94	28.54	16.01	16.01	3.11	1.83	22.478964	25.952228	24.274401	0.565535
3.94	28.54	16.01	16.01	3.11	1.83	22.475324	25.949527	24.271185	0.565536
3.94	28.54	16.01	16.01	3.11	1.83	22.471687	25.946826	24.267971	0.565537
3.94	28.54	16.00	16.00	3.11	1.83	22.468052	25.944127	24.264758	0.565539
3.95	28.54	16.00	16.00	3.11	1.83	22.464419	25.941428	24.261548	0.565540
3.95	28.54	16.00	16.00	3.11	1.83	22.460789	25.938731	24.258339	0.565542
3.95	28.54	16.00	16.00	3.11	1.83	22.457162	25.936036	24.255132	0.565543
3.96	28.54	15.99	15.99	3.11	1.83	22.453537	25.933341	24.251926	0.565544
3.96	28.54	15.99	15.99	3.11	1.83	22.449914	25.930647	24.248723	0.565546
3.96	28.54	15.99	15.99	3.11	1.83	22.446295	25.927955	24.245522	0.565547
3.96	28.54	15.99	15.99	3.11	1.83	22.442677	25.925264	24.242322	0.565548
3.97	28.54	15.98	15.98	3.11	1.83	22.439063	25.922574	24.239124	0.565549
3.97	28.54	15.98	15.98	3.11	1.83	22.435450	25.919885	24.235928	0.565551
3.97	28.54	15.98	15.98	3.11	1.83	22.431841	25.917198	24.232734	0.565552
3.98	28.54	15.98	15.98	3.11	1.83	22.428234	25.914511	24.229542	0.565553
3.98	28.54	15.97	15.97	3.11	1.83	22.424629	25.911826	24.226351	0.565555
3.98	28.54	15.97	15.97	3.11	1.83	22.421027	25.909142	24.223163	0.565556
3.98	28.54	15.97	15.97	3.11	1.83	22.417428	25.906459	24.219976	0.565557
3.99	28.54	15.96	15.96	3.11	1.83	22.413831	25.903778	24.216791	0.565558
3.99	28.54	15.96	15.96	3.11	1.83	22.410236	25.901097	24.213608	0.565560
3.99	28.54	15.96	15.96	3.11	1.83	22.406645	25.898418	24.210427	0.565561
3.99	28.54	15.96	15.96	3.11	1.83	22.403055	25.895740	24.207248	0.565562
4.00	28.54	15.95	15.95	3.11	1.83	22.399469	25.893063	24.204070	0.565563
4.00	28.54	15.95	15.95	3.11	1.83	22.395885	25.890388	24.200894	0.565565
4.00	28.54	15.95	15.95	3.11	1.83	22.392303	25.887713	24.197721	0.565566
4.01	28.54	15.95	15.95	3.11	1.83	22.388724	25.885040	24.194549	0.565567
4.01	28.54	15.94	15.94	3.11	1.83	22.385147	25.882368	24.191379	0.565568
4.01	28.54	15.94	15.94	3.11	1.83	22.381574	25.879697	24.188211	0.565569
4.01	28.54	15.94	15.94	3.11	1.83	22.378002	25.877027	24.185044	0.565571
4.02	28.54	15.94	15.94	3.11	1.83	22.374433	25.874359	24.181880	0.565572
4.02	28.54	15.93	15.93	3.11	1.83	22.370867	25.871692	24.178717	0.565573
4.02	28.54	15.93	15.93	3.11	1.83	22.367304	25.869025	24.175556	0.565574
4.03	28.54	15.93	15.93	3.11	1.83	22.363742	25.866361	24.172398	0.565575
4.03	28.54	15.93	15.93	3.11	1.83	22.360184	25.863697	24.169241	0.565577
4.03	28.54	15.92	15.92	3.11	1.83	22.356628	25.861035	24.166085	0.565578
4.03	28.54	15.92	15.92	3.11	1.83	22.353075	25.858373	24.162932	0.565579
4.04	28.54	15.92	15.92	3.11	1.83	22.349524	25.855713	24.159781	0.565580
4.04	28.54	15.92	15.92	3.11	1.83	22.345976	25.853055	24.156631	0.565581
4.04	28.54	15.91	15.91	3.11	1.83	22.342430	25.850397	24.153484	0.565582
4.04	28.54	15.91	15.91	3.11	1.83	22.338887	25.847741	24.150338	0.565583
4.05	28.54	15.91	15.91	3.11	1.83	22.335346	25.845085	24.147194	0.565584
4.05	28.54	15.91	15.91	3.11	1.83	22.331809	25.842431	24.144052	0.565586
4.05	28.54	15.90	15.90	3.11	1.83	22.328273	25.839779	24.140912	0.565587
4.06	28.54	15.90	15.90	3.11	1.83	22.324741	25.837127	24.137774	0.565588
4.06	28.54	15.90	15.90	3.11	1.83	22.321210	25.834477	24.134637	0.565589
4.06	28.54	15.90	15.90	3.11	1.83	22.317683	25.831828	24.131503	0.565590
4.06	28.54	15.89	15.89	3.11	1.83	22.314158	25.829180	24.128370	0.565591
4.07	28.54	15.89	15.89	3.11	1.83	22.310635	25.826533	24.125240	0.565592
4.07	28.54	15.89	15.89	3.11	1.83	22.307116	25.823888	24.122111	0.565593
4.07	28.54	15.89	15.89	3.11	1.83	22.303598	25.821243	24.118984	0.565594
4.08	28.54	15.88	15.88	3.11	1.83	22.300084	25.818600	24.115859	0.565595
4.08	28.54	15.88	15.88	3.11	1.83	22.296572	25.815959	24.112736	0.565596
4.08	28.54	15.88	15.88	3.11	1.83	22.293062	25.813318	24.109614	0.565597
4.08	28.54	15.88	15.88	3.11	1.83	22.289555	25.810679	24.106495	0.565599
4.09	28.54	15.87	15.87	3.11	1.83	22.286051	25.808041	24.103377	0.565600
4.09	28.54	15.87	15.87	3.11	1.83	22.282550	25.805404	24.100262	0.565601
4.09	28.54	15.87	15.87	3.11	1.84	22.279051	25.802768	24.097148	0.565602
4.09	28.54	15.87	15.87	3.11	1.84	22.275554	25.800134	24.094036	0.565603
4.10	28.54	15.86	15.86	3.11	1.84	22.272060	25.797500	24.090926	0.565604
4.10	28.54	15.86	15.86	3.11	1.84	22.268569	25.794868	24.087818	0.565605
4.10	28.54	15.86	15.86	3.11	1.84	22.265080	25.792238	24.084712	0.565606
4.11	28.54	15.86	15.86	3.11	1.84	22.261594	25.789608	24.081608	0.565607
4.11	28.54	15.85	15.85	3.11	1.84	22.258111	25.786980	24.078506	0.565608
4.11	28.54	15.85	15.85	3.11	1.84	22.254630	25.784353	24.075405	0.565609
4.11	28.54	15.85	15.85	3.11	1.84	22.251152	25.781727	24.072307	0.565610
4.12	28.54	15.85	15.85	3.11	1.84	22.247676	25.779102	24.069210	0.565611
4.12	28.54	15.84	15.84	3.11	1.84	22.244203	25.776479	24.066115	0.565612
4.12	28.54	15.84	15.84	3.11	1.84	22.240733	25.773857	24.063023	0.565612
4.12	28.54	15.84	15.84	3.11	1.84	22.237265	25.771236	24.059932	0.565613
4.13	28.54	15.84	15.84	3.11	1.84	22.233800	25.768616	24.056843	0.565614
4.13	28.54	15.83	15.83	3.11	1.84	22.230338	25.765998	24.053756	0.565615
4.13	28.54	15.83	15.83	3.11	1.84	22.226878	25.763381	24.050670	0.565616
4.14	28.54	15.83	15.83	3.11	1.84	22.223420	25.760765	24.047587	0.565617
4.14	28.54	15.83	15.83	3.11	1.84	22.219966	25.758150	24.044506	0.565618
4.14	28.54	15.83	15.83	3.11	1.84	22.216514	25.755537	24.041426	0.565619
4.14	28.54	15.82	15.82	3.11	1.84	22.213064	25.752925	24.038349	0.565620
4.15	28.54	15.82	15.82	3.11	1.84	22.209618	25.750314	24.035273	0.565621
4.15	28.54	15.82	15.82	3.11	1.84	22.206173	25.747704	24.032200	0.565622
4.15	28.54	15.82	15.82	3.11	1.84	22.202732	25.745096	24.029128	0.565623
4.16	28.54	15.81	15.81	3.11	1.84	22.199293	25.742488	24.026058	0.565624
4.16	28.54	15.81	15.81	3.11	1.84	22.195857	25.739883	24.022990	0.565624
4.16	28.54	15.81	15.81	3.11	1.84	22.192423	25.737278	24.019924	0.565625
4.16	28.54	15.81	15.81	3.11	1.84	22.188992	25.734674	24.016860	0.565626
4.17	28.54	15.80	15.80	3.11	1.84	22.185564	25.732072	24.013798	0.565627
4.17	28.54	15.80	15.80	3.10	1.84	22.182138	25.729471	24.010738	0.565628
4.17	28.54	15.80	15.80	3.10	1.84	22.178715	25.726872	24.007679	0.565629
4.17	28.54	15.80	15.80	3.10	1.84	22.175295	25.724273	24.004623	0.565630
4.18	28.54	15.80	15.80	3.10	1.84	22.171877	25.721676	24.001569	0.565630
4.18	28.54	15.79	15.79	3.10	1.84	22.168462	25.719080	23.998516	0.565631
4.18	28.54	15.79	15.79	3.10	1.84	22.165049	25.716485	23.995466	0.565632
4.19	28.54	15.79	15.79	3.10	1.84	22.161639	25.713892	23.992417	0.565633
4.19	28.54	15.79	15.79	3.10	1.84	22.158232	25.711300	23.989370	0.565634
4.19	28.54	15.78	15.78	3.10	1.84	22.154827	25.708709	23.986325	0.565635
4.19	28.54	15.78	15.78	3.10	1.84	22.151425	25.706119	23.983283	0.565635
4.20	28.54	15.78	15.78	3.10	1.84	22.148026	25.703531	23.980242	0.565636
4.20	28.54	15.78	15.78	3.10	1.84	22.144629	25.700944	23.977203	0.565637
4.20	28.54	15.78	15.78	3.10	1.84	22.141235	25.698358	23.974166	0.565638
4.21	28.54	15.77	15.77	3.10	1.84	22.137844	25.695773	23.971131	0.565638
4.21	28.54	15.77	15.77	3.10	1.84	22.134455	25.693190	23.968097	0.565639
4.21	28.54	15.77	15.77	3.10	1.84	22.131069	25.690608	23.965066	0.565640
4.21	28.54	15.77	15.77	3.10	1.84	22.127686	25.688027	23.962037	0.565641
4.22	28.54	15.76	15.76	3.10	1.84	22.124305	25.685448	23.959010	0.565642
4.22	28.54	15.76	15.76	3.10	1.84	22.120927	25.682869	23.955984	0.565642
4.22	28.54	15.76	15.76	3.10	1.84	22.117552	25.680292	23.952961	0.565643
4.22	28.54	15.76	15.76	3.10	1.84	22.114179	25.677717	23.949939	0.565644
4.23	28.54	15.76	15.76	3.10	1.84	22.110809	25.675142	23.946920	0.565644
4.23	28.54	15.75	15.75	3.10	1.84	22.107442	25.672569	23.943902	0.565645
4.23	28.54	15.75	15.75	3.10	1.84	22.104077	25.669997	23.940887	0.565646
4.24	28.54	15.75	15.75	3.10	1.84	22.100715	25.667427	23.937873	0.565647
4.24	28.54	15.75	15.75	3.10	1.84	22.097355	25.664857	23.934861	0.565647
4.24	28.54	15.74	15.74	3.10	1.84	22.093999	25.662289	23.931851	0.565648
4.24	28.54	15.74	15.74	3.10	1.84	22.090645	25.659722	23.928844	0.565649
4.25	28.54	15.74	15.74	3.10	1.84	22.087293	25.657157	23.925838	0.565649
4.25	28.54	15.74	15.74	3.10	1.84	22.083944	25.654593	23.922834	0.565650
4.25	28.54	15.74	15.74	3.10	1.84	22.080598	25.652030	23.919832	0.565651
4.26	28.54	15.73	15.73	3.10	1.84	22.077255	25.649468	23.916832	0.565651
4.26	28.54	15.73	15.73	3.10	1.84	22.073914	25.646908	23.913834	0.565652
4.26	28.54	15.73	15.73	3.10	1.84	22.070576	25.644348	23.910838	0.565653
4.26	28.54	15.73	15.73	3.10	1.84	22.067241	25.641791	23.907844	0.565653
4.27	28.54	15.73	15.73	3.10	1.84	22.063908	25.639234	23.904852	0.565654
4.27	28.54	15.72	15.72	3.10	1.84	22.060578	25.636679	23.901862	0.565655
4.27	28.54	15.72	15.72	3.10	1.84	22.057251	25.634125	23.898873	0.565655
4.28	28.54	15.72	15.72	3.10	1.84	22.053926	25.631572	23.895887	0.565656
4.28	28.54	15.72	15.72	3.10	1.84	22.050604	25.629021	23.892903	0.565657
4.28	28.54	15.71	15.71	3.10	1.84	22.047285	25.626471	23.889921	0.565657
4.28	28.54	15.71	15.71	3.10	1.84	22.043969	25.623922	23.886940	0.565658
4.29	28.54	15.71	15.71	3.10	1.84	22.040655	25.621374	23.883962	0.565658
4.29	28.54	15.71	15.71	3.10	1.84	22.037343	25.618828	23.880985	0.565659
4.29	28.54	15.71	15.71	3.10	1.84	22.034035	25.616283	23.878011	0.565660
4.29	28.54	15.70	15.70	3.10	1.84	22.030729	25.613739	23.875039	0.565660
4.30	28.54	15.70	15.70	3.10	1.84	22.027426	25.611197	23.872068	0.565661
4.30	28.54	15.70	15.70	3.10	1.84	22.024126	25.608656	23.869100	0.565661
4.30	28.54	15.70	15.70	3.10	1.84	22.020828	25.606116	23.866133	0.565662
4.31	28.54	15.70	15.70	3.10	1.84	22.017533	25.603578	23.863169	0.565663
4.31	28.54	15.69	15.69	3.10	1.84	22.014241	25.601041	23.860206	0.565663
4.31	28.54	15.69	15.69	3.10	1.84	22.010951	25.598505	23.857246	0.565664
4.31	28.54	15.69	15.69	3.10	1.84	22.007664	25.595970	23.854287	0.565664
4.32	28.54	15.69	15.69	3.10	1.84	22.004380	25.593437	23.851330	0.565665
4.32	28.54	15.69	15.69	3.10	1.84	22.001098	25.590905	23.848376	0.565665
4.32	28.54	15.68	15.68	3.10	1.84	21.997820	25.588374	23.845423	0.565666
4.33	28.54	15.68	15.68	3.10	1.84	21.994543	25.585845	23.842472	0.565666
4.33	28.54	15.68	15.68	3.10	1.84	21.991270	25.583317	23.839524	0.565667
4.33	28.54	15.68	15.68	3.10	1.84	21.987999	25.580790	23.836577	0.565667
4.33	28.54	15.68	15.68	3.10	1.84	21.984731	25.578265	23.833632	0.565668
4.34	28.54	15.67	15.67	3.10	1.84	21.981466	25.575741	23.830690	0.565668
4.34	28.54	15.67	15.67	3.10	1.85	21.978204	25.573218	23.827749	0.565669
4.34	28.54	15.67	15.67	3.10	1.85	21.974944	25.570696	23.824810	0.565669
4.34	28.54	15.67	15.67	3.10	1.85	21.971687	25.568176	23.821874	0.565670
4.35	28.54	15.67	15.67	3.10	1.85	21.968432	25.565657	23.818939	0.565670
4.35	28.54	15.66	15.66	3.10	1.85	21.965180	25.563139	23.816006	0.565671
4.35	28.54	15.66	15.66	3.10	1.85	21.961932	25.560623	23.813076	0.565671
4.36	28.54	15.66	15.66	3.10	1.85	21.958685	25.558108	23.810147	0.565672
4.36	28.54	15.66	15.66	3.10	1.85	21.955442	25.555594	23.807220	0.565672
4.36	28.54	15.66	15.66	3.10	1.85	21.952201	25.553082	23.804295	0.565673
4.36	28.54	15.65	15.65	3.10	1.85	21.948963	25.550571	23.801373	0.565673
4.37	28.54	15.65	15.65	3.10	1.85	21.945727	25.548061	23.798452	0.565674
4.37	28.54	15.65	15.65	3.10	1.85	21.942495	25.545553	23.795533	0.565674
4.37	28.54	15.65	15.65	3.10	1.85	21.939265	25.543046	23.792617	0.565674
4.38	28.54	15.65	15.65	3.10	1.85	21.936038	25.540540	23.789702	0.565675
4.38	28.54	15.64	15.64	3.10	1.85	21.932813	25.538036	23.786789	0.565675
4.38	28.54	15.64	15.64	3.10	1.85	21.929592	25.535533	23.783879	0.565676
4.38	28.54	15.64	15.64	3.10	1.85	21.926373	25.533031	23.780970	0.565676
4.39	28.54	15.64	15.64	3.10	1.85	21.923156	25.530530	23.778063	0.565677
4.39	28.54	15.64	15.64	3.10	1.85	21.919943	25.528031	23.775159	0.565677
4.39	28.54	15.64	15.64	3.10	1.85	21.916732	25.525533	23.772256	0.565677
4.39	28.54	15.63	15.63	3.10	1.85	21.913524	25.523037	23.769355	0.565678
4.40	28.54	15.63	15.63	3.10	1.85	21.910319	25.520542	23.766457	0.565678
4.40	28.54	15.63	15.63	3.10	1.85	21.907116	25.518048	23.763560	0.565678
4.40	28.54	15.63	15.63	3.10	1.85	21.903916	25.515555	23.760666	0.565679
4.41	28.54	15.63	15.63	3.10	1.85	21.900719	25.513064	23.757773	0.565679
4.41	28.54	15.62	15.62	3.10	1.85	21.897525	25.510574	23.754882	0.565680
4.41	28.54	15.62	15.62	3.10	1.85	21.894333	25.508086	23.751994	0.565680
4.41	28.54	15.62	15.62	3.10	1.85	21.891144	25.505599	23.749107	0.565680
4.42	28.54	15.62	15.62	3.10	1.85	21.887958	25.503113	23.746223	0.565681
4.42	28.54	15.62	15.62	3.10	1.85	21.884775	25.500628	23.743341	0.565681
4.42	28.54	15.61	15.61	3.10	1.85	21.881594	25.498145	23.740460	0.565681
4.42	28.54	15.61	15.61	3.10	1.85	21.878416	25.495663	23.737582	0.565682
4.43	28.54	15.61	15.61	3.10	1.85	21.875241	25.493183	23.734705	0.565682
4.43	28.54	15.61	15.61	3.10	1.85	21.872069	25.490703	23.731831	0.565682
4.43	28.54	15.61	15.61	3.10	1.85	21.868899	25.488226	23.728959	0.565682
4.44	28.54	15.61	15.61	3.10	1.85	21.865732	25.485749	23.726088	0.565683
4.44	28.54	15.60	15.60	3.10	1.85	21.862568	25.483274	23.723220	0.565683
4.44	28.54	15.60	15.60	3.10	1.85	21.859407	25.480800	23.720354	0.565683
4.44	28.54	15.60	15.60	3.10	1.85	21.856248	25.478328	23.717490	0.565684
4.45	28.54	15.60	15.60	3.10	1.85	21.853093	25.475856	23.714627	0.565684
4.45	28.54	15.60	15.60	3.10	1.85	21.849939	25.473387	23.711767	0.565684
4.45	28.54	15.60	15.60	3.10	1.85	21.846789	25.470918	23.708909	0.565684
4.46	28.54	15.59	15.59	3.10	1.85	21.843642	25.468451	23.706053	0.565685
4.46	28.54	15.59	15.59	3.10	1.85	21.840497	25.465985	23.703199	0.565685
4.46	28.54	15.59	15.59	3.10	1.85	21.837355	25.463521	23.700347	0.565685
4.46	28.54	15.59	15.59	3.10	1.85	21.834216	25.461058	23.697497	0.565685
4.47	28.54	15.59	15.59	3.10	1.85	21.831079	25.458596	23.694649	0.565686
4.47	28.54	15.58	15.58	3.10	1.85	21.827945	25.456136	23.691803	0.565686
4.47	28.54	15.58	15.58	3.09	1.85	21.824814	25.453677	23.688960	0.565686
4.47	28.54	15.58	15.58	3.09	1.85	21.821686	25.451219	23.686118	0.565686
4.48	28.54	15.58	15.58	3.09	1.85	21.818561	25.448763	23.683278	0.565687
4.48	28.54	15.58	15.58	3.09	1.85	21.815438	25.446308	23.680440	0.565687
4.48	28.54	15.58	15.58	3.09	1.85	21.812318	25.443854	23.677605	0.565687
4.49	28.54	15.57	15.57	3.09	1.85	21.809201	25.441402	23.674771	0.565687
4.49	28.54	15.57	15.57	3.09	1.85	21.806087	25.438951	23.671940	0.565687
4.49	28.54	15.57	15.57	3.09	1.85	21.802975	25.436501	23.669110	0.565688
4.49	28.54	15.57	15.57	3.09	1.85	21.799867	25.434053	23.666283	0.565688
4.50	28.54	15.57	15.57	3.09	1.85	21.796761	25.431606	23.663457	0.565688
4.50	28.54	15.57	15.57	3.09	1.85	21.793658	25.429161	23.660634	0.565688
4.50	28.54	15.56	15.56	3.09	1.85	21.790557	25.426717	23.657813	0.565688
4.51	28.54	15.56	15.56	3.09	1.85	21.787460	25.424274	23.654994	0.565688
4.51	28.54	15.56	15.56	3.09	1.85	21.784365	25.421832	23.652176	0.565689
4.51	28.54	15.56	15.56	3.09	1.85	21.781273	25.419392	23.649361	0.565689
4.51	28.54	15.56	15.56	3.09	1.85	21.778183	25.416954	23.646548	0.565689
4.52	28.54	15.56	15.56	3.09	1.85	21.775097	25.414516	23.643737	0.565689
4.52	28.54	15.55	15.55	3.09	1.85	21.772013	25.412080	23.640928	0.565689
4.52	28.54	15.55	15.55	3.09	1.85	21.768932	25.409646	23.638121	0.565689
4.53	28.54	15.55	15.55	3.09	1.85	21.765854	25.407213	23.635317	0.565689
4.53	28.54	15.55	15.55	3.09	1.85	21.762779	25.404781	23.632514	0.565689
4.53	28.54	15.55	15.55	3.09	1.85	21.759707	25.402350	23.629713	0.565690
4.53	28.54	15.55	15.55	3.09	1.85	21.756637	25.399921	23.626915	0.565690
4.54	28.54	15.54	15.54	3.09	1.85	21.753570	25.397494	23.624118	0.565690
4.54	28.54	15.54	15.54	3.09	1.85	21.750506	25.395067	23.621324	0.565690
4.54	28.54	15.54	15.54	3.09	1.85	21.747444	25.392642	23.618531	0.565690
4.54	28.54	15.54	15.54	3.09	1.85	21.744386	25.390219	23.615741	0.565690
4.55	28.54	15.54	15.54	3.09	1.85	21.741330	25.387796	23.612953	0.565690
4.55	28.54	15.54	15.54	3.09	1.85	21.738277	25.385375	23.610166	0.565690
4.55	28.54	15.53	15.53	3.09	1.85	21.735227	25.382956	23.607382	0.565690
4.56	28.54	15.53	15.53	3.09	1.85	21.732180	25.380538	23.604600	0.565690
4.56	28.54	15.53	15.53	3.09	1.85	21.729135	25.378121	23.601820	0.565690
4.56	28.54	15.53	15.53	3.09	1.85	21.726094	25.375706	23.599042	0.565690
4.56	28.54	15.53	15.53	3.09	1.85	21.723055	25.373292	23.596266	0.565690
4.57	28.54	15.53	15.53	3.09	1.85	21.720019	25.370879	23.593493	0.565690
4.57	28.54	15.53	15.53	3.09	1.85	21.716985	25.368468	23.590721	0.565691
4.57	28.54	15.52	15.52	3.09	1.85	21.713955	25.366058	23.587951	0.565691
4.58	28.54	15.52	15.52	3.09	1.85	21.710927	25.363650	23.585184	0.565691
4.58	28.54	15.52	15.52	3.09	1.85	21.707903	25.361243	23.582419	0.565691
4.58	28.54	15.52	15.52	3.09	1.85	21.704881	25.358837	23.579655	0.565691
4.58	28.54	15.52	15.52	3.09	1.85	21.701861	25.356433	23.576894	0.565691
4.59	28.54	15.52	15.52	3.09	1.85	21.698845	25.354030	23.574135	0.565691
4.59	28.54	15.51	15.51	3.09	1.85	21.695831	25.351628	23.571378	0.565691
4.59	28.54	15.51	15.51	3.09	1.85	21.692821	25.349228	23.568623	0.565691
4.59	28.54	15.51	15.51	3.09	1.85	21.689813	25.346829	23.565870	0.565691
4.60	28.54	15.51	15.51	3.09	1.85	21.686808	25.344432	23.563119	0.565690
4.60	28.54	15.51	15.51	3.09	1.85	21.683805	25.342036	23.560370	0.565690
4.60	28.54	15.51	15.51	3.09	1.85	21.680806	25.339641	23.557624	0.565690
4.61	28.54	15.51	15.51	3.09	1.85	21.677809	25.337248	23.554879	0.565690
4.61	28.54	15.50	15.50	3.09	1.85	21.674816	25.334856	23.552137	0.565690
4.61	28.54	15.50	15.50	3.09	1.85	21.671825	25.332466	23.549396	0.565690
4.61	28.54	15.50	15.50	3.09	1.85	21.668836	25.330077	23.546658	0.565690
4.62	28.54	15.50	15.50	3.09	1.85	21.665851	25.327689	23.543922	0.565690
4.62	28.54	15.50	15.50	3.09	1.85	21.662869	25.325303	23.541188	0.565690
4.62	28.54	15.50	15.50	3.09	1.85	21.659889	25.322918	23.538456	0.565690
4.62	28.54	15.50	15.50	3.09	1.85	21.656912	25.320535	23.535726	0.565690
4.63	28.54	15.49	15.49	3.09	1.85	21.653938	25.318153	23.532998	0.565690
4.63	28.54	15.49	15.49	3.09	1.85	21.650967	25.315772	23.530272	0.565690
4.63	28.54	15.49	15.49	3.09	1.85	21.647999	25.313393	23.527549	0.565690
4.64	28.54	15.49	15.49	3.09	1.85	21.645033	25.311015	23.524827	0.565690
4.64	28.54	15.49	15.49	3.09	1.85	21.642071	25.308638	23.522108	0.565689
4.64	28.54	15.49	15.49	3.09	1.86	21.639111	25.306263	23.519391	0.565689
4.64	28.54	15.49	15.49	3.09	1.86	21.636154	25.303890	23.516676	0.565689
4.65	28.54	15.48	15.48	3.09	1.86	21.633200	25.301518	23.513962	0.565689
4.65	28.54	15.48	15.48	3.09	1.86	21.630248	25.299147	23.511252	0.565689
4.65	28.54	15.48	15.48	3.09	1.86	21.627300	25.296777	23.508543	0.565689
4.66	28.54	15.48	15.48	3.09	1.86	21.624354	25.294409	23.505836	0.565689
4.66	28.54	15.48	15.48	3.09	1.86	21.621412	25.292043	23.503131	0.565689
4.66	28.54	15.48	15.48	3.09	1.86	21.618472	25.289678	23.500429	0.565688
4.66	28.54	15.48	15.48	3.09	1.86	21.615535	25.287314	23.497729	0.565688
4.67	28.54	15.47	15.47	3.09	1.86	21.612601	25.284951	23.495030	0.565688
4.67	28.54	15.47	15.47	3.09	1.86	21.609669	25.282590	23.492334	0.565688
4.67	28.54	15.47	15.47	3.09	1.86	21.606741	25.280231	23.489640	0.565688
4.67	28.54	15.47	15.47	3.09	1.86	21.603815	25.277873	23.486948	0.565688
4.68	28.54	15.47	15.47	3.09	1.86	21.600892	25.275516	23.484258	0.565687
4.68	28.54	15.47	15.47	3.09	1.86	21.597972	25.273161	23.481571	0.565687
4.68	28.54	15.47	15.47	3.09	1.86	21.595055	25.270807	23.478885	0.565687
4.69	28.54	15.47	15.47	3.09	1.86	21.592141	25.268454	23.476202	0.565687
4.69	28.54	15.46	15.46	3.09	1.86	21.589230	25.266103	23.473520	0.565687
4.69	28.54	15.46	15.46	3.09	1.86	21.586321	25.263754	23.470841	0.565686
4.69	28.54	15.46	15.46	3.09	1.86	21.583416	25.261406	23.468164	0.565686
4.70	28.54	15.46	15.46	3.09	1.86	21.580513	25.259059	23.465489	0.565686
4.70	28.54	15.46	15.46	3.09	1.86	21.577613	25.256713	23.462816	0.565686
4.70	28.54	15.46	15.46	3.09	1.86	21.574716	25.254369	23.460146	0.565685
4.71	28.54	15.46	15.46	3.09	1.86	21.571822	25.252027	23.457477	0.565685
4.71	28.54	15.45	15.45	3.09	1.86	21.568930	25.249686	23.454811	0.565685
4.71	28.54	15.45	15.45	3.09	1.86	21.566042	25.247346	23.452146	0.565685
4.71	28.54	15.45	15.45	3.09	1.86	21.563156	25.245008	23.449484	0.565684
4.72	28.54	15.45	15.45	3.09	1.86	21.560274	25.242671	23.446824	0.565684
4.72	28.54	15.45	15.45	3.09	1.86	21.557394	25.240336	23.444166	0.565684
4.72	28.54	15.45	15.45	3.09	1.86	21.554517	25.238002	23.441510	0.565684
4.72	28.54	15.45	15.45	3.09	1.86	21.551643	25.235669	23.438857	0.565683
4.73	28.54	15.45	15.45	3.09	1.86	21.548772	25.233338	23.436205	0.565683
4.73	28.54	15.44	15.44	3.09	1.86	21.545903	25.231008	23.433556	0.565683
4.73	28.54	15.44	15.44	3.09	1.86	21.543038	25.228680	23.430909	0.565683
4.74	28.54	15.44	15.44	3.09	1.86	21.540175	25.226353	23.428264	0.565682
4.74	28.54	15.44	15.44	3.09	1.86	21.537316	25.224028	23.425621	0.565682
4.74	28.54	15.44	15.44	3.09	1.86	21.534459	25.221704	23.422980	0.565682
4.74	28.54	15.44	15.44	3.09	1.86	21.531605	25.219381	23.420341	0.565681
4.75	28.54	15.44	15.44	3.09	1.86	21.528754	25.217060	23.417705	0.565681
4.75	28.54	15.44	15.44	3.09	1.86	21.525906	25.214741	23.415070	0.565681
4.75	28.54	15.44	15.44	3.09	1.86	21.523060	25.212422	23.412438	0.565680
4.76	28.54	15.43	15.43	3.09	1.86	21.520218	25.210106	23.409808	0.565680
4.76	28.54	15.43	15.43	3.09	1.86	21.517378	25.207790	23.407180	0.565680
4.76	28.54	15.43	15.43	3.09	1.86	21.514542	25.205476	23.404554	0.565679
4.76	28.54	15.43	15.43	3.09	1.86	21.511708	25.203164	23.401930	0.565679
4.77	28.54	15.43	15.43	3.09	1.86	21.508877	25.200853	23.399309	0.565679
4.77	28.54	15.43	15.43	3.09	1.86	21.506049	25.198543	23.396690	0.565678
4.77	28.54	15.43	15.43	3.09	1.86	21.503224	25.196235	23.394072	0.565678
4.78	28.54	15.43	15.43	3.09	1.86	21.500402	25.193928	23.391457	0.565677
4.78	28.54	15.42	15.42	3.09	1.86	21.497582	25.191623	23.388844	0.565677
4.78	28.54	15.42	15.42	3.09	1.86	21.494766	25.189319	23.386234	0.565677
4.78	28.54	15.42	15.42	3.09	1.86	21.491953	25.187017	23.383625	0.565676
4.79	28.54	15.42	15.42	3.09	1.86	21.489142	25.184716	23.381019	0.565676
4.79	28.54	15.42	15.42	3.09	1.86	21.486334	25.182417	23.378414	0.565676
4.79	28.54	15.42	15.42	3.09	1.86	21.483529	25.180119	23.375812	0.565675
4.79	28.54	15.42	15.42	3.09	1.86	21.480727	25.177822	23.373212	0.565675
4.80	28.54	15.42	15.42	3.09	1.86	21.477928	25.175527	23.370614	0.565674
4.80	28.54	15.42	15.42	3.09	1.86	21.475132	25.173233	23.368019	0.565674
4.80	28.54	15.41	15.41	3.09	1.86	21.472339	25.170941	23.365425	0.565673
4.81	28.54	15.41	15.41	3.08	1.86	21.469549	25.168650	23.362834	0.565673
4.81	28.54	15.41	15.41	3.08	1.86	21.466761	25.166361	23.360245	0.565673
4.81	28.54	15.41	15.41	3.08	1.86	21.463977	25.164073	23.357658	0.565672
4.81	28.54	15.41	15.41	3.08	1.86	21.461195	25.161787	23.355073	0.565672
4.82	28.54	15.41	15.41	3.08	1.86	21.458417	25.159502	23.352490	0.565671
4.82	28.54	15.41	15.41	3.08	1.86	21.455641	25.157218	23.349910	0.565671
4.82	28.54	15.41	15.41	3.08	1.86	21.452868	25.154936	23.347332	0.565670
4.83	28.54	15.41	15.41	3.08	1.86	21.450098	25.152656	23.344755	0.565670
4.83	28.54	15.40	15.40	3.08	1.86	21.447331	25.150377	23.342182	0.565669
4.83	28.54	15.40	15.40	3.08	1.86	21.444567	25.148099	23.339610	0.565669
4.83	28.54	15.40	15.40	3.08	1.86	21.441806	25.145823	23.337040	0.565668
4.84	28.54	15.40	15.40	3.08	1.86	21.439047	25.143548	23.334473	0.565668
4.84	28.54	15.40	15.40	3.08	1.86	21.436292	25.141275	23.331907	0.565667
4.84	28.54	15.40	15.40	3.08	1.86	21.433540	25.139003	23.329344	0.565667
4.84	28.54	15.40	15.40	3.08	1.86	21.430790	25.136733	23.326783	0.565666
4.85	28.54	15.40	15.40	3.08	1.86	21.428043	25.134464	23.324225	0.565666
4.85	28.54	15.40	15.40	3.08	1.86	21.425300	25.132196	23.321668	0.565665
4.85	28.54	15.40	15.40	3.08	1.86	21.422559	25.129930	23.319114	0.565665
4.86	28.54	15.39	15.39	3.08	1.86	21.419821	25.127666	23.316561	0.565664
4.86	28.54	15.39	15.39	3.08	1.86	21.417086	25.125403	23.314011	0.565664
4.86	28.54	15.39	15.39	3.08	1.86	21.414354	25.123141	23.311463	0.565663
4.86	28.54	15.39	15.39	3.08	1.86	21.411625	25.120881	23.308918	0.565663
4.87	28.54	15.39	15.39	3.08	1.86	21.408899	25.118623	23.306374	0.565662
4.87	28.54	15.39	15.39	3.08	1.86	21.406176	25.116366	23.303833	0.565662
4.87	28.54	15.39	15.39	3.08	1.86	21.403455	25.114110	23.301294	0.565661
4.88	28.54	15.39	15.39	3.08	1.86	21.400738	25.111856	23.298757	0.565660
4.88	28.54	15.39	15.39	3.08	1.86	21.398023	25.109603	23.296222	0.565660
4.88	28.54	15.39	15.39	3.08	1.86	21.395312	25.107352	23.293690	0.565659
4.88	28.54	15.38	15.38	3.08	1.86	21.392603	25.105102	23.291159	0.565659
4.89	28.54	15.38	15.38	3.08	1.86	21.389898	25.102854	23.288631	0.565658
4.89	28.54	15.38	15.38	3.08	1.86	21.387195	25.100607	23.286105	0.565658
4.89	28.54	15.38	15.38	3.08	1.86	21.384495	25.098362	23.283581	0.565657
4.89	28.54	15.38	15.38	3.08	1.86	21.381798	25.096118	23.281060	0.565656
4.90	28.54	15.38	15.38	3.08	1.86	21.379104	25.093875	23.278540	0.565656
4.90	28.54	15.38	15.38	3.08	1.86	21.376413	25.091634	23.276023	0.565655
4.90	28.54	15.38	15.38	3.08	1.86	21.373725	25.089395	23.273508	0.565655
4.91	28.54	15.38	15.38	3.08	1.86	21.371040	25.087157	23.270995	0.565654
4.91	28.54	15.38	15.38	3.08	1.86	21.368358	25.084921	23.268485	0.565653
4.91	28.54	15.38	15.38	3.08	1.86	21.365679	25.082686	23.265976	0.565653
4.91	28.54	15.37	15.37	3.08	1.86	21.363003	25.080452	23.263470	0.565652
4.92	28.54	15.37	15.37	3.08	1.86	21.360329	25.078220	23.260966	0.565651
4.92	28.54	15.37	15.37	3.08	1.86	21.357659	25.075990	23.258464	0.565651
4.92	28.54	15.37	15.37	3.08	1.86	21.354992	25.073761	23.255965	0.565650
4.92	28.54	15.37	15.37	3.08	1.86	21.352327	25.071533	23.253467	0.565649
4.93	28.54	15.37	15.37	3.08	1.86	21.349666	25.069307	23.250972	0.565649
4.93	28.54	15.37	15.37	3.08	1.86	21.347007	25.067083	23.248479	0.565648
4.93	28.54	15.37	15.37	3.08	1.86	21.344352	25.064859	23.245988	0.565647
4.94	28.54	15.37	15.37	3.08	1.86	21.341699	25.062638	23.243499	0.565647
4.94	28.54	15.37	15.37	3.08	1.86	21.339049	25.060418	23.241013	0.565646
4.94	28.54	15.37	15.37	3.08	1.86	21.336402	25.058199	23.238529	0.565645
4.94	28.54	15.37	15.37	3.08	1.86	21.333759	25.055982	23.236047	0.565645
4.95	28.54	15.36	15.36	3.08	1.86	21.331118	25.053766	23.233567	0.565644
4.95	28.54	15.36	15.36	3.08	1.86	21.328480	25.051552	23.231090	0.565643
4.95	28.54	15.36	15.36	3.08	1.86	21.325845	25.049340	23.228614	0.565643
4.96	28.54	15.36	15.36	3.08	1.86	21.323213	25.047129	23.226141	0.565642
4.96	28.54	15.36	15.36	3.08	1.86	21.320584	25.044919	23.223670	0.565641
4.96	28.54	15.36	15.36	3.08	1.86	21.317958	25.042711	23.221202	0.565640
4.96	28.54	15.36	15.36	3.08	1.86	21.315335	25.040504	23.218735	0.565640
4.97	28.54	15.36	15.36	3.08	1.86	21.312715	25.038299	23.216271	0.565639
4.97	28.54	15.36	15.36	3.08	1.86	21.310098	25.036096	23.213809	0.565638
4.97	28.54	15.36	15.36	3.08	1.86	21.307483	25.033893	23.211349	0.565637
4.97	28.54	15.36	15.36	3.08	1.86	21.304872	25.031693	23.208891	0.565637
4.98	28.54	15.36	15.36	3.08	1.86	21.302264	25.029494	23.206436	0.565636
4.98	28.54	15.35	15.35	3.08	1.86	21.299659	25.027296	23.203983	0.565635
4.98	28.54	15.35	15.35	3.08	1.86	21.297056	25.025100	23.201532	0.565634
4.99	28.54	15.35	15.35	3.08	1.86	21.294457	25.022905	23.199083	0.565634
4.99	28.54	15.35	15.35	3.08	1.86	21.291861	25.020712	23.196637	0.565633
4.99	28.54	15.35	15.35	3.08	1.86	21.289267	25.018521	23.194193	0.565632
4.99	28.54	15.35	15.35	3.08	1.86	21.286677	25.016331	23.191750	0.565631
5.00	28.54	15.35	15.35	3.08	1.86	21.284089	25.014142	23.189311	0.565630
5.00	28.54	15.35	15.35	3.08	1.86	21.281505	25.011955	23.186873	0.565630
5.00	28.54	15.35	15.35	3.08	1.86	21.278923	25.009769	23.184438	0.565629
5.01	28.54	15.35	15.35	3.08	1.86	21.276345	25.007585	23.182005	0.565628
5.01	28.54	15.35	15.35	3.08	1.86	21.273769	25.005403	23.179574	0.565627
5.01	28.54	15.35	15.35	3.08	1.86	21.271197	25.003222	23.177145	0.565626
5.01	28.54	15.35	15.35	3.08	1.86	21.268627	25.001042	23.174719	0.565626
5.02	28.54	15.35	15.35	3.08	1.86	21.266060	24.998864	23.172294	0.565625
5.02	28.54	15.34	15.34	3.08	1.86	21.263497	24.996688	23.169872	0.565624
5.02	28.54	15.34	15.34	3.08	1.86	21.260936	24.994513	23.167453	0.565623
5.03	28.54	15.34	15.34	3.08	1.86	21.258378	24.992339	23.165035	0.565622
5.03	28.54	15.34	15.34	3.08	1.86	21.255824	24.990167	23.162620	0.565621
5.03	28.54	15.34	15.34	3.08	1.86	21.253272	24.987997	23.160207	0.565620
5.03	28.54	15.34	15.34	3.08	1.86	21.250723	24.985828	23.157796	0.565620
5.04	28.54	15.34	15.34	3.08	1.86	21.248178	24.983661	23.155388	0.565619
5.04	28.54	15.34	15.34	3.08	1.86	21.245635	24.981495	23.152981	0.565618
5.04	28.54	15.34	15.34	3.08	1.86	21.243095	24.979331	23.150577	0.565617
5.04	28.54	15.34	15.34	3.08	1.86	21.240558	24.977168	23.148176	0.565616
5.05	28.54	15.34	15.34	3.08	1.86	21.238025	24.975006	23.145776	0.565615
5.05	28.54	15.34	15.34	3.08	1.86	21.235494	24.972847	23.143379	0.565614
5.05	28.54	15.34	15.34	3.08	1.86	21.232966	24.970688	23.140984	0.565613
5.06	28.54	15.34	15.34	3.08	1.86	21.230441	24.968532	23.138591	0.565612
5.06	28.54	15.34	15.34	3.08	1.86	21.227919	24.966377	23.136200	0.565612
5.06	28.54	15.33	15.33	3.08	1.86	21.225401	24.964223	23.133812	0.565611
5.06	28.54	15.33	15.33	3.08	1.86	21.222885	24.962071	23.131426	0.565610
5.07	28.54	15.33	15.33	3.08	1.86	21.220372	24.959920	23.129042	0.565609
5.07	28.54	15.33	15.33	3.08	1.86	21.217862	24.957771	23.126660	0.565608
5.07	28.54	15.33	15.33	3.08	1.87	21.215355	24.955624	23.124281	0.565607
5.08	28.54	15.33	15.33	3.08	1.87	21.212852	24.953477	23.121904	0.565606
5.08	28.54	15.33	15.33	3.08	1.87	21.210351	24.951333	23.119529	0.565605
5.08	28.54	15.33	15.33	3.08	1.87	21.207853	24.949190	23.117156	0.565604
5.08	28.54	15.33	15.33	3.08	1.87	21.205358	24.947049	23.114786	0.565603
5.09	28.54	15.33	15.33	3.08	1.87	21.202866	24.944909	23.112418	0.565602
5.09	28.54	15.33	15.33	3.08	1.87	21.200378	24.942770	23.110052	0.565601
5.09	28.54	15.33	15.33	3.08	1.87	21.197892	24.940634	23.107689	0.565600
5.09	28.54	15.33	15.33	3.08	1.87	21.195409	24.938498	23.105327	0.565599
5.10	28.54	15.33	15.33	3.08	1.87	21.192929	24.936365	23.102968	0.565598
5.10	28.54	15.33	15.33	3.08	1.87	21.190453	24.934232	23.100612	0.565597
5.10	28.54	15.33	15.33	3.08	1.87	21.187979	24.932102	23.098257	0.565596
5.11	28.54	15.33	15.33	3.08	1.87	21.185508	24.929972	23.095905	0.565595
5.11	28.54	15.33	15.33	3.08	1.87	21.183040	24.927845	23.093555	0.565594
5.11	28.54	15.32	15.32	3.08	1.87	21.180576	24.925719	23.091207	0.565593
5.11	28.54	15.32	15.32	3.08	1.87	21.178114	24.923594	23.088862	0.565592
5.12	28.54	15.32	15.32	3.08	1.87	21.175655	24.921471	23.086518	0.565591
5.12	28.54	15.32	15.32	3.08	1.87	21.173200	24.919350	23.084177	0.565590
5.12	28.54	15.32	15.32	3.08	1.87	21.170747	24.917230	23.081839	0.565589
5.12	28.54	15.32	15.32	3.08	1.87	21.168298	24.915112	23.079502	0.565588
5.13	28.54	15.32	15.32	3.08	1.87	21.165851	24.912995	23.077168	0.565587
5.13	28.54	15.32	15.32	3.08	1.87	21.163407	24.910880	23.074836	0.565586
5.13	28.54	15.32	15.32	3.08	1.87	21.160967	24.908766	23.072507	0.565585
5.14	28.54	15.32	15.32	3.08	1.87	21.158529	24.906654	23.070179	0.565584
5.14	28.54	15.32	15.32	3.08	1.87	21.156095	24.904543	23.067854	0.565583
5.14	28.54	15.32	15.32	3.08	1.87	21.153663	24.902434	23.065532	0.565582
5.14	28.54	15.32	15.32	3.08	1.87	21.151235	24.900327	23.063211	0.565581
5.15	28.54	15.32	15.32	3.08	1.87	21.148809	24.898221	23.060893	0.565580
5.15	28.54	15.32	15.32	3.08	1.87	21.146387	24.896116	23.058577	0.565579
5.15	28.54	15.32	15.32	3.08	1.87	21.143967	24.894013	23.056263	0.565578
5.16	28.54	15.32	15.32	3.08	1.87	21.141551	24.891912	23.053952	0.565576
5.16	28.54	15.32	15.32	3.08	1.87	21.139138	24.889812	23.051643	0.565575
5.16	28.54	15.32	15.32	3.08	1.87	21.136727	24.887714	23.049336	0.565574
5.16	28.54	15.32	15.32	3.08	1.87	21.134320	24.885617	23.047031	0.565573
5.17	28.54	15.32	15.32	3.08	1.87	21.131916	24.883522	23.044729	0.565572
5.17	28.54	15.32	15.32	3.08	1.87	21.129515	24.881429	23.042429	0.565571
5.17	28.54	15.31	15.31	3.08	1.87	21.127117	24.879337	23.040131	0.565570
5.17	28.54	15.31	15.31	3.08	1.87	21.124721	24.877246	23.037836	0.565569
5.18	28.54	15.31	15.31	3.07	1.87	21.122329	24.875158	23.035543	0.565568
5.18	28.54	15.31	15.31	3.07	1.87	21.119940	24.873070	23.033252	0.565566
5.18	28.54	15.31	15.31	3.07	1.87	21.117554	24.870985	23.030963	0.565565
5.19	28.54	15.31	15.31	3.07	1.87	21.115171	24.868900	23.028677	0.565564
5.19	28.54	15.31	15.31	3.07	1.87	21.112791	24.866818	23.026393	0.565563
5.19	28.54	15.31	15.31	3.07	1.87	21.110414	24.864737	23.024111	0.565562
5.19	28.54	15.31	15.31	3.07	1.87	21.108040	24.862657	23.021832	0.565561
5.20	28.54	15.31	15.31	3.07	1.87	21.105670	24.860579	23.019555	0.565560
5.20	28.54	15.31	15.31	3.07	1.87	21.103302	24.858503	23.017280	0.565558
5.20	28.54	15.31	15.31	3.07	1.87	21.100937	24.856428	23.015007	0.565557
5.21	28.54	15.31	15.31	3.07	1.87	21.098575	24.854355	23.012737	0.565556
5.21	28.54	15.31	15.31	3.07	1.87	21.096217	24.852283	23.010469	0.565555
5.21	28.54	15.31	15.31	3.07	1.87	21.093861	24.850213	23.008203	0.565554
5.21	28.54	15.31	15.31	3.07	1.87	21.091509	24.848145	23.005940	0.565552
5.22	28.54	15.31	15.31	3.07	1.87	21.089159	24.846078	23.003679	0.565551
5.22	28.54	15.31	15.31	3.07	1.87	21.086813	24.844012	23.001420	0.565550
5.22	28.54	15.31	15.31	3.07	1.87	21.084469	24.841949	22.999164	0.565549
5.22	28.54	15.31	15.31	3.07	1.87	21.082129	24.839886	22.996909	0.565548
5.23	28.54	15.31	15.31	3.07	1.87	21.079791	24.837826	22.994658	0.565546
5.23	28.54	15.31	15.31	3.07	1.87	21.077457	24.835767	22.992408	0.565545
5.23	28.54	15.31	15.31	3.07	1.87	21.075126	24.833709	22.990161	0.565544
5.24	28.54	15.31	15.31	3.07	1.87	21.072798	24.831653	22.987916	0.565543
5.24	28.54	15.31	15.31	3.07	1.87	21.070473	24.829599	22.985673	0.565541
5.24	28.54	15.31	15.31	3.07	1.87	21.068151	24.827546	22.983433	0.565540
5.24	28.54	15.31	15.31	3.07	1.87	21.065832	24.825495	22.981195	0.565539
5.25	28.54	15.31	15.31	3.07	1.87	21.063516	24.823445	22.978959	0.565538
5.25	28.54	15.31	15.31	3.07	1.87	21.061203	24.821397	22.976725	0.565536
5.25	28.54	15.31	15.31	3.07	1.87	21.058893	24.819351	22.974494	0.565535
5.26	28.54	15.31	15.31	3.07	1.87	21.056586	24.817306	22.972265	0.565534
5.26	28.54	15.30	15.30	3.07	1.87	21.054283	24.815262	22.970039	0.565533
5.26	28.54	15.30	15.30	3.07	1.87	21.051982	24.813221	22.967815	0.565531
5.26	28.54	15.30	15.30	3.07	1.87	21.049684	24.811180	22.965593	0.565530
5.27	28.54	15.30	15.30	3.07	1.87	21.047390	24.809142	22.963373	0.565529
5.27	28.54	15.30	15.30	3.07	1.87	21.045098	24.807105	22.961156	0.565527
5.27	28.54	15.30	15.30	3.07	1.87	21.042810	24.805070	22.958941	0.565526
5.28	28.54	15.30	15.30	3.07	1.87	21.040525	24.803036	22.956728	0.565525
5.28	28.54	15.30	15.30	3.07	1.87	21.038243	24.801003	22.954518	0.565524
5.28	28.54	15.30	15.30	3.07	1.87	21.035963	24.798973	22.952310	0.565522
5.28	28.54	15.30	15.30	3.07	1.87	21.033687	24.796944	22.950104	0.565521
5.29	28.54	15.30	15.30	3.07	1.87	21.031414	24.794916	22.947900	0.565520
5.29	28.54	15.30	15.30	3.07	1.87	21.029144	24.792890	22.945699	0.565518
5.29	28.54	15.30	15.30	3.07	1.87	21.026877	24.790866	22.943501	0.565517
5.29	28.54	15.30	15.30	3.07	1.87	21.024613	24.788843	22.941304	0.565516
5.30	28.54	15.30	15.30	3.07	1.87	21.022353	24.786822	22.939110	0.565514
5.30	28.54	15.30	15.30	3.07	1.87	21.020095	24.784803	22.936918	0.565513
5.30	28.54	15.30	15.30	3.07	1.87	21.017840	24.782785	22.934729	0.565511
5.31	28.54	15.30	15.30	3.07	1.87	21.015589	24.780769	22.932541	0.565510
5.31	28.54	15.30	15.30	3.07	1.87	21.013340	24.778754	22.930357	0.565509
5.31	28.54	15.30	15.30	3.07	1.87	21.011095	24.776741	22.928174	0.565507
5.31	28.54	15.30	15.30	3.07	1.87	21.008853	24.774729	22.925994	0.565506
5.32	28.54	15.30	15.30	3.07	1.87	21.006614	24.772719	22.923816	0.565505
5.32	28.54	15.30	15.30	3.07	1.87	21.004377	24.770711	22.921640	0.565503
5.32	28.54	15.30	15.30	3.07	1.87	21.002144	24.768704	22.919467	0.565502
5.33	28.54	15.30	15.30	3.07	1.87	20.999914	24.766699	22.917296	0.565500
5.33	28.54	15.30	15.30	3.07	1.87	20.997688	24.764695	22.915128	0.565499
5.33	28.54	15.30	15.30	3.07	1.87	20.995464	24.762693	22.912961	0.565498
5.33	28.54	15.30	15.30	3.07	1.87	20.993243	24.760693	22.910798	0.565496
5.34	28.54	15.30	15.30	3.07	1.87	20.991025	24.758694	22.908636	0.565495
5.34	28.54	15.30	15.30	3.07	1.87	20.988811	24.756697	22.906477	0.565493
5.34	28.54	15.30	15.30	3.07	1.87	20.986599	24.754702	22.904320	0.565492
5.34	28.54	15.30	15.30	3.07	1.87	20.984391	24.752708	22.902165	0.565490
5.35	28.54	15.30	15.30	3.07	1.87	20.982186	24.750715	22.900013	0.565489
5.35	28.54	15.30	15.30	3.07	1.87	20.979984	24.748724	22.897863	0.565488
5.35	28.54	15.30	15.30	3.07	1.87	20.977784	24.746735	22.895716	0.565486
5.36	28.54	15.30	15.30	3.07	1.87	20.975588	24.744748	22.893570	0.565485
5.36	28.54	15.30	15.30	3.07	1.87	20.973395	24.742762	22.891427	0.565483
5.36	28.54	15.30	15.30	3.07	1.87	20.971206	24.740778	22.889287	0.565482
5.36	28.54	15.30	15.30	3.07	1.87	20.969019	24.738795	22.887149	0.565480
5.37	28.54	15.30	15.30	3.07	1.87	20.966835	24.736814	22.885013	0.565479
5.37	28.54	15.30	15.30	3.07	1.87	20.964655	24.734834	22.882879	0.565477
5.37	28.54	15.30	15.30	3.07	1.87	20.962477	24.732856	22.880748	0.565476
5.38	28.54	15.30	15.30	3.07	1.87	20.960303	24.730880	22.878619	0.565474
5.38	28.54	15.30	15.30	3.07	1.87	20.958132	24.728905	22.876493	0.565473
5.38	28.54	15.30	29.29	3.07	1.87	20.955963	24.726932	22.874368	0.565471
5.38	28.54	15.30	29.28	3.07	1.87	20.953798	24.724961	22.872247	0.565470
5.39	28.54	15.30	29.27	3.07	1.87	20.951636	24.722991	22.870127	0.565468
5.39	28.54	15.30	29.26	3.07	1.87	20.949479	24.721023	22.868010	0.565467
5.39	28.54	15.30	29.26	3.07	1.87	20.947333	24.719056	22.865896	0.565465
5.39	28.54	15.30	29.25	3.07	1.87	20.945224	24.717091	22.863786	0.565464
5.40	28.54	15.30	29.24	3.07	1.87	20.943196	24.715128	22.861684	0.565461
5.40	28.54	15.30	29.23	3.07	1.87	20.941319	24.713167	22.859595	0.565459
5.40	28.54	15.30	29.22	3.07	1.87	20.939673	24.711207	22.857530	0.565455
5.41	28.54	15.30	29.21	3.07	1.87	20.938342	24.709249	22.855497	0.565449
5.41	28.54	15.30	29.21	3.07	1.87	20.937405	24.707292	22.853509	0.565442
5.41	28.54	15.30	29.20	3.07	1.87	20.936930	24.705338	22.851578	0.565433
5.41	28.54	15.30	29.19	3.07	1.87	20.936970	24.703386	22.849717	0.565421
5.42	28.54	15.30	29.18	3.07	1.87	20.937568	24.701436	22.847938	0.565407
5.42	28.54	15.30	29.17	3.07	1.87	20.938750	24.699489	22.846252	0.565390
5.42	28.54	15.30	29.16	3.07	1.87	20.940535	24.697543	22.844669	0.565370
5.42	28.54	15.30	29.15	3.07	1.87	20.942930	24.695600	22.843199	0.565347
5.43	28.54	15.30	29.15	3.07	1.87	20.945933	24.693660	22.841850	0.565321
5.43	28.54	15.30	29.14	3.07	1.87	20.949537	24.691722	22.840628	0.565293
5.43	28.54	15.30	29.13	3.07	1.86	20.953731	24.689788	22.839539	0.565262
5.44	28.54	15.30	29.12	3.07	1.86	20.958497	24.687855	22.838590	0.565228
5.44	28.54	15.30	29.11	3.07	1.86	20.963818	24.685926	22.837783	0.565191
5.44	28.54	15.30	29.11	3.07	1.86	20.969673	24.684001	22.837123	0.565152
5.44	28.54	15.30	29.10	3.07	1.86	20.976039	24.682078	22.836612	0.565110
5.45	28.54	15.30	29.09	3.07	1.86	20.982894	24.680160	22.836251	0.565066
5.45	28.54	15.30	29.08	3.07	1.86	20.990215	24.678246	22.836043	0.565020
5.45	28.54	15.30	29.07	3.07	1.86	20.997979	24.676335	22.835988	0.564971
5.46	28.54	15.30	29.06	3.07	1.86	21.006163	24.674430	22.836087	0.564920
5.46	28.54	15.30	29.06	3.07	1.85	21.014744	24.672530	22.836338	0.564868
5.46	28.54	15.30	29.05	3.07	1.85	21.023701	24.670636	22.836743	0.564813
5.46	28.54	15.30	29.04	3.07	1.85	21.033013	24.668748	22.837300	0.564757
5.47	28.54	15.30	29.03	3.07	1.85	21.042659	24.666867	22.838008	0.564699
5.47	28.54	15.30	29.02	3.07	1.85	21.052620	24.664994	22.838866	0.564639
5.47	28.54	15.30	29.01	3.07	1.85	21.062876	24.663129	22.839873	0.564578
5.47	28.54	15.31	29.01	3.07	1.84	21.073411	24.661272	22.841026	0.564515
5.48	28.54	15.31	29.00	3.07	1.84	21.084207	24.659425	22.842324	0.564451
5.48	28.54	15.31	28.99	3.07	1.84	21.095247	24.657589	22.843764	0.564386
5.48	28.54	15.31	28.98	3.07	1.84	21.106516	24.655763	22.845345	0.564319
5.49	28.54	15.31	28.97	3.07	1.84	21.118000	24.653949	22.847064	0.564251
5.49	28.54	15.31	28.97	3.07	1.83	21.129685	24.652148	22.848919	0.564182
5.49	28.54	15.31	28.96	3.07	1.83	21.141556	24.650360	22.850908	0.564112
5.49	28.54	15.31	28.95	3.07	1.83	21.153603	24.648585	22.853028	0.564041
5.50	28.54	15.31	28.94	3.07	1.83	21.165812	24.646826	22.855276	0.563969
5.50	28.54	15.31	28.93	3.07	1.83	21.178173	24.645082	22.857650	0.563896
5.50	28.54	15.31	28.92	3.07	1.82	21.190675	24.643355	22.860147	0.563823
5.51	28.54	15.31	28.92	3.07	1.82	21.203307	24.641644	22.862765	0.563748
5.51	28.54	15.31	28.91	3.07	1.82	21.216061	24.639952	22.865501	0.563673
5.51	28.54	15.31	28.90	3.07	1.82	21.228928	24.638277	22.868352	0.563597
5.51	28.54	15.31	28.89	3.07	1.82	21.241898	24.636622	22.871316	0.563520
5.52	28.54	15.31	28.88	3.07	1.81	21.254965	24.634986	22.874389	0.563443
5.52	28.54	15.31	28.88	3.07	1.81	21.268119	24.633371	22.877570	0.563365
5.52	28.54	15.31	28.87	3.07	1.81	21.281355	24.631776	22.880856	0.563287
5.53	28.54	15.31	28.86	3.07	1.81	21.294665	24.630203	22.884243	0.563208
5.53	28.54	15.31	28.85	3.07	1.81	21.308042	24.628653	22.887731	0.563129
5.53	28.54	15.31	28.84	3.07	1.80	21.321482	24.627124	22.891315	0.563049
5.53	28.54	15.31	28.84	3.07	1.80	21.334977	24.625619	22.894993	0.562969
5.54	28.54	15.31	28.83	3.07	1.80	21.348524	24.624137	22.898763	0.562888
5.54	28.54	15.31	28.82	3.07	1.80	21.362116	24.622680	22.902623	0.562807
5.54	28.54	15.31	28.81	3.07	1.79	21.375748	24.621246	22.906569	0.562725
5.54	28.54	15.32	28.80	3.08	1.79	21.389417	24.619838	22.910600	0.562644
5.55	28.54	15.32	28.80	3.08	1.79	21.403117	24.618454	22.914713	0.562562
5.55	28.54	15.32	28.79	3.08	1.79	21.416845	24.617096	22.918906	0.562479
5.55	28.54	15.32	28.78	3.08	1.79	21.430597	24.615764	22.923177	0.562397
5.56	28.54	15.32	28.77	3.08	1.78	21.444370	24.614458	22.927522	0.562314
5.56	28.54	15.32	28.76	3.08	1.78	21.458159	24.613179	22.931941	0.562231
5.56	28.54	15.32	28.76	3.08	1.78	21.471961	24.611926	22.936430	0.562147
5.56	28.54	15.32	28.75	3.08	1.78	21.485774	24.610699	22.940988	0.562064
5.57	28.54	15.32	28.74	3.08	1.77	21.499595	24.609500	22.945613	0.561980
5.57	28.54	15.32	28.73	3.08	1.77	21.513420	24.608328	22.950302	0.561896
5.57	28.54	15.32	28.73	3.08	1.77	21.527247	24.607183	22.955054	0.561812
5.58	28.54	15.32	28.72	3.08	1.77	21.541074	24.606065	22.959867	0.561728
5.58	28.54	15.32	28.71	3.08	1.76	21.554898	24.604975	22.964738	0.561644
5.58	28.54	15.32	28.70	3.08	1.76	21.568718	24.603913	22.969666	0.561560
5.58	28.54	15.32	28.69	3.08	1.76	21.582530	24.602879	22.974648	0.561475
5.59	28.54	15.32	28.69	3.08	1.76	21.596334	24.601872	22.979684	0.561391
5.59	28.54	15.32	28.68	3.08	1.75	21.610126	24.600893	22.984771	0.561306
5.59	28.54	15.33	28.67	3.08	1.75	21.623907	24.599942	22.989908	0.561221
5.59	28.54	15.33	28.66	3.08	1.75	21.637672	24.599018	22.995093	0.561136
5.60	28.54	15.33	28.66	3.08	1.75	21.651422	24.598123	23.000324	0.561052
5.60	28.54	15.33	28.65	3.08	1.75	21.665155	24.597255	23.005600	0.560967
5.60	28.54	15.33	28.64	3.08	1.74	21.678869	24.596415	23.010919	0.560882
5.61	28.54	15.33	28.63	3.08	1.74	21.692563	24.595603	23.016280	0.560797
5.61	28.54	15.33	28.62	3.08	1.74	21.706236	24.594819	23.021680	0.560712
5.61	28.54	15.33	28.62	3.08	1.74	21.719886	24.594062	23.027120	0.560627
5.61	28.54	15.33	28.61	3.08	1.73	21.733512	24.593332	23.032596	0.560542
5.62	28.54	15.33	28.60	3.08	1.73	21.747114	24.592631	23.038109	0.560457
5.62	28.54	15.33	28.59	3.08	1.73	21.760690	24.591956	23.043656	0.560372
5.62	28.54	15.33	28.59	3.08	1.73	21.774239	24.591309	23.049236	0.560287
5.62	28.54	15.33	28.58	3.08	1.72	21.787761	24.590689	23.054848	0.560202
5.63	28.54	15.33	28.57	3.08	1.72	21.801254	24.590096	23.060490	0.560117
5.63	28.54	15.33	28.56	3.08	1.72	21.814718	24.589530	23.066163	0.560033
5.63	28.54	15.34	28.55	3.08	1.72	21.828153	24.588991	23.071863	0.559948
5.64	28.54	15.34	28.55	3.08	1.71	21.841556	24.588478	23.077591	0.559863
5.64	28.54	15.34	28.54	3.08	1.71	21.854928	24.587992	23.083344	0.559778
5.64	28.54	15.34	28.53	3.08	1.71	21.868268	24.587533	23.089122	0.559694
5.64	28.54	15.34	28.52	3.08	1.71	21.881576	24.587099	23.094924	0.559609
5.65	28.54	15.34	28.52	3.08	1.71	21.894850	24.586692	23.100749	0.559524
5.65	28.54	15.34	28.51	3.08	1.70	21.908091	24.586310	23.106596	0.559440
5.65	28.54	15.34	28.50	3.08	1.70	21.921297	24.585954	23.112463	0.559355
5.66	28.54	15.34	28.49	3.08	1.70	21.934469	24.585624	23.118351	0.559271
5.66	28.54	15.34	28.49	3.08	1.70	21.947606	24.585319	23.124257	0.559187
5.66	28.54	15.34	28.48	3.08	1.69	21.960707	24.585040	23.130181	0.559102
5.66	28.54	15.34	28.47	3.08	1.69	21.973773	24.584785	23.136122	0.559018
5.67	28.54	15.35	28.46	3.08	1.69	21.986802	24.584556	23.142079	0.558934
5.67	28.54	15.35	28.46	3.08	1.69	21.999794	24.584351	23.148052	0.558850
5.67	28.54	15.35	28.45	3.08	1.68	22.012750	24.584170	23.154039	0.558766
5.67	28.54	15.35	28.44	3.08	1.68	22.025668	24.584014	23.160041	0.558682
5.68	28.54	15.35	28.43	3.08	1.68	22.038549	24.583883	23.166055	0.558598
5.68	28.54	15.35	28.43	3.08	1.68	22.051392	24.583775	23.172081	0.558515
5.68	28.54	15.35	28.42	3.09	1.67	22.064197	24.583691	23.178119	0.558431
5.69	28.54	15.35	28.41	3.09	1.67	22.076963	24.583630	23.184168	0.558348
5.69	28.54	15.35	28.40	3.09	1.67	22.089692	24.583593	23.190226	0.558264
5.69	28.54	15.35	28.40	3.09	1.67	22.102381	24.583579	23.196295	0.558181
5.69	28.54	15.35	28.39	3.09	1.67	22.115032	24.583588	23.202372	0.558098
5.70	28.54	15.36	28.38	3.09	1.66	22.127644	24.583620	23.208457	0.558014
5.70	28.54	15.36	28.37	3.09	1.66	22.140217	24.583675	23.214550	0.557931
5.70	28.54	15.36	28.37	3.09	1.66	22.152750	24.583752	23.220650	0.557848
5.71	28.54	15.36	28.36	3.09	1.66	22.165244	24.583852	23.226756	0.557766
5.71	28.54	15.36	28.35	3.09	1.65	22.177699	24.583974	23.232868	0.557683
5.71	28.54	15.36	28.34	3.09	1.65	22.190113	24.584117	23.238985	0.557600
5.71	28.54	15.36	28.34	3.09	1.65	22.202488	24.584282	23.245107	0.557518
5.72	28.54	15.36	28.33	3.09	1.65	22.214824	24.584469	23.251234	0.557435
5.72	28.54	15.36	28.32	3.09	1.64	22.227119	24.584678	23.257364	0.557353
5.72	28.54	15.36	28.31	3.09	1.64	22.239375	24.584907	23.263497	0.557271
5.72	28.54	15.37	28.31	3.09	1.64	22.251590	24.585158	23.269633	0.557189
5.73	28.54	15.37	28.30	3.09	1.64	22.263765	24.585429	23.275771	0.557107
5.73	28.54	15.37	28.29	3.09	1.64	22.275901	24.585721	23.281911	0.557025
5.73	28.54	15.37	28.29	3.09	1.63	22.287996	24.586034	23.288053	0.556943
5.74	28.54	15.37	28.28	3.09	1.63	22.300051	24.586366	23.294195	0.556862
5.74	28.54	15.37	28.27	3.09	1.63	22.312066	24.586719	23.300339	0.556780
5.74	28.54	15.37	28.26	3.09	1.63	22.324040	24.587092	23.306482	0.556699
5.74	28.54	15.37	28.26	3.09	1.62	22.335975	24.587485	23.312625	0.556617
5.75	28.54	15.37	28.25	3.09	1.62	22.347869	24.587897	23.318768	0.556536
5.75	28.54	15.38	28.24	3.09	1.62	22.359723	24.588329	23.324909	0.556455
5.75	28.54	15.38	28.23	3.09	1.62	22.371536	24.588780	23.331049	0.556374
5.76	28.54	15.38	28.23	3.09	1.62	22.383310	24.589250	23.337188	0.556294
5.76	28.54	15.38	28.22	3.09	1.61	22.395044	24.589739	23.343325	0.556213
5.76	28.54	15.38	28.21	3.09	1.61	22.406737	24.590247	23.349459	0.556132
5.76	28.54	15.38	28.21	3.09	1.61	22.418390	24.590774	23.355591	0.556052
5.77	28.54	15.38	28.20	3.09	1.61	22.430003	24.591319	23.361720	0.555972
5.77	28.54	15.38	28.19	3.09	1.60	22.441576	24.591882	23.367845	0.555891
5.77	28.54	15.39	28.18	3.09	1.60	22.453109	24.592463	23.373967	0.555811
5.78	28.54	15.39	28.18	3.09	1.60	22.464603	24.593063	23.380086	0.555731
5.78	28.54	15.39	28.17	3.09	1.60	22.476056	24.593680	23.386200	0.555652
5.78	28.54	15.39	28.16	3.09	1.60	22.487469	24.594315	23.392310	0.555572
5.78	28.54	15.39	28.16	3.09	1.59	22.498843	24.594967	23.398416	0.555492
5.79	28.54	15.39	28.15	3.09	1.59	22.510177	24.595637	23.404516	0.555413
5.79	28.54	15.39	28.14	3.09	1.59	22.521471	24.596323	23.410612	0.555334
5.79	28.54	15.39	28.13	3.09	1.59	22.532726	24.597027	23.416702	0.555255
5.79	28.54	15.40	28.13	3.09	1.58	22.543941	24.597748	23.422787	0.555176
5.80	28.54	15.40	28.12	3.09	1.58	22.555117	24.598486	23.428867	0.555097
5.80	28.54	15.40	28.11	3.09	1.58	22.566253	24.599240	23.434940	0.555018
5.80	28.54	15.40	28.11	3.09	1.58	22.577350	24.600011	23.441007	0.554939
5.81	28.54	15.40	28.10	3.09	1.58	22.588407	24.600798	23.447068	0.554861
5.81	28.54	15.40	28.09	3.09	1.57	22.599426	24.601601	23.453122	0.554782
5.81	28.54	15.40	28.08	3.09	1.57	22.610405	24.602420	23.459170	0.554704
5.81	28.54	15.40	28.08	3.09	1.57	22.621346	24.603255	23.465211	0.554626
5.82	28.54	15.41	28.07	3.09	1.57	22.632247	24.604106	23.471244	0.554548
5.82	28.54	15.41	28.06	3.09	1.56	22.643110	24.604972	23.477271	0.554470
5.82	28.54	15.41	28.06	3.09	1.56	22.653934	24.605854	23.483290	0.554392
5.83	28.54	15.41	28.05	3.09	1.56	22.664719	24.606752	23.489301	0.554315
5.83	28.54	15.41	28.04	3.09	1.56	22.675466	24.607664	23.495305	0.554237
5.83	28.54	15.41	28.04	3.10	1.56	22.686174	24.608592	23.501301	0.554160
5.83	28.54	15.41	28.03	3.10	1.55	22.696844	24.609535	23.507290	0.554083
5.84	28.54	15.41	28.02	3.10	1.55	22.707475	24.610492	23.513270	0.554006
5.84	28.54	15.42	28.01	3.10	1.55	22.718069	24.611464	23.519241	0.553929
5.84	28.54	15.42	28.01	3.10	1.55	22.728624	24.612451	23.525205	0.553852
5.84	28.54	15.42	28.00	3.10	1.55	22.739141	24.613452	23.531160	0.553776
5.85	28.54	15.42	27.99	3.10	1.54	22.749620	24.614468	23.537106	0.553699
5.85	28.54	15.42	27.99	3.10	1.54	22.760062	24.615498	23.543043	0.553623
5.85	28.54	15.42	27.98	3.10	1.54	22.770466	24.616542	23.548972	0.553547
5.86	28.54	15.42	27.97	3.10	1.54	22.780832	24.617600	23.554892	0.553471
5.86	28.54	15.43	27.97	3.10	1.53	22.791161	24.618671	23.560803	0.553395
5.86	28.54	15.43	27.96	3.10	1.53	22.801453	24.619757	23.566704	0.553319
5.86	28.54	15.43	27.95	3.10	1.53	22.811707	24.620856	23.572596	0.553243
5.87	28.54	15.43	27.94	3.10	1.53	22.821924	24.621969	23.578479	0.553168
5.87	28.54	15.43	27.94	3.10	1.53	22.832104	24.623095	23.584353	0.553092
5.87	28.54	15.43	27.93	3.10	1.52	22.842247	24.624234	23.590217	0.553017
5.88	28.54	15.44	27.92	3.10	1.52	22.852353	24.625386	23.596071	0.552942
5.88	28.54	15.44	27.92	3.10	1.52	22.862422	24.626552	23.601916	0.552867
5.88	28.54	15.44	27.91	3.10	1.52	22.872455	24.627730	23.607751	0.552792
5.88	28.54	15.44	27.90	3.10	1.52	22.882452	24.628921	23.613576	0.552718
5.89	28.54	15.44	27.90	3.10	1.51	22.892411	24.630125	23.619391	0.552643
5.89	28.54	15.44	27.89	3.10	1.51	22.902335	24.631342	23.625196	0.552569
5.89	28.54	15.44	27.88	3.10	1.51	22.912222	24.632571	23.630991	0.552495
5.89	28.54	15.45	27.88	3.10	1.51	22.922074	24.633813	23.636776	0.552420
5.90	28.54	15.45	27.87	3.10	1.51	22.931889	24.635066	23.642550	0.552347
5.90	28.54	15.45	27.86	3.10	1.50	22.941669	24.636332	23.648315	0.552273
5.90	28.54	15.45	27.86	3.10	1.50	22.951412	24.637611	23.654069	0.552199
5.91	28.54	15.45	27.85	3.10	1.50	22.961120	24.638901	23.659813	0.552126
5.91	28.54	15.45	27.84	3.10	1.50	22.970793	24.640203	23.665547	0.552052
5.91	28.54	15.46	27.84	3.10	1.50	22.980430	24.641516	23.671270	0.551979
5.91	28.54	15.46	27.83	3.10	1.49	22.990032	24.642842	23.676982	0.551906
5.92	28.54	15.46	27.82	3.10	1.49	22.999599	24.644179	23.682684	0.551833
5.92	28.54	15.46	27.82	3.10	1.49	23.009131	24.645528	23.688375	0.551760
5.92	28.54	15.46	27.81	3.10	1.49	23.018627	24.646887	23.694056	0.551688
5.92	28.54	15.46	27.80	3.10	1.49	23.028089	24.648259	23.699726	0.551615
5.93	28.54	15.47	27.80	3.10	1.48	23.037516	24.649641	23.705385	0.551543
5.93	28.54	15.47	27.79	3.10	1.48	23.046909	24.651035	23.711034	0.551471
5.93	28.54	15.47	27.78	3.10	1.48	23.056267	24.652439	23.716672	0.551399
5.94	28.54	15.47	27.78	3.10	1.48	23.065591	24.653855	23.722299	0.551327
5.94	28.54	15.47	27.77	3.10	1.48	23.074880	24.655281	23.727915	0.551255
5.94	28.54	15.47	27.76	3.10	1.47	23.084135	24.656718	23.733520	0.551184
5.94	28.54	15.48	27.76	3.10	1.47	23.093357	24.658166	23.739114	0.551112
5.95	28.54	15.48	27.75	3.10	1.47	23.102544	24.659624	23.744698	0.551041
5.95	28.54	15.48	27.74	3.10	1.47	23.111697	24.661093	23.750270	0.550970
5.95	28.54	15.48	27.74	3.10	1.47	23.120817	24.662572	23.755831	0.550899
5.96	28.54	15.48	27.73	3.10	1.46	23.129903	24.664062	23.761382	0.550828
5.96	28.54	15.48	27.72	3.10	1.46	23.138956	24.665561	23.766921	0.550758
5.96	28.54	15.49	27.72	3.10	1.46	23.147975	24.667071	23.772449	0.550687
5.96	28.54	15.49	27.71	3.10	1.46	23.156962	24.668591	23.777967	0.550617
5.97	28.54	15.49	27.70	3.10	1.46	23.165915	24.670121	23.783473	0.550546
5.97	28.54	15.49	27.70	3.10	1.45	23.174835	24.671660	23.788968	0.550476
5.97	28.54	15.49	27.69	3.10	1.45	23.183722	24.673210	23.794452	0.550407
5.97	28.54	15.50	27.68	3.10	1.45	23.192576	24.674769	23.799925	0.550337
5.98	28.54	15.50	27.68	3.10	1.45	23.201398	24.676338	23.805386	0.550267
5.98	28.54	15.50	27.67	3.10	1.45	23.210187	24.677916	23.810837	0.550198
5.98	28.54	15.50	27.66	3.10	1.44	23.218943	24.679504	23.816276	0.550129
5.99	28.54	15.50	27.66	3.10	1.44	23.227668	24.681101	23.821704	0.550060
5.99	28.54	15.50	27.65	3.10	1.44	23.236360	24.682707	23.827121	0.549991
5.99	28.54	15.51	27.65	3.11	1.44	23.245020	24.684323	23.832527	0.549922
5.99	28.54	15.51	27.64	3.11	1.44	23.253647	24.685948	23.837921	0.549853
6.00	28.54	15.51	27.63	3.11	1.43	23.262244	24.687581	23.843304	0.549785
6.00	28.54	15.51	27.63	3.11	1.43	23.270808	24.689224	23.848677	0.549717
6.00	28.54	15.51	27.62	3.11	1.43	23.279340	24.690876	23.854037	0.549648
6.01	28.54	15.52	27.61	3.11	1.43	23.287842	24.692537	23.859387	0.549580
6.01	28.54	15.52	27.61	3.11	1.43	23.296311	24.694206	23.864726	0.549513
6.01	28.54	15.52	27.60	3.11	1.43	23.304749	24.695884	23.870053	0.549445
6.01	28.54	15.52	27.59	3.11	1.42	23.313157	24.697570	23.875369	0.549378
6.02	28.54	15.52	27.59	3.11	1.42	23.321532	24.699265	23.880673	0.549310
6.02	28.54	15.53	27.58	3.11	1.42	23.329877	24.700969	23.885967	0.549243
6.02	28.54	15.53	27.58	3.11	1.42	23.338192	24.702681	23.891249	0.549176
6.03	28.54	15.53	27.57	3.11	1.42	23.346475	24.704401	23.896520	0.549109
6.03	28.54	15.53	27.56	3.11	1.41	23.354728	24.706130	23.901780	0.549043
6.03	28.54	15.53	27.56	3.11	1.41	23.362950	24.707866	23.907028	0.548976
6.03	28.54	15.53	27.55	3.11	1.41	23.371141	24.709611	23.912266	0.548910
6.04	28.54	15.54	27.54	3.11	1.41	23.379303	24.711364	23.917492	0.548844
6.04	28.54	15.54	27.54	3.11	1.41	23.387434	24.713124	23.922707	0.548778
6.04	28.54	15.54	27.53	3.11	1.40	23.395535	24.714893	23.927910	0.548712
6.04	28.54	15.54	27.52	3.11	1.40	23.403606	24.716669	23.933103	0.548646
6.05	28.54	15.54	27.52	3.11	1.40	23.411647	24.718453	23.938284	0.548581
6.05	28.54	15.55	27.51	3.11	1.40	23.419658	24.720245	23.943454	0.548515
6.05	28.54	15.55	27.51	3.11	1.40	23.427639	24.722044	23.948613	0.548450
6.06	28.54	15.55	27.50	3.11	1.40	23.435591	24.723851	23.953761	0.548385
6.06	28.54	15.55	27.49	3.11	1.39	23.443514	24.725666	23.958898	0.548320
6.06	28.54	15.56	27.49	3.11	1.39	23.451407	24.727488	23.964023	0.548256
6.06	28.54	15.56	27.48	3.11	1.39	23.459271	24.729317	23.969137	0.548191
6.07	28.54	15.56	27.48	3.11	1.39	23.467105	24.731153	23.974240	0.548127
6.07	28.54	15.56	27.47	3.11	1.39	23.474911	24.732997	23.979332	0.548063
6.07	28.54	15.56	27.46	3.11	1.38	23.482688	24.734847	23.984413	0.547999
6.08	28.54	15.57	27.46	3.11	1.38	23.490435	24.736705	23.989483	0.547935
6.08	28.54	15.57	27.45	3.11	1.38	23.498155	24.738570	23.994541	0.547871
6.08	28.54	15.57	27.44	3.11	1.38	23.505845	24.740442	23.999589	0.547808
6.08	28.54	15.57	27.44	3.11	1.38	23.513507	24.742321	24.004625	0.547744
6.09	28.54	15.57	27.43	3.11	1.38	23.521140	24.744206	24.009651	0.547681
6.09	28.54	15.58	27.43	3.11	1.37	23.528746	24.746098	24.014665	0.547618
6.09	28.54	15.58	27.42	3.11	1.37	23.536323	24.747997	24.019668	0.547556
6.09	28.54	15.58	27.41	3.11	1.37	23.543872	24.749903	24.024661	0.547493
6.10	28.54	15.58	27.41	3.11	1.37	23.551392	24.751815	24.029642	0.547431
6.10	28.54	15.58	27.40	3.11	1.37	23.558885	24.753734	24.034612	0.547368
6.10	28.54	15.59	27.40	3.11	1.37	23.566350	24.755659	24.039571	0.547306
6.11	28.54	15.59	27.39	3.11	1.36	23.573788	24.757590	24.044520	0.547244
6.11	28.54	15.59	27.38	3.11	1.36	23.581198	24.759528	24.049457	0.547183
6.11	28.54	15.59	27.38	3.11	1.36	23.588580	24.761472	24.054383	0.547121
6.11	28.54	15.60	27.37	3.11	1.36	23.595935	24.763423	24.059299	0.547060
6.12	28.54	15.60	27.37	3.11	1.36	23.603262	24.765379	24.064203	0.546998
6.12	28.54	15.60	27.36	3.11	1.36	23.610563	24.767342	24.069097	0.546937
6.12	28.54	15.60	27.35	3.11	1.35	23.617836	24.769311	24.073979	0.546877
6.12	28.54	15.60	27.35	3.11	1.35	23.625082	24.771285	24.078851	0.546816
6.13	28.54	15.61	27.34	3.11	1.35	23.632302	24.773266	24.083712	0.546756
6.13	28.54	15.61	27.34	3.11	1.35	23.639494	24.775252	24.088562	0.546695
6.13	28.54	15.61	27.33	3.11	1.35	23.646660	24.777244	24.093401	0.546635
6.14	28.54	15.61	27.32	3.11	1.35	23.653800	24.779242	24.098230	0.546575
6.14	28.54	15.62	27.32	3.11	1.34	23.660912	24.781246	24.103048	0.546515
6.14	28.54	15.62	27.31	3.11	1.34	23.667999	24.783256	24.107855	0.546456
6.14	28.54	15.62	27.31	3.11	1.34	23.675059	24.785270	24.112651	0.546397
6.15	28.54	15.62	27.30	3.11	1.34	23.682093	24.787291	24.117436	0.546337
6.15	28.54	15.63	27.29	3.11	1.34	23.689100	24.789317	24.122211	0.546278
6.15	28.54	15.63	27.29	3.11	1.34	23.696082	24.791348	24.126975	0.546219
6.16	28.54	15.63	27.28	3.11	1.33	23.703038	24.793385	24.131728	0.546161
6.16	28.54	15.63	27.28	3.11	1.33	23.709968	24.795427	24.136471	0.546102
6.16	28.54	15.64	27.27	3.11	1.33	23.716872	24.797475	24.141203	0.546044
6.16	28.54	15.64	27.26	3.11	1.33	23.723750	24.799527	24.145924	0.545986
6.17	28.54	15.64	27.26	3.11	1.33	23.730603	24.801585	24.150635	0.545928
6.17	28.54	15.64	27.25	3.11	1.33	23.737431	24.803648	24.155335	0.545870
6.17	28.54	15.64	27.25	3.11	1.32	23.744233	24.805716	24.160024	0.545813
6.17	28.54	15.65	27.24	3.11	1.32	23.751010	24.807789	24.164703	0.545756
6.18	28.54	15.65	27.24	3.12	1.32	23.757762	24.809866	24.169372	0.545698
6.18	28.54	15.65	27.23	3.12	1.32	23.764488	24.811949	24.174029	0.545641
6.18	28.54	15.65	27.22	3.12	1.32	23.771190	24.814037	24.178677	0.545585
6.19	28.54	15.66	27.22	3.12	1.32	23.777867	24.816129	24.183314	0.545528
6.19	28.54	15.66	27.21	3.12	1.31	23.784519	24.818227	24.187940	0.545472
6.19	28.54	15.66	27.21	3.12	1.31	23.791146	24.820328	24.192556	0.545415
6.19	28.54	15.66	27.20	3.12	1.31	23.797749	24.822435	24.197162	0.545359
6.20	28.54	15.67	27.20	3.12	1.31	23.804327	24.824546	24.201757	0.545304
6.20	28.54	15.67	27.19	3.12	1.31	23.810880	24.826662	24.206341	0.545248
6.20	28.54	15.67	27.18	3.12	1.31	23.817410	24.828782	24.210916	0.545193
6.21	28.54	15.67	27.18	3.12	1.31	23.823915	24.830907	24.215480	0.545137
6.21	28.54	15.68	27.17	3.12	1.30	23.830396	24.833036	24.220033	0.545082
6.21	28.54	15.68	27.17	3.12	1.30	23.836853	24.835169	24.224577	0.545027
6.21	28.54	15.68	27.16	3.12	1.30	23.843286	24.837307	24.229110	0.544973
6.22	28.54	15.68	27.16	3.12	1.30	23.849695	24.839449	24.233632	0.544918
6.22	28.54	15.69	27.15	3.12	1.30	23.856080	24.841596	24.238145	0.544864
6.22	28.54	15.69	27.14	3.12	1.30	23.862441	24.843746	24.242647	0.544810
6.22	28.54	15.69	27.14	3.12	1.29	23.868779	24.845901	24.247139	0.544756
6.23	28.54	15.69	27.13	3.12	1.29	23.875093	24.848059	24.251621	0.544702
6.23	28.54	15.70	27.13	3.12	1.29	23.881384	24.850222	24.256092	0.544649
6.23	28.54	15.70	27.12	3.12	1.29	23.887652	24.852389	24.260554	0.544596
6.24	28.54	15.70	27.12	3.12	1.29	23.893896	24.854559	24.265005	0.544542
6.24	28.54	15.70	27.11	3.12	1.29	23.900117	24.856734	24.269446	0.544490
6.24	28.54	15.71	27.10	3.12	1.29	23.906315	24.858912	24.273877	0.544437
6.24	28.54	15.71	27.10	3.12	1.28	23.912490	24.861095	24.278298	0.544384
6.25	28.54	15.71	27.09	3.12	1.28	23.918642	24.863281	24.282709	0.544332
6.25	28.54	15.71	27.09	3.12	1.28	23.924771	24.865470	24.287110	0.544280
6.25	28.54	15.72	27.08	3.12	1.28	23.930877	24.867664	24.291501	0.544228
6.26	28.54	15.72	27.08	3.12	1.28	23.936961	24.869861	24.295882	0.544176
6.26	28.54	15.72	27.07	3.12	1.28	23.943022	24.872061	24.300253	0.544125
6.26	28.54	15.73	27.07	3.12	1.28	23.949061	24.874266	24.304614	0.544073
6.26	28.54	15.73	27.06	3.12	1.27	23.955077	24.876473	24.308965	0.544022
6.27	28.54	15.73	27.06	3.12	1.27	23.961071	24.878685	24.313306	0.543971
6.27	28.54	15.73	27.05	3.12	1.27	23.967042	24.880899	24.317637	0.543921
6.27	28.54	15.74	27.04	3.12	1.27	23.972992	24.883117	24.321959	0.543870
6.28	28.54	15.74	27.04	3.12	1.27	23.978919	24.885338	24.326270	0.543820
6.28	28.54	15.74	27.03	3.12	1.27	23.984824	24.887563	24.330572	0.543770
6.28	28.54	15.74	27.03	3.12	1.27	23.990707	24.889791	24.334863	0.543720
6.28	28.54	15.75	27.02	3.12	1.26	23.996569	24.892022	24.339145	0.543670
6.29	28.54	15.75	27.02	3.12	1.26	24.002409	24.894256	24.343418	0.543621
6.29	28.54	15.75	27.01	3.12	1.26	24.008227	24.896494	24.347680	0.543572
6.29	28.54	15.76	27.01	3.12	1.26	24.014023	24.898734	24.351933	0.543522
6.29	28.54	15.76	27.00	3.12	1.26	24.019798	24.900978	24.356176	0.543474
6.30	28.54	15.76	27.00	3.12	1.26	24.025552	24.903225	24.360409	0.543425
6.30	28.54	15.76	26.99	3.12	1.26	24.031284	24.905474	24.364633	0.543376
6.30	28.54	15.77	26.98	3.12	1.25	24.036995	24.907727	24.368847	0.543328
6.31	28.54	15.77	26.98	3.12	1.25	24.042685	24.909982	24.373051	0.543280
6.31	28.54	15.77	26.97	3.12	1.25	24.048353	24.912240	24.377246	0.543232
6.31	28.54	15.77	26.97	3.12	1.25	24.054001	24.914502	24.381431	0.543185
6.31	28.54	15.78	26.96	3.12	1.25	24.059627	24.916766	24.385606	0.543137
6.32	28.54	15.78	26.96	3.12	1.25	24.065233	24.919032	24.389772	0.543090
6.32	28.54	15.78	26.95	3.12	1.25	24.070818	24.921302	24.393929	0.543043
6.32	28.54	15.79	26.95	3.12	1.25	24.076382	24.923574	24.398076	0.542996
6.33	28.54	15.79	26.94	3.12	1.24	24.081925	24.925848	24.402213	0.542950
6.33	28.54	15.79	26.94	3.12	1.24	24.087448	24.928126	24.406341	0.542903
6.33	28.54	15.79	26.93	3.12	1.24	24.092951	24.930405	24.410460	0.542857
6.33	28.54	15.80	26.93	3.12	1.24	24.098433	24.932688	24.414569	0.542811
6.34	28.54	15.80	26.92	3.12	1.24	24.103895	24.934973	24.418669	0.542765
6.34	28.54	15.80	26.92	3.12	1.24	24.109336	24.937260	24.422759	0.542720
6.34	28.54	15.81	26.91	3.12	1.24	24.114757	24.939550	24.426840	0.542675
6.34	28.54	15.81	26.91	3.12	1.23	24.120158	24.941842	24.430911	0.542630
6.35	28.54	15.81	26.90	3.12	1.23	24.125539	24.944136	24.434974	0.542585
6.35	28.54	15.81	26.89	3.12	1.23	24.130901	24.946433	24.439027	0.542540
6.35	28.54	15.82	26.89	3.12	1.23	24.136242	24.948732	24.443070	0.542495
6.36	28.54	15.82	26.88	3.12	1.23	24.141563	24.951033	24.447105	0.542451
6.36	28.54	15.82	26.88	3.12	1.23	24.146865	24.953336	24.451130	0.542407
6.36	28.54	15.83	26.87	3.12	1.23	24.152147	24.955642	24.455145	0.542363
6.36	28.54	15.83	26.87	3.12	1.23	24.157410	24.957950	24.459152	0.542320
6.37	28.54	15.83	26.86	3.12	1.23	24.162652	24.960260	24.463150	0.542276
6.37	28.54	15.84	26.86	3.12	1.22	24.167876	24.962572	24.467138	0.542233
6.37	28.54	15.84	26.85	3.12	1.22	24.173080	24.964885	24.471117	0.542190
6.38	28.54	15.84	26.85	3.12	1.22	24.178265	24.967201	24.475087	0.542147
6.38	28.54	15.84	26.84	3.12	1.22	24.183431	24.969519	24.479048	0.542105
6.38	28.54	15.85	26.84	3.12	1.22	24.188577	24.971839	24.483000	0.542063
6.38	28.54	15.85	26.83	3.12	1.22	24.193704	24.974161	24.486943	0.542020
6.39	28.54	15.85	26.83	3.12	1.22	24.198813	24.976484	24.490876	0.541979
6.39	28.54	15.86	26.82	3.12	1.22	24.203902	24.978810	24.494801	0.541937
6.39	28.54	15.86	26.82	3.12	1.21	24.208973	24.981137	24.498717	0.541895
6.39	28.54	15.86	26.81	3.13	1.21	24.214025	24.983466	24.502623	0.541854
6.40	28.54	15.87	26.81	3.13	1.21	24.219058	24.985797	24.506521	0.541813
6.40	28.54	15.87	26.80	3.13	1.21	24.224072	24.988129	24.510410	0.541772
6.40	28.54	15.87	26.80	3.13	1.21	24.229068	24.990463	24.514290	0.541732
6.41	28.54	15.87	26.79	3.13	1.21	24.234045	24.992799	24.518161	0.541691
6.41	28.54	15.88	26.79	3.13	1.21	24.239004	24.995136	24.522023	0.541651
6.41	28.54	15.88	26.78	3.13	1.21	24.243945	24.997475	24.525876	0.541611
6.41	28.54	15.88	26.78	3.13	1.21	24.248867	24.999816	24.529720	0.541572
6.42	28.54	15.89	26.77	3.13	1.20	24.253771	25.002158	24.533556	0.541532
6.42	28.54	15.89	26.77	3.13	1.20	24.258657	25.004501	24.537382	0.541493
6.42	28.54	15.89	26.76	3.13	1.20	24.263524	25.006846	24.541200	0.541454
6.42	28.54	15.90	26.76	3.13	1.20	24.268374	25.009192	24.545009	0.541415
6.43	28.54	15.90	26.75	3.13	1.20	24.273206	25.011540	24.548809	0.541376
6.43	28.54	15.90	26.75	3.13	1.20	24.278020	25.013889	24.552601	0.541338
6.43	28.54	15.91	26.74	3.13	1.20	24.282816	25.016239	24.556384	0.541300
6.44	28.54	15.91	26.74	3.13	1.20	24.287594	25.018591	24.560158	0.541262
6.44	28.54	15.91	26.73	3.13	1.20	24.292355	25.020944	24.563924	0.541224
6.44	28.54	15.92	26.73	3.13	1.19	24.297098	25.023298	24.567681	0.541186
6.44	28.54	15.92	26.72	3.13	1.19	24.301823	25.025654	24.571429	0.541149
6.45	28.54	15.92	26.72	3.13	1.19	24.306531	25.028011	24.575168	0.541112
6.45	28.54	15.93	26.71	3.13	1.19	24.311222	25.030368	24.578899	0.541075
6.45	28.54	15.93	26.71	3.13	1.19	24.315895	25.032727	24.582622	0.541038
6.46	28.54	15.93	26.70	3.13	1.19	24.320551	25.035087	24.586336	0.541002
6.46	28.54	15.94	26.70	3.13	1.19	24.325189	25.037448	24.590041	0.540966
6.46	28.54	15.94	26.69	3.13	1.19	24.329811	25.039811	24.593738	0.540930
6.46	28.54	15.94	26.69	3.13	1.19	24.334415	25.042174	24.597426	0.540894
6.47	28.54	15.94	26.69	3.13	1.18	24.339002	25.044538	24.601106	0.540858
6.47	28.54	15.95	26.68	3.13	1.18	24.343573	25.046903	24.604778	0.540823
6.47	28.54	15.95	26.68	3.13	1.18	24.348126	25.049269	24.608441	0.540788
6.47	28.54	15.95	26.67	3.13	1.18	24.352663	25.051636	24.612095	0.540753
6.48	28.54	15.96	26.67	3.13	1.18	24.357183	25.054004	24.615741	0.540718
6.48	28.54	15.96	26.66	3.13	1.18	24.361686	25.056373	24.619379	0.540684
6.48	28.54	15.96	26.66	3.13	1.18	24.366173	25.058742	24.623008	0.540650
6.49	28.54	15.97	26.65	3.13	1.18	24.370643	25.061112	24.626629	0.540616
6.49	28.54	15.97	26.65	3.13	1.18	24.375096	25.063483	24.630242	0.540582
6.49	28.54	15.97	26.64	3.13	1.18	24.379533	25.065855	24.633846	0.540549
6.49	28.54	15.98	26.64	3.13	1.17	24.383954	25.068228	24.637443	0.540515
6.50	28.54	15.98	26.63	3.13	1.17	24.388358	25.070601	24.641030	0.540482
6.50	28.54	15.98	26.63	3.13	1.17	24.392746	25.072975	24.644610	0.540449
6.50	28.54	15.99	26.62	3.13	1.17	24.397118	25.075350	24.648181	0.540417
6.51	28.54	15.99	26.62	3.13	1.17	24.401473	25.077725	24.651745	0.540384
6.51	28.54	15.99	26.61	3.13	1.17	24.405813	25.080101	24.655299	0.540352
6.51	28.54	16.00	26.61	3.13	1.17	24.410137	25.082477	24.658846	0.540320
6.51	28.54	16.00	26.61	3.13	1.17	24.414444	25.084854	24.662385	0.540288
6.52	28.54	16.00	26.60	3.13	1.17	24.418736	25.087231	24.665915	0.540256
6.52	28.54	16.01	26.60	3.13	1.17	24.423012	25.089609	24.669438	0.540225
6.52	28.54	16.01	26.59	3.13	1.17	24.427272	25.091988	24.672952	0.540194
6.53	28.54	16.02	26.59	3.13	1.16	24.431516	25.094367	24.676458	0.540163
6.53	28.54	16.02	26.58	3.13	1.16	24.435745	25.096746	24.679956	0.540132
6.53	28.54	16.02	26.58	3.13	1.16	24.439958	25.099126	24.683446	0.540102
6.53	28.54	16.03	26.57	3.13	1.16	24.444156	25.101506	24.686928	0.540072
6.54	28.54	16.03	26.57	3.13	1.16	24.448338	25.103886	24.690402	0.540042
6.54	28.54	16.03	26.56	3.13	1.16	24.452504	25.106267	24.693868	0.540012
6.54	28.54	16.04	26.56	3.13	1.16	24.456656	25.108648	24.697327	0.539982
6.54	28.54	16.04	26.55	3.13	1.16	24.460792	25.111029	24.700777	0.539953
6.55	28.54	16.04	26.55	3.13	1.16	24.464912	25.113411	24.704219	0.539924
6.55	28.54	16.05	26.55	3.13	1.16	24.469018	25.115792	24.707653	0.539895
6.55	28.54	16.05	26.54	3.13	1.16	24.473108	25.118174	24.711079	0.539866
6.56	28.54	16.05	26.54	3.13	1.16	24.477184	25.120557	24.714498	0.539838
6.56	28.54	16.06	26.53	3.13	1.15	24.481244	25.122939	24.717909	0.539810
6.56	28.54	16.06	26.53	3.13	1.15	24.485289	25.125322	24.721311	0.539782
6.56	28.54	16.06	26.52	3.13	1.15	24.489320	25.127704	24.724706	0.539754
6.57	28.54	16.07	26.52	3.13	1.15	24.493336	25.130087	24.728094	0.539726
6.57	28.54	16.07	26.51	3.13	1.15	24.497337	25.132470	24.731473	0.539699
6.57	28.54	16.07	26.51	3.13	1.15	24.501323	25.134853	24.734845	0.539672
6.58	28.54	16.08	26.51	3.13	1.15	24.505294	25.137235	24.738208	0.539645
6.58	28.54	16.08	26.50	3.13	1.15	24.509251	25.139618	24.741565	0.539618
6.58	28.54	16.09	26.50	3.13	1.15	24.513193	25.142001	24.744913	0.539592
6.58	28.54	16.09	26.49	3.13	1.15	24.517121	25.144384	24.748254	0.539565
6.59	28.54	16.09	26.49	3.13	1.15	24.521035	25.146767	24.751587	0.539539
6.59	28.54	16.10	26.48	3.13	1.15	24.524934	25.149150	24.754912	0.539514
6.59	28.54	16.10	26.48	3.13	1.15	24.528818	25.151532	24.758230	0.539488
6.59	28.54	16.10	26.48	3.13	1.14	24.532689	25.153915	24.761540	0.539463
6.60	28.54	16.11	26.47	3.13	1.14	24.536545	25.156297	24.764842	0.539437
6.60	28.54	16.11	26.47	3.13	1.14	24.540387	25.158680	24.768137	0.539412
6.60	28.54	16.11	26.46	3.13	1.14	24.544215	25.161062	24.771425	0.539388
6.61	28.54	16.12	26.46	3.13	1.14	24.548028	25.163444	24.774705	0.539363
6.61	28.54	16.12	26.45	3.13	1.14	24.551828	25.165825	24.777977	0.539339
6.61	28.54	16.13	26.45	3.13	1.14	24.555614	25.168207	24.781241	0.539315
6.61	28.54	16.13	26.45	3.13	1.14	24.559386	25.170588	24.784499	0.539291
6.62	28.54	16.13	26.44	3.13	1.14	24.563144	25.172969	24.787748	0.539267
6.62	28.54	16.14	26.44	3.13	1.14	24.566889	25.175349	24.790991	0.539244
6.62	28.54	16.14	26.43	3.13	1.14	24.570619	25.177730	24.794226	0.539221
6.62	28.54	16.14	26.43	3.13	1.14	24.574336	25.180110	24.797453	0.539198
6.63	28.54	16.15	26.42	3.13	1.14	24.578039	25.182489	24.800673	0.539175
6.63	28.54	16.15	26.42	3.13	1.14	24.581729	25.184868	24.803886	0.539152
6.63	28.54	16.15	26.42	3.13	1.13	24.585405	25.187247	24.807091	0.539130
6.64	28.54	16.16	26.41	3.13	1.13	24.589068	25.189626	24.810289	0.539108
6.64	28.54	16.16	26.41	3.13	1.13	24.592717	25.192004	24.813479	0.539086
6.64	28.54	16.17	26.40	3.13	1.13	24.596353	25.194381	24.816662	0.539064
6.64	28.54	16.17	26.40	3.13	1.13	24.599976	25.196758	24.819838	0.539043
6.65	28.54	16.17	26.39	3.13	1.13	24.603585	25.199135	24.823007	0.539021
6.65	28.54	16.18	26.39	3.13	1.13	24.607181	25.201511	24.826168	0.539000
6.65	28.54	16.18	26.39	3.13	1.13	24.610764	25.203887	24.829322	0.538979
6.66	28.54	16.19	26.38	3.13	1.13	24.614334	25.206262	24.832469	0.538959
6.66	28.54	16.19	26.38	3.13	1.13	24.617891	25.208636	24.835609	0.538938
6.66	28.54	16.19	26.37	3.14	1.13	24.621434	25.211010	24.838741	0.538918
6.66	28.54	16.20	26.37	3.14	1.13	24.624965	25.213383	24.841866	0.538898
6.67	28.54	16.20	26.37	3.14	1.13	24.628483	25.215756	24.844984	0.538878
6.67	28.54	16.20	26.36	3.14	1.13	24.631988	25.218128	24.848095	0.538858
6.67	28.54	16.21	26.36	3.14	1.13	24.635480	25.220500	24.851199	0.538839
6.67	28.54	16.21	26.35	3.14	1.13	24.638960	25.222870	24.854296	0.538820
6.68	28.54	16.22	26.35	3.14	1.12	24.642427	25.225240	24.857385	0.538801
6.68	28.54	16.22	26.35	3.14	1.12	24.645881	25.227610	24.860468	0.538782
6.68	28.54	16.22	26.34	3.14	1.12	24.649322	25.229979	24.863543	0.538764
6.69	28.54	16.23	26.34	3.14	1.12	24.652751	25.232347	24.866612	0.538745
6.69	28.54	16.23	26.33	3.14	1.12	24.656168	25.234714	24.869673	0.538727
6.69	28.54	16.24	26.33	3.14	1.12	24.659572	25.237080	24.872727	0.538709
6.69	28.54	16.24	26.33	3.14	1.12	24.662963	25.239446	24.875774	0.538691
6.70	28.54	16.24	26.32	3.14	1.12	24.666342	25.241811	24.878815	0.538674
6.70	28.54	16.25	26.32	3.14	1.12	24.669709	25.244175	24.881848	0.538656
6.70	28.54	16.25	26.31	3.14	1.12	24.673064	25.246538	24.884874	0.538639
6.71	28.54	16.25	26.31	3.14	1.12	24.676406	25.248901	24.887894	0.538622
6.71	28.54	16.26	26.31	3.14	1.12	24.679737	25.251262	24.890907	0.538606
6.71	28.54	16.26	26.30	3.14	1.12	24.683055	25.253623	24.893912	0.538589
6.71	28.54	16.27	26.30	3.14	1.12	24.686361	25.255983	24.896911	0.538573
6.72	28.54	16.27	26.29	3.14	1.12	24.689655	25.258342	24.899903	0.538557
6.72	28.54	16.27	26.29	3.14	1.12	24.692937	25.260699	24.902888	0.538541
6.72	28.54	16.28	26.29	3.14	1.12	24.696207	25.263057	24.905866	0.538525
6.72	28.54	16.28	26.28	3.14	1.12	24.699465	25.265413	24.908837	0.538510
6.73	28.54	16.29	26.28	3.14	1.12	24.702711	25.267768	24.911802	0.538494
6.73	28.54	16.29	26.27	3.14	1.11	24.705946	25.270122	24.914760	0.538479
6.73	28.54	16.29	26.27	3.14	1.11	24.709169	25.272475	24.917711	0.538464
6.74	28.54	16.30	26.27	3.14	1.11	24.712380	25.274827	24.920655	0.538450
6.74	28.54	16.30	26.26	3.14	1.11	24.715579	25.277178	24.923593	0.538435
6.74	28.54	16.31	26.26	3.14	1.11	24.718767	25.279528	24.926524	0.538421
6.74	28.54	16.31	26.26	3.14	1.11	24.721944	25.281877	24.929448	0.538407
6.75	28.54	16.31	26.25	3.14	1.11	24.725108	25.284225	24.932365	0.538393
6.75	28.54	16.32	26.25	3.14	1.11	24.728262	25.286572	24.935276	0.538379
6.75	28.54	16.32	26.24	3.14	1.11	24.731404	25.288918	24.938180	0.538365
6.76	28.54	16.33	26.24	3.14	1.11	24.734534	25.291263	24.941078	0.538352
6.76	28.54	16.33	26.24	3.14	1.11	24.737653	25.293606	24.943969	0.538339
6.76	28.54	16.34	26.23	3.14	1.11	24.740761	25.295948	24.946853	0.538326
6.76	28.54	16.34	26.23	3.14	1.11	24.743858	25.298290	24.949731	0.538313
6.77	28.54	16.34	26.23	3.14	1.11	24.746943	25.300630	24.952602	0.538301
6.77	28.54	16.35	26.22	3.14	1.11	24.750018	25.302969	24.955466	0.538288
6.77	28.54	16.35	26.22	3.14	1.11	24.753081	25.305306	24.958324	0.538276
6.78	28.54	16.36	26.21	3.14	1.11	24.756133	25.307643	24.961176	0.538264
6.78	28.54	16.36	26.21	3.14	1.11	24.759174	25.309978	24.964021	0.538252
6.78	28.54	16.36	26.21	3.14	1.11	24.762204	25.312312	24.966859	0.538240
6.78	28.54	16.37	26.20	3.14	1.11	24.765223	25.314645	24.969691	0.538229
6.79	28.54	16.37	26.20	3.14	1.11	24.768231	25.316977	24.972517	0.538218
6.79	28.54	16.38	26.20	3.14	1.11	24.771229	25.319307	24.975336	0.538207
6.79	28.54	16.38	26.19	3.14	1.11	24.774216	25.321636	24.978149	0.538196
6.79	28.54	16.39	26.19	3.14	1.11	24.777191	25.323964	24.980955	0.538185
6.80	28.54	16.39	26.18	3.14	1.11	24.780157	25.326290	24.983755	0.538175
6.80	28.54	16.39	26.18	3.14	1.10	24.783111	25.328615	24.986549	0.538164
6.80	28.54	16.40	26.18	3.14	1.10	24.786055	25.330939	24.989336	0.538154
6.81	28.54	16.40	26.17	3.14	1.10	24.788988	25.333261	24.992117	0.538144
6.81	28.54	16.41	26.17	3.14	1.10	24.791911	25.335582	24.994891	0.538134
6.81	28.54	16.41	26.17	3.14	1.10	24.794823	25.337902	24.997659	0.538125
6.81	28.54	16.41	26.16	3.14	1.10	24.797725	25.340220	25.000421	0.538115
6.82	28.54	16.42	26.16	3.14	1.10	24.800616	25.342537	25.003177	0.538106
6.82	28.54	16.42	26.16	3.14	1.10	24.803497	25.344853	25.005926	0.538097
6.82	28.54	16.43	26.15	3.14	1.10	24.806368	25.347167	25.008669	0.538088
6.83	28.54	16.43	26.15	3.14	1.10	24.809228	25.349479	25.011406	0.538079
6.83	28.54	16.44	26.15	3.14	1.10	24.812078	25.351790	25.014136	0.538071
6.83	28.54	16.44	26.14	3.14	1.10	24.814918	25.354100	25.016861	0.538062
6.83	28.54	16.44	26.14	3.14	1.10	24.817748	25.356408	25.019579	0.538054
6.84	28.54	16.45	26.14	3.14	1.10	24.820567	25.358715	25.022291	0.538046
6.84	28.54	16.45	26.13	3.14	1.10	24.823377	25.361021	25.024997	0.538038
6.84	28.54	16.46	26.13	3.14	1.10	24.826176	25.363324	25.027696	0.538031
6.84	28.54	16.46	26.12	3.14	1.10	24.828965	25.365627	25.030390	0.538023
6.85	28.54	16.47	26.12	3.14	1.10	24.831745	25.367927	25.033077	0.538016
6.85	28.54	16.47	26.12	3.14	1.10	24.834514	25.370227	25.035759	0.538009
6.85	28.54	16.47	26.11	3.14	1.10	24.837274	25.372524	25.038434	0.538002
6.86	28.54	16.48	26.11	3.14	1.10	24.840024	25.374821	25.041103	0.537995
6.86	28.54	16.48	26.11	3.14	1.10	24.842764	25.377115	25.043766	0.537988
6.86	28.54	16.49	26.10	3.14	1.10	24.845494	25.379408	25.046424	0.537982
6.86	28.54	16.49	26.10	3.14	1.10	24.848214	25.381700	25.049075	0.537975
6.87	28.54	16.50	26.10	3.14	1.10	24.850925	25.383990	25.051720	0.537969
6.87	28.54	16.50	26.09	3.14	1.10	24.853626	25.386278	25.054359	0.537963
6.87	28.54	16.51	26.09	3.14	1.10	24.856318	25.388564	25.056992	0.537957
6.88	28.54	16.51	26.09	3.14	1.10	24.859000	25.390849	25.059619	0.537952
6.88	28.54	16.51	26.08	3.14	1.10	24.861672	25.393133	25.062240	0.537946
6.88	28.54	16.52	26.08	3.14	1.10	24.864335	25.395415	25.064856	0.537941
6.88	28.54	16.52	26.08	3.14	1.10	24.866989	25.397695	25.067465	0.537936
6.89	28.54	16.53	26.07	3.14	1.10	24.869633	25.399973	25.070068	0.537931
6.89	28.54	16.53	26.07	3.14	1.10	24.872268	25.402250	25.072666	0.537926
6.89	28.54	16.54	26.07	3.14	1.10	24.874893	25.404525	25.075258	0.537921
6.89	28.54	16.54	26.06	3.14	1.10	24.877509	25.406798	25.077843	0.537917
6.90	28.54	16.55	26.06	3.14	1.10	24.880116	25.409070	25.080423	0.537912
6.90	28.54	16.55	26.06	3.14	1.10	24.882713	25.411340	25.082998	0.537908
6.90	28.54	16.55	26.05	3.14	1.10	24.885302	25.413608	25.085566	0.537904
6.91	28.54	16.56	26.05	3.14	1.09	24.887881	25.415875	25.088128	0.537900
6.91	28.54	16.56	26.05	3.14	1.09	24.890451	25.418139	25.090685	0.537896
6.91	28.54	16.57	26.04	3.14	1.09	24.893012	25.420402	25.093236	0.537893
6.91	28.54	16.57	26.04	3.14	1.09	24.895565	25.422664	25.095781	0.537889
6.92	28.54	16.58	26.04	3.14	1.09	24.898108	25.424923	25.098321	0.537886
6.92	28.54	16.58	26.03	3.14	1.09	24.900642	25.427181	25.100855	0.537883
6.92	28.54	16.59	26.03	3.14	1.09	24.903167	25.429437	25.103383	0.537880
6.92	28.54	16.59	26.03	3.14	1.09	24.905683	25.431691	25.105905	0.537877
6.93	28.54	16.60	26.03	3.14	1.09	24.908191	25.433943	25.108422	0.537874
6.93	28.54	16.60	26.02	3.14	1.09	24.910689	25.436194	25.110933	0.537872
6.93	28.54	16.60	26.02	3.14	1.09	24.913179	25.438442	25.113438	0.537869
6.94	28.54	16.61	26.02	3.14	1.09	24.915661	25.440689	25.115938	0.537867
6.94	28.54	16.61	26.01	3.14	1.09	24.918133	25.442934	25.118432	0.537865
6.94	28.54	16.62	26.01	3.14	1.09	24.920597	25.445178	25.120921	0.537863
6.94	28.54	16.62	26.01	3.14	1.09	24.923052	25.447419	25.123404	0.537861
6.95	28.54	16.63	26.00	3.14	1.09	24.925499	25.449658	25.125881	0.537859
6.95	28.54	16.63	26.00	3.14	1.09	24.927937	25.451896	25.128353	0.537858
6.95	28.54	16.64	26.00	3.14	1.09	24.930366	25.454132	25.130819	0.537856
6.96	28.54	16.64	25.99	3.14	1.09	24.932787	25.456366	25.133280	0.537855
6.96	28.54	16.65	25.99	3.14	1.09	24.935200	25.458598	25.135735	0.537854
6.96	28.54	16.65	25.99	3.14	1.09	24.937604	25.460828	25.138184	0.537853
6.96	28.54	16.66	25.99	3.14	1.09	24.940000	25.463056	25.140629	0.537852
6.97	28.54	16.66	25.98	3.14	1.09	24.942387	25.465282	25.143067	0.537851
6.97	28.54	16.66	25.98	3.14	1.09	24.944766	25.467507	25.145501	0.537851
6.97	28.54	16.67	25.98	3.14	1.09	24.947137	25.469729	25.147928	0.537850
6.97	28.54	16.67	25.97	3.14	1.09	24.949500	25.471949	25.150351	0.537850
6.98	28.54	16.68	25.97	3.14	1.09	24.951854	25.474168	25.152768	0.537850
6.98	28.54	16.68	25.97	3.14	1.09	24.954201	25.476384	25.155179	0.537850
6.98	28.54	16.69	25.96	3.14	1.09	24.956539	25.478599	25.157585	0.537850
6.99	28.54	16.69	25.96	3.14	1.09	24.958869	25.480812	25.159986	0.537850
6.99	28.54	16.70	25.96	3.14	1.09	24.961191	25.483022	25.162381	0.537850
6.99	28.54	16.70	25.96	3.14	1.09	24.963505	25.485231	25.164771	0.537851
6.99	28.54	16.71	25.95	3.14	1.09	24.965811	25.487438	25.167156	0.537851
7.00	28.54	16.71	25.95	3.14	1.09	24.968109	25.489642	25.169536	0.537852
7.00	28.54	16.72	25.95	3.14	1.09	24.970399	25.491845	25.171910	0.537853
7.00	28.54	16.72	25.94	3.15	1.09	24.972681	25.494046	25.174278	0.537854
7.01	28.54	16.73	25.94	3.15	1.09	24.974955	25.496245	25.176642	0.537855
7.01	28.54	16.73	25.94	3.15	1.09	24.977222	25.498441	25.179000	0.537856
7.01	28.54	16.74	25.94	3.15	1.09	24.979481	25.500636	25.181353	0.537857
7.01	28.54	16.74	25.93	3.15	1.09	24.981732	25.502829	25.183701	0.537859
7.02	28.54	16.75	25.93	3.15	1.09	24.983975	25.505019	25.186043	0.537860
7.02	28.54	16.75	25.93	3.15	1.09	24.986210	25.507208	25.188381	0.537862
7.02	28.54	16.75	25.92	3.15	1.09	24.988438	25.509394	25.190713	0.537864
7.03	28.54	16.76	25.92	3.15	1.09	24.990659	25.511578	25.193040	0.537866
7.03	28.54	16.76	25.92	3.15	1.09	24.992871	25.513761	25.195362	0.537868
7.03	28.54	16.77	25.92	3.15	1.09	24.995076	25.515941	25.197678	0.537870
7.03	28.54	16.77	25.91	3.15	1.09	24.997274	25.518119	25.199990	0.537872
7.04	28.54	16.78	25.91	3.15	1.09	24.999464	25.520295	25.202296	0.537875
7.04	28.54	16.78	25.91	3.15	1.09	25.001647	25.522469	25.204597	0.537877
7.04	28.54	16.79	25.90	3.15	1.09	25.003822	25.524641	25.206894	0.537880
7.04	28.54	16.79	25.90	3.15	1.09	25.005990	25.526811	25.209185	0.537883
7.05	28.54	16.80	25.90	3.15	1.09	25.008150	25.528979	25.211471	0.537885
7.05	28.54	16.80	25.90	3.15	1.09	25.010303	25.531144	25.213752	0.537888
7.05	28.54	16.81	25.89	3.15	1.09	25.012449	25.533308	25.216027	0.537892
7.06	28.54	16.81	25.89	3.15	1.09	25.014588	25.535469	25.218298	0.537895
7.06	28.54	16.82	25.89	3.15	1.09	25.016719	25.537629	25.220564	0.537898
7.06	28.54	16.82	25.89	3.15	1.09	25.018843	25.539786	25.222825	0.537901
7.06	28.54	16.83	25.88	3.15	1.09	25.020960	25.541941	25.225081	0.537905
7.07	28.54	16.83	25.88	3.15	1.09	25.023070	25.544093	25.227332	0.537909
7.07	28.54	16.84	25.88	3.15	1.09	25.025172	25.546244	25.229578	0.537912
7.07	28.54	16.84	25.87	3.15	1.09	25.027268	25.548393	25.231819	0.537916
7.08	28.54	16.85	25.87	3.15	1.09	25.029356	25.550539	25.234055	0.537920
7.08	28.54	16.85	25.87	3.15	1.09	25.031438	25.552683	25.236286	0.537924
7.08	28.54	16.86	25.87	3.15	1.09	25.033512	25.554825	25.238512	0.537928
7.08	28.54	16.86	25.86	3.15	1.09	25.035580	25.556965	25.240733	0.537932
7.09	28.54	16.87	25.86	3.15	1.09	25.037641	25.559103	25.242950	0.537937
7.09	28.54	16.87	25.86	3.15	1.09	25.039694	25.561238	25.245161	0.537941
7.09	28.54	16.88	25.86	3.15	1.09	25.041741	25.563371	25.247368	0.537946
7.09	28.54	16.88	25.85	3.15	1.09	25.043781	25.565503	25.249570	0.537950
7.10	28.54	16.89	25.85	3.15	1.09	25.045815	25.567631	25.251767	0.537955
7.10	28.54	16.89	25.85	3.15	1.09	25.047841	25.569758	25.253959	0.537960
7.10	28.54	16.90	25.85	3.15	1.09	25.049861	25.571883	25.256147	0.537965
7.11	28.54	16.90	25.84	3.15	1.09	25.051874	25.574005	25.258329	0.537970
7.11	28.54	16.91	25.84	3.15	1.09	25.053880	25.576125	25.260507	0.537975
7.11	28.54	16.91	25.84	3.15	1.09	25.055880	25.578243	25.262680	0.537980
7.11	28.54	16.92	25.84	3.15	1.09	25.057873	25.580358	25.264848	0.537985
7.12	28.54	16.92	25.83	3.15	1.09	25.059859	25.582472	25.267012	0.537991
7.12	28.54	16.93	25.83	3.15	1.09	25.061839	25.584583	25.269171	0.537996
7.12	28.54	16.93	25.83	3.15	1.09	25.063813	25.586692	25.271325	0.538002
7.12	28.54	16.94	25.83	3.15	1.09	25.065779	25.588798	25.273475	0.538007
7.13	28.54	16.94	25.82	3.15	1.09	25.067740	25.590903	25.275619	0.538013
7.13	28.54	16.95	25.82	3.15	1.09	25.069694	25.593005	25.277760	0.538019
7.13	28.54	16.95	25.82	3.15	1.09	25.071641	25.595105	25.279895	0.538025
7.14	28.54	16.96	25.82	3.15	1.09	25.073582	25.597202	25.282026	0.538031
7.14	28.54	16.96	25.81	3.15	1.09	25.075517	25.599298	25.284152	0.538037
7.14	28.54	16.97	25.81	3.15	1.09	25.077446	25.601391	25.286274	0.538043
7.14	28.54	16.97	25.81	3.15	1.09	25.079368	25.603482	25.288391	0.538049
7.15	28.54	16.98	25.81	3.15	1.09	25.081284	25.605570	25.290503	0.538056
7.15	28.54	16.98	25.80	3.15	1.09	25.083193	25.607656	25.292611	0.538062
7.15	28.54	16.99	25.80	3.15	1.09	25.085097	25.609740	25.294714	0.538069
7.16	28.54	16.99	25.80	3.15	1.09	25.086994	25.611822	25.296813	0.538075
7.16	28.54	17.00	25.80	3.15	1.09	25.088885	25.613902	25.298907	0.538082
7.16	28.54	17.00	25.79	3.15	1.09	25.090770	25.615979	25.300997	0.538089
7.16	28.54	17.01	25.79	3.15	1.09	25.092649	25.618054	25.303082	0.538095
7.17	28.54	17.02	25.79	3.15	1.09	25.094522	25.620126	25.305162	0.538102
7.17	28.54	17.02	25.79	3.15	1.09	25.096388	25.622196	25.307238	0.538109
7.17	28.54	17.03	25.79	3.15	1.09	25.098249	25.624264	25.309310	0.538116
7.17	28.54	17.03	25.78	3.15	1.09	25.100104	25.626330	25.311377	0.538124
7.18	28.54	17.04	25.78	3.15	1.09	25.101952	25.628393	25.313440	0.538131
7.18	28.54	17.04	25.78	3.15	1.09	25.103795	25.630454	25.315498	0.538138
7.18	28.54	17.05	25.78	3.15	1.09	25.105632	25.632513	25.317552	0.538145
7.19	28.54	17.05	25.77	3.15	1.09	25.107463	25.634569	25.319602	0.538153
7.19	28.54	17.06	25.77	3.15	1.09	25.109288	25.636623	25.321647	0.538160
7.19	28.54	17.06	25.77	3.15	1.09	25.111108	25.638675	25.323687	0.538168
7.19	28.54	17.07	25.77	3.15	1.09	25.112921	25.640724	25.325724	0.538175
7.20	28.54	17.07	25.77	3.15	1.10	25.114729	25.642771	25.327755	0.538183
7.20	28.54	17.08	25.76	3.15	1.10	25.116531	25.644816	25.329783	0.538191
7.20	28.54	17.08	25.76	3.15	1.10	25.118327	25.646858	25.331806	0.538199
7.21	28.54	17.09	25.76	3.15	1.10	25.120118	25.648898	25.333825	0.538207
7.21	28.54	17.09	25.76	3.15	1.10	25.121903	25.650936	25.335840	0.538215
7.21	28.54	17.10	25.75	3.15	1.10	25.123682	25.652971	25.337850	0.538223
7.21	28.54	17.10	25.75	3.15	1.10	25.125456	25.655004	25.339856	0.538231
7.22	28.54	17.11	25.75	3.15	1.10	25.127224	25.657035	25.341858	0.538239
7.22	28.54	17.12	25.75	3.15	1.10	25.128987	25.659063	25.343855	0.538247
7.22	28.54	17.12	25.75	3.15	1.10	25.130744	25.661089	25.345849	0.538255
7.22	28.54	17.13	25.74	3.15	1.10	25.132495	25.663112	25.347838	0.538264
7.23	28.54	17.13	25.74	3.15	1.10	25.134242	25.665133	25.349822	0.538272
7.23	28.54	17.14	25.74	3.15	1.10	25.135982	25.667152	25.351803	0.538281
7.23	28.54	17.14	25.74	3.15	1.10	25.137717	25.669169	25.353779	0.538289
7.24	28.54	17.15	25.74	3.15	1.10	25.139447	25.671183	25.355751	0.538298
7.24	28.54	17.15	25.73	3.15	1.10	25.141172	25.673194	25.357719	0.538306
7.24	28.54	17.16	25.73	3.15	1.10	25.142891	25.675204	25.359683	0.538315
7.24	28.54	17.16	25.73	3.15	1.10	25.144604	25.677211	25.361643	0.538324
7.25	28.54	17.17	25.73	3.15	1.10	25.146313	25.679215	25.363599	0.538333
7.25	28.54	17.17	25.72	3.15	1.10	25.148016	25.681217	25.365550	0.538342
7.25	28.54	17.18	25.72	3.15	1.10	25.149714	25.683217	25.367497	0.538351
7.26	28.54	17.19	25.72	3.15	1.10	25.151407	25.685215	25.369441	0.538360
7.26	28.54	17.19	25.72	3.15	1.10	25.153094	25.687210	25.371380	0.538369
7.26	28.54	17.20	25.72	3.15	1.10	25.154777	25.689202	25.373315	0.538378
7.26	28.54	17.20	25.71	3.15	1.10	25.156454	25.691193	25.375246	0.538387
7.27	28.54	17.21	25.71	3.15	1.10	25.158126	25.693180	25.377173	0.538396
7.27	28.54	17.21	25.71	3.15	1.10	25.159793	25.695166	25.379096	0.538405
7.27	28.54	17.22	25.71	3.15	1.10	25.161455	25.697149	25.381014	0.538415
7.28	28.54	17.22	25.71	3.15	1.10	25.163112	25.699130	25.382929	0.538424
7.28	28.54	17.23	25.71	3.15	1.10	25.164764	25.701108	25.384840	0.538433
7.28	28.54	17.23	25.70	3.15	1.10	25.166411	25.703084	25.386747	0.538443
7.28	28.54	17.24	25.70	3.15	1.10	25.168053	25.705057	25.388650	0.538452
7.29	28.54	17.25	25.70	3.15	1.10	25.169690	25.707028	25.390549	0.538462
7.29	28.54	17.25	25.70	3.15	1.10	25.171322	25.708997	25.392444	0.538472
7.29	28.54	17.26	25.70	3.15	1.10	25.172949	25.710963	25.394335	0.538481
7.29	28.54	17.26	25.69	3.15	1.10	25.174571	25.712927	25.396222	0.538491
7.30	28.54	17.27	25.69	3.15	1.10	25.176189	25.714889	25.398105	0.538501
7.30	28.54	17.27	25.69	3.15	1.10	25.177801	25.716848	25.399984	0.538511
7.30	28.54	17.28	25.69	3.15	1.10	25.179409	25.718804	25.401859	0.538520
7.31	28.54	17.28	25.69	3.15	1.10	25.181012	25.720759	25.403731	0.538530
7.31	28.54	17.29	25.68	3.15	1.10	25.182610	25.722710	25.405598	0.538540
7.31	28.54	17.30	25.68	3.15	1.10	25.184204	25.724660	25.407462	0.538550
7.31	28.54	17.30	25.68	3.15	1.10	25.185793	25.726607	25.409322	0.538560
7.32	28.54	17.31	25.68	3.15	1.10	25.187377	25.728551	25.411178	0.538570
7.32	28.54	17.31	25.68	3.15	1.10	25.188957	25.730494	25.413030	0.538580
7.32	28.54	17.32	25.68	3.15	1.10	25.190531	25.732433	25.414879	0.538590
7.33	28.54	17.32	25.67	3.15	1.10	25.192102	25.734371	25.416723	0.538600
7.33	28.54	17.33	25.67	3.15	1.10	25.193667	25.736305	25.418564	0.538611
7.33	28.54	17.33	25.67	3.15	1.10	25.195229	25.738238	25.420401	0.538621
7.33	28.54	17.34	25.67	3.15	1.10	25.196785	25.740168	25.422234	0.538631
7.34	28.54	17.35	25.67	3.15	1.10	25.198337	25.742096	25.424064	0.538642
7.34	28.54	17.35	25.67	3.15	1.10	25.199885	25.744021	25.425890	0.538652
7.34	28.54	17.36	25.66	3.15	1.10	25.201428	25.745944	25.427712	0.538662
7.34	28.54	17.36	25.66	3.15	1.10	25.202967	25.747864	25.429530	0.538673
7.35	28.54	17.37	25.66	3.15	1.10	25.204501	25.749782	25.431345	0.538683
7.35	28.54	17.37	25.66	3.15	1.10	25.206031	25.751697	25.433156	0.538694
7.35	28.54	17.38	25.66	3.15	1.11	25.207557	25.753610	25.434963	0.538704
7.36	28.54	17.39	25.66	3.15	1.11	25.209078	25.755521	25.436766	0.538715
7.36	28.54	17.39	25.65	3.15	1.11	25.210595	25.757429	25.438566	0.538725
7.36	28.54	17.40	25.65	3.15	1.11	25.212107	25.759335	25.440363	0.538736
7.36	28.54	17.40	25.65	3.15	1.11	25.213615	25.761239	25.442155	0.538747
7.37	28.54	17.41	25.65	3.15	1.11	25.215119	25.763139	25.443944	0.538757
7.37	28.54	17.41	25.65	3.15	1.11	25.216619	25.765038	25.445730	0.538768
7.37	28.54	17.42	25.65	3.15	1.11	25.218115	25.766934	25.447511	0.538779
7.38	28.54	17.43	25.64	3.15	1.11	25.219606	25.768828	25.449289	0.538789
7.38	28.54	17.43	25.64	3.15	1.11	25.221093	25.770719	25.451064	0.538800
7.38	28.54	17.44	25.64	3.15	1.11	25.222576	25.772608	25.452835	0.538811
7.38	28.54	17.44	25.64	3.15	1.11	25.224055	25.774494	25.454603	0.538822
7.39	28.54	17.45	25.64	3.15	1.11	25.225530	25.776378	25.456366	0.538833
7.39	28.54	17.45	25.64	3.15	1.11	25.227000	25.778259	25.458127	0.538844
7.39	28.54	17.46	25.63	3.15	1.11	25.228467	25.780139	25.459884	0.538855
7.39	28.54	17.47	25.63	3.15	1.11	25.229930	25.782015	25.461637	0.538866
7.40	28.54	17.47	25.63	3.15	1.11	25.231388	25.783889	25.463387	0.538877
7.40	28.54	17.48	25.63	3.15	1.11	25.232843	25.785761	25.465133	0.538888
7.40	28.54	17.48	25.63	3.15	1.11	25.234293	25.787630	25.466876	0.538899
7.41	28.54	17.49	25.63	3.15	1.11	25.235740	25.789497	25.468616	0.538910
7.41	28.54	17.50	25.63	3.15	1.11	25.237183	25.791362	25.470351	0.538921
7.41	28.54	17.50	25.62	3.15	1.11	25.238622	25.793224	25.472084	0.538932
7.41	28.54	17.51	25.62	3.15	1.11	25.240057	25.795083	25.473813	0.538943
7.42	28.54	17.51	25.62	3.15	1.11	25.241488	25.796941	25.475539	0.538954
7.42	28.54	17.52	25.62	3.15	1.11	25.242915	25.798795	25.477261	0.538965
7.42	28.54	17.52	25.62	3.15	1.11	25.244338	25.800648	25.478980	0.538977
7.42	28.54	17.53	25.62	3.15	1.11	25.245758	25.802498	25.480695	0.538988
7.43	28.54	17.54	25.62	3.15	1.11	25.247174	25.804345	25.482407	0.538999
7.43	28.54	17.54	25.61	3.15	1.11	25.248586	25.806190	25.484116	0.539010
7.43	28.54	17.55	25.61	3.15	1.11	25.249994	25.808033	25.485821	0.539022
7.44	28.54	17.55	25.61	3.15	1.11	25.251399	25.809873	25.487523	0.539033
7.44	28.54	17.56	25.61	3.15	1.11	25.252799	25.811710	25.489222	0.539044
7.44	28.54	17.57	25.61	3.15	1.11	25.254197	25.813546	25.490917	0.539055
7.44	28.54	17.57	25.61	3.15	1.11	25.255590	25.815379	25.492609	0.539067
7.45	28.54	17.58	25.61	3.15	1.11	25.256980	25.817209	25.494298	0.539078
7.45	28.54	17.58	25.60	3.15	1.11	25.258366	25.819037	25.495984	0.539090
7.45	28.54	17.59	25.60	3.15	1.11	25.259749	25.820863	25.497666	0.539101
7.46	28.54	17.60	25.60	3.15	1.11	25.261128	25.822686	25.499345	0.539112
7.46	28.54	17.60	25.60	3.15	1.11	25.262504	25.824507	25.501020	0.539124
7.46	28.54	17.61	25.60	3.15	1.11	25.263876	25.826325	25.502693	0.539135
7.46	28.54	17.61	25.60	3.15	1.11	25.265245	25.828141	25.504362	0.539147
7.47	28.54	17.62	25.60	3.16	1.11	25.266610	25.829954	25.506028	0.539158
7.47	28.54	17.63	25.60	3.16	1.11	25.267971	25.831765	25.507690	0.539170
7.47	28.54	17.63	25.59	3.16	1.11	25.269329	25.833574	25.509350	0.539181
7.47	28.54	17.64	25.59	3.16	1.12	25.270684	25.835380	25.511006	0.539193
7.48	28.54	17.64	25.59	3.16	1.12	25.272035	25.837184	25.512659	0.539204
7.48	28.54	17.65	25.59	3.16	1.12	25.273383	25.838985	25.514309	0.539216
7.48	28.54	17.66	25.59	3.16	1.12	25.274728	25.840784	25.515956	0.539227
7.49	28.54	17.66	25.59	3.16	1.12	25.276069	25.842581	25.517600	0.539239
7.49	28.54	17.67	25.59	3.16	1.12	25.277407	25.844375	25.519240	0.539250
7.49	28.54	17.67	25.59	3.16	1.12	25.278741	25.846167	25.520878	0.539262
7.49	28.54	17.68	25.58	3.16	1.12	25.280072	25.847956	25.522512	0.539273
7.50	28.54	17.69	25.58	3.16	1.12	25.281400	25.849743	25.524143	0.539285
7.50	28.54	17.69	25.58	3.16	1.12	25.282725	25.851527	25.525772	0.539297
7.50	28.54	17.70	25.58	3.16	1.12	25.284047	25.853309	25.527397	0.539308
7.51	28.54	17.70	25.58	3.16	1.12	25.285365	25.855089	25.529018	0.539320
7.51	28.54	17.71	25.58	3.16	1.12	25.286680	25.856866	25.530637	0.539331
7.51	28.54	17.72	25.58	3.16	1.12	25.287992	25.858641	25.532253	0.539343
7.51	28.54	17.72	25.58	3.16	1.12	25.289300	25.860413	25.533866	0.539355
7.52	28.54	17.73	25.58	3.16	1.12	25.290606	25.862183	25.535476	0.539366
7.52	28.54	17.73	25.57	3.16	1.12	25.291909	25.863951	25.537082	0.539378
7.52	28.54	17.74	25.57	3.16	1.12	25.293208	25.865716	25.538686	0.539390
7.53	28.54	17.75	25.57	3.16	1.12	25.294504	25.867479	25.540287	0.539401
7.53	28.54	17.75	25.57	3.16	1.12	25.295797	25.869239	25.541885	0.539413
7.53	28.54	17.76	25.57	3.16	1.12	25.297088	25.870997	25.543479	0.539425
7.53	28.54	17.76	25.57	3.16	1.12	25.298375	25.872753	25.545071	0.539436
7.54	28.54	17.77	25.57	3.16	1.12	25.299659	25.874506	25.546660	0.539448
7.54	28.54	17.78	25.57	3.16	1.12	25.300940	25.876257	25.548246	0.539460
7.54	28.54	17.78	25.57	3.16	1.12	25.302218	25.878005	25.549829	0.539471
7.54	28.54	17.79	25.57	3.16	1.12	25.303494	25.879751	25.551409	0.539483
7.55	28.54	17.80	25.56	3.16	1.12	25.304766	25.881495	25.552986	0.539495
7.55	28.54	17.80	25.56	3.16	1.12	25.306035	25.883236	25.554560	0.539506
7.55	28.54	17.81	25.56	3.16	1.12	25.307302	25.884975	25.556132	0.539518
7.56	28.54	17.81	25.56	3.16	1.12	25.308566	25.886711	25.557700	0.539530
7.56	28.54	17.82	25.56	3.16	1.12	25.309826	25.888445	25.559266	0.539541
7.56	28.54	17.83	25.56	3.16	1.12	25.311084	25.890177	25.560828	0.539553
7.56	28.54	17.83	25.56	3.16	1.12	25.312339	25.891906	25.562388	0.539565
7.57	28.54	17.84	25.56	3.16	1.12	25.313592	25.893633	25.563945	0.539576
7.57	28.54	17.84	25.56	3.16	1.12	25.314841	25.895358	25.565500	0.539588
7.57	28.54	17.85	25.56	3.16	1.12	25.316088	25.897080	25.567051	0.539600
7.58	28.54	17.86	25.55	3.16	1.12	25.317332	25.898800	25.568600	0.539611
7.58	28.54	17.86	25.55	3.16	1.12	25.318574	25.900517	25.570145	0.539623
7.58	28.54	17.87	25.55	3.16	1.12	25.319812	25.902232	25.571688	0.539635
7.58	28.54	17.88	25.55	3.16	1.12	25.321048	25.903945	25.573228	0.539646
7.59	28.54	17.88	25.55	3.16	1.13	25.322281	25.905655	25.574766	0.539658
7.59	28.54	17.89	25.55	3.16	1.13	25.323512	25.907363	25.576301	0.539670
7.59	28.54	17.89	25.55	3.16	1.13	25.324740	25.909069	25.577832	0.539681
7.59	28.54	17.90	25.55	3.16	1.13	25.325965	25.910772	25.579362	0.539693
7.60	28.54	17.91	25.55	3.16	1.13	25.327188	25.912473	25.580888	0.539705
7.60	28.54	17.91	25.55	3.16	1.13	25.328408	25.914171	25.582412	0.539716
7.60	28.54	17.92	25.55	3.16	1.13	25.329626	25.915867	25.583933	0.539728
7.61	28.54	17.93	25.55	3.16	1.13	25.330841	25.917561	25.585451	0.539740
7.61	28.54	17.93	25.54	3.16	1.13	25.332053	25.919252	25.586967	0.539751
7.61	28.54	17.94	25.54	3.16	1.13	25.333263	25.920942	25.588480	0.539763
7.61	28.54	17.95	25.54	3.16	1.13	25.334471	25.922628	25.589990	0.539774
7.62	28.54	17.95	25.54	3.16	1.13	25.335676	25.924313	25.591498	0.539786
7.62	28.54	17.96	25.54	3.16	1.13	25.336878	25.925995	25.593003	0.539798
7.62	28.54	17.96	25.54	3.16	1.13	25.338078	25.927674	25.594505	0.539809
7.62	28.54	17.97	25.54	3.16	1.13	25.339276	25.929352	25.596005	0.539821
7.63	28.54	17.98	25.54	3.16	1.13	25.340471	25.931027	25.597502	0.539832
7.63	28.54	17.98	25.54	3.16	1.13	25.341664	25.932699	25.598996	0.539844
7.63	28.54	17.99	25.54	3.16	1.13	25.342855	25.934370	25.600488	0.539856
7.64	28.54	18.00	25.54	3.16	1.13	25.344043	25.936037	25.601978	0.539867
7.64	28.54	18.00	25.54	3.16	1.13	25.345229	25.937703	25.603464	0.539879
7.64	28.54	18.01	25.54	3.16	1.13	25.346412	25.939366	25.604949	0.539890
7.64	28.54	18.02	25.54	3.16	1.13	25.347593	25.941027	25.606430	0.539902
7.65	28.54	18.02	25.53	3.16	1.13	25.348772	25.942686	25.607909	0.539913
7.65	28.54	18.03	25.53	3.16	1.13	25.349949	25.944342	25.609386	0.539925
7.65	28.54	18.03	25.53	3.16	1.13	25.351123	25.945996	25.610860	0.539936
7.66	28.54	18.04	25.53	3.16	1.13	25.352295	25.947648	25.612331	0.539948
7.66	28.54	18.05	25.53	3.16	1.13	25.353465	25.949298	25.613800	0.539959
7.66	28.54	18.05	25.53	3.16	1.13	25.354633	25.950945	25.615267	0.539971
7.66	28.54	18.06	25.53	3.16	1.13	25.355798	25.952589	25.616731	0.539982
7.67	28.54	18.07	25.53	3.16	1.13	25.356961	25.954232	25.618192	0.539994
7.67	28.54	18.07	25.53	3.16	1.13	25.358122	25.955872	25.619651	0.540005
7.67	28.54	18.08	25.53	3.16	1.13	25.359281	25.957510	25.621108	0.540017
7.67	28.54	18.09	25.53	3.16	1.13	25.360438	25.959145	25.622562	0.540028
7.68	28.54	18.09	25.53	3.16	1.13	25.361593	25.960779	25.624014	0.540040
7.68	28.54	18.10	25.53	3.16	1.13	25.362746	25.962410	25.625463	0.540051
7.68	28.54	18.11	25.53	3.16	1.13	25.363896	25.964038	25.626910	0.540062
7.69	28.54	18.11	25.53	3.16	1.13	25.365045	25.965665	25.628354	0.540074
7.69	28.54	18.12	25.53	3.16	1.13	25.366191	25.967289	25.629796	0.540085
7.69	28.54	18.13	25.53	3.16	1.13	25.367335	25.968910	25.631236	0.540096
7.69	28.54	18.13	25.53	3.16	1.13	25.368478	25.970530	25.632673	0.540108
7.70	28.54	18.14	25.52	3.16	1.14	25.369618	25.972147	25.634108	0.540119
7.70	28.54	18.14	25.52	3.16	1.14	25.370757	25.973762	25.635541	0.540130
7.70	28.54	18.15	25.52	3.16	1.14	25.371893	25.975375	25.636971	0.540142
7.71	28.54	18.16	25.52	3.16	1.14	25.373028	25.976985	25.638399	0.540153
7.71	28.54	18.16	25.52	3.16	1.14	25.374160	25.978593	25.639824	0.540164
7.71	28.54	18.17	25.52	3.16	1.14	25.375291	25.980199	25.641247	0.540175
7.71	28.54	18.18	25.52	3.16	1.14	25.376420	25.981803	25.642668	0.540187
7.72	28.54	18.18	25.52	3.16	1.14	25.377547	25.983404	25.644087	0.540198
7.72	28.54	18.19	25.52	3.16	1.14	25.378672	25.985003	25.645503	0.540209
7.72	28.54	18.20	25.52	3.16	1.14	25.379795	25.986600	25.646917	0.540220
7.72	28.54	18.20	25.52	3.16	1.14	25.380916	25.988194	25.648329	0.540231
7.73	28.54	18.21	25.52	3.16	1.14	25.382035	25.989787	25.649738	0.540243
7.73	28.54	18.22	25.52	3.16	1.14	25.383153	25.991377	25.651145	0.540254
7.73	28.54	18.22	25.52	3.16	1.14	25.384269	25.992964	25.652550	0.540265
7.74	28.54	18.23	25.52	3.16	1.14	25.385383	25.994550	25.653953	0.540276
7.74	28.54	18.24	25.52	3.16	1.14	25.386495	25.996133	25.655354	0.540287
7.74	28.54	18.24	25.52	3.16	1.14	25.387606	25.997714	25.656752	0.540298
7.74	28.54	18.25	25.52	3.16	1.14	25.388715	25.999293	25.658148	0.540309
7.75	28.54	18.26	25.52	3.16	1.14	25.389822	26.000870	25.659542	0.540320
7.75	28.54	18.26	25.52	3.16	1.14	25.390927	26.002444	25.660933	0.540331
7.75	28.54	18.27	25.52	3.16	1.14	25.392031	26.004016	25.662323	0.540342
7.76	28.54	18.28	25.52	3.16	1.14	25.393133	26.005586	25.663710	0.540353
7.76	28.54	18.28	25.52	3.16	1.14	25.394234	26.007154	25.665095	0.540364
7.76	28.54	18.29	25.52	3.16	1.14	25.395332	26.008719	25.666478	0.540375
7.76	28.54	18.30	25.52	3.16	1.14	25.396429	26.010283	25.667859	0.540386
7.77	28.54	18.30	25.52	3.16	1.14	25.397525	26.011844	25.669238	0.540397
7.77	28.54	18.31	25.52	3.16	1.14	25.398619	26.013403	25.670614	0.540408
7.77	28.54	18.32	25.52	3.16	1.14	25.399711	26.014959	25.671989	0.540419
7.78	28.54	18.32	25.52	3.16	1.14	25.400802	26.016514	25.673361	0.540429
7.78	28.54	18.33	25.52	3.16	1.14	25.401891	26.018066	25.674731	0.540440
7.78	28.54	18.34	25.52	3.16	1.14	25.402979	26.019616	25.676100	0.540451
7.78	28.54	18.34	25.52	3.16	1.14	25.404065	26.021164	25.677466	0.540462
7.79	28.54	18.35	25.51	3.16	1.14	25.405150	26.022709	25.678830	0.540473
7.79	28.54	18.36	25.51	3.16	1.14	25.406233	26.024253	25.680192	0.540483
7.79	28.54	18.36	25.51	3.16	1.14	25.407314	26.025794	25.681552	0.540494
7.79	28.54	18.37	25.51	3.16	1.14	25.408395	26.027333	25.682910	0.540505
7.80	28.54	18.38	25.51	3.16	1.14	25.409473	26.028870	25.684265	0.540515
7.80	28.54	18.38	25.51	3.16	1.14	25.410551	26.030405	25.685619	0.540526
7.80	28.54	18.39	25.51	3.16	1.14	25.411627	26.031937	25.686971	0.540537
7.81	28.54	18.40	25.51	3.16	1.14	25.412701	26.033468	25.688321	0.540547
7.81	28.54	18.40	25.51	3.16	1.14	25.413774	26.034996	25.689669	0.540558
7.81	28.54	18.41	25.51	3.16	1.14	25.414846	26.036522	25.691014	0.540568
7.81	28.54	18.42	25.51	3.16	1.14	25.415916	26.038046	25.692358	0.540579
7.82	28.54	18.43	25.51	3.16	1.15	25.416985	26.039568	25.693700	0.540590
7.82	28.54	18.43	25.51	3.16	1.15	25.418053	26.041087	25.695040	0.540600
7.82	28.54	18.44	25.51	3.16	1.15	25.419119	26.042605	25.696378	0.540610
7.83	28.54	18.45	25.51	3.16	1.15	25.420184	26.044120	25.697714	0.540621
7.83	28.54	18.45	25.51	3.16	1.15	25.421248	26.045633	25.699048	0.540631
7.83	28.54	18.46	25.51	3.16	1.15	25.422310	26.047144	25.700380	0.540642
7.83	28.54	18.47	25.51	3.16	1.15	25.423372	26.048653	25.701710	0.540652
7.84	28.54	18.47	25.51	3.16	1.15	25.424431	26.050160	25.703039	0.540662
7.84	28.54	18.48	25.51	3.16	1.15	25.425490	26.051664	25.704365	0.540673
7.84	28.54	18.49	25.51	3.16	1.15	25.426548	26.053167	25.705690	0.540683
7.84	28.54	18.49	25.51	3.16	1.15	25.427604	26.054667	25.707012	0.540693
7.85	28.54	18.50	25.51	3.16	1.15	25.428659	26.056166	25.708333	0.540704
7.85	28.54	18.51	25.51	3.16	1.15	25.429713	26.057662	25.709652	0.540714
7.85	28.54	18.51	25.51	3.16	1.15	25.430765	26.059156	25.710969	0.540724
7.86	28.54	18.52	25.51	3.16	1.15	25.431817	26.060648	25.712284	0.540734
7.86	28.54	18.53	25.51	3.16	1.15	25.432867	26.062137	25.713598	0.540744
7.86	28.54	18.53	25.51	3.16	1.15	25.433917	26.063625	25.714909	0.540755
7.86	28.54	18.54	25.51	3.16	1.15	25.434965	26.065111	25.716219	0.540765
7.87	28.54	18.55	25.51	3.16	1.15	25.436012	26.066594	25.717527	0.540775
7.87	28.54	18.56	25.51	3.16	1.15	25.437058	26.068076	25.718833	0.540785
7.87	28.54	18.56	25.51	3.16	1.15	25.438103	26.069555	25.720138	0.540795
7.88	28.54	18.57	25.51	3.16	1.15	25.439146	26.071032	25.721440	0.540805
7.88	28.54	18.58	25.51	3.16	1.15	25.440189	26.072507	25.722741	0.540815
7.88	28.54	18.58	25.51	3.16	1.15	25.441231	26.073980	25.724040	0.540825
7.88	28.54	18.59	25.52	3.16	1.15	25.442272	26.075451	25.725337	0.540835
7.89	28.54	18.60	25.52	3.16	1.15	25.443311	26.076920	25.726633	0.540845
7.89	28.54	18.60	25.52	3.16	1.15	25.444350	26.078387	25.727927	0.540854
7.89	28.54	18.61	25.52	3.16	1.15	25.445388	26.079852	25.729219	0.540864
7.89	28.54	18.62	25.52	3.16	1.15	25.446424	26.081314	25.730509	0.540874
7.90	28.54	18.63	25.52	3.16	1.15	25.447460	26.082775	25.731798	0.540884
7.90	28.54	18.63	25.52	3.16	1.15	25.448495	26.084234	25.733085	0.540894
7.90	28.54	18.64	25.52	3.16	1.15	25.449529	26.085690	25.734370	0.540903
7.91	28.54	18.65	25.52	3.16	1.15	25.450562	26.087145	25.735653	0.540913
7.91	28.54	18.65	25.52	3.16	1.15	25.451594	26.088597	25.736935	0.540923
7.91	28.54	18.66	25.52	3.16	1.15	25.452625	26.090048	25.738216	0.540932
7.91	28.54	18.67	25.52	3.16	1.15	25.453656	26.091496	25.739494	0.540942
7.92	28.54	18.67	25.52	3.16	1.15	25.454685	26.092942	25.740771	0.540952
7.92	28.54	18.68	25.52	3.16	1.15	25.455714	26.094387	25.742046	0.540961
7.92	28.54	18.69	25.52	3.16	1.15	25.456741	26.095829	25.743320	0.540971
7.92	28.54	18.70	25.52	3.16	1.15	25.457768	26.097269	25.744592	0.540980
7.93	28.54	18.70	25.52	3.16	1.15	25.458794	26.098707	25.745862	0.540990
7.93	28.54	18.71	25.52	3.16	1.15	25.459820	26.100144	25.747131	0.540999
7.93	28.54	18.72	25.52	3.16	1.15	25.460844	26.101578	25.748398	0.541009
7.94	28.54	18.72	25.52	3.16	1.15	25.461868	26.103010	25.749664	0.541018
7.94	28.54	18.73	25.52	3.16	1.15	25.462891	26.104440	25.750928	0.541027
7.94	28.54	18.74	25.52	3.16	1.15	25.463913	26.105869	25.752190	0.541037
7.94	28.54	18.74	25.52	3.16	1.15	25.464935	26.107295	25.753451	0.541046
7.95	28.54	18.75	25.52	3.16	1.16	25.465955	26.108719	25.754710	0.541055
7.95	28.54	18.76	25.52	3.16	1.16	25.466975	26.110141	25.755968	0.541064
7.95	28.54	18.77	25.52	3.16	1.16	25.467995	26.111562	25.757224	0.541074
7.96	28.54	18.77	25.52	3.16	1.16	25.469013	26.112980	25.758479	0.541083
7.96	28.54	18.78	25.52	3.16	1.16	25.470031	26.114396	25.759732	0.541092
7.96	28.54	18.79	25.52	3.16	1.16	25.471049	26.115810	25.760983	0.541101
7.96	28.54	18.79	25.52	3.16	1.16	25.472065	26.117223	25.762234	0.541110
7.97	28.54	18.80	25.52	3.16	1.16	25.473081	26.118633	25.763482	0.541119
7.97	28.54	18.81	25.52	3.16	1.16	25.474097	26.120042	25.764729	0.541128
7.97	28.54	18.82	25.53	3.16	1.16	25.475111	26.121448	25.765975	0.541137
7.97	28.54	18.82	25.53	3.16	1.16	25.476126	26.122853	25.767219	0.541146
7.98	28.54	18.83	25.53	3.16	1.16	25.477139	26.124255	25.768462	0.541155
7.98	28.54	18.84	25.53	3.16	1.16	25.478152	26.125656	25.769703	0.541164
7.98	28.54	18.84	25.53	3.16	1.16	25.479165	26.127054	25.770943	0.541173
7.99	28.54	18.85	25.53	3.16	1.16	25.480176	26.128451	25.772181	0.541182
7.99	28.54	18.86	25.53	3.16	1.16	25.481188	26.129846	25.773418	0.541191
7.99	28.54	18.87	25.53	3.16	1.16	25.482199	26.131239	25.774654	0.541200
7.99	28.54	18.87	25.53	3.16	1.16	25.483209	26.132630	25.775888	0.541208
8.00	28.54	18.88	25.53	3.16	1.16	25.484219	26.134019	25.777120	0.541217
8.00	28.54	18.89	25.53	3.16	1.16	25.485228	26.135406	25.778352	0.541226
8.00	28.54	18.90	25.53	3.16	1.16	25.486237	26.136791	25.779581	0.541234
8.01	28.54	18.90	25.53	3.16	1.16	25.487245	26.138174	25.780810	0.541243
8.01	28.54	18.91	25.53	3.16	1.16	25.488253	26.139556	25.782037	0.541252
8.01	28.54	18.92	25.53	3.16	1.16	25.489260	26.140935	25.783263	0.541260
8.01	28.54	18.92	25.53	3.16	1.16	25.490267	26.142313	25.784487	0.541269
8.02	28.54	18.93	25.53	3.16	1.16	25.491274	26.143688	25.785710	0.541277
8.02	28.54	18.94	25.53	3.16	1.16	25.492280	26.145062	25.786932	0.541286
8.02	28.54	18.95	25.54	3.16	1.16	25.493285	26.146434	25.788152	0.541294
8.03	28.54	18.95	25.54	3.16	1.16	25.494291	26.147804	25.789371	0.541303
8.03	28.54	18.96	25.54	3.16	1.16	25.495296	26.149172	25.790589	0.541311
8.03	28.54	18.97	25.54	3.16	1.16	25.496300	26.150538	25.791805	0.541319
8.03	28.54	18.98	25.54	3.16	1.16	25.497304	26.151903	25.793020	0.541328
8.04	28.54	18.98	25.54	3.16	1.16	25.498308	26.153265	25.794234	0.541336
8.04	28.54	18.99	25.54	3.16	1.16	25.499312	26.154626	25.795447	0.541344
8.04	28.54	19.00	25.54	3.16	1.16	25.500315	26.155985	25.796658	0.541352
8.04	28.54	19.00	25.54	3.16	1.16	25.501318	26.157341	25.797868	0.541360
8.05	28.54	19.01	25.54	3.16	1.16	25.502320	26.158697	25.799077	0.541369
8.05	28.54	19.02	25.54	3.16	1.16	25.503323	26.160050	25.800284	0.541377
8.05	28.54	19.03	25.54	3.16	1.16	25.504325	26.161401	25.801490	0.541385
8.06	28.54	19.03	25.54	3.16	1.16	25.505327	26.162751	25.802695	0.541393
8.06	28.54	19.04	25.54	3.16	1.16	25.506328	26.164098	25.803899	0.541401
8.06	28.54	19.05	25.55	3.16	1.16	25.507329	26.165444	25.805102	0.541409
8.06	28.54	19.06	25.55	3.16	1.16	25.508330	26.166788	25.806303	0.541417
8.07	28.54	19.06	25.55	3.16	1.16	25.509331	26.168130	25.807503	0.541425
8.07	28.54	19.07	25.55	3.16	1.16	25.510332	26.169471	25.808702	0.541432
8.07	28.54	19.08	25.55	3.16	1.16	25.511332	26.170809	25.809899	0.541440
8.07	28.54	19.09	25.55	3.16	1.16	25.512332	26.172146	25.811096	0.541448
8.08	28.54	19.09	25.55	3.16	1.16	25.513332	26.173481	25.812291	0.541456
8.08	28.54	19.10	25.55	3.16	1.16	25.514332	26.174814	25.813486	0.541464
8.08	28.54	19.11	25.55	3.16	1.16	25.515332	26.176146	25.814679	0.541471
8.09	28.54	19.11	25.55	3.16	1.16	25.516331	26.177475	25.815870	0.541479
8.09	28.54	19.12	25.55	3.16	1.16	25.517331	26.178803	25.817061	0.541487
8.09	28.54	19.13	25.55	3.16	1.16	25.518330	26.180129	25.818251	0.541494
8.09	28.54	19.14	25.56	3.16	1.16	25.519329	26.181453	25.819439	0.541502
8.10	28.54	19.14	25.56	3.16	1.16	25.520328	26.182776	25.820626	0.541509
8.10	28.54	19.15	25.56	3.16	1.16	25.521327	26.184096	25.821813	0.541517
8.10	28.54	19.16	25.56	3.16	1.16	25.522326	26.185415	25.822998	0.541524
8.11	28.54	19.17	25.56	3.16	1.17	25.523325	26.186732	25.824182	0.541532
8.11	28.54	19.17	25.56	3.16	1.17	25.524324	26.188048	25.825365	0.541539
8.11	28.54	19.18	25.56	3.16	1.17	25.525323	26.189361	25.826547	0.541546
8.11	28.54	19.19	25.56	3.16	1.17	25.526321	26.190673	25.827727	0.541554
8.12	28.54	19.20	25.56	3.16	1.17	25.527320	26.191983	25.828907	0.541561
8.12	28.54	19.20	25.56	3.16	1.17	25.528319	26.193292	25.830086	0.541568
8.12	28.54	19.21	25.56	3.16	1.17	25.529317	26.194598	25.831263	0.541575
8.12	28.54	19.22	25.57	3.17	1.17	25.530316	26.195903	25.832440	0.541583
8.13	28.54	19.23	25.57	3.17	1.17	25.531315	26.197206	25.833615	0.541590
8.13	28.54	19.23	25.57	3.17	1.17	25.532313	26.198508	25.834790	0.541597
8.13	28.54	19.24	25.57	3.17	1.17	25.533312	26.199807	25.835963	0.541604
8.14	28.54	19.25	25.57	3.17	1.17	25.534311	26.201105	25.837136	0.541611
8.14	28.54	19.26	25.57	3.17	1.17	25.535310	26.202402	25.838307	0.541618
8.14	28.54	19.26	25.57	3.17	1.17	25.536309	26.203696	25.839478	0.541625
8.14	28.54	19.27	25.57	3.17	1.17	25.537308	26.204989	25.840647	0.541632
8.15	28.54	19.28	25.57	3.17	1.17	25.538307	26.206280	25.841816	0.541639
8.15	28.54	19.29	25.57	3.17	1.17	25.539306	26.207570	25.842983	0.541645
8.15	28.54	19.29	25.58	3.17	1.17	25.540305	26.208857	25.844150	0.541652
8.16	28.54	19.30	25.58	3.17	1.17	25.541305	26.210143	25.845315	0.541659
8.16	28.54	19.31	25.58	3.17	1.17	25.542304	26.211428	25.846480	0.541666
8.16	28.54	19.32	25.58	3.17	1.17	25.543304	26.212710	25.847644	0.541673
8.16	28.54	19.32	25.58	3.17	1.17	25.544304	26.213991	25.848806	0.541679
8.17	28.54	19.33	25.58	3.17	1.17	25.545304	26.215271	25.849968	0.541686
8.17	28.54	19.34	25.58	3.17	1.17	25.546304	26.216548	25.851129	0.541692
8.17	28.54	19.35	25.58	3.17	1.17	25.547304	26.217824	25.852289	0.541699
8.18	28.54	19.35	25.58	3.17	1.17	25.548305	26.219099	25.853448	0.541705
8.18	28.54	19.36	25.59	3.17	1.17	25.549305	26.220371	25.854606	0.541712
8.18	28.54	19.37	25.59	3.17	1.17	25.550306	26.221642	25.855764	0.541718
8.18	28.54	19.38	25.59	3.17	1.17	25.551307	26.222912	25.856920	0.541725
8.19	28.54	19.38	25.59	3.17	1.17	25.552309	26.224180	25.858075	0.541731
8.19	28.54	19.39	25.59	3.17	1.17	25.553310	26.225446	25.859230	0.541738
8.19	28.54	19.40	25.59	3.17	1.17	25.554312	26.226710	25.860384	0.541744
8.19	28.54	19.41	25.59	3.17	1.17	25.555314	26.227973	25.861537	0.541750
8.20	28.54	19.42	25.59	3.17	1.17	25.556317	26.229234	25.862689	0.541756
8.20	28.54	19.42	25.60	3.17	1.17	25.557319	26.230494	25.863840	0.541762
8.20	28.54	19.43	25.60	3.17	1.17	25.558322	26.231752	25.864991	0.541769
8.21	28.54	19.44	25.60	3.17	1.17	25.559325	26.233008	25.866140	0.541775
8.21	28.54	19.45	25.60	3.17	1.17	25.560329	26.234263	25.867289	0.541781
8.21	28.54	19.45	25.60	3.17	1.17	25.561333	26.235516	25.868437	0.541787
8.21	28.54	19.46	25.60	3.17	1.17	25.562337	26.236768	25.869584	0.541793
8.22	28.54	19.47	25.60	3.17	1.17	25.563342	26.238018	25.870730	0.541799
8.22	28.54	19.48	25.60	3.17	1.17	25.564347	26.239266	25.871876	0.541805
8.22	28.54	19.48	25.61	3.17	1.17	25.565352	26.240513	25.873021	0.541811
8.22	28.54	19.49	25.61	3.17	1.17	25.566357	26.241758	25.874165	0.541816
8.23	28.54	19.50	25.61	3.17	1.17	25.567363	26.243002	25.875308	0.541822
8.23	28.54	19.51	25.61	3.17	1.17	25.568370	26.244244	25.876450	0.541828
8.23	28.54	19.52	25.61	3.17	1.17	25.569376	26.245484	25.877592	0.541834
8.24	28.54	19.52	25.61	3.17	1.17	25.570384	26.246723	25.878733	0.541839
8.24	28.54	19.53	25.61	3.17	1.17	25.571391	26.247961	25.879873	0.541845
8.24	28.54	19.54	25.61	3.17	1.17	25.572399	26.249196	25.881013	0.541851
8.24	28.54	19.55	25.62	3.17	1.17	25.573408	26.250431	25.882152	0.541856
8.25	28.54	19.55	25.62	3.17	1.17	25.574416	26.251663	25.883290	0.541862
8.25	28.54	19.56	25.62	3.17	1.17	25.575426	26.252895	25.884427	0.541867
8.25	28.54	19.57	25.62	3.17	1.17	25.576436	26.254124	25.885564	0.541873
8.26	28.54	19.58	25.62	3.17	1.17	25.577446	26.255352	25.886700	0.541878
8.26	28.54	19.58	25.62	3.17	1.17	25.578457	26.256579	25.887835	0.541884
8.26	28.54	19.59	25.62	3.17	1.17	25.579468	26.257804	25.888969	0.541889
8.26	28.54	19.60	25.63	3.17	1.17	25.580479	26.259028	25.890103	0.541894
8.27	28.54	19.61	25.63	3.17	1.17	25.581492	26.260250	25.891237	0.541900
8.27	28.54	19.62	25.63	3.17	1.17	25.582504	26.261470	25.892369	0.541905
8.27	28.54	19.62	25.63	3.17	1.17	25.583518	26.262689	25.893501	0.541910
8.28	28.54	19.63	25.63	3.17	1.17	25.584531	26.263907	25.894632	0.541915
8.28	28.54	19.64	25.63	3.17	1.17	25.585546	26.265123	25.895763	0.541920
8.28	28.54	19.65	25.63	3.17	1.17	25.586561	26.266337	25.896893	0.541925
8.28	28.54	19.65	25.64	3.17	1.17	25.587576	26.267550	25.898022	0.541930
8.29	28.54	19.66	25.64	3.17	1.17	25.588592	26.268762	25.899151	0.541935
8.29	28.54	19.67	25.64	3.17	1.17	25.589609	26.269972	25.900279	0.541940
8.29	28.54	19.68	25.64	3.17	1.17	25.590626	26.271180	25.901407	0.541945
8.29	28.54	19.69	25.64	3.17	1.17	25.591644	26.272387	25.902534	0.541950
8.30	28.54	19.69	25.64	3.17	1.17	25.592662	26.273593	25.903660	0.541955
8.30	28.54	19.70	25.65	3.17	1.17	25.593681	26.274797	25.904786	0.541960
8.30	28.54	19.71	25.65	3.17	1.17	25.594701	26.276000	25.905911	0.541964
8.31	28.54	19.72	25.65	3.17	1.17	25.595721	26.277201	25.907036	0.541969
8.31	28.54	19.73	25.65	3.17	1.17	25.596742	26.278401	25.908160	0.541974
8.31	28.54	19.73	25.65	3.17	1.17	25.597763	26.279599	25.909284	0.541978
8.31	28.54	19.74	25.65	3.17	1.17	25.598786	26.280796	25.910407	0.541983
8.32	28.54	19.75	25.65	3.17	1.17	25.599808	26.281992	25.911529	0.541988
8.32	28.54	19.76	25.66	3.17	1.17	25.600832	26.283186	25.912651	0.541992
8.32	28.54	19.76	25.66	3.17	1.17	25.601856	26.284378	25.913772	0.541997
8.32	28.54	19.77	25.66	3.17	1.17	25.602881	26.285570	25.914893	0.542001
8.33	28.54	19.78	25.66	3.17	1.17	25.603907	26.286759	25.916013	0.542005
8.33	28.54	19.79	25.66	3.17	1.17	25.604933	26.287948	25.917133	0.542010
8.33	28.54	19.80	25.66	3.17	1.17	25.605960	26.289135	25.918253	0.542014
8.34	28.54	19.80	25.67	3.17	1.17	25.606988	26.290320	25.919371	0.542018
8.34	28.54	19.81	25.67	3.17	1.17	25.608016	26.291505	25.920490	0.542023
8.34	28.54	19.82	25.67	3.17	1.17	25.609046	26.292687	25.921608	0.542027
8.34	28.54	19.83	25.67	3.17	1.17	25.610076	26.293869	25.922725	0.542031
8.35	28.54	19.84	25.67	3.17	1.17	25.611106	26.295049	25.923842	0.542035
8.35	28.54	19.84	25.68	3.17	1.17	25.612138	26.296227	25.924958	0.542039
8.35	28.54	19.85	25.68	3.17	1.17	25.613170	26.297405	25.926074	0.542043
8.36	28.54	19.86	25.68	3.17	1.18	25.614203	26.298581	25.927190	0.542047
8.36	28.54	19.87	25.68	3.17	1.18	25.615237	26.299755	25.928305	0.542051
8.36	28.54	19.88	25.68	3.17	1.18	25.616272	26.300928	25.929420	0.542055
8.36	28.54	19.88	25.68	3.17	1.18	25.617308	26.302100	25.930534	0.542059
8.37	28.54	19.89	25.69	3.17	1.18	25.618344	26.303270	25.931648	0.542063
8.37	28.54	19.90	25.69	3.17	1.18	25.619381	26.304439	25.932761	0.542067
8.37	28.54	19.91	25.69	3.17	1.18	25.620419	26.305607	25.933874	0.542070
8.38	28.54	19.92	25.69	3.17	1.18	25.621458	26.306774	25.934987	0.542074
8.38	28.54	19.92	25.69	3.17	1.18	25.622498	26.307939	25.936099	0.542078
8.38	28.54	19.93	25.69	3.17	1.18	25.623538	26.309102	25.937211	0.542081
8.38	28.54	19.94	25.70	3.17	1.18	25.624580	26.310265	25.938323	0.542085
8.39	28.54	19.95	25.70	3.17	1.18	25.625622	26.311426	25.939434	0.542089
8.39	28.54	19.96	25.70	3.17	1.18	25.626665	26.312585	25.940545	0.542092
8.39	28.54	19.96	25.70	3.17	1.18	25.627709	26.313744	25.941655	0.542096
8.39	28.54	19.97	25.70	3.17	1.18	25.628755	26.314901	25.942765	0.542099
8.40	28.54	19.98	25.71	3.17	1.18	25.629800	26.316057	25.943875	0.542102
8.40	28.54	19.99	25.71	3.17	1.18	25.630847	26.317211	25.944984	0.542106
8.40	28.54	20.00	25.71	3.17	1.18	25.631895	26.318365	25.946093	0.542109
8.41	28.54	20.00	25.71	3.17	1.18	25.632944	26.319517	25.947202	0.542112
8.41	28.54	20.01	25.71	3.17	1.18	25.633993	26.320667	25.948310	0.542116
8.41	28.54	20.02	25.72	3.17	1.18	25.635044	26.321817	25.949418	0.542119
8.41	28.54	20.03	25.72	3.17	1.18	25.636096	26.322965	25.950526	0.542122
8.42	28.54	20.04	25.72	3.17	1.18	25.637148	26.324111	25.951633	0.542125
8.42	28.54	20.04	25.72	3.17	1.18	25.638202	26.325257	25.952740	0.542128
8.42	28.54	20.05	25.72	3.17	1.18	25.639256	26.326401	25.953847	0.542131
8.43	28.54	20.06	25.72	3.17	1.18	25.640312	26.327544	25.954954	0.542134
8.43	28.54	20.07	25.73	3.17	1.18	25.641368	26.328686	25.956060	0.542137
8.43	28.54	20.08	25.73	3.17	1.18	25.642426	26.329827	25.957166	0.542140
8.43	28.54	20.08	25.73	3.17	1.18	25.643484	26.330966	25.958272	0.542143
8.44	28.54	20.09	25.73	3.17	1.18	25.644544	26.332104	25.959378	0.542145
8.44	28.54	20.10	25.73	3.17	1.18	25.645604	26.333241	25.960483	0.542148
8.44	28.54	20.11	25.74	3.17	1.18	25.646666	26.334376	25.961588	0.542151
8.44	28.54	20.12	25.74	3.17	1.18	25.647729	26.335510	25.962693	0.542154
8.45	28.54	20.13	25.74	3.17	1.18	25.648793	26.336644	25.963797	0.542156
8.45	28.54	20.13	25.74	3.17	1.18	25.649857	26.337775	25.964902	0.542159
8.45	28.54	20.14	25.74	3.17	1.18	25.650923	26.338906	25.966006	0.542161
8.46	28.54	20.15	25.75	3.17	1.18	25.651990	26.340036	25.967110	0.542164
8.46	28.54	20.16	25.75	3.17	1.18	25.653058	26.341164	25.968213	0.542166
8.46	28.54	20.17	25.75	3.17	1.18	25.654127	26.342291	25.969317	0.542169
8.46	28.54	20.17	25.75	3.17	1.18	25.655197	26.343417	25.970420	0.542171
8.47	28.54	20.18	25.76	3.17	1.18	25.656269	26.344541	25.971523	0.542174
8.47	28.54	20.19	25.76	3.17	1.18	25.657341	26.345665	25.972626	0.542176
8.47	28.54	20.20	25.76	3.17	1.18	25.658415	26.346787	25.973729	0.542178
8.47	28.54	20.21	25.76	3.17	1.18	25.659490	26.347908	25.974832	0.542180
8.48	28.54	20.21	25.76	3.17	1.18	25.660565	26.349028	25.975934	0.542183
8.48	28.54	20.22	25.77	3.17	1.18	25.661642	26.350147	25.977037	0.542185
8.48	28.54	20.23	25.77	3.17	1.18	25.662721	26.351265	25.978139	0.542187
8.49	28.54	20.24	25.77	3.17	1.18	25.663800	26.352381	25.979241	0.542189
8.49	28.54	20.25	25.77	3.17	1.18	25.664880	26.353496	25.980343	0.542191
8.49	28.54	20.26	25.77	3.17	1.18	25.665962	26.354610	25.981444	0.542193
8.49	28.54	20.26	25.78	3.17	1.18	25.667045	26.355723	25.982546	0.542195
8.50	28.54	20.27	25.78	3.17	1.18	25.668129	26.356835	25.983648	0.542197
8.50	28.54	20.28	25.78	3.17	1.18	25.669214	26.357946	25.984749	0.542198
8.50	28.54	20.29	25.78	3.17	1.18	25.670301	26.359055	25.985850	0.542200
8.51	28.54	20.30	25.79	3.17	1.18	25.671388	26.360164	25.986952	0.542202
8.51	28.54	20.31	25.79	3.17	1.18	25.672477	26.361271	25.988053	0.542204
8.51	28.54	20.31	25.79	3.17	1.18	25.673567	26.362377	25.989154	0.542205
8.51	28.54	20.32	25.79	3.17	1.18	25.674659	26.363483	25.990255	0.542207
8.52	28.54	20.33	25.79	3.17	1.18	25.675751	26.364586	25.991356	0.542209
8.52	28.54	20.34	25.80	3.17	1.18	25.676845	26.365689	25.992456	0.542210
8.52	28.54	20.35	25.80	3.17	1.18	25.677940	26.366791	25.993557	0.542212
8.53	28.54	20.35	25.80	3.17	1.18	25.679036	26.367892	25.994658	0.542213
8.53	28.54	20.36	25.80	3.17	1.18	25.680134	26.368991	25.995759	0.542214
8.53	28.54	20.37	25.81	3.17	1.18	25.681233	26.370090	25.996859	0.542216
8.53	28.54	20.38	25.81	3.17	1.18	25.682333	26.371187	25.997960	0.542217
8.54	28.54	20.39	25.81	3.17	1.18	25.683435	26.372284	25.999060	0.542218
8.54	28.54	20.40	25.81	3.17	1.18	25.684537	26.373379	26.000161	0.542220
8.54	28.54	20.40	25.82	3.17	1.18	25.685641	26.374473	26.001261	0.542221
8.54	28.54	20.41	25.82	3.17	1.18	25.686747	26.375566	26.002362	0.542222
8.55	28.54	20.42	25.82	3.17	1.18	25.687854	26.376658	26.003462	0.542223
8.55	28.54	20.43	25.82	3.17	1.18	25.688962	26.377749	26.004563	0.542224
8.55	28.54	20.44	25.82	3.17	1.18	25.690071	26.378839	26.005663	0.542225
8.56	28.54	20.45	25.83	3.17	1.18	25.691182	26.379928	26.006764	0.542226
8.56	28.54	20.45	25.83	3.17	1.18	25.692294	26.381016	26.007864	0.542227
8.56	28.54	20.46	25.83	3.17	1.18	25.693407	26.382103	26.008965	0.542228
8.56	28.54	20.47	25.83	3.17	1.18	25.694522	26.383188	26.010066	0.542229
8.57	28.54	20.48	25.84	3.17	1.18	25.695638	26.384273	26.011166	0.542230
8.57	28.54	20.49	25.84	3.17	1.18	25.696756	26.385357	26.012267	0.542230
8.57	28.54	20.50	25.84	3.17	1.18	25.697875	26.386440	26.013368	0.542231
8.57	28.54	20.50	25.84	3.17	1.18	25.698995	26.387521	26.014468	0.542232
8.58	28.54	20.51	25.85	3.17	1.18	25.700117	26.388602	26.015569	0.542232
8.58	28.54	20.52	25.85	3.17	1.18	25.701240	26.389682	26.016670	0.542233
8.58	28.54	20.53	25.85	3.17	1.18	25.702365	26.390760	26.017771	0.542233
8.59	28.54	20.54	25.85	3.17	1.18	25.703491	26.391838	26.018872	0.542234
8.59	28.54	20.55	25.86	3.17	1.18	25.704618	26.392915	26.019973	0.542234
8.59	28.54	20.55	25.86	3.17	1.18	25.705747	26.393990	26.021075	0.542235
8.59	28.54	20.56	25.86	3.17	1.18	25.706877	26.395065	26.022176	0.542235
8.60	28.54	20.57	25.86	3.17	1.18	25.708009	26.396139	26.023277	0.542236
8.60	28.54	20.58	25.87	3.17	1.18	25.709142	26.397212	26.024379	0.542236
8.60	28.54	20.59	25.87	3.17	1.18	25.710277	26.398283	26.025481	0.542236
8.61	28.54	20.60	25.87	3.17	1.18	25.711413	26.399354	26.026582	0.542236
8.61	28.54	20.60	25.87	3.17	1.18	25.712551	26.400424	26.027684	0.542236
8.61	28.54	20.61	25.88	3.17	1.18	25.713690	26.401493	26.028786	0.542236
8.61	28.54	20.62	25.88	3.17	1.18	25.714830	26.402561	26.029888	0.542237
8.62	28.54	20.63	25.88	3.17	1.18	25.715972	26.403628	26.030991	0.542237
8.62	28.54	20.64	25.88	3.17	1.18	25.717116	26.404694	26.032093	0.542236
8.62	28.54	20.65	25.89	3.17	1.18	25.718261	26.405759	26.033196	0.542236
8.62	28.54	20.66	25.89	3.17	1.18	25.719407	26.406823	26.034299	0.542236
8.63	28.54	20.66	25.89	3.17	1.18	25.720556	26.407887	26.035401	0.542236
8.63	28.54	20.67	25.89	3.17	1.18	25.721705	26.408949	26.036505	0.542236
8.63	28.54	20.68	25.90	3.17	1.18	25.722856	26.410010	26.037608	0.542236
8.64	28.54	20.69	25.90	3.17	1.18	25.724009	26.411071	26.038711	0.542235
8.64	28.54	20.70	25.90	3.17	1.18	25.725163	26.412131	26.039815	0.542235
8.64	28.54	20.71	25.90	3.17	1.18	25.726319	26.413189	26.040919	0.542235
8.64	28.54	20.71	25.91	3.17	1.18	25.727476	26.414247	26.042023	0.542234
8.65	28.54	20.72	25.91	3.17	1.18	25.728635	26.415304	26.043127	0.542234
8.65	28.54	20.73	25.91	3.17	1.18	25.729796	26.416360	26.044232	0.542233
8.65	28.54	20.74	25.92	3.17	1.18	25.730958	26.417415	26.045336	0.542233
8.66	28.54	20.75	25.92	3.17	1.18	25.732121	26.418469	26.046441	0.542232
8.66	28.54	20.76	25.92	3.17	1.18	25.733287	26.419522	26.047546	0.542231
8.66	28.54	20.77	25.92	3.17	1.18	25.734454	26.420575	26.048652	0.542231
8.66	28.54	20.77	25.93	3.17	1.18	25.735622	26.421626	26.049757	0.542230
8.67	28.54	20.78	25.93	3.17	1.18	25.736792	26.422677	26.050863	0.542229
8.67	28.54	20.79	25.93	3.17	1.18	25.737964	26.423727	26.051969	0.542228
8.67	28.54	20.80	25.93	3.17	1.18	25.739137	26.424776	26.053076	0.542227
8.68	28.54	20.81	25.94	3.17	1.18	25.740312	26.425824	26.054182	0.542226
8.68	28.54	20.82	25.94	3.17	1.18	25.741489	26.426871	26.055289	0.542225
8.68	28.54	20.83	25.94	3.17	1.18	25.742667	26.427918	26.056396	0.542224
8.68	28.54	20.83	25.95	3.17	1.18	25.743847	26.428964	26.057504	0.542223
8.69	28.54	20.84	25.95	3.17	1.18	25.745028	26.430008	26.058612	0.542222
8.69	28.54	20.85	25.95	3.17	1.18	25.746211	26.431052	26.059720	0.542221
8.69	28.54	20.86	25.95	3.17	1.18	25.747396	26.432095	26.060828	0.542220
8.69	28.54	20.87	25.96	3.17	1.18	25.748583	26.433138	26.061937	0.542219
8.70	28.54	20.88	25.96	3.17	1.18	25.749771	26.434179	26.063046	0.542217
8.70	28.54	20.89	25.96	3.17	1.17	25.750961	26.435220	26.064155	0.542216
8.70	28.54	20.89	25.97	3.17	1.17	25.752152	26.436260	26.065264	0.542215
8.71	28.54	20.90	25.97	3.17	1.17	25.753346	26.437299	26.066374	0.542213
8.71	28.54	20.91	25.97	3.17	1.17	25.754541	26.438337	26.067485	0.542212
8.71	28.54	20.92	25.97	3.17	1.17	25.755737	26.439374	26.068595	0.542210
8.71	28.54	20.93	25.98	3.17	1.17	25.756936	26.440411	26.069706	0.542209
8.72	28.54	20.94	25.98	3.17	1.17	25.758136	26.441447	26.070817	0.542207
8.72	28.54	20.95	25.98	3.17	1.17	25.759338	26.442482	26.071929	0.542205
8.72	28.54	20.95	25.99	3.17	1.17	25.760541	26.443516	26.073041	0.542204
8.72	28.54	20.96	25.99	3.17	1.17	25.761746	26.444550	26.074153	0.542202
8.73	28.54	20.97	25.99	3.17	1.17	25.762954	26.445583	26.075266	0.542200
8.73	28.54	20.98	25.99	3.17	1.17	25.764162	26.446615	26.076379	0.542198
8.73	28.54	20.99	26.00	3.17	1.17	25.765373	26.447646	26.077492	0.542196
8.74	28.54	21.00	26.00	3.17	1.17	25.766585	26.448676	26.078606	0.542194
8.74	28.54	21.01	26.00	3.17	1.17	25.767799	26.449706	26.079720	0.542192
8.74	28.54	21.01	26.01	3.17	1.17	25.769015	26.450735	26.080835	0.542190
8.74	28.54	21.02	26.01	3.17	1.17	25.770233	26.451763	26.081950	0.542188
8.75	28.54	21.03	26.01	3.17	1.17	25.771452	26.452791	26.083065	0.542186
8.75	28.54	21.04	26.01	3.17	1.17	25.772674	26.453818	26.084181	0.542184
8.75	28.54	21.05	26.02	3.17	1.17	25.773897	26.454844	26.085297	0.542182
8.76	28.54	21.06	26.02	3.17	1.17	25.775122	26.455869	26.086414	0.542179
8.76	28.54	21.07	26.02	3.17	1.17	25.776348	26.456894	26.087531	0.542177
8.76	28.54	21.08	26.03	3.17	1.17	25.777577	26.457917	26.088648	0.542175
8.76	28.54	21.08	26.03	3.17	1.17	25.778807	26.458941	26.089766	0.542172
8.77	28.54	21.09	26.03	3.17	1.17	25.780039	26.459963	26.090885	0.542170
8.77	28.54	21.10	26.04	3.17	1.17	25.781273	26.460985	26.092004	0.542167
8.77	28.54	21.11	26.04	3.17	1.17	25.782509	26.462006	26.093123	0.542165
8.78	28.54	21.12	26.04	3.17	1.17	25.783747	26.463026	26.094243	0.542162
8.78	28.54	21.13	26.05	3.17	1.17	25.784986	26.464046	26.095363	0.542160
8.78	28.54	21.14	26.05	3.17	1.17	25.786227	26.465065	26.096484	0.542157
8.78	28.54	21.14	26.05	3.17	1.17	25.787471	26.466083	26.097605	0.542154
8.79	28.54	21.15	26.05	3.17	1.17	25.788716	26.467101	26.098726	0.542151
8.79	28.54	21.16	26.06	3.17	1.17	25.789963	26.468118	26.099848	0.542148
8.79	28.54	21.17	26.06	3.17	1.17	25.791212	26.469134	26.100971	0.542146
8.79	28.54	21.18	26.06	3.17	1.17	25.792462	26.470150	26.102094	0.542143
8.80	28.54	21.19	26.07	3.17	1.17	25.793715	26.471165	26.103218	0.542140
8.80	28.54	21.20	26.07	3.17	1.17	25.794969	26.472179	26.104342	0.542137
8.80	28.54	21.21	26.07	3.17	1.17	25.796226	26.473193	26.105466	0.542134
8.81	28.54	21.21	26.08	3.17	1.17	25.797484	26.474206	26.106592	0.542130
8.81	28.54	21.22	26.08	3.17	1.17	25.798744	26.475218	26.107717	0.542127
8.81	28.54	21.23	26.08	3.17	1.17	25.800007	26.476230	26.108843	0.542124
8.81	28.54	21.24	26.09	3.17	1.17	25.801271	26.477241	26.109970	0.542121
8.82	28.54	21.25	26.09	3.17	1.17	25.802537	26.478252	26.111097	0.542118
8.82	28.54	21.26	26.09	3.17	1.17	25.803805	26.479261	26.112225	0.542114
8.82	28.54	21.27	26.10	3.17	1.17	25.805075	26.480271	26.113354	0.542111
8.82	28.54	21.28	26.10	3.17	1.17	25.806346	26.481279	26.114482	0.542107
8.83	28.54	21.28	26.10	3.17	1.17	25.807620	26.482287	26.115612	0.542104
8.83	28.54	21.29	26.10	3.17	1.17	25.808896	26.483295	26.116742	0.542100
8.83	28.54	21.30	26.11	3.17	1.17	25.810174	26.484302	26.117872	0.542097
8.84	28.54	21.31	26.11	3.17	1.17	25.811453	26.485308	26.119004	0.542093
8.84	28.54	21.32	26.11	3.17	1.17	25.812735	26.486313	26.120135	0.542089
8.84	28.54	21.33	26.12	3.17	1.17	25.814019	26.487318	26.121268	0.542086
8.84	28.54	21.34	26.12	3.17	1.17	25.815304	26.488323	26.122401	0.542082
8.85	28.54	21.35	26.12	3.17	1.17	25.816592	26.489327	26.123534	0.542078
8.85	28.54	21.36	26.13	3.17	1.17	25.817882	26.490330	26.124668	0.542074
8.85	28.54	21.36	26.13	3.17	1.17	25.819173	26.491333	26.125803	0.542070
8.86	28.54	21.37	26.13	3.17	1.17	25.820467	26.492335	26.126938	0.542066
8.86	28.54	21.38	26.14	3.17	1.17	25.821762	26.493337	26.128074	0.542062
8.86	28.54	21.39	26.14	3.17	1.17	25.823060	26.494338	26.129211	0.542058
8.86	28.54	21.40	26.14	3.17	1.17	25.824360	26.495338	26.130348	0.542054
8.87	28.54	21.41	26.15	3.17	1.17	25.825661	26.496338	26.131485	0.542050
8.87	28.54	21.42	26.15	3.17	1.17	25.826965	26.497337	26.132624	0.542046
8.87	28.54	21.43	26.15	3.17	1.17	25.828271	26.498336	26.133763	0.542041
8.88	28.54	21.43	26.16	3.17	1.17	25.829579	26.499334	26.134903	0.542037
8.88	28.54	21.44	26.16	3.17	1.17	25.830888	26.500332	26.136043	0.542033
8.88	28.54	21.45	26.16	3.17	1.17	25.832200	26.501330	26.137184	0.542028
8.88	28.54	21.46	26.17	3.17	1.17	25.833514	26.502326	26.138326	0.542024
8.89	28.54	21.47	26.17	3.17	1.17	25.834830	26.503322	26.139468	0.542019
8.89	28.54	21.48	26.17	3.17	1.17	25.836148	26.504318	26.140611	0.542015
8.89	28.54	21.49	26.18	3.17	1.17	25.837469	26.505313	26.141755	0.542010
8.89	28.54	21.50	26.18	3.17	1.17	25.838791	26.506308	26.142899	0.542005
8.90	28.54	21.51	26.18	3.17	1.17	25.840115	26.507302	26.144044	0.542001
8.90	28.54	21.51	26.19	3.17	1.17	25.841442	26.508296	26.145190	0.541996
8.90	28.54	21.52	26.19	3.17	1.17	25.842770	26.509289	26.146336	0.541991
8.91	28.54	21.53	26.20	3.18	1.17	25.844101	26.510282	26.147483	0.541986
8.91	28.54	21.54	26.20	3.18	1.17	25.845434	26.511274	26.148631	0.541981
8.91	28.54	21.55	26.20	3.18	1.17	25.846768	26.512266	26.149779	0.541976
8.91	28.54	21.56	26.21	3.18	1.17	25.848105	26.513257	26.150928	0.541971
8.92	28.54	21.57	26.21	3.18	1.17	25.849444	26.514248	26.152078	0.541966
8.92	28.54	21.58	26.21	3.18	1.17	25.850786	26.515238	26.153229	0.541961
8.92	28.54	21.59	26.22	3.18	1.17	25.852129	26.516228	26.154380	0.541956
8.93	28.54	21.60	26.22	3.18	1.17	25.853474	26.517217	26.155533	0.541951
8.93	28.54	21.60	26.22	3.18	1.17	25.854822	26.518206	26.156685	0.541945
8.93	28.54	21.61	26.23	3.18	1.16	25.856172	26.519194	26.157839	0.541940
8.93	28.54	21.62	26.23	3.18	1.16	25.857524	26.520182	26.158993	0.541935
8.94	28.54	21.63	26.23	3.18	1.16	25.858878	26.521170	26.160148	0.541929
8.94	28.54	21.64	26.24	3.18	1.16	25.860234	26.522157	26.161304	0.541924
8.94	28.54	21.65	26.24	3.18	1.16	25.861592	26.523144	26.162461	0.541918
8.94	28.54	21.66	26.24	3.18	1.16	25.862953	26.524130	26.163618	0.541913
8.95	28.54	21.67	26.25	3.18	1.16	25.864315	26.525116	26.164776	0.541907
8.95	28.54	21.68	26.25	3.18	1.16	25.865680	26.526101	26.165935	0.541901
8.95	28.54	21.68	26.26	3.18	1.16	25.867047	26.527086	26.167095	0.541896
8.96	28.54	21.69	26.26	3.18	1.16	25.868417	26.528071	26.168255	0.541890
8.96	28.54	21.70	26.26	3.18	1.16	25.869788	26.529055	26.169416	0.541884
8.96	28.54	21.71	26.27	3.18	1.16	25.871162	26.530039	26.170578	0.541878
8.96	28.54	21.72	26.27	3.18	1.16	25.872538	26.531022	26.171741	0.541872
8.97	28.54	21.73	26.27	3.18	1.16	25.873916	26.532005	26.172905	0.541866
8.97	28.54	21.74	26.28	3.18	1.16	25.875296	26.532988	26.174069	0.541860
8.97	28.54	21.75	26.28	3.18	1.16	25.876678	26.533970	26.175235	0.541854
8.97	28.54	21.76	26.28	3.18	1.16	25.878063	26.534952	26.176401	0.541848
8.98	28.54	21.77	26.29	3.18	1.16	25.879450	26.535933	26.177567	0.541842
8.98	28.54	21.77	26.29	3.18	1.16	25.880839	26.536914	26.178735	0.541836
8.98	28.54	21.78	26.30	3.18	1.16	25.882231	26.537895	26.179904	0.541829
8.99	28.54	21.79	26.30	3.18	1.16	25.883624	26.538875	26.181073	0.541823
8.99	28.54	21.80	26.30	3.18	1.16	25.885020	26.539855	26.182243	0.541817
8.99	28.54	21.81	26.31	3.18	1.16	25.886418	26.540835	26.183414	0.541810
8.99	28.54	21.82	26.31	3.18	1.16	25.887819	26.541814	26.184586	0.541804
9.00	28.54	21.83	26.31	3.18	1.16	25.889221	26.542793	26.185759	0.541797
9.00	28.54	21.84	26.32	3.18	1.16	25.890626	26.543772	26.186933	0.541790
9.00	28.54	21.85	26.32	3.18	1.16	25.892033	26.544750	26.188107	0.541784
9.01	28.54	21.86	26.33	3.18	1.16	25.893443	26.545728	26.189282	0.541777
9.01	28.54	21.87	26.33	3.18	1.16	25.894855	26.546705	26.190459	0.541770
9.01	28.54	21.87	26.33	3.18	1.16	25.896269	26.547682	26.191636	0.541764
9.01	28.54	21.88	26.34	3.18	1.16	25.897685	26.548659	26.192814	0.541757
9.02	28.54	21.89	26.34	3.18	1.16	25.899104	26.549636	26.193992	0.541750
9.02	28.54	21.90	26.34	3.18	1.16	25.900524	26.550612	26.195172	0.541743
9.02	28.54	21.91	26.35	3.18	1.16	25.901948	26.551588	26.196353	0.541736
9.03	28.54	21.92	26.35	3.18	1.16	25.903373	26.552564	26.197534	0.541729
9.03	28.54	21.93	26.36	3.18	1.16	25.904801	26.553539	26.198717	0.541722
9.03	28.54	21.94	26.36	3.18	1.16	25.906231	26.554514	26.199900	0.541714
9.03	28.54	21.95	26.36	3.18	1.16	25.907664	26.555489	26.201084	0.541707
9.04	28.54	21.96	26.37	3.18	1.16	25.909098	26.556463	26.202270	0.541700
9.04	28.54	21.97	26.37	3.18	1.16	25.910535	26.557437	26.203456	0.541693
9.04	28.54	21.97	26.38	3.18	1.16	25.911975	26.558411	26.204643	0.541685
9.04	28.54	21.98	26.39	3.18	1.16	25.913417	26.559384	26.205831	0.541678
9.05	28.54	21.99	26.40	3.18	1.16	25.914861	26.560358	26.207019	0.541670
9.05	28.54	22.00	26.42	3.18	1.16	25.916307	26.561331	26.208209	0.541663
9.05	28.54	22.01	26.43	3.18	1.16	25.917756	26.562304	26.209400	0.541655
9.06	28.54	22.02	26.44	3.18	1.16	25.919207	26.563276	26.210592	0.541647
9.06	28.54	22.03	26.45	3.18	1.16	25.920661	26.564248	26.211784	0.541640
9.06	28.54	22.04	26.46	3.18	1.16	25.922117	26.565220	26.212978	0.541632
9.06	28.54	22.05	26.47	3.18	1.16	25.923575	26.566192	26.214173	0.541624
9.07	28.54	22.06	26.49	3.18	1.15	25.925037	26.567163	26.215368	0.541616
9.07	28.54	22.07	26.50	3.18	1.15	25.926501	26.568135	26.216565	0.541608
9.07	28.54	22.07	26.51	3.18	1.15	25.927968	26.569106	26.217762	0.541600
9.07	28.54	22.08	26.52	3.18	1.15	25.929439	26.570076	26.218961	0.541592
9.08	28.54	22.09	26.53	3.18	1.15	25.930914	26.571047	26.220161	0.541584
9.08	28.54	22.10	26.54	3.18	1.15	25.932393	26.572017	26.221362	0.541576
9.08	28.54	22.11	26.55	3.18	1.15	25.933876	26.572987	26.222564	0.541567
9.09	28.54	22.12	26.57	3.18	1.15	25.935363	26.573957	26.223768	0.541559
9.09	28.54	22.13	26.58	3.18	1.15	25.936856	26.574927	26.224973	0.541550
9.09	28.54	22.14	26.59	3.18	1.15	25.938354	26.575896	26.226179	0.541542
9.09	28.54	22.15	26.60	3.18	1.15	25.939858	26.576865	26.227387	0.541533
9.10	28.54	22.16	26.61	3.18	1.15	25.941368	26.577834	26.228597	0.541524
9.10	28.54	22.17	26.62	3.18	1.15	25.942885	26.578803	26.229808	0.541515
9.10	28.54	22.18	26.64	3.18	1.15	25.944408	26.579772	26.231021	0.541506
9.11	28.54	22.18	26.65	3.18	1.15	25.945938	26.580740	26.232235	0.541496
9.11	28.54	22.19	26.66	3.18	1.15	25.947475	26.581709	26.233452	0.541487
9.11	28.54	22.20	26.67	3.18	1.15	25.949020	26.582677	26.234671	0.541477
9.11	28.54	22.21	26.68	3.18	1.15	25.950573	26.583645	26.235891	0.541468
9.12	28.54	22.22	26.69	3.18	1.15	25.952133	26.584612	26.237114	0.541458
9.12	28.54	22.23	26.71	3.18	1.15	25.953702	26.585580	26.238339	0.541448
9.12	28.54	22.24	26.72	3.18	1.15	25.955279	26.586547	26.239567	0.541437
9.12	28.54	22.25	26.73	3.18	1.15	25.956865	26.587515	26.240797	0.541427
9.13	28.54	22.26	26.74	3.18	1.15	25.958460	26.588482	26.242029	0.541416
9.13	28.54	22.27	26.75	3.18	1.15	25.960064	26.589449	26.243264	0.541405
9.13	28.54	22.28	26.76	3.18	1.15	25.961677	26.590416	26.244502	0.541394
9.14	28.54	22.29	26.78	3.18	1.15	25.963299	26.591383	26.245742	0.541383
9.14	28.54	22.30	26.79	3.18	1.15	25.964931	26.592349	26.246985	0.541372
9.14	28.54	22.30	26.80	3.18	1.15	25.966573	26.593316	26.248231	0.541360
9.14	28.54	22.31	26.81	3.18	1.15	25.968224	26.594282	26.249481	0.541349
9.15	28.54	22.32	26.82	3.18	1.15	25.969885	26.595249	26.250733	0.541337
9.15	28.54	22.33	26.83	3.18	1.15	25.971556	26.596215	26.251988	0.541324
9.15	28.54	22.34	26.85	3.18	1.15	25.973238	26.597181	26.253247	0.541312
9.16	28.54	22.35	26.86	3.18	1.15	25.974929	26.598147	26.254509	0.541299
9.16	28.54	22.36	26.87	3.18	1.15	25.976631	26.599113	26.255774	0.541287
9.16	28.54	22.37	26.88	3.18	1.14	25.978344	26.600079	26.257043	0.541274
9.16	28.54	22.38	26.89	3.18	1.14	25.980066	26.601045	26.258315	0.541260
9.17	28.54	22.39	26.90	3.18	1.14	25.981800	26.602011	26.259591	0.541247
9.17	28.54	22.40	26.92	3.18	1.14	25.983544	26.602977	26.260871	0.541233
9.17	28.54	22.41	26.93	3.18	1.14	25.985299	26.603943	26.262154	0.541219
9.18	28.54	22.42	26.94	3.18	1.14	25.987064	26.604910	26.263441	0.541205
9.18	28.54	22.43	26.95	3.18	1.14	25.988841	26.605876	26.264732	0.541191
9.18	28.54	22.43	26.96	3.18	1.14	25.990628	26.606842	26.266027	0.541177
9.18	28.54	22.44	26.97	3.18	1.14	25.992426	26.607808	26.267326	0.541162
9.19	28.54	22.45	26.99	3.18	1.14	25.994235	26.608774	26.268629	0.541147
9.19	28.54	22.46	27.00	3.18	1.14	25.996055	26.609740	26.269936	0.541132
9.19	28.54	22.47	27.01	3.18	1.14	25.997887	26.610707	26.271247	0.541116
9.19	28.54	22.48	27.02	3.18	1.14	25.999729	26.611673	26.272562	0.541101
9.20	28.54	22.49	27.03	3.18	1.14	26.001582	26.612640	26.273881	0.541085
9.20	28.54	22.50	27.04	3.18	1.14	26.003447	26.613607	26.275205	0.541069
9.20	28.54	22.51	27.06	3.18	1.14	26.005322	26.614574	26.276534	0.541052
9.21	28.54	22.52	27.07	3.18	1.14	26.007209	26.615541	26.277866	0.541036
9.21	28.54	22.53	27.08	3.18	1.14	26.009107	26.616508	26.279203	0.541019
9.21	28.54	22.54	27.09	3.18	1.14	26.011017	26.617476	26.280545	0.541002
9.21	28.54	22.55	27.10	3.18	1.14	26.012937	26.618444	26.281891	0.540984
9.22	28.54	22.56	27.11	3.18	1.14	26.014869	26.619412	26.283242	0.540967
9.22	28.54	22.57	27.13	3.18	1.14	26.016812	26.620380	26.284597	0.540949
9.22	28.54	22.57	27.14	3.18	1.14	26.018766	26.621348	26.285957	0.540931
9.22	28.54	22.58	27.15	3.18	1.13	26.020732	26.622317	26.287322	0.540913
9.23	28.54	22.59	27.16	3.18	1.13	26.022709	26.623286	26.288691	0.540894
9.23	28.54	22.60	27.17	3.18	1.13	26.024697	26.624256	26.290065	0.540876
9.23	28.54	22.61	27.18	3.18	1.13	26.026696	26.625225	26.291444	0.540857
9.24	28.54	22.62	27.20	3.18	1.13	26.028707	26.626195	26.292828	0.540838
9.24	28.54	22.63	27.21	3.18	1.13	26.030729	26.627166	26.294217	0.540818
9.24	28.54	22.64	27.22	3.18	1.13	26.032762	26.628137	26.295611	0.540798
9.24	28.54	22.65	27.23	3.18	1.13	26.034806	26.629108	26.297010	0.540778
9.25	28.54	22.66	27.24	3.18	1.13	26.036862	26.630080	26.298414	0.540758
9.25	28.54	22.67	27.25	3.18	1.13	26.038929	26.631052	26.299822	0.540738
9.25	28.54	22.68	27.27	3.18	1.13	26.041008	26.632025	26.301236	0.540717
9.26	28.54	22.69	27.28	3.18	1.13	26.043097	26.632998	26.302655	0.540696
9.26	28.54	22.70	27.29	3.18	1.13	26.045198	26.633971	26.304079	0.540675
9.26	28.54	22.71	27.30	3.18	1.13	26.047310	26.634945	26.305508	0.540654
9.26	28.54	22.72	27.31	3.18	1.13	26.049433	26.635920	26.306943	0.540632
9.27	28.54	22.72	27.32	3.18	1.13	26.051568	26.636895	26.308382	0.540610
9.27	28.54	22.73	27.34	3.18	1.13	26.053713	26.637871	26.309827	0.540588
9.27	28.54	22.74	27.35	3.18	1.12	26.055870	26.638847	26.311277	0.540566
9.28	28.54	22.75	27.36	3.18	1.12	26.058038	26.639824	26.312732	0.540543
9.28	28.54	22.76	27.37	3.18	1.12	26.060218	26.640802	26.314193	0.540520
9.28	28.54	22.77	27.38	3.18	1.12	26.062408	26.641780	26.315659	0.540497
9.28	28.54	22.78	27.39	3.18	1.12	26.064609	26.642759	26.317130	0.540474
9.29	28.54	22.79	27.41	3.18	1.12	26.066822	26.643738	26.318607	0.540450
9.29	28.54	22.80	27.42	3.18	1.12	26.069046	26.644718	26.320089	0.540427
9.29	28.54	22.81	27.43	3.18	1.12	26.071281	26.645699	26.321576	0.540402
9.29	28.54	22.82	27.44	3.18	1.12	26.073527	26.646681	26.323069	0.540378
9.30	28.54	22.83	27.45	3.18	1.12	26.075784	26.647663	26.324567	0.540353
9.30	28.54	22.84	27.46	3.18	1.12	26.078052	26.648646	26.326070	0.540329
9.30	28.54	22.85	27.48	3.18	1.12	26.080331	26.649630	26.327579	0.540304
9.31	28.54	22.86	27.49	3.18	1.12	26.082621	26.650614	26.329094	0.540278
9.31	28.54	22.87	27.50	3.18	1.12	26.084922	26.651600	26.330614	0.540253
9.31	28.54	22.88	27.51	3.18	1.12	26.087234	26.652586	26.332139	0.540227
9.31	28.54	22.89	27.52	3.18	1.11	26.089557	26.653573	26.333670	0.540201
9.32	28.54	22.89	27.53	3.18	1.11	26.091890	26.654561	26.335207	0.540174
9.32	28.54	22.90	27.55	3.18	1.11	26.094235	26.655550	26.336749	0.540148
9.32	28.54	22.91	27.56	3.18	1.11	26.096591	26.656540	26.338297	0.540121
9.32	28.54	22.92	27.57	3.18	1.11	26.098957	26.657530	26.339850	0.540094
9.33	28.54	22.93	27.58	3.18	1.11	26.101335	26.658522	26.341408	0.540066
9.33	28.54	22.94	27.59	3.18	1.11	26.103723	26.659514	26.342973	0.540038
9.33	28.54	22.95	27.61	3.18	1.11	26.106122	26.660507	26.344543	0.540011
9.34	28.54	22.96	27.62	3.18	1.11	26.108532	26.661502	26.346118	0.539982
9.34	28.54	22.97	27.63	3.18	1.11	26.110953	26.662497	26.347699	0.539954
9.34	28.54	22.98	27.64	3.18	1.11	26.113384	26.663493	26.349286	0.539925
9.34	28.54	22.99	27.65	3.18	1.11	26.115826	26.664491	26.350878	0.539896
9.35	28.54	23.00	27.66	3.18	1.11	26.118279	26.665489	26.352476	0.539867
9.35	28.54	23.01	27.68	3.18	1.10	26.120742	26.666488	26.354080	0.539838
9.35	28.54	23.02	27.69	3.18	1.10	26.123216	26.667489	26.355689	0.539808
9.36	28.54	23.03	27.70	3.18	1.10	26.125701	26.668490	26.357304	0.539778
9.36	28.54	23.04	27.71	3.18	1.10	26.128196	26.669493	26.358925	0.539748
9.36	28.54	23.05	27.72	3.18	1.10	26.130702	26.670496	26.360551	0.539717
9.36	28.54	23.06	27.73	3.18	1.10	26.133219	26.671501	26.362183	0.539686
9.37	28.54	23.07	27.75	3.18	1.10	26.135746	26.672507	26.363821	0.539655
9.37	28.54	23.08	27.76	3.18	1.10	26.138284	26.673514	26.365464	0.539624
9.37	28.54	23.08	27.77	3.18	1.10	26.140832	26.674522	26.367113	0.539592
9.38	28.54	23.09	27.78	3.18	1.10	26.143390	26.675532	26.368768	0.539560
9.38	28.54	23.10	27.79	3.18	1.10	26.145959	26.676542	26.370428	0.539528
9.38	28.54	23.11	27.81	3.18	1.10	26.148539	26.677554	26.372094	0.539496
9.38	28.54	23.12	27.82	3.18	1.09	26.151129	26.678567	26.373766	0.539463
9.39	28.54	23.13	27.83	3.18	1.09	26.153729	26.679581	26.375443	0.539430
9.39	28.54	23.14	27.84	3.18	1.09	26.156340	26.680597	26.377127	0.539397
9.39	28.54	23.15	27.85	3.18	1.09	26.158961	26.681613	26.378816	0.539364
9.39	28.54	23.16	27.86	3.18	1.09	26.161592	26.682631	26.380510	0.539330
9.40	28.54	23.17	27.88	3.18	1.09	26.164234	26.683651	26.382210	0.539296
9.40	28.54	23.18	27.89	3.18	1.09	26.166886	26.684671	26.383917	0.539261
9.40	28.54	23.19	27.90	3.18	1.09	26.169548	26.685693	26.385628	0.539227
9.41	28.54	23.20	27.91	3.18	1.09	26.172221	26.686716	26.387346	0.539192
9.41	28.54	23.21	27.92	3.18	1.09	26.174903	26.687741	26.389069	0.539157
9.41	28.54	23.22	27.93	3.18	1.09	26.177596	26.688767	26.390798	0.539121
9.41	28.54	23.23	27.95	3.18	1.08	26.180299	26.689794	26.392532	0.539086
9.42	28.54	23.24	27.96	3.18	1.08	26.183012	26.690822	26.394273	0.539050
9.42	28.54	23.25	27.97	3.18	1.08	26.185736	26.691852	26.396019	0.539013
9.42	28.54	23.26	27.98	3.18	1.08	26.188469	26.692884	26.397771	0.538977
9.43	28.54	23.27	27.99	3.18	1.08	26.191213	26.693917	26.399528	0.538940
9.43	28.54	23.28	28.01	3.18	1.08	26.193966	26.694951	26.401291	0.538903
9.43	28.54	23.29	28.02	3.18	1.08	26.196730	26.695987	26.403060	0.538865
9.43	28.54	23.30	28.03	3.18	1.08	26.199503	26.697024	26.404835	0.538827
9.44	28.54	23.30	28.04	3.18	1.08	26.202287	26.698062	26.406615	0.538789
9.44	28.54	23.31	28.05	3.18	1.08	26.205080	26.699102	26.408401	0.538751
9.44	28.54	23.32	28.06	3.18	1.07	26.207884	26.700144	26.410193	0.538712
9.44	28.54	23.33	28.08	3.18	1.07	26.210697	26.701187	26.411991	0.538673
9.45	28.54	23.34	28.09	3.18	1.07	26.213520	26.702231	26.413794	0.538634
9.45	28.54	23.35	28.10	3.18	1.07	26.216354	26.703277	26.415603	0.538595
9.45	28.54	23.36	28.11	3.18	1.07	26.219197	26.704325	26.417418	0.538555
9.46	28.54	23.37	28.12	3.18	1.07	26.222049	26.705374	26.419238	0.538515
9.46	28.54	23.38	28.13	3.18	1.07	26.224912	26.706425	26.421064	0.538474
9.46	28.54	23.39	28.15	3.18	1.07	26.227785	26.707477	26.422896	0.538434
9.46	28.54	23.40	28.16	3.18	1.07	26.230667	26.708531	26.424733	0.538393
9.47	28.54	23.41	28.17	3.18	1.06	26.233559	26.709586	26.426576	0.538351
9.47	28.54	23.42	28.18	3.18	1.06	26.236460	26.710643	26.428425	0.538310
9.47	28.54	23.43	28.19	3.18	1.06	26.239372	26.711701	26.430280	0.538268
9.47	28.54	23.44	28.21	3.18	1.06	26.242293	26.712762	26.432140	0.538225
9.48	28.54	23.45	28.22	3.18	1.06	26.245223	26.713823	26.434006	0.538183
9.48	28.54	23.46	28.23	3.18	1.06	26.248164	26.714887	26.435877	0.538140
9.48	28.54	23.47	28.24	3.18	1.06	26.251113	26.715952	26.437755	0.538097
9.49	28.54	23.48	28.25	3.18	1.06	26.254073	26.717019	26.439638	0.538053
9.49	28.54	23.49	28.26	3.18	1.06	26.257042	26.718087	26.441526	0.538009
9.49	28.54	23.50	28.28	3.18	1.05	26.260021	26.719157	26.443420	0.537965
9.49	28.54	23.51	28.29	3.19	1.05	26.263009	26.720229	26.445320	0.537920
9.50	28.54	23.52	28.30	3.19	1.05	26.266006	26.721303	26.447226	0.537875
9.50	28.54	23.53	28.31	3.19	1.05	26.269013	26.722378	26.449137	0.537830
9.50	28.54	23.54	28.32	3.19	1.05	26.272030	26.723455	26.451054	0.537785
9.51	28.54	23.55	28.34	3.19	1.05	26.275056	26.724534	26.452977	0.537739
9.51	28.54	23.56	28.35	3.19	1.05	26.278091	26.725614	26.454905	0.537693
9.51	28.54	23.57	28.36	3.19	1.05	26.281136	26.726696	26.456839	0.537646
9.51	28.54	23.58	28.37	3.19	1.04	26.284190	26.727780	26.458778	0.537599
9.52	28.54	23.58	28.38	3.19	1.04	26.287253	26.728866	26.460723	0.537552
9.52	28.54	23.59	28.39	3.19	1.04	26.290326	26.729953	26.462674	0.537504
9.52	28.54	23.60	28.41	3.19	1.04	26.293408	26.731043	26.464630	0.537456
9.53	28.54	23.61	28.42	3.19	1.04	26.296499	26.732134	26.466592	0.537408
9.53	28.54	23.62	28.43	3.19	1.04	26.299600	26.733227	26.468559	0.537360
9.53	28.54	23.63	28.44	3.19	1.04	26.302710	26.734321	26.470533	0.537311
9.53	28.54	23.64	28.45	3.19	1.04	26.305829	26.735418	26.472511	0.537261
9.54	28.54	23.65	28.47	3.19	1.03	26.308957	26.736516	26.474496	0.537211
9.54	28.54	23.66	28.48	3.19	1.03	26.312095	26.737616	26.476486	0.537161
9.54	28.54	23.67	28.49	3.19	1.03	26.315241	26.738718	26.478481	0.537111
9.54	28.54	23.68	28.50	3.19	1.03	26.318397	26.739822	26.480482	0.537060
9.55	28.54	23.69	28.51	3.19	1.03	26.321562	26.740928	26.482489	0.537009
9.55	28.54	23.70	28.52	3.19	1.03	26.324735	26.742036	26.484501	0.536957
9.55	28.54	23.71	28.54	3.19	1.03	26.327918	26.743145	26.486519	0.536905
9.56	28.54	23.72	28.55	3.19	1.02	26.331110	26.744257	26.488542	0.536853
9.56	28.54	23.73	28.56	3.19	1.02	26.334311	26.745370	26.490571	0.536800
9.56	28.54	23.74	28.57	3.19	1.02	26.337521	26.746486	26.492606	0.536747
9.56	28.54	23.75	28.58	3.19	1.02	26.340740	26.747603	26.494646	0.536694
9.57	28.54	23.76	28.60	3.19	1.02	26.343968	26.748722	26.496691	0.536640
9.57	28.54	23.77	28.61	3.19	1.02	26.347205	26.749843	26.498742	0.536586
9.57	28.54	23.78	28.62	3.19	1.02	26.350451	26.750966	26.500799	0.536531
9.57	28.54	23.79	28.63	3.19	1.01	26.353706	26.752091	26.502861	0.536476
9.58	28.54	23.80	28.64	3.19	1.01	26.356970	26.753218	26.504929	0.536420
9.58	28.54	23.81	28.65	3.19	1.01	26.360242	26.754347	26.507002	0.536365
9.58	28.54	23.82	28.67	3.19	1.01	26.363523	26.755478	26.509081	0.536308
9.59	28.54	23.83	28.68	3.19	1.01	26.366813	26.756611	26.511165	0.536251
9.59	28.54	23.84	28.69	3.19	1.01	26.370112	26.757746	26.513254	0.536194
9.59	28.54	23.85	28.70	3.19	1.01	26.373420	26.758883	26.515350	0.536137
9.59	28.54	23.86	28.71	3.19	1.00	26.376737	26.760022	26.517450	0.536079
9.60	28.54	23.87	28.73	3.19	1.00	26.380062	26.761162	26.519556	0.536020
9.60	28.54	23.88	28.74	3.19	1.00	26.383396	26.762305	26.521668	0.535961
9.60	28.54	23.89	28.75	3.19	1.00	26.386738	26.763450	26.523785	0.535902
9.61	28.54	23.90	28.76	3.19	1.00	26.390090	26.764597	26.525907	0.535842
9.61	28.54	23.91	28.77	3.19	1.00	26.393450	26.765747	26.528035	0.535782
9.61	28.54	23.92	28.78	3.19	0.99	26.396818	26.766898	26.530169	0.535721
9.61	28.54	23.93	28.80	3.19	0.99	26.400195	26.768051	26.532308	0.535660
9.62	28.54	23.94	28.81	3.19	0.99	26.403581	26.769206	26.534452	0.535599
9.62	28.54	23.95	28.82	3.19	0.99	26.406976	26.770364	26.536601	0.535537
9.62	28.54	23.96	28.83	3.19	0.99	26.410378	26.771523	26.538757	0.535474
9.62	28.54	23.97	28.84	3.19	0.99	26.413790	26.772685	26.540917	0.535411
9.63	28.54	23.97	28.86	3.19	0.98	26.417210	26.773848	26.543083	0.535348
9.63	28.54	23.98	28.87	3.19	0.98	26.420639	26.775014	26.545254	0.535284
9.63	28.54	23.99	28.88	3.19	0.98	26.424076	26.776182	26.547431	0.535219
9.64	28.54	24.00	28.89	3.19	0.98	26.427521	26.777352	26.549613	0.535154
9.64	28.54	24.01	28.90	3.19	0.98	26.430975	26.778524	26.551801	0.535089
9.64	28.54	24.02	28.91	3.19	0.98	26.434437	26.779698	26.553993	0.535023
9.64	28.54	24.03	28.93	3.19	0.97	26.437908	26.780875	26.556192	0.534956
9.65	28.54	24.04	28.94	3.19	0.97	26.441387	26.782053	26.558395	0.534889
9.65	28.54	24.05	28.95	3.19	0.97	26.444875	26.783234	26.560604	0.534821
9.65	28.54	24.06	28.96	3.19	0.97	26.448371	26.784417	26.562819	0.534753
9.66	28.54	24.07	28.97	3.19	0.97	26.451875	26.785602	26.565038	0.534685
9.66	28.54	24.08	28.99	3.19	0.96	26.455387	26.786789	26.567263	0.534615
9.66	28.54	24.09	29.00	3.19	0.96	26.458908	26.787978	26.569493	0.534546
9.66	28.54	24.10	29.01	3.19	0.96	26.462437	26.789170	26.571729	0.534475
9.67	28.54	24.11	29.02	3.19	0.96	26.465974	26.790364	26.573970	0.534405
9.67	28.54	24.12	29.03	3.19	0.96	26.469520	26.791560	26.576216	0.534333
9.67	28.54	24.13	29.05	3.19	0.96	26.473074	26.792758	26.578468	0.534261
9.68	28.54	24.14	29.06	3.19	0.95	26.476636	26.793958	26.580725	0.534188
9.68	28.54	24.15	29.07	3.19	0.95	26.480206	26.795161	26.582987	0.534115
9.68	28.54	24.16	29.08	3.19	0.95	26.483784	26.796366	26.585254	0.534041
9.68	28.54	24.17	29.09	3.19	0.95	26.487371	26.797573	26.587527	0.533967
9.69	28.54	24.18	29.10	3.19	0.95	26.490965	26.798782	26.589805	0.533892
9.69	28.54	24.19	29.12	3.19	0.94	26.494568	26.799993	26.592088	0.533816
9.69	28.54	24.20	29.13	3.19	0.94	26.498179	26.801207	26.594377	0.533740
9.69	28.54	24.21	29.14	3.19	0.94	26.501798	26.802423	26.596670	0.533663
9.70	28.54	24.22	29.15	3.19	0.94	26.505425	26.803642	26.598969	0.533585
9.70	28.54	24.23	29.16	3.19	0.94	26.509060	26.804862	26.601274	0.533507
9.70	28.54	24.24	29.18	3.19	0.93	26.512703	26.806085	26.603583	0.533428
9.71	28.54	24.25	29.19	3.19	0.93	26.516354	26.807310	26.605898	0.533348
9.71	28.54	24.26	29.20	3.19	0.93	26.520013	26.808537	26.608218	0.533268
9.71	28.54	24.27	29.21	3.19	0.93	26.523680	26.809767	26.610543	0.533187
9.71	28.54	24.28	29.22	3.19	0.92	26.527355	26.810999	26.612873	0.533105
9.72	28.54	24.29	29.23	3.19	0.92	26.531038	26.812233	26.615209	0.533023
9.72	28.54	24.30	29.25	3.19	0.92	26.534728	26.813470	26.617549	0.532939
9.72	28.54	24.31	29.26	3.19	0.92	26.538427	26.814709	26.619895	0.532855
9.72	28.54	24.32	29.27	3.19	0.92	26.542134	26.815950	26.622246	0.532771
9.73	28.54	24.33	29.28	3.19	0.91	26.545848	26.817193	26.624602	0.532685
9.73	28.54	24.34	29.29	3.19	0.91	26.549570	26.818439	26.626964	0.532599
9.73	28.54	24.35	29.31	3.19	0.91	26.553300	26.819687	26.629330	0.532512
9.74	28.54	24.36	29.32	3.19	0.91	26.557038	26.820938	26.631702	0.532424
9.74	28.54	24.37	29.33	3.19	0.90	26.560784	26.822191	26.634079	0.532335
9.74	28.54	24.38	29.34	3.19	0.90	26.564538	26.823446	26.636461	0.532246
9.74	28.54	24.39	29.35	3.19	0.90	26.568299	26.824704	26.638848	0.532155
9.75	28.54	24.40	29.36	3.19	0.90	26.572068	26.825963	26.641240	0.532064
9.75	28.54	24.41	29.38	3.19	0.89	26.575845	26.827226	26.643637	0.531972
9.75	28.54	24.42	29.39	3.19	0.89	26.579629	26.828490	26.646039	0.531879
9.76	28.54	24.43	29.40	3.19	0.89	26.583421	26.829757	26.648447	0.531785
9.76	28.54	24.44	29.41	3.19	0.89	26.587221	26.831027	26.650859	0.531690
9.76	28.54	24.45	29.42	3.19	0.88	26.591028	26.832298	26.653277	0.531594
9.76	28.54	24.46	29.44	3.19	0.88	26.594844	26.833572	26.655700	0.531498
9.77	28.54	24.47	29.45	3.19	0.88	26.598666	26.834849	26.658128	0.531400
9.77	28.54	24.48	29.46	3.19	0.88	26.602497	26.836128	26.660560	0.531301
9.77	28.54	24.49	29.47	3.19	0.87	26.606335	26.837409	26.662998	0.531201
9.78	28.54	24.50	29.48	3.19	0.87	26.610180	26.838693	26.665441	0.531100
9.78	28.54	24.51	29.50	3.19	0.87	26.614034	26.839979	26.667889	0.530999
9.78	28.54	24.52	29.51	3.19	0.87	26.617894	26.841268	26.670342	0.530896
9.78	28.54	24.53	29.52	3.19	0.86	26.621763	26.842558	26.672800	0.530792
9.79	28.54	24.54	29.53	3.19	0.86	26.625638	26.843852	26.675263	0.530686
9.79	28.54	24.55	29.54	3.19	0.86	26.629522	26.845148	26.677731	0.530580
9.79	28.54	24.56	29.55	3.19	0.86	26.633412	26.846446	26.680204	0.530473
9.79	28.54	24.57	29.57	3.19	0.85	26.637311	26.847746	26.682682	0.530364
9.80	28.54	24.58	29.58	3.19	0.85	26.641216	26.849050	26.685165	0.530254
9.80	28.54	24.59	29.59	3.19	0.85	26.645129	26.850355	26.687653	0.530143
9.80	28.54	24.60	29.60	3.19	0.84	26.649050	26.851663	26.690146	0.530030
9.81	28.54	24.61	29.61	3.19	0.84	26.652978	26.852973	26.692644	0.529917
9.81	28.54	24.62	29.63	3.19	0.84	26.656913	26.854286	26.695146	0.529801
9.81	28.54	24.63	29.64	3.19	0.83	26.660856	26.855602	26.697654	0.529685
9.81	28.54	24.64	29.65	3.19	0.83	26.664806	26.856919	26.700167	0.529567
9.82	28.54	24.65	29.66	3.19	0.83	26.668764	26.858240	26.702684	0.529448
9.82	28.54	24.66	29.67	3.19	0.83	26.672729	26.859562	26.705207	0.529327
9.82	28.54	24.67	29.68	3.19	0.82	26.676701	26.860888	26.707734	0.529205
9.82	28.54	24.68	29.70	3.19	0.82	26.680680	26.862215	26.710267	0.529081
9.83	28.54	24.69	29.71	3.19	0.82	26.684667	26.863546	26.712804	0.528955
9.83	28.54	24.70	29.72	3.19	0.81	26.688661	26.864878	26.715346	0.528828
9.83	28.54	24.71	29.73	3.19	0.81	26.692663	26.866213	26.717893	0.528700
9.84	28.54	24.72	29.74	3.19	0.81	26.696671	26.867551	26.720445	0.528569
9.84	28.54	24.73	29.76	3.19	0.80	26.700687	26.868891	26.723001	0.528437
9.84	28.54	24.74	29.77	3.19	0.80	26.704710	26.870234	26.725563	0.528303
9.84	28.54	24.75	29.78	3.19	0.80	26.708741	26.871579	26.728129	0.528167
9.85	28.54	24.76	29.79	3.19	0.79	26.712778	26.872927	26.730700	0.528029
9.85	28.54	24.77	29.80	3.19	0.79	26.716823	26.874277	26.733276	0.527889
9.85	28.54	24.78	29.82	3.19	0.78	26.720875	26.875629	26.735857	0.527748
9.86	28.54	24.79	29.83	3.19	0.78	26.724934	26.876985	26.738443	0.527604
9.86	28.54	24.80	29.84	3.19	0.78	26.729000	26.878342	26.741033	0.527458
9.86	28.54	24.81	29.85	3.20	0.77	26.733073	26.879703	26.743628	0.527309
9.86	28.54	24.82	29.86	3.20	0.77	26.737154	26.881065	26.746228	0.527158
9.87	28.54	24.83	29.87	3.20	0.76	26.741241	26.882431	26.748833	0.527005
9.87	28.54	24.84	29.89	3.20	0.76	26.745336	26.883799	26.751442	0.526850
9.87	28.54	24.85	29.90	3.20	0.76	26.749438	26.885169	26.754057	0.526692
9.88	28.54	24.86	29.91	3.20	0.75	26.753547	26.886542	26.756676	0.526531
9.88	28.54	24.87	29.92	3.20	0.75	26.757662	26.887917	26.759299	0.526368
9.88	28.54	24.88	29.93	3.20	0.74	26.761785	26.889296	26.761928	0.526201
9.88	28.54	24.89	29.95	3.20	0.74	26.765915	26.890676	26.764561	0.526032
9.89	28.54	24.90	29.96	3.20	0.74	26.770053	26.892059	26.767198	0.525859
9.89	28.54	24.91	29.97	3.20	0.73	26.774197	26.893445	26.769841	0.525684
9.89	28.54	24.92	29.98	3.20	0.73	26.778348	26.894834	26.772488	0.525505
9.89	28.54	24.93	29.99	3.20	0.72	26.782506	26.896224	26.775139	0.525323
9.90	28.54	24.94	30.00	3.20	0.72	26.786671	26.897618	26.777796	0.525136
9.90	28.54	24.95	30.02	3.20	0.71	26.790843	26.899014	26.780457	0.524947
9.90	28.54	24.96	30.03	3.20	0.71	26.795022	26.900413	26.783122	0.524753
9.91	28.54	24.97	30.04	3.20	0.70	26.799208	26.901814	26.785792	0.524555
9.91	28.54	24.98	30.05	3.20	0.70	26.803401	26.903218	26.788467	0.524353
9.91	28.54	24.99	30.06	3.20	0.69	26.807601	26.904624	26.791147	0.524146
9.91	28.54	25.00	30.08	3.20	0.69	26.811808	26.906034	26.793830	0.523934
9.92	28.54	25.01	30.09	3.20	0.68	26.816022	26.907445	26.796519	0.523718
9.92	28.54	25.02	30.10	3.20	0.67	26.820243	26.908860	26.799212	0.523496
9.92	28.54	25.03	30.11	3.20	0.67	26.824471	26.910277	26.801909	0.523268
9.93	28.54	25.04	30.12	3.20	0.66	26.828705	26.911696	26.804611	0.523035
9.93	28.54	25.05	30.14	3.20	0.66	26.832947	26.913119	26.807317	0.522795
9.93	28.54	25.06	30.15	3.20	0.65	26.837195	26.914544	26.810028	0.522549
9.93	28.54	25.07	30.16	3.20	0.64	26.841451	26.915971	26.812743	0.522295
9.94	28.54	25.08	30.17	3.20	0.64	26.845713	26.917402	26.815463	0.522034
9.94	28.54	25.09	30.18	3.20	0.63	26.849983	26.918835	26.818187	0.521765
9.94	28.54	25.10	30.19	3.20	0.62	26.854259	26.920270	26.820916	0.521487
9.94	28.54	25.11	30.21	3.20	0.61	26.858542	26.921709	26.823648	0.521199
9.95	28.54	25.12	30.22	3.20	0.61	26.862832	26.923150	26.826385	0.520902
9.95	28.54	25.13	30.23	3.20	0.60	26.867129	26.924594	26.829127	0.520593
9.95	28.54	25.14	30.24	3.20	0.59	26.871433	26.926040	26.831872	0.520272
9.96	28.54	25.15	30.25	3.20	0.58	26.875744	26.927490	26.834622	0.519939
9.96	28.54	25.16	30.27	3.20	0.57	26.880062	26.928942	26.837376	0.519591
9.96	28.54	25.17	30.28	3.20	0.56	26.884387	26.930397	26.840134	0.519227
9.96	28.54	25.18	30.29	3.20	0.55	26.888720	26.931855	26.842896	0.518845
9.97	28.54	25.19	30.30	3.20	0.54	26.893059	26.933316	26.845662	0.518444
9.97	28.54	25.20	30.31	3.20	0.53	26.897405	26.934779	26.848432	0.518020
9.97	28.54	25.21	30.32	3.20	0.52	26.901759	26.936246	26.851206	0.517571
9.97	28.54	25.22	30.34	3.20	0.51	26.906119	26.937716	26.853984	0.517093
9.98	28.54	25.23	30.35	3.20	0.50	26.910488	26.939189	26.856765	0.516580
9.98	28.54	25.24	30.36	3.20	0.48	26.914863	26.940665	26.859551	0.516028
9.98	28.54	25.25	30.37	3.20	0.48	26.919245	26.942142	26.862340	0.515820
9.99	28.54	25.26	30.38	3.20	0.48	26.923629	26.943619	26.865134	0.515823
9.99	28.54	25.27	30.40	3.20	0.48	26.928017	26.945096	26.867934	0.515827
9.99	28.54	25.28	30.41	3.20	0.48	26.932411	26.946574	26.870740	0.515831
9.99	28.54	25.29	30.42	3.20	0.48	26.936811	26.948054	26.873550	0.515834
10.00	28.54	25.30	30.43	3.20	0.48	26.941216	26.949535	26.876367	0.515838
10.00	28.54	25.31	30.44	3.20	0.48	26.945628	26.951019	26.879188	0.515842
10.00	28.54	25.32	30.45	3.20	0.48	26.950045	26.952504	26.882015	0.515846
10.01	28.54	25.33	30.47	3.20	0.48	26.954468	26.953991	26.884847	0.515849
10.01	28.54	25.34	30.48	3.20	0.48	26.958898	26.955480	26.887684	0.515853
10.01	28.54	25.35	30.49	3.20	0.48	26.963333	26.956972	26.890526	0.515857
10.01	28.54	25.36	30.50	3.20	0.48	26.967775	26.958465	26.893374	0.515861
10.02	28.54	25.37	30.51	3.20	0.48	26.972222	26.959961	26.896226	0.515864
10.02	28.54	25.38	30.53	3.20	0.48	26.976676	26.961459	26.899084	0.515868
10.02	28.54	25.39	30.54	3.20	0.48	26.981136	26.962959	26.901947	0.515872
10.03	28.54	25.40	30.55	3.20	0.48	26.985603	26.964462	26.904814	0.515876
10.03	28.54	25.41	30.56	3.20	0.48	26.990075	26.965967	26.907687	0.515879
10.03	28.54	25.42	30.57	3.20	0.49	26.994551	26.967472	26.910566	0.516345
10.03	28.54	25.43	30.58	3.20	0.50	26.999027	26.968976	26.913451	0.516900
10.04	28.54	25.44	30.60	3.20	0.52	27.003508	26.970481	26.916343	0.517417
10.04	28.54	25.45	30.61	3.20	0.53	27.007994	26.971988	26.919242	0.517901
10.04	28.54	25.46	30.62	3.20	0.54	27.012485	26.973497	26.922147	0.518359
10.04	28.54	25.47	30.63	3.20	0.55	27.016981	26.975008	26.925058	0.518792
10.05	28.54	25.48	30.64	3.20	0.56	27.021483	26.976522	26.927976	0.519203
10.05	28.54	25.49	30.66	3.20	0.57	27.025991	26.978038	26.930899	0.519596
10.05	28.54	25.50	30.67	3.20	0.58	27.030505	26.979557	26.933828	0.519972
10.06	28.54	25.51	30.68	3.20	0.59	27.035025	26.981078	26.936763	0.520333
10.06	28.54	25.52	30.69	3.20	0.60	27.039550	26.982602	26.939703	0.520680
10.06	28.54	25.53	30.70	3.20	0.61	27.044082	26.984129	26.942649	0.521015
10.06	28.54	25.54	30.72	3.20	0.61	27.048620	26.985658	26.945600	0.521337
10.07	28.54	25.55	30.73	3.20	0.62	27.053163	26.987191	26.948557	0.521650
10.07	28.54	25.56	30.74	3.20	0.63	27.057713	26.988726	26.951518	0.521952
10.07	28.54	25.57	30.75	3.20	0.64	27.062269	26.990264	26.954486	0.522246
10.07	28.54	25.58	30.76	3.20	0.64	27.066830	26.991806	26.957458	0.522531
10.08	28.54	25.59	30.77	3.20	0.65	27.071398	26.993350	26.960435	0.522808
10.08	28.54	25.60	30.79	3.20	0.66	27.075972	26.994897	26.963418	0.523078
10.08	28.54	25.61	30.80	3.20	0.66	27.080551	26.996447	26.966405	0.523341
10.09	28.54	25.62	30.81	3.20	0.67	27.085137	26.998000	26.969398	0.523597
10.09	28.54	25.63	30.82	3.20	0.68	27.089728	26.999556	26.972395	0.523848
10.09	28.54	25.64	30.83	3.20	0.68	27.094325	27.001116	26.975398	0.524093
10.09	28.54	25.65	30.85	3.20	0.69	27.098929	27.002678	26.978405	0.524332
10.10	28.54	25.66	30.86	3.20	0.70	27.103538	27.004243	26.981417	0.524566
10.10	28.54	25.67	30.87	3.20	0.70	27.108153	27.005811	26.984434	0.524795
10.10	28.54	25.68	30.88	3.20	0.71	27.112774	27.007383	26.987456	0.525020
10.11	28.54	25.69	30.89	3.20	0.71	27.117400	27.008957	26.990482	0.525240
10.11	28.54	25.70	30.90	3.20	0.72	27.122033	27.010534	26.993513	0.525456
10.11	28.54	25.72	30.92	3.20	0.72	27.126671	27.012115	26.996549	0.525668
10.11	28.54	25.73	30.93	3.20	0.73	27.131315	27.013698	26.999590	0.525877
10.12	28.54	25.74	30.94	3.20	0.73	27.135965	27.015285	27.002635	0.526081
10.12	28.54	25.75	30.95	3.20	0.74	27.140621	27.016874	27.005685	0.526282
10.12	28.54	25.76	30.96	3.20	0.74	27.145282	27.018467	27.008739	0.526480
10.12	28.54	25.77	30.97	3.20	0.75	27.149949	27.020062	27.011798	0.526675
10.13	28.54	25.78	30.99	3.20	0.75	27.154622	27.021661	27.014861	0.526866
10.13	28.54	25.79	31.00	3.20	0.76	27.159300	27.023263	27.017929	0.527054
10.13	28.54	25.80	31.01	3.20	0.76	27.163984	27.024867	27.021002	0.527240
10.14	28.54	25.81	31.02	3.20	0.77	27.168674	27.026475	27.024079	0.527423
10.14	28.54	25.82	31.03	3.20	0.77	27.173369	27.028086	27.027160	0.527603
10.14	28.54	25.83	31.05	3.20	0.78	27.178070	27.029700	27.030246	0.527781
10.14	28.54	25.84	31.06	3.20	0.78	27.182777	27.031317	27.033337	0.527956
10.15	28.54	25.85	31.07	3.20	0.78	27.187489	27.032937	27.036432	0.528129
10.15	28.54	25.86	31.08	3.20	0.79	27.192206	27.034560	27.039531	0.528299
10.15	28.54	25.87	31.09	3.20	0.79	27.196930	27.036186	27.042635	0.528468
10.16	28.54	25.88	31.10	3.21	0.80	27.201658	27.037815	27.045743	0.528634
10.16	28.54	25.89	31.12	3.21	0.80	27.206392	27.039447	27.048855	0.528798
10.16	28.54	25.90	31.13	3.21	0.80	27.211132	27.041082	27.051972	0.528960
10.16	28.54	25.91	31.14	3.21	0.81	27.215877	27.042720	27.055093	0.529120
10.17	28.54	25.92	31.15	3.21	0.81	27.220628	27.044361	27.058219	0.529278
10.17	28.54	25.93	31.16	3.21	0.82	27.225384	27.046005	27.061349	0.529434
10.17	28.54	25.94	31.18	3.21	0.82	27.230145	27.047653	27.064483	0.529589
10.18	28.54	25.95	31.19	3.21	0.82	27.234912	27.049303	27.067621	0.529742
10.18	28.54	25.96	31.20	3.21	0.83	27.239684	27.050956	27.070764	0.529893
10.18	28.54	25.97	31.21	3.21	0.83	27.244461	27.052612	27.073911	0.530042
10.18	28.54	25.98	31.22	3.21	0.84	27.249244	27.054272	27.077062	0.530190
10.19	28.54	25.99	31.23	3.21	0.84	27.254032	27.055934	27.080218	0.530336
10.19	28.54	26.00	31.25	3.21	0.84	27.258826	27.057599	27.083378	0.530481
10.19	28.54	26.01	31.26	3.21	0.85	27.263625	27.059268	27.086542	0.530625
10.19	28.54	26.02	31.27	3.21	0.85	27.268429	27.060939	27.089710	0.530766
10.20	28.54	26.03	31.28	3.21	0.85	27.273238	27.062613	27.092883	0.530907
10.20	28.54	26.04	31.29	3.21	0.86	27.278053	27.064291	27.096059	0.531046
10.20	28.54	26.05	31.31	3.21	0.86	27.282873	27.065971	27.099240	0.531184
10.21	28.54	26.06	31.32	3.21	0.86	27.287698	27.067655	27.102426	0.531320
10.21	28.54	26.07	31.33	3.21	0.87	27.292528	27.069341	27.105615	0.531455
10.21	28.54	26.08	31.34	3.21	0.87	27.297363	27.071030	27.108808	0.531589
10.21	28.54	26.09	31.35	3.21	0.87	27.302204	27.072723	27.112006	0.531722
10.22	28.54	26.10	31.36	3.21	0.88	27.307050	27.074418	27.115208	0.531854
10.22	28.54	26.11	31.38	3.21	0.88	27.311901	27.076117	27.118414	0.531984
10.22	28.54	26.12	31.39	3.21	0.88	27.316757	27.077818	27.121624	0.532113
10.22	28.54	26.13	31.40	3.21	0.89	27.321618	27.079522	27.124838	0.532241
10.23	28.54	26.14	31.41	3.21	0.89	27.326485	27.081230	27.128057	0.532368
10.23	28.54	26.15	31.42	3.21	0.89	27.331356	27.082940	27.131279	0.532494
10.23	28.54	26.16	31.43	3.21	0.90	27.336233	27.084654	27.134506	0.532619
10.24	28.54	26.17	31.45	3.21	0.90	27.341114	27.086370	27.137737	0.532743
10.24	28.54	26.18	31.46	3.21	0.90	27.346001	27.088090	27.140971	0.532866
10.24	28.54	26.19	31.47	3.21	0.90	27.350892	27.089812	27.144210	0.532988
10.24	28.54	26.20	31.48	3.21	0.91	27.355789	27.091537	27.147453	0.533109
10.25	28.54	26.21	31.49	3.21	0.91	27.360691	27.093266	27.150701	0.533229
10.25	28.54	26.22	31.51	3.21	0.91	27.365597	27.094997	27.153952	0.533348
10.25	28.54	26.24	31.52	3.21	0.92	27.370509	27.096732	27.157207	0.533467
10.26	28.54	26.25	31.53	3.21	0.92	27.375426	27.098469	27.160466	0.533584
10.26	28.54	26.26	31.54	3.21	0.92	27.380347	27.100210	27.163730	0.533700
10.26	28.54	26.27	31.55	3.21	0.92	27.385274	27.101953	27.166997	0.533816
10.26	28.54	26.28	31.56	3.21	0.93	27.390205	27.103699	27.170269	0.533931
10.27	28.54	26.29	31.58	3.21	0.93	27.395142	27.105449	27.173544	0.534045
10.27	28.54	26.30	31.59	3.21	0.93	27.400083	27.107201	27.176824	0.534158
10.27	28.54	26.31	31.60	3.21	0.94	27.405029	27.108957	27.180107	0.534270
10.28	28.54	26.32	31.61	3.21	0.94	27.409980	27.110715	27.183395	0.534382
10.28	28.54	26.33	31.62	3.21	0.94	27.414936	27.112476	27.186686	0.534493
10.28	28.54	26.34	31.63	3.21	0.94	27.419897	27.114241	27.189982	0.534603
10.28	28.54	26.35	31.65	3.21	0.95	27.424863	27.116008	27.193281	0.534712
10.29	28.54	26.36	31.66	3.21	0.95	27.429833	27.117778	27.196585	0.534821
10.29	28.54	26.37	31.67	3.21	0.95	27.434808	27.119552	27.199892	0.534929
10.29	28.54	26.38	31.68	3.21	0.95	27.439788	27.121328	27.203204	0.535036
10.29	28.54	26.39	31.69	3.21	0.96	27.444773	27.123107	27.206519	0.535143
10.30	28.54	26.40	31.70	3.21	0.96	27.449763	27.124890	27.209839	0.535249
10.30	28.54	26.41	31.72	3.21	0.96	27.454757	27.126675	27.213162	0.535354
10.30	28.54	26.42	31.73	3.21	0.96	27.459756	27.128463	27.216490	0.535458
10.31	28.54	26.43	31.74	3.21	0.97	27.464760	27.130255	27.219821	0.535562
10.31	28.54	26.44	31.75	3.21	0.97	27.469769	27.132049	27.223156	0.535665
10.31	28.54	26.45	31.76	3.21	0.97	27.474782	27.133846	27.226495	0.535768
10.31	28.54	26.46	31.78	3.21	0.97	27.479800	27.135647	27.229838	0.535870
10.32	28.54	26.47	31.79	3.21	0.98	27.484823	27.137450	27.233185	0.535971
10.32	28.54	26.48	31.80	3.21	0.98	27.489850	27.139256	27.236536	0.536072
10.32	28.54	26.49	31.81	3.21	0.98	27.494882	27.141065	27.239891	0.536172
10.32	28.54	26.50	31.82	3.21	0.98	27.499919	27.142878	27.243250	0.536272
10.33	28.54	26.51	31.83	3.21	0.99	27.504960	27.144693	27.246613	0.536371
10.33	28.54	26.52	31.85	3.21	0.99	27.510006	27.146511	27.249979	0.536470
10.33	28.54	26.53	31.86	3.21	0.99	27.515056	27.148332	27.253350	0.536568
10.34	28.54	26.54	31.87	3.21	0.99	27.520112	27.150156	27.256724	0.536665
10.34	28.54	26.55	31.88	3.21	1.00	27.525171	27.151984	27.260102	0.536762
10.34	28.54	26.56	31.89	3.21	1.00	27.530236	27.153814	27.263484	0.536858
10.34	28.54	26.57	31.90	3.21	1.00	27.535304	27.155647	27.266870	0.536954
10.35	28.54	26.58	31.92	3.21	1.00	27.540378	27.157483	27.270260	0.537049
10.35	28.54	26.59	31.93	3.21	1.01	27.545456	27.159322	27.273654	0.537144
10.35	28.54	26.60	31.94	3.21	1.01	27.550538	27.161165	27.277051	0.537238
10.36	28.54	26.61	31.95	3.21	1.01	27.555626	27.163010	27.280452	0.537332
10.36	28.54	26.62	31.96	3.21	1.01	27.560717	27.164858	27.283858	0.537425
10.36	28.54	26.63	31.97	3.21	1.01	27.565813	27.166709	27.287267	0.537518
10.36	28.54	26.64	31.99	3.21	1.02	27.570914	27.168563	27.290679	0.537610
10.37	28.54	26.66	32.00	3.21	1.02	27.576019	27.170420	27.294096	0.537702
10.37	28.54	26.67	32.01	3.21	1.02	27.581128	27.172280	27.297517	0.537794
10.37	28.54	26.68	32.02	3.21	1.02	27.586242	27.174143	27.300941	0.537885
10.38	28.54	26.69	32.03	3.21	1.03	27.591361	27.176010	27.304369	0.537975
10.38	28.54	26.70	32.04	3.21	1.03	27.596483	27.177879	27.307801	0.538065
10.38	28.54	26.71	32.06	3.21	1.03	27.601611	27.179751	27.311237	0.538155
10.38	28.54	26.72	32.07	3.21	1.03	27.606742	27.181626	27.314676	0.538244
10.39	28.54	26.73	32.08	3.21	1.03	27.611878	27.183504	27.318119	0.538333
10.39	28.54	26.74	32.09	3.21	1.04	27.617019	27.185385	27.321566	0.538421
10.39	28.54	26.75	32.10	3.21	1.04	27.622163	27.187269	27.325017	0.538509
10.39	28.54	26.76	32.11	3.21	1.04	27.627313	27.189156	27.328472	0.538596
10.40	28.54	26.77	32.13	3.21	1.04	27.632466	27.191046	27.331930	0.538683
10.40	28.54	26.78	32.14	3.21	1.05	27.637624	27.192939	27.335392	0.538770
10.40	28.54	26.79	32.15	3.21	1.05	27.642786	27.194835	27.338858	0.538856
10.41	28.54	26.80	32.16	3.21	1.05	27.647953	27.196734	27.342328	0.538942
10.41	28.54	26.81	32.17	3.21	1.05	27.653123	27.198636	27.345801	0.539028
10.41	28.54	26.82	32.18	3.22	1.05	27.658299	27.200540	27.349278	0.539113
10.41	28.54	26.83	32.20	3.22	1.06	27.663478	27.202448	27.352759	0.539197
10.42	28.54	26.84	32.21	3.22	1.06	27.668662	27.204359	27.356244	0.539282
10.42	28.54	26.85	32.22	3.22	1.06	27.673850	27.206273	27.359732	0.539366
10.42	28.54	26.86	32.23	3.22	1.06	27.679042	27.208190	27.363224	0.539449
10.43	28.54	26.87	32.24	3.22	1.06	27.684238	27.210110	27.366720	0.539532
10.43	28.54	26.88	32.25	3.22	1.07	27.689439	27.212033	27.370219	0.539615
10.43	28.54	26.89	32.27	3.22	1.07	27.694644	27.213958	27.373722	0.539698
10.43	28.54	26.90	32.28	3.22	1.07	27.699853	27.215887	27.377229	0.539780
10.44	28.54	26.91	32.29	3.22	1.07	27.705066	27.217819	27.380739	0.539862
10.44	28.54	26.92	32.30	3.22	1.07	27.710284	27.219754	27.384254	0.539943
10.44	28.54	26.93	32.31	3.22	1.08	27.715505	27.221692	27.387771	0.540024
10.44	28.54	26.94	32.32	3.22	1.08	27.720731	27.223632	27.391293	0.540105
10.45	28.54	26.95	32.34	3.22	1.08	27.725961	27.225576	27.394818	0.540185
10.45	28.54	26.96	32.35	3.22	1.08	27.731195	27.227523	27.398347	0.540266
10.45	28.54	26.97	32.36	3.22	1.08	27.736433	27.229472	27.401880	0.540345
10.46	28.54	26.98	32.37	3.22	1.08	27.741676	27.231425	27.405416	0.540425
10.46	28.54	26.99	32.38	3.22	1.09	27.746922	27.233381	27.408956	0.540504
10.46	28.54	27.00	32.39	3.22	1.09	27.752173	27.235339	27.412499	0.540583
10.46	28.54	27.01	32.41	3.22	1.09	27.757427	27.237301	27.416046	0.540661
10.47	28.54	27.03	32.42	3.22	1.09	27.762686	27.239265	27.419597	0.540739
10.47	28.54	27.04	32.43	3.22	1.09	27.767949	27.241233	27.423151	0.540817
10.47	28.54	27.05	32.44	3.22	1.10	27.773216	27.243203	27.426709	0.540895
10.47	28.54	27.06	32.45	3.22	1.10	27.778487	27.245177	27.430271	0.540972
10.48	28.54	27.07	32.46	3.22	1.10	27.783762	27.247153	27.433836	0.541049
10.48	28.54	27.08	32.48	3.22	1.10	27.789041	27.249133	27.437405	0.541126
10.48	28.54	27.09	32.49	3.22	1.10	27.794324	27.251115	27.440977	0.541202
10.49	28.54	27.10	32.50	3.22	1.11	27.799611	27.253101	27.444553	0.541278
10.49	28.54	27.11	32.51	3.22	1.11	27.804902	27.255089	27.448133	0.541354
10.49	28.54	27.12	32.52	3.22	1.11	27.810197	27.257080	27.451716	0.541430
10.49	28.54	27.13	32.53	3.22	1.11	27.815496	27.259075	27.455303	0.541505
10.50	28.54	27.14	32.55	3.22	1.11	27.820799	27.261072	27.458893	0.541580
10.50	28.54	27.15	32.56	3.22	1.11	27.826106	27.263072	27.462487	0.541655
10.50	28.54	27.16	32.57	3.22	1.12	27.831417	27.265075	27.466084	0.541729
10.51	28.54	27.17	32.58	3.22	1.12	27.836732	27.267082	27.469685	0.541803
10.51	28.54	27.18	32.59	3.22	1.12	27.842051	27.269091	27.473290	0.541877
10.51	28.54	27.19	32.60	3.22	1.12	27.847373	27.271103	27.476898	0.541951
10.51	28.54	27.20	32.62	3.22	1.12	27.852700	27.273118	27.480509	0.542024
10.52	28.54	27.21	32.63	3.22	1.12	27.858030	27.275136	27.484125	0.542097
10.52	28.54	27.22	32.64	3.22	1.13	27.863365	27.277157	27.487743	0.542170
10.52	28.54	27.23	32.65	3.22	1.13	27.868703	27.279181	27.491366	0.542243
10.53	28.54	27.24	32.66	3.22	1.13	27.874045	27.281208	27.494991	0.542315
10.53	28.54	27.25	32.67	3.22	1.13	27.879391	27.283238	27.498621	0.542387
10.53	28.54	27.26	32.69	3.22	1.13	27.884741	27.285271	27.502253	0.542459
10.53	28.54	27.27	32.70	3.22	1.14	27.890095	27.287307	27.505890	0.542530
10.54	28.54	27.28	32.71	3.22	1.14	27.895452	27.289345	27.509530	0.542602
10.54	28.54	27.29	32.72	3.22	1.14	27.900814	27.291387	27.513173	0.542673
10.54	28.54	27.30	32.73	3.22	1.14	27.906179	27.293432	27.516820	0.542744
10.54	28.54	27.31	32.74	3.22	1.14	27.911548	27.295479	27.520470	0.542814
10.55	28.54	27.32	32.75	3.22	1.14	27.916920	27.297530	27.524124	0.542884
10.55	28.54	27.33	32.77	3.22	1.15	27.922297	27.299584	27.527781	0.542955
10.55	28.54	27.34	32.78	3.22	1.15	27.927677	27.301640	27.531441	0.543024
10.56	28.54	27.35	32.79	3.22	1.15	27.933061	27.303700	27.535106	0.543094
10.56	28.54	27.36	32.80	3.22	1.15	27.938449	27.305762	27.538773	0.543164
10.56	28.54	27.38	32.81	3.22	1.15	27.943840	27.307828	27.542444	0.543233
10.56	28.54	27.39	32.82	3.22	1.15	27.949236	27.309896	27.546119	0.543302
10.57	28.54	27.40	32.84	3.22	1.16	27.954635	27.311967	27.549797	0.543370
10.57	28.54	27.41	32.85	3.22	1.16	27.960037	27.314041	27.553478	0.543439
10.57	28.54	27.42	32.86	3.22	1.16	27.965444	27.316119	27.557163	0.543507
10.57	28.54	27.43	32.87	3.22	1.16	27.970854	27.318199	27.560851	0.543575
10.58	28.54	27.44	32.88	3.22	1.16	27.976267	27.320282	27.564543	0.543643
10.58	28.54	27.45	32.89	3.22	1.16	27.981685	27.322368	27.568238	0.543711
10.58	28.54	27.46	32.91	3.22	1.16	27.987106	27.324457	27.571936	0.543778
10.59	28.54	27.47	32.92	3.22	1.17	27.992531	27.326549	27.575638	0.543846
10.59	28.54	27.48	32.93	3.22	1.17	27.997959	27.328644	27.579344	0.543913
10.59	28.54	27.49	32.94	3.22	1.17	28.003391	27.330741	27.583052	0.543979
10.59	28.54	27.50	32.95	3.22	1.17	28.008827	27.332842	27.586764	0.544046
10.60	28.54	27.51	32.96	3.22	1.17	28.014266	27.334946	27.590480	0.544112
10.60	28.54	27.52	32.97	3.22	1.17	28.019709	27.337052	27.594199	0.544179
10.60	28.54	27.53	32.99	3.22	1.18	28.025155	27.339162	27.597921	0.544245
10.61	28.54	27.54	33.00	3.22	1.18	28.030605	27.341274	27.601647	0.544310
10.61	28.54	27.55	33.01	3.22	1.18	28.036059	27.343390	27.605376	0.544376
10.61	28.54	27.56	33.02	3.22	1.18	28.041516	27.345508	27.609108	0.544441
10.61	28.54	27.57	33.03	3.22	1.18	28.046977	27.347630	27.612844	0.544507
10.62	28.54	27.58	33.04	3.22	1.18	28.052441	27.349754	27.616583	0.544572
10.62	28.54	27.59	33.06	3.22	1.19	28.057909	27.351881	27.620325	0.544637
10.62	28.54	27.60	33.07	3.22	1.19	28.063380	27.354011	27.624071	0.544701
10.62	28.54	27.61	33.08	3.22	1.19	28.068855	27.356144	27.627820	0.544766
10.63	28.54	27.62	33.09	3.22	1.19	28.074334	27.358280	27.631572	0.544830
10.63	28.54	27.63	33.10	3.22	1.19	28.079816	27.360419	27.635328	0.544894
10.63	28.54	27.64	33.11	3.22	1.19	28.085301	27.362560	27.639087	0.544958
10.64	28.54	27.65	33.12	3.22	1.19	28.090790	27.364705	27.642849	0.545021
10.64	28.54	27.66	33.14	3.22	1.20	28.096282	27.366853	27.646615	0.545085
10.64	28.54	27.67	33.15	3.22	1.20	28.101778	27.369003	27.650384	0.545148
10.64	28.54	27.68	33.16	3.22	1.20	28.107277	27.371157	27.654156	0.545211
10.65	28.54	27.69	33.17	3.23	1.20	28.112780	27.373313	27.657932	0.545274
10.65	28.54	27.70	33.18	3.23	1.20	28.118286	27.375472	27.661710	0.545337
10.65	28.54	27.72	33.19	3.23	1.20	28.123796	27.377635	27.665492	0.545400
10.66	28.54	27.73	33.20	3.23	1.20	28.129309	27.379800	27.669278	0.545462
10.66	28.54	27.74	33.22	3.23	1.21	28.134825	27.381968	27.673066	0.545525
10.66	28.54	27.75	33.23	3.23	1.21	28.140345	27.384139	27.676858	0.545587
10.66	28.54	27.76	33.24	3.23	1.21	28.145868	27.386312	27.680654	0.545649
10.67	28.54	27.77	33.25	3.23	1.21	28.151395	27.388489	27.684452	0.545710
10.67	28.54	27.78	33.26	3.23	1.21	28.156925	27.390669	27.688254	0.545772
10.67	28.54	27.79	33.27	3.23	1.21	28.162458	27.392851	27.692059	0.545833
10.68	28.54	27.80	33.29	3.23	1.21	28.167995	27.395037	27.695867	0.545895
10.68	28.54	27.81	33.30	3.23	1.22	28.173535	27.397225	27.699678	0.545956
10.68	28.54	27.82	33.31	3.23	1.22	28.179078	27.399416	27.703493	0.546017
10.68	28.54	27.83	33.32	3.23	1.22	28.184625	27.401610	27.707311	0.546077
10.69	28.54	27.84	33.33	3.23	1.22	28.190175	27.403808	27.711132	0.546138
10.69	28.54	27.85	33.34	3.23	1.22	28.195728	27.406007	27.714956	0.546198
10.69	28.54	27.86	33.35	3.23	1.22	28.201285	27.408210	27.718783	0.546259
10.69	28.54	27.87	33.37	3.23	1.22	28.206845	27.410416	27.722614	0.546319
10.70	28.54	27.88	33.38	3.23	1.23	28.212408	27.412625	27.726448	0.546379
10.70	28.54	27.89	33.39	3.23	1.23	28.217974	27.414836	27.730285	0.546438
10.70	28.54	27.90	33.40	3.23	1.23	28.223544	27.417050	27.734125	0.546498
10.71	28.54	27.91	33.41	3.23	1.23	28.229117	27.419268	27.737969	0.546557
10.71	28.54	27.92	33.42	3.23	1.23	28.234693	27.421488	27.741815	0.546617
10.71	28.54	27.93	33.43	3.23	1.23	28.240273	27.423711	27.745665	0.546676
10.71	28.54	27.94	33.45	3.23	1.23	28.245855	27.425937	27.749518	0.546735
10.72	28.54	27.95	33.46	3.23	1.24	28.251441	27.428166	27.753374	0.546794
10.72	28.54	27.96	33.47	3.23	1.24	28.257030	27.430397	27.757234	0.546853
10.72	28.54	27.97	33.48	3.23	1.24	28.262623	27.432632	27.761096	0.546911
10.72	28.54	27.98	33.49	3.23	1.24	28.268218	27.434869	27.764962	0.546970
10.73	28.54	27.99	33.50	3.23	1.24	28.273817	27.437110	27.768830	0.547028
10.73	28.54	28.00	33.51	3.23	1.24	28.279419	27.439353	27.772702	0.547086
10.73	28.54	28.01	33.53	3.23	1.24	28.285024	27.441599	27.776577	0.547144
10.74	28.54	28.02	33.54	3.23	1.25	28.290632	27.443848	27.780455	0.547202
10.74	28.54	28.03	33.55	3.23	1.25	28.296244	27.446099	27.784337	0.547259
10.74	28.54	28.05	33.56	3.23	1.25	28.301858	27.448354	27.788221	0.547317
10.74	28.54	28.06	33.57	3.23	1.25	28.307476	27.450612	27.792108	0.547374
10.75	28.54	28.07	33.58	3.23	1.25	28.313097	27.452872	27.795999	0.547432
10.75	28.54	28.08	33.59	3.23	1.25	28.318720	27.455135	27.799893	0.547489
10.75	28.54	28.09	33.61	3.23	1.25	28.324347	27.457401	27.803789	0.547546
10.76	28.54	28.10	33.62	3.23	1.25	28.329978	27.459670	27.807689	0.547603
10.76	28.54	28.11	33.63	3.23	1.26	28.335611	27.461942	27.811592	0.547659
10.76	28.54	28.12	33.64	3.23	1.26	28.341247	27.464217	27.815498	0.547716
10.76	28.54	28.13	33.65	3.23	1.26	28.346886	27.466494	27.819407	0.547772
10.77	28.54	28.14	33.66	3.23	1.26	28.352529	27.468774	27.823319	0.547829
10.77	28.54	28.15	33.67	3.23	1.26	28.358174	27.471058	27.827235	0.547885
10.77	28.54	28.16	33.69	3.23	1.26	28.363823	27.473344	27.831153	0.547941
10.78	28.54	28.17	33.70	3.23	1.26	28.369474	27.475632	27.835074	0.547997
10.78	28.54	28.18	33.71	3.23	1.26	28.375129	27.477924	27.838999	0.548052
10.78	28.54	28.19	33.72	3.23	1.27	28.380787	27.480219	27.842926	0.548108
10.78	28.54	28.20	33.73	3.23	1.27	28.386447	27.482516	27.846857	0.548164
10.79	28.54	28.21	33.74	3.23	1.27	28.392111	27.484816	27.850790	0.548219
10.79	28.54	28.22	33.75	3.23	1.27	28.397777	27.487119	27.854727	0.548274
10.79	28.54	28.23	33.77	3.23	1.27	28.403447	27.489425	27.858666	0.548329
10.79	28.54	28.24	33.78	3.23	1.27	28.409120	27.491734	27.862609	0.548384
10.80	28.54	28.25	33.79	3.23	1.27	28.414795	27.494045	27.866554	0.548439
10.80	28.54	28.26	33.80	3.23	1.28	28.420474	27.496360	27.870503	0.548494
10.80	28.54	28.27	33.81	3.23	1.28	28.426155	27.498677	27.874454	0.548548
10.81	28.54	28.28	33.82	3.23	1.28	28.431840	27.500997	27.878409	0.548603
10.81	28.54	28.29	33.83	3.23	1.28	28.437527	27.503320	27.882366	0.548657
10.81	28.54	28.30	33.85	3.23	1.28	28.443217	27.505646	27.886327	0.548711
10.81	28.54	28.31	33.86	3.23	1.28	28.448910	27.507974	27.890291	0.548766
10.82	28.54	28.32	33.87	3.23	1.28	28.454607	27.510305	27.894257	0.548820
10.82	28.54	28.33	33.88	3.23	1.28	28.460306	27.512639	27.898227	0.548873
10.82	28.54	28.34	33.89	3.23	1.29	28.466007	27.514976	27.902199	0.548927
10.82	28.54	28.35	33.90	3.23	1.29	28.471712	27.517316	27.906174	0.548981
10.83	28.54	28.36	33.91	3.23	1.29	28.477420	27.519659	27.910153	0.549034
10.83	28.54	28.38	33.92	3.23	1.29	28.483130	27.522004	27.914134	0.549088
10.83	28.54	28.39	33.94	3.23	1.29	28.488844	27.524352	27.918118	0.549141
10.84	28.54	28.40	33.95	3.23	1.29	28.494560	27.526703	27.922106	0.549194
10.84	28.54	28.41	33.96	3.23	1.29	28.500279	27.529057	27.926096	0.549247
10.84	28.54	28.42	33.97	3.23	1.29	28.506001	27.531413	27.930089	0.549300
10.84	28.54	28.43	33.98	3.23	1.29	28.511726	27.533773	27.934085	0.549353
10.85	28.54	28.44	33.99	3.23	1.30	28.517454	27.536135	27.938084	0.549405
10.85	28.54	28.45	34.00	3.23	1.30	28.523184	27.538500	27.942085	0.549458
10.85	28.54	28.46	34.02	3.23	1.30	28.528917	27.540867	27.946090	0.549510
10.86	28.54	28.47	34.03	3.23	1.30	28.534653	27.543238	27.950098	0.549563
10.86	28.54	28.48	34.04	3.23	1.30	28.540392	27.545611	27.954108	0.549615
10.86	28.54	28.49	34.05	3.23	1.30	28.546134	27.547987	27.958122	0.549667
10.86	28.54	28.50	34.06	3.24	1.30	28.551878	27.550366	27.962138	0.549719
10.87	28.54	28.51	34.07	3.24	1.30	28.557625	27.552748	27.966157	0.549771
10.87	28.54	28.52	34.08	3.24	1.31	28.563375	27.555132	27.970179	0.549823
10.87	28.54	28.53	34.09	3.24	1.31	28.569128	27.557519	27.974204	0.549874
10.88	28.54	28.54	34.11	3.24	1.31	28.574883	27.559909	27.978232	0.549926
10.88	28.54	28.55	34.12	3.24	1.31	28.580641	27.562302	27.982263	0.549978
10.88	28.54	28.56	34.13	3.24	1.31	28.586402	27.564697	27.986296	0.550029
10.88	28.54	28.57	34.14	3.24	1.31	28.592165	27.567095	27.990333	0.550080
10.89	28.54	28.58	34.15	3.24	1.31	28.597932	27.569496	27.994372	0.550131
10.89	28.54	28.59	34.16	3.24	1.31	28.603701	27.571900	27.998414	0.550182
10.89	28.54	28.60	34.17	3.24	1.32	28.609472	27.574307	28.002459	0.550233
10.89	28.54	28.61	34.18	3.24	1.32	28.615247	27.576716	28.006506	0.550284
10.90	28.54	28.62	34.20	3.24	1.32	28.621024	27.579128	28.010557	0.550335
10.90	28.54	28.63	34.21	3.24	1.32	28.626803	27.581543	28.014610	0.550385
10.90	28.54	28.64	34.22	3.24	1.32	28.632585	27.583960	28.018667	0.550436
10.91	28.54	28.65	34.23	3.24	1.32	28.638370	27.586381	28.022726	0.550486
10.91	28.54	28.66	34.24	3.24	1.32	28.644158	27.588804	28.026787	0.550536
10.91	28.54	28.67	34.25	3.24	1.32	28.649948	27.591229	28.030852	0.550587
10.91	28.54	28.68	34.26	3.24	1.32	28.655741	27.593658	28.034919	0.550637
10.92	28.54	28.69	34.28	3.24	1.33	28.661537	27.596089	28.038990	0.550687
10.92	28.54	28.70	34.29	3.24	1.33	28.667335	27.598523	28.043063	0.550737
10.92	28.54	28.71	34.30	3.24	1.33	28.673135	27.600960	28.047138	0.550786
10.93	28.54	28.73	34.31	3.24	1.33	28.678939	27.603399	28.051217	0.550836
10.93	28.54	28.74	34.32	3.24	1.33	28.684745	27.605842	28.055298	0.550886
10.93	28.54	28.75	34.33	3.24	1.33	28.690553	27.608287	28.059382	0.550935
10.93	28.54	28.76	34.34	3.24	1.33	28.696364	27.610734	28.063469	0.550985
10.94	28.54	28.77	34.35	3.24	1.33	28.702178	27.613185	28.067559	0.551034
10.94	28.54	28.78	34.36	3.24	1.33	28.707994	27.615638	28.071651	0.551083
10.94	28.54	28.79	34.38	3.24	1.34	28.713812	27.618093	28.075746	0.551132
10.94	28.54	28.80	34.39	3.24	1.34	28.719634	27.620552	28.079844	0.551181
10.95	28.54	28.81	34.40	3.24	1.34	28.725458	27.623013	28.083945	0.551230
10.95	28.54	28.82	34.41	3.24	1.34	28.731284	27.625477	28.088048	0.551279
10.95	28.54	28.83	34.42	3.24	1.34	28.737113	27.627944	28.092154	0.551328
10.96	28.54	28.84	34.43	3.24	1.34	28.742944	27.630413	28.096263	0.551376
10.96	28.54	28.85	34.44	3.24	1.34	28.748778	27.632885	28.100374	0.551425
10.96	28.54	28.86	34.45	3.24	1.34	28.754614	27.635360	28.104488	0.551473
10.96	28.54	28.87	34.47	3.24	1.34	28.760453	27.637837	28.108605	0.551521
10.97	28.54	28.88	34.48	3.24	1.35	28.766294	27.640318	28.112725	0.551570
10.97	28.54	28.89	34.49	3.24	1.35	28.772138	27.642800	28.116847	0.551618
10.97	28.54	28.90	34.50	3.24	1.35	28.777984	27.645286	28.120972	0.551666
10.97	28.54	28.91	34.51	3.24	1.35	28.783833	27.647774	28.125100	0.551714
10.98	28.54	28.92	34.52	3.24	1.35	28.789684	27.650265	28.129230	0.551762
10.98	28.54	28.93	34.53	3.24	1.35	28.795537	27.652759	28.133363	0.551809
10.98	28.54	28.94	34.54	3.24	1.35	28.801393	27.655255	28.137498	0.551857
10.99	28.54	28.95	34.56	3.24	1.35	28.807252	27.657754	28.141637	0.551905
10.99	28.54	28.96	34.57	3.24	1.35	28.813113	27.660256	28.145778	0.551952
10.99	28.54	28.97	34.58	3.24	1.36	28.818976	27.662760	28.149921	0.552000
10.99	28.54	28.98	34.59	3.24	1.36	28.824841	27.665267	28.154068	0.552047
11.00	28.54	28.99	34.60	3.24	1.36	28.830709	27.667777	28.158217	0.552094
11.00	28.54	29.00	34.61	3.24	1.36	28.836580	27.670289	28.162368	0.552141
11.00	28.54	29.01	34.62	3.24	1.36	28.842453	27.672804	28.166522	0.552189
11.01	28.54	29.02	34.63	3.24	1.36	28.848328	27.675322	28.170679	0.552235
11.01	28.54	29.03	34.64	3.24	1.36	28.854205	27.677842	28.174838	0.552282
11.01	28.54	29.04	34.66	3.24	1.36	28.860085	27.680365	28.179001	0.552329
11.01	28.54	29.05	34.67	3.24	1.36	28.865967	27.682891	28.183165	0.552376
11.02	28.54	29.06	34.68	3.24	1.36	28.871852	27.685419	28.187332	0.552423
11.02	28.54	29.07	34.69	3.24	1.37	28.877739	27.687950	28.191502	0.552469
11.02	28.54	29.08	34.70	3.24	1.37	28.883628	27.690484	28.195675	0.552516
11.03	28.54	29.09	34.71	3.24	1.37	28.889520	27.693020	28.199850	0.552562
11.03	28.54	29.11	34.72	3.24	1.37	28.895413	27.695559	28.204027	0.552608
11.03	28.54	29.12	34.73	3.24	1.37	28.901310	27.698100	28.208208	0.552654
11.03	28.54	29.13	34.74	3.24	1.37	28.907208	27.700645	28.212391	0.552701
11.04	28.54	29.14	34.76	3.24	1.37	28.913109	27.703191	28.216576	0.552747
11.04	28.54	29.15	34.77	3.24	1.37	28.919012	27.705741	28.220764	0.552793
11.04	28.54	29.16	34.78	3.24	1.37	28.924917	27.708293	28.224954	0.552838
11.04	28.54	29.17	34.79	3.24	1.38	28.930824	27.710848	28.229147	0.552884
11.05	28.54	29.18	34.80	3.24	1.38	28.936734	27.713405	28.233343	0.552930
11.05	28.54	29.19	34.81	3.24	1.38	28.942646	27.715965	28.237541	0.552976
11.05	28.54	29.20	34.82	3.24	1.38	28.948561	27.718528	28.241742	0.553021
11.06	28.54	29.21	34.83	3.24	1.38	28.954477	27.721093	28.245945	0.553067
11.06	28.54	29.22	34.84	3.24	1.38	28.960396	27.723661	28.250151	0.553112
11.06	28.54	29.23	34.86	3.24	1.38	28.966317	27.726231	28.254359	0.553157
11.06	28.54	29.24	34.87	3.24	1.38	28.972240	27.728804	28.258570	0.553203
11.07	28.54	29.25	34.88	3.24	1.38	28.978165	27.731380	28.262783	0.553248
11.07	28.54	29.26	34.89	3.24	1.38	28.984093	27.733958	28.266999	0.553293
11.07	28.54	29.27	34.90	3.25	1.39	28.990023	27.736539	28.271217	0.553338
11.07	28.54	29.28	34.91	3.25	1.39	28.995955	27.739122	28.275438	0.553383
11.08	28.54	29.29	34.92	3.25	1.39	29.001889	27.741708	28.279662	0.553427
11.08	28.54	29.30	34.93	3.25	1.39	29.007825	27.744297	28.283888	0.553472
11.08	28.54	29.31	34.94	3.25	1.39	29.013763	27.746888	28.288116	0.553517
11.09	28.54	29.32	34.96	3.25	1.39	29.019704	27.749482	28.292347	0.553562
11.09	28.54	29.33	34.97	3.25	1.39	29.025647	27.752079	28.296580	0.553606
11.09	28.54	29.34	34.98	3.25	1.39	29.031592	27.754678	28.300816	0.553650
11.09	28.54	29.35	34.99	3.25	1.39	29.037539	27.757279	28.305054	0.553695
11.10	28.54	29.36	35.00	3.25	1.39	29.043488	27.759883	28.309295	0.553739
11.10	28.54	29.37	35.01	3.25	1.40	29.049439	27.762490	28.313538	0.553783
11.10	28.54	29.38	35.02	3.25	1.40	29.055392	27.765099	28.317783	0.553828
11.11	28.54	29.39	35.03	3.25	1.40	29.061348	27.767711	28.322031	0.553872
11.11	28.54	29.40	35.04	3.25	1.40	29.067305	27.770326	28.326282	0.553916
11.11	28.54	29.41	35.06	3.25	1.40	29.073265	27.772943	28.330535	0.553959
11.11	28.54	29.42	35.07	3.25	1.40	29.079227	27.775562	28.334790	0.554003
11.12	28.54	29.43	35.08	3.25	1.40	29.085191	27.778185	28.339048	0.554047
11.12	28.54	29.44	35.09	3.25	1.40	29.091156	27.780809	28.343308	0.554091
11.12	28.54	29.45	35.10	3.25	1.40	29.097124	27.783437	28.347570	0.554134
11.12	28.54	29.46	35.11	3.25	1.40	29.103094	27.786066	28.351835	0.554178
11.13	28.54	29.47	35.12	3.25	1.41	29.109066	27.788699	28.356103	0.554221
11.13	28.54	29.48	35.13	3.25	1.41	29.115040	27.791334	28.360373	0.554265
11.13	28.54	29.49	35.14	3.25	1.41	29.121016	27.793971	28.364645	0.554308
11.14	28.54	29.50	35.15	3.25	1.41	29.126994	27.796611	28.368919	0.554351
11.14	28.54	29.51	35.17	3.25	1.41	29.132975	27.799254	28.373196	0.554395
11.14	28.54	29.52	35.18	3.25	1.41	29.138957	27.801899	28.377476	0.554438
11.14	28.54	29.54	35.19	3.25	1.41	29.144941	27.804546	28.381758	0.554481
11.15	28.54	29.55	35.20	3.25	1.41	29.150927	27.807197	28.386042	0.554524
11.15	28.54	29.56	35.21	3.25	1.41	29.156915	27.809849	28.390328	0.554567
11.15	28.54	29.57	35.22	3.25	1.41	29.162905	27.812504	28.394617	0.554609
11.16	28.54	29.58	35.23	3.25	1.41	29.168897	27.815162	28.398908	0.554652
11.16	28.54	29.59	35.24	3.25	1.42	29.174891	27.817822	28.403202	0.554695
11.16	28.54	29.60	35.25	3.25	1.42	29.180887	27.820485	28.407498	0.554738
11.16	28.54	29.61	35.26	3.25	1.42	29.186885	27.823150	28.411796	0.554780
11.17	28.54	29.62	35.27	3.25	1.42	29.192885	27.825818	28.416096	0.554823
11.17	28.54	29.63	35.29	3.25	1.42	29.198886	27.828488	28.420399	0.554865
11.17	28.54	29.64	35.30	3.25	1.42	29.204890	27.831161	28.424704	0.554907
11.18	28.54	29.65	35.31	3.25	1.42	29.210896	27.833837	28.429012	0.554950
11.18	28.54	29.66	35.32	3.25	1.42	29.216903	27.836514	28.433322	0.554992
11.18	28.54	29.67	35.33	3.25	1.42	29.222913	27.839195	28.437634	0.555034
11.18	28.54	29.68	35.34	3.25	1.42	29.228924	27.841877	28.441948	0.555076
11.19	28.54	29.69	35.35	3.25	1.42	29.234937	27.844563	28.446265	0.555118
11.19	28.54	29.70	35.36	3.25	1.43	29.240952	27.847251	28.450584	0.555160
11.19	28.54	29.71	35.37	3.25	1.43	29.246969	27.849941	28.454906	0.555202
11.19	28.54	29.72	35.38	3.25	1.43	29.252988	27.852634	28.459229	0.555244
11.20	28.54	29.73	35.40	3.25	1.43	29.259009	27.855329	28.463555	0.555285
11.20	28.54	29.74	35.41	3.25	1.43	29.265032	27.858026	28.467883	0.555327
11.20	28.54	29.75	35.42	3.25	1.43	29.271056	27.860727	28.472214	0.555369
11.21	28.54	29.76	35.43	3.25	1.43	29.277082	27.863429	28.476546	0.555410
11.21	28.54	29.77	35.44	3.25	1.43	29.283111	27.866134	28.480881	0.555452
11.21	28.54	29.78	35.45	3.25	1.43	29.289140	27.868842	28.485219	0.555493
11.21	28.54	29.79	35.46	3.25	1.43	29.295172	27.871552	28.489558	0.555534
11.22	28.54	29.80	35.47	3.25	1.44	29.301206	27.874265	28.493900	0.555576
11.22	28.54	29.81	35.48	3.25	1.44	29.307241	27.876980	28.498244	0.555617
11.22	28.54	29.82	35.49	3.25	1.44	29.313278	27.879697	28.502590	0.555658
11.22	28.54	29.83	35.50	3.25	1.44	29.319317	27.882417	28.506938	0.555699
11.23	28.54	29.84	35.51	3.25	1.44	29.325358	27.885139	28.511289	0.555740
11.23	28.54	29.85	35.53	3.25	1.44	29.331401	27.887864	28.515642	0.555781
11.23	28.54	29.86	35.54	3.25	1.44	29.337445	27.890591	28.519997	0.555822
11.24	28.54	29.87	35.55	3.25	1.44	29.343491	27.893321	28.524354	0.555863
11.24	28.54	29.88	35.56	3.25	1.44	29.349539	27.896053	28.528714	0.555904
11.24	28.54	29.89	35.57	3.25	1.44	29.355589	27.898787	28.533076	0.555944
11.24	28.54	29.90	35.58	3.25	1.44	29.361640	27.901524	28.537440	0.555985
11.25	28.54	29.91	35.59	3.25	1.44	29.367693	27.904264	28.541806	0.556026
11.25	28.54	29.92	35.60	3.25	1.45	29.373748	27.907006	28.546174	0.556066
11.25	28.54	29.93	35.61	3.25	1.45	29.379804	27.909750	28.550544	0.556107
11.26	28.54	29.94	35.62	3.25	1.45	29.385863	27.912496	28.554917	0.556147
11.26	28.54	29.95	35.63	3.25	1.45	29.391923	27.915246	28.559292	0.556187
11.26	28.54	29.96	35.65	3.25	1.45	29.397984	27.917997	28.563669	0.556228
11.26	28.54	29.97	35.66	3.25	1.45	29.404048	27.920751	28.568048	0.556268
11.27	28.54	29.98	35.67	3.25	1.45	29.410113	27.923507	28.572429	0.556308
11.27	28.54	29.99	35.68	3.26	1.45	29.416179	27.926266	28.576813	0.556348
11.27	28.54	30.00	35.69	3.26	1.45	29.422248	27.929027	28.581198	0.556388
11.28	28.54	30.01	35.70	3.26	1.45	29.428318	27.931791	28.585586	0.556428
11.28	28.54	30.02	35.71	3.26	1.45	29.434390	27.934557	28.589976	0.556468
11.28	28.54	30.03	35.72	3.26	1.46	29.440463	27.937325	28.594368	0.556508
11.28	28.54	30.04	35.73	3.26	1.46	29.446538	27.940096	28.598762	0.556548
11.29	28.54	30.05	35.74	3.26	1.46	29.452615	27.942869	28.603158	0.556587
11.29	28.54	30.06	35.75	3.26	1.46	29.458693	27.945644	28.607557	0.556627
11.29	28.54	30.07	35.76	3.26	1.46	29.464773	27.948422	28.611957	0.556667
11.29	28.54	30.09	35.77	3.26	1.46	29.470855	27.951202	28.616360	0.556706
11.30	28.54	30.10	35.79	3.26	1.46	29.476938	27.953985	28.620764	0.556746
11.30	28.54	30.11	35.80	3.26	1.46	29.483023	27.956770	28.625171	0.556785
11.30	28.54	30.12	35.81	3.26	1.46	29.489109	27.959557	28.629580	0.556824
11.31	28.54	30.13	35.82	3.26	1.46	29.495197	27.962347	28.633991	0.556864
11.31	28.54	30.14	35.83	3.26	1.46	29.501286	27.965139	28.638404	0.556903
11.31	28.54	30.15	35.84	3.26	1.46	29.507378	27.967933	28.642819	0.556942
11.31	28.54	30.16	35.85	3.26	1.47	29.513470	27.970730	28.647236	0.556981
11.32	28.54	30.17	35.86	3.26	1.47	29.519565	27.973529	28.651655	0.557020
11.32	28.54	30.18	35.87	3.26	1.47	29.525660	27.976331	28.656077	0.557060
11.32	28.54	30.19	35.88	3.26	1.47	29.531758	27.979135	28.660500	0.557099
11.32	28.54	30.20	35.89	3.26	1.47	29.537857	27.981941	28.664926	0.557137
11.33	28.54	30.21	35.90	3.26	1.47	29.543957	27.984749	28.669353	0.557176
11.33	28.54	30.22	35.91	3.26	1.47	29.550059	27.987560	28.673782	0.557215
11.33	28.54	30.23	35.93	3.26	1.47	29.556163	27.990374	28.678214	0.557254
11.34	28.54	30.24	35.94	3.26	1.47	29.562268	27.993189	28.682648	0.557293
11.34	28.54	30.25	35.95	3.26	1.47	29.568374	27.996007	28.687083	0.557331
11.34	28.54	30.26	35.96	3.26	1.47	29.574483	27.998827	28.691521	0.557370
11.34	28.54	30.27	35.97	3.26	1.48	29.580592	28.001650	28.695960	0.557408
11.35	28.54	30.28	35.98	3.26	1.48	29.586703	28.004475	28.700402	0.557447
11.35	28.54	30.29	35.99	3.26	1.48	29.592816	28.007302	28.704846	0.557485
11.35	28.54	30.30	36.00	3.26	1.48	29.598930	28.010131	28.709291	0.557524
11.36	28.54	30.31	36.01	3.26	1.48	29.605045	28.012963	28.713739	0.557562
11.36	28.54	30.32	36.02	3.26	1.48	29.611162	28.015797	28.718189	0.557600
11.36	28.54	30.33	36.03	3.26	1.48	29.617281	28.018634	28.722640	0.557638
11.36	28.54	30.34	36.04	3.26	1.48	29.623401	28.021472	28.727094	0.557676
11.37	28.54	30.35	36.05	3.26	1.48	29.629522	28.024313	28.731550	0.557715
11.37	28.54	30.36	36.06	3.26	1.48	29.635645	28.027157	28.736007	0.557753
11.37	28.54	30.37	36.08	3.26	1.48	29.641769	28.030002	28.740467	0.557791
11.38	28.54	30.38	36.09	3.26	1.48	29.647895	28.032850	28.744928	0.557828
11.38	28.54	30.39	36.10	3.26	1.48	29.654022	28.035700	28.749392	0.557866
11.38	28.54	30.40	36.11	3.26	1.49	29.660150	28.038553	28.753857	0.557904
11.38	28.54	30.41	36.12	3.26	1.49	29.666280	28.041408	28.758324	0.557942
11.39	28.54	30.42	36.13	3.26	1.49	29.672411	28.044265	28.762794	0.557980
11.39	28.54	30.43	36.14	3.26	1.49	29.678544	28.047124	28.767265	0.558017
11.39	28.54	30.44	36.15	3.26	1.49	29.684678	28.049986	28.771738	0.558055
11.39	28.54	30.45	36.16	3.26	1.49	29.690813	28.052850	28.776213	0.558092
11.40	28.54	30.46	36.17	3.26	1.49	29.696950	28.055716	28.780690	0.558130
11.40	28.54	30.47	36.18	3.26	1.49	29.703088	28.058584	28.785169	0.558167
11.40	28.54	30.48	36.19	3.26	1.49	29.709228	28.061455	28.789650	0.558205
11.41	28.54	30.49	36.20	3.26	1.49	29.715369	28.064328	28.794133	0.558242
11.41	28.54	30.50	36.21	3.26	1.49	29.721511	28.067203	28.798618	0.558279
11.41	28.54	30.51	36.22	3.26	1.49	29.727654	28.070080	28.803104	0.558317
11.41	28.54	30.52	36.23	3.26	1.50	29.733799	28.072960	28.807593	0.558354
11.42	28.54	30.53	36.25	3.26	1.50	29.739945	28.075842	28.812083	0.558391
11.42	28.54	30.54	36.26	3.26	1.50	29.746093	28.078726	28.816575	0.558428
11.42	28.54	30.55	36.27	3.26	1.50	29.752242	28.081612	28.821069	0.558465
11.43	28.54	30.56	36.28	3.26	1.50	29.758392	28.084501	28.825565	0.558502
11.43	28.54	30.57	36.29	3.26	1.50	29.764543	28.087392	28.830063	0.558539
11.43	28.54	30.58	36.30	3.26	1.50	29.770696	28.090285	28.834563	0.558576
11.43	28.54	30.59	36.31	3.26	1.50	29.776850	28.093180	28.839065	0.558613
11.44	28.54	30.60	36.32	3.26	1.50	29.783005	28.096078	28.843568	0.558650
11.44	28.54	30.61	36.33	3.26	1.50	29.789162	28.098977	28.848073	0.558686
11.44	28.54	30.62	36.34	3.26	1.50	29.795320	28.101879	28.852581	0.558723
11.44	28.54	30.63	36.35	3.26	1.50	29.801479	28.104784	28.857090	0.558760
11.45	28.54	30.64	36.36	3.26	1.50	29.807639	28.107690	28.861600	0.558796
11.45	28.54	30.65	36.37	3.26	1.51	29.813801	28.110599	28.866113	0.558833
11.45	28.54	30.66	36.38	3.26	1.51	29.819964	28.113509	28.870627	0.558869
11.46	28.54	30.67	36.39	3.26	1.51	29.826128	28.116422	28.875144	0.558906
11.46	28.54	30.68	36.40	3.26	1.51	29.832293	28.119338	28.879662	0.558942
11.46	28.54	30.69	36.41	3.27	1.51	29.838460	28.122255	28.884182	0.558978
11.46	28.54	30.70	36.42	3.27	1.51	29.844628	28.125175	28.888704	0.559015
11.47	28.54	30.71	36.44	3.27	1.51	29.850796	28.128096	28.893227	0.559051
11.47	28.54	30.72	36.45	3.27	1.51	29.856967	28.131020	28.897752	0.559087
11.47	28.54	30.73	36.46	3.27	1.51	29.863138	28.133946	28.902280	0.559123
11.47	28.54	30.74	36.47	3.27	1.51	29.869311	28.136875	28.906809	0.559159
11.48	28.54	30.75	36.48	3.27	1.51	29.875484	28.139805	28.911339	0.559195
11.48	28.54	30.76	36.49	3.27	1.51	29.881659	28.142738	28.915872	0.559231
11.48	28.54	30.77	36.50	3.27	1.52	29.887835	28.145673	28.920406	0.559267
11.49	28.54	30.78	36.51	3.27	1.52	29.894013	28.148610	28.924942	0.559303
11.49	28.54	30.79	36.52	3.27	1.52	29.900191	28.151549	28.929480	0.559339
11.49	28.54	30.80	36.53	3.27	1.52	29.906370	28.154490	28.934019	0.559375
11.49	28.54	30.81	36.54	3.27	1.52	29.912551	28.157434	28.938561	0.559411
11.50	28.54	30.82	36.55	3.27	1.52	29.918733	28.160379	28.943104	0.559446
11.50	28.54	30.83	36.56	3.27	1.52	29.924916	28.163327	28.947648	0.559482
11.50	28.54	30.84	36.57	3.27	1.52	29.931100	28.166277	28.952195	0.559518
11.51	28.54	30.85	36.58	3.27	1.52	29.937285	28.169229	28.956743	0.559553
11.51	28.54	30.86	36.59	3.27	1.52	29.943472	28.172183	28.961293	0.559589
11.51	28.54	30.87	36.60	3.27	1.52	29.949659	28.175140	28.965845	0.559624
11.51	28.54	30.88	36.61	3.27	1.52	29.955847	28.178098	28.970398	0.559660
11.52	28.54	30.89	36.62	3.27	1.52	29.962037	28.181059	28.974953	0.559695
11.52	28.54	30.90	36.63	3.27	1.52	29.968228	28.184022	28.979510	0.559730
11.52	28.54	30.91	36.64	3.27	1.53	29.974420	28.186986	28.984069	0.559766
11.53	28.54	30.92	36.66	3.27	1.53	29.980612	28.189953	28.988629	0.559801
11.53	28.54	30.93	36.67	3.27	1.53	29.986806	28.192922	28.993191	0.559836
11.53	28.54	30.94	36.68	3.27	1.53	29.993001	28.195894	28.997755	0.559871
11.53	28.54	30.95	36.69	3.27	1.53	29.999197	28.198867	29.002320	0.559906
11.54	28.54	30.96	36.70	3.27	1.53	30.005394	28.201842	29.006887	0.559941
11.54	28.54	30.97	36.71	3.27	1.53	30.011593	28.204820	29.011456	0.559976
11.54	28.54	30.98	36.72	3.27	1.53	30.017792	28.207800	29.016026	0.560011
11.54	28.54	30.99	36.73	3.27	1.53	30.023992	28.210781	29.020598	0.560046
11.55	28.54	31.00	36.74	3.27	1.53	30.030193	28.213765	29.025172	0.560081
11.55	28.54	31.01	36.75	3.27	1.53	30.036395	28.216751	29.029747	0.560116
11.55	28.54	31.02	36.76	3.27	1.53	30.042599	28.219739	29.034324	0.560151
11.56	28.54	31.03	36.77	3.27	1.53	30.048803	28.222729	29.038903	0.560186
11.56	28.54	31.04	36.78	3.27	1.54	30.055008	28.225721	29.043483	0.560220
11.56	28.54	31.05	36.79	3.27	1.54	30.061214	28.228716	29.048065	0.560255
11.56	28.54	31.06	36.80	3.27	1.54	30.067421	28.231712	29.052648	0.560290
11.57	28.54	31.07	36.81	3.27	1.54	30.073630	28.234710	29.057234	0.560324
11.57	28.54	31.08	36.82	3.27	1.54	30.079839	28.237711	29.061820	0.560359
11.57	28.54	31.09	36.83	3.27	1.54	30.086049	28.240713	29.066409	0.560393
11.57	28.54	31.10	36.84	3.27	1.54	30.092260	28.243718	29.070999	0.560428
11.58	28.54	31.11	36.85	3.27	1.54	30.098472	28.246725	29.075590	0.560462
11.58	28.54	31.12	36.86	3.27	1.54	30.104685	28.249733	29.080184	0.560496
11.58	28.54	31.13	36.87	3.27	1.54	30.110899	28.252744	29.084778	0.560531
11.59	28.54	31.14	36.88	3.27	1.54	30.117114	28.255757	29.089375	0.560565
11.59	28.54	31.15	36.89	3.27	1.54	30.123330	28.258772	29.093973	0.560599
11.59	28.54	31.16	36.90	3.27	1.54	30.129546	28.261789	29.098572	0.560633
11.59	28.54	31.17	36.91	3.27	1.54	30.135764	28.264808	29.103174	0.560668
11.60	28.54	31.18	36.92	3.27	1.55	30.141983	28.267829	29.107776	0.560702
11.60	28.54	31.19	36.93	3.27	1.55	30.148202	28.270852	29.112381	0.560736
11.60	28.54	31.20	36.95	3.27	1.55	30.154422	28.273877	29.116987	0.560770
11.61	28.54	31.21	36.96	3.27	1.55	30.160644	28.276904	29.121594	0.560804
11.61	28.54	31.22	36.97	3.27	1.55	30.166866	28.279933	29.126203	0.560838
11.61	28.54	31.23	36.98	3.27	1.55	30.173089	28.282964	29.130814	0.560871
11.61	28.54	31.24	36.99	3.27	1.55	30.179313	28.285997	29.135426	0.560905
11.62	28.54	31.25	37.00	3.27	1.55	30.185537	28.289032	29.140039	0.560939
11.62	28.54	31.26	37.01	3.27	1.55	30.191763	28.292069	29.144654	0.560973
11.62	28.54	31.27	37.02	3.27	1.55	30.197989	28.295109	29.149271	0.561007
11.62	28.54	31.28	37.03	3.27	1.55	30.204217	28.298150	29.153889	0.561040
11.63	28.54	31.29	37.04	3.27	1.55	30.210445	28.301193	29.158509	0.561074
11.63	28.54	31.30	37.05	3.27	1.55	30.216674	28.304238	29.163130	0.561107
11.63	28.54	31.31	37.06	3.27	1.55	30.222904	28.307285	29.167753	0.561141
11.64	28.54	31.32	37.07	3.27	1.56	30.229134	28.310334	29.172377	0.561174
11.64	28.54	31.33	37.08	3.27	1.56	30.235366	28.313386	29.177003	0.561208
11.64	28.54	31.34	37.09	3.27	1.56	30.241598	28.316439	29.181631	0.561241
11.64	28.54	31.35	37.10	3.27	1.56	30.247831	28.319494	29.186259	0.561275
11.65	28.54	31.36	37.11	3.28	1.56	30.254065	28.322551	29.190890	0.561308
11.65	28.54	31.37	37.12	3.28	1.56	30.260299	28.325610	29.195521	0.561341
11.65	28.54	31.38	37.13	3.28	1.56	30.266535	28.328671	29.200155	0.561375
11.66	28.54	31.39	37.14	3.28	1.56	30.272771	28.331734	29.204789	0.561408
11.66	28.54	31.40	37.15	3.28	1.56	30.279008	28.334799	29.209425	0.561441
11.66	28.54	31.41	37.16	3.28	1.56	30.285246	28.337866	29.214063	0.561474
11.66	28.54	31.42	37.17	3.28	1.56	30.291484	28.340934	29.218702	0.561507
11.67	28.54	31.43	37.18	3.28	1.56	30.297724	28.344005	29.223343	0.561540
11.67	28.54	31.44	37.19	3.28	1.56	30.303964	28.347078	29.227985	0.561573
11.67	28.54	31.45	37.20	3.28	1.56	30.310204	28.350153	29.232628	0.561606
11.68	28.54	31.46	37.21	3.28	1.57	30.316446	28.353229	29.237273	0.561639
11.68	28.54	31.47	37.22	3.28	1.57	30.322688	28.356308	29.241919	0.561672
11.68	28.54	31.48	37.23	3.28	1.57	30.328931	28.359389	29.246567	0.561705
11.68	28.54	31.49	37.24	3.28	1.57	30.335175	28.362471	29.251216	0.561738
11.69	28.54	31.50	37.25	3.28	1.57	30.341419	28.365555	29.255867	0.561771
11.69	28.54	31.51	37.26	3.28	1.57	30.347664	28.368642	29.260519	0.561803
11.69	28.54	31.52	37.27	3.28	1.57	30.353910	28.371730	29.265172	0.561836
11.69	28.54	31.53	37.28	3.28	1.57	30.360156	28.374820	29.269827	0.561869
11.70	28.54	31.54	37.29	3.28	1.57	30.366403	28.377912	29.274483	0.561901
11.70	28.54	31.55	37.30	3.28	1.57	30.372651	28.381006	29.279141	0.561934
11.70	28.54	31.56	37.31	3.28	1.57	30.378900	28.384102	29.283800	0.561966
11.71	28.54	31.57	37.32	3.28	1.57	30.385149	28.387200	29.288460	0.561999
11.71	28.54	31.58	37.33	3.28	1.57	30.391399	28.390300	29.293122	0.562031
11.71	28.54	31.59	37.34	3.28	1.57	30.397649	28.393401	29.297785	0.562064
11.71	28.54	31.60	37.35	3.28	1.57	30.403900	28.396505	29.302450	0.562096
11.72	28.54	31.61	37.36	3.28	1.58	30.410152	28.399610	29.307115	0.562128
11.72	28.54	31.62	37.37	3.28	1.58	30.416405	28.402717	29.311783	0.562161
11.72	28.54	31.63	37.38	3.28	1.58	30.422658	28.405826	29.316451	0.562193
11.72	28.54	31.64	37.39	3.28	1.58	30.428911	28.408938	29.321121	0.562225
11.73	28.54	31.65	37.40	3.28	1.58	30.435166	28.412050	29.325793	0.562257
11.73	28.54	31.66	37.41	3.28	1.58	30.441421	28.415165	29.330465	0.562290
11.73	28.54	31.66	37.42	3.28	1.58	30.447676	28.418282	29.335139	0.562322
11.74	28.54	31.67	37.43	3.28	1.58	30.453932	28.421400	29.339815	0.562354
11.74	28.54	31.68	37.44	3.28	1.58	30.460189	28.424521	29.344491	0.562386
11.74	28.54	31.69	37.45	3.28	1.58	30.466446	28.427643	29.349169	0.562418
11.74	28.54	31.70	37.46	3.28	1.58	30.472704	28.430767	29.353849	0.562450
11.75	28.54	31.71	37.47	3.28	1.58	30.478963	28.433893	29.358529	0.562482
11.75	28.54	31.72	37.48	3.28	1.58	30.485222	28.437021	29.363211	0.562514
11.75	28.54	31.73	37.49	3.28	1.58	30.491481	28.440151	29.367894	0.562545
11.76	28.54	31.74	37.50	3.28	1.58	30.497741	28.443282	29.372579	0.562577
11.76	28.54	31.75	37.51	3.28	1.59	30.504002	28.446416	29.377265	0.562609
11.76	28.54	31.76	37.52	3.28	1.59	30.510263	28.449551	29.381952	0.562641
11.76	28.54	31.77	37.53	3.28	1.59	30.516525	28.452688	29.386640	0.562672
11.77	28.54	31.78	37.54	3.28	1.59	30.522788	28.455827	29.391330	0.562704
11.77	28.54	31.79	37.55	3.28	1.59	30.529051	28.458968	29.396021	0.562736
11.77	28.54	31.80	37.56	3.28	1.59	30.535314	28.462110	29.400713	0.562767
11.78	28.54	31.81	37.57	3.28	1.59	30.541578	28.465255	29.405407	0.562799
11.78	28.54	31.82	37.58	3.28	1.59	30.547842	28.468401	29.410102	0.562830
11.78	28.54	31.83	37.59	3.28	1.59	30.554107	28.471549	29.414798	0.562862
11.78	28.54	31.84	37.60	3.28	1.59	30.560373	28.474699	29.419495	0.562893
11.79	28.54	31.85	37.61	3.28	1.59	30.566639	28.477850	29.424193	0.562925
11.79	28.54	31.86	37.62	3.28	1.59	30.572905	28.481004	29.428893	0.562956
11.79	28.54	31.87	37.63	3.28	1.59	30.579172	28.484159	29.433594	0.562987
11.79	28.54	31.88	37.64	3.28	1.59	30.585439	28.487316	29.438296	0.563019
11.80	28.54	31.89	37.65	3.28	1.59	30.591707	28.490475	29.443000	0.563050
11.80	28.54	31.90	37.66	3.28	1.59	30.597975	28.493635	29.447705	0.563081
11.80	28.54	31.91	37.67	3.28	1.60	30.604244	28.496798	29.452411	0.563112
11.81	28.54	31.92	37.68	3.28	1.60	30.610513	28.499962	29.457118	0.563143
11.81	28.54	31.93	37.69	3.28	1.60	30.616783	28.503128	29.461826	0.563174
11.81	28.54	31.94	37.70	3.28	1.60	30.623053	28.506295	29.466536	0.563206
11.81	28.54	31.95	37.71	3.28	1.60	30.629324	28.509465	29.471247	0.563237
11.82	28.54	31.96	37.72	3.28	1.60	30.635595	28.512636	29.475958	0.563268
11.82	28.54	31.97	37.73	3.28	1.60	30.641866	28.515809	29.480672	0.563299
11.82	28.54	31.98	37.74	3.28	1.60	30.648138	28.518984	29.485386	0.563329
11.82	28.54	31.99	37.75	3.28	1.60	30.654410	28.522161	29.490102	0.563360
11.83	28.54	32.00	37.76	3.29	1.60	30.660683	28.525339	29.494818	0.563391
11.83	28.54	32.01	37.77	3.29	1.60	30.666956	28.528519	29.499536	0.563422
11.83	28.54	32.02	37.78	3.29	1.60	30.673229	28.531701	29.504255	0.563453
11.84	28.54	32.03	37.79	3.29	1.60	30.679503	28.534885	29.508975	0.563484
11.84	28.54	32.04	37.80	3.29	1.60	30.685777	28.538070	29.513697	0.563514
11.84	28.54	32.05	37.81	3.29	1.60	30.692052	28.541257	29.518419	0.563545
11.84	28.54	32.06	37.82	3.29	1.61	30.698327	28.544446	29.523143	0.563576
11.85	28.54	32.07	37.83	3.29	1.61	30.704602	28.547636	29.527868	0.563606
11.85	28.54	32.08	37.84	3.29	1.61	30.710877	28.550829	29.532594	0.563637
11.85	28.54	32.08	37.85	3.29	1.61	30.717153	28.554022	29.537321	0.563667
11.86	28.54	32.09	37.86	3.29	1.61	30.723430	28.557218	29.542049	0.563698
11.86	28.54	32.10	37.87	3.29	1.61	30.729706	28.560416	29.546779	0.563728
11.86	28.54	32.11	37.88	3.29	1.61	30.735983	28.563615	29.551509	0.563759
11.86	28.54	32.12	37.89	3.29	1.61	30.742261	28.566816	29.556241	0.563789
11.87	28.54	32.13	37.90	3.29	1.61	30.748538	28.570018	29.560973	0.563820
11.87	28.54	32.14	37.91	3.29	1.61	30.754816	28.573222	29.565707	0.563850
11.87	28.54	32.15	37.92	3.29	1.61	30.761095	28.576428	29.570442	0.563880
11.88	28.54	32.16	37.93	3.29	1.61	30.767373	28.579636	29.575178	0.563910
11.88	28.54	32.17	37.94	3.29	1.61	30.773652	28.582846	29.579915	0.563941
11.88	28.54	32.18	37.95	3.29	1.61	30.779931	28.586057	29.584653	0.563971
11.88	28.54	32.19	37.96	3.29	1.61	30.786211	28.589269	29.589393	0.564001
11.89	28.54	32.20	37.97	3.29	1.61	30.792491	28.592484	29.594133	0.564031
11.89	28.54	32.21	37.98	3.29	1.61	30.798771	28.595700	29.598875	0.564061
11.89	28.54	32.22	37.99	3.29	1.62	30.805051	28.598918	29.603617	0.564091
11.89	28.54	32.23	38.00	3.29	1.62	30.811331	28.602137	29.608361	0.564121
11.90	28.54	32.24	38.01	3.29	1.62	30.817612	28.605358	29.613105	0.564151
11.90	28.54	32.25	38.02	3.29	1.62	30.823893	28.608581	29.617851	0.564181
11.90	28.54	32.26	38.03	3.29	1.62	30.830175	28.611806	29.622598	0.564211
11.91	28.54	32.27	38.04	3.29	1.62	30.836456	28.615032	29.627346	0.564241
11.91	28.54	32.28	38.05	3.29	1.62	30.842738	28.618259	29.632094	0.564271
11.91	28.54	32.29	38.06	3.29	1.62	30.849020	28.621489	29.636844	0.564301
11.91	28.54	32.30	38.07	3.29	1.62	30.855302	28.624720	29.641595	0.564331
11.92	28.54	32.31	38.08	3.29	1.62	30.861585	28.627953	29.646347	0.564360
11.92	28.54	32.32	38.09	3.29	1.62	30.867867	28.631187	29.651100	0.564390
11.92	28.54	32.33	38.10	3.29	1.62	30.874150	28.634423	29.655854	0.564420
11.93	28.54	32.34	38.11	3.29	1.62	30.880433	28.637661	29.660609	0.564449
11.93	28.54	32.35	38.12	3.29	1.62	30.886716	28.640900	29.665365	0.564479
11.93	28.54	32.36	38.12	3.29	1.62	30.893000	28.644141	29.670122	0.564509
11.93	28.54	32.36	38.13	3.29	1.62	30.899283	28.647384	29.674880	0.564538
11.94	28.54	32.37	38.14	3.29	1.63	30.905567	28.650628	29.679639	0.564568
11.94	28.54	32.38	38.15	3.29	1.63	30.911851	28.653874	29.684399	0.564597
11.94	28.54	32.39	38.16	3.29	1.63	30.918135	28.657121	29.689160	0.564627
11.94	28.54	32.40	38.17	3.29	1.63	30.924420	28.660370	29.693922	0.564656
11.95	28.54	32.41	38.18	3.29	1.63	30.930704	28.663621	29.698685	0.564686
11.95	28.54	32.42	38.19	3.29	1.63	30.936989	28.666873	29.703449	0.564715
11.95	28.54	32.43	38.20	3.29	1.63	30.943273	28.670127	29.708214	0.564744
11.96	28.54	32.44	38.21	3.29	1.63	30.949558	28.673382	29.712979	0.564774
11.96	28.54	32.45	38.22	3.29	1.63	30.955843	28.676639	29.717746	0.564803
11.96	28.54	32.46	38.23	3.29	1.63	30.962128	28.679898	29.722514	0.564832
11.96	28.54	32.47	38.24	3.29	1.63	30.968413	28.683158	29.727283	0.564861
11.97	28.54	32.48	38.25	3.29	1.63	30.974699	28.686420	29.732052	0.564890
11.97	28.54	32.49	38.26	3.29	1.63	30.980984	28.689683	29.736823	0.564920
11.97	28.54	32.50	38.27	3.29	1.63	30.987270	28.692948	29.741594	0.564949
11.97	28.54	32.51	38.28	3.29	1.63	30.993555	28.696215	29.746367	0.564978
11.98	28.54	32.52	38.29	3.29	1.63	30.999841	28.699483	29.751140	0.565007
11.98	28.54	32.53	38.30	3.29	1.63	31.006127	28.702752	29.755914	0.565036
11.98	28.54	32.54	38.31	3.29	1.64	31.012413	28.706024	29.760690	0.565065
11.99	28.54	32.55	38.32	3.29	1.64	31.018699	28.709296	29.765466	0.565094
11.99	28.54	32.56	38.33	3.29	1.64	31.024985	28.712571	29.770243	0.565123
11.99	28.54	32.57	38.34	3.29	1.64	31.031271	28.715847	29.775021	0.565152
11.99	28.54	32.58	38.35	3.29	1.64	31.037557	28.719124	29.779800	0.565180
12.00	28.54	32.59	38.36	3.29	1.64	31.043843	28.722403	29.784579	0.565209
12.00	28.54	32.59	38.37	3.29	1.64	31.050129	28.725684	29.789360	0.565238
12.00	28.54	32.60	38.37	3.29	1.64	31.056416	28.728966	29.794141	0.565267
12.01	28.54	32.61	38.38	3.29	1.64	31.062702	28.732249	29.798924	0.565295
12.01	28.54	32.62	38.39	3.30	1.64	31.068988	28.735535	29.803707	0.565324
12.01	28.54	32.63	38.40	3.30	1.64	31.075275	28.738821	29.808491	0.565353
12.01	28.54	32.64	38.41	3.30	1.64	31.081561	28.742109	29.813276	0.565381
12.02	28.54	32.65	38.42	3.30	1.64	31.087847	28.745399	29.818062	0.565410
12.02	28.54	32.66	38.43	3.30	1.64	31.094134	28.748690	29.822848	0.565439
12.02	28.54	32.67	38.44	3.30	1.64	31.100420	28.751983	29.827636	0.565467
12.03	28.54	32.68	38.45	3.30	1.64	31.106706	28.755277	29.832424	0.565496
12.03	28.54	32.69	38.46	3.30	1.64	31.112993	28.758573	29.837214	0.565524
12.03	28.54	32.70	38.47	3.30	1.64	31.119279	28.761870	29.842004	0.565553
12.03	28.54	32.71	38.48	3.30	1.65	31.125565	28.765169	29.846795	0.565581
12.04	28.54	32.72	38.49	3.30	1.65	31.131852	28.768470	29.851586	0.565609
12.04	28.54	32.73	38.50	3.30	1.65	31.138138	28.771771	29.856379	0.565638
12.04	28.54	32.74	38.51	3.30	1.65	31.144424	28.775075	29.861172	0.565666
12.04	28.54	32.75	38.52	3.30	1.65	31.150710	28.778379	29.865966	0.565694
12.05	28.54	32.76	38.53	3.30	1.65	31.156996	28.781686	29.870761	0.565723
12.05	28.54	32.77	38.54	3.30	1.65	31.163282	28.784993	29.875557	0.565751
12.05	28.54	32.78	38.55	3.30	1.65	31.169568	28.788302	29.880354	0.565779
12.06	28.54	32.79	38.56	3.30	1.65	31.175854	28.791613	29.885151	0.565807
12.06	28.54	32.79	38.56	3.30	1.65	31.182140	28.794925	29.889949	0.565835
12.06	28.54	32.80	38.57	3.30	1.65	31.188426	28.798239	29.894748	0.565864
12.06	28.54	32.81	38.58	3.30	1.65	31.194711	28.801554	29.899548	0.565892
12.07	28.54	32.82	38.59	3.30	1.65	31.200997	28.804870	29.904348	0.565920
12.07	28.54	32.83	38.60	3.30	1.65	31.207282	28.808188	29.909150	0.565948
12.07	28.54	32.84	38.61	3.30	1.65	31.213567	28.811508	29.913952	0.565976
12.07	28.54	32.85	38.62	3.30	1.65	31.219853	28.814829	29.918755	0.566004
12.08	28.54	32.86	38.63	3.30	1.65	31.226138	28.818151	29.923558	0.566032
12.08	28.54	32.87	38.64	3.30	1.66	31.232423	28.821475	29.928362	0.566059
12.08	28.54	32.88	38.65	3.30	1.66	31.238708	28.824800	29.933167	0.566087
12.09	28.54	32.89	38.66	3.30	1.66	31.244992	28.828127	29.937973	0.566115
12.09	28.54	32.90	38.67	3.30	1.66	31.251277	28.831455	29.942780	0.566143
12.09	28.54	32.91	38.68	3.30	1.66	31.257561	28.834784	29.947587	0.566171
12.09	28.54	32.92	38.69	3.30	1.66	31.263846	28.838115	29.952395	0.566199
12.10	28.54	32.93	38.70	3.30	1.66	31.270130	28.841447	29.957204	0.566226
12.10	28.54	32.94	38.71	3.30	1.66	31.276414	28.844781	29.962013	0.566254
12.10	28.54	32.95	38.71	3.30	1.66	31.282698	28.848116	29.966824	0.566282
12.11	28.54	32.96	38.72	3.30	1.66	31.288981	28.851453	29.971634	0.566309
12.11	28.54	32.96	38.73	3.30	1.66	31.295265	28.854791	29.976446	0.566337
12.11	28.54	32.97	38.74	3.30	1.66	31.301548	28.858130	29.981258	0.566364
12.11	28.54	32.98	38.75	3.30	1.66	31.307831	28.861471	29.986071	0.566392
12.12	28.54	32.99	38.76	3.30	1.66	31.314114	28.864813	29.990885	0.566419
12.12	28.54	33.00	38.77	3.30	1.66	31.320397	28.868157	29.995699	0.566447
12.12	28.54	33.01	38.78	3.30	1.66	31.326679	28.871502	30.000515	0.566474
12.12	28.54	33.02	38.79	3.30	1.66	31.332961	28.874848	30.005330	0.566502
12.13	28.54	33.03	38.80	3.30	1.66	31.339243	28.878196	30.010147	0.566529
12.13	28.54	33.04	38.81	3.30	1.66	31.345525	28.881545	30.014964	0.566557
12.13	28.54	33.05	38.82	3.30	1.67	31.351807	28.884896	30.019782	0.566584
12.14	28.54	33.06	38.83	3.30	1.67	31.358088	28.888247	30.024600	0.566611
12.14	28.54	33.07	38.84	3.30	1.67	31.364369	28.891601	30.029419	0.566639
12.14	28.54	33.08	38.84	3.30	1.67	31.370650	28.894955	30.034239	0.566666
12.14	28.54	33.09	38.85	3.30	1.67	31.376931	28.898311	30.039059	0.566693
12.15	28.54	33.10	38.86	3.30	1.67	31.383211	28.901669	30.043880	0.566720
12.15	28.54	33.11	38.87	3.30	1.67	31.389491	28.905027	30.048702	0.566747
12.15	28.54	33.11	38.88	3.30	1.67	31.395771	28.908387	30.053524	0.566775
12.16	28.54	33.12	38.89	3.30	1.67	31.402051	28.911749	30.058347	0.566802
12.16	28.54	33.13	38.90	3.30	1.67	31.408330	28.915111	30.063171	0.566829
12.16	28.54	33.14	38.91	3.30	1.67	31.414609	28.918475	30.067995	0.566856
12.16	28.54	33.15	38.92	3.30	1.67	31.420888	28.921841	30.072820	0.566883
12.17	28.54	33.16	38.93	3.30	1.67	31.427166	28.925207	30.077645	0.566910
12.17	28.54	33.17	38.94	3.30	1.67	31.433444	28.928575	30.082471	0.566937
12.17	28.54	33.18	38.95	3.30	1.67	31.439722	28.931945	30.087298	0.566964
12.18	28.54	33.19	38.96	3.30	1.67	31.445999	28.935316	30.092125	0.566991
12.18	28.54	33.20	38.96	3.30	1.67	31.452277	28.938688	30.096953	0.567018
12.18	28.54	33.21	38.97	3.30	1.67	31.458553	28.942061	30.101781	0.567044
12.18	28.54	33.22	38.98	3.31	1.67	31.464830	28.945436	30.106610	0.567071
12.19	28.54	33.23	38.99	3.31	1.68	31.471106	28.948811	30.111440	0.567098
12.19	28.54	33.24	39.00	3.31	1.68	31.477382	28.952189	30.116270	0.567125
12.19	28.54	33.25	39.01	3.31	1.68	31.483657	28.955567	30.121100	0.567152
12.19	28.54	33.25	39.02	3.31	1.68	31.489933	28.958947	30.125932	0.567178
12.20	28.54	33.26	39.03	3.31	1.68	31.496207	28.962328	30.130763	0.567205
12.20	28.54	33.27	39.04	3.31	1.68	31.502482	28.965711	30.135596	0.567232
12.20	28.54	33.28	39.05	3.31	1.68	31.508756	28.969094	30.140429	0.567258
12.21	28.54	33.29	39.06	3.31	1.68	31.515030	28.972479	30.145262	0.567285
12.21	28.54	33.30	39.06	3.31	1.68	31.521303	28.975866	30.150096	0.567311
12.21	28.54	33.31	39.07	3.31	1.68	31.527576	28.979253	30.154931	0.567338
12.21	28.54	33.32	39.08	3.31	1.68	31.533848	28.982642	30.159766	0.567365
12.22	28.54	33.33	39.09	3.31	1.68	31.540120	28.986032	30.164601	0.567391
12.22	28.54	33.34	39.10	3.31	1.68	31.546392	28.989424	30.169438	0.567417
12.22	28.54	33.35	39.11	3.31	1.68	31.552664	28.992816	30.174274	0.567444
12.22	28.54	33.36	39.12	3.31	1.68	31.558934	28.996210	30.179111	0.567470
12.23	28.54	33.37	39.13	3.31	1.68	31.565205	28.999605	30.183949	0.567497
12.23	28.54	33.38	39.14	3.31	1.68	31.571475	29.003002	30.188787	0.567523
12.23	28.54	33.38	39.15	3.31	1.68	31.577745	29.006399	30.193626	0.567549
12.24	28.54	33.39	39.16	3.31	1.68	31.584014	29.009798	30.198465	0.567576
12.24	28.54	33.40	39.16	3.31	1.69	31.590283	29.013198	30.203305	0.567602
12.24	28.54	33.41	39.17	3.31	1.69	31.596551	29.016600	30.208145	0.567628
12.24	28.54	33.42	39.18	3.31	1.69	31.602819	29.020002	30.212986	0.567654
12.25	28.54	33.43	39.19	3.31	1.69	31.609086	29.023406	30.217827	0.567681
12.25	28.54	33.44	39.20	3.31	1.69	31.615353	29.026811	30.222668	0.567707
12.25	28.54	33.45	39.21	3.31	1.69	31.621620	29.030217	30.227510	0.567733
12.26	28.54	33.46	39.22	3.31	1.69	31.627886	29.033625	30.232353	0.567759
12.26	28.54	33.47	39.23	3.31	1.69	31.634151	29.037034	30.237196	0.567785
12.26	28.54	33.48	39.24	3.31	1.69	31.640416	29.040444	30.242039	0.567811
12.26	28.54	33.49	39.25	3.31	1.69	31.646681	29.043855	30.246883	0.567837
12.27	28.54	33.50	39.25	3.31	1.69	31.652945	29.047267	30.251728	0.567863
12.27	28.54	33.50	39.26	3.31	1.69	31.659209	29.050681	30.256572	0.567889
12.27	28.54	33.51	39.27	3.31	1.69	31.665472	29.054095	30.261418	0.567915
12.28	28.54	33.52	39.28	3.31	1.69	31.671734	29.057511	30.266263	0.567941
12.28	28.54	33.53	39.29	3.31	1.69	31.677996	29.060929	30.271109	0.567967
12.28	28.54	33.54	39.30	3.31	1.69	31.684258	29.064347	30.275956	0.567993
12.28	28.54	33.55	39.31	3.31	1.69	31.690519	29.067766	30.280803	0.568019
12.29	28.54	33.56	39.32	3.31	1.69	31.696779	29.071187	30.285650	0.568044
12.29	28.54	33.57	39.33	3.31	1.69	31.703039	29.074609	30.290498	0.568070
12.29	28.54	33.58	39.33	3.31	1.69	31.709299	29.078032	30.295346	0.568096
12.29	28.54	33.59	39.34	3.31	1.70	31.715557	29.081456	30.300195	0.568122
12.30	28.54	33.60	39.35	3.31	1.70	31.721816	29.084882	30.305044	0.568147
12.30	28.54	33.61	39.36	3.31	1.70	31.728074	29.088308	30.309893	0.568173
12.30	28.54	33.62	39.37	3.31	1.70	31.734331	29.091736	30.314743	0.568199
12.31	28.54	33.62	39.38	3.31	1.70	31.740587	29.095165	30.319593	0.568224
12.31	28.54	33.63	39.39	3.31	1.70	31.746843	29.098595	30.324443	0.568250
12.31	28.54	33.64	39.40	3.31	1.70	31.753099	29.102026	30.329294	0.568276
12.31	28.54	33.65	39.41	3.31	1.70	31.759354	29.105458	30.334146	0.568301
12.32	28.54	33.66	39.41	3.31	1.70	31.765608	29.108892	30.338997	0.568327
12.32	28.54	33.67	39.42	3.31	1.70	31.771861	29.112326	30.343849	0.568352
12.32	28.54	33.68	39.43	3.31	1.70	31.778115	29.115762	30.348702	0.568378
12.32	28.54	33.69	39.44	3.31	1.70	31.784367	29.119199	30.353554	0.568403
12.33	28.54	33.70	39.45	3.31	1.70	31.790619	29.122637	30.358407	0.568429
12.33	28.54	33.71	39.46	3.31	1.70	31.796870	29.126076	30.363261	0.568454
12.33	28.54	33.72	39.47	3.31	1.70	31.803121	29.129516	30.368114	0.568479
12.34	28.54	33.72	39.48	3.31	1.70	31.809371	29.132958	30.372968	0.568505
12.34	28.54	33.73	39.49	3.31	1.70	31.815620	29.136400	30.377823	0.568530
12.34	28.54	33.74	39.49	3.31	1.70	31.821869	29.139844	30.382678	0.568555
12.34	28.54	33.75	39.50	3.31	1.70	31.828117	29.143288	30.387533	0.568581
12.35	28.54	33.76	39.51	3.31	1.70	31.834364	29.146734	30.392388	0.568606
12.35	28.54	33.77	39.52	3.31	1.71	31.840611	29.150181	30.397244	0.568631
12.35	28.54	33.78	39.53	3.31	1.71	31.846857	29.153629	30.402100	0.568656
12.36	28.54	33.79	39.54	3.31	1.71	31.853102	29.157078	30.406956	0.568681
12.36	28.54	33.80	39.55	3.32	1.71	31.859347	29.160528	30.411812	0.568706
12.36	28.54	33.81	39.56	3.32	1.71	31.865591	29.163980	30.416669	0.568732
12.36	28.54	33.82	39.56	3.32	1.71	31.871834	29.167432	30.421526	0.568757
12.37	28.54	33.82	39.57	3.32	1.71	31.878077	29.170885	30.426384	0.568782
12.37	28.54	33.83	39.58	3.32	1.71	31.884319	29.174340	30.431241	0.568807
12.37	28.54	33.84	39.59	3.32	1.71	31.890560	29.177795	30.436099	0.568832
12.38	28.54	33.85	39.60	3.32	1.71	31.896801	29.181252	30.440958	0.568857
12.38	28.54	33.86	39.61	3.32	1.71	31.903041	29.184710	30.445816	0.568882
12.38	28.54	33.87	39.62	3.32	1.71	31.909280	29.188168	30.450675	0.568907
12.38	28.54	33.88	39.63	3.32	1.71	31.915518	29.191628	30.455534	0.568932
12.39	28.54	33.89	39.63	3.32	1.71	31.921756	29.195089	30.460393	0.568956
12.39	28.54	33.90	39.64	3.32	1.71	31.927993	29.198551	30.465253	0.568981
12.39	28.54	33.91	39.65	3.32	1.71	31.934229	29.202014	30.470113	0.569006
12.39	28.54	33.92	39.66	3.32	1.71	31.940465	29.205478	30.474973	0.569031
12.40	28.54	33.92	39.67	3.32	1.71	31.946699	29.208943	30.479833	0.569056
12.40	28.54	33.93	39.68	3.32	1.71	31.952933	29.212409	30.484693	0.569080
12.40	28.54	33.94	39.69	3.32	1.71	31.959167	29.215876	30.489554	0.569105
12.41	28.54	33.95	39.69	3.32	1.71	31.965399	29.219345	30.494415	0.569130
12.41	28.54	33.96	39.70	3.32	1.72	31.971631	29.222814	30.499276	0.569155
12.41	28.54	33.97	39.71	3.32	1.72	31.977862	29.226284	30.504138	0.569179
12.41	28.54	33.98	39.72	3.32	1.72	31.984092	29.229755	30.508999	0.569204
12.42	28.54	33.99	39.73	3.32	1.72	31.990321	29.233227	30.513861	0.569228
12.42	28.54	34.00	39.74	3.32	1.72	31.996550	29.236701	30.518723	0.569253
12.42	28.54	34.01	39.75	3.32	1.72	32.002777	29.240175	30.523585	0.569278
12.43	28.54	34.01	39.76	3.32	1.72	32.009004	29.243650	30.528447	0.569302
12.43	28.54	34.02	39.76	3.32	1.72	32.015231	29.247126	30.533310	0.569327
12.43	28.54	34.03	39.77	3.32	1.72	32.021456	29.250604	30.538173	0.569351
12.43	28.54	34.04	39.78	3.32	1.72	32.027680	29.254082	30.543036	0.569376
12.44	28.54	34.05	39.79	3.32	1.72	32.033904	29.257561	30.547899	0.569400
12.44	28.54	34.06	39.80	3.32	1.72	32.040127	29.261041	30.552762	0.569424
12.44	28.54	34.07	39.81	3.32	1.72	32.046349	29.264523	30.557625	0.569449
12.44	28.54	34.08	39.82	3.32	1.72	32.052570	29.268005	30.562489	0.569473
12.45	28.54	34.09	39.82	3.32	1.72	32.058791	29.271488	30.567353	0.569497
12.45	28.54	34.09	39.83	3.32	1.72	32.065010	29.274972	30.572217	0.569522
12.45	28.54	34.10	39.84	3.32	1.72	32.071229	29.278457	30.577081	0.569546
12.46	28.54	34.11	39.85	3.32	1.72	32.077447	29.281943	30.581945	0.569570
12.46	28.54	34.12	39.86	3.32	1.72	32.083663	29.285430	30.586809	0.569594
12.46	28.54	34.13	39.87	3.32	1.72	32.089880	29.288918	30.591674	0.569619
12.46	28.54	34.14	39.87	3.32	1.72	32.096095	29.292407	30.596538	0.569643
12.47	28.54	34.15	39.88	3.32	1.72	32.102309	29.295897	30.601403	0.569667
12.47	28.54	34.16	39.89	3.32	1.73	32.108522	29.299388	30.606268	0.569691
12.47	28.54	34.17	39.90	3.32	1.73	32.114735	29.302880	30.611132	0.569715
12.47	28.54	34.18	39.91	3.32	1.73	32.120947	29.306373	30.615997	0.569739
12.48	28.54	34.18	39.92	3.32	1.73	32.127157	29.309866	30.620863	0.569763
12.48	28.54	34.19	39.93	3.32	1.73	32.133367	29.313361	30.625728	0.569787
12.48	28.54	34.20	39.93	3.32	1.73	32.139576	29.316857	30.630593	0.569811
12.49	28.54	34.21	39.94	3.32	1.73	32.145784	29.320353	30.635459	0.569835
12.49	28.54	34.22	39.95	3.32	1.73	32.151991	29.323850	30.640324	0.569859
12.49	28.54	34.23	39.96	3.32	1.73	32.158197	29.327349	30.645190	0.569883
12.49	28.54	34.24	39.97	3.32	1.73	32.164402	29.330848	30.650055	0.569907
12.50	28.54	34.25	39.98	3.32	1.73	32.170607	29.334348	30.654921	0.569931
12.50	28.54	34.26	39.98	3.32	1.73	32.176810	29.337849	30.659787	0.569955
12.50	28.54	34.26	39.99	3.32	1.73	32.183012	29.341351	30.664653	0.569979
12.51	28.54	34.27	40.00	3.32	1.73	32.189214	29.344854	30.669519	0.570003
12.51	28.54	34.28	40.01	3.32	1.73	32.195414	29.348358	30.674385	0.570026
12.51	28.54	34.29	40.02	3.32	1.73	32.201614	29.351862	30.679251	0.570050
12.51	28.54	34.30	40.03	3.32	1.73	32.207812	29.355368	30.684117	0.570074
12.52	28.54	34.31	40.04	3.32	1.73	32.214010	29.358874	30.688983	0.570098
12.52	28.54	34.32	40.04	3.32	1.73	32.220206	29.362382	30.693849	0.570121
12.52	28.54	34.33	40.05	3.32	1.73	32.226402	29.365890	30.698715	0.570145
12.53	28.54	34.33	40.06	3.32	1.73	32.232597	29.369399	30.703582	0.570169
12.53	28.54	34.34	40.07	3.32	1.73	32.238790	29.372909	30.708448	0.570192
12.53	28.54	34.35	40.08	3.32	1.74	32.244983	29.376420	30.713314	0.570216
12.53	28.54	34.36	40.09	3.33	1.74	32.251174	29.379932	30.718181	0.570240
12.54	28.54	34.37	40.09	3.33	1.74	32.257365	29.383444	30.723047	0.570263
12.54	28.54	34.38	40.10	3.33	1.74	32.263554	29.386958	30.727913	0.570287
12.54	28.54	34.39	40.11	3.33	1.74	32.269743	29.390472	30.732780	0.570310
12.54	28.54	34.40	40.12	3.33	1.74	32.275930	29.393987	30.737646	0.570334
12.55	28.54	34.41	40.13	3.33	1.74	32.282117	29.397503	30.742512	0.570357
12.55	28.54	34.41	40.14	3.33	1.74	32.288302	29.401020	30.747379	0.570381
12.55	28.54	34.42	40.14	3.33	1.74	32.294487	29.404538	30.752245	0.570404
12.56	28.54	34.43	40.15	3.33	1.74	32.300670	29.408056	30.757111	0.570427
12.56	28.54	34.44	40.16	3.33	1.74	32.306852	29.411575	30.761977	0.570451
12.56	28.54	34.45	40.17	3.33	1.74	32.313034	29.415096	30.766844	0.570474
12.56	28.54	34.46	40.18	3.33	1.74	32.319214	29.418617	30.771710	0.570497
12.57	28.54	34.47	40.18	3.33	1.74	32.325393	29.422138	30.776576	0.570521
12.57	28.54	34.48	40.19	3.33	1.74	32.331571	29.425661	30.781442	0.570544
12.57	28.54	34.48	40.20	3.33	1.74	32.337748	29.429185	30.786308	0.570567
12.57	28.54	34.49	40.21	3.33	1.74	32.343924	29.432709	30.791174	0.570590
12.58	28.54	34.50	40.22	3.33	1.74	32.350098	29.436234	30.796040	0.570614
12.58	28.54	34.51	40.23	3.33	1.74	32.356272	29.439760	30.800906	0.570637
12.58	28.54	34.52	40.23	3.33	1.74	32.362445	29.443287	30.805772	0.570660
12.59	28.54	34.53	40.24	3.33	1.74	32.368616	29.446814	30.810638	0.570683
12.59	28.54	34.54	40.25	3.33	1.74	32.374786	29.450342	30.815504	0.570706
12.59	28.54	34.55	40.26	3.33	1.74	32.380956	29.453871	30.820369	0.570729
12.59	28.54	34.55	40.27	3.33	1.75	32.387124	29.457401	30.825235	0.570752
12.60	28.54	34.56	40.28	3.33	1.75	32.393291	29.460932	30.830100	0.570775
12.60	28.54	34.57	40.28	3.33	1.75	32.399457	29.464463	30.834966	0.570798
12.60	28.54	34.58	40.29	3.33	1.75	32.405621	29.467996	30.839831	0.570821
12.61	28.54	34.59	40.30	3.33	1.75	32.411785	29.471529	30.844696	0.570844
12.61	28.54	34.60	40.31	3.33	1.75	32.417947	29.475062	30.849561	0.570867
12.61	28.54	34.61	40.32	3.33	1.75	32.424109	29.478597	30.854426	0.570890
12.61	28.54	34.61	40.32	3.33	1.75	32.430269	29.482132	30.859291	0.570913
12.62	28.54	34.62	40.33	3.33	1.75	32.436428	29.485668	30.864156	0.570936
12.62	28.54	34.63	40.34	3.33	1.75	32.442586	29.489205	30.869021	0.570959
12.62	28.54	34.64	40.35	3.33	1.75	32.448742	29.492743	30.873885	0.570982
12.62	28.54	34.65	40.36	3.33	1.75	32.454898	29.496281	30.878750	0.571004
12.63	28.54	34.66	40.36	3.33	1.75	32.461052	29.499820	30.883614	0.571027
12.63	28.54	34.67	40.37	3.33	1.75	32.467205	29.503360	30.888478	0.571050
12.63	28.54	34.68	40.38	3.33	1.75	32.473357	29.506901	30.893342	0.571073
12.64	28.54	34.68	40.39	3.33	1.75	32.479507	29.510442	30.898206	0.571095
12.64	28.54	34.69	40.40	3.33	1.75	32.485657	29.513984	30.903070	0.571118
12.64	28.54	34.70	40.41	3.33	1.75	32.491805	29.517527	30.907933	0.571141
12.64	28.54	34.71	40.41	3.33	1.75	32.497952	29.521070	30.912796	0.571163
12.65	28.54	34.72	40.42	3.33	1.75	32.504098	29.524615	30.917660	0.571186
12.65	28.54	34.73	40.43	3.33	1.75	32.510243	29.528160	30.922523	0.571209
12.65	28.54	34.74	40.44	3.33	1.75	32.516386	29.531705	30.927386	0.571231
12.66	28.54	34.74	40.45	3.33	1.75	32.522528	29.535252	30.932248	0.571254
12.66	28.54	34.75	40.45	3.33	1.75	32.528669	29.538799	30.937111	0.571276
12.66	28.54	34.76	40.46	3.33	1.76	32.534809	29.542346	30.941973	0.571299
12.66	28.54	34.77	40.47	3.33	1.76	32.540947	29.545895	30.946835	0.571321
12.67	28.54	34.78	40.48	3.33	1.76	32.547084	29.549444	30.951697	0.571344
12.67	28.54	34.79	40.49	3.33	1.76	32.553220	29.552994	30.956559	0.571366
12.67	28.54	34.80	40.49	3.33	1.76	32.559355	29.556545	30.961421	0.571389
12.68	28.54	34.80	40.50	3.33	1.76	32.565488	29.560096	30.966282	0.571411
12.68	28.54	34.81	40.51	3.33	1.76	32.571620	29.563648	30.971143	0.571434
12.68	28.54	34.82	40.52	3.33	1.76	32.577751	29.567200	30.976004	0.571456
12.68	28.54	34.83	40.53	3.33	1.76	32.583880	29.570754	30.980865	0.571478
12.69	28.54	34.84	40.53	3.33	1.76	32.590009	29.574308	30.985725	0.571501
12.69	28.54	34.85	40.54	3.33	1.76	32.596136	29.577862	30.990586	0.571523
12.69	28.54	34.86	40.55	3.33	1.76	32.602261	29.581418	30.995446	0.571545
12.69	28.54	34.86	40.56	3.33	1.76	32.608385	29.584974	31.000305	0.571567
12.70	28.54	34.87	40.57	3.33	1.76	32.614508	29.588530	31.005165	0.571590
12.70	28.54	34.88	40.57	3.33	1.76	32.620630	29.592088	31.010024	0.571612
12.70	28.54	34.89	40.58	3.33	1.76	32.626751	29.595645	31.014883	0.571634
12.71	28.54	34.90	40.59	3.33	1.76	32.632870	29.599204	31.019742	0.571656
12.71	28.54	34.91	40.60	3.34	1.76	32.638987	29.602763	31.024601	0.571678
12.71	28.54	34.92	40.60	3.34	1.76	32.645104	29.606323	31.029459	0.571700
12.71	28.54	34.92	40.61	3.34	1.76	32.651219	29.609884	31.034317	0.571722
12.72	28.54	34.93	40.62	3.34	1.76	32.657332	29.613445	31.039175	0.571744
12.72	28.54	34.94	40.63	3.34	1.76	32.663445	29.617007	31.044032	0.571766
12.72	28.54	34.95	40.64	3.34	1.76	32.669556	29.620569	31.048889	0.571789
12.72	28.54	34.96	40.64	3.34	1.76	32.675665	29.624132	31.053746	0.571810
12.73	28.54	34.97	40.65	3.34	1.76	32.681773	29.627696	31.058603	0.571832
12.73	28.54	34.98	40.66	3.34	1.77	32.687880	29.631260	31.063459	0.571854
12.73	28.54	34.98	40.67	3.34	1.77	32.693986	29.634825	31.068315	0.571876
12.74	28.54	34.99	40.68	3.34	1.77	32.700090	29.638390	31.073171	0.571898
12.74	28.54	35.00	40.68	3.34	1.77	32.706193	29.641957	31.078026	0.571920
12.74	28.54	35.01	40.69	3.34	1.77	32.712294	29.645523	31.082881	0.571942
12.74	28.54	35.02	40.70	3.34	1.77	32.718394	29.649091	31.087736	0.571964
12.75	28.54	35.03	40.71	3.34	1.77	32.724492	29.652658	31.092590	0.571986
12.75	28.54	35.03	40.71	3.34	1.77	32.730590	29.656227	31.097445	0.572007
12.75	28.54	35.04	40.72	3.34	1.77	32.736685	29.659796	31.102298	0.572029
12.76	28.54	35.05	40.73	3.34	1.77	32.742780	29.663366	31.107152	0.572051
12.76	28.54	35.06	40.74	3.34	1.77	32.748872	29.666936	31.112005	0.572073
12.76	28.54	35.07	40.75	3.34	1.77	32.754964	29.670507	31.116858	0.572094
12.76	28.54	35.08	40.75	3.34	1.77	32.761054	29.674078	31.121710	0.572116
12.77	28.54	35.09	40.76	3.34	1.77	32.767143	29.677650	31.126562	0.572138
12.77	28.54	35.09	40.77	3.34	1.77	32.773230	29.681223	31.131414	0.572159
12.77	28.54	35.10	40.78	3.34	1.77	32.779315	29.684796	31.136265	0.572181
12.78	28.54	35.11	40.78	3.34	1.77	32.785400	29.688370	31.141117	0.572203
12.78	28.54	35.12	40.79	3.34	1.77	32.791482	29.691944	31.145967	0.572224
12.78	28.54	35.13	40.80	3.34	1.77	32.797564	29.695519	31.150817	0.572246
12.78	28.54	35.14	40.81	3.34	1.77	32.803643	29.699094	31.155667	0.572267
12.79	28.54	35.14	40.81	3.34	1.77	32.809722	29.702670	31.160517	0.572289
12.79	28.54	35.15	40.82	3.34	1.77	32.815799	29.706246	31.165366	0.572310
12.79	28.54	35.16	40.83	3.34	1.77	32.821874	29.709823	31.170215	0.572332
12.79	28.54	35.17	40.84	3.34	1.77	32.827948	29.713401	31.175063	0.572353
12.80	28.54	35.18	40.85	3.34	1.77	32.834020	29.716979	31.179911	0.572375
12.80	28.54	35.19	40.85	3.34	1.78	32.840091	29.720557	31.184759	0.572396
12.80	28.54	35.19	40.86	3.34	1.78	32.846161	29.724137	31.189606	0.572418
12.81	28.54	35.20	40.87	3.34	1.78	32.852229	29.727716	31.194453	0.572439
12.81	28.54	35.21	40.88	3.34	1.78	32.858295	29.731296	31.199299	0.572460
12.81	28.54	35.22	40.88	3.34	1.78	32.864360	29.734877	31.204145	0.572482
12.81	28.54	35.23	40.89	3.34	1.78	32.870423	29.738458	31.208990	0.572503
12.82	28.54	35.24	40.90	3.34	1.78	32.876485	29.742040	31.213836	0.572524
12.82	28.54	35.24	40.91	3.34	1.78	32.882546	29.745622	31.218680	0.572545
12.82	28.54	35.25	40.91	3.34	1.78	32.888604	29.749205	31.223524	0.572567
12.82	28.54	35.26	40.92	3.34	1.78	32.894662	29.752788	31.228368	0.572588
12.83	28.54	35.27	40.93	3.34	1.78	32.900717	29.756372	31.233211	0.572609
12.83	28.54	35.28	40.94	3.34	1.78	32.906771	29.759956	31.238054	0.572630
12.83	28.54	35.29	40.94	3.34	1.78	32.912824	29.763540	31.242897	0.572651
12.84	28.54	35.29	40.95	3.34	1.78	32.918875	29.767126	31.247739	0.572672
12.84	28.54	35.30	40.96	3.34	1.78	32.924924	29.770711	31.252580	0.572694
12.84	28.54	35.31	40.97	3.34	1.78	32.930972	29.774297	31.257421	0.572715
12.84	28.54	35.32	40.97	3.34	1.78	32.937018	29.777884	31.262262	0.572736
12.85	28.54	35.33	40.98	3.34	1.78	32.943063	29.781471	31.267102	0.572757
12.85	28.54	35.34	40.99	3.34	1.78	32.949106	29.785058	31.271942	0.572778
12.85	28.54	35.34	41.00	3.34	1.78	32.955148	29.788646	31.276781	0.572799
12.86	28.54	35.35	41.00	3.34	1.78	32.961188	29.792235	31.281619	0.572820
12.86	28.54	35.36	41.01	3.34	1.78	32.967226	29.795824	31.286458	0.572841
12.86	28.54	35.37	41.02	3.34	1.78	32.973263	29.799413	31.291295	0.572862
12.86	28.54	35.38	41.03	3.34	1.78	32.979298	29.803003	31.296132	0.572883
12.87	28.54	35.39	41.03	3.34	1.78	32.985331	29.806593	31.300969	0.572903
12.87	28.54	35.39	41.04	3.34	1.78	32.991363	29.810184	31.305805	0.572924
12.87	28.54	35.40	41.05	3.34	1.79	32.997393	29.813775	31.310641	0.572945
12.88	28.54	35.41	41.06	3.34	1.79	33.003422	29.817367	31.315476	0.572966
12.88	28.54	35.42	41.06	3.34	1.79	33.009449	29.820959	31.320311	0.572987
12.88	28.54	35.43	41.07	3.34	1.79	33.015474	29.824551	31.325145	0.573008
12.88	28.54	35.43	41.08	3.35	1.79	33.021498	29.828144	31.329978	0.573028
12.89	28.54	35.44	41.09	3.35	1.79	33.027520	29.831737	31.334811	0.573049
12.89	28.54	35.45	41.09	3.35	1.79	33.033540	29.835331	31.339644	0.573070
12.89	28.54	35.46	41.10	3.35	1.79	33.039559	29.838925	31.344476	0.573091
12.89	28.54	35.47	41.11	3.35	1.79	33.045576	29.842520	31.349307	0.573111
12.90	28.54	35.48	41.12	3.35	1.79	33.051592	29.846114	31.354138	0.573132
12.90	28.54	35.48	41.12	3.35	1.79	33.057605	29.849710	31.358968	0.573153
12.90	28.54	35.49	41.13	3.35	1.79	33.063617	29.853306	31.363798	0.573173
12.91	28.54	35.50	41.14	3.35	1.79	33.069628	29.856902	31.368627	0.573194
12.91	28.54	35.51	41.15	3.35	1.79	33.075636	29.860498	31.373456	0.573214
12.91	28.54	35.52	41.15	3.35	1.79	33.081643	29.864095	31.378284	0.573235
12.91	28.54	35.53	41.16	3.35	1.79	33.087648	29.867692	31.383111	0.573255
12.92	28.54	35.53	41.17	3.35	1.79	33.093652	29.871290	31.387938	0.573276
12.92	28.54	35.54	41.18	3.35	1.79	33.099654	29.874888	31.392764	0.573296
12.92	28.54	35.55	41.18	3.35	1.79	33.105654	29.878487	31.397590	0.573317
12.93	28.54	35.56	41.19	3.35	1.79	33.111652	29.882085	31.402415	0.573337
12.93	28.54	35.57	41.20	3.35	1.79	33.117649	29.885685	31.407240	0.573358
12.93	28.54	35.57	41.20	3.35	1.79	33.123644	29.889284	31.412064	0.573378
12.93	28.54	35.58	41.21	3.35	1.79	33.129637	29.892884	31.416887	0.573399
12.94	28.54	35.59	41.22	3.35	1.79	33.135628	29.896484	31.421710	0.573419
12.94	28.54	35.60	41.23	3.35	1.79	33.141618	29.900085	31.426532	0.573439
12.94	28.54	35.61	41.23	3.35	1.79	33.147606	29.903686	31.431353	0.573460
12.94	28.54	35.61	41.24	3.35	1.79	33.153592	29.907287	31.436174	0.573480
12.95	28.54	35.62	41.25	3.35	1.79	33.159577	29.910889	31.440994	0.573500
12.95	28.54	35.63	41.26	3.35	1.80	33.165559	29.914491	31.445814	0.573521
12.95	28.54	35.64	41.26	3.35	1.80	33.171540	29.918093	31.450633	0.573541
12.96	28.54	35.65	41.27	3.35	1.80	33.177519	29.921696	31.455451	0.573561
12.96	28.54	35.65	41.28	3.35	1.80	33.183497	29.925299	31.460269	0.573581
12.96	28.54	35.66	41.28	3.35	1.80	33.189472	29.928903	31.465086	0.573601
12.96	28.54	35.67	41.29	3.35	1.80	33.195446	29.932506	31.469902	0.573622
12.97	28.54	35.68	41.30	3.35	1.80	33.201418	29.936110	31.474718	0.573642
12.97	28.54	35.69	41.31	3.35	1.80	33.207388	29.939715	31.479533	0.573662
12.97	28.54	35.70	41.31	3.35	1.80	33.213357	29.943319	31.484347	0.573682
12.97	28.54	35.70	41.32	3.35	1.80	33.219323	29.946924	31.489161	0.573702
12.98	28.54	35.71	41.33	3.35	1.80	33.225288	29.950529	31.493974	0.573722
12.98	28.54	35.72	41.33	3.35	1.80	33.231251	29.954135	31.498786	0.573742
12.98	28.54	35.73	41.34	3.35	1.80	33.237212	29.957741	31.503598	0.573762
12.99	28.54	35.74	41.35	3.35	1.80	33.243171	29.961347	31.508409	0.573782
12.99	28.54	35.74	41.36	3.35	1.80	33.249129	29.964953	31.513219	0.573802
12.99	28.54	35.75	41.36	3.35	1.80	33.255084	29.968560	31.518029	0.573822
12.99	28.54	35.76	41.37	3.35	1.80	33.261038	29.972167	31.522838	0.573842
13.00	28.54	35.77	41.38	3.35	1.80	33.266990	29.975775	31.527646	0.573862
13.00	28.54	35.78	41.38	3.35	1.80	33.272940	29.979382	31.532454	0.573882
13.00	28.54	35.78	41.39	3.35	1.80	33.278888	29.982990	31.537260	0.573902
13.01	28.54	35.79	41.40	3.35	1.80	33.284835	29.986598	31.542066	0.573922
13.01	28.54	35.80	41.41	3.35	1.80	33.290779	29.990207	31.546872	0.573941
13.01	28.54	35.81	41.41	3.35	1.80	33.296722	29.993815	31.551676	0.573961
13.01	28.54	35.82	41.42	3.35	1.80	33.302663	29.997424	31.556480	0.573981
13.02	28.54	35.82	41.43	3.35	1.80	33.308601	30.001033	31.561284	0.574001
13.02	28.54	35.83	41.43	3.35	1.80	33.314538	30.004643	31.566086	0.574021
13.02	28.54	35.84	41.44	3.35	1.80	33.320474	30.008253	31.570888	0.574040
13.03	28.54	35.85	41.45	3.35	1.80	33.326407	30.011862	31.575689	0.574060
13.03	28.54	35.86	41.45	3.35	1.81	33.332338	30.015473	31.580489	0.574080
13.03	28.54	35.86	41.46	3.35	1.81	33.338267	30.019083	31.585288	0.574099
13.03	28.54	35.87	41.47	3.35	1.81	33.344195	30.022694	31.590087	0.574119
13.04	28.54	35.88	41.48	3.35	1.81	33.350120	30.026305	31.594885	0.574139
13.04	28.54	35.89	41.48	3.35	1.81	33.356044	30.029916	31.599682	0.574158
13.04	28.54	35.89	41.49	3.35	1.81	33.361966	30.033527	31.604479	0.574178
13.04	28.54	35.90	41.50	3.35	1.81	33.367886	30.037139	31.609274	0.574197
13.05	28.54	35.91	41.50	3.35	1.81	33.373803	30.040751	31.614069	0.574217
13.05	28.54	35.92	41.51	3.35	1.81	33.379719	30.044363	31.618863	0.574237
13.05	28.54	35.93	41.52	3.35	1.81	33.385633	30.047975	31.623656	0.574256
13.06	28.54	35.93	41.52	3.35	1.81	33.391545	30.051587	31.628449	0.574276
13.06	28.54	35.94	41.53	3.36	1.81	33.397455	30.055200	31.633241	0.574295
13.06	28.54	35.95	41.54	3.36	1.81	33.403363	30.058813	31.638032	0.574314
13.06	28.54	35.96	41.55	3.36	1.81	33.409270	30.062426	31.642822	0.574334
13.07	28.54	35.97	41.55	3.36	1.81	33.415174	30.066039	31.647611	0.574353
13.07	28.54	35.97	41.56	3.36	1.81	33.421076	30.069653	31.652399	0.574373
13.07	28.54	35.98	41.57	3.36	1.81	33.426976	30.073266	31.657187	0.574392
13.07	28.54	35.99	41.57	3.36	1.81	33.432874	30.076880	31.661974	0.574411
13.08	28.54	36.00	41.58	3.36	1.81	33.438771	30.080494	31.666760	0.574431
13.08	28.54	36.00	41.59	3.36	1.81	33.444665	30.084109	31.671545	0.574450
13.08	28.54	36.01	41.59	3.36	1.81	33.450557	30.087723	31.676330	0.574469
13.09	28.54	36.02	41.60	3.36	1.81	33.456448	30.091337	31.681113	0.574489
13.09	28.54	36.03	41.61	3.36	1.81	33.462336	30.094952	31.685896	0.574508
13.09	28.54	36.04	41.61	3.36	1.81	33.468222	30.098567	31.690678	0.574527
13.09	28.54	36.04	41.62	3.36	1.81	33.474106	30.102182	31.695459	0.574546
13.10	28.54	36.05	41.63	3.36	1.81	33.479989	30.105797	31.700239	0.574566
13.10	28.54	36.06	41.63	3.36	1.81	33.485869	30.109413	31.705018	0.574585
13.10	28.54	36.07	41.64	3.36	1.81	33.491747	30.113028	31.709797	0.574604
13.11	28.54	36.08	41.65	3.36	1.81	33.497623	30.116644	31.714574	0.574623
13.11	28.54	36.08	41.66	3.36	1.81	33.503497	30.120260	31.719351	0.574642
13.11	28.54	36.09	41.66	3.36	1.82	33.509369	30.123876	31.724127	0.574661
13.11	28.54	36.10	41.67	3.36	1.82	33.515239	30.127492	31.728902	0.574680
13.12	28.54	36.11	41.68	3.36	1.82	33.521107	30.131108	31.733676	0.574699
13.12	28.54	36.11	41.68	3.36	1.82	33.526973	30.134724	31.738449	0.574718
13.12	28.54	36.12	41.69	3.36	1.82	33.532837	30.138341	31.743221	0.574737
13.12	28.54	36.13	41.70	3.36	1.82	33.538699	30.141958	31.747993	0.574756
13.13	28.54	36.14	41.70	3.36	1.82	33.544558	30.145574	31.752763	0.574775
13.13	28.54	36.15	41.71	3.36	1.82	33.550416	30.149191	31.757533	0.574794
13.13	28.54	36.15	41.72	3.36	1.82	33.556271	30.152808	31.762302	0.574813
13.14	28.54	36.16	41.72	3.36	1.82	33.562125	30.156425	31.767069	0.574832
13.14	28.54	36.17	41.73	3.36	1.82	33.567976	30.160042	31.771836	0.574851
13.14	28.54	36.18	41.74	3.36	1.82	33.573825	30.163660	31.776602	0.574870
13.14	28.54	36.18	41.74	3.36	1.82	33.579673	30.167277	31.781367	0.574889
13.15	28.54	36.19	41.75	3.36	1.82	33.585518	30.170895	31.786131	0.574908
13.15	28.54	36.20	41.76	3.36	1.82	33.591361	30.174512	31.790895	0.574926
13.15	28.54	36.21	41.76	3.36	1.82	33.597201	30.178130	31.795657	0.574945
13.16	28.54	36.21	41.77	3.36	1.82	33.603040	30.181748	31.800418	0.574964
13.16	28.54	36.22	41.78	3.36	1.82	33.608877	30.185365	31.805178	0.574983
13.16	28.54	36.23	41.78	3.36	1.82	33.614711	30.188983	31.809938	0.575002
13.16	28.54	36.24	41.79	3.36	1.82	33.620543	30.192601	31.814696	0.575020
13.17	28.54	36.25	41.80	3.36	1.82	33.626374	30.196219	31.819454	0.575039
13.17	28.54	36.25	41.80	3.36	1.82	33.632202	30.199838	31.824210	0.575058
13.17	28.54	36.26	41.81	3.36	1.82	33.638028	30.203456	31.828966	0.575076
13.18	28.54	36.27	41.82	3.36	1.82	33.643851	30.207074	31.833721	0.575095
13.18	28.54	36.28	41.82	3.36	1.82	33.649673	30.210693	31.838474	0.575114
13.18	28.54	36.28	41.83	3.36	1.82	33.655492	30.214311	31.843227	0.575132
13.18	28.54	36.29	41.84	3.36	1.82	33.661309	30.217929	31.847979	0.575151
13.19	28.54	36.30	41.84	3.36	1.82	33.667125	30.221548	31.852729	0.575169
13.19	28.54	36.31	41.85	3.36	1.82	33.672937	30.225166	31.857479	0.575188
13.19	28.54	36.31	41.86	3.36	1.82	33.678748	30.228785	31.862228	0.575206
13.19	28.54	36.32	41.86	3.36	1.82	33.684557	30.232404	31.866976	0.575225
13.20	28.54	36.33	41.87	3.36	1.83	33.690363	30.236022	31.871722	0.575243
13.20	28.54	36.34	41.88	3.36	1.83	33.696167	30.239641	31.876468	0.575262
13.20	28.54	36.34	41.88	3.36	1.83	33.701969	30.243260	31.881213	0.575280
13.21	28.54	36.35	41.89	3.36	1.83	33.707769	30.246879	31.885956	0.575299
13.21	28.54	36.36	41.89	3.36	1.83	33.713566	30.250497	31.890699	0.575317
13.21	28.54	36.37	41.90	3.36	1.83	33.719362	30.254116	31.895441	0.575335
13.21	28.54	36.37	41.91	3.36	1.83	33.725155	30.257735	31.900182	0.575354
13.22	28.54	36.38	41.91	3.36	1.83	33.730946	30.261354	31.904921	0.575372
13.22	28.54	36.39	41.92	3.36	1.83	33.736734	30.264973	31.909660	0.575391
13.22	28.54	36.40	41.93	3.36	1.83	33.742521	30.268591	31.914397	0.575409
13.22	28.54	36.40	41.93	3.36	1.83	33.748305	30.272210	31.919134	0.575427
13.23	28.54	36.41	41.94	3.36	1.83	33.754087	30.275829	31.923869	0.575445
13.23	28.54	36.42	41.95	3.36	1.83	33.759867	30.279448	31.928604	0.575464
13.23	28.54	36.43	41.95	3.36	1.83	33.765644	30.283067	31.933337	0.575482
13.24	28.54	36.44	41.96	3.37	1.83	33.771419	30.286686	31.938069	0.575500
13.24	28.54	36.44	41.97	3.37	1.83	33.777192	30.290304	31.942801	0.575518
13.24	28.54	36.45	41.97	3.37	1.83	33.782963	30.293923	31.947531	0.575536
13.24	28.54	36.46	41.98	3.37	1.83	33.788731	30.297542	31.952260	0.575555
13.25	28.54	36.47	41.98	3.37	1.83	33.794497	30.301161	31.956988	0.575573
13.25	28.54	36.47	41.99	3.37	1.83	33.800261	30.304779	31.961715	0.575591
13.25	28.54	36.48	42.00	3.37	1.83	33.806023	30.308398	31.966441	0.575609
13.26	28.54	36.49	42.00	3.37	1.83	33.811782	30.312017	31.971166	0.575627
13.26	28.54	36.50	42.01	3.37	1.83	33.817539	30.315635	31.975889	0.575645
13.26	28.54	36.50	42.02	3.37	1.83	33.823294	30.319254	31.980612	0.575663
13.26	28.54	36.51	42.02	3.37	1.83	33.829046	30.322872	31.985333	0.575681
13.27	28.54	36.52	42.03	3.37	1.83	33.834796	30.326491	31.990054	0.575699
13.27	28.54	36.52	42.04	3.37	1.83	33.840544	30.330109	31.994773	0.575717
13.27	28.54	36.53	42.04	3.37	1.83	33.846290	30.333728	31.999491	0.575735
13.28	28.54	36.54	42.05	3.37	1.83	33.852033	30.337346	32.004208	0.575753
13.28	28.54	36.55	42.05	3.37	1.83	33.857774	30.340964	32.008924	0.575771
13.28	28.54	36.55	42.06	3.37	1.83	33.863512	30.344583	32.013639	0.575789
13.28	28.54	36.56	42.07	3.37	1.83	33.869248	30.348201	32.018353	0.575807
13.29	28.54	36.57	42.07	3.37	1.83	33.874982	30.351819	32.023066	0.575825
13.29	28.54	36.58	42.08	3.37	1.84	33.880713	30.355437	32.027777	0.575842
13.29	28.54	36.58	42.09	3.37	1.84	33.886443	30.359055	32.032487	0.575860
13.29	28.54	36.59	42.09	3.37	1.84	33.892169	30.362672	32.037197	0.575878
13.30	28.54	36.60	42.10	3.37	1.84	33.897894	30.366290	32.041905	0.575896
13.30	28.54	36.61	42.10	3.37	1.84	33.903616	30.369908	32.046611	0.575914
13.30	28.54	36.61	42.11	3.37	1.84	33.909336	30.373525	32.051317	0.575931
13.31	28.54	36.62	42.12	3.37	1.84	33.915053	30.377143	32.056022	0.575949
13.31	28.54	36.63	42.12	3.37	1.84	33.920768	30.380760	32.060725	0.575967
13.31	28.54	36.64	42.13	3.37	1.84	33.926480	30.384377	32.065427	0.575985
13.31	28.54	36.64	42.14	3.37	1.84	33.932191	30.387994	32.070128	0.576002
13.32	28.54	36.65	42.14	3.37	1.84	33.937898	30.391611	32.074828	0.576020
13.32	28.54	36.66	42.15	3.37	1.84	33.943604	30.395228	32.079527	0.576037
13.32	28.54	36.67	42.15	3.37	1.84	33.949307	30.398845	32.084225	0.576055
13.32	28.54	36.67	42.16	3.37	1.84	33.955007	30.402462	32.088921	0.576073
13.33	28.54	36.68	42.17	3.37	1.84	33.960705	30.406078	32.093616	0.576090
13.33	28.54	36.69	42.17	3.37	1.84	33.966401	30.409695	32.098310	0.576108
13.33	28.54	36.69	42.18	3.37	1.84	33.972095	30.413311	32.103003	0.576125
13.34	28.54	36.70	42.19	3.37	1.84	33.977786	30.416927	32.107694	0.576143
13.34	28.54	36.71	42.19	3.37	1.84	33.983474	30.420543	32.112385	0.576160
13.34	28.54	36.72	42.20	3.37	1.84	33.989160	30.424159	32.117074	0.576178
13.34	28.54	36.72	42.20	3.37	1.84	33.994844	30.427775	32.121762	0.576195
13.35	28.54	36.73	42.21	3.37	1.84	34.000525	30.431390	32.126449	0.576213
13.35	28.54	36.74	42.22	3.37	1.84	34.006204	30.435006	32.131134	0.576230
13.35	28.54	36.75	42.22	3.37	1.84	34.011880	30.438621	32.135818	0.576248
13.36	28.54	36.75	42.23	3.37	1.84	34.017554	30.442236	32.140501	0.576265
13.36	28.54	36.76	42.23	3.37	1.84	34.023225	30.445851	32.145183	0.576282
13.36	28.54	36.77	42.24	3.37	1.84	34.028894	30.449466	32.149864	0.576300
13.36	28.54	36.77	42.25	3.37	1.84	34.034561	30.453081	32.154543	0.576317
13.37	28.54	36.78	42.25	3.37	1.84	34.040225	30.456695	32.159221	0.576334
13.37	28.54	36.79	42.26	3.37	1.84	34.045886	30.460310	32.163898	0.576352
13.37	28.54	36.80	42.26	3.37	1.84	34.051545	30.463924	32.168574	0.576369
13.38	28.54	36.80	42.27	3.37	1.84	34.057202	30.467538	32.173248	0.576386
13.38	28.54	36.81	42.28	3.37	1.84	34.062856	30.471151	32.177921	0.576403
13.38	28.54	36.82	42.28	3.37	1.84	34.068508	30.474765	32.182593	0.576421
13.38	28.54	36.83	42.29	3.37	1.85	34.074157	30.478378	32.187263	0.576438
13.39	28.54	36.83	42.29	3.37	1.85	34.079803	30.481992	32.191933	0.576455
13.39	28.54	36.84	42.30	3.37	1.85	34.085447	30.485605	32.196600	0.576472
13.39	28.54	36.85	42.31	3.37	1.85	34.091089	30.489217	32.201267	0.576489
13.39	28.54	36.85	42.31	3.37	1.85	34.096728	30.492830	32.205933	0.576507
13.40	28.54	36.86	42.32	3.37	1.85	34.102365	30.496442	32.210597	0.576524
13.40	28.54	36.87	42.32	3.37	1.85	34.107999	30.500055	32.215259	0.576541
13.40	28.54	36.88	42.33	3.37	1.85	34.113630	30.503667	32.219921	0.576558
13.41	28.54	36.88	42.34	3.37	1.85	34.119259	30.507278	32.224581	0.576575
13.41	28.54	36.89	42.34	3.37	1.85	34.124885	30.510890	32.229240	0.576592
13.41	28.54	36.90	42.35	3.37	1.85	34.130509	30.514501	32.233898	0.576609
13.41	28.54	36.90	42.35	3.37	1.85	34.136131	30.518112	32.238554	0.576626
13.42	28.54	36.91	42.36	3.38	1.85	34.141749	30.521723	32.243209	0.576643
13.42	28.54	36.92	42.36	3.38	1.85	34.147366	30.525334	32.247863	0.576660
13.42	28.54	36.93	42.37	3.38	1.85	34.152979	30.528944	32.252515	0.576677
13.43	28.54	36.93	42.38	3.38	1.85	34.158590	30.532554	32.257166	0.576694
13.43	28.54	36.94	42.38	3.38	1.85	34.164199	30.536164	32.261816	0.576711
13.43	28.54	36.95	42.39	3.38	1.85	34.169805	30.539774	32.266464	0.576727
13.43	28.54	36.95	42.39	3.38	1.85	34.175408	30.543383	32.271111	0.576744
13.44	28.54	36.96	42.40	3.38	1.85	34.181009	30.546992	32.275756	0.576761
13.44	28.54	36.97	42.41	3.38	1.85	34.186607	30.550601	32.280401	0.576778
13.44	28.54	36.98	42.41	3.38	1.85	34.192203	30.554210	32.285044	0.576795
13.44	28.54	36.98	42.42	3.38	1.85	34.197796	30.557818	32.289685	0.576812
13.45	28.54	36.99	42.42	3.38	1.85	34.203386	30.561426	32.294325	0.576828
13.45	28.54	37.00	42.43	3.38	1.85	34.208974	30.565034	32.298964	0.576845
13.45	28.54	37.00	42.43	3.38	1.85	34.214559	30.568642	32.303602	0.576862
13.46	28.54	37.01	42.44	3.38	1.85	34.220142	30.572249	32.308238	0.576879
13.46	28.54	37.02	42.45	3.38	1.85	34.225722	30.575856	32.312873	0.576895
13.46	28.54	37.02	42.45	3.38	1.85	34.231299	30.579463	32.317506	0.576912
13.46	28.54	37.03	42.46	3.38	1.85	34.236874	30.583069	32.322138	0.576929
13.47	28.54	37.04	42.46	3.38	1.85	34.242446	30.586675	32.326769	0.576945
13.47	28.54	37.05	42.47	3.38	1.85	34.248015	30.590281	32.331398	0.576962
13.47	28.54	37.05	42.47	3.38	1.85	34.253582	30.593887	32.336025	0.576978
13.47	28.54	37.06	42.48	3.38	1.85	34.259146	30.597492	32.340652	0.576995
13.48	28.54	37.07	42.49	3.38	1.85	34.264708	30.601097	32.345277	0.577012
13.48	28.54	37.07	42.49	3.38	1.85	34.270266	30.604702	32.349900	0.577028
13.48	28.54	37.08	42.50	3.38	1.86	34.275823	30.608306	32.354523	0.577045
13.49	28.54	37.09	42.50	3.38	1.86	34.281376	30.611910	32.359143	0.577061
13.49	28.54	37.09	42.51	3.38	1.86	34.286927	30.615514	32.363763	0.577078
13.49	28.54	37.10	42.51	3.38	1.86	34.292475	30.619117	32.368381	0.577094
13.49	28.54	37.11	42.52	3.38	1.86	34.298021	30.622720	32.372997	0.577111
13.50	28.54	37.12	42.53	3.38	1.86	34.303564	30.626323	32.377612	0.577127
13.50	28.54	37.12	42.53	3.38	1.86	34.309104	30.629925	32.382226	0.577143
13.50	28.54	37.13	42.54	3.38	1.86	34.314641	30.633527	32.386838	0.577160
13.51	28.54	37.14	42.54	3.38	1.86	34.320176	30.637129	32.391449	0.577176
13.51	28.54	37.14	42.55	3.38	1.86	34.325708	30.640730	32.396058	0.577193
13.51	28.54	37.15	42.55	3.38	1.86	34.331237	30.644331	32.400666	0.577209
13.51	28.54	37.16	42.56	3.38	1.86	34.336764	30.647932	32.405272	0.577225
13.52	28.54	37.16	42.57	3.38	1.86	34.342288	30.651532	32.409877	0.577242
13.52	28.54	37.17	42.57	3.38	1.86	34.347809	30.655132	32.414480	0.577258
13.52	28.54	37.18	42.58	3.38	1.86	34.353328	30.658732	32.419082	0.577274
13.53	28.54	37.18	42.58	3.38	1.86	34.358843	30.662331	32.423683	0.577290
13.53	28.54	37.19	42.59	3.38	1.86	34.364356	30.665930	32.428282	0.577307
13.53	28.54	37.20	42.59	3.38	1.86	34.369867	30.669529	32.432879	0.577323
13.53	28.54	37.21	42.60	3.38	1.86	34.375374	30.673127	32.437476	0.577339
13.54	28.54	37.21	42.60	3.38	1.86	34.380879	30.676725	32.442070	0.577355
13.54	28.54	37.22	42.61	3.38	1.86	34.386381	30.680322	32.446663	0.577371
13.54	28.54	37.23	42.62	3.38	1.86	34.391881	30.683919	32.451255	0.577387
13.54	28.54	37.23	42.62	3.38	1.86	34.397377	30.687516	32.455845	0.577404
13.55	28.54	37.24	42.63	3.38	1.86	34.402871	30.691112	32.460434	0.577420
13.55	28.54	37.25	42.63	3.38	1.86	34.408362	30.694708	32.465021	0.577436
13.55	28.54	37.25	42.64	3.38	1.86	34.413850	30.698304	32.469606	0.577452
13.56	28.54	37.26	42.64	3.38	1.86	34.419336	30.701899	32.474190	0.577468
13.56	28.54	37.27	42.65	3.38	1.86	34.424818	30.705494	32.478773	0.577484
13.56	28.54	37.27	42.65	3.38	1.86	34.430298	30.709088	32.483354	0.577500
13.56	28.54	37.28	42.66	3.38	1.86	34.435776	30.712682	32.487933	0.577516
13.57	28.54	37.29	42.66	3.38	1.86	34.441250	30.716275	32.492511	0.577532
13.57	28.54	37.29	42.67	3.38	1.86	34.446722	30.719868	32.497088	0.577548
13.57	28.54	37.30	42.67	3.38	1.86	34.452190	30.723461	32.501663	0.577564
13.57	28.54	37.31	42.68	3.38	1.86	34.457656	30.727053	32.506236	0.577580
13.58	28.54	37.31	42.69	3.38	1.86	34.463119	30.730645	32.510808	0.577596
13.58	28.54	37.32	42.69	3.38	1.86	34.468580	30.734237	32.515378	0.577611
13.58	28.54	37.33	42.70	3.38	1.86	34.474037	30.737828	32.519947	0.577627
13.59	28.54	37.34	42.70	3.38	1.86	34.479492	30.741418	32.524514	0.577643
13.59	28.54	37.34	42.71	3.38	1.86	34.484944	30.745008	32.529080	0.577659
13.59	28.54	37.35	42.71	3.38	1.87	34.490393	30.748598	32.533644	0.577675
13.59	28.54	37.36	42.72	3.38	1.87	34.495839	30.752187	32.538206	0.577691
13.60	28.54	37.36	42.72	3.38	1.87	34.501283	30.755776	32.542767	0.577706
13.60	28.54	37.37	42.73	3.39	1.87	34.506723	30.759364	32.547327	0.577722
13.60	28.54	37.38	42.73	3.39	1.87	34.512161	30.762952	32.551884	0.577738
13.61	28.54	37.38	42.74	3.39	1.87	34.517596	30.766540	32.556440	0.577754
13.61	28.54	37.39	42.74	3.39	1.87	34.523028	30.770127	32.560995	0.577769
13.61	28.54	37.40	42.75	3.39	1.87	34.528457	30.773713	32.565548	0.577785
13.61	28.54	37.40	42.75	3.39	1.87	34.533883	30.777299	32.570099	0.577801
13.62	28.54	37.41	42.76	3.39	1.87	34.539306	30.780885	32.574649	0.577816
13.62	28.54	37.42	42.77	3.39	1.87	34.544727	30.784470	32.579197	0.577832
13.62	28.54	37.42	42.77	3.39	1.87	34.550145	30.788055	32.583744	0.577848
13.62	28.54	37.43	42.78	3.39	1.87	34.555559	30.791639	32.588289	0.577863
13.63	28.54	37.44	42.78	3.39	1.87	34.560971	30.795222	32.592832	0.577879
13.63	28.54	37.44	42.79	3.39	1.87	34.566380	30.798806	32.597374	0.577894
13.63	28.54	37.45	42.79	3.39	1.87	34.571786	30.802388	32.601914	0.577910
13.64	28.54	37.46	42.80	3.39	1.87	34.577190	30.805970	32.606453	0.577925
13.64	28.54	37.46	42.80	3.39	1.87	34.582590	30.809552	32.610990	0.577941
13.64	28.54	37.47	42.81	3.39	1.87	34.587987	30.813133	32.615525	0.577956
13.64	28.54	37.48	42.81	3.39	1.87	34.593382	30.816714	32.620059	0.577972
13.65	28.54	37.48	42.82	3.39	1.87	34.598773	30.820294	32.624590	0.577987
13.65	28.54	37.49	42.82	3.39	1.87	34.604162	30.823874	32.629121	0.578003
13.65	28.54	37.50	42.83	3.39	1.87	34.609548	30.827453	32.633650	0.578018
13.66	28.54	37.50	42.83	3.39	1.87	34.614930	30.831032	32.638177	0.578033
13.66	28.54	37.51	42.84	3.39	1.87	34.620310	30.834610	32.642702	0.578049
13.66	28.54	37.52	42.84	3.39	1.87	34.625687	30.838188	32.647226	0.578064
13.66	28.54	37.52	42.85	3.39	1.87	34.631061	30.841765	32.651748	0.578079
13.67	28.54	37.53	42.85	3.39	1.87	34.636432	30.845342	32.656268	0.578095
13.67	28.54	37.53	42.86	3.39	1.87	34.641800	30.848918	32.660787	0.578110
13.67	28.54	37.54	42.86	3.39	1.87	34.647165	30.852493	32.665304	0.578125
13.68	28.54	37.55	42.87	3.39	1.87	34.652527	30.856068	32.669819	0.578141
13.68	28.54	37.55	42.87	3.39	1.87	34.657887	30.859643	32.674333	0.578156
13.68	28.54	37.56	42.88	3.39	1.87	34.663243	30.863217	32.678845	0.578171
13.68	28.54	37.57	42.88	3.39	1.87	34.668596	30.866790	32.683355	0.578186
13.69	28.54	37.57	42.89	3.39	1.87	34.673946	30.870363	32.687864	0.578202
13.69	28.54	37.58	42.89	3.39	1.87	34.679294	30.873935	32.692371	0.578217
13.69	28.54	37.59	42.90	3.39	1.87	34.684638	30.877507	32.696876	0.578232
13.69	28.54	37.59	42.90	3.39	1.87	34.689979	30.881078	32.701379	0.578247
13.70	28.54	37.60	42.91	3.39	1.87	34.695318	30.884649	32.705881	0.578262
13.70	28.54	37.61	42.91	3.39	1.87	34.700653	30.888219	32.710381	0.578277
13.70	28.54	37.61	42.92	3.39	1.87	34.705985	30.891788	32.714880	0.578292
13.71	28.54	37.62	42.92	3.39	1.88	34.711315	30.895357	32.719376	0.578307
13.71	28.54	37.63	42.93	3.39	1.88	34.716641	30.898925	32.723871	0.578322
13.71	28.54	37.63	42.93	3.39	1.88	34.721964	30.902493	32.728364	0.578337
13.71	28.54	37.64	42.94	3.39	1.88	34.727285	30.906060	32.732856	0.578352
13.72	28.54	37.65	42.94	3.39	1.88	34.732602	30.909627	32.737346	0.578367
13.72	28.54	37.65	42.95	3.39	1.88	34.737916	30.913193	32.741834	0.578382
13.72	28.54	37.66	42.95	3.39	1.88	34.743227	30.916758	32.746320	0.578397
13.72	28.54	37.66	42.96	3.39	1.88	34.748536	30.920323	32.750804	0.578412
13.73	28.54	37.67	42.96	3.39	1.88	34.753841	30.923887	32.755287	0.578427
13.73	28.54	37.68	42.97	3.39	1.88	34.759143	30.927451	32.759768	0.578442
13.73	28.54	37.68	42.97	3.39	1.88	34.764442	30.931014	32.764247	0.578457
13.74	28.54	37.69	42.98	3.39	1.88	34.769738	30.934576	32.768725	0.578472
13.74	28.54	37.70	42.98	3.39	1.88	34.775031	30.938138	32.773201	0.578487
13.74	28.54	37.70	42.99	3.39	1.88	34.780321	30.941699	32.777674	0.578502
13.74	28.54	37.71	42.99	3.39	1.88	34.785608	30.945260	32.782147	0.578516
13.75	28.54	37.72	43.00	3.39	1.88	34.790891	30.948820	32.786617	0.578531
13.75	28.54	37.72	43.00	3.39	1.88	34.796172	30.952379	32.791086	0.578546
13.75	28.54	37.73	43.01	3.39	1.88	34.801450	30.955938	32.795552	0.578561
13.76	28.54	37.73	43.01	3.39	1.88	34.806724	30.959496	32.800018	0.578575
13.76	28.54	37.74	43.02	3.39	1.88	34.811995	30.963053	32.804481	0.578590
13.76	28.54	37.75	43.02	3.39	1.88	34.817264	30.966610	32.808942	0.578605
13.76	28.54	37.75	43.03	3.39	1.88	34.822529	30.970166	32.813402	0.578620
13.77	28.54	37.76	43.03	3.39	1.88	34.827791	30.973722	32.817860	0.578634
13.77	28.54	37.77	43.04	3.39	1.88	34.833050	30.977276	32.822316	0.578649
13.77	28.54	37.77	43.04	3.39	1.88	34.838306	30.980831	32.826770	0.578663
13.78	28.54	37.78	43.05	3.39	1.88	34.843559	30.984384	32.831222	0.578678
13.78	28.54	37.79	43.05	3.39	1.88	34.848809	30.987937	32.835673	0.578693
13.78	28.54	37.79	43.06	3.39	1.88	34.854055	30.991489	32.840122	0.578707
13.78	28.54	37.80	43.06	3.39	1.88	34.859299	30.995041	32.844569	0.578722
13.79	28.54	37.80	43.06	3.40	1.88	34.864539	30.998592	32.849014	0.578736
13.79	28.54	37.81	43.07	3.40	1.88	34.869776	31.002142	32.853457	0.578751
13.79	28.54	37.82	43.07	3.40	1.88	34.875011	31.005692	32.857899	0.578765
13.79	28.54	37.82	43.08	3.40	1.88	34.880241	31.009241	32.862338	0.578780
13.80	28.54	37.83	43.08	3.40	1.88	34.885469	31.012789	32.866776	0.578794
13.80	28.54	37.84	43.09	3.40	1.88	34.890694	31.016336	32.871212	0.578809
13.80	28.54	37.84	43.09	3.40	1.88	34.895915	31.019883	32.875646	0.578823
13.81	28.54	37.85	43.10	3.40	1.88	34.901134	31.023429	32.880078	0.578838
13.81	28.54	37.85	43.10	3.40	1.88	34.906349	31.026975	32.884509	0.578852
13.81	28.54	37.86	43.11	3.40	1.88	34.911561	31.030520	32.888937	0.578866
13.81	28.54	37.87	43.11	3.40	1.88	34.916770	31.034064	32.893364	0.578881
13.82	28.54	37.87	43.12	3.40	1.88	34.921975	31.037607	32.897789	0.578895
13.82	28.54	37.88	43.12	3.40	1.88	34.927178	31.041150	32.902212	0.578910
13.82	28.54	37.89	43.13	3.40	1.88	34.932377	31.044692	32.906633	0.578924
13.82	28.54	37.89	43.13	3.40	1.88	34.937573	31.048233	32.911052	0.578938
13.83	28.54	37.90	43.13	3.40	1.89	34.942766	31.051774	32.915469	0.578952
13.83	28.54	37.90	43.14	3.40	1.89	34.947956	31.055314	32.919884	0.578967
13.83	28.54	37.91	43.14	3.40	1.89	34.953143	31.058853	32.924298	0.578981
13.84	28.54	37.92	43.15	3.40	1.89	34.958326	31.062391	32.928709	0.578995
13.84	28.54	37.92	43.15	3.40	1.89	34.963506	31.065929	32.933119	0.579009
13.84	28.54	37.93	43.16	3.40	1.89	34.968683	31.069466	32.937527	0.579023
13.84	28.54	37.93	43.16	3.40	1.89	34.973857	31.073002	32.941933	0.579038
13.85	28.54	37.94	43.17	3.40	1.89	34.979027	31.076537	32.946337	0.579052
13.85	28.54	37.95	43.17	3.40	1.89	34.984195	31.080072	32.950739	0.579066
13.85	28.54	37.95	43.18	3.40	1.89	34.989359	31.083606	32.955139	0.579080
13.86	28.54	37.96	43.18	3.40	1.89	34.994520	31.087139	32.959537	0.579094
13.86	28.54	37.97	43.18	3.40	1.89	34.999677	31.090672	32.963933	0.579108
13.86	28.54	37.97	43.19	3.40	1.89	35.004831	31.094204	32.968328	0.579122
13.86	28.54	37.98	43.19	3.40	1.89	35.009983	31.097735	32.972720	0.579136
13.87	28.54	37.98	43.20	3.40	1.89	35.015130	31.101265	32.977111	0.579150
13.87	28.54	37.99	43.20	3.40	1.89	35.020275	31.104794	32.981499	0.579164
13.87	28.54	38.00	43.21	3.40	1.89	35.025416	31.108323	32.985886	0.579178
13.88	28.54	38.00	43.21	3.40	1.89	35.030555	31.111851	32.990271	0.579192
13.88	28.54	38.01	43.22	3.40	1.89	35.035689	31.115378	32.994653	0.579206
13.88	28.54	38.01	43.22	3.40	1.89	35.040821	31.118905	32.999034	0.579220
13.88	28.54	38.02	43.22	3.40	1.89	35.045949	31.122430	33.003413	0.579234
13.89	28.54	38.03	43.23	3.40	1.89	35.051074	31.125955	33.007790	0.579248
13.89	28.54	38.03	43.23	3.40	1.89	35.056196	31.129479	33.012165	0.579262
13.89	28.54	38.04	43.24	3.40	1.89	35.061315	31.133003	33.016537	0.579276
13.89	28.54	38.04	43.24	3.40	1.89	35.066430	31.136525	33.020908	0.579290
13.90	28.54	38.05	43.25	3.40	1.89	35.071542	31.140047	33.025277	0.579303
13.90	28.54	38.06	43.25	3.40	1.89	35.076650	31.143568	33.029644	0.579317
13.90	28.54	38.06	43.25	3.40	1.89	35.081755	31.147088	33.034009	0.579331
13.91	28.54	38.07	43.26	3.40	1.89	35.086857	31.150607	33.038372	0.579345
13.91	28.54	38.07	43.26	3.40	1.89	35.091956	31.154126	33.042733	0.579359
13.91	28.54	38.08	43.27	3.40	1.89	35.097052	31.157643	33.047092	0.579372
13.91	28.54	38.09	43.27	3.40	1.89	35.102144	31.161160	33.051449	0.579386
13.92	28.54	38.09	43.28	3.40	1.89	35.107232	31.164676	33.055804	0.579400
13.92	28.54	38.10	43.28	3.40	1.89	35.112318	31.168192	33.060157	0.579413
13.92	28.54	38.10	43.28	3.40	1.89	35.117400	31.171706	33.064508	0.579427
13.93	28.54	38.11	43.29	3.40	1.89	35.122479	31.175220	33.068857	0.579441
13.93	28.54	38.12	43.29	3.40	1.89	35.127554	31.178732	33.073204	0.579454
13.93	28.54	38.12	43.30	3.40	1.89	35.132626	31.182244	33.077549	0.579468
13.93	28.54	38.13	43.30	3.40	1.89	35.137695	31.185755	33.081892	0.579482
13.94	28.54	38.13	43.31	3.40	1.89	35.142760	31.189266	33.086233	0.579495
13.94	28.54	38.14	43.31	3.40	1.89	35.147822	31.192775	33.090572	0.579509
13.94	28.54	38.15	43.31	3.40	1.89	35.152881	31.196284	33.094909	0.579522
13.94	28.54	38.15	43.32	3.40	1.89	35.157936	31.199792	33.099244	0.579536
13.95	28.54	38.16	43.32	3.40	1.89	35.162988	31.203299	33.103576	0.579549
13.95	28.54	38.16	43.33	3.40	1.89	35.168037	31.206805	33.107907	0.579563
13.95	28.54	38.17	43.33	3.40	1.89	35.173082	31.210310	33.112236	0.579576
13.96	28.54	38.17	43.34	3.40	1.89	35.178124	31.213814	33.116562	0.579590
13.96	28.54	38.18	43.34	3.40	1.89	35.183162	31.217318	33.120887	0.579603
13.96	28.54	38.19	43.34	3.40	1.90	35.188197	31.220820	33.125209	0.579617
13.96	28.54	38.19	43.35	3.40	1.90	35.193229	31.224322	33.129530	0.579630
13.97	28.54	38.20	43.35	3.40	1.90	35.198257	31.227823	33.133848	0.579643
13.97	28.54	38.20	43.36	3.40	1.90	35.203282	31.231323	33.138165	0.579657
13.97	28.54	38.21	43.36	3.40	1.90	35.208304	31.234822	33.142479	0.579670
13.97	28.54	38.22	43.36	3.40	1.90	35.213322	31.238320	33.146791	0.579683
13.98	28.54	38.22	43.37	3.41	1.90	35.218336	31.241818	33.151101	0.579697
13.98	28.54	38.23	43.37	3.41	1.90	35.223348	31.245314	33.155409	0.579710
13.98	28.54	38.23	43.38	3.41	1.90	35.228356	31.248810	33.159715	0.579723
13.99	28.54	38.24	43.38	3.41	1.90	35.233360	31.252304	33.164019	0.579737
13.99	28.54	38.24	43.38	3.41	1.90	35.238361	31.255798	33.168320	0.579750
13.99	28.54	38.25	43.39	3.41	1.90	35.243359	31.259291	33.172620	0.579763
13.99	28.54	38.26	43.39	3.41	1.90	35.248353	31.262783	33.176917	0.579776
14.00	28.54	38.26	43.40	3.41	1.90	35.253344	31.266274	33.181213	0.579789
14.00	28.54	38.27	43.40	3.41	1.90	35.258331	31.269765	33.185506	0.579803
14.00	28.54	38.27	43.40	3.41	1.90	35.263315	31.273254	33.189797	0.579816
14.01	28.54	38.28	43.41	3.41	1.90	35.268295	31.276742	33.194086	0.579829
14.01	28.54	38.28	43.41	3.41	1.90	35.273272	31.280230	33.198373	0.579842
14.01	28.54	38.29	43.42	3.41	1.90	35.278245	31.283716	33.202658	0.579855
14.01	28.54	38.30	43.42	3.41	1.90	35.283215	31.287202	33.206941	0.579868
14.02	28.54	38.30	43.42	3.41	1.90	35.288182	31.290687	33.211221	0.579881
14.02	28.54	38.31	43.43	3.41	1.90	35.293145	31.294170	33.215500	0.579894
14.02	28.54	38.31	43.43	3.41	1.90	35.298105	31.297653	33.219776	0.579907
14.03	28.54	38.32	43.44	3.41	1.90	35.303061	31.301135	33.224050	0.579920
14.03	28.54	38.32	43.44	3.41	1.90	35.308014	31.304616	33.228322	0.579933
14.03	28.54	38.33	43.44	3.41	1.90	35.312963	31.308096	33.232592	0.579946
14.03	28.54	38.34	43.45	3.41	1.90	35.317908	31.311575	33.236860	0.579959
14.04	28.54	38.34	43.45	3.41	1.90	35.322851	31.315053	33.241125	0.579972
14.04	28.54	38.35	43.46	3.41	1.90	35.327789	31.318530	33.245389	0.579985
14.04	28.54	38.35	43.46	3.41	1.90	35.332725	31.322007	33.249650	0.579998
14.04	28.54	38.36	43.46	3.41	1.90	35.337656	31.325482	33.253909	0.580011
14.05	28.54	38.36	43.47	3.41	1.90	35.342585	31.328956	33.258166	0.580024
14.05	28.54	38.37	43.47	3.41	1.90	35.347509	31.332429	33.262420	0.580037
14.05	28.54	38.38	43.48	3.41	1.90	35.352430	31.335902	33.266673	0.580050
14.06	28.54	38.38	43.48	3.41	1.90	35.357348	31.339373	33.270923	0.580062
14.06	28.54	38.39	43.48	3.41	1.90	35.362262	31.342844	33.275171	0.580075
14.06	28.54	38.39	43.49	3.41	1.90	35.367173	31.346313	33.279417	0.580088
14.06	28.54	38.40	43.49	3.41	1.90	35.372080	31.349782	33.283661	0.580101
14.07	28.54	38.40	43.49	3.41	1.90	35.376983	31.353249	33.287903	0.580113
14.07	28.54	38.41	43.50	3.41	1.90	35.381884	31.356715	33.292142	0.580126
14.07	28.54	38.41	43.50	3.41	1.90	35.386780	31.360181	33.296379	0.580139
14.07	28.54	38.42	43.51	3.41	1.90	35.391673	31.363646	33.300614	0.580152
14.08	28.54	38.43	43.51	3.41	1.90	35.396562	31.367109	33.304847	0.580164
14.08	28.54	38.43	43.51	3.41	1.90	35.401448	31.370572	33.309077	0.580177
14.08	28.54	38.44	43.52	3.41	1.90	35.406330	31.374033	33.313306	0.580190
14.09	28.54	38.44	43.52	3.41	1.90	35.411209	31.377494	33.317532	0.580202
14.09	28.54	38.45	43.52	3.41	1.90	35.416084	31.380953	33.321756	0.580215
14.09	28.54	38.45	43.53	3.41	1.90	35.420956	31.384412	33.325977	0.580227
14.09	28.54	38.46	43.53	3.41	1.90	35.425824	31.387869	33.330197	0.580240
14.10	28.54	38.46	43.54	3.41	1.90	35.430688	31.391326	33.334414	0.580253
14.10	28.54	38.47	43.54	3.41	1.90	35.435549	31.394781	33.338629	0.580265
14.10	28.54	38.48	43.54	3.41	1.90	35.440406	31.398236	33.342842	0.580278
14.11	28.54	38.48	43.55	3.41	1.90	35.445260	31.401689	33.347052	0.580290
14.11	28.54	38.49	43.55	3.41	1.91	35.450110	31.405141	33.351260	0.580303
14.11	28.54	38.49	43.55	3.41	1.91	35.454957	31.408593	33.355466	0.580315
14.11	28.54	38.50	43.56	3.41	1.91	35.459800	31.412043	33.359670	0.580328
14.12	28.54	38.50	43.56	3.41	1.91	35.464639	31.415492	33.363872	0.580340
14.12	28.54	38.51	43.56	3.41	1.91	35.469474	31.418941	33.368071	0.580352
14.12	28.54	38.51	43.57	3.41	1.91	35.474307	31.422388	33.372268	0.580365
14.12	28.54	38.52	43.57	3.41	1.91	35.479135	31.425834	33.376462	0.580377
14.13	28.54	38.52	43.58	3.41	1.91	35.483960	31.429279	33.380655	0.580390
14.13	28.54	38.53	43.58	3.41	1.91	35.488781	31.432723	33.384845	0.580402
14.13	28.54	38.54	43.58	3.41	1.91	35.493599	31.436166	33.389033	0.580414
14.14	28.54	38.54	43.59	3.41	1.91	35.498413	31.439608	33.393218	0.580427
14.14	28.54	38.55	43.59	3.41	1.91	35.503223	31.443049	33.397402	0.580439
14.14	28.54	38.55	43.59	3.41	1.91	35.508030	31.446489	33.401583	0.580451
14.14	28.54	38.56	43.60	3.41	1.91	35.512833	31.449927	33.405761	0.580463
14.15	28.54	38.56	43.60	3.41	1.91	35.517632	31.453365	33.409938	0.580476
14.15	28.54	38.57	43.60	3.41	1.91	35.522428	31.456802	33.414112	0.580488
14.15	28.54	38.57	43.61	3.41	1.91	35.527220	31.460237	33.418283	0.580500
14.16	28.54	38.58	43.61	3.41	1.91	35.532008	31.463672	33.422453	0.580512
14.16	28.54	38.58	43.61	3.41	1.91	35.536793	31.467105	33.426620	0.580524
14.16	28.54	38.59	43.62	3.41	1.91	35.541574	31.470537	33.430785	0.580537
14.16	28.54	38.59	43.62	3.41	1.91	35.546352	31.473969	33.434947	0.580549
14.17	28.54	38.60	43.62	3.41	1.91	35.551125	31.477399	33.439108	0.580561
14.17	28.54	38.61	43.63	3.41	1.91	35.555896	31.480828	33.443266	0.580573
14.17	28.54	38.61	43.63	3.41	1.91	35.560662	31.484256	33.447421	0.580585
14.18	28.54	38.62	43.63	3.41	1.91	35.565425	31.487682	33.451574	0.580597
14.18	28.54	38.62	43.64	3.42	1.91	35.570184	31.491108	33.455725	0.580609
14.18	28.54	38.63	43.64	3.42	1.91	35.574939	31.494533	33.459874	0.580621
14.18	28.54	38.63	43.65	3.42	1.91	35.579691	31.497956	33.464020	0.580633
14.19	28.54	38.64	43.65	3.42	1.91	35.584439	31.501378	33.468164	0.580645
14.19	28.54	38.64	43.65	3.42	1.91	35.589183	31.504800	33.472305	0.580657
14.19	28.54	38.65	43.66	3.42	1.91	35.593923	31.508220	33.476445	0.580669
14.19	28.54	38.65	43.66	3.42	1.91	35.598660	31.511639	33.480581	0.580681
14.20	28.54	38.66	43.66	3.42	1.91	35.603393	31.515057	33.484716	0.580693
14.20	28.54	38.66	43.67	3.42	1.91	35.608123	31.518473	33.488848	0.580705
14.20	28.54	38.67	43.67	3.42	1.91	35.612849	31.521889	33.492978	0.580717
14.21	28.54	38.67	43.67	3.42	1.91	35.617571	31.525304	33.497105	0.580729
14.21	28.54	38.68	43.68	3.42	1.91	35.622289	31.528717	33.501230	0.580740
14.21	28.54	38.68	43.68	3.42	1.91	35.627003	31.532129	33.505353	0.580752
14.21	28.54	38.69	43.68	3.42	1.91	35.631714	31.535540	33.509473	0.580764
14.22	28.54	38.69	43.69	3.42	1.91	35.636421	31.538950	33.513591	0.580776
14.22	28.54	38.70	43.69	3.42	1.91	35.641124	31.542359	33.517706	0.580788
14.22	28.54	38.70	43.69	3.42	1.91	35.645824	31.545767	33.521819	0.580799
14.22	28.54	38.71	43.70	3.42	1.91	35.650520	31.549173	33.525930	0.580811
14.23	28.54	38.72	43.70	3.42	1.91	35.655212	31.552578	33.530038	0.580823
14.23	28.54	38.72	43.70	3.42	1.91	35.659900	31.555982	33.534144	0.580835
14.23	28.54	38.73	43.70	3.42	1.91	35.664585	31.559385	33.538247	0.580846
14.24	28.54	38.73	43.71	3.42	1.91	35.669265	31.562787	33.542349	0.580858
14.24	28.54	38.74	43.71	3.42	1.91	35.673942	31.566188	33.546447	0.580870
14.24	28.54	38.74	43.71	3.42	1.91	35.678615	31.569587	33.550543	0.580881
14.24	28.54	38.75	43.72	3.42	1.91	35.683285	31.572986	33.554637	0.580893
14.25	28.54	38.75	43.72	3.42	1.91	35.687951	31.576383	33.558729	0.580905
14.25	28.54	38.76	43.72	3.42	1.91	35.692612	31.579779	33.562818	0.580916
14.25	28.54	38.76	43.73	3.42	1.91	35.697270	31.583174	33.566904	0.580928
14.26	28.54	38.77	43.73	3.42	1.91	35.701925	31.586567	33.570988	0.580939
14.26	28.54	38.77	43.73	3.42	1.91	35.706575	31.589959	33.575070	0.580951
14.26	28.54	38.78	43.74	3.42	1.91	35.711222	31.593351	33.579149	0.580962
14.26	28.54	38.78	43.74	3.42	1.91	35.715865	31.596741	33.583226	0.580974
14.27	28.54	38.79	43.74	3.42	1.91	35.720504	31.600129	33.587300	0.580985
14.27	28.54	38.79	43.75	3.42	1.91	35.725139	31.603517	33.591372	0.580997
14.27	28.54	38.80	43.75	3.42	1.92	35.729771	31.606903	33.595442	0.581008
14.28	28.54	38.80	43.75	3.42	1.92	35.734398	31.610288	33.599509	0.581020
14.28	28.54	38.81	43.76	3.42	1.92	35.739022	31.613672	33.603573	0.581031
14.28	28.54	38.81	43.76	3.42	1.92	35.743642	31.617055	33.607635	0.581043
14.28	28.54	38.82	43.76	3.42	1.92	35.748258	31.620437	33.611695	0.581054
14.29	28.54	38.82	43.76	3.42	1.92	35.752871	31.623817	33.615752	0.581065
14.29	28.54	38.83	43.77	3.42	1.92	35.757479	31.627196	33.619807	0.581077
14.29	28.54	38.83	43.77	3.42	1.92	35.762084	31.630574	33.623859	0.581088
14.29	28.54	38.84	43.77	3.42	1.92	35.766684	31.633951	33.627909	0.581099
14.30	28.54	38.84	43.78	3.42	1.92	35.771281	31.637326	33.631956	0.581111
14.30	28.54	38.85	43.78	3.42	1.92	35.775875	31.640700	33.636001	0.581122
14.30	28.54	38.85	43.78	3.42	1.92	35.780464	31.644073	33.640043	0.581133
14.31	28.54	38.86	43.79	3.42	1.92	35.785049	31.647445	33.644083	0.581144
14.31	28.54	38.86	43.79	3.42	1.92	35.789631	31.650815	33.648120	0.581156
14.31	28.54	38.87	43.79	3.42	1.92	35.794208	31.654184	33.652155	0.581167
14.31	28.54	38.87	43.79	3.42	1.92	35.798782	31.657552	33.656187	0.581178
14.32	28.54	38.88	43.80	3.42	1.92	35.803352	31.660919	33.660217	0.581189
14.32	28.54	38.88	43.80	3.42	1.92	35.807918	31.664284	33.664244	0.581200
14.32	28.54	38.89	43.80	3.42	1.92	35.812480	31.667648	33.668269	0.581211
14.32	28.54	38.89	43.81	3.42	1.92	35.817039	31.671011	33.672291	0.581223
14.33	28.54	38.90	43.81	3.42	1.92	35.821593	31.674373	33.676311	0.581234
14.33	28.54	38.90	43.81	3.42	1.92	35.826144	31.677733	33.680328	0.581245
14.33	28.54	38.91	43.81	3.42	1.92	35.830690	31.681092	33.684343	0.581256
14.34	28.54	38.91	43.82	3.42	1.92	35.835233	31.684450	33.688355	0.581267
14.34	28.54	38.92	43.82	3.42	1.92	35.839772	31.687807	33.692365	0.581278
14.34	28.54	38.92	43.82	3.42	1.92	35.844307	31.691162	33.696372	0.581289
14.34	28.54	38.93	43.83	3.42	1.92	35.848838	31.694516	33.700377	0.581300
14.35	28.54	38.93	43.83	3.42	1.92	35.853365	31.697869	33.704379	0.581311
14.35	28.54	38.93	43.83	3.42	1.92	35.857888	31.701220	33.708378	0.581322
14.35	28.54	38.94	43.83	3.42	1.92	35.862407	31.704570	33.712375	0.581333
14.36	28.54	38.94	43.84	3.42	1.92	35.866922	31.707919	33.716369	0.581344
14.36	28.54	38.95	43.84	3.42	1.92	35.871434	31.711266	33.720361	0.581355
14.36	28.54	38.95	43.84	3.42	1.92	35.875941	31.714613	33.724350	0.581366
14.36	28.54	38.96	43.85	3.42	1.92	35.880445	31.717958	33.728337	0.581376
14.37	28.54	38.96	43.85	3.42	1.92	35.884944	31.721301	33.732321	0.581387
14.37	28.54	38.97	43.85	3.42	1.92	35.889440	31.724643	33.736303	0.581398
14.37	28.54	38.97	43.85	3.42	1.92	35.893932	31.727984	33.740282	0.581409
14.38	28.54	38.98	43.86	3.42	1.92	35.898420	31.731324	33.744258	0.581420
14.38	28.54	38.98	43.86	3.42	1.92	35.902903	31.734662	33.748232	0.581431
14.38	28.54	38.99	43.86	3.42	1.92	35.907383	31.737999	33.752203	0.581441
14.38	28.54	38.99	43.86	3.42	1.92	35.911859	31.741335	33.756172	0.581452
14.39	28.54	39.00	43.87	3.43	1.92	35.916331	31.744670	33.760138	0.581463
14.39	28.54	39.00	43.87	3.43	1.92	35.920799	31.748003	33.764102	0.581474
14.39	28.54	39.01	43.87	3.43	1.92	35.925263	31.751334	33.768062	0.581484
14.39	28.54	39.01	43.88	3.43	1.92	35.929723	31.754665	33.772021	0.581495
14.40	28.54	39.02	43.88	3.43	1.92	35.934179	31.757994	33.775976	0.581506
14.40	28.54	39.02	43.88	3.43	1.92	35.938631	31.761321	33.779930	0.581516
14.40	28.54	39.03	43.88	3.43	1.92	35.943079	31.764648	33.783880	0.581527
14.41	28.54	39.03	43.89	3.43	1.92	35.947523	31.767973	33.787828	0.581537
14.41	28.54	39.03	43.89	3.43	1.92	35.951963	31.771296	33.791773	0.581548
14.41	28.54	39.04	43.89	3.43	1.92	35.956399	31.774619	33.795716	0.581559
14.41	28.54	39.04	43.89	3.43	1.92	35.960832	31.777940	33.799656	0.581569
14.42	28.54	39.05	43.90	3.43	1.92	35.965260	31.781259	33.803593	0.581580
14.42	28.54	39.05	43.90	3.43	1.92	35.969684	31.784577	33.807528	0.581590
14.42	28.54	39.06	43.90	3.43	1.92	35.974104	31.787894	33.811460	0.581601
14.43	28.54	39.06	43.90	3.43	1.92	35.978520	31.791210	33.815390	0.581611
14.43	28.54	39.07	43.91	3.43	1.92	35.982932	31.794524	33.819317	0.581622
14.43	28.54	39.07	43.91	3.43	1.92	35.987340	31.797837	33.823241	0.581632
14.43	28.54	39.08	43.91	3.43	1.92	35.991744	31.801148	33.827162	0.581643
14.44	28.54	39.08	43.91	3.43	1.92	35.996144	31.804458	33.831081	0.581653
14.44	28.54	39.09	43.92	3.43	1.92	36.000540	31.807767	33.834998	0.581664
14.44	28.54	39.09	43.92	3.43	1.92	36.004932	31.811074	33.838911	0.581674
14.44	28.54	39.10	43.92	3.43	1.92	36.009320	31.814380	33.842822	0.581684
14.45	28.54	39.10	43.92	3.43	1.92	36.013704	31.817684	33.846731	0.581695
14.45	28.54	39.10	43.93	3.43	1.92	36.018083	31.820987	33.850636	0.581705
14.45	28.54	39.11	43.93	3.43	1.92	36.022459	31.824289	33.854539	0.581715
14.46	28.54	39.11	43.93	3.43	1.92	36.026831	31.827589	33.858439	0.581726
14.46	28.54	39.12	43.93	3.43	1.92	36.031199	31.830888	33.862337	0.581736
14.46	28.54	39.12	43.94	3.43	1.92	36.035562	31.834185	33.866232	0.581746
14.46	28.54	39.13	43.94	3.43	1.93	36.039922	31.837481	33.870124	0.581756
14.47	28.54	39.13	43.94	3.43	1.93	36.044277	31.840776	33.874014	0.581767
14.47	28.54	39.14	43.94	3.43	1.93	36.048629	31.844069	33.877901	0.581777
14.47	28.54	39.14	43.95	3.43	1.93	36.052976	31.847361	33.881785	0.581787
14.47	28.54	39.14	43.95	3.43	1.93	36.057319	31.850651	33.885667	0.581797
14.48	28.54	39.15	43.95	3.43	1.93	36.061658	31.853940	33.889546	0.581807
14.48	28.54	39.15	43.95	3.43	1.93	36.065993	31.857228	33.893422	0.581818
14.48	28.54	39.16	43.96	3.43	1.93	36.070324	31.860514	33.897295	0.581828
14.49	28.54	39.16	43.96	3.43	1.93	36.074651	31.863799	33.901166	0.581838
14.49	28.54	39.17	43.96	3.43	1.93	36.078974	31.867082	33.905034	0.581848
14.49	28.54	39.17	43.96	3.43	1.93	36.083293	31.870364	33.908899	0.581858
14.49	28.54	39.18	43.97	3.43	1.93	36.087607	31.873644	33.912762	0.581868
14.50	28.54	39.18	43.97	3.43	1.93	36.091918	31.876923	33.916622	0.581878
14.50	28.54	39.19	43.97	3.43	1.93	36.096224	31.880201	33.920479	0.581888
14.50	28.54	39.19	43.97	3.43	1.93	36.100527	31.883477	33.924333	0.581898
14.51	28.54	39.19	43.97	3.43	1.93	36.104825	31.886751	33.928185	0.581908
14.51	28.54	39.20	43.98	3.43	1.93	36.109119	31.890024	33.932034	0.581918
14.51	28.54	39.20	43.98	3.43	1.93	36.113409	31.893296	33.935880	0.581928
14.51	28.54	39.21	43.98	3.43	1.93	36.117695	31.896566	33.939724	0.581938
14.52	28.54	39.21	43.98	3.43	1.93	36.121976	31.899835	33.943565	0.581948
14.52	28.54	39.22	43.99	3.43	1.93	36.126254	31.903102	33.947403	0.581958
14.52	28.54	39.22	43.99	3.43	1.93	36.130527	31.906368	33.951238	0.581968
14.53	28.54	39.22	43.99	3.43	1.93	36.134797	31.909632	33.955071	0.581977
14.53	28.54	39.23	43.99	3.43	1.93	36.139062	31.912895	33.958900	0.581987
14.53	28.54	39.23	43.99	3.43	1.93	36.143323	31.916157	33.962727	0.581997
14.53	28.54	39.24	44.00	3.43	1.93	36.147580	31.919416	33.966552	0.582007
14.54	28.54	39.24	44.00	3.43	1.93	36.151832	31.922675	33.970373	0.582017
14.54	28.54	39.25	44.00	3.43	1.93	36.156081	31.925932	33.974192	0.582027
14.54	28.54	39.25	44.00	3.43	1.93	36.160325	31.929187	33.978008	0.582036
14.54	28.54	39.25	44.01	3.43	1.93	36.164566	31.932441	33.981821	0.582046
14.55	28.54	39.26	44.01	3.43	1.93	36.168802	31.935694	33.985631	0.582056
14.55	28.54	39.26	44.01	3.43	1.93	36.173034	31.938945	33.989439	0.582065
14.55	28.54	39.27	44.01	3.43	1.93	36.177261	31.942194	33.993244	0.582075
14.56	28.54	39.27	44.01	3.43	1.93	36.181485	31.945442	33.997046	0.582085
14.56	28.54	39.28	44.02	3.43	1.93	36.185704	31.948688	34.000845	0.582094
14.56	28.54	39.28	44.02	3.43	1.93	36.189919	31.951933	34.004642	0.582104
14.56	28.54	39.28	44.02	3.43	1.93	36.194130	31.955177	34.008436	0.582114
14.57	28.54	39.29	44.02	3.43	1.93	36.198337	31.958419	34.012226	0.582123
14.57	28.54	39.29	44.02	3.43	1.93	36.202540	31.961659	34.016015	0.582133
14.57	28.54	39.30	44.03	3.43	1.93	36.206738	31.964898	34.019800	0.582142
14.57	28.54	39.30	44.03	3.43	1.93	36.210933	31.968135	34.023582	0.582152
14.58	28.54	39.31	44.03	3.43	1.93	36.215123	31.971371	34.027362	0.582162
14.58	28.54	39.31	44.03	3.43	1.93	36.219308	31.974606	34.031139	0.582171
14.58	28.54	39.31	44.03	3.43	1.93	36.223490	31.977838	34.034913	0.582181
14.59	28.54	39.32	44.04	3.43	1.93	36.227667	31.981070	34.038684	0.582190
14.59	28.54	39.32	44.04	3.43	1.93	36.231841	31.984299	34.042453	0.582200
14.59	28.54	39.33	44.04	3.43	1.93	36.236010	31.987528	34.046218	0.582209
14.59	28.54	39.33	44.04	3.43	1.93	36.240174	31.990754	34.049981	0.582218
14.60	28.54	39.34	44.04	3.43	1.93	36.244335	31.993979	34.053741	0.582228
14.60	28.54	39.34	44.05	3.43	1.93	36.248491	31.997203	34.057498	0.582237
14.60	28.54	39.34	44.05	3.44	1.93	36.252643	32.000425	34.061252	0.582247
14.61	28.54	39.35	44.05	3.44	1.93	36.256791	32.003645	34.065004	0.582256
14.61	28.54	39.35	44.05	3.44	1.93	36.260935	32.006864	34.068752	0.582265
14.61	28.54	39.36	44.05	3.44	1.93	36.265074	32.010081	34.072498	0.582275
14.61	28.54	39.36	44.06	3.44	1.93	36.269209	32.013297	34.076241	0.582284
14.62	28.54	39.36	44.06	3.44	1.93	36.273340	32.016511	34.079981	0.582293
14.62	28.54	39.37	44.06	3.44	1.93	36.277466	32.019724	34.083718	0.582302
14.62	28.54	39.37	44.06	3.44	1.93	36.281589	32.022935	34.087452	0.582312
14.62	28.54	39.38	44.06	3.44	1.93	36.285707	32.026145	34.091184	0.582321
14.63	28.54	39.38	44.07	3.44	1.93	36.289821	32.029353	34.094912	0.582330
14.63	28.54	39.38	44.07	3.44	1.93	36.293930	32.032559	34.098638	0.582339
14.63	28.54	39.39	44.07	3.44	1.93	36.298036	32.035764	34.102361	0.582349
14.64	28.54	39.39	44.07	3.44	1.93	36.302137	32.038967	34.106081	0.582358
14.64	28.54	39.40	44.07	3.44	1.93	36.306233	32.042168	34.109798	0.582367
14.64	28.54	39.40	44.07	3.44	1.93	36.310326	32.045368	34.113512	0.582376
14.64	28.54	39.40	44.08	3.44	1.93	36.314414	32.048567	34.117223	0.582385
14.65	28.54	39.41	44.08	3.44	1.93	36.318498	32.051764	34.120932	0.582394
14.65	28.54	39.41	44.08	3.44	1.93	36.322577	32.054959	34.124637	0.582403
14.65	28.54	39.42	44.08	3.44	1.93	36.326653	32.058152	34.128340	0.582412
14.66	28.54	39.42	44.08	3.44	1.93	36.330724	32.061344	34.132040	0.582421
14.66	28.54	39.42	44.09	3.44	1.93	36.334790	32.064535	34.135737	0.582430
14.66	28.54	39.43	44.09	3.44	1.93	36.338853	32.067724	34.139430	0.582439
14.66	28.54	39.43	44.09	3.44	1.93	36.342911	32.070911	34.143121	0.582448
14.67	28.54	39.44	44.09	3.44	1.93	36.346965	32.074096	34.146810	0.582457
14.67	28.54	39.44	44.09	3.44	1.93	36.351014	32.077280	34.150495	0.582466
14.67	28.54	39.44	44.09	3.44	1.93	36.355059	32.080463	34.154177	0.582475
14.68	28.54	39.45	44.10	3.44	1.93	36.359100	32.083643	34.157856	0.582484
14.68	28.54	39.45	44.10	3.44	1.93	36.363137	32.086822	34.161533	0.582493
14.68	28.54	39.46	44.10	3.44	1.93	36.367169	32.090000	34.165206	0.582502
14.68	28.54	39.46	44.10	3.44	1.93	36.371197	32.093176	34.168877	0.582511
14.69	28.54	39.46	44.10	3.44	1.93	36.375220	32.096350	34.172545	0.582520
14.69	28.54	39.47	44.10	3.44	1.93	36.379240	32.099522	34.176209	0.582529
14.69	28.54	39.47	44.11	3.44	1.93	36.383254	32.102693	34.179871	0.582537
14.69	28.54	39.48	44.11	3.44	1.93	36.387265	32.105863	34.183530	0.582546
14.70	28.54	39.48	44.11	3.44	1.93	36.391271	32.109030	34.187186	0.582555
14.70	28.54	39.48	44.11	3.44	1.94	36.395273	32.112196	34.190839	0.582564
14.70	28.54	39.49	44.11	3.44	1.94	36.399270	32.115361	34.194489	0.582573
14.71	28.54	39.49	44.11	3.44	1.94	36.403264	32.118523	34.198136	0.582581
14.71	28.54	39.50	44.12	3.44	1.94	36.407252	32.121684	34.201780	0.582590
14.71	28.54	39.50	44.12	3.44	1.94	36.411237	32.124844	34.205421	0.582599
14.71	28.54	39.50	44.12	3.44	1.94	36.415217	32.128001	34.209060	0.582607
14.72	28.54	39.51	44.12	3.44	1.94	36.419193	32.131157	34.212695	0.582616
14.72	28.54	39.51	44.12	3.44	1.94	36.423164	32.134312	34.216327	0.582625
14.72	28.54	39.51	44.12	3.44	1.94	36.427131	32.137464	34.219956	0.582633
14.72	28.54	39.52	44.12	3.44	1.94	36.431093	32.140616	34.223583	0.582642
14.73	28.54	39.52	44.13	3.44	1.94	36.435052	32.143765	34.227206	0.582650
14.73	28.54	39.53	44.13	3.44	1.94	36.439005	32.146913	34.230826	0.582659
14.73	28.54	39.53	44.13	3.44	1.94	36.442955	32.150059	34.234444	0.582668
14.74	28.54	39.53	44.13	3.44	1.94	36.446900	32.153203	34.238058	0.582676
14.74	28.54	39.54	44.13	3.44	1.94	36.450840	32.156346	34.241670	0.582685
14.74	28.54	39.54	44.13	3.44	1.94	36.454777	32.159486	34.245278	0.582693
14.74	28.54	39.54	44.13	3.44	1.94	36.458708	32.162626	34.248883	0.582702
14.75	28.54	39.55	44.14	3.44	1.94	36.462636	32.165763	34.252486	0.582710
14.75	28.54	39.55	44.14	3.44	1.94	36.466559	32.168899	34.256085	0.582719
14.75	28.54	39.56	44.14	3.44	1.94	36.470478	32.172033	34.259682	0.582727
14.76	28.54	39.56	44.14	3.44	1.94	36.474392	32.175166	34.263275	0.582735
14.76	28.54	39.56	44.14	3.44	1.94	36.478302	32.178296	34.266866	0.582744
14.76	28.54	39.57	44.14	3.44	1.94	36.482207	32.181426	34.270453	0.582752
14.76	28.54	39.57	44.14	3.44	1.94	36.486108	32.184553	34.274037	0.582761
14.77	28.54	39.57	44.15	3.44	1.94	36.490004	32.187678	34.277619	0.582769
14.77	28.54	39.58	44.15	3.44	1.94	36.493896	32.190802	34.281197	0.582777
14.77	28.54	39.58	44.15	3.44	1.94	36.497784	32.193925	34.284772	0.582786
14.78	28.54	39.59	44.15	3.44	1.94	36.501667	32.197045	34.288345	0.582794
14.78	28.54	39.59	44.15	3.44	1.94	36.505546	32.200164	34.291914	0.582802
14.78	28.54	39.59	44.15	3.44	1.94	36.509421	32.203281	34.295480	0.582810
14.78	28.54	39.60	44.15	3.44	1.94	36.513290	32.206396	34.299043	0.582819
14.79	28.54	39.60	44.16	3.44	1.94	36.517156	32.209510	34.302603	0.582827
14.79	28.54	39.60	44.16	3.44	1.94	36.521017	32.212621	34.306160	0.582835
14.79	28.54	39.61	44.16	3.44	1.94	36.524874	32.215732	34.309715	0.582843
14.79	28.54	39.61	44.16	3.44	1.94	36.528726	32.218840	34.313266	0.582851
14.80	28.54	39.61	44.16	3.44	1.94	36.532573	32.221947	34.316814	0.582860
14.80	28.54	39.62	44.16	3.44	1.94	36.536416	32.225051	34.320358	0.582868
14.80	28.54	39.62	44.16	3.44	1.94	36.540255	32.228154	34.323900	0.582876
14.81	28.54	39.62	44.16	3.44	1.94	36.544089	32.231256	34.327439	0.582884
14.81	28.54	39.63	44.17	3.44	1.94	36.547919	32.234355	34.330975	0.582892
14.81	28.54	39.63	44.17	3.44	1.94	36.551745	32.237453	34.334507	0.582900
14.81	28.54	39.64	44.17	3.44	1.94	36.555565	32.240549	34.338037	0.582908
14.82	28.54	39.64	44.17	3.44	1.94	36.559382	32.243644	34.341564	0.582916
14.82	28.54	39.64	44.17	3.44	1.94	36.563194	32.246736	34.345087	0.582924
14.82	28.54	39.65	44.17	3.44	1.94	36.567001	32.249827	34.348607	0.582932
14.82	28.54	39.65	44.17	3.44	1.94	36.570804	32.252916	34.352125	0.582940
14.83	28.54	39.65	44.17	3.44	1.94	36.574602	32.256003	34.355639	0.582948
14.83	28.54	39.66	44.17	3.44	1.94	36.578396	32.259089	34.359150	0.582956
14.83	28.54	39.66	44.18	3.44	1.94	36.582186	32.262173	34.362658	0.582964
14.84	28.54	39.66	44.18	3.45	1.94	36.585971	32.265254	34.366163	0.582972
14.84	28.54	39.67	44.18	3.45	1.94	36.589751	32.268335	34.369665	0.582980
14.84	28.54	39.67	44.18	3.45	1.94	36.593527	32.271413	34.373164	0.582988
14.84	28.54	39.67	44.18	3.45	1.94	36.597298	32.274490	34.376659	0.582996
14.85	28.54	39.68	44.18	3.45	1.94	36.601065	32.277564	34.380152	0.583003
14.85	28.54	39.68	44.18	3.45	1.94	36.604827	32.280637	34.383641	0.583011
14.85	28.54	39.68	44.18	3.45	1.94	36.608585	32.283708	34.387127	0.583019
14.86	28.54	39.69	44.18	3.45	1.94	36.612338	32.286778	34.390611	0.583027
14.86	28.54	39.69	44.19	3.45	1.94	36.616087	32.289845	34.394091	0.583035
14.86	28.54	39.69	44.19	3.45	1.94	36.619831	32.292911	34.397568	0.583042
14.86	28.54	39.70	44.19	3.45	1.94	36.623571	32.295975	34.401042	0.583050
14.87	28.54	39.70	44.19	3.45	1.94	36.627306	32.299037	34.404512	0.583058
14.87	28.54	39.70	44.19	3.45	1.94	36.631037	32.302098	34.407980	0.583065
14.87	28.54	39.71	44.19	3.45	1.94	36.634763	32.305156	34.411444	0.583073
14.88	28.54	39.71	44.19	3.45	1.94	36.638485	32.308213	34.414906	0.583081
14.88	28.54	39.72	44.19	3.45	1.94	36.642202	32.311268	34.418364	0.583088
14.88	28.54	39.72	44.19	3.45	1.94	36.645914	32.314321	34.421819	0.583096
14.88	28.54	39.72	44.19	3.45	1.94	36.649622	32.317372	34.425271	0.583104
14.89	28.54	39.73	44.20	3.45	1.94	36.653325	32.320422	34.428720	0.583111
14.89	28.54	39.73	44.20	3.45	1.94	36.657024	32.323469	34.432165	0.583119
14.89	28.54	39.73	44.20	3.45	1.94	36.660718	32.326515	34.435608	0.583126
14.89	28.54	39.74	44.20	3.45	1.94	36.664408	32.329559	34.439047	0.583134
14.90	28.54	39.74	44.20	3.45	1.94	36.668093	32.332601	34.442483	0.583141
14.90	28.54	39.74	44.20	3.45	1.94	36.671773	32.335641	34.445916	0.583149
14.90	28.54	39.74	44.20	3.45	1.94	36.675449	32.338680	34.449346	0.583156
14.91	28.54	39.75	44.20	3.45	1.94	36.679121	32.341716	34.452773	0.583164
14.91	28.54	39.75	44.20	3.45	1.94	36.682788	32.344751	34.456196	0.583171
14.91	28.54	39.75	44.20	3.45	1.94	36.686450	32.347784	34.459617	0.583179
14.91	28.54	39.76	44.20	3.45	1.94	36.690107	32.350815	34.463034	0.583186
14.92	28.54	39.76	44.20	3.45	1.94	36.693760	32.353844	34.466448	0.583194
14.92	28.54	39.76	44.21	3.45	1.94	36.697409	32.356871	34.469859	0.583201
14.92	28.54	39.77	44.21	3.45	1.94	36.701052	32.359897	34.473266	0.583208
14.93	28.54	39.77	44.21	3.45	1.94	36.704692	32.362920	34.476671	0.583216
14.93	28.54	39.77	44.21	3.45	1.94	36.708326	32.365942	34.480072	0.583223
14.93	28.54	39.78	44.21	3.45	1.94	36.711956	32.368962	34.483470	0.583230
14.93	28.54	39.78	44.21	3.45	1.94	36.715582	32.371980	34.486865	0.583238
14.94	28.54	39.78	44.21	3.45	1.94	36.719202	32.374996	34.490257	0.583245
14.94	28.54	39.79	44.21	3.45	1.94	36.722819	32.378010	34.493645	0.583252
14.94	28.54	39.79	44.21	3.45	1.94	36.726430	32.381022	34.497030	0.583259
14.94	28.54	39.79	44.21	3.45	1.94	36.730037	32.384033	34.500413	0.583267
14.95	28.54	39.80	44.21	3.45	1.94	36.733639	32.387041	34.503791	0.583274
14.95	28.54	39.80	44.21	3.45	1.94	36.737237	32.390048	34.507167	0.583281
14.95	28.54	39.80	44.21	3.45	1.94	36.740830	32.393053	34.510539	0.583288
14.96	28.54	39.81	44.22	3.45	1.94	36.744419	32.396056	34.513909	0.583295
14.96	28.54	39.81	44.22	3.45	1.94	36.748002	32.399057	34.517275	0.583303
14.96	28.54	39.81	44.22	3.45	1.94	36.751582	32.402056	34.520638	0.583310
14.96	28.54	39.82	44.23	3.45	1.94	36.755156	32.405053	34.523997	0.583317
14.97	28.54	39.82	44.23	3.45	1.94	36.758726	32.408048	34.527353	0.583324
14.97	28.54	39.82	44.24	3.45	1.94	36.762291	32.411042	34.530707	0.583331
14.97	28.54	39.82	44.25	3.45	1.94	36.765852	32.414033	34.534056	0.583338
14.97	28.54	39.83	44.26	3.45	1.94	36.769408	32.417023	34.537403	0.583345
14.98	28.54	39.83	44.27	3.45	1.94	36.772959	32.420010	34.540746	0.583352
14.98	28.54	39.83	44.28	3.45	1.94	36.776506	32.422996	34.544087	0.583359
14.98	28.54	39.84	44.28	3.45	1.94	36.780048	32.425980	34.547424	0.583366
14.99	28.54	39.84	44.29	3.45	1.94	36.783585	32.428962	34.550757	0.583373
14.99	28.54	39.84	44.30	3.45	1.94	36.787119	32.431942	34.554088	0.583380
14.99	28.54	39.85	44.31	3.45	1.94	36.790648	32.434920	34.557415	0.583387
14.99	28.54	39.85	44.32	3.45	1.94	36.794174	32.437896	34.560739	0.583394
15.00	28.54	39.85	44.33	3.45	1.94	36.797696	32.440870	34.564060	0.583401
15.00	28.54	39.86	44.33	3.45	1.94	36.801215	32.443842	34.567378	0.583408
15.00	28.54	39.86	44.34	3.45	1.94	36.804731	32.446812	34.570693	0.583414
15.01	28.54	39.86	44.35	3.45	1.94	36.808244	32.449781	34.574005	0.583421
15.01	28.54	39.86	44.36	3.45	1.94	36.811755	32.452747	34.577314	0.583428
15.01	28.54	39.87	44.37	3.45	1.94	36.815264	32.455712	34.580620	0.583435
15.01	28.54	39.87	44.38	3.45	1.94	36.818772	32.458674	34.583923	0.583442
15.02	28.54	39.87	44.38	3.45	1.94	36.822278	32.461635	34.587224	0.583449
15.02	28.54	39.88	44.39	3.45	1.94	36.825784	32.464594	34.590521	0.583456
15.02	28.54	39.88	44.40	3.45	1.94	36.829288	32.467550	34.593817	0.583463
15.03	28.54	39.88	44.41	3.45	1.94	36.832793	32.470505	34.597109	0.583469
15.03	28.54	39.88	44.42	3.45	1.94	36.836297	32.473458	34.600400	0.583476
15.03	28.54	39.89	44.43	3.45	1.94	36.839801	32.476409	34.603688	0.583483
15.03	28.54	39.89	44.43	3.45	1.94	36.843306	32.479358	34.606973	0.583490
15.04	28.54	39.89	44.44	3.45	1.94	36.846812	32.482304	34.610257	0.583497
15.04	28.54	39.90	44.45	3.45	1.95	36.850319	32.485249	34.613538	0.583504
15.04	28.54	39.90	44.46	3.45	1.95	36.853826	32.488192	34.616818	0.583511
15.04	28.54	39.90	44.47	3.45	1.95	36.857335	32.491134	34.620095	0.583518
15.05	28.54	39.90	44.48	3.45	1.95	36.860846	32.494073	34.623371	0.583525
15.05	28.54	39.91	44.48	3.45	1.95	36.864359	32.497010	34.626645	0.583532
15.05	28.54	39.91	44.49	3.45	1.95	36.867873	32.499945	34.629917	0.583539
15.06	28.54	39.91	44.50	3.45	1.95	36.871390	32.502878	34.633188	0.583546
15.06	28.54	39.92	44.51	3.45	1.95	36.874908	32.505810	34.636457	0.583553
15.06	28.54	39.92	44.52	3.45	1.95	36.878430	32.508739	34.639724	0.583560
15.06	28.54	39.92	44.52	3.45	1.95	36.881954	32.511666	34.642991	0.583567
15.07	28.54	39.92	44.53	3.45	1.95	36.885480	32.514592	34.646256	0.583574
15.07	28.54	39.93	44.54	3.45	1.95	36.889009	32.517516	34.649519	0.583582
15.07	28.54	39.93	44.55	3.45	1.95	36.892542	32.520437	34.652782	0.583589
15.07	28.54	39.93	44.56	3.45	1.95	36.896077	32.523357	34.656044	0.583596
15.08	28.54	39.94	44.57	3.45	1.95	36.899616	32.526275	34.659304	0.583603
15.08	28.54	39.94	44.57	3.45	1.95	36.903157	32.529190	34.662564	0.583610
15.08	28.54	39.94	44.58	3.45	1.95	36.906702	32.532104	34.665822	0.583618
15.09	28.54	39.94	44.59	3.46	1.95	36.910251	32.535016	34.669081	0.583625
15.09	28.54	39.95	44.60	3.46	1.95	36.913803	32.537927	34.672338	0.583632
15.09	28.54	39.95	44.61	3.46	1.95	36.917358	32.540835	34.675594	0.583640
15.09	28.54	39.95	44.62	3.46	1.95	36.920918	32.543741	34.678850	0.583647
15.10	28.54	39.96	44.62	3.46	1.95	36.924481	32.546646	34.682106	0.583655
15.10	28.54	39.96	44.63	3.46	1.95	36.928047	32.549548	34.685361	0.583662
15.10	28.54	39.96	44.64	3.46	1.95	36.931618	32.552449	34.688616	0.583669
15.11	28.54	39.96	44.65	3.46	1.95	36.935192	32.555348	34.691870	0.583677
15.11	28.54	39.97	44.66	3.46	1.95	36.938771	32.558245	34.695124	0.583684
15.11	28.54	39.97	44.66	3.46	1.95	36.942353	32.561140	34.698378	0.583692
15.11	28.54	39.97	44.67	3.46	1.95	36.945939	32.564034	34.701632	0.583700
15.12	28.54	39.97	44.68	3.46	1.95	36.949530	32.566925	34.704885	0.583707
15.12	28.54	39.98	44.69	3.46	1.95	36.953124	32.569815	34.708138	0.583715
15.12	28.54	39.98	44.70	3.46	1.95	36.956723	32.572703	34.711392	0.583722
15.12	28.54	39.98	44.70	3.46	1.95	36.960325	32.575590	34.714645	0.583730
15.13	28.54	39.98	44.71	3.46	1.95	36.963932	32.578474	34.717899	0.583738
15.13	28.54	39.99	44.72	3.46	1.95	36.967543	32.581357	34.721152	0.583746
15.13	28.54	39.99	44.73	3.46	1.95	36.971159	32.584238	34.724406	0.583753
15.14	28.54	39.99	44.74	3.46	1.95	36.974778	32.587117	34.727660	0.583761
15.14	28.54	40.00	44.75	3.46	1.95	36.978402	32.589995	34.730914	0.583769
15.14	28.54	40.00	44.75	3.46	1.95	36.982030	32.592870	34.734169	0.583777
15.14	28.54	40.00	44.76	3.46	1.95	36.985662	32.595745	34.737424	0.583785
15.15	28.54	40.00	44.77	3.46	1.95	36.989299	32.598617	34.740679	0.583793
15.15	28.54	40.01	44.78	3.46	1.95	36.992940	32.601488	34.743935	0.583801
15.15	28.54	40.01	44.79	3.46	1.95	36.996586	32.604357	34.747191	0.583809
15.16	28.54	40.01	44.79	3.46	1.95	37.000235	32.607225	34.750447	0.583817
15.16	28.54	40.01	44.80	3.46	1.95	37.003889	32.610091	34.753705	0.583825
15.16	28.54	40.02	44.81	3.46	1.95	37.007548	32.612955	34.756962	0.583833
15.16	28.54	40.02	44.82	3.46	1.95	37.011210	32.615818	34.760220	0.583841
15.17	28.54	40.02	44.83	3.46	1.95	37.014877	32.618679	34.763479	0.583849
15.17	28.54	40.02	44.83	3.46	1.95	37.018549	32.621538	34.766739	0.583857
15.17	28.54	40.03	44.84	3.46	1.95	37.022225	32.624396	34.769999	0.583866
15.18	28.54	40.03	44.85	3.46	1.95	37.025905	32.627253	34.773260	0.583874
15.18	28.54	40.03	44.86	3.46	1.95	37.029589	32.630108	34.776522	0.583882
15.18	28.54	40.03	44.87	3.46	1.95	37.033278	32.632961	34.779784	0.583890
15.18	28.54	40.04	44.87	3.46	1.95	37.036972	32.635813	34.783047	0.583899
15.19	28.54	40.04	44.88	3.46	1.95	37.040669	32.638663	34.786311	0.583907
15.19	28.54	40.04	44.89	3.46	1.95	37.044371	32.641512	34.789576	0.583915
15.19	28.54	40.04	44.90	3.46	1.95	37.048077	32.644359	34.792842	0.583924
15.19	28.54	40.05	44.91	3.46	1.95	37.051788	32.647205	34.796108	0.583932
15.20	28.54	40.05	44.91	3.46	1.95	37.055503	32.650050	34.799376	0.583941
15.20	28.54	40.05	44.92	3.46	1.95	37.059222	32.652893	34.802644	0.583949
15.20	28.54	40.05	44.93	3.46	1.95	37.062946	32.655735	34.805914	0.583958
15.21	28.54	40.06	44.94	3.46	1.95	37.066674	32.658575	34.809184	0.583966
15.21	28.54	40.06	44.95	3.46	1.95	37.070406	32.661414	34.812455	0.583975
15.21	28.54	40.06	44.96	3.46	1.95	37.074143	32.664252	34.815728	0.583983
15.21	28.54	40.06	44.96	3.46	1.95	37.077884	32.667088	34.819001	0.583992
15.22	28.54	40.06	44.97	3.46	1.95	37.081629	32.669923	34.822276	0.584001
15.22	28.54	40.07	44.98	3.46	1.95	37.085378	32.672756	34.825551	0.584009
15.22	28.54	40.07	44.99	3.46	1.95	37.089132	32.675588	34.828828	0.584018
15.22	28.54	40.07	45.00	3.46	1.95	37.092890	32.678419	34.832105	0.584027
15.23	28.54	40.07	45.00	3.46	1.95	37.096652	32.681249	34.835384	0.584036
15.23	28.54	40.08	45.01	3.46	1.95	37.100419	32.684077	34.838664	0.584044
15.23	28.54	40.08	45.02	3.46	1.95	37.104189	32.686904	34.841945	0.584053
15.24	28.54	40.08	45.03	3.46	1.95	37.107964	32.689730	34.845227	0.584062
15.24	28.54	40.08	45.03	3.46	1.95	37.111743	32.692555	34.848511	0.584071
15.24	28.54	40.09	45.04	3.46	1.95	37.115526	32.695378	34.851795	0.584080
15.24	28.54	40.09	45.05	3.46	1.95	37.119314	32.698200	34.855081	0.584089
15.25	28.54	40.09	45.06	3.46	1.95	37.123105	32.701021	34.858368	0.584098
15.25	28.54	40.09	45.07	3.46	1.95	37.126901	32.703841	34.861656	0.584107
15.25	28.54	40.09	45.07	3.46	1.95	37.130701	32.706659	34.864945	0.584116
15.26	28.54	40.10	45.08	3.46	1.95	37.134505	32.709477	34.868236	0.584125
15.26	28.54	40.10	45.09	3.46	1.95	37.138313	32.712293	34.871527	0.584134
15.26	28.54	40.10	45.10	3.46	1.95	37.142125	32.715108	34.874821	0.584143
15.26	28.54	40.10	45.11	3.46	1.95	37.145941	32.717922	34.878115	0.584152
15.27	28.54	40.11	45.11	3.46	1.95	37.149761	32.720735	34.881410	0.584161
15.27	28.54	40.11	45.12	3.46	1.95	37.153586	32.723547	34.884707	0.584170
15.27	28.54	40.11	45.13	3.46	1.95	37.157414	32.726357	34.888005	0.584180
15.28	28.54	40.11	45.14	3.46	1.95	37.161246	32.729167	34.891305	0.584189
15.28	28.54	40.11	45.15	3.46	1.95	37.165083	32.731975	34.894606	0.584198
15.28	28.54	40.12	45.15	3.46	1.95	37.168923	32.734783	34.897908	0.584207
15.28	28.54	40.12	45.16	3.46	1.95	37.172767	32.737589	34.901211	0.584217
15.29	28.54	40.12	45.17	3.46	1.95	37.176616	32.740394	34.904516	0.584226
15.29	28.54	40.12	45.18	3.46	1.95	37.180468	32.743199	34.907822	0.584235
15.29	28.54	40.13	45.19	3.46	1.95	37.184324	32.746002	34.911129	0.584245
15.29	28.54	40.13	45.19	3.46	1.95	37.188184	32.748804	34.914438	0.584254
15.30	28.54	40.13	45.20	3.46	1.95	37.192048	32.751605	34.917747	0.584264
15.30	28.54	40.13	45.21	3.46	1.95	37.195916	32.754406	34.921059	0.584273
15.30	28.54	40.13	45.22	3.46	1.95	37.199787	32.757205	34.924371	0.584282
15.31	28.54	40.14	45.22	3.46	1.95	37.203663	32.760003	34.927685	0.584292
15.31	28.54	40.14	45.23	3.46	1.95	37.207542	32.762801	34.931001	0.584301
15.31	28.54	40.14	45.24	3.46	1.95	37.211426	32.765597	34.934318	0.584311
15.31	28.54	40.14	45.25	3.46	1.95	37.215313	32.768392	34.937636	0.584321
15.32	28.54	40.14	45.26	3.46	1.96	37.219203	32.771187	34.940955	0.584330
15.32	28.54	40.15	45.26	3.46	1.96	37.223098	32.773981	34.944276	0.584340
15.32	28.54	40.15	45.27	3.46	1.96	37.226996	32.776773	34.947598	0.584349
15.32	28.54	40.15	45.28	3.46	1.96	37.230898	32.779565	34.950921	0.584359
15.33	28.54	40.15	45.29	3.46	1.96	37.234804	32.782356	34.954246	0.584369
15.33	28.54	40.15	45.30	3.46	1.96	37.238713	32.785146	34.957573	0.584378
15.33	28.54	40.16	45.30	3.46	1.96	37.242626	32.787936	34.960900	0.584388
15.34	28.54	40.16	45.31	3.47	1.96	37.246543	32.790724	34.964229	0.584398
15.34	28.54	40.16	45.32	3.47	1.96	37.250464	32.793511	34.967560	0.584408
15.34	28.54	40.16	45.33	3.47	1.96	37.254388	32.796298	34.970892	0.584417
15.34	28.54	40.16	45.33	3.47	1.96	37.258316	32.799084	34.974225	0.584427
15.35	28.54	40.17	45.34	3.47	1.96	37.262247	32.801869	34.977559	0.584437
15.35	28.54	40.17	45.35	3.47	1.96	37.266182	32.804653	34.980895	0.584447
15.35	28.54	40.17	45.36	3.47	1.96	37.270120	32.807437	34.984232	0.584457
15.36	28.54	40.17	45.37	3.47	1.96	37.274062	32.810219	34.987571	0.584467
15.36	28.54	40.17	45.37	3.47	1.96	37.278008	32.813001	34.990911	0.584477
15.36	28.54	40.18	45.38	3.47	1.96	37.281957	32.815782	34.994253	0.584487
15.36	28.54	40.18	45.39	3.47	1.96	37.285910	32.818563	34.997595	0.584496
15.37	28.54	40.18	45.40	3.47	1.96	37.289866	32.821342	35.000940	0.584506
15.37	28.54	40.18	45.40	3.47	1.96	37.293825	32.824121	35.004285	0.584516
15.37	28.54	40.18	45.41	3.47	1.96	37.297789	32.826899	35.007632	0.584526
15.38	28.54	40.19	45.42	3.47	1.96	37.301755	32.829676	35.010981	0.584537
15.38	28.54	40.19	45.43	3.47	1.96	37.305725	32.832453	35.014330	0.584547
15.38	28.54	40.19	45.44	3.47	1.96	37.309698	32.835229	35.017681	0.584557
15.38	28.54	40.19	45.44	3.47	1.96	37.313675	32.838004	35.021034	0.584567
15.39	28.54	40.19	45.45	3.47	1.96	37.317655	32.840779	35.024388	0.584577
15.39	28.54	40.20	45.46	3.47	1.96	37.321639	32.843552	35.027743	0.584587
15.39	28.54	40.20	45.47	3.47	1.96	37.325626	32.846326	35.031100	0.584597
15.39	28.54	40.20	45.47	3.47	1.96	37.329616	32.849098	35.034457	0.584607
15.40	28.54	40.20	45.48	3.47	1.96	37.333609	32.851870	35.037817	0.584618
15.40	28.54	40.20	45.49	3.47	1.96	37.337606	32.854641	35.041177	0.584628
15.40	28.54	40.20	45.50	3.47	1.96	37.341606	32.857412	35.044540	0.584638
15.41	28.54	40.21	45.50	3.47	1.96	37.345609	32.860181	35.047903	0.584648
15.41	28.54	40.21	45.51	3.47	1.96	37.349616	32.862951	35.051268	0.584659
15.41	28.54	40.21	45.52	3.47	1.96	37.353626	32.865719	35.054634	0.584669
15.41	28.54	40.21	45.53	3.47	1.96	37.357639	32.868487	35.058001	0.584679
15.42	28.54	40.21	45.54	3.47	1.96	37.361655	32.871254	35.061370	0.584689
15.42	28.54	40.22	45.54	3.47	1.96	37.365674	32.874021	35.064740	0.584700
15.42	28.54	40.22	45.55	3.47	1.96	37.369697	32.876787	35.068112	0.584710
15.43	28.54	40.22	45.56	3.47	1.96	37.373723	32.879553	35.071485	0.584721
15.43	28.54	40.22	45.57	3.47	1.96	37.377752	32.882318	35.074859	0.584731
15.43	28.54	40.22	45.57	3.47	1.96	37.381784	32.885082	35.078235	0.584741
15.43	28.54	40.22	45.58	3.47	1.96	37.385819	32.887846	35.081612	0.584752
15.44	28.54	40.23	45.59	3.47	1.96	37.389857	32.890609	35.084990	0.584762
15.44	28.54	40.23	45.60	3.47	1.96	37.393898	32.893372	35.088369	0.584773
15.44	28.54	40.23	45.60	3.47	1.96	37.397942	32.896134	35.091750	0.584783
15.44	28.54	40.23	45.61	3.47	1.96	37.401990	32.898896	35.095133	0.584794
15.45	28.54	40.23	45.62	3.47	1.96	37.406040	32.901657	35.098516	0.584804
15.45	28.54	40.23	45.63	3.47	1.96	37.410094	32.904418	35.101901	0.584815
15.45	28.54	40.24	45.63	3.47	1.96	37.414150	32.907178	35.105287	0.584825
15.46	28.54	40.24	45.64	3.47	1.96	37.418209	32.909937	35.108675	0.584836
15.46	28.54	40.24	45.65	3.47	1.96	37.422272	32.912696	35.112064	0.584847
15.46	28.54	40.24	45.66	3.47	1.96	37.426337	32.915455	35.115454	0.584857
15.46	28.54	40.24	45.67	3.47	1.96	37.430405	32.918213	35.118845	0.584868
15.47	28.54	40.24	45.67	3.47	1.96	37.434476	32.920970	35.122238	0.584878
15.47	28.54	40.25	45.68	3.47	1.96	37.438551	32.923727	35.125632	0.584889
15.47	28.54	40.25	45.69	3.47	1.96	37.442628	32.926484	35.129027	0.584900
15.47	28.54	40.25	45.70	3.47	1.96	37.446707	32.929240	35.132424	0.584910
15.48	28.54	40.25	45.70	3.47	1.96	37.450790	32.931996	35.135822	0.584921
15.48	28.54	40.25	45.71	3.47	1.96	37.454876	32.934751	35.139221	0.584932
15.48	28.54	40.25	45.72	3.47	1.96	37.458964	32.937506	35.142622	0.584943
15.49	28.54	40.26	45.73	3.47	1.96	37.463055	32.940260	35.146023	0.584953
15.49	28.54	40.26	45.73	3.47	1.96	37.467149	32.943014	35.149426	0.584964
15.49	28.54	40.26	45.74	3.47	1.96	37.471246	32.945767	35.152831	0.584975
15.49	28.54	40.26	45.75	3.47	1.96	37.475345	32.948520	35.156236	0.584986
15.50	28.54	40.26	45.76	3.47	1.96	37.479448	32.951273	35.159643	0.584997
15.50	28.54	40.26	45.76	3.47	1.96	37.483553	32.954025	35.163051	0.585007
15.50	28.54	40.26	45.77	3.47	1.96	37.487660	32.956777	35.166460	0.585018
15.51	28.54	40.27	45.78	3.47	1.97	37.491771	32.959528	35.169871	0.585029
15.51	28.54	40.27	45.79	3.47	1.97	37.495884	32.962279	35.173283	0.585040
15.51	28.54	40.27	45.79	3.47	1.97	37.500000	32.965030	35.176696	0.585051
15.51	28.54	40.27	45.80	3.47	1.97	37.504118	32.967780	35.180110	0.585062
15.52	28.54	40.27	45.81	3.47	1.97	37.508239	32.970530	35.183526	0.585073
15.52	28.54	40.27	45.82	3.47	1.97	37.512363	32.973279	35.186942	0.585084
15.52	28.54	40.27	45.82	3.47	1.97	37.516489	32.976028	35.190360	0.585094
15.53	28.54	40.28	45.83	3.47	1.97	37.520618	32.978777	35.193780	0.585105
15.53	28.54	40.28	45.84	3.47	1.97	37.524750	32.981525	35.197200	0.585116
15.53	28.54	40.28	45.85	3.47	1.97	37.528884	32.984273	35.200622	0.585127
15.53	28.54	40.28	45.85	3.47	1.97	37.533021	32.987021	35.204044	0.585138
15.54	28.54	40.28	45.86	3.47	1.97	37.537160	32.989768	35.207469	0.585149
15.54	28.54	40.28	45.87	3.47	1.97	37.541301	32.992515	35.210894	0.585160
15.54	28.54	40.28	45.88	3.47	1.97	37.545446	32.995261	35.214320	0.585171
15.54	28.54	40.29	45.88	3.47	1.97	37.549593	32.998008	35.217748	0.585183
15.55	28.54	40.29	45.89	3.47	1.97	37.553742	33.000754	35.221177	0.585194
15.55	28.54	40.29	45.90	3.47	1.97	37.557894	33.003499	35.224607	0.585205
15.55	28.54	40.29	45.91	3.47	1.97	37.562048	33.006245	35.228038	0.585216
15.56	28.54	40.29	45.91	3.47	1.97	37.566204	33.008990	35.231470	0.585227
15.56	28.54	40.29	45.92	3.47	1.97	37.570363	33.011734	35.234904	0.585238
15.56	28.54	40.29	45.93	3.47	1.97	37.574525	33.014479	35.238338	0.585249
15.56	28.54	40.30	45.94	3.47	1.97	37.578689	33.017223	35.241774	0.585260
15.57	28.54	40.30	45.94	3.47	1.97	37.582855	33.019967	35.245211	0.585271
15.57	28.54	40.30	45.95	3.47	1.97	37.587024	33.022710	35.248649	0.585283
15.57	28.54	40.30	45.96	3.47	1.97	37.591195	33.025453	35.252089	0.585294
15.57	28.54	40.30	45.97	3.47	1.97	37.595368	33.028196	35.255529	0.585305
15.58	28.54	40.30	45.97	3.48	1.97	37.599544	33.030939	35.258971	0.585316
15.58	28.54	40.30	45.98	3.48	1.97	37.603722	33.033682	35.262413	0.585327
15.58	28.54	40.30	45.99	3.48	1.97	37.607902	33.036424	35.265857	0.585339
15.59	28.54	40.31	46.00	3.48	1.97	37.612085	33.039166	35.269302	0.585350
15.59	28.54	40.31	46.00	3.48	1.97	37.616269	33.041907	35.272748	0.585361
15.59	28.54	40.31	46.01	3.48	1.97	37.620457	33.044649	35.276195	0.585372
15.59	28.54	40.31	46.02	3.48	1.97	37.624646	33.047390	35.279644	0.585384
15.60	28.54	40.31	46.02	3.48	1.97	37.628838	33.050131	35.283093	0.585395
15.60	28.54	40.31	46.03	3.48	1.97	37.633031	33.052872	35.286544	0.585406
15.60	28.54	40.31	46.04	3.48	1.97	37.637228	33.055612	35.289995	0.585417
15.61	28.54	40.31	46.05	3.48	1.97	37.641426	33.058353	35.293448	0.585429
15.61	28.54	40.32	46.05	3.48	1.97	37.645626	33.061093	35.296902	0.585440
15.61	28.54	40.32	46.06	3.48	1.97	37.649829	33.063832	35.300357	0.585451
15.61	28.54	40.32	46.07	3.48	1.97	37.654034	33.066572	35.303813	0.585463
15.62	28.54	40.32	46.08	3.48	1.97	37.658240	33.069311	35.307270	0.585474
15.62	28.54	40.32	46.08	3.48	1.97	37.662449	33.072051	35.310728	0.585485
15.62	28.54	40.32	46.09	3.48	1.97	37.666661	33.074790	35.314187	0.585497
15.62	28.54	40.32	46.10	3.48	1.97	37.670874	33.077528	35.317647	0.585508
15.63	28.54	40.32	46.11	3.48	1.97	37.675089	33.080267	35.321109	0.585520
15.63	28.54	40.33	46.11	3.48	1.97	37.679307	33.083005	35.324571	0.585531
15.63	28.54	40.33	46.12	3.48	1.97	37.683526	33.085744	35.328034	0.585542
15.64	28.54	40.33	46.13	3.48	1.97	37.687748	33.088482	35.331499	0.585554
15.64	28.54	40.33	46.13	3.48	1.97	37.691971	33.091220	35.334964	0.585565
15.64	28.54	40.33	46.14	3.48	1.97	37.696197	33.093957	35.338431	0.585577
15.64	28.54	40.33	46.15	3.48	1.97	37.700424	33.096695	35.341898	0.585588
15.65	28.54	40.33	46.16	3.48	1.97	37.704654	33.099432	35.345367	0.585600
15.65	28.54	40.33	46.16	3.48	1.97	37.708885	33.102169	35.348836	0.585611
15.65	28.54	40.33	46.17	3.48	1.97	37.713119	33.104906	35.352307	0.585623
15.66	28.54	40.33	46.18	3.48	1.97	37.717354	33.107643	35.355779	0.585634
15.66	28.54	40.34	46.19	3.48	1.97	37.721592	33.110380	35.359251	0.585646
15.66	28.54	40.34	46.19	3.48	1.97	37.725831	33.113117	35.362725	0.585657
15.66	28.54	40.34	46.20	3.48	1.97	37.730073	33.115853	35.366200	0.585669
15.67	28.54	40.34	46.21	3.48	1.97	37.734316	33.118590	35.369675	0.585680
15.67	28.54	40.34	46.21	3.48	1.97	37.738561	33.121326	35.373152	0.585692
15.67	28.54	40.34	46.22	3.48	1.98	37.742808	33.124062	35.376629	0.585703
15.68	28.54	40.34	46.23	3.48	1.98	37.747057	33.126798	35.380108	0.585715
15.68	28.54	40.34	46.24	3.48	1.98	37.751307	33.129533	35.383588	0.585726
15.68	28.54	40.34	46.24	3.48	1.98	37.755560	33.132269	35.387068	0.585738
15.68	28.54	40.34	46.25	3.48	1.98	37.759814	33.135005	35.390550	0.585750
15.69	28.54	40.35	46.26	3.48	1.98	37.764070	33.137740	35.394032	0.585761
15.69	28.54	40.35	46.27	3.48	1.98	37.768329	33.140475	35.397515	0.585773
15.69	28.54	40.35	46.27	3.48	1.98	37.772588	33.143211	35.401000	0.585784
15.69	28.54	40.35	46.28	3.48	1.98	37.776850	33.145946	35.404485	0.585796
15.70	28.54	40.35	46.29	3.48	1.98	37.781113	33.148681	35.407971	0.585808
15.70	28.54	40.35	46.29	3.48	1.98	37.785378	33.151416	35.411458	0.585819
15.70	28.54	40.35	46.30	3.48	1.98	37.789645	33.154150	35.414947	0.585831
15.71	28.54	40.35	46.31	3.48	1.98	37.793914	33.156885	35.418436	0.585843
15.71	28.54	40.35	46.32	3.48	1.98	37.798184	33.159620	35.421926	0.585854
15.71	28.54	40.35	46.32	3.48	1.98	37.802456	33.162354	35.425417	0.585866
15.71	28.54	40.36	46.33	3.48	1.98	37.806730	33.165089	35.428908	0.585878
15.72	28.54	40.36	46.34	3.48	1.98	37.811005	33.167823	35.432401	0.585889
15.72	28.54	40.36	46.34	3.48	1.98	37.815282	33.170557	35.435895	0.585901
15.72	28.54	40.36	46.35	3.48	1.98	37.819561	33.173291	35.439389	0.585913
15.72	28.54	40.36	46.36	3.48	1.98	37.823842	33.176026	35.442885	0.585924
15.73	28.54	40.36	46.37	3.48	1.98	37.828124	33.178760	35.446381	0.585936
15.73	28.54	40.36	46.37	3.48	1.98	37.832407	33.181494	35.449878	0.585948
15.73	28.54	40.36	46.38	3.48	1.98	37.836693	33.184228	35.453376	0.585960
15.74	28.54	40.36	46.39	3.48	1.98	37.840979	33.186961	35.456875	0.585971
15.74	28.54	40.36	46.39	3.48	1.98	37.845268	33.189695	35.460375	0.585983
15.74	28.54	40.36	46.40	3.48	1.98	37.849558	33.192429	35.463876	0.585995
15.74	28.54	40.36	46.41	3.48	1.98	37.853850	33.195163	35.467377	0.586007
15.75	28.54	40.36	46.42	3.48	1.98	37.858143	33.197896	35.470880	0.586018
15.75	28.54	40.37	46.42	3.48	1.98	37.862437	33.200630	35.474383	0.586030
15.75	28.54	40.37	46.43	3.48	1.98	37.866734	33.203364	35.477887	0.586042
15.76	28.54	40.37	46.44	3.48	1.98	37.871032	33.206097	35.481392	0.586054
15.76	28.54	40.37	46.44	3.48	1.98	37.875331	33.208831	35.484898	0.586065
15.76	28.54	40.37	46.45	3.48	1.98	37.879632	33.211564	35.488405	0.586077
15.76	28.54	40.37	46.46	3.48	1.98	37.883934	33.214297	35.491912	0.586089
15.77	28.54	40.37	46.47	3.48	1.98	37.888238	33.217031	35.495420	0.586101
15.77	28.54	40.37	46.47	3.48	1.98	37.892543	33.219764	35.498930	0.586113
15.77	28.54	40.37	46.48	3.48	1.98	37.896849	33.222497	35.502439	0.586124
15.78	28.54	40.37	46.49	3.48	1.98	37.901158	33.225231	35.505950	0.586136
15.78	28.54	40.37	46.49	3.48	1.98	37.905467	33.227964	35.509462	0.586148
15.78	28.54	40.37	46.50	3.48	1.98	37.909778	33.230697	35.512974	0.586160
15.78	28.54	40.37	46.51	3.48	1.98	37.914090	33.233431	35.516487	0.586172
15.79	28.54	40.37	46.52	3.48	1.98	37.918404	33.236164	35.520001	0.586184
15.79	28.54	40.38	46.52	3.48	1.98	37.922719	33.238897	35.523516	0.586195
15.79	28.54	40.38	46.53	3.48	1.98	37.927036	33.241630	35.527032	0.586207
15.79	28.54	40.38	46.54	3.48	1.98	37.931354	33.244363	35.530548	0.586219
15.80	28.54	40.38	46.54	3.48	1.98	37.935673	33.247097	35.534065	0.586231
15.80	28.54	40.38	46.55	3.48	1.98	37.939994	33.249830	35.537583	0.586243
15.80	28.54	40.38	46.56	3.48	1.98	37.944315	33.252563	35.541102	0.586255
15.81	28.54	40.38	46.56	3.48	1.98	37.948639	33.255296	35.544621	0.586267
15.81	28.54	40.38	46.57	3.48	1.98	37.952963	33.258029	35.548141	0.586279
15.81	28.54	40.38	46.58	3.49	1.98	37.957289	33.260762	35.551662	0.586290
15.81	28.54	40.38	46.59	3.49	1.98	37.961616	33.263496	35.555184	0.586302
15.82	28.54	40.38	46.59	3.49	1.98	37.965945	33.266229	35.558707	0.586314
15.82	28.54	40.38	46.60	3.49	1.98	37.970274	33.268962	35.562230	0.586326
15.82	28.54	40.38	46.61	3.49	1.98	37.974605	33.271695	35.565754	0.586338
15.82	28.54	40.38	46.61	3.49	1.99	37.978937	33.274429	35.569278	0.586350
15.83	28.54	40.38	46.62	3.49	1.99	37.983271	33.277162	35.572804	0.586362
15.83	28.54	40.38	46.63	3.49	1.99	37.987605	33.279895	35.576330	0.586374
15.83	28.54	40.38	46.63	3.49	1.99	37.991941	33.282628	35.579857	0.586386
15.84	28.54	40.39	46.64	3.49	1.99	37.996278	33.285362	35.583384	0.586398
15.84	28.54	40.39	46.65	3.49	1.99	38.000616	33.288095	35.586913	0.586410
15.84	28.54	40.39	46.65	3.49	1.99	38.004956	33.290828	35.590442	0.586422
15.84	28.54	40.39	46.66	3.49	1.99	38.009296	33.293562	35.593971	0.586434
15.85	28.54	40.39	46.67	3.49	1.99	38.013638	33.296295	35.597502	0.586446
15.85	28.54	40.39	46.68	3.49	1.99	38.017981	33.299029	35.601033	0.586457
15.85	28.54	40.39	46.68	3.49	1.99	38.022325	33.301762	35.604564	0.586469
15.86	28.54	40.39	46.69	3.49	1.99	38.026670	33.304496	35.608097	0.586481
15.86	28.54	40.39	46.70	3.49	1.99	38.031016	33.307229	35.611630	0.586493
15.86	28.54	40.39	46.70	3.49	1.99	38.035364	33.309963	35.615164	0.586505
15.86	28.54	40.39	46.71	3.49	1.99	38.039712	33.312697	35.618698	0.586517
15.87	28.54	40.39	46.72	3.49	1.99	38.044062	33.315430	35.622233	0.586529
15.87	28.54	40.39	46.72	3.49	1.99	38.048412	33.318164	35.625769	0.586541
15.87	28.54	40.39	46.73	3.49	1.99	38.052764	33.320898	35.629306	0.586553
15.88	28.54	40.39	46.74	3.49	1.99	38.057117	33.323632	35.632843	0.586565
15.88	28.54	40.39	46.74	3.49	1.99	38.061471	33.326366	35.636381	0.586577
15.88	28.54	40.39	46.75	3.49	1.99	38.065826	33.329100	35.639919	0.586589
15.88	28.54	40.39	46.76	3.49	1.99	38.070181	33.331834	35.643458	0.586601
15.89	28.54	40.39	46.77	3.49	1.99	38.074538	33.334568	35.646998	0.586613
15.89	28.54	40.39	46.77	3.49	1.99	38.078896	33.337302	35.650538	0.586625
15.89	28.54	40.39	46.78	3.49	1.99	38.083255	33.340036	35.654079	0.586637
15.89	28.54	40.39	46.79	3.49	1.99	38.087615	33.342770	35.657620	0.586649
15.90	28.54	40.39	46.79	3.49	1.99	38.091976	33.345505	35.661163	0.586661
15.90	28.54	40.39	46.80	3.49	1.99	38.096338	33.348239	35.664705	0.586673
15.90	28.54	40.39	46.81	3.49	1.99	38.100700	33.350973	35.668249	0.586685
15.91	28.54	40.40	46.81	3.49	1.99	38.105064	33.353708	35.671793	0.586697
15.91	28.54	40.40	46.82	3.49	1.99	38.109429	33.356443	35.675337	0.586709
15.91	28.54	40.40	46.83	3.49	1.99	38.113794	33.359177	35.678883	0.586721
15.91	28.54	40.40	46.83	3.49	1.99	38.118161	33.361912	35.682428	0.586733
15.92	28.54	40.40	46.84	3.49	1.99	38.122528	33.364647	35.685975	0.586746
15.92	28.54	40.40	46.85	3.49	1.99	38.126896	33.367381	35.689522	0.586758
15.92	28.54	40.40	46.85	3.49	1.99	38.131266	33.370116	35.693069	0.586770
15.93	28.54	40.40	46.86	3.49	1.99	38.135636	33.372851	35.696617	0.586782
15.93	28.54	40.40	46.87	3.49	1.99	38.140007	33.375586	35.700166	0.586794
15.93	28.54	40.40	46.87	3.49	1.99	38.144378	33.378322	35.703715	0.586806
15.93	28.54	40.40	46.88	3.49	1.99	38.148751	33.381057	35.707265	0.586818
15.94	28.54	40.40	46.89	3.49	1.99	38.153125	33.383792	35.710816	0.586830
15.94	28.54	40.40	46.89	3.49	1.99	38.157499	33.386528	35.714366	0.586842
15.94	28.54	40.40	46.90	3.49	1.99	38.161874	33.389263	35.717918	0.586854
15.94	28.54	40.40	46.91	3.49	1.99	38.166250	33.391999	35.721470	0.586866
15.95	28.54	40.40	46.92	3.49	1.99	38.170627	33.394734	35.725023	0.586878
15.95	28.54	40.40	46.92	3.49	1.99	38.175004	33.397470	35.728576	0.586890
15.95	28.54	40.40	46.93	3.49	1.99	38.179383	33.400206	35.732129	0.586902
15.96	28.54	40.40	46.94	3.49	1.99	38.183762	33.402942	35.735683	0.586914
15.96	28.54	40.40	46.94	3.49	1.99	38.188141	33.405678	35.739238	0.586926
15.96	28.54	40.40	46.95	3.49	1.99	38.192522	33.408414	35.742793	0.586938
15.96	28.54	40.40	46.96	3.49	1.99	38.196903	33.411150	35.746349	0.586951
15.97	28.54	40.40	46.96	3.49	1.99	38.201286	33.413886	35.749905	0.586963
15.97	28.54	40.40	46.97	3.49	1.99	38.205668	33.416622	35.753462	0.586975
15.97	28.54	40.40	46.98	3.49	1.99	38.210052	33.419359	35.757019	0.586987
15.97	28.54	40.40	46.98	3.49	2.00	38.214436	33.422095	35.760577	0.586999
15.98	28.54	40.40	46.99	3.49	2.00	38.218821	33.424832	35.764135	0.587011
15.98	28.54	40.40	47.00	3.49	2.00	38.223207	33.427569	35.767694	0.587023
15.98	28.54	40.40	47.00	3.49	2.00	38.227593	33.430306	35.771253	0.587035
15.99	28.54	40.40	47.01	3.49	2.00	38.231980	33.433043	35.774813	0.587047
15.99	28.54	40.40	47.02	3.49	2.00	38.236368	33.435780	35.778373	0.587059
15.99	28.54	40.40	47.02	3.49	2.00	38.240756	33.438517	35.781934	0.587071
15.99	28.54	40.40	47.03	3.49	2.00	38.245145	33.441254	35.785495	0.587083
16.00	28.54	40.40	47.04	3.49	2.00	38.249535	33.443991	35.789056	0.587096
16.00	28.54	40.40	47.04	3.49	2.00	38.253925	33.446729	35.792618	0.587108
16.00	28.54	40.40	47.05	3.49	2.00	38.258316	33.449466	35.796181	0.587120
16.01	28.54	40.40	47.06	3.49	2.00	38.262707	33.452204	35.799744	0.587132
16.01	28.54	40.40	47.06	3.49	2.00	38.267099	33.454942	35.803307	0.587144
16.01	28.54	40.40	47.07	3.49	2.00	38.271492	33.457679	35.806871	0.587156
16.01	28.54	40.40	47.08	3.49	2.00	38.275885	33.460417	35.810435	0.587168
16.02	28.54	40.40	47.08	3.49	2.00	38.280279	33.463156	35.814000	0.587180
16.02	28.54	40.40	47.09	3.49	2.00	38.284673	33.465894	35.817565	0.587192
16.02	28.54	40.40	47.10	3.49	2.00	38.289068	33.468632	35.821130	0.587204
16.02	28.54	40.40	47.10	3.49	2.00	38.293464	33.471370	35.824696	0.587216
16.03	28.54	40.40	47.11	3.49	2.00	38.297860	33.474109	35.828263	0.587229
16.03	28.54	40.40	47.12	3.49	2.00	38.302256	33.476847	35.831830	0.587241
16.03	28.54	40.40	47.12	3.49	2.00	38.306653	33.479586	35.835397	0.587253
16.04	28.54	40.40	47.13	3.49	2.00	38.311051	33.482325	35.838964	0.587265
16.04	28.54	40.40	47.14	3.49	2.00	38.315449	33.485064	35.842532	0.587277
16.04	28.54	40.40	47.14	3.50	2.00	38.319847	33.487803	35.846101	0.587289
16.04	28.54	40.40	47.15	3.50	2.00	38.324246	33.490542	35.849670	0.587301
16.05	28.54	40.40	47.16	3.50	2.00	38.328646	33.493282	35.853239	0.587313
16.05	28.54	40.40	47.16	3.50	2.00	38.333046	33.496021	35.856808	0.587325
16.05	28.54	40.40	47.17	3.50	2.00	38.337446	33.498760	35.860378	0.587338
16.06	28.54	40.40	47.18	3.50	2.00	38.341847	33.501500	35.863949	0.587350
16.06	28.54	40.40	47.18	3.50	2.00	38.346249	33.504240	35.867519	0.587362
16.06	28.54	40.40	47.19	3.50	2.00	38.350651	33.506980	35.871090	0.587374
16.06	28.54	40.40	47.20	3.50	2.00	38.355053	33.509720	35.874662	0.587386
16.07	28.54	40.40	47.20	3.50	2.00	38.359456	33.512460	35.878234	0.587398
16.07	28.54	40.40	47.21	3.50	2.00	38.363859	33.515200	35.881806	0.587410
16.07	28.54	40.40	47.21	3.50	2.00	38.368262	33.517940	35.885378	0.587422
16.07	28.54	40.40	47.22	3.50	2.00	38.372666	33.520681	35.888951	0.587434
16.08	28.54	40.40	47.23	3.50	2.00	38.377071	33.523421	35.892524	0.587446
16.08	28.54	40.40	47.23	3.50	2.00	38.381476	33.526162	35.896098	0.587459
16.08	28.54	40.40	47.24	3.50	2.00	38.385881	33.528903	35.899672	0.587471
16.09	28.54	40.40	47.25	3.50	2.00	38.390286	33.531644	35.903246	0.587483
16.09	28.54	40.40	47.25	3.50	2.00	38.394692	33.534385	35.906821	0.587495
16.09	28.54	40.40	47.26	3.50	2.00	38.399099	33.537126	35.910396	0.587507
16.09	28.54	40.40	47.27	3.50	2.00	38.403505	33.539868	35.913971	0.587519
16.10	28.54	40.40	47.27	3.50	2.00	38.407912	33.542609	35.917546	0.587531
16.10	28.54	40.40	47.28	3.50	2.00	38.412320	33.545351	35.921122	0.587543
16.10	28.54	40.40	47.29	3.50	2.00	38.416728	33.548092	35.924698	0.587555
16.11	28.54	40.40	47.29	3.50	2.00	38.421136	33.550834	35.928275	0.587568
16.11	28.54	40.40	47.30	3.50	2.00	38.425544	33.553576	35.931852	0.587580
16.11	28.54	40.40	47.31	3.50	2.00	38.429953	33.556318	35.935429	0.587592
16.11	28.54	40.40	47.31	3.50	2.00	38.434362	33.559060	35.939006	0.587604
16.12	28.54	40.40	47.32	3.50	2.00	38.438772	33.561802	35.942584	0.587616
16.12	28.54	40.40	47.33	3.50	2.00	38.443182	33.564545	35.946162	0.587628
16.12	28.54	40.39	47.33	3.50	2.00	38.447592	33.567287	35.949740	0.587640
16.12	28.54	40.39	47.34	3.50	2.01	38.452002	33.570030	35.953319	0.587652
16.13	28.54	40.39	47.35	3.50	2.01	38.456413	33.572773	35.956898	0.587664
16.13	28.54	40.39	47.35	3.50	2.01	38.460824	33.575516	35.960477	0.587676
16.13	28.54	40.39	47.36	3.50	2.01	38.465236	33.578259	35.964056	0.587689
16.14	28.54	40.39	47.37	3.50	2.01	38.469648	33.581002	35.967636	0.587701
16.14	28.54	40.39	47.37	3.50	2.01	38.474060	33.583745	35.971216	0.587713
16.14	28.54	40.39	47.38	3.50	2.01	38.478472	33.586489	35.974796	0.587725
16.14	28.54	40.39	47.39	3.50	2.01	38.482884	33.589232	35.978377	0.587737
16.15	28.54	40.39	47.39	3.50	2.01	38.487297	33.591976	35.981958	0.587749
16.15	28.54	40.39	47.40	3.50	2.01	38.491710	33.594720	35.985539	0.587761
16.15	28.54	40.39	47.41	3.50	2.01	38.496124	33.597464	35.989120	0.587773
16.16	28.54	40.39	47.41	3.50	2.01	38.500538	33.600208	35.992702	0.587785
16.16	28.54	40.39	47.42	3.50	2.01	38.504952	33.602952	35.996283	0.587797
16.16	28.54	40.39	47.42	3.50	2.01	38.509366	33.605696	35.999866	0.587809
16.16	28.54	40.39	47.43	3.50	2.01	38.513780	33.608440	36.003448	0.587822
16.17	28.54	40.39	47.44	3.50	2.01	38.518195	33.611185	36.007031	0.587834
16.17	28.54	40.39	47.44	3.50	2.01	38.522610	33.613930	36.010613	0.587846
16.17	28.54	40.39	47.45	3.50	2.01	38.527025	33.616674	36.014197	0.587858
16.18	28.54	40.39	47.46	3.50	2.01	38.531441	33.619419	36.017780	0.587870
16.18	28.54	40.39	47.46	3.50	2.01	38.535856	33.622164	36.021363	0.587882
16.18	28.54	40.39	47.47	3.50	2.01	38.540272	33.624910	36.024947	0.587894
16.18	28.54	40.39	47.48	3.50	2.01	38.544689	33.627655	36.028531	0.587906
16.19	28.54	40.39	47.48	3.50	2.01	38.549105	33.630400	36.032116	0.587918
16.19	28.54	40.39	47.49	3.50	2.01	38.553522	33.633146	36.035700	0.587930
16.19	28.54	40.39	47.50	3.50	2.01	38.557938	33.635892	36.039285	0.587942
16.19	28.54	40.39	47.50	3.50	2.01	38.562355	33.638637	36.042870	0.587954
16.20	28.54	40.39	47.51	3.50	2.01	38.566773	33.641383	36.046455	0.587967
16.20	28.54	40.39	47.52	3.50	2.01	38.571190	33.644129	36.050040	0.587979
16.20	28.54	40.39	47.52	3.50	2.01	38.575608	33.646876	36.053626	0.587991
16.21	28.54	40.39	47.53	3.50	2.01	38.580026	33.649622	36.057212	0.588003
16.21	28.54	40.38	47.54	3.50	2.01	38.584444	33.652368	36.060798	0.588015
16.21	28.54	40.38	47.54	3.50	2.01	38.588862	33.655115	36.064384	0.588027
16.21	28.54	40.38	47.55	3.50	2.01	38.593281	33.657862	36.067971	0.588039
16.22	28.54	40.38	47.56	3.50	2.01	38.597699	33.660608	36.071557	0.588051
16.22	28.54	40.38	47.56	3.50	2.01	38.602118	33.663355	36.075144	0.588063
16.22	28.54	40.38	47.57	3.50	2.01	38.606537	33.666102	36.078731	0.588075
16.23	28.54	40.38	47.57	3.50	2.01	38.610956	33.668850	36.082319	0.588087
16.23	28.54	40.38	47.58	3.50	2.01	38.615375	33.671597	36.085906	0.588099
16.23	28.54	40.38	47.59	3.50	2.01	38.619795	33.674344	36.089494	0.588111
16.23	28.54	40.38	47.59	3.50	2.01	38.624215	33.677092	36.093082	0.588123
16.24	28.54	40.38	47.60	3.50	2.01	38.628634	33.679840	36.096670	0.588135
16.24	28.54	40.38	47.61	3.50	2.01	38.633054	33.682587	36.100258	0.588148
16.24	28.54	40.38	47.61	3.50	2.01	38.637475	33.685335	36.103846	0.588160
16.24	28.54	40.38	47.62	3.50	2.01	38.641895	33.688083	36.107435	0.588172
16.25	28.54	40.38	47.63	3.50	2.01	38.646315	33.690832	36.111024	0.588184
16.25	28.54	40.38	47.63	3.50	2.01	38.650736	33.693580	36.114613	0.588196
16.25	28.54	40.38	47.64	3.50	2.01	38.655156	33.696328	36.118202	0.588208
16.26	28.54	40.38	47.65	3.50	2.01	38.659577	33.699077	36.121791	0.588220
16.26	28.54	40.38	47.65	3.50	2.01	38.663998	33.701826	36.125381	0.588232
16.26	28.54	40.38	47.66	3.50	2.01	38.668419	33.704575	36.128970	0.588244
16.26	28.54	40.38	47.67	3.50	2.01	38.672840	33.707323	36.132560	0.588256
16.27	28.54	40.38	47.67	3.50	2.01	38.677262	33.710073	36.136150	0.588268
16.27	28.54	40.37	47.68	3.51	2.01	38.681683	33.712822	36.139740	0.588280
16.27	28.54	40.37	47.68	3.51	2.02	38.686105	33.715571	36.143331	0.588292
16.27	28.54	40.37	47.69	3.51	2.02	38.690526	33.718321	36.146921	0.588304
16.28	28.54	40.37	47.70	3.51	2.02	38.694948	33.721070	36.150512	0.588316
16.28	28.54	40.37	47.70	3.51	2.02	38.699370	33.723820	36.154103	0.588328
16.28	28.54	40.37	47.71	3.51	2.02	38.703792	33.726570	36.157694	0.588340
16.29	28.54	40.37	47.72	3.51	2.02	38.708214	33.729320	36.161285	0.588352
16.29	28.54	40.37	47.72	3.51	2.02	38.712636	33.732070	36.164876	0.588364
16.29	28.54	40.37	47.73	3.51	2.02	38.717059	33.734820	36.168467	0.588376
16.29	28.54	40.37	47.74	3.51	2.02	38.721481	33.737570	36.172059	0.588388
16.30	28.54	40.37	47.74	3.51	2.02	38.725903	33.740321	36.175651	0.588400
16.30	28.54	40.37	47.75	3.51	2.02	38.730326	33.743071	36.179243	0.588412
16.30	28.54	40.37	47.76	3.51	2.02	38.734748	33.745822	36.182835	0.588424
16.31	28.54	40.37	47.76	3.51	2.02	38.739171	33.748573	36.186427	0.588436
16.31	28.54	40.37	47.77	3.51	2.02	38.743594	33.751324	36.190019	0.588449
16.31	28.54	40.37	47.77	3.51	2.02	38.748016	33.754075	36.193611	0.588461
16.31	28.54	40.37	47.78	3.51	2.02	38.752439	33.756826	36.197204	0.588473
16.32	28.54	40.37	47.79	3.51	2.02	38.756862	33.759577	36.200797	0.588485
16.32	28.54	40.36	47.79	3.51	2.02	38.761285	33.762329	36.204389	0.588497
16.32	28.54	40.36	47.80	3.51	2.02	38.765708	33.765080	36.207982	0.588509
16.32	28.54	40.36	47.81	3.51	2.02	38.770131	33.767832	36.211575	0.588521
16.33	28.54	40.36	47.81	3.51	2.02	38.774554	33.770584	36.215169	0.588533
16.33	28.54	40.36	47.82	3.51	2.02	38.778977	33.773336	36.218762	0.588545
16.33	28.54	40.36	47.83	3.51	2.02	38.783401	33.776088	36.222355	0.588557
16.34	28.54	40.36	47.83	3.51	2.02	38.787824	33.778840	36.225949	0.588569
16.34	28.54	40.36	47.84	3.51	2.02	38.792247	33.781592	36.229543	0.588581
16.34	28.54	40.36	47.84	3.51	2.02	38.796670	33.784344	36.233136	0.588593
16.34	28.54	40.36	47.85	3.51	2.02	38.801094	33.787097	36.236730	0.588605
16.35	28.54	40.36	47.86	3.51	2.02	38.805517	33.789850	36.240324	0.588617
16.35	28.54	40.36	47.86	3.51	2.02	38.809940	33.792602	36.243918	0.588629
16.35	28.54	40.36	47.87	3.51	2.02	38.814364	33.795355	36.247513	0.588641
16.36	28.54	40.36	47.88	3.51	2.02	38.818787	33.798108	36.251107	0.588653
16.36	28.54	40.36	47.88	3.51	2.02	38.823211	33.800861	36.254701	0.588665
16.36	28.54	40.35	47.89	3.51	2.02	38.827634	33.803615	36.258296	0.588677
16.36	28.54	40.35	47.90	3.51	2.02	38.832057	33.806368	36.261891	0.588689
16.37	28.54	40.35	47.90	3.51	2.02	38.836481	33.809121	36.265485	0.588700
16.37	28.54	40.35	47.91	3.51	2.02	38.840904	33.811875	36.269080	0.588712
16.37	28.54	40.35	47.91	3.51	2.02	38.845328	33.814629	36.272675	0.588724
16.38	28.54	40.35	47.92	3.51	2.02	38.849751	33.817383	36.276270	0.588736
16.38	28.54	40.35	47.93	3.51	2.02	38.854174	33.820136	36.279865	0.588748
16.38	28.54	40.35	47.93	3.51	2.02	38.858598	33.822891	36.283460	0.588760
16.38	28.54	40.35	47.94	3.51	2.02	38.863021	33.825645	36.287056	0.588772
16.39	28.54	40.35	47.95	3.51	2.02	38.867444	33.828399	36.290651	0.588784
16.39	28.54	40.35	47.95	3.51	2.02	38.871868	33.831153	36.294247	0.588796
16.39	28.54	40.35	47.96	3.51	2.02	38.876291	33.833908	36.297842	0.588808
16.39	28.54	40.35	47.97	3.51	2.02	38.880714	33.836663	36.301438	0.588820
16.40	28.54	40.35	47.97	3.51	2.02	38.885137	33.839417	36.305033	0.588832
16.40	28.54	40.34	47.98	3.51	2.02	38.889561	33.842172	36.308629	0.588844
16.40	28.54	40.34	47.98	3.51	2.02	38.893984	33.844927	36.312225	0.588856
16.41	28.54	40.34	47.99	3.51	2.02	38.898407	33.847682	36.315821	0.588868
16.41	28.54	40.34	48.00	3.51	2.02	38.902830	33.850438	36.319417	0.588880
16.41	28.54	40.34	48.00	3.51	2.02	38.907253	33.853193	36.323013	0.588892
16.41	28.54	40.34	48.01	3.51	2.02	38.911676	33.855948	36.326609	0.588904
16.42	28.54	40.34	48.02	3.51	2.02	38.916099	33.858704	36.330205	0.588916
16.42	28.54	40.34	48.02	3.51	2.02	38.920522	33.861460	36.333802	0.588928
16.42	28.54	40.34	48.03	3.51	2.02	38.924944	33.864215	36.337398	0.588940
16.43	28.54	40.34	48.04	3.51	2.03	38.929367	33.866971	36.340994	0.588952
16.43	28.54	40.34	48.04	3.51	2.03	38.933790	33.869727	36.344591	0.588963
16.43	28.54	40.34	48.05	3.51	2.03	38.938212	33.872483	36.348187	0.588975
16.43	28.54	40.34	48.05	3.51	2.03	38.942635	33.875240	36.351784	0.588987
16.44	28.54	40.33	48.06	3.51	2.03	38.947057	33.877996	36.355381	0.588999
16.44	28.54	40.33	48.07	3.51	2.03	38.951480	33.880752	36.358977	0.589011
16.44	28.54	40.33	48.07	3.51	2.03	38.955902	33.883509	36.362574	0.589023
16.44	28.54	40.33	48.08	3.51	2.03	38.960324	33.886266	36.366171	0.589035
16.45	28.54	40.33	48.09	3.51	2.03	38.964746	33.889022	36.369768	0.589047
16.45	28.54	40.33	48.09	3.51	2.03	38.969168	33.891779	36.373365	0.589059
16.45	28.54	40.33	48.10	3.51	2.03	38.973590	33.894536	36.376961	0.589071
16.46	28.54	40.33	48.10	3.51	2.03	38.978012	33.897293	36.380558	0.589083
16.46	28.54	40.33	48.11	3.51	2.03	38.982434	33.900051	36.384155	0.589095
16.46	28.54	40.33	48.12	3.51	2.03	38.986855	33.902808	36.387752	0.589106
16.46	28.54	40.33	48.12	3.51	2.03	38.991277	33.905565	36.391350	0.589118
16.47	28.54	40.32	48.13	3.51	2.03	38.995698	33.908323	36.394947	0.589130
16.47	28.54	40.32	48.14	3.51	2.03	39.000119	33.911081	36.398544	0.589142
16.47	28.54	40.32	48.14	3.51	2.03	39.004541	33.913838	36.402141	0.589154
16.48	28.54	40.32	48.15	3.51	2.03	39.008962	33.916596	36.405738	0.589166
16.48	28.54	40.32	48.15	3.51	2.03	39.013383	33.919354	36.409335	0.589178
16.48	28.54	40.32	48.16	3.51	2.03	39.017803	33.922112	36.412933	0.589190
16.48	28.54	40.32	48.17	3.51	2.03	39.022224	33.924870	36.416530	0.589202
16.49	28.54	40.32	48.17	3.51	2.03	39.026645	33.927629	36.420127	0.589213
16.49	28.54	40.32	48.18	3.51	2.03	39.031065	33.930387	36.423725	0.589225
16.49	28.54	40.32	48.19	3.51	2.03	39.035485	33.933146	36.427322	0.589237
16.49	28.54	40.32	48.19	3.51	2.03	39.039906	33.935904	36.430919	0.589249
16.50	28.54	40.31	48.20	3.52	2.03	39.044326	33.938663	36.434517	0.589261
16.50	28.54	40.31	48.20	3.52	2.03	39.048745	33.941422	36.438114	0.589273
16.50	28.54	40.31	48.21	3.52	2.03	39.053165	33.944181	36.441712	0.589285
16.51	28.54	40.31	48.22	3.52	2.03	39.057585	33.946940	36.445309	0.589297
16.51	28.54	40.31	48.22	3.52	2.03	39.062004	33.949699	36.448907	0.589308
16.51	28.54	40.31	48.23	3.52	2.03	39.066424	33.952458	36.452504	0.589320
16.51	28.54	40.31	48.24	3.52	2.03	39.070843	33.955217	36.456101	0.589332
16.52	28.54	40.31	48.24	3.52	2.03	39.075262	33.957977	36.459699	0.589344
16.52	28.54	40.31	48.25	3.52	2.03	39.079680	33.960736	36.463296	0.589356
16.52	28.54	40.31	48.25	3.52	2.03	39.084099	33.963496	36.466894	0.589368
16.52	28.54	40.30	48.26	3.52	2.03	39.088518	33.966255	36.470491	0.589379
16.53	28.54	40.30	48.27	3.52	2.03	39.092936	33.969015	36.474089	0.589391
16.53	28.54	40.30	48.27	3.52	2.03	39.097354	33.971775	36.477686	0.589403
16.53	28.54	40.30	48.28	3.52	2.03	39.101772	33.974535	36.481284	0.589415
16.54	28.54	40.30	48.29	3.52	2.03	39.106190	33.977295	36.484881	0.589427
16.54	28.54	40.30	48.29	3.52	2.03	39.110607	33.980055	36.488479	0.589439
16.54	28.54	40.30	48.30	3.52	2.03	39.115025	33.982816	36.492076	0.589450
16.54	28.54	40.30	48.30	3.52	2.03	39.119442	33.985576	36.495674	0.589462
16.55	28.54	40.30	48.31	3.52	2.03	39.123859	33.988336	36.499271	0.589474
16.55	28.54	40.30	48.32	3.52	2.03	39.128276	33.991097	36.502868	0.589486
16.55	28.54	40.29	48.32	3.52	2.03	39.132692	33.993858	36.506466	0.589498
16.56	28.54	40.29	48.33	3.52	2.03	39.137109	33.996618	36.510063	0.589510
16.56	28.54	40.29	48.34	3.52	2.03	39.141525	33.999379	36.513660	0.589521
16.56	28.54	40.29	48.34	3.52	2.03	39.145941	34.002140	36.517258	0.589533
16.56	28.54	40.29	48.35	3.52	2.03	39.150357	34.004901	36.520855	0.589545
16.57	28.54	40.29	48.35	3.52	2.03	39.154772	34.007662	36.524452	0.589557
16.57	28.54	40.29	48.36	3.52	2.03	39.159188	34.010424	36.528050	0.589569
16.57	28.54	40.29	48.37	3.52	2.03	39.163603	34.013185	36.531647	0.589580
16.57	28.54	40.29	48.37	3.52	2.03	39.168018	34.015946	36.535244	0.589592
16.58	28.54	40.28	48.38	3.52	2.03	39.172433	34.018708	36.538841	0.589604
16.58	28.54	40.28	48.38	3.52	2.04	39.176847	34.021469	36.542438	0.589616
16.58	28.54	40.28	48.39	3.52	2.04	39.181261	34.024231	36.546035	0.589628
16.59	28.54	40.28	48.40	3.52	2.04	39.185675	34.026993	36.549632	0.589639
16.59	28.54	40.28	48.40	3.52	2.04	39.190089	34.029754	36.553229	0.589651
16.59	28.54	40.28	48.41	3.52	2.04	39.194503	34.032516	36.556826	0.589663
16.59	28.54	40.28	48.42	3.52	2.04	39.198916	34.035278	36.560423	0.589675
16.60	28.54	40.28	48.42	3.52	2.04	39.203329	34.038040	36.564020	0.589686
16.60	28.54	40.28	48.43	3.52	2.04	39.207742	34.040803	36.567617	0.589698
16.60	28.54	40.27	48.43	3.52	2.04	39.212155	34.043565	36.571214	0.589710
16.61	28.54	40.27	48.44	3.52	2.04	39.216567	34.046327	36.574810	0.589722
16.61	28.54	40.27	48.45	3.52	2.04	39.220979	34.049090	36.578407	0.589733
16.61	28.54	40.27	48.45	3.52	2.04	39.225391	34.051852	36.582004	0.589745
16.61	28.54	40.27	48.46	3.52	2.04	39.229803	34.054615	36.585600	0.589757
16.62	28.54	40.27	48.46	3.52	2.04	39.234214	34.057377	36.589197	0.589769
16.62	28.54	40.27	48.47	3.52	2.04	39.238625	34.060140	36.592793	0.589780
16.62	28.54	40.27	48.48	3.52	2.04	39.243036	34.062903	36.596390	0.589792
16.62	28.54	40.27	48.48	3.52	2.04	39.247447	34.065666	36.599986	0.589804
16.63	28.54	40.26	48.49	3.52	2.04	39.251857	34.068429	36.603582	0.589816
16.63	28.54	40.26	48.50	3.52	2.04	39.256267	34.071192	36.607179	0.589827
16.63	28.54	40.26	48.50	3.52	2.04	39.260677	34.073955	36.610775	0.589839
16.64	28.54	40.26	48.51	3.52	2.04	39.265086	34.076718	36.614371	0.589851
16.64	28.54	40.26	48.51	3.52	2.04	39.269495	34.079481	36.617967	0.589863
16.64	28.54	40.26	48.52	3.52	2.04	39.273904	34.082245	36.621563	0.589874
16.64	28.54	40.26	48.53	3.52	2.04	39.278313	34.085008	36.625159	0.589886
16.65	28.54	40.26	48.53	3.52	2.04	39.282721	34.087772	36.628755	0.589898
16.65	28.54	40.25	48.54	3.52	2.04	39.287129	34.090535	36.632350	0.589909
16.65	28.54	40.25	48.54	3.52	2.04	39.291537	34.093299	36.635946	0.589921
16.66	28.54	40.25	48.55	3.52	2.04	39.295944	34.096063	36.639542	0.589933
16.66	28.54	40.25	48.56	3.52	2.04	39.300351	34.098827	36.643137	0.589945
16.66	28.54	40.25	48.56	3.52	2.04	39.304758	34.101590	36.646733	0.589956
16.66	28.54	40.25	48.57	3.52	2.04	39.309165	34.104354	36.650328	0.589968
16.67	28.54	40.25	48.57	3.52	2.04	39.313571	34.107118	36.653923	0.589980
16.67	28.54	40.25	48.58	3.52	2.04	39.317977	34.109883	36.657518	0.589991
16.67	28.54	40.24	48.59	3.52	2.04	39.322383	34.112647	36.661113	0.590003
16.68	28.54	40.24	48.59	3.52	2.04	39.326788	34.115411	36.664708	0.590015
16.68	28.54	40.24	48.60	3.52	2.04	39.331193	34.118175	36.668303	0.590026
16.68	28.54	40.24	48.60	3.52	2.04	39.335598	34.120940	36.671898	0.590038
16.68	28.54	40.24	48.61	3.52	2.04	39.340002	34.123704	36.675493	0.590050
16.69	28.54	40.24	48.62	3.52	2.04	39.344406	34.126469	36.679088	0.590061
16.69	28.54	40.24	48.62	3.52	2.04	39.348810	34.129233	36.682682	0.590073
16.69	28.54	40.23	48.63	3.52	2.04	39.353213	34.131998	36.686276	0.590085
16.69	28.54	40.23	48.64	3.52	2.04	39.357616	34.134762	36.689871	0.590096
16.70	28.54	40.23	48.64	3.52	2.04	39.362019	34.137527	36.693465	0.590108
16.70	28.54	40.23	48.65	3.52	2.04	39.366421	34.140292	36.697059	0.590120
16.70	28.54	40.23	48.65	3.52	2.04	39.370823	34.143057	36.700653	0.590131
16.71	28.54	40.23	48.66	3.52	2.04	39.375225	34.145822	36.704247	0.590143
16.71	28.54	40.23	48.67	3.52	2.04	39.379626	34.148587	36.707841	0.590155
16.71	28.54	40.23	48.67	3.52	2.04	39.384027	34.151352	36.711435	0.590166
16.71	28.54	40.22	48.68	3.52	2.04	39.388428	34.154117	36.715028	0.590178
16.72	28.54	40.22	48.68	3.52	2.04	39.392828	34.156882	36.718622	0.590189
16.72	28.54	40.22	48.69	3.52	2.04	39.397228	34.159648	36.722215	0.590201
16.72	28.54	40.22	48.70	3.52	2.04	39.401627	34.162413	36.725808	0.590213
16.73	28.54	40.22	48.70	3.53	2.04	39.406026	34.165178	36.729401	0.590224
16.73	28.54	40.22	48.71	3.53	2.04	39.410425	34.167944	36.732994	0.590236
16.73	28.54	40.22	48.71	3.53	2.04	39.414824	34.170709	36.736587	0.590248
16.73	28.54	40.21	48.72	3.53	2.04	39.419222	34.173475	36.740180	0.590259
16.74	28.54	40.21	48.73	3.53	2.04	39.423620	34.176240	36.743772	0.590271
16.74	28.54	40.21	48.73	3.53	2.05	39.428017	34.179006	36.747365	0.590282
16.74	28.54	40.21	48.74	3.53	2.05	39.432414	34.181772	36.750957	0.590294
16.74	28.54	40.21	48.74	3.53	2.05	39.436810	34.184537	36.754550	0.590306
16.75	28.54	40.21	48.75	3.53	2.05	39.441207	34.187303	36.758142	0.590317
16.75	28.54	40.21	48.76	3.53	2.05	39.445602	34.190069	36.761734	0.590329
16.75	28.54	40.20	48.76	3.53	2.05	39.449998	34.192835	36.765325	0.590340
16.76	28.54	40.20	48.77	3.53	2.05	39.454393	34.195601	36.768917	0.590352
16.76	28.54	40.20	48.77	3.53	2.05	39.458788	34.198367	36.772509	0.590364
16.76	28.54	40.20	48.78	3.53	2.05	39.463182	34.201133	36.776100	0.590375
16.76	28.54	40.20	48.79	3.53	2.05	39.467576	34.203899	36.779691	0.590387
16.77	28.54	40.20	48.79	3.53	2.05	39.471969	34.206665	36.783282	0.590398
16.77	28.54	40.20	48.80	3.53	2.05	39.476362	34.209431	36.786873	0.590410
16.77	28.54	40.19	48.80	3.53	2.05	39.480755	34.212198	36.790464	0.590421
16.77	28.54	40.19	48.81	3.53	2.05	39.485147	34.214964	36.794055	0.590433
16.78	28.54	40.19	48.82	3.53	2.05	39.489539	34.217730	36.797646	0.590444
16.78	28.54	40.19	48.82	3.53	2.05	39.493931	34.220497	36.801236	0.590456
16.78	28.54	40.19	48.83	3.53	2.05	39.498322	34.223263	36.804826	0.590468
16.79	28.54	40.19	48.83	3.53	2.05	39.502712	34.226030	36.808416	0.590479
16.79	28.54	40.19	48.84	3.53	2.05	39.507102	34.228796	36.812006	0.590491
16.79	28.54	40.18	48.85	3.53	2.05	39.511492	34.231563	36.815596	0.590502
16.79	28.54	40.18	48.85	3.53	2.05	39.515882	34.234329	36.819186	0.590514
16.80	28.54	40.18	48.86	3.53	2.05	39.520270	34.237096	36.822775	0.590525
16.80	28.54	40.18	48.86	3.53	2.05	39.524659	34.239863	36.826364	0.590537
16.80	28.54	40.18	48.87	3.53	2.05	39.529047	34.242629	36.829953	0.590548
16.81	28.54	40.18	48.88	3.53	2.05	39.533435	34.245396	36.833542	0.590560
16.81	28.54	40.17	48.88	3.53	2.05	39.537822	34.248163	36.837131	0.590571
16.81	28.54	40.17	48.89	3.53	2.05	39.542209	34.250930	36.840720	0.590583
16.81	28.54	40.17	48.89	3.53	2.05	39.546595	34.253696	36.844308	0.590594
16.82	28.54	40.17	48.90	3.53	2.05	39.550981	34.256463	36.847897	0.590606
16.82	28.54	40.17	48.91	3.53	2.05	39.555366	34.259230	36.851485	0.590617
16.82	28.54	40.17	48.91	3.53	2.05	39.559751	34.261997	36.855073	0.590629
16.82	28.54	40.17	48.92	3.53	2.05	39.564136	34.264764	36.858660	0.590640
16.83	28.54	40.16	48.92	3.53	2.05	39.568520	34.267531	36.862248	0.590652
16.83	28.54	40.16	48.93	3.53	2.05	39.572904	34.270298	36.865835	0.590663
16.83	28.54	40.16	48.94	3.53	2.05	39.577287	34.273065	36.869422	0.590675
16.84	28.54	40.16	48.94	3.53	2.05	39.581669	34.275832	36.873010	0.590686
16.84	28.54	40.16	48.95	3.53	2.05	39.586052	34.278600	36.876596	0.590698
16.84	28.54	40.16	48.95	3.53	2.05	39.590433	34.281367	36.880183	0.590709
16.84	28.54	40.15	48.96	3.53	2.05	39.594815	34.284134	36.883770	0.590721
16.85	28.54	40.15	48.96	3.53	2.05	39.599196	34.286901	36.887356	0.590732
16.85	28.54	40.15	48.97	3.53	2.05	39.603576	34.289668	36.890942	0.590744
16.85	28.54	40.15	48.98	3.53	2.05	39.607956	34.292436	36.894528	0.590755
16.86	28.54	40.15	48.98	3.53	2.05	39.612335	34.295203	36.898113	0.590767
16.86	28.54	40.15	48.99	3.53	2.05	39.616714	34.297970	36.901699	0.590778
16.86	28.54	40.14	48.99	3.53	2.05	39.621093	34.300738	36.905284	0.590789
16.86	28.54	40.14	49.00	3.53	2.05	39.625471	34.303505	36.908869	0.590801
16.87	28.54	40.14	49.01	3.53	2.05	39.629848	34.306272	36.912454	0.590812
16.87	28.54	40.14	49.01	3.53	2.05	39.634225	34.309040	36.916039	0.590824
16.87	28.54	40.14	49.02	3.53	2.05	39.638602	34.311807	36.919624	0.590835
16.88	28.54	40.14	49.02	3.53	2.05	39.642978	34.314575	36.923208	0.590847
16.88	28.54	40.13	49.03	3.53	2.05	39.647353	34.317342	36.926792	0.590858
16.88	28.54	40.13	49.04	3.53	2.05	39.651728	34.320109	36.930376	0.590869
16.88	28.54	40.13	49.04	3.53	2.05	39.656103	34.322877	36.933959	0.590881
16.89	28.54	40.13	49.05	3.53	2.05	39.660477	34.325644	36.937543	0.590892
16.89	28.54	40.13	49.05	3.53	2.05	39.664851	34.328412	36.941126	0.590904
16.89	28.54	40.13	49.06	3.53	2.05	39.669224	34.331179	36.944709	0.590915
16.89	28.54	40.12	49.06	3.53	2.05	39.673596	34.333947	36.948292	0.590927
16.90	28.54	40.12	49.07	3.53	2.05	39.677968	34.336715	36.951875	0.590938
16.90	28.54	40.12	49.08	3.53	2.05	39.682340	34.339482	36.955457	0.590949
16.90	28.54	40.12	49.08	3.53	2.06	39.686711	34.342250	36.959039	0.590961
16.91	28.54	40.12	49.09	3.53	2.06	39.691081	34.345017	36.962621	0.590972
16.91	28.54	40.12	49.09	3.53	2.06	39.695451	34.347785	36.966203	0.590983
16.91	28.54	40.11	49.10	3.53	2.06	39.699820	34.350552	36.969784	0.590995
16.91	28.54	40.11	49.11	3.53	2.06	39.704189	34.353320	36.973366	0.591006
16.92	28.54	40.11	49.11	3.53	2.06	39.708558	34.356088	36.976947	0.591018
16.92	28.54	40.11	49.12	3.53	2.06	39.712925	34.358855	36.980527	0.591029
16.92	28.54	40.11	49.12	3.53	2.06	39.717293	34.361623	36.984108	0.591040
16.93	28.54	40.11	49.13	3.53	2.06	39.721659	34.364391	36.987688	0.591052
16.93	28.54	40.10	49.14	3.53	2.06	39.726026	34.367158	36.991268	0.591063
16.93	28.54	40.10	49.14	3.53	2.06	39.730391	34.369926	36.994848	0.591074
16.93	28.54	40.10	49.15	3.53	2.06	39.734757	34.372693	36.998428	0.591086
16.94	28.54	40.10	49.15	3.53	2.06	39.739121	34.375461	37.002007	0.591097
16.94	28.54	40.10	49.16	3.53	2.06	39.743485	34.378229	37.005586	0.591108
16.94	28.54	40.09	49.16	3.53	2.06	39.747849	34.380996	37.009165	0.591120
16.94	28.54	40.09	49.17	3.53	2.06	39.752212	34.383764	37.012744	0.591131
16.95	28.54	40.09	49.18	3.53	2.06	39.756574	34.386532	37.016322	0.591142
16.95	28.54	40.09	49.18	3.54	2.06	39.760936	34.389299	37.019900	0.591154
16.95	28.54	40.09	49.19	3.54	2.06	39.765297	34.392067	37.023478	0.591165
16.96	28.54	40.09	49.19	3.54	2.06	39.769658	34.394834	37.027056	0.591176
16.96	28.54	40.08	49.20	3.54	2.06	39.774018	34.397602	37.030633	0.591188
16.96	28.54	40.08	49.20	3.54	2.06	39.778378	34.400370	37.034211	0.591199
16.96	28.54	40.08	49.21	3.54	2.06	39.782737	34.403137	37.037787	0.591210
16.97	28.54	40.08	49.22	3.54	2.06	39.787095	34.405905	37.041364	0.591222
16.97	28.54	40.08	49.22	3.54	2.06	39.791453	34.408672	37.044940	0.591233
16.97	28.54	40.07	49.23	3.54	2.06	39.795810	34.411440	37.048516	0.591244
16.98	28.54	40.07	49.23	3.54	2.06	39.800167	34.414208	37.052092	0.591255
16.98	28.54	40.07	49.24	3.54	2.06	39.804523	34.416975	37.055668	0.591267
16.98	28.54	40.07	49.25	3.54	2.06	39.808879	34.419743	37.059243	0.591278
16.98	28.54	40.07	49.25	3.54	2.06	39.813234	34.422510	37.062818	0.591289
16.99	28.54	40.07	49.26	3.54	2.06	39.817588	34.425278	37.066393	0.591301
16.99	28.54	40.06	49.26	3.54	2.06	39.821942	34.428045	37.069968	0.591312
16.99	28.54	40.06	49.27	3.54	2.06	39.826295	34.430813	37.073542	0.591323
16.99	28.54	40.06	49.27	3.54	2.06	39.830648	34.433580	37.077116	0.591334
17.00	28.54	40.06	49.28	3.54	2.06	39.835000	34.436348	37.080689	0.591346
17.00	28.54	40.06	49.29	3.54	2.06	39.839352	34.439115	37.084263	0.591357
17.00	28.54	40.05	49.29	3.54	2.06	39.843702	34.441882	37.087836	0.591368
17.01	28.54	40.05	49.30	3.54	2.06	39.848053	34.444650	37.091409	0.591379
17.01	28.54	40.05	49.30	3.54	2.06	39.852402	34.447417	37.094981	0.591391
17.01	28.54	40.05	49.31	3.54	2.06	39.856751	34.450185	37.098554	0.591402
17.01	28.54	40.05	49.31	3.54	2.06	39.861100	34.452952	37.102126	0.591413
17.02	28.54	40.04	49.32	3.54	2.06	39.865448	34.455719	37.105697	0.591424
17.02	28.54	40.04	49.33	3.54	2.06	39.869795	34.458486	37.109269	0.591435
17.02	28.54	40.04	49.33	3.54	2.06	39.874142	34.461254	37.112840	0.591447
17.02	28.54	40.04	49.34	3.54	2.06	39.878488	34.464021	37.116411	0.591458
17.03	28.54	40.04	49.34	3.54	2.06	39.882833	34.466788	37.119981	0.591469
17.03	28.54	40.03	49.35	3.54	2.06	39.887178	34.469555	37.123552	0.591480
17.03	28.54	40.03	49.35	3.54	2.06	39.891522	34.472322	37.127122	0.591492
17.04	28.54	40.03	49.36	3.54	2.06	39.895865	34.475090	37.130691	0.591503
17.04	28.54	40.03	49.37	3.54	2.06	39.900208	34.477857	37.134261	0.591514
17.04	28.54	40.03	49.37	3.54	2.06	39.904550	34.480624	37.137830	0.591525
17.04	28.54	40.02	49.38	3.54	2.06	39.908892	34.483391	37.141399	0.591536
17.05	28.54	40.02	49.38	3.54	2.06	39.913233	34.486158	37.144967	0.591547
17.05	28.54	40.02	49.39	3.54	2.06	39.917573	34.488925	37.148535	0.591559
17.05	28.54	40.02	49.39	3.54	2.06	39.921913	34.491692	37.152103	0.591570
17.06	28.54	40.02	49.40	3.54	2.06	39.926252	34.494458	37.155671	0.591581
17.06	28.54	40.01	49.41	3.54	2.06	39.930591	34.497225	37.159238	0.591592
17.06	28.54	40.01	49.41	3.54	2.06	39.934928	34.499992	37.162805	0.591603
17.06	28.54	40.01	49.42	3.54	2.06	39.939266	34.502759	37.166371	0.591614
17.07	28.54	40.01	49.42	3.54	2.06	39.943602	34.505526	37.169938	0.591626
17.07	28.54	40.01	49.43	3.54	2.07	39.947938	34.508292	37.173504	0.591637
17.07	28.54	40.00	49.43	3.54	2.07	39.952273	34.511059	37.177069	0.591648
17.07	28.54	40.00	49.44	3.54	2.07	39.956608	34.513825	37.180635	0.591659
17.08	28.54	40.00	49.45	3.54	2.07	39.960941	34.516592	37.184200	0.591670
17.08	28.54	40.00	49.45	3.54	2.07	39.965275	34.519359	37.187765	0.591681
17.08	28.54	40.00	49.46	3.54	2.07	39.969607	34.522125	37.191329	0.591692
17.09	28.54	39.99	49.46	3.54	2.07	39.973939	34.524891	37.194893	0.591704
17.09	28.54	39.99	49.47	3.54	2.07	39.978270	34.527658	37.198457	0.591715
17.09	28.54	39.99	49.47	3.54	2.07	39.982601	34.530424	37.202020	0.591726
17.09	28.54	39.99	49.48	3.54	2.07	39.986931	34.533190	37.205583	0.591737
17.10	28.54	39.99	49.49	3.54	2.07	39.991260	34.535957	37.209146	0.591748
17.10	28.54	39.98	49.49	3.54	2.07	39.995588	34.538723	37.212708	0.591759
17.10	28.54	39.98	49.50	3.54	2.07	39.999916	34.541489	37.216270	0.591770
17.11	28.54	39.98	49.50	3.54	2.07	40.004243	34.544255	37.219832	0.591781
17.11	28.54	39.98	49.51	3.54	2.07	40.008570	34.547021	37.223394	0.591792
17.11	28.54	39.98	49.51	3.54	2.07	40.012896	34.549787	37.226955	0.591804
17.11	28.54	39.97	49.52	3.54	2.07	40.017221	34.552553	37.230515	0.591815
17.12	28.54	39.97	49.53	3.54	2.07	40.021545	34.555319	37.234076	0.591826
17.12	28.54	39.97	49.53	3.54	2.07	40.025869	34.558085	37.237636	0.591837
17.12	28.54	39.97	49.54	3.54	2.07	40.030192	34.560850	37.241196	0.591848
17.12	28.54	39.96	49.54	3.54	2.07	40.034514	34.563616	37.244755	0.591859
17.13	28.54	39.96	49.55	3.54	2.07	40.038836	34.566382	37.248314	0.591870
17.13	28.54	39.96	49.55	3.54	2.07	40.043157	34.569147	37.251873	0.591881
17.13	28.54	39.96	49.56	3.54	2.07	40.047477	34.571913	37.255431	0.591892
17.14	28.54	39.96	49.56	3.54	2.07	40.051797	34.574678	37.258989	0.591903
17.14	28.54	39.95	49.57	3.54	2.07	40.056116	34.577444	37.262546	0.591914
17.14	28.54	39.95	49.58	3.54	2.07	40.060434	34.580209	37.266104	0.591925
17.14	28.54	39.95	49.58	3.54	2.07	40.064751	34.582974	37.269661	0.591936
17.15	28.54	39.95	49.59	3.54	2.07	40.069068	34.585739	37.273217	0.591947
17.15	28.54	39.95	49.59	3.54	2.07	40.073384	34.588505	37.276773	0.591958
17.15	28.54	39.94	49.60	3.54	2.07	40.077699	34.591270	37.280329	0.591969
17.16	28.54	39.94	49.60	3.54	2.07	40.082014	34.594035	37.283885	0.591980
17.16	28.54	39.94	49.61	3.54	2.07	40.086328	34.596800	37.287440	0.591991
17.16	28.54	39.94	49.61	3.54	2.07	40.090641	34.599564	37.290994	0.592002
17.16	28.54	39.93	49.62	3.54	2.07	40.094953	34.602329	37.294549	0.592013
17.17	28.54	39.93	49.63	3.54	2.07	40.099265	34.605094	37.298103	0.592024
17.17	28.54	39.93	49.63	3.54	2.07	40.103576	34.607858	37.301656	0.592035
17.17	28.54	39.93	49.64	3.54	2.07	40.107886	34.610623	37.305210	0.592046
17.18	28.54	39.93	49.64	3.54	2.07	40.112196	34.613388	37.308762	0.592057
17.18	28.54	39.92	49.65	3.54	2.07	40.116505	34.616152	37.312315	0.592068
17.18	28.54	39.92	49.65	3.55	2.07	40.120813	34.618916	37.315867	0.592079
17.18	28.54	39.92	49.66	3.55	2.07	40.125120	34.621681	37.319419	0.592090
17.19	28.54	39.92	49.66	3.55	2.07	40.129426	34.624445	37.322970	0.592101
17.19	28.54	39.91	49.67	3.55	2.07	40.133732	34.627209	37.326521	0.592112
17.19	28.54	39.91	49.68	3.55	2.07	40.138037	34.629973	37.330072	0.592123
17.19	28.54	39.91	49.68	3.55	2.07	40.142342	34.632737	37.333622	0.592134
17.20	28.54	39.91	49.69	3.55	2.07	40.146645	34.635501	37.337172	0.592145
17.20	28.54	39.90	49.69	3.55	2.07	40.150948	34.638264	37.340721	0.592156
17.20	28.54	39.90	49.70	3.55	2.07	40.155250	34.641028	37.344270	0.592167
17.21	28.54	39.90	49.70	3.55	2.07	40.159551	34.643792	37.347819	0.592178
17.21	28.54	39.90	49.71	3.55	2.07	40.163852	34.646555	37.351367	0.592189
17.21	28.54	39.90	49.71	3.55	2.07	40.168152	34.649319	37.354915	0.592200
17.21	28.54	39.89	49.72	3.55	2.07	40.172451	34.652082	37.358462	0.592211
17.22	28.54	39.89	49.73	3.55	2.07	40.176749	34.654845	37.362009	0.592222
17.22	28.54	39.89	49.73	3.55	2.07	40.181046	34.657608	37.365556	0.592232
17.22	28.54	39.89	49.74	3.55	2.07	40.185343	34.660371	37.369102	0.592243
17.23	28.54	39.88	49.74	3.55	2.07	40.189639	34.663134	37.372648	0.592254
17.23	28.54	39.88	49.75	3.55	2.07	40.193934	34.665897	37.376194	0.592265
17.23	28.54	39.88	49.75	3.55	2.07	40.198229	34.668660	37.379739	0.592276
17.23	28.54	39.88	49.76	3.55	2.07	40.202522	34.671423	37.383283	0.592287
17.24	28.54	39.87	49.76	3.55	2.07	40.206815	34.674185	37.386827	0.592298
17.24	28.54	39.87	49.77	3.55	2.07	40.211107	34.676948	37.390371	0.592309
17.24	28.54	39.87	49.78	3.55	2.07	40.215399	34.679710	37.393915	0.592320
17.24	28.54	39.87	49.78	3.55	2.08	40.219689	34.682472	37.397458	0.592330
17.25	28.54	39.87	49.79	3.55	2.08	40.223979	34.685235	37.401000	0.592341
17.25	28.54	39.86	49.79	3.55	2.08	40.228268	34.687997	37.404542	0.592352
17.25	28.54	39.86	49.80	3.55	2.08	40.232556	34.690759	37.408084	0.592363
17.26	28.54	39.86	49.80	3.55	2.08	40.236843	34.693521	37.411626	0.592374
17.26	28.54	39.86	49.81	3.55	2.08	40.241130	34.696282	37.415166	0.592385
17.26	28.54	39.85	49.81	3.55	2.08	40.245416	34.699044	37.418707	0.592396
17.26	28.54	39.85	49.82	3.55	2.08	40.249700	34.701806	37.422247	0.592407
17.27	28.54	39.85	49.82	3.55	2.08	40.253985	34.704567	37.425787	0.592417
17.27	28.54	39.85	49.83	3.55	2.08	40.258268	34.707329	37.429326	0.592428
17.27	28.54	39.84	49.84	3.55	2.08	40.262551	34.710090	37.432865	0.592439
17.27	28.54	39.84	49.84	3.55	2.08	40.266832	34.712851	37.436403	0.592450
17.28	28.54	39.84	49.85	3.55	2.08	40.271113	34.715612	37.439941	0.592461
17.28	28.54	39.84	49.85	3.55	2.08	40.275393	34.718373	37.443479	0.592471
17.28	28.54	39.83	49.86	3.55	2.08	40.279673	34.721134	37.447016	0.592482
17.29	28.54	39.83	49.86	3.55	2.08	40.283951	34.723894	37.450552	0.592493
17.29	28.54	39.83	49.87	3.55	2.08	40.288229	34.726655	37.454088	0.592504
17.29	28.54	39.83	49.87	3.55	2.08	40.292506	34.729416	37.457624	0.592515
17.29	28.54	39.82	49.88	3.55	2.08	40.296782	34.732176	37.461160	0.592525
17.30	28.54	39.82	49.88	3.55	2.08	40.301057	34.734936	37.464694	0.592536
17.30	28.54	39.82	49.89	3.55	2.08	40.305331	34.737696	37.468229	0.592547
17.30	28.54	39.82	49.90	3.55	2.08	40.309605	34.740456	37.471763	0.592558
17.31	28.54	39.81	49.90	3.55	2.08	40.313878	34.743216	37.475296	0.592569
17.31	28.54	39.81	49.91	3.55	2.08	40.318150	34.745976	37.478830	0.592579
17.31	28.54	39.81	49.91	3.55	2.08	40.322421	34.748736	37.482362	0.592590
17.31	28.54	39.81	49.92	3.55	2.08	40.326691	34.751495	37.485894	0.592601
17.32	28.54	39.80	49.92	3.55	2.08	40.330960	34.754254	37.489426	0.592612
17.32	28.54	39.80	49.93	3.55	2.08	40.335229	34.757014	37.492957	0.592622
17.32	28.54	39.80	49.93	3.55	2.08	40.339497	34.759773	37.496488	0.592633
17.32	28.54	39.80	49.94	3.55	2.08	40.343764	34.762532	37.500019	0.592644
17.33	28.54	39.79	49.94	3.55	2.08	40.348030	34.765291	37.503549	0.592655
17.33	28.54	39.79	49.95	3.55	2.08	40.352295	34.768050	37.507078	0.592665
17.33	28.54	39.79	49.96	3.55	2.08	40.356559	34.770808	37.510607	0.592676
17.34	28.54	39.79	49.96	3.55	2.08	40.360823	34.773567	37.514136	0.592687
17.34	28.54	39.78	49.97	3.55	2.08	40.365085	34.776325	37.517664	0.592698
17.34	28.54	39.78	49.97	3.55	2.08	40.369347	34.779083	37.521191	0.592708
17.34	28.54	39.78	49.98	3.55	2.08	40.373608	34.781841	37.524718	0.592719
17.35	28.54	39.78	49.98	3.55	2.08	40.377868	34.784599	37.528245	0.592730
17.35	28.54	39.77	49.99	3.55	2.08	40.382127	34.787357	37.531771	0.592740
17.35	28.54	39.77	49.99	3.55	2.08	40.386386	34.790115	37.535297	0.592751
17.36	28.54	39.77	50.00	3.55	2.08	40.390643	34.792872	37.538822	0.592762
17.36	28.54	39.77	50.00	3.55	2.08	40.394900	34.795630	37.542347	0.592773
17.36	28.54	39.76	50.01	3.55	2.08	40.399156	34.798387	37.545872	0.592783
17.36	28.54	39.76	50.01	3.55	2.08	40.403411	34.801144	37.549395	0.592794
17.37	28.54	39.76	50.02	3.55	2.08	40.407665	34.803901	37.552919	0.592805
17.37	28.54	39.76	50.03	3.55	2.08	40.411918	34.806658	37.556442	0.592815
17.37	28.54	39.75	50.03	3.55	2.08	40.416170	34.809415	37.559964	0.592826
17.38	28.54	39.75	50.04	3.55	2.08	40.420421	34.812171	37.563486	0.592837
17.38	28.54	39.75	50.04	3.55	2.08	40.424672	34.814928	37.567007	0.592847
17.38	28.54	39.75	50.05	3.55	2.08	40.428921	34.817684	37.570528	0.592858
17.38	28.54	39.74	50.05	3.55	2.08	40.433170	34.820440	37.574049	0.592869
17.39	28.54	39.74	50.06	3.55	2.08	40.437418	34.823196	37.577569	0.592879
17.39	28.54	39.74	50.06	3.55	2.08	40.441665	34.825952	37.581088	0.592890
17.39	28.54	39.74	50.07	3.55	2.08	40.445911	34.828708	37.584607	0.592900
17.39	28.54	39.73	50.07	3.55	2.08	40.450156	34.831463	37.588126	0.592911
17.40	28.54	39.73	50.08	3.55	2.08	40.454401	34.834218	37.591644	0.592922
17.40	28.54	39.73	50.08	3.55	2.08	40.458644	34.836974	37.595161	0.592932
17.40	28.54	39.73	50.09	3.55	2.08	40.462886	34.839729	37.598678	0.592943
17.41	28.54	39.72	50.09	3.55	2.08	40.467128	34.842484	37.602195	0.592954
17.41	28.54	39.72	50.10	3.56	2.08	40.471369	34.845238	37.605711	0.592964
17.41	28.54	39.72	50.11	3.56	2.08	40.475609	34.847993	37.609226	0.592975
17.41	28.54	39.71	50.11	3.56	2.08	40.479847	34.850747	37.612741	0.592985
17.42	28.54	39.71	50.12	3.56	2.08	40.484085	34.853502	37.616256	0.592996
17.42	28.54	39.71	50.12	3.56	2.08	40.488323	34.856256	37.619770	0.593006
17.42	28.54	39.71	50.13	3.56	2.08	40.492559	34.859010	37.623283	0.593017
17.43	28.54	39.70	50.13	3.56	2.08	40.496794	34.861763	37.626796	0.593028
17.43	28.54	39.70	50.14	3.56	2.09	40.501028	34.864517	37.630309	0.593038
17.43	28.54	39.70	50.14	3.56	2.09	40.505262	34.867270	37.633821	0.593049
17.43	28.54	39.70	50.15	3.56	2.09	40.509494	34.870024	37.637332	0.593059
17.44	28.54	39.69	50.15	3.56	2.09	40.513726	34.872777	37.640843	0.593070
17.44	28.54	39.69	50.16	3.56	2.09	40.517956	34.875530	37.644353	0.593080
17.44	28.54	39.69	50.16	3.56	2.09	40.522186	34.878283	37.647863	0.593091
17.44	28.54	39.68	50.17	3.56	2.09	40.526415	34.881035	37.651372	0.593102
17.45	28.54	39.68	50.17	3.56	2.09	40.530643	34.883788	37.654881	0.593112
17.45	28.54	39.68	50.18	3.56	2.09	40.534870	34.886540	37.658390	0.593123
17.45	28.54	39.68	50.18	3.56	2.09	40.539096	34.889292	37.661897	0.593133
17.46	28.54	39.67	50.19	3.56	2.09	40.543321	34.892044	37.665405	0.593144
17.46	28.54	39.67	50.19	3.56	2.09	40.547545	34.894796	37.668911	0.593154
17.46	28.54	39.67	50.20	3.56	2.09	40.551768	34.897547	37.672418	0.593165
17.46	28.54	39.67	50.21	3.56	2.09	40.555990	34.900299	37.675923	0.593175
17.47	28.54	39.66	50.21	3.56	2.09	40.560212	34.903050	37.679428	0.593186
17.47	28.54	39.66	50.22	3.56	2.09	40.564432	34.905801	37.682933	0.593196
17.47	28.54	39.66	50.22	3.56	2.09	40.568652	34.908552	37.686437	0.593207
17.48	28.54	39.65	50.23	3.56	2.09	40.572870	34.911302	37.689941	0.593217
17.48	28.54	39.65	50.23	3.56	2.09	40.577088	34.914053	37.693444	0.593228
17.48	28.54	39.65	50.24	3.56	2.09	40.581304	34.916803	37.696946	0.593238
17.48	28.54	39.65	50.24	3.56	2.09	40.585520	34.919553	37.700448	0.593249
17.49	28.54	39.64	50.25	3.56	2.09	40.589735	34.922303	37.703949	0.593259
17.49	28.54	39.64	50.25	3.56	2.09	40.593948	34.925053	37.707450	0.593270
17.49	28.54	39.64	50.26	3.56	2.09	40.598161	34.927802	37.710950	0.593280
17.49	28.54	39.64	50.26	3.56	2.09	40.602373	34.930552	37.714450	0.593291
17.50	28.54	39.63	50.27	3.56	2.09	40.606584	34.933301	37.717949	0.593301
17.50	28.54	39.63	50.27	3.56	2.09	40.610794	34.936050	37.721448	0.593311
17.50	28.54	39.63	50.28	3.56	2.09	40.615002	34.938799	37.724946	0.593322
17.51	28.54	39.62	50.28	3.56	2.09	40.619210	34.941547	37.728444	0.593332
17.51	28.54	39.62	50.29	3.56	2.09	40.623417	34.944296	37.731941	0.593343
17.51	28.54	39.62	50.29	3.56	2.09	40.627623	34.947044	37.735437	0.593353
17.51	28.54	39.62	50.30	3.56	2.09	40.631828	34.949792	37.738933	0.593364
17.52	28.54	39.61	50.30	3.56	2.09	40.636032	34.952540	37.742428	0.593374
17.52	28.54	39.61	50.31	3.56	2.09	40.640235	34.955287	37.745923	0.593384
17.52	28.54	39.61	50.31	3.56	2.09	40.644438	34.958035	37.749417	0.593395
17.52	28.54	39.60	50.32	3.56	2.09	40.648639	34.960782	37.752911	0.593405
17.53	28.54	39.60	50.33	3.56	2.09	40.652839	34.963529	37.756404	0.593416
17.53	28.54	39.60	50.33	3.56	2.09	40.657038	34.966276	37.759896	0.593426
17.53	28.54	39.60	50.34	3.56	2.09	40.661236	34.969023	37.763388	0.593436
17.54	28.54	39.59	50.34	3.56	2.09	40.665433	34.971769	37.766880	0.593447
17.54	28.54	39.59	50.35	3.56	2.09	40.669629	34.974515	37.770370	0.593457
17.54	28.54	39.59	50.35	3.56	2.09	40.673825	34.977261	37.773860	0.593468
17.54	28.54	39.58	50.36	3.56	2.09	40.678019	34.980007	37.777350	0.593478
17.55	28.54	39.58	50.36	3.56	2.09	40.682212	34.982753	37.780839	0.593488
17.55	28.54	39.58	50.37	3.56	2.09	40.686404	34.985498	37.784328	0.593499
17.55	28.54	39.57	50.37	3.56	2.09	40.690595	34.988243	37.787816	0.593509
17.56	28.54	39.57	50.38	3.56	2.09	40.694786	34.990988	37.791303	0.593519
17.56	28.54	39.57	50.38	3.56	2.09	40.698975	34.993733	37.794790	0.593530
17.56	28.54	39.57	50.39	3.56	2.09	40.703163	34.996477	37.798276	0.593540
17.56	28.54	39.56	50.39	3.56	2.09	40.707350	34.999222	37.801761	0.593550
17.57	28.54	39.56	50.40	3.56	2.09	40.711536	35.001966	37.805246	0.593561
17.57	28.54	39.56	50.40	3.56	2.09	40.715721	35.004710	37.808731	0.593571
17.57	28.54	39.55	50.41	3.56	2.09	40.719906	35.007453	37.812215	0.593581
17.57	28.54	39.55	50.41	3.56	2.09	40.724089	35.010197	37.815698	0.593592
17.58	28.54	39.55	50.42	3.56	2.09	40.728271	35.012940	37.819180	0.593602
17.58	28.54	39.55	50.42	3.56	2.09	40.732452	35.015683	37.822663	0.593612
17.58	28.54	39.54	50.43	3.56	2.09	40.736632	35.018426	37.826144	0.593623
17.59	28.54	39.54	50.43	3.56	2.09	40.740811	35.021168	37.829625	0.593633
17.59	28.54	39.54	50.44	3.56	2.09	40.744989	35.023911	37.833105	0.593643
17.59	28.54	39.53	50.44	3.56	2.09	40.749166	35.026653	37.836585	0.593654
17.59	28.54	39.53	50.45	3.56	2.09	40.753342	35.029395	37.840064	0.593664
17.60	28.54	39.53	50.45	3.56	2.09	40.757517	35.032136	37.843542	0.593674
17.60	28.54	39.52	50.46	3.56	2.09	40.761691	35.034878	37.847020	0.593684
17.60	28.54	39.52	50.46	3.56	2.09	40.765864	35.037619	37.850497	0.593695
17.61	28.54	39.52	50.47	3.56	2.09	40.770036	35.040360	37.853974	0.593705
17.61	28.54	39.52	50.47	3.56	2.09	40.774206	35.043101	37.857450	0.593715
17.61	28.54	39.51	50.48	3.56	2.09	40.778376	35.045841	37.860926	0.593725
17.61	28.54	39.51	50.48	3.56	2.09	40.782545	35.048582	37.864400	0.593736
17.62	28.54	39.51	50.49	3.56	2.09	40.786713	35.051322	37.867875	0.593746
17.62	28.54	39.50	50.49	3.56	2.10	40.790879	35.054061	37.871348	0.593756
17.62	28.54	39.50	50.50	3.56	2.10	40.795045	35.056801	37.874821	0.593766
17.62	28.54	39.50	50.50	3.56	2.10	40.799209	35.059540	37.878293	0.593777
17.63	28.54	39.49	50.51	3.56	2.10	40.803373	35.062279	37.881765	0.593787
17.63	28.54	39.49	50.51	3.56	2.10	40.807535	35.065018	37.885236	0.593797
17.63	28.54	39.49	50.52	3.56	2.10	40.811697	35.067757	37.888707	0.593807
17.64	28.54	39.49	50.52	3.56	2.10	40.815857	35.070495	37.892177	0.593818
17.64	28.54	39.48	50.53	3.56	2.10	40.820016	35.073233	37.895646	0.593828
17.64	28.54	39.48	50.53	3.57	2.10	40.824175	35.075971	37.899115	0.593838
17.64	28.54	39.48	50.54	3.57	2.10	40.828332	35.078709	37.902583	0.593848
17.65	28.54	39.47	50.54	3.57	2.10	40.832488	35.081446	37.906050	0.593858
17.65	28.54	39.47	50.55	3.57	2.10	40.836643	35.084184	37.909517	0.593868
17.65	28.54	39.47	50.55	3.57	2.10	40.840797	35.086920	37.912983	0.593879
17.66	28.54	39.46	50.56	3.57	2.10	40.844950	35.089657	37.916448	0.593889
17.66	28.54	39.46	50.56	3.57	2.10	40.849102	35.092394	37.919913	0.593899
17.66	28.54	39.46	50.57	3.57	2.10	40.853252	35.095130	37.923378	0.593909
17.66	28.54	39.45	50.57	3.57	2.10	40.857402	35.097866	37.926841	0.593919
17.67	28.54	39.45	50.58	3.57	2.10	40.861551	35.100601	37.930304	0.593929
17.67	28.54	39.45	50.58	3.57	2.10	40.865698	35.103337	37.933766	0.593940
17.67	28.54	39.44	50.59	3.57	2.10	40.869845	35.106072	37.937228	0.593950
17.68	28.54	39.44	50.59	3.57	2.10	40.873990	35.108807	37.940689	0.593960
17.68	28.54	39.44	50.60	3.57	2.10	40.878134	35.111541	37.944150	0.593970
17.68	28.54	39.44	50.60	3.57	2.10	40.882278	35.114276	37.947609	0.593980
17.68	28.54	39.43	50.61	3.57	2.10	40.886420	35.117010	37.951068	0.593990
17.69	28.54	39.43	50.61	3.57	2.10	40.890561	35.119744	37.954527	0.594000
17.69	28.54	39.43	50.62	3.57	2.10	40.894701	35.122477	37.957985	0.594011
17.69	28.54	39.42	50.62	3.57	2.10	40.898840	35.125211	37.961442	0.594021
17.69	28.54	39.42	50.63	3.57	2.10	40.902977	35.127944	37.964898	0.594031
17.70	28.54	39.42	50.63	3.57	2.10	40.907114	35.130676	37.968354	0.594041
17.70	28.54	39.41	50.64	3.57	2.10	40.911250	35.133409	37.971809	0.594051
17.70	28.54	39.41	50.64	3.57	2.10	40.915384	35.136141	37.975264	0.594061
17.71	28.54	39.41	50.65	3.57	2.10	40.919518	35.138873	37.978718	0.594071
17.71	28.54	39.40	50.65	3.57	2.10	40.923650	35.141605	37.982171	0.594081
17.71	28.54	39.40	50.66	3.57	2.10	40.927781	35.144336	37.985624	0.594091
17.71	28.54	39.40	50.66	3.57	2.10	40.931911	35.147068	37.989076	0.594101
17.72	28.54	39.39	50.67	3.57	2.10	40.936040	35.149799	37.992527	0.594111
17.72	28.54	39.39	50.67	3.57	2.10	40.940168	35.152529	37.995977	0.594121
17.72	28.54	39.39	50.68	3.57	2.10	40.944295	35.155260	37.999427	0.594132
17.73	28.54	39.38	50.68	3.57	2.10	40.948420	35.157990	38.002877	0.594142
17.73	28.54	39.38	50.69	3.57	2.10	40.952545	35.160719	38.006325	0.594152
17.73	28.54	39.38	50.69	3.57	2.10	40.956668	35.163449	38.009773	0.594162
17.73	28.54	39.37	50.70	3.57	2.10	40.960791	35.166178	38.013220	0.594172
17.74	28.54	39.37	50.70	3.57	2.10	40.964912	35.168907	38.016667	0.594182
17.74	28.54	39.37	50.71	3.57	2.10	40.969032	35.171636	38.020113	0.594192
17.74	28.54	39.36	50.71	3.57	2.10	40.973151	35.174364	38.023558	0.594202
17.74	28.54	39.36	50.72	3.57	2.10	40.977268	35.177092	38.027002	0.594212
17.75	28.54	39.36	50.72	3.57	2.10	40.981385	35.179820	38.030446	0.594222
17.75	28.54	39.36	50.73	3.57	2.10	40.985501	35.182548	38.033889	0.594232
17.75	28.54	39.35	50.73	3.57	2.10	40.989615	35.185275	38.037332	0.594242
17.76	28.54	39.35	50.74	3.57	2.10	40.993728	35.188002	38.040774	0.594252
17.76	28.54	39.35	50.74	3.57	2.10	40.997841	35.190729	38.044215	0.594262
17.76	28.54	39.34	50.75	3.57	2.10	41.001952	35.193455	38.047655	0.594272
17.76	28.54	39.34	50.75	3.57	2.10	41.006062	35.196181	38.051095	0.594282
17.77	28.54	39.34	50.76	3.57	2.10	41.010170	35.198907	38.054534	0.594292
17.77	28.54	39.33	50.76	3.57	2.10	41.014278	35.201633	38.057972	0.594302
17.77	28.54	39.33	50.77	3.57	2.10	41.018384	35.204358	38.061410	0.594312
17.77	28.54	39.33	50.77	3.57	2.10	41.022490	35.207083	38.064847	0.594322
17.78	28.54	39.32	50.78	3.57	2.10	41.026594	35.209808	38.068283	0.594332
17.78	28.54	39.32	50.78	3.57	2.10	41.030697	35.212532	38.071719	0.594342
17.78	28.54	39.32	50.79	3.57	2.10	41.034799	35.215256	38.075154	0.594351
17.79	28.54	39.31	50.79	3.57	2.10	41.038899	35.217980	38.078588	0.594361
17.79	28.54	39.31	50.80	3.57	2.10	41.042999	35.220703	38.082022	0.594371
17.79	28.54	39.31	50.80	3.57	2.10	41.047097	35.223427	38.085454	0.594381
17.79	28.54	39.30	50.81	3.57	2.10	41.051195	35.226149	38.088887	0.594391
17.80	28.54	39.30	50.81	3.57	2.10	41.055291	35.228872	38.092318	0.594401
17.80	28.54	39.30	50.82	3.57	2.10	41.059386	35.231594	38.095749	0.594411
17.80	28.54	39.29	50.82	3.57	2.10	41.063480	35.234316	38.099179	0.594421
17.81	28.54	39.29	50.83	3.57	2.10	41.067572	35.237038	38.102608	0.594431
17.81	28.54	39.29	50.83	3.57	2.10	41.071664	35.239759	38.106036	0.594441
17.81	28.54	39.28	50.84	3.57	2.10	41.075754	35.242480	38.109464	0.594451
17.81	28.54	39.28	50.84	3.57	2.10	41.079843	35.245201	38.112891	0.594461
17.82	28.54	39.28	50.84	3.57	2.10	41.083931	35.247921	38.116318	0.594470
17.82	28.54	39.27	50.85	3.57	2.11	41.088018	35.250641	38.119744	0.594480
17.82	28.54	39.27	50.85	3.57	2.11	41.092104	35.253361	38.123169	0.594490
17.82	28.54	39.27	50.86	3.57	2.11	41.096188	35.256081	38.126593	0.594500
17.83	28.54	39.26	50.86	3.57	2.11	41.100271	35.258800	38.130016	0.594510
17.83	28.54	39.26	50.87	3.57	2.11	41.104353	35.261519	38.133439	0.594520
17.83	28.54	39.25	50.87	3.57	2.11	41.108434	35.264237	38.136861	0.594530
17.84	28.54	39.25	50.88	3.57	2.11	41.112514	35.266955	38.140283	0.594539
17.84	28.54	39.25	50.88	3.57	2.11	41.116592	35.269673	38.143703	0.594549
17.84	28.54	39.24	50.89	3.57	2.11	41.120670	35.272391	38.147123	0.594559
17.84	28.54	39.24	50.89	3.57	2.11	41.124746	35.275108	38.150542	0.594569
17.85	28.54	39.24	50.90	3.57	2.11	41.128821	35.277825	38.153961	0.594579
17.85	28.54	39.23	50.90	3.57	2.11	41.132895	35.280542	38.157379	0.594589
17.85	28.54	39.23	50.91	3.57	2.11	41.136967	35.283258	38.160796	0.594598
17.86	28.54	39.23	50.91	3.57	2.11	41.141039	35.285974	38.164212	0.594608
17.86	28.54	39.22	50.92	3.57	2.11	41.145109	35.288690	38.167627	0.594618
17.86	28.54	39.22	50.92	3.57	2.11	41.149178	35.291405	38.171042	0.594628
17.86	28.54	39.22	50.93	3.57	2.11	41.153246	35.294120	38.174456	0.594638
17.87	28.54	39.21	50.93	3.57	2.11	41.157312	35.296834	38.177870	0.594647
17.87	28.54	39.21	50.94	3.57	2.11	41.161378	35.299549	38.181282	0.594657
17.87	28.54	39.21	50.94	3.57	2.11	41.165442	35.302263	38.184694	0.594667
17.88	28.54	39.20	50.95	3.57	2.11	41.169505	35.304976	38.188105	0.594677
17.88	28.54	39.20	50.95	3.58	2.11	41.173567	35.307690	38.191515	0.594687
17.88	28.54	39.20	50.95	3.58	2.11	41.177628	35.310403	38.194925	0.594696
17.88	28.54	39.19	50.96	3.58	2.11	41.181687	35.313115	38.198334	0.594706
17.89	28.54	39.19	50.96	3.58	2.11	41.185745	35.315828	38.201742	0.594716
17.89	28.54	39.19	50.97	3.58	2.11	41.189802	35.318540	38.205149	0.594726
17.89	28.54	39.18	50.97	3.58	2.11	41.193858	35.321251	38.208556	0.594735
17.89	28.54	39.18	50.98	3.58	2.11	41.197912	35.323963	38.211962	0.594745
17.90	28.54	39.17	50.98	3.58	2.11	41.201966	35.326674	38.215367	0.594755
17.90	28.54	39.17	50.99	3.58	2.11	41.206018	35.329384	38.218771	0.594765
17.90	28.54	39.17	50.99	3.58	2.11	41.210069	35.332094	38.222175	0.594774
17.91	28.54	39.16	51.00	3.58	2.11	41.214118	35.334804	38.225578	0.594784
17.91	28.54	39.16	51.00	3.58	2.11	41.218167	35.337514	38.228980	0.594794
17.91	28.54	39.16	51.01	3.58	2.11	41.222214	35.340223	38.232381	0.594803
17.91	28.54	39.15	51.01	3.58	2.11	41.226260	35.342932	38.235782	0.594813
17.92	28.54	39.15	51.02	3.58	2.11	41.230304	35.345641	38.239181	0.594823
17.92	28.54	39.15	51.02	3.58	2.11	41.234348	35.348349	38.242580	0.594832
17.92	28.54	39.14	51.03	3.58	2.11	41.238390	35.351057	38.245979	0.594842
17.93	28.54	39.14	51.03	3.58	2.11	41.242431	35.353764	38.249376	0.594852
17.93	28.54	39.14	51.04	3.58	2.11	41.246471	35.356471	38.252773	0.594862
17.93	28.54	39.13	51.04	3.58	2.11	41.250510	35.359178	38.256169	0.594871
17.93	28.54	39.13	51.04	3.58	2.11	41.254547	35.361884	38.259564	0.594881
17.94	28.54	39.13	51.05	3.58	2.11	41.258583	35.364590	38.262958	0.594891
17.94	28.54	39.12	51.05	3.58	2.11	41.262618	35.367296	38.266352	0.594900
17.94	28.54	39.12	51.06	3.58	2.11	41.266651	35.370001	38.269745	0.594910
17.94	28.54	39.11	51.06	3.58	2.11	41.270684	35.372706	38.273137	0.594919
17.95	28.54	39.11	51.07	3.58	2.11	41.274715	35.375411	38.276528	0.594929
17.95	28.54	39.11	51.07	3.58	2.11	41.278745	35.378115	38.279918	0.594939
17.95	28.54	39.10	51.08	3.58	2.11	41.282773	35.380819	38.283308	0.594948
17.96	28.54	39.10	51.08	3.58	2.11	41.286800	35.383523	38.286697	0.594958
17.96	28.54	39.10	51.09	3.58	2.11	41.290827	35.386226	38.290085	0.594968
17.96	28.54	39.09	51.09	3.58	2.11	41.294851	35.388929	38.293473	0.594977
17.96	28.54	39.09	51.10	3.58	2.11	41.298875	35.391631	38.296859	0.594987
17.97	28.54	39.09	51.10	3.58	2.11	41.302897	35.394333	38.300245	0.594996
17.97	28.54	39.08	51.10	3.58	2.11	41.306918	35.397035	38.303630	0.595006
17.97	28.54	39.08	51.11	3.58	2.11	41.310938	35.399736	38.307014	0.595016
17.98	28.54	39.07	51.11	3.58	2.11	41.314956	35.402437	38.310398	0.595025
17.98	28.54	39.07	51.12	3.58	2.11	41.318974	35.405138	38.313780	0.595035
17.98	28.54	39.07	51.12	3.58	2.11	41.322990	35.407838	38.317162	0.595044
17.98	28.54	39.06	51.13	3.58	2.11	41.327004	35.410538	38.320543	0.595054
17.99	28.54	39.06	51.13	3.58	2.11	41.331018	35.413237	38.323923	0.595064
17.99	28.54	39.06	51.14	3.58	2.11	41.335030	35.415936	38.327303	0.595073
17.99	28.54	39.05	51.14	3.58	2.11	41.339041	35.418635	38.330681	0.595083
17.99	28.54	39.05	51.15	3.58	2.11	41.343050	35.421333	38.334059	0.595092
18.00	28.54	39.04	51.15	3.58	2.11	41.347059	35.424031	38.337436	0.595102
18.00	28.54	39.04	51.16	3.58	2.11	41.351066	35.426729	38.340812	0.595111
18.00	28.54	39.04	51.16	3.58	2.11	41.355071	35.429426	38.344188	0.595121
18.01	28.54	39.03	51.16	3.58	2.11	41.359076	35.432123	38.347562	0.595130
18.01	28.54	39.03	51.17	3.58	2.11	41.363079	35.434819	38.350936	0.595140
18.01	28.54	39.03	51.17	3.58	2.11	41.367081	35.437515	38.354309	0.595149
18.01	28.54	39.02	51.18	3.58	2.11	41.371082	35.440211	38.357681	0.595159
18.02	28.54	39.02	51.18	3.58	2.11	41.375081	35.442906	38.361052	0.595168
18.02	28.54	39.02	51.19	3.58	2.11	41.379079	35.445601	38.364423	0.595178
18.02	28.54	39.01	51.19	3.58	2.11	41.383076	35.448296	38.367792	0.595187
18.02	28.54	39.01	51.20	3.58	2.11	41.387071	35.450990	38.371161	0.595197
18.03	28.54	39.00	51.20	3.58	2.11	41.391065	35.453683	38.374529	0.595206
18.03	28.54	39.00	51.21	3.58	2.11	41.395058	35.456377	38.377897	0.595216
18.03	28.54	39.00	51.21	3.58	2.12	41.399050	35.459070	38.381263	0.595225
18.04	28.54	38.99	51.22	3.58	2.12	41.403040	35.461762	38.384629	0.595235
18.04	28.54	38.99	51.22	3.58	2.12	41.407029	35.464454	38.387993	0.595244
18.04	28.54	38.99	51.22	3.58	2.12	41.411017	35.467146	38.391357	0.595254
18.04	28.54	38.98	51.23	3.58	2.12	41.415003	35.469837	38.394720	0.595263
18.05	28.54	38.98	51.23	3.58	2.12	41.418988	35.472528	38.398083	0.595273
18.05	28.54	38.97	51.24	3.58	2.12	41.422972	35.475219	38.401444	0.595282
18.05	28.54	38.97	51.24	3.58	2.12	41.426954	35.477909	38.404805	0.595292
18.06	28.54	38.97	51.25	3.58	2.12	41.430935	35.480599	38.408165	0.595301
18.06	28.54	38.96	51.25	3.58	2.12	41.434915	35.483288	38.411524	0.595310
18.06	28.54	38.96	51.26	3.58	2.12	41.438893	35.485977	38.414882	0.595320
18.06	28.54	38.95	51.26	3.58	2.12	41.442870	35.488665	38.418239	0.595329
18.07	28.54	38.95	51.26	3.58	2.12	41.446846	35.491353	38.421595	0.595339
18.07	28.54	38.95	51.27	3.58	2.12	41.450821	35.494041	38.424951	0.595348
18.07	28.54	38.94	51.27	3.58	2.12	41.454794	35.496728	38.428306	0.595357
18.07	28.54	38.94	51.28	3.58	2.12	41.458766	35.499415	38.431660	0.595367
18.08	28.54	38.94	51.28	3.58	2.12	41.462736	35.502102	38.435013	0.595376
18.08	28.54	38.93	51.29	3.58	2.12	41.466706	35.504788	38.438365	0.595386
18.08	28.54	38.93	51.29	3.58	2.12	41.470673	35.507474	38.441716	0.595395
18.09	28.54	38.92	51.30	3.58	2.12	41.474640	35.510159	38.445067	0.595404
18.09	28.54	38.92	51.30	3.58	2.12	41.478605	35.512844	38.448416	0.595414
18.09	28.54	38.92	51.31	3.58	2.12	41.482569	35.515528	38.451765	0.595423
18.09	28.54	38.91	51.31	3.58	2.12	41.486532	35.518212	38.455113	0.595432
18.10	28.54	38.91	51.31	3.58	2.12	41.490493	35.520896	38.458460	0.595442
18.10	28.54	38.90	51.32	3.58	2.12	41.494453	35.523579	38.461807	0.595451
18.10	28.54	38.90	51.32	3.58	2.12	41.498411	35.526261	38.465152	0.595461
18.11	28.54	38.90	51.33	3.58	2.12	41.502368	35.528944	38.468497	0.595470
18.11	28.54	38.89	51.33	3.58	2.12	41.506324	35.531626	38.471840	0.595479
18.11	28.54	38.89	51.34	3.58	2.12	41.510279	35.534307	38.475183	0.595489
18.11	28.54	38.89	51.34	3.58	2.12	41.514232	35.536988	38.478525	0.595498
18.12	28.54	38.88	51.35	3.59	2.12	41.518184	35.539669	38.481866	0.595507
18.12	28.54	38.88	51.35	3.59	2.12	41.522134	35.542349	38.485207	0.595516
18.12	28.54	38.87	51.35	3.59	2.12	41.526083	35.545029	38.488546	0.595526
18.12	28.54	38.87	51.36	3.59	2.12	41.530031	35.547708	38.491884	0.595535
18.13	28.54	38.87	51.36	3.59	2.12	41.533977	35.550387	38.495222	0.595544
18.13	28.54	38.86	51.37	3.59	2.12	41.537922	35.553065	38.498559	0.595554
18.13	28.54	38.86	51.37	3.59	2.12	41.541866	35.555743	38.501895	0.595563
18.14	28.54	38.85	51.38	3.59	2.12	41.545808	35.558421	38.505230	0.595572
18.14	28.54	38.85	51.38	3.59	2.12	41.549749	35.561098	38.508564	0.595582
18.14	28.54	38.85	51.39	3.59	2.12	41.553689	35.563775	38.511897	0.595591
18.14	28.54	38.84	51.39	3.59	2.12	41.557627	35.566451	38.515230	0.595600
18.15	28.54	38.84	51.39	3.59	2.12	41.561564	35.569127	38.518561	0.595609
18.15	28.54	38.83	51.40	3.59	2.12	41.565500	35.571802	38.521892	0.595619
18.15	28.54	38.83	51.40	3.59	2.12	41.569434	35.574477	38.525222	0.595628
18.16	28.54	38.83	51.41	3.59	2.12	41.573367	35.577152	38.528550	0.595637
18.16	28.54	38.82	51.41	3.59	2.12	41.577298	35.579826	38.531878	0.595646
18.16	28.54	38.82	51.42	3.59	2.12	41.581228	35.582499	38.535206	0.595656
18.16	28.54	38.81	51.42	3.59	2.12	41.585157	35.585173	38.538532	0.595665
18.17	28.54	38.81	51.42	3.59	2.12	41.589084	35.587845	38.541857	0.595674
18.17	28.54	38.81	51.43	3.59	2.12	41.593010	35.590518	38.545182	0.595683
18.17	28.54	38.80	51.43	3.59	2.12	41.596934	35.593190	38.548505	0.595692
18.18	28.54	38.80	51.44	3.59	2.12	41.600857	35.595861	38.551828	0.595702
18.18	28.54	38.79	51.44	3.59	2.12	41.604779	35.598532	38.555150	0.595711
18.18	28.54	38.79	51.45	3.59	2.12	41.608700	35.601203	38.558470	0.595720
18.18	28.54	38.79	51.45	3.59	2.12	41.612619	35.603873	38.561790	0.595729
18.19	28.54	38.78	51.46	3.59	2.12	41.616536	35.606542	38.565110	0.595738
18.19	28.54	38.78	51.46	3.59	2.12	41.620452	35.609211	38.568428	0.595748
18.19	28.54	38.77	51.46	3.59	2.12	41.624367	35.611880	38.571745	0.595757
18.19	28.54	38.77	51.47	3.59	2.12	41.628281	35.614548	38.575061	0.595766
18.20	28.54	38.77	51.47	3.59	2.12	41.632193	35.617216	38.578377	0.595775
18.20	28.54	38.76	51.48	3.59	2.12	41.636103	35.619883	38.581692	0.595784
18.20	28.54	38.76	51.48	3.59	2.12	41.640013	35.622550	38.585005	0.595793
18.21	28.54	38.75	51.49	3.59	2.12	41.643920	35.625217	38.588318	0.595802
18.21	28.54	38.75	51.49	3.59	2.12	41.647827	35.627883	38.591630	0.595812
18.21	28.54	38.75	51.49	3.59	2.12	41.651732	35.630548	38.594941	0.595821
18.21	28.54	38.74	51.50	3.59	2.12	41.655635	35.633213	38.598251	0.595830
18.22	28.54	38.74	51.50	3.59	2.12	41.659538	35.635878	38.601560	0.595839
18.22	28.54	38.73	51.51	3.59	2.12	41.663439	35.638542	38.604868	0.595848
18.22	28.54	38.73	51.51	3.59	2.12	41.667338	35.641205	38.608176	0.595857
18.23	28.54	38.73	51.52	3.59	2.12	41.671236	35.643869	38.611482	0.595866
18.23	28.54	38.72	51.52	3.59	2.12	41.675133	35.646531	38.614788	0.595875
18.23	28.54	38.72	51.52	3.59	2.12	41.679028	35.649193	38.618092	0.595885
18.23	28.54	38.71	51.53	3.59	2.12	41.682922	35.651855	38.621396	0.595894
18.24	28.54	38.71	51.53	3.59	2.12	41.686814	35.654517	38.624699	0.595903
18.24	28.54	38.71	51.54	3.59	2.12	41.690705	35.657177	38.628000	0.595912
18.24	28.54	38.70	51.54	3.59	2.12	41.694594	35.659838	38.631301	0.595921
18.24	28.54	38.70	51.55	3.59	2.12	41.698482	35.662498	38.634601	0.595930
18.25	28.54	38.69	51.55	3.59	2.12	41.702369	35.665157	38.637900	0.595939
18.25	28.54	38.69	51.55	3.59	2.12	41.706254	35.667816	38.641198	0.595948
18.25	28.54	38.68	51.56	3.59	2.12	41.710138	35.670474	38.644496	0.595957
18.26	28.54	38.68	51.56	3.59	2.12	41.714021	35.673132	38.647792	0.595966
18.26	28.54	38.68	51.57	3.59	2.12	41.717902	35.675790	38.651087	0.595975
18.26	28.54	38.67	51.57	3.59	2.13	41.721781	35.678447	38.654382	0.595984
18.26	28.54	38.67	51.58	3.59	2.13	41.725659	35.681103	38.657675	0.595993
18.27	28.54	38.66	51.58	3.59	2.13	41.729536	35.683759	38.660968	0.596002
18.27	28.54	38.66	51.58	3.59	2.13	41.733411	35.686415	38.664259	0.596011
18.27	28.54	38.66	51.59	3.59	2.13	41.737285	35.689070	38.667550	0.596020
18.27	28.54	38.65	51.59	3.59	2.13	41.741158	35.691724	38.670840	0.596029
18.28	28.54	38.65	51.60	3.59	2.13	41.745028	35.694378	38.674128	0.596038
18.28	28.54	38.64	51.60	3.59	2.13	41.748898	35.697032	38.677416	0.596047
18.28	28.54	38.64	51.61	3.59	2.13	41.752766	35.699685	38.680703	0.596056
18.29	28.54	38.63	51.61	3.59	2.13	41.756633	35.702338	38.683989	0.596065
18.29	28.54	38.63	51.61	3.59	2.13	41.760498	35.704990	38.687274	0.596074
18.29	28.54	38.63	51.62	3.59	2.13	41.764362	35.707641	38.690558	0.596083
18.29	28.54	38.62	51.62	3.59	2.13	41.768224	35.710293	38.693841	0.596092
18.30	28.54	38.62	51.63	3.59	2.13	41.772085	35.712943	38.697123	0.596101
18.30	28.54	38.61	51.63	3.59	2.13	41.775944	35.715593	38.700404	0.596110
18.30	28.54	38.61	51.63	3.59	2.13	41.779802	35.718243	38.703685	0.596119
18.31	28.54	38.61	51.64	3.59	2.13	41.783659	35.720892	38.706964	0.596128
18.31	28.54	38.60	51.64	3.59	2.13	41.787514	35.723541	38.710242	0.596137
18.31	28.54	38.60	51.65	3.59	2.13	41.791367	35.726189	38.713520	0.596146
18.31	28.54	38.59	51.65	3.59	2.13	41.795219	35.728836	38.716796	0.596155
18.32	28.54	38.59	51.66	3.59	2.13	41.799070	35.731484	38.720072	0.596164
18.32	28.54	38.58	51.66	3.59	2.13	41.802919	35.734130	38.723346	0.596173
18.32	28.54	38.58	51.66	3.59	2.13	41.806767	35.736776	38.726620	0.596182
18.32	28.54	38.58	51.67	3.59	2.13	41.810613	35.739422	38.729892	0.596191
18.33	28.54	38.57	51.67	3.59	2.13	41.814458	35.742067	38.733164	0.596200
18.33	28.54	38.57	51.68	3.59	2.13	41.818301	35.744712	38.736435	0.596208
18.33	28.54	38.56	51.68	3.59	2.13	41.822143	35.747356	38.739704	0.596217
18.34	28.54	38.56	51.68	3.59	2.13	41.825984	35.749999	38.742973	0.596226
18.34	28.54	38.55	51.69	3.59	2.13	41.829823	35.752642	38.746241	0.596235
18.34	28.54	38.55	51.69	3.59	2.13	41.833660	35.755285	38.749508	0.596244
18.34	28.54	38.55	51.70	3.59	2.13	41.837496	35.757927	38.752774	0.596253
18.35	28.54	38.54	51.70	3.59	2.13	41.841331	35.760569	38.756038	0.596262
18.35	28.54	38.54	51.71	3.59	2.13	41.845164	35.763210	38.759302	0.596271
18.35	28.54	38.53	51.71	3.59	2.13	41.848995	35.765850	38.762565	0.596279
18.36	28.54	38.53	51.71	3.59	2.13	41.852825	35.768490	38.765827	0.596288
18.36	28.54	38.52	51.72	3.59	2.13	41.856654	35.771130	38.769088	0.596297
18.36	28.54	38.52	51.72	3.60	2.13	41.860481	35.773769	38.772348	0.596306
18.36	28.54	38.52	51.73	3.60	2.13	41.864307	35.776407	38.775607	0.596315
18.37	28.54	38.51	51.73	3.60	2.13	41.868131	35.779045	38.778865	0.596324
18.37	28.54	38.51	51.73	3.60	2.13	41.871953	35.781682	38.782122	0.596332
18.37	28.54	38.50	51.74	3.60	2.13	41.875775	35.784319	38.785378	0.596341
18.38	28.54	38.50	51.74	3.60	2.13	41.879594	35.786955	38.788633	0.596350
18.38	28.54	38.49	51.75	3.60	2.13	41.883412	35.789591	38.791887	0.596359
18.38	28.54	38.49	51.75	3.60	2.13	41.887229	35.792226	38.795140	0.596368
18.38	28.54	38.49	51.76	3.60	2.13	41.891044	35.794861	38.798392	0.596376
18.39	28.54	38.48	51.76	3.60	2.13	41.894858	35.797495	38.801643	0.596385
18.39	28.54	38.48	51.76	3.60	2.13	41.898670	35.800129	38.804894	0.596394
18.39	28.54	38.47	51.77	3.60	2.13	41.902481	35.802762	38.808143	0.596403
18.39	28.54	38.47	51.77	3.60	2.13	41.906290	35.805395	38.811391	0.596412
18.40	28.54	38.46	51.78	3.60	2.13	41.910098	35.808027	38.814638	0.596420
18.40	28.54	38.46	51.78	3.60	2.13	41.913904	35.810659	38.817884	0.596429
18.40	28.54	38.45	51.78	3.60	2.13	41.917709	35.813290	38.821129	0.596438
18.41	28.54	38.45	51.79	3.60	2.13	41.921512	35.815920	38.824373	0.596447
18.41	28.54	38.45	51.79	3.60	2.13	41.925314	35.818550	38.827617	0.596455
18.41	28.54	38.44	51.80	3.60	2.13	41.929114	35.821179	38.830859	0.596464
18.41	28.54	38.44	51.80	3.60	2.13	41.932912	35.823808	38.834100	0.596473
18.42	28.54	38.43	51.80	3.60	2.13	41.936710	35.826437	38.837340	0.596482
18.42	28.54	38.43	51.81	3.60	2.13	41.940505	35.829064	38.840579	0.596490
18.42	28.54	38.42	51.81	3.60	2.13	41.944299	35.831692	38.843817	0.596499
18.43	28.54	38.42	51.82	3.60	2.13	41.948092	35.834318	38.847054	0.596508
18.43	28.54	38.42	51.82	3.60	2.13	41.951883	35.836945	38.850290	0.596516
18.43	28.54	38.41	51.82	3.60	2.13	41.955673	35.839570	38.853525	0.596525
18.43	28.54	38.41	51.83	3.60	2.13	41.959461	35.842195	38.856759	0.596534
18.44	28.54	38.40	51.83	3.60	2.13	41.963247	35.844820	38.859993	0.596543
18.44	28.54	38.40	51.84	3.60	2.13	41.967032	35.847444	38.863225	0.596551
18.44	28.54	38.39	51.84	3.60	2.13	41.970816	35.850067	38.866456	0.596560
18.44	28.54	38.39	51.84	3.60	2.13	41.974598	35.852690	38.869686	0.596569
18.45	28.54	38.38	51.85	3.60	2.13	41.978378	35.855312	38.872915	0.596577
18.45	28.54	38.38	51.85	3.60	2.13	41.982157	35.857934	38.876143	0.596586
18.45	28.54	38.38	51.86	3.60	2.13	41.985934	35.860555	38.879370	0.596595
18.46	28.54	38.37	51.86	3.60	2.13	41.989710	35.863176	38.882595	0.596603
18.46	28.54	38.37	51.86	3.60	2.13	41.993484	35.865796	38.885820	0.596612
18.46	28.54	38.36	51.87	3.60	2.13	41.997257	35.868416	38.889044	0.596620
18.46	28.54	38.36	51.87	3.60	2.13	42.001028	35.871035	38.892267	0.596629
18.47	28.54	38.35	51.88	3.60	2.13	42.004798	35.873653	38.895489	0.596638
18.47	28.54	38.35	51.88	3.60	2.13	42.008566	35.876271	38.898710	0.596646
18.47	28.54	38.34	51.88	3.60	2.13	42.012333	35.878888	38.901929	0.596655
18.48	28.54	38.34	51.89	3.60	2.13	42.016098	35.881505	38.905148	0.596664
18.48	28.54	38.33	51.89	3.60	2.13	42.019861	35.884121	38.908366	0.596672
18.48	28.54	38.33	51.90	3.60	2.13	42.023623	35.886737	38.911583	0.596681
18.48	28.54	38.33	51.90	3.60	2.13	42.027384	35.889352	38.914798	0.596689
18.49	28.54	38.32	51.90	3.60	2.13	42.031142	35.891966	38.918013	0.596698
18.49	28.54	38.32	51.91	3.60	2.13	42.034900	35.894580	38.921226	0.596707
18.49	28.54	38.31	51.91	3.60	2.13	42.038656	35.897193	38.924439	0.596715
18.49	28.54	38.31	51.92	3.60	2.13	42.042410	35.899806	38.927650	0.596724
18.50	28.54	38.30	51.92	3.60	2.13	42.046162	35.902418	38.930861	0.596732
18.50	28.54	38.30	51.92	3.60	2.13	42.049913	35.905030	38.934070	0.596741
18.50	28.54	38.29	51.93	3.60	2.13	42.053663	35.907641	38.937279	0.596749
18.51	28.54	38.29	51.93	3.60	2.13	42.057411	35.910252	38.940486	0.596758
18.51	28.54	38.29	51.94	3.60	2.13	42.061157	35.912861	38.943692	0.596767
18.51	28.54	38.28	51.94	3.60	2.14	42.064902	35.915471	38.946897	0.596775
18.51	28.54	38.28	51.94	3.60	2.14	42.068646	35.918080	38.950102	0.596784
18.52	28.54	38.27	51.95	3.60	2.14	42.072387	35.920688	38.953305	0.596792
18.52	28.54	38.27	51.95	3.60	2.14	42.076128	35.923295	38.956507	0.596801
18.52	28.54	38.26	51.95	3.60	2.14	42.079866	35.925902	38.959708	0.596809
18.52	28.54	38.26	51.96	3.60	2.14	42.083603	35.928509	38.962908	0.596818
18.53	28.54	38.25	51.96	3.60	2.14	42.087339	35.931115	38.966107	0.596826
18.53	28.54	38.25	51.97	3.60	2.14	42.091073	35.933720	38.969304	0.596835
18.53	28.54	38.24	51.97	3.60	2.14	42.094805	35.936324	38.972501	0.596843
18.54	28.54	38.24	51.97	3.60	2.14	42.098536	35.938929	38.975697	0.596852
18.54	28.54	38.23	51.98	3.60	2.14	42.102265	35.941532	38.978892	0.596860
18.54	28.54	38.23	51.98	3.60	2.14	42.105992	35.944135	38.982085	0.596869
18.54	28.54	38.23	51.99	3.60	2.14	42.109718	35.946737	38.985278	0.596877
18.55	28.54	38.22	51.99	3.60	2.14	42.113443	35.949339	38.988469	0.596886
18.55	28.54	38.22	51.99	3.60	2.14	42.117166	35.951940	38.991660	0.596894
18.55	28.54	38.21	52.00	3.60	2.14	42.120887	35.954541	38.994849	0.596902
18.56	28.54	38.21	52.00	3.60	2.14	42.124607	35.957141	38.998037	0.596911
18.56	28.54	38.20	52.01	3.60	2.14	42.128325	35.959740	39.001225	0.596919
18.56	28.54	38.20	52.01	3.60	2.14	42.132041	35.962339	39.004411	0.596928
18.56	28.54	38.19	52.01	3.60	2.14	42.135756	35.964937	39.007596	0.596936
18.57	28.54	38.19	52.02	3.60	2.14	42.139469	35.967535	39.010780	0.596945
18.57	28.54	38.18	52.02	3.60	2.14	42.143181	35.970132	39.013963	0.596953
18.57	28.54	38.18	52.02	3.60	2.14	42.146891	35.972728	39.017145	0.596962
18.57	28.54	38.17	52.03	3.60	2.14	42.150600	35.975324	39.020325	0.596970
18.58	28.54	38.17	52.03	3.60	2.14	42.154307	35.977919	39.023505	0.596978
18.58	28.54	38.17	52.04	3.60	2.14	42.158012	35.980513	39.026684	0.596987
18.58	28.54	38.16	52.04	3.60	2.14	42.161716	35.983107	39.029861	0.596995
18.59	28.54	38.16	52.04	3.60	2.14	42.165418	35.985701	39.033038	0.597004
18.59	28.54	38.15	52.05	3.60	2.14	42.169119	35.988294	39.036213	0.597012
18.59	28.54	38.15	52.05	3.60	2.14	42.172818	35.990886	39.039387	0.597020
18.59	28.54	38.14	52.06	3.60	2.14	42.176515	35.993477	39.042561	0.597029
18.60	28.54	38.14	52.06	3.60	2.14	42.180211	35.996068	39.045733	0.597037
18.60	28.54	38.13	52.06	3.60	2.14	42.183905	35.998659	39.048904	0.597045
18.60	28.54	38.13	52.07	3.60	2.14	42.187598	36.001248	39.052074	0.597054
18.61	28.54	38.12	52.07	3.60	2.14	42.191289	36.003837	39.055243	0.597062
18.61	28.54	38.12	52.07	3.60	2.14	42.194978	36.006426	39.058410	0.597070
18.61	28.54	38.11	52.08	3.60	2.14	42.198666	36.009014	39.061577	0.597079
18.61	28.54	38.11	52.08	3.61	2.14	42.202352	36.011601	39.064743	0.597087
18.62	28.54	38.10	52.09	3.61	2.14	42.206036	36.014188	39.067907	0.597095
18.62	28.54	38.10	52.09	3.61	2.14	42.209719	36.016774	39.071071	0.597104
18.62	28.54	38.09	38.09	3.61	2.14	42.213400	36.019359	39.074233	0.597112
18.62	28.54	38.09	38.09	3.61	2.14	42.217080	36.021944	39.077394	0.597120
18.63	28.54	38.09	38.09	3.61	2.14	42.220758	36.024528	39.080554	0.597129
18.63	28.54	38.08	38.08	3.61	2.14	42.224434	36.027112	39.083713	0.597137
18.63	28.54	38.08	38.08	3.61	2.14	42.228106	36.029695	39.086871	0.597145
18.64	28.54	38.07	38.07	3.61	2.14	42.231763	36.032277	39.090027	0.597153
18.64	28.54	38.07	38.07	3.61	2.14	42.235374	36.034858	39.093179	0.597161
18.64	28.54	38.06	38.06	3.61	2.14	42.238886	36.037439	39.096323	0.597169
18.64	28.54	38.06	38.06	3.61	2.14	42.242227	36.040020	39.099451	0.597176
18.65	28.54	38.05	38.05	3.61	2.14	42.245313	36.042599	39.102555	0.597182
18.65	28.54	38.05	38.05	3.61	2.14	42.248063	36.045177	39.105623	0.597186
18.65	28.54	38.04	38.04	3.61	2.14	42.250400	36.047755	39.108642	0.597188
18.66	28.54	38.04	38.04	3.61	2.14	42.252260	36.050331	39.111600	0.597189
18.66	28.54	38.03	38.03	3.61	2.14	42.253593	36.052905	39.114484	0.597187
18.66	28.54	38.03	38.03	3.61	2.14	42.254362	36.055479	39.117282	0.597182
18.66	28.54	38.02	38.02	3.61	2.14	42.254541	36.058050	39.119983	0.597175
18.67	28.54	38.02	38.02	3.61	2.14	42.254115	36.060620	39.122576	0.597166
18.67	28.54	38.01	38.01	3.61	2.14	42.253081	36.063188	39.125052	0.597154
18.67	28.54	38.01	38.01	3.61	2.14	42.251439	36.065753	39.127404	0.597139
18.68	28.54	38.00	38.00	3.61	2.14	42.249199	36.068317	39.129623	0.597121
18.68	28.54	38.00	38.00	3.61	2.14	42.246373	36.070878	39.131704	0.597101
18.68	28.54	37.99	37.99	3.61	2.14	42.242976	36.073437	39.133642	0.597078
18.68	28.54	37.99	37.99	3.61	2.14	42.239028	36.075992	39.135433	0.597053
18.69	28.54	37.98	37.98	3.61	2.14	42.234550	36.078545	39.137074	0.597026
18.69	28.54	37.98	37.98	3.61	2.14	42.229561	36.081094	39.138561	0.596996
18.69	28.54	37.98	37.98	3.61	2.13	42.224086	36.083640	39.139893	0.596964
18.69	28.54	37.97	37.97	3.61	2.13	42.218146	36.086181	39.141068	0.596931
18.70	28.54	37.97	37.97	3.61	2.13	42.211764	36.088718	39.142086	0.596895
18.70	28.54	37.96	37.96	3.61	2.13	42.204961	36.091249	39.142947	0.596857
18.70	28.54	37.96	37.96	3.61	2.13	42.197759	36.093775	39.143649	0.596818
18.71	28.54	37.95	37.95	3.61	2.13	42.190179	36.096295	39.144194	0.596776
18.71	28.54	37.95	37.95	3.61	2.13	42.182242	36.098807	39.144582	0.596734
18.71	28.54	37.94	37.94	3.61	2.13	42.173967	36.101312	39.144814	0.596689
18.71	28.54	37.94	37.94	3.61	2.13	42.165373	36.103809	39.144892	0.596643
18.72	28.54	37.93	37.93	3.61	2.13	42.156478	36.106296	39.144818	0.596596
18.72	28.54	37.93	37.93	3.61	2.12	42.147299	36.108774	39.144591	0.596548
18.72	28.54	37.92	37.92	3.61	2.12	42.137853	36.111241	39.144216	0.596498
18.73	28.54	37.92	37.92	3.61	2.12	42.128154	36.113696	39.143693	0.596448
18.73	28.54	37.91	37.91	3.61	2.12	42.118219	36.116139	39.143024	0.596396
18.73	28.54	37.91	37.91	3.61	2.12	42.108061	36.118569	39.142213	0.596343
18.73	28.54	37.90	37.90	3.61	2.12	42.097693	36.120985	39.141261	0.596289
18.74	28.54	37.90	37.90	3.60	2.12	42.087129	36.123386	39.140170	0.596234
18.74	28.54	37.89	37.89	3.60	2.12	42.076380	36.125771	39.138944	0.596179
18.74	28.54	37.89	37.89	3.60	2.11	42.065457	36.128140	39.137584	0.596122
18.74	28.54	37.88	37.88	3.60	2.11	42.054372	36.130491	39.136094	0.596065
18.75	28.54	37.88	37.88	3.60	2.11	42.043135	36.132824	39.134475	0.596007
18.75	28.54	37.87	37.87	3.60	2.11	42.031754	36.135138	39.132730	0.595948
18.75	28.54	37.87	37.87	3.60	2.11	42.020240	36.137432	39.130863	0.595889
18.76	28.54	37.86	37.86	3.60	2.11	42.008602	36.139706	39.128875	0.595830
18.76	28.54	37.86	37.86	3.60	2.11	41.996846	36.141959	39.126769	0.595769
18.76	28.54	37.85	37.85	3.60	2.11	41.984981	36.144190	39.124548	0.595708
18.76	28.54	37.85	37.85	3.60	2.10	41.973015	36.146399	39.122215	0.595647
18.77	28.54	37.84	37.84	3.60	2.10	41.960953	36.148584	39.119772	0.595585
18.77	28.54	37.84	37.84	3.60	2.10	41.948803	36.150746	39.117221	0.595523
18.77	28.54	37.83	37.83	3.60	2.10	41.936571	36.152883	39.114565	0.595460
18.77	28.54	37.83	37.83	3.60	2.10	41.924263	36.154996	39.111808	0.595397
18.78	28.54	37.82	37.82	3.60	2.10	41.911884	36.157083	39.108950	0.595334
18.78	28.54	37.82	37.82	3.60	2.10	41.899439	36.159145	39.105995	0.595270
18.78	28.54	37.81	37.81	3.60	2.09	41.886934	36.161180	39.102945	0.595206
18.79	28.54	37.81	37.81	3.60	2.09	41.874372	36.163188	39.099803	0.595142
18.79	28.54	37.80	37.80	3.60	2.09	41.861759	36.165170	39.096571	0.595078
18.79	28.54	37.80	37.80	3.60	2.09	41.849099	36.167124	39.093251	0.595013
18.79	28.54	37.79	37.79	3.60	2.09	41.836395	36.169050	39.089846	0.594948
18.80	28.54	37.79	37.79	3.60	2.09	41.823651	36.170948	39.086357	0.594883
18.80	28.54	37.78	37.78	3.60	2.09	41.810871	36.172818	39.082787	0.594818
18.80	28.54	37.78	37.78	3.60	2.08	41.798058	36.174659	39.079139	0.594752
18.81	28.54	37.77	37.77	3.60	2.08	41.785215	36.176471	39.075414	0.594686
18.81	28.54	37.77	37.77	3.60	2.08	41.772346	36.178255	39.071614	0.594621
18.81	28.54	37.76	37.76	3.60	2.08	41.759453	36.180009	39.067742	0.594555
18.81	28.54	37.76	37.76	3.60	2.08	41.746538	36.181733	39.063799	0.594489
18.82	28.54	37.75	37.75	3.60	2.08	41.733605	36.183428	39.059788	0.594423
18.82	28.54	37.75	37.75	3.60	2.07	41.720656	36.185093	39.055710	0.594356
18.82	28.54	37.74	37.74	3.60	2.07	41.707693	36.186729	39.051567	0.594290
18.82	28.54	37.74	37.74	3.60	2.07	41.694717	36.188334	39.047361	0.594224
18.83	28.54	37.73	37.73	3.60	2.07	41.681732	36.189910	39.043095	0.594157
18.83	28.54	37.73	37.73	3.60	2.07	41.668740	36.191455	39.038768	0.594091
18.83	28.54	37.72	37.72	3.60	2.07	41.655741	36.192971	39.034385	0.594024
18.84	28.54	37.72	37.72	3.60	2.07	41.642738	36.194456	39.029945	0.593958
18.84	28.54	37.71	37.71	3.60	2.06	41.629732	36.195912	39.025451	0.593891
18.84	28.54	37.71	37.71	3.60	2.06	41.616725	36.197337	39.020904	0.593825
18.84	28.54	37.70	37.70	3.60	2.06	41.603719	36.198732	39.016306	0.593758
18.85	28.54	37.70	37.70	3.60	2.06	41.590714	36.200098	39.011659	0.593691
18.85	28.54	37.69	37.69	3.60	2.06	41.577713	36.201433	39.006963	0.593625
18.85	28.54	37.69	37.69	3.60	2.06	41.564716	36.202739	39.002221	0.593558
18.86	28.54	37.68	37.68	3.60	2.06	41.551724	36.204014	38.997433	0.593492
18.86	28.54	37.68	37.68	3.60	2.05	41.538739	36.205260	38.992601	0.593425
18.86	28.54	37.67	37.67	3.60	2.05	41.525762	36.206477	38.987727	0.593359
18.86	28.54	37.67	37.67	3.60	2.05	41.512794	36.207663	38.982812	0.593292
18.87	28.54	37.66	37.66	3.60	2.05	41.499835	36.208821	38.977857	0.593226
18.87	28.54	37.66	37.66	3.60	2.05	41.486887	36.209949	38.972863	0.593159
18.87	28.54	37.65	37.65	3.60	2.05	41.473951	36.211048	38.967831	0.593093
18.88	28.54	37.65	37.65	3.60	2.05	41.461026	36.212117	38.962763	0.593027
18.88	28.54	37.64	37.64	3.60	2.04	41.448115	36.213158	38.957660	0.592960
18.88	28.54	37.64	37.64	3.60	2.04	41.435218	36.214170	38.952523	0.592894
18.88	28.54	37.63	37.63	3.59	2.04	41.422335	36.215153	38.947352	0.592828
18.89	28.54	37.63	37.63	3.59	2.04	41.409468	36.216108	38.942150	0.592762
18.89	28.54	37.62	37.62	3.59	2.04	41.396616	36.217034	38.936917	0.592696
18.89	28.54	37.62	37.62	3.59	2.04	41.383780	36.217933	38.931654	0.592630
18.89	28.54	37.61	37.61	3.59	2.03	41.370961	36.218803	38.926363	0.592564
18.90	28.54	37.61	37.61	3.59	2.03	41.358160	36.219645	38.921043	0.592498
18.90	28.54	37.60	37.60	3.59	2.03	41.345377	36.220459	38.915696	0.592433
18.90	28.54	37.60	37.60	3.59	2.03	41.332612	36.221246	38.910323	0.592367
18.91	28.54	37.59	37.59	3.59	2.03	41.319866	36.222006	38.904925	0.592301
18.91	28.54	37.59	37.59	3.59	2.03	41.307139	36.222738	38.899503	0.592236
18.91	28.54	37.58	37.58	3.59	2.03	41.294432	36.223443	38.894057	0.592170
18.91	28.54	37.57	37.57	3.59	2.02	41.281745	36.224122	38.888588	0.592105
18.92	28.54	37.57	37.57	3.59	2.02	41.269078	36.224773	38.883097	0.592040
18.92	28.54	37.56	37.56	3.59	2.02	41.256432	36.225398	38.877585	0.591975
18.92	28.54	37.56	37.56	3.59	2.02	41.243807	36.225997	38.872052	0.591910
18.93	28.54	37.55	37.55	3.59	2.02	41.231204	36.226570	38.866500	0.591845
18.93	28.54	37.55	37.55	3.59	2.02	41.218622	36.227116	38.860929	0.591780
18.93	28.54	37.54	37.54	3.59	2.02	41.206062	36.227637	38.855339	0.591715
18.93	28.54	37.54	37.54	3.59	2.01	41.193524	36.228132	38.849732	0.591650
18.94	28.54	37.53	37.53	3.59	2.01	41.181008	36.228602	38.844107	0.591586
18.94	28.54	37.53	37.53	3.59	2.01	41.168515	36.229047	38.838466	0.591521
18.94	28.54	37.52	37.52	3.59	2.01	41.156044	36.229466	38.832810	0.591457
18.94	28.54	37.52	37.52	3.59	2.01	41.143597	36.229860	38.827138	0.591393
18.95	28.54	37.51	37.51	3.59	2.01	41.131173	36.230230	38.821451	0.591329
18.95	28.54	37.51	37.51	3.59	2.01	41.118772	36.230575	38.815750	0.591265
18.95	28.54	37.50	37.50	3.59	2.00	41.106394	36.230896	38.810036	0.591201
18.96	28.54	37.50	37.50	3.59	2.00	41.094040	36.231193	38.804309	0.591137
18.96	28.54	37.49	37.49	3.59	2.00	41.081710	36.231465	38.798569	0.591073
18.96	28.54	37.49	37.49	3.59	2.00	41.069403	36.231714	38.792817	0.591009
18.96	28.54	37.48	37.48	3.59	2.00	41.057121	36.231939	38.787054	0.590946
18.97	28.54	37.48	37.48	3.59	2.00	41.044862	36.232140	38.781279	0.590882
18.97	28.54	37.47	37.47	3.59	2.00	41.032628	36.232318	38.775494	0.590819
18.97	28.54	37.47	37.47	3.59	1.99	41.020418	36.232473	38.769699	0.590756
18.98	28.54	37.46	37.46	3.59	1.99	41.008233	36.232605	38.763894	0.590693
18.98	28.54	37.45	37.45	3.59	1.99	40.996071	36.232714	38.758080	0.590630
18.98	28.54	37.45	37.45	3.59	1.99	40.983934	36.232801	38.752256	0.590567
18.98	28.54	37.44	37.44	3.59	1.99	40.971822	36.232865	38.746425	0.590504
18.99	28.54	37.44	37.44	3.59	1.99	40.959735	36.232907	38.740585	0.590441
18.99	28.54	37.43	37.43	3.59	1.99	40.947672	36.232926	38.734737	0.590379
18.99	28.54	37.43	37.43	3.59	1.98	40.935633	36.232924	38.728882	0.590316
18.99	28.54	37.42	37.42	3.59	1.98	40.923620	36.232899	38.723020	0.590254
19.00	28.54	37.42	37.42	3.59	1.98	40.911631	36.232853	38.717152	0.590192
19.00	28.54	37.41	37.41	3.59	1.98	40.899667	36.232786	38.711276	0.590130
19.00	28.54	37.41	37.41	3.59	1.98	40.887727	36.232697	38.705395	0.590068
19.01	28.54	37.40	37.40	3.59	1.98	40.875813	36.232586	38.699508	0.590006
19.01	28.54	37.40	37.40	3.59	1.98	40.863923	36.232455	38.693616	0.589944
19.01	28.54	37.39	37.39	3.59	1.98	40.852058	36.232303	38.687718	0.589882
19.01	28.54	37.39	37.39	3.59	1.97	40.840218	36.232130	38.681816	0.589821
19.02	28.54	37.38	37.38	3.58	1.97	40.828403	36.231936	38.675909	0.589759
19.02	28.54	37.38	37.38	3.58	1.97	40.816612	36.231722	38.669998	0.589698
19.02	28.54	37.37	37.37	3.58	1.97	40.804847	36.231488	38.664082	0.589637
19.02	28.54	37.36	37.36	3.58	1.97	40.793106	36.231233	38.658163	0.589576
19.03	28.54	37.36	37.36	3.58	1.97	40.781390	36.230959	38.652240	0.589515
19.03	28.54	37.35	37.35	3.58	1.97	40.769699	36.230664	38.646314	0.589454
19.03	28.54	37.35	37.35	3.58	1.96	40.758032	36.230350	38.640385	0.589393
19.04	28.54	37.34	37.34	3.58	1.96	40.746390	36.230016	38.634453	0.589333
19.04	28.54	37.34	37.34	3.58	1.96	40.734773	36.229663	38.628519	0.589272
19.04	28.54	37.33	37.33	3.58	1.96	40.723181	36.229290	38.622582	0.589212
19.04	28.54	37.33	37.33	3.58	1.96	40.711613	36.228898	38.616642	0.589151
19.05	28.54	37.32	37.32	3.58	1.96	40.700070	36.228487	38.610701	0.589091
19.05	28.54	37.32	37.32	3.58	1.96	40.688551	36.228057	38.604758	0.589031
19.05	28.54	37.31	37.31	3.58	1.96	40.677057	36.227609	38.598813	0.588971
19.06	28.54	37.31	37.31	3.58	1.95	40.665588	36.227141	38.592867	0.588911
19.06	28.54	37.30	37.30	3.58	1.95	40.654143	36.226655	38.586919	0.588852
19.06	28.54	37.29	37.29	3.58	1.95	40.642722	36.226151	38.580970	0.588792
19.06	28.54	37.29	37.29	3.58	1.95	40.631325	36.225628	38.575021	0.588733
19.07	28.54	37.28	37.28	3.58	1.95	40.619953	36.225087	38.569070	0.588673
19.07	28.54	37.28	37.28	3.58	1.95	40.608606	36.224528	38.563119	0.588614
19.07	28.54	37.27	37.27	3.58	1.95	40.597282	36.223951	38.557167	0.588555
19.07	28.54	37.27	37.27	3.58	1.94	40.585982	36.223357	38.551215	0.588496
19.08	28.54	37.26	37.26	3.58	1.94	40.574707	36.222744	38.545263	0.588437
19.08	28.54	37.26	37.26	3.58	1.94	40.563456	36.222114	38.539311	0.588378
19.08	28.54	37.25	37.25	3.58	1.94	40.552228	36.221467	38.533359	0.588319
19.09	28.54	37.25	37.25	3.58	1.94	40.541025	36.220802	38.527407	0.588261
19.09	28.54	37.24	37.24	3.58	1.94	40.529845	36.220120	38.521455	0.588202
19.09	28.54	37.24	37.24	3.58	1.94	40.518690	36.219421	38.515504	0.588144
19.09	28.54	37.23	37.23	3.58	1.94	40.507558	36.218705	38.509553	0.588086
19.10	28.54	37.22	37.22	3.58	1.93	40.496449	36.217972	38.503603	0.588028
19.10	28.54	37.22	37.22	3.58	1.93	40.485364	36.217222	38.497654	0.587970
19.10	28.54	37.21	37.21	3.58	1.93	40.474303	36.216455	38.491706	0.587912
19.11	28.54	37.21	37.21	3.58	1.93	40.463266	36.215672	38.485758	0.587854
19.11	28.54	37.20	37.20	3.58	1.93	40.452251	36.214872	38.479812	0.587796
19.11	28.54	37.20	37.20	3.58	1.93	40.441260	36.214056	38.473867	0.587739
19.11	28.54	37.19	37.19	3.58	1.93	40.430293	36.213224	38.467923	0.587681
19.12	28.54	37.19	37.19	3.58	1.93	40.419348	36.212376	38.461981	0.587624
19.12	28.54	37.18	37.18	3.58	1.92	40.408427	36.211511	38.456040	0.587566
19.12	28.54	37.18	37.18	3.58	1.92	40.397529	36.210631	38.450100	0.587509
19.12	28.54	37.17	37.17	3.58	1.92	40.386654	36.209735	38.444162	0.587452
19.13	28.54	37.16	37.16	3.58	1.92	40.375802	36.208823	38.438226	0.587395
19.13	28.54	37.16	37.16	3.58	1.92	40.364972	36.207895	38.432292	0.587339
19.13	28.54	37.15	37.15	3.58	1.92	40.354166	36.206952	38.426359	0.587282
19.14	28.54	37.15	37.15	3.58	1.92	40.343382	36.205993	38.420429	0.587225
19.14	28.54	37.14	37.14	3.58	1.92	40.332620	36.205019	38.414500	0.587169
19.14	28.54	37.14	37.14	3.58	1.91	40.321882	36.204030	38.408574	0.587112
19.14	28.54	37.13	37.13	3.58	1.91	40.311166	36.203026	38.402649	0.587056
19.15	28.54	37.13	37.13	3.58	1.91	40.300472	36.202006	38.396727	0.587000
19.15	28.54	37.12	37.12	3.58	1.91	40.289801	36.200971	38.390807	0.586944
19.15	28.54	37.11	37.11	3.57	1.91	40.279151	36.199922	38.384890	0.586888
19.16	28.54	37.11	37.11	3.57	1.91	40.268525	36.198858	38.378974	0.586832
19.16	28.54	37.10	37.10	3.57	1.91	40.257920	36.197779	38.373061	0.586777
19.16	28.54	37.10	37.10	3.57	1.91	40.247337	36.196685	38.367151	0.586721
19.16	28.54	37.09	37.09	3.57	1.90	40.236776	36.195577	38.361243	0.586666
19.17	28.54	37.09	37.09	3.57	1.90	40.226237	36.194455	38.355338	0.586610
19.17	28.54	37.08	37.08	3.57	1.90	40.215720	36.193318	38.349435	0.586555
19.17	28.54	37.08	37.08	3.57	1.90	40.205225	36.192167	38.343535	0.586500
19.18	28.54	37.07	37.07	3.57	1.90	40.194751	36.191001	38.337638	0.586445
19.18	28.54	37.06	37.06	3.57	1.90	40.184299	36.189822	38.331743	0.586390
19.18	28.54	37.06	37.06	3.57	1.90	40.173868	36.188628	38.325851	0.586335
19.18	28.54	37.05	37.05	3.57	1.90	40.163459	36.187421	38.319963	0.586280
19.19	28.54	37.05	37.05	3.57	1.90	40.153071	36.186200	38.314076	0.586225
19.19	28.54	37.04	37.04	3.57	1.89	40.142705	36.184964	38.308193	0.586171
19.19	28.54	37.04	37.04	3.57	1.89	40.132360	36.183716	38.302313	0.586117
19.19	28.54	37.03	37.03	3.57	1.89	40.122035	36.182453	38.296436	0.586062
19.20	28.54	37.03	37.03	3.57	1.89	40.111732	36.181177	38.290562	0.586008
19.20	28.54	37.02	37.02	3.57	1.89	40.101450	36.179888	38.284690	0.585954
19.20	28.54	37.01	37.01	3.57	1.89	40.091189	36.178585	38.278822	0.585900
19.21	28.54	37.01	37.01	3.57	1.89	40.080948	36.177269	38.272957	0.585846
19.21	28.54	37.00	37.00	3.57	1.89	40.070728	36.175940	38.267095	0.585792
19.21	28.54	37.00	37.00	3.57	1.88	40.060529	36.174598	38.261236	0.585738
19.21	28.54	36.99	36.99	3.57	1.88	40.050350	36.173242	38.255381	0.585685
19.22	28.54	36.99	36.99	3.57	1.88	40.040192	36.171874	38.249528	0.585631
19.22	28.54	36.98	36.98	3.57	1.88	40.030055	36.170493	38.243679	0.585578
19.22	28.54	36.98	36.98	3.57	1.88	40.019937	36.169098	38.237833	0.585525
19.23	28.54	36.97	36.97	3.57	1.88	40.009840	36.167692	38.231991	0.585472
19.23	28.54	36.96	36.96	3.57	1.88	39.999763	36.166272	38.226151	0.585419
19.23	28.54	36.96	36.96	3.57	1.88	39.989706	36.164840	38.220315	0.585366
19.23	28.54	36.95	36.95	3.57	1.88	39.979670	36.163395	38.214482	0.585313
19.24	28.54	36.95	36.95	3.57	1.87	39.969653	36.161938	38.208653	0.585260
19.24	28.54	36.94	36.94	3.57	1.87	39.959656	36.160468	38.202827	0.585207
19.24	28.54	36.94	36.94	3.57	1.87	39.949678	36.158986	38.197004	0.585155
19.24	28.54	36.93	36.93	3.57	1.87	39.939721	36.157492	38.191185	0.585102
19.25	28.54	36.92	36.92	3.57	1.87	39.929783	36.155985	38.185369	0.585050
19.25	28.54	36.92	36.92	3.57	1.87	39.919865	36.154467	38.179557	0.584998
19.25	28.54	36.91	36.91	3.57	1.87	39.909966	36.152936	38.173748	0.584945
19.26	28.54	36.91	36.91	3.57	1.87	39.900087	36.151394	38.167942	0.584893
19.26	28.54	36.90	36.90	3.57	1.87	39.890227	36.149839	38.162140	0.584841
19.26	28.54	36.90	36.90	3.57	1.86	39.880386	36.148273	38.156342	0.584790
19.26	28.54	36.89	36.89	3.57	1.86	39.870564	36.146695	38.150546	0.584738
19.27	28.54	36.88	36.88	3.57	1.86	39.860761	36.145105	38.144755	0.584686
19.27	28.54	36.88	36.88	3.57	1.86	39.850978	36.143504	38.138967	0.584635
19.27	28.54	36.87	36.87	3.57	1.86	39.841213	36.141891	38.133182	0.584583
19.27	28.54	36.87	36.87	3.57	1.86	39.831468	36.140266	38.127401	0.584532
19.28	28.54	36.86	36.86	3.57	1.86	39.821741	36.138630	38.121623	0.584481
19.28	28.54	36.86	36.86	3.57	1.86	39.812033	36.136983	38.115849	0.584429
19.28	28.54	36.85	36.85	3.57	1.86	39.802343	36.135324	38.110079	0.584378
19.29	28.54	36.85	36.85	3.57	1.85	39.792672	36.133654	38.104312	0.584327
19.29	28.54	36.84	36.84	3.57	1.85	39.783019	36.131973	38.098548	0.584277
19.29	28.54	36.83	36.83	3.56	1.85	39.773385	36.130280	38.092788	0.584226
19.29	28.54	36.83	36.83	3.56	1.85	39.763770	36.128577	38.087032	0.584175
19.30	28.54	36.82	36.82	3.56	1.85	39.754172	36.126863	38.081279	0.584124
19.30	28.54	36.82	36.82	3.56	1.85	39.744593	36.125137	38.075530	0.584074
19.30	28.54	36.81	36.81	3.56	1.85	39.735032	36.123401	38.069785	0.584024
19.31	28.54	36.81	36.81	3.56	1.85	39.725489	36.121654	38.064043	0.583973
19.31	28.54	36.80	36.80	3.56	1.85	39.715963	36.119896	38.058304	0.583923
19.31	28.54	36.79	36.79	3.56	1.84	39.706456	36.118128	38.052569	0.583873
19.31	28.54	36.79	36.79	3.56	1.84	39.696967	36.116349	38.046838	0.583823
19.32	28.54	36.78	36.78	3.56	1.84	39.687495	36.114559	38.041110	0.583773
19.32	28.54	36.78	36.78	3.56	1.84	39.678041	36.112759	38.035386	0.583723
19.32	28.54	36.77	36.77	3.56	1.84	39.668605	36.110948	38.029666	0.583674
19.32	28.54	36.76	36.76	3.56	1.84	39.659186	36.109127	38.023949	0.583624
19.33	28.54	36.76	36.76	3.56	1.84	39.649785	36.107296	38.018235	0.583574
19.33	28.54	36.75	36.75	3.56	1.84	39.640401	36.105454	38.012526	0.583525
19.33	28.54	36.75	36.75	3.56	1.84	39.631034	36.103602	38.006819	0.583476
19.34	28.54	36.74	36.74	3.56	1.83	39.621684	36.101740	38.001117	0.583426
19.34	28.54	36.74	36.74	3.56	1.83	39.612352	36.099867	37.995418	0.583377
19.34	28.54	36.73	36.73	3.56	1.83	39.603037	36.097985	37.989723	0.583328
19.34	28.54	36.72	36.72	3.56	1.83	39.593739	36.096093	37.984031	0.583279
19.35	28.54	36.72	36.72	3.56	1.83	39.584458	36.094190	37.978342	0.583230
19.35	28.54	36.71	36.71	3.56	1.83	39.575193	36.092278	37.972658	0.583181
19.35	28.54	36.71	36.71	3.56	1.83	39.565946	36.090356	37.966977	0.583133
19.36	28.54	36.70	36.70	3.56	1.83	39.556715	36.088424	37.961299	0.583084
19.36	28.54	36.70	36.70	3.56	1.83	39.547501	36.086483	37.955625	0.583036
19.36	28.54	36.69	36.69	3.56	1.83	39.538304	36.084531	37.949955	0.582987
19.36	28.54	36.68	36.68	3.56	1.82	39.529123	36.082570	37.944288	0.582939
19.37	28.54	36.68	36.68	3.56	1.82	39.519959	36.080600	37.938625	0.582891
19.37	28.54	36.67	36.67	3.56	1.82	39.510811	36.078620	37.932965	0.582842
19.37	28.54	36.67	36.67	3.56	1.82	39.501679	36.076630	37.927309	0.582794
19.38	28.54	36.66	36.66	3.56	1.82	39.492564	36.074631	37.921657	0.582746
19.38	28.54	36.65	36.65	3.56	1.82	39.483465	36.072623	37.916008	0.582699
19.38	28.54	36.65	36.65	3.56	1.82	39.474381	36.070606	37.910362	0.582651
19.38	28.54	36.64	36.64	3.56	1.82	39.465315	36.068579	37.904720	0.582603
19.39	28.54	36.64	36.64	3.56	1.82	39.456264	36.066543	37.899082	0.582555
19.39	28.54	36.63	36.63	3.56	1.81	39.447229	36.064498	37.893447	0.582508
19.39	28.54	36.63	36.63	3.56	1.81	39.438209	36.062443	37.887816	0.582460
19.39	28.54	36.62	36.62	3.56	1.81	39.429206	36.060380	37.882188	0.582413
19.40	28.54	36.61	36.61	3.56	1.81	39.420218	36.058308	37.876564	0.582366
19.40	28.54	36.61	36.61	3.56	1.81	39.411246	36.056226	37.870943	0.582319
19.40	28.54	36.60	36.60	3.56	1.81	39.402290	36.054136	37.865326	0.582272
19.41	28.54	36.60	36.60	3.56	1.81	39.393349	36.052037	37.859712	0.582225
19.41	28.54	36.59	36.59	3.56	1.81	39.384424	36.049929	37.854102	0.582178
19.41	28.54	36.58	36.58	3.56	1.81	39.375514	36.047812	37.848495	0.582131
19.41	28.54	36.58	36.58	3.56	1.81	39.366619	36.045687	37.842892	0.582084
19.42	28.54	36.57	36.57	3.56	1.80	39.357740	36.043553	37.837292	0.582037
19.42	28.54	36.57	36.57	3.56	1.80	39.348875	36.041410	37.831696	0.581991
19.42	28.54	36.56	36.56	3.56	1.80	39.340026	36.039259	37.826103	0.581944
19.43	28.54	36.55	36.55	3.56	1.80	39.331192	36.037099	37.820513	0.581898
19.43	28.54	36.55	36.55	3.56	1.80	39.322373	36.034931	37.814927	0.581852
19.43	28.54	36.54	36.54	3.56	1.80	39.313569	36.032754	37.809345	0.581805
19.43	28.54	36.54	36.54	3.56	1.80	39.304780	36.030569	37.803766	0.581759
19.44	28.54	36.53	36.53	3.55	1.80	39.296006	36.028376	37.798190	0.581713
19.44	28.54	36.53	36.53	3.55	1.80	39.287247	36.026174	37.792618	0.581667
19.44	28.54	36.52	36.52	3.55	1.80	39.278502	36.023964	37.787049	0.581621
19.44	28.54	36.51	36.51	3.55	1.79	39.269772	36.021746	37.781484	0.581575
19.45	28.54	36.51	36.51	3.55	1.79	39.261056	36.019520	37.775922	0.581530
19.45	28.54	36.50	36.50	3.55	1.79	39.252355	36.017285	37.770364	0.581484
19.45	28.54	36.50	36.50	3.55	1.79	39.243668	36.015043	37.764808	0.581438
19.46	28.54	36.49	36.49	3.55	1.79	39.234996	36.012792	37.759257	0.581393
19.46	28.54	36.48	36.48	3.55	1.79	39.226338	36.010534	37.753708	0.581348
19.46	28.54	36.48	36.48	3.55	1.79	39.217694	36.008267	37.748163	0.581302
19.46	28.54	36.47	36.47	3.55	1.79	39.209065	36.005993	37.742622	0.581257
19.47	28.54	36.47	36.47	3.55	1.79	39.200450	36.003711	37.737084	0.581212
19.47	28.54	36.46	36.46	3.55	1.79	39.191848	36.001421	37.731549	0.581167
19.47	28.54	36.45	36.45	3.55	1.79	39.183261	35.999123	37.726017	0.581122
19.48	28.54	36.45	36.45	3.55	1.78	39.174688	35.996818	37.720489	0.581077
19.48	28.54	36.44	36.44	3.55	1.78	39.166129	35.994505	37.714964	0.581032
19.48	28.54	36.44	36.44	3.55	1.78	39.157583	35.992184	37.709442	0.580987
19.48	28.54	36.43	36.43	3.55	1.78	39.149052	35.989856	37.703924	0.580942
19.49	28.54	36.42	36.42	3.55	1.78	39.140534	35.987520	37.698409	0.580898
19.49	28.54	36.42	36.42	3.55	1.78	39.132029	35.985177	37.692898	0.580853
19.49	28.54	36.41	36.41	3.55	1.78	39.123539	35.982826	37.687389	0.580809
19.49	28.54	36.41	36.41	3.55	1.78	39.115062	35.980468	37.681884	0.580765
19.50	28.54	36.40	36.40	3.55	1.78	39.106598	35.978102	37.676382	0.580720
19.50	28.54	36.39	36.39	3.55	1.78	39.098148	35.975729	37.670884	0.580676
19.50	28.54	36.39	36.39	3.55	1.77	39.089711	35.973349	37.665389	0.580632
19.51	28.54	36.38	36.38	3.55	1.77	39.081288	35.970961	37.659897	0.580588
19.51	28.54	36.38	36.38	3.55	1.77	39.072877	35.968567	37.654408	0.580544
19.51	28.54	36.37	36.37	3.55	1.77	39.064480	35.966165	37.648922	0.580500
19.51	28.54	36.36	36.36	3.55	1.77	39.056097	35.963756	37.643440	0.580456
19.52	28.54	36.36	36.36	3.55	1.77	39.047726	35.961340	37.637961	0.580412
19.52	28.54	36.35	36.35	3.55	1.77	39.039368	35.958917	37.632485	0.580369
19.52	28.54	36.35	36.35	3.55	1.77	39.031023	35.956486	37.627013	0.580325
19.52	28.54	36.34	36.34	3.55	1.77	39.022692	35.954049	37.621543	0.580282
19.53	28.54	36.33	36.33	3.55	1.77	39.014373	35.951605	37.616077	0.580238
19.53	28.54	36.33	36.33	3.55	1.77	39.006067	35.949154	37.610614	0.580195
19.53	28.54	36.32	36.32	3.55	1.76	38.997773	35.946696	37.605154	0.580152
19.54	28.54	36.32	36.32	3.55	1.76	38.989493	35.944232	37.599697	0.580108
19.54	28.54	36.31	36.31	3.55	1.76	38.981225	35.941760	37.594244	0.580065
19.54	28.54	36.30	36.30	3.55	1.76	38.972970	35.939282	37.588793	0.580022
19.54	28.54	36.30	36.30	3.55	1.76	38.964727	35.936797	37.583346	0.579979
19.55	28.54	36.29	36.29	3.55	1.76	38.956496	35.934306	37.577902	0.579936
19.55	28.54	36.29	36.29	3.55	1.76	38.948279	35.931807	37.572461	0.579893
19.55	28.54	36.28	36.28	3.55	1.76	38.940073	35.929303	37.567023	0.579851
19.56	28.54	36.27	36.27	3.55	1.76	38.931880	35.926791	37.561588	0.579808
19.56	28.54	36.27	36.27	3.55	1.76	38.923699	35.924273	37.556157	0.579765
19.56	28.54	36.26	36.26	3.55	1.76	38.915531	35.921749	37.550728	0.579723
19.56	28.54	36.26	36.26	3.55	1.75	38.907374	35.919218	37.545302	0.579680
19.57	28.54	36.25	36.25	3.55	1.75	38.899230	35.916681	37.539880	0.579638
19.57	28.54	36.24	36.24	3.55	1.75	38.891098	35.914137	37.534461	0.579595
19.57	28.54	36.24	36.24	3.55	1.75	38.882977	35.911587	37.529044	0.579553
19.57	28.54	36.23	36.23	3.55	1.75	38.874869	35.909031	37.523631	0.579511
19.58	28.54	36.23	36.23	3.55	1.75	38.866773	35.906468	37.518221	0.579469
19.58	28.54	36.22	36.22	3.55	1.75	38.858688	35.903900	37.512814	0.579427
19.58	28.54	36.21	36.21	3.55	1.75	38.850616	35.901325	37.507410	0.579385
19.59	28.54	36.21	36.21	3.54	1.75	38.842555	35.898743	37.502009	0.579343
19.59	28.54	36.20	36.20	3.54	1.75	38.834505	35.896156	37.496611	0.579301
19.59	28.54	36.19	36.19	3.54	1.75	38.826468	35.893563	37.491216	0.579259
19.59	28.54	36.19	36.19	3.54	1.74	38.818442	35.890963	37.485824	0.579218
19.60	28.54	36.18	36.18	3.54	1.74	38.810428	35.888358	37.480434	0.579176
19.60	28.54	36.18	36.18	3.54	1.74	38.802425	35.885746	37.475048	0.579134
19.60	28.54	36.17	36.17	3.54	1.74	38.794434	35.883129	37.469665	0.579093
19.61	28.54	36.16	36.16	3.54	1.74	38.786454	35.880506	37.464285	0.579052
19.61	28.54	36.16	36.16	3.54	1.74	38.778485	35.877876	37.458908	0.579010
19.61	28.54	36.15	36.15	3.54	1.74	38.770528	35.875241	37.453534	0.578969
19.61	28.54	36.15	36.15	3.54	1.74	38.762582	35.872600	37.448162	0.578928
19.62	28.54	36.14	36.14	3.54	1.74	38.754647	35.869954	37.442794	0.578887
19.62	28.54	36.13	36.13	3.54	1.74	38.746723	35.867301	37.437428	0.578845
19.62	28.54	36.13	36.13	3.54	1.74	38.738811	35.864643	37.432066	0.578804
19.62	28.54	36.12	36.12	3.54	1.74	38.730909	35.861979	37.426706	0.578764
19.63	28.54	36.11	36.11	3.54	1.73	38.723019	35.859309	37.421350	0.578723
19.63	28.54	36.11	36.11	3.54	1.73	38.715140	35.856634	37.415996	0.578682
19.63	28.54	36.10	36.10	3.54	1.73	38.707271	35.853953	37.410645	0.578641
19.64	28.54	36.10	36.10	3.54	1.73	38.699413	35.851267	37.405297	0.578600
19.64	28.54	36.09	36.09	3.54	1.73	38.691567	35.848575	37.399952	0.578560
19.64	28.54	36.08	36.08	3.54	1.73	38.683731	35.845878	37.394609	0.578519
19.64	28.54	36.08	36.08	3.54	1.73	38.675905	35.843175	37.389270	0.578479
19.65	28.54	36.07	36.07	3.54	1.73	38.668091	35.840466	37.383933	0.578438
19.65	28.54	36.07	36.07	3.54	1.73	38.660287	35.837753	37.378599	0.578398
19.65	28.54	36.06	36.06	3.54	1.73	38.652494	35.835034	37.373268	0.578358
19.66	28.54	36.05	36.05	3.54	1.73	38.644711	35.832309	37.367940	0.578317
19.66	28.54	36.05	36.05	3.54	1.73	38.636939	35.829579	37.362615	0.578277
19.66	28.54	36.04	36.04	3.54	1.72	38.629177	35.826844	37.357292	0.578237
19.66	28.54	36.03	36.03	3.54	1.72	38.621426	35.824104	37.351972	0.578197
19.67	28.54	36.03	36.03	3.54	1.72	38.613685	35.821358	37.346656	0.578157
19.67	28.54	36.02	36.02	3.54	1.72	38.605954	35.818608	37.341341	0.578117
19.67	28.54	36.02	36.02	3.54	1.72	38.598234	35.815852	37.336030	0.578077
19.68	28.54	36.01	36.01	3.54	1.72	38.590524	35.813091	37.330721	0.578038
19.68	28.54	36.00	36.00	3.54	1.72	38.582824	35.810325	37.325415	0.577998
19.68	28.54	36.00	36.00	3.54	1.72	38.575134	35.807553	37.320112	0.577958
19.68	28.54	35.99	35.99	3.54	1.72	38.567455	35.804777	37.314812	0.577919
19.69	28.54	35.98	35.98	3.54	1.72	38.559785	35.801996	37.309514	0.577879
19.69	28.54	35.98	35.98	3.54	1.72	38.552126	35.799210	37.304219	0.577840
19.69	28.54	35.97	35.97	3.54	1.72	38.544476	35.796418	37.298927	0.577800
19.69	28.54	35.97	35.97	3.54	1.71	38.536837	35.793622	37.293638	0.577761
19.70	28.54	35.96	35.96	3.54	1.71	38.529207	35.790821	37.288351	0.577722
19.70	28.54	35.95	35.95	3.54	1.71	38.521587	35.788015	37.283067	0.577682
19.70	28.54	35.95	35.95	3.54	1.71	38.513977	35.785204	37.277785	0.577643
19.71	28.54	35.94	35.94	3.54	1.71	38.506377	35.782389	37.272507	0.577604
19.71	28.54	35.93	35.93	3.54	1.71	38.498786	35.779568	37.267231	0.577565
19.71	28.54	35.93	35.93	3.54	1.71	38.491205	35.776743	37.261957	0.577526
19.71	28.54	35.92	35.92	3.54	1.71	38.483634	35.773913	37.256686	0.577487
19.72	28.54	35.92	35.92	3.54	1.71	38.476073	35.771078	37.251418	0.577448
19.72	28.54	35.91	35.91	3.54	1.71	38.468520	35.768239	37.246153	0.577410
19.72	28.54	35.90	35.90	3.54	1.71	38.460978	35.765395	37.240890	0.577371
19.73	28.54	35.90	35.90	3.54	1.71	38.453445	35.762546	37.235630	0.577332
19.73	28.54	35.89	35.89	3.54	1.70	38.445921	35.759693	37.230372	0.577294
19.73	28.54	35.88	35.88	3.54	1.70	38.438407	35.756836	37.225118	0.577255
19.73	28.54	35.88	35.88	3.54	1.70	38.430902	35.753973	37.219865	0.577216
19.74	28.54	35.87	35.87	3.54	1.70	38.423406	35.751106	37.214615	0.577178
19.74	28.54	35.87	35.87	3.54	1.70	38.415920	35.748235	37.209368	0.577140
19.74	28.54	35.86	35.86	3.53	1.70	38.408443	35.745359	37.204124	0.577101
19.74	28.54	35.85	35.85	3.53	1.70	38.400975	35.742479	37.198882	0.577063
19.75	28.54	35.85	35.85	3.53	1.70	38.393516	35.739594	37.193642	0.577025
19.75	28.54	35.84	35.84	3.53	1.70	38.386067	35.736705	37.188405	0.576987
19.75	28.54	35.83	35.83	3.53	1.70	38.378626	35.733812	37.183171	0.576948
19.76	28.54	35.83	35.83	3.53	1.70	38.371195	35.730914	37.177939	0.576910
19.76	28.54	35.82	35.82	3.53	1.70	38.363772	35.728012	37.172710	0.576872
19.76	28.54	35.82	35.82	3.53	1.69	38.356359	35.725106	37.167483	0.576834
19.76	28.54	35.81	35.81	3.53	1.69	38.348954	35.722195	37.162259	0.576797
19.77	28.54	35.80	35.80	3.53	1.69	38.341558	35.719280	37.157037	0.576759
19.77	28.54	35.80	35.80	3.53	1.69	38.334171	35.716361	37.151818	0.576721
19.77	28.54	35.79	35.79	3.53	1.69	38.326793	35.713438	37.146602	0.576683
19.77	28.54	35.78	35.78	3.53	1.69	38.319424	35.710510	37.141387	0.576646
19.78	28.54	35.78	35.78	3.53	1.69	38.312063	35.707579	37.136176	0.576608
19.78	28.54	35.77	35.77	3.53	1.69	38.304711	35.704643	37.130967	0.576570
19.78	28.54	35.76	35.76	3.53	1.69	38.297368	35.701703	37.125760	0.576533
19.79	28.54	35.76	35.76	3.53	1.69	38.290033	35.698760	37.120556	0.576495
19.79	28.54	35.75	35.75	3.53	1.69	38.282707	35.695812	37.115354	0.576458
19.79	28.54	35.75	35.75	3.53	1.69	38.275389	35.692860	37.110154	0.576421
19.79	28.54	35.74	35.74	3.53	1.69	38.268080	35.689904	37.104957	0.576383
19.80	28.54	35.73	35.73	3.53	1.68	38.260779	35.686944	37.099763	0.576346
19.80	28.54	35.73	35.73	3.53	1.68	38.253487	35.683980	37.094571	0.576309
19.80	28.54	35.72	35.72	3.53	1.68	38.246203	35.681013	37.089381	0.576272
19.81	28.54	35.71	35.71	3.53	1.68	38.238928	35.678041	37.084194	0.576235
19.81	28.54	35.71	35.71	3.53	1.68	38.231660	35.675066	37.079009	0.576198
19.81	28.54	35.70	35.70	3.53	1.68	38.224401	35.672086	37.073827	0.576161
19.81	28.54	35.69	35.69	3.53	1.68	38.217151	35.669103	37.068647	0.576124
19.82	28.54	35.69	35.69	3.53	1.68	38.209908	35.666116	37.063469	0.576087
19.82	28.54	35.68	35.68	3.53	1.68	38.202674	35.663125	37.058294	0.576050
19.82	28.54	35.68	35.68	3.53	1.68	38.195448	35.660131	37.053121	0.576013
19.82	28.54	35.67	35.67	3.53	1.68	38.188230	35.657133	37.047951	0.575977
19.83	28.54	35.66	35.66	3.53	1.68	38.181020	35.654131	37.042782	0.575940
19.83	28.54	35.66	35.66	3.53	1.68	38.173818	35.651125	37.037617	0.575903
19.83	28.54	35.65	35.65	3.53	1.67	38.166624	35.648116	37.032453	0.575867
19.84	28.54	35.64	35.64	3.53	1.67	38.159438	35.645103	37.027292	0.575830
19.84	28.54	35.64	35.64	3.53	1.67	38.152259	35.642086	37.022133	0.575794
19.84	28.54	35.63	35.63	3.53	1.67	38.145089	35.639066	37.016977	0.575757
19.84	28.54	35.62	35.62	3.53	1.67	38.137927	35.636042	37.011822	0.575721
19.85	28.54	35.62	35.62	3.53	1.67	38.130772	35.633015	37.006671	0.575685
19.85	28.54	35.61	35.61	3.53	1.67	38.123625	35.629984	37.001521	0.575648
19.85	28.54	35.60	35.60	3.53	1.67	38.116486	35.626949	36.996374	0.575612
19.86	28.54	35.60	35.60	3.53	1.67	38.109355	35.623911	36.991229	0.575576
19.86	28.54	35.59	35.59	3.53	1.67	38.102231	35.620870	36.986086	0.575540
19.86	28.54	35.59	35.59	3.53	1.67	38.095115	35.617825	36.980946	0.575504
19.86	28.54	35.58	35.58	3.53	1.67	38.088007	35.614777	36.975808	0.575468
19.87	28.54	35.57	35.57	3.53	1.67	38.080906	35.611725	36.970672	0.575432
19.87	28.54	35.57	35.57	3.53	1.67	38.073813	35.608670	36.965538	0.575396
19.87	28.54	35.56	35.56	3.53	1.66	38.066727	35.605611	36.960407	0.575360
19.88	28.54	35.55	35.55	3.53	1.66	38.059649	35.602550	36.955278	0.575324
19.88	28.54	35.55	35.55	3.53	1.66	38.052578	35.599485	36.950151	0.575288
19.88	28.54	35.54	35.54	3.53	1.66	38.045515	35.596416	36.945026	0.575252
19.88	28.54	35.53	35.53	3.53	1.66	38.038459	35.593344	36.939904	0.575217
19.89	28.54	35.53	35.53	3.53	1.66	38.031410	35.590269	36.934783	0.575181
19.89	28.54	35.52	35.52	3.53	1.66	38.024369	35.587191	36.929665	0.575145
19.89	28.54	35.51	35.51	3.53	1.66	38.017335	35.584110	36.924549	0.575110
19.89	28.54	35.51	35.51	3.53	1.66	38.010308	35.581025	36.919436	0.575074
19.90	28.54	35.50	35.50	3.53	1.66	38.003289	35.577937	36.914324	0.575039
19.90	28.54	35.49	35.49	3.52	1.66	37.996276	35.574846	36.909215	0.575003
19.90	28.54	35.49	35.49	3.52	1.66	37.989271	35.571752	36.904108	0.574968
19.91	28.54	35.48	35.48	3.52	1.66	37.982273	35.568654	36.899003	0.574933
19.91	28.54	35.48	35.48	3.52	1.65	37.975282	35.565554	36.893900	0.574897
19.91	28.54	35.47	35.47	3.52	1.65	37.968298	35.562450	36.888800	0.574862
19.91	28.54	35.46	35.46	3.52	1.65	37.961321	35.559344	36.883701	0.574827
19.92	28.54	35.46	35.46	3.52	1.65	37.954351	35.556234	36.878605	0.574792
19.92	28.54	35.45	35.45	3.52	1.65	37.947388	35.553121	36.873511	0.574757
19.92	28.54	35.44	35.44	3.52	1.65	37.940432	35.550005	36.868419	0.574722
19.93	28.54	35.44	35.44	3.52	1.65	37.933483	35.546887	36.863329	0.574687
19.93	28.54	35.43	35.43	3.52	1.65	37.926541	35.543765	36.858241	0.574652
19.93	28.54	35.42	35.42	3.52	1.65	37.919606	35.540640	36.853155	0.574617
19.93	28.54	35.42	35.42	3.52	1.65	37.912677	35.537513	36.848072	0.574582
19.94	28.54	35.41	35.41	3.52	1.65	37.905756	35.534382	36.842990	0.574547
19.94	28.54	35.40	35.40	3.52	1.65	37.898841	35.531249	36.837911	0.574512
19.94	28.54	35.40	35.40	3.52	1.65	37.891933	35.528112	36.832834	0.574477
19.94	28.54	35.39	35.39	3.52	1.65	37.885031	35.524973	36.827758	0.574442
19.95	28.54	35.38	35.38	3.52	1.64	37.878136	35.521831	36.822685	0.574408
19.95	28.54	35.38	35.38	3.52	1.64	37.871248	35.518686	36.817614	0.574373
19.95	28.54	35.37	35.37	3.52	1.64	37.864366	35.515538	36.812545	0.574338
19.96	28.54	35.36	35.36	3.52	1.64	37.857492	35.512388	36.807478	0.574304
19.96	28.54	35.36	35.36	3.52	1.64	37.850623	35.509234	36.802413	0.574269
19.96	28.54	35.35	35.35	3.52	1.64	37.843761	35.506078	36.797350	0.574235
19.96	28.54	35.34	35.34	3.52	1.64	37.836906	35.502919	36.792290	0.574200
19.97	28.54	35.34	35.34	3.52	1.64	37.830057	35.499758	36.787231	0.574166
19.97	28.54	35.33	35.33	3.52	1.64	37.823214	35.496594	36.782174	0.574131
19.97	28.54	35.32	35.32	3.52	1.64	37.816378	35.493427	36.777119	0.574097
19.98	28.54	35.32	35.32	3.52	1.64	37.809549	35.490257	36.772066	0.574063
19.98	28.54	35.31	35.31	3.52	1.64	37.802725	35.487085	36.767016	0.574029
19.98	28.54	35.30	35.30	3.52	1.64	37.795908	35.483910	36.761967	0.573994
19.98	28.54	35.30	35.30	3.52	1.64	37.789097	35.480732	36.756920	0.573960
19.99	28.54	35.29	35.29	3.52	1.63	37.782293	35.477552	36.751875	0.573926
19.99	28.54	35.29	35.29	3.52	1.63	37.775495	35.474369	36.746833	0.573892
19.99	28.54	35.28	35.28	3.52	1.63	37.768703	35.471184	36.741792	0.573858
19.99	28.54	35.27	35.27	3.52	1.63	37.761917	35.467996	36.736753	0.573824
20.00	28.54	35.27	35.27	3.52	1.63	37.755137	35.464806	36.731716	0.573790
20.00	28.54	35.26	35.26	3.52	1.63	37.748364	35.461613	36.726681	0.573756
20.00	28.54	35.25	35.25	3.52	1.63	37.741596	35.458417	36.721648	0.573722
20.01	28.54	35.25	35.25	3.52	1.63	37.734835	35.455219	36.716617	0.573688
20.01	28.54	35.24	35.24	3.52	1.63	37.728080	35.452019	36.711588	0.573654
20.01	28.54	35.23	35.23	3.52	1.63	37.721330	35.448816	36.706561	0.573620
20.01	28.54	35.23	35.23	3.52	1.63	37.714587	35.445610	36.701536	0.573587
20.02	28.54	35.22	35.22	3.52	1.63	37.707850	35.442403	36.696512	0.573553
20.02	28.54	35.21	35.21	3.52	1.63	37.701119	35.439192	36.691491	0.573519
20.02	28.54	35.21	35.21	3.52	1.63	37.694393	35.435980	36.686472	0.573485
20.02	28.54	35.20	35.20	3.52	1.63	37.687674	35.432765	36.681454	0.573452
20.03	28.54	35.19	35.19	3.52	1.62	37.680960	35.429547	36.676438	0.573418
20.03	28.54	35.19	35.19	3.52	1.62	37.674252	35.426328	36.671425	0.573385
20.03	28.54	35.18	35.18	3.52	1.62	37.667550	35.423106	36.666413	0.573351
20.04	28.54	35.17	35.17	3.52	1.62	37.660854	35.419881	36.661403	0.573318
20.04	28.54	35.17	35.17	3.52	1.62	37.654163	35.416654	36.656394	0.573284
20.04	28.54	35.16	35.16	3.52	1.62	37.647479	35.413426	36.651388	0.573251
20.04	28.54	35.15	35.15	3.52	1.62	37.640800	35.410194	36.646384	0.573217
20.05	28.54	35.15	35.15	3.52	1.62	37.634126	35.406961	36.641381	0.573184
20.05	28.54	35.14	35.14	3.52	1.62	37.627459	35.403725	36.636381	0.573151
20.05	28.54	35.13	35.13	3.52	1.62	37.620797	35.400487	36.631382	0.573117
20.06	28.54	35.13	35.13	3.52	1.62	37.614140	35.397247	36.626385	0.573084
20.06	28.54	35.12	35.12	3.52	1.62	37.607489	35.394004	36.621390	0.573051
20.06	28.54	35.11	35.11	3.52	1.62	37.600844	35.390760	36.616396	0.573018
20.06	28.54	35.11	35.11	3.51	1.62	37.594204	35.387513	36.611405	0.572985
20.07	28.54	35.10	35.10	3.51	1.61	37.587570	35.384264	36.606415	0.572951
20.07	28.54	35.09	35.09	3.51	1.61	37.580941	35.381013	36.601427	0.572918
20.07	28.54	35.09	35.09	3.51	1.61	37.574318	35.377759	36.596441	0.572885
20.07	28.54	35.08	35.08	3.51	1.61	37.567700	35.374504	36.591457	0.572852
20.08	28.54	35.07	35.07	3.51	1.61	37.561088	35.371247	36.586474	0.572819
20.08	28.54	35.07	35.07	3.51	1.61	37.554481	35.367987	36.581494	0.572786
20.08	28.54	35.06	35.06	3.51	1.61	37.547879	35.364725	36.576515	0.572753
20.09	28.54	35.05	35.05	3.51	1.61	37.541283	35.361462	36.571538	0.572721
20.09	28.54	35.05	35.05	3.51	1.61	37.534692	35.358196	36.566562	0.572688
20.09	28.54	35.04	35.04	3.51	1.61	37.528106	35.354928	36.561589	0.572655
20.09	28.54	35.03	35.03	3.51	1.61	37.521525	35.351658	36.556617	0.572622
20.10	28.54	35.03	35.03	3.51	1.61	37.514950	35.348386	36.551647	0.572589
20.10	28.54	35.02	35.02	3.51	1.61	37.508380	35.345113	36.546678	0.572557
20.10	28.54	35.01	35.01	3.51	1.61	37.501815	35.341837	36.541712	0.572524
20.11	28.54	35.01	35.01	3.51	1.61	37.495256	35.338559	36.536747	0.572491
20.11	28.54	35.00	35.00	3.51	1.60	37.488701	35.335279	36.531784	0.572459
20.11	28.54	34.99	34.99	3.51	1.60	37.482152	35.331998	36.526823	0.572426
20.11	28.54	34.99	34.99	3.51	1.60	37.475607	35.328714	36.521863	0.572393
20.12	28.54	34.98	34.98	3.51	1.60	37.469068	35.325428	36.516905	0.572361
20.12	28.54	34.97	34.97	3.51	1.60	37.462534	35.322141	36.511949	0.572328
20.12	28.54	34.96	34.96	3.51	1.60	37.456005	35.318852	36.506994	0.572296
20.12	28.54	34.96	34.96	3.51	1.60	37.449481	35.315561	36.502042	0.572263
20.13	28.54	34.95	34.95	3.51	1.60	37.442962	35.312268	36.497091	0.572231
20.13	28.54	34.94	34.94	3.51	1.60	37.436448	35.308973	36.492141	0.572198
20.13	28.54	34.94	34.94	3.51	1.60	37.429938	35.305676	36.487194	0.572166
20.14	28.54	34.93	34.93	3.51	1.60	37.423434	35.302377	36.482248	0.572134
20.14	28.54	34.92	34.92	3.51	1.60	37.416935	35.299077	36.477303	0.572101
20.14	28.54	34.92	34.92	3.51	1.60	37.410440	35.295775	36.472361	0.572069
20.14	28.54	34.91	34.91	3.51	1.60	37.403951	35.292471	36.467420	0.572037
20.15	28.54	34.90	34.90	3.51	1.60	37.397466	35.289165	36.462480	0.572004
20.15	28.54	34.90	34.90	3.51	1.60	37.390986	35.285857	36.457543	0.571972
20.15	28.54	34.89	34.89	3.51	1.59	37.384511	35.282548	36.452606	0.571940
20.16	28.54	34.88	34.88	3.51	1.59	37.378040	35.279237	36.447672	0.571908
20.16	28.54	34.88	34.88	3.51	1.59	37.371575	35.275924	36.442739	0.571876
20.16	28.54	34.87	34.87	3.51	1.59	37.365114	35.272610	36.437808	0.571844
20.16	28.54	34.86	34.86	3.51	1.59	37.358657	35.269294	36.432879	0.571812
20.17	28.54	34.86	34.86	3.51	1.59	37.352206	35.265976	36.427951	0.571779
20.17	28.54	34.85	34.85	3.51	1.59	37.345759	35.262656	36.423025	0.571747
20.17	28.54	34.84	34.84	3.51	1.59	37.339317	35.259335	36.418100	0.571715
20.18	28.54	34.84	34.84	3.51	1.59	37.332879	35.256012	36.413177	0.571683
20.18	28.54	34.83	34.83	3.51	1.59	37.326446	35.252688	36.408256	0.571651
20.18	28.54	34.82	34.82	3.51	1.59	37.320017	35.249362	36.403336	0.571620
20.18	28.54	34.82	34.82	3.51	1.59	37.313594	35.246034	36.398418	0.571588
20.19	28.54	34.81	34.81	3.51	1.59	37.307174	35.242705	36.393501	0.571556
20.19	28.54	34.80	34.80	3.51	1.59	37.300759	35.239374	36.388586	0.571524
20.19	28.54	34.80	34.80	3.51	1.59	37.294349	35.236041	36.383673	0.571492
20.19	28.54	34.79	34.79	3.51	1.58	37.287943	35.232707	36.378761	0.571460
20.20	28.54	34.78	34.78	3.51	1.58	37.281542	35.229371	36.373851	0.571428
20.20	28.54	34.77	34.77	3.51	1.58	37.275145	35.226034	36.368942	0.571397
20.20	28.54	34.77	34.77	3.51	1.58	37.268752	35.222695	36.364035	0.571365
20.21	28.54	34.76	34.76	3.51	1.58	37.262364	35.219355	36.359129	0.571333
20.21	28.54	34.75	34.75	3.51	1.58	37.255980	35.216013	36.354225	0.571302
20.21	28.54	34.75	34.75	3.51	1.58	37.249600	35.212670	36.349322	0.571270
20.21	28.54	34.74	34.74	3.51	1.58	37.243225	35.209325	36.344421	0.571238
20.22	28.54	34.73	34.73	3.51	1.58	37.236855	35.205978	36.339522	0.571207
20.22	28.54	34.73	34.73	3.51	1.58	37.230488	35.202631	36.334624	0.571175
20.22	28.54	34.72	34.72	3.51	1.58	37.224126	35.199281	36.329728	0.571143
20.23	28.54	34.71	34.71	3.51	1.58	37.217768	35.195930	36.324833	0.571112
20.23	28.54	34.71	34.71	3.51	1.58	37.211414	35.192578	36.319939	0.571080
20.23	28.54	34.70	34.70	3.50	1.58	37.205064	35.189225	36.315048	0.571049
20.23	28.54	34.69	34.69	3.50	1.58	37.198719	35.185870	36.310157	0.571017
20.24	28.54	34.69	34.69	3.50	1.58	37.192378	35.182513	36.305269	0.570986
20.24	28.54	34.68	34.68	3.50	1.57	37.186041	35.179155	36.300381	0.570955
20.24	28.54	34.67	34.67	3.50	1.57	37.179708	35.175796	36.295495	0.570923
20.24	28.54	34.67	34.67	3.50	1.57	37.173379	35.172435	36.290611	0.570892
20.25	28.54	34.66	34.66	3.50	1.57	37.167054	35.169073	36.285728	0.570860
20.25	28.54	34.65	34.65	3.50	1.57	37.160734	35.165710	36.280847	0.570829
20.25	28.54	34.64	34.64	3.50	1.57	37.154417	35.162345	36.275967	0.570798
20.26	28.54	34.64	34.64	3.50	1.57	37.148105	35.158979	36.271088	0.570766
20.26	28.54	34.63	34.63	3.50	1.57	37.141796	35.155611	36.266211	0.570735
20.26	28.54	34.62	34.62	3.50	1.57	37.135492	35.152242	36.261336	0.570704
20.26	28.54	34.62	34.62	3.50	1.57	37.129191	35.148872	36.256462	0.570672
20.27	28.54	34.61	34.61	3.50	1.57	37.122895	35.145501	36.251589	0.570641
20.27	28.54	34.60	34.60	3.50	1.57	37.116602	35.142128	36.246718	0.570610
20.27	28.54	34.60	34.60	3.50	1.57	37.110314	35.138754	36.241848	0.570579
20.27	28.54	34.59	34.59	3.50	1.57	37.104029	35.135379	36.236980	0.570548
20.28	28.54	34.58	34.58	3.50	1.57	37.097748	35.132002	36.232113	0.570517
20.28	28.54	34.58	34.58	3.50	1.57	37.091471	35.128625	36.227248	0.570485
20.28	28.54	34.57	34.57	3.50	1.56	37.085198	35.125245	36.222384	0.570454
20.29	28.54	34.56	34.56	3.50	1.56	37.078929	35.121865	36.217521	0.570423
20.29	28.54	34.56	34.56	3.50	1.56	37.072664	35.118484	36.212660	0.570392
20.29	28.54	34.55	34.55	3.50	1.56	37.066402	35.115101	36.207800	0.570361
20.29	28.54	34.54	34.54	3.50	1.56	37.060144	35.111717	36.202942	0.570330
20.30	28.54	34.53	34.53	3.50	1.56	37.053890	35.108332	36.198085	0.570299
20.30	28.54	34.53	34.53	3.50	1.56	37.047640	35.104945	36.193229	0.570268
20.30	28.54	34.52	34.52	3.50	1.56	37.041393	35.101558	36.188375	0.570237
20.31	28.54	34.51	34.51	3.50	1.56	37.035150	35.098169	36.183522	0.570206
20.31	28.54	34.51	34.51	3.50	1.56	37.028911	35.094779	36.178671	0.570175
20.31	28.54	34.50	34.50	3.50	1.56	37.022676	35.091388	36.173821	0.570144
20.31	28.54	34.49	34.49	3.50	1.56	37.016444	35.087996	36.168972	0.570113
20.32	28.54	34.49	34.49	3.50	1.56	37.010216	35.084603	36.164125	0.570082
20.32	28.54	34.48	34.48	3.50	1.56	37.003992	35.081208	36.159279	0.570051
20.32	28.54	34.47	34.47	3.50	1.56	36.997771	35.077813	36.154434	0.570021
20.32	28.54	34.46	34.46	3.50	1.56	36.991553	35.074416	36.149591	0.569990
20.33	28.54	34.46	34.46	3.50	1.55	36.985340	35.071018	36.144749	0.569959
20.33	28.54	34.45	34.45	3.50	1.55	36.979130	35.067619	36.139909	0.569928
20.33	28.54	34.44	34.44	3.50	1.55	36.972923	35.064219	36.135069	0.569897
20.34	28.54	34.44	34.44	3.50	1.55	36.966720	35.060818	36.130232	0.569866
20.34	28.54	34.43	34.43	3.50	1.55	36.960520	35.057416	36.125395	0.569836
20.34	28.54	34.42	34.42	3.50	1.55	36.954324	35.054013	36.120560	0.569805
20.34	28.54	34.42	34.42	3.50	1.55	36.948132	35.050608	36.115726	0.569774
20.35	28.54	34.41	34.41	3.50	1.55	36.941943	35.047203	36.110893	0.569743
20.35	28.54	34.40	34.40	3.50	1.55	36.935757	35.043797	36.106062	0.569713
20.35	28.54	34.40	34.40	3.50	1.55	36.929575	35.040389	36.101232	0.569682
20.36	28.54	34.39	34.39	3.50	1.55	36.923396	35.036981	36.096404	0.569651
20.36	28.54	34.38	34.38	3.50	1.55	36.917221	35.033572	36.091576	0.569621
20.36	28.54	34.37	34.37	3.50	1.55	36.911049	35.030161	36.086750	0.569590
20.36	28.54	34.37	34.37	3.50	1.55	36.904880	35.026750	36.081926	0.569559
20.37	28.54	34.36	34.36	3.50	1.55	36.898715	35.023337	36.077102	0.569529
20.37	28.54	34.35	34.35	3.50	1.55	36.892553	35.019924	36.072280	0.569498
20.37	28.54	34.35	34.35	3.50	1.54	36.886394	35.016510	36.067459	0.569468
20.38	28.54	34.34	34.34	3.50	1.54	36.880239	35.013094	36.062639	0.569437
20.38	28.54	34.33	34.33	3.50	1.54	36.874087	35.009678	36.057821	0.569406
20.38	28.54	34.33	34.33	3.50	1.54	36.867938	35.006261	36.053004	0.569376
20.38	28.54	34.32	34.32	3.50	1.54	36.861793	35.002842	36.048188	0.569345
20.39	28.54	34.31	34.31	3.50	1.54	36.855651	34.999423	36.043374	0.569315
20.39	28.54	34.30	34.30	3.50	1.54	36.849512	34.996003	36.038561	0.569284
20.39	28.54	34.30	34.30	3.50	1.54	36.843376	34.992582	36.033748	0.569254
20.39	28.54	34.29	34.29	3.50	1.54	36.837243	34.989160	36.028938	0.569223
20.40	28.54	34.28	34.28	3.50	1.54	36.831114	34.985738	36.024128	0.569193
20.40	28.54	34.28	34.28	3.49	1.54	36.824988	34.982314	36.019320	0.569162
20.40	28.54	34.27	34.27	3.49	1.54	36.818865	34.978889	36.014513	0.569132
20.41	28.54	34.26	34.26	3.49	1.54	36.812745	34.975464	36.009707	0.569101
20.41	28.54	34.25	34.25	3.49	1.54	36.806628	34.972037	36.004902	0.569071
20.41	28.54	34.25	34.25	3.49	1.54	36.800514	34.968610	36.000099	0.569041
20.41	28.54	34.24	34.24	3.49	1.54	36.794403	34.965182	35.995297	0.569010
20.42	28.54	34.23	34.23	3.49	1.53	36.788296	34.961753	35.990496	0.568980
20.42	28.54	34.23	34.23	3.49	1.53	36.782191	34.958323	35.985696	0.568949
20.42	28.54	34.22	34.22	3.49	1.53	36.776090	34.954893	35.980898	0.568919
20.43	28.54	34.21	34.21	3.49	1.53	36.769992	34.951461	35.976100	0.568889
20.43	28.54	34.21	34.21	3.49	1.53	36.763896	34.948029	35.971304	0.568858
20.43	28.54	34.20	34.20	3.49	1.53	36.757804	34.944596	35.966509	0.568828
20.43	28.54	34.19	34.19	3.49	1.53	36.751714	34.941162	35.961715	0.568798
20.44	28.54	34.18	34.18	3.49	1.53	36.745628	34.937727	35.956923	0.568767
20.44	28.54	34.18	34.18	3.49	1.53	36.739545	34.934292	35.952132	0.568737
20.44	28.54	34.17	34.17	3.49	1.53	36.733464	34.930855	35.947341	0.568707
20.44	28.54	34.16	34.16	3.49	1.53	36.727387	34.927418	35.942552	0.568676
20.45	28.54	34.16	34.16	3.49	1.53	36.721312	34.923980	35.937764	0.568646
20.45	28.54	34.15	34.15	3.49	1.53	36.715240	34.920542	35.932978	0.568616
20.45	28.54	34.14	34.14	3.49	1.53	36.709171	34.917102	35.928192	0.568586
20.46	28.54	34.13	34.13	3.49	1.53	36.703105	34.913662	35.923408	0.568555
20.46	28.54	34.13	34.13	3.49	1.53	36.697042	34.910221	35.918625	0.568525
20.46	28.54	34.12	34.12	3.49	1.52	36.690982	34.906779	35.913843	0.568495
20.46	28.54	34.11	34.11	3.49	1.52	36.684925	34.903337	35.909062	0.568465
20.47	28.54	34.11	34.11	3.49	1.52	36.678870	34.899894	35.904282	0.568434
20.47	28.54	34.10	34.10	3.49	1.52	36.672818	34.896450	35.899503	0.568404
20.47	28.54	34.09	34.09	3.49	1.52	36.666769	34.893005	35.894726	0.568374
20.48	28.54	34.09	34.09	3.49	1.52	36.660723	34.889560	35.889949	0.568344
20.48	28.54	34.08	34.08	3.49	1.52	36.654680	34.886114	35.885174	0.568314
20.48	28.54	34.07	34.07	3.49	1.52	36.648639	34.882667	35.880400	0.568283
20.48	28.54	34.06	34.06	3.49	1.52	36.642601	34.879220	35.875627	0.568253
20.49	28.54	34.06	34.06	3.49	1.52	36.636566	34.875772	35.870855	0.568223
20.49	28.54	34.05	34.05	3.49	1.52	36.630533	34.872323	35.866084	0.568193
20.49	28.54	34.04	34.04	3.49	1.52	36.624503	34.868874	35.861315	0.568163
20.49	28.54	34.04	34.04	3.49	1.52	36.618476	34.865423	35.856546	0.568133
20.50	28.54	34.03	34.03	3.49	1.52	36.612452	34.861973	35.851779	0.568102
20.50	28.54	34.02	34.02	3.49	1.52	36.606430	34.858521	35.847012	0.568072
20.50	28.54	34.01	34.01	3.49	1.52	36.600411	34.855069	35.842247	0.568042
20.51	28.54	34.01	34.01	3.49	1.52	36.594394	34.851616	35.837483	0.568012
20.51	28.54	34.00	34.00	3.49	1.51	36.588380	34.848163	35.832720	0.567982
20.51	28.54	33.99	33.99	3.49	1.51	36.582369	34.844709	35.827958	0.567952
20.51	28.54	33.99	33.99	3.49	1.51	36.576361	34.841254	35.823197	0.567922
20.52	28.54	33.98	33.98	3.49	1.51	36.570354	34.837799	35.818437	0.567892
20.52	28.54	33.97	33.97	3.49	1.51	36.564351	34.834343	35.813678	0.567862
20.52	28.54	33.96	33.96	3.49	1.51	36.558350	34.830887	35.808920	0.567832
20.52	28.54	33.96	33.96	3.49	1.51	36.552352	34.827429	35.804164	0.567801
20.53	28.54	33.95	33.95	3.49	1.51	36.546356	34.823972	35.799408	0.567771
20.53	28.54	33.94	33.94	3.49	1.51	36.540362	34.820513	35.794654	0.567741
20.53	28.54	33.94	33.94	3.49	1.51	36.534371	34.817055	35.789900	0.567711
20.54	28.54	33.93	33.93	3.49	1.51	36.528383	34.813595	35.785148	0.567681
20.54	28.54	33.92	33.92	3.49	1.51	36.522397	34.810135	35.780396	0.567651
20.54	28.54	33.91	33.91	3.49	1.51	36.516414	34.806674	35.775646	0.567621
20.54	28.54	33.91	33.91	3.49	1.51	36.510433	34.803213	35.770896	0.567591
20.55	28.54	33.90	33.90	3.49	1.51	36.504454	34.799751	35.766148	0.567561
20.55	28.54	33.89	33.89	3.49	1.51	36.498478	34.796289	35.761401	0.567531
20.55	28.54	33.89	33.89	3.49	1.50	36.492505	34.792826	35.756655	0.567501
20.56	28.54	33.88	33.88	3.49	1.50	36.486533	34.789363	35.751909	0.567471
20.56	28.54	33.87	33.87	3.49	1.50	36.480565	34.785899	35.747165	0.567441
20.56	28.54	33.86	33.86	3.49	1.50	36.474598	34.782434	35.742422	0.567411
20.56	28.54	33.86	33.86	3.49	1.50	36.468634	34.778969	35.737680	0.567381
20.57	28.54	33.85	33.85	3.49	1.50	36.462672	34.775504	35.732939	0.567351
20.57	28.54	33.84	33.84	3.49	1.50	36.456713	34.772038	35.728199	0.567321
20.57	28.54	33.83	33.83	3.48	1.50	36.450756	34.768571	35.723459	0.567291
20.57	28.54	33.83	33.83	3.48	1.50	36.444801	34.765104	35.718721	0.567261
20.58	28.54	33.82	33.82	3.48	1.50	36.438849	34.761637	35.713984	0.567231
20.58	28.54	33.81	33.81	3.48	1.50	36.432899	34.758168	35.709248	0.567201
20.58	28.54	33.81	33.81	3.48	1.50	36.426951	34.754700	35.704513	0.567171
20.59	28.54	33.80	33.80	3.48	1.50	36.421006	34.751231	35.699779	0.567141
20.59	28.54	33.79	33.79	3.48	1.50	36.415062	34.747761	35.695045	0.567111
20.59	28.54	33.78	33.78	3.48	1.50	36.409121	34.744291	35.690313	0.567081
20.59	28.54	33.78	33.78	3.48	1.50	36.403183	34.740821	35.685582	0.567051
20.60	28.54	33.77	33.77	3.48	1.50	36.397246	34.737350	35.680851	0.567021
20.60	28.54	33.76	33.76	3.48	1.49	36.391312	34.733878	35.676122	0.566991
20.60	28.54	33.76	33.76	3.48	1.49	36.385380	34.730406	35.671394	0.566961
20.61	28.54	33.75	33.75	3.48	1.49	36.379450	34.726934	35.666666	0.566931
20.61	28.54	33.74	33.74	3.48	1.49	36.373522	34.723461	35.661940	0.566901
20.61	28.54	33.73	33.73	3.48	1.49	36.367597	34.719988	35.657214	0.566871
20.61	28.54	33.73	33.73	3.48	1.49	36.361674	34.716514	35.652490	0.566841
20.62	28.54	33.72	33.72	3.48	1.49	36.355752	34.713040	35.647766	0.566811
20.62	28.54	33.71	33.71	3.48	1.49	36.349833	34.709566	35.643044	0.566781
20.62	28.54	33.70	33.70	3.48	1.49	36.343917	34.706091	35.638322	0.566751
20.62	28.54	33.70	33.70	3.48	1.49	36.338002	34.702615	35.633601	0.566721
20.63	28.54	33.69	33.69	3.48	1.49	36.332089	34.699139	35.628881	0.566691
20.63	28.54	33.68	33.68	3.48	1.49	36.326179	34.695663	35.624162	0.566661
20.63	28.54	33.68	33.68	3.48	1.49	36.320270	34.692187	35.619444	0.566631
20.64	28.54	33.67	33.67	3.48	1.49	36.314364	34.688710	35.614727	0.566601
20.64	28.54	33.66	33.66	3.48	1.49	36.308460	34.685232	35.610011	0.566571
20.64	28.54	33.65	33.65	3.48	1.49	36.302557	34.681754	35.605296	0.566541
20.64	28.54	33.65	33.65	3.48	1.48	36.296657	34.678276	35.600581	0.566511
20.65	28.54	33.64	33.64	3.48	1.48	36.290759	34.674797	35.595868	0.566481
20.65	28.54	33.63	33.63	3.48	1.48	36.284863	34.671318	35.591155	0.566452
20.65	28.54	33.63	33.63	3.48	1.48	36.278969	34.667839	35.586444	0.566422
20.66	28.54	33.62	33.62	3.48	1.48	36.273077	34.664359	35.581733	0.566392
20.66	28.54	33.61	33.61	3.48	1.48	36.267187	34.660879	35.577023	0.566362
20.66	28.54	33.60	33.60	3.48	1.48	36.261299	34.657399	35.572314	0.566332
20.66	28.54	33.60	33.60	3.48	1.48	36.255412	34.653918	35.567606	0.566302
20.67	28.54	33.59	33.59	3.48	1.48	36.249528	34.650437	35.562899	0.566272
20.67	28.54	33.58	33.58	3.48	1.48	36.243646	34.646955	35.558193	0.566242
20.67	28.54	33.57	33.57	3.48	1.48	36.237766	34.643473	35.553487	0.566212
20.68	28.54	33.57	33.57	3.48	1.48	36.231887	34.639991	35.548783	0.566182
20.68	28.54	33.56	33.56	3.48	1.48	36.226011	34.636508	35.544079	0.566152
20.68	28.54	33.55	33.55	3.48	1.48	36.220137	34.633025	35.539377	0.566122
20.68	28.54	33.55	33.55	3.48	1.48	36.214264	34.629542	35.534675	0.566092
20.69	28.54	33.54	33.54	3.48	1.48	36.208393	34.626059	35.529974	0.566062
20.69	28.54	33.53	33.53	3.48	1.48	36.202524	34.622575	35.525273	0.566032
20.69	28.54	33.52	33.52	3.48	1.47	36.196658	34.619090	35.520574	0.566002
20.69	28.54	33.52	33.52	3.48	1.47	36.190792	34.615606	35.515876	0.565972
20.70	28.54	33.51	33.51	3.48	1.47	36.184929	34.612121	35.511178	0.565942
20.70	28.54	33.50	33.50	3.48	1.47	36.179068	34.608636	35.506481	0.565912
20.70	28.54	33.49	33.49	3.48	1.47	36.173208	34.605150	35.501785	0.565882
20.71	28.54	33.49	33.49	3.48	1.47	36.167351	34.601665	35.497090	0.565852
20.71	28.54	33.48	33.48	3.48	1.47	36.161495	34.598179	35.492396	0.565822
20.71	28.54	33.47	33.47	3.48	1.47	36.155641	34.594692	35.487702	0.565792
20.71	28.54	33.46	33.46	3.48	1.47	36.149788	34.591206	35.483010	0.565762
20.72	28.54	33.46	33.46	3.48	1.47	36.143938	34.587719	35.478318	0.565731
20.72	28.54	33.45	33.45	3.48	1.47	36.138089	34.584231	35.473627	0.565701
20.72	28.54	33.44	33.44	3.48	1.47	36.132242	34.580744	35.468937	0.565671
20.73	28.54	33.44	33.44	3.48	1.47	36.126397	34.577256	35.464248	0.565641
20.73	28.54	33.43	33.43	3.48	1.47	36.120554	34.573768	35.459559	0.565611
20.73	28.54	33.42	33.42	3.48	1.47	36.114712	34.570280	35.454872	0.565581
20.73	28.54	33.41	33.41	3.48	1.47	36.108872	34.566791	35.450185	0.565551
20.74	28.54	33.41	33.41	3.48	1.47	36.103034	34.563302	35.445499	0.565521
20.74	28.54	33.40	33.40	3.48	1.46	36.097197	34.559813	35.440814	0.565491
20.74	28.54	33.39	33.39	3.48	1.46	36.091362	34.556324	35.436129	0.565461
20.74	28.54	33.38	33.38	3.48	1.46	36.085529	34.552834	35.431445	0.565431
20.75	28.54	33.38	33.38	3.47	1.46	36.079698	34.549344	35.426763	0.565401
20.75	28.54	33.37	33.37	3.47	1.46	36.073868	34.545854	35.422081	0.565371
20.75	28.54	33.36	33.36	3.47	1.46	36.068040	34.542364	35.417399	0.565341
20.76	28.54	33.35	33.35	3.47	1.46	36.062213	34.538873	35.412719	0.565310
20.76	28.54	33.35	33.35	3.47	1.46	36.056389	34.535383	35.408039	0.565280
20.76	28.54	33.34	33.34	3.47	1.46	36.050566	34.531892	35.403360	0.565250
20.76	28.54	33.33	33.33	3.47	1.46	36.044744	34.528400	35.398682	0.565220
20.77	28.54	33.33	33.33	3.47	1.46	36.038924	34.524909	35.394005	0.565190
20.77	28.54	33.32	33.32	3.47	1.46	36.033106	34.521417	35.389328	0.565160
20.77	28.54	33.31	33.31	3.47	1.46	36.027289	34.517925	35.384652	0.565130
20.77	28.54	33.30	33.30	3.47	1.46	36.021474	34.514433	35.379977	0.565099
20.78	28.54	33.30	33.30	3.47	1.46	36.015661	34.510941	35.375303	0.565069
20.78	28.54	33.29	33.29	3.47	1.46	36.009849	34.507448	35.370629	0.565039
20.78	28.54	33.28	33.28	3.47	1.45	36.004038	34.503955	35.365957	0.565009
20.79	28.54	33.27	33.27	3.47	1.45	35.998230	34.500463	35.361285	0.564979
20.79	28.54	33.27	33.27	3.47	1.45	35.992422	34.496969	35.356613	0.564949
20.79	28.54	33.26	33.26	3.47	1.45	35.986617	34.493476	35.351943	0.564918
20.79	28.54	33.25	33.25	3.47	1.45	35.980812	34.489982	35.347273	0.564888
20.80	28.54	33.24	33.24	3.47	1.45	35.975010	34.486489	35.342604	0.564858
20.80	28.54	33.24	33.24	3.47	1.45	35.969209	34.482995	35.337936	0.564828
20.80	28.54	33.23	33.23	3.47	1.45	35.963409	34.479501	35.333268	0.564797
20.81	28.54	33.22	33.22	3.47	1.45	35.957611	34.476006	35.328601	0.564767
20.81	28.54	33.21	33.21	3.47	1.45	35.951814	34.472512	35.323935	0.564737
20.81	28.54	33.21	33.21	3.47	1.45	35.946019	34.469017	35.319270	0.564707
20.81	28.54	33.20	33.20	3.47	1.45	35.940226	34.465523	35.314605	0.564676
20.82	28.54	33.19	33.19	3.47	1.45	35.934434	34.462028	35.309941	0.564646
20.82	28.54	33.18	33.18	3.47	1.45	35.928643	34.458533	35.305278	0.564616
20.82	28.54	33.18	33.18	3.47	1.45	35.922854	34.455037	35.300615	0.564586
20.82	28.54	33.17	33.17	3.47	1.45	35.917066	34.451542	35.295954	0.564555
20.83	28.54	33.16	33.16	3.47	1.44	35.911279	34.448046	35.291293	0.564525
20.83	28.54	33.16	33.16	3.47	1.44	35.905494	34.444550	35.286632	0.564495
20.83	28.54	33.15	33.15	3.47	1.44	35.899711	34.441054	35.281973	0.564464
20.84	28.54	33.14	33.14	3.47	1.44	35.893929	34.437558	35.277314	0.564434
20.84	28.54	33.13	33.13	3.47	1.44	35.888148	34.434062	35.272655	0.564404
20.84	28.54	33.13	33.13	3.47	1.44	35.882369	34.430566	35.267998	0.564373
20.84	28.54	33.12	33.12	3.47	1.44	35.876591	34.427069	35.263341	0.564343
20.85	28.54	33.11	33.11	3.47	1.44	35.870814	34.423573	35.258685	0.564312
20.85	28.54	33.10	33.10	3.47	1.44	35.865039	34.420076	35.254029	0.564282
20.85	28.54	33.10	33.10	3.47	1.44	35.859265	34.416579	35.249375	0.564252
20.86	28.54	33.09	33.09	3.47	1.44	35.853493	34.413082	35.244720	0.564221
20.86	28.54	33.08	33.08	3.47	1.44	35.847722	34.409585	35.240067	0.564191
20.86	28.54	33.07	33.07	3.47	1.44	35.841952	34.406088	35.235414	0.564160
20.86	28.54	33.07	33.07	3.47	1.44	35.836184	34.402590	35.230762	0.564130
20.87	28.54	33.06	33.06	3.47	1.44	35.830416	34.399093	35.226111	0.564099
20.87	28.54	33.05	33.05	3.47	1.44	35.824651	34.395595	35.221460	0.564069
20.87	28.54	33.04	33.04	3.47	1.43	35.818886	34.392097	35.216810	0.564038
20.88	28.54	33.04	33.04	3.47	1.43	35.813123	34.388600	35.212161	0.564008
20.88	28.54	33.03	33.03	3.47	1.43	35.807361	34.385102	35.207512	0.563977
20.88	28.54	33.02	33.02	3.47	1.43	35.801601	34.381604	35.202864	0.563947
20.88	28.54	33.01	33.01	3.47	1.43	35.795841	34.378105	35.198216	0.563916
20.89	28.54	33.01	33.01	3.47	1.43	35.790083	34.374607	35.193569	0.563886
20.89	28.54	33.00	33.00	3.47	1.43	35.784327	34.371109	35.188923	0.563855
20.89	28.54	32.99	32.99	3.47	1.43	35.778571	34.367610	35.184278	0.563825
20.89	28.54	32.98	32.98	3.47	1.43	35.772817	34.364112	35.179633	0.563794
20.90	28.54	32.98	32.98	3.47	1.43	35.767064	34.360613	35.174989	0.563763
20.90	28.54	32.97	32.97	3.47	1.43	35.761312	34.357114	35.170345	0.563733
20.90	28.54	32.96	32.96	3.47	1.43	35.755561	34.353615	35.165702	0.563702
20.91	28.54	32.95	32.95	3.47	1.43	35.749812	34.350117	35.161060	0.563672
20.91	28.54	32.95	32.95	3.47	1.43	35.744064	34.346618	35.156418	0.563641
20.91	28.54	32.94	32.94	3.47	1.43	35.738317	34.343119	35.151777	0.563610
20.91	28.54	32.93	32.93	3.47	1.43	35.732571	34.339619	35.147137	0.563580
20.92	28.54	32.92	32.92	3.47	1.42	35.726827	34.336120	35.142497	0.563549
20.92	28.54	32.92	32.92	3.47	1.42	35.721084	34.332621	35.137858	0.563518
20.92	28.54	32.91	32.91	3.47	1.42	35.715342	34.329121	35.133220	0.563487
20.93	28.54	32.90	32.90	3.46	1.42	35.709601	34.325622	35.128582	0.563457
20.93	28.54	32.89	32.89	3.46	1.42	35.703861	34.322123	35.123944	0.563426
20.93	28.54	32.89	32.89	3.46	1.42	35.698122	34.318623	35.119308	0.563395
20.93	28.54	32.88	32.88	3.46	1.42	35.692385	34.315123	35.114672	0.563364
20.94	28.54	32.87	32.87	3.46	1.42	35.686648	34.311624	35.110036	0.563334
20.94	28.54	32.86	32.86	3.46	1.42	35.680913	34.308124	35.105401	0.563303
20.94	28.54	32.86	32.86	3.46	1.42	35.675179	34.304624	35.100767	0.563272
20.94	28.54	32.85	32.85	3.46	1.42	35.669446	34.301124	35.096133	0.563241
20.95	28.54	32.84	32.84	3.46	1.42	35.663714	34.297624	35.091500	0.563210
20.95	28.54	32.83	32.83	3.46	1.42	35.657984	34.294124	35.086868	0.563179
20.95	28.54	32.83	32.83	3.46	1.42	35.652254	34.290624	35.082236	0.563148
20.96	28.54	32.82	32.82	3.46	1.42	35.646525	34.287124	35.077605	0.563117
20.96	28.54	32.81	32.81	3.46	1.42	35.640798	34.283624	35.072974	0.563087
20.96	28.54	32.80	32.80	3.46	1.41	35.635072	34.280124	35.068344	0.563056
20.96	28.54	32.80	32.80	3.46	1.41	35.629346	34.276624	35.063714	0.563025
20.97	28.54	32.79	32.79	3.46	1.41	35.623622	34.273124	35.059085	0.562994
20.97	28.54	32.78	32.78	3.46	1.41	35.617899	34.269623	35.054457	0.562963
20.97	28.54	32.77	32.77	3.46	1.41	35.612177	34.266123	35.049829	0.562932
20.98	28.54	32.77	32.77	3.46	1.41	35.606456	34.262623	35.045202	0.562901
20.98	28.54	32.76	32.76	3.46	1.41	35.600736	34.259122	35.040575	0.562870
20.98	28.54	32.75	32.75	3.46	1.41	35.595017	34.255622	35.035949	0.562839
20.98	28.54	32.74	32.74	3.46	1.41	35.589299	34.252122	35.031324	0.562807
20.99	28.54	32.74	32.74	3.46	1.41	35.583582	34.248621	35.026699	0.562776
20.99	28.54	32.73	32.73	3.46	1.41	35.577866	34.245121	35.022074	0.562745
20.99	28.54	32.72	32.72	3.46	1.41	35.572151	34.241620	35.017450	0.562714
20.99	28.54	32.71	32.71	3.46	1.41	35.566438	34.238120	35.012827	0.562683
21.00	28.54	32.71	32.71	3.46	1.41	35.560725	34.234619	35.008204	0.562652
21.00	28.54	32.70	32.70	3.46	1.41	35.555013	34.231119	35.003582	0.562621
21.00	28.54	32.69	32.69	3.46	1.41	35.549302	34.227618	34.998961	0.562589
21.01	28.54	32.68	32.68	3.46	1.40	35.543592	34.224118	34.994339	0.562558
21.01	28.54	32.68	32.68	3.46	1.40	35.537883	34.220617	34.989719	0.562527
21.01	28.54	32.67	32.67	3.46	1.40	35.532175	34.217117	34.985099	0.562496
21.01	28.54	32.66	32.66	3.46	1.40	35.526468	34.213616	34.980479	0.562464
21.02	28.54	32.65	32.65	3.46	1.40	35.520762	34.210116	34.975860	0.562433
21.02	28.54	32.65	32.65	3.46	1.40	35.515057	34.206615	34.971242	0.562402
21.02	28.54	32.64	32.64	3.46	1.40	35.509353	34.203114	34.966624	0.562370
21.02	28.54	32.63	32.63	3.46	1.40	35.503650	34.199614	34.962007	0.562339
21.03	28.54	32.62	32.62	3.46	1.40	35.497947	34.196113	34.957390	0.562308
21.03	28.54	32.62	32.62	3.46	1.40	35.492246	34.192613	34.952774	0.562276
21.03	28.54	32.61	32.61	3.46	1.40	35.486546	34.189112	34.948158	0.562245
21.04	28.54	32.60	32.60	3.46	1.40	35.480846	34.185612	34.943543	0.562214
21.04	28.54	32.59	32.59	3.46	1.40	35.475148	34.182111	34.938928	0.562182
21.04	28.54	32.58	32.58	3.46	1.40	35.469450	34.178611	34.934314	0.562151
21.04	28.54	32.58	32.58	3.46	1.40	35.463753	34.175110	34.929700	0.562119
21.05	28.54	32.57	32.57	3.46	1.40	35.458057	34.171610	34.925087	0.562088
21.05	28.54	32.56	32.56	3.46	1.39	35.452362	34.168109	34.920474	0.562056
21.05	28.54	32.55	32.55	3.46	1.39	35.446668	34.164609	34.915862	0.562024
21.06	28.54	32.55	32.55	3.46	1.39	35.440975	34.161108	34.911250	0.561993
21.06	28.54	32.54	32.54	3.46	1.39	35.435282	34.157608	34.906639	0.561961
21.06	28.54	32.53	32.53	3.46	1.39	35.429591	34.154107	34.902028	0.561930
21.06	28.54	32.52	32.52	3.46	1.39	35.423900	34.150607	34.897418	0.561898
21.07	28.54	32.52	32.52	3.46	1.39	35.418210	34.147107	34.892808	0.561866
21.07	28.54	32.51	32.51	3.46	1.39	35.412521	34.143606	34.888199	0.561835
21.07	28.54	32.50	32.50	3.46	1.39	35.406833	34.140106	34.883590	0.561803
21.07	28.54	32.49	32.49	3.46	1.39	35.401146	34.136606	34.878982	0.561771
21.08	28.54	32.49	32.49	3.46	1.39	35.395459	34.133105	34.874374	0.561739
21.08	28.54	32.48	32.48	3.46	1.39	35.389773	34.129605	34.869767	0.561708
21.08	28.54	32.47	32.47	3.46	1.39	35.384088	34.126105	34.865160	0.561676
21.09	28.54	32.46	32.46	3.46	1.39	35.378404	34.122605	34.860554	0.561644
21.09	28.54	32.46	32.46	3.46	1.39	35.372721	34.119105	34.855948	0.561612
21.09	28.54	32.45	32.45	3.46	1.38	35.367039	34.115605	34.851343	0.561580
21.09	28.54	32.44	32.44	3.46	1.38	35.361357	34.112105	34.846738	0.561549
21.10	28.54	32.43	32.43	3.46	1.38	35.355676	34.108605	34.842134	0.561517
21.10	28.54	32.43	32.43	3.46	1.38	35.349996	34.105105	34.837530	0.561485
21.10	28.54	32.42	32.42	3.45	1.38	35.344317	34.101605	34.832926	0.561453
21.11	28.54	32.41	32.41	3.45	1.38	35.338638	34.098105	34.828323	0.561421
21.11	28.54	32.40	32.40	3.45	1.38	35.332960	34.094605	34.823721	0.561389
21.11	28.54	32.39	32.39	3.45	1.38	35.327283	34.091105	34.819119	0.561357
21.11	28.54	32.39	32.39	3.45	1.38	35.321607	34.087605	34.814517	0.561325
21.12	28.54	32.38	32.38	3.45	1.38	35.315932	34.084106	34.809916	0.561293
21.12	28.54	32.37	32.37	3.45	1.38	35.310257	34.080606	34.805315	0.561260
21.12	28.54	32.36	32.36	3.45	1.38	35.304583	34.077107	34.800715	0.561228
21.12	28.54	32.36	32.36	3.45	1.38	35.298910	34.073607	34.796115	0.561196
21.13	28.54	32.35	32.35	3.45	1.38	35.293237	34.070108	34.791516	0.561164
21.13	28.54	32.34	32.34	3.45	1.38	35.287565	34.066608	34.786917	0.561132
21.13	28.54	32.33	32.33	3.45	1.37	35.281894	34.063109	34.782318	0.561100
21.14	28.54	32.33	32.33	3.45	1.37	35.276224	34.059609	34.777720	0.561067
21.14	28.54	32.32	32.32	3.45	1.37	35.270554	34.056110	34.773123	0.561035
21.14	28.54	32.31	32.31	3.45	1.37	35.264885	34.052611	34.768526	0.561003
21.14	28.54	32.30	32.30	3.45	1.37	35.259217	34.049112	34.763929	0.560970
21.15	28.54	32.30	32.30	3.45	1.37	35.253549	34.045613	34.759333	0.560938
21.15	28.54	32.29	32.29	3.45	1.37	35.247882	34.042114	34.754737	0.560906
21.15	28.54	32.28	32.28	3.45	1.37	35.242216	34.038615	34.750141	0.560873
21.16	28.54	32.27	32.27	3.45	1.37	35.236550	34.035116	34.745546	0.560841
21.16	28.54	32.26	32.26	3.45	1.37	35.230885	34.031617	34.740952	0.560808
21.16	28.54	32.26	32.26	3.45	1.37	35.225221	34.028118	34.736357	0.560776
21.16	28.54	32.25	32.25	3.45	1.37	35.219558	34.024620	34.731764	0.560743
21.17	28.54	32.24	32.24	3.45	1.37	35.213895	34.021121	34.727170	0.560711
21.17	28.54	32.23	32.23	3.45	1.37	35.208233	34.017623	34.722577	0.560678
21.17	28.54	32.23	32.23	3.45	1.37	35.202571	34.014124	34.717985	0.560646
21.18	28.54	32.22	32.22	3.45	1.36	35.196910	34.010626	34.713393	0.560613
21.18	28.54	32.21	32.21	3.45	1.36	35.191250	34.007127	34.708801	0.560580
21.18	28.54	32.20	32.20	3.45	1.36	35.185590	34.003629	34.704210	0.560548
21.18	28.54	32.20	32.20	3.45	1.36	35.179931	34.000131	34.699619	0.560515
21.19	28.54	32.19	32.19	3.45	1.36	35.174273	33.996633	34.695029	0.560482
21.19	28.54	32.18	32.18	3.45	1.36	35.168615	33.993135	34.690439	0.560450
21.19	28.54	32.17	32.17	3.45	1.36	35.162958	33.989637	34.685849	0.560417
21.19	28.54	32.16	32.16	3.45	1.36	35.157301	33.986139	34.681260	0.560384
21.20	28.54	32.16	32.16	3.45	1.36	35.151645	33.982641	34.676671	0.560351
21.20	28.54	32.15	32.15	3.45	1.36	35.145990	33.979144	34.672082	0.560318
21.20	28.54	32.14	32.14	3.45	1.36	35.140335	33.975646	34.667494	0.560285
21.21	28.54	32.13	32.13	3.45	1.36	35.134681	33.972149	34.662907	0.560252
21.21	28.54	32.13	32.13	3.45	1.36	35.129028	33.968651	34.658319	0.560219
21.21	28.54	32.12	32.12	3.45	1.36	35.123375	33.965154	34.653732	0.560186
21.21	28.54	32.11	32.11	3.45	1.36	35.117722	33.961657	34.649146	0.560153
21.22	28.54	32.10	32.10	3.45	1.35	35.112070	33.958160	34.644560	0.560120
21.22	28.54	32.10	32.10	3.45	1.35	35.106419	33.954662	34.639974	0.560087
21.22	28.54	32.09	32.09	3.45	1.35	35.100768	33.951165	34.635389	0.560054
21.23	28.54	32.08	32.08	3.45	1.35	35.095118	33.947669	34.630804	0.560021
21.23	28.54	32.07	32.07	3.45	1.35	35.089469	33.944172	34.626219	0.559988
21.23	28.54	32.06	32.06	3.45	1.35	35.083820	33.940675	34.621635	0.559955
21.23	28.54	32.06	32.06	3.45	1.35	35.078171	33.937178	34.617051	0.559921
21.24	28.54	32.05	32.05	3.45	1.35	35.072523	33.933682	34.612467	0.559888
21.24	28.54	32.04	32.04	3.45	1.35	35.066876	33.930185	34.607884	0.559855
21.24	28.54	32.03	32.03	3.45	1.35	35.061229	33.926689	34.603301	0.559821
21.24	28.54	32.03	32.03	3.45	1.35	35.055583	33.923193	34.598719	0.559788
21.25	28.54	32.02	32.02	3.45	1.35	35.049937	33.919697	34.594137	0.559755
21.25	28.54	32.01	32.01	3.45	1.35	35.044292	33.916201	34.589555	0.559721
21.25	28.54	32.00	32.00	3.45	1.35	35.038647	33.912705	34.584974	0.559688
21.26	28.54	32.00	32.00	3.45	1.34	35.033003	33.909209	34.580393	0.559654
21.26	28.54	31.99	31.99	3.45	1.34	35.027359	33.905713	34.575812	0.559621
21.26	28.54	31.98	31.98	3.45	1.34	35.021716	33.902218	34.571232	0.559587
21.26	28.54	31.97	31.97	3.45	1.34	35.016073	33.898722	34.566652	0.559554
21.27	28.54	31.96	31.96	3.45	1.34	35.010431	33.895227	34.562072	0.559520
21.27	28.54	31.96	31.96	3.45	1.34	35.004789	33.891731	34.557493	0.559486
21.27	28.54	31.95	31.95	3.45	1.34	34.999148	33.888236	34.552914	0.559453
21.27	28.54	31.94	31.94	3.45	1.34	34.993507	33.884741	34.548336	0.559419
21.28	28.54	31.93	31.93	3.45	1.34	34.987866	33.881246	34.543757	0.559385
21.28	28.54	31.93	31.93	3.45	1.34	34.982227	33.877751	34.539180	0.559351
21.28	28.54	31.92	31.92	3.44	1.34	34.976587	33.874256	34.534602	0.559318
21.29	28.54	31.91	31.91	3.44	1.34	34.970948	33.870762	34.530025	0.559284
21.29	28.54	31.90	31.90	3.44	1.34	34.965310	33.867267	34.525448	0.559250
21.29	28.54	31.89	31.89	3.44	1.34	34.959672	33.863772	34.520872	0.559216
21.29	28.54	31.89	31.89	3.44	1.33	34.954034	33.860278	34.516295	0.559182
21.30	28.54	31.88	31.88	3.44	1.33	34.948397	33.856784	34.511719	0.559148
21.30	28.54	31.87	31.87	3.44	1.33	34.942761	33.853290	34.507144	0.559114
21.30	28.54	31.86	31.86	3.44	1.33	34.937125	33.849796	34.502569	0.559080
21.31	28.54	31.86	31.86	3.44	1.33	34.931489	33.846302	34.497994	0.559046
21.31	28.54	31.85	31.85	3.44	1.33	34.925854	33.842808	34.493419	0.559012
21.31	28.54	31.84	31.84	3.44	1.33	34.920219	33.839314	34.488845	0.558977
21.31	28.54	31.83	31.83	3.44	1.33	34.914584	33.835821	34.484271	0.558943
21.32	28.54	31.82	31.82	3.44	1.33	34.908950	33.832327	34.479697	0.558909
21.32	28.54	31.82	31.82	3.44	1.33	34.903317	33.828834	34.475124	0.558875
21.32	28.54	31.81	31.81	3.44	1.33	34.897683	33.825341	34.470551	0.558840
21.32	28.54	31.80	31.80	3.44	1.33	34.892051	33.821848	34.465979	0.558806
21.33	28.54	31.79	31.79	3.44	1.33	34.886418	33.818355	34.461406	0.558772
21.33	28.54	31.79	31.79	3.44	1.33	34.880786	33.814862	34.456834	0.558737
21.33	28.54	31.78	31.78	3.44	1.32	34.875155	33.811369	34.452262	0.558703
21.34	28.54	31.77	31.77	3.44	1.32	34.869524	33.807876	34.447691	0.558668
21.34	28.54	31.76	31.76	3.44	1.32	34.863893	33.804384	34.443120	0.558634
21.34	28.54	31.76	31.76	3.44	1.32	34.858262	33.800891	34.438549	0.558599
21.34	28.54	31.75	31.75	3.44	1.32	34.852632	33.797399	34.433978	0.558564
21.35	28.54	31.74	31.74	3.44	1.32	34.847003	33.793907	34.429408	0.558530
21.35	28.54	31.73	31.73	3.44	1.32	34.841374	33.790415	34.424838	0.558495
21.35	28.54	31.72	31.72	3.44	1.32	34.835745	33.786923	34.420269	0.558460
21.36	28.54	31.72	31.72	3.44	1.32	34.830116	33.783431	34.415699	0.558426
21.36	28.54	31.71	31.71	3.44	1.32	34.824488	33.779940	34.411130	0.558391
21.36	28.54	31.70	31.70	3.44	1.32	34.818860	33.776448	34.406561	0.558356
21.36	28.54	31.69	31.69	3.44	1.32	34.813233	33.772957	34.401993	0.558321
21.37	28.54	31.68	31.68	3.44	1.32	34.807606	33.769465	34.397425	0.558286
21.37	28.54	31.68	31.68	3.44	1.32	34.801979	33.765974	34.392857	0.558251
21.37	28.54	31.67	31.67	3.44	1.31	34.796353	33.762483	34.388289	0.558216
21.38	28.54	31.66	31.66	3.44	1.31	34.790727	33.758992	34.383722	0.558181
21.38	28.54	31.65	31.65	3.44	1.31	34.785101	33.755501	34.379155	0.558146
21.38	28.54	31.65	31.65	3.44	1.31	34.779476	33.752011	34.374588	0.558111
21.38	28.54	31.64	31.64	3.44	1.31	34.773851	33.748520	34.370021	0.558076
21.39	28.54	31.63	31.63	3.44	1.31	34.768226	33.745030	34.365455	0.558041
21.39	28.54	31.62	31.62	3.44	1.31	34.762602	33.741540	34.360889	0.558005
21.39	28.54	31.61	31.61	3.44	1.31	34.756978	33.738050	34.356324	0.557970
21.39	28.54	31.61	31.61	3.44	1.31	34.751354	33.734559	34.351758	0.557935
21.40	28.54	31.60	31.60	3.44	1.31	34.745730	33.731070	34.347193	0.557899
21.40	28.54	31.59	31.59	3.44	1.31	34.740107	33.727580	34.342628	0.557864
21.40	28.54	31.58	31.58	3.44	1.31	34.734485	33.724090	34.338063	0.557828
21.41	28.54	31.58	31.58	3.44	1.31	34.728862	33.720601	34.333499	0.557793
21.41	28.54	31.57	31.57	3.44	1.30	34.723240	33.717111	34.328935	0.557757
21.41	28.54	31.56	31.56	3.44	1.30	34.717618	33.713622	34.324371	0.557722
21.41	28.54	31.55	31.55	3.44	1.30	34.711997	33.710133	34.319808	0.557686
21.42	28.54	31.54	31.54	3.44	1.30	34.706375	33.706644	34.315244	0.557650
21.42	28.54	31.54	31.54	3.44	1.30	34.700754	33.703155	34.310681	0.557615
21.42	28.54	31.53	31.53	3.44	1.30	34.695134	33.699667	34.306118	0.557579
21.43	28.54	31.52	31.52	3.44	1.30	34.689513	33.696178	34.301556	0.557543
21.43	28.54	31.51	31.51	3.44	1.30	34.683893	33.692690	34.296994	0.557507
21.43	28.54	31.51	31.51	3.44	1.30	34.678273	33.689201	34.292432	0.557471
21.43	28.54	31.50	31.50	3.44	1.30	34.672654	33.685713	34.287870	0.557435
21.44	28.54	31.49	31.49	3.44	1.30	34.667034	33.682225	34.283308	0.557400
21.44	28.54	31.48	31.48	3.44	1.30	34.661415	33.678737	34.278747	0.557363
21.44	28.54	31.47	31.47	3.44	1.30	34.655797	33.675250	34.274186	0.557327
21.44	28.54	31.47	31.47	3.44	1.30	34.650178	33.671762	34.269625	0.557291
21.45	28.54	31.46	31.46	3.44	1.29	34.644560	33.668275	34.265064	0.557255
21.45	28.54	31.45	31.45	3.44	1.29	34.638942	33.664787	34.260504	0.557219
21.45	28.54	31.44	31.44	3.44	1.29	34.633324	33.661300	34.255944	0.557183
21.46	28.54	31.43	31.43	3.44	1.29	34.627706	33.657813	34.251384	0.557146
21.46	28.54	31.43	31.43	3.44	1.29	34.622089	33.654326	34.246824	0.557110
21.46	28.54	31.42	31.42	3.44	1.29	34.616472	33.650839	34.242265	0.557074
21.46	28.54	31.41	31.41	3.43	1.29	34.610855	33.647353	34.237706	0.557037
21.47	28.54	31.40	31.40	3.43	1.29	34.605239	33.643866	34.233147	0.557001
21.47	28.54	31.40	31.40	3.43	1.29	34.599623	33.640380	34.228588	0.556964
21.47	28.54	31.39	31.39	3.43	1.29	34.594006	33.636894	34.224030	0.556928
21.48	28.54	31.38	31.38	3.43	1.29	34.588391	33.633408	34.219471	0.556891
21.48	28.54	31.37	31.37	3.43	1.29	34.582775	33.629922	34.214913	0.556854
21.48	28.54	31.36	31.36	3.43	1.28	34.577160	33.626436	34.210356	0.556818
21.48	28.54	31.36	31.36	3.43	1.28	34.571544	33.622950	34.205798	0.556781
21.49	28.54	31.35	31.35	3.43	1.28	34.565929	33.619465	34.201241	0.556744
21.49	28.54	31.34	31.34	3.43	1.28	34.560315	33.615979	34.196683	0.556707
21.49	28.54	31.33	31.33	3.43	1.28	34.554700	33.612494	34.192127	0.556670
21.49	28.54	31.32	31.32	3.43	1.28	34.549086	33.609009	34.187570	0.556633
21.50	28.54	31.32	31.32	3.43	1.28	34.543472	33.605524	34.183013	0.556596
21.50	28.54	31.31	31.31	3.43	1.28	34.537858	33.602039	34.178457	0.556559
21.50	28.54	31.30	31.30	3.43	1.28	34.532244	33.598555	34.173901	0.556522
21.51	28.54	31.29	31.29	3.43	1.28	34.526630	33.595070	34.169345	0.556485
21.51	28.54	31.29	31.29	3.43	1.28	34.521017	33.591586	34.164789	0.556447
21.51	28.54	31.28	31.28	3.43	1.28	34.515404	33.588102	34.160234	0.556410
21.51	28.54	31.27	31.27	3.43	1.28	34.509791	33.584618	34.155679	0.556373
21.52	28.54	31.26	31.26	3.43	1.27	34.504178	33.581134	34.151124	0.556335
21.52	28.54	31.25	31.25	3.43	1.27	34.498565	33.577650	34.146569	0.556298
21.52	28.54	31.25	31.25	3.43	1.27	34.492953	33.574166	34.142014	0.556261
21.52	28.54	31.24	31.24	3.43	1.27	34.487340	33.570683	34.137460	0.556223
21.53	28.54	31.23	31.23	3.43	1.27	34.481728	33.567199	34.132906	0.556185
21.53	28.54	31.22	31.22	3.43	1.27	34.476116	33.563716	34.128352	0.556148
21.53	28.54	31.21	31.21	3.43	1.27	34.470505	33.560233	34.123798	0.556110
21.54	28.54	31.21	31.21	3.43	1.27	34.464893	33.556750	34.119244	0.556072
21.54	28.54	31.20	31.20	3.43	1.27	34.459281	33.553267	34.114691	0.556035
21.54	28.54	31.19	31.19	3.43	1.27	34.453670	33.549785	34.110137	0.555997
21.54	28.54	31.18	31.18	3.43	1.27	34.448059	33.546302	34.105584	0.555959
21.55	28.54	31.17	31.17	3.43	1.27	34.442448	33.542820	34.101032	0.555921
21.55	28.54	31.17	31.17	3.43	1.26	34.436837	33.539338	34.096479	0.555883
21.55	28.54	31.16	31.16	3.43	1.26	34.431226	33.535856	34.091926	0.555845
21.56	28.54	31.15	31.15	3.43	1.26	34.425616	33.532374	34.087374	0.555807
21.56	28.54	31.14	31.14	3.43	1.26	34.420005	33.528892	34.082822	0.555768
21.56	28.54	31.14	31.14	3.43	1.26	34.414395	33.525410	34.078270	0.555730
21.56	28.54	31.13	31.13	3.43	1.26	34.408785	33.521929	34.073718	0.555692
21.57	28.54	31.12	31.12	3.43	1.26	34.403175	33.518448	34.069167	0.555654
21.57	28.54	31.11	31.11	3.43	1.26	34.397565	33.514966	34.064615	0.555615
21.57	28.54	31.10	31.10	3.43	1.26	34.391955	33.511485	34.060064	0.555577
21.57	28.54	31.10	31.10	3.43	1.26	34.386346	33.508004	34.055513	0.555538
21.58	28.54	31.09	31.09	3.43	1.26	34.380736	33.504524	34.050962	0.555500
21.58	28.54	31.08	31.08	3.43	1.26	34.375127	33.501043	34.046411	0.555461
21.58	28.54	31.07	31.07	3.43	1.26	34.369517	33.497563	34.041861	0.555422
21.59	28.54	31.06	31.06	3.43	1.25	34.363908	33.494082	34.037311	0.555383
21.59	28.54	31.06	31.06	3.43	1.25	34.358299	33.490602	34.032760	0.555345
21.59	28.54	31.05	31.05	3.43	1.25	34.352690	33.487122	34.028210	0.555306
21.59	28.54	31.04	31.04	3.43	1.25	34.347082	33.483642	34.023661	0.555267
21.60	28.54	31.03	31.03	3.43	1.25	34.341473	33.480163	34.019111	0.555228
21.60	28.54	31.02	31.02	3.43	1.25	34.335864	33.476683	34.014561	0.555189
21.60	28.54	31.02	31.02	3.43	1.25	34.330256	33.473204	34.010012	0.555150
21.61	28.54	31.01	31.01	3.43	1.25	34.324647	33.469725	34.005463	0.555110
21.61	28.54	31.00	31.00	3.43	1.25	34.319039	33.466245	34.000914	0.555071
21.61	28.54	30.99	30.99	3.43	1.25	34.313431	33.462767	33.996365	0.555032
21.61	28.54	30.99	30.99	3.43	1.25	34.307823	33.459288	33.991816	0.554993
21.62	28.54	30.98	30.98	3.43	1.24	34.302214	33.455809	33.987268	0.554953
21.62	28.54	30.97	30.97	3.43	1.24	34.296607	33.452331	33.982719	0.554914
21.62	28.54	30.96	30.96	3.43	1.24	34.290999	33.448852	33.978171	0.554874
21.62	28.54	30.95	30.95	3.43	1.24	34.285391	33.445374	33.973623	0.554835
21.63	28.54	30.95	30.95	3.43	1.24	34.279783	33.441896	33.969075	0.554795
21.63	28.54	30.94	30.94	3.43	1.24	34.274175	33.438418	33.964527	0.554755
21.63	28.54	30.93	30.93	3.43	1.24	34.268568	33.434940	33.959980	0.554715
21.64	28.54	30.92	30.92	3.43	1.24	34.262960	33.431463	33.955432	0.554675
21.64	28.54	30.91	30.91	3.43	1.24	34.257353	33.427985	33.950885	0.554636
21.64	28.54	30.91	30.91	3.43	1.24	34.251746	33.424508	33.946338	0.554596
21.64	28.54	30.90	30.90	3.43	1.24	34.246138	33.421031	33.941791	0.554556
21.65	28.54	30.89	30.89	3.42	1.24	34.240531	33.417554	33.937244	0.554515
21.65	28.54	30.88	30.88	3.42	1.23	34.234924	33.414077	33.932697	0.554475
21.65	28.54	30.87	30.87	3.42	1.23	34.229317	33.410600	33.928151	0.554435
21.66	28.54	30.87	30.87	3.42	1.23	34.223710	33.407124	33.923604	0.554395
21.66	28.54	30.86	30.86	3.42	1.23	34.218103	33.403647	33.919058	0.554354
21.66	28.54	30.85	30.85	3.42	1.23	34.212496	33.400171	33.914512	0.554314
21.66	28.54	30.84	30.84	3.42	1.23	34.206889	33.396695	33.909966	0.554273
21.67	28.54	30.83	30.83	3.42	1.23	34.201282	33.393219	33.905420	0.554233
21.67	28.54	30.83	30.83	3.42	1.23	34.195675	33.389743	33.900874	0.554192
21.67	28.54	30.82	30.82	3.42	1.23	34.190068	33.386267	33.896329	0.554151
21.68	28.54	30.81	30.81	3.42	1.23	34.184461	33.382792	33.891783	0.554111
21.68	28.54	30.80	30.80	3.42	1.23	34.178855	33.379316	33.887238	0.554070
21.68	28.54	30.79	30.79	3.42	1.22	34.173248	33.375841	33.882692	0.554029
21.68	28.54	30.79	30.79	3.42	1.22	34.167641	33.372366	33.878147	0.553988
21.69	28.54	30.78	30.78	3.42	1.22	34.162035	33.368891	33.873602	0.553947
21.69	28.54	30.77	30.77	3.42	1.22	34.156428	33.365417	33.869058	0.553906
21.69	28.54	30.76	30.76	3.42	1.22	34.150822	33.361942	33.864513	0.553864
21.69	28.54	30.75	30.75	3.42	1.22	34.145215	33.358467	33.859968	0.553823
21.70	28.54	30.75	30.75	3.42	1.22	34.139609	33.354993	33.855424	0.553782
21.70	28.54	30.74	30.74	3.42	1.22	34.134002	33.351519	33.850880	0.553740
21.70	28.54	30.73	30.73	3.42	1.22	34.128396	33.348045	33.846335	0.553699
21.71	28.54	30.72	30.72	3.42	1.22	34.122789	33.344571	33.841791	0.553657
21.71	28.54	30.71	30.71	3.42	1.22	34.117183	33.341097	33.837247	0.553616
21.71	28.54	30.71	30.71	3.42	1.22	34.111576	33.337624	33.832703	0.553574
21.71	28.54	30.70	30.70	3.42	1.21	34.105970	33.334150	33.828160	0.553532
21.72	28.54	30.69	30.69	3.42	1.21	34.100364	33.330677	33.823616	0.553490
21.72	28.54	30.68	30.68	3.42	1.21	34.094757	33.327204	33.819073	0.553448
21.72	28.54	30.68	30.68	3.42	1.21	34.089151	33.323731	33.814529	0.553406
21.73	28.54	30.67	30.67	3.42	1.21	34.083544	33.320258	33.809986	0.553364
21.73	28.54	30.66	30.66	3.42	1.21	34.077938	33.316785	33.805443	0.553322
21.73	28.54	30.65	30.65	3.42	1.21	34.072332	33.313313	33.800900	0.553280
21.73	28.54	30.64	30.64	3.42	1.21	34.066725	33.309841	33.796357	0.553238
21.74	28.54	30.64	30.64	3.42	1.21	34.061119	33.306368	33.791814	0.553195
21.74	28.54	30.63	30.63	3.42	1.21	34.055512	33.302896	33.787271	0.553153
21.74	28.54	30.62	30.62	3.42	1.20	34.049906	33.299424	33.782729	0.553110
21.74	28.54	30.61	30.61	3.42	1.20	34.044300	33.295953	33.778186	0.553067
21.75	28.54	30.60	30.60	3.42	1.20	34.038693	33.292481	33.773644	0.553025
21.75	28.54	30.60	30.60	3.42	1.20	34.033087	33.289009	33.769102	0.552982
21.75	28.54	30.59	30.59	3.42	1.20	34.027480	33.285538	33.764560	0.552939
21.76	28.54	30.58	30.58	3.42	1.20	34.021874	33.282067	33.760017	0.552896
21.76	28.54	30.57	30.57	3.42	1.20	34.016267	33.278596	33.755476	0.552853
21.76	28.54	30.56	30.56	3.42	1.20	34.010661	33.275125	33.750934	0.552810
21.76	28.54	30.56	30.56	3.42	1.20	34.005054	33.271654	33.746392	0.552767
21.77	28.54	30.55	30.55	3.42	1.20	33.999448	33.268184	33.741850	0.552724
21.77	28.54	30.54	30.54	3.42	1.20	33.993841	33.264713	33.737309	0.552680
21.77	28.54	30.53	30.53	3.42	1.19	33.988234	33.261243	33.732767	0.552637
21.77	28.54	30.52	30.52	3.42	1.19	33.982628	33.257773	33.728226	0.552593
21.78	28.54	30.52	30.52	3.42	1.19	33.977021	33.254303	33.723685	0.552550
21.78	28.54	30.51	30.51	3.42	1.19	33.971414	33.250833	33.719143	0.552506
21.78	28.54	30.50	30.50	3.42	1.19	33.965807	33.247363	33.714602	0.552462
21.79	28.54	30.49	30.49	3.42	1.19	33.960201	33.243894	33.710061	0.552418
21.79	28.54	30.48	30.48	3.42	1.19	33.954594	33.240424	33.705520	0.552374
21.79	28.54	30.48	30.48	3.42	1.19	33.948987	33.236955	33.700980	0.552330
21.79	28.54	30.47	30.47	3.42	1.19	33.943380	33.233486	33.696439	0.552286
21.80	28.54	30.46	30.46	3.42	1.19	33.937773	33.230017	33.691898	0.552242
21.80	28.54	30.45	30.45	3.42	1.18	33.932166	33.226548	33.687358	0.552198
21.80	28.54	30.44	30.44	3.42	1.18	33.926559	33.223079	33.682817	0.552153
21.81	28.54	30.44	30.44	3.42	1.18	33.920952	33.219611	33.678277	0.552109
21.81	28.54	30.43	30.43	3.42	1.18	33.915344	33.216143	33.673737	0.552064
21.81	28.54	30.42	30.42	3.42	1.18	33.909737	33.212674	33.669196	0.552020
21.81	28.54	30.41	30.41	3.42	1.18	33.904130	33.209206	33.664656	0.551975
21.82	28.54	30.40	30.40	3.42	1.18	33.898522	33.205738	33.660116	0.551930
21.82	28.54	30.40	30.40	3.42	1.18	33.892915	33.202271	33.655576	0.551885
21.82	28.54	30.39	30.39	3.42	1.18	33.887307	33.198803	33.651036	0.551840
21.82	28.54	30.38	30.38	3.42	1.18	33.881700	33.195335	33.646497	0.551795
21.83	28.54	30.37	30.37	3.42	1.17	33.876092	33.191868	33.641957	0.551750
21.83	28.54	30.36	30.36	3.41	1.17	33.870485	33.188401	33.637417	0.551705
21.83	28.54	30.36	30.36	3.41	1.17	33.864877	33.184934	33.632878	0.551659
21.84	28.54	30.35	30.35	3.41	1.17	33.859269	33.181467	33.628338	0.551614
21.84	28.54	30.34	30.34	3.41	1.17	33.853661	33.178000	33.623799	0.551568
21.84	28.54	30.33	30.33	3.41	1.17	33.848053	33.174533	33.619259	0.551523
21.84	28.54	30.32	30.32	3.41	1.17	33.842445	33.171067	33.614720	0.551477
21.85	28.54	30.31	30.31	3.41	1.17	33.836837	33.167601	33.610181	0.551431
21.85	28.54	30.31	30.31	3.41	1.17	33.831229	33.164135	33.605642	0.551385
21.85	28.54	30.30	30.30	3.41	1.17	33.825621	33.160668	33.601103	0.551339
21.86	28.54	30.29	30.29	3.41	1.16	33.820012	33.157203	33.596564	0.551293
21.86	28.54	30.28	30.28	3.41	1.16	33.814404	33.153737	33.592025	0.551247
21.86	28.54	30.27	30.27	3.41	1.16	33.808795	33.150271	33.587486	0.551200
21.86	28.54	30.27	30.27	3.41	1.16	33.803187	33.146806	33.582947	0.551154
21.87	28.54	30.26	30.26	3.41	1.16	33.797578	33.143340	33.578409	0.551107
21.87	28.54	30.25	30.25	3.41	1.16	33.791969	33.139875	33.573870	0.551061
21.87	28.54	30.24	30.24	3.41	1.16	33.786360	33.136410	33.569331	0.551014
21.88	28.54	30.23	30.23	3.41	1.16	33.780751	33.132945	33.564793	0.550967
21.88	28.54	30.23	30.23	3.41	1.16	33.775142	33.129481	33.560255	0.550920
21.88	28.54	30.22	30.22	3.41	1.16	33.769533	33.126016	33.555716	0.550873
21.88	28.54	30.21	30.21	3.41	1.15	33.763924	33.122552	33.551178	0.550826
21.89	28.54	30.20	30.20	3.41	1.15	33.758314	33.119087	33.546640	0.550779
21.89	28.54	30.19	30.19	3.41	1.15	33.752705	33.115623	33.542101	0.550731
21.89	28.54	30.19	30.19	3.41	1.15	33.747095	33.112159	33.537563	0.550684
21.89	28.54	30.18	30.18	3.41	1.15	33.741486	33.108695	33.533025	0.550636
21.90	28.54	30.17	30.17	3.41	1.15	33.735876	33.105232	33.528487	0.550589
21.90	28.54	30.16	30.16	3.41	1.15	33.730266	33.101768	33.523949	0.550541
21.90	28.54	30.15	30.15	3.41	1.15	33.724656	33.098305	33.519411	0.550493
21.91	28.54	30.15	30.15	3.41	1.15	33.719046	33.094841	33.514873	0.550445
21.91	28.54	30.14	30.14	3.41	1.14	33.713436	33.091378	33.510336	0.550397
21.91	28.54	30.13	30.13	3.41	1.14	33.707825	33.087915	33.505798	0.550349
21.91	28.54	30.12	30.12	3.41	1.14	33.702215	33.084452	33.501260	0.550300
21.92	28.54	30.11	30.11	3.41	1.14	33.696604	33.080990	33.496723	0.550252
21.92	28.54	30.11	30.11	3.41	1.14	33.690994	33.077527	33.492185	0.550203
21.92	28.54	30.10	30.10	3.41	1.14	33.685383	33.074065	33.487648	0.550154
21.93	28.54	30.09	30.09	3.41	1.14	33.679772	33.070602	33.483110	0.550106
21.93	28.54	30.08	30.08	3.41	1.14	33.674161	33.067140	33.478573	0.550057
21.93	28.54	30.07	30.07	3.41	1.14	33.668550	33.063678	33.474035	0.550008
21.93	28.54	30.07	30.07	3.41	1.14	33.662939	33.060216	33.469498	0.549959
21.94	28.54	30.06	30.06	3.41	1.13	33.657327	33.056754	33.464961	0.549909
21.94	28.54	30.05	30.05	3.41	1.13	33.651716	33.053293	33.460423	0.549860
21.94	28.54	30.04	30.04	3.41	1.13	33.646104	33.049831	33.455886	0.549810
21.94	28.54	30.03	30.03	3.41	1.13	33.640492	33.046370	33.451349	0.549761
21.95	28.54	30.03	30.03	3.41	1.13	33.634881	33.042909	33.446812	0.549711
21.95	28.54	30.02	30.02	3.41	1.13	33.629269	33.039448	33.442275	0.549661
21.95	28.54	30.01	30.01	3.41	1.13	33.623656	33.035987	33.437738	0.549611
21.96	28.54	30.00	30.00	3.41	1.13	33.618044	33.032526	33.433201	0.549561
21.96	28.54	29.99	29.99	3.41	1.13	33.612432	33.029066	33.428664	0.549511
21.96	28.54	29.98	29.98	3.41	1.12	33.606819	33.025605	33.424127	0.549460
21.96	28.54	29.98	29.98	3.41	1.12	33.601207	33.022145	33.419590	0.549410
21.97	28.54	29.97	29.97	3.41	1.12	33.595594	33.018685	33.415054	0.549359
21.97	28.54	29.96	29.96	3.41	1.12	33.589981	33.015225	33.410517	0.549309
21.97	28.54	29.95	29.95	3.41	1.12	33.584368	33.011765	33.405980	0.549258
21.98	28.54	29.94	29.94	3.41	1.12	33.578754	33.008305	33.401443	0.549207
21.98	28.54	29.94	29.94	3.41	1.12	33.573141	33.004845	33.396907	0.549156
21.98	28.54	29.93	29.93	3.41	1.12	33.567527	33.001386	33.392370	0.549104
21.98	28.54	29.92	29.92	3.41	1.11	33.561914	32.997927	33.387834	0.549053
21.99	28.54	29.91	29.91	3.41	1.11	33.556300	32.994467	33.383297	0.549001
21.99	28.54	29.90	29.90	3.41	1.11	33.550686	32.991008	33.378761	0.548950
21.99	28.54	29.90	29.90	3.41	1.11	33.545072	32.987549	33.374224	0.548898
21.99	28.54	29.89	29.89	3.41	1.11	33.539457	32.984091	33.369688	0.548846
22.00	28.54	29.88	29.88	3.41	1.11	33.533843	32.980632	33.365151	0.548794
22.00	28.54	29.87	29.87	3.41	1.11	33.528228	32.977173	33.360615	0.548742
22.00	28.54	29.86	29.86	3.41	1.11	33.522614	32.973715	33.356079	0.548690
22.01	28.54	29.86	29.86	3.41	1.11	33.516999	32.970257	33.351542	0.548637
22.01	28.54	29.85	29.85	3.41	1.10	33.511384	32.966799	33.347006	0.548584
22.01	28.54	29.84	29.84	3.41	1.10	33.505769	32.963341	33.342470	0.548532
22.01	28.54	29.83	29.83	3.40	1.10	33.500153	32.959883	33.337934	0.548479
22.02	28.54	29.82	29.82	3.40	1.10	33.494538	32.956425	33.333397	0.548426
22.02	28.54	29.82	29.82	3.40	1.10	33.488922	32.952967	33.328861	0.548373
22.02	28.54	29.81	29.81	3.40	1.10	33.483306	32.949510	33.324325	0.548319
22.02	28.54	29.80	29.80	3.40	1.10	33.477690	32.946053	33.319789	0.548266
22.03	28.54	29.79	29.79	3.40	1.10	33.472074	32.942596	33.315253	0.548212
22.03	28.54	29.78	29.78	3.40	1.09	33.466458	32.939139	33.310717	0.548158
22.03	28.54	29.77	29.77	3.40	1.09	33.460841	32.935682	33.306181	0.548104
22.04	28.54	29.77	29.77	3.40	1.09	33.455224	32.932225	33.301645	0.548050
22.04	28.54	29.76	29.76	3.40	1.09	33.449607	32.928768	33.297109	0.547996
22.04	28.54	29.75	29.75	3.40	1.09	33.443990	32.925312	33.292573	0.547942
22.04	28.54	29.74	29.74	3.40	1.09	33.438373	32.921856	33.288037	0.547887
22.05	28.54	29.73	29.73	3.40	1.09	33.432756	32.918399	33.283501	0.547833
22.05	28.54	29.73	29.73	3.40	1.09	33.427138	32.914943	33.278965	0.547778
22.05	28.54	29.72	29.72	3.40	1.08	33.421521	32.911487	33.274429	0.547723
22.06	28.54	29.71	29.71	3.40	1.08	33.415903	32.908031	33.269894	0.547668
22.06	28.54	29.70	29.70	3.40	1.08	33.410285	32.904576	33.265358	0.547612
22.06	28.54	29.69	29.69	3.40	1.08	33.404666	32.901120	33.260822	0.547557
22.06	28.54	29.69	29.69	3.40	1.08	33.399048	32.897665	33.256286	0.547501
22.07	28.54	29.68	29.68	3.40	1.08	33.393429	32.894210	33.251751	0.547445
22.07	28.54	29.67	29.67	3.40	1.08	33.387810	32.890754	33.247215	0.547389
22.07	28.54	29.66	29.66	3.40	1.08	33.382191	32.887299	33.242679	0.547333
22.07	28.54	29.65	29.65	3.40	1.07	33.376572	32.883845	33.238143	0.547277
22.08	28.54	29.65	29.65	3.40	1.07	33.370953	32.880390	33.233608	0.547220
22.08	28.54	29.64	29.64	3.40	1.07	33.365333	32.876935	33.229072	0.547164
22.08	28.54	29.63	29.63	3.40	1.07	33.359714	32.873481	33.224536	0.547107
22.09	28.54	29.62	29.62	3.40	1.07	33.354094	32.870026	33.220001	0.547050
22.09	28.54	29.61	29.61	3.40	1.07	33.348474	32.866572	33.215465	0.546993
22.09	28.54	29.60	29.60	3.40	1.07	33.342853	32.863118	33.210930	0.546936
22.09	28.54	29.60	29.60	3.40	1.07	33.337233	32.859664	33.206394	0.546878
22.10	28.54	29.59	29.59	3.40	1.06	33.331612	32.856210	33.201859	0.546820
22.10	28.54	29.58	29.58	3.40	1.06	33.325991	32.852757	33.197323	0.546762
22.10	28.54	29.57	29.57	3.40	1.06	33.320370	32.849303	33.192787	0.546704
22.11	28.54	29.56	29.56	3.40	1.06	33.314749	32.845850	33.188252	0.546646
22.11	28.54	29.56	29.56	3.40	1.06	33.309128	32.842396	33.183716	0.546588
22.11	28.54	29.55	29.55	3.40	1.06	33.303506	32.838943	33.179181	0.546529
22.11	28.54	29.54	29.54	3.40	1.06	33.297884	32.835490	33.174645	0.546470
22.12	28.54	29.53	29.53	3.40	1.05	33.292262	32.832037	33.170110	0.546411
22.12	28.54	29.52	29.52	3.40	1.05	33.286640	32.828585	33.165574	0.546352
22.12	28.54	29.52	29.52	3.40	1.05	33.281017	32.825132	33.161039	0.546293
22.12	28.54	29.51	29.51	3.40	1.05	33.275395	32.821679	33.156504	0.546233
22.13	28.54	29.50	29.50	3.40	1.05	33.269772	32.818227	33.151968	0.546174
22.13	28.54	29.49	29.49	3.40	1.05	33.264149	32.814775	33.147433	0.546114
22.13	28.54	29.48	29.48	3.40	1.05	33.258525	32.811323	33.142897	0.546054
22.14	28.54	29.48	29.48	3.40	1.05	33.252902	32.807871	33.138362	0.545993
22.14	28.54	29.47	29.47	3.40	1.04	33.247278	32.804419	33.133827	0.545933
22.14	28.54	29.46	29.46	3.40	1.04	33.241654	32.800967	33.129291	0.545872
22.14	28.54	29.45	29.45	3.40	1.04	33.236030	32.797516	33.124756	0.545811
22.15	28.54	29.44	29.44	3.40	1.04	33.230406	32.794064	33.120220	0.545750
22.15	28.54	29.43	29.43	3.40	1.04	33.224781	32.790613	33.115685	0.545688
22.15	28.54	29.43	29.43	3.40	1.04	33.219157	32.787162	33.111150	0.545627
22.16	28.54	29.42	29.42	3.40	1.04	33.213532	32.783710	33.106614	0.545565
22.16	28.54	29.41	29.41	3.40	1.03	33.207907	32.780259	33.102079	0.545503
22.16	28.54	29.40	29.40	3.40	1.03	33.202281	32.776809	33.097544	0.545441
22.16	28.54	29.39	29.39	3.40	1.03	33.196656	32.773358	33.093008	0.545378
22.17	28.54	29.39	29.39	3.40	1.03	33.191030	32.769907	33.088473	0.545316
22.17	28.54	29.38	29.38	3.40	1.03	33.185404	32.766457	33.083938	0.545253
22.17	28.54	29.37	29.37	3.40	1.03	33.179778	32.763007	33.079402	0.545190
22.18	28.54	29.36	29.36	3.40	1.03	33.174151	32.759556	33.074867	0.545126
22.18	28.54	29.35	29.35	3.40	1.02	33.168524	32.756106	33.070332	0.545063
22.18	28.54	29.35	29.35	3.40	1.02	33.162898	32.752656	33.065797	0.544999
22.18	28.54	29.34	29.34	3.40	1.02	33.157270	32.749207	33.061261	0.544935
22.19	28.54	29.33	29.33	3.40	1.02	33.151643	32.745757	33.056726	0.544871
22.19	28.54	29.32	29.32	3.40	1.02	33.146016	32.742307	33.052191	0.544806
22.19	28.54	29.31	29.31	3.40	1.02	33.140388	32.738858	33.047655	0.544741
22.19	28.54	29.30	29.30	3.40	1.01	33.134760	32.735409	33.043120	0.544676
22.20	28.54	29.30	29.30	3.39	1.01	33.129132	32.731959	33.038585	0.544611
22.20	28.54	29.29	29.29	3.39	1.01	33.123503	32.728510	33.034050	0.544546
22.20	28.54	29.28	29.28	3.39	1.01	33.117874	32.725061	33.029514	0.544480
22.21	28.54	29.27	29.27	3.39	1.01	33.112245	32.721613	33.024979	0.544414
22.21	28.54	29.26	29.26	3.39	1.01	33.106616	32.718164	33.020444	0.544348
22.21	28.54	29.26	29.26	3.39	1.01	33.100987	32.714715	33.015908	0.544281
22.21	28.54	29.25	29.25	3.39	1.00	33.095357	32.711267	33.011373	0.544215
22.22	28.54	29.24	29.24	3.39	1.00	33.089728	32.707819	33.006838	0.544148
22.22	28.54	29.23	29.23	3.39	1.00	33.084097	32.704370	33.002303	0.544080
22.22	28.54	29.22	29.22	3.39	1.00	33.078467	32.700922	32.997767	0.544013
22.23	28.54	29.21	29.21	3.39	1.00	33.072837	32.697474	32.993232	0.543945
22.23	28.54	29.21	29.21	3.39	1.00	33.067206	32.694026	32.988697	0.543877
22.23	28.54	29.20	29.20	3.39	0.99	33.061575	32.690579	32.984162	0.543809
22.23	28.54	29.19	29.19	3.39	0.99	33.055944	32.687131	32.979626	0.543740
22.24	28.54	29.18	29.18	3.39	0.99	33.050312	32.683684	32.975091	0.543671
22.24	28.54	29.17	29.17	3.39	0.99	33.044680	32.680236	32.970556	0.543602
22.24	28.54	29.17	29.17	3.39	0.99	33.039048	32.676789	32.966021	0.543532
22.24	28.54	29.16	29.16	3.39	0.99	33.033416	32.673342	32.961485	0.543463
22.25	28.54	29.15	29.15	3.39	0.99	33.027784	32.669895	32.956950	0.543392
22.25	28.54	29.14	29.14	3.39	0.98	33.022151	32.666448	32.952415	0.543322
22.25	28.54	29.13	29.13	3.39	0.98	33.016518	32.663002	32.947879	0.543251
22.26	28.54	29.13	29.13	3.39	0.98	33.010885	32.659555	32.943344	0.543180
22.26	28.54	29.12	29.12	3.39	0.98	33.005251	32.656109	32.938809	0.543109
22.26	28.54	29.11	29.11	3.39	0.98	32.999618	32.652662	32.934274	0.543038
22.26	28.54	29.10	29.10	3.39	0.98	32.993984	32.649216	32.929738	0.542966
22.27	28.54	29.09	29.09	3.39	0.97	32.988350	32.645770	32.925203	0.542893
22.27	28.54	29.08	29.08	3.39	0.97	32.982715	32.642324	32.920668	0.542821
22.27	28.54	29.08	29.08	3.39	0.97	32.977081	32.638878	32.916133	0.542748
22.27	28.54	29.07	29.07	3.39	0.97	32.971446	32.635432	32.911597	0.542675
22.28	28.54	29.06	29.06	3.39	0.97	32.965811	32.631987	32.907062	0.542601
22.28	28.54	29.05	29.05	3.39	0.96	32.960175	32.628541	32.902527	0.542527
22.28	28.54	29.04	29.04	3.39	0.96	32.954540	32.625096	32.897992	0.542453
22.29	28.54	29.04	29.04	3.39	0.96	32.948904	32.621651	32.893456	0.542379
22.29	28.54	29.03	29.03	3.39	0.96	32.943267	32.618205	32.888921	0.542304
22.29	28.54	29.02	29.02	3.39	0.96	32.937631	32.614760	32.884386	0.542229
22.29	28.54	29.01	29.01	3.39	0.96	32.931994	32.611315	32.879851	0.542153
22.30	28.54	29.00	29.00	3.39	0.95	32.926357	32.607871	32.875315	0.542077
22.30	28.54	29.00	29.00	3.39	0.95	32.920720	32.604426	32.870780	0.542001
22.30	28.54	28.99	28.99	3.39	0.95	32.915083	32.600981	32.866245	0.541924
22.31	28.54	28.98	28.98	3.39	0.95	32.909445	32.597537	32.861709	0.541847
22.31	28.54	28.97	28.97	3.39	0.95	32.903807	32.594093	32.857174	0.541770
22.31	28.54	28.96	28.96	3.39	0.95	32.898169	32.590649	32.852639	0.541692
22.31	28.54	28.95	28.95	3.39	0.94	32.892530	32.587205	32.848104	0.541614
22.32	28.54	28.95	28.95	3.39	0.94	32.886892	32.583761	32.843568	0.541535
22.32	28.54	28.94	28.94	3.39	0.94	32.881253	32.580317	32.839033	0.541456
22.32	28.54	28.93	28.93	3.39	0.94	32.875613	32.576873	32.834498	0.541377
22.32	28.54	28.92	28.92	3.39	0.94	32.869974	32.573429	32.829963	0.541297
22.33	28.54	28.91	28.91	3.39	0.93	32.864334	32.569986	32.825427	0.541217
22.33	28.54	28.91	28.91	3.39	0.93	32.858694	32.566543	32.820892	0.541136
22.33	28.54	28.90	28.90	3.39	0.93	32.853054	32.563099	32.816357	0.541055
22.34	28.54	28.89	28.89	3.39	0.93	32.847413	32.559656	32.811822	0.540973
22.34	28.54	28.88	28.88	3.39	0.93	32.841772	32.556213	32.807286	0.540892
22.34	28.54	28.87	28.87	3.39	0.92	32.836131	32.552770	32.802751	0.540809
22.34	28.54	28.86	28.86	3.39	0.92	32.830490	32.549328	32.798216	0.540726
22.35	28.54	28.86	28.86	3.39	0.92	32.824848	32.545885	32.793681	0.540643
22.35	28.54	28.85	28.85	3.39	0.92	32.819206	32.542442	32.789145	0.540559
22.35	28.54	28.84	28.84	3.39	0.92	32.813564	32.539000	32.784610	0.540475
22.36	28.54	28.83	28.83	3.39	0.91	32.807921	32.535558	32.780075	0.540391
22.36	28.54	28.82	28.82	3.39	0.91	32.802279	32.532115	32.775540	0.540306
22.36	28.54	28.82	28.82	3.39	0.91	32.796636	32.528673	32.771005	0.540220
22.36	28.54	28.81	28.81	3.39	0.91	32.790992	32.525231	32.766469	0.540134
22.37	28.54	28.80	28.80	3.39	0.91	32.785349	32.521789	32.761934	0.540047
22.37	28.54	28.79	28.79	3.39	0.90	32.779705	32.518348	32.757399	0.539960
22.37	28.54	28.78	28.78	3.39	0.90	32.774061	32.514906	32.752864	0.539872
22.38	28.54	28.77	28.77	3.39	0.90	32.768416	32.511465	32.748329	0.539784
22.38	28.54	28.77	28.77	3.39	0.90	32.762771	32.508023	32.743793	0.539696
22.38	28.54	28.76	28.76	3.38	0.90	32.757126	32.504582	32.739258	0.539606
22.38	28.54	28.75	28.75	3.38	0.89	32.751481	32.501141	32.734723	0.539517
22.39	28.54	28.74	28.74	3.38	0.89	32.745836	32.497700	32.730188	0.539426
22.39	28.54	28.73	28.73	3.38	0.89	32.740190	32.494259	32.725653	0.539336
22.39	28.54	28.73	28.73	3.38	0.89	32.734544	32.490818	32.721118	0.539244
22.39	28.54	28.72	28.72	3.38	0.89	32.728897	32.487377	32.716583	0.539152
22.40	28.54	28.71	28.71	3.38	0.88	32.723250	32.483937	32.712048	0.539059
22.40	28.54	28.70	28.70	3.38	0.88	32.717603	32.480496	32.707513	0.538966
22.40	28.54	28.69	28.69	3.38	0.88	32.711956	32.477056	32.702977	0.538872
22.41	28.54	28.68	28.68	3.38	0.88	32.706309	32.473616	32.698442	0.538778
22.41	28.54	28.68	28.68	3.38	0.87	32.700661	32.470175	32.693907	0.538683
22.41	28.54	28.67	28.67	3.38	0.87	32.695013	32.466735	32.689372	0.538587
22.41	28.54	28.66	28.66	3.38	0.87	32.689364	32.463295	32.684837	0.538491
22.42	28.54	28.65	28.65	3.38	0.87	32.683715	32.459856	32.680302	0.538394
22.42	28.54	28.64	28.64	3.38	0.86	32.678066	32.456416	32.675767	0.538296
22.42	28.54	28.64	28.64	3.38	0.86	32.672417	32.452976	32.671232	0.538198
22.43	28.54	28.63	28.63	3.38	0.86	32.666767	32.449537	32.666698	0.538099
22.43	28.54	28.62	28.62	3.38	0.86	32.661117	32.446097	32.662163	0.537999
22.43	28.54	28.61	28.61	3.38	0.86	32.655467	32.442658	32.657628	0.537898
22.43	28.54	28.60	28.60	3.38	0.85	32.649817	32.439219	32.653093	0.537797
22.44	28.54	28.60	28.60	3.38	0.85	32.644166	32.435780	32.648558	0.537695
22.44	28.54	28.59	28.59	3.38	0.85	32.638515	32.432341	32.644023	0.537592
22.44	28.54	28.58	28.58	3.38	0.85	32.632863	32.428902	32.639488	0.537489
22.44	28.54	28.57	28.57	3.38	0.84	32.627211	32.425464	32.634954	0.537384
22.45	28.54	28.56	28.56	3.38	0.84	32.621559	32.422025	32.630419	0.537279
22.45	28.54	28.55	28.55	3.38	0.84	32.615907	32.418586	32.625884	0.537173
22.45	28.54	28.55	28.55	3.38	0.84	32.610254	32.415148	32.621350	0.537067
22.46	28.54	28.54	28.54	3.38	0.83	32.604601	32.411710	32.616815	0.536959
22.46	28.54	28.53	28.53	3.38	0.83	32.598948	32.408272	32.612280	0.536850
22.46	28.54	28.52	28.52	3.38	0.83	32.593295	32.404834	32.607746	0.536741
22.46	28.54	28.51	28.51	3.38	0.82	32.587641	32.401396	32.603211	0.536631
22.47	28.54	28.51	28.51	3.38	0.82	32.581986	32.397958	32.598677	0.536519
22.47	28.54	28.50	28.50	3.38	0.82	32.576332	32.394520	32.594142	0.536407
22.47	28.54	28.49	28.49	3.38	0.82	32.570677	32.391082	32.589608	0.536294
22.48	28.54	28.48	28.48	3.38	0.81	32.565022	32.387645	32.585074	0.536180
22.48	28.54	28.47	28.47	3.38	0.81	32.559366	32.384207	32.580539	0.536065
22.48	28.54	28.46	28.46	3.38	0.81	32.553710	32.380770	32.576005	0.535948
22.48	28.54	28.46	28.46	3.38	0.81	32.548054	32.377333	32.571471	0.535831
22.49	28.54	28.45	28.45	3.38	0.80	32.542398	32.373896	32.566937	0.535713
22.49	28.54	28.44	28.44	3.38	0.80	32.536741	32.370459	32.562403	0.535593
22.49	28.54	28.43	28.43	3.38	0.80	32.531084	32.367022	32.557869	0.535473
22.49	28.54	28.42	28.42	3.38	0.79	32.525426	32.363585	32.553335	0.535351
22.50	28.54	28.42	28.42	3.38	0.79	32.519768	32.360148	32.548801	0.535228
22.50	28.54	28.41	28.41	3.38	0.79	32.514110	32.356711	32.544267	0.535104
22.50	28.54	28.40	28.40	3.38	0.78	32.508452	32.353275	32.539733	0.534978
22.51	28.54	28.39	28.39	3.38	0.78	32.502793	32.349838	32.535199	0.534852
22.51	28.54	28.38	28.38	3.38	0.78	32.497134	32.346402	32.530665	0.534724
22.51	28.54	28.37	28.37	3.38	0.78	32.491474	32.342966	32.526132	0.534595
22.51	28.54	28.37	28.37	3.38	0.77	32.485814	32.339530	32.521598	0.534464
22.52	28.54	28.36	28.36	3.38	0.77	32.480154	32.336094	32.517065	0.534332
22.52	28.54	28.35	28.35	3.38	0.77	32.474493	32.332658	32.512532	0.534198
22.52	28.54	28.34	28.34	3.38	0.76	32.468833	32.329222	32.507998	0.534063
22.52	28.54	28.33	28.33	3.38	0.76	32.463171	32.325786	32.503465	0.533927
22.53	28.54	28.33	28.33	3.38	0.76	32.457510	32.322350	32.498932	0.533788
22.53	28.54	28.32	28.32	3.38	0.75	32.451848	32.318915	32.494399	0.533649
22.53	28.54	28.31	28.31	3.38	0.75	32.446185	32.315479	32.489866	0.533507
22.54	28.54	28.30	28.30	3.38	0.75	32.440523	32.312044	32.485333	0.533364
22.54	28.54	28.29	28.29	3.38	0.74	32.434859	32.308608	32.480800	0.533219
22.54	28.54	28.28	28.28	3.38	0.74	32.429196	32.305173	32.476268	0.533072
22.54	28.54	28.28	28.28	3.38	0.73	32.423532	32.301738	32.471735	0.532924
22.55	28.54	28.27	28.27	3.38	0.73	32.417868	32.298303	32.467203	0.532773
22.55	28.54	28.26	28.26	3.38	0.73	32.412203	32.294868	32.462671	0.532620
22.55	28.54	28.25	28.25	3.38	0.72	32.406538	32.291433	32.458139	0.532466
22.56	28.54	28.24	28.24	3.38	0.72	32.400873	32.287998	32.453607	0.532309
22.56	28.54	28.24	28.24	3.38	0.72	32.395207	32.284563	32.449075	0.532150
22.56	28.54	28.23	28.23	3.38	0.71	32.389541	32.281129	32.444543	0.531989
22.56	28.54	28.22	28.22	3.37	0.71	32.383874	32.277694	32.440011	0.531825
22.57	28.54	28.21	28.21	3.37	0.70	32.378207	32.274259	32.435480	0.531659
22.57	28.54	28.20	28.20	3.37	0.70	32.372540	32.270825	32.430949	0.531490
22.57	28.54	28.19	28.19	3.37	0.70	32.366872	32.267390	32.426418	0.531318
22.57	28.54	28.19	28.19	3.37	0.69	32.361204	32.263956	32.421887	0.531144
22.58	28.54	28.18	28.18	3.37	0.69	32.355535	32.260522	32.417356	0.530967
22.58	28.54	28.17	28.17	3.37	0.68	32.349866	32.257087	32.412825	0.530787
22.58	28.54	28.16	28.16	3.37	0.68	32.344197	32.253653	32.408295	0.530604
22.59	28.54	28.15	28.15	3.37	0.67	32.338527	32.250219	32.403765	0.530418
22.59	28.54	28.15	28.15	3.37	0.67	32.332856	32.246785	32.399235	0.530228
22.59	28.54	28.14	28.14	3.37	0.66	32.327185	32.243351	32.394705	0.530034
22.59	28.54	28.13	28.13	3.37	0.66	32.321514	32.239917	32.390176	0.529837
22.60	28.54	28.12	28.12	3.37	0.65	32.315842	32.236483	32.385647	0.529636
22.60	28.54	28.11	28.11	3.37	0.65	32.310170	32.233048	32.381118	0.529431
22.60	28.54	28.10	28.10	3.37	0.64	32.304497	32.229614	32.376589	0.529222
22.61	28.54	28.10	28.10	3.37	0.64	32.298823	32.226180	32.372060	0.529008
22.61	28.54	28.09	28.09	3.37	0.63	32.293150	32.222746	32.367532	0.528789
22.61	28.54	28.08	28.08	3.37	0.63	32.287475	32.219312	32.363004	0.528566
22.61	28.54	28.07	28.07	3.37	0.62	32.281800	32.215878	32.358477	0.528337
22.62	28.54	28.06	28.06	3.37	0.62	32.276125	32.212444	32.353950	0.528102
22.62	28.54	28.06	28.06	3.37	0.61	32.270449	32.209010	32.349423	0.527861
22.62	28.54	28.05	28.05	3.37	0.60	32.264772	32.205576	32.344897	0.527614
22.62	28.54	28.04	28.04	3.37	0.60	32.259095	32.202142	32.340371	0.527360
22.63	28.54	28.03	28.03	3.37	0.59	32.253417	32.198708	32.335845	0.527099
22.63	28.54	28.02	28.02	3.37	0.58	32.247738	32.195273	32.331320	0.526830
22.63	28.54	28.01	28.01	3.37	0.58	32.242059	32.191839	32.326795	0.526553
22.64	28.54	28.01	28.01	3.37	0.57	32.236379	32.188404	32.322271	0.526266
22.64	28.54	28.00	28.00	3.37	0.56	32.230699	32.184969	32.317748	0.525970
22.64	28.54	27.99	27.99	3.37	0.56	32.225017	32.181534	32.313224	0.525663
22.64	28.54	27.98	27.98	3.37	0.55	32.219335	32.178099	32.308702	0.525345
22.65	28.54	27.97	27.97	3.37	0.54	32.213652	32.174664	32.304180	0.525014
22.65	28.54	27.97	27.97	3.37	0.53	32.207968	32.171228	32.299659	0.524668
22.65	28.54	27.96	27.96	3.37	0.52	32.202283	32.167792	32.295139	0.524308
22.66	28.54	27.95	27.95	3.37	0.51	32.196598	32.164356	32.290619	0.523929
22.66	28.54	27.94	27.94	3.37	0.50	32.190911	32.160919	32.286101	0.523532
22.66	28.54	27.93	27.93	3.37	0.49	32.185223	32.157482	32.281583	0.523112
22.66	28.54	27.92	27.92	3.37	0.48	32.179533	32.154044	32.277067	0.522666
22.67	28.54	27.92	27.92	3.37	0.48	32.173845	32.150608	32.272551	0.522512
22.67	28.54	27.91	27.91	3.37	0.48	32.168162	32.147177	32.268034	0.522506
22.67	28.54	27.90	27.90	3.37	0.48	32.162480	32.143749	32.263515	0.522500
22.68	28.54	27.89	27.89	3.37	0.48	32.156799	32.140322	32.258995	0.522494
22.68	28.54	27.88	27.88	3.37	0.48	32.151120	32.136898	32.254474	0.522488
22.68	28.54	27.88	27.88	3.37	0.48	32.145441	32.133474	32.249952	0.522482
22.68	28.54	27.87	27.87	3.37	0.48	32.139762	32.130051	32.245429	0.522476
22.69	28.54	27.86	27.86	3.37	0.48	32.134083	32.126630	32.240905	0.522470
22.69	28.54	27.85	27.85	3.37	0.48	32.128405	32.123209	32.236380	0.522464
22.69	28.54	27.84	27.84	3.37	0.48	32.122727	32.119789	32.231854	0.522458
22.69	28.54	27.83	27.83	3.37	0.48	32.117048	32.116370	32.227327	0.522452
22.70	28.54	27.83	27.83	3.37	0.48	32.111370	32.112952	32.222799	0.522446
22.70	28.54	27.82	27.82	3.37	0.48	32.105692	32.109534	32.218270	0.522440
22.70	28.54	27.81	27.81	3.37	0.48	32.100014	32.106116	32.213740	0.522434
22.71	28.54	27.80	27.80	3.37	0.48	32.094335	32.102699	32.209210	0.522429
22.71	28.54	27.79	27.79	3.37	0.48	32.088657	32.099283	32.204678	0.522423
22.71	28.54	27.79	27.79	3.37	0.48	32.082978	32.095867	32.200146	0.522417
22.71	28.54	27.78	27.78	3.37	0.48	32.077299	32.092451	32.195614	0.522411
22.72	28.54	27.77	27.77	3.37	0.48	32.071620	32.089036	32.191080	0.522405
22.72	28.54	27.76	27.76	3.37	0.48	32.065940	32.085621	32.186546	0.522399
22.72	28.54	27.75	27.75	3.37	0.48	32.060261	32.082207	32.182011	0.522393
22.73	28.54	27.74	27.74	3.37	0.48	32.054581	32.078793	32.177476	0.522387
22.73	28.54	27.74	27.74	3.37	0.49	32.048904	32.075381	32.172939	0.522726
22.73	28.54	27.73	27.73	3.37	0.50	32.043232	32.071975	32.168399	0.523151
22.73	28.54	27.72	27.72	3.37	0.51	32.037563	32.068571	32.163857	0.523551
22.74	28.54	27.71	27.71	3.37	0.52	32.031895	32.065169	32.159311	0.523931
22.74	28.54	27.70	27.70	3.37	0.53	32.026228	32.061767	32.154764	0.524292
22.74	28.54	27.70	27.70	3.37	0.53	32.020561	32.058366	32.150214	0.524636
22.74	28.54	27.69	27.69	3.37	0.54	32.014894	32.054966	32.145663	0.524965
22.75	28.54	27.68	27.68	3.37	0.55	32.009227	32.051566	32.141109	0.525281
22.75	28.54	27.67	27.67	3.36	0.56	32.003560	32.048166	32.136554	0.525584
22.75	28.54	27.66	27.66	3.36	0.57	31.997893	32.044766	32.131997	0.525877
22.76	28.54	27.65	27.65	3.36	0.57	31.992226	32.041367	32.127439	0.526159
22.76	28.54	27.65	27.65	3.36	0.58	31.986559	32.037967	32.122879	0.526431
22.76	28.54	27.64	27.64	3.36	0.59	31.980891	32.034568	32.118318	0.526695
22.76	28.54	27.63	27.63	3.36	0.59	31.975223	32.031168	32.113756	0.526951
22.77	28.54	27.62	27.62	3.36	0.60	31.969554	32.027768	32.109193	0.527199
22.77	28.54	27.61	27.61	3.36	0.61	31.963885	32.024368	32.104628	0.527440
22.77	28.54	27.60	27.60	3.36	0.61	31.958216	32.020968	32.100063	0.527674
22.77	28.54	27.60	27.60	3.36	0.62	31.952546	32.017567	32.095497	0.527902
22.78	28.54	27.59	27.59	3.36	0.63	31.946876	32.014167	32.090930	0.528124
22.78	28.54	27.58	27.58	3.36	0.63	31.941205	32.010766	32.086362	0.528341
22.78	28.54	27.57	27.57	3.36	0.64	31.935534	32.007365	32.081793	0.528553
22.79	28.54	27.56	27.56	3.36	0.64	31.929863	32.003963	32.077224	0.528759
22.79	28.54	27.56	27.56	3.36	0.65	31.924191	32.000562	32.072654	0.528961
22.79	28.54	27.55	27.55	3.36	0.65	31.918518	31.997160	32.068083	0.529159
22.79	28.54	27.54	27.54	3.36	0.66	31.912846	31.993758	32.063512	0.529352
22.80	28.54	27.53	27.53	3.36	0.66	31.907172	31.990356	32.058940	0.529541
22.80	28.54	27.52	27.52	3.36	0.67	31.901499	31.986953	32.054368	0.529727
22.80	28.54	27.51	27.51	3.36	0.67	31.895824	31.983550	32.049795	0.529909
22.81	28.54	27.51	27.51	3.36	0.68	31.890150	31.980147	32.045221	0.530087
22.81	28.54	27.50	27.50	3.36	0.68	31.884475	31.976744	32.040648	0.530262
22.81	28.54	27.49	27.49	3.36	0.69	31.878799	31.973340	32.036074	0.530434
22.81	28.54	27.48	27.48	3.36	0.69	31.873124	31.969936	32.031499	0.530602
22.82	28.54	27.47	27.47	3.36	0.69	31.867447	31.966532	32.026924	0.530768
22.82	28.54	27.47	27.47	3.36	0.70	31.861771	31.963128	32.022349	0.530931
22.82	28.54	27.46	27.46	3.36	0.70	31.856094	31.959723	32.017773	0.531091
22.82	28.54	27.45	27.45	3.36	0.71	31.850416	31.956318	32.013198	0.531249
22.83	28.54	27.44	27.44	3.36	0.71	31.844739	31.952913	32.008621	0.531404
22.83	28.54	27.43	27.43	3.36	0.72	31.839061	31.949508	32.004045	0.531557
22.83	28.54	27.42	27.42	3.36	0.72	31.833382	31.946102	31.999468	0.531707
22.84	28.54	27.42	27.42	3.36	0.72	31.827703	31.942696	31.994892	0.531855
22.84	28.54	27.41	27.41	3.36	0.73	31.822024	31.939290	31.990314	0.532001
22.84	28.54	27.40	27.40	3.36	0.73	31.816345	31.935884	31.985737	0.532144
22.84	28.54	27.39	27.39	3.36	0.73	31.810665	31.932477	31.981160	0.532286
22.85	28.54	27.38	27.38	3.36	0.74	31.804985	31.929071	31.976582	0.532426
22.85	28.54	27.38	27.38	3.36	0.74	31.799304	31.925664	31.972004	0.532563
22.85	28.54	27.37	27.37	3.36	0.75	31.793623	31.922257	31.967426	0.532699
22.86	28.54	27.36	27.36	3.36	0.75	31.787942	31.918850	31.962848	0.532833
22.86	28.54	27.35	27.35	3.36	0.75	31.782261	31.915442	31.958270	0.532966
22.86	28.54	27.34	27.34	3.36	0.76	31.776579	31.912034	31.953692	0.533096
22.86	28.54	27.33	27.33	3.36	0.76	31.770897	31.908627	31.949113	0.533225
22.87	28.54	27.33	27.33	3.36	0.76	31.765215	31.905219	31.944535	0.533353
22.87	28.54	27.32	27.32	3.36	0.77	31.759532	31.901811	31.939956	0.533478
22.87	28.54	27.31	27.31	3.36	0.77	31.753849	31.898402	31.935377	0.533603
22.88	28.54	27.30	27.30	3.36	0.77	31.748166	31.894994	31.930798	0.533725
22.88	28.54	27.29	27.29	3.36	0.78	31.742483	31.891585	31.926219	0.533847
22.88	28.54	27.29	27.29	3.36	0.78	31.736799	31.888176	31.921640	0.533967
22.88	28.54	27.28	27.28	3.36	0.78	31.731115	31.884767	31.917061	0.534085
22.89	28.54	27.27	27.27	3.36	0.79	31.725431	31.881358	31.912482	0.534203
22.89	28.54	27.26	27.26	3.36	0.79	31.719747	31.877949	31.907903	0.534319
22.89	28.54	27.25	27.25	3.36	0.79	31.714062	31.874539	31.903324	0.534433
22.89	28.54	27.24	27.24	3.36	0.80	31.708377	31.871130	31.898745	0.534547
22.90	28.54	27.24	27.24	3.36	0.80	31.702692	31.867720	31.894165	0.534659
22.90	28.54	27.23	27.23	3.36	0.80	31.697007	31.864310	31.889586	0.534770
22.90	28.54	27.22	27.22	3.36	0.80	31.691321	31.860900	31.885007	0.534880
22.91	28.54	27.21	27.21	3.36	0.81	31.685635	31.857490	31.880427	0.534989
22.91	28.54	27.20	27.20	3.36	0.81	31.679950	31.854080	31.875848	0.535097
22.91	28.54	27.20	27.20	3.36	0.81	31.674263	31.850670	31.871268	0.535203
22.91	28.54	27.19	27.19	3.36	0.82	31.668577	31.847259	31.866689	0.535309
22.92	28.54	27.18	27.18	3.36	0.82	31.662890	31.843849	31.862109	0.535414
22.92	28.54	27.17	27.17	3.36	0.82	31.657204	31.840438	31.857530	0.535517
22.92	28.54	27.16	27.16	3.36	0.82	31.651517	31.837027	31.852950	0.535620
22.93	28.54	27.16	27.16	3.36	0.83	31.645830	31.833616	31.848371	0.535721
22.93	28.54	27.15	27.15	3.36	0.83	31.640142	31.830205	31.843791	0.535822
22.93	28.54	27.14	27.14	3.36	0.83	31.634455	31.826794	31.839212	0.535922
22.93	28.54	27.13	27.13	3.35	0.83	31.628767	31.823383	31.834632	0.536021
22.94	28.54	27.12	27.12	3.35	0.84	31.623079	31.819972	31.830053	0.536119
22.94	28.54	27.11	27.11	3.35	0.84	31.617391	31.816560	31.825473	0.536216
22.94	28.54	27.11	27.11	3.35	0.84	31.611703	31.813149	31.820894	0.536312
22.94	28.54	27.10	27.10	3.35	0.85	31.606015	31.809737	31.816314	0.536408
22.95	28.54	27.09	27.09	3.35	0.85	31.600326	31.806325	31.811735	0.536502
22.95	28.54	27.08	27.08	3.35	0.85	31.594637	31.802913	31.807155	0.536596
22.95	28.54	27.07	27.07	3.35	0.85	31.588949	31.799502	31.802576	0.536689
22.96	28.54	27.07	27.07	3.35	0.86	31.583260	31.796089	31.797997	0.536781
22.96	28.54	27.06	27.06	3.35	0.86	31.577570	31.792677	31.793417	0.536873
22.96	28.54	27.05	27.05	3.35	0.86	31.571881	31.789265	31.788838	0.536963
22.96	28.54	27.04	27.04	3.35	0.86	31.566192	31.785853	31.784258	0.537053
22.97	28.54	27.03	27.03	3.35	0.87	31.560502	31.782440	31.779679	0.537143
22.97	28.54	27.02	27.02	3.35	0.87	31.554812	31.779028	31.775100	0.537231
22.97	28.54	27.02	27.02	3.35	0.87	31.549123	31.775615	31.770520	0.537319
22.98	28.54	27.01	27.01	3.35	0.87	31.543433	31.772203	31.765941	0.537406
22.98	28.54	27.00	27.00	3.35	0.87	31.537742	31.768790	31.761362	0.537493
22.98	28.54	26.99	26.99	3.35	0.88	31.532052	31.765377	31.756782	0.537579
22.98	28.54	26.98	26.98	3.35	0.88	31.526362	31.761964	31.752203	0.537664
22.99	28.54	26.98	26.98	3.35	0.88	31.520671	31.758551	31.747624	0.537749
22.99	28.54	26.97	26.97	3.35	0.88	31.514981	31.755138	31.743045	0.537833
22.99	28.54	26.96	26.96	3.35	0.89	31.509290	31.751725	31.738466	0.537916
22.99	28.54	26.95	26.95	3.35	0.89	31.503599	31.748312	31.733887	0.537999
23.00	28.54	26.94	26.94	3.35	0.89	31.497908	31.744899	31.729307	0.538081
23.00	28.54	26.93	26.93	3.35	0.89	31.492217	31.741485	31.724728	0.538163
23.00	28.54	26.93	26.93	3.35	0.89	31.486526	31.738072	31.720149	0.538243
23.01	28.54	26.92	26.92	3.35	0.90	31.480834	31.734659	31.715570	0.538324
23.01	28.54	26.91	26.91	3.35	0.90	31.475143	31.731245	31.710991	0.538404
23.01	28.54	26.90	26.90	3.35	0.90	31.469451	31.727831	31.706412	0.538483
23.01	28.54	26.89	26.89	3.35	0.90	31.463760	31.724418	31.701833	0.538562
23.02	28.54	26.89	26.89	3.35	0.91	31.458068	31.721004	31.697254	0.538640
23.02	28.54	26.88	26.88	3.35	0.91	31.452376	31.717590	31.692675	0.538718
23.02	28.54	26.87	26.87	3.35	0.91	31.446684	31.714176	31.688097	0.538795
23.02	28.54	26.86	26.86	3.35	0.91	31.440992	31.710762	31.683518	0.538872
23.03	28.54	26.85	26.85	3.35	0.91	31.435300	31.707348	31.678939	0.538948
23.03	28.54	26.84	26.84	3.35	0.92	31.429608	31.703934	31.674360	0.539023
23.03	28.54	26.84	26.84	3.35	0.92	31.423915	31.700520	31.669781	0.539099
23.04	28.54	26.83	26.83	3.35	0.92	31.418223	31.697105	31.665203	0.539173
23.04	28.54	26.82	26.82	3.35	0.92	31.412530	31.693691	31.660624	0.539247
23.04	28.54	26.81	26.81	3.35	0.92	31.406838	31.690276	31.656045	0.539321
23.04	28.54	26.80	26.80	3.35	0.93	31.401145	31.686862	31.651466	0.539394
23.05	28.54	26.80	26.80	3.35	0.93	31.395452	31.683447	31.646888	0.539467
23.05	28.54	26.79	26.79	3.35	0.93	31.389759	31.680033	31.642309	0.539540
23.05	28.54	26.78	26.78	3.35	0.93	31.384066	31.676618	31.637731	0.539612
23.06	28.54	26.77	26.77	3.35	0.93	31.378373	31.673203	31.633152	0.539683
23.06	28.54	26.76	26.76	3.35	0.94	31.372680	31.669788	31.628574	0.539754
23.06	28.54	26.75	26.75	3.35	0.94	31.366987	31.666373	31.623995	0.539825
23.06	28.54	26.75	26.75	3.35	0.94	31.361294	31.662958	31.619417	0.539895
23.07	28.54	26.74	26.74	3.35	0.94	31.355600	31.659543	31.614838	0.539965
23.07	28.54	26.73	26.73	3.35	0.94	31.349907	31.656128	31.610260	0.540034
23.07	28.54	26.72	26.72	3.35	0.95	31.344213	31.652713	31.605681	0.540103
23.07	28.54	26.71	26.71	3.35	0.95	31.338520	31.649298	31.601103	0.540172
23.08	28.54	26.71	26.71	3.35	0.95	31.332826	31.645883	31.596524	0.540240
23.08	28.54	26.70	26.70	3.35	0.95	31.327133	31.642467	31.591946	0.540308
23.08	28.54	26.69	26.69	3.35	0.95	31.321439	31.639052	31.587368	0.540375
23.09	28.54	26.68	26.68	3.35	0.96	31.315745	31.635636	31.582790	0.540442
23.09	28.54	26.67	26.67	3.35	0.96	31.310051	31.632221	31.578211	0.540509
23.09	28.54	26.67	26.67	3.35	0.96	31.304357	31.628805	31.573633	0.540575
23.09	28.54	26.66	26.66	3.35	0.96	31.298663	31.625389	31.569055	0.540641
23.10	28.54	26.65	26.65	3.35	0.96	31.292969	31.621973	31.564477	0.540706
23.10	28.54	26.64	26.64	3.35	0.96	31.287275	31.618558	31.559898	0.540771
23.10	28.54	26.63	26.63	3.35	0.97	31.281581	31.615142	31.555320	0.540836
23.11	28.54	26.62	26.62	3.35	0.97	31.275886	31.611726	31.550742	0.540901
23.11	28.54	26.62	26.62	3.35	0.97	31.270192	31.608310	31.546164	0.540965
23.11	28.54	26.61	26.61	3.35	0.97	31.264498	31.604894	31.541586	0.541029
23.11	28.54	26.60	26.60	3.35	0.97	31.258803	31.601477	31.537008	0.541092
23.12	28.54	26.59	26.59	3.35	0.98	31.253109	31.598061	31.532430	0.541155
23.12	28.54	26.58	26.58	3.34	0.98	31.247414	31.594645	31.527852	0.541218
23.12	28.54	26.58	26.58	3.34	0.98	31.241720	31.591228	31.523274	0.541280
23.12	28.54	26.57	26.57	3.34	0.98	31.236025	31.587812	31.518696	0.541342
23.13	28.54	26.56	26.56	3.34	0.98	31.230330	31.584395	31.514118	0.541404
23.13	28.54	26.55	26.55	3.34	0.98	31.224636	31.580979	31.509540	0.541466
23.13	28.54	26.54	26.54	3.34	0.99	31.218941	31.577562	31.504962	0.541527
23.14	28.54	26.53	26.53	3.34	0.99	31.213246	31.574146	31.500384	0.541588
23.14	28.54	26.53	26.53	3.34	0.99	31.207551	31.570729	31.495806	0.541648
23.14	28.54	26.52	26.52	3.34	0.99	31.201856	31.567312	31.491228	0.541708
23.14	28.54	26.51	26.51	3.34	0.99	31.196162	31.563895	31.486651	0.541768
23.15	28.54	26.50	26.50	3.34	0.99	31.190467	31.560478	31.482073	0.541828
23.15	28.54	26.49	26.49	3.34	1.00	31.184772	31.557061	31.477495	0.541887
23.15	28.54	26.49	26.49	3.34	1.00	31.179077	31.553644	31.472917	0.541946
23.16	28.54	26.48	26.48	3.34	1.00	31.173382	31.550227	31.468339	0.542005
23.16	28.54	26.47	26.47	3.34	1.00	31.167686	31.546809	31.463762	0.542064
23.16	28.54	26.46	26.46	3.34	1.00	31.161991	31.543392	31.459184	0.542122
23.16	28.54	26.45	26.45	3.34	1.00	31.156296	31.539975	31.454606	0.542180
23.17	28.54	26.45	26.45	3.34	1.01	31.150601	31.536557	31.450028	0.542237
23.17	28.54	26.44	26.44	3.34	1.01	31.144906	31.533140	31.445451	0.542295
23.17	28.54	26.43	26.43	3.34	1.01	31.139210	31.529722	31.440873	0.542352
23.18	28.54	26.42	26.42	3.34	1.01	31.133515	31.526305	31.436295	0.542409
23.18	28.54	26.41	26.41	3.34	1.01	31.127820	31.522887	31.431718	0.542465
23.18	28.54	26.40	26.40	3.34	1.01	31.122125	31.519469	31.427140	0.542522
23.18	28.54	26.40	26.40	3.34	1.02	31.116429	31.516051	31.422562	0.542578
23.19	28.54	26.39	26.39	3.34	1.02	31.110734	31.512633	31.417985	0.542634
23.19	28.54	26.38	26.38	3.34	1.02	31.105038	31.509215	31.413407	0.542689
23.19	28.54	26.37	26.37	3.34	1.02	31.099343	31.505797	31.408830	0.542744
23.19	28.54	26.36	26.36	3.34	1.02	31.093648	31.502379	31.404252	0.542799
23.20	28.54	26.36	26.36	3.34	1.02	31.087952	31.498961	31.399675	0.542854
23.20	28.54	26.35	26.35	3.34	1.02	31.082257	31.495543	31.395097	0.542909
23.20	28.54	26.34	26.34	3.34	1.03	31.076561	31.492125	31.390520	0.542963
23.21	28.54	26.33	26.33	3.34	1.03	31.070866	31.488706	31.385942	0.543017
23.21	28.54	26.32	26.32	3.34	1.03	31.065170	31.485288	31.381365	0.543071
23.21	28.54	26.32	26.32	3.34	1.03	31.059475	31.481869	31.376787	0.543124
23.21	28.54	26.31	26.31	3.34	1.03	31.053779	31.478451	31.372210	0.543178
23.22	28.54	26.30	26.30	3.34	1.03	31.048084	31.475032	31.367632	0.543231
23.22	28.54	26.29	26.29	3.34	1.04	31.042388	31.471613	31.363055	0.543284
23.22	28.54	26.28	26.28	3.34	1.04	31.036692	31.468195	31.358478	0.543336
23.23	28.54	26.27	26.27	3.34	1.04	31.030997	31.464776	31.353900	0.543389
23.23	28.54	26.27	26.27	3.34	1.04	31.025301	31.461357	31.349323	0.543441
23.23	28.54	26.26	26.26	3.34	1.04	31.019606	31.457938	31.344745	0.543493
23.23	28.54	26.25	26.25	3.34	1.04	31.013910	31.454519	31.340168	0.543545
23.24	28.54	26.24	26.24	3.34	1.04	31.008215	31.451100	31.335591	0.543596
23.24	28.54	26.23	26.23	3.34	1.05	31.002519	31.447680	31.331013	0.543648
23.24	28.54	26.23	26.23	3.34	1.05	30.996823	31.444261	31.326436	0.543699
23.24	28.54	26.22	26.22	3.34	1.05	30.991128	31.440842	31.321859	0.543750
23.25	28.54	26.21	26.21	3.34	1.05	30.985432	31.437422	31.317282	0.543800
23.25	28.54	26.20	26.20	3.34	1.05	30.979737	31.434003	31.312704	0.543851
23.25	28.54	26.19	26.19	3.34	1.05	30.974041	31.430584	31.308127	0.543901
23.26	28.54	26.19	26.19	3.34	1.05	30.968345	31.427164	31.303550	0.543951
23.26	28.54	26.18	26.18	3.34	1.06	30.962650	31.423744	31.298973	0.544001
23.26	28.54	26.17	26.17	3.34	1.06	30.956954	31.420325	31.294395	0.544051
23.26	28.54	26.16	26.16	3.34	1.06	30.951259	31.416905	31.289818	0.544100
23.27	28.54	26.15	26.15	3.34	1.06	30.945563	31.413485	31.285241	0.544150
23.27	28.54	26.14	26.14	3.34	1.06	30.939868	31.410065	31.280664	0.544199
23.27	28.54	26.14	26.14	3.34	1.06	30.934172	31.406645	31.276087	0.544248
23.27	28.54	26.13	26.13	3.34	1.06	30.928477	31.403225	31.271510	0.544296
23.28	28.54	26.12	26.12	3.34	1.07	30.922781	31.399805	31.266932	0.544345
23.28	28.54	26.11	26.11	3.34	1.07	30.917086	31.396384	31.262355	0.544393
23.28	28.54	26.10	26.10	3.34	1.07	30.911390	31.392964	31.257778	0.544441
23.29	28.54	26.10	26.10	3.34	1.07	30.905695	31.389544	31.253201	0.544489
23.29	28.54	26.09	26.09	3.34	1.07	30.899999	31.386123	31.248624	0.544537
23.29	28.54	26.08	26.08	3.34	1.07	30.894304	31.382703	31.244047	0.544584
23.29	28.54	26.07	26.07	3.34	1.07	30.888608	31.379282	31.239470	0.544632
23.30	28.54	26.06	26.06	3.34	1.07	30.882913	31.375862	31.234893	0.544679
23.30	28.54	26.06	26.06	3.34	1.08	30.877218	31.372441	31.230316	0.544726
23.30	28.54	26.05	26.05	3.33	1.08	30.871522	31.369020	31.225739	0.544773
23.31	28.54	26.04	26.04	3.33	1.08	30.865827	31.365599	31.221162	0.544819
23.31	28.54	26.03	26.03	3.33	1.08	30.860132	31.362179	31.216585	0.544866
23.31	28.54	26.02	26.02	3.33	1.08	30.854436	31.358758	31.212008	0.544912
23.31	28.54	26.02	26.02	3.33	1.08	30.848741	31.355337	31.207431	0.544958
23.32	28.54	26.01	26.01	3.33	1.08	30.843046	31.351915	31.202854	0.545004
23.32	28.54	26.00	26.00	3.33	1.09	30.837351	31.348494	31.198277	0.545050
23.32	28.54	25.99	25.99	3.33	1.09	30.831656	31.345073	31.193700	0.545096
23.32	28.54	25.98	25.98	3.33	1.09	30.825961	31.341652	31.189124	0.545141
23.33	28.54	25.97	25.97	3.33	1.09	30.820265	31.338230	31.184547	0.545187
23.33	28.54	25.97	25.97	3.33	1.09	30.814570	31.334809	31.179970	0.545232
23.33	28.54	25.96	25.96	3.33	1.09	30.808875	31.331387	31.175393	0.545277
23.34	28.54	25.95	25.95	3.33	1.09	30.803180	31.327966	31.170816	0.545321
23.34	28.54	25.94	25.94	3.33	1.09	30.797485	31.324544	31.166239	0.545366
23.34	28.54	25.93	25.93	3.33	1.10	30.791791	31.321122	31.161663	0.545411
23.34	28.54	25.93	25.93	3.33	1.10	30.786096	31.317701	31.157086	0.545455
23.35	28.54	25.92	25.92	3.33	1.10	30.780401	31.314279	31.152509	0.545499
23.35	28.54	25.91	25.91	3.33	1.10	30.774706	31.310857	31.147932	0.545543
23.35	28.54	25.90	25.90	3.33	1.10	30.769011	31.307435	31.143356	0.545587
23.36	28.54	25.89	25.89	3.33	1.10	30.763317	31.304013	31.138779	0.545631
23.36	28.54	25.89	25.89	3.33	1.10	30.757622	31.300591	31.134202	0.545674
23.36	28.54	25.88	25.88	3.33	1.10	30.751927	31.297168	31.129625	0.545717
23.36	28.54	25.87	25.87	3.33	1.11	30.746233	31.293746	31.125049	0.545761
23.37	28.54	25.86	25.86	3.33	1.11	30.740538	31.290324	31.120472	0.545804
23.37	28.54	25.85	25.85	3.33	1.11	30.734844	31.286901	31.115896	0.545847
23.37	28.54	25.85	25.85	3.33	1.11	30.729149	31.283479	31.111319	0.545889
23.38	28.54	25.84	25.84	3.33	1.11	30.723455	31.280056	31.106742	0.545932
23.38	28.54	25.83	25.83	3.33	1.11	30.717761	31.276634	31.102166	0.545975
23.38	28.54	25.82	25.82	3.33	1.11	30.712066	31.273211	31.097589	0.546017
23.38	28.54	25.81	25.81	3.33	1.11	30.706372	31.269788	31.093013	0.546059
23.39	28.54	25.80	25.80	3.33	1.12	30.700678	31.266365	31.088436	0.546101
23.39	28.54	25.80	25.80	3.33	1.12	30.694984	31.262943	31.083860	0.546143
23.39	28.54	25.79	25.79	3.33	1.12	30.689290	31.259520	31.079283	0.546185
23.39	28.54	25.78	25.78	3.33	1.12	30.683596	31.256097	31.074707	0.546226
23.40	28.54	25.77	25.77	3.33	1.12	30.677902	31.252673	31.070130	0.546268
23.40	28.54	25.76	25.76	3.33	1.12	30.672208	31.249250	31.065554	0.546309
23.40	28.54	25.76	25.76	3.33	1.12	30.666514	31.245827	31.060978	0.546351
23.41	28.54	25.75	25.75	3.33	1.12	30.660820	31.242404	31.056401	0.546392
23.41	28.54	25.74	25.74	3.33	1.13	30.655127	31.238980	31.051825	0.546433
23.41	28.54	25.73	25.73	3.33	1.13	30.649433	31.235557	31.047249	0.546473
23.41	28.54	25.72	25.72	3.33	1.13	30.643740	31.232133	31.042672	0.546514
23.42	28.54	25.72	25.72	3.33	1.13	30.638046	31.228710	31.038096	0.546555
23.42	28.54	25.71	25.71	3.33	1.13	30.632353	31.225286	31.033520	0.546595
23.42	28.54	25.70	25.70	3.33	1.13	30.626659	31.221862	31.028943	0.546635
23.43	28.54	25.69	25.69	3.33	1.13	30.620966	31.218439	31.024367	0.546675
23.43	28.54	25.68	25.68	3.33	1.13	30.615273	31.215015	31.019791	0.546715
23.43	28.54	25.68	25.68	3.33	1.13	30.609580	31.211591	31.015215	0.546755
23.43	28.54	25.67	25.67	3.33	1.14	30.603887	31.208167	31.010639	0.546795
23.44	28.54	25.66	25.66	3.33	1.14	30.598194	31.204743	31.006063	0.546835
23.44	28.54	25.65	25.65	3.33	1.14	30.592501	31.201319	31.001486	0.546874
23.44	28.54	25.64	25.64	3.33	1.14	30.586808	31.197894	30.996910	0.546914
23.44	28.54	25.64	25.64	3.33	1.14	30.581115	31.194470	30.992334	0.546953
23.45	28.54	25.63	25.63	3.33	1.14	30.575422	31.191046	30.987758	0.546992
23.45	28.54	25.62	25.62	3.33	1.14	30.569730	31.187621	30.983182	0.547031
23.45	28.54	25.61	25.61	3.33	1.14	30.564037	31.184197	30.978606	0.547070
23.46	28.54	25.60	25.60	3.33	1.15	30.558345	31.180772	30.974030	0.547109
23.46	28.54	25.60	25.60	3.33	1.15	30.552653	31.177348	30.969454	0.547147
23.46	28.54	25.59	25.59	3.33	1.15	30.546960	31.173923	30.964879	0.547186
23.46	28.54	25.58	25.58	3.33	1.15	30.541268	31.170498	30.960303	0.547224
23.47	28.54	25.57	25.57	3.33	1.15	30.535576	31.167074	30.955727	0.547262
23.47	28.54	25.56	25.56	3.33	1.15	30.529884	31.163649	30.951151	0.547301
23.47	28.54	25.55	25.55	3.33	1.15	30.524192	31.160224	30.946575	0.547339
23.48	28.54	25.55	25.55	3.33	1.15	30.518500	31.156799	30.941999	0.547377
23.48	28.54	25.54	25.54	3.33	1.15	30.512808	31.153374	30.937424	0.547414
23.48	28.54	25.53	25.53	3.33	1.16	30.507117	31.149949	30.932848	0.547452
23.48	28.54	25.52	25.52	3.33	1.16	30.501425	31.146523	30.928272	0.547490
23.49	28.54	25.51	25.51	3.33	1.16	30.495734	31.143098	30.923697	0.547527
23.49	28.54	25.51	25.51	3.32	1.16	30.490042	31.139673	30.919121	0.547565
23.49	28.54	25.50	25.50	3.32	1.16	30.484351	31.136247	30.914545	0.547602
23.49	28.54	25.49	25.49	3.32	1.16	30.478660	31.132822	30.909970	0.547639
23.50	28.54	25.48	25.48	3.32	1.16	30.472969	31.129396	30.905394	0.547676
23.50	28.54	25.47	25.47	3.32	1.16	30.467278	31.125971	30.900819	0.547713
23.50	28.54	25.47	25.47	3.32	1.16	30.461587	31.122545	30.896243	0.547750
23.51	28.54	25.46	25.46	3.32	1.17	30.455896	31.119119	30.891668	0.547786
23.51	28.54	25.45	25.45	3.32	1.17	30.450205	31.115693	30.887093	0.547823
23.51	28.54	25.44	25.44	3.32	1.17	30.444515	31.112268	30.882517	0.547859
23.51	28.54	25.43	25.43	3.32	1.17	30.438824	31.108842	30.877942	0.547896
23.52	28.54	25.43	25.43	3.32	1.17	30.433134	31.105416	30.873367	0.547932
23.52	28.54	25.42	25.42	3.32	1.17	30.427444	31.101990	30.868791	0.547968
23.52	28.54	25.41	25.41	3.32	1.17	30.421754	31.098563	30.864216	0.548004
23.52	28.54	25.40	25.40	3.32	1.17	30.416064	31.095137	30.859641	0.548040
23.53	28.54	25.39	25.39	3.32	1.17	30.410374	31.091711	30.855066	0.548076
23.53	28.54	25.39	25.39	3.32	1.17	30.404684	31.088285	30.850491	0.548112
23.53	28.54	25.38	25.38	3.32	1.18	30.398994	31.084858	30.845916	0.548147
23.54	28.54	25.37	25.37	3.32	1.18	30.393304	31.081432	30.841341	0.548183
23.54	28.54	25.36	25.36	3.32	1.18	30.387615	31.078005	30.836766	0.548218
23.54	28.54	25.35	25.35	3.32	1.18	30.381926	31.074579	30.832191	0.548254
23.54	28.54	25.35	25.35	3.32	1.18	30.376236	31.071152	30.827616	0.548289
23.55	28.54	25.34	25.34	3.32	1.18	30.370547	31.067725	30.823041	0.548324
23.55	28.54	25.33	25.33	3.32	1.18	30.364858	31.064299	30.818466	0.548359
23.55	28.54	25.32	25.32	3.32	1.18	30.359169	31.060872	30.813891	0.548394
23.56	28.54	25.31	25.31	3.32	1.18	30.353481	31.057445	30.809316	0.548429
23.56	28.54	25.31	25.31	3.32	1.19	30.347792	31.054018	30.804742	0.548464
23.56	28.54	25.30	25.30	3.32	1.19	30.342103	31.050591	30.800167	0.548498
23.56	28.54	25.29	25.29	3.32	1.19	30.336415	31.047164	30.795592	0.548533
23.57	28.54	25.28	25.28	3.32	1.19	30.330727	31.043737	30.791018	0.548567
23.57	28.54	25.27	25.27	3.32	1.19	30.325039	31.040309	30.786443	0.548602
23.57	28.54	25.27	25.27	3.32	1.19	30.319351	31.036882	30.781869	0.548636
23.57	28.54	25.26	25.26	3.32	1.19	30.313663	31.033455	30.777294	0.548670
23.58	28.54	25.25	25.25	3.32	1.19	30.307975	31.030027	30.772720	0.548704
23.58	28.54	25.24	25.24	3.32	1.19	30.302287	31.026600	30.768145	0.548738
23.58	28.54	25.23	25.23	3.32	1.19	30.296600	31.023172	30.763571	0.548772
23.59	28.54	25.23	25.23	3.32	1.20	30.290912	31.019745	30.758997	0.548806
23.59	28.54	25.22	25.22	3.32	1.20	30.285225	31.016317	30.754422	0.548839
23.59	28.54	25.21	25.21	3.32	1.20	30.279538	31.012889	30.749848	0.548873
23.59	28.54	25.20	25.20	3.32	1.20	30.273851	31.009461	30.745274	0.548906
23.60	28.54	25.19	25.19	3.32	1.20	30.268164	31.006034	30.740700	0.548940
23.60	28.54	25.19	25.19	3.32	1.20	30.262478	31.002606	30.736126	0.548973
23.60	28.54	25.18	25.18	3.32	1.20	30.256791	30.999178	30.731552	0.549006
23.61	28.54	25.17	25.17	3.32	1.20	30.251105	30.995750	30.726978	0.549039
23.61	28.54	25.16	25.16	3.32	1.20	30.245418	30.992322	30.722404	0.549072
23.61	28.54	25.15	25.15	3.32	1.20	30.239732	30.988893	30.717830	0.549105
23.61	28.54	25.15	25.15	3.32	1.21	30.234046	30.985465	30.713256	0.549138
23.62	28.54	25.14	25.14	3.32	1.21	30.228361	30.982037	30.708682	0.549171
23.62	28.54	25.13	25.13	3.32	1.21	30.222675	30.978609	30.704109	0.549204
23.62	28.54	25.12	25.12	3.32	1.21	30.216989	30.975180	30.699535	0.549236
23.62	28.54	25.11	25.11	3.32	1.21	30.211304	30.971752	30.694961	0.549269
23.63	28.54	25.11	25.11	3.32	1.21	30.205619	30.968323	30.690388	0.549301
23.63	28.54	25.10	25.10	3.32	1.21	30.199934	30.964895	30.685814	0.549334
23.63	28.54	25.09	25.09	3.32	1.21	30.194249	30.961466	30.681241	0.549366
23.64	28.54	25.08	25.08	3.32	1.21	30.188564	30.958037	30.676667	0.549398
23.64	28.54	25.07	25.07	3.32	1.21	30.182880	30.954609	30.672094	0.549430
23.64	28.54	25.07	25.07	3.32	1.22	30.177195	30.951180	30.667521	0.549462
23.64	28.54	25.06	25.06	3.32	1.22	30.171511	30.947751	30.662948	0.549494
23.65	28.54	25.05	25.05	3.32	1.22	30.165827	30.944322	30.658374	0.549526
23.65	28.54	25.04	25.04	3.32	1.22	30.160143	30.940893	30.653801	0.549558
23.65	28.54	25.03	25.03	3.32	1.22	30.154459	30.937464	30.649228	0.549589
23.66	28.54	25.03	25.03	3.32	1.22	30.148775	30.934035	30.644655	0.549621
23.66	28.54	25.02	25.02	3.32	1.22	30.143092	30.930606	30.640082	0.549653
23.66	28.54	25.01	25.01	3.32	1.22	30.137409	30.927177	30.635509	0.549684
23.66	28.54	25.00	25.00	3.32	1.22	30.131725	30.923747	30.630937	0.549715
23.67	28.54	24.99	24.99	3.32	1.22	30.126042	30.920318	30.626364	0.549747
23.67	28.54	24.99	24.99	3.32	1.22	30.120360	30.916889	30.621791	0.549778
23.67	28.54	24.98	24.98	3.32	1.23	30.114677	30.913459	30.617218	0.549809
23.68	28.54	24.97	24.97	3.31	1.23	30.108995	30.910030	30.612646	0.549840
23.68	28.54	24.96	24.96	3.31	1.23	30.103312	30.906600	30.608073	0.549871
23.68	28.54	24.95	24.95	3.31	1.23	30.097630	30.903171	30.603501	0.549902
23.68	28.54	24.95	24.95	3.31	1.23	30.091948	30.899741	30.598928	0.549933
23.69	28.54	24.94	24.94	3.31	1.23	30.086266	30.896311	30.594356	0.549963
23.69	28.54	24.93	24.93	3.31	1.23	30.080585	30.892881	30.589784	0.549994
23.69	28.54	24.92	24.92	3.31	1.23	30.074903	30.889452	30.585212	0.550025
23.69	28.54	24.91	24.91	3.31	1.23	30.069222	30.886022	30.580639	0.550055
23.70	28.54	24.91	24.91	3.31	1.23	30.063541	30.882592	30.576067	0.550085
23.70	28.54	24.90	24.90	3.31	1.23	30.057860	30.879162	30.571495	0.550116
23.70	28.54	24.89	24.89	3.31	1.24	30.052180	30.875732	30.566923	0.550146
23.71	28.54	24.88	24.88	3.31	1.24	30.046499	30.872302	30.562352	0.550176
23.71	28.54	24.87	24.87	3.31	1.24	30.040819	30.868872	30.557780	0.550206
23.71	28.54	24.87	24.87	3.31	1.24	30.035139	30.865441	30.553208	0.550236
23.71	28.54	24.86	24.86	3.31	1.24	30.029459	30.862011	30.548636	0.550266
23.72	28.54	24.85	24.85	3.31	1.24	30.023779	30.858581	30.544065	0.550296
23.72	28.54	24.84	24.84	3.31	1.24	30.018099	30.855150	30.539493	0.550326
23.72	28.54	24.83	24.83	3.31	1.24	30.012420	30.851720	30.534922	0.550356
23.73	28.54	24.83	24.83	3.31	1.24	30.006741	30.848290	30.530351	0.550385
23.73	28.54	24.82	24.82	3.31	1.24	30.001062	30.844859	30.525779	0.550415
23.73	28.54	24.81	24.81	3.31	1.24	29.995383	30.841429	30.521208	0.550445
23.73	28.54	24.80	24.80	3.31	1.25	29.989704	30.837998	30.516637	0.550474
23.74	28.54	24.80	24.80	3.31	1.25	29.984026	30.834567	30.512066	0.550503
23.74	28.54	24.79	24.79	3.31	1.25	29.978348	30.831137	30.507495	0.550533
23.74	28.54	24.78	24.78	3.31	1.25	29.972670	30.827706	30.502924	0.550562
23.74	28.54	24.77	24.77	3.31	1.25	29.966992	30.824275	30.498353	0.550591
23.75	28.54	24.76	24.76	3.31	1.25	29.961314	30.820844	30.493782	0.550620
23.75	28.54	24.76	24.76	3.31	1.25	29.955637	30.817413	30.489212	0.550649
23.75	28.54	24.75	24.75	3.31	1.25	29.949960	30.813982	30.484641	0.550678
23.76	28.54	24.74	24.74	3.31	1.25	29.944283	30.810551	30.480070	0.550707
23.76	28.54	24.73	24.73	3.31	1.25	29.938606	30.807120	30.475500	0.550736
23.76	28.54	24.72	24.72	3.31	1.25	29.932929	30.803689	30.470930	0.550765
23.76	28.54	24.72	24.72	3.31	1.26	29.927253	30.800258	30.466359	0.550793
23.77	28.54	24.71	24.71	3.31	1.26	29.921577	30.796827	30.461789	0.550822
23.77	28.54	24.70	24.70	3.31	1.26	29.915901	30.793395	30.457219	0.550851
23.77	28.54	24.69	24.69	3.31	1.26	29.910225	30.789964	30.452649	0.550879
23.77	28.54	24.68	24.68	3.31	1.26	29.904550	30.786533	30.448079	0.550907
23.78	28.54	24.68	24.68	3.31	1.26	29.898874	30.783101	30.443509	0.550936
23.78	28.54	24.67	24.67	3.31	1.26	29.893199	30.779670	30.438939	0.550964
23.78	28.54	24.66	24.66	3.31	1.26	29.887525	30.776238	30.434370	0.550992
23.79	28.54	24.65	24.65	3.31	1.26	29.881850	30.772807	30.429800	0.551020
23.79	28.54	24.64	24.64	3.31	1.26	29.876175	30.769375	30.425230	0.551048
23.79	28.54	24.64	24.64	3.31	1.26	29.870501	30.765944	30.420661	0.551076
23.79	28.54	24.63	24.63	3.31	1.27	29.864827	30.762512	30.416092	0.551104
23.80	28.54	24.62	24.62	3.31	1.27	29.859153	30.759080	30.411522	0.551132
23.80	28.54	24.61	24.61	3.31	1.27	29.853480	30.755648	30.406953	0.551160
23.80	28.54	24.61	24.61	3.31	1.27	29.847807	30.752217	30.402384	0.551188
23.81	28.54	24.60	24.60	3.31	1.27	29.842134	30.748785	30.397815	0.551216
23.81	28.54	24.59	24.59	3.31	1.27	29.836461	30.745353	30.393246	0.551243
23.81	28.54	24.58	24.58	3.31	1.27	29.830788	30.741921	30.388677	0.551271
23.81	28.54	24.57	24.57	3.31	1.27	29.825116	30.738489	30.384109	0.551298
23.82	28.54	24.57	24.57	3.31	1.27	29.819444	30.735057	30.379540	0.551326
23.82	28.54	24.56	24.56	3.31	1.27	29.813772	30.731625	30.374971	0.551353
23.82	28.54	24.55	24.55	3.31	1.27	29.808100	30.728193	30.370403	0.551380
23.82	28.54	24.54	24.54	3.31	1.27	29.802428	30.724761	30.365835	0.551408
23.83	28.54	24.53	24.53	3.31	1.28	29.796757	30.721328	30.361266	0.551435
23.83	28.54	24.53	24.53	3.31	1.28	29.791086	30.717896	30.356698	0.551462
23.83	28.54	24.52	24.52	3.31	1.28	29.785416	30.714464	30.352130	0.551489
23.84	28.54	24.51	24.51	3.31	1.28	29.779745	30.711032	30.347562	0.551516
23.84	28.54	24.50	24.50	3.31	1.28	29.774075	30.707599	30.342994	0.551543
23.84	28.54	24.49	24.49	3.31	1.28	29.768405	30.704167	30.338427	0.551570
23.84	28.54	24.49	24.49	3.31	1.28	29.762735	30.700734	30.333859	0.551597
23.85	28.54	24.48	24.48	3.31	1.28	29.757065	30.697302	30.329291	0.551623
23.85	28.54	24.47	24.47	3.31	1.28	29.751396	30.693869	30.324724	0.551650
23.85	28.54	24.46	24.46	3.31	1.28	29.745727	30.690437	30.320157	0.551677
23.86	28.54	24.46	24.46	3.31	1.28	29.740058	30.687004	30.315589	0.551703
23.86	28.54	24.45	24.45	3.31	1.28	29.734390	30.683571	30.311022	0.551730
23.86	28.54	24.44	24.44	3.30	1.29	29.728722	30.680139	30.306455	0.551756
23.86	28.54	24.43	24.43	3.30	1.29	29.723054	30.676706	30.301888	0.551783
23.87	28.54	24.42	24.42	3.30	1.29	29.717386	30.673273	30.297321	0.551809
23.87	28.54	24.42	24.42	3.30	1.29	29.711718	30.669841	30.292755	0.551835
23.87	28.54	24.41	24.41	3.30	1.29	29.706051	30.666408	30.288188	0.551861
23.88	28.54	24.40	24.40	3.30	1.29	29.700384	30.662975	30.283621	0.551888
23.88	28.54	24.39	24.39	3.30	1.29	29.694717	30.659542	30.279055	0.551914
23.88	28.54	24.38	24.38	3.30	1.29	29.689051	30.656109	30.274489	0.551940
23.88	28.54	24.38	24.38	3.30	1.29	29.683385	30.652676	30.269923	0.551966
23.89	28.54	24.37	24.37	3.30	1.29	29.677719	30.649243	30.265357	0.551992
23.89	28.54	24.36	24.36	3.30	1.29	29.672053	30.645810	30.260791	0.552017
23.89	28.54	24.35	24.35	3.30	1.29	29.666387	30.642377	30.256225	0.552043
23.89	28.54	24.34	24.34	3.30	1.29	29.660722	30.638944	30.251659	0.552069
23.90	28.54	24.34	24.34	3.30	1.30	29.655057	30.635511	30.247093	0.552095
23.90	28.54	24.33	24.33	3.30	1.30	29.649393	30.632078	30.242528	0.552120
23.90	28.54	24.32	24.32	3.30	1.30	29.643728	30.628644	30.237962	0.552146
23.91	28.54	24.31	24.31	3.30	1.30	29.638064	30.625211	30.233397	0.552172
23.91	28.54	24.31	24.31	3.30	1.30	29.632401	30.621778	30.228832	0.552197
23.91	28.54	24.30	24.30	3.30	1.30	29.626737	30.618344	30.224267	0.552222
23.91	28.54	24.29	24.29	3.30	1.30	29.621074	30.614911	30.219702	0.552248
23.92	28.54	24.28	24.28	3.30	1.30	29.615411	30.611478	30.215137	0.552273
23.92	28.54	24.27	24.27	3.30	1.30	29.609748	30.608044	30.210573	0.552298
23.92	28.54	24.27	24.27	3.30	1.30	29.604086	30.604611	30.206008	0.552324
23.93	28.54	24.26	24.26	3.30	1.30	29.598424	30.601177	30.201444	0.552349
23.93	28.54	24.25	24.25	3.30	1.30	29.592762	30.597744	30.196879	0.552374
23.93	28.54	24.24	24.24	3.30	1.31	29.587100	30.594310	30.192315	0.552399
23.93	28.54	24.23	24.23	3.30	1.31	29.581439	30.590877	30.187751	0.552424
23.94	28.54	24.23	24.23	3.30	1.31	29.575778	30.587443	30.183187	0.552449
23.94	28.54	24.22	24.22	3.30	1.31	29.570117	30.584010	30.178623	0.552474
23.94	28.54	24.21	24.21	3.30	1.31	29.564457	30.580576	30.174059	0.552498
23.94	28.54	24.20	24.20	3.30	1.31	29.558797	30.577142	30.169496	0.552523
23.95	28.54	24.20	24.20	3.30	1.31	29.553137	30.573709	30.164932	0.552548
23.95	28.54	24.19	24.19	3.30	1.31	29.547477	30.570275	30.160369	0.552573
23.95	28.54	24.18	24.18	3.30	1.31	29.541818	30.566841	30.155806	0.552597
23.96	28.54	24.17	24.17	3.30	1.31	29.536159	30.563407	30.151243	0.552622
23.96	28.54	24.16	24.16	3.30	1.31	29.530500	30.559974	30.146680	0.552646
23.96	28.54	24.16	24.16	3.30	1.31	29.524842	30.556540	30.142117	0.552671
23.96	28.54	24.15	24.15	3.30	1.31	29.519184	30.553106	30.137554	0.552695
23.97	28.54	24.14	24.14	3.30	1.32	29.513526	30.549672	30.132992	0.552720
23.97	28.54	24.13	24.13	3.30	1.32	29.507869	30.546238	30.128429	0.552744
23.97	28.54	24.13	24.13	3.30	1.32	29.502212	30.542804	30.123867	0.552768
23.98	28.54	24.12	24.12	3.30	1.32	29.496555	30.539370	30.119305	0.552792
23.98	28.54	24.11	24.11	3.30	1.32	29.490898	30.535936	30.114743	0.552817
23.98	28.54	24.10	24.10	3.30	1.32	29.485242	30.532502	30.110181	0.552841
23.98	28.54	24.09	24.09	3.30	1.32	29.479586	30.529068	30.105619	0.552865
23.99	28.54	24.09	24.09	3.30	1.32	29.473930	30.525634	30.101058	0.552889
23.99	28.54	24.08	24.08	3.30	1.32	29.468275	30.522200	30.096496	0.552913
23.99	28.54	24.07	24.07	3.30	1.32	29.462620	30.518766	30.091935	0.552937
23.99	28.54	24.06	24.06	3.30	1.32	29.456965	30.515332	30.087374	0.552960
24.00	28.54	24.06	24.06	3.30	1.32	29.451311	30.511898	30.082813	0.552984
24.00	28.54	24.05	24.05	3.30	1.32	29.445657	30.508464	30.078252	0.553008
